timestampNs,users,fRecv_Move_p50,fRecv_Move_p95,fRecv_Move_p99,fRecv_Move_cnt,fRecv_RTT_p50,fRecv_RTT_p95,fRecv_RTT_p99,fRecv_RTT_cnt,fRecv_Swing_p50,fRecv_Swing_p95,fRecv_Swing_p99,fRecv_Swing_cnt,fRecv_Skill_p50,fRecv_Skill_p95,fRecv_Skill_p99,fRecv_Skill_cnt,fRecv_Pickup_p50,fRecv_Pickup_p95,fRecv_Pickup_p99,fRecv_Pickup_cnt,fRecv_UseItem_p50,fRecv_UseItem_p95,fRecv_UseItem_p99,fRecv_UseItem_cnt,fRecv_DelItem_p50,fRecv_DelItem_p95,fRecv_DelItem_p99,fRecv_DelItem_cnt,fRecv_Swap_p50,fRecv_Swap_p95,fRecv_Swap_p99,fRecv_Swap_cnt,fRecv_Respawn_p50,fRecv_Respawn_p95,fRecv_Respawn_p99,fRecv_Respawn_cnt,fRecv_Lock_p50,fRecv_Lock_p95,fRecv_Lock_p99,fRecv_Lock_cnt,fUpd_Whole_p50,fUpd_Whole_p95,fUpd_Whole_p99,fUpd_Whole_cnt,fUpd_User_p50,fUpd_User_p95,fUpd_User_p99,fUpd_User_cnt,fUpd_Monster_p50,fUpd_Monster_p95,fUpd_Monster_p99,fUpd_Monster_cnt,fUpd_Drop_p50,fUpd_Drop_p95,fUpd_Drop_p99,fUpd_Drop_cnt,fUpd_Lock_p50,fUpd_Lock_p95,fUpd_Lock_p99,fUpd_Lock_cnt,bc_CreateChar_p50,bc_CreateChar_p95,bc_CreateChar_p99,bc_CreateChar_cnt,bc_DelChar_p50,bc_DelChar_p95,bc_DelChar_p99,bc_DelChar_cnt,bc_MoveInput_p50,bc_MoveInput_p95,bc_MoveInput_p99,bc_MoveInput_cnt,bc_Swing_p50,bc_Swing_p95,bc_Swing_p99,bc_Swing_cnt,bc_HitResult_p50,bc_HitResult_p95,bc_HitResult_p99,bc_HitResult_cnt,bc_Skill_p50,bc_Skill_p95,bc_Skill_p99,bc_Skill_cnt,bc_CreateMon_p50,bc_CreateMon_p95,bc_CreateMon_p99,bc_CreateMon_cnt,bc_DelMon_p50,bc_DelMon_p95,bc_DelMon_p99,bc_DelMon_cnt,bc_MoveMon_p50,bc_MoveMon_p95,bc_MoveMon_p99,bc_MoveMon_cnt,bc_StopMon_p50,bc_StopMon_p95,bc_StopMon_p99,bc_StopMon_cnt,bc_MonHitPlayer_p50,bc_MonHitPlayer_p95,bc_MonHitPlayer_p99,bc_MonHitPlayer_cnt,bc_CreateDrop_p50,bc_CreateDrop_p95,bc_CreateDrop_p99,bc_CreateDrop_cnt,bc_DelDrop_p50,bc_DelDrop_p95,bc_DelDrop_p99,bc_DelDrop_cnt,bc_Respawn_p50,bc_Respawn_p95,bc_Respawn_p99,bc_Respawn_cnt,aRecv_Login_p50,aRecv_Login_p95,aRecv_Login_p99,aRecv_Login_cnt,aRecv_CharSelect_p50,aRecv_CharSelect_p95,aRecv_CharSelect_p99,aRecv_CharSelect_cnt,aRecv_Lock_p50,aRecv_Lock_p95,aRecv_Lock_p99,aRecv_Lock_cnt,aUpd_Lock_p50,aUpd_Lock_p95,aUpd_Lock_p99,aUpd_Lock_cnt,aUpd_Whole_p50,aUpd_Whole_p95,aUpd_Whole_p99,aUpd_Whole_cnt,cpuTotal,cpuUser,cpuKernel,db_CharSelect,db_InsertItem,db_DelItem,db_ItemCount,db_ItemSlot,db_CharProgress,db_LogOut,db_CharSelect_q_p50,db_CharSelect_q_p95,db_CharSelect_q_p99,db_CharSelect_q_p999,db_CharSelect_q_max,db_CharSelect_q_cnt,db_InsertItem_q_p50,db_InsertItem_q_p95,db_InsertItem_q_p99,db_InsertItem_q_p999,db_InsertItem_q_max,db_InsertItem_q_cnt,db_DelItem_q_p50,db_DelItem_q_p95,db_DelItem_q_p99,db_DelItem_q_p999,db_DelItem_q_max,db_DelItem_q_cnt,db_ItemCount_q_p50,db_ItemCount_q_p95,db_ItemCount_q_p99,db_ItemCount_q_p999,db_ItemCount_q_max,db_ItemCount_q_cnt,db_ItemSlot_q_p50,db_ItemSlot_q_p95,db_ItemSlot_q_p99,db_ItemSlot_q_p999,db_ItemSlot_q_max,db_ItemSlot_q_cnt,db_CharProgress_q_p50,db_CharProgress_q_p95,db_CharProgress_q_p99,db_CharProgress_q_p999,db_CharProgress_q_max,db_CharProgress_q_cnt,db_LogOut_q_p50,db_LogOut_q_p95,db_LogOut_q_p99,db_LogOut_q_p999,db_LogOut_q_max,db_LogOut_q_cnt,dbp_Block_p50,dbp_Block_p95,dbp_Block_p99,dbp_Block_p999,dbp_Block_max,dbp_Block_cnt,dbp_Dequeue_p50,dbp_Dequeue_p95,dbp_Dequeue_p99,dbp_Dequeue_p999,dbp_Dequeue_max,dbp_Dequeue_cnt,dbp_Execute_p50,dbp_Execute_p95,dbp_Execute_p99,dbp_Execute_p999,dbp_Execute_max,dbp_Execute_cnt,dbp_Enqueue_p50,dbp_Enqueue_p95,dbp_Enqueue_p99,dbp_Enqueue_p999,dbp_Enqueue_max,dbp_Enqueue_cnt,dbp_DeleteJob_p50,dbp_DeleteJob_p95,dbp_DeleteJob_p99,dbp_DeleteJob_p999,dbp_DeleteJob_max,dbp_DeleteJob_cnt,dbQueue,storeQueue,sendIOTPS,recvIOTPS,tcpSeg,tcpRetx,fieldFrame,authFrame,syncCount
47764087788900,0,0,0,0,0,0,0,0,0,0,0,0,0,0,0,0,0,0,0,0,0,0,0,0,0,0,0,0,0,0,0,0,0,0,0,0,0,0,0,0,0,131072,262144,262144,41,256,512,512,41,131072,262144,262144,41,256,512,512,41,256,262144,524288,41,0,0,0,0,0,0,0,0,0,0,0,0,0,0,0,0,0,0,0,0,0,0,0,0,0,0,0,0,0,0,0,0,0,0,0,0,0,0,0,0,0,0,0,0,0,0,0,0,0,0,0,0,0,0,0,0,0,0,0,0,0,0,0,0,0,0,0,0,128,256,256,20,256,512,512,20,7.74,5.98,1.76,0,0,0,0,0,0,0,0,0,0,0,0,0,0,0,0,0,0,0,0,0,0,0,0,0,0,0,0,0,0,0,0,0,0,0,0,0,0,0,0,0,0,0,0,0,0,0,0,0,0,0,0,0,0,0,0,0,0,0,0,0,0,0,0,0,0,0,0,0,0,0,0,0,0,0,0,0,0,0,0,0,0,0,0,0,41,20,0
47765113727200,0,0,0,0,0,0,0,0,0,0,0,0,0,0,0,0,0,0,0,0,0,0,0,0,0,0,0,0,0,0,0,0,0,0,0,0,0,0,0,0,0,65536,131072,262144,41,256,512,512,41,65536,131072,262144,41,64,256,256,41,128,256,256,41,0,0,0,0,0,0,0,0,0,0,0,0,0,0,0,0,0,0,0,0,0,0,0,0,0,0,0,0,0,0,0,0,0,64,64,324,0,0,0,0,0,0,0,0,0,0,0,0,0,0,0,0,0,0,0,0,0,0,0,0,0,0,0,0,0,0,0,0,128,256,256,21,128,256,256,21,8.32,8.32,0.00,0,0,0,0,0,0,0,0,0,0,0,0,0,0,0,0,0,0,0,0,0,0,0,0,0,0,0,0,0,0,0,0,0,0,0,0,0,0,0,0,0,0,0,0,0,0,0,0,0,0,0,0,0,0,0,0,0,0,0,0,0,0,0,0,0,0,0,0,0,0,0,0,0,0,0,0,0,0,0,0,0,0,0,22,0,41,21,0
47766151058800,0,0,0,0,0,0,0,0,0,0,0,0,0,0,0,0,0,0,0,0,0,0,0,0,0,0,0,0,0,0,0,0,0,0,0,0,0,0,0,0,0,131072,262144,262144,41,256,256,256,41,131072,262144,262144,41,64,128,256,41,128,128,256,41,0,0,0,0,0,0,0,0,0,0,0,0,0,0,0,0,0,0,0,0,0,0,0,0,128,256,256,162,64,128,256,162,0,64,64,6156,0,0,0,0,0,0,0,0,0,0,0,0,0,0,0,0,0,0,0,0,0,0,0,0,0,0,0,0,0,0,0,0,128,128,128,20,128,256,256,20,8.30,8.30,0.00,0,0,0,0,0,0,0,0,0,0,0,0,0,0,0,0,0,0,0,0,0,0,0,0,0,0,0,0,0,0,0,0,0,0,0,0,0,0,0,0,0,0,0,0,0,0,0,0,0,0,0,0,0,0,0,0,0,0,0,0,0,0,0,0,0,0,0,0,0,0,0,0,0,0,0,0,0,0,0,0,0,0,0,0,0,41,20,0
47767190542700,0,0,0,0,0,0,0,0,0,0,0,0,0,0,0,0,0,0,0,0,0,0,0,0,0,0,0,0,0,0,0,0,0,0,0,0,0,0,0,0,0,262144,262144,262144,42,256,256,256,42,262144,262144,262144,42,64,128,128,42,128,128,128,42,0,0,0,0,0,0,0,0,0,0,0,0,0,0,0,0,0,0,0,0,0,0,0,0,128,256,256,519,64,128,256,519,0,64,64,5877,0,0,0,0,0,0,0,0,0,0,0,0,0,0,0,0,0,0,0,0,0,0,0,0,0,0,0,0,0,0,0,0,64,128,128,21,128,256,256,21,8.55,8.42,0.13,0,0,0,0,0,0,0,0,0,0,0,0,0,0,0,0,0,0,0,0,0,0,0,0,0,0,0,0,0,0,0,0,0,0,0,0,0,0,0,0,0,0,0,0,0,0,0,0,0,0,0,0,0,0,0,0,0,0,0,0,0,0,0,0,0,0,0,0,0,0,0,0,0,0,0,0,0,0,0,0,0,0,0,0,0,42,21,0
47768220507900,0,0,0,0,0,0,0,0,0,0,0,0,0,0,0,0,0,0,0,0,0,0,0,0,0,0,0,0,0,0,0,0,0,0,0,0,0,0,0,0,0,262144,262144,262144,41,256,256,512,41,262144,262144,262144,41,64,128,128,41,128,128,128,41,0,0,0,0,0,0,0,0,0,0,0,0,0,0,0,0,0,0,0,0,0,0,0,0,64,128,256,807,64,64,128,807,0,64,64,5742,0,0,0,0,0,0,0,0,0,0,0,0,0,0,0,0,0,0,0,0,0,0,0,0,0,0,0,0,0,0,0,0,128,128,128,21,64,256,256,21,8.30,8.30,0.00,0,0,0,0,0,0,0,0,0,0,0,0,0,0,0,0,0,0,0,0,0,0,0,0,0,0,0,0,0,0,0,0,0,0,0,0,0,0,0,0,0,0,0,0,0,0,0,0,0,0,0,0,0,0,0,0,0,0,0,0,0,0,0,0,0,0,0,0,0,0,0,0,0,0,0,0,0,0,0,0,0,0,0,0,0,41,21,0
47769256598000,0,0,0,0,0,0,0,0,0,0,0,0,0,0,0,0,0,0,0,0,0,0,0,0,0,0,0,0,0,0,0,0,0,0,0,0,0,0,0,0,0,262144,262144,262144,41,256,256,256,41,262144,262144,262144,41,64,128,128,41,128,128,256,41,0,0,0,0,0,0,0,0,0,0,0,0,0,0,0,0,0,0,0,0,0,0,0,0,64,128,256,1110,64,64,512,1110,0,64,64,4698,0,0,0,0,0,0,0,0,0,0,0,0,0,0,0,0,0,0,0,0,0,0,0,0,0,0,0,0,0,0,0,0,64,128,128,20,128,256,256,20,8.30,8.30,0.00,0,0,0,0,0,0,0,0,0,0,0,0,0,0,0,0,0,0,0,0,0,0,0,0,0,0,0,0,0,0,0,0,0,0,0,0,0,0,0,0,0,0,0,0,0,0,0,0,0,0,0,0,0,0,0,0,0,0,0,0,0,0,0,0,0,0,0,0,0,0,0,0,0,0,0,0,0,0,0,0,0,0,0,10,0,41,20,0
47770292356000,39,0,0,0,0,0,0,0,0,0,0,0,0,0,0,0,0,0,0,0,0,0,0,0,0,256,1024,1024,7,0,0,0,0,0,0,0,0,64,64,64,7,262144,262144,262144,42,256,256,1024,42,262144,262144,262144,42,64,128,128,42,128,128,128,42,0,256,256,351,0,0,0,0,0,0,0,0,0,0,0,0,0,0,0,0,0,0,0,0,64,128,256,1014,64,128,256,1014,64,128,256,171,0,0,0,0,0,0,0,0,0,0,0,0,0,0,0,0,0,0,0,0,1024,524288,524288,80,1024,65536,131072,55,64,524288,524288,135,64,128,128,21,128,256,131072,21,8.54,8.42,0.13,55,0,0,0,0,0,0,131072,262144,262144,262144,524288,55,0,0,0,0,0,0,0,0,0,0,0,0,0,0,0,0,0,0,0,0,0,0,0,0,0,0,0,0,0,0,0,0,0,0,0,0,0,0,0,0,0,0,0,0,0,0,0,0,0,0,0,0,0,0,0,0,0,0,0,0,0,0,0,0,0,0,0,0,7,142,509,0,42,21,0
47771326422800,100,2048,4096,16384,720,512,1024,1024,99,4096,8192,8192,94,0,0,0,0,0,0,0,0,4096,65536,65536,25,512,1024,1024,94,2048,2048,2048,16,0,0,0,0,64,32768,262144,1085,262144,262144,262144,41,16384,32768,32768,41,262144,262144,262144,41,64,128,128,41,128,128,256,41,64,256,256,666,64,512,512,117,128,256,512,6480,64,256,256,846,64,128,256,45,64,256,512,333,128,256,512,627,64,256,256,627,64,256,512,1341,64,256,256,54,0,512,512,9,0,0,0,0,0,0,0,0,0,0,0,0,1024,2048,2048,20,1024,2048,2048,45,64,128,1024,65,128,128,128,21,64,131072,262144,21,8.57,8.32,0.25,45,0,0,25,0,0,0,131072,262144,262144,262144,262144,45,0,0,0,0,0,0,0,0,0,0,0,0,131072,262144,262144,262144,262144,25,0,0,0,0,0,0,0,0,0,0,0,0,0,0,0,0,0,0,0,0,0,0,0,0,0,0,0,0,0,0,0,0,0,0,0,0,0,0,0,0,0,0,0,0,0,0,0,0,0,0,1464,1136,2385,0,41,21,0
47772363845300,200,2048,4096,16384,1305,512,1024,1024,193,4096,8192,8192,156,0,0,0,0,0,0,0,0,2048,4096,65536,44,512,1024,1024,199,2048,2048,2048,34,0,0,0,0,64,16384,65536,1990,262144,262144,262144,42,32768,65536,65536,42,262144,262144,262144,42,64,128,128,42,128,128,256,42,64,256,256,1130,128,512,512,230,128,256,512,11745,64,256,512,1404,64,128,128,18,64,256,256,531,128,512,1024,426,64,256,512,426,64,256,256,3663,64,256,512,153,64,256,256,27,0,0,0,0,0,0,0,0,0,0,0,0,1024,2048,4096,100,1024,2048,2048,100,64,128,1024,200,128,128,128,21,64,262144,262144,21,8.66,8.41,0.25,100,0,0,44,0,0,0,131072,262144,262144,262144,524288,100,0,0,0,0,0,0,0,0,0,0,0,0,131072,262144,262144,262144,262144,44,0,0,0,0,0,0,0,0,0,0,0,0,0,0,0,0,0,0,0,0,0,0,0,0,0,0,0,0,0,0,0,0,0,0,0,0,0,0,0,0,0,0,0,0,0,0,0,0,0,0,2656,2177,4409,0,42,21,0
47773398559400,300,2048,4096,16384,1954,512,512,1024,262,4096,4096,8192,221,0,0,0,0,0,0,0,0,2048,4096,8192,59,512,1024,1024,300,1024,2048,2048,33,0,0,0,0,64,32768,131072,2918,262144,262144,262144,41,65536,65536,131072,41,262144,262144,262144,41,64,128,256,41,128,128,128,41,64,256,512,1212,128,512,512,312,128,256,512,17586,128,256,512,1989,64,128,128,18,64,256,512,801,128,512,1024,393,64,256,512,393,0,128,256,7821,64,256,256,180,128,256,256,18,0,0,0,0,0,0,0,0,0,0,0,0,1024,2048,2048,100,1024,1024,1024,100,64,128,1024,200,64,128,128,20,64,262144,262144,20,9.68,8.55,1.13,100,0,0,59,0,0,0,131072,262144,262144,262144,262144,100,0,0,0,0,0,0,0,0,0,0,0,0,131072,262144,262144,262144,262144,59,0,0,0,0,0,0,0,0,0,0,0,0,0,0,0,0,0,0,0,0,0,0,0,0,0,0,0,0,0,0,0,0,0,0,0,0,0,0,0,0,0,0,0,0,0,0,0,0,0,0,3949,3093,5864,0,41,20,0
47774433152800,400,2048,4096,16384,2500,512,1024,1024,341,4096,4096,8192,280,4096,8192,8192,13,0,0,0,0,2048,4096,4096,106,512,1024,1024,375,1024,2048,2048,80,0,0,0,0,64,32768,131072,3791,262144,524288,524288,41,65536,131072,131072,41,262144,262144,262144,41,64,128,128,41,128,128,256,41,64,256,256,1268,128,512,1024,368,128,512,512,22500,128,256,512,2520,64,128,128,18,128,256,512,981,128,512,512,768,64,256,512,768,0,256,256,7281,64,256,256,180,128,256,256,27,0,0,0,0,0,0,0,0,0,0,0,0,1024,2048,2048,100,1024,1024,2048,100,64,128,1024,200,64,128,128,21,64,131072,262144,21,9.19,8.69,0.50,100,0,0,106,0,0,0,131072,262144,262144,262144,262144,100,0,0,0,0,0,0,0,0,0,0,0,0,131072,131072,131072,131072,262144,106,0,0,0,0,0,0,0,0,0,0,0,0,0,0,0,0,0,0,0,0,0,0,0,0,0,0,0,0,0,0,0,0,0,0,0,0,0,0,0,0,0,0,0,0,0,0,0,0,0,0,5131,3946,7440,0,41,21,0
47775468557700,500,2048,4096,16384,3135,512,512,1024,441,4096,4096,8192,366,4096,8192,8192,54,0,0,0,0,2048,4096,4096,98,512,1024,1024,420,2048,2048,2048,91,0,0,0,0,64,65536,262144,4680,262144,524288,524288,42,65536,131072,131072,42,262144,262144,262144,42,64,128,128,42,128,128,8192,42,64,256,512,1515,128,512,1024,615,128,512,512,28215,64,256,512,3294,64,256,256,171,64,512,512,1161,128,512,1024,1071,64,256,256,1071,0,256,256,7515,128,256,512,234,64,128,128,30,0,0,0,0,0,0,0,0,0,0,0,0,1024,2048,2048,100,1024,1024,2048,100,64,128,1024,200,64,128,128,21,128,131072,262144,21,8.92,8.29,0.63,100,0,0,98,0,0,0,131072,262144,262144,262144,262144,100,0,0,0,0,0,0,0,0,0,0,0,0,131072,131072,262144,262144,8388608,97,0,0,0,0,0,0,0,0,0,0,0,0,0,0,0,0,0,0,0,0,0,0,0,0,0,0,0,0,0,0,0,0,0,0,0,0,0,0,0,0,0,0,0,0,0,0,0,0,1,0,6255,4823,8563,0,42,21,0
47776505852900,590,2048,4096,16384,3805,512,512,1024,522,4096,4096,8192,420,4096,8192,16384,70,0,0,0,0,2048,4096,4096,125,512,1024,1024,393,1024,2048,2048,82,0,0,0,0,64,65536,131072,5483,262144,524288,524288,41,131072,131072,131072,41,262144,262144,262144,41,64,128,128,41,64,128,128,41,64,256,512,1524,128,512,512,714,128,512,512,34245,64,256,512,3780,64,256,256,264,64,256,512,1224,128,512,1024,1245,64,256,512,1245,64,256,512,6021,64,256,256,342,64,256,256,54,0,0,0,0,0,0,0,0,0,0,0,0,1024,2048,2048,100,1024,1024,2048,100,64,128,1024,200,64,128,128,20,64,262144,262144,20,8.92,8.29,0.63,100,0,0,125,0,0,0,262144,262144,262144,262144,262144,100,0,0,0,0,0,0,0,0,0,0,0,0,131072,131072,262144,262144,4194304,126,0,0,0,0,0,0,0,0,0,0,0,0,0,0,0,0,0,0,0,0,0,0,0,0,0,0,0,0,0,0,0,0,0,0,0,0,0,0,0,0,0,0,0,0,0,0,0,0,0,0,7521,5631,9900,0,41,20,0
47777539118900,605,2048,4096,16384,4342,512,1024,1024,611,4096,4096,8192,516,4096,8192,8192,82,0,0,0,0,2048,4096,4096,121,512,1024,1024,400,1024,2048,2048,76,0,0,0,0,64,65536,131072,6252,262144,524288,524288,42,131072,131072,131072,42,262144,262144,262144,42,64,256,256,42,128,128,256,42,64,256,512,891,128,512,512,756,128,512,512,39078,64,256,512,4644,64,256,512,297,128,256,512,1674,128,512,1024,912,64,256,512,912,64,256,512,5508,64,256,512,711,64,256,512,126,0,0,0,0,0,0,0,0,0,0,0,0,1024,2048,2048,41,1024,1024,1024,21,64,64,128,62,64,128,128,21,64,128,65536,21,10.71,9.33,1.39,21,0,0,121,0,0,0,262144,262144,262144,262144,262144,21,0,0,0,0,0,0,0,0,0,0,0,0,131072,131072,262144,262144,262144,121,0,0,0,0,0,0,0,0,0,0,0,0,0,0,0,0,0,0,0,0,0,0,0,0,0,0,0,0,0,0,0,0,0,0,0,0,0,0,0,0,0,0,0,0,0,0,0,0,0,0,8581,6260,10555,0,42,21,0
47778576485500,700,2048,4096,16384,5008,512,512,1024,693,4096,4096,8192,595,4096,8192,8192,108,0,0,0,0,2048,4096,4096,153,512,1024,1024,641,1024,2048,2048,100,0,0,0,0,64,65536,131072,7383,262144,524288,524288,41,131072,131072,131072,41,262144,262144,262144,41,64,128,128,41,64,128,128,41,64,256,512,1665,128,512,512,810,128,256,512,45072,64,256,512,5355,64,256,256,345,64,256,512,1737,128,512,1024,663,64,256,512,663,64,256,512,10404,64,256,256,900,64,256,256,144,0,0,0,0,0,0,0,0,0,0,0,0,1024,2048,2048,59,1024,1024,2048,79,64,128,2048,138,64,128,128,21,64,131072,131072,21,10.40,8.90,1.50,79,0,0,153,0,0,0,131072,262144,262144,262144,262144,79,0,0,0,0,0,0,0,0,0,0,0,0,131072,131072,131072,262144,262144,152,0,0,0,0,0,0,0,0,0,0,0,0,0,0,0,0,0,0,0,0,0,0,0,0,0,0,0,0,0,0,0,0,0,0,0,0,0,0,0,0,0,0,0,0,0,0,0,0,0,0,10086,7419,13523,0,41,21,0
47779611203600,800,2048,4096,16384,5361,512,512,1024,771,4096,4096,8192,584,4096,8192,8192,137,0,0,0,0,2048,4096,4096,166,512,1024,1024,745,1024,2048,2048,112,0,0,0,0,64,65536,262144,7957,524288,524288,524288,42,131072,262144,262144,42,262144,262144,524288,42,64,128,128,42,64,128,32768,42,64,256,512,1833,128,512,512,933,128,512,512,48249,64,256,512,5256,64,256,256,594,128,256,512,1962,256,512,1024,510,64,256,512,510,64,256,512,13824,64,256,256,1404,64,256,256,171,0,0,0,0,0,0,0,0,0,0,0,0,1024,2048,2048,100,1024,1024,2048,100,64,64,2048,200,64,128,128,21,64,131072,131072,21,10.21,8.95,1.26,100,0,0,166,0,0,0,131072,262144,262144,262144,524288,100,0,0,0,0,0,0,0,0,0,0,0,0,131072,131072,131072,131072,131072,167,0,0,0,0,0,0,0,0,0,0,0,0,0,0,0,0,0,0,0,0,0,0,0,0,0,0,0,0,0,0,0,0,0,0,0,0,0,0,0,0,0,0,0,0,0,0,0,0,0,0,10578,8040,14235,0,42,21,0
47780646990500,900,2048,4096,16384,5212,512,1024,1024,829,4096,4096,8192,657,4096,8192,8192,148,0,0,0,0,2048,4096,4096,188,512,1024,1024,785,1024,2048,2048,119,0,0,0,0,64,32768,131072,8029,524288,524288,524288,41,131072,262144,262144,41,262144,262144,262144,41,64,256,256,41,128,128,256,41,64,256,512,1964,128,512,512,1064,128,512,512,46914,64,256,512,5913,64,256,256,774,128,512,512,2142,256,512,1024,543,64,512,512,543,64,256,512,13977,64,256,512,1809,64,256,512,258,0,0,0,0,0,0,0,0,0,0,0,0,1024,2048,2048,100,1024,1024,2048,100,64,64,128,200,64,128,128,20,64,131072,131072,20,10.57,9.43,1.13,100,0,0,188,0,0,0,131072,262144,262144,262144,262144,100,0,0,0,0,0,0,0,0,0,0,0,0,131072,131072,262144,262144,262144,187,0,0,0,0,0,0,0,0,0,0,0,0,0,0,0,0,0,0,0,0,0,0,0,0,0,0,0,0,0,0,0,0,0,0,0,0,0,0,0,0,0,0,0,0,0,0,0,0,0,0,11410,8048,14954,0,41,20,0
47781684644400,1000,2048,4096,16384,6428,512,512,1024,999,4096,4096,8192,756,4096,8192,8192,198,0,0,0,0,2048,4096,4096,216,512,1024,1024,812,1024,2048,2048,151,0,0,0,0,64,65536,262144,9631,524288,524288,524288,41,131072,262144,262144,41,262144,262144,262144,41,64,128,128,41,64,128,128,41,64,256,512,2019,128,512,512,1119,128,512,512,57846,64,256,512,6804,64,256,512,942,128,256,512,2412,256,512,1024,732,64,256,512,732,64,256,512,14328,64,256,512,1737,64,256,256,204,0,0,0,0,0,0,0,0,0,0,0,0,1024,2048,2048,100,1024,2048,32768,100,64,128,2048,200,64,128,128,21,64,131072,131072,21,9.91,8.78,1.13,100,0,0,216,0,0,0,262144,262144,262144,262144,262144,100,0,0,0,0,0,0,0,0,0,0,0,0,131072,131072,262144,262144,262144,217,0,0,0,0,0,0,0,0,0,0,0,0,0,0,0,0,0,0,0,0,0,0,0,0,0,0,0,0,0,0,0,0,0,0,0,0,0,0,0,0,0,0,0,0,0,0,0,0,0,0,11878,9538,17811,0,41,21,0
47782719067100,1065,2048,4096,16384,7094,512,512,1024,1011,4096,4096,8192,861,4096,8192,8192,204,0,0,0,0,2048,4096,4096,210,512,1024,1024,740,1024,2048,2048,135,0,0,0,0,64,65536,131072,10335,524288,524288,524288,42,262144,262144,262144,42,262144,524288,524288,42,64,128,128,42,64,128,128,42,64,512,512,1844,128,512,1024,1259,128,512,512,63855,128,512,512,7749,64,256,512,1256,128,512,512,2421,256,1024,1024,825,128,512,512,825,64,256,512,16668,128,256,512,1818,128,256,512,243,0,0,0,0,0,0,0,0,0,0,0,0,1024,2048,2048,81,1024,1024,2048,67,64,128,1024,148,64,128,128,21,128,131072,262144,21,9.68,8.68,1.01,67,0,0,210,0,0,0,131072,262144,262144,262144,262144,65,0,0,0,0,0,0,0,0,0,0,0,0,131072,131072,131072,262144,262144,208,0,0,0,0,0,0,0,0,0,0,0,0,0,0,0,0,0,0,0,0,0,0,0,0,0,0,0,0,0,0,0,0,0,0,0,0,0,0,0,0,0,0,0,0,0,0,0,0,3,0,13275,10328,17791,0,42,21,0
47783754863300,1100,2048,4096,16384,7964,512,512,1024,1108,4096,4096,8192,947,4096,8192,8192,231,0,0,0,0,2048,4096,4096,215,512,1024,1024,852,1024,2048,2048,171,0,0,0,0,64,65536,131072,11568,524288,524288,1048576,41,262144,262144,262144,41,262144,524288,524288,41,64,128,128,41,64,128,512,41,128,512,512,1755,128,512,1024,1440,128,512,512,71667,128,512,512,8523,64,256,512,1239,128,512,512,2673,256,512,1024,723,128,512,512,723,64,256,512,15327,64,256,512,1782,64,256,512,212,0,0,0,0,0,0,0,0,0,0,0,0,1024,2048,2048,19,1024,2048,2048,33,64,16384,32768,52,64,128,128,20,64,131072,131072,20,11.43,9.80,1.63,33,0,0,215,0,0,0,262144,262144,262144,262144,262144,35,0,0,0,0,0,0,0,0,0,0,0,0,131072,131072,131072,262144,262144,217,0,0,0,0,0,0,0,0,0,0,0,0,0,0,0,0,0,0,0,0,0,0,0,0,0,0,0,0,0,0,0,0,0,0,0,0,0,0,0,0,0,0,0,0,0,0,0,0,0,0,13231,11380,19573,0,41,20,0
47784790348500,1200,2048,4096,16384,8582,512,1024,1024,1226,4096,4096,8192,956,4096,8192,8192,246,0,0,0,0,2048,4096,4096,266,512,1024,1024,1053,1024,2048,2048,174,0,0,0,0,64,65536,262144,12577,524288,1048576,1048576,42,262144,524288,524288,42,262144,524288,524288,42,64,128,256,42,64,128,128,42,64,256,512,2400,128,512,1024,1500,128,512,512,77238,128,512,512,8604,64,256,512,1365,128,512,512,2583,256,512,1024,786,128,512,512,786,64,256,512,16470,64,256,512,1809,64,256,512,189,0,0,0,0,0,0,0,0,0,0,0,0,1024,2048,2048,100,1024,1024,2048,100,64,128,1024,200,64,128,128,21,128,131072,262144,21,11.82,9.68,2.14,100,0,0,266,0,0,0,131072,262144,262144,262144,262144,100,0,0,0,0,0,0,0,0,0,0,0,0,131072,131072,262144,262144,262144,265,0,0,0,0,0,0,0,0,0,0,0,0,0,0,0,0,0,0,0,0,0,0,0,0,0,0,0,0,0,0,0,0,0,0,0,0,0,0,0,0,0,0,0,0,0,0,0,0,0,0,12681,12087,19546,420,42,21,0
47785825111600,1300,2048,4096,16384,9110,512,512,1024,1226,4096,4096,8192,980,4096,8192,16384,262,0,0,0,1,2048,4096,4096,245,512,1024,1024,1153,1024,2048,2048,173,0,0,0,0,512,65536,131072,13254,524288,524288,524288,41,262144,262144,262144,41,262144,524288,524288,41,128,256,512,41,64,128,128,41,64,256,512,2406,128,512,512,1506,128,512,512,81990,128,512,512,8820,64,256,512,1421,128,512,512,2781,256,1024,1024,864,128,512,512,882,64,256,512,17811,64,256,512,1638,64,256,256,246,128,512,512,18,128,512,512,9,0,0,0,0,1024,2048,2048,100,1024,1024,2048,100,64,64,1024,200,64,128,128,21,128,131072,131072,21,11.85,9.70,2.14,100,1,0,245,0,0,0,131072,262144,262144,262144,262144,100,0,0,0,0,65536,1,0,0,0,0,0,0,131072,131072,262144,262144,262144,246,0,0,0,0,0,0,0,0,0,0,0,0,0,0,0,0,0,0,0,0,0,0,0,0,0,0,0,0,0,0,0,0,0,0,0,0,0,0,0,0,0,0,0,0,0,0,0,0,0,0,14774,13187,21086,0,41,21,0
47786861875100,1400,2048,4096,16384,9683,512,512,1024,1334,4096,4096,8192,1031,4096,8192,16384,231,0,0,0,0,2048,4096,4096,316,512,1024,1024,1166,1024,2048,2048,194,0,0,0,0,256,65536,131072,14071,524288,524288,1048576,42,262144,262144,262144,42,262144,524288,524288,42,256,256,256,42,64,128,8192,42,64,512,512,2711,128,512,512,1811,128,512,512,87147,128,512,512,9279,64,256,512,1320,128,512,512,2466,256,1024,1024,996,128,512,512,996,64,256,512,16740,64,256,512,1827,128,256,512,219,0,0,0,0,0,0,0,0,0,0,0,0,1024,2048,2048,100,1024,1024,2048,100,64,128,1024,200,64,128,128,21,128,131072,131072,21,12.16,9.40,2.76,100,0,0,316,0,0,0,131072,262144,262144,262144,262144,100,0,0,0,0,0,0,0,0,0,0,0,0,131072,131072,131072,262144,262144,316,0,0,0,0,0,0,0,0,0,0,0,0,0,0,0,0,0,0,0,0,0,0,0,0,0,0,0,0,0,0,0,0,0,0,0,0,0,0,0,0,0,0,0,0,0,0,0,0,0,0,16417,13996,23277,0,42,21,0
47787897384100,1400,2048,4096,16384,10052,512,512,1024,1409,4096,4096,8192,1200,4096,8192,8192,236,0,0,0,0,2048,4096,4096,283,512,1024,1024,1030,1024,2048,2048,230,0,0,0,0,64,65536,262144,14585,524288,524288,1048576,41,262144,262144,262144,41,262144,524288,524288,41,256,256,512,41,64,128,2048,41,128,512,512,1656,128,512,512,1656,128,512,512,90468,128,256,512,10800,64,256,512,1267,128,512,512,2727,256,1024,1024,951,128,512,512,951,64,256,512,16380,64,256,512,1791,128,256,512,213,0,0,0,0,0,0,0,0,0,0,0,0,1024,2048,2048,25,1024,1024,1024,6,64,64,64,31,64,128,128,20,128,128,128,20,11.07,9.18,1.89,6,0,0,283,0,0,0,131072,262144,262144,262144,262144,6,0,0,0,0,0,0,0,0,0,0,0,0,131072,131072,262144,262144,262144,283,0,0,0,0,0,0,0,0,0,0,0,0,0,0,0,0,0,0,0,0,0,0,0,0,0,0,0,0,0,0,0,0,0,0,0,0,0,0,0,0,0,0,0,0,0,0,0,0,0,0,15514,14272,23117,0,41,20,0
47788933022900,1500,2048,4096,16384,10972,512,512,1024,1474,4096,4096,8192,1244,4096,8192,16384,263,0,0,0,1,2048,4096,4096,280,512,1024,1024,1172,1024,2048,2048,196,0,0,0,1,256,65536,262144,15772,524288,524288,1048576,41,262144,262144,524288,41,262144,524288,524288,41,256,256,256,41,64,128,16384,41,64,256,512,2847,128,512,512,1947,128,512,512,98748,128,512,512,11196,128,256,512,1416,128,512,512,2925,256,1024,1024,1014,128,512,512,1041,64,256,512,16938,128,256,512,2070,64,256,512,207,64,256,256,9,128,256,256,9,64,512,512,9,1024,2048,2048,75,1024,1024,2048,94,64,64,512,169,64,128,128,21,128,131072,131072,21,11.35,9.58,1.77,94,1,0,280,0,0,0,131072,262144,262144,262144,262144,94,0,0,0,0,131072,1,0,0,0,0,0,0,131072,131072,262144,262144,262144,279,0,0,0,0,0,0,0,0,0,0,0,0,0,0,0,0,0,0,0,0,0,0,0,0,0,0,0,0,0,0,0,0,0,0,0,0,0,0,0,0,0,0,0,0,0,0,0,0,1,0,17190,15627,24862,0,41,21,0
47789976233900,1600,2048,4096,16384,11275,512,512,1024,1581,4096,8192,8192,1315,4096,8192,32768,274,0,0,0,0,2048,4096,4096,349,512,1024,1024,1419,1024,2048,2048,245,0,0,0,0,256,65536,262144,16634,524288,1048576,1048576,42,262144,524288,524288,42,262144,524288,524288,42,256,512,512,42,64,128,128,42,64,512,512,2953,128,512,1024,2053,128,512,512,101475,128,512,512,11835,64,256,512,1586,128,512,512,3240,256,1024,1024,900,256,512,512,900,128,512,512,18819,128,256,512,2151,128,512,512,219,0,0,0,0,0,0,0,0,0,0,0,0,1024,2048,2048,100,1024,1024,2048,100,64,64,1024,200,64,128,128,21,128,131072,131072,21,12.79,10.16,2.63,100,0,0,349,0,0,0,131072,262144,262144,262144,262144,100,0,0,0,0,0,0,0,0,0,0,0,0,131072,131072,262144,262144,262144,350,0,0,0,0,0,0,0,0,0,0,0,0,0,0,0,0,0,0,0,0,0,0,0,0,0,0,0,0,0,0,0,0,0,0,0,0,0,0,0,0,0,0,0,0,0,0,0,0,0,0,18360,16437,27010,0,42,21,0
47791005108400,1700,2048,4096,16384,11672,512,512,1024,1629,4096,8192,8192,1278,4096,8192,8192,303,0,0,0,1,2048,4096,4096,374,512,1024,1024,1484,1024,2048,2048,224,0,0,0,0,128,65536,262144,17116,524288,1048576,1048576,41,262144,524288,524288,41,262144,524288,524288,41,256,512,512,41,64,128,256,41,64,512,512,3042,128,512,512,2142,128,512,512,105048,128,512,512,11502,64,256,512,1553,128,512,512,3393,256,1024,1024,827,256,512,512,845,64,256,512,18864,128,256,512,2187,128,512,512,321,64,256,256,9,256,256,256,9,0,0,0,0,1024,2048,2048,100,1024,1024,2048,100,64,128,1024,200,64,128,128,20,128,131072,131072,20,12.21,9.57,2.64,100,1,0,374,0,0,0,131072,262144,262144,262144,262144,100,0,0,0,0,131072,1,0,0,0,0,0,0,131072,131072,262144,262144,262144,374,0,0,0,0,0,0,0,0,0,0,0,0,0,0,0,0,0,0,0,0,0,0,0,0,0,0,0,0,0,0,0,0,0,0,0,0,0,0,0,0,0,0,0,0,0,0,0,0,0,0,18729,16927,27318,0,41,20,0
47792039894600,1721,2048,4096,16384,11826,512,512,1024,1702,4096,4096,8192,1332,4096,8192,16384,297,0,0,0,0,2048,4096,4096,340,512,1024,1024,1280,1024,2048,2048,228,0,0,0,0,256,65536,262144,17168,524288,1048576,1048576,42,262144,524288,524288,42,524288,524288,524288,42,256,256,512,42,64,2048,65536,42,128,512,512,2280,128,512,1024,2091,128,512,512,106434,128,512,512,11988,64,256,512,1656,128,512,512,3393,256,1024,1024,888,256,512,512,924,64,512,512,20439,128,512,512,2430,64,256,512,279,128,256,256,9,0,0,0,0,0,0,0,0,1024,2048,2048,49,1024,1024,2048,34,64,64,64,83,64,128,128,21,128,16384,131072,21,11.69,9.81,1.89,34,0,0,340,0,0,0,131072,262144,262144,262144,262144,34,0,0,0,0,0,0,0,0,0,0,0,0,131072,131072,262144,262144,262144,340,0,0,0,0,0,0,0,0,0,0,0,0,0,0,0,0,0,0,0,0,0,0,0,0,0,0,0,0,0,0,0,0,0,0,0,0,0,0,0,0,0,0,0,0,0,0,0,0,0,0,19310,16873,26619,0,42,21,0
47793083702700,1800,2048,4096,16384,12763,512,1024,1024,1892,4096,8192,8192,1502,4096,8192,32768,344,8192,8192,8192,2,2048,4096,4096,380,512,1024,1024,1436,1024,2048,2048,234,0,0,0,0,1024,65536,262144,18719,1048576,1048576,1048576,41,262144,524288,524288,41,524288,524288,524288,41,256,512,512,41,64,16384,32768,41,128,512,512,3093,128,512,1024,2382,128,512,512,114867,128,512,512,13518,64,256,512,1822,128,512,512,3843,256,1024,1024,900,256,512,1024,918,128,512,512,21276,128,512,512,2619,64,256,512,237,64,256,256,9,256,512,512,18,0,0,0,0,1024,2048,2048,51,1024,1024,2048,66,64,128,1024,117,64,128,128,21,128,131072,131072,21,12.72,10.20,2.52,66,2,0,380,0,0,0,262144,262144,262144,262144,262144,66,131072,131072,131072,131072,131072,2,0,0,0,0,0,0,65536,131072,262144,262144,262144,380,0,0,0,0,0,0,0,0,0,0,0,0,0,0,0,0,0,0,0,0,0,0,0,0,0,0,0,0,0,0,0,0,0,0,0,0,0,0,0,0,0,0,0,0,0,0,0,0,0,0,21417,18440,27415,0,41,21,0
47794112210700,1900,2048,4096,16384,12740,512,512,1024,1854,4096,8192,8192,1567,4096,8192,8192,342,0,0,0,0,2048,4096,4096,386,512,1024,1024,1546,1024,2048,2048,289,0,0,0,0,512,65536,262144,18878,1048576,1048576,1048576,42,262144,524288,524288,42,524288,524288,524288,42,256,512,512,42,64,128,4096,42,64,512,512,3088,128,512,1024,2188,128,512,512,114660,128,512,512,14103,64,256,512,1926,128,512,512,3780,512,1024,1024,1025,256,512,512,1025,128,512,512,22455,128,512,512,3051,128,512,512,426,0,0,0,0,0,0,0,0,0,0,0,0,1024,2048,2048,100,1024,1024,2048,100,64,128,2048,200,64,128,128,21,128,131072,131072,21,12.54,9.53,3.01,100,0,0,386,0,0,0,262144,262144,262144,262144,262144,100,0,0,0,0,0,0,0,0,0,0,0,0,131072,131072,262144,262144,524288,386,0,0,0,0,0,0,0,0,0,0,0,0,0,0,0,0,0,0,0,0,0,0,0,0,0,0,0,0,0,0,0,0,0,0,0,0,0,0,0,0,0,0,0,0,0,0,0,0,0,0,21898,18622,30705,0,42,21,0
47795148077200,1984,2048,4096,16384,13326,512,512,1024,2023,4096,4096,8192,1523,4096,8192,32768,393,8192,8192,8192,4,2048,4096,4096,399,512,1024,1024,1675,1024,2048,2048,270,0,0,0,1,512,65536,262144,19774,1048576,1048576,1048576,41,524288,524288,524288,41,524288,524288,524288,41,256,512,512,41,128,32768,65536,41,64,512,512,3171,128,512,1024,2415,128,512,512,119934,128,512,512,13707,64,256,512,2028,128,512,512,4068,256,1024,1024,813,256,512,512,849,128,512,512,24039,64,256,512,3060,64,256,512,426,128,256,256,36,128,512,512,36,64,256,256,9,1024,2048,2048,100,1024,1024,2048,93,64,128,1024,193,64,128,128,20,128,131072,131072,20,12.35,9.96,2.39,93,4,0,399,0,0,0,131072,262144,262144,262144,262144,93,131072,131072,131072,131072,131072,4,0,0,0,0,0,0,65536,131072,262144,262144,262144,399,0,0,0,0,0,0,0,0,0,0,0,0,0,0,0,0,0,0,0,0,0,0,0,0,0,0,0,0,0,0,0,0,0,0,0,0,0,0,0,0,0,0,0,0,0,0,0,0,0,0,22469,19491,30093,0,41,20,0
47796180454800,2000,2048,4096,16384,13445,512,512,1024,1994,4096,8192,8192,1596,4096,8192,8192,405,4096,4096,4096,2,2048,4096,4096,446,512,1024,1024,1564,1024,2048,2048,288,0,0,0,0,1024,65536,262144,19910,1048576,1048576,1048576,41,524288,524288,524288,41,524288,524288,524288,41,256,512,512,41,64,128,1024,41,128,512,1024,2448,128,512,512,2304,128,512,512,121005,128,512,512,14364,64,256,512,2366,128,512,512,4284,256,1024,1024,888,256,512,512,897,64,256,512,25524,64,256,512,3708,128,256,512,437,64,256,256,18,128,256,256,18,0,0,0,0,1024,2048,2048,21,1024,1024,1024,16,64,64,64,37,64,128,128,21,64,128,256,21,13.33,10.56,2.77,16,2,0,446,0,0,0,262144,262144,262144,262144,262144,16,65536,65536,65536,65536,262144,2,0,0,0,0,0,0,65536,131072,131072,262144,524288,446,0,0,0,0,0,0,0,0,0,0,0,0,0,0,0,0,0,0,0,0,0,0,0,0,0,0,0,0,0,0,0,0,0,0,0,0,0,0,0,0,0,0,0,0,0,0,0,0,0,0,23267,19454,30316,0,41,21,0
47797216130900,2100,2048,4096,16384,14246,512,512,1024,2070,4096,4096,8192,1685,4096,8192,16384,407,8192,8192,8192,6,2048,4096,4096,425,512,1024,1024,1715,1024,2048,16384,298,0,0,0,1,512,65536,262144,21006,1048576,1048576,1048576,42,524288,524288,524288,42,524288,524288,524288,42,512,512,512,42,64,2048,131072,42,128,512,512,3571,128,512,1024,2671,128,512,512,128214,128,512,512,15165,64,256,512,2521,128,512,512,4032,512,1024,1024,819,256,512,512,909,64,512,512,27000,64,512,512,3330,128,256,512,450,64,512,512,72,128,512,512,54,256,512,512,9,1024,2048,2048,79,1024,1024,1024,91,64,128,2048,170,64,128,128,21,128,131072,131072,21,13.08,10.19,2.89,91,6,0,425,0,0,0,131072,262144,262144,262144,262144,91,131072,131072,131072,131072,131072,6,0,0,0,0,0,0,65536,131072,131072,262144,262144,425,0,0,0,0,0,0,0,0,0,0,0,0,0,0,0,0,0,0,0,0,0,0,0,0,0,0,0,0,0,0,0,0,0,0,0,0,0,0,0,0,0,0,0,0,0,0,0,0,0,0,24037,20623,32016,0,42,21,0
47798268056800,2200,2048,4096,16384,14754,512,512,1024,2268,4096,8192,8192,1781,4096,8192,16384,448,8192,8192,8192,6,2048,4096,4096,469,512,1024,1024,1879,1024,2048,2048,318,0,0,0,0,1024,65536,262144,22077,1048576,1048576,1048576,42,524288,524288,524288,42,524288,524288,524288,42,512,512,1024,42,64,16384,32768,42,128,512,512,3782,128,512,1024,2882,128,512,512,132786,128,512,512,16029,64,256,512,2651,128,512,512,4149,512,1024,1024,870,256,512,512,942,128,512,512,27117,64,512,512,3681,64,256,512,471,64,512,512,45,128,512,512,54,0,0,0,0,1024,2048,2048,100,1024,1024,2048,100,64,64,256,200,64,128,128,21,128,131072,131072,21,15.29,11.28,4.01,100,6,0,469,0,0,0,131072,262144,524288,524288,524288,100,65536,131072,131072,131072,131072,6,0,0,0,0,0,0,65536,131072,262144,262144,262144,468,0,0,0,0,0,0,0,0,0,0,0,0,0,0,0,0,0,0,0,0,0,0,0,0,0,0,0,0,0,0,0,0,0,0,0,0,0,0,0,0,0,0,0,0,0,0,0,0,0,0,25678,21677,33156,0,42,21,0
47799303300200,2226,2048,4096,16384,14839,512,512,1024,2197,4096,4096,8192,1786,4096,8192,16384,486,8192,8192,8192,7,2048,4096,4096,432,512,1024,1024,1771,1024,2048,2048,283,0,0,0,0,1024,65536,262144,21936,1048576,1048576,1048576,41,524288,524288,524288,41,524288,524288,524288,41,256,512,512,41,64,1024,32768,41,128,512,512,2944,128,512,512,2710,128,512,512,133551,128,512,512,16074,64,256,512,2726,128,512,512,4401,512,1024,1024,1035,256,512,512,1152,128,512,512,25119,64,512,512,3528,64,256,512,486,64,256,512,72,128,512,512,63,0,0,0,0,1024,2048,2048,35,512,1024,1024,30,64,64,128,65,64,128,128,20,64,65536,65536,20,14.66,11.06,3.60,30,7,0,432,0,0,0,131072,262144,262144,262144,524288,30,65536,131072,131072,131072,131072,7,0,0,0,0,0,0,131072,131072,262144,262144,262144,433,0,0,0,0,0,0,0,0,0,0,0,0,0,0,0,0,0,0,0,0,0,0,0,0,0,0,0,0,0,0,0,0,0,0,0,0,0,0,0,0,0,0,0,0,0,0,0,0,0,0,25428,21454,32825,0,41,20,0
47800337420100,2300,2048,4096,16384,15249,512,512,1024,2307,4096,4096,8192,1862,4096,8192,8192,485,8192,8192,8192,9,2048,4096,4096,472,512,1024,1024,1825,1024,2048,2048,329,0,0,0,0,1024,65536,262144,22706,1048576,1048576,1048576,42,524288,524288,524288,42,524288,524288,524288,42,256,512,512,42,64,128,16384,42,128,512,512,3657,128,512,512,2991,128,512,512,137241,128,512,512,16758,64,256,512,2766,128,512,512,4383,512,1024,1024,930,256,512,512,1074,64,512,512,26253,64,256,512,3600,64,256,512,471,64,256,256,81,64,512,512,81,0,0,0,0,1024,2048,2048,65,1024,2048,2048,70,64,128,128,135,64,128,128,21,64,131072,131072,21,15.11,11.83,3.27,70,9,0,472,1,0,0,262144,262144,262144,262144,262144,70,65536,131072,131072,131072,131072,9,0,0,0,0,0,0,65536,131072,262144,262144,262144,472,0,0,0,0,131072,1,0,0,0,0,0,0,0,0,0,0,0,0,0,0,0,0,0,0,0,0,0,0,0,0,0,0,0,0,0,0,0,0,0,0,0,0,0,0,0,0,0,0,0,0,26586,22274,34434,0,42,21,0
47801373391500,2393,2048,4096,16384,15217,512,512,1024,2365,4096,8192,8192,1812,4096,8192,16384,455,8192,8192,8192,8,2048,4096,4096,481,512,1024,1024,1925,1024,2048,2048,319,0,0,0,1,1024,65536,131072,22767,1048576,1048576,1048576,41,524288,524288,524288,41,524288,524288,524288,41,512,512,1024,41,64,32768,65536,41,128,512,512,3853,128,512,512,3016,128,512,512,136953,128,512,512,16308,64,256,512,2735,128,512,1024,4185,512,1024,1024,948,256,512,512,1038,128,512,512,25002,64,256,512,3618,64,512,512,600,128,256,512,72,128,512,1024,72,128,256,256,9,1024,2048,2048,100,1024,1024,2048,93,64,64,1024,193,64,128,128,21,32768,131072,131072,21,14.56,11.17,3.39,93,8,0,481,3,5,0,262144,262144,262144,262144,262144,93,65536,131072,131072,131072,131072,8,0,0,0,0,0,0,65536,131072,262144,262144,262144,481,65536,131072,131072,131072,131072,3,65536,65536,65536,65536,131072,5,0,0,0,0,0,0,0,0,0,0,0,0,0,0,0,0,0,0,0,0,0,0,0,0,0,0,0,0,0,0,0,0,0,0,0,0,0,0,27387,22396,36334,0,41,21,0
47802409822900,2400,2048,4096,16384,16159,512,512,1024,2456,4096,4096,8192,2018,4096,8192,16384,447,8192,8192,8192,10,2048,4096,4096,508,512,1024,1024,1976,1024,2048,2048,350,0,0,0,0,1024,65536,262144,24143,1048576,1048576,1048576,41,524288,524288,524288,41,524288,524288,524288,41,512,512,1024,41,64,4096,65536,41,128,512,512,3421,128,512,512,3358,128,512,512,145431,128,512,512,18162,64,256,512,2711,128,512,512,4455,512,1024,1024,1073,256,512,512,1181,128,512,512,25794,128,256,512,3537,64,512,512,573,128,256,512,81,128,512,1024,90,0,0,0,0,1024,2048,2048,9,512,1024,1024,10,64,64,64,19,64,128,128,20,64,128,128,20,14.09,10.57,3.52,10,10,0,508,14,10,0,262144,262144,262144,262144,262144,10,65536,131072,131072,131072,262144,10,0,0,0,0,0,0,65536,131072,131072,262144,524288,508,65536,131072,131072,131072,131072,14,65536,131072,131072,131072,131072,10,0,0,0,0,0,0,0,0,0,0,0,0,0,0,0,0,0,0,0,0,0,0,0,0,0,0,0,0,0,0,0,0,0,0,0,0,0,0,28569,23561,36152,0,41,20,0
47803444505800,2500,2048,4096,16384,16737,512,512,1024,2470,4096,8192,8192,2015,4096,8192,16384,495,8192,8192,8192,7,2048,4096,4096,506,512,1024,1024,2056,1024,2048,2048,359,0,0,0,0,256,65536,262144,24886,1048576,1048576,1048576,42,524288,524288,524288,42,524288,524288,524288,42,256,512,512,42,64,4096,32768,42,128,512,512,4499,128,512,1024,3599,128,512,512,150633,128,512,512,18135,64,256,512,3017,128,512,1024,5094,512,1024,1024,987,256,512,512,1104,128,512,512,26451,64,512,512,3843,128,512,512,561,128,256,512,63,128,512,512,63,0,0,0,0,1024,2048,2048,91,1024,1024,2048,97,64,64,128,188,64,128,128,21,32768,65536,65536,21,14.83,10.81,4.02,97,7,0,506,18,16,0,262144,262144,262144,262144,524288,97,65536,131072,131072,131072,131072,7,0,0,0,0,0,0,65536,131072,262144,262144,262144,505,131072,131072,131072,131072,131072,18,65536,131072,131072,131072,131072,16,0,0,0,0,0,0,0,0,0,0,0,0,0,0,0,0,0,0,0,0,0,0,0,0,0,0,0,0,0,0,0,0,0,0,0,0,0,0,28470,24517,38199,0,42,21,0
47804481074000,2532,2048,4096,16384,16507,512,512,1024,2481,4096,4096,8192,1915,4096,8192,16384,455,8192,8192,8192,9,2048,4096,4096,521,512,1024,1024,1968,1024,2048,2048,335,0,0,0,0,2048,65536,262144,24409,1048576,1048576,1048576,41,524288,524288,524288,41,524288,524288,524288,41,512,512,1024,41,64,16384,32768,41,128,512,512,3660,128,512,512,3372,128,512,512,148563,128,512,512,17235,64,256,512,2839,128,512,512,4581,512,1024,1024,962,256,512,512,1088,128,512,512,27135,64,512,512,3636,64,512,512,483,128,512,1024,81,128,512,1024,81,0,0,0,0,1024,2048,2048,49,1024,1024,1024,43,64,128,256,92,64,128,128,21,64,65536,65536,21,12.70,9.94,2.77,43,9,0,521,11,9,0,262144,262144,262144,262144,262144,43,65536,131072,131072,131072,131072,9,0,0,0,0,0,0,65536,131072,131072,262144,524288,522,65536,131072,131072,131072,131072,11,65536,131072,131072,131072,131072,9,0,0,0,0,0,0,0,0,0,0,0,0,0,0,0,0,0,0,0,0,0,0,0,0,0,0,0,0,0,0,0,0,0,0,0,0,0,0,28943,23947,36462,0,41,21,0
47805514744600,2600,2048,4096,16384,17395,512,512,1024,2620,4096,4096,8192,2164,4096,8192,16384,469,8192,8192,8192,4,2048,4096,4096,543,512,1024,1024,2169,1024,2048,2048,370,0,0,0,1,2048,65536,262144,25964,1048576,1048576,1048576,42,524288,524288,524288,42,524288,524288,524288,42,256,512,512,42,64,8192,32768,42,128,512,512,4122,128,512,1024,3510,128,512,512,156555,128,512,512,19476,64,256,512,2797,128,512,1024,4986,512,1024,1024,1014,256,512,1024,1059,128,512,512,28413,64,256,512,4113,64,512,512,504,64,256,256,45,128,256,256,36,0,512,512,9,1024,2048,2048,51,1024,1024,2048,57,64,128,256,108,64,128,128,21,16384,65536,131072,21,13.60,10.20,3.40,57,4,0,543,32,16,0,262144,262144,262144,262144,262144,57,65536,131072,131072,131072,131072,4,0,0,0,0,0,0,65536,131072,131072,262144,262144,543,131072,131072,131072,131072,131072,32,65536,131072,131072,131072,131072,16,0,0,0,0,0,0,0,0,0,0,0,0,0,0,0,0,0,0,0,0,0,0,0,0,0,0,0,0,0,0,0,0,0,0,0,0,0,0,30422,25429,38509,0,42,21,0
47806556637900,2676,2048,4096,16384,17243,512,512,1024,2622,4096,8192,8192,2073,4096,8192,16384,525,8192,8192,8192,5,2048,4096,4096,547,512,1024,1024,2212,1024,2048,2048,349,0,0,0,0,1024,131072,262144,25795,1048576,1048576,1048576,41,524288,524288,524288,41,524288,524288,524288,41,256,512,512,41,64,32768,65536,41,128,512,1024,4330,128,512,1024,3646,128,512,1024,155187,128,512,1024,18657,64,256,512,2981,128,512,1024,5013,512,1024,1024,1047,256,512,1024,1146,128,512,512,27495,128,512,512,3906,128,512,512,609,64,256,512,45,128,512,512,45,0,0,0,0,1024,2048,2048,87,1024,2048,2048,81,64,64,256,168,64,128,128,20,128,131072,131072,20,13.54,10.91,2.63,81,5,0,547,18,26,0,131072,262144,262144,262144,262144,81,65536,65536,65536,65536,131072,5,0,0,0,0,0,0,65536,131072,262144,262144,524288,547,131072,131072,131072,131072,131072,18,65536,131072,131072,131072,131072,26,0,0,0,0,0,0,0,0,0,0,0,0,0,0,0,0,0,0,0,0,0,0,0,0,0,0,0,0,0,0,0,0,0,0,0,0,0,0,27698,24434,38644,544,41,20,0
47807589999900,2700,2048,4096,16384,18030,512,512,1024,2682,4096,8192,8192,2193,4096,8192,16384,531,8192,8192,8192,12,2048,4096,4096,592,512,1024,1024,2106,1024,2048,2048,390,2048,2048,2048,2,2048,131072,262144,26799,1048576,1048576,1048576,42,524288,524288,524288,42,524288,524288,524288,42,512,1024,1024,42,64,32768,65536,42,128,512,1024,3681,128,512,1024,3465,128,512,1024,162270,128,512,1024,19737,64,256,512,2962,128,512,1024,5319,512,1024,1024,1025,256,512,1024,1124,128,512,512,27954,128,512,512,3888,128,256,512,366,128,512,512,108,128,512,512,108,128,512,512,18,2048,2048,2048,13,1024,1024,1024,19,64,64,64,32,64,128,128,21,64,32768,65536,21,15.11,10.95,4.15,19,12,0,592,21,29,0,262144,262144,262144,262144,262144,19,65536,131072,131072,131072,131072,12,0,0,0,0,0,0,65536,131072,262144,262144,262144,592,131072,131072,131072,131072,131072,21,65536,131072,131072,131072,131072,29,0,0,0,0,0,0,0,0,0,0,0,0,0,0,0,0,0,0,0,0,0,0,0,0,0,0,0,0,0,0,0,0,0,0,0,0,0,0,31485,26147,40831,0,42,21,0
47808621793400,2780,2048,4096,16384,18071,512,512,1024,2748,4096,8192,8192,2212,4096,8192,16384,502,8192,8192,8192,12,2048,4096,4096,525,512,1024,1024,2223,1024,2048,2048,361,4096,4096,4096,2,1024,65536,262144,26870,1048576,1048576,1048576,41,524288,524288,524288,41,524288,524288,524288,41,512,1024,1024,41,64,16384,65536,41,128,512,1024,4267,128,512,1024,3547,128,512,1024,162639,128,512,1024,19913,128,256,512,2795,128,512,1024,4878,512,1024,1024,1061,256,512,1024,1259,128,512,512,26451,128,256,512,3753,128,512,512,531,128,512,512,126,256,512,1024,108,128,256,256,18,1024,2048,65536,86,1024,2048,2048,80,64,64,1024,166,64,64,64,21,16384,131072,131072,21,13.73,10.83,2.90,80,12,0,525,25,35,0,262144,262144,262144,262144,262144,80,65536,131072,131072,131072,131072,12,0,0,0,0,0,0,65536,131072,131072,262144,262144,524,131072,131072,262144,262144,262144,25,65536,131072,131072,131072,131072,35,0,0,0,0,0,0,0,0,0,0,0,0,0,0,0,0,0,0,0,0,0,0,0,0,0,0,0,0,0,0,0,0,0,0,0,0,1,0,29216,26134,41766,0,41,21,0
47809660862700,2800,2048,4096,16384,18360,512,512,1024,2872,4096,8192,8192,2256,4096,8192,16384,562,8192,8192,8192,6,2048,4096,4096,587,512,1024,1024,2240,1024,2048,4096,395,2048,2048,2048,2,2048,65536,262144,27510,1048576,1048576,1048576,41,524288,524288,524288,41,524288,524288,524288,41,512,512,512,41,64,32768,65536,42,128,512,512,3795,128,512,1024,3615,128,512,1024,165240,128,512,512,20299,128,256,512,3102,128,512,1024,5427,512,1024,1024,1032,256,512,512,1032,128,512,512,27706,128,256,512,3996,128,256,512,519,128,512,512,63,128,512,512,54,64,512,512,18,1024,2048,2048,14,1024,1024,1024,20,64,64,64,34,64,128,128,21,64,32768,32768,21,14.03,10.27,3.76,20,6,0,587,32,23,0,262144,262144,262144,262144,524288,20,131072,131072,131072,131072,131072,6,0,0,0,0,0,0,65536,131072,262144,262144,262144,588,131072,131072,131072,131072,131072,32,65536,131072,131072,131072,131072,23,0,0,0,0,0,0,0,0,0,0,0,0,0,0,0,0,0,0,0,0,0,0,0,0,0,0,0,0,0,0,0,0,0,0,0,0,0,0,31750,26803,40865,0,41,21,0
47810694846500,2885,2048,4096,16384,18276,512,512,1024,2909,4096,8192,8192,2242,4096,8192,16384,562,8192,8192,8192,12,2048,4096,4096,548,512,1024,1024,2314,1024,2048,2048,382,2048,2048,2048,2,1024,65536,262144,27434,1048576,1048576,1048576,42,524288,524288,1048576,42,524288,524288,524288,42,512,512,512,42,64,8192,65536,41,128,512,1024,4256,128,512,1024,3491,128,512,512,164484,128,512,1024,20178,128,256,512,3011,128,512,1024,5391,512,1024,1024,1122,256,512,1024,1176,128,512,512,26096,128,512,512,3996,128,512,512,576,128,512,512,99,256,512,1024,108,128,256,256,18,1024,2048,2048,95,1024,1024,2048,90,64,64,1024,185,64,128,128,20,32768,65536,65536,20,15.12,11.47,3.65,90,12,0,548,36,33,0,131072,262144,262144,262144,524288,90,131072,131072,131072,131072,131072,12,0,0,0,0,0,0,65536,131072,262144,262144,262144,548,131072,131072,131072,131072,262144,36,65536,131072,131072,131072,262144,33,0,0,0,0,0,0,0,0,0,0,0,0,0,0,0,0,0,0,0,0,0,0,0,0,0,0,0,0,0,0,0,0,0,0,0,0,0,0,31791,26902,42314,0,42,20,0
47811728852800,2900,2048,4096,16384,19098,512,512,1024,2994,4096,8192,8192,2342,4096,8192,16384,608,8192,8192,8192,20,2048,4096,4096,626,512,1024,1024,2355,1024,2048,2048,425,0,0,0,0,1024,65536,262144,28734,1048576,1048576,1048576,41,524288,524288,1048576,41,524288,524288,524288,41,512,1024,1024,41,64,128,16384,41,128,512,1024,3747,128,512,1024,3612,128,512,1024,171882,128,512,1024,21078,128,512,512,3612,128,512,1024,5850,512,1024,1024,1018,256,512,512,1117,128,512,512,27270,128,512,512,3744,128,512,512,510,128,512,512,153,128,512,512,180,0,0,0,0,1024,1024,1024,5,512,1024,1024,10,64,64,64,15,64,128,128,21,128,32768,32768,21,15.72,12.70,3.02,10,20,0,627,49,31,0,262144,262144,262144,262144,524288,10,65536,262144,262144,262144,262144,20,0,0,0,0,0,0,65536,131072,131072,262144,262144,626,131072,131072,131072,131072,131072,49,65536,131072,131072,131072,131072,31,0,0,0,0,0,0,0,0,0,0,0,0,0,0,0,0,0,0,0,0,0,0,0,0,0,0,0,0,0,0,0,0,0,0,0,0,0,0,30338,27718,43581,0,41,21,0
47812763156800,2945,2048,4096,16384,20342,512,512,1024,3068,4096,8192,8192,2434,4096,8192,32768,614,8192,8192,8192,6,2048,4096,4096,669,512,1024,1024,2476,1024,2048,2048,412,4096,4096,4096,2,512,65536,262144,30247,1048576,1048576,1048576,42,524288,524288,1048576,42,524288,524288,524288,42,256,512,512,42,64,32768,65536,42,128,512,1024,4320,256,512,1024,3915,128,512,1024,183078,128,512,1024,21906,128,512,512,3463,128,512,1024,5562,512,1024,1024,1059,256,512,1024,1140,128,512,512,28134,128,512,512,4374,128,512,512,564,128,512,512,81,128,512,1024,54,256,512,512,18,1024,2048,2048,49,1024,1024,2048,45,64,64,128,94,64,128,128,21,16384,65536,65536,21,15.09,11.82,3.27,45,6,0,668,27,33,0,262144,262144,262144,262144,524288,45,65536,131072,131072,131072,131072,6,0,0,0,0,0,0,65536,131072,262144,262144,262144,669,131072,131072,131072,131072,131072,27,65536,131072,131072,131072,262144,33,0,0,0,0,0,0,0,0,0,0,0,0,0,0,0,0,0,0,0,0,0,0,0,0,0,0,0,0,0,0,0,0,0,0,0,0,0,0,30432,28691,45941,0,42,21,0
47813801981700,3000,2048,4096,16384,19379,512,512,1024,2984,4096,8192,16384,2357,4096,8192,32768,640,8192,8192,8192,20,2048,4096,4096,568,512,1024,1024,2361,1024,2048,2048,382,0,0,0,0,2048,131072,262144,28888,1048576,2097152,2097152,41,524288,1048576,1048576,41,524288,524288,524288,41,512,1024,1024,41,64,16384,65536,41,128,512,1024,4603,256,512,1024,4108,128,512,1024,174411,128,512,1024,21213,128,512,512,3776,128,512,1024,5328,512,1024,1024,1086,256,512,1024,1329,128,512,512,29484,128,512,512,3942,128,512,512,486,128,512,1024,180,256,512,1024,180,0,0,0,0,1024,2048,2048,51,1024,1024,2048,55,64,64,128,106,64,128,128,20,32768,131072,131072,20,13.68,10.54,3.14,55,20,0,568,32,46,0,262144,262144,524288,524288,524288,55,65536,131072,131072,131072,131072,20,0,0,0,0,0,0,65536,131072,262144,262144,262144,568,131072,131072,131072,131072,262144,32,65536,131072,131072,131072,262144,46,0,0,0,0,0,0,0,0,0,0,0,0,0,0,0,0,0,0,0,0,0,0,0,0,0,0,0,0,0,0,0,0,0,0,0,0,0,0,32359,28121,45391,0,41,20,0
47814836369600,3022,2048,4096,16384,19702,512,512,1024,3025,4096,8192,8192,2337,4096,8192,16384,610,8192,16384,16384,24,2048,4096,4096,587,512,1024,1024,2378,1024,2048,2048,419,0,0,0,1,2048,131072,262144,29296,1048576,1048576,2097152,41,524288,1048576,1048576,41,524288,524288,524288,41,1024,1024,1024,41,64,32768,65536,42,128,512,1024,4384,256,512,1024,4186,128,512,1024,177318,128,512,1024,21033,128,512,512,3459,128,512,1024,4995,512,1024,1024,1056,256,512,1024,1299,128,512,512,26694,128,512,512,4257,128,512,512,609,128,512,512,252,256,512,1024,216,128,256,256,9,1024,2048,2048,26,512,1024,1024,23,64,128,1024,49,64,128,128,21,64,32768,65536,21,14.34,10.82,3.52,23,24,0,587,49,42,0,131072,262144,262144,262144,262144,23,65536,131072,131072,131072,131072,24,0,0,0,0,0,0,65536,131072,262144,262144,262144,587,131072,131072,131072,131072,131072,49,65536,131072,262144,262144,262144,42,0,0,0,0,0,0,0,0,0,0,0,0,0,0,0,0,0,0,0,0,0,0,0,0,0,0,0,0,0,0,0,0,0,0,0,0,0,0,32947,28492,46373,0,41,21,0
47815872276800,3100,2048,4096,16384,20285,512,512,1024,3081,4096,8192,8192,2525,4096,8192,16384,672,8192,8192,16384,24,2048,4096,4096,635,512,1024,1024,2527,1024,2048,2048,442,0,0,0,1,2048,131072,262144,30440,1048576,1048576,1048576,42,524288,1048576,1048576,42,524288,524288,524288,42,512,1024,1024,42,64,16384,65536,41,128,512,1024,4415,256,512,1024,3713,128,512,1024,182565,128,512,1024,22725,128,512,512,3831,128,512,1024,5742,512,1024,1024,1056,256,512,1024,1308,128,512,512,26370,128,512,512,3663,128,512,512,546,128,512,512,162,256,512,1024,216,256,512,512,9,1024,2048,2048,74,1024,1024,2048,77,64,64,128,151,64,128,128,21,32768,65536,65536,21,17.36,12.45,4.91,77,24,1,635,43,44,0,262144,262144,262144,262144,262144,77,65536,131072,131072,131072,131072,24,0,0,0,0,262144,1,65536,131072,131072,262144,262144,635,131072,131072,131072,131072,262144,43,65536,131072,131072,131072,131072,44,0,0,0,0,0,0,0,0,0,0,0,0,0,0,0,0,0,0,0,0,0,0,0,0,0,0,0,0,0,0,0,0,0,0,0,0,0,0,31798,29437,45343,0,42,21,0
47816906803800,3100,2048,4096,16384,19444,512,512,1024,3036,4096,8192,8192,2465,4096,8192,16384,610,8192,8192,8192,25,2048,4096,4096,686,512,1024,1024,2437,1024,2048,2048,421,0,0,0,1,1024,65536,262144,29392,1048576,1048576,1048576,41,524288,1048576,1048576,41,524288,524288,524288,41,1024,1024,1024,41,64,128,32768,41,128,512,1024,4081,256,512,1024,4081,128,512,1024,174996,128,512,1024,22185,128,512,512,3422,128,512,1024,5274,512,1024,1024,1017,256,512,1024,1287,128,512,512,25065,128,512,512,3996,128,512,512,498,128,512,512,279,256,512,512,225,0,256,256,9,2048,2048,2048,6,512,1024,1024,3,64,64,64,9,64,128,128,20,64,128,128,20,17.37,12.58,4.78,3,25,11,686,46,38,0,0,0,0,0,262144,1,65536,131072,131072,131072,131072,25,65536,131072,131072,131072,131072,11,65536,131072,131072,131072,262144,686,131072,131072,131072,131072,131072,46,65536,131072,131072,131072,262144,38,0,0,0,0,0,0,0,0,0,0,0,0,0,0,0,0,0,0,0,0,0,0,0,0,0,0,0,0,0,0,0,0,0,0,0,0,1,0,32740,28426,46181,0,41,20,0
47817943429300,3183,2048,4096,16384,19495,512,512,1024,3198,4096,8192,8192,2560,4096,8192,16384,574,8192,8192,8192,20,2048,4096,4096,626,512,1024,1024,2579,1024,2048,2048,415,2048,2048,2048,3,1024,65536,262144,29760,1048576,1048576,1048576,42,524288,1048576,1048576,42,524288,524288,524288,42,1024,1024,1024,42,64,32768,65536,42,256,512,1024,4874,256,512,1024,4127,128,512,1024,175455,128,512,1024,23040,128,512,512,3456,128,512,1024,5121,512,1024,1024,1176,256,512,1024,1221,128,512,512,24777,128,512,512,4041,128,512,512,495,128,512,512,153,256,512,1024,180,128,512,512,27,1024,2048,2048,82,1024,2048,2048,80,64,64,256,162,64,128,128,21,32768,65536,65536,21,14.58,11.31,3.27,80,20,14,626,55,50,0,262144,262144,262144,262144,262144,82,131072,131072,131072,131072,131072,20,65536,131072,131072,131072,131072,14,65536,131072,131072,131072,262144,626,131072,131072,131072,131072,131072,55,65536,131072,131072,131072,131072,50,0,0,0,0,0,0,0,0,0,0,0,0,0,0,0,0,0,0,0,0,0,0,0,0,0,0,0,0,0,0,0,0,0,0,0,0,0,0,32889,28847,48229,1,42,21,0
47818979038500,3200,2048,4096,16384,20374,512,512,1024,2853,4096,8192,8192,2484,4096,8192,16384,619,8192,8192,8192,25,2048,4096,4096,631,512,1024,1024,2511,1024,2048,2048,460,2048,2048,2048,2,2048,65536,262144,30244,1048576,1048576,1048576,41,524288,1048576,1048576,41,524288,524288,524288,41,1024,1024,1024,41,64,16384,131072,41,128,512,1024,4265,256,512,1024,4112,128,512,1024,183366,128,512,1024,22356,128,512,512,3695,128,512,1024,5625,512,1024,1024,1089,256,512,512,1260,128,512,512,25272,128,512,512,3609,128,512,512,561,128,512,512,252,256,1024,1024,225,128,256,256,18,2048,2048,2048,12,1024,1024,1024,17,64,64,128,29,64,64,128,21,64,32768,65536,21,14.96,10.93,4.02,17,25,17,631,47,53,0,262144,262144,262144,262144,262144,17,65536,131072,131072,131072,131072,25,131072,131072,131072,131072,262144,17,65536,131072,131072,262144,524288,631,131072,131072,131072,131072,131072,47,65536,131072,131072,131072,131072,53,0,0,0,0,0,0,0,0,0,0,0,0,0,0,0,0,0,0,0,0,0,0,0,0,0,0,0,0,0,0,0,0,0,0,0,0,0,0,33073,29222,47711,0,41,21,0
47820014278300,3255,2048,4096,16384,19779,512,512,1024,3329,4096,8192,8192,2678,4096,8192,16384,677,8192,8192,32768,31,2048,4096,4096,681,512,1024,1024,2712,1024,2048,2048,455,2048,2048,2048,3,1024,65536,262144,30649,1048576,1048576,1048576,42,524288,1048576,1048576,42,524288,524288,524288,42,1024,2048,2048,42,64,8192,32768,42,256,512,1024,4901,256,512,1024,4406,128,512,1024,178011,128,512,1024,24102,128,512,512,3972,128,512,1024,5868,512,1024,1024,942,256,512,1024,1176,128,512,512,24246,128,512,512,4203,128,512,512,702,256,512,1024,279,256,512,1024,279,256,256,512,27,1024,2048,2048,59,512,1024,2048,55,64,64,256,114,64,128,128,21,16384,65536,131072,21,16.73,12.70,4.02,55,31,9,681,70,49,0,262144,262144,262144,262144,524288,55,65536,131072,131072,131072,131072,31,131072,131072,131072,131072,131072,9,65536,131072,131072,262144,262144,681,131072,131072,131072,131072,262144,70,65536,131072,131072,131072,131072,49,0,0,0,0,0,0,0,0,0,0,0,0,0,0,0,0,0,0,0,0,0,0,0,0,0,0,0,0,0,0,0,0,0,0,0,0,0,0,33533,29694,48926,0,42,21,0
47821050268400,3300,2048,4096,16384,19667,512,512,1024,3260,4096,8192,8192,2524,4096,8192,16384,613,8192,32768,32768,17,2048,4096,4096,632,512,1024,1024,2544,1024,2048,2048,440,4096,4096,4096,3,1024,65536,262144,30009,1048576,2097152,2097152,41,524288,1048576,1048576,41,524288,524288,524288,41,512,1024,1024,41,64,32768,131072,41,256,512,1024,5052,256,512,1024,4647,128,512,1024,177003,128,512,1024,22716,128,512,512,3519,256,512,1024,5670,512,1024,1024,1064,256,512,1024,1019,128,512,1024,25758,128,512,512,3879,128,512,512,498,256,512,512,117,256,1024,1024,153,256,1024,1024,27,1024,2048,2048,41,1024,2048,2048,45,64,128,256,86,64,128,128,20,16384,65536,65536,20,15.97,11.95,4.02,45,17,12,632,61,54,0,262144,262144,262144,262144,524288,45,131072,131072,131072,131072,131072,17,65536,131072,131072,131072,131072,12,65536,131072,131072,262144,262144,632,131072,131072,131072,131072,131072,61,65536,131072,131072,131072,131072,54,0,0,0,0,0,0,0,0,0,0,0,0,0,0,0,0,0,0,0,0,0,0,0,0,0,0,0,0,0,0,0,0,0,0,0,0,0,0,33304,29232,48187,0,41,20,0
47822085323200,3331,2048,4096,16384,20854,512,512,1024,3232,4096,8192,8192,2719,4096,8192,16384,630,8192,8192,8192,22,2048,4096,4096,748,512,1024,2048,2667,1024,2048,2048,474,4096,4096,4096,5,1024,65536,262144,31630,1048576,1048576,2097152,41,524288,1048576,1048576,41,524288,524288,524288,41,1024,1024,2048,41,64,128,16384,41,256,512,1024,4644,256,512,1024,4365,128,512,1024,187688,128,512,1024,24471,128,512,512,3521,128,512,1024,5616,512,1024,1024,990,256,512,512,1161,128,512,512,25263,128,512,512,3834,128,512,512,558,128,512,1024,216,256,512,1024,198,256,512,1024,45,1024,2048,2048,37,1024,1024,1024,35,64,64,128,72,64,64,64,21,128,65536,65536,21,16.34,12.32,4.02,35,22,17,748,68,59,0,262144,262144,262144,262144,262144,35,65536,131072,131072,131072,131072,22,65536,131072,131072,131072,262144,17,65536,131072,131072,262144,262144,748,131072,131072,131072,131072,262144,68,65536,131072,131072,131072,131072,59,0,0,0,0,0,0,0,0,0,0,0,0,0,0,0,0,0,0,0,0,0,0,0,0,0,0,0,0,0,0,0,0,0,0,0,0,0,0,32821,30498,49368,0,41,21,0
47823123136400,3397,2048,4096,16384,20183,512,512,1024,3146,4096,8192,8192,2702,4096,8192,16384,688,8192,8192,8192,24,2048,4096,4096,654,512,1024,1024,2742,1024,2048,2048,481,4096,4096,4096,6,2048,131072,262144,30968,1048576,2097152,2097152,42,524288,1048576,1048576,42,524288,524288,524288,42,512,1024,1024,42,64,32768,65536,42,256,512,1024,5096,256,512,1024,4502,128,512,1024,181645,128,512,1024,24318,128,512,512,3922,256,512,1024,6408,512,1024,1024,1137,256,512,1024,1173,128,512,1024,24957,128,512,512,4275,128,512,512,510,256,512,1024,171,256,512,1024,216,256,512,512,54,1024,2048,2048,63,1024,2048,2048,62,64,64,64,125,64,128,128,21,32768,131072,131072,21,13.93,10.67,3.26,62,24,17,654,58,61,0,262144,262144,524288,524288,524288,62,65536,131072,131072,131072,131072,24,65536,131072,131072,131072,262144,17,65536,131072,131072,262144,262144,653,131072,131072,131072,131072,262144,58,65536,131072,131072,131072,131072,61,0,0,0,0,0,0,0,0,0,0,0,0,0,0,0,0,0,0,0,0,0,0,0,0,0,0,0,0,0,0,0,0,0,0,0,0,1,0,34449,30146,50341,0,42,21,0
47824158566300,3400,2048,4096,16384,20144,512,512,1024,3037,4096,8192,8192,2726,4096,16384,16384,659,8192,8192,16384,31,2048,4096,4096,714,512,1024,1024,2717,1024,2048,2048,442,4096,4096,4096,4,2048,131072,262144,30788,1048576,2097152,2097152,41,524288,1048576,1048576,41,524288,524288,524288,41,1024,2048,2048,41,64,8192,131072,41,256,512,1024,4649,256,512,1024,4622,128,512,1024,181296,128,512,1024,24534,128,512,512,3675,256,512,1024,6111,512,1024,2048,1227,256,512,1024,1380,128,512,1024,23922,128,512,1024,3915,128,512,512,522,128,512,512,369,256,1024,1024,279,256,512,512,36,0,0,0,1,512,1024,1024,3,0,0,0,4,64,128,128,20,64,16384,16384,20,18.72,14.20,4.52,3,31,16,714,67,68,0,131072,262144,262144,262144,262144,3,65536,131072,131072,131072,131072,31,65536,131072,131072,131072,131072,16,65536,131072,131072,262144,262144,715,131072,131072,131072,131072,262144,67,65536,131072,131072,131072,131072,68,0,0,0,0,0,0,0,0,0,0,0,0,0,0,0,0,0,0,0,0,0,0,0,0,0,0,0,0,0,0,0,0,0,0,0,0,0,0,34915,29642,48688,0,41,20,0
47825189889700,3442,2048,4096,16384,21099,512,512,1024,3179,4096,8192,8192,2665,4096,8192,16384,661,8192,8192,8192,29,2048,4096,4096,691,512,1024,1024,2670,1024,2048,2048,434,4096,4096,4096,6,2048,131072,262144,31741,1048576,1048576,2097152,42,524288,1048576,1048576,42,524288,524288,524288,42,1024,1024,1024,42,64,32768,65536,42,256,512,1024,4908,256,512,1024,4530,128,512,1024,189891,128,512,1024,23985,128,512,512,3635,256,512,1024,6246,512,1024,1024,1224,256,512,1024,1251,128,512,1024,24723,128,512,512,3852,128,512,512,606,128,512,512,261,256,512,1024,261,256,512,512,54,1024,2048,2048,47,1024,1024,2048,42,64,64,128,89,64,128,128,21,16384,32768,32768,21,16.68,12.51,4.17,42,29,14,691,73,81,0,262144,262144,262144,262144,262144,42,65536,131072,131072,131072,131072,29,65536,131072,131072,131072,131072,14,65536,131072,131072,262144,524288,691,131072,131072,131072,131072,262144,73,65536,131072,131072,131072,131072,81,0,0,0,0,0,0,0,0,0,0,0,0,0,0,0,0,0,0,0,0,0,0,0,0,0,0,0,0,0,0,0,0,0,0,0,0,0,0,32652,30122,51583,0,42,21,0
47826227878900,3491,2048,4096,16384,20435,512,512,1024,3881,4096,8192,16384,2813,4096,16384,16384,723,8192,8192,16384,34,2048,4096,4096,724,512,1024,1024,2834,1024,2048,2048,506,4096,4096,4096,8,1024,65536,262144,32272,1048576,1048576,1048576,41,524288,1048576,1048576,41,524288,524288,524288,41,1024,1024,2048,41,64,32768,65536,41,256,512,1024,4850,256,512,1024,4409,128,512,1024,183915,256,512,1024,25317,128,512,512,4017,256,512,1024,6525,512,1024,2048,1296,256,512,1024,1269,128,512,1024,23337,128,512,1024,4194,128,512,1024,690,128,512,1024,270,256,512,1024,306,128,512,1024,72,1024,2048,2048,49,1024,1024,2048,49,64,128,1024,98,64,64,128,21,16384,32768,65536,21,15.93,11.54,4.39,49,34,8,724,50,70,0,262144,262144,262144,262144,262144,49,65536,131072,131072,131072,131072,34,65536,131072,131072,131072,131072,7,65536,131072,131072,131072,262144,724,65536,131072,131072,131072,131072,50,65536,131072,262144,262144,262144,70,0,0,0,0,0,0,0,0,0,0,0,0,0,0,0,0,0,0,0,0,0,0,0,0,0,0,0,0,0,0,0,0,0,0,0,0,0,0,35689,30937,49765,0,41,21,0
47827264047100,3500,2048,4096,16384,19616,512,512,1024,3340,4096,8192,16384,2745,4096,16384,16384,699,8192,8192,8192,27,2048,4096,4096,709,512,1024,1024,2817,1024,2048,2048,506,4096,4096,4096,2,1024,131072,262144,30790,1048576,1048576,1048576,42,1048576,1048576,1048576,42,524288,524288,524288,42,1024,1024,1024,42,128,32768,65536,42,256,512,1024,4809,256,512,1024,4728,128,512,1024,176544,256,512,1024,24705,128,512,512,3893,256,512,1024,6462,512,1024,1024,1161,256,512,1024,1260,128,512,1024,24768,128,512,512,4212,128,512,512,660,128,512,512,270,256,1024,1024,243,256,512,512,18,2048,2048,2048,3,1024,1024,1024,9,64,64,64,12,64,64,64,21,128,16384,32768,21,14.81,12.18,2.64,9,27,15,709,75,70,0,131072,262144,262144,262144,262144,9,65536,131072,131072,131072,131072,27,65536,131072,131072,131072,131072,16,65536,131072,131072,131072,131072,709,65536,131072,131072,131072,131072,75,65536,131072,131072,131072,131072,70,0,0,0,0,0,0,0,0,0,0,0,0,0,0,0,0,0,0,0,0,0,0,0,0,0,0,0,0,0,0,0,0,0,0,0,0,0,0,34236,29534,52951,0,42,21,0
47828301259700,3395,2048,4096,16384,20583,512,512,1024,3665,4096,8192,16384,2751,4096,8192,16384,744,8192,8192,16384,40,2048,4096,4096,715,512,1024,1024,2695,1024,2048,2048,488,4096,4096,4096,8,1024,65536,262144,31976,1048576,2097152,2097152,41,524288,1048576,1048576,41,524288,524288,524288,41,1024,2048,2048,41,64,16384,32768,41,256,512,1024,4822,256,512,1024,5767,128,512,1024,185247,128,512,1024,24759,128,512,512,3996,128,512,1024,6660,512,1024,1024,1134,256,512,1024,1260,128,512,1024,23526,128,512,1024,3924,128,512,1024,654,128,512,512,333,256,512,1024,360,256,512,512,72,0,0,0,0,0,0,0,0,0,0,0,0,64,128,128,20,128,128,128,20,15.32,11.05,4.27,0,40,14,715,60,70,105,0,0,0,0,0,0,65536,131072,131072,131072,131072,39,65536,131072,131072,131072,131072,14,65536,131072,131072,262144,262144,715,131072,131072,131072,131072,262144,60,65536,131072,131072,131072,131072,70,131072,262144,262144,262144,262144,105,0,0,0,0,0,0,0,0,0,0,0,0,0,0,0,0,0,0,0,0,0,0,0,0,0,0,0,0,0,0,0,0,32783,30381,48909,832,41,20,0
47829336537800,3395,2048,4096,16384,21920,512,512,1024,3666,4096,8192,8192,2792,4096,8192,16384,733,8192,8192,8192,39,2048,4096,4096,735,512,1024,1024,2786,1024,2048,2048,442,4096,4096,4096,3,2048,131072,262144,33409,1048576,1048576,2097152,42,524288,1048576,1048576,42,524288,524288,524288,42,1024,2048,2048,42,64,32768,65536,42,128,512,1024,4900,256,512,1024,4900,256,512,1024,197280,128,512,1024,25128,128,512,512,4039,256,512,1024,6147,512,1024,1024,1218,256,512,1024,1308,128,512,1024,25749,128,512,512,3744,128,512,512,684,128,512,512,333,256,512,1024,351,256,512,512,27,0,0,0,0,0,0,0,0,0,0,0,0,64,64,128,21,64,128,128,21,15.60,11.45,4.15,0,39,15,735,73,71,0,0,0,0,0,0,0,65536,131072,131072,131072,131072,39,65536,131072,131072,131072,131072,15,65536,131072,131072,262144,524288,734,131072,131072,131072,131072,262144,73,65536,131072,131072,131072,262144,71,0,0,0,0,0,0,0,0,0,0,0,0,0,0,0,0,0,0,0,0,0,0,0,0,0,0,0,0,0,0,0,0,0,0,0,0,1,0,34057,31920,49814,0,42,21,0
47830373221600,3428,2048,4096,16384,22613,512,512,1024,3546,4096,8192,8192,2738,4096,8192,16384,763,8192,8192,8192,38,2048,4096,4096,700,512,1024,1024,2806,1024,2048,2048,499,4096,4096,4096,6,2048,131072,262144,33964,1048576,1048576,1048576,41,524288,1048576,1048576,41,524288,524288,524288,41,1024,1024,2048,41,64,8192,32768,41,256,512,1024,4776,256,512,1024,4479,128,512,1024,203517,128,512,1024,24642,128,512,512,4281,256,512,1024,6039,512,1024,1024,1121,256,512,512,1355,128,512,512,25623,128,512,512,3591,128,512,1024,531,128,512,1024,369,256,512,1024,342,256,512,1024,54,1024,2048,2048,33,1024,1024,1024,33,64,64,128,66,64,128,128,21,16384,32768,32768,21,17.73,13.46,4.28,33,38,19,700,72,69,0,262144,262144,262144,262144,262144,33,65536,131072,131072,131072,131072,39,65536,131072,131072,131072,131072,19,65536,131072,131072,262144,262144,701,131072,131072,131072,131072,131072,72,65536,131072,131072,131072,131072,69,0,0,0,0,0,0,0,0,0,0,0,0,0,0,0,0,0,0,0,0,0,0,0,0,0,0,0,0,0,0,0,0,0,0,0,0,0,0,34327,32509,51614,0,41,21,0
47831409363700,3461,2048,4096,16384,22104,512,512,1024,3399,4096,8192,16384,2742,4096,16384,32768,746,8192,8192,8192,44,2048,4096,4096,686,512,1024,1024,2754,1024,2048,2048,458,4096,4096,4096,10,2048,131072,262144,33229,1048576,1048576,1048576,41,524288,1048576,1048576,41,524288,524288,524288,41,1024,2048,2048,41,64,8192,65536,41,256,512,1024,4859,256,512,1024,4562,128,512,1024,198936,128,512,1024,24678,128,512,1024,4089,256,512,1024,5868,512,1024,1024,1121,256,512,1024,1364,128,512,512,24201,128,512,512,3717,128,512,512,555,128,512,512,396,256,512,1024,396,256,512,1024,90,1024,2048,2048,33,1024,1024,1024,33,64,64,64,66,64,128,128,20,16384,32768,32768,20,16.81,12.29,4.52,33,44,17,686,76,60,0,262144,262144,262144,262144,262144,33,65536,131072,131072,131072,131072,44,131072,131072,131072,131072,131072,17,65536,131072,131072,262144,262144,685,131072,131072,131072,131072,131072,76,65536,131072,131072,131072,131072,60,0,0,0,0,0,0,0,0,0,0,0,0,0,0,0,0,0,0,0,0,0,0,0,0,0,0,0,0,0,0,0,0,0,0,0,0,0,0,33771,31747,50625,0,41,20,0
47832443384600,3494,2048,4096,16384,20386,512,512,1024,3370,4096,8192,16384,2644,4096,16384,32768,699,8192,8192,8192,28,2048,4096,8192,685,512,1024,2048,2675,1024,2048,2048,429,2048,4096,4096,5,2048,131072,262144,31206,1048576,1048576,1048576,42,1048576,1048576,1048576,42,524288,524288,524288,42,1024,1024,2048,42,64,32768,65536,42,256,512,1024,5231,256,512,1024,4934,256,512,1024,183474,256,512,1024,23796,128,512,1024,4416,256,512,1024,5634,512,1024,1024,1328,256,512,1024,1337,128,512,1024,22896,128,512,1024,3636,128,512,1024,555,128,512,512,243,256,1024,1024,252,128,512,512,45,1024,2048,2048,39,1024,1024,2048,35,64,64,128,74,64,128,128,21,128,32768,32768,21,17.50,12.59,4.91,35,28,20,685,88,84,0,262144,262144,262144,262144,262144,35,131072,131072,131072,131072,131072,28,65536,131072,131072,131072,131072,20,65536,131072,131072,131072,262144,686,65536,131072,131072,131072,262144,88,65536,131072,131072,131072,131072,84,0,0,0,0,0,0,0,0,0,0,0,0,0,0,0,0,0,0,0,0,0,0,0,0,0,0,0,0,0,0,0,0,0,0,0,0,0,0,33043,30164,49503,0,42,21,0
47833478587300,3500,4096,4096,16384,21667,512,512,1024,3596,4096,8192,8192,2865,4096,8192,16384,726,8192,8192,16384,35,2048,4096,4096,762,512,1024,1024,2852,1024,2048,2048,507,4096,4096,4096,15,1024,65536,262144,33344,1048576,1048576,2097152,41,1048576,1048576,1048576,41,524288,524288,524288,41,1024,2048,2048,41,64,32768,65536,41,256,512,1024,4810,256,512,1024,4756,256,512,1024,195003,256,512,1024,25785,128,512,1024,4574,256,512,1024,5859,512,1024,1024,1265,256,512,1024,1274,128,512,1024,22761,128,512,512,3780,128,512,512,525,128,512,512,333,256,512,1024,315,256,512,1024,135,0,0,0,0,1024,1024,1024,4,64,64,64,4,64,128,128,21,128,256,32768,21,15.86,11.58,4.28,4,35,17,762,85,63,0,262144,262144,262144,262144,262144,4,65536,131072,131072,131072,131072,35,65536,131072,131072,131072,131072,17,65536,131072,131072,262144,262144,762,131072,131072,131072,131072,131072,85,65536,131072,131072,131072,131072,63,0,0,0,0,0,0,0,0,0,0,0,0,0,0,0,0,0,0,0,0,0,0,0,0,0,0,0,0,0,0,0,0,0,0,0,0,0,0,33193,31771,53137,0,41,21,0
47834515082000,3500,2048,4096,16384,21606,512,512,1024,3201,4096,8192,16384,2803,4096,8192,16384,710,8192,8192,8192,37,2048,4096,4096,712,512,1024,2048,2733,1024,2048,2048,514,4096,4096,4096,8,2048,131072,262144,32675,1048576,1048576,1048576,42,524288,1048576,1048576,42,524288,524288,524288,42,1024,1024,2048,42,64,32768,65536,42,256,512,1024,4440,256,512,1024,4440,256,512,1024,194454,256,512,1024,25227,128,512,1024,4155,256,512,1024,5931,512,1024,2048,1248,256,512,1024,1302,128,512,512,24984,128,512,512,3726,128,512,512,531,128,512,512,306,256,512,1024,333,256,512,512,72,0,0,0,0,0,0,0,0,0,0,0,0,64,64,128,21,64,128,128,21,15.41,11.78,3.63,0,37,19,712,74,85,0,0,0,0,0,0,0,65536,131072,131072,131072,131072,37,65536,131072,131072,131072,131072,19,65536,131072,131072,131072,131072,712,131072,131072,131072,131072,131072,74,65536,131072,131072,131072,131072,85,0,0,0,0,0,0,0,0,0,0,0,0,0,0,0,0,0,0,0,0,0,0,0,0,0,0,0,0,0,0,0,0,0,0,0,0,0,0,34283,31462,49447,0,42,21,0
47835550511600,3500,2048,4096,16384,22357,512,512,1024,3683,4096,8192,8192,2835,4096,16384,16384,692,8192,8192,8192,32,2048,4096,4096,722,512,1024,1024,2885,1024,2048,2048,462,4096,4096,4096,19,2048,131072,262144,34042,1048576,1048576,2097152,41,524288,1048576,1048576,41,524288,524288,524288,41,1024,1024,2048,41,64,32768,32768,41,256,512,1024,4342,256,512,1024,4342,256,512,1024,201220,128,512,1024,25515,128,512,512,4176,256,512,1024,5715,512,1024,1024,1068,256,512,1024,1203,128,512,1024,24327,128,512,1024,4023,128,512,1024,522,128,512,1024,306,256,1024,1024,288,256,512,1024,171,0,0,0,0,0,0,0,0,0,0,0,0,64,128,128,20,64,128,128,20,15.75,11.47,4.28,0,32,21,722,85,84,0,0,0,0,0,0,0,65536,131072,131072,131072,131072,32,65536,131072,131072,131072,262144,21,65536,131072,131072,262144,262144,722,131072,131072,131072,131072,262144,85,65536,131072,131072,131072,131072,84,0,0,0,0,0,0,0,0,0,0,0,0,0,0,0,0,0,0,0,0,0,0,0,0,0,0,0,0,0,0,0,0,0,0,0,0,0,0,34677,32425,49869,0,41,20,0
47836585774400,3500,2048,4096,16384,22907,512,512,1024,3519,4096,8192,8192,2834,4096,8192,16384,688,8192,16384,16384,30,2048,4096,4096,718,512,1024,2048,2831,1024,2048,2048,496,4096,4096,4096,15,2048,131072,262144,34418,1048576,1048576,1048576,41,524288,1048576,1048576,41,524288,524288,524288,41,1024,1024,1024,41,64,32768,131072,42,256,512,1024,4184,256,512,1024,4184,128,512,1024,206156,128,512,1024,25506,128,512,512,4245,128,512,1024,6093,512,1024,2048,1365,256,512,1024,1275,128,512,1024,23526,128,512,512,3447,128,512,512,744,256,512,1024,234,256,512,1024,270,256,512,1024,135,0,0,0,0,0,0,0,0,0,0,0,0,64,64,128,21,64,128,256,21,15.72,11.07,4.65,0,30,20,718,77,88,0,0,0,0,0,0,0,65536,131072,131072,131072,131072,30,131072,131072,131072,131072,131072,20,65536,131072,131072,262144,1048576,718,65536,131072,131072,131072,262144,76,65536,131072,131072,131072,131072,88,0,0,0,0,0,0,0,0,0,0,0,0,0,0,0,0,0,0,0,0,0,0,0,0,0,0,0,0,0,0,0,0,0,0,0,0,0,0,34569,32689,50729,0,41,21,0
47837621651500,3395,2048,4096,16384,21604,512,512,1024,3486,4096,8192,8192,2739,4096,8192,16384,647,8192,8192,8192,31,2048,4096,4096,703,512,1024,1024,2735,1024,2048,2048,506,4096,4096,4096,13,2048,131072,262144,32805,1048576,1048576,2097152,42,524288,1048576,1048576,42,524288,524288,524288,42,512,1024,1024,42,64,16384,32768,41,256,512,1024,4583,256,512,1024,5528,128,512,1024,194436,128,512,1024,24651,128,512,512,3979,128,512,1024,5616,512,1024,2048,1253,256,512,1024,1316,128,512,1024,25209,128,512,1024,3681,128,512,1024,474,128,512,512,306,256,512,1024,279,256,1024,1024,117,0,0,0,0,0,0,0,0,0,0,0,0,64,64,64,21,64,128,128,21,15.83,11.56,4.27,0,31,19,703,70,66,105,0,0,0,0,0,0,65536,131072,131072,131072,131072,31,131072,131072,131072,131072,131072,19,65536,131072,131072,262144,524288,703,131072,131072,131072,131072,131072,71,65536,131072,131072,131072,131072,66,131072,262144,262144,262144,262144,105,0,0,0,0,0,0,0,0,0,0,0,0,0,0,0,0,0,0,0,0,0,0,0,0,0,0,0,0,0,0,0,0,34438,31422,51996,0,42,21,0
47838659861300,3395,2048,4096,16384,21779,512,512,1024,3429,4096,8192,8192,2711,4096,16384,16384,691,8192,8192,8192,35,2048,4096,4096,727,512,1024,2048,2701,1024,2048,2048,459,4096,4096,4096,13,2048,65536,262144,32877,1048576,1048576,1048576,41,524288,1048576,1048576,41,524288,524288,524288,41,1024,1024,2048,41,64,32768,65536,41,256,512,1024,4473,256,512,1024,4473,128,512,1024,196011,128,512,1024,24399,128,512,1024,3756,128,512,1024,5868,512,1024,1024,1323,256,512,1024,1386,128,512,512,23508,128,512,512,3492,128,512,1024,531,128,512,1024,315,256,512,1024,315,256,512,512,117,0,0,0,0,0,0,0,0,0,0,0,0,64,128,128,20,64,128,128,20,15.56,11.29,4.27,0,35,22,727,79,78,0,0,0,0,0,0,0,65536,131072,131072,131072,131072,35,131072,131072,131072,131072,131072,22,65536,131072,262144,262144,524288,727,131072,131072,131072,131072,131072,79,65536,131072,131072,131072,262144,78,0,0,0,0,0,0,0,0,0,0,0,0,0,0,0,0,0,0,0,0,0,0,0,0,0,0,0,0,0,0,0,0,0,0,0,0,0,0,35116,31584,49482,0,41,20,0
47839695546300,3403,2048,4096,16384,22095,512,512,1024,3382,4096,8192,8192,2781,4096,8192,16384,674,8192,8192,8192,40,2048,4096,4096,705,512,1024,1024,2830,1024,2048,2048,449,4096,4096,4096,9,2048,65536,262144,33331,1048576,1048576,1048576,42,524288,1048576,1048576,42,524288,524288,524288,42,1024,1024,2048,42,64,32768,65536,42,256,512,1024,4471,256,512,1024,4399,128,512,1024,198857,128,512,1024,25029,128,512,512,3943,256,512,1024,6003,512,1024,1024,1362,256,512,1024,1326,128,512,512,24309,128,512,512,3582,128,512,512,588,128,512,512,333,256,512,1024,360,256,512,1024,81,2048,2048,2048,10,1024,1024,1024,8,64,64,64,18,64,64,128,21,64,16384,16384,21,17.25,12.21,5.04,8,40,15,705,78,72,0,262144,262144,262144,262144,524288,8,65536,131072,262144,262144,262144,40,65536,262144,262144,262144,262144,15,65536,131072,262144,262144,262144,705,65536,131072,131072,131072,131072,78,65536,131072,131072,131072,131072,72,0,0,0,0,0,0,0,0,0,0,0,0,0,0,0,0,0,0,0,0,0,0,0,0,0,0,0,0,0,0,0,0,0,0,0,0,0,0,33965,31853,51070,0,42,21,0
47840728941000,3429,2048,4096,16384,22289,512,512,1024,3402,4096,8192,8192,2725,4096,8192,16384,715,8192,8192,8192,20,2048,4096,4096,676,512,1024,1024,2745,1024,2048,4096,475,4096,4096,4096,14,2048,131072,262144,33345,1048576,1048576,1048576,41,524288,1048576,1048576,41,524288,524288,524288,41,512,1024,1024,41,64,16384,32768,41,256,512,1024,5001,256,512,1024,4767,256,512,1024,200599,128,512,1024,24525,128,512,512,3735,256,512,1024,6012,512,1024,1024,1311,256,512,512,1248,128,512,512,24363,128,512,512,3366,128,512,512,620,128,512,512,225,128,512,512,180,256,512,1024,126,2048,2048,2048,27,1024,1024,2048,26,64,64,64,53,64,128,128,21,16384,32768,32768,21,15.61,10.83,4.78,26,20,18,676,92,79,0,262144,262144,262144,262144,262144,26,65536,131072,131072,131072,131072,20,65536,131072,131072,131072,262144,18,65536,131072,262144,262144,262144,676,65536,131072,131072,131072,262144,92,65536,131072,131072,131072,131072,79,0,0,0,0,0,0,0,0,0,0,0,0,0,0,0,0,0,0,0,0,0,0,0,0,0,0,0,0,0,0,0,0,0,0,0,0,0,0,33442,31773,50751,0,41,21,0
47841763860800,3461,2048,4096,16384,22455,512,512,1024,3417,4096,8192,8192,2733,4096,8192,16384,633,8192,8192,8192,26,2048,4096,4096,690,512,1024,1024,2725,1024,2048,2048,451,4096,4096,4096,7,2048,131072,262144,33433,1048576,1048576,1048576,42,524288,1048576,1048576,42,524288,524288,524288,42,1024,1024,1024,42,64,32768,32768,42,256,512,1024,4914,256,512,1024,4626,256,512,1024,202095,128,512,1024,24597,128,512,1024,3349,256,512,1024,5733,512,1024,1024,1362,256,512,1024,1254,128,512,1024,23922,128,512,1024,3528,128,512,512,660,128,512,512,198,128,512,1024,234,256,512,1024,63,1024,2048,2048,36,1024,2048,2048,32,64,64,64,68,64,128,128,21,16384,32768,32768,21,18.35,13.32,5.03,32,26,14,690,80,93,0,262144,262144,262144,262144,524288,32,65536,131072,131072,131072,262144,26,131072,131072,131072,131072,262144,14,65536,131072,262144,262144,262144,678,131072,131072,131072,131072,131072,80,65536,131072,131072,131072,262144,93,0,0,0,0,0,0,0,0,0,0,0,0,0,0,0,0,0,0,0,0,0,0,0,0,0,0,0,0,0,0,0,0,0,0,0,0,11,0,33869,32075,52560,0,42,21,0
47842799862900,3497,2048,4096,16384,21830,512,512,1024,3465,4096,8192,16384,2765,4096,8192,16384,735,8192,8192,8192,27,2048,4096,4096,749,512,1024,2048,2793,1024,2048,2048,466,4096,4096,4096,9,2048,131072,262144,33142,1048576,2097152,2097152,41,1048576,1048576,1048576,41,524288,524288,524288,41,1024,1024,2048,41,64,128,8192,41,256,512,1024,5035,256,512,1024,4711,256,512,1024,196479,256,512,1024,24885,128,512,1024,3995,256,512,1024,6327,512,1024,2048,1245,256,512,1024,1317,128,512,1024,22455,128,512,512,3222,128,512,512,597,128,512,1024,270,256,512,1024,243,256,512,1024,81,2048,2048,16384,32,1024,1024,1024,37,64,64,128,69,64,128,128,20,16384,65536,65536,20,16.48,12.33,4.15,37,27,20,749,77,108,0,262144,262144,262144,262144,262144,37,131072,131072,262144,262144,262144,27,65536,131072,131072,131072,131072,20,65536,131072,262144,262144,524288,761,65536,131072,131072,131072,131072,77,65536,131072,131072,131072,131072,108,0,0,0,0,0,0,0,0,0,0,0,0,0,0,0,0,0,0,0,0,0,0,0,0,0,0,0,0,0,0,0,0,0,0,0,0,0,0,34372,31834,49737,2,41,20,0
47843834407100,3500,2048,4096,16384,19781,512,512,1024,3429,4096,8192,16384,2779,4096,8192,16384,764,8192,8192,8192,30,2048,4096,4096,714,512,1024,2048,2755,1024,2048,2048,525,4096,4096,4096,10,2048,65536,262144,31067,1048576,1048576,2097152,41,1048576,1048576,1048576,41,524288,524288,524288,41,1024,1024,1024,41,64,32768,65536,41,256,512,1024,4793,256,512,1024,4766,128,512,1024,178020,256,512,1024,25011,128,512,1024,3785,256,512,1024,6453,512,1024,2048,1295,256,512,1024,1187,128,512,1024,22680,128,512,512,3627,128,512,512,477,128,512,512,252,256,512,1024,270,256,512,1024,90,0,0,0,0,512,512,512,2,64,64,64,2,64,64,64,21,64,128,128,21,15.60,11.57,4.02,2,30,19,714,82,84,0,131072,131072,131072,131072,262144,2,131072,262144,262144,262144,262144,30,65536,131072,131072,131072,262144,19,65536,131072,262144,262144,262144,714,131072,131072,131072,131072,131072,82,65536,131072,262144,262144,262144,84,0,0,0,0,0,0,0,0,0,0,0,0,0,0,0,0,0,0,0,0,0,0,0,0,0,0,0,0,0,0,0,0,0,0,0,0,0,0,34441,29994,50746,0,41,21,0
47844870230600,3500,2048,4096,16384,20632,512,512,1024,3453,4096,8192,8192,2854,4096,16384,16384,765,8192,8192,16384,42,2048,4096,4096,722,512,1024,2048,2812,1024,2048,2048,483,4096,4096,4096,6,2048,131072,262144,32096,1048576,1048576,1048576,42,1048576,1048576,1048576,42,524288,524288,524288,42,1024,2048,2048,42,64,16384,65536,42,256,512,1024,4844,256,512,1024,4844,128,512,1024,185688,256,512,1024,25686,128,512,512,4520,256,512,1024,6264,512,1024,2048,1179,256,512,1024,1413,128,512,1024,23337,128,512,1024,3483,128,512,512,603,128,512,512,414,256,512,1024,378,256,512,1024,54,0,0,0,0,0,0,0,0,0,0,0,0,64,64,128,21,64,128,256,21,16.23,11.57,4.65,0,42,26,722,100,64,0,0,0,0,0,0,0,65536,131072,262144,262144,262144,41,65536,131072,131072,131072,131072,26,65536,131072,262144,262144,262144,716,131072,131072,131072,131072,131072,100,65536,131072,131072,131072,131072,64,0,0,0,0,0,0,0,0,0,0,0,0,0,0,0,0,0,0,0,0,0,0,0,0,0,0,0,0,0,0,0,0,0,0,0,0,6,0,34712,30773,50133,0,42,21,0
47845906889900,3500,2048,4096,16384,21939,512,512,1024,3563,4096,8192,8192,2774,4096,16384,16384,752,8192,8192,8192,35,2048,4096,4096,720,512,1024,1024,2851,1024,2048,2048,498,4096,4096,4096,11,2048,131072,262144,33433,1048576,1048576,2097152,41,524288,1048576,1048576,41,524288,524288,524288,41,1024,1024,2048,41,64,32768,65536,41,256,512,1024,4648,256,512,1024,4648,256,512,1024,197451,256,512,1024,24966,128,512,1024,4333,256,512,1024,5796,512,1024,1024,1194,256,512,1024,1167,128,512,1024,21708,128,512,512,3645,128,512,512,561,128,512,1024,279,256,512,512,324,256,512,1024,99,0,0,0,0,0,0,0,0,0,0,0,0,64,128,128,20,128,128,128,20,17.32,12.68,4.64,0,35,20,720,100,79,0,0,0,0,0,0,0,65536,262144,262144,262144,262144,36,131072,131072,131072,131072,131072,20,65536,131072,262144,262144,262144,726,131072,131072,131072,131072,262144,100,65536,131072,131072,131072,262144,79,0,0,0,0,0,0,0,0,0,0,0,0,0,0,0,0,0,0,0,0,0,0,0,0,0,0,0,0,0,0,0,0,0,0,0,0,0,0,34250,31752,49966,0,41,20,0
47846940387900,3500,2048,4096,16384,22832,512,512,1024,3502,4096,8192,8192,2783,4096,16384,16384,760,8192,8192,8192,34,2048,4096,4096,731,512,1024,1024,2790,1024,2048,2048,476,4096,4096,4096,6,2048,131072,262144,34237,1048576,2097152,2097152,42,524288,1048576,1048576,42,524288,524288,1048576,42,1024,1024,2048,42,64,32768,131072,42,256,512,1024,4433,256,512,1024,4433,128,512,1024,205488,128,512,1024,25047,128,512,512,4396,256,512,1024,5868,512,1024,1024,1278,256,512,1024,1440,128,512,1024,24390,128,512,512,3384,128,512,512,594,128,512,1024,324,256,512,1024,306,256,512,1024,54,0,0,0,0,0,0,0,0,0,0,0,0,64,128,128,21,128,128,256,21,15.88,11.59,4.28,0,34,19,731,98,85,0,0,0,0,0,0,0,65536,131072,131072,131072,131072,34,65536,131072,131072,131072,131072,19,65536,131072,262144,262144,524288,731,65536,131072,131072,131072,262144,98,65536,131072,131072,131072,262144,85,0,0,0,0,0,0,0,0,0,0,0,0,0,0,0,0,0,0,0,0,0,0,0,0,0,0,0,0,0,0,0,0,0,0,0,0,0,0,34493,32705,50700,0,42,21,0
47847987226600,3395,2048,4096,16384,22407,512,512,1024,3438,4096,8192,8192,2810,4096,16384,32768,761,8192,8192,8192,28,2048,4096,4096,706,512,1024,1024,2837,1024,2048,2048,463,4096,4096,4096,16,2048,131072,262144,33740,1048576,1048576,1048576,41,524288,1048576,1048576,41,524288,524288,524288,41,1024,1024,1024,41,64,16384,32768,42,256,512,1024,4368,256,512,1024,5313,128,512,1024,201663,128,512,1024,25290,128,512,512,4365,128,512,1024,5895,512,1024,2048,1411,256,512,1024,1257,128,512,1024,24120,128,512,512,3663,128,512,512,540,128,512,512,261,256,512,1024,252,256,512,1024,144,0,0,0,0,0,0,0,0,0,0,0,0,64,128,128,21,64,128,128,21,16.18,11.29,4.89,0,28,18,706,84,74,105,0,0,0,0,0,0,65536,131072,131072,131072,262144,28,131072,131072,131072,131072,131072,18,65536,131072,262144,262144,262144,706,131072,131072,131072,131072,131072,83,65536,131072,131072,131072,131072,72,131072,262144,524288,524288,524288,105,0,0,0,0,0,0,0,0,0,0,0,0,0,0,0,0,0,0,0,0,0,0,0,0,0,0,0,0,0,0,3,0,34360,32077,51155,0,41,21,0
47849013154400,3395,2048,4096,16384,21413,512,512,1024,3386,4096,8192,8192,2731,4096,8192,16384,670,8192,8192,8192,40,2048,4096,4096,664,512,1024,1024,2670,1024,2048,2048,468,4096,4096,4096,16,1024,65536,262144,32367,1048576,1048576,1048576,42,524288,1048576,1048576,42,524288,524288,524288,42,1024,2048,2048,42,64,8192,65536,41,128,512,1024,4605,256,512,1024,4605,128,512,1024,192717,128,512,1024,24579,128,512,512,4184,128,512,1024,5058,512,1024,1024,1292,256,512,512,1329,128,512,512,23616,128,512,512,3393,128,512,512,579,128,512,1024,360,256,512,1024,360,256,512,1024,144,0,0,0,0,0,0,0,0,0,0,0,0,64,128,128,21,64,128,128,21,15.61,11.33,4.28,0,40,12,664,87,97,0,0,0,0,0,0,0,131072,131072,131072,131072,262144,40,131072,131072,131072,131072,262144,12,65536,131072,262144,262144,262144,664,131072,131072,131072,131072,262144,88,65536,131072,131072,131072,131072,99,0,0,0,0,0,0,0,0,0,0,0,0,0,0,0,0,0,0,0,0,0,0,0,0,0,0,0,0,0,0,0,0,0,0,0,0,0,0,32382,30372,50291,687,42,21,0
47850046587000,3416,2048,4096,16384,21344,512,512,1024,3391,4096,8192,8192,2582,4096,8192,16384,653,8192,8192,8192,25,2048,4096,4096,681,512,1024,1024,2671,1024,2048,2048,426,4096,4096,4096,11,2048,65536,262144,32100,1048576,1048576,1048576,41,524288,1048576,1048576,41,524288,524288,524288,41,1024,2048,2048,41,64,128,32768,41,256,512,1024,4955,256,512,1024,4766,128,512,1024,192096,128,512,1024,23238,128,512,1024,4051,128,512,1024,5130,512,1024,1024,1473,256,512,1024,1437,128,512,512,22797,128,512,512,3465,128,512,512,615,128,512,1024,270,128,512,1024,225,256,1024,1024,99,1024,2048,2048,22,1024,1024,1024,21,64,64,128,43,64,64,64,20,128,32768,32768,20,17.88,13.72,4.15,21,25,14,681,72,75,0,262144,262144,262144,262144,262144,21,65536,131072,131072,131072,131072,25,65536,131072,131072,131072,131072,14,65536,131072,262144,262144,262144,681,131072,131072,262144,262144,262144,72,65536,131072,131072,131072,131072,75,0,0,0,0,0,0,0,0,0,0,0,0,0,0,0,0,0,0,0,0,0,0,0,0,0,0,0,0,0,0,0,0,0,0,0,0,0,0,34176,31083,50532,0,41,20,0
47851086202200,3445,2048,4096,16384,22022,512,512,1024,3397,4096,8192,8192,2792,4096,16384,16384,705,8192,8192,8192,37,2048,4096,4096,748,512,1024,1024,2802,1024,2048,2048,486,4096,4096,4096,18,1024,131072,262144,33368,1048576,1048576,2097152,41,524288,1048576,1048576,41,524288,524288,524288,41,1024,1024,2048,41,64,8192,16384,42,256,512,1024,4960,256,512,1024,4699,128,512,1024,198198,128,512,1024,25128,128,512,1024,4342,256,512,1024,5679,512,1024,1024,1239,256,512,1024,1293,128,512,1024,23580,128,512,1024,3456,128,512,512,537,256,512,1024,288,256,512,1024,333,256,1024,1024,162,1024,2048,2048,31,1024,2048,2048,30,64,64,64,61,64,128,128,21,16384,32768,32768,21,20.92,15.16,5.76,30,37,12,748,93,84,0,262144,262144,262144,262144,262144,30,65536,131072,131072,131072,131072,37,65536,131072,131072,131072,131072,12,65536,131072,262144,262144,262144,748,131072,131072,262144,262144,262144,92,65536,131072,131072,131072,131072,84,0,0,0,0,0,0,0,0,0,0,0,0,0,0,0,0,0,0,0,0,0,0,0,0,0,0,0,0,0,0,0,0,0,0,0,0,1,0,34083,32091,51108,0,41,21,0
47852120792600,3472,2048,4096,16384,21407,512,512,1024,3451,4096,8192,8192,2727,4096,16384,16384,691,8192,16384,16384,28,2048,4096,4096,700,512,1024,2048,2702,1024,2048,2048,494,4096,4096,4096,18,2048,131072,262144,32588,1048576,1048576,1048576,42,524288,1048576,1048576,42,524288,524288,524288,42,1024,1024,1024,42,64,16384,32768,41,256,512,1024,5050,256,512,1024,4807,256,512,1024,192663,256,512,1024,24543,128,512,1024,3771,256,512,1024,5886,512,1024,1024,1208,256,512,1024,1163,128,512,512,23607,128,512,512,3321,128,512,512,585,256,512,1024,234,256,512,1024,252,256,512,1024,162,1024,2048,2048,28,1024,1024,1024,26,64,64,64,54,64,128,128,21,16384,65536,65536,21,16.60,12.95,3.65,26,28,22,700,103,83,0,262144,262144,262144,262144,262144,26,65536,131072,131072,131072,262144,28,65536,262144,262144,262144,262144,22,65536,131072,262144,524288,524288,700,131072,131072,131072,262144,262144,104,65536,131072,131072,131072,131072,83,0,0,0,0,0,0,0,0,0,0,0,0,0,0,0,0,0,0,0,0,0,0,0,0,0,0,0,0,0,0,0,0,0,0,0,0,0,0,34145,31049,51214,0,42,21,0
47853159714400,3500,4096,4096,16384,21069,512,512,1024,3450,4096,8192,16384,2900,4096,8192,16384,649,8192,8192,8192,30,2048,4096,4096,751,512,1024,4096,2918,1024,2048,2048,479,4096,4096,4096,12,2048,131072,262144,32597,1048576,1048576,2097152,41,524288,1048576,1048576,41,524288,524288,524288,41,512,1024,1024,41,64,16384,65536,41,256,512,1024,4830,256,512,1024,4578,256,512,1024,189621,256,512,1024,26100,128,512,1024,3728,256,512,1024,5715,512,1024,2048,1305,256,512,1024,1359,128,512,1024,22356,128,512,512,3618,128,512,512,492,128,512,1024,297,256,512,1024,270,256,512,512,108,1024,2048,2048,24,1024,1024,1024,28,64,64,64,52,64,128,128,20,16384,65536,65536,20,18.44,12.92,5.52,28,30,23,751,88,85,0,131072,262144,262144,262144,262144,28,131072,131072,131072,131072,131072,30,65536,131072,131072,131072,262144,23,65536,131072,262144,262144,524288,751,131072,131072,262144,262144,262144,88,65536,131072,131072,131072,131072,85,0,0,0,0,0,0,0,0,0,0,0,0,0,0,0,0,0,0,0,0,0,0,0,0,0,0,0,0,0,0,0,0,0,0,0,0,0,0,34629,31470,50502,0,41,20,0
47854192139500,3500,2048,4096,16384,20755,512,512,1024,3476,4096,8192,16384,2747,4096,8192,16384,688,8192,8192,8192,28,2048,4096,4096,726,512,1024,2048,2756,1024,2048,2048,487,4096,8192,8192,18,2048,131072,524288,32057,1048576,2097152,2097152,42,524288,1048576,1048576,42,524288,524288,524288,42,512,1024,1024,42,64,32768,32768,42,256,512,1024,4779,256,512,1024,4779,128,512,1024,186795,256,512,1024,24723,128,512,512,3945,256,512,1024,6021,512,1024,2048,1386,256,512,1024,1269,128,512,1024,23301,128,512,1024,3402,128,512,1024,537,256,512,1024,261,256,512,1024,252,256,1024,1024,162,0,0,0,0,0,0,0,0,0,0,0,0,64,128,128,21,128,128,128,21,16.29,11.74,4.55,0,28,23,726,77,86,0,0,0,0,0,0,0,65536,131072,262144,262144,262144,28,131072,131072,131072,131072,262144,23,65536,131072,262144,262144,262144,726,131072,131072,262144,262144,262144,77,65536,131072,131072,131072,131072,86,0,0,0,0,0,0,0,0,0,0,0,0,0,0,0,0,0,0,0,0,0,0,0,0,0,0,0,0,0,0,0,0,0,0,0,0,0,0,33721,30874,49115,0,42,21,0
47855226247300,3500,2048,4096,16384,22001,512,512,1024,3490,4096,8192,16384,2784,4096,8192,16384,708,8192,16384,16384,35,2048,4096,4096,691,512,1024,2048,2784,1024,2048,2048,468,4096,8192,8192,16,2048,65536,262144,33314,1048576,1048576,2097152,41,524288,1048576,1048576,41,524288,524288,524288,41,1024,2048,2048,41,64,1024,16384,41,256,512,1024,4767,256,512,1024,4767,128,512,1024,198009,128,512,1024,25056,128,512,512,4026,256,512,1024,5931,512,1024,1024,1401,256,512,1024,1392,128,512,1024,23400,128,512,1024,3375,128,512,1024,567,128,512,1024,297,128,512,1024,315,256,512,1024,144,0,0,0,0,0,0,0,0,0,0,0,0,64,128,128,21,64,128,128,21,15.46,11.82,3.65,0,35,23,691,86,89,0,0,0,0,0,0,0,65536,131072,131072,131072,131072,35,65536,131072,131072,131072,131072,23,65536,131072,262144,262144,262144,690,131072,131072,262144,262144,524288,86,65536,131072,131072,131072,131072,89,0,0,0,0,0,0,0,0,0,0,0,0,0,0,0,0,0,0,0,0,0,0,0,0,0,0,0,0,0,0,0,0,0,0,0,0,0,0,33779,31676,50845,0,41,21,0
47856262862800,3500,2048,4096,16384,22138,512,512,1024,3467,4096,8192,8192,2807,4096,8192,16384,719,8192,8192,8192,30,2048,4096,4096,703,512,1024,2048,2788,1024,2048,2048,467,4096,4096,4096,12,2048,65536,262144,33436,1048576,1048576,1048576,42,524288,1048576,1048576,42,524288,524288,524288,42,512,1024,1024,42,64,16384,32768,42,256,512,1024,4929,256,512,1024,4929,128,512,1024,199242,128,512,1024,25263,128,512,512,3864,128,512,1024,6201,512,1024,1024,1383,256,512,1024,1329,128,512,512,24615,128,512,512,3483,128,512,1024,531,128,512,512,252,256,512,1024,270,256,512,512,108,0,0,0,0,0,0,0,0,0,0,0,0,64,64,64,21,64,128,128,21,16.96,12.19,4.77,0,30,22,703,79,100,0,0,0,0,0,0,0,65536,131072,262144,262144,262144,30,65536,131072,131072,131072,131072,22,65536,131072,131072,262144,262144,704,131072,131072,131072,131072,131072,79,65536,131072,131072,131072,131072,100,0,0,0,0,0,0,0,0,0,0,0,0,0,0,0,0,0,0,0,0,0,0,0,0,0,0,0,0,0,0,0,0,0,0,0,0,0,0,34159,32051,52844,0,42,21,0
47857297237800,3500,2048,4096,16384,22780,512,512,1024,3507,4096,8192,8192,2865,4096,8192,16384,712,8192,8192,8192,19,2048,4096,4096,754,512,1024,2048,2866,1024,2048,2048,519,4096,4096,4096,12,2048,65536,262144,34333,1048576,1048576,1048576,41,524288,1048576,1048576,41,524288,524288,1048576,41,1024,1024,2048,41,64,16384,32768,41,256,512,1024,4487,256,512,1024,4487,128,512,1024,205020,128,512,1024,25785,128,512,1024,3927,256,512,1024,6336,512,1024,1024,1287,256,512,1024,1152,128,512,512,24138,128,512,512,3699,128,512,512,591,128,512,512,234,128,512,1024,171,256,512,512,108,0,0,0,0,0,0,0,0,0,0,0,0,64,128,128,20,64,128,128,20,17.11,11.45,5.66,0,19,22,754,77,89,0,0,0,0,0,0,0,65536,262144,262144,262144,262144,19,65536,131072,131072,131072,131072,22,65536,131072,262144,262144,262144,752,131072,131072,131072,131072,131072,77,65536,131072,131072,131072,131072,89,0,0,0,0,0,0,0,0,0,0,0,0,0,0,0,0,0,0,0,0,0,0,0,0,0,0,0,0,0,0,0,0,0,0,0,0,1,0,35150,32863,51360,0,41,20,0
47858332860700,3395,2048,4096,16384,22342,512,512,1024,3428,4096,8192,8192,2746,4096,8192,16384,718,8192,8192,8192,20,2048,4096,4096,722,512,1024,1024,2759,1024,2048,2048,461,4096,4096,4096,6,1024,65536,262144,33477,1048576,1048576,1048576,41,524288,1048576,1048576,41,524288,524288,524288,41,512,1024,1024,41,64,32768,65536,41,128,512,1024,4317,128,512,1024,5262,128,512,1024,201078,128,512,1024,24714,128,512,1024,3976,256,512,1024,6138,512,1024,1024,1340,256,512,1024,1214,128,512,512,23706,128,512,512,3537,128,512,1024,618,128,512,1024,144,256,512,1024,180,256,512,512,54,0,0,0,0,0,0,0,0,0,0,0,0,64,128,128,21,64,128,128,21,16.61,11.95,4.66,0,20,10,722,84,73,105,0,0,0,0,0,0,65536,131072,131072,131072,131072,20,65536,131072,131072,131072,131072,10,65536,131072,262144,262144,262144,724,131072,131072,131072,131072,131072,84,65536,131072,131072,131072,131072,73,131072,262144,262144,262144,524288,105,0,0,0,0,0,0,0,0,0,0,0,0,0,0,0,0,0,0,0,0,0,0,0,0,0,0,0,0,0,0,0,0,33935,32152,51251,0,41,21,0
47859370623400,3395,2048,4096,16384,22046,512,512,1024,3384,4096,8192,8192,2726,4096,8192,16384,737,8192,8192,8192,21,2048,4096,4096,697,512,1024,2048,2722,1024,2048,2048,464,2048,4096,4096,7,2048,65536,262144,33033,1048576,1048576,1048576,42,524288,1048576,1048576,42,524288,524288,524288,42,512,1024,1024,42,64,32768,32768,42,128,512,1024,4571,256,512,1024,4571,128,512,1024,198414,128,512,1024,24534,128,512,1024,4109,256,512,1024,5796,512,1024,1024,1349,256,512,512,1250,128,512,512,23967,128,512,512,3528,128,512,512,639,128,512,512,216,128,512,1024,189,128,512,512,63,0,0,0,0,0,0,0,0,0,0,0,0,64,64,64,21,64,128,128,21,16.07,11.93,4.14,0,21,17,697,77,73,0,0,0,0,0,0,0,65536,131072,131072,131072,131072,21,65536,131072,131072,131072,131072,17,65536,131072,262144,262144,262144,697,131072,131072,131072,131072,131072,77,65536,131072,131072,131072,131072,73,0,0,0,0,0,0,0,0,0,0,0,0,0,0,0,0,0,0,0,0,0,0,0,0,0,0,0,0,0,0,0,0,0,0,0,0,0,0,34675,31647,52057,0,42,21,0
47860406604200,3423,2048,4096,16384,20007,512,512,1024,3381,4096,8192,8192,2671,4096,8192,16384,702,8192,8192,8192,29,2048,4096,4096,671,512,1024,2048,2691,1024,2048,2048,436,4096,4096,4096,6,1024,131072,262144,30848,1048576,1048576,1048576,41,524288,1048576,1048576,41,524288,524288,524288,41,1024,2048,2048,41,64,128,32768,41,256,512,1024,4805,256,512,1024,4553,128,512,1024,180063,128,512,1024,24039,128,512,1024,3970,256,512,1024,5814,512,1024,1024,1314,256,512,1024,1233,128,512,1024,23130,128,512,1024,3609,128,512,1024,465,128,512,512,270,128,512,1024,261,256,512,512,54,1024,2048,2048,32,1024,1024,1024,29,64,128,128,61,64,128,128,20,128,65536,65536,20,16.08,12.06,4.02,29,29,24,671,65,86,0,262144,262144,262144,262144,262144,29,65536,131072,262144,262144,262144,29,65536,131072,131072,131072,262144,24,65536,131072,131072,262144,262144,671,131072,131072,131072,131072,131072,65,65536,131072,131072,131072,131072,86,0,0,0,0,0,0,0,0,0,0,0,0,0,0,0,0,0,0,0,0,0,0,0,0,0,0,0,0,0,0,0,0,0,0,0,0,0,0,34929,29921,50115,0,41,20,0
47861440949300,3461,2048,4096,16384,21881,512,512,1024,3569,4096,8192,8192,2791,4096,8192,16384,740,8192,16384,32768,33,2048,4096,8192,715,512,1024,2048,2831,1024,2048,2048,504,2048,4096,4096,9,2048,65536,262144,33345,1048576,2097152,2097152,42,524288,1048576,1048576,42,524288,524288,524288,42,1024,1024,1024,42,64,32768,65536,42,256,512,1024,4766,256,512,1024,4424,128,512,1024,196929,128,512,1024,25119,128,512,1024,4272,256,512,1024,5544,512,1024,1024,1314,256,512,1024,1314,128,512,1024,23976,128,512,512,3420,128,512,1024,603,128,512,512,243,256,512,1024,297,256,512,1024,81,1024,2048,2048,34,1024,1024,1024,37,64,64,128,71,64,128,128,21,16384,65536,65536,21,15.86,11.71,4.15,37,33,16,715,63,94,0,262144,262144,262144,262144,262144,37,65536,131072,131072,131072,131072,33,65536,131072,131072,131072,131072,16,65536,131072,131072,262144,262144,715,131072,131072,131072,131072,131072,63,65536,131072,131072,131072,131072,94,0,0,0,0,0,0,0,0,0,0,0,0,0,0,0,0,0,0,0,0,0,0,0,0,0,0,0,0,0,0,0,0,0,0,0,0,0,0,34276,32165,50624,0,42,21,0
47862477465600,3484,2048,4096,16384,22269,512,512,1024,3445,4096,8192,8192,2768,4096,8192,16384,760,8192,8192,8192,24,2048,4096,4096,709,512,1024,1024,2771,1024,2048,2048,465,4096,4096,4096,6,2048,131072,262144,33508,1048576,1048576,1048576,41,524288,1048576,1048576,41,524288,524288,524288,41,1024,1024,1024,41,64,32768,65536,41,256,512,1024,4641,256,512,1024,4434,128,512,1024,200428,256,512,1024,24912,128,512,1024,4460,128,512,1024,5913,512,1024,1024,1269,256,512,1024,1341,128,512,1024,24957,128,512,1024,3321,128,512,512,501,128,512,1024,234,256,512,1024,216,256,512,1024,54,2048,2048,2048,26,1024,1024,2048,23,64,64,64,49,64,128,128,21,16384,32768,32768,21,16.59,12.69,3.90,23,24,17,709,83,90,0,262144,262144,262144,262144,262144,23,65536,131072,131072,131072,131072,24,65536,131072,131072,131072,131072,17,65536,131072,131072,262144,262144,708,65536,131072,131072,131072,262144,83,65536,131072,131072,131072,262144,90,0,0,0,0,0,0,0,0,0,0,0,0,0,0,0,0,0,0,0,0,0,0,0,0,0,0,0,0,0,0,0,0,0,0,0,0,1,0,33938,31943,51032,0,41,21,0
47863511986100,3500,2048,4096,16384,22163,512,512,1024,3464,4096,8192,8192,2731,4096,8192,16384,741,8192,16384,16384,26,2048,4096,4096,739,512,1024,2048,2742,1024,2048,2048,486,4096,4096,4096,11,2048,131072,262144,33388,1048576,1048576,1048576,42,524288,1048576,1048576,42,524288,524288,524288,42,1024,1024,2048,42,64,16384,32768,42,256,512,1024,4625,256,512,1024,4481,256,512,1024,199460,256,512,1024,24579,128,512,1024,4314,256,512,1024,5652,512,1024,1024,1491,256,512,1024,1500,128,512,1024,24723,128,512,1024,3654,128,512,512,387,128,512,1024,270,256,1024,1024,234,256,512,1024,99,1024,2048,2048,13,1024,1024,1024,16,64,64,64,29,64,64,64,21,64,32768,32768,21,14.72,11.45,3.27,16,26,25,739,88,75,0,262144,262144,262144,262144,262144,16,131072,131072,131072,131072,262144,26,65536,131072,131072,131072,131072,25,65536,131072,131072,131072,131072,738,131072,131072,131072,131072,131072,88,65536,131072,131072,131072,131072,75,0,0,0,0,0,0,0,0,0,0,0,0,0,0,0,0,0,0,0,0,0,0,0,0,0,0,0,0,0,0,0,0,0,0,0,0,1,0,33078,31809,52100,2,42,21,0
47864548493900,3500,2048,4096,16384,22380,512,512,1024,3767,4096,8192,8192,2827,4096,16384,32768,683,8192,8192,16384,42,2048,4096,4096,733,512,1024,4096,2736,1024,2048,2048,480,4096,4096,4096,11,2048,131072,262144,33990,1048576,1048576,1048576,41,524288,1048576,1048576,41,524288,524288,524288,41,1024,2048,2048,41,64,16384,65536,41,256,512,1024,4685,256,512,1024,4685,256,512,1024,201420,256,512,1024,25443,128,512,1024,4010,256,512,1024,5076,512,1024,1024,1346,256,512,1024,1436,128,512,1024,23463,128,512,512,3276,128,512,512,528,256,512,1024,306,256,512,1024,378,256,512,512,99,0,0,0,0,0,0,0,0,0,0,0,0,64,128,128,20,64,128,128,20,17.20,11.55,5.65,0,42,37,733,80,69,0,0,0,0,0,0,0,65536,131072,131072,131072,131072,42,65536,131072,131072,131072,131072,37,65536,131072,131072,262144,262144,735,131072,131072,131072,131072,131072,80,65536,131072,131072,131072,131072,69,0,0,0,0,0,0,0,0,0,0,0,0,0,0,0,0,0,0,0,0,0,0,0,0,0,0,0,0,0,0,0,0,0,0,0,0,0,0,34203,32467,52253,0,41,20,0
47865584007800,3500,2048,4096,16384,21471,512,512,1024,3799,4096,8192,8192,2801,4096,8192,16384,727,8192,8192,8192,41,2048,4096,4096,686,512,1024,4096,2878,1024,2048,2048,477,4096,4096,4096,17,2048,131072,262144,33254,1048576,1048576,1048576,41,524288,1048576,1048576,41,524288,524288,524288,41,1024,2048,2048,41,64,65536,65536,41,256,512,1024,4745,256,512,1024,4745,256,512,1024,193239,128,512,1024,25209,128,512,512,4205,128,512,1024,5760,512,1024,1024,1328,256,512,1024,1490,128,512,512,23418,128,512,512,3636,128,512,512,495,128,512,1024,369,256,512,1024,369,256,512,1024,153,0,0,0,0,0,0,0,0,0,0,0,0,64,64,64,21,64,128,128,21,16.84,11.94,4.90,0,41,43,686,84,79,0,0,0,0,0,0,0,131072,131072,131072,131072,131072,41,65536,131072,131072,131072,131072,43,65536,131072,131072,262144,262144,686,131072,131072,131072,131072,131072,84,65536,131072,131072,131072,131072,79,0,0,0,0,0,0,0,0,0,0,0,0,0,0,0,0,0,0,0,0,0,0,0,0,0,0,0,0,0,0,0,0,0,0,0,0,0,0,34933,31936,50711,0,41,21,0
47866617868300,3500,2048,4096,16384,21806,512,512,1024,3664,4096,8192,8192,2780,4096,8192,16384,704,8192,8192,8192,34,2048,4096,16384,708,512,1024,4096,2759,1024,2048,2048,511,4096,8192,8192,13,2048,131072,262144,33354,1048576,1048576,2097152,42,524288,1048576,1048576,42,524288,524288,524288,42,1024,1024,2048,42,128,65536,65536,42,256,512,1024,4905,256,512,1024,4905,128,512,1024,196254,256,512,1024,25020,128,512,1024,4220,128,512,1024,5535,512,1024,1024,1346,256,512,1024,1400,128,512,512,23409,128,512,512,3213,128,512,1024,528,256,512,1024,306,256,512,1024,306,256,512,512,117,0,0,0,0,0,0,0,0,0,0,0,0,64,64,128,21,64,128,128,21,17.02,12.61,4.41,0,34,45,708,81,94,0,0,0,0,0,0,0,65536,131072,131072,131072,131072,34,65536,131072,131072,131072,131072,45,65536,131072,131072,131072,262144,708,65536,131072,131072,131072,131072,81,65536,131072,131072,131072,131072,94,0,0,0,0,0,0,0,0,0,0,0,0,0,0,0,0,0,0,0,0,0,0,0,0,0,0,0,0,0,0,0,0,0,0,0,0,0,0,34020,31742,50854,0,42,21,0
47867656512600,3395,2048,4096,16384,23017,512,512,1024,3581,4096,8192,8192,2791,4096,8192,16384,667,8192,8192,8192,24,2048,4096,4096,738,512,1024,4096,2839,1024,2048,2048,457,4096,4096,4096,14,2048,131072,262144,34516,1048576,1048576,1048576,41,524288,1048576,1048576,41,524288,524288,524288,41,512,1024,1024,41,64,16384,32768,41,256,512,1024,4534,256,512,1024,5479,256,512,1024,207153,128,512,1024,25119,128,512,512,3982,128,512,1024,5994,512,1024,1024,1209,256,512,1024,1191,128,512,512,22041,128,512,512,3474,128,512,512,518,128,512,512,207,256,512,512,216,256,512,1024,126,0,0,0,0,0,0,0,0,0,0,0,0,64,64,64,20,64,128,128,20,17.18,12.42,4.77,0,24,51,738,69,70,105,0,0,0,0,0,0,65536,131072,131072,131072,131072,24,65536,131072,131072,131072,131072,51,65536,131072,131072,131072,131072,736,65536,131072,131072,131072,131072,69,65536,131072,131072,131072,131072,70,131072,262144,262144,262144,262144,105,0,0,0,0,0,0,0,0,0,0,0,0,0,0,0,0,0,0,0,0,0,0,0,0,0,0,0,0,0,0,1,0,34724,32953,52171,0,41,20,0
47868691222500,3395,2048,4096,16384,21578,512,512,1024,3381,4096,8192,8192,2744,4096,8192,16384,648,8192,8192,8192,26,2048,4096,4096,706,512,1024,4096,2728,1024,2048,2048,485,4096,4096,4096,19,2048,131072,262144,32709,1048576,1048576,1048576,42,524288,1048576,1048576,42,524288,524288,524288,42,512,1024,1024,42,64,32768,32768,42,256,512,1024,4572,256,512,1024,4572,128,512,1024,194202,128,512,1024,24696,128,512,1024,3883,128,512,1024,5544,512,1024,1024,1320,256,512,1024,1383,128,512,512,24012,128,512,512,3564,128,512,512,621,128,512,1024,261,256,512,1024,234,256,512,1024,171,0,0,0,0,0,0,0,0,0,0,0,0,64,128,128,21,64,256,256,21,15.85,10.95,4.91,0,26,54,706,84,91,0,0,0,0,0,0,0,131072,131072,131072,131072,131072,26,65536,131072,131072,131072,131072,54,65536,131072,131072,131072,262144,706,131072,131072,131072,131072,131072,84,65536,131072,131072,131072,131072,91,0,0,0,0,0,0,0,0,0,0,0,0,0,0,0,0,0,0,0,0,0,0,0,0,0,0,0,0,0,0,0,0,0,0,0,0,2,0,33788,31339,49895,0,42,21,0
47869725596300,3397,2048,4096,16384,22559,256,512,1024,3386,4096,8192,8192,2778,4096,8192,32768,720,8192,16384,32768,27,2048,2048,4096,746,512,1024,4096,2813,1024,2048,2048,466,4096,4096,4096,16,1024,65536,262144,33848,1048576,1048576,1048576,41,524288,1048576,1048576,41,524288,524288,524288,41,1024,1024,1024,41,128,8192,32768,41,256,512,1024,4549,256,512,1024,4531,128,512,1024,203031,128,512,1024,25002,128,512,512,3972,128,512,1024,5841,512,1024,1024,1274,256,512,1024,1391,128,512,512,23850,128,512,512,3303,128,512,512,447,128,512,1024,297,256,512,1024,243,256,512,512,144,2048,2048,2048,5,1024,1024,1024,3,64,64,64,8,64,128,128,21,64,128,128,21,14.47,10.45,4.03,3,27,47,746,82,64,0,262144,262144,262144,262144,262144,2,65536,131072,131072,131072,131072,27,65536,131072,131072,131072,131072,46,65536,131072,131072,131072,262144,745,131072,131072,131072,131072,131072,82,65536,131072,131072,131072,131072,64,0,0,0,0,0,0,0,0,0,0,0,0,0,0,0,0,0,0,0,0,0,0,0,0,0,0,0,0,0,0,0,0,0,0,0,0,4,0,34862,32370,46572,0,41,21,0
47870760772900,3424,2048,4096,16384,22107,512,512,1024,3396,4096,8192,16384,2688,4096,8192,16384,654,8192,8192,8192,30,2048,2048,4096,655,512,1024,4096,2704,1024,2048,2048,453,4096,4096,4096,14,2048,131072,262144,33072,1048576,1048576,1048576,41,524288,1048576,1048576,41,524288,524288,524288,41,512,2048,2048,41,64,4096,32768,42,256,512,1024,5016,256,512,1024,4773,128,512,1024,198963,128,512,1024,24192,128,512,1024,3545,128,512,1024,5787,512,1024,2048,1217,256,512,1024,1172,128,512,1024,23067,128,512,512,3564,128,512,1024,600,128,512,512,207,256,512,1024,270,256,512,1024,126,1024,2048,2048,28,1024,2048,8192,28,64,64,128,56,64,128,128,21,16384,32768,32768,21,17.11,11.70,5.41,28,30,46,655,82,82,0,262144,262144,262144,262144,524288,28,65536,131072,131072,131072,131072,30,65536,131072,131072,131072,131072,47,65536,131072,131072,262144,262144,650,65536,131072,131072,131072,131072,77,65536,131072,131072,131072,131072,82,0,0,0,0,0,0,0,0,0,0,0,0,0,0,0,0,0,0,0,0,0,0,0,0,0,0,0,0,0,0,0,0,0,0,0,0,13,0,34900,31695,50203,0,41,21,0
47871795987200,3454,2048,4096,16384,21448,512,512,1024,3430,4096,8192,16384,2758,4096,8192,16384,705,8192,8192,8192,32,2048,4096,4096,702,512,1024,4096,2739,1024,2048,2048,452,4096,4096,4096,7,2048,131072,262144,32580,1048576,1048576,2097152,42,524288,1048576,1048576,42,524288,524288,524288,42,1024,1024,1024,42,64,32768,65536,41,256,512,1024,4434,256,512,1024,4164,128,512,1024,193032,256,512,1024,24822,128,512,512,3973,256,512,1024,6021,512,1024,2048,1374,256,512,1024,1248,128,512,1024,23877,128,512,1024,3303,128,512,512,501,256,512,512,234,256,512,1024,288,256,512,512,63,1024,2048,2048,33,1024,1024,1024,31,64,64,128,64,64,128,128,20,16384,32768,32768,20,16.60,12.45,4.15,31,32,44,702,90,75,0,262144,262144,262144,262144,262144,32,65536,131072,131072,131072,131072,32,65536,131072,131072,131072,262144,44,65536,131072,131072,131072,262144,708,131072,131072,131072,131072,131072,94,65536,131072,131072,131072,131072,75,0,0,0,0,0,0,0,0,0,0,0,0,0,0,0,0,0,0,0,0,0,0,0,0,0,0,0,0,0,0,0,0,0,0,0,0,3,0,34145,31429,48642,0,42,20,0
47872834085100,3488,2048,4096,16384,20423,512,512,1024,3383,4096,8192,16384,2709,4096,8192,16384,684,8192,8192,8192,17,2048,4096,4096,724,512,1024,4096,2710,1024,2048,2048,471,4096,4096,4096,7,2048,131072,262144,31413,1048576,1048576,2097152,41,524288,1048576,1048576,41,524288,524288,524288,41,512,1024,1024,41,64,4096,32768,41,256,512,1024,4973,256,512,1024,4667,128,512,1024,183807,256,512,1024,24381,128,512,1024,3704,256,512,1024,6138,512,1024,1024,1233,256,512,1024,1107,128,512,1024,23679,128,512,512,3582,128,512,1024,453,128,512,512,198,256,512,1024,153,256,512,512,63,1024,2048,2048,30,1024,1024,1024,31,64,64,256,61,64,64,128,21,16384,32768,32768,21,16.55,12.42,4.14,31,17,45,724,74,82,0,262144,262144,262144,262144,524288,31,65536,131072,131072,131072,131072,17,65536,131072,131072,131072,131072,45,65536,131072,131072,262144,4194304,726,65536,131072,131072,131072,131072,75,65536,131072,131072,131072,262144,82,0,0,0,0,0,0,0,0,0,0,0,0,0,0,0,0,0,0,0,0,0,0,0,0,0,0,0,0,0,0,0,0,0,0,0,0,0,0,33555,30338,50082,0,41,21,0
47873867834300,3500,2048,4096,16384,20917,512,512,1024,3552,4096,8192,8192,2894,4096,8192,16384,761,8192,8192,8192,36,2048,2048,4096,755,512,1024,4096,2876,1024,2048,2048,522,4096,4096,4096,8,1024,65536,262144,32662,1048576,2097152,2097152,42,524288,1048576,1048576,42,524288,524288,524288,42,512,2048,2048,42,64,8192,32768,42,256,512,1024,4979,256,512,1024,4871,256,512,1024,188253,256,512,1024,26046,128,512,512,4088,256,512,1024,6318,512,1024,1024,1374,256,512,1024,1419,128,512,1024,23310,128,512,512,3627,128,512,512,519,128,512,512,324,128,512,1024,324,256,512,1024,72,1024,2048,2048,9,1024,1024,1024,12,64,64,64,21,64,64,128,21,128,16384,16384,21,14.98,11.33,3.65,12,36,44,755,83,82,0,262144,262144,262144,262144,524288,12,65536,131072,131072,131072,131072,36,65536,131072,131072,131072,131072,44,65536,131072,131072,262144,262144,755,131072,131072,131072,131072,131072,83,65536,131072,131072,131072,131072,82,0,0,0,0,0,0,0,0,0,0,0,0,0,0,0,0,0,0,0,0,0,0,0,0,0,0,0,0,0,0,0,0,0,0,0,0,0,0,33597,31253,48228,0,42,21,0
47874902492400,3500,2048,4096,16384,22113,512,512,1024,3492,4096,8192,8192,2794,4096,8192,16384,764,8192,8192,8192,26,2048,2048,4096,738,512,1024,4096,2814,1024,2048,2048,493,4096,4096,4096,7,2048,131072,262144,33508,1048576,1048576,1048576,41,524288,1048576,1048576,41,524288,524288,524288,41,1024,1024,1024,41,64,32768,65536,41,256,512,1024,4689,256,512,1024,4689,256,512,1024,199017,256,512,1024,25146,128,512,1024,4113,256,512,1024,6129,512,1024,1024,1407,256,512,1024,1299,128,512,1024,23274,128,512,512,3519,128,512,512,375,128,512,1024,243,256,512,1024,234,256,512,512,63,0,0,0,0,0,0,0,0,0,0,0,0,64,128,128,20,64,128,128,20,15.61,10.58,5.04,0,26,33,738,81,81,0,0,0,0,0,0,0,65536,131072,131072,131072,131072,26,65536,131072,131072,131072,131072,33,65536,131072,131072,262144,262144,736,131072,131072,131072,131072,131072,81,65536,131072,131072,131072,131072,81,0,0,0,0,0,0,0,0,0,0,0,0,0,0,0,0,0,0,0,0,0,0,0,0,0,0,0,0,0,0,0,0,0,0,0,0,2,0,34540,32219,48849,0,41,20,0
47875938192800,3500,2048,4096,16384,20889,512,512,1024,3482,4096,8192,8192,2777,4096,8192,16384,739,8192,8192,16384,28,2048,2048,4096,679,512,1024,4096,2767,1024,2048,2048,495,4096,4096,4096,8,2048,65536,262144,32135,1048576,1048576,1048576,42,524288,1048576,1048576,42,524288,524288,524288,42,512,1024,1024,42,64,32768,32768,42,256,512,1024,4758,256,512,1024,4758,128,512,1024,188001,128,512,1024,24993,128,512,512,4034,256,512,1024,5940,512,1024,1024,1488,256,512,512,1335,128,512,512,24516,128,512,512,3771,128,512,512,552,128,512,512,234,256,512,1024,252,256,512,512,72,0,0,0,0,0,0,0,0,0,0,0,0,64,128,128,21,64,128,128,21,15.85,11.45,4.40,0,28,43,679,91,73,0,0,0,0,0,0,0,65536,131072,131072,131072,131072,28,65536,131072,131072,131072,131072,41,65536,131072,131072,131072,262144,679,131072,131072,131072,131072,262144,91,65536,131072,131072,131072,131072,72,0,0,0,0,0,0,0,0,0,0,0,0,0,0,0,0,0,0,0,0,0,0,0,0,0,0,0,0,0,0,0,0,0,0,0,0,5,0,34642,30993,49324,0,42,21,0
47876972909500,3500,2048,4096,16384,22991,512,512,1024,3403,4096,8192,16384,2786,4096,8192,16384,724,8192,8192,8192,32,2048,2048,4096,700,512,1024,2048,2766,1024,2048,2048,466,0,0,0,1,2048,65536,262144,34181,1048576,1048576,1048576,41,524288,1048576,1048576,41,524288,524288,524288,41,512,1024,2048,41,64,8192,32768,41,256,512,1024,4574,256,512,1024,4574,128,512,1024,206919,128,512,1024,25074,128,512,512,4059,256,512,1024,5841,512,1024,1024,1434,256,512,1024,1407,128,512,512,25092,128,512,512,3312,128,512,512,432,128,512,512,288,256,512,1024,288,128,256,256,9,0,0,0,0,0,0,0,0,0,0,0,0,64,128,128,21,64,128,128,21,17.11,11.57,5.53,0,32,35,700,88,77,0,0,0,0,0,0,0,65536,131072,131072,131072,131072,32,65536,131072,131072,131072,131072,37,65536,131072,131072,262144,262144,701,65536,131072,131072,131072,131072,88,65536,131072,131072,131072,131072,78,0,0,0,0,0,0,0,0,0,0,0,0,0,0,0,0,0,0,0,0,0,0,0,0,0,0,0,0,0,0,0,0,0,0,0,0,1,0,33333,32298,50912,0,41,21,0
47878009669200,3395,2048,4096,16384,23363,512,512,1024,3495,4096,8192,8192,2866,4096,8192,16384,776,8192,8192,8192,38,2048,2048,4096,776,512,1024,2048,2900,1024,2048,2048,475,4096,4096,4096,11,1024,65536,262144,35034,1048576,1048576,1048576,41,524288,1048576,1048576,41,524288,524288,524288,41,1024,1024,2048,41,64,8192,65536,41,256,512,1024,4534,256,512,1024,5479,128,512,1024,210267,128,512,1024,25794,128,512,512,4394,128,512,1024,5796,512,1024,1024,1140,256,512,512,1428,128,512,512,23661,128,512,512,3717,128,512,512,546,256,512,1024,333,256,512,1024,342,256,512,1024,99,0,0,0,0,0,0,0,0,0,0,0,0,64,64,64,20,64,128,128,20,16.07,11.30,4.77,0,38,35,777,87,83,105,0,0,0,0,0,0,65536,131072,131072,131072,262144,38,65536,131072,131072,131072,131072,35,65536,131072,131072,262144,524288,773,131072,131072,131072,131072,131072,87,65536,131072,131072,131072,262144,83,131072,262144,262144,262144,262144,105,0,0,0,0,0,0,0,0,0,0,0,0,0,0,0,0,0,0,0,0,0,0,0,0,0,0,0,0,0,0,4,0,34525,33146,52195,0,41,20,0
47879045689300,3395,2048,4096,16384,22418,512,512,1024,3405,4096,8192,8192,2742,4096,8192,16384,697,8192,8192,8192,34,2048,2048,4096,722,512,1024,2048,2715,1024,2048,2048,440,4096,4096,4096,6,2048,65536,262144,33523,1048576,1048576,1048576,42,524288,1048576,1048576,42,524288,524288,524288,42,512,1024,1024,42,64,16384,32768,42,128,512,1024,4490,256,512,1024,4490,128,512,1024,201762,128,512,1024,24678,128,512,512,4193,128,512,1024,5220,512,1024,1024,1362,256,512,1024,1380,128,512,512,25227,128,512,512,3294,128,512,512,519,128,512,1024,324,256,512,1024,306,256,512,512,54,0,0,0,0,0,0,0,0,0,0,0,0,64,128,128,21,64,128,128,21,15.46,11.81,3.64,0,34,34,721,88,72,0,0,0,0,0,0,0,65536,131072,131072,131072,131072,34,65536,131072,131072,131072,131072,34,65536,131072,131072,262144,262144,718,65536,131072,131072,131072,262144,88,65536,131072,131072,131072,131072,72,0,0,0,0,0,0,0,0,0,0,0,0,0,0,0,0,0,0,0,0,0,0,0,0,0,0,0,0,0,0,0,0,0,0,0,0,8,0,33982,32047,48247,0,42,21,0
47880081893100,3400,2048,4096,16384,21497,512,512,1024,3353,4096,8192,8192,2690,4096,8192,16384,685,8192,8192,8192,31,2048,2048,4096,655,512,1024,2048,2676,1024,2048,2048,479,4096,4096,4096,15,2048,131072,262144,32393,1048576,1048576,1048576,41,524288,1048576,1048576,41,524288,524288,524288,41,512,1024,1024,41,64,32768,65536,41,128,512,1024,4520,256,512,1024,4475,128,512,1024,193473,128,512,1024,24210,128,512,512,4198,128,512,1024,4968,512,1024,1024,1323,256,512,512,1251,128,512,512,24003,128,512,512,3348,128,512,512,501,128,512,512,243,256,512,1024,279,256,512,1024,135,1024,2048,2048,9,1024,1024,1024,5,64,64,64,14,64,128,128,21,64,8192,16384,21,14.96,10.94,4.02,5,31,27,655,81,69,0,262144,262144,262144,262144,262144,5,65536,131072,131072,131072,131072,31,65536,131072,131072,131072,131072,27,65536,131072,131072,262144,1048576,662,131072,131072,131072,131072,131072,81,65536,131072,131072,131072,131072,69,0,0,0,0,0,0,0,0,0,0,0,0,0,0,0,0,0,0,0,0,0,0,0,0,0,0,0,0,0,0,0,0,0,0,0,0,1,0,35146,30987,48984,0,41,21,0
47881117660400,3428,2048,4096,16384,22852,512,512,1024,3411,4096,8192,8192,2745,4096,8192,16384,733,8192,8192,8192,26,2048,4096,4096,709,512,1024,2048,2767,1024,2048,2048,468,4096,4096,4096,21,2048,131072,262144,34046,1048576,1048576,1048576,42,524288,1048576,1048576,42,524288,524288,524288,42,512,1024,2048,42,64,32768,65536,42,256,512,1024,4756,256,512,1024,4504,128,512,1024,205668,128,512,1024,24705,128,512,1024,4127,128,512,1024,5904,512,1024,1024,1371,256,512,1024,1425,128,512,512,24579,128,512,512,3222,128,512,512,675,128,512,1024,252,256,512,1024,234,256,512,1024,189,1024,2048,2048,24,1024,1024,1024,28,64,64,64,52,64,128,128,21,16384,32768,32768,21,15.33,11.18,4.15,28,26,26,709,87,98,0,262144,262144,262144,262144,262144,28,65536,131072,131072,131072,131072,26,65536,131072,131072,131072,131072,26,65536,131072,131072,262144,262144,703,65536,131072,262144,262144,524288,87,65536,131072,131072,131072,262144,98,0,0,0,0,0,0,0,0,0,0,0,0,0,0,0,0,0,0,0,0,0,0,0,0,0,0,0,0,0,0,0,0,0,0,0,0,7,0,33953,32339,50553,0,42,21,0
47882155960700,3457,2048,4096,16384,22234,256,512,1024,3454,4096,8192,8192,2811,4096,8192,16384,667,8192,8192,8192,16,2048,2048,4096,693,512,1024,2048,2833,1024,2048,2048,512,4096,4096,4096,23,1024,65536,262144,33579,1048576,1048576,2097152,41,524288,1048576,1048576,41,524288,524288,524288,41,512,1024,1024,41,64,65536,65536,41,256,512,1024,4753,256,512,1024,4492,128,512,1024,200106,128,512,1024,25299,128,512,512,4213,128,512,1024,5391,512,1024,2048,1352,256,512,1024,1424,128,512,1024,23139,128,512,512,3465,128,512,512,555,128,512,512,180,256,1024,1024,144,256,512,1024,207,1024,2048,2048,33,512,1024,1024,33,64,64,128,66,64,128,128,20,16384,32768,32768,20,17.05,11.66,5.39,33,16,36,693,73,93,0,262144,262144,262144,262144,262144,32,65536,131072,131072,131072,131072,16,65536,131072,131072,131072,131072,36,65536,131072,131072,131072,262144,700,131072,131072,131072,131072,131072,73,65536,131072,131072,131072,262144,93,0,0,0,0,0,0,0,0,0,0,0,0,0,0,0,0,0,0,0,0,0,0,0,0,0,0,0,0,0,0,0,0,0,0,0,0,0,0,35187,32194,48794,0,41,20,0
47883189602500,3492,2048,4096,16384,21036,512,512,1024,3250,4096,8192,8192,2634,4096,16384,32768,596,8192,8192,8192,31,2048,4096,4096,694,512,1024,4096,2678,1024,2048,2048,449,4096,4096,4096,18,2048,131072,262144,31741,1048576,2097152,2097152,42,524288,1048576,1048576,42,524288,524288,524288,42,512,1024,1024,42,64,4096,16384,42,256,512,1024,5003,256,512,1024,4688,256,512,1024,189324,256,512,1024,23706,128,512,1024,3365,256,512,1024,5319,512,1024,1024,1227,256,512,1024,1281,128,512,1024,23832,128,512,512,3474,128,512,1024,630,256,512,512,261,256,512,1024,279,256,512,1024,162,1024,2048,2048,33,1024,1024,1024,33,64,64,128,66,64,128,128,21,16384,65536,65536,21,17.55,12.37,5.18,33,31,35,694,100,73,0,262144,262144,262144,262144,262144,34,65536,131072,131072,131072,131072,31,65536,131072,131072,131072,131072,35,65536,131072,131072,131072,262144,693,131072,131072,131072,131072,262144,100,65536,131072,131072,131072,131072,73,0,0,0,0,0,0,0,0,0,0,0,0,0,0,0,0,0,0,0,0,0,0,0,0,0,0,0,0,0,0,0,0,0,0,0,0,0,0,34589,30376,50902,2,42,21,0
47884229087700,3500,2048,8192,16384,20264,512,512,1024,3656,4096,8192,8192,2832,4096,16384,32768,699,8192,8192,8192,28,2048,4096,4096,747,512,1024,2048,2814,1024,2048,2048,487,4096,8192,8192,19,1024,131072,262144,31907,1048576,1048576,2097152,41,1048576,1048576,1048576,41,524288,524288,524288,41,512,1024,1024,41,64,32768,65536,41,256,512,1024,5008,256,512,1024,4936,256,512,1024,182376,256,512,1024,25488,128,512,1024,4120,256,512,1024,5967,512,1024,1024,1476,256,512,1024,1350,128,512,1024,23868,128,512,512,3519,128,512,1024,510,256,512,512,315,256,512,1024,252,256,1024,1024,171,1024,2048,2048,6,512,1024,1024,6,64,64,64,12,64,128,128,21,64,256,32768,21,18.34,13.19,5.15,6,28,28,747,87,72,0,262144,262144,262144,262144,262144,6,65536,131072,131072,131072,131072,28,65536,131072,131072,131072,131072,28,65536,131072,131072,262144,8388608,748,131072,131072,131072,131072,131072,87,65536,131072,131072,131072,131072,72,0,0,0,0,0,0,0,0,0,0,0,0,0,0,0,0,0,0,0,0,0,0,0,0,0,0,0,0,0,0,0,0,0,0,0,0,0,0,34888,30484,49347,0,41,21,0
47885261168600,3500,2048,4096,16384,21784,512,512,1024,3486,4096,8192,16384,2825,4096,8192,16384,741,8192,8192,8192,31,2048,2048,4096,750,512,1024,4096,2800,1024,2048,2048,476,4096,4096,4096,20,1024,131072,262144,33267,1048576,1048576,2097152,41,524288,1048576,1048576,41,524288,524288,524288,41,512,1024,1024,41,64,32768,65536,42,256,512,1024,4925,256,512,1024,4925,128,512,1024,196056,128,512,1024,25425,128,512,1024,4288,256,512,1024,6264,512,1024,1024,1230,256,512,1024,1284,128,512,1024,23184,128,512,1024,3690,128,512,512,615,128,512,512,216,256,1024,1024,279,256,512,1024,180,0,0,0,0,0,0,0,0,0,0,0,0,64,128,128,21,64,128,128,21,16.98,11.82,5.16,0,31,30,750,63,66,0,0,0,0,0,0,0,65536,131072,131072,131072,131072,31,65536,131072,131072,131072,2097152,30,65536,131072,131072,262144,262144,750,131072,131072,131072,131072,262144,62,65536,131072,131072,131072,131072,64,0,0,0,0,0,0,0,0,0,0,0,0,0,0,0,0,0,0,0,0,0,0,0,0,0,0,0,0,0,0,0,0,0,0,0,0,3,0,34193,31786,48824,0,41,21,0
47886294263500,3500,2048,4096,16384,22125,512,512,1024,3478,4096,8192,8192,2721,4096,8192,16384,677,8192,8192,8192,30,2048,4096,4096,651,512,1024,2048,2719,1024,2048,2048,453,4096,4096,4096,24,2048,65536,262144,33167,1048576,2097152,2097152,42,1048576,1048576,1048576,42,524288,524288,524288,42,512,1024,1024,42,64,8192,32768,41,256,512,1024,4418,256,512,1024,4418,128,512,1024,199125,128,512,1024,24489,128,512,1024,3939,128,512,1024,5607,512,1024,1024,1446,256,512,512,1410,128,512,512,25434,128,512,512,3609,128,512,512,686,128,512,512,252,256,512,1024,270,256,512,512,216,0,0,0,0,0,0,0,0,0,0,0,0,64,128,128,20,64,128,128,20,18.87,12.83,6.04,0,30,21,651,86,80,0,0,0,0,0,0,0,65536,131072,131072,131072,131072,30,65536,131072,131072,131072,131072,20,65536,131072,131072,262144,524288,649,131072,131072,131072,131072,131072,87,65536,131072,131072,131072,131072,82,0,0,0,0,0,0,0,0,0,0,0,0,0,0,0,0,0,0,0,0,0,0,0,0,0,0,0,0,0,0,0,0,0,0,0,0,3,0,34631,31872,49805,0,42,20,0
47887330813500,3500,2048,4096,16384,21410,512,512,1024,3434,4096,8192,8192,2881,4096,8192,16384,711,8192,8192,8192,21,2048,2048,4096,745,512,1024,2048,2888,1024,2048,2048,480,4096,4096,4096,9,2048,65536,262144,32858,1048576,1048576,1048576,41,524288,1048576,1048576,41,524288,524288,524288,41,512,1024,1024,41,64,16384,32768,41,256,512,1024,4579,256,512,1024,4579,128,512,1024,192690,128,512,1024,25929,128,512,512,3870,256,512,1024,6318,512,1024,1024,1263,256,512,1024,1227,128,512,512,23751,128,512,512,3888,128,512,512,579,128,512,512,180,128,512,1024,189,256,512,1024,81,0,0,0,0,0,0,0,0,0,0,0,0,64,128,128,21,64,128,128,21,18.24,13.21,5.03,0,21,30,745,97,81,0,0,0,0,0,0,0,65536,131072,131072,131072,131072,21,65536,131072,131072,131072,131072,31,65536,131072,131072,262144,262144,743,65536,131072,131072,131072,262144,97,65536,131072,131072,131072,131072,81,0,0,0,0,0,0,0,0,0,0,0,0,0,0,0,0,0,0,0,0,0,0,0,0,0,0,0,0,0,0,0,0,0,0,0,0,4,0,35515,31493,50242,0,41,21,0
47888366541100,3395,2048,4096,16384,22579,512,512,1024,3490,4096,8192,8192,2818,4096,8192,16384,766,8192,8192,8192,21,2048,2048,4096,729,512,1024,2048,2858,1024,2048,2048,528,4096,4096,4096,13,2048,131072,262144,34099,1048576,1048576,2097152,42,524288,1048576,1048576,42,524288,524288,1048576,42,512,1024,1024,42,64,65536,65536,42,128,512,1024,4375,256,512,1024,5320,128,512,1024,203211,128,512,1024,25362,128,512,512,4100,256,512,1024,6741,512,1024,2048,1512,256,512,1024,1296,128,512,1024,25254,128,512,1024,3564,128,512,512,588,128,512,512,189,256,512,1024,189,256,512,512,117,0,0,0,0,0,0,0,0,0,0,0,0,64,128,128,21,64,128,128,21,15.08,11.06,4.02,0,21,27,729,80,81,105,0,0,0,0,0,0,65536,131072,262144,262144,524288,21,65536,131072,131072,131072,131072,27,65536,131072,131072,262144,262144,730,131072,131072,131072,131072,262144,80,65536,131072,131072,131072,131072,81,131072,262144,262144,262144,524288,105,0,0,0,0,0,0,0,0,0,0,0,0,0,0,0,0,0,0,0,0,0,0,0,0,0,0,0,0,0,0,3,0,34233,32526,50708,0,42,21,0
47889402842000,3395,2048,4096,16384,21719,512,512,1024,3396,4096,8192,8192,2615,4096,8192,16384,675,8192,8192,8192,25,2048,2048,4096,701,512,1024,4096,2624,1024,2048,2048,442,4096,4096,4096,10,4096,131072,262144,32484,1048576,2097152,2097152,41,524288,1048576,1048576,41,524288,524288,524288,41,512,1024,1024,41,64,32768,65536,41,256,512,1024,4561,256,512,1024,4561,128,512,1024,195471,128,512,1024,23535,128,512,512,3597,128,512,1024,5814,512,1024,1024,1269,256,512,1024,1251,128,512,1024,24192,128,512,512,3492,128,512,512,666,128,512,512,225,128,512,512,225,256,512,1024,90,0,0,0,0,0,0,0,0,0,0,0,0,64,64,64,20,64,128,128,20,15.44,12.05,3.39,0,25,28,701,100,74,0,0,0,0,0,0,0,131072,131072,131072,131072,262144,25,65536,131072,131072,131072,131072,28,65536,131072,131072,262144,262144,704,131072,131072,131072,131072,131072,100,65536,131072,131072,131072,262144,74,0,0,0,0,0,0,0,0,0,0,0,0,0,0,0,0,0,0,0,0,0,0,0,0,0,0,0,0,0,0,0,0,0,0,0,0,0,0,34459,31084,48619,0,41,20,0
47890437195100,3414,2048,4096,16384,22115,512,512,1024,3318,4096,8192,8192,2772,4096,8192,16384,736,8192,8192,8192,34,2048,2048,4096,701,512,1024,2048,2758,1024,2048,2048,487,4096,4096,4096,6,1024,131072,262144,33202,1048576,1048576,2097152,42,524288,1048576,1048576,42,524288,524288,524288,42,512,2048,2048,42,64,4096,32768,42,128,512,1024,4752,256,512,1024,4581,128,512,1024,199035,128,512,1024,24948,128,512,512,4314,128,512,1024,5661,512,1024,1024,1394,256,512,1024,1430,128,512,512,25668,128,512,512,3537,128,512,512,570,128,512,512,324,128,512,1024,306,256,512,1024,54,2048,2048,2048,20,1024,1024,1024,19,64,64,128,39,64,64,128,21,128,16384,32768,21,17.01,11.97,5.04,19,34,32,701,83,77,0,262144,524288,524288,524288,524288,19,65536,131072,131072,131072,131072,34,65536,131072,131072,131072,131072,32,65536,131072,131072,262144,262144,701,131072,131072,131072,131072,262144,83,65536,131072,131072,131072,262144,77,0,0,0,0,0,0,0,0,0,0,0,0,0,0,0,0,0,0,0,0,0,0,0,0,0,0,0,0,0,0,0,0,0,0,0,0,0,0,34421,31728,49119,0,42,21,0
47891471774600,3417,2048,4096,16384,22410,512,512,1024,3496,4096,8192,8192,2757,4096,8192,16384,722,8192,8192,8192,28,2048,2048,4096,691,512,1024,2048,2760,1024,2048,2048,491,4096,4096,4096,8,2048,131072,262144,33625,1048576,1048576,1048576,41,524288,1048576,1048576,41,524288,524288,524288,41,1024,2048,2048,41,64,32768,65536,41,256,512,1024,4573,256,512,1024,4546,256,512,1024,201690,128,512,1024,24813,128,512,1024,4042,256,512,1024,5670,512,1024,1024,1398,256,512,512,1371,128,512,512,23454,128,512,512,3447,128,512,1024,675,128,512,512,243,256,512,1024,252,256,512,1024,72,1024,1024,1024,2,512,512,512,3,64,64,64,5,64,128,128,21,128,128,16384,21,16.98,12.07,4.91,3,28,32,691,75,87,0,262144,262144,262144,262144,262144,3,65536,131072,131072,131072,262144,28,65536,131072,131072,131072,131072,32,65536,131072,131072,262144,262144,691,131072,131072,131072,131072,131072,75,65536,131072,131072,131072,131072,87,0,0,0,0,0,0,0,0,0,0,0,0,0,0,0,0,0,0,0,0,0,0,0,0,0,0,0,0,0,0,0,0,0,0,0,0,0,0,33562,31935,49631,161,41,21,0
47892507790600,3452,2048,4096,16384,21249,512,512,1024,3261,4096,8192,8192,2658,4096,8192,16384,716,8192,8192,8192,30,2048,2048,4096,671,512,1024,2048,2664,1024,2048,2048,419,4096,4096,4096,12,2048,131072,262144,31962,1048576,1048576,2097152,41,524288,1048576,1048576,41,524288,524288,524288,41,1024,1024,2048,41,64,16384,32768,41,256,512,1024,5073,256,512,1024,4758,128,512,1024,191241,128,512,1024,23922,128,512,1024,3703,256,512,1024,5769,512,1024,1024,1404,256,512,1024,1395,128,512,1024,24138,128,512,512,3069,128,512,1024,648,128,512,1024,261,256,512,1024,270,256,1024,1024,108,1024,2048,2048,41,512,1024,1024,37,64,64,128,78,64,128,128,20,16384,32768,32768,20,16.59,12.32,4.27,37,30,25,671,80,98,0,262144,262144,524288,524288,524288,37,65536,131072,131072,131072,131072,30,65536,131072,131072,131072,131072,25,65536,131072,262144,262144,4194304,671,131072,131072,131072,131072,262144,80,65536,131072,131072,131072,131072,98,0,0,0,0,0,0,0,0,0,0,0,0,0,0,0,0,0,0,0,0,0,0,0,0,0,0,0,0,0,0,0,0,0,0,0,0,0,0,34595,30736,50765,0,41,20,0
47893542725200,3485,2048,4096,16384,21559,512,512,1024,3439,4096,8192,8192,2838,4096,16384,16384,771,8192,8192,16384,31,2048,2048,4096,740,512,1024,2048,2877,1024,2048,2048,486,4096,4096,4096,13,2048,65536,262144,33064,1048576,1048576,1048576,42,524288,1048576,1048576,42,524288,524288,524288,42,1024,2048,2048,42,64,32768,65536,42,256,512,1024,4852,256,512,1024,4555,128,512,1024,194035,128,512,1024,25542,128,512,1024,4607,128,512,1024,5796,512,1024,1024,1338,256,512,1024,1518,128,512,1024,23868,128,512,1024,3564,128,512,512,525,128,512,1024,342,256,512,1024,279,256,1024,1024,117,1024,2048,2048,29,1024,1024,1024,31,64,64,64,60,64,64,128,21,16384,32768,32768,21,16.85,13.21,3.65,31,31,35,740,83,75,0,262144,262144,262144,262144,262144,31,131072,131072,131072,131072,131072,31,65536,131072,131072,131072,262144,35,65536,131072,131072,262144,262144,737,131072,131072,131072,131072,131072,83,65536,131072,131072,131072,131072,75,0,0,0,0,0,0,0,0,0,0,0,0,0,0,0,0,0,0,0,0,0,0,0,0,0,0,0,0,0,0,0,0,0,0,0,0,3,0,33938,31696,48854,3,42,21,0
47894577450500,3500,2048,4096,16384,21785,512,512,1024,3599,4096,8192,8192,2827,4096,16384,32768,710,8192,8192,8192,39,2048,4096,4096,745,512,1024,2048,2822,1024,2048,2048,464,4096,4096,4096,14,2048,131072,262144,33330,1048576,1048576,1048576,41,524288,1048576,1048576,41,524288,524288,524288,41,1024,2048,2048,41,64,16384,65536,41,256,512,1024,4646,256,512,1024,4511,128,512,1024,196061,256,512,1024,25443,128,512,1024,4708,256,512,1024,5346,512,1024,1024,1455,256,512,1024,1509,128,512,1024,23688,128,512,512,3258,128,512,512,441,256,512,1024,333,256,512,1024,351,256,512,1024,126,1024,2048,2048,13,1024,1024,1024,15,64,64,64,28,64,128,128,21,128,16384,32768,21,14.98,10.45,4.53,15,39,38,745,76,78,0,262144,262144,262144,262144,262144,15,65536,131072,131072,131072,131072,38,65536,131072,131072,131072,131072,37,65536,131072,131072,262144,524288,746,131072,131072,131072,131072,131072,76,65536,131072,131072,131072,131072,78,0,0,0,0,0,0,0,0,0,0,0,0,0,0,0,0,0,0,0,0,0,0,0,0,0,0,0,0,0,0,0,0,0,0,0,0,4,0,33584,32030,49410,0,41,21,0
47895613363100,3500,2048,4096,16384,21537,512,512,1024,3558,4096,8192,8192,2810,4096,16384,16384,709,8192,8192,32768,35,2048,2048,4096,723,512,1024,2048,2796,1024,2048,2048,476,4096,4096,4096,14,2048,131072,262144,33004,1048576,1048576,1048576,42,1048576,1048576,1048576,42,524288,524288,524288,42,512,1024,1024,42,64,32768,32768,42,256,512,1024,4826,256,512,1024,4826,128,512,1024,193842,256,512,1024,25290,128,512,1024,4186,256,512,1024,5481,512,1024,2048,1290,256,512,1024,1335,128,512,1024,23112,128,512,512,3384,128,512,512,573,128,512,1024,270,256,512,1024,315,256,512,1024,126,0,0,0,0,0,0,0,0,0,0,0,0,64,128,128,21,64,128,128,21,14.45,11.06,3.39,0,35,29,723,66,88,0,0,0,0,0,0,0,65536,131072,131072,131072,131072,36,65536,131072,131072,131072,131072,30,65536,131072,131072,262144,262144,722,131072,131072,131072,131072,262144,63,65536,131072,262144,262144,262144,88,0,0,0,0,0,0,0,0,0,0,0,0,0,0,0,0,0,0,0,0,0,0,0,0,0,0,0,0,0,0,0,0,0,0,0,0,6,0,34300,31808,47572,0,42,21,0
47896650688800,3500,2048,4096,16384,22690,512,512,1024,3456,4096,8192,8192,2768,4096,16384,16384,687,8192,8192,8192,25,2048,2048,4096,709,512,1024,1024,2763,1024,2048,2048,495,4096,4096,4096,17,2048,65536,262144,33930,1048576,1048576,1048576,41,524288,1048576,1048576,41,524288,524288,524288,41,512,1024,1024,41,64,32768,32768,41,256,512,1024,4472,256,512,1024,4472,128,512,1024,204202,128,512,1024,24912,128,512,1024,4122,256,512,1024,5724,512,1024,1024,1269,256,512,1024,1287,128,512,512,24120,128,512,512,3357,128,512,512,546,128,512,1024,252,128,512,512,225,256,512,1024,153,0,0,0,0,0,0,0,0,0,0,0,0,64,128,128,20,64,128,128,20,14.81,10.92,3.89,0,25,24,709,74,109,0,0,0,0,0,0,0,65536,131072,131072,131072,262144,25,65536,131072,131072,131072,131072,24,65536,131072,131072,262144,4194304,710,131072,131072,131072,131072,262144,77,65536,131072,131072,131072,131072,109,0,0,0,0,0,0,0,0,0,0,0,0,0,0,0,0,0,0,0,0,0,0,0,0,0,0,0,0,0,0,0,0,0,0,0,0,2,0,34897,32503,48401,0,41,20,0
47897685847600,3500,2048,4096,16384,21793,512,512,1024,3505,4096,8192,8192,2801,4096,8192,16384,685,8192,8192,8192,25,2048,2048,4096,694,512,1024,1024,2821,1024,2048,2048,524,4096,4096,4096,15,2048,65536,262144,33217,1048576,1048576,2097152,41,524288,1048576,1048576,41,524288,524288,524288,41,512,1024,1024,41,64,65536,65536,42,256,512,1024,4868,256,512,1024,4868,128,512,1024,196136,128,512,1024,25209,128,512,512,4038,128,512,1024,5787,512,1024,1024,1149,256,512,512,1221,128,512,512,23841,128,512,512,3708,128,512,512,411,128,512,1024,252,256,512,1024,225,256,512,1024,135,0,0,0,0,0,0,0,0,0,0,0,0,64,128,128,21,64,128,128,21,16.00,11.34,4.66,0,25,18,694,99,94,0,0,0,0,0,0,0,65536,131072,131072,131072,131072,25,65536,131072,131072,131072,262144,18,65536,131072,262144,262144,262144,696,131072,131072,131072,131072,262144,99,65536,131072,131072,131072,131072,94,0,0,0,0,0,0,0,0,0,0,0,0,0,0,0,0,0,0,0,0,0,0,0,0,0,0,0,0,0,0,0,0,0,0,0,0,0,0,34670,31927,48935,0,41,21,0
47898720647400,3395,2048,4096,16384,22275,512,512,1024,3358,4096,8192,8192,2734,4096,8192,16384,667,8192,8192,16384,33,2048,2048,4096,737,512,1024,1024,2738,1024,2048,2048,455,4096,8192,8192,17,2048,65536,262144,33372,1048576,2097152,2097152,42,524288,1048576,1048576,42,524288,524288,1048576,42,1024,1024,1024,42,64,32768,65536,41,256,512,1024,4442,256,512,1024,5387,128,512,1024,200475,128,512,1024,24606,128,512,512,3835,128,512,1024,5706,512,1024,2048,1353,256,512,1024,1335,128,512,1024,24291,128,512,1024,3510,128,512,1024,648,128,512,512,243,256,512,1024,297,256,512,1024,153,0,0,0,0,0,0,0,0,0,0,0,0,64,128,128,21,64,128,128,21,15.68,10.92,4.77,0,33,17,737,84,74,105,0,0,0,0,0,0,65536,131072,131072,131072,131072,33,65536,131072,131072,131072,131072,17,65536,131072,131072,262144,524288,736,131072,131072,262144,262144,262144,84,65536,131072,131072,131072,262144,74,131072,262144,262144,262144,262144,105,0,0,0,0,0,0,0,0,0,0,0,0,0,0,0,0,0,0,0,0,0,0,0,0,0,0,0,0,0,0,1,0,34310,31949,51109,0,42,21,0
47899754678900,3395,2048,4096,16384,22085,512,512,1024,3441,4096,8192,8192,2748,4096,8192,16384,657,8192,8192,8192,35,2048,2048,4096,680,512,1024,1024,2759,1024,2048,2048,467,4096,4096,4096,13,1024,65536,262144,33232,1048576,1048576,1048576,41,524288,1048576,1048576,41,524288,524288,524288,41,512,1024,2048,41,64,65536,131072,41,128,512,1024,4285,256,512,1024,4285,128,512,1024,198765,128,512,1024,24732,128,512,512,3961,128,512,1024,5526,512,1024,1024,1305,256,512,1024,1557,128,512,1024,24111,128,512,512,3150,128,512,512,510,128,512,512,333,256,512,1024,315,256,512,1024,117,0,0,0,0,0,0,0,0,0,0,0,0,64,128,128,20,64,128,128,20,15.88,11.09,4.79,0,35,10,680,67,84,0,0,0,0,0,0,0,65536,131072,131072,131072,131072,35,131072,131072,131072,131072,131072,10,65536,131072,131072,262144,262144,680,131072,131072,131072,131072,131072,67,65536,131072,131072,131072,262144,84,0,0,0,0,0,0,0,0,0,0,0,0,0,0,0,0,0,0,0,0,0,0,0,0,0,0,0,0,0,0,0,0,0,0,0,0,0,0,34642,31700,49165,0,41,20,0
47900792018000,3417,2048,4096,16384,22361,512,512,1024,3403,4096,8192,8192,2739,4096,8192,16384,722,8192,8192,8192,36,2048,2048,4096,730,512,1024,1024,2759,1024,2048,2048,448,4096,4096,4096,11,2048,131072,262144,33530,1048576,1048576,2097152,42,524288,1048576,1048576,42,524288,524288,524288,42,512,2048,2048,42,64,32768,65536,42,128,512,1024,4954,256,512,1024,4756,128,512,1024,201249,128,512,1024,24651,128,512,1024,3958,128,512,1024,5931,512,1024,1024,1317,256,512,1024,1425,128,512,1024,23445,128,512,512,3186,128,512,512,501,128,512,512,360,256,512,1024,324,256,1024,1024,99,1024,2048,2048,23,1024,1024,1024,22,64,64,128,45,64,64,128,21,8192,32768,32768,21,16.95,12.55,4.39,22,36,22,730,86,86,0,262144,262144,262144,262144,524288,22,65536,131072,131072,131072,131072,36,65536,131072,131072,131072,131072,22,65536,131072,262144,262144,262144,730,131072,131072,131072,131072,131072,86,65536,131072,131072,131072,262144,86,0,0,0,0,0,0,0,0,0,0,0,0,0,0,0,0,0,0,0,0,0,0,0,0,0,0,0,0,0,0,0,0,0,0,0,0,1,0,33914,32049,49288,0,42,21,0
47901826601500,3450,2048,4096,16384,21045,512,512,1024,3657,4096,8192,8192,2685,4096,8192,16384,685,8192,8192,8192,34,2048,4096,4096,699,512,1024,1024,2754,1024,2048,2048,470,4096,4096,4096,8,2048,65536,262144,32369,1048576,1048576,1048576,41,524288,1048576,1048576,41,524288,524288,524288,41,1024,1024,1024,41,64,32768,32768,41,128,512,1024,4913,256,512,1024,4616,128,512,1024,189405,128,512,1024,24165,128,512,512,3657,256,512,1024,5895,512,1024,1024,1347,256,512,1024,1275,128,512,512,23553,128,512,1024,3222,128,512,512,438,128,512,512,270,256,512,512,306,256,512,1024,72,1024,2048,2048,33,1024,1024,1024,33,64,64,128,66,64,64,64,21,16384,32768,65536,21,15.86,11.20,4.66,33,34,10,699,88,82,0,262144,262144,262144,262144,262144,33,65536,131072,131072,131072,131072,34,65536,131072,131072,131072,131072,10,65536,131072,131072,262144,524288,700,131072,131072,131072,131072,131072,88,65536,131072,131072,131072,262144,82,0,0,0,0,0,0,0,0,0,0,0,0,0,0,0,0,0,0,0,0,0,0,0,0,0,0,0,0,0,0,0,0,0,0,0,0,1,0,34517,31128,49041,0,41,21,0
47902860913900,3483,2048,4096,16384,19595,512,512,1024,3582,4096,8192,16384,2781,4096,8192,16384,685,8192,8192,8192,29,2048,2048,4096,687,512,1024,1024,2694,1024,2048,2048,464,4096,4096,4096,15,2048,131072,262144,30837,1048576,1048576,2097152,41,524288,1048576,1048576,41,524288,524288,524288,41,1024,1024,2048,41,64,65536,65536,42,256,512,1024,4918,256,512,1024,4621,128,512,1024,176355,256,512,1024,25029,128,512,512,3558,256,512,1024,5967,512,1024,2048,1356,256,512,1024,1356,128,512,1024,21960,128,512,512,3321,128,512,1024,693,128,512,512,288,256,512,1024,261,256,512,512,135,1024,2048,2048,38,1024,1024,1024,36,64,64,128,74,64,128,128,21,16384,32768,65536,21,14.86,12.09,2.77,36,29,15,686,89,90,0,262144,262144,262144,262144,524288,36,65536,131072,131072,131072,262144,29,65536,131072,131072,131072,131072,15,65536,131072,131072,262144,262144,687,131072,131072,131072,131072,131072,88,65536,131072,262144,262144,8388608,89,0,0,0,0,0,0,0,0,0,0,0,0,0,0,0,0,0,0,0,0,0,0,0,0,0,0,0,0,0,0,0,0,0,0,0,0,1,0,34950,29817,49164,0,41,21,0
47903898686400,3500,2048,4096,16384,20650,512,512,1024,3933,4096,8192,16384,2801,4096,8192,16384,741,8192,8192,8192,27,2048,4096,4096,724,512,1024,2048,2821,1024,2048,2048,459,4096,4096,4096,6,2048,131072,262144,32452,1048576,1048576,2097152,42,1048576,1048576,1048576,42,524288,524288,524288,42,1024,1024,2048,42,64,16384,65536,41,256,512,1024,5039,256,512,1024,4886,256,512,1024,185850,256,512,1024,25209,128,512,512,4289,256,512,1024,6057,512,1024,1024,1383,256,512,1024,1212,128,512,1024,23967,128,512,1024,3564,128,512,1024,411,128,512,512,234,256,512,1024,243,256,1024,1024,54,1024,2048,2048,11,1024,1024,1024,14,64,64,128,25,64,128,128,20,64,32768,32768,20,15.33,11.06,4.27,14,27,21,724,81,71,0,262144,262144,262144,262144,262144,14,65536,131072,131072,131072,131072,27,65536,131072,131072,131072,262144,21,65536,131072,131072,262144,262144,720,131072,131072,131072,131072,262144,82,65536,131072,131072,131072,131072,72,0,0,0,0,0,0,0,0,0,0,0,0,0,0,0,0,0,0,0,0,0,0,0,0,0,0,0,0,0,0,0,0,0,0,0,0,4,0,35264,31149,49755,1,42,20,0
47904933327900,3500,2048,4096,16384,21413,512,512,1024,3052,4096,8192,8192,2780,4096,8192,32768,715,8192,16384,32768,25,2048,2048,4096,688,512,1024,1024,2742,1024,2048,2048,514,4096,4096,4096,7,2048,65536,262144,32215,1048576,1048576,2097152,41,524288,1048576,1048576,41,524288,524288,524288,41,1024,1024,1024,41,64,32768,65536,41,256,512,1024,4592,256,512,1024,4592,128,512,1024,192717,256,512,1024,25020,128,512,1024,4015,256,512,1024,6156,512,1024,1024,1434,256,512,1024,1227,128,512,512,23778,128,512,512,3564,128,512,1024,546,128,512,1024,216,256,512,1024,225,256,512,1024,63,0,0,0,0,0,0,0,0,0,0,0,0,64,128,128,21,128,128,128,21,16.21,11.43,4.77,0,25,18,688,78,85,0,0,0,0,0,0,0,65536,131072,131072,131072,131072,25,65536,131072,131072,131072,524288,18,65536,131072,131072,262144,262144,692,131072,131072,131072,131072,262144,78,65536,131072,131072,131072,262144,85,0,0,0,0,0,0,0,0,0,0,0,0,0,0,0,0,0,0,0,0,0,0,0,0,0,0,0,0,0,0,0,0,0,0,0,0,0,0,34358,31017,48426,0,41,21,0
47905967901600,3500,2048,4096,16384,21800,512,512,1024,3453,4096,8192,8192,2758,4096,8192,16384,759,8192,8192,8192,36,2048,2048,4096,765,512,1024,1024,2810,1024,2048,2048,488,4096,4096,4096,6,2048,65536,262144,33201,1048576,1048576,1048576,42,524288,1048576,1048576,42,524288,524288,524288,42,1024,2048,2048,42,64,16384,65536,42,256,512,1024,4940,256,512,1024,4940,128,512,1024,196202,128,512,1024,24822,128,512,512,4193,256,512,1024,5958,512,1024,1024,1303,256,512,1024,1420,128,512,512,24489,128,512,512,3636,128,512,512,717,128,512,1024,306,256,512,1024,324,256,512,1024,54,0,0,0,0,0,0,0,0,0,0,0,0,64,64,128,21,64,128,128,21,14.23,10.70,3.53,0,36,19,765,82,98,0,0,0,0,0,0,0,65536,131072,131072,131072,131072,34,65536,131072,131072,131072,131072,19,65536,131072,131072,262144,262144,758,131072,131072,131072,131072,262144,82,65536,131072,131072,131072,131072,98,0,0,0,0,0,0,0,0,0,0,0,0,0,0,0,0,0,0,0,0,0,0,0,0,0,0,0,0,0,0,0,0,0,0,0,0,9,0,34289,31890,50931,0,42,21,0
47907002921100,3500,2048,4096,16384,21446,512,512,1024,3895,4096,8192,8192,2802,4096,16384,16384,765,8192,8192,8192,28,2048,4096,4096,702,512,1024,1024,2824,1024,2048,2048,509,4096,4096,4096,10,1024,131072,262144,33322,1048576,1048576,1048576,41,524288,1048576,1048576,41,524288,524288,524288,41,512,1024,1024,41,64,16384,65536,41,256,512,1024,4482,256,512,1024,4482,128,512,1024,193012,128,512,1024,25218,128,512,1024,4143,256,512,1024,6309,512,1024,1024,1365,256,512,1024,1401,128,512,512,23373,128,512,512,3654,128,512,512,648,128,512,512,261,256,512,1024,252,256,512,1024,90,0,0,0,0,0,0,0,0,0,0,0,0,64,128,128,20,64,128,128,20,16.72,11.82,4.90,0,28,15,702,87,88,0,0,0,0,0,0,0,65536,131072,131072,131072,131072,30,65536,131072,131072,131072,131072,15,65536,131072,262144,262144,524288,699,131072,131072,131072,131072,262144,87,65536,131072,131072,131072,131072,88,0,0,0,0,0,0,0,0,0,0,0,0,0,0,0,0,0,0,0,0,0,0,0,0,0,0,0,0,0,0,0,0,0,0,0,0,10,0,35401,31843,47857,0,41,20,0
47908039062100,3395,2048,4096,16384,22560,512,512,1024,3534,4096,8192,8192,2816,4096,8192,16384,715,8192,8192,8192,36,2048,2048,4096,705,512,1024,1024,2837,1024,2048,2048,469,4096,4096,4096,20,2048,131072,262144,34039,1048576,1048576,1048576,42,524288,1048576,1048576,42,524288,524288,524288,42,1024,2048,2048,42,64,8192,32768,42,256,512,1024,4638,256,512,1024,5583,128,512,1024,203040,128,512,1024,25344,128,512,1024,4083,128,512,1024,5994,512,1024,1024,1271,256,512,1024,1316,128,512,512,23706,128,512,512,3240,128,512,512,630,128,512,512,306,256,512,1024,324,256,512,1024,180,0,0,0,0,0,0,0,0,0,0,0,0,64,64,64,21,64,128,128,21,15.34,11.07,4.28,0,36,21,705,86,95,105,0,0,0,0,0,0,65536,131072,131072,131072,131072,36,131072,131072,131072,131072,131072,21,65536,131072,131072,262144,524288,714,65536,131072,131072,131072,262144,86,65536,131072,131072,131072,262144,95,131072,262144,262144,262144,524288,105,0,0,0,0,0,0,0,0,0,0,0,0,0,0,0,0,0,0,0,0,0,0,0,0,0,0,0,0,0,0,1,0,33894,32436,49642,0,42,21,0
47909075868800,3395,2048,4096,16384,22182,512,512,1024,3555,4096,8192,8192,2796,4096,8192,16384,744,8192,8192,8192,31,2048,2048,4096,729,512,1024,1024,2815,1024,2048,2048,472,4096,4096,4096,4,512,65536,262144,33670,1048576,1048576,1048576,41,524288,1048576,1048576,41,524288,524288,524288,41,512,1024,2048,41,64,128,16384,41,128,512,1024,4615,256,512,1024,4615,128,512,1024,199638,128,512,1024,25164,128,512,512,4677,128,512,1024,5625,512,1024,1024,1374,256,512,1024,1338,128,512,512,23409,128,512,512,3375,128,512,512,495,128,512,512,288,256,512,1024,279,256,512,512,36,0,0,0,0,0,0,0,0,0,0,0,0,64,128,128,21,64,128,128,21,18.58,13.93,4.64,0,31,22,729,85,75,0,0,0,0,0,0,0,65536,131072,131072,131072,131072,31,65536,131072,131072,131072,131072,22,65536,131072,131072,262144,524288,729,131072,131072,131072,131072,131072,85,65536,131072,131072,131072,131072,75,0,0,0,0,0,0,0,0,0,0,0,0,0,0,0,0,0,0,0,0,0,0,0,0,0,0,0,0,0,0,0,0,0,0,0,0,1,0,33970,32093,49794,0,41,21,0
47910109783900,3395,2048,4096,16384,21678,512,512,1024,3365,4096,8192,16384,2712,4096,16384,32768,683,8192,8192,8192,35,2048,4096,4096,710,512,1024,2048,2673,1024,2048,2048,414,4096,4096,8192,22,2048,131072,262144,32687,1048576,2097152,2097152,41,524288,1048576,1048576,41,524288,524288,524288,41,1024,2048,2048,41,64,8192,32768,41,128,512,1024,4449,256,512,1024,4449,128,512,1024,195102,128,512,1024,24408,128,512,512,4017,256,512,1024,5346,512,1024,1024,1344,256,512,512,1416,128,512,512,23580,128,512,512,3636,128,512,512,576,128,512,1024,342,256,512,512,315,256,512,1024,198,1024,1024,1024,3,1024,1024,1024,2,64,64,64,5,64,128,128,20,64,128,128,20,15.86,11.58,4.28,2,35,25,710,86,84,0,262144,262144,262144,262144,262144,2,65536,131072,131072,131072,131072,35,65536,131072,131072,131072,131072,25,65536,131072,262144,262144,524288,709,65536,131072,131072,131072,131072,86,65536,131072,131072,131072,131072,84,0,0,0,0,0,0,0,0,0,0,0,0,0,0,0,0,0,0,0,0,0,0,0,0,0,0,0,0,0,0,0,0,0,0,0,0,2,0,33768,31185,47797,0,41,20,0
47911147432000,3423,2048,4096,16384,21477,512,512,1024,3386,4096,8192,8192,2698,4096,8192,16384,699,8192,8192,16384,36,2048,2048,4096,682,512,1024,2048,2742,1024,2048,4096,481,4096,4096,4096,15,1024,65536,262144,32581,1048576,1048576,2097152,42,524288,1048576,1048576,42,524288,524288,524288,42,1024,2048,2048,42,64,8192,65536,42,128,512,1024,4795,256,512,1024,4543,128,512,1024,193293,128,512,1024,24282,128,512,512,4316,128,512,1024,5607,512,1024,2048,1500,256,512,1024,1428,128,512,1024,24219,128,512,512,3411,128,512,512,507,128,512,512,297,256,512,1024,324,256,512,512,135,1024,2048,2048,30,1024,1024,1024,29,64,128,128,59,64,128,128,21,16384,32768,32768,21,15.45,11.18,4.27,29,36,30,682,91,83,0,262144,262144,262144,262144,524288,29,65536,131072,131072,131072,131072,36,65536,131072,131072,131072,131072,30,65536,131072,131072,262144,262144,683,131072,131072,131072,131072,262144,91,65536,131072,131072,131072,131072,83,0,0,0,0,0,0,0,0,0,0,0,0,0,0,0,0,0,0,0,0,0,0,0,0,0,0,0,0,0,0,0,0,0,0,0,0,1,0,33961,31576,48562,0,42,21,0
47912182064700,3453,2048,4096,16384,21317,512,512,1024,3419,4096,8192,8192,2714,4096,16384,16384,700,8192,8192,8192,42,2048,4096,4096,713,512,1024,2048,2776,1024,2048,2048,495,4096,4096,4096,19,1024,65536,262144,32630,1048576,1048576,1048576,41,524288,1048576,1048576,41,524288,524288,524288,41,1024,2048,2048,41,64,32768,65536,41,256,512,1024,4638,256,512,1024,4368,128,512,1024,191853,128,512,1024,24426,128,512,1024,4206,128,512,1024,5841,512,1024,1024,1329,256,512,1024,1491,128,512,1024,24426,128,512,512,3528,128,512,1024,453,128,512,512,414,256,512,1024,378,256,512,512,171,1024,2048,2048,26,1024,1024,1024,27,64,64,128,53,64,64,128,21,128,32768,32768,21,16.37,11.83,4.53,27,42,32,713,79,78,0,262144,262144,262144,262144,262144,27,65536,131072,131072,131072,131072,42,65536,131072,131072,131072,131072,32,65536,131072,131072,262144,262144,713,65536,131072,131072,131072,131072,79,65536,131072,131072,131072,131072,78,0,0,0,0,0,0,0,0,0,0,0,0,0,0,0,0,0,0,0,0,0,0,0,0,0,0,0,0,0,0,0,0,0,0,0,0,1,0,34131,31412,49163,0,41,21,0
47913217404800,3479,2048,4096,16384,22190,512,512,1024,3454,4096,8192,8192,2853,4096,16384,16384,674,8192,8192,8192,35,2048,4096,4096,719,512,1024,2048,2824,1024,2048,2048,487,4096,4096,4096,17,2048,131072,262144,33665,1048576,1048576,1048576,42,524288,1048576,1048576,42,524288,524288,524288,42,1024,1024,1024,42,64,65536,65536,42,256,512,1024,4923,256,512,1024,4689,128,512,1024,199710,256,512,1024,25677,128,512,1024,4052,256,512,1024,5895,512,1024,1024,1305,256,512,1024,1359,128,512,1024,23868,128,512,512,3321,128,512,512,588,128,512,512,270,256,1024,1024,315,256,512,1024,153,1024,2048,2048,29,1024,1024,1024,26,64,64,128,55,64,128,128,21,16384,32768,32768,21,14.70,10.30,4.40,26,35,43,719,81,77,0,262144,262144,262144,262144,262144,26,65536,131072,131072,131072,131072,35,65536,131072,131072,131072,131072,39,65536,131072,131072,262144,1048576,704,131072,131072,131072,131072,262144,81,65536,131072,131072,131072,131072,77,0,0,0,0,0,0,0,0,0,0,0,0,0,0,0,0,0,0,0,0,0,0,0,0,0,0,0,0,0,0,0,0,0,0,0,0,19,0,34917,32300,49183,0,42,21,0
47914253751200,3500,2048,4096,16384,20357,512,512,1024,3455,4096,8192,8192,2713,4096,16384,32768,641,8192,8192,8192,23,2048,4096,8192,699,512,1024,4096,2712,1024,2048,2048,484,4096,4096,4096,17,2048,65536,262144,31463,1048576,1048576,1048576,41,524288,1048576,1048576,41,524288,524288,524288,41,512,1024,1024,41,64,16384,32768,41,256,512,1024,4782,256,512,1024,4593,256,512,1024,183213,256,512,1024,24417,128,512,512,4081,256,512,1024,5670,512,1024,1024,1236,256,512,1024,1326,128,512,1024,22797,128,512,512,3456,128,512,512,561,128,512,1024,261,256,512,1024,207,256,512,1024,153,1024,2048,2048,17,512,1024,1024,21,64,128,128,38,64,128,128,20,128,32768,32768,20,15.59,12.20,3.39,21,23,51,699,85,71,0,262144,262144,262144,262144,262144,21,65536,131072,131072,131072,131072,23,65536,131072,131072,131072,131072,55,65536,131072,131072,262144,262144,713,65536,131072,131072,131072,131072,85,65536,131072,131072,131072,131072,71,0,0,0,0,0,0,0,0,0,0,0,0,0,0,0,0,0,0,0,0,0,0,0,0,0,0,0,0,0,0,0,0,0,0,0,0,2,0,34553,30309,50283,2,41,20,0
47915288445100,3500,2048,4096,16384,22027,512,512,1024,3459,4096,8192,8192,2851,4096,8192,16384,769,8192,8192,8192,35,2048,2048,4096,743,512,1024,4096,2856,1024,2048,2048,529,4096,4096,4096,22,2048,65536,262144,33683,1048576,1048576,2097152,42,524288,1048576,1048576,42,524288,524288,524288,42,1024,2048,2048,42,64,65536,131072,42,256,512,1024,4551,256,512,1024,4551,128,512,1024,198243,128,512,1024,25659,128,512,512,4371,128,512,1024,6489,512,1024,1024,1372,256,512,1024,1435,128,512,512,22608,128,512,512,3294,128,512,512,516,128,512,512,306,256,512,1024,315,256,512,1024,198,0,0,0,0,0,0,0,0,0,0,0,0,64,64,64,21,64,128,128,21,15.85,11.95,3.90,0,35,49,743,96,79,0,0,0,0,0,0,0,65536,131072,131072,131072,131072,35,65536,131072,131072,131072,131072,49,65536,131072,131072,131072,131072,745,131072,131072,131072,131072,262144,96,65536,131072,131072,131072,131072,79,0,0,0,0,0,0,0,0,0,0,0,0,0,0,0,0,0,0,0,0,0,0,0,0,0,0,0,0,0,0,0,0,0,0,0,0,0,0,34663,32188,47963,0,42,21,0
47916323841100,3500,2048,4096,16384,21609,512,512,1024,3474,4096,8192,8192,2703,4096,8192,16384,668,8192,8192,8192,26,2048,2048,4096,669,512,1024,4096,2711,1024,2048,2048,416,4096,4096,4096,18,2048,65536,262144,32631,1048576,1048576,1048576,41,524288,1048576,1048576,41,524288,524288,524288,41,1024,1024,2048,41,64,16384,32768,41,256,512,1024,4540,256,512,1024,4540,128,512,1024,194481,128,512,1024,24327,128,512,1024,3554,256,512,1024,5787,512,1024,1024,1380,256,512,1024,1227,128,512,512,23571,128,512,512,3555,128,512,512,468,128,512,1024,225,256,512,1024,234,256,512,1024,162,0,0,0,0,0,0,0,0,0,0,0,0,64,128,128,21,64,128,128,21,13.46,9.94,3.52,0,26,47,669,93,93,0,0,0,0,0,0,0,65536,131072,131072,131072,131072,26,65536,131072,131072,131072,131072,47,65536,131072,131072,131072,131072,669,131072,131072,131072,131072,131072,93,65536,131072,131072,131072,131072,93,0,0,0,0,0,0,0,0,0,0,0,0,0,0,0,0,0,0,0,0,0,0,0,0,0,0,0,0,0,0,0,0,0,0,0,0,0,0,33381,31255,48662,0,41,21,0
47917359421900,3500,2048,4096,16384,23052,512,512,1024,3495,4096,8192,8192,2866,4096,8192,16384,730,8192,8192,8192,34,2048,2048,4096,785,512,1024,4096,2939,1024,2048,2048,504,4096,4096,4096,18,1024,65536,262144,34811,1048576,1048576,2097152,41,524288,1048576,1048576,41,524288,524288,524288,41,512,1024,1024,41,64,8192,65536,41,256,512,1024,4848,256,512,1024,4848,128,512,1024,207468,128,512,1024,25794,128,512,512,4040,128,512,1024,6489,512,1024,1024,1479,256,512,1024,1389,128,512,1024,22968,128,512,512,3366,128,512,1024,390,128,512,1024,288,256,512,512,306,256,512,1024,162,0,0,0,0,0,0,0,0,0,0,0,0,64,64,64,20,64,128,128,20,16.60,12.58,4.02,0,34,49,785,94,77,0,0,0,0,0,0,0,65536,131072,131072,131072,131072,34,65536,131072,131072,131072,131072,49,65536,131072,131072,262144,262144,780,131072,131072,131072,131072,262144,94,65536,131072,131072,131072,131072,77,0,0,0,0,0,0,0,0,0,0,0,0,0,0,0,0,0,0,0,0,0,0,0,0,0,0,0,0,0,0,0,0,0,0,0,0,5,0,34856,33260,49871,0,41,20,0
47918396105200,3395,2048,4096,16384,21902,512,512,1024,3465,4096,8192,8192,2766,4096,8192,32768,699,8192,8192,8192,29,2048,2048,4096,667,512,1024,4096,2698,1024,2048,2048,464,4096,4096,4096,5,2048,65536,262144,33011,1048576,1048576,1048576,42,524288,1048576,1048576,42,524288,524288,524288,42,1024,1024,2048,42,64,32768,65536,42,256,512,1024,4539,256,512,1024,5484,128,512,1024,197118,128,512,1024,24894,128,512,512,4006,256,512,1024,6174,512,1024,1024,1296,256,512,1024,1323,128,512,1024,25272,128,512,512,3960,128,512,512,398,128,512,512,297,256,512,1024,261,256,512,512,45,0,0,0,0,0,0,0,0,0,0,0,0,64,64,128,21,64,128,128,21,14.71,11.95,2.77,0,29,45,668,88,74,105,0,0,0,0,0,0,65536,131072,131072,131072,131072,29,65536,131072,131072,131072,262144,45,65536,131072,131072,262144,262144,672,131072,131072,131072,131072,262144,88,65536,131072,131072,131072,131072,74,131072,262144,262144,262144,262144,105,0,0,0,0,0,0,0,0,0,0,0,0,0,0,0,0,0,0,0,0,0,0,0,0,0,0,0,0,0,0,1,0,34922,31843,48086,0,42,21,0
47919430879200,3395,2048,4096,16384,21698,512,512,1024,3373,4096,8192,8192,2770,4096,8192,16384,725,8192,8192,8192,29,2048,2048,4096,716,512,1024,4096,2770,1024,2048,2048,464,4096,4096,4096,12,512,65536,262144,32895,1048576,1048576,2097152,41,524288,1048576,1048576,41,524288,524288,524288,41,1024,1024,2048,41,64,32768,65536,41,256,512,1024,4601,256,512,1024,4601,128,512,1024,195282,128,512,1024,24930,128,512,512,3931,128,512,1024,6480,512,1024,1024,1334,256,512,1024,1217,128,512,512,24156,128,512,512,3465,128,512,512,603,128,512,512,252,128,512,1024,261,256,512,512,108,0,0,0,0,0,0,0,0,0,0,0,0,64,64,128,21,64,128,128,21,15.47,10.94,4.53,0,29,36,715,73,89,0,0,0,0,0,0,0,65536,131072,131072,131072,131072,29,65536,131072,131072,131072,262144,36,65536,131072,131072,262144,4194304,716,131072,131072,131072,131072,131072,73,65536,131072,131072,131072,131072,89,0,0,0,0,0,0,0,0,0,0,0,0,0,0,0,0,0,0,0,0,0,0,0,0,0,0,0,0,0,0,0,0,0,0,0,0,0,0,34693,31503,51897,0,41,21,0
47920465945000,3410,2048,4096,16384,21836,256,512,1024,3390,4096,8192,8192,2680,4096,8192,16384,714,8192,8192,8192,26,2048,2048,4096,707,512,1024,2048,2748,1024,2048,2048,463,4096,4096,4096,7,1024,65536,262144,32879,1048576,1048576,1048576,42,524288,1048576,1048576,42,524288,524288,524288,42,1024,2048,2048,42,64,65536,131072,42,256,512,1024,4845,256,512,1024,4710,128,512,1024,196524,128,512,1024,24120,128,512,512,4076,128,512,1024,6021,512,1024,1024,1484,256,512,1024,1304,128,512,512,24363,128,512,512,3618,128,512,512,666,128,512,512,243,256,512,512,234,256,512,1024,63,1024,2048,2048,20,512,1024,1024,17,64,64,64,37,64,128,128,21,64,32768,32768,21,17.08,12.56,4.52,17,26,36,707,94,78,0,262144,262144,262144,262144,262144,15,65536,131072,131072,131072,131072,26,65536,131072,131072,131072,131072,34,65536,131072,131072,131072,262144,689,131072,131072,131072,131072,131072,92,65536,131072,131072,131072,262144,77,0,0,0,0,0,0,0,0,0,0,0,0,0,0,0,0,0,0,0,0,0,0,0,0,0,0,0,0,0,0,0,0,0,0,0,0,25,0,34838,31590,47991,0,42,21,0
47921502936300,3450,2048,4096,16384,22214,512,512,1024,3428,4096,8192,8192,2767,4096,8192,16384,728,8192,8192,8192,36,2048,2048,4096,697,512,1024,4096,2772,1024,2048,2048,486,4096,4096,4096,10,1024,65536,262144,33477,1048576,1048576,2097152,41,524288,1048576,1048576,41,524288,524288,524288,41,1024,2048,2048,41,64,32768,32768,41,256,512,1024,5078,256,512,1024,4718,128,512,1024,199926,128,512,1024,24903,128,512,512,4095,256,512,1024,5994,512,1024,1024,1361,256,512,1024,1469,128,512,1024,23616,128,512,512,3204,128,512,512,608,128,512,512,378,256,512,1024,324,256,512,1024,90,1024,2048,2048,38,512,2048,2048,40,64,64,128,78,64,128,128,20,16384,65536,65536,20,14.31,10.42,3.89,40,36,44,697,94,71,0,262144,262144,262144,262144,524288,42,65536,131072,131072,131072,131072,36,65536,131072,131072,131072,131072,46,65536,131072,131072,131072,262144,715,131072,131072,131072,131072,262144,96,65536,131072,131072,131072,131072,72,0,0,0,0,0,0,0,0,0,0,0,0,0,0,0,0,0,0,0,0,0,0,0,0,0,0,0,0,0,0,0,0,0,0,0,0,0,0,32941,31711,48044,0,41,20,0
47922537752600,3483,2048,4096,16384,21374,512,512,1024,3466,4096,8192,8192,2772,4096,8192,16384,762,8192,8192,8192,36,2048,4096,4096,753,512,1024,2048,2753,1024,2048,2048,475,4096,4096,4096,9,2048,131072,262144,32686,1048576,1048576,2097152,42,524288,1048576,1048576,42,524288,524288,524288,42,1024,2048,2048,42,64,16384,65536,42,256,512,1024,4851,256,512,1024,4554,128,512,1024,192366,128,512,1024,24948,128,512,512,4500,256,512,1024,6318,512,1024,1024,1458,256,512,1024,1350,128,512,1024,24651,128,512,1024,3474,128,512,512,543,128,512,512,270,256,512,1024,324,256,512,1024,81,1024,2048,2048,33,512,1024,1024,32,64,64,128,65,64,128,128,21,8192,32768,32768,21,17.37,12.21,5.16,32,36,35,753,87,85,0,262144,262144,262144,262144,262144,31,65536,131072,131072,131072,131072,36,65536,131072,131072,131072,131072,35,65536,131072,131072,131072,131072,752,65536,131072,131072,131072,262144,86,65536,131072,131072,131072,131072,83,0,0,0,0,0,0,0,0,0,0,0,0,0,0,0,0,0,0,0,0,0,0,0,0,0,0,0,0,0,0,0,0,0,0,0,0,5,0,34243,31358,49743,1,42,21,0
47923573153700,3500,2048,4096,16384,20879,512,512,1024,3486,4096,8192,8192,2820,4096,8192,16384,715,8192,8192,8192,21,2048,2048,4096,697,512,1024,2048,2826,1024,2048,2048,508,4096,4096,4096,9,2048,65536,262144,32260,1048576,1048576,1048576,41,524288,1048576,1048576,41,524288,524288,524288,41,512,1024,1024,41,64,32768,131072,41,256,512,1024,4911,256,512,1024,4758,256,512,1024,187911,256,512,1024,25380,128,512,1024,4205,256,512,1024,6219,512,1024,1024,1431,256,512,1024,1332,128,512,1024,23805,128,512,512,3600,128,512,512,497,128,512,512,144,256,512,1024,189,256,512,1024,81,1024,2048,2048,14,1024,1024,1024,16,64,64,64,30,64,128,128,21,128,32768,32768,21,16.10,11.45,4.65,16,21,34,697,78,66,0,262144,262144,262144,262144,262144,17,65536,131072,131072,131072,131072,21,65536,131072,131072,131072,131072,34,65536,131072,131072,131072,262144,698,65536,131072,131072,131072,131072,79,65536,131072,131072,131072,262144,68,0,0,0,0,0,0,0,0,0,0,0,0,0,0,0,0,0,0,0,0,0,0,0,0,0,0,0,0,0,0,0,0,0,0,0,0,0,0,34322,31034,50010,0,41,21,0
47924608490500,3500,2048,4096,16384,20230,512,512,1024,3434,4096,8192,8192,2673,4096,8192,32768,697,8192,8192,8192,23,2048,4096,4096,676,512,1024,4096,2682,1024,2048,2048,468,4096,4096,4096,10,2048,131072,262144,31238,1048576,2097152,2097152,41,524288,1048576,1048576,41,524288,524288,524288,41,512,1024,1024,41,64,32768,131072,41,256,512,1024,4686,256,512,1024,4686,256,512,1024,182070,256,512,1024,24057,128,512,1024,4139,256,512,1024,5922,512,1024,2048,1233,256,512,1024,1341,128,512,1024,22590,128,512,512,3861,128,512,1024,501,128,512,1024,225,256,512,1024,207,256,512,512,90,0,0,0,0,0,0,0,0,0,0,0,0,64,128,128,20,64,128,128,20,14.72,11.57,3.14,0,23,35,676,86,67,0,0,0,0,0,0,0,65536,131072,131072,131072,131072,23,65536,131072,131072,131072,131072,35,65536,131072,131072,131072,262144,676,131072,131072,131072,131072,131072,86,65536,131072,131072,131072,131072,67,0,0,0,0,0,0,0,0,0,0,0,0,0,0,0,0,0,0,0,0,0,0,0,0,0,0,0,0,0,0,0,0,0,0,0,0,0,0,34398,30064,47058,0,41,20,0
47925645961800,3500,2048,4096,16384,22135,256,512,1024,3479,4096,8192,8192,2822,4096,16384,16384,727,8192,8192,8192,27,2048,2048,4096,739,512,1024,2048,2840,1024,2048,2048,488,4096,4096,4096,13,2048,131072,262144,33630,1048576,1048576,1048576,42,524288,1048576,1048576,42,524288,524288,524288,42,512,1024,2048,42,64,8192,65536,42,256,512,1024,4809,256,512,1024,4809,128,512,1024,199215,128,512,1024,25407,128,512,512,4230,128,512,1024,6336,512,1024,1024,1418,256,512,1024,1364,128,512,512,24975,128,512,512,3735,128,512,512,567,128,512,512,351,256,512,1024,243,256,512,1024,117,0,0,0,0,0,0,0,0,0,0,0,0,64,128,128,21,64,128,128,21,17.06,12.67,4.39,0,27,35,739,68,88,0,0,0,0,0,0,0,65536,131072,131072,131072,131072,27,65536,131072,131072,131072,131072,35,65536,131072,131072,131072,131072,739,131072,131072,131072,131072,131072,68,65536,131072,131072,131072,131072,88,0,0,0,0,0,0,0,0,0,0,0,0,0,0,0,0,0,0,0,0,0,0,0,0,0,0,0,0,0,0,0,0,0,0,0,0,0,0,34395,32060,49056,0,42,21,0
47926681611200,3500,2048,4096,16384,21241,512,512,1024,3485,4096,8192,8192,2791,4096,16384,32768,696,8192,8192,8192,37,2048,4096,4096,706,512,1024,2048,2759,1024,2048,2048,479,4096,4096,4096,14,2048,65536,262144,32561,1048576,1048576,1048576,41,524288,1048576,1048576,41,524288,524288,524288,41,1024,2048,2048,41,64,8192,32768,41,128,512,1024,4431,256,512,1024,4431,128,512,1024,191169,128,512,1024,25110,128,512,1024,4310,128,512,1024,5904,512,1024,1024,1308,256,512,1024,1380,128,512,512,23211,128,512,512,3618,128,512,512,540,128,512,512,252,256,512,1024,333,256,512,512,126,0,0,0,0,0,0,0,0,0,0,0,0,64,64,128,21,64,128,128,21,14.98,10.32,4.66,0,37,26,706,71,91,0,0,0,0,0,0,0,65536,131072,131072,131072,131072,37,65536,131072,131072,131072,131072,26,65536,131072,131072,131072,8388608,705,131072,131072,131072,131072,262144,71,65536,131072,131072,131072,131072,91,0,0,0,0,0,0,0,0,0,0,0,0,0,0,0,0,0,0,0,0,0,0,0,0,0,0,0,0,0,0,0,0,0,0,0,0,1,0,34940,31372,50345,0,41,21,0
47927720422000,3500,2048,4096,16384,22743,512,512,1024,3475,4096,8192,8192,2860,4096,8192,16384,718,8192,8192,8192,34,2048,4096,4096,745,512,1024,4096,2835,1024,2048,2048,425,4096,4096,4096,13,2048,131072,262144,34259,1048576,1048576,2097152,42,524288,1048576,1048576,42,524288,524288,524288,42,1024,1024,2048,42,64,16384,65536,42,256,512,1024,4766,256,512,1024,4766,256,512,1024,204687,128,512,1024,25740,128,512,512,4219,128,512,1024,6399,512,1024,1024,1305,256,512,1024,1440,128,512,1024,24885,128,512,1024,3753,128,512,512,600,128,512,512,288,256,512,1024,306,256,512,1024,117,0,0,0,0,0,0,0,0,0,0,0,0,64,64,128,21,64,128,128,21,14.98,11.08,3.90,0,34,40,745,89,81,0,0,0,0,0,0,0,65536,131072,131072,131072,131072,34,65536,131072,131072,131072,131072,40,65536,131072,131072,262144,262144,746,131072,131072,131072,131072,131072,89,65536,131072,131072,131072,131072,81,0,0,0,0,0,0,0,0,0,0,0,0,0,0,0,0,0,0,0,0,0,0,0,0,0,0,0,0,0,0,0,0,0,0,0,0,0,0,34437,32609,48888,0,42,21,0
47928752976000,3395,2048,4096,16384,22160,512,512,1024,3394,4096,8192,16384,2761,4096,8192,16384,681,8192,8192,8192,26,2048,2048,4096,708,512,1024,2048,2750,1024,2048,2048,513,4096,4096,4096,17,1024,65536,262144,33359,1048576,1048576,2097152,41,524288,1048576,1048576,41,524288,524288,524288,41,512,1024,1024,41,64,8192,65536,41,256,512,1024,4476,256,512,1024,5421,128,512,1024,199440,128,512,1024,24849,128,512,512,4099,128,512,1024,5697,512,1024,2048,1395,256,512,1024,1377,128,512,1024,23859,128,512,512,3456,128,512,1024,642,128,512,512,270,256,512,1024,234,256,512,1024,153,0,0,0,0,0,0,0,0,0,0,0,0,64,128,128,20,64,128,128,20,16.69,12.42,4.27,0,26,34,708,73,81,105,0,0,0,0,0,0,65536,131072,131072,131072,131072,26,65536,131072,131072,131072,131072,34,65536,131072,131072,262144,4194304,706,131072,131072,131072,131072,131072,73,65536,131072,131072,131072,262144,81,262144,262144,262144,262144,524288,105,0,0,0,0,0,0,0,0,0,0,0,0,0,0,0,0,0,0,0,0,0,0,0,0,0,0,0,0,0,0,1,0,34431,32058,50369,0,41,20,0
47929787420000,3395,2048,4096,16384,22019,512,512,1024,3386,4096,8192,8192,2766,4096,8192,16384,673,8192,8192,8192,32,2048,2048,4096,727,512,1024,2048,2800,1024,2048,2048,506,4096,4096,4096,23,2048,131072,262144,33306,1048576,1048576,2097152,42,524288,1048576,1048576,42,524288,524288,524288,42,1024,1024,2048,42,64,65536,131072,42,128,512,1024,4337,256,512,1024,4337,128,512,1024,198171,128,512,1024,24894,128,512,512,3895,128,512,1024,5904,512,1024,1024,1281,256,512,1024,1398,128,512,512,23832,128,512,512,3465,128,512,512,585,128,512,1024,270,256,512,512,288,256,512,1024,207,0,0,0,0,0,0,0,0,0,0,0,0,64,64,128,21,64,128,128,21,15.61,11.58,4.03,0,32,35,727,62,86,0,0,0,0,0,0,0,65536,131072,131072,131072,131072,32,65536,131072,131072,131072,131072,35,65536,131072,131072,131072,262144,724,131072,131072,131072,131072,131072,61,65536,131072,131072,131072,131072,83,0,0,0,0,0,0,0,0,0,0,0,0,0,0,0,0,0,0,0,0,0,0,0,0,0,0,0,0,0,0,0,0,0,0,0,0,9,0,34649,31618,47821,0,42,21,0
47930824901600,3418,2048,4096,16384,21641,512,512,1024,3386,4096,8192,8192,2677,4096,8192,32768,709,8192,16384,16384,30,2048,4096,4096,672,512,1024,2048,2765,1024,2048,2048,475,4096,4096,4096,14,2048,131072,262144,32719,1048576,1048576,1048576,41,524288,1048576,1048576,41,524288,524288,524288,41,512,1024,1024,41,64,32768,65536,41,256,512,1024,5047,256,512,1024,4840,128,512,1024,194769,128,512,1024,24093,128,512,512,3607,128,512,1024,6300,512,1024,1024,1341,256,512,1024,1278,128,512,512,22698,128,512,512,3321,128,512,512,537,128,512,512,225,256,512,1024,270,256,512,1024,126,1024,2048,2048,29,512,1024,1024,24,64,64,128,53,64,64,128,21,64,32768,32768,21,15.82,11.30,4.52,24,30,31,672,67,74,0,262144,262144,262144,262144,262144,24,131072,131072,131072,131072,131072,30,65536,131072,131072,131072,131072,31,65536,131072,131072,131072,131072,677,131072,131072,131072,131072,262144,68,65536,131072,131072,131072,8388608,77,0,0,0,0,0,0,0,0,0,0,0,0,0,0,0,0,0,0,0,0,0,0,0,0,0,0,0,0,0,0,0,0,0,0,0,0,0,0,34170,31592,48034,0,41,21,0
47931861354500,3451,2048,4096,16384,21223,512,512,1024,3441,4096,8192,8192,2697,4096,8192,16384,704,8192,8192,8192,26,2048,4096,4096,690,512,1024,2048,2651,1024,2048,2048,438,4096,4096,4096,14,2048,131072,262144,32186,1048576,1048576,1048576,41,524288,1048576,1048576,41,524288,524288,524288,41,1024,1024,1024,41,64,32768,65536,42,256,512,1024,4872,256,512,1024,4575,128,512,1024,191007,128,512,1024,24273,128,512,512,3930,256,512,1024,6354,512,1024,1024,1389,256,512,1024,1380,128,512,1024,24180,128,512,512,3285,128,512,512,639,128,512,512,315,256,512,1024,234,256,512,1024,126,1024,2048,2048,34,1024,1024,2048,36,64,64,128,70,64,128,128,21,16384,32768,65536,21,17.33,12.43,4.90,36,26,32,690,76,91,0,262144,262144,262144,262144,262144,36,65536,131072,131072,131072,131072,26,65536,131072,131072,131072,262144,32,65536,131072,131072,262144,2097152,690,131072,131072,131072,131072,131072,74,65536,131072,131072,131072,131072,90,0,0,0,0,0,0,0,0,0,0,0,0,0,0,0,0,0,0,0,0,0,0,0,0,0,0,0,0,0,0,0,0,0,0,0,0,2,0,34985,30979,49719,0,41,21,0
47932897263800,3488,2048,4096,16384,20623,512,512,1024,3440,4096,8192,16384,2815,4096,16384,16384,653,8192,8192,8192,31,2048,4096,4096,715,512,1024,2048,2789,1024,2048,2048,461,4096,4096,4096,7,2048,131072,262144,31867,1048576,1048576,2097152,42,524288,1048576,1048576,42,524288,524288,524288,42,1024,2048,2048,42,64,8192,16384,41,256,512,1024,4854,256,512,1024,4521,128,512,1024,185607,256,512,1024,25335,128,512,1024,3800,256,512,1024,5958,512,1024,2048,1282,256,512,1024,1237,128,512,1024,23493,128,512,1024,3519,128,512,512,540,128,512,512,288,256,512,1024,279,256,512,512,63,1024,2048,2048,36,1024,1024,1024,38,64,64,128,74,64,128,128,20,16384,32768,32768,20,15.09,11.19,3.90,38,31,28,715,85,68,0,262144,262144,524288,524288,524288,38,65536,131072,131072,131072,131072,31,131072,131072,131072,131072,131072,28,65536,131072,131072,131072,131072,715,131072,131072,131072,131072,262144,87,65536,131072,131072,131072,131072,69,0,0,0,0,0,0,0,0,0,0,0,0,0,0,0,0,0,0,0,0,0,0,0,0,0,0,0,0,0,0,0,0,0,0,0,0,0,0,33009,30157,46263,912,42,20,0
47933932772100,3500,2048,4096,16384,21390,512,512,1024,3502,4096,8192,8192,2758,4096,8192,16384,728,8192,8192,8192,35,2048,2048,4096,758,512,1024,2048,2772,1024,2048,2048,476,4096,8192,8192,14,2048,131072,262144,32814,1048576,1048576,1048576,41,524288,1048576,1048576,41,524288,524288,524288,41,1024,2048,2048,41,64,32768,65536,41,256,512,1024,4670,256,512,1024,4562,256,512,1024,192510,256,512,1024,24822,128,512,512,3915,256,512,1024,6651,512,1024,2048,1254,256,512,1024,1308,128,512,1024,22689,128,512,512,3393,128,512,1024,603,128,512,1024,297,256,512,1024,315,256,1024,1024,126,1024,2048,2048,6,512,1024,1024,7,64,128,128,13,64,64,128,21,64,16384,32768,21,15.34,12.20,3.14,7,35,25,758,87,76,0,262144,262144,262144,262144,262144,7,65536,131072,131072,131072,131072,35,65536,131072,131072,131072,131072,25,65536,131072,131072,262144,262144,755,131072,131072,131072,131072,262144,87,65536,131072,131072,131072,131072,76,0,0,0,0,0,0,0,0,0,0,0,0,0,0,0,0,0,0,0,0,0,0,0,0,0,0,0,0,0,0,0,0,0,0,0,0,2,0,32153,31227,49828,0,41,21,0
47934968063400,3500,2048,4096,16384,21456,512,512,1024,3505,4096,8192,8192,2805,4096,8192,16384,790,8192,8192,16384,29,2048,2048,4096,737,512,1024,2048,2837,1024,2048,2048,493,4096,4096,4096,6,2048,65536,262144,32982,1048576,1048576,2097152,42,524288,1048576,1048576,42,524288,524288,524288,42,512,1024,2048,42,64,32768,65536,42,256,512,1024,4935,256,512,1024,4935,256,512,1024,193104,256,512,1024,25245,128,512,512,4099,256,512,1024,6795,512,1024,1024,1311,256,512,1024,1212,128,512,512,23310,128,512,512,3501,128,512,1024,504,256,512,512,234,256,512,1024,261,256,1024,1024,54,0,0,0,0,0,0,0,0,0,0,0,0,64,128,128,21,64,128,128,21,16.97,12.32,4.65,0,29,34,737,78,74,0,0,0,0,0,0,0,65536,131072,131072,131072,262144,29,65536,131072,131072,131072,131072,34,65536,131072,131072,131072,262144,740,131072,131072,131072,131072,131072,78,65536,131072,131072,131072,131072,74,0,0,0,0,0,0,0,0,0,0,0,0,0,0,0,0,0,0,0,0,0,0,0,0,0,0,0,0,0,0,0,0,0,0,0,0,0,0,34567,31677,49223,0,42,21,0
47936002240300,3500,2048,4096,16384,21332,512,512,1024,3505,4096,8192,8192,2808,4096,16384,16384,685,8192,8192,8192,22,2048,4096,4096,694,512,1024,4096,2768,1024,2048,2048,503,4096,4096,4096,7,4096,131072,262144,32634,1048576,1048576,1048576,41,524288,1048576,1048576,41,524288,524288,524288,41,512,1024,2048,41,64,65536,65536,41,256,512,1024,4826,256,512,1024,4826,256,512,1024,191988,256,512,1024,25272,128,512,512,4099,256,512,1024,5967,512,1024,1024,1476,256,512,1024,1341,128,512,512,22545,128,512,512,3474,128,512,512,654,128,512,512,333,256,512,1024,198,256,512,1024,63,0,0,0,0,0,0,0,0,0,0,0,0,64,128,128,20,64,128,128,20,15.09,11.45,3.65,0,22,29,694,60,75,0,0,0,0,0,0,0,65536,131072,131072,131072,131072,22,65536,131072,131072,131072,131072,29,65536,131072,131072,262144,262144,694,131072,131072,131072,131072,131072,60,65536,131072,131072,131072,131072,75,0,0,0,0,0,0,0,0,0,0,0,0,0,0,0,0,0,0,0,0,0,0,0,0,0,0,0,0,0,0,0,0,0,0,0,0,0,0,35032,31090,49135,0,41,20,0
47937038257900,3500,2048,4096,16384,22524,512,512,1024,3499,4096,8192,8192,2784,4096,8192,16384,769,8192,8192,8192,46,2048,4096,4096,733,512,1024,2048,2833,1024,2048,2048,499,4096,4096,4096,13,1024,65536,262144,34047,1048576,1048576,1048576,42,524288,1048576,1048576,42,524288,524288,524288,42,1024,2048,2048,42,64,16384,32768,42,256,512,1024,4366,256,512,1024,4366,256,512,1024,202716,256,512,1024,25056,128,512,512,4347,256,512,1024,6399,512,1024,1024,1443,256,512,1024,1488,128,512,512,23877,128,512,512,3501,128,512,512,615,128,512,1024,351,256,512,1024,414,256,1024,1024,117,0,0,0,0,0,0,0,0,0,0,0,0,64,64,64,21,64,128,128,21,15.98,12.20,3.77,0,46,32,733,74,91,0,0,0,0,0,0,0,65536,131072,131072,131072,131072,46,65536,131072,131072,131072,131072,32,65536,131072,131072,131072,262144,732,131072,131072,131072,131072,131072,74,65536,131072,131072,131072,131072,89,0,0,0,0,0,0,0,0,0,0,0,0,0,0,0,0,0,0,0,0,0,0,0,0,0,0,0,0,0,0,0,0,0,0,0,0,3,0,34277,32698,50280,0,42,21,0
47938074876400,3395,2048,4096,16384,22235,256,512,1024,3497,4096,8192,8192,2775,4096,8192,16384,710,8192,8192,8192,29,2048,4096,4096,705,512,1024,2048,2766,1024,2048,2048,475,4096,4096,4096,8,1024,65536,262144,33492,1048576,1048576,1048576,41,524288,1048576,1048576,41,524288,524288,524288,41,1024,2048,2048,41,64,32768,65536,41,256,512,1024,4611,256,512,1024,5556,128,512,1024,200115,128,512,1024,24975,128,512,512,4017,256,512,1024,5895,512,1024,1024,1281,256,512,1024,1308,128,512,512,24543,128,512,512,3600,128,512,1024,378,128,512,1024,252,256,512,1024,261,256,512,512,72,0,0,0,0,0,0,0,0,0,0,0,0,64,64,64,21,64,128,128,21,15.57,11.30,4.27,0,29,32,705,89,82,105,0,0,0,0,0,0,65536,131072,131072,131072,131072,28,65536,131072,131072,131072,131072,29,65536,131072,131072,262144,262144,669,131072,131072,131072,131072,131072,88,65536,131072,131072,131072,131072,78,262144,262144,262144,262144,262144,105,0,0,0,0,0,0,0,0,0,0,0,0,0,0,0,0,0,0,0,0,0,0,0,0,0,0,0,0,0,0,48,0,35145,32199,49062,0,41,21,0
47939110163200,3395,2048,4096,16384,20565,512,512,1024,3412,4096,8192,8192,2661,4096,8192,16384,723,8192,8192,8192,34,2048,2048,4096,697,512,1024,4096,2603,1024,2048,2048,451,4096,4096,4096,14,1024,131072,262144,31506,1048576,1048576,1048576,41,524288,1048576,1048576,41,524288,524288,524288,41,1024,2048,2048,41,64,16384,65536,41,256,512,1024,4393,256,512,1024,4393,128,512,1024,185085,128,512,1024,23949,128,512,512,4034,256,512,1024,6030,512,1024,1024,1481,256,512,1024,1562,128,512,1024,23319,128,512,512,3555,128,512,1024,582,128,512,1024,324,256,512,1024,306,256,512,1024,126,0,0,0,0,0,0,0,0,0,0,0,0,64,128,128,20,128,128,128,20,17.48,12.33,5.16,0,34,26,697,87,93,0,0,0,0,0,0,0,65536,131072,131072,131072,131072,35,65536,131072,131072,131072,131072,29,65536,131072,131072,262144,262144,733,131072,131072,131072,131072,131072,88,65536,131072,131072,131072,131072,99,0,0,0,0,0,0,0,0,0,0,0,0,0,0,0,0,0,0,0,0,0,0,0,0,0,0,0,0,0,0,0,0,0,0,0,0,1,0,34221,30416,50296,0,41,20,0
47940149070800,3399,2048,4096,16384,22526,256,512,1024,3413,4096,8192,8192,2825,4096,8192,16384,711,8192,16384,16384,38,2048,2048,4096,701,512,1024,2048,2855,1024,2048,2048,470,4096,4096,4096,9,1024,65536,262144,33909,1048576,1048576,1048576,42,524288,1048576,1048576,42,524288,524288,524288,42,1024,2048,2048,42,64,32768,65536,42,256,512,1024,4597,256,512,1024,4561,128,512,1024,202734,128,512,1024,25425,128,512,1024,4186,128,512,1024,5895,512,1024,1024,1383,256,512,1024,1320,128,512,512,24246,128,512,512,3312,128,512,512,495,128,512,1024,315,256,512,1024,342,256,512,1024,81,1024,2048,2048,11,512,1024,1024,9,64,64,64,20,64,64,128,21,64,128,8192,21,15.71,11.94,3.77,9,38,41,701,79,91,0,262144,262144,262144,262144,262144,9,65536,131072,131072,131072,131072,38,65536,131072,131072,131072,131072,41,65536,131072,131072,262144,2097152,698,131072,131072,131072,131072,131072,79,65536,131072,131072,131072,131072,91,0,0,0,0,0,0,0,0,0,0,0,0,0,0,0,0,0,0,0,0,0,0,0,0,0,0,0,0,0,0,0,0,0,0,0,0,4,0,33916,32277,48888,0,42,21,0
47941180462700,3436,2048,4096,16384,22144,512,512,1024,3396,4096,8192,8192,2723,4096,8192,16384,690,8192,16384,32768,28,2048,2048,4096,688,512,1024,2048,2770,1024,2048,2048,458,4096,4096,4096,13,2048,65536,262144,33202,1048576,1048576,1048576,41,524288,1048576,1048576,41,524288,524288,524288,41,1024,2048,2048,41,64,16384,65536,41,256,512,1024,5168,256,512,1024,4835,256,512,1024,199296,128,512,1024,24507,128,512,1024,3938,128,512,1024,5796,512,1024,1024,1176,256,512,1024,1293,128,512,1024,22950,128,512,512,3159,128,512,1024,486,128,512,512,279,256,512,1024,252,256,512,1024,117,2048,2048,2048,33,1024,1024,1024,33,64,64,64,66,64,64,128,21,16384,32768,65536,21,18.04,13.12,4.92,33,28,24,688,86,84,0,262144,262144,262144,262144,524288,32,65536,131072,131072,131072,131072,27,131072,131072,131072,131072,131072,24,65536,131072,262144,524288,524288,688,65536,131072,131072,131072,262144,86,65536,131072,131072,131072,131072,84,0,0,0,0,0,0,0,0,0,0,0,0,0,0,0,0,0,0,0,0,0,0,0,0,0,0,0,0,0,0,0,0,0,0,0,0,5,0,34595,31797,50511,0,41,21,0
47942216689800,3472,2048,4096,16384,21544,512,512,1024,3450,4096,8192,8192,2723,4096,8192,16384,711,8192,8192,16384,35,2048,4096,4096,736,512,1024,2048,2795,1024,2048,2048,449,4096,4096,4096,14,1024,131072,262144,32828,1048576,1048576,2097152,42,1048576,1048576,1048576,42,524288,524288,524288,42,1024,2048,2048,42,64,32768,65536,42,256,512,1024,4595,256,512,1024,4271,256,512,1024,193896,256,512,1024,24507,128,512,1024,4111,256,512,1024,5994,512,1024,2048,1520,256,512,1024,1520,128,512,1024,23301,128,512,512,3366,128,512,512,513,128,512,512,270,256,512,1024,315,256,512,512,126,1024,2048,2048,38,1024,1024,1024,38,64,64,128,76,64,64,128,21,16384,32768,65536,21,15.45,11.81,3.64,38,35,24,737,71,64,0,262144,262144,262144,262144,262144,38,65536,131072,131072,131072,131072,36,65536,131072,131072,131072,131072,24,65536,131072,262144,262144,262144,738,65536,131072,131072,131072,262144,71,65536,131072,131072,131072,262144,64,0,0,0,0,0,0,0,0,0,0,0,0,0,0,0,0,0,0,0,0,0,0,0,0,0,0,0,0,0,0,0,0,0,0,0,0,3,0,35049,31729,48007,0,42,21,0
47943251723900,3500,2048,4096,16384,20556,512,512,1024,3459,4096,8192,16384,2758,4096,16384,16384,710,8192,8192,16384,37,2048,2048,4096,712,512,1024,2048,2720,1024,2048,2048,497,4096,4096,4096,14,2048,65536,262144,31811,1048576,1048576,2097152,41,1048576,1048576,1048576,41,524288,524288,524288,41,1024,2048,2048,41,64,16384,32768,41,256,512,1024,4707,256,512,1024,4455,256,512,1024,185004,256,512,1024,24822,128,512,512,4235,256,512,1024,6138,512,1024,1024,1194,256,512,1024,1257,128,512,1024,22329,128,512,512,3384,128,512,512,498,128,512,1024,324,256,512,1024,333,256,512,512,126,1024,2048,2048,23,1024,1024,1024,25,64,64,64,48,64,128,128,20,16384,32768,32768,20,14.81,10.92,3.89,25,37,30,711,93,67,0,262144,262144,262144,262144,262144,26,65536,131072,131072,131072,131072,37,131072,131072,131072,131072,262144,30,65536,131072,131072,262144,262144,714,131072,131072,131072,131072,262144,93,65536,131072,131072,131072,262144,67,0,0,0,0,0,0,0,0,0,0,0,0,0,0,0,0,0,0,0,0,0,0,0,0,0,0,0,0,0,0,0,0,0,0,0,0,0,0,34633,30607,49652,3,41,20,0
47944284926500,3500,2048,4096,16384,21630,512,512,1024,3473,4096,8192,8192,2819,4096,16384,32768,679,8192,8192,8192,30,2048,2048,4096,778,512,1024,2048,2834,1024,2048,2048,511,4096,4096,4096,13,2048,131072,262144,33122,1048576,1048576,2097152,41,1048576,1048576,1048576,41,524288,524288,524288,41,1024,2048,2048,41,64,2048,32768,42,256,512,1024,4461,256,512,1024,4461,256,512,1024,194670,256,512,1024,25371,128,512,1024,3896,256,512,1024,6120,512,1024,2048,1158,256,512,1024,1158,128,512,1024,22257,128,512,1024,3492,128,512,512,528,128,512,1024,306,256,512,1024,270,256,512,1024,117,0,0,0,0,0,0,0,0,0,0,0,0,64,128,128,21,64,128,128,21,16.00,11.72,4.28,0,30,26,778,85,94,0,0,0,0,0,0,0,65536,131072,131072,131072,131072,30,65536,131072,131072,131072,131072,26,65536,131072,262144,524288,524288,778,131072,131072,131072,131072,131072,85,65536,131072,131072,131072,262144,94,0,0,0,0,0,0,0,0,0,0,0,0,0,0,0,0,0,0,0,0,0,0,0,0,0,0,0,0,0,0,0,0,0,0,0,0,0,0,35289,31425,49461,0,41,21,0
47945321225700,3500,2048,4096,16384,21605,512,512,1024,3500,4096,8192,8192,2825,4096,8192,16384,675,8192,8192,8192,28,2048,2048,4096,662,512,1024,1024,2811,1024,2048,2048,499,4096,4096,4096,20,1024,131072,524288,32982,1048576,1048576,1048576,42,524288,1048576,1048576,42,524288,524288,524288,42,1024,2048,2048,42,64,32768,65536,41,256,512,1024,4755,256,512,1024,4755,256,512,1024,194445,256,512,1024,25425,128,512,512,3913,256,512,1024,5778,512,1024,1024,1245,256,512,1024,1353,128,512,1024,23634,128,512,512,3132,128,512,1024,630,128,512,1024,198,256,512,1024,252,256,512,1024,180,0,0,0,0,0,0,0,0,0,0,0,0,64,128,128,21,128,128,256,21,15.34,10.44,4.91,0,28,23,662,93,106,0,0,0,0,0,0,0,65536,131072,262144,262144,262144,28,65536,131072,131072,131072,131072,23,65536,131072,131072,262144,262144,660,131072,131072,262144,262144,262144,93,65536,131072,131072,262144,262144,106,0,0,0,0,0,0,0,0,0,0,0,0,0,0,0,0,0,0,0,0,0,0,0,0,0,0,0,0,0,0,0,0,0,0,0,0,1,0,33893,31578,47906,0,42,21,0
47946358167100,3500,2048,4096,16384,22547,512,512,1024,3486,4096,8192,8192,2786,4096,8192,16384,732,8192,8192,8192,23,2048,2048,4096,761,512,1024,1024,2800,1024,2048,2048,474,4096,4096,4096,10,1024,65536,262144,33962,1048576,1048576,2097152,41,524288,1048576,1048576,41,524288,524288,524288,41,512,1024,2048,41,64,32768,65536,41,256,512,1024,4697,256,512,1024,4697,256,512,1024,202923,128,512,1024,25074,128,512,512,4411,256,512,1024,6444,512,1024,1024,1538,256,512,1024,1403,128,512,1024,24255,128,512,512,3303,128,512,1024,375,128,512,1024,225,256,512,1024,207,256,512,1024,90,0,0,0,0,0,0,0,0,0,0,0,0,64,128,128,20,64,128,128,20,16.69,12.80,3.89,0,23,12,761,90,84,0,0,0,0,0,0,0,65536,131072,131072,131072,131072,23,65536,131072,131072,131072,131072,12,65536,131072,262144,262144,524288,762,131072,131072,262144,262144,262144,90,65536,131072,131072,131072,262144,84,0,0,0,0,0,0,0,0,0,0,0,0,0,0,0,0,0,0,0,0,0,0,0,0,0,0,0,0,0,0,0,0,0,0,0,0,1,0,33655,32398,49658,0,41,20,0
47947391735600,3500,2048,4096,16384,21576,512,512,1024,3479,4096,8192,16384,2800,4096,16384,32768,705,8192,8192,16384,29,2048,2048,4096,680,512,1024,1024,2732,1024,2048,2048,467,4096,8192,8192,17,2048,131072,262144,32805,1048576,1048576,2097152,42,524288,1048576,1048576,42,524288,524288,1048576,42,1024,2048,2048,42,64,32768,32768,42,256,512,1024,5075,256,512,1024,5075,128,512,1024,194184,128,512,1024,25200,128,512,1024,4065,256,512,1024,6561,512,1024,1024,1416,256,512,1024,1326,128,512,1024,22473,128,512,512,3330,128,512,512,456,128,512,512,288,256,512,1024,261,256,512,1024,153,0,0,0,0,0,0,0,0,0,0,0,0,64,64,64,21,64,128,128,21,15.62,11.59,4.03,0,29,14,680,86,88,0,0,0,0,0,0,0,65536,131072,131072,131072,131072,29,131072,131072,131072,131072,262144,14,65536,131072,262144,262144,524288,681,131072,131072,131072,131072,131072,86,65536,131072,131072,131072,131072,88,0,0,0,0,0,0,0,0,0,0,0,0,0,0,0,0,0,0,0,0,0,0,0,0,0,0,0,0,0,0,0,0,0,0,0,0,0,0,34656,31395,48694,0,42,21,0
47948429512900,3395,2048,4096,16384,22602,512,512,1024,3471,4096,8192,8192,2821,4096,8192,16384,706,8192,16384,16384,24,2048,2048,4096,747,512,1024,1024,2898,1024,2048,2048,475,4096,4096,4096,9,2048,65536,262144,34041,1048576,1048576,1048576,41,524288,1048576,1048576,41,524288,524288,524288,41,512,2048,2048,41,64,32768,65536,41,128,512,1024,4624,256,512,1024,5569,128,512,1024,203418,128,512,1024,25389,128,512,512,3925,128,512,1024,6201,512,1024,1024,1377,256,512,1024,1242,128,512,512,23202,128,512,512,3582,128,512,512,402,128,512,512,153,256,512,1024,216,256,512,1024,81,0,0,0,0,0,0,0,0,0,0,0,0,64,64,64,21,128,128,128,21,15.68,11.79,3.89,0,24,13,747,81,74,105,0,0,0,0,0,0,65536,131072,131072,131072,131072,24,65536,131072,131072,131072,131072,13,65536,131072,131072,262144,262144,747,131072,131072,131072,131072,262144,81,65536,131072,131072,131072,131072,74,131072,262144,262144,262144,524288,105,0,0,0,0,0,0,0,0,0,0,0,0,0,0,0,0,0,0,0,0,0,0,0,0,0,0,0,0,0,0,0,0,33830,32480,51527,0,41,21,0
47949464807300,3395,2048,4096,16384,21435,512,512,1024,3395,4096,8192,8192,2708,4096,8192,16384,731,8192,8192,8192,28,2048,2048,4096,700,512,1024,1024,2697,1024,2048,2048,448,4096,4096,4096,12,1024,65536,262144,32501,1048576,1048576,1048576,42,524288,1048576,1048576,42,524288,524288,524288,42,1024,1024,2048,42,64,65536,131072,42,128,512,1024,4438,256,512,1024,4438,128,512,1024,192915,128,512,1024,24372,128,512,512,3856,128,512,1024,6471,512,1024,1024,1411,256,512,1024,1312,128,512,512,24840,128,512,512,3438,128,512,1024,639,128,512,1024,288,256,512,1024,252,256,512,512,108,0,0,0,0,0,0,0,0,0,0,0,0,64,128,128,21,128,128,256,21,17.36,12.07,5.28,0,28,12,700,82,87,0,0,0,0,0,0,0,131072,131072,131072,131072,131072,28,65536,131072,131072,131072,131072,12,65536,131072,262144,524288,524288,700,131072,131072,131072,131072,262144,80,65536,131072,262144,262144,262144,87,0,0,0,0,0,0,0,0,0,0,0,0,0,0,0,0,0,0,0,0,0,0,0,0,0,0,0,0,0,0,0,0,0,0,0,0,1,0,33861,31145,48963,0,42,21,0
47950500748900,3404,2048,4096,16384,21242,512,512,1024,3381,4096,8192,8192,2713,4096,8192,16384,689,8192,8192,8192,32,2048,2048,4096,681,512,1024,1024,2687,1024,2048,2048,468,4096,4096,4096,11,2048,65536,262144,32214,1048576,1048576,1048576,41,524288,1048576,1048576,41,524288,524288,524288,41,1024,1024,2048,41,64,128,2048,41,128,512,1024,4814,256,512,1024,4733,128,512,1024,191178,128,512,1024,24417,128,512,512,3945,128,512,1024,6021,512,1024,1024,1299,256,512,1024,1335,128,512,512,22878,128,512,512,3474,128,512,1024,597,128,512,512,279,256,512,1024,288,256,512,1024,99,1024,2048,2048,14,512,1024,1024,12,64,64,64,26,64,128,128,20,128,16384,16384,20,14.83,11.31,3.52,12,32,12,681,83,76,0,262144,262144,262144,262144,262144,12,65536,131072,131072,131072,131072,32,65536,131072,131072,131072,131072,12,65536,131072,131072,262144,524288,681,131072,131072,131072,131072,131072,85,65536,131072,131072,131072,262144,76,0,0,0,0,0,0,0,0,0,0,0,0,0,0,0,0,0,0,0,0,0,0,0,0,0,0,0,0,0,0,0,0,0,0,0,0,0,0,35055,31168,47841,0,41,20,0
47951537676300,3436,2048,4096,16384,22112,512,512,1024,3403,4096,8192,8192,2699,4096,8192,16384,699,8192,8192,8192,36,2048,4096,4096,699,512,1024,1024,2721,1024,2048,2048,480,4096,4096,4096,11,2048,65536,262144,33187,1048576,1048576,2097152,42,524288,1048576,1048576,42,524288,524288,524288,42,1024,2048,2048,42,128,32768,65536,42,128,512,1024,5080,256,512,1024,4792,128,512,1024,199012,128,512,1024,24291,128,512,512,3932,256,512,1024,6012,512,1024,2048,1495,256,512,1024,1441,128,512,1024,23805,128,512,1024,3501,128,512,1024,537,128,512,512,333,256,512,1024,324,256,512,1024,99,2048,2048,2048,31,1024,1024,1024,30,64,64,128,61,64,128,128,21,16384,32768,32768,21,16.21,12.07,4.15,30,36,11,699,92,73,0,262144,262144,262144,262144,262144,30,65536,131072,131072,131072,131072,36,65536,131072,131072,131072,262144,11,65536,131072,262144,262144,262144,699,131072,131072,131072,131072,131072,91,65536,131072,131072,131072,262144,72,0,0,0,0,0,0,0,0,0,0,0,0,0,0,0,0,0,0,0,0,0,0,0,0,0,0,0,0,0,0,0,0,0,0,0,0,2,0,33781,31820,49698,0,42,21,0
47952571296400,3470,2048,4096,16384,21028,512,512,1024,3422,4096,8192,16384,2738,4096,16384,16384,718,8192,8192,8192,29,2048,2048,4096,672,512,1024,1024,2709,1024,2048,2048,469,4096,4096,4096,12,2048,65536,262144,32080,1048576,1048576,1048576,41,524288,1048576,1048576,41,524288,524288,524288,41,512,2048,2048,41,64,32768,65536,41,256,512,1024,4986,256,512,1024,4680,128,512,1024,189248,128,512,1024,24642,128,512,512,3829,128,512,1024,6120,512,1024,1024,1435,256,512,1024,1363,128,512,1024,24462,128,512,512,3420,128,512,1024,621,128,512,1024,270,256,512,1024,261,256,512,1024,108,1024,2048,2048,35,1024,1024,1024,33,64,64,128,68,64,64,64,21,16384,32768,65536,21,14.60,10.32,4.28,33,29,14,672,85,81,0,262144,262144,262144,262144,262144,33,65536,131072,131072,131072,131072,29,65536,131072,131072,131072,131072,14,65536,131072,262144,262144,524288,672,65536,131072,131072,131072,262144,86,65536,131072,131072,131072,131072,82,0,0,0,0,0,0,0,0,0,0,0,0,0,0,0,0,0,0,0,0,0,0,0,0,0,0,0,0,0,0,0,0,0,0,0,0,0,0,34025,30760,49276,0,41,21,0
47953606677700,3500,2048,4096,16384,20343,512,512,1024,3482,4096,8192,8192,2768,4096,8192,32768,758,8192,8192,8192,25,2048,2048,4096,742,512,1024,2048,2838,1024,2048,2048,493,4096,4096,4096,13,2048,131072,262144,31769,1048576,1048576,2097152,41,524288,1048576,1048576,41,524288,524288,524288,41,512,2048,2048,41,64,32768,65536,41,256,512,1024,4808,256,512,1024,4538,128,512,1024,183087,256,512,1024,24912,128,512,1024,4039,256,512,1024,6516,512,1024,1024,1335,256,512,1024,1218,128,512,1024,22608,128,512,512,3951,128,512,512,534,128,512,512,162,256,512,1024,225,256,512,512,117,1024,2048,2048,25,1024,1024,1024,30,64,64,128,55,64,128,128,20,16384,32768,32768,20,17.23,13.08,4.15,30,25,26,742,88,80,0,262144,262144,262144,262144,262144,30,65536,131072,131072,131072,262144,25,65536,131072,131072,131072,262144,26,65536,131072,131072,262144,4194304,742,131072,131072,262144,262144,262144,88,65536,131072,131072,131072,131072,80,0,0,0,0,0,0,0,0,0,0,0,0,0,0,0,0,0,0,0,0,0,0,0,0,0,0,0,0,0,0,0,0,0,0,0,0,0,0,35146,30271,47417,2,41,20,0
47954644276600,3500,2048,4096,16384,21495,512,512,1024,3492,4096,8192,16384,2740,4096,8192,16384,701,8192,8192,8192,19,2048,4096,4096,722,512,1024,2048,2786,1024,2048,2048,467,4096,4096,4096,14,1024,131072,262144,32748,1048576,1048576,1048576,42,524288,1048576,1048576,42,524288,524288,524288,42,1024,1024,1024,42,64,32768,65536,42,256,512,1024,4981,256,512,1024,4981,128,512,1024,193455,128,512,1024,24660,128,512,1024,4256,256,512,1024,6021,512,1024,1024,1401,256,512,1024,1356,128,512,1024,23526,128,512,512,3501,128,512,1024,621,256,512,512,225,256,512,1024,171,256,512,1024,126,0,0,0,0,0,0,0,0,0,0,0,0,64,64,128,21,64,128,128,21,15.81,11.80,4.02,0,19,22,722,93,77,0,0,0,0,0,0,0,65536,131072,131072,131072,131072,19,65536,131072,131072,131072,131072,21,65536,131072,262144,262144,524288,718,131072,131072,131072,131072,524288,93,65536,131072,131072,131072,262144,77,0,0,0,0,0,0,0,0,0,0,0,0,0,0,0,0,0,0,0,0,0,0,0,0,0,0,0,0,0,0,0,0,0,0,0,0,4,0,33565,30558,48549,788,42,21,0
47955678533400,3500,2048,4096,16384,21481,512,512,1024,3497,4096,8192,8192,2828,4096,8192,16384,751,8192,8192,8192,29,2048,2048,4096,771,512,1024,1024,2809,1024,2048,2048,485,4096,4096,4096,8,2048,65536,262144,32992,1048576,1048576,2097152,41,524288,1048576,1048576,41,524288,524288,524288,41,1024,1024,1024,41,64,8192,32768,41,256,512,1024,4461,256,512,1024,4461,128,512,1024,193329,128,512,1024,25452,128,512,1024,4334,128,512,1024,6039,512,1024,1024,1374,256,512,1024,1482,128,512,1024,22761,128,512,512,3348,128,512,1024,471,128,512,1024,243,256,512,1024,261,256,512,1024,72,0,0,0,0,0,0,0,0,0,0,0,0,64,64,128,21,64,128,128,21,15.37,11.59,3.78,0,29,16,771,92,80,0,0,0,0,0,0,0,65536,131072,131072,131072,262144,29,65536,131072,131072,131072,131072,17,65536,131072,262144,262144,524288,773,131072,131072,262144,262144,262144,92,65536,131072,131072,131072,262144,80,0,0,0,0,0,0,0,0,0,0,0,0,0,0,0,0,0,0,0,0,0,0,0,0,0,0,0,0,0,0,0,0,0,0,0,0,2,0,34662,31630,49717,0,41,21,0
47956713079900,3500,2048,4096,16384,20862,512,512,1024,3472,4096,8192,8192,2786,4096,8192,16384,694,8192,8192,8192,27,2048,2048,4096,679,512,1024,1024,2727,1024,2048,2048,481,4096,4096,4096,20,1024,131072,262144,32101,1048576,1048576,2097152,42,524288,1048576,1048576,42,524288,524288,524288,42,1024,1024,1024,42,64,32768,65536,42,256,512,1024,4352,256,512,1024,4352,128,512,1024,187758,128,512,1024,25074,128,512,512,3933,128,512,1024,5904,512,1024,1024,1479,256,512,1024,1407,128,512,512,24588,128,512,512,3888,128,512,512,474,128,512,1024,261,256,512,1024,243,256,512,1024,180,0,0,0,0,0,0,0,0,0,0,0,0,64,128,128,21,64,128,128,21,14.46,10.44,4.02,0,27,21,679,100,84,0,0,0,0,0,0,0,65536,131072,131072,131072,131072,27,65536,131072,131072,131072,262144,21,65536,131072,262144,262144,2097152,679,131072,131072,131072,131072,262144,99,65536,131072,131072,131072,131072,84,0,0,0,0,0,0,0,0,0,0,0,0,0,0,0,0,0,0,0,0,0,0,0,0,0,0,0,0,0,0,0,0,0,0,0,0,3,0,34490,30916,47636,0,42,21,0
47957748705100,3500,2048,4096,16384,22190,512,512,1024,3490,4096,8192,8192,2826,4096,16384,32768,756,8192,8192,32768,37,2048,2048,8192,727,512,1024,2048,2845,1024,2048,2048,499,4096,4096,4096,21,2048,131072,262144,33701,1048576,1048576,1048576,41,524288,1048576,1048576,41,524288,524288,524288,41,1024,2048,2048,41,64,32768,65536,41,256,512,1024,4607,256,512,1024,4607,128,512,1024,199710,128,512,1024,25434,128,512,512,4809,256,512,1024,6291,512,1024,1024,1284,256,512,512,1401,128,512,512,23130,128,512,512,3483,128,512,512,567,128,512,1024,378,256,512,1024,333,256,512,1024,189,0,0,0,0,0,0,0,0,0,0,0,0,64,128,128,20,64,128,128,20,16.59,12.44,4.15,0,37,27,727,78,86,0,0,0,0,0,0,0,65536,131072,131072,131072,131072,37,65536,131072,131072,131072,131072,27,65536,131072,131072,262144,262144,729,131072,131072,131072,131072,262144,79,65536,131072,131072,131072,131072,86,0,0,0,0,0,0,0,0,0,0,0,0,0,0,0,0,0,0,0,0,0,0,0,0,0,0,0,0,0,0,0,0,0,0,0,0,0,0,35516,32229,49670,0,41,20,0
47958787594100,3395,2048,4096,16384,21863,512,512,1024,3396,4096,8192,8192,2809,4096,8192,16384,667,8192,8192,8192,27,2048,2048,4096,741,512,1024,2048,2801,1024,2048,2048,486,4096,4096,4096,10,1024,65536,262144,33140,1048576,1048576,1048576,42,524288,1048576,1048576,42,524288,524288,524288,42,512,2048,2048,42,64,128,32768,42,256,512,1024,4520,256,512,1024,5465,128,512,1024,196767,128,512,1024,25281,128,512,1024,3800,128,512,1024,5949,512,1024,1024,1382,256,512,1024,1310,128,512,1024,24804,128,512,1024,3429,128,512,512,399,128,512,512,162,256,512,1024,243,256,512,1024,90,0,0,0,0,0,0,0,0,0,0,0,0,64,64,128,21,128,128,128,21,15.17,11.16,4.01,0,27,40,741,95,75,105,0,0,0,0,0,0,65536,131072,131072,131072,262144,27,65536,131072,131072,131072,131072,40,65536,131072,262144,262144,524288,741,131072,131072,262144,262144,524288,93,65536,131072,131072,131072,131072,74,131072,262144,262144,262144,262144,105,0,0,0,0,0,0,0,0,0,0,0,0,0,0,0,0,0,0,0,0,0,0,0,0,0,0,0,0,0,0,3,0,34441,31855,50400,0,42,21,0
47959823984600,3395,2048,4096,16384,21935,512,512,1024,3375,4096,8192,8192,2697,4096,8192,16384,639,8192,8192,8192,24,2048,4096,4096,659,512,1024,2048,2739,1024,2048,2048,469,4096,8192,8192,17,2048,65536,262144,32936,1048576,1048576,1048576,41,524288,1048576,1048576,41,524288,524288,524288,41,1024,1024,2048,41,64,8192,65536,41,128,512,1024,4417,256,512,1024,4417,128,512,1024,197415,128,512,1024,24273,128,512,512,3733,128,512,1024,5868,512,1024,1024,1310,256,512,1024,1238,128,512,512,24327,128,512,512,3663,128,512,512,603,128,512,512,288,256,512,512,216,256,1024,1024,153,0,0,0,0,0,0,0,0,0,0,0,0,64,128,128,21,64,128,128,21,16.34,12.44,3.90,0,24,31,659,84,79,0,0,0,0,0,0,0,65536,131072,131072,131072,131072,24,65536,131072,131072,131072,131072,31,65536,131072,131072,262144,524288,658,131072,131072,262144,262144,262144,86,65536,131072,131072,131072,131072,80,0,0,0,0,0,0,0,0,0,0,0,0,0,0,0,0,0,0,0,0,0,0,0,0,0,0,0,0,0,0,0,0,0,0,0,0,1,0,33797,31483,49765,0,41,21,0
47960856649300,3417,2048,4096,16384,21175,512,512,1024,3383,4096,8192,8192,2724,4096,8192,16384,706,8192,8192,8192,30,2048,2048,4096,723,512,1024,2048,2717,1024,2048,2048,458,4096,4096,4096,16,1024,131072,262144,32274,1048576,1048576,2097152,41,524288,1048576,1048576,41,524288,524288,524288,41,512,1024,2048,41,64,32768,65536,41,256,512,1024,4617,256,512,1024,4419,128,512,1024,190575,128,512,1024,24516,128,512,1024,4133,256,512,1024,6183,512,1024,1024,1374,256,512,1024,1518,128,512,1024,23373,128,512,512,3492,128,512,512,516,128,512,512,270,256,512,1024,270,256,512,1024,144,1024,2048,2048,26,512,1024,1024,23,64,128,1024,49,64,128,128,20,64,65536,65536,20,13.62,10.85,2.78,23,30,43,723,85,76,0,262144,262144,262144,262144,262144,23,65536,131072,131072,131072,131072,30,65536,131072,262144,262144,262144,43,65536,131072,262144,262144,262144,724,131072,131072,131072,131072,262144,85,65536,131072,131072,131072,131072,76,0,0,0,0,0,0,0,0,0,0,0,0,0,0,0,0,0,0,0,0,0,0,0,0,0,0,0,0,0,0,0,0,0,0,0,0,0,0,34961,31218,47929,0,41,20,0
47961892926400,3451,2048,4096,16384,21204,512,512,1024,3409,4096,8192,16384,2671,4096,16384,32768,660,8192,8192,8192,38,2048,4096,4096,676,512,1024,4096,2683,1024,2048,2048,468,4096,8192,8192,22,2048,65536,524288,32213,1048576,1048576,1048576,42,524288,1048576,1048576,42,524288,524288,524288,42,1024,2048,2048,42,64,65536,65536,42,256,512,1024,4817,256,512,1024,4511,128,512,1024,190836,128,512,1024,24039,128,512,1024,3881,128,512,1024,5751,512,1024,1024,1427,256,512,1024,1562,128,512,512,24534,128,512,512,3375,128,512,512,603,128,512,1024,333,256,512,1024,342,256,1024,1024,198,1024,2048,2048,33,1024,1024,1024,34,64,128,128,67,64,128,128,21,16384,32768,32768,21,17.58,12.81,4.77,34,38,43,676,90,88,0,262144,262144,262144,262144,262144,34,65536,131072,131072,131072,262144,38,65536,131072,131072,131072,131072,41,65536,131072,262144,262144,1048576,676,131072,131072,262144,262144,262144,90,65536,131072,262144,262144,262144,88,0,0,0,0,0,0,0,0,0,0,0,0,0,0,0,0,0,0,0,0,0,0,0,0,0,0,0,0,0,0,0,0,0,0,0,0,2,0,34220,30938,50228,0,42,21,0
47962928019600,3483,2048,4096,16384,21890,512,512,1024,3459,4096,8192,16384,2802,4096,8192,16384,756,8192,8192,8192,26,2048,4096,4096,737,512,1024,4096,2798,1024,2048,2048,500,4096,4096,4096,12,2048,131072,262144,33306,1048576,1048576,2097152,41,524288,1048576,1048576,41,524288,524288,524288,41,1024,1024,2048,41,64,32768,65536,41,256,512,1024,4832,256,512,1024,4544,128,512,1024,197010,256,512,1024,25218,128,512,1024,4146,256,512,1024,6588,512,1024,1024,1284,256,512,1024,1365,128,512,1024,23499,128,512,1024,3510,128,512,1024,582,128,512,1024,216,256,512,1024,234,256,512,1024,108,1024,2048,2048,32,512,1024,1024,31,64,64,128,63,64,128,128,21,16384,32768,32768,21,16.35,12.20,4.15,31,26,54,737,83,96,0,262144,262144,262144,262144,262144,31,65536,131072,131072,131072,131072,26,65536,131072,131072,131072,131072,56,65536,131072,262144,262144,524288,737,131072,131072,131072,131072,262144,83,65536,131072,131072,131072,131072,96,0,0,0,0,0,0,0,0,0,0,0,0,0,0,0,0,0,0,0,0,0,0,0,0,0,0,0,0,0,0,0,0,0,0,0,0,0,0,34787,31931,47567,2,41,21,0
47963962040500,3500,2048,4096,16384,20367,512,512,1024,3481,4096,8192,8192,2834,4096,16384,16384,713,8192,8192,8192,29,2048,4096,4096,733,512,1024,4096,2814,1024,2048,2048,468,4096,4096,4096,6,1024,65536,262144,31776,1048576,1048576,2097152,41,524288,1048576,1048576,41,524288,524288,524288,41,1024,1024,1024,41,64,32768,65536,42,256,512,1024,4888,256,512,1024,4735,128,512,1024,183303,256,512,1024,25506,128,512,1024,4016,256,512,1024,6300,512,1024,1024,1323,256,512,1024,1476,128,512,1024,23148,128,512,512,3501,128,512,1024,558,128,512,512,270,256,512,1024,261,256,512,1024,54,2048,2048,2048,14,1024,1024,1024,17,64,64,64,31,64,128,128,21,16384,32768,32768,21,18.40,11.85,6.55,17,29,52,733,105,86,0,262144,262144,262144,262144,524288,17,65536,131072,131072,131072,131072,29,65536,131072,131072,131072,262144,52,65536,131072,262144,262144,262144,733,65536,131072,131072,262144,262144,103,65536,131072,131072,131072,131072,83,0,0,0,0,0,0,0,0,0,0,0,0,0,0,0,0,0,0,0,0,0,0,0,0,0,0,0,0,0,0,0,0,0,0,0,0,5,0,33830,30474,50615,0,41,21,0
47965004452700,3500,2048,4096,16384,20973,512,512,1024,3466,4096,8192,8192,2771,4096,16384,16384,701,8192,8192,16384,29,2048,4096,4096,690,512,1024,4096,2825,1024,2048,2048,489,4096,4096,4096,11,2048,65536,262144,32288,1048576,1048576,2097152,42,524288,1048576,1048576,42,524288,524288,524288,42,512,1024,1024,42,64,8192,32768,41,256,512,1024,5172,256,512,1024,5172,128,512,1024,188757,256,512,1024,24939,128,512,1024,4219,256,512,1024,6210,512,1024,1024,1311,256,512,1024,1257,128,512,1024,23769,128,512,512,3654,128,512,512,447,128,512,512,207,256,512,1024,261,256,512,1024,99,0,0,0,0,0,0,0,0,0,0,0,0,64,128,128,20,64,128,128,20,18.20,13.18,5.02,0,29,44,690,81,77,0,0,0,0,0,0,0,131072,131072,131072,131072,262144,29,65536,131072,131072,131072,262144,44,65536,131072,262144,262144,262144,690,131072,131072,131072,131072,262144,83,65536,131072,131072,131072,131072,80,0,0,0,0,0,0,0,0,0,0,0,0,0,0,0,0,0,0,0,0,0,0,0,0,0,0,0,0,0,0,0,0,0,0,0,0,0,0,35346,31249,47561,0,42,20,0
47966037263000,3500,2048,4096,16384,22029,512,512,1024,3485,4096,8192,8192,2807,4096,8192,16384,717,8192,8192,8192,20,2048,4096,4096,705,512,1024,4096,2790,1024,2048,2048,454,4096,8192,8192,9,2048,65536,262144,33287,1048576,1048576,2097152,41,524288,1048576,1048576,41,524288,524288,524288,41,1024,1024,2048,41,64,32768,32768,42,256,512,1024,4620,256,512,1024,4620,256,512,1024,198261,128,512,1024,25263,128,512,512,4149,256,512,1024,6003,512,1024,2048,1475,256,512,1024,1412,128,512,1024,25497,128,512,1024,3474,128,512,1024,522,128,512,512,252,256,512,1024,180,256,512,1024,81,0,0,0,0,0,0,0,0,0,0,0,0,64,128,128,21,64,128,128,21,15.09,11.95,3.14,0,20,54,705,68,90,0,0,0,0,0,0,0,131072,131072,131072,131072,131072,20,65536,131072,131072,131072,131072,54,65536,131072,262144,262144,262144,702,131072,131072,262144,262144,262144,67,65536,131072,131072,131072,262144,88,0,0,0,0,0,0,0,0,0,0,0,0,0,0,0,0,0,0,0,0,0,0,0,0,0,0,0,0,0,0,0,0,0,0,0,0,6,0,33604,31198,52029,0,41,21,0
47967070095400,3500,2048,4096,16384,21924,512,512,1024,3580,4096,8192,8192,2835,4096,16384,16384,744,8192,8192,8192,37,2048,2048,4096,739,512,1024,4096,2796,1024,2048,2048,492,4096,4096,4096,12,2048,131072,262144,33486,1048576,1048576,2097152,42,524288,1048576,1048576,42,524288,524288,524288,42,1024,2048,2048,42,64,2048,32768,41,256,512,1024,4595,256,512,1024,4595,256,512,1024,197316,256,512,1024,25515,128,512,512,4424,256,512,1024,5976,512,1024,1024,1526,256,512,1024,1571,128,512,512,24975,128,512,512,3465,128,512,512,543,128,512,512,360,256,512,1024,333,256,512,1024,108,0,0,0,0,0,0,0,0,0,0,0,0,64,128,128,21,64,128,128,21,16.59,11.69,4.90,0,37,48,739,69,80,0,0,0,0,0,0,0,65536,131072,131072,131072,131072,37,65536,131072,131072,131072,262144,48,65536,131072,262144,262144,262144,741,65536,131072,131072,131072,131072,70,65536,131072,131072,131072,131072,82,0,0,0,0,0,0,0,0,0,0,0,0,0,0,0,0,0,0,0,0,0,0,0,0,0,0,0,0,0,0,0,0,0,0,0,0,0,0,34279,31938,48501,0,42,21,0
47968107543200,3500,2048,4096,16384,22585,512,512,1024,3448,4096,8192,8192,2813,4096,16384,16384,755,8192,8192,8192,39,2048,2048,4096,748,512,1024,4096,2866,1024,2048,2048,491,4096,4096,4096,8,1024,65536,262144,34095,1048576,1048576,2097152,41,524288,1048576,1048576,41,524288,524288,524288,41,512,1024,2048,41,64,16384,131072,41,256,512,1024,4680,256,512,1024,4680,256,512,1024,203274,256,512,1024,25317,128,512,512,4315,256,512,1024,6066,512,1024,2048,1398,256,512,512,1398,128,512,512,23328,128,512,512,3411,128,512,1024,594,128,512,512,270,256,512,1024,351,256,512,512,72,0,0,0,0,0,0,0,0,0,0,0,0,64,64,64,20,64,256,256,20,16.69,12.30,4.39,0,39,54,748,83,81,0,0,0,0,0,0,0,65536,131072,131072,131072,131072,39,65536,131072,131072,131072,262144,53,65536,131072,262144,262144,524288,744,131072,131072,131072,131072,262144,83,65536,131072,131072,131072,262144,81,0,0,0,0,0,0,0,0,0,0,0,0,0,0,0,0,0,0,0,0,0,0,0,0,0,0,0,0,0,0,0,0,0,0,0,0,5,0,34146,32561,49069,0,41,20,0
47969142021600,3395,2048,4096,16384,21929,512,512,1024,3359,4096,8192,8192,2682,4096,8192,32768,695,8192,16384,16384,29,2048,2048,4096,700,512,1024,2048,2695,1024,2048,2048,459,4096,8192,8192,12,2048,131072,262144,32874,1048576,1048576,1048576,42,524288,1048576,1048576,42,524288,524288,524288,42,1024,1024,1024,42,128,32768,65536,42,256,512,1024,4122,256,512,1024,5067,128,512,1024,197352,128,512,1024,24138,128,512,512,4042,256,512,1024,5904,512,1024,1024,1349,256,512,1024,1511,128,512,512,24471,128,512,512,3420,128,512,512,512,128,512,512,279,256,512,1024,261,256,512,1024,108,0,0,0,0,0,0,0,0,0,0,0,0,64,64,128,21,64,128,128,21,15.25,12.22,3.02,0,29,38,700,71,98,105,0,0,0,0,0,0,65536,131072,131072,131072,262144,29,65536,131072,131072,131072,131072,39,65536,131072,131072,262144,262144,703,131072,131072,131072,131072,131072,71,65536,131072,131072,131072,131072,98,131072,262144,262144,262144,262144,105,0,0,0,0,0,0,0,0,0,0,0,0,0,0,0,0,0,0,0,0,0,0,0,0,0,0,0,0,0,0,2,0,34783,31525,50640,0,42,21,0
47970176452300,3395,2048,4096,16384,22404,512,512,1024,3375,4096,8192,8192,2795,4096,8192,16384,719,8192,8192,8192,26,2048,4096,4096,667,512,1024,4096,2753,1024,2048,2048,456,4096,4096,4096,10,2048,131072,262144,33483,1048576,1048576,1048576,41,524288,1048576,1048576,41,524288,524288,524288,41,512,1024,2048,41,64,32768,65536,41,128,512,1024,4127,256,512,1024,4127,128,512,1024,201636,128,512,1024,25155,128,512,512,4457,128,512,1024,5670,512,1024,1024,1338,256,512,1024,1464,128,512,512,23400,128,512,512,3249,128,512,512,567,128,512,1024,270,128,512,512,234,256,512,1024,90,0,0,0,0,0,0,0,0,0,0,0,0,64,64,128,21,64,128,128,21,17.99,12.58,5.41,0,26,46,667,77,74,0,0,0,0,0,0,0,65536,131072,131072,131072,131072,26,65536,131072,131072,131072,131072,46,65536,131072,131072,131072,262144,669,65536,131072,131072,131072,262144,77,65536,131072,131072,131072,131072,74,0,0,0,0,0,0,0,0,0,0,0,0,0,0,0,0,0,0,0,0,0,0,0,0,0,0,0,0,0,0,0,0,0,0,0,0,0,0,34167,32126,47643,0,41,21,0
47971212433900,3421,2048,4096,16384,21219,512,512,1024,3377,4096,8192,8192,2665,4096,16384,16384,648,8192,8192,8192,35,2048,2048,4096,682,512,1024,2048,2701,1024,2048,2048,479,4096,4096,4096,11,2048,65536,262144,32167,1048576,1048576,2097152,42,524288,1048576,1048576,42,524288,524288,524288,42,1024,2048,2048,42,64,16384,32768,42,256,512,1024,4924,256,512,1024,4690,128,512,1024,190971,128,512,1024,23985,128,512,1024,3759,128,512,1024,5292,512,1024,1024,1500,256,512,1024,1383,128,512,1024,22347,128,512,512,3420,128,512,512,660,128,512,1024,315,256,512,1024,315,256,512,1024,99,1024,2048,2048,29,1024,1024,2048,26,64,64,128,55,64,128,128,21,16384,32768,32768,21,15.96,11.56,4.40,26,35,35,682,77,74,0,262144,262144,262144,262144,524288,26,65536,131072,131072,131072,262144,35,131072,131072,131072,131072,131072,35,65536,131072,131072,131072,131072,681,131072,131072,131072,131072,131072,74,65536,131072,131072,131072,131072,74,0,0,0,0,0,0,0,0,0,0,0,0,0,0,0,0,0,0,0,0,0,0,0,0,0,0,0,0,0,0,0,0,0,0,0,0,3,0,33814,30806,49964,0,42,21,0
47972245537300,3460,2048,4096,16384,21868,512,512,1024,3412,4096,8192,16384,2767,4096,8192,16384,707,8192,8192,8192,37,2048,4096,4096,728,512,1024,2048,2769,1024,2048,2048,491,4096,4096,4096,21,2048,131072,262144,33160,1048576,1048576,1048576,41,524288,1048576,1048576,41,524288,524288,524288,41,1024,1024,2048,41,64,32768,65536,41,256,512,1024,4951,256,512,1024,4600,128,512,1024,196812,128,512,1024,24903,128,512,512,3871,128,512,1024,5868,512,1024,1024,1433,256,512,1024,1325,128,512,512,23643,128,512,512,2898,128,512,512,486,128,512,512,288,256,512,1024,333,256,512,1024,189,1024,2048,2048,37,1024,1024,1024,40,64,128,128,77,64,128,128,20,16384,65536,65536,20,17.39,12.73,4.66,40,37,35,728,87,78,0,262144,262144,262144,262144,524288,40,65536,131072,131072,131072,131072,37,65536,131072,131072,131072,262144,35,65536,131072,131072,131072,262144,729,131072,131072,131072,131072,262144,90,65536,131072,131072,131072,131072,78,0,0,0,0,0,0,0,0,0,0,0,0,0,0,0,0,0,0,0,0,0,0,0,0,0,0,0,0,0,0,0,0,0,0,0,0,0,0,33532,31766,50201,1,41,20,0
47973283601200,3494,2048,4096,16384,20450,512,512,1024,3634,4096,8192,8192,2845,4096,16384,16384,765,8192,16384,16384,31,2048,4096,4096,748,512,1024,2048,2816,1024,2048,2048,475,4096,4096,4096,17,2048,65536,262144,32143,1048576,1048576,1048576,41,524288,1048576,1048576,41,524288,524288,524288,41,512,1024,1024,41,64,32768,65536,41,256,512,1024,5120,256,512,1024,4814,128,512,1024,184050,256,512,1024,25605,128,512,1024,4387,256,512,1024,6408,512,1024,1024,1410,256,512,1024,1473,128,512,1024,22149,128,512,1024,3636,128,512,1024,564,256,512,1024,261,256,512,1024,279,256,512,1024,153,1024,2048,2048,36,512,1024,1024,33,64,64,64,69,64,128,128,21,16384,32768,32768,21,14.06,10.92,3.14,33,31,29,748,89,84,0,262144,262144,262144,262144,262144,33,65536,131072,131072,131072,131072,31,65536,131072,131072,131072,131072,29,65536,131072,131072,131072,131072,748,131072,131072,262144,262144,262144,89,65536,131072,131072,131072,131072,84,0,0,0,0,0,0,0,0,0,0,0,0,0,0,0,0,0,0,0,0,0,0,0,0,0,0,0,0,0,0,0,0,0,0,0,0,0,0,35268,30915,47731,0,41,21,0
47974318886800,3500,2048,4096,16384,22177,512,512,1024,3446,4096,8192,8192,2711,4096,16384,16384,633,8192,8192,16384,32,2048,4096,4096,712,512,1024,2048,2741,1024,2048,2048,456,4096,4096,4096,17,2048,131072,262144,33265,1048576,1048576,1048576,42,524288,1048576,1048576,42,524288,524288,524288,42,1024,2048,2048,42,64,65536,65536,42,256,512,1024,4750,256,512,1024,4696,256,512,1024,199593,256,512,1024,24399,128,512,1024,3854,256,512,1024,5544,512,1024,1024,1299,256,512,1024,1317,128,512,1024,24120,128,512,512,3366,128,512,512,456,128,512,1024,288,256,512,1024,288,256,512,1024,153,2048,2048,2048,3,512,1024,1024,6,64,64,64,9,64,64,128,21,64,8192,32768,21,14.96,10.94,4.02,6,32,23,712,79,68,0,262144,262144,262144,262144,262144,6,65536,131072,131072,131072,131072,32,65536,131072,131072,131072,131072,23,65536,131072,131072,262144,1048576,712,131072,131072,131072,131072,131072,79,65536,131072,131072,131072,131072,68,0,0,0,0,0,0,0,0,0,0,0,0,0,0,0,0,0,0,0,0,0,0,0,0,0,0,0,0,0,0,0,0,0,0,0,0,0,0,33189,31687,47628,0,42,21,0
47975343741100,3500,2048,4096,16384,20921,512,512,1024,3343,4096,8192,8192,2791,4096,8192,16384,688,8192,16384,16384,29,2048,2048,4096,716,512,1024,2048,2781,1024,2048,2048,478,4096,4096,4096,12,1024,65536,262144,32154,1048576,1048576,1048576,41,524288,1048576,1048576,41,524288,524288,524288,41,1024,2048,2048,41,64,16384,32768,41,256,512,1024,4408,256,512,1024,4408,128,512,1024,188289,128,512,1024,25128,128,512,512,3666,256,512,1024,5976,512,1024,1024,1262,256,512,1024,1397,128,512,1024,22905,128,512,512,3447,128,512,512,492,128,512,512,315,256,1024,1024,261,256,512,1024,108,0,0,0,0,0,0,0,0,0,0,0,0,64,128,128,20,64,128,128,20,15.22,12.07,3.14,0,29,33,716,76,96,0,0,0,0,0,0,0,65536,131072,131072,131072,131072,29,65536,131072,131072,131072,131072,33,65536,131072,131072,131072,262144,713,131072,131072,131072,131072,131072,76,65536,131072,131072,131072,131072,96,0,0,0,0,0,0,0,0,0,0,0,0,0,0,0,0,0,0,0,0,0,0,0,0,0,0,0,0,0,0,0,0,0,0,0,0,3,0,34386,30900,49365,0,41,20,0
47976361695600,3500,2048,4096,16384,21400,512,512,1024,3490,4096,8192,8192,2772,4096,8192,16384,736,8192,8192,8192,24,2048,2048,4096,711,512,1024,4096,2763,1024,2048,2048,510,4096,4096,4096,16,2048,131072,262144,32718,1048576,2097152,2097152,40,1048576,1048576,1048576,40,524288,524288,524288,40,1024,2048,2048,40,64,32768,65536,41,256,512,1024,4720,256,512,1024,4720,128,512,1024,192600,256,512,1024,24939,128,512,512,3688,256,512,1024,6075,512,1024,1024,1194,256,512,1024,1185,128,512,1024,23076,128,512,1024,3213,128,512,512,513,128,512,512,243,128,512,512,216,256,512,1024,144,0,0,0,0,0,0,0,0,0,0,0,0,64,64,128,21,64,128,128,21,17.10,12.76,4.34,0,24,36,711,99,92,0,0,0,0,0,0,0,65536,131072,131072,131072,131072,24,65536,131072,131072,131072,131072,36,65536,131072,131072,131072,131072,713,131072,131072,131072,131072,131072,98,65536,131072,131072,131072,131072,91,0,0,0,0,0,0,0,0,0,0,0,0,0,0,0,0,0,0,0,0,0,0,0,0,0,0,0,0,0,0,0,0,0,0,0,0,3,0,33409,31348,48356,0,40,21,0
47977381408600,3500,2048,4096,16384,22823,512,512,1024,3484,4096,8192,8192,2747,4096,8192,16384,712,8192,8192,8192,38,2048,2048,4096,725,512,1024,2048,2782,1024,2048,2048,461,4096,4096,4096,10,1024,65536,262144,34150,1048576,1048576,2097152,41,1048576,1048576,1048576,41,524288,524288,524288,41,1024,2048,2048,41,64,65536,131072,40,256,512,1024,4687,256,512,1024,4687,256,512,1024,205407,128,512,1024,24723,128,512,512,4159,128,512,1024,6048,512,1024,1024,1455,256,512,1024,1392,128,512,1024,22779,128,512,512,3456,128,512,512,438,128,512,1024,333,128,512,1024,342,256,512,1024,90,0,0,0,0,0,0,0,0,0,0,0,0,64,128,128,20,64,128,128,20,15.96,12.13,3.83,0,38,32,725,71,87,0,0,0,0,0,0,0,65536,131072,131072,131072,131072,38,65536,131072,131072,131072,262144,29,65536,131072,131072,262144,2097152,695,131072,131072,131072,131072,131072,72,65536,131072,131072,131072,131072,88,0,0,0,0,0,0,0,0,0,0,0,0,0,0,0,0,0,0,0,0,0,0,0,0,0,0,0,0,0,0,0,0,0,0,0,0,33,0,33107,32272,47962,0,41,20,0
47978403606300,3395,2048,4096,16384,20909,512,512,1024,3415,4096,8192,8192,2718,4096,8192,16384,682,8192,8192,8192,34,2048,2048,4096,657,512,1024,2048,2664,1024,2048,2048,462,4096,4096,4096,11,1024,65536,524288,31846,1048576,1048576,1048576,41,524288,1048576,1048576,41,524288,524288,524288,41,1024,2048,2048,41,64,32768,65536,41,256,512,1024,4455,256,512,1024,5400,128,512,1024,188181,128,512,1024,24462,128,512,512,3934,128,512,1024,5697,512,1024,1024,1323,256,512,512,1350,128,512,1024,22347,128,512,512,3141,128,512,1024,537,128,512,1024,252,256,512,1024,306,256,512,1024,99,0,0,0,0,0,0,0,0,0,0,0,0,64,128,128,20,64,128,128,20,15.29,11.60,3.70,0,34,30,657,63,85,105,0,0,0,0,0,0,65536,131072,131072,131072,131072,34,65536,131072,131072,131072,131072,33,65536,131072,131072,131072,262144,687,131072,131072,131072,131072,131072,63,65536,131072,131072,131072,131072,85,131072,262144,262144,262144,262144,105,0,0,0,0,0,0,0,0,0,0,0,0,0,0,0,0,0,0,0,0,0,0,0,0,0,0,0,0,0,0,1,0,33354,30607,51274,0,41,20,0
47979422859400,3395,2048,4096,16384,21959,512,512,1024,3426,4096,8192,8192,2742,4096,8192,16384,713,8192,8192,8192,28,2048,2048,4096,715,512,1024,2048,2777,1024,2048,2048,473,4096,4096,4096,5,1024,65536,262144,33174,1048576,1048576,2097152,41,524288,1048576,1048576,41,524288,524288,524288,41,1024,2048,2048,41,64,8192,32768,41,128,512,1024,4447,256,512,1024,4447,128,512,1024,197631,128,512,1024,24678,128,512,512,3859,128,512,1024,5886,512,1024,1024,1379,256,512,1024,1487,128,512,512,22572,128,512,512,3114,128,512,1024,429,128,512,512,324,256,512,1024,252,128,512,512,45,0,0,0,0,0,0,0,0,0,0,0,0,64,128,128,21,64,128,128,21,14.82,11.75,3.07,0,28,28,715,76,85,0,0,0,0,0,0,0,65536,131072,131072,131072,131072,28,65536,131072,131072,131072,131072,28,65536,131072,131072,131072,131072,716,131072,131072,131072,131072,131072,76,65536,131072,131072,131072,131072,85,0,0,0,0,0,0,0,0,0,0,0,0,0,0,0,0,0,0,0,0,0,0,0,0,0,0,0,0,0,0,0,0,0,0,0,0,0,0,33146,31599,48528,0,41,21,0
47980443152200,3400,2048,4096,16384,21703,512,512,1024,3406,4096,8192,8192,2739,4096,8192,16384,686,8192,8192,8192,33,2048,2048,4096,717,512,1024,2048,2708,1024,2048,2048,465,4096,4096,4096,12,2048,131072,262144,32781,1048576,1048576,1048576,41,524288,1048576,1048576,41,524288,524288,524288,41,512,1024,2048,41,64,32768,32768,41,256,512,1024,4603,256,512,1024,4558,128,512,1024,195327,128,512,1024,24651,128,512,1024,3680,256,512,1024,5841,512,1024,1024,1428,256,512,1024,1266,128,512,512,21987,128,512,512,3411,128,512,512,558,128,512,512,198,128,512,1024,297,256,512,512,108,2048,2048,2048,10,1024,1024,1024,7,64,64,64,17,64,128,128,20,64,32768,32768,20,16.59,12.38,4.21,7,33,28,717,81,74,0,262144,262144,262144,262144,262144,7,65536,131072,131072,131072,131072,33,65536,131072,131072,131072,131072,27,65536,131072,131072,131072,262144,710,131072,131072,131072,131072,131072,79,65536,131072,131072,131072,131072,73,0,0,0,0,0,0,0,0,0,0,0,0,0,0,0,0,0,0,0,0,0,0,0,0,0,0,0,0,0,0,0,0,0,0,0,0,10,0,34225,31350,48751,0,41,20,0
47981464437000,3436,2048,4096,16384,21215,512,512,1024,3392,4096,8192,16384,2624,4096,8192,32768,713,8192,8192,8192,18,2048,4096,4096,666,512,1024,2048,2691,1024,2048,2048,428,2048,4096,4096,6,2048,131072,262144,32020,1048576,1048576,2097152,41,524288,1048576,1048576,41,524288,524288,524288,41,512,1024,1024,41,64,32768,65536,41,256,512,1024,4705,256,512,1024,4381,128,512,1024,190939,128,512,1024,23616,128,512,512,3670,256,512,1024,6057,512,1024,1024,1476,256,512,1024,1323,128,512,512,24579,128,512,512,3321,128,512,512,558,128,512,1024,207,128,512,512,162,256,512,512,54,1024,2048,2048,34,1024,1024,1024,34,64,64,128,68,64,128,128,21,16384,65536,65536,21,16.45,10.71,5.74,34,18,26,666,77,83,0,262144,262144,262144,262144,262144,34,65536,131072,131072,131072,131072,18,65536,131072,131072,131072,131072,27,65536,131072,131072,131072,262144,671,131072,131072,131072,131072,131072,79,65536,131072,131072,131072,131072,84,0,0,0,0,0,0,0,0,0,0,0,0,0,0,0,0,0,0,0,0,0,0,0,0,0,0,0,0,0,0,0,0,0,0,0,0,2,0,33282,30977,48989,0,41,21,0
47982485782900,3461,2048,4096,16384,21011,512,512,1024,3441,4096,8192,16384,2700,4096,8192,16384,673,8192,8192,8192,29,2048,2048,4096,719,512,1024,4096,2735,1024,2048,2048,471,4096,4096,4096,6,2048,131072,262144,32112,1048576,1048576,1048576,40,524288,1048576,1048576,40,524288,524288,524288,40,1024,1024,1024,40,64,32768,65536,41,256,512,1024,4894,256,512,1024,4669,128,512,1024,189095,256,512,1024,24300,128,512,512,3741,256,512,1024,5715,512,1024,1024,1227,256,512,1024,1236,128,512,512,22644,128,512,512,3339,128,512,1024,597,128,512,1024,270,256,512,1024,261,256,1024,1024,54,2048,2048,2048,26,1024,1024,1024,27,64,64,64,53,64,64,64,20,16384,32768,32768,20,18.23,12.37,5.87,27,29,36,719,72,67,0,262144,262144,262144,262144,262144,27,65536,131072,131072,131072,131072,29,65536,131072,131072,131072,131072,36,65536,131072,131072,262144,262144,721,131072,131072,131072,131072,262144,72,65536,131072,131072,131072,131072,67,0,0,0,0,0,0,0,0,0,0,0,0,0,0,0,0,0,0,0,0,0,0,0,0,0,0,0,0,0,0,0,0,0,0,0,0,0,0,34360,30778,50739,0,40,20,0
47983504087000,3494,2048,4096,16384,20544,512,512,1024,3407,4096,8192,16384,2711,4096,8192,16384,734,8192,8192,8192,27,2048,4096,4096,681,512,1024,2048,2735,1024,2048,2048,442,4096,4096,4096,9,2048,131072,262144,31563,1048576,1048576,1048576,41,524288,1048576,1048576,41,524288,524288,524288,41,1024,1024,2048,41,64,65536,65536,40,256,512,1024,4950,256,512,1024,4653,256,512,1024,184896,256,512,1024,24399,128,512,1024,4167,256,512,1024,5841,512,1024,2048,1290,256,512,1024,1254,128,512,1024,23949,128,512,1024,3501,128,512,512,552,128,512,512,279,128,512,1024,243,256,1024,1024,81,1024,2048,2048,33,1024,1024,1024,33,64,64,128,66,64,128,128,20,16384,65536,65536,20,18.16,12.66,5.50,33,27,25,681,77,69,0,262144,262144,262144,262144,262144,33,65536,131072,131072,131072,131072,27,65536,131072,131072,131072,131072,25,65536,131072,131072,131072,262144,681,131072,131072,131072,131072,131072,77,65536,131072,131072,131072,131072,69,0,0,0,0,0,0,0,0,0,0,0,0,0,0,0,0,0,0,0,0,0,0,0,0,0,0,0,0,0,0,0,0,0,0,0,0,0,0,33793,30195,49853,0,41,20,0
47984524527100,3500,2048,4096,16384,20871,512,512,1024,3410,4096,8192,16384,2793,4096,16384,32768,714,8192,8192,8192,36,2048,2048,4096,714,512,1024,4096,2712,1024,2048,2048,517,4096,4096,4096,11,2048,131072,262144,32084,1048576,1048576,1048576,41,524288,1048576,1048576,41,524288,524288,524288,41,1024,2048,2048,41,64,32768,32768,41,256,512,1024,4568,256,512,1024,4514,256,512,1024,187839,256,512,1024,25137,128,512,1024,4378,256,512,1024,5688,512,1024,1024,1278,256,512,1024,1413,128,512,1024,23157,128,512,512,3798,128,512,512,462,256,512,1024,306,128,512,1024,324,256,512,1024,99,1024,1024,1024,2,1024,1024,1024,4,0,64,64,6,64,64,128,21,128,16384,32768,21,16.21,12.00,4.21,4,36,38,714,83,74,0,262144,262144,262144,262144,262144,4,65536,131072,131072,131072,131072,36,65536,131072,131072,131072,131072,38,65536,131072,131072,262144,262144,714,131072,131072,131072,131072,524288,83,65536,131072,131072,131072,131072,74,0,0,0,0,0,0,0,0,0,0,0,0,0,0,0,0,0,0,0,0,0,0,0,0,0,0,0,0,0,0,0,0,0,0,0,0,0,0,33999,30877,49908,0,41,21,0
47985547060200,3500,2048,4096,16384,21358,512,512,1024,3555,4096,8192,8192,2755,4096,8192,16384,722,8192,8192,8192,29,2048,2048,4096,730,512,1024,2048,2793,1024,2048,2048,480,4096,4096,4096,15,1024,65536,262144,32772,1048576,1048576,1048576,41,524288,1048576,1048576,41,524288,524288,524288,41,1024,2048,2048,41,64,32768,32768,41,256,512,1024,4737,256,512,1024,4737,128,512,1024,192222,256,512,1024,24795,128,512,1024,4451,256,512,1024,5796,512,1024,1024,1278,256,512,1024,1323,128,512,512,22275,128,512,512,3501,128,512,1024,561,128,512,1024,270,256,512,1024,261,256,512,1024,135,0,0,0,0,0,0,0,0,0,0,0,0,64,128,128,20,64,128,128,20,15.40,11.33,4.07,0,29,26,730,74,85,0,0,0,0,0,0,0,65536,131072,131072,131072,131072,29,65536,131072,131072,131072,131072,26,65536,131072,131072,131072,262144,730,131072,131072,131072,131072,262144,74,65536,131072,262144,262144,262144,85,0,0,0,0,0,0,0,0,0,0,0,0,0,0,0,0,0,0,0,0,0,0,0,0,0,0,0,0,0,0,0,0,0,0,0,0,0,0,35547,31487,49003,0,41,20,0
47986565916600,3500,2048,4096,16384,19099,512,512,1024,3369,4096,8192,8192,2608,4096,8192,16384,677,8192,8192,8192,26,2048,4096,4096,671,512,1024,2048,2642,1024,2048,2048,452,4096,4096,4096,9,512,65536,262144,29874,1048576,1048576,2097152,41,524288,1048576,1048576,41,524288,524288,524288,41,1024,2048,2048,41,64,8192,32768,41,256,512,1024,4730,256,512,1024,4730,128,512,1024,171891,256,512,1024,23472,128,512,1024,3975,256,512,1024,5490,512,1024,1024,1482,256,512,1024,1329,128,512,1024,23769,128,512,1024,3465,128,512,1024,591,128,512,512,189,256,512,1024,234,256,512,512,81,0,0,0,0,0,0,0,0,0,0,0,0,64,128,128,21,64,128,128,21,17.51,12.91,4.60,0,26,25,671,83,80,0,0,0,0,0,0,0,131072,131072,131072,131072,131072,26,65536,131072,131072,131072,131072,25,65536,131072,131072,262144,4194304,671,131072,131072,131072,131072,131072,83,65536,131072,131072,131072,131072,80,0,0,0,0,0,0,0,0,0,0,0,0,0,0,0,0,0,0,0,0,0,0,0,0,0,0,0,0,0,0,0,0,0,0,0,0,0,0,33923,28868,48337,0,41,21,0
47987586689400,3500,2048,4096,16384,20975,512,512,1024,3528,4096,8192,16384,2843,4096,16384,16384,725,8192,8192,8192,38,2048,2048,4096,754,512,1024,2048,2761,1024,2048,2048,492,4096,4096,4096,20,2048,131072,262144,32484,1048576,1048576,1048576,40,524288,1048576,1048576,40,524288,524288,524288,40,1024,2048,2048,40,64,65536,65536,41,256,512,1024,4712,256,512,1024,4712,128,512,1024,188775,256,512,1024,25587,128,512,1024,4217,256,512,1024,5832,512,1024,1024,1362,256,512,1024,1569,128,512,1024,20142,128,512,512,3483,128,512,512,663,256,512,1024,378,256,512,1024,342,256,512,1024,180,0,0,0,0,0,0,0,0,0,0,0,0,64,128,128,20,64,128,128,20,16.72,12.51,4.21,0,38,31,754,83,86,0,0,0,0,0,0,0,65536,131072,131072,131072,131072,38,65536,131072,131072,131072,131072,31,65536,131072,131072,131072,262144,754,131072,131072,131072,131072,262144,83,65536,131072,131072,131072,131072,86,0,0,0,0,0,0,0,0,0,0,0,0,0,0,0,0,0,0,0,0,0,0,0,0,0,0,0,0,0,0,0,0,0,0,0,0,0,0,34264,31098,49725,0,40,20,0
47988607367400,3395,2048,4096,16384,21672,512,512,1024,3448,4096,8192,16384,2857,4096,8192,16384,705,8192,8192,8192,31,2048,2048,4096,688,512,1024,2048,2893,1024,2048,2048,487,4096,4096,4096,15,2048,65536,262144,33192,1048576,1048576,2097152,41,524288,1048576,1048576,41,524288,524288,524288,41,1024,1024,2048,41,64,32768,32768,40,256,512,1024,4616,256,512,1024,5561,128,512,1024,195048,128,512,1024,25713,128,512,1024,4182,128,512,1024,5967,512,1024,2048,1419,256,512,1024,1248,128,512,1024,24219,128,512,512,3231,128,512,512,495,128,512,512,225,256,512,1024,279,256,512,512,135,0,0,0,0,0,0,0,0,0,0,0,0,64,128,128,20,64,128,128,20,14.67,10.97,3.70,0,31,30,688,78,82,105,0,0,0,0,0,0,65536,131072,131072,131072,131072,31,131072,131072,131072,131072,131072,30,65536,131072,131072,262144,4194304,688,131072,131072,262144,262144,262144,78,65536,131072,131072,131072,131072,82,131072,262144,262144,262144,262144,105,0,0,0,0,0,0,0,0,0,0,0,0,0,0,0,0,0,0,0,0,0,0,0,0,0,0,0,0,0,0,0,0,33774,31611,49912,0,41,20,0
47989627839600,3395,2048,4096,16384,20369,512,512,1024,3300,4096,8192,8192,2536,4096,8192,32768,641,8192,8192,16384,28,2048,2048,4096,675,512,1024,2048,2569,1024,2048,2048,428,4096,8192,8192,14,2048,65536,262144,30855,1048576,1048576,1048576,41,524288,1048576,1048576,41,524288,524288,524288,41,1024,2048,2048,41,64,32768,65536,41,256,512,1024,4287,256,512,1024,4287,128,512,1024,183321,128,512,1024,22824,128,512,1024,3774,128,512,1024,5310,512,1024,1024,1398,256,512,1024,1344,128,512,1024,22626,128,512,1024,3645,128,512,512,534,128,512,512,261,256,512,1024,252,256,512,1024,126,0,0,0,0,0,0,0,0,0,0,0,0,64,64,64,21,64,128,128,21,14.93,11.49,3.45,0,28,24,675,98,96,0,0,0,0,0,0,0,65536,131072,131072,131072,131072,28,65536,131072,131072,131072,131072,24,65536,131072,131072,262144,524288,675,131072,131072,131072,131072,131072,98,65536,131072,131072,131072,131072,96,0,0,0,0,0,0,0,0,0,0,0,0,0,0,0,0,0,0,0,0,0,0,0,0,0,0,0,0,0,0,0,0,0,0,0,0,0,0,34184,29674,50354,0,41,21,0
47990647754800,3400,2048,4096,16384,22137,512,512,1024,3385,4096,8192,8192,2729,4096,8192,16384,704,8192,8192,8192,26,2048,2048,4096,706,512,1024,1024,2723,1024,2048,2048,446,4096,4096,4096,13,2048,65536,262144,33218,1048576,1048576,2097152,41,524288,1048576,1048576,41,524288,524288,524288,41,1024,2048,2048,41,64,1024,32768,41,128,512,1024,4810,256,512,1024,4765,128,512,1024,199233,128,512,1024,24561,128,512,512,4032,128,512,1024,5868,512,1024,2048,1281,256,512,1024,1326,128,512,1024,23310,128,512,512,3276,128,512,512,624,256,512,512,252,256,512,1024,234,256,512,512,117,1024,2048,2048,11,1024,1024,1024,10,64,64,64,21,64,64,64,20,64,16384,16384,20,17.74,13.02,4.72,10,26,19,706,82,79,0,262144,262144,262144,262144,262144,9,65536,131072,131072,131072,131072,26,65536,131072,131072,131072,131072,19,65536,131072,131072,262144,262144,706,131072,131072,131072,131072,131072,82,65536,131072,131072,131072,131072,79,0,0,0,0,0,0,0,0,0,0,0,0,0,0,0,0,0,0,0,0,0,0,0,0,0,0,0,0,0,0,0,0,0,0,0,0,0,0,33699,31792,48358,0,41,20,0
47991668045900,3431,2048,4096,16384,20754,512,512,1024,3385,4096,8192,16384,2643,4096,8192,16384,668,8192,8192,16384,25,2048,2048,4096,706,512,1024,1024,2643,1024,2048,2048,463,4096,4096,4096,11,1024,65536,262144,31631,1048576,1048576,2097152,41,524288,1048576,1048576,41,524288,524288,524288,41,1024,1024,2048,41,64,8192,32768,41,256,512,1024,5016,256,512,1024,4737,128,512,1024,186786,128,512,1024,23787,128,512,512,3807,256,512,1024,5616,512,1024,1024,1269,256,512,1024,1368,128,512,512,22464,128,512,512,3312,128,512,512,552,128,512,1024,279,256,1024,1024,225,256,512,1024,99,1024,2048,2048,32,512,1024,1024,26,64,128,128,58,64,64,128,21,16384,32768,32768,21,15.83,12.00,3.83,26,25,16,706,87,82,0,262144,262144,262144,262144,262144,27,65536,131072,131072,131072,131072,25,131072,131072,131072,131072,131072,16,65536,131072,131072,131072,262144,706,65536,131072,131072,131072,131072,87,65536,131072,131072,131072,131072,82,0,0,0,0,0,0,0,0,0,0,0,0,0,0,0,0,0,0,0,0,0,0,0,0,0,0,0,0,0,0,0,0,0,0,0,0,0,0,33345,30386,50361,0,41,21,0
47992688239400,3468,2048,4096,16384,21539,512,512,1024,3495,4096,8192,8192,2823,4096,8192,16384,692,8192,8192,8192,33,2048,4096,4096,685,512,1024,1024,2789,1024,2048,2048,500,4096,4096,4096,9,1024,65536,262144,32918,1048576,1048576,1048576,41,524288,1048576,1048576,41,524288,524288,524288,41,1024,2048,2048,41,64,32768,65536,41,256,512,1024,4761,256,512,1024,4428,128,512,1024,193851,256,512,1024,25407,128,512,1024,3817,256,512,1024,5607,512,1024,1024,1497,256,512,1024,1569,128,512,512,22959,128,512,512,3132,128,512,512,459,128,512,1024,261,256,512,1024,297,256,512,1024,81,1024,2048,2048,33,1024,1024,1024,37,64,64,128,70,64,64,64,20,16384,65536,65536,20,14.55,10.59,3.96,37,33,15,685,65,77,0,262144,262144,262144,262144,262144,37,65536,131072,131072,131072,524288,33,65536,131072,131072,131072,131072,15,65536,131072,131072,262144,262144,684,131072,131072,131072,131072,131072,65,65536,131072,131072,131072,131072,77,0,0,0,0,0,0,0,0,0,0,0,0,0,0,0,0,0,0,0,0,0,0,0,0,0,0,0,0,0,0,0,0,0,0,0,0,1,0,35039,31682,48273,0,41,20,0
47993709811000,3500,2048,4096,16384,20929,512,512,1024,3433,4096,8192,8192,2694,4096,8192,16384,694,8192,8192,8192,22,2048,4096,4096,722,512,1024,1024,2778,1024,2048,2048,459,4096,4096,4096,9,1024,65536,262144,32050,1048576,1048576,1048576,40,524288,1048576,1048576,40,524288,524288,524288,40,1024,2048,2048,40,64,16384,65536,40,256,512,1024,4777,256,512,1024,4489,128,512,1024,188361,256,512,1024,24246,128,512,512,3807,256,512,1024,6075,512,1024,1024,1296,256,512,1024,1143,128,512,1024,23013,128,512,512,3276,128,512,512,528,256,512,512,180,256,512,1024,198,256,512,512,81,1024,2048,2048,29,512,1024,1024,32,64,64,64,61,64,128,128,20,16384,65536,65536,20,15.17,11.09,4.08,32,22,11,722,79,69,0,262144,262144,262144,262144,262144,32,65536,131072,131072,131072,131072,22,131072,131072,131072,131072,131072,11,65536,131072,131072,262144,262144,721,131072,131072,131072,131072,131072,79,65536,131072,131072,131072,131072,69,0,0,0,0,0,0,0,0,0,0,0,0,0,0,0,0,0,0,0,0,0,0,0,0,0,0,0,0,0,0,0,0,0,0,0,0,2,0,34144,30940,49176,0,40,20,0
47994730149200,3500,2048,4096,16384,21068,512,512,1024,3422,4096,8192,8192,2722,4096,8192,16384,717,8192,8192,8192,28,2048,4096,4096,699,512,1024,1024,2729,1024,2048,2048,471,4096,4096,4096,10,2048,131072,262144,32185,1048576,1048576,1048576,41,524288,1048576,1048576,41,524288,524288,524288,41,512,1024,1024,41,64,65536,65536,41,256,512,1024,4604,256,512,1024,4604,256,512,1024,189612,256,512,1024,24498,128,512,1024,4081,256,512,1024,5922,512,1024,1024,1386,256,512,512,1215,128,512,1024,24948,128,512,512,3672,256,512,512,543,128,512,512,207,256,512,512,252,256,512,1024,90,0,0,0,0,0,0,0,0,0,0,0,0,64,64,64,21,64,128,128,21,16.07,11.74,4.34,0,28,12,699,93,81,0,0,0,0,0,0,0,65536,131072,131072,131072,131072,28,65536,131072,131072,131072,131072,12,65536,131072,131072,262144,262144,700,131072,131072,131072,131072,262144,93,65536,131072,131072,131072,131072,81,0,0,0,0,0,0,0,0,0,0,0,0,0,0,0,0,0,0,0,0,0,0,0,0,0,0,0,0,0,0,0,0,0,0,0,0,1,0,33464,30732,47898,0,41,21,0
47995750742500,3500,2048,4096,16384,21540,512,512,1024,3508,4096,8192,8192,2789,4096,16384,16384,711,8192,8192,8192,24,2048,4096,4096,733,512,1024,1024,2731,1024,2048,2048,495,2048,4096,4096,7,2048,65536,262144,32861,1048576,1048576,2097152,41,524288,1048576,1048576,41,524288,524288,524288,41,1024,1024,1024,41,64,8192,65536,41,256,512,1024,4535,256,512,1024,4535,128,512,1024,193860,128,512,1024,25101,128,512,1024,4003,128,512,1024,5976,512,1024,1024,1475,256,512,1024,1376,128,512,1024,22680,128,512,1024,3771,128,512,512,726,128,512,512,252,256,512,1024,216,128,512,512,63,0,0,0,0,0,0,0,0,0,0,0,0,64,128,128,20,64,128,128,20,15.70,11.61,4.08,0,24,13,733,90,62,0,0,0,0,0,0,0,65536,131072,131072,131072,131072,23,65536,131072,131072,131072,131072,13,65536,131072,131072,262144,262144,732,131072,131072,131072,131072,262144,90,65536,131072,131072,131072,262144,62,0,0,0,0,0,0,0,0,0,0,0,0,0,0,0,0,0,0,0,0,0,0,0,0,0,0,0,0,0,0,0,0,0,0,0,0,2,0,33095,31520,49859,329,41,20,0
47996773174100,3500,2048,4096,16384,22195,512,512,1024,3497,4096,8192,8192,2721,4096,8192,16384,693,8192,8192,8192,29,2048,2048,4096,689,512,1024,1024,2731,1024,2048,2048,466,4096,4096,4096,9,2048,131072,262144,33368,1048576,2097152,2097152,41,524288,1048576,1048576,41,524288,524288,524288,41,1024,1024,1024,41,64,65536,131072,41,256,512,1024,4607,256,512,1024,4607,128,512,1024,199755,128,512,1024,24489,128,512,512,4022,256,512,1024,5796,512,1024,2048,1287,256,512,1024,1341,128,512,1024,23742,128,512,512,3204,128,512,1024,507,128,512,512,243,256,512,1024,261,256,512,512,81,0,0,0,0,0,0,0,0,0,0,0,0,64,128,128,21,64,128,128,21,18.22,13.25,4.97,0,29,16,689,93,91,0,0,0,0,0,0,0,65536,131072,131072,131072,131072,30,131072,131072,131072,131072,131072,16,65536,131072,131072,262144,262144,691,131072,131072,131072,131072,131072,93,65536,131072,131072,131072,262144,91,0,0,0,0,0,0,0,0,0,0,0,0,0,0,0,0,0,0,0,0,0,0,0,0,0,0,0,0,0,0,0,0,0,0,0,0,0,0,33501,31620,51069,0,41,21,0
47997792344100,3500,2048,4096,16384,22117,512,512,1024,3478,4096,8192,8192,2776,4096,8192,16384,752,8192,8192,8192,26,2048,2048,4096,689,512,1024,1024,2817,1024,2048,2048,498,4096,4096,4096,18,2048,131072,262144,33478,1048576,1048576,2097152,41,524288,1048576,1048576,41,524288,524288,524288,41,1024,2048,2048,41,64,8192,65536,41,256,512,1024,4748,256,512,1024,4748,128,512,1024,199053,128,512,1024,24984,128,512,512,4362,256,512,1024,5904,512,1024,1024,1524,256,512,1024,1524,128,512,512,25065,128,512,512,3627,128,512,1024,444,128,512,512,306,256,512,1024,234,256,512,1024,162,0,0,0,0,0,0,0,0,0,0,0,0,64,128,128,20,64,128,128,20,16.09,10.60,5.49,0,26,15,689,89,77,0,0,0,0,0,0,0,65536,131072,131072,131072,131072,26,65536,131072,131072,131072,131072,15,65536,131072,131072,262144,262144,689,131072,131072,262144,262144,262144,89,65536,131072,131072,131072,131072,77,0,0,0,0,0,0,0,0,0,0,0,0,0,0,0,0,0,0,0,0,0,0,0,0,0,0,0,0,0,0,0,0,0,0,0,0,0,0,33399,31675,48662,0,41,20,0
47998812312200,3395,2048,4096,16384,22301,512,512,1024,3462,4096,8192,8192,2808,4096,8192,32768,736,8192,8192,8192,31,2048,2048,4096,712,512,1024,1024,2834,1024,2048,2048,441,4096,4096,4096,13,512,65536,262144,33675,1048576,1048576,1048576,40,524288,1048576,1048576,40,524288,524288,524288,40,1024,2048,2048,40,64,32768,65536,41,128,512,1024,4239,128,512,1024,5184,128,512,1024,200709,128,512,1024,25272,128,512,1024,4121,128,512,1024,5787,512,1024,2048,1364,256,512,1024,1409,128,512,1024,24489,128,512,1024,3528,128,512,1024,594,128,512,1024,243,256,512,1024,279,256,512,1024,117,0,0,0,0,0,0,0,0,0,0,0,0,64,128,128,21,64,128,128,21,14.93,10.59,4.34,0,31,15,712,82,76,105,0,0,0,0,0,0,65536,131072,131072,131072,131072,31,65536,131072,131072,131072,131072,15,65536,131072,131072,262144,4194304,712,131072,131072,131072,131072,262144,80,65536,131072,131072,131072,131072,73,131072,262144,262144,262144,524288,105,0,0,0,0,0,0,0,0,0,0,0,0,0,0,0,0,0,0,0,0,0,0,0,0,0,0,0,0,0,0,5,0,34361,32307,49592,0,40,21,0
47999832716200,3395,2048,4096,16384,21517,512,512,1024,3374,4096,8192,8192,2702,4096,8192,16384,675,8192,8192,8192,31,2048,2048,4096,724,512,1024,1024,2668,1024,2048,2048,467,4096,4096,4096,20,2048,65536,262144,32520,1048576,1048576,2097152,41,524288,1048576,1048576,41,524288,524288,524288,41,1024,2048,2048,41,64,32768,65536,40,128,512,1024,4539,256,512,1024,4539,128,512,1024,193653,128,512,1024,24318,128,512,1024,3631,128,512,1024,5490,512,1024,2048,1182,256,512,1024,1371,128,512,1024,22905,128,512,512,3384,128,512,512,615,128,512,512,288,256,512,1024,279,256,512,1024,180,0,0,0,0,0,0,0,0,0,0,0,0,64,128,128,20,64,64,64,20,15.44,12.38,3.06,0,31,12,724,85,80,0,0,0,0,0,0,0,65536,131072,131072,131072,131072,31,65536,131072,131072,131072,131072,12,65536,131072,131072,262144,262144,704,131072,131072,131072,131072,131072,87,65536,131072,262144,262144,262144,83,0,0,0,0,0,0,0,0,0,0,0,0,0,0,0,0,0,0,0,0,0,0,0,0,0,0,0,0,0,0,0,0,0,0,0,0,19,0,34359,31280,48941,0,41,20,0
48000850515900,3406,2048,4096,16384,21335,512,512,1024,3376,4096,8192,8192,2586,4096,8192,16384,739,8192,8192,16384,33,2048,2048,4096,689,512,1024,1024,2598,1024,2048,2048,459,4096,4096,4096,14,1024,65536,262144,32151,1048576,1048576,1048576,41,524288,1048576,1048576,41,524288,524288,524288,41,1024,2048,2048,41,64,128,32768,41,256,512,1024,4678,256,512,1024,4579,128,512,1024,192021,128,512,1024,23274,128,512,1024,4402,128,512,1024,5724,512,1024,1024,1266,256,512,1024,1311,128,512,1024,23130,128,512,512,3222,128,512,512,594,128,512,512,288,256,512,1024,297,128,512,1024,126,1024,2048,2048,20,512,1024,1024,11,64,64,64,31,64,128,128,20,128,16384,16384,20,14.46,10.75,3.71,11,33,16,689,86,77,0,262144,262144,262144,262144,262144,11,65536,131072,131072,131072,131072,32,65536,131072,131072,131072,131072,15,65536,131072,131072,262144,262144,697,131072,131072,131072,131072,131072,86,65536,131072,131072,131072,131072,77,0,0,0,0,0,0,0,0,0,0,0,0,0,0,0,0,0,0,0,0,0,0,0,0,0,0,0,0,0,0,0,0,0,0,0,0,14,0,34088,30838,49164,0,41,20,0
48001873545500,3438,2048,4096,16384,22206,256,512,1024,3410,4096,8192,8192,2790,4096,8192,16384,657,8192,8192,16384,26,2048,2048,4096,701,512,1024,1024,2789,1024,2048,2048,471,4096,4096,4096,12,1024,131072,262144,33376,1048576,1048576,1048576,41,524288,1048576,1048576,41,524288,524288,524288,41,1024,2048,2048,41,64,32768,65536,41,256,512,1024,4774,256,512,1024,4486,128,512,1024,199847,128,512,1024,25110,128,512,512,3926,128,512,1024,5427,512,1024,1024,1443,256,512,1024,1326,128,512,1024,23184,128,512,512,3393,128,512,512,636,128,512,512,252,256,512,1024,234,256,512,1024,108,2048,2048,2048,24,1024,1024,1024,33,64,64,64,57,64,128,128,21,16384,32768,65536,21,16.67,12.72,3.94,33,26,19,701,76,96,0,262144,262144,262144,262144,524288,32,65536,131072,262144,262144,524288,27,65536,131072,131072,131072,131072,20,65536,131072,262144,262144,262144,707,65536,131072,131072,131072,131072,76,65536,131072,131072,131072,262144,96,0,0,0,0,0,0,0,0,0,0,0,0,0,0,0,0,0,0,0,0,0,0,0,0,0,0,0,0,0,0,0,0,0,0,0,0,6,0,33691,31829,48737,0,41,21,0
48002895851500,3462,2048,4096,16384,21392,512,512,1024,3441,4096,8192,8192,2710,4096,8192,16384,690,8192,8192,16384,32,2048,4096,4096,673,512,1024,2048,2728,1024,2048,2048,484,4096,4096,4096,10,2048,131072,262144,32526,1048576,2097152,2097152,41,524288,1048576,1048576,41,524288,524288,524288,41,1024,2048,2048,41,64,32768,65536,41,256,512,1024,4501,256,512,1024,4285,256,512,1024,192528,128,512,1024,24390,128,512,512,4062,128,512,1024,5571,512,1024,1024,1266,256,512,1024,1320,128,512,1024,22860,128,512,512,3420,128,512,512,614,128,512,1024,279,256,512,1024,288,256,512,512,90,1024,2048,2048,29,1024,1024,1024,23,64,64,128,52,64,128,128,20,16384,32768,32768,20,14.41,10.07,4.33,23,32,28,673,71,72,0,262144,262144,262144,262144,262144,24,131072,131072,131072,131072,262144,32,65536,131072,131072,131072,131072,28,65536,131072,131072,262144,262144,675,131072,131072,131072,131072,524288,71,65536,131072,131072,131072,131072,72,0,0,0,0,0,0,0,0,0,0,0,0,0,0,0,0,0,0,0,0,0,0,0,0,0,0,0,0,0,0,0,0,0,0,0,0,4,0,33069,30959,51120,0,41,20,0
48003915057900,3494,2048,4096,16384,21778,512,512,1024,3455,4096,8192,8192,2677,4096,8192,32768,670,8192,8192,8192,28,2048,4096,8192,685,512,1024,2048,2707,1024,2048,2048,486,4096,8192,8192,12,1024,131072,262144,32839,1048576,1048576,1048576,41,524288,1048576,1048576,41,524288,524288,524288,41,1024,2048,2048,41,128,32768,131072,41,256,512,1024,4707,256,512,1024,4419,128,512,1024,196002,128,512,1024,24093,128,512,512,3808,256,512,1024,5706,512,1024,1024,1287,256,512,1024,1251,128,512,512,23058,128,512,512,3186,128,512,512,609,256,512,512,234,256,512,1024,252,256,512,1024,108,1024,2048,2048,26,1024,1024,1024,32,64,64,128,58,64,128,128,21,16384,32768,65536,21,15.59,12.14,3.45,32,28,31,685,73,71,0,262144,262144,262144,262144,262144,32,65536,131072,131072,131072,131072,28,65536,131072,131072,131072,131072,31,65536,131072,131072,262144,262144,689,131072,131072,262144,262144,262144,72,65536,131072,262144,262144,262144,71,0,0,0,0,0,0,0,0,0,0,0,0,0,0,0,0,0,0,0,0,0,0,0,0,0,0,0,0,0,0,0,0,0,0,0,0,1,0,33617,31389,49117,0,41,21,0
48004937826500,3500,2048,4096,16384,21264,512,512,1024,3464,4096,8192,16384,2751,4096,8192,16384,715,8192,16384,16384,31,2048,2048,4096,726,512,1024,2048,2775,1024,2048,2048,448,4096,4096,4096,7,2048,65536,262144,32535,1048576,1048576,2097152,41,524288,1048576,1048576,41,524288,524288,524288,41,1024,2048,2048,41,64,16384,65536,41,256,512,1024,4473,256,512,1024,4419,256,512,1024,191376,256,512,1024,24759,128,512,1024,4222,256,512,1024,5571,512,1024,1024,1254,256,512,1024,1452,128,512,1024,22923,128,512,1024,3222,128,512,1024,495,128,512,1024,279,256,512,1024,279,256,512,512,63,1024,2048,2048,6,1024,1024,1024,6,64,64,64,12,64,64,64,20,128,32768,32768,20,17.17,11.45,5.72,6,31,28,726,78,67,0,262144,262144,262144,262144,262144,6,65536,131072,131072,131072,131072,31,131072,131072,131072,131072,131072,28,65536,131072,131072,262144,4194304,726,131072,131072,131072,131072,262144,78,65536,131072,131072,131072,131072,67,0,0,0,0,0,0,0,0,0,0,0,0,0,0,0,0,0,0,0,0,0,0,0,0,0,0,0,0,0,0,0,0,0,0,0,0,1,0,33694,31159,49106,0,41,20,0
48005954952100,3500,2048,4096,16384,19513,512,512,1024,3445,4096,8192,8192,2704,4096,8192,16384,669,8192,8192,8192,34,2048,2048,4096,729,512,1024,2048,2670,1024,2048,2048,452,4096,4096,4096,9,2048,65536,262144,30596,1048576,2097152,2097152,40,524288,1048576,1048576,40,524288,524288,524288,40,1024,2048,2048,40,64,32768,65536,40,256,512,1024,4436,256,512,1024,4436,256,512,1024,175617,256,512,1024,24336,128,512,1024,3611,256,512,1024,5625,512,1024,1024,1245,256,512,1024,1317,128,512,1024,21591,128,512,512,3717,128,512,512,558,128,512,1024,297,256,512,1024,306,256,512,1024,81,0,0,0,0,0,0,0,0,0,0,0,0,64,128,128,20,64,128,128,20,15.63,10.63,5.00,0,34,28,729,88,71,0,0,0,0,0,0,0,65536,131072,131072,131072,131072,34,65536,131072,131072,131072,131072,28,65536,131072,131072,262144,262144,729,131072,131072,131072,131072,262144,89,65536,131072,131072,131072,262144,71,0,0,0,0,0,0,0,0,0,0,0,0,0,0,0,0,0,0,0,0,0,0,0,0,0,0,0,0,0,0,0,0,0,0,0,0,0,0,34198,29322,48099,0,40,20,0
48006978276300,3500,2048,4096,16384,20871,512,512,1024,3533,4096,8192,8192,2837,4096,8192,16384,710,8192,8192,8192,34,2048,2048,4096,727,512,1024,4096,2847,1024,2048,2048,504,4096,4096,4096,14,1024,65536,262144,32465,1048576,1048576,1048576,41,524288,1048576,1048576,41,524288,524288,524288,41,1024,2048,2048,41,64,65536,65536,41,256,512,1024,4616,256,512,1024,4616,128,512,1024,187841,128,512,1024,25533,128,512,512,4250,256,512,1024,5895,512,1024,1024,1329,256,512,1024,1284,128,512,1024,21429,128,512,512,3546,128,512,1024,632,128,512,1024,297,256,1024,1024,306,256,512,1024,126,0,0,0,0,0,0,0,0,0,0,0,0,64,128,128,21,64,128,128,21,16.92,11.19,5.72,0,34,37,727,86,90,0,0,0,0,0,0,0,65536,131072,131072,131072,262144,34,65536,131072,131072,131072,131072,37,65536,131072,131072,262144,262144,726,131072,131072,131072,131072,131072,86,65536,131072,131072,131072,131072,90,0,0,0,0,0,0,0,0,0,0,0,0,0,0,0,0,0,0,0,0,0,0,0,0,0,0,0,0,0,0,0,0,0,0,0,0,1,0,34243,31079,49182,0,41,21,0
48007996121400,3500,2048,4096,16384,21649,512,512,1024,3462,4096,8192,8192,2709,4096,16384,32768,694,8192,8192,16384,45,2048,4096,16384,650,512,1024,4096,2741,1024,2048,2048,454,4096,4096,4096,15,2048,131072,262144,32801,1048576,1048576,2097152,41,524288,1048576,1048576,41,524288,524288,524288,41,1024,2048,2048,41,64,16384,32768,41,128,512,1024,4580,256,512,1024,4580,128,512,1024,194838,128,512,1024,24381,128,512,512,4020,256,512,1024,5688,512,1024,1024,1384,256,512,1024,1501,128,512,1024,24570,128,512,512,3069,256,512,1024,471,128,512,1024,360,256,512,1024,405,256,512,1024,135,0,0,0,0,0,0,0,0,0,0,0,0,64,128,128,20,64,128,128,20,15.22,11.77,3.45,0,45,38,650,69,71,0,0,0,0,0,0,0,65536,131072,131072,131072,262144,45,65536,131072,131072,131072,262144,38,65536,131072,131072,262144,262144,649,131072,131072,131072,131072,262144,69,65536,131072,131072,131072,131072,71,0,0,0,0,0,0,0,0,0,0,0,0,0,0,0,0,0,0,0,0,0,0,0,0,0,0,0,0,0,0,0,0,0,0,0,0,2,0,34238,31419,49931,0,41,20,0
48009018315800,3395,2048,4096,16384,21660,256,512,1024,3429,4096,8192,8192,2747,4096,8192,16384,708,8192,8192,8192,33,2048,4096,4096,719,512,1024,2048,2731,1024,2048,2048,466,4096,4096,4096,14,2048,131072,262144,32861,1048576,1048576,1048576,41,524288,1048576,1048576,41,524288,524288,524288,41,1024,1024,2048,41,64,32768,65536,41,256,512,1024,4650,256,512,1024,5595,128,512,1024,194940,128,512,1024,24723,128,512,512,3860,256,512,1024,5958,512,1024,1024,1302,256,512,1024,1257,128,512,512,23643,128,512,512,3591,128,512,512,489,128,512,1024,306,128,512,1024,297,256,512,512,126,0,0,0,0,0,0,0,0,0,0,0,0,64,64,64,21,64,128,128,21,14.65,11.46,3.18,0,33,44,719,83,99,105,0,0,0,0,0,0,65536,131072,131072,131072,131072,33,65536,131072,131072,131072,131072,44,65536,131072,131072,262144,262144,721,131072,131072,131072,131072,131072,83,65536,131072,131072,131072,131072,99,131072,262144,262144,262144,262144,105,0,0,0,0,0,0,0,0,0,0,0,0,0,0,0,0,0,0,0,0,0,0,0,0,0,0,0,0,0,0,0,0,32899,31372,50021,0,41,21,0
48010038716600,3395,2048,4096,16384,21084,512,512,1024,3344,4096,8192,8192,2642,4096,8192,16384,677,8192,8192,8192,24,2048,4096,4096,686,512,1024,4096,2650,1024,2048,2048,486,4096,4096,4096,17,2048,65536,262144,31916,1048576,1048576,1048576,41,524288,1048576,1048576,41,524288,524288,524288,41,512,1024,1024,41,64,65536,65536,41,256,512,1024,4465,256,512,1024,4465,128,512,1024,189756,128,512,1024,23778,128,512,512,3771,128,512,1024,5652,512,1024,1024,1379,256,512,1024,1307,128,512,512,23274,128,512,512,3420,128,512,512,654,128,512,1024,198,256,512,1024,216,256,512,1024,153,0,0,0,0,0,0,0,0,0,0,0,0,64,128,128,20,64,128,128,20,15.70,11.74,3.96,0,24,48,686,103,73,0,0,0,0,0,0,0,65536,131072,131072,131072,262144,24,65536,131072,131072,131072,131072,48,65536,131072,131072,262144,262144,686,131072,131072,131072,131072,262144,103,65536,131072,131072,131072,262144,73,0,0,0,0,0,0,0,0,0,0,0,0,0,0,0,0,0,0,0,0,0,0,0,0,0,0,0,0,0,0,0,0,0,0,0,0,0,0,33607,30662,48517,0,41,20,0
48011061048000,3409,2048,4096,16384,22253,512,512,1024,3384,4096,8192,8192,2744,4096,8192,16384,678,8192,8192,8192,27,2048,2048,4096,720,512,1024,2048,2726,1024,2048,2048,461,4096,4096,4096,12,2048,131072,262144,33327,1048576,1048576,1048576,40,524288,1048576,1048576,40,524288,524288,524288,40,512,2048,2048,40,64,32768,32768,41,256,512,1024,4913,256,512,1024,4787,128,512,1024,200277,128,512,1024,24696,128,512,512,3718,128,512,1024,5562,512,1024,1024,1293,256,512,1024,1329,128,512,512,21987,128,512,512,3177,128,512,512,621,128,512,1024,252,256,512,1024,243,256,512,512,108,1024,2048,2048,19,512,1024,1024,16,64,64,64,35,64,64,128,21,128,16384,32768,21,15.79,11.34,4.46,16,27,45,720,96,75,0,262144,262144,262144,262144,262144,16,65536,131072,131072,131072,131072,27,65536,131072,262144,262144,262144,45,65536,131072,131072,262144,262144,720,131072,131072,262144,262144,524288,93,65536,131072,131072,131072,262144,75,0,0,0,0,0,0,0,0,0,0,0,0,0,0,0,0,0,0,0,0,0,0,0,0,0,0,0,0,0,0,0,0,0,0,0,0,3,0,33916,31702,48196,0,40,21,0
48012078092500,3439,2048,4096,16384,20721,512,512,1024,3358,4096,8192,8192,2644,4096,8192,16384,727,8192,8192,8192,31,2048,4096,4096,682,512,1024,4096,2698,1024,2048,2048,462,4096,4096,4096,11,1024,65536,262144,31691,1048576,1048576,1048576,41,524288,1048576,1048576,41,524288,524288,524288,41,1024,2048,2048,41,64,16384,32768,40,256,512,1024,4673,256,512,1024,4403,128,512,1024,186489,128,512,1024,23796,128,512,1024,3719,128,512,1024,6156,512,1024,1024,1359,256,512,1024,1305,128,512,512,22707,128,512,512,2970,128,512,512,489,128,512,1024,252,256,512,1024,279,256,512,512,99,2048,2048,2048,25,1024,1024,1024,28,64,64,64,53,64,128,128,20,16384,32768,32768,20,14.98,11.01,3.97,28,31,45,682,96,89,0,262144,262144,262144,262144,262144,28,65536,131072,131072,131072,131072,31,65536,131072,131072,131072,131072,45,65536,131072,131072,262144,4194304,682,131072,131072,131072,131072,131072,99,65536,131072,131072,131072,131072,89,0,0,0,0,0,0,0,0,0,0,0,0,0,0,0,0,0,0,0,0,0,0,0,0,0,0,0,0,0,0,0,0,0,0,0,0,0,0,33221,30371,52448,0,41,20,0
48013100049700,3466,2048,4096,16384,21628,512,512,1024,3292,4096,8192,8192,2706,4096,16384,16384,704,8192,8192,16384,26,2048,2048,4096,680,512,1024,4096,2620,1024,2048,2048,444,4096,4096,4096,11,2048,131072,262144,32404,1048576,1048576,1048576,41,524288,1048576,1048576,41,524288,524288,524288,41,512,1024,1024,41,64,32768,65536,41,256,512,1024,5111,256,512,1024,4868,128,512,1024,194652,128,512,1024,24354,128,512,1024,4003,256,512,1024,5382,512,1024,1024,1287,256,512,1024,1449,128,512,1024,22437,128,512,1024,3231,128,512,1024,519,128,512,1024,261,256,512,1024,234,256,512,512,99,1024,2048,2048,33,1024,1024,1024,30,64,64,64,63,64,128,128,20,16384,32768,32768,20,17.20,11.59,5.60,30,26,51,680,77,76,0,262144,262144,262144,262144,262144,30,65536,131072,131072,131072,131072,26,65536,131072,131072,131072,131072,51,65536,131072,131072,262144,524288,680,131072,131072,131072,131072,262144,77,65536,131072,131072,131072,262144,76,0,0,0,0,0,0,0,0,0,0,0,0,0,0,0,0,0,0,0,0,0,0,0,0,0,0,0,0,0,0,0,0,0,0,0,0,0,0,33581,30997,49817,0,41,20,0
48014120725300,3495,2048,4096,16384,22108,512,512,1024,3442,4096,8192,16384,2776,4096,16384,16384,706,8192,8192,8192,29,2048,2048,4096,698,512,1024,2048,2859,1024,2048,2048,484,4096,4096,4096,10,2048,131072,262144,33455,1048576,1048576,1048576,41,524288,1048576,1048576,41,524288,524288,524288,41,1024,1024,1024,41,64,32768,65536,41,256,512,1024,4798,256,512,1024,4537,128,512,1024,198972,128,512,1024,24984,128,512,512,4324,256,512,1024,5679,512,1024,1024,1368,256,512,1024,1413,128,512,1024,22896,128,512,512,3303,128,512,512,561,256,512,1024,261,256,512,1024,261,256,512,512,90,1024,2048,2048,26,1024,1024,1024,26,64,64,64,52,64,64,128,21,16384,32768,32768,21,16.71,11.99,4.72,26,29,43,698,62,98,0,262144,262144,262144,262144,262144,26,131072,131072,131072,131072,131072,29,65536,131072,262144,262144,262144,43,65536,131072,131072,262144,262144,691,131072,131072,131072,131072,262144,62,65536,131072,131072,131072,131072,98,0,0,0,0,0,0,0,0,0,0,0,0,0,0,0,0,0,0,0,0,0,0,0,0,0,0,0,0,0,0,0,0,0,0,0,0,7,0,33624,32048,48361,0,41,21,0
48015141668900,3500,2048,4096,16384,20974,512,512,1024,3469,4096,8192,8192,2773,4096,8192,32768,699,8192,8192,16384,24,2048,2048,4096,763,512,1024,4096,2718,1024,2048,2048,479,4096,4096,4096,16,1024,65536,262144,32228,1048576,1048576,1048576,41,524288,1048576,1048576,41,524288,524288,524288,41,1024,1024,1024,41,64,32768,65536,41,256,512,1024,4525,256,512,1024,4480,128,512,1024,188766,256,512,1024,24957,128,512,1024,3769,256,512,1024,5733,512,1024,1024,1403,256,512,1024,1277,128,512,1024,24498,128,512,512,3501,128,512,512,576,128,512,512,216,128,512,1024,216,256,512,1024,144,1024,1024,1024,2,512,1024,1024,5,64,64,64,7,64,128,128,20,128,32768,32768,20,15.81,11.73,4.08,5,24,43,763,78,79,0,262144,262144,262144,262144,262144,5,65536,131072,131072,131072,131072,24,65536,131072,131072,131072,262144,43,65536,131072,262144,262144,262144,763,131072,131072,131072,131072,262144,78,65536,131072,131072,131072,131072,79,0,0,0,0,0,0,0,0,0,0,0,0,0,0,0,0,0,0,0,0,0,0,0,0,0,0,0,0,0,0,0,0,0,0,0,0,7,0,33538,30888,49374,0,41,20,0
48016160607500,3500,2048,4096,16384,21780,512,512,1024,3481,4096,8192,8192,2782,4096,8192,16384,761,8192,8192,8192,29,2048,2048,4096,705,512,1024,2048,2833,1024,2048,2048,483,4096,4096,4096,14,2048,131072,262144,33199,1048576,2097152,2097152,40,524288,1048576,1048576,40,524288,524288,524288,40,1024,2048,2048,40,64,65536,65536,41,256,512,1024,4587,256,512,1024,4587,128,512,1024,196020,128,512,1024,25038,128,512,1024,4474,128,512,1024,5913,512,1024,1024,1386,256,512,1024,1431,128,512,1024,22275,128,512,512,3195,128,512,512,552,128,512,512,306,256,512,1024,261,256,512,512,126,0,0,0,0,0,0,0,0,0,0,0,0,64,128,128,21,128,128,128,21,18.16,12.66,5.50,0,29,37,705,80,87,0,0,0,0,0,0,0,65536,131072,131072,131072,131072,29,65536,131072,131072,131072,131072,37,65536,131072,131072,262144,262144,711,131072,131072,262144,262144,1048576,78,65536,131072,131072,131072,262144,85,0,0,0,0,0,0,0,0,0,0,0,0,0,0,0,0,0,0,0,0,0,0,0,0,0,0,0,0,0,0,0,0,0,0,0,0,5,0,33245,31415,49020,0,40,21,0
48017184085100,3500,2048,4096,16384,22499,512,512,1024,3484,4096,8192,8192,2791,4096,8192,16384,681,8192,8192,8192,26,2048,2048,4096,710,512,1024,2048,2759,1024,2048,2048,470,4096,8192,8192,10,2048,131072,262144,33760,1048576,1048576,2097152,41,524288,1048576,1048576,41,524288,524288,524288,41,1024,1024,1024,41,64,16384,32768,40,256,512,1024,4442,256,512,1024,4442,128,512,1024,202491,128,512,1024,25119,128,512,512,4004,128,512,1024,5643,512,1024,1024,1425,256,512,1024,1299,128,512,1024,23967,128,512,512,3285,128,512,512,459,128,512,512,216,256,512,1024,234,256,512,1024,90,0,0,0,0,0,0,0,0,0,0,0,0,64,128,128,20,64,128,128,20,15.14,10.68,4.45,0,26,41,710,87,99,0,0,0,0,0,0,0,65536,131072,131072,131072,131072,26,65536,131072,131072,131072,131072,39,65536,131072,131072,262144,8388608,696,65536,131072,131072,131072,131072,89,65536,131072,131072,131072,131072,101,0,0,0,0,0,0,0,0,0,0,0,0,0,0,0,0,0,0,0,0,0,0,0,0,0,0,0,0,0,0,0,0,0,0,0,0,16,0,33552,32006,50329,142,41,20,0
48018204612400,3500,2048,4096,16384,21777,512,512,1024,3480,4096,8192,16384,2665,4096,8192,16384,701,8192,8192,8192,27,2048,2048,4096,717,512,1024,4096,2683,1024,2048,2048,481,4096,4096,4096,17,2048,65536,262144,32876,1048576,1048576,1048576,41,524288,1048576,1048576,41,524288,524288,524288,41,512,1024,1024,41,64,32768,32768,41,256,512,1024,4471,256,512,1024,4471,128,512,1024,195993,128,512,1024,23985,128,512,512,4024,256,512,1024,5652,512,1024,1024,1326,256,512,1024,1254,128,512,512,23463,128,512,512,3339,128,512,512,489,256,512,1024,207,256,512,1024,243,256,512,1024,153,0,0,0,0,0,0,0,0,0,0,0,0,64,128,128,20,64,256,256,20,16.20,11.61,4.59,0,27,45,717,79,90,0,0,0,0,0,0,0,65536,131072,131072,131072,131072,27,65536,131072,131072,131072,131072,47,65536,131072,262144,262144,262144,730,65536,131072,262144,262144,4194304,79,65536,131072,131072,131072,131072,90,0,0,0,0,0,0,0,0,0,0,0,0,0,0,0,0,0,0,0,0,0,0,0,0,0,0,0,0,0,0,0,0,0,0,0,0,2,0,34218,31452,49815,0,41,20,0
48019225592300,3395,2048,4096,16384,22049,512,512,1024,3407,4096,8192,16384,2792,4096,16384,16384,690,8192,8192,8192,39,2048,4096,4096,676,512,1024,4096,2792,1024,2048,2048,469,4096,4096,4096,13,2048,131072,262144,33295,1048576,1048576,1048576,41,524288,1048576,1048576,41,524288,524288,524288,41,1024,1024,2048,41,64,16384,32768,41,128,512,1024,4557,256,512,1024,5502,128,512,1024,198441,128,512,1024,25128,128,512,1024,4073,128,512,1024,5562,512,1024,1024,1401,256,512,1024,1473,128,512,1024,24075,128,512,512,3537,128,512,512,519,128,512,512,414,256,512,1024,351,256,512,1024,117,0,0,0,0,0,0,0,0,0,0,0,0,64,128,128,21,64,256,256,21,15.83,11.61,4.21,0,39,40,676,92,77,105,0,0,0,0,0,0,65536,131072,131072,131072,131072,39,65536,131072,131072,131072,262144,40,65536,131072,131072,262144,262144,675,131072,131072,262144,262144,262144,92,65536,131072,131072,131072,131072,77,131072,262144,262144,262144,524288,105,0,0,0,0,0,0,0,0,0,0,0,0,0,0,0,0,0,0,0,0,0,0,0,0,0,0,0,0,0,0,3,0,33661,31786,50084,0,41,21,0
48020243704800,3395,2048,4096,16384,21096,512,512,1024,3377,4096,8192,8192,2648,4096,8192,16384,674,8192,8192,8192,33,2048,2048,4096,661,512,1024,2048,2626,1024,2048,2048,439,4096,8192,8192,15,2048,131072,262144,31919,1048576,1048576,1048576,41,524288,1048576,1048576,41,524288,524288,524288,41,512,2048,2048,41,64,16384,32768,41,256,512,1024,4653,256,512,1024,4653,128,512,1024,189864,128,512,1024,23832,128,512,512,3617,128,512,1024,5625,512,1024,1024,1356,256,512,1024,1311,128,512,512,22653,128,512,512,3213,128,512,512,606,256,512,512,225,256,512,1024,297,256,512,1024,135,0,0,0,0,0,0,0,0,0,0,0,0,64,128,128,20,128,128,128,20,16.48,11.88,4.60,0,33,31,661,63,69,0,0,0,0,0,0,0,131072,131072,131072,131072,262144,33,65536,131072,131072,131072,131072,31,65536,131072,131072,262144,262144,664,131072,131072,131072,131072,262144,63,65536,131072,131072,131072,131072,69,0,0,0,0,0,0,0,0,0,0,0,0,0,0,0,0,0,0,0,0,0,0,0,0,0,0,0,0,0,0,0,0,0,0,0,0,0,0,34268,30414,50828,0,41,20,0
48021269722500,3417,2048,4096,16384,22234,512,512,1024,3378,4096,8192,8192,2636,4096,8192,16384,656,8192,8192,16384,22,2048,4096,4096,744,512,1024,2048,2694,1024,2048,2048,483,4096,4096,4096,12,2048,131072,262144,33142,1048576,1048576,1048576,41,524288,1048576,1048576,41,524288,524288,524288,41,512,1024,1024,41,64,8192,32768,41,256,512,1024,4757,256,512,1024,4559,128,512,1024,200108,128,512,1024,23724,128,512,1024,3874,128,512,1024,5184,512,1024,1024,1335,256,512,1024,1308,128,512,512,23679,128,512,512,3276,128,512,1024,603,128,512,512,225,256,512,1024,198,256,512,512,108,1024,2048,2048,25,1024,1024,1024,23,64,64,64,48,64,128,128,21,128,32768,32768,21,18.05,11.82,6.23,23,22,36,744,111,77,0,262144,262144,262144,262144,262144,22,65536,131072,131072,131072,131072,22,65536,131072,131072,131072,262144,36,65536,131072,131072,262144,262144,739,131072,131072,131072,262144,262144,111,65536,131072,131072,131072,131072,77,0,0,0,0,0,0,0,0,0,0,0,0,0,0,0,0,0,0,0,0,0,0,0,0,0,0,0,0,0,0,0,0,0,0,0,0,5,0,34608,31812,50403,0,41,21,0
48022285103400,3450,2048,4096,16384,21263,512,512,1024,3411,4096,8192,8192,2703,4096,8192,16384,685,8192,8192,8192,26,2048,2048,4096,685,512,1024,2048,2681,1024,2048,2048,457,4096,4096,4096,14,2048,131072,262144,32249,1048576,1048576,1048576,40,524288,1048576,1048576,40,524288,524288,524288,40,512,1024,1024,40,64,16384,32768,40,128,512,1024,4914,256,512,1024,4617,128,512,1024,191365,128,512,1024,24327,128,512,512,3820,128,512,1024,5463,512,1024,1024,1299,256,512,1024,1119,128,512,512,22536,128,512,512,3240,128,512,512,474,128,512,1024,207,128,512,1024,234,256,512,1024,126,2048,2048,2048,32,1024,1024,1024,32,64,128,1024,64,64,128,128,20,16384,65536,65536,20,15.89,11.15,4.74,32,26,38,685,84,81,0,262144,262144,262144,262144,262144,33,65536,131072,131072,131072,131072,26,65536,131072,131072,131072,131072,38,65536,131072,262144,262144,262144,690,131072,131072,262144,262144,262144,84,65536,131072,131072,131072,131072,81,0,0,0,0,0,0,0,0,0,0,0,0,0,0,0,0,0,0,0,0,0,0,0,0,0,0,0,0,0,0,0,0,0,0,0,0,0,0,34204,30849,49053,0,40,20,0
48023308429300,3481,2048,4096,16384,21856,512,512,1024,3444,4096,8192,16384,2699,4096,8192,16384,725,8192,32768,32768,19,2048,4096,4096,690,512,1024,2048,2726,1024,2048,2048,459,4096,8192,8192,15,1024,65536,262144,32945,1048576,1048576,2097152,41,524288,1048576,1048576,41,524288,524288,524288,41,512,1024,1024,41,64,65536,65536,41,256,512,1024,4736,256,512,1024,4457,256,512,1024,196704,128,512,1024,24291,128,512,1024,3886,256,512,1024,6039,512,1024,1024,1440,256,512,1024,1314,128,512,512,23940,128,512,512,3222,128,512,1024,459,128,512,512,180,256,512,1024,171,256,512,1024,135,1024,2048,2048,31,1024,1024,2048,32,64,64,128,63,64,128,128,20,16384,32768,32768,20,16.67,11.96,4.71,32,19,24,690,80,72,0,262144,262144,262144,262144,524288,32,65536,131072,131072,131072,131072,19,131072,131072,131072,131072,131072,24,65536,131072,131072,262144,262144,683,131072,131072,131072,131072,262144,80,65536,131072,131072,131072,262144,72,0,0,0,0,0,0,0,0,0,0,0,0,0,0,0,0,0,0,0,0,0,0,0,0,0,0,0,0,0,0,0,0,0,0,0,0,6,0,33347,31581,49916,0,41,20,0
48024326191700,3500,2048,4096,16384,20072,512,512,1024,3475,4096,8192,8192,2669,4096,8192,16384,687,8192,16384,32768,33,2048,4096,4096,651,512,1024,4096,2703,1024,2048,2048,461,4096,4096,4096,13,1024,131072,262144,31085,1048576,1048576,2097152,41,524288,1048576,1048576,41,524288,524288,524288,41,1024,2048,2048,41,64,32768,65536,41,256,512,1024,4706,256,512,1024,4535,128,512,1024,180648,256,512,1024,24025,128,512,512,3911,256,512,1024,5931,512,1024,2048,1455,256,512,1024,1401,128,512,1024,23364,128,512,512,3843,128,512,512,573,128,512,1024,261,256,512,1024,297,256,512,1024,117,1024,2048,2048,17,1024,1024,1024,18,64,64,64,35,64,64,64,21,128,32768,32768,21,17.01,12.66,4.35,18,33,34,651,104,64,0,262144,262144,262144,262144,262144,18,65536,131072,131072,131072,131072,33,65536,131072,131072,131072,131072,34,65536,131072,131072,262144,262144,656,131072,131072,131072,262144,262144,104,65536,131072,131072,131072,262144,64,0,0,0,0,0,0,0,0,0,0,0,0,0,0,0,0,0,0,0,0,0,0,0,0,0,0,0,0,0,0,0,0,0,0,0,0,2,0,34013,30025,49694,0,41,21,0
48025346694800,3500,2048,4096,16384,19872,512,512,1024,3282,4096,8192,16384,2797,4096,8192,16384,671,8192,8192,8192,23,2048,4096,4096,744,512,1024,2048,2715,1024,2048,4096,490,4096,4096,4096,6,2048,65536,262144,30941,1048576,1048576,1048576,41,524288,1048576,1048576,41,524288,524288,524288,41,512,1024,1024,41,64,32768,65536,41,256,512,1024,4474,256,512,1024,4474,128,512,1024,178848,256,512,1024,25169,128,512,1024,3947,256,512,1024,5769,512,1024,2048,1367,256,512,1024,1268,128,512,1024,24093,128,512,1024,3366,128,512,512,464,128,512,1024,234,128,512,1024,207,256,512,512,54,0,0,0,0,0,0,0,0,0,0,0,0,64,128,128,20,64,128,128,20,16.08,12.76,3.32,0,23,26,744,72,87,0,0,0,0,0,0,0,65536,131072,131072,131072,131072,23,65536,131072,131072,131072,131072,26,65536,131072,131072,262144,262144,745,131072,131072,131072,131072,131072,72,65536,131072,131072,131072,131072,87,0,0,0,0,0,0,0,0,0,0,0,0,0,0,0,0,0,0,0,0,0,0,0,0,0,0,0,0,0,0,0,0,0,0,0,0,0,0,34637,29952,50107,0,41,20,0
48026365274500,3500,2048,4096,16384,22057,512,512,1024,3615,4096,8192,16384,2760,4096,8192,32768,722,8192,8192,8192,33,2048,4096,4096,725,512,1024,2048,2772,1024,2048,2048,505,4096,4096,4096,12,2048,131072,524288,33581,1048576,1048576,2097152,41,1048576,1048576,1048576,41,524288,524288,524288,41,1024,2048,2048,41,64,65536,65536,41,256,512,1024,4605,256,512,1024,4605,128,512,1024,198513,128,512,1024,24840,128,512,1024,4177,128,512,1024,6057,512,1024,1024,1347,256,512,1024,1383,128,512,1024,24777,128,512,512,3726,128,512,512,501,128,512,512,288,256,512,1024,297,256,512,512,108,0,0,0,0,0,0,0,0,0,0,0,0,64,64,64,21,64,128,128,21,14.95,10.99,3.96,0,33,30,725,100,89,0,0,0,0,0,0,0,65536,131072,131072,131072,131072,33,65536,131072,131072,131072,131072,30,65536,131072,131072,262144,262144,720,131072,131072,131072,131072,131072,99,65536,131072,131072,131072,131072,89,0,0,0,0,0,0,0,0,0,0,0,0,0,0,0,0,0,0,0,0,0,0,0,0,0,0,0,0,0,0,0,0,0,0,0,0,7,0,33852,31997,48611,0,41,21,0
48027387925300,3500,2048,4096,16384,22718,512,512,1024,3537,4096,8192,16384,2784,4096,8192,16384,761,8192,8192,16384,28,2048,2048,4096,737,512,1024,2048,2823,1024,2048,2048,481,4096,4096,4096,17,2048,131072,262144,34242,1048576,1048576,2097152,41,524288,1048576,1048576,41,524288,524288,524288,41,1024,2048,2048,41,64,65536,65536,41,256,512,1024,4401,256,512,1024,4401,128,512,1024,204462,128,512,1024,25056,128,512,1024,4118,128,512,1024,6273,512,1024,2048,1367,256,512,1024,1520,128,512,1024,24147,128,512,512,3501,128,512,1024,533,128,512,512,297,256,512,1024,252,256,512,1024,153,0,0,0,0,0,0,0,0,0,0,0,0,64,128,128,20,64,128,128,20,18.35,12.74,5.61,0,28,34,737,90,77,0,0,0,0,0,0,0,131072,131072,131072,131072,131072,28,65536,131072,131072,131072,131072,34,65536,131072,131072,262144,524288,741,131072,131072,131072,131072,262144,89,65536,131072,131072,131072,131072,76,0,0,0,0,0,0,0,0,0,0,0,0,0,0,0,0,0,0,0,0,0,0,0,0,0,0,0,0,0,0,0,0,0,0,0,0,5,0,33554,32383,51904,0,41,20,0
48028410003200,3395,2048,4096,16384,22329,512,512,1024,3468,4096,8192,8192,2789,4096,8192,16384,702,8192,16384,32768,33,2048,2048,4096,688,512,1024,2048,2785,1024,2048,2048,451,4096,4096,4096,11,2048,131072,262144,33559,1048576,1048576,2097152,40,524288,1048576,1048576,40,524288,524288,524288,40,1024,2048,2048,40,64,16384,32768,40,256,512,1024,4714,256,512,1024,5659,128,512,1024,200961,128,512,1024,25101,128,512,1024,3910,256,512,1024,5517,512,1024,1024,1320,256,512,1024,1401,128,512,512,23508,128,512,512,3348,128,512,512,489,128,512,1024,252,256,512,1024,297,256,512,1024,99,0,0,0,0,0,0,0,0,0,0,0,0,64,64,64,20,64,128,128,20,15.91,11.58,4.33,0,33,26,688,76,90,105,0,0,0,0,0,0,65536,131072,131072,131072,131072,33,65536,131072,131072,131072,131072,26,65536,131072,131072,131072,262144,679,131072,131072,131072,131072,131072,78,65536,131072,131072,131072,131072,91,262144,262144,262144,262144,1048576,6,0,0,0,0,0,0,0,0,0,0,0,0,0,0,0,0,0,0,0,0,0,0,0,0,0,0,0,0,0,0,109,0,34541,31858,48665,0,40,20,0
48029430934500,3395,2048,4096,16384,21715,512,512,1024,3385,4096,8192,8192,2691,4096,8192,16384,725,8192,8192,8192,21,2048,2048,4096,682,512,1024,4096,2682,1024,2048,2048,455,4096,4096,4096,23,1024,65536,524288,32669,1048576,1048576,1048576,41,524288,1048576,1048576,41,524288,524288,524288,41,512,1024,2048,41,64,16384,32768,41,256,512,1024,4425,256,512,1024,4425,128,512,1024,195435,128,512,1024,24219,128,512,512,4214,128,512,1024,5778,512,1024,1024,1527,256,512,1024,1338,128,512,512,24255,128,512,512,3303,128,512,512,447,128,512,512,198,256,512,1024,189,256,512,512,207,0,0,0,0,0,0,0,0,0,0,0,0,64,64,64,21,64,128,128,21,14.55,9.95,4.59,0,21,34,682,76,101,0,0,0,0,0,0,0,65536,131072,131072,131072,131072,21,65536,131072,131072,131072,131072,34,65536,131072,131072,131072,262144,690,65536,131072,262144,262144,262144,76,65536,131072,131072,131072,131072,101,131072,262144,262144,262144,262144,99,0,0,0,0,0,0,0,0,0,0,0,0,0,0,0,0,0,0,0,0,0,0,0,0,0,0,0,0,0,0,3,0,33422,31038,50303,0,41,21,0
48030449789300,3395,2048,4096,16384,21409,512,512,1024,3377,4096,8192,8192,2700,4096,8192,16384,688,8192,8192,8192,19,2048,4096,4096,698,512,1024,4096,2671,1024,2048,2048,469,4096,4096,4096,11,2048,65536,262144,32334,1048576,1048576,1048576,41,524288,1048576,1048576,41,524288,524288,524288,41,512,512,1024,41,64,1024,16384,41,128,512,1024,4897,256,512,1024,4897,128,512,1024,192683,128,512,1024,24300,128,512,1024,3992,256,512,1024,5499,512,1024,1024,1323,256,512,1024,1359,128,512,512,24705,128,512,512,3456,128,512,512,549,128,512,1024,162,128,512,1024,171,256,512,512,99,0,0,0,0,0,0,0,0,0,0,0,0,64,128,128,20,64,128,128,20,17.24,12.26,4.98,0,19,34,698,79,77,0,0,0,0,0,0,0,65536,131072,131072,131072,131072,18,65536,131072,131072,131072,131072,34,65536,131072,131072,131072,4194304,696,65536,131072,131072,131072,131072,79,65536,131072,131072,131072,262144,77,0,0,0,0,0,0,0,0,0,0,0,0,0,0,0,0,0,0,0,0,0,0,0,0,0,0,0,0,0,0,0,0,0,0,0,0,6,0,33833,31012,49021,0,41,20,0
48031471187200,3424,2048,4096,16384,21150,512,512,1024,3365,4096,8192,16384,2619,4096,8192,16384,662,8192,8192,8192,28,2048,4096,4096,699,512,1024,2048,2677,1024,2048,2048,445,4096,4096,4096,15,2048,65536,262144,31957,1048576,1048576,1048576,41,524288,1048576,1048576,41,524288,524288,524288,41,1024,2048,2048,41,64,32768,65536,41,256,512,1024,4646,256,512,1024,4385,128,512,1024,190348,128,512,1024,23571,128,512,512,3770,256,512,1024,5427,512,1024,1024,1433,256,512,1024,1469,128,512,512,24309,128,512,512,3483,128,512,512,504,128,512,512,324,256,512,512,252,256,512,512,135,2048,2048,2048,31,512,1024,1024,29,64,64,64,60,64,128,128,21,16384,32768,32768,21,15.17,11.09,4.08,29,28,25,699,73,81,0,262144,262144,262144,262144,262144,29,65536,131072,131072,131072,131072,29,65536,131072,131072,131072,131072,25,65536,131072,131072,131072,262144,704,131072,131072,131072,131072,262144,73,65536,131072,131072,131072,131072,81,0,0,0,0,0,0,0,0,0,0,0,0,0,0,0,0,0,0,0,0,0,0,0,0,0,0,0,0,0,0,0,0,0,0,0,0,0,0,33418,30402,50348,1,41,21,0
48032490828500,3455,2048,4096,16384,21820,512,512,1024,3430,4096,8192,8192,2708,4096,8192,16384,653,8192,8192,8192,24,2048,4096,4096,670,512,1024,1024,2712,1024,2048,2048,468,4096,4096,4096,16,1024,65536,262144,32832,1048576,1048576,1048576,41,524288,1048576,1048576,41,524288,524288,524288,41,1024,2048,2048,41,64,32768,65536,41,256,512,1024,4956,256,512,1024,4677,128,512,1024,196380,128,512,1024,24372,128,512,1024,3865,256,512,1024,5526,512,1024,1024,1235,256,512,1024,1379,128,512,512,23319,128,512,512,3429,128,512,512,530,128,512,1024,180,256,1024,1024,216,256,512,1024,144,1024,2048,2048,34,1024,1024,1024,33,64,64,64,67,64,128,128,20,16384,65536,65536,20,15.97,11.24,4.73,33,24,17,670,61,89,0,262144,262144,262144,262144,262144,31,65536,131072,131072,131072,131072,24,65536,131072,131072,131072,131072,17,65536,131072,131072,262144,262144,665,131072,131072,131072,131072,131072,61,65536,131072,131072,131072,131072,89,0,0,0,0,0,0,0,0,0,0,0,0,0,0,0,0,0,0,0,0,0,0,0,0,0,0,0,0,0,0,0,0,0,0,0,0,7,0,34135,31499,49084,0,41,20,0
48033511322600,3487,2048,4096,16384,20672,512,512,1024,3424,4096,8192,16384,2659,4096,8192,16384,689,8192,8192,8192,30,2048,4096,4096,685,512,1024,1024,2654,1024,2048,2048,474,4096,4096,4096,11,2048,65536,262144,31654,1048576,1048576,1048576,40,524288,1048576,1048576,40,524288,524288,524288,40,1024,2048,2048,40,64,32768,131072,41,256,512,1024,4779,256,512,1024,4491,128,512,1024,186048,256,512,1024,23931,128,512,1024,4121,256,512,1024,5940,512,1024,1024,1345,256,512,1024,1399,128,512,1024,22455,128,512,512,3339,128,512,1024,567,256,512,1024,225,256,1024,1024,270,256,512,1024,99,1024,2048,2048,31,1024,1024,1024,31,64,64,128,62,64,128,128,21,16384,32768,65536,21,14.92,11.86,3.06,31,30,18,685,74,66,0,262144,262144,262144,262144,262144,33,65536,131072,131072,131072,131072,30,65536,131072,131072,131072,131072,18,65536,131072,131072,262144,524288,689,131072,131072,131072,131072,262144,69,65536,131072,131072,131072,131072,65,0,0,0,0,0,0,0,0,0,0,0,0,0,0,0,0,0,0,0,0,0,0,0,0,0,0,0,0,0,0,0,0,0,0,0,0,7,0,32762,30456,50313,0,40,21,0
48034532273700,3500,2048,4096,16384,20173,512,512,1024,3491,4096,8192,16384,2795,4096,8192,16384,741,8192,8192,16384,31,2048,2048,4096,720,512,1024,2048,2832,1024,2048,2048,496,4096,4096,4096,19,2048,131072,262144,31673,1048576,2097152,2097152,41,1048576,1048576,1048576,41,524288,524288,524288,41,1024,2048,2048,41,64,65536,65536,40,256,512,1024,4982,256,512,1024,4865,256,512,1024,181564,256,512,1024,25155,128,512,1024,4251,256,512,1024,6300,512,1024,2048,1292,256,512,1024,1355,128,512,1024,23283,128,512,512,3546,128,512,512,510,128,512,1024,315,256,512,1024,279,256,512,1024,171,1024,2048,2048,9,1024,1024,1024,12,64,64,64,21,64,128,128,20,64,32768,32768,20,16.72,12.38,4.34,12,31,31,720,66,88,0,262144,262144,262144,262144,262144,12,65536,131072,131072,131072,131072,31,65536,131072,131072,131072,262144,31,65536,131072,131072,131072,131072,718,131072,131072,131072,131072,131072,71,65536,131072,131072,131072,131072,89,0,0,0,0,0,0,0,0,0,0,0,0,0,0,0,0,0,0,0,0,0,0,0,0,0,0,0,0,0,0,0,0,0,0,0,0,3,0,33784,30184,49216,0,41,20,0
48035555749100,3500,2048,4096,16384,21438,512,512,1024,3284,4096,8192,8192,2789,4096,16384,32768,645,8192,8192,8192,27,2048,2048,4096,732,512,1024,1024,2694,1024,2048,2048,473,4096,4096,4096,15,2048,65536,262144,32398,1048576,1048576,1048576,41,524288,1048576,1048576,41,524288,524288,524288,41,1024,1024,1024,41,64,32768,65536,41,256,512,1024,4370,256,512,1024,4370,128,512,1024,192935,256,512,1024,25101,128,512,1024,3724,256,512,1024,5481,512,1024,2048,1290,256,512,1024,1344,128,512,1024,24345,128,512,512,3321,128,512,512,477,256,512,1024,252,256,512,1024,243,256,512,1024,135,0,0,0,0,0,0,0,0,0,0,0,0,64,128,128,20,128,128,128,20,16.41,11.70,4.71,0,27,19,732,87,91,0,0,0,0,0,0,0,65536,131072,131072,131072,131072,27,65536,131072,131072,131072,131072,19,65536,131072,131072,131072,262144,734,131072,131072,131072,131072,131072,87,65536,131072,131072,131072,131072,91,0,0,0,0,0,0,0,0,0,0,0,0,0,0,0,0,0,0,0,0,0,0,0,0,0,0,0,0,0,0,0,0,0,0,0,0,1,0,34117,30923,49427,0,41,20,0
48036571053300,3500,2048,4096,16384,21140,512,512,1024,3549,4096,8192,8192,2729,4096,8192,16384,723,8192,8192,8192,33,2048,2048,4096,714,512,1024,1024,2746,1024,2048,2048,455,4096,4096,4096,14,1024,65536,262144,32439,1048576,1048576,2097152,41,524288,1048576,1048576,41,524288,524288,524288,41,1024,2048,2048,41,64,32768,65536,41,256,512,1024,4783,256,512,1024,4783,128,512,1024,190260,128,512,1024,24561,128,512,512,3907,128,512,1024,6120,512,1024,1024,1326,256,512,1024,1317,128,512,1024,23292,128,512,512,3609,128,512,512,564,128,512,512,297,256,512,1024,297,256,512,1024,126,0,0,0,0,0,0,0,0,0,0,0,0,64,128,128,21,64,128,128,21,16.03,12.57,3.46,0,33,20,714,84,77,0,0,0,0,0,0,0,65536,131072,131072,131072,131072,33,65536,131072,131072,131072,131072,20,65536,131072,131072,262144,262144,710,131072,131072,131072,131072,2097152,84,65536,131072,131072,131072,262144,77,0,0,0,0,0,0,0,0,0,0,0,0,0,0,0,0,0,0,0,0,0,0,0,0,0,0,0,0,0,0,0,0,0,0,0,0,4,0,33833,30936,48998,0,41,21,0
48037593880000,3500,2048,4096,16384,23369,512,512,1024,3511,4096,8192,8192,2800,4096,8192,16384,757,8192,8192,8192,36,2048,2048,4096,678,512,1024,1024,2886,1024,2048,2048,511,4096,4096,4096,9,1024,131072,262144,34927,1048576,1048576,1048576,41,524288,1048576,1048576,41,524288,524288,524288,41,1024,2048,2048,41,64,16384,65536,41,256,512,1024,4371,256,512,1024,4371,256,512,1024,210321,128,512,1024,25200,128,512,512,4058,256,512,1024,6354,512,1024,1024,1422,256,512,512,1395,128,512,512,24336,128,512,512,2952,128,512,512,513,128,512,512,297,256,512,512,324,256,512,512,81,0,0,0,0,0,0,0,0,0,0,0,0,64,128,128,20,64,128,128,20,17.05,11.96,5.09,0,36,14,678,61,95,0,0,0,0,0,0,0,65536,131072,131072,131072,131072,36,65536,131072,131072,131072,131072,14,65536,131072,131072,262144,262144,683,131072,131072,131072,131072,131072,61,65536,131072,131072,131072,131072,95,0,0,0,0,0,0,0,0,0,0,0,0,0,0,0,0,0,0,0,0,0,0,0,0,0,0,0,0,0,0,0,0,0,0,0,0,0,0,33894,33138,49842,0,41,20,0
48038613071600,3395,2048,4096,16384,21839,512,512,1024,3489,4096,8192,8192,2712,4096,8192,16384,671,8192,8192,16384,37,2048,2048,4096,689,512,1024,2048,2697,1024,2048,2048,446,4096,8192,8192,17,1024,131072,262144,32935,1048576,1048576,1048576,41,524288,1048576,1048576,41,524288,524288,524288,41,1024,2048,2048,41,64,8192,65536,41,256,512,1024,4722,256,512,1024,5667,128,512,1024,196552,128,512,1024,24408,128,512,512,3660,256,512,1024,5661,512,1024,1024,1389,256,512,1024,1398,128,512,512,23769,128,512,512,3537,128,512,512,423,128,512,512,315,256,512,1024,333,256,1024,2048,153,0,0,0,0,0,0,0,0,0,0,0,0,64,64,128,21,64,128,128,21,17.13,12.52,4.60,0,37,20,689,88,77,105,0,0,0,0,0,0,65536,131072,131072,131072,131072,37,65536,131072,131072,131072,131072,20,65536,131072,131072,131072,262144,687,131072,131072,131072,131072,131072,88,65536,131072,131072,131072,262144,77,131072,262144,262144,262144,262144,105,0,0,0,0,0,0,0,0,0,0,0,0,0,0,0,0,0,0,0,0,0,0,0,0,0,0,0,0,0,0,2,0,32553,31157,52549,406,41,21,0
48039634872100,3395,2048,4096,16384,22675,512,512,1024,3467,4096,8192,8192,2819,4096,8192,16384,722,8192,8192,8192,24,2048,2048,4096,710,512,1024,1024,2822,1024,2048,2048,466,4096,4096,4096,5,1024,65536,262144,34034,1048576,1048576,1048576,40,524288,1048576,1048576,40,524288,524288,524288,40,512,1024,1024,40,64,16384,65536,40,128,512,1024,4418,256,512,1024,4418,128,512,1024,204074,128,512,1024,25371,128,512,512,3947,128,512,1024,6003,512,1024,1024,1242,256,512,512,1296,128,512,512,22815,128,512,512,3276,128,512,512,537,128,512,512,243,256,512,1024,216,256,512,1024,45,0,0,0,0,0,0,0,0,0,0,0,0,64,128,128,20,64,128,128,20,16.94,11.46,5.48,0,24,7,710,56,79,0,0,0,0,0,0,0,131072,131072,131072,131072,131072,24,131072,131072,131072,131072,131072,7,65536,131072,131072,131072,1048576,712,131072,131072,131072,131072,131072,56,65536,131072,131072,131072,131072,79,0,0,0,0,0,0,0,0,0,0,0,0,0,0,0,0,0,0,0,0,0,0,0,0,0,0,0,0,0,0,0,0,0,0,0,0,0,0,33528,32384,47462,0,40,20,0
48040654421300,3395,2048,4096,16384,21484,512,512,1024,3205,4096,8192,8192,2595,4096,8192,16384,680,8192,8192,8192,20,2048,2048,4096,698,512,1024,1024,2541,1024,2048,2048,451,4096,4096,4096,11,2048,131072,262144,31947,1048576,1048576,1048576,41,524288,1048576,1048576,41,524288,524288,524288,41,512,1024,1024,41,64,8192,32768,41,256,512,1024,4447,256,512,1024,4447,128,512,1024,193361,128,512,1024,23355,128,512,512,3725,128,512,1024,5688,512,1024,1024,1350,256,512,1024,1188,128,512,512,22698,128,512,512,3303,128,512,1024,594,128,256,512,153,256,512,1024,180,256,512,1024,99,2048,2048,2048,5,1024,1024,1024,2,64,64,64,7,64,128,128,20,64,128,128,20,16.99,12.01,4.98,2,20,10,698,56,89,0,262144,262144,262144,262144,262144,2,65536,131072,131072,131072,131072,20,131072,131072,131072,131072,131072,10,65536,131072,131072,262144,262144,698,65536,131072,131072,131072,131072,56,65536,131072,131072,131072,131072,89,0,0,0,0,0,0,0,0,0,0,0,0,0,0,0,0,0,0,0,0,0,0,0,0,0,0,0,0,0,0,0,0,0,0,0,0,0,0,32672,30593,48516,0,41,20,0
48041676089500,3428,2048,4096,16384,21952,512,512,1024,3535,4096,8192,8192,2789,4096,8192,32768,712,8192,8192,8192,23,2048,2048,4096,732,512,1024,1024,2787,1024,2048,2048,483,4096,4096,4096,7,2048,65536,262144,33350,1048576,1048576,1048576,41,524288,1048576,1048576,41,524288,524288,524288,41,1024,2048,2048,41,64,32768,131072,41,256,512,1024,4829,256,512,1024,4532,128,512,1024,197563,128,512,1024,25101,128,512,512,4100,256,512,1024,6102,512,1024,1024,1347,256,512,1024,1293,128,512,512,22842,128,512,512,3267,128,512,512,627,128,512,512,261,256,512,1024,207,256,512,512,63,1024,2048,2048,31,1024,1024,1024,31,64,64,128,62,64,128,128,21,16384,32768,32768,21,18.49,14.02,4.46,31,23,9,732,74,83,0,262144,262144,262144,262144,262144,31,65536,131072,131072,131072,131072,23,65536,131072,131072,131072,131072,9,65536,131072,131072,131072,262144,729,65536,131072,131072,131072,131072,74,65536,131072,131072,131072,131072,83,0,0,0,0,0,0,0,0,0,0,0,0,0,0,0,0,0,0,0,0,0,0,0,0,0,0,0,0,0,0,0,0,0,0,0,0,3,0,34338,31717,49408,0,41,21,0
48042698110300,3461,2048,4096,16384,21257,512,512,1024,3407,4096,8192,8192,2672,4096,8192,32768,702,8192,16384,32768,30,2048,2048,4096,667,512,1024,1024,2701,1024,2048,2048,472,4096,4096,4096,10,2048,131072,262144,32262,1048576,1048576,1048576,41,524288,1048576,1048576,41,524288,524288,524288,41,1024,1024,2048,41,64,128,32768,41,256,512,1024,4670,256,512,1024,4373,128,512,1024,191313,128,512,1024,24048,128,512,512,3905,256,512,1024,5904,512,1024,1024,1352,256,512,1024,1433,128,512,512,23895,128,512,512,3429,128,512,512,456,128,512,512,234,256,512,1024,270,256,512,1024,90,1024,2048,2048,30,1024,1024,1024,33,64,64,1024,63,64,64,64,20,16384,32768,32768,20,14.52,11.21,3.31,33,30,9,667,76,71,0,262144,262144,262144,262144,262144,33,65536,131072,131072,131072,131072,30,65536,131072,131072,131072,131072,9,65536,131072,131072,262144,262144,668,131072,131072,131072,131072,131072,76,65536,131072,131072,131072,131072,71,0,0,0,0,0,0,0,0,0,0,0,0,0,0,0,0,0,0,0,0,0,0,0,0,0,0,0,0,0,0,0,0,0,0,0,0,2,0,35180,31058,48102,0,41,20,0
48043716215400,3494,2048,4096,16384,20866,512,512,1024,3498,4096,8192,16384,2653,4096,8192,16384,665,8192,8192,8192,28,2048,4096,4096,693,512,1024,1024,2689,1024,2048,2048,427,4096,4096,4096,14,1024,65536,262144,31860,1048576,1048576,1048576,41,524288,1048576,1048576,41,524288,524288,524288,41,1024,2048,2048,41,64,32768,65536,41,256,512,1024,4803,256,512,1024,4506,256,512,1024,187794,256,512,1024,23877,128,512,512,3868,256,512,1024,5319,512,1024,1024,1388,256,512,1024,1388,128,512,512,24210,128,512,512,3744,128,512,512,479,128,512,512,252,256,512,1024,252,256,512,1024,126,1024,2048,2048,33,1024,1024,1024,33,64,64,128,66,64,128,128,21,16384,32768,65536,21,16.50,11.64,4.86,33,28,10,693,86,79,0,262144,262144,262144,262144,262144,33,65536,131072,131072,131072,131072,28,65536,131072,131072,131072,131072,10,65536,131072,131072,131072,262144,686,131072,131072,131072,131072,131072,86,65536,131072,131072,131072,131072,79,0,0,0,0,0,0,0,0,0,0,0,0,0,0,0,0,0,0,0,0,0,0,0,0,0,0,0,0,0,0,0,0,0,0,0,0,8,0,33075,30580,48763,0,41,21,0
48044735232700,3500,2048,4096,16384,21906,512,512,1024,3482,4096,8192,8192,2734,4096,8192,16384,756,8192,8192,8192,36,2048,4096,4096,707,512,1024,1024,2744,1024,2048,2048,484,4096,4096,4096,11,1024,131072,262144,33271,1048576,1048576,2097152,40,524288,1048576,1048576,40,524288,524288,524288,40,1024,2048,2048,40,64,32768,32768,41,256,512,1024,4289,256,512,1024,4235,128,512,1024,197154,256,512,1024,24606,128,512,512,4517,256,512,1024,6228,512,1024,1024,1359,256,512,1024,1422,128,512,1024,22536,128,512,512,3348,128,512,1024,549,128,512,512,315,256,512,1024,324,256,512,512,99,1024,2048,2048,6,1024,1024,1024,6,64,64,64,12,64,128,128,20,128,65536,65536,20,14.82,11.11,3.70,6,36,17,707,80,63,0,262144,262144,262144,262144,262144,6,65536,131072,131072,131072,131072,36,65536,131072,131072,131072,131072,17,65536,131072,131072,262144,262144,716,131072,131072,131072,131072,131072,80,65536,131072,131072,131072,131072,63,0,0,0,0,0,0,0,0,0,0,0,0,0,0,0,0,0,0,0,0,0,0,0,0,0,0,0,0,0,0,0,0,0,0,0,0,0,0,33877,31867,49488,0,40,20,0
48045756810200,3500,2048,4096,16384,21250,512,512,1024,3410,4096,8192,8192,2847,4096,8192,16384,703,8192,8192,8192,24,2048,4096,4096,734,512,1024,1024,2826,1024,2048,2048,506,4096,4096,4096,9,2048,131072,262144,32655,1048576,1048576,1048576,41,1048576,1048576,1048576,41,524288,524288,524288,41,1024,1024,1024,41,64,65536,65536,40,256,512,1024,4983,256,512,1024,4983,128,512,1024,191253,256,512,1024,25623,128,512,1024,4166,256,512,1024,6156,512,1024,1024,1389,256,512,1024,1326,128,512,1024,23067,128,512,1024,3681,128,512,512,561,128,512,1024,270,256,512,512,216,256,512,1024,81,0,0,0,0,0,0,0,0,0,0,0,0,64,128,128,20,64,128,128,20,14.15,10.58,3.57,0,24,21,734,87,81,0,0,0,0,0,0,0,65536,131072,131072,131072,131072,24,65536,131072,131072,131072,131072,19,65536,131072,131072,262144,524288,727,131072,131072,131072,131072,262144,87,65536,131072,131072,131072,262144,81,0,0,0,0,0,0,0,0,0,0,0,0,0,0,0,0,0,0,0,0,0,0,0,0,0,0,0,0,0,0,0,0,0,0,0,0,9,0,33721,30940,50091,0,41,20,0
48046776346600,3500,2048,4096,16384,21571,512,512,1024,3402,4096,8192,8192,2798,4096,16384,16384,699,8192,8192,8192,42,2048,2048,4096,712,512,1024,1024,2795,1024,2048,2048,460,4096,4096,4096,10,2048,65536,262144,32922,1048576,1048576,2097152,41,524288,1048576,1048576,41,524288,524288,524288,41,1024,2048,2048,41,64,32768,32768,41,256,512,1024,4583,256,512,1024,4583,256,512,1024,194136,128,512,1024,25182,128,512,512,4180,128,512,1024,6012,512,1024,1024,1370,256,512,1024,1451,128,512,1024,24480,128,512,512,3222,128,512,1024,456,256,512,1024,342,256,1024,1024,378,256,512,1024,90,0,0,0,0,0,0,0,0,0,0,0,0,64,64,64,21,64,128,128,21,16.34,12.13,4.21,0,42,16,712,100,73,0,0,0,0,0,0,0,65536,131072,131072,131072,131072,42,65536,131072,131072,131072,131072,18,65536,131072,131072,131072,131072,718,131072,131072,262144,262144,262144,100,65536,131072,131072,131072,131072,73,0,0,0,0,0,0,0,0,0,0,0,0,0,0,0,0,0,0,0,0,0,0,0,0,0,0,0,0,0,0,0,0,0,0,0,0,1,0,33789,31127,48518,0,41,21,0
48047797733200,3500,2048,4096,16384,21677,512,512,1024,3439,4096,8192,8192,2634,4096,8192,32768,665,8192,8192,8192,25,2048,2048,4096,678,512,1024,1024,2674,1024,2048,2048,467,4096,4096,4096,14,1024,65536,262144,32635,1048576,1048576,1048576,41,524288,1048576,1048576,41,524288,524288,524288,41,1024,2048,2048,41,64,32768,65536,41,256,512,1024,4770,256,512,1024,4770,256,512,1024,195093,128,512,1024,23706,128,512,512,3650,128,512,1024,5742,512,1024,1024,1421,256,512,1024,1322,128,512,1024,25569,128,512,512,3555,128,512,512,402,128,512,512,207,256,512,1024,225,256,512,1024,126,0,0,0,0,0,0,0,0,0,0,0,0,64,128,128,20,64,128,128,20,15.43,11.48,3.95,0,25,18,678,97,63,0,0,0,0,0,0,0,65536,131072,131072,131072,131072,25,65536,131072,131072,131072,131072,18,65536,131072,131072,131072,262144,678,131072,131072,131072,131072,131072,97,65536,131072,131072,131072,131072,63,0,0,0,0,0,0,0,0,0,0,0,0,0,0,0,0,0,0,0,0,0,0,0,0,0,0,0,0,0,0,0,0,0,0,0,0,1,0,34060,31114,51166,0,41,20,0
48048817063200,3395,2048,4096,16384,22549,512,512,1024,3600,4096,8192,8192,2819,4096,8192,16384,709,8192,8192,8192,30,2048,4096,4096,714,512,1024,1024,2822,1024,2048,2048,483,4096,4096,4096,13,1024,65536,262144,34109,1048576,1048576,1048576,41,524288,1048576,1048576,41,524288,524288,524288,41,1024,2048,2048,41,64,16384,32768,41,256,512,1024,4440,256,512,1024,5385,128,512,1024,202941,128,512,1024,25371,128,512,512,4005,256,512,1024,6282,512,1024,1024,1425,256,512,1024,1380,128,512,512,23877,128,512,512,3708,128,512,512,489,128,512,512,297,128,512,512,270,256,512,512,117,0,0,0,0,0,0,0,0,0,0,0,0,64,128,128,21,64,128,128,21,15.58,11.24,4.34,0,30,21,714,88,84,105,0,0,0,0,0,0,65536,131072,131072,131072,131072,30,65536,131072,131072,131072,131072,21,65536,131072,131072,262144,4194304,712,65536,131072,131072,131072,131072,88,65536,131072,131072,131072,131072,84,131072,262144,262144,262144,262144,105,0,0,0,0,0,0,0,0,0,0,0,0,0,0,0,0,0,0,0,0,0,0,0,0,0,0,0,0,0,0,3,0,33063,32281,48990,0,41,21,0
48049840151800,3395,2048,4096,16384,20673,512,512,1024,2884,4096,8192,8192,2693,4096,8192,16384,691,8192,8192,8192,27,2048,2048,4096,701,512,1024,2048,2604,1024,2048,2048,438,4096,4096,4096,11,2048,131072,262144,31058,1048576,1048576,1048576,41,524288,1048576,1048576,41,524288,524288,524288,41,1024,2048,2048,41,64,16384,65536,41,256,512,1024,4411,256,512,1024,4411,128,512,1024,186057,128,512,1024,24237,128,512,512,3970,128,512,1024,5859,512,1024,2048,1305,256,512,1024,1377,128,512,512,24003,128,512,512,3366,128,512,512,561,128,512,512,234,256,512,1024,243,256,512,1024,99,0,0,0,0,0,0,0,0,0,0,0,0,64,128,128,20,64,128,128,20,15.79,11.21,4.59,0,27,24,701,90,74,0,0,0,0,0,0,0,65536,131072,131072,131072,131072,26,65536,131072,131072,131072,131072,24,65536,131072,131072,131072,131072,702,131072,131072,131072,131072,262144,90,65536,131072,131072,131072,131072,74,0,0,0,0,0,0,0,0,0,0,0,0,0,0,0,0,0,0,0,0,0,0,0,0,0,0,0,0,0,0,0,0,0,0,0,0,3,0,33821,29902,48248,0,41,20,0
48050858539700,3406,2048,4096,16384,20248,512,512,1024,3394,4096,8192,8192,2727,4096,8192,16384,679,8192,8192,8192,26,2048,4096,4096,691,512,1024,2048,2743,1024,2048,2048,461,4096,4096,4096,14,2048,65536,262144,31357,1048576,1048576,1048576,40,524288,1048576,1048576,40,524288,524288,524288,40,1024,2048,2048,40,64,8192,32768,40,256,512,1024,4321,256,512,1024,4222,128,512,1024,182232,128,512,1024,24543,128,512,512,3984,256,512,1024,5886,512,1024,1024,1188,256,512,1024,1224,128,512,512,21024,128,512,512,3447,128,512,512,600,128,512,512,225,256,512,1024,234,256,512,512,126,1024,2048,2048,18,1024,1024,1024,15,64,64,64,33,64,128,128,20,64,32768,32768,20,15.84,12.65,3.19,15,26,33,691,69,74,0,262144,262144,262144,262144,524288,13,65536,131072,131072,131072,131072,27,131072,131072,131072,131072,131072,33,65536,131072,131072,131072,262144,686,131072,131072,131072,131072,131072,69,65536,131072,131072,131072,131072,74,0,0,0,0,0,0,0,0,0,0,0,0,0,0,0,0,0,0,0,0,0,0,0,0,0,0,0,0,0,0,0,0,0,0,0,0,8,0,35008,30277,47902,0,40,20,0
48051879644700,3443,2048,4096,16384,20800,512,512,1024,3437,4096,8192,8192,2652,4096,8192,16384,713,8192,16384,16384,35,2048,4096,4096,681,512,1024,2048,2711,1024,2048,2048,437,4096,4096,4096,13,2048,65536,262144,31829,1048576,1048576,2097152,41,524288,1048576,1048576,41,524288,524288,524288,41,1024,2048,2048,41,64,32768,131072,41,256,512,1024,4972,256,512,1024,4639,128,512,1024,187200,128,512,1024,23868,128,512,1024,4020,128,512,1024,6030,512,1024,2048,1373,256,512,1024,1535,128,512,512,22689,128,512,512,3177,128,512,1024,702,128,512,1024,360,256,512,1024,315,256,512,512,117,1024,2048,2048,33,1024,1024,1024,33,64,64,64,66,64,64,128,21,16384,32768,32768,21,16.06,11.35,4.72,33,35,30,681,80,70,0,262144,262144,262144,262144,262144,35,65536,131072,131072,131072,131072,35,65536,131072,131072,131072,131072,30,65536,131072,131072,262144,262144,685,131072,131072,131072,131072,131072,80,65536,131072,131072,131072,131072,70,0,0,0,0,0,0,0,0,0,0,0,0,0,0,0,0,0,0,0,0,0,0,0,0,0,0,0,0,0,0,0,0,0,0,0,0,3,0,34291,30658,49640,0,41,21,0
48052898130100,3472,2048,4096,16384,21868,512,512,1024,2779,4096,8192,8192,2716,4096,8192,16384,697,8192,8192,16384,31,2048,2048,4096,709,512,1024,2048,2738,1024,2048,2048,498,4096,4096,4096,23,1024,65536,262144,32410,1048576,1048576,1048576,41,524288,1048576,1048576,41,524288,524288,524288,41,1024,2048,2048,41,64,16384,32768,41,256,512,1024,4790,256,512,1024,4529,128,512,1024,196812,128,512,1024,24444,128,512,512,3955,128,512,1024,6111,512,1024,1024,1398,256,512,1024,1380,128,512,512,23121,128,512,512,2943,128,512,512,444,128,512,1024,234,256,512,1024,279,256,512,1024,207,1024,2048,2048,31,1024,1024,1024,32,64,128,256,63,64,128,128,20,16384,32768,32768,20,14.58,10.49,4.09,32,31,34,709,83,77,0,262144,262144,262144,262144,262144,32,65536,131072,131072,131072,131072,31,65536,131072,131072,131072,131072,34,65536,131072,131072,262144,262144,712,131072,131072,131072,131072,262144,83,65536,131072,131072,131072,262144,77,0,0,0,0,0,0,0,0,0,0,0,0,0,0,0,0,0,0,0,0,0,0,0,0,0,0,0,0,0,0,0,0,0,0,0,0,0,0,32965,30925,49232,0,41,20,0
48053920023400,3500,2048,4096,16384,20323,512,512,1024,2826,4096,8192,8192,2771,4096,16384,16384,694,8192,8192,16384,26,2048,2048,4096,710,512,1024,4096,2707,1024,2048,2048,486,4096,4096,4096,9,2048,131072,262144,30867,1048576,1048576,2097152,41,524288,1048576,1048576,41,524288,524288,524288,41,1024,2048,2048,41,64,65536,65536,41,256,512,1024,4965,256,512,1024,4713,256,512,1024,182908,256,512,1024,24939,128,512,1024,3967,256,512,1024,6021,512,1024,1024,1392,256,512,1024,1275,128,512,1024,21888,128,512,1024,3699,128,512,512,513,128,512,512,243,256,512,1024,234,256,1024,1024,81,1024,2048,2048,23,1024,1024,1024,25,64,64,128,48,64,128,128,21,16384,32768,32768,21,17.34,12.37,4.97,25,26,44,710,102,89,0,262144,262144,262144,262144,262144,25,65536,131072,131072,131072,262144,26,65536,131072,131072,131072,131072,44,65536,131072,131072,262144,262144,710,131072,131072,262144,262144,262144,102,65536,131072,262144,262144,262144,89,0,0,0,0,0,0,0,0,0,0,0,0,0,0,0,0,0,0,0,0,0,0,0,0,0,0,0,0,0,0,0,0,0,0,0,0,0,0,33531,29905,48845,1,41,21,0
48054939787300,3500,2048,4096,16384,22441,512,512,1024,3528,4096,8192,8192,2787,4096,8192,16384,712,8192,8192,8192,32,2048,2048,4096,726,512,1024,4096,2803,1024,2048,2048,476,4096,4096,4096,17,1024,65536,262144,33909,1048576,1048576,2097152,41,524288,1048576,1048576,41,524288,524288,524288,41,1024,2048,2048,41,64,32768,65536,41,128,512,1024,4696,256,512,1024,4696,128,512,1024,201968,128,512,1024,25083,128,512,512,4082,128,512,1024,6147,512,1024,1024,1292,256,512,1024,1256,128,512,1024,23193,128,512,1024,3366,128,512,512,471,128,512,1024,306,256,512,1024,288,256,512,1024,153,0,0,0,0,0,0,0,0,0,0,0,0,64,128,128,20,64,128,128,20,16.47,11.87,4.60,0,32,50,726,98,91,0,0,0,0,0,0,0,65536,131072,131072,131072,131072,32,65536,131072,131072,131072,131072,50,65536,131072,262144,524288,524288,719,131072,131072,262144,262144,262144,98,65536,131072,131072,131072,262144,91,0,0,0,0,0,0,0,0,0,0,0,0,0,0,0,0,0,0,0,0,0,0,0,0,0,0,0,0,0,0,0,0,0,0,0,0,6,0,32905,32311,49001,0,41,20,0
48055960749000,3500,2048,4096,16384,20319,512,512,1024,3495,4096,8192,8192,2661,4096,8192,16384,737,8192,8192,8192,37,2048,2048,4096,699,512,1024,4096,2683,1024,2048,2048,489,4096,4096,4096,13,2048,65536,262144,31502,1048576,1048576,1048576,40,524288,1048576,1048576,40,524288,524288,524288,40,1024,2048,4096,40,64,16384,32768,41,256,512,1024,4417,256,512,1024,4417,128,512,1024,182871,256,512,1024,23949,128,512,512,4022,256,512,1024,6516,512,1024,1024,1305,256,512,1024,1458,128,512,1024,22761,128,512,512,3240,128,512,512,512,128,512,512,351,128,512,1024,333,256,512,1024,117,0,0,0,0,0,0,0,0,0,0,0,0,64,128,128,21,64,128,128,21,15.68,11.86,3.83,0,37,43,699,84,82,0,0,0,0,0,0,0,65536,131072,131072,131072,131072,37,65536,131072,131072,131072,131072,43,65536,131072,262144,262144,262144,706,131072,131072,131072,131072,262144,83,65536,131072,262144,262144,262144,81,0,0,0,0,0,0,0,0,0,0,0,0,0,0,0,0,0,0,0,0,0,0,0,0,0,0,0,0,0,0,0,0,0,0,0,0,2,0,33821,30441,48883,0,40,21,0
48056983213900,3500,2048,4096,16384,21438,512,512,1024,3488,4096,8192,8192,2885,4096,8192,16384,721,8192,8192,8192,30,2048,4096,4096,734,512,1024,2048,2928,1024,2048,2048,506,4096,4096,4096,12,1024,65536,262144,33041,1048576,2097152,2097152,41,524288,1048576,1048576,41,524288,524288,524288,41,1024,2048,2048,41,64,32768,65536,40,256,512,1024,4629,256,512,1024,4629,128,512,1024,192942,256,512,1024,25965,128,512,1024,4258,256,512,1024,6345,512,1024,1024,1413,256,512,1024,1224,256,512,1024,20412,128,512,1024,3492,128,512,1024,588,128,512,1024,261,256,512,1024,270,256,512,512,108,0,0,0,0,0,0,0,0,0,0,0,0,64,128,128,20,128,128,128,20,16.81,12.48,4.33,0,30,38,734,80,74,0,0,0,0,0,0,0,65536,131072,131072,131072,131072,30,65536,131072,131072,131072,262144,38,65536,131072,262144,262144,262144,725,131072,131072,262144,262144,262144,81,65536,131072,131072,131072,131072,75,0,0,0,0,0,0,0,0,0,0,0,0,0,0,0,0,0,0,0,0,0,0,0,0,0,0,0,0,0,0,0,0,0,0,0,0,9,0,34589,30544,47355,0,41,20,0
48058000366500,3500,2048,4096,16384,21614,512,512,1024,3485,4096,8192,8192,2687,4096,8192,16384,667,8192,8192,16384,30,2048,2048,4096,708,512,1024,4096,2644,1024,2048,2048,420,4096,4096,4096,11,2048,131072,262144,32599,1048576,2097152,2097152,41,524288,1048576,1048576,41,524288,524288,524288,41,1024,2048,2048,41,64,32768,65536,41,256,512,1024,4518,256,512,1024,4518,128,512,1024,194526,128,512,1024,24183,128,512,512,3837,128,512,1024,6057,512,1024,2048,1397,256,512,1024,1406,128,512,1024,24048,128,512,1024,3204,128,512,1024,546,128,512,512,306,128,512,1024,270,256,512,1024,99,0,0,0,0,0,0,0,0,0,0,0,0,64,128,128,20,64,128,128,20,15.75,10.76,4.99,0,30,41,708,83,85,0,0,0,0,0,0,0,65536,131072,131072,131072,131072,30,65536,131072,262144,262144,262144,41,65536,131072,131072,262144,262144,713,131072,131072,131072,131072,262144,83,65536,131072,131072,131072,262144,85,0,0,0,0,0,0,0,0,0,0,0,0,0,0,0,0,0,0,0,0,0,0,0,0,0,0,0,0,0,0,0,0,0,0,0,0,4,0,32477,31063,51200,0,41,20,0
48059021122100,3395,2048,4096,16384,21789,512,512,1024,3437,4096,8192,8192,2695,4096,8192,16384,723,8192,8192,8192,33,2048,4096,4096,713,512,1024,2048,2719,1024,2048,2048,485,4096,4096,4096,11,2048,65536,262144,32962,1048576,1048576,1048576,41,524288,1048576,1048576,41,524288,524288,524288,41,1024,2048,2048,41,64,32768,65536,41,256,512,1024,4695,256,512,1024,5640,128,512,1024,196110,128,512,1024,24255,128,512,512,4095,128,512,1024,6210,512,1024,2048,1341,256,512,1024,1431,128,512,1024,22995,128,512,512,3321,128,512,1024,465,128,512,512,261,256,512,512,297,256,512,1024,99,0,0,0,0,0,0,0,0,0,0,0,0,64,128,128,21,64,128,256,21,17.21,12.37,4.84,0,33,35,713,96,80,105,0,0,0,0,0,0,65536,131072,131072,131072,262144,33,65536,131072,131072,131072,131072,34,65536,131072,131072,262144,524288,710,131072,131072,131072,131072,262144,96,65536,131072,262144,262144,524288,80,131072,262144,262144,262144,524288,105,0,0,0,0,0,0,0,0,0,0,0,0,0,0,0,0,0,0,0,0,0,0,0,0,0,0,0,0,0,0,8,0,32392,31204,50099,445,41,21,0
48060043008900,3395,2048,4096,16384,21615,512,512,1024,3377,4096,8192,8192,2604,4096,8192,16384,705,8192,8192,8192,26,2048,2048,4096,659,512,1024,2048,2592,1024,2048,2048,449,4096,4096,4096,17,1024,65536,262144,32314,1048576,1048576,1048576,41,524288,1048576,1048576,41,524288,524288,524288,41,512,1024,2048,41,64,16384,32768,41,256,512,1024,4204,256,512,1024,4204,128,512,1024,194526,128,512,1024,23436,128,512,512,3865,256,512,1024,5715,512,1024,2048,1436,256,512,1024,1382,128,512,1024,22671,128,512,512,3231,128,512,1024,579,128,512,512,216,256,512,1024,234,256,512,1024,153,0,0,0,0,0,0,0,0,0,0,0,0,64,128,128,20,64,128,128,20,15.29,10.95,4.33,0,26,36,659,91,78,0,0,0,0,0,0,0,65536,131072,131072,131072,262144,26,65536,131072,131072,131072,131072,37,65536,131072,262144,262144,262144,666,131072,131072,131072,131072,131072,91,65536,131072,131072,131072,131072,78,0,0,0,0,0,0,0,0,0,0,0,0,0,0,0,0,0,0,0,0,0,0,0,0,0,0,0,0,0,0,0,0,0,0,0,0,0,0,34611,31009,49449,0,41,20,0
48061061845900,3408,2048,4096,16384,22190,512,512,1024,3387,4096,8192,8192,2820,4096,8192,16384,682,8192,8192,16384,29,2048,2048,4096,709,512,1024,4096,2873,1024,2048,2048,505,4096,4096,4096,14,2048,131072,262144,33520,1048576,1048576,1048576,40,524288,1048576,1048576,40,524288,524288,524288,40,1024,2048,2048,40,64,32768,32768,41,256,512,1024,4282,256,512,1024,4165,128,512,1024,199710,128,512,1024,25380,128,512,1024,4099,128,512,1024,5940,512,1024,1024,1300,256,512,1024,1309,128,512,1024,21687,128,512,1024,3087,128,512,512,498,128,512,1024,288,256,512,1024,261,256,512,512,126,1024,2048,2048,18,1024,1024,1024,15,64,64,64,33,64,64,128,21,128,32768,32768,21,17.39,12.66,4.73,15,29,49,709,97,87,0,262144,262144,262144,262144,262144,15,65536,131072,131072,131072,131072,29,65536,131072,131072,131072,131072,49,65536,131072,262144,262144,262144,709,131072,131072,131072,131072,262144,96,65536,131072,131072,131072,262144,87,0,0,0,0,0,0,0,0,0,0,0,0,0,0,0,0,0,0,0,0,0,0,0,0,0,0,0,0,0,0,0,0,0,0,0,0,1,0,33837,31921,48346,0,40,21,0
48062085318200,3446,2048,4096,16384,20650,512,512,1024,3399,4096,8192,8192,2624,4096,16384,16384,673,8192,8192,16384,32,2048,4096,4096,698,512,1024,4096,2654,1024,2048,2048,450,4096,4096,4096,14,2048,131072,262144,31540,1048576,1048576,1048576,41,524288,1048576,1048576,41,524288,524288,524288,41,1024,2048,2048,41,64,32768,65536,41,256,512,1024,4644,256,512,1024,4302,128,512,1024,185850,128,512,1024,23616,128,512,1024,4081,256,512,1024,6084,512,1024,1024,1464,256,512,1024,1437,128,512,1024,23007,128,512,512,3483,128,512,1024,480,128,512,1024,324,256,512,1024,288,256,512,1024,126,1024,2048,2048,36,1024,1024,1024,37,64,64,128,73,64,64,64,20,16384,65536,65536,20,16.80,12.60,4.20,37,32,50,698,80,85,0,262144,262144,262144,262144,262144,37,65536,131072,131072,131072,131072,32,65536,131072,131072,131072,262144,50,65536,131072,262144,262144,524288,697,131072,131072,131072,131072,131072,81,65536,131072,131072,131072,131072,84,0,0,0,0,0,0,0,0,0,0,0,0,0,0,0,0,0,0,0,0,0,0,0,0,0,0,0,0,0,0,0,0,0,0,0,0,2,0,33806,30340,51229,0,41,20,0
48063103689600,3472,2048,4096,16384,21752,512,512,1024,3337,4096,8192,8192,2689,4096,16384,16384,685,8192,8192,16384,43,2048,4096,4096,677,512,1024,4096,2652,1024,2048,2048,442,4096,4096,4096,15,2048,131072,262144,32658,1048576,1048576,1048576,41,524288,1048576,1048576,41,524288,524288,524288,41,1024,2048,2048,41,64,65536,65536,40,256,512,1024,4820,256,512,1024,4586,256,512,1024,195768,128,512,1024,24201,128,512,1024,3955,256,512,1024,6165,512,1024,1024,1365,256,512,1024,1374,128,512,512,24174,128,512,512,3186,128,512,512,513,128,512,1024,324,256,512,1024,387,256,512,1024,135,1024,2048,2048,27,1024,1024,1024,26,64,128,128,53,64,64,64,20,16384,32768,32768,20,15.86,11.38,4.48,26,43,41,677,86,71,0,262144,262144,524288,524288,524288,25,65536,131072,131072,131072,131072,43,65536,131072,131072,131072,262144,40,65536,131072,262144,262144,262144,678,131072,131072,262144,262144,262144,86,65536,131072,131072,131072,262144,72,0,0,0,0,0,0,0,0,0,0,0,0,0,0,0,0,0,0,0,0,0,0,0,0,0,0,0,0,0,0,0,0,0,0,0,0,1,0,33291,31118,48380,0,41,20,0
48064126742000,3500,2048,4096,16384,20990,512,512,1024,3064,4096,8192,8192,2708,4096,16384,16384,679,8192,16384,16384,32,2048,4096,4096,712,512,1024,4096,2750,1024,2048,2048,501,4096,4096,4096,13,2048,131072,262144,31797,1048576,1048576,2097152,41,524288,1048576,1048576,41,524288,524288,524288,41,1024,2048,2048,41,64,16384,32768,41,256,512,1024,4757,256,512,1024,4505,128,512,1024,188910,128,512,1024,24372,128,512,1024,4108,256,512,1024,6318,512,1024,2048,1302,256,512,1024,1419,128,512,1024,23895,128,512,512,3582,128,512,512,474,128,512,1024,315,256,1024,1024,288,256,512,1024,117,1024,2048,2048,24,1024,1024,1024,27,64,64,64,51,64,128,128,21,16384,32768,32768,21,16.29,12.09,4.20,27,32,45,712,72,69,0,262144,262144,262144,262144,262144,28,65536,131072,131072,131072,131072,32,65536,131072,131072,131072,131072,46,65536,131072,262144,262144,262144,712,131072,131072,262144,262144,262144,72,65536,131072,131072,131072,131072,69,0,0,0,0,0,0,0,0,0,0,0,0,0,0,0,0,0,0,0,0,0,0,0,0,0,0,0,0,0,0,0,0,0,0,0,0,0,0,33656,30464,49192,1,41,21,0
48065144341200,3500,2048,4096,16384,19746,512,512,1024,2996,4096,8192,16384,2800,4096,16384,16384,705,8192,8192,8192,24,2048,2048,4096,719,512,1024,2048,2810,1024,2048,2048,457,4096,8192,8192,17,1024,65536,262144,30595,1048576,1048576,2097152,41,524288,1048576,1048576,41,524288,524288,524288,41,1024,1024,2048,41,64,32768,65536,41,256,512,1024,4916,256,512,1024,4916,128,512,1024,177714,256,512,1024,25200,128,512,1024,4219,256,512,1024,6183,512,1024,1024,1407,256,512,1024,1443,128,512,1024,22518,128,512,512,3798,128,512,1024,411,256,512,512,288,256,512,1024,216,256,512,1024,153,0,0,0,0,0,0,0,0,0,0,0,0,64,128,128,20,128,128,128,20,15.35,11.51,3.84,0,24,33,719,90,80,0,0,0,0,0,0,0,65536,131072,131072,131072,131072,24,65536,131072,131072,131072,131072,33,65536,131072,262144,262144,262144,719,131072,131072,262144,262144,524288,90,65536,131072,131072,131072,131072,80,0,0,0,0,0,0,0,0,0,0,0,0,0,0,0,0,0,0,0,0,0,0,0,0,0,0,0,0,0,0,0,0,0,0,0,0,0,0,34443,29439,49098,0,41,20,0
48066168016000,3500,2048,4096,16384,21201,512,512,1024,3304,4096,8192,8192,2762,4096,16384,16384,710,8192,8192,8192,28,2048,2048,4096,688,512,1024,2048,2745,1024,2048,4096,463,4096,4096,4096,13,2048,65536,262144,32217,1048576,1048576,2097152,41,524288,1048576,1048576,41,524288,524288,524288,41,1024,2048,2048,41,64,2048,32768,41,256,512,1024,4463,256,512,1024,4463,128,512,1024,190809,256,512,1024,24858,128,512,1024,4142,256,512,1024,6183,512,1024,2048,1386,256,512,1024,1359,128,512,1024,23220,128,512,1024,3492,128,512,1024,597,128,512,512,279,256,512,1024,252,256,512,512,117,0,0,0,0,0,0,0,0,0,0,0,0,64,128,128,21,128,128,128,21,15.52,11.96,3.56,0,28,36,688,90,89,0,0,0,0,0,0,0,131072,131072,131072,131072,131072,28,65536,131072,131072,131072,131072,36,65536,131072,262144,262144,262144,688,131072,131072,131072,131072,262144,90,65536,131072,131072,131072,131072,89,0,0,0,0,0,0,0,0,0,0,0,0,0,0,0,0,0,0,0,0,0,0,0,0,0,0,0,0,0,0,0,0,0,0,0,0,0,0,33904,30913,50694,0,41,21,0
48067186101900,3500,2048,4096,16384,22517,512,512,1024,3551,4096,8192,8192,2833,4096,8192,16384,745,8192,8192,8192,45,2048,2048,4096,759,512,1024,2048,2779,1024,2048,2048,482,4096,4096,4096,14,1024,65536,262144,34064,1048576,1048576,2097152,40,524288,1048576,1048576,40,524288,524288,524288,40,1024,2048,2048,40,64,32768,65536,41,128,512,1024,4535,256,512,1024,4535,256,512,1024,202653,128,512,1024,25497,128,512,1024,4456,128,512,1024,6552,512,1024,1024,1226,256,512,1024,1352,128,512,1024,23013,128,512,1024,3168,128,512,512,450,128,512,512,369,256,512,512,405,256,512,512,126,0,0,0,0,0,0,0,0,0,0,0,0,64,128,128,20,64,128,128,20,14.32,10.49,3.84,0,45,31,759,94,78,0,0,0,0,0,0,0,65536,131072,262144,262144,262144,45,65536,131072,131072,131072,131072,31,65536,131072,262144,524288,524288,759,131072,131072,262144,262144,524288,94,65536,131072,131072,131072,262144,78,0,0,0,0,0,0,0,0,0,0,0,0,0,0,0,0,0,0,0,0,0,0,0,0,0,0,0,0,0,0,0,0,0,0,0,0,0,0,33575,31898,48878,0,40,20,0
48068208362800,3500,2048,4096,16384,21316,512,512,1024,3420,4096,8192,8192,2727,4096,8192,16384,715,8192,8192,16384,30,2048,4096,4096,703,512,1024,2048,2788,1024,2048,2048,494,4096,8192,8192,15,1024,65536,262144,32512,1048576,1048576,2097152,41,524288,1048576,1048576,41,524288,524288,524288,41,1024,2048,2048,41,64,32768,32768,40,256,512,1024,4797,256,512,1024,4797,128,512,1024,191844,128,512,1024,24543,128,512,512,3793,256,512,1024,6534,512,1024,1024,1343,256,512,1024,1280,128,512,1024,21654,128,512,512,3708,128,512,1024,558,128,512,512,297,256,512,1024,270,256,512,1024,135,0,0,0,0,0,0,0,0,0,0,0,0,64,128,128,20,64,256,256,20,15.16,11.46,3.69,0,30,40,703,78,77,0,0,0,0,0,0,0,65536,131072,131072,131072,262144,30,65536,131072,131072,131072,131072,40,65536,131072,262144,262144,262144,703,131072,131072,131072,131072,131072,78,65536,131072,131072,131072,131072,77,0,0,0,0,0,0,0,0,0,0,0,0,0,0,0,0,0,0,0,0,0,0,0,0,0,0,0,0,0,0,0,0,0,0,0,0,0,0,34033,31273,48287,0,41,20,0
48069227933500,3395,2048,4096,16384,21301,512,512,1024,3423,4096,8192,8192,2730,4096,8192,16384,646,8192,8192,16384,30,2048,2048,4096,670,512,1024,2048,2711,1024,2048,2048,485,4096,4096,4096,15,2048,65536,262144,32340,1048576,1048576,2097152,41,524288,1048576,1048576,41,524288,524288,524288,41,1024,1024,2048,41,64,32768,65536,41,256,512,1024,4851,256,512,1024,5796,128,512,1024,191709,128,512,1024,24570,128,512,512,3582,128,512,1024,5697,512,1024,1024,1377,256,512,1024,1323,128,512,1024,22824,128,512,512,3303,128,512,512,614,128,512,512,252,128,512,1024,270,256,512,1024,135,0,0,0,0,0,0,0,0,0,0,0,0,64,64,128,21,64,128,128,21,17.12,11.75,5.37,0,30,31,670,74,68,105,0,0,0,0,0,0,65536,131072,131072,131072,131072,30,65536,131072,131072,131072,262144,31,65536,131072,262144,524288,524288,669,131072,131072,131072,131072,131072,74,65536,131072,131072,131072,131072,68,131072,262144,262144,262144,262144,105,0,0,0,0,0,0,0,0,0,0,0,0,0,0,0,0,0,0,0,0,0,0,0,0,0,0,0,0,0,0,0,0,33357,30915,50855,0,41,21,0
48070250549400,3395,2048,4096,16384,20642,512,512,1024,3382,4096,8192,8192,2663,4096,16384,16384,709,8192,8192,8192,31,2048,2048,4096,712,512,1024,1024,2726,1024,2048,2048,438,4096,4096,4096,13,1024,65536,262144,31633,1048576,1048576,1048576,41,524288,1048576,1048576,41,524288,524288,524288,41,1024,2048,2048,41,64,8192,32768,41,256,512,1024,4086,256,512,1024,4086,128,512,1024,185778,128,512,1024,23967,128,512,512,3876,128,512,1024,6300,512,1024,1024,1356,256,512,1024,1392,128,512,1024,23589,128,512,512,3348,128,512,512,723,128,512,512,288,128,512,1024,279,256,512,512,117,0,0,0,0,0,0,0,0,0,0,0,0,64,64,64,20,64,128,128,20,16.54,11.58,4.96,0,31,25,712,70,94,0,0,0,0,0,0,0,65536,131072,131072,131072,262144,31,65536,131072,131072,131072,131072,25,65536,131072,262144,262144,524288,713,131072,131072,131072,131072,262144,70,65536,131072,131072,131072,131072,94,0,0,0,0,0,0,0,0,0,0,0,0,0,0,0,0,0,0,0,0,0,0,0,0,0,0,0,0,0,0,0,0,0,0,0,0,0,0,34897,30365,51912,0,41,20,0
48071268098000,3417,2048,4096,16384,21211,512,512,1024,3391,4096,8192,8192,2700,4096,8192,16384,714,8192,8192,8192,28,2048,4096,4096,656,512,1024,4096,2700,1024,2048,2048,467,4096,4096,4096,11,2048,65536,262144,32196,1048576,1048576,1048576,41,524288,1048576,1048576,41,524288,524288,524288,41,1024,2048,2048,41,64,65536,65536,41,128,512,1024,4702,256,512,1024,4504,128,512,1024,190899,128,512,1024,24300,128,512,512,3881,128,512,1024,6120,512,1024,1024,1340,256,512,1024,1367,128,512,512,23373,128,512,512,3258,128,512,512,582,128,512,512,270,128,512,512,252,256,512,512,99,2048,2048,2048,24,1024,1024,1024,22,64,64,64,46,64,64,128,21,128,32768,32768,21,16.00,12.16,3.84,22,28,36,656,88,68,0,262144,262144,262144,262144,262144,22,65536,131072,131072,131072,131072,28,131072,262144,262144,262144,262144,36,65536,131072,131072,262144,262144,647,131072,131072,131072,131072,262144,88,65536,131072,131072,131072,131072,68,0,0,0,0,0,0,0,0,0,0,0,0,0,0,0,0,0,0,0,0,0,0,0,0,0,0,0,0,0,0,0,0,0,0,0,0,9,0,33393,30917,47119,0,41,21,0
48072291379000,3451,2048,4096,16384,21200,512,512,1024,3412,4096,8192,8192,2685,4096,8192,16384,702,8192,8192,16384,26,2048,4096,4096,716,512,1024,4096,2698,1024,2048,2048,436,4096,4096,4096,15,2048,131072,262144,32189,1048576,1048576,2097152,41,524288,1048576,1048576,41,524288,524288,524288,41,1024,2048,2048,41,64,32768,32768,41,256,512,1024,5085,256,512,1024,4779,128,512,1024,190800,128,512,1024,24165,128,512,512,4016,256,512,1024,5985,512,1024,1024,1409,256,512,1024,1265,128,512,512,22770,128,512,512,3474,128,512,512,591,128,512,512,216,256,1024,1024,234,256,512,1024,135,1024,2048,2048,35,1024,1024,1024,35,64,64,128,70,64,128,128,20,16384,65536,65536,20,15.91,11.33,4.58,35,26,40,716,76,95,0,262144,262144,524288,524288,1048576,34,131072,131072,131072,131072,131072,26,65536,131072,131072,131072,262144,39,65536,131072,131072,262144,524288,711,131072,131072,131072,131072,131072,76,65536,131072,131072,131072,131072,95,0,0,0,0,0,0,0,0,0,0,0,0,0,0,0,0,0,0,0,0,0,0,0,0,0,0,0,0,0,0,0,0,0,0,0,0,16,0,33520,31068,48686,0,41,20,0
48073312996300,3484,2048,4096,16384,20424,512,512,1024,3444,4096,8192,8192,2620,4096,16384,16384,658,8192,8192,8192,33,2048,2048,4096,696,512,1024,2048,2671,1024,2048,2048,482,4096,4096,4096,16,2048,131072,262144,31356,1048576,1048576,1048576,41,524288,1048576,1048576,41,524288,524288,524288,41,2048,2048,2048,41,64,65536,65536,41,256,512,1024,4753,256,512,1024,4456,256,512,1024,183825,256,512,1024,23580,128,512,1024,3899,256,512,1024,5697,512,1024,1024,1425,256,512,1024,1497,128,512,1024,23643,128,512,512,3411,256,512,1024,626,128,512,1024,360,256,512,1024,297,256,512,512,144,1024,2048,2048,35,1024,1024,1024,35,64,64,64,70,64,128,128,21,16384,32768,65536,21,16.18,11.59,4.59,35,33,28,696,81,79,0,262144,262144,262144,262144,262144,33,65536,131072,131072,131072,131072,33,65536,131072,131072,131072,131072,29,65536,131072,131072,262144,262144,708,131072,131072,131072,131072,131072,81,65536,131072,131072,131072,262144,79,0,0,0,0,0,0,0,0,0,0,0,0,0,0,0,0,0,0,0,0,0,0,0,0,0,0,0,0,0,0,0,0,0,0,0,0,4,0,33961,30211,49794,0,41,21,0
48074331413300,3500,2048,4096,16384,21444,512,512,1024,3480,4096,8192,8192,2794,4096,8192,16384,717,8192,8192,8192,35,2048,2048,4096,719,512,1024,2048,2778,1024,2048,2048,444,4096,4096,4096,10,2048,131072,262144,32808,1048576,1048576,2097152,40,1048576,1048576,1048576,40,524288,524288,524288,40,1024,2048,2048,40,64,65536,65536,40,256,512,1024,4722,256,512,1024,4578,256,512,1024,192987,256,512,1024,25146,128,512,512,4212,256,512,1024,6471,512,1024,1024,1392,256,512,1024,1329,128,512,1024,22554,128,512,1024,3438,128,512,1024,519,128,512,512,198,256,512,1024,315,256,512,1024,90,2048,2048,2048,11,1024,1024,1024,13,64,64,64,24,64,128,128,20,64,32768,32768,20,17.01,12.66,4.35,13,35,25,719,61,91,0,262144,262144,262144,262144,262144,16,65536,131072,262144,262144,262144,35,65536,131072,131072,131072,131072,25,65536,131072,262144,262144,524288,720,131072,131072,131072,131072,131072,61,65536,131072,131072,131072,131072,91,0,0,0,0,0,0,0,0,0,0,0,0,0,0,0,0,0,0,0,0,0,0,0,0,0,0,0,0,0,0,0,0,0,0,0,0,1,0,33666,31281,50701,0,40,20,0
48075350212200,3500,2048,4096,16384,19769,512,512,1024,3472,4096,8192,8192,2674,4096,8192,16384,684,8192,8192,8192,23,2048,2048,4096,650,512,1024,2048,2643,1024,2048,2048,464,4096,4096,4096,8,2048,65536,262144,30672,1048576,1048576,1048576,41,524288,1048576,1048576,41,524288,524288,524288,41,1024,1024,1024,41,64,32768,65536,41,256,512,1024,4623,256,512,1024,4623,256,512,1024,177921,256,512,1024,24066,128,512,1024,3760,256,512,1024,5895,512,1024,1024,1262,256,512,1024,1172,128,512,1024,23958,128,512,512,3690,128,512,512,417,128,512,512,189,256,512,1024,207,256,512,1024,72,0,0,0,0,0,0,0,0,0,0,0,0,64,128,128,20,64,128,128,20,15.97,12.01,3.96,0,23,34,650,71,82,0,0,0,0,0,0,0,65536,131072,131072,131072,131072,23,65536,131072,131072,131072,131072,34,65536,131072,262144,262144,524288,651,131072,131072,131072,131072,262144,71,65536,131072,131072,131072,262144,82,0,0,0,0,0,0,0,0,0,0,0,0,0,0,0,0,0,0,0,0,0,0,0,0,0,0,0,0,0,0,0,0,0,0,0,0,0,0,34744,29628,49060,0,41,20,0
48076372775500,3500,2048,4096,16384,20938,512,512,1024,3484,4096,8192,8192,2861,4096,16384,16384,709,8192,8192,16384,27,2048,4096,4096,750,512,1024,1024,2832,1024,2048,2048,514,4096,4096,4096,22,2048,65536,262144,32446,1048576,1048576,1048576,41,524288,1048576,1048576,41,524288,524288,524288,41,1024,2048,2048,41,64,8192,32768,41,256,512,1024,4898,256,512,1024,4898,256,512,1024,188442,256,512,1024,25749,128,512,512,4206,256,512,1024,6012,512,1024,2048,1480,256,512,1024,1408,128,512,1024,22995,128,512,512,3762,128,512,1024,654,256,512,1024,297,256,512,1024,243,256,512,512,198,0,0,0,0,0,0,0,0,0,0,0,0,64,128,128,21,64,128,128,21,15.67,11.21,4.46,0,27,20,750,87,83,0,0,0,0,0,0,0,65536,131072,131072,131072,131072,27,65536,131072,131072,131072,131072,20,65536,131072,131072,262144,2097152,750,65536,131072,131072,131072,131072,87,65536,131072,131072,131072,131072,83,0,0,0,0,0,0,0,0,0,0,0,0,0,0,0,0,0,0,0,0,0,0,0,0,0,0,0,0,0,0,0,0,0,0,0,0,0,0,33606,31155,49722,0,41,21,0
48077391928400,3500,2048,4096,16384,22190,512,512,1024,3460,4096,8192,8192,2651,4096,8192,16384,681,8192,8192,8192,34,2048,2048,4096,713,512,1024,2048,2689,1024,2048,2048,504,4096,4096,4096,11,2048,131072,262144,33318,1048576,1048576,2097152,41,524288,1048576,1048576,41,524288,524288,524288,41,1024,2048,2048,41,64,32768,65536,41,256,512,1024,4537,256,512,1024,4537,256,512,1024,199710,128,512,1024,23859,128,512,512,3748,256,512,1024,6003,512,1024,1024,1497,256,512,1024,1344,128,512,1024,23814,128,512,512,3384,128,512,1024,567,128,512,512,234,256,512,512,306,256,1024,1024,99,0,0,0,0,0,0,0,0,0,0,0,0,64,128,128,20,128,128,128,20,17.37,12.52,4.85,0,34,29,713,84,90,0,0,0,0,0,0,0,131072,131072,131072,131072,131072,34,65536,131072,131072,131072,131072,29,65536,131072,262144,262144,8388608,713,131072,131072,262144,262144,262144,84,65536,131072,262144,262144,262144,90,0,0,0,0,0,0,0,0,0,0,0,0,0,0,0,0,0,0,0,0,0,0,0,0,0,0,0,0,0,0,0,0,0,0,0,0,0,0,34080,31678,49950,0,41,20,0
48078415892300,3500,2048,4096,16384,22022,512,512,1024,3493,4096,8192,8192,2783,4096,8192,16384,735,8192,8192,8192,30,2048,4096,4096,705,512,1024,2048,2787,1024,2048,2048,461,4096,4096,4096,15,2048,65536,262144,33385,1048576,1048576,1048576,41,524288,1048576,1048576,41,524288,524288,524288,41,1024,2048,2048,41,64,32768,65536,41,256,512,1024,4978,256,512,1024,4978,128,512,1024,198198,128,512,1024,25047,128,512,512,4184,128,512,1024,6516,512,1024,1024,1427,256,512,1024,1427,128,512,512,23625,128,512,512,3447,128,512,512,423,128,512,1024,333,256,512,1024,270,256,512,512,135,0,0,0,0,0,0,0,0,0,0,0,0,64,128,128,21,64,128,128,21,16.41,12.59,3.82,0,30,30,705,65,89,0,0,0,0,0,0,0,65536,131072,131072,131072,131072,30,65536,131072,131072,131072,131072,30,65536,131072,262144,262144,524288,705,131072,131072,131072,131072,262144,65,65536,131072,131072,131072,262144,89,0,0,0,0,0,0,0,0,0,0,0,0,0,0,0,0,0,0,0,0,0,0,0,0,0,0,0,0,0,0,0,0,0,0,0,0,0,0,34137,32141,49261,0,41,21,0
48079434749900,3395,2048,4096,16384,21185,512,512,1024,3403,4096,8192,16384,2714,4096,8192,16384,699,8192,8192,8192,29,2048,2048,4096,692,512,1024,2048,2761,1024,2048,2048,444,4096,4096,4096,12,2048,131072,262144,32296,1048576,1048576,1048576,40,524288,1048576,1048576,40,524288,524288,524288,40,1024,2048,2048,40,64,128,65536,40,256,512,1024,4298,256,512,1024,5243,128,512,1024,190665,128,512,1024,24426,128,512,512,3948,128,512,1024,6138,512,1024,1024,1242,256,512,1024,1260,128,512,512,22500,128,512,512,3825,128,512,512,447,128,512,512,225,256,512,512,261,256,512,512,108,0,0,0,0,0,0,0,0,0,0,0,0,64,128,128,20,64,128,128,20,15.46,11.11,4.34,0,29,31,692,71,89,105,0,0,0,0,0,0,65536,131072,131072,131072,262144,29,65536,131072,131072,131072,131072,31,65536,131072,262144,262144,262144,687,131072,131072,262144,262144,262144,71,65536,131072,131072,131072,262144,89,131072,262144,262144,262144,262144,105,0,0,0,0,0,0,0,0,0,0,0,0,0,0,0,0,0,0,0,0,0,0,0,0,0,0,0,0,0,0,4,0,33014,30990,47873,0,40,20,0
48080456716500,3395,2048,4096,16384,21503,512,512,1024,3386,4096,8192,8192,2816,4096,16384,16384,694,8192,8192,16384,34,2048,2048,4096,709,512,1024,2048,2767,1024,2048,2048,474,4096,4096,8192,21,2048,131072,262144,32798,1048576,1048576,1048576,41,524288,1048576,1048576,41,524288,524288,524288,41,1024,2048,2048,41,64,32768,65536,41,128,512,1024,4537,256,512,1024,4537,128,512,1024,193527,128,512,1024,25344,128,512,512,4023,128,512,1024,6147,512,1024,1024,1278,256,512,1024,1377,128,512,512,22680,128,512,512,2988,128,512,512,705,128,512,1024,306,256,512,1024,306,256,512,1024,189,0,0,0,0,0,0,0,0,0,0,0,0,64,128,128,20,64,128,128,20,15.81,11.35,4.46,0,34,30,709,69,87,0,0,0,0,0,0,0,65536,131072,131072,131072,131072,34,65536,131072,131072,131072,131072,30,65536,131072,131072,262144,262144,702,131072,131072,131072,131072,131072,69,65536,131072,131072,131072,131072,87,0,0,0,0,0,0,0,0,0,0,0,0,0,0,0,0,0,0,0,0,0,0,0,0,0,0,0,0,0,0,0,0,0,0,0,0,11,0,32217,30378,46977,857,41,20,0
48081477732600,3421,2048,4096,16384,21645,512,512,1024,3379,4096,8192,8192,2624,4096,8192,16384,641,8192,8192,8192,27,2048,2048,4096,661,512,1024,4096,2614,1024,2048,2048,430,4096,4096,4096,12,2048,65536,262144,32359,1048576,1048576,2097152,41,524288,1048576,1048576,41,524288,524288,524288,41,1024,2048,2048,41,128,32768,32768,41,256,512,1024,4585,256,512,1024,4351,128,512,1024,194814,128,512,1024,23616,128,512,512,3394,128,512,1024,5598,512,1024,1024,1317,256,512,1024,1281,128,512,512,23499,128,512,512,3285,128,512,512,486,128,512,512,261,256,512,1024,243,256,512,1024,108,1024,2048,2048,31,1024,1024,1024,28,64,64,128,59,64,64,128,21,16384,32768,65536,21,15.94,12.11,3.82,28,27,23,661,91,87,0,262144,262144,262144,262144,262144,26,65536,131072,131072,131072,131072,27,65536,131072,131072,131072,131072,23,65536,131072,131072,131072,4194304,669,65536,131072,131072,131072,131072,91,65536,131072,131072,131072,131072,87,0,0,0,0,0,0,0,0,0,0,0,0,0,0,0,0,0,0,0,0,0,0,0,0,0,0,0,0,0,0,0,0,0,0,0,0,5,0,32958,30868,49717,0,41,21,0
48082498722200,3450,2048,4096,16384,21441,512,512,1024,3418,4096,8192,8192,2662,4096,8192,16384,735,8192,8192,8192,32,2048,2048,4096,705,512,1024,4096,2687,1024,2048,2048,462,4096,4096,4096,19,2048,65536,262144,32520,1048576,1048576,2097152,41,524288,1048576,1048576,41,524288,524288,524288,41,1024,2048,2048,41,64,32768,65536,41,256,512,1024,4737,256,512,1024,4476,128,512,1024,192960,128,512,1024,23961,128,512,512,4301,256,512,1024,6228,512,1024,1024,1251,256,512,1024,1269,128,512,1024,22932,128,512,512,3330,128,512,512,531,128,512,512,261,256,512,1024,288,256,512,1024,171,1024,2048,2048,28,1024,1024,1024,28,64,64,128,56,64,128,128,20,16384,65536,65536,20,16.45,12.62,3.83,28,32,35,705,63,89,0,262144,262144,262144,262144,524288,29,65536,131072,131072,131072,131072,32,65536,131072,131072,131072,131072,35,65536,131072,131072,131072,262144,700,131072,131072,131072,131072,131072,63,65536,131072,131072,131072,131072,89,0,0,0,0,0,0,0,0,0,0,0,0,0,0,0,0,0,0,0,0,0,0,0,0,0,0,0,0,0,0,0,0,0,0,0,0,9,0,33898,31336,49527,0,41,20,0
48083515478500,3483,2048,4096,16384,20529,512,512,1024,3425,4096,8192,8192,2729,4096,8192,16384,676,8192,8192,8192,20,2048,2048,4096,746,512,1024,1024,2773,1024,2048,2048,506,4096,4096,4096,9,2048,131072,262144,31758,1048576,1048576,2097152,41,524288,1048576,1048576,41,524288,524288,524288,41,1024,2048,2048,41,64,32768,32768,41,256,512,1024,5010,256,512,1024,4713,256,512,1024,184761,256,512,1024,24558,128,512,512,4021,256,512,1024,6111,512,1024,2048,1449,256,512,1024,1188,128,512,1024,24030,128,512,1024,3357,128,512,512,555,128,512,1024,198,128,512,1024,180,256,1024,1024,81,1024,2048,2048,34,1024,1024,1024,34,64,64,128,68,64,64,64,21,16384,32768,65536,21,16.91,13.33,3.59,34,20,22,746,69,77,0,262144,262144,262144,262144,262144,34,65536,131072,131072,131072,131072,20,65536,131072,131072,131072,131072,21,65536,131072,131072,262144,262144,749,131072,131072,131072,131072,262144,69,65536,131072,131072,131072,131072,77,0,0,0,0,0,0,0,0,0,0,0,0,0,0,0,0,0,0,0,0,0,0,0,0,0,0,0,0,0,0,0,0,0,0,0,0,7,0,33078,30470,49438,0,41,21,0
48084539925400,3500,2048,4096,16384,21535,512,512,1024,3450,4096,8192,8192,2748,4096,16384,16384,705,8192,16384,32768,27,2048,2048,4096,684,512,1024,2048,2730,1024,2048,2048,474,4096,4096,4096,14,512,65536,262144,32725,1048576,1048576,1048576,41,524288,1048576,1048576,41,524288,524288,524288,41,1024,2048,2048,41,64,1024,16384,41,256,512,1024,4643,256,512,1024,4490,256,512,1024,193815,256,512,1024,24732,128,512,1024,4045,256,512,1024,6219,512,1024,1024,1311,256,512,1024,1437,128,512,1024,23445,128,512,1024,3276,128,512,512,684,128,512,512,297,256,512,512,243,256,512,1024,126,1024,2048,2048,12,512,1024,1024,15,64,64,64,27,64,128,128,20,128,32768,32768,20,16.89,12.95,3.94,15,27,21,684,83,75,0,262144,262144,262144,262144,262144,16,65536,131072,131072,131072,131072,27,65536,131072,131072,131072,131072,22,65536,131072,131072,262144,262144,690,131072,131072,131072,131072,262144,83,65536,131072,131072,131072,131072,75,0,0,0,0,0,0,0,0,0,0,0,0,0,0,0,0,0,0,0,0,0,0,0,0,0,0,0,0,0,0,0,0,0,0,0,0,0,0,33390,31186,49044,0,41,20,0
48085557814900,3500,2048,4096,16384,21819,512,512,1024,3424,4096,8192,8192,2807,4096,8192,16384,682,8192,8192,8192,33,2048,4096,4096,714,512,1024,1024,2807,1024,2048,2048,484,4096,4096,4096,14,1024,65536,262144,33175,1048576,2097152,2097152,40,524288,1048576,1048576,40,524288,524288,524288,40,1024,2048,2048,40,64,32768,65536,40,256,512,1024,4379,256,512,1024,4379,256,512,1024,196371,256,512,1024,25263,128,512,512,3941,256,512,1024,6093,512,1024,1024,1209,256,512,1024,1335,128,512,1024,23013,128,512,512,3339,128,512,1024,468,128,512,512,252,256,512,1024,297,256,512,512,126,0,0,0,0,0,0,0,0,0,0,0,0,64,128,128,20,64,128,128,20,15.36,11.78,3.58,0,33,11,714,76,80,0,0,0,0,0,0,0,65536,131072,131072,131072,131072,33,65536,131072,131072,131072,131072,11,65536,131072,131072,131072,524288,713,131072,131072,131072,131072,131072,76,65536,131072,131072,131072,131072,80,0,0,0,0,0,0,0,0,0,0,0,0,0,0,0,0,0,0,0,0,0,0,0,0,0,0,0,0,0,0,0,0,0,0,0,0,0,0,33737,31555,49704,0,40,20,0
48086579799600,3500,2048,4096,16384,22301,512,512,1024,3493,4096,8192,8192,2744,4096,16384,16384,754,8192,8192,8192,31,2048,2048,4096,731,512,1024,1024,2766,1024,2048,2048,479,4096,4096,4096,10,2048,65536,262144,33695,1048576,1048576,2097152,41,524288,1048576,1048576,41,524288,524288,524288,41,1024,2048,2048,41,64,2048,8192,41,256,512,1024,4648,256,512,1024,4648,128,512,1024,200709,128,512,1024,24696,128,512,512,4385,256,512,1024,6660,512,1024,1024,1479,256,512,1024,1452,128,512,512,24102,128,512,512,3339,128,512,1024,471,128,512,512,288,256,512,1024,279,256,512,512,90,0,0,0,0,0,0,0,0,0,0,0,0,64,128,128,21,64,64,128,21,16.30,12.23,4.08,0,31,17,731,90,81,0,0,0,0,0,0,0,65536,131072,131072,131072,131072,31,65536,131072,131072,131072,131072,17,65536,131072,131072,262144,262144,732,131072,131072,131072,131072,131072,90,65536,131072,131072,131072,131072,81,0,0,0,0,0,0,0,0,0,0,0,0,0,0,0,0,0,0,0,0,0,0,0,0,0,0,0,0,0,0,0,0,0,0,0,0,0,0,33366,31930,48376,0,41,21,0
48087597863700,3500,2048,4096,16384,21594,512,512,1024,3528,4096,8192,8192,2733,4096,8192,16384,680,8192,16384,16384,32,2048,2048,4096,677,512,1024,1024,2750,1024,2048,2048,457,4096,4096,4096,14,2048,65536,262144,32815,1048576,1048576,2097152,41,524288,1048576,1048576,41,524288,524288,524288,41,1024,2048,2048,41,64,16384,16384,41,256,512,1024,4545,256,512,1024,4545,256,512,1024,194346,256,512,1024,24597,128,512,512,3501,256,512,1024,6021,512,1024,2048,1278,256,512,1024,1368,128,512,1024,23949,128,512,1024,3420,128,512,1024,495,128,512,512,252,256,1024,1024,288,256,512,1024,126,0,0,0,0,0,0,0,0,0,0,0,0,64,128,128,20,64,128,128,20,15.22,11.13,4.09,0,32,13,677,80,65,0,0,0,0,0,0,0,65536,131072,131072,131072,131072,32,65536,131072,131072,131072,131072,13,65536,131072,131072,131072,131072,677,65536,131072,131072,131072,262144,80,65536,131072,131072,131072,131072,65,0,0,0,0,0,0,0,0,0,0,0,0,0,0,0,0,0,0,0,0,0,0,0,0,0,0,0,0,0,0,0,0,0,0,0,0,0,0,33733,31392,50190,0,41,20,0
48088620968400,3500,2048,4096,16384,22897,512,512,1024,3540,4096,8192,8192,2798,4096,8192,16384,728,8192,8192,8192,30,2048,2048,4096,744,512,1024,1024,2809,1024,2048,2048,472,4096,4096,4096,10,2048,65536,262144,34393,1048576,1048576,1048576,41,524288,1048576,1048576,41,524288,524288,524288,41,1024,2048,2048,41,64,16384,32768,41,256,512,1024,4901,256,512,1024,4901,128,512,1024,206073,128,512,1024,25182,128,512,512,3915,256,512,1024,6210,512,1024,1024,1374,256,512,512,1365,128,512,512,23796,128,512,512,3267,128,512,512,516,128,512,512,225,128,512,1024,270,256,512,1024,90,0,0,0,0,0,0,0,0,0,0,0,0,64,128,128,21,64,128,128,21,15.91,11.97,3.95,0,30,10,744,95,87,0,0,0,0,0,0,0,65536,131072,131072,131072,131072,30,131072,131072,131072,131072,131072,10,65536,131072,131072,131072,131072,727,131072,131072,131072,131072,131072,95,65536,131072,131072,131072,131072,87,0,0,0,0,0,0,0,0,0,0,0,0,0,0,0,0,0,0,0,0,0,0,0,0,0,0,0,0,0,0,0,0,0,0,0,0,17,0,34920,32814,49689,0,41,21,0
48089640161700,3395,2048,4096,16384,19754,512,512,1024,3322,4096,8192,8192,2665,4096,8192,16384,675,8192,8192,8192,31,2048,4096,4096,682,512,1024,1024,2642,1024,2048,2048,468,4096,4096,4096,12,1024,65536,262144,30601,1048576,1048576,1048576,41,524288,1048576,1048576,41,524288,524288,524288,41,1024,2048,2048,41,64,4096,8192,41,256,512,1024,4352,256,512,1024,5297,128,512,1024,177786,128,512,1024,23985,128,512,512,3895,128,512,1024,5922,512,1024,1024,1425,256,512,1024,1569,128,512,512,23967,128,512,512,3321,128,512,512,531,128,512,512,414,128,512,1024,279,256,512,1024,108,0,0,0,0,0,0,0,0,0,0,0,0,64,128,128,20,64,128,128,20,15.84,11.11,4.73,0,31,10,682,75,74,105,0,0,0,0,0,0,131072,131072,131072,131072,131072,31,65536,131072,131072,131072,131072,10,65536,131072,131072,131072,262144,698,65536,131072,131072,131072,131072,75,65536,131072,131072,131072,131072,74,131072,262144,262144,262144,524288,105,0,0,0,0,0,0,0,0,0,0,0,0,0,0,0,0,0,0,0,0,0,0,0,0,0,0,0,0,0,0,1,0,34345,29556,49295,0,41,20,0
48090661219000,3395,2048,4096,16384,20126,512,512,1024,3400,4096,8192,8192,2624,4096,8192,16384,687,8192,8192,8192,36,2048,2048,4096,672,512,1024,1024,2655,1024,2048,2048,459,4096,4096,4096,9,1024,65536,262144,31049,1048576,1048576,1048576,40,524288,1048576,1048576,40,524288,524288,524288,40,1024,2048,2048,40,64,32768,32768,41,256,512,1024,4672,256,512,1024,4672,128,512,1024,181134,128,512,1024,23616,128,512,512,3865,128,512,1024,5643,512,1024,1024,1447,256,512,1024,1402,128,512,512,20862,128,512,512,3465,128,512,512,645,128,512,512,216,256,512,512,324,256,512,512,81,0,0,0,0,0,0,0,0,0,0,0,0,64,128,128,21,64,128,128,21,14.92,11.35,3.57,0,36,10,672,83,76,0,0,0,0,0,0,0,65536,131072,131072,131072,131072,36,131072,131072,131072,131072,131072,10,65536,131072,131072,131072,262144,672,131072,131072,131072,131072,131072,81,65536,131072,131072,131072,131072,75,0,0,0,0,0,0,0,0,0,0,0,0,0,0,0,0,0,0,0,0,0,0,0,0,0,0,0,0,0,0,0,0,0,0,0,0,4,0,33868,29830,48234,0,40,21,0
48091681020000,3428,2048,4096,16384,21296,512,512,1024,3380,4096,8192,16384,2749,4096,8192,16384,703,8192,8192,8192,27,2048,2048,4096,692,512,1024,1024,2737,1024,2048,2048,470,4096,4096,4096,16,2048,131072,262144,32444,1048576,1048576,1048576,41,524288,1048576,1048576,41,524288,524288,524288,41,512,2048,2048,41,64,32768,32768,40,256,512,1024,4994,256,512,1024,4697,128,512,1024,191664,128,512,1024,24741,128,512,1024,3861,256,512,1024,6066,512,1024,1024,1299,256,512,1024,1326,128,512,512,22626,128,512,512,3132,128,512,512,657,128,512,512,216,256,512,1024,243,256,512,512,144,1024,2048,2048,34,1024,1024,2048,33,64,64,256,67,64,128,128,20,16384,32768,32768,20,17.61,11.36,6.25,33,27,17,692,80,84,0,262144,262144,262144,262144,262144,33,65536,131072,131072,131072,131072,27,65536,131072,131072,131072,131072,17,65536,131072,131072,131072,131072,691,131072,131072,131072,131072,131072,82,65536,131072,131072,131072,131072,85,0,0,0,0,0,0,0,0,0,0,0,0,0,0,0,0,0,0,0,0,0,0,0,0,0,0,0,0,0,0,0,0,0,0,0,0,2,0,34120,31150,47401,0,41,20,0
48092701238900,3468,2048,4096,16384,21554,512,512,1024,3457,4096,8192,8192,2640,4096,8192,16384,647,8192,8192,8192,27,2048,4096,4096,668,512,1024,1024,2631,1024,2048,2048,463,4096,4096,4096,10,1024,65536,262144,32457,1048576,1048576,2097152,41,524288,1048576,1048576,41,524288,524288,524288,41,1024,2048,2048,41,64,32768,65536,41,256,512,1024,4879,256,512,1024,4519,128,512,1024,193986,128,512,1024,23760,128,512,512,3719,256,512,1024,5715,512,1024,1024,1284,256,512,1024,1338,128,512,512,22491,128,512,512,3267,128,512,512,501,128,512,1024,288,256,512,1024,243,256,1024,1024,90,1024,2048,2048,43,1024,1024,8192,40,64,64,2048,83,64,64,64,20,16384,65536,65536,20,17.86,13.27,4.59,40,27,10,668,84,84,0,262144,262144,262144,262144,262144,40,65536,131072,131072,131072,131072,27,65536,131072,131072,131072,131072,10,65536,131072,131072,262144,262144,669,131072,131072,131072,131072,262144,84,65536,131072,131072,131072,262144,84,0,0,0,0,0,0,0,0,0,0,0,0,0,0,0,0,0,0,0,0,0,0,0,0,0,0,0,0,0,0,0,0,0,0,0,0,1,0,32768,31150,48556,0,41,20,0
48093720685900,3497,2048,4096,16384,21097,512,512,1024,3346,4096,8192,8192,2729,4096,8192,16384,716,8192,8192,8192,26,2048,2048,4096,726,512,1024,1024,2812,1024,2048,2048,465,4096,4096,4096,10,2048,65536,262144,32275,1048576,1048576,2097152,41,1048576,1048576,1048576,41,524288,524288,524288,41,1024,2048,2048,41,64,2048,32768,41,256,512,1024,4760,256,512,1024,4499,256,512,1024,189873,128,512,1024,24561,128,512,1024,3991,256,512,1024,6021,512,1024,2048,1298,256,512,1024,1361,128,512,1024,22653,128,512,1024,3240,128,512,1024,596,128,512,1024,189,128,512,1024,234,256,512,1024,90,1024,2048,2048,27,1024,1024,1024,29,64,64,128,56,64,128,128,21,16384,32768,32768,21,15.46,11.24,4.22,29,26,19,726,107,83,0,262144,262144,262144,262144,262144,29,65536,131072,131072,131072,131072,26,65536,131072,131072,131072,131072,19,65536,131072,131072,262144,8388608,722,131072,131072,131072,131072,262144,107,65536,131072,131072,131072,131072,83,0,0,0,0,0,0,0,0,0,0,0,0,0,0,0,0,0,0,0,0,0,0,0,0,0,0,0,0,0,0,0,0,0,0,0,0,5,0,33768,30937,50075,1,41,21,0
48094743312000,3500,2048,4096,16384,20150,512,512,1024,3472,4096,8192,8192,2847,4096,8192,16384,713,8192,8192,8192,22,2048,4096,4096,744,512,1024,1024,2807,1024,2048,2048,461,4096,4096,4096,13,2048,65536,262144,31567,1048576,1048576,1048576,41,524288,1048576,1048576,41,524288,524288,524288,41,1024,2048,2048,41,64,65536,65536,41,256,512,1024,4556,256,512,1024,4529,256,512,1024,181354,256,512,1024,25623,128,512,1024,3857,256,512,1024,6219,512,1024,2048,1424,256,512,1024,1370,128,512,1024,22725,128,512,1024,3420,128,512,512,516,128,512,1024,288,256,512,1024,198,256,512,512,117,0,0,0,1,1024,1024,1024,3,64,64,64,4,64,64,64,20,64,16384,16384,20,15.54,10.95,4.59,3,22,23,744,95,86,0,262144,262144,262144,262144,262144,3,131072,131072,131072,131072,131072,22,65536,131072,131072,131072,131072,23,65536,131072,131072,262144,262144,748,65536,131072,262144,262144,262144,95,65536,131072,131072,131072,131072,86,0,0,0,0,0,0,0,0,0,0,0,0,0,0,0,0,0,0,0,0,0,0,0,0,0,0,0,0,0,0,0,0,0,0,0,0,1,0,33894,30152,47520,0,41,20,0
48095761678200,3500,4096,4096,16384,21001,512,512,1024,3385,4096,8192,8192,2704,4096,8192,16384,740,8192,8192,8192,35,2048,2048,4096,698,512,1024,1024,2721,1024,2048,2048,468,4096,4096,4096,22,2048,131072,262144,32119,1048576,1048576,2097152,40,524288,1048576,1048576,40,524288,524288,524288,40,1024,2048,2048,40,64,32768,32768,41,256,512,1024,4284,256,512,1024,4284,256,512,1024,189005,256,512,1024,24336,128,512,1024,4065,256,512,1024,6282,512,1024,2048,1350,256,512,1024,1407,128,512,1024,22239,128,512,1024,3123,128,512,512,429,128,512,512,297,256,512,1024,315,256,512,512,198,0,0,0,0,0,0,0,0,0,0,0,0,64,128,128,21,64,128,128,21,17.90,12.53,5.37,0,35,17,698,82,67,0,0,0,0,0,0,0,65536,131072,131072,131072,131072,35,65536,131072,131072,131072,262144,17,65536,131072,131072,262144,262144,699,131072,131072,262144,262144,262144,81,65536,131072,131072,131072,131072,67,0,0,0,0,0,0,0,0,0,0,0,0,0,0,0,0,0,0,0,0,0,0,0,0,0,0,0,0,0,0,0,0,0,0,0,0,0,0,33121,30461,50510,0,40,21,0
48096783902600,3500,2048,4096,16384,23126,256,512,1024,3482,4096,8192,8192,2734,4096,8192,16384,681,8192,8192,8192,28,2048,4096,4096,704,512,1024,2048,2726,1024,2048,2048,498,4096,4096,4096,10,2048,65536,262144,34305,1048576,1048576,1048576,41,524288,1048576,1048576,41,524288,524288,524288,41,1024,2048,2048,41,64,32768,65536,40,128,512,1024,4268,256,512,1024,4268,128,512,1024,208134,128,512,1024,24606,128,512,1024,3842,128,512,1024,5751,512,1024,1024,1332,256,512,1024,1338,128,512,1024,23490,128,512,512,3177,128,512,1024,390,128,512,1024,243,256,512,1024,252,256,1024,1024,90,0,0,0,0,0,0,0,0,0,0,0,0,64,128,128,20,64,128,128,20,16.68,12.48,4.20,0,28,28,704,88,74,0,0,0,0,0,0,0,65536,131072,131072,131072,131072,28,65536,131072,131072,131072,131072,28,65536,131072,131072,262144,262144,701,65536,131072,131072,131072,262144,89,65536,131072,131072,131072,131072,74,0,0,0,0,0,0,0,0,0,0,0,0,0,0,0,0,0,0,0,0,0,0,0,0,0,0,0,0,0,0,0,0,0,0,0,0,3,0,33762,32358,50578,0,41,20,0
48097802645000,3500,2048,4096,16384,20863,512,512,1024,3502,4096,8192,8192,2840,4096,8192,16384,703,8192,8192,8192,32,2048,2048,4096,691,512,1024,2048,2811,1024,2048,2048,489,4096,8192,8192,18,1024,65536,262144,32284,1048576,2097152,2097152,41,1048576,1048576,1048576,41,524288,524288,524288,41,1024,2048,2048,41,64,32768,65536,41,256,512,1024,4476,256,512,1024,4476,128,512,1024,187767,128,512,1024,25560,128,512,1024,4168,128,512,1024,5850,512,1024,1024,1425,256,512,1024,1542,128,512,1024,23814,128,512,512,3411,128,512,512,522,128,512,512,243,256,512,1024,288,256,512,1024,162,0,0,0,0,0,0,0,0,0,0,0,0,64,128,128,20,64,128,128,20,16.87,12.53,4.35,0,32,23,691,77,79,0,0,0,0,0,0,0,65536,131072,131072,131072,131072,32,65536,131072,131072,131072,131072,23,65536,131072,131072,262144,262144,694,131072,131072,131072,131072,262144,77,65536,131072,131072,131072,131072,79,0,0,0,0,0,0,0,0,0,0,0,0,0,0,0,0,0,0,0,0,0,0,0,0,0,0,0,0,0,0,0,0,0,0,0,0,0,0,34077,30951,47995,0,41,20,0
48098825195900,3395,2048,4096,16384,21619,512,512,1024,3454,4096,8192,8192,2661,4096,8192,16384,735,8192,8192,8192,36,2048,2048,4096,721,512,1024,4096,2716,1024,2048,2048,486,4096,4096,4096,14,1024,131072,524288,32820,1048576,1048576,1048576,41,524288,1048576,1048576,41,524288,524288,524288,41,1024,2048,2048,41,64,32768,65536,41,256,512,1024,4872,256,512,1024,5817,128,512,1024,194571,128,512,1024,23949,128,512,512,3992,256,512,1024,6336,512,1024,1024,1302,256,512,1024,1419,128,512,512,20826,128,512,512,3231,128,512,1024,537,128,512,512,324,256,512,1024,324,256,1024,1024,126,0,0,0,0,0,0,0,0,0,0,0,0,64,64,128,21,64,128,256,21,15.29,11.34,3.95,0,36,34,721,83,80,105,0,0,0,0,0,0,65536,131072,131072,131072,131072,36,65536,131072,131072,131072,131072,33,65536,131072,131072,131072,262144,697,131072,131072,131072,131072,262144,78,65536,131072,131072,131072,262144,74,131072,262144,262144,262144,262144,105,0,0,0,0,0,0,0,0,0,0,0,0,0,0,0,0,0,0,0,0,0,0,0,0,0,0,0,0,0,0,35,0,33487,31425,50783,0,41,21,0
48099845275100,3395,2048,4096,16384,21925,512,512,1024,3388,4096,8192,8192,2770,4096,8192,16384,696,8192,8192,8192,23,2048,2048,4096,712,512,1024,2048,2776,1024,2048,2048,445,4096,8192,8192,14,2048,131072,262144,33042,1048576,1048576,1048576,41,524288,1048576,1048576,41,524288,524288,524288,41,1024,2048,2048,41,64,16384,65536,41,128,512,1024,4466,256,512,1024,4466,128,512,1024,197325,128,512,1024,24930,128,512,512,3978,128,512,1024,5670,512,1024,1024,1649,256,512,512,1451,128,512,512,23580,128,512,512,3132,128,512,512,567,128,512,512,225,128,512,512,207,256,512,1024,126,0,0,0,0,0,0,0,0,0,0,0,0,64,128,128,20,64,128,128,20,15.57,12.00,3.57,0,23,37,712,77,79,0,0,0,0,0,0,0,65536,131072,131072,131072,131072,23,65536,131072,131072,131072,131072,38,65536,131072,131072,131072,262144,736,131072,131072,131072,131072,131072,82,65536,131072,131072,131072,131072,85,0,0,0,0,0,0,0,0,0,0,0,0,0,0,0,0,0,0,0,0,0,0,0,0,0,0,0,0,0,0,0,0,0,0,0,0,0,0,34206,31296,48931,0,41,20,0
48100866174100,3395,2048,4096,16384,21173,512,512,1024,3350,4096,8192,8192,2645,4096,8192,16384,637,8192,8192,8192,28,2048,2048,4096,666,512,1024,4096,2652,1024,2048,2048,426,4096,4096,4096,11,2048,65536,262144,31917,1048576,1048576,1048576,41,524288,1048576,1048576,41,524288,524288,524288,41,1024,2048,2048,41,64,8192,32768,41,256,512,1024,4438,256,512,1024,4438,128,512,1024,190557,128,512,1024,23805,128,512,512,3323,128,512,1024,5472,512,1024,1024,1421,256,512,512,1331,128,512,512,23139,128,512,512,3393,128,512,512,579,256,512,512,216,256,512,1024,252,256,512,1024,99,0,0,0,1,0,0,0,0,0,0,0,1,64,128,128,21,64,128,128,21,15.56,11.73,3.83,0,28,54,666,82,89,0,0,0,0,0,0,0,65536,131072,131072,131072,131072,28,65536,131072,131072,131072,131072,54,65536,131072,131072,262144,262144,666,131072,131072,131072,131072,131072,82,65536,131072,131072,131072,131072,89,0,0,0,0,0,0,0,0,0,0,0,0,0,0,0,0,0,0,0,0,0,0,0,0,0,0,0,0,0,0,0,0,0,0,0,0,0,0,33314,30582,50169,0,41,21,0
48101885206500,3425,2048,4096,16384,22275,512,512,1024,3398,4096,8192,8192,2704,4096,8192,16384,686,8192,8192,16384,28,2048,2048,4096,721,512,1024,4096,2673,1024,2048,2048,455,4096,4096,4096,8,1024,65536,262144,33304,1048576,1048576,1048576,40,524288,1048576,1048576,40,524288,524288,524288,40,1024,2048,2048,40,64,32768,65536,41,256,512,1024,4622,256,512,1024,4352,128,512,1024,200475,128,512,1024,24336,128,512,512,3887,128,512,1024,5679,512,1024,1024,1282,256,512,1024,1318,128,512,512,23094,128,512,512,3015,128,512,512,540,128,512,512,306,256,512,1024,252,256,512,1024,72,1024,2048,2048,32,1024,1024,1024,30,64,128,128,62,64,128,128,20,16384,65536,65536,20,16.60,12.52,4.09,30,28,37,721,77,74,0,262144,262144,262144,262144,262144,30,131072,131072,131072,131072,131072,28,65536,131072,131072,131072,131072,37,65536,131072,131072,262144,262144,713,65536,131072,131072,131072,131072,77,65536,131072,131072,131072,131072,74,0,0,0,0,0,0,0,0,0,0,0,0,0,0,0,0,0,0,0,0,0,0,0,0,0,0,0,0,0,0,0,0,0,0,0,0,7,0,33130,31510,50998,0,40,20,0
48102909014500,3457,2048,4096,16384,21343,512,512,1024,3368,4096,8192,8192,2729,4096,16384,16384,729,8192,8192,32768,31,2048,4096,4096,665,512,1024,4096,2740,1024,2048,2048,471,4096,4096,4096,11,1024,65536,262144,32477,1048576,1048576,1048576,41,524288,1048576,1048576,41,524288,524288,524288,41,1024,2048,2048,41,64,65536,65536,40,256,512,1024,4517,256,512,1024,4229,128,512,1024,192087,128,512,1024,24561,128,512,512,4119,256,512,1024,6219,512,1024,1024,1389,256,512,1024,1515,128,512,1024,24003,128,512,512,3537,128,512,1024,366,128,512,512,315,256,512,1024,279,256,512,1024,99,1024,2048,2048,33,1024,1024,1024,34,64,64,64,67,64,64,64,20,16384,32768,32768,20,16.15,11.83,4.32,34,31,41,665,83,75,0,262144,262144,262144,262144,262144,34,65536,131072,131072,131072,131072,31,65536,131072,131072,131072,131072,41,65536,131072,131072,262144,262144,673,131072,131072,131072,131072,262144,83,65536,131072,131072,131072,131072,75,0,0,0,0,0,0,0,0,0,0,0,0,0,0,0,0,0,0,0,0,0,0,0,0,0,0,0,0,0,0,0,0,0,0,0,0,0,0,34978,31292,50444,0,41,20,0
48103926365200,3490,2048,8192,16384,20193,512,512,1024,3413,4096,8192,16384,2683,4096,16384,16384,662,8192,8192,16384,32,2048,4096,4096,705,512,1024,4096,2710,1024,2048,2048,465,4096,4096,4096,11,1024,131072,262144,31225,1048576,1048576,2097152,41,524288,1048576,1048576,41,524288,524288,524288,41,2048,2048,2048,41,64,32768,65536,41,256,512,1024,5097,256,512,1024,4800,128,512,1024,181737,256,512,1024,24147,128,512,1024,3801,256,512,1024,5652,512,1024,2048,1383,256,512,1024,1248,128,512,1024,23562,128,512,1024,3492,256,512,1024,588,128,512,512,234,256,512,1024,288,256,512,1024,99,1024,2048,2048,33,1024,1024,1024,32,64,64,128,65,64,64,128,21,16384,65536,65536,21,17.92,13.06,4.86,32,32,41,705,85,80,0,262144,262144,262144,262144,262144,32,65536,131072,131072,131072,131072,32,65536,131072,131072,131072,131072,41,65536,131072,131072,262144,524288,704,131072,131072,131072,131072,131072,85,65536,131072,131072,131072,131072,80,0,0,0,0,0,0,0,0,0,0,0,0,0,0,0,0,0,0,0,0,0,0,0,0,0,0,0,0,0,0,0,0,0,0,0,0,1,0,33537,29846,48064,1,41,21,0
48104947828400,3500,2048,4096,16384,20879,512,512,1024,3444,4096,8192,8192,2746,4096,8192,16384,727,8192,8192,16384,36,2048,4096,4096,730,512,1024,4096,2762,1024,2048,2048,503,4096,4096,4096,7,2048,65536,262144,32205,1048576,1048576,2097152,41,524288,1048576,1048576,41,524288,524288,524288,41,2048,2048,2048,41,64,32768,65536,41,256,512,1024,4665,256,512,1024,4575,256,512,1024,187911,256,512,1024,24714,128,512,512,4298,256,512,1024,6174,512,1024,2048,1335,256,512,1024,1443,128,512,1024,22275,128,512,1024,3357,128,512,1024,675,128,512,512,369,128,1024,1024,324,256,512,1024,63,1024,1024,1024,6,1024,1024,1024,9,64,128,128,15,64,128,128,20,64,32768,32768,20,15.42,11.09,4.33,9,36,49,730,90,73,0,262144,262144,262144,262144,262144,9,65536,131072,131072,131072,131072,36,65536,131072,131072,131072,131072,48,65536,131072,131072,262144,262144,731,131072,131072,131072,131072,131072,90,65536,131072,131072,131072,262144,73,0,0,0,0,0,0,0,0,0,0,0,0,0,0,0,0,0,0,0,0,0,0,0,0,0,0,0,0,0,0,0,0,0,0,0,0,1,0,33951,31082,48035,1,41,20,0
48105967613200,3500,2048,4096,16384,20319,512,512,1024,3361,4096,8192,8192,2795,4096,8192,16384,705,8192,16384,16384,32,2048,2048,4096,720,512,1024,4096,2772,1024,2048,2048,503,4096,4096,4096,10,2048,131072,262144,31568,1048576,1048576,1048576,41,524288,1048576,1048576,41,524288,524288,524288,41,1024,2048,2048,41,64,8192,65536,41,256,512,1024,4692,256,512,1024,4692,256,512,1024,182871,256,512,1024,25155,128,512,1024,4276,256,512,1024,5913,512,1024,1024,1394,256,512,1024,1412,128,512,1024,21960,128,512,1024,3564,128,512,512,591,128,512,512,252,256,512,1024,288,256,512,1024,90,0,0,0,0,0,0,0,0,0,0,0,0,64,128,128,21,64,128,128,21,15.57,12.12,3.45,0,32,54,720,91,86,0,0,0,0,0,0,0,65536,131072,131072,131072,131072,32,65536,131072,131072,131072,131072,55,65536,131072,131072,131072,262144,719,65536,131072,131072,131072,131072,91,65536,131072,131072,131072,131072,86,0,0,0,0,0,0,0,0,0,0,0,0,0,0,0,0,0,0,0,0,0,0,0,0,0,0,0,0,0,0,0,0,0,0,0,0,1,0,33650,30348,49461,0,41,21,0
48106988981300,3500,2048,4096,16384,21672,512,512,1024,3451,4096,8192,16384,2773,4096,8192,32768,747,8192,32768,32768,38,2048,2048,4096,703,512,1024,4096,2768,1024,2048,2048,465,4096,4096,4096,15,2048,131072,262144,33027,1048576,1048576,1048576,41,524288,1048576,1048576,41,524288,524288,524288,41,1024,2048,2048,41,64,32768,32768,41,256,512,1024,4803,256,512,1024,4803,256,512,1024,195048,128,512,1024,24957,128,512,512,4195,128,512,1024,6381,512,1024,1024,1341,256,512,1024,1305,128,512,1024,22716,128,512,512,3123,128,512,1024,498,128,512,512,306,256,512,512,342,256,512,1024,135,0,0,0,0,0,0,0,0,0,0,0,0,64,64,64,20,64,128,128,20,16.32,11.22,5.10,0,38,49,703,89,75,0,0,0,0,0,0,0,65536,131072,131072,131072,262144,38,65536,131072,131072,131072,131072,49,65536,131072,131072,262144,262144,701,131072,131072,131072,131072,131072,84,65536,131072,131072,131072,262144,73,0,0,0,0,0,0,0,0,0,0,0,0,0,0,0,0,0,0,0,0,0,0,0,0,0,0,0,0,0,0,0,0,0,0,0,0,9,0,33867,31517,50269,0,41,20,0
48108008737200,3500,2048,4096,16384,22115,512,512,1024,3392,4096,8192,8192,2666,4096,8192,16384,659,8192,8192,8192,24,2048,2048,4096,705,512,1024,4096,2717,1024,2048,2048,438,4096,4096,4096,16,2048,65536,262144,33070,1048576,1048576,1048576,40,524288,1048576,1048576,40,524288,524288,524288,40,1024,2048,2048,40,64,32768,65536,40,256,512,1024,4655,256,512,1024,4655,128,512,1024,199035,128,512,1024,23994,128,512,512,3858,128,512,1024,5697,512,1024,1024,1389,256,512,512,1308,128,512,512,22275,128,512,512,3276,128,512,512,531,128,512,512,243,256,512,512,216,256,512,1024,144,0,0,0,0,0,0,0,0,0,0,0,0,64,128,128,20,64,128,128,20,15.58,11.87,3.70,0,24,44,705,86,75,0,0,0,0,0,0,0,65536,131072,131072,131072,131072,24,65536,131072,131072,131072,131072,44,65536,131072,131072,262144,8388608,704,131072,131072,131072,131072,262144,91,65536,131072,131072,131072,131072,77,0,0,0,0,0,0,0,0,0,0,0,0,0,0,0,0,0,0,0,0,0,0,0,0,0,0,0,0,0,0,0,0,0,0,0,0,4,0,34245,31735,50078,0,40,20,0
48109030332000,3395,2048,4096,16384,22001,512,512,1024,3457,4096,8192,8192,2758,4096,8192,16384,699,8192,8192,8192,34,2048,2048,4096,681,512,1024,4096,2783,1024,2048,2048,484,4096,4096,4096,15,2048,65536,262144,33278,1048576,1048576,1048576,41,524288,1048576,1048576,41,524288,524288,524288,41,1024,2048,2048,41,64,32768,65536,41,256,512,1024,4479,256,512,1024,5424,128,512,1024,198009,128,512,1024,24822,128,512,512,4085,256,512,1024,5499,512,1024,1024,1440,256,512,512,1341,128,512,512,23931,128,512,1024,3573,128,512,512,504,128,512,1024,297,256,512,1024,306,256,512,1024,135,0,0,0,0,0,0,0,0,0,0,0,0,64,128,128,21,64,128,128,21,16.32,12.37,3.95,0,34,55,681,92,79,105,0,0,0,0,0,0,65536,131072,131072,131072,131072,34,65536,131072,131072,131072,131072,55,65536,131072,131072,262144,262144,685,131072,131072,131072,131072,131072,92,65536,131072,131072,131072,131072,79,131072,262144,262144,262144,524288,105,0,0,0,0,0,0,0,0,0,0,0,0,0,0,0,0,0,0,0,0,0,0,0,0,0,0,0,0,0,0,0,0,34093,31702,51546,0,41,21,0
48110050536000,3395,2048,4096,16384,21843,256,512,1024,3379,4096,8192,8192,2725,4096,8192,16384,693,8192,8192,8192,34,2048,2048,4096,701,512,1024,4096,2678,1024,2048,2048,460,4096,4096,4096,16,2048,65536,262144,32907,1048576,1048576,1048576,41,524288,1048576,1048576,41,524288,524288,524288,41,1024,2048,2048,41,64,8192,32768,41,128,512,1024,4491,256,512,1024,4491,128,512,1024,196587,128,512,1024,24525,128,512,1024,3929,128,512,1024,5931,512,1024,1024,1176,256,512,1024,1311,128,512,512,24021,128,512,512,3537,128,512,512,486,128,512,512,315,256,512,1024,306,256,512,1024,144,0,0,0,0,0,0,0,0,0,0,0,0,64,64,64,20,64,128,128,20,17.23,12.51,4.72,0,34,46,701,69,79,0,0,0,0,0,0,0,65536,131072,131072,131072,131072,34,65536,131072,131072,131072,262144,46,65536,131072,131072,524288,524288,701,131072,131072,131072,131072,131072,69,65536,131072,131072,131072,131072,79,0,0,0,0,0,0,0,0,0,0,0,0,0,0,0,0,0,0,0,0,0,0,0,0,0,0,0,0,0,0,0,0,0,0,0,0,0,0,34092,31400,48986,0,41,20,0
48111072229500,3406,2048,4096,16384,21894,512,512,1024,3375,4096,8192,8192,2675,4096,8192,16384,749,8192,8192,8192,33,2048,2048,4096,702,512,1024,4096,2671,1024,2048,2048,484,4096,4096,4096,13,2048,131072,262144,32980,1048576,1048576,1048576,41,524288,1048576,1048576,41,524288,524288,524288,41,1024,2048,2048,41,64,256,2048,41,256,512,1024,4413,256,512,1024,4314,128,512,1024,197046,128,512,1024,24075,128,512,512,4405,128,512,1024,6264,512,1024,1024,1431,256,512,1024,1467,128,512,512,22473,128,512,512,3276,128,512,512,570,128,512,512,243,256,512,1024,297,256,512,1024,117,1024,2048,2048,14,1024,1024,1024,11,64,64,64,25,64,128,128,21,64,16384,32768,21,15.79,11.85,3.95,11,33,45,702,79,80,0,262144,262144,262144,262144,262144,11,65536,131072,131072,131072,131072,33,65536,131072,131072,131072,131072,45,65536,131072,131072,262144,262144,696,131072,131072,131072,131072,131072,79,65536,131072,131072,131072,131072,80,0,0,0,0,0,0,0,0,0,0,0,0,0,0,0,0,0,0,0,0,0,0,0,0,0,0,0,0,0,0,0,0,0,0,0,0,5,0,34373,31645,48931,0,41,21,0
48112091300900,3442,2048,4096,16384,21349,256,512,1024,3388,4096,8192,8192,2687,4096,8192,16384,634,8192,8192,16384,31,2048,2048,4096,699,512,1024,2048,2737,1024,2048,2048,482,4096,4096,4096,12,1024,65536,262144,32394,1048576,1048576,1048576,41,524288,1048576,1048576,41,524288,524288,524288,41,1024,2048,2048,41,64,128,16384,41,128,512,1024,4528,256,512,1024,4204,128,512,1024,192141,128,512,1024,24183,128,512,512,3689,128,512,1024,5202,512,1024,1024,1323,256,512,1024,1314,128,512,512,23670,128,512,512,3285,128,512,512,516,128,512,512,288,256,512,1024,279,256,512,1024,108,1024,2048,2048,37,1024,1024,2048,36,64,64,64,73,64,128,128,20,16384,65536,65536,20,15.22,11.38,3.84,36,31,40,699,83,89,0,262144,262144,262144,262144,524288,36,65536,131072,131072,131072,131072,31,65536,131072,131072,131072,262144,40,65536,131072,131072,262144,262144,700,131072,131072,131072,131072,131072,80,65536,131072,131072,131072,131072,89,0,0,0,0,0,0,0,0,0,0,0,0,0,0,0,0,0,0,0,0,0,0,0,0,0,0,0,0,0,0,0,0,0,0,0,0,8,0,33238,30928,49516,0,41,20,0
48113112525100,3472,2048,4096,16384,20974,512,512,1024,3433,4096,8192,8192,2606,4096,8192,16384,639,8192,8192,8192,22,2048,4096,4096,693,512,1024,4096,2609,1024,2048,2048,414,4096,4096,4096,23,2048,65536,262144,31751,1048576,1048576,2097152,41,524288,1048576,1048576,41,524288,524288,524288,41,1024,2048,2048,41,64,65536,65536,41,256,512,1024,4532,256,512,1024,4262,256,512,1024,188774,256,512,1024,23454,128,512,512,3658,256,512,1024,5454,512,1024,1024,1401,256,512,1024,1266,128,512,1024,23760,128,512,1024,3051,128,512,1024,564,128,512,1024,216,256,512,1024,198,256,512,1024,207,2048,2048,2048,30,1024,1024,1024,32,64,64,128,62,64,128,128,21,16384,32768,32768,21,15.56,11.86,3.70,32,22,32,693,76,82,0,262144,262144,262144,262144,524288,30,65536,131072,131072,131072,131072,22,65536,131072,262144,262144,262144,32,65536,131072,131072,262144,262144,698,131072,131072,262144,262144,524288,77,65536,131072,131072,131072,131072,79,0,0,0,0,0,0,0,0,0,0,0,0,0,0,0,0,0,0,0,0,0,0,0,0,0,0,0,0,0,0,0,0,0,0,0,0,6,0,33681,30509,49365,1,41,21,0
48114131669900,3500,2048,4096,16384,19600,512,512,1024,3450,4096,8192,8192,2761,4096,8192,16384,783,8192,8192,8192,36,2048,2048,4096,683,512,1024,4096,2757,1024,2048,2048,490,4096,4096,4096,9,1024,65536,262144,30933,1048576,1048576,1048576,40,524288,1048576,1048576,40,524288,524288,524288,40,1024,2048,2048,40,64,32768,32768,40,256,512,1024,4906,256,512,1024,4654,128,512,1024,176392,256,512,1024,24849,128,512,1024,4386,256,512,1024,6264,512,1024,2048,1354,256,512,1024,1408,128,512,1024,19728,128,512,1024,3690,128,512,1024,453,128,512,1024,315,256,512,1024,324,256,512,512,81,1024,2048,2048,24,1024,1024,1024,26,64,64,64,50,64,128,128,20,128,65536,65536,20,17.37,12.26,5.11,26,36,42,683,74,93,0,262144,262144,262144,262144,262144,28,65536,131072,131072,131072,131072,36,65536,131072,131072,131072,131072,42,65536,131072,131072,262144,262144,677,131072,131072,262144,262144,262144,76,65536,131072,131072,131072,131072,96,0,0,0,0,0,0,0,0,0,0,0,0,0,0,0,0,0,0,0,0,0,0,0,0,0,0,0,0,0,0,0,0,0,0,0,0,6,0,33645,29705,50457,1,40,20,0
48115153020300,3500,2048,4096,16384,20441,512,512,1024,3214,4096,8192,8192,2781,4096,16384,16384,677,8192,8192,8192,41,2048,2048,4096,741,512,1024,4096,2796,1024,2048,2048,478,4096,4096,8192,22,2048,131072,262144,31564,1048576,1048576,2097152,41,524288,1048576,1048576,41,524288,524288,524288,41,2048,2048,2048,41,64,16384,32768,41,256,512,1024,5095,256,512,1024,5095,256,512,1024,183969,256,512,1024,25029,128,512,512,3979,256,512,1024,5742,512,1024,1024,1374,256,512,1024,1311,128,512,1024,23391,128,512,1024,3438,128,512,1024,477,256,512,1024,369,256,512,1024,369,256,1024,1024,198,0,0,0,0,0,0,0,0,0,0,0,0,64,64,64,20,64,128,128,20,14.41,10.71,3.70,0,41,38,741,65,87,0,0,0,0,0,0,0,65536,131072,131072,131072,131072,41,65536,131072,131072,131072,131072,38,65536,131072,131072,262144,1048576,747,131072,131072,131072,131072,131072,65,65536,131072,131072,131072,262144,87,0,0,0,0,0,0,0,0,0,0,0,0,0,0,0,0,0,0,0,0,0,0,0,0,0,0,0,0,0,0,0,0,0,0,0,0,0,0,33363,30041,47983,0,41,20,0
48116172149500,3500,2048,4096,16384,21675,512,512,1024,2545,4096,8192,16384,2765,4096,8192,16384,684,8192,8192,8192,30,2048,2048,4096,698,512,1024,4096,2696,1024,2048,2048,459,4096,8192,8192,7,2048,131072,262144,31885,1048576,1048576,2097152,41,524288,1048576,1048576,41,524288,524288,524288,41,2048,2048,2048,41,64,16384,131072,41,256,512,1024,4653,256,512,1024,4653,128,512,1024,195075,128,512,1024,24885,128,512,512,4032,256,512,1024,5751,512,1024,1024,1449,256,512,1024,1449,128,512,1024,22860,128,512,512,3456,128,512,1024,546,128,512,512,306,256,512,1024,270,256,1024,1024,63,0,0,0,0,0,0,0,0,0,0,0,0,64,128,128,21,64,128,128,21,17.25,13.54,3.70,0,30,34,698,93,86,0,0,0,0,0,0,0,65536,131072,131072,131072,131072,30,65536,131072,131072,131072,4194304,34,65536,131072,131072,262144,262144,698,131072,131072,262144,262144,262144,93,65536,131072,131072,131072,131072,86,0,0,0,0,0,0,0,0,0,0,0,0,0,0,0,0,0,0,0,0,0,0,0,0,0,0,0,0,0,0,0,0,0,0,0,0,0,0,33496,30577,51771,0,41,21,0
48117195524500,3500,2048,4096,16384,22109,512,512,1024,3213,4096,8192,8192,2815,4096,8192,16384,715,8192,8192,8192,35,2048,2048,4096,746,512,1024,2048,2836,1024,2048,2048,494,4096,4096,4096,7,1024,65536,262144,33359,1048576,2097152,2097152,41,524288,1048576,1048576,41,524288,524288,524288,41,1024,2048,2048,41,64,32768,65536,41,256,512,1024,4542,256,512,1024,4542,256,512,1024,198988,128,512,1024,25335,128,512,512,3986,256,512,1024,5994,512,1024,1024,1281,256,512,1024,1281,128,512,512,23787,128,512,512,3411,128,512,512,627,256,512,1024,279,256,512,1024,315,256,512,512,63,0,0,0,0,0,0,0,0,0,0,0,0,64,64,64,20,64,128,128,20,16.54,12.22,4.33,0,35,30,746,79,71,0,0,0,0,0,0,0,65536,131072,131072,131072,131072,35,65536,131072,131072,131072,131072,30,65536,131072,131072,262144,262144,746,131072,131072,131072,131072,131072,79,65536,131072,131072,131072,131072,71,0,0,0,0,0,0,0,0,0,0,0,0,0,0,0,0,0,0,0,0,0,0,0,0,0,0,0,0,0,0,0,0,0,0,0,0,0,0,34077,31678,49010,0,41,20,0
48118212558600,3500,2048,4096,16384,21415,512,512,1024,3217,4096,8192,8192,2762,4096,8192,16384,742,8192,8192,8192,33,2048,4096,4096,665,512,1024,4096,2797,1024,2048,2048,438,4096,4096,4096,9,4096,131072,262144,32470,1048576,1048576,1048576,40,524288,1048576,1048576,40,524288,524288,524288,40,1024,2048,2048,40,64,2048,32768,41,256,512,1024,4286,256,512,1024,4286,128,512,1024,192728,128,512,1024,24858,128,512,512,4166,256,512,1024,6183,512,1024,1024,1371,256,512,1024,1227,128,512,512,23031,128,512,512,3465,128,512,512,468,256,512,1024,270,256,512,1024,297,256,512,1024,81,0,0,0,0,0,0,0,0,0,0,0,0,64,128,128,21,64,128,128,21,15.48,11.26,4.22,0,33,32,665,85,75,0,0,0,0,0,0,0,65536,131072,131072,131072,131072,33,65536,131072,131072,131072,131072,32,65536,131072,262144,262144,262144,665,131072,131072,262144,262144,262144,83,65536,131072,131072,131072,131072,73,0,0,0,0,0,0,0,0,0,0,0,0,0,0,0,0,0,0,0,0,0,0,0,0,0,0,0,0,0,0,0,0,0,0,0,0,4,0,34365,31016,48921,0,40,21,0
48119234501500,3395,2048,4096,16384,22843,512,512,1024,3691,4096,8192,8192,2831,4096,8192,16384,702,8192,8192,8192,23,2048,2048,4096,731,512,1024,2048,2854,1024,2048,2048,499,4096,4096,4096,9,512,65536,262144,34616,1048576,1048576,1048576,41,524288,1048576,1048576,41,524288,524288,524288,41,1024,2048,2048,41,64,65536,65536,40,256,512,1024,4547,256,512,1024,5492,128,512,1024,205587,128,512,1024,25479,128,512,1024,3600,128,512,1024,6021,512,1024,1024,1350,256,512,1024,1323,128,512,512,23139,128,512,512,3186,128,512,512,441,128,512,1024,234,128,512,512,207,256,512,1024,81,0,0,0,0,0,0,0,0,0,0,0,0,64,128,128,20,64,128,128,20,15.94,12.11,3.83,0,23,31,731,73,80,105,0,0,0,0,0,0,65536,131072,131072,131072,131072,23,65536,131072,131072,131072,262144,31,65536,131072,262144,262144,262144,731,131072,131072,131072,131072,262144,75,65536,131072,131072,131072,131072,82,131072,262144,262144,524288,524288,105,0,0,0,0,0,0,0,0,0,0,0,0,0,0,0,0,0,0,0,0,0,0,0,0,0,0,0,0,0,0,0,0,33908,33028,49686,0,41,20,0
48120253871900,3395,2048,4096,16384,21363,512,512,1024,3296,4096,8192,8192,2656,4096,8192,16384,652,8192,8192,8192,28,2048,4096,4096,701,512,1024,1024,2633,1024,2048,2048,483,4096,4096,4096,10,2048,65536,262144,32183,1048576,1048576,1048576,41,524288,1048576,1048576,41,524288,524288,524288,41,1024,2048,2048,41,64,2048,16384,41,256,512,1024,4430,256,512,1024,4430,128,512,1024,192267,128,512,1024,23904,128,512,512,3683,256,512,1024,5310,512,1024,1024,1452,256,512,1024,1380,128,512,512,24372,128,512,512,3384,128,512,512,561,128,512,512,288,256,512,1024,252,256,512,512,90,0,0,0,0,0,0,0,0,0,0,0,0,64,128,128,20,64,128,128,20,13.91,10.34,3.57,0,28,23,701,66,81,0,0,0,0,0,0,0,65536,131072,131072,131072,262144,28,131072,131072,131072,131072,1048576,23,65536,131072,262144,262144,524288,698,131072,131072,131072,131072,131072,66,65536,131072,131072,131072,262144,81,0,0,0,0,0,0,0,0,0,0,0,0,0,0,0,0,0,0,0,0,0,0,0,0,0,0,0,0,0,0,0,0,0,0,0,0,2,0,34263,30941,48704,0,41,20,0
48121275416300,3405,2048,4096,16384,21541,512,512,1024,3126,4096,8192,8192,2645,4096,8192,32768,706,8192,8192,16384,32,2048,4096,4096,675,512,1024,1024,2604,1024,2048,2048,457,4096,4096,4096,12,2048,65536,262144,32192,1048576,1048576,1048576,41,524288,1048576,1048576,41,524288,524288,524288,41,1024,2048,2048,41,64,16384,131072,41,256,512,1024,4468,256,512,1024,4378,128,512,1024,193869,128,512,1024,23805,128,512,512,3969,128,512,1024,5796,512,1024,1024,1305,256,512,1024,1323,128,512,512,24183,128,512,512,3717,128,512,1024,567,128,512,1024,315,256,512,1024,288,256,512,512,108,2048,2048,2048,11,1024,1024,1024,11,64,64,64,22,64,128,256,21,128,16384,32768,21,14.92,10.97,3.95,11,32,20,675,82,67,0,262144,262144,262144,262144,262144,11,65536,131072,131072,131072,131072,32,65536,131072,131072,131072,131072,20,65536,131072,131072,262144,262144,675,131072,131072,131072,131072,131072,82,65536,131072,131072,131072,131072,67,0,0,0,0,0,0,0,0,0,0,0,0,0,0,0,0,0,0,0,0,0,0,0,0,0,0,0,0,0,0,0,0,0,0,0,0,3,0,33177,30969,50120,0,41,21,0
48122294985500,3434,2048,4096,16384,20359,512,512,1024,3549,4096,8192,8192,2666,4096,8192,16384,713,8192,8192,8192,36,2048,2048,4096,702,512,1024,2048,2739,1024,2048,2048,455,4096,4096,4096,11,2048,131072,262144,31624,1048576,1048576,2097152,41,524288,1048576,1048576,41,524288,524288,524288,41,2048,2048,2048,41,64,32768,131072,41,256,512,1024,4983,256,512,1024,4722,128,512,1024,183231,128,512,1024,23994,128,512,1024,4105,256,512,1024,5751,512,1024,1024,1391,256,512,1024,1535,128,512,512,23310,128,512,512,3438,128,512,512,650,128,512,512,342,256,512,1024,324,256,512,1024,99,1024,2048,2048,33,1024,1024,1024,30,64,64,128,63,64,128,128,20,16384,32768,32768,20,17.11,11.88,5.24,30,36,32,702,92,73,0,262144,262144,262144,262144,262144,30,65536,131072,131072,131072,131072,36,65536,131072,131072,131072,131072,32,65536,131072,131072,262144,262144,705,131072,131072,131072,131072,524288,92,65536,131072,131072,131072,131072,73,0,0,0,0,0,0,0,0,0,0,0,0,0,0,0,0,0,0,0,0,0,0,0,0,0,0,0,0,0,0,0,0,0,0,0,0,0,0,32641,30138,48117,292,41,20,0
48123316256000,3472,2048,4096,16384,21063,512,512,1024,3307,4096,8192,8192,2747,4096,8192,16384,672,8192,8192,8192,36,2048,4096,4096,676,512,1024,4096,2714,1024,2048,2048,464,4096,4096,4096,20,2048,131072,262144,32134,1048576,1048576,2097152,41,524288,1048576,1048576,41,524288,524288,524288,41,1024,2048,2048,41,64,32768,65536,41,256,512,1024,4999,256,512,1024,4657,256,512,1024,189567,256,512,1024,24723,128,512,1024,3745,256,512,1024,5679,512,1024,1024,1398,256,512,1024,1371,128,512,512,23859,128,512,512,3420,128,512,512,734,128,512,512,243,256,512,1024,324,256,512,1024,180,1024,2048,2048,38,1024,1024,1024,38,64,64,128,76,64,128,128,21,16384,65536,65536,21,13.90,10.97,2.93,38,36,41,676,103,76,0,262144,262144,262144,262144,262144,36,65536,131072,131072,131072,131072,35,65536,131072,262144,262144,262144,41,65536,131072,131072,262144,262144,665,131072,131072,131072,131072,262144,101,65536,131072,131072,131072,262144,72,0,0,0,0,0,0,0,0,0,0,0,0,0,0,0,0,0,0,0,0,0,0,0,0,0,0,0,0,0,0,0,0,0,0,0,0,19,0,34221,30869,48006,0,41,21,0
48124335395000,3500,2048,4096,16384,20768,512,512,1024,3277,4096,8192,8192,2741,4096,8192,16384,699,8192,8192,8192,24,2048,2048,4096,692,512,1024,4096,2768,1024,2048,2048,484,4096,4096,4096,11,2048,131072,262144,31792,1048576,2097152,2097152,40,1048576,1048576,1048576,40,524288,524288,524288,40,1024,2048,2048,40,64,32768,65536,41,256,512,1024,5011,256,512,1024,4759,256,512,1024,186912,256,512,1024,24669,128,512,512,3885,256,512,1024,5634,512,1024,1024,1374,256,512,1024,1329,128,512,1024,23148,128,512,1024,3708,128,512,1024,507,256,512,1024,234,256,512,1024,216,256,512,512,99,1024,2048,2048,23,1024,1024,1024,26,64,64,64,49,64,128,128,20,16384,65536,65536,20,16.08,11.23,4.85,26,24,25,692,77,83,0,262144,262144,262144,262144,262144,28,65536,131072,131072,131072,131072,25,65536,131072,131072,131072,131072,25,65536,131072,131072,262144,262144,703,131072,131072,131072,131072,262144,78,65536,131072,131072,131072,262144,86,0,0,0,0,0,0,0,0,0,0,0,0,0,0,0,0,0,0,0,0,0,0,0,0,0,0,0,0,0,0,0,0,0,0,0,0,2,0,33439,30645,49644,1,40,20,0
48125357213900,3500,2048,4096,16384,21035,512,512,1024,3521,4096,8192,8192,2802,4096,16384,16384,723,8192,8192,8192,30,2048,2048,4096,749,512,1024,2048,2776,1024,2048,2048,472,4096,4096,4096,8,2048,131072,262144,32508,1048576,1048576,1048576,41,524288,1048576,1048576,41,524288,524288,524288,41,1024,2048,2048,41,64,32768,65536,40,256,512,1024,4680,256,512,1024,4680,128,512,1024,189315,256,512,1024,25218,128,512,512,3954,256,512,1024,6093,512,1024,1024,1521,256,512,1024,1467,128,512,1024,24867,128,512,512,3321,128,512,512,483,128,512,1024,297,256,512,512,270,256,512,1024,72,0,0,0,0,0,0,0,0,0,0,0,0,64,128,128,20,128,128,128,20,14.53,10.20,4.33,0,30,31,749,70,87,0,0,0,0,0,0,0,65536,131072,131072,131072,131072,30,65536,131072,131072,131072,131072,31,65536,131072,131072,262144,262144,749,131072,131072,131072,131072,262144,71,65536,131072,131072,131072,131072,88,0,0,0,0,0,0,0,0,0,0,0,0,0,0,0,0,0,0,0,0,0,0,0,0,0,0,0,0,0,0,0,0,0,0,0,0,0,0,34118,31213,50941,0,41,20,0
48126375891600,3500,2048,4096,16384,22258,512,512,1024,3319,4096,8192,8192,2743,4096,16384,16384,717,8192,8192,8192,36,2048,2048,4096,721,512,1024,1024,2753,1024,2048,2048,458,4096,4096,4096,12,1024,65536,262144,33372,1048576,1048576,2097152,41,524288,1048576,1048576,41,524288,524288,524288,41,1024,2048,2048,41,64,32768,65536,41,256,512,1024,4387,256,512,1024,4387,128,512,1024,200322,128,512,1024,24687,128,512,1024,4435,128,512,1024,5949,512,1024,1024,1328,256,512,1024,1481,128,512,1024,24021,128,512,1024,3501,128,512,512,612,128,512,512,360,256,512,512,324,256,512,512,108,0,0,0,0,0,0,0,0,0,0,0,0,64,64,128,21,64,128,128,21,17.26,13.17,4.09,0,36,25,721,80,85,0,0,0,0,0,0,0,65536,131072,131072,131072,131072,35,65536,131072,131072,131072,131072,25,65536,131072,131072,524288,524288,721,131072,131072,131072,131072,262144,80,65536,131072,131072,131072,131072,85,0,0,0,0,0,0,0,0,0,0,0,0,0,0,0,0,0,0,0,0,0,0,0,0,0,0,0,0,0,0,0,0,0,0,0,0,0,0,33601,31799,49542,0,41,21,0
48127399172600,3500,2048,4096,16384,20505,512,512,1024,3206,4096,8192,16384,2704,4096,8192,16384,686,8192,8192,8192,18,2048,2048,4096,687,512,1024,2048,2716,1024,2048,2048,457,4096,4096,4096,6,1024,65536,262144,31354,1048576,1048576,1048576,41,524288,1048576,1048576,41,524288,524288,524288,41,1024,2048,2048,41,64,32768,65536,41,256,512,1024,4993,256,512,1024,4993,128,512,1024,184545,128,512,1024,24336,128,512,1024,4080,128,512,1024,5832,512,1024,2048,1323,256,512,1024,1242,128,512,1024,22563,128,512,1024,3636,128,512,1024,477,128,512,1024,225,256,1024,1024,162,256,512,1024,54,0,0,0,0,0,0,0,0,0,0,0,0,64,128,128,20,64,128,128,20,14.76,11.19,3.56,0,18,26,687,91,91,0,0,0,0,0,0,0,65536,131072,131072,131072,131072,19,65536,131072,131072,131072,131072,26,65536,131072,131072,262144,262144,687,131072,131072,131072,131072,131072,91,65536,131072,131072,131072,131072,91,0,0,0,0,0,0,0,0,0,0,0,0,0,0,0,0,0,0,0,0,0,0,0,0,0,0,0,0,0,0,0,0,0,0,0,0,0,0,34177,30264,47891,0,41,20,0
48128418068800,3500,2048,4096,16384,22336,512,512,1024,3784,4096,8192,8192,2803,4096,8192,16384,682,8192,8192,8192,36,2048,2048,4096,706,512,1024,2048,2833,1024,2048,2048,531,4096,4096,4096,9,2048,65536,262144,34101,1048576,1048576,2097152,41,524288,1048576,1048576,41,524288,524288,524288,41,1024,2048,2048,41,64,16384,32768,41,256,512,1024,4769,256,512,1024,4769,128,512,1024,201024,128,512,1024,25227,128,512,1024,4073,256,512,1024,5544,512,1024,1024,1281,256,512,1024,1335,128,512,1024,23958,128,512,512,3159,128,512,1024,537,128,512,1024,261,256,512,1024,324,256,512,1024,81,0,0,0,0,0,0,0,0,0,0,0,0,64,128,128,21,64,128,128,21,14.82,11.50,3.32,0,36,33,706,81,85,0,0,0,0,0,0,0,65536,131072,131072,131072,262144,36,65536,131072,131072,131072,131072,33,65536,131072,131072,262144,262144,706,131072,131072,131072,131072,131072,81,65536,131072,131072,131072,131072,85,0,0,0,0,0,0,0,0,0,0,0,0,0,0,0,0,0,0,0,0,0,0,0,0,0,0,0,0,0,0,0,0,0,0,0,0,0,0,33932,32562,50176,0,41,21,0
48129438755500,3395,2048,4096,16384,20928,512,512,1024,3133,4096,8192,16384,2700,4096,8192,16384,747,8192,8192,8192,23,2048,2048,4096,687,512,1024,1024,2699,1024,2048,2048,443,4096,4096,4096,20,1024,65536,262144,31758,1048576,1048576,1048576,41,524288,1048576,1048576,41,524288,524288,524288,41,1024,2048,4096,41,64,8192,65536,41,256,512,1024,4395,256,512,1024,5340,128,512,1024,188352,128,512,1024,24300,128,512,512,4059,128,512,1024,5931,512,1024,1024,1377,256,512,1024,1701,128,512,1024,22833,128,512,512,3483,128,512,512,468,128,512,1024,342,256,512,1024,207,256,512,1024,180,0,0,0,0,0,0,0,0,0,0,0,0,64,128,128,20,64,128,128,20,16.34,12.12,4.21,0,23,23,687,72,89,105,0,0,0,0,0,0,65536,131072,131072,131072,131072,23,65536,131072,131072,131072,131072,23,65536,131072,131072,524288,8388608,685,65536,131072,131072,131072,131072,71,65536,131072,131072,131072,262144,89,131072,262144,262144,262144,262144,105,0,0,0,0,0,0,0,0,0,0,0,0,0,0,0,0,0,0,0,0,0,0,0,0,0,0,0,0,0,0,3,0,33461,30629,50919,0,41,20,0
48130457108700,3395,2048,4096,16384,21670,512,512,1024,3262,4096,8192,8192,2684,4096,8192,16384,659,8192,8192,8192,35,2048,4096,4096,687,512,1024,1024,2699,1024,2048,2048,469,4096,4096,4096,18,2048,65536,262144,32552,1048576,1048576,1048576,40,524288,1048576,1048576,40,524288,524288,524288,40,1024,2048,2048,40,64,32768,32768,40,256,512,1024,4096,256,512,1024,4096,128,512,1024,195030,128,512,1024,24156,128,512,512,3829,128,512,1024,5463,512,1024,2048,1286,256,512,1024,1196,128,512,512,22995,128,512,512,3312,128,512,512,578,128,512,512,243,256,512,1024,315,256,512,1024,162,0,0,0,0,0,0,0,0,0,0,0,0,64,128,128,20,64,128,128,20,17.14,13.17,3.96,0,35,21,687,69,80,0,0,0,0,0,0,0,65536,131072,131072,131072,131072,35,65536,131072,131072,131072,131072,21,65536,131072,131072,262144,262144,689,131072,131072,131072,131072,131072,70,65536,131072,131072,131072,131072,80,0,0,0,0,0,0,0,0,0,0,0,0,0,0,0,0,0,0,0,0,0,0,0,0,0,0,0,0,0,0,0,0,0,0,0,0,0,0,34247,31173,48021,0,40,20,0
48131480163900,3416,2048,4096,16384,21530,512,512,1024,3600,4096,8192,8192,2703,4096,8192,16384,715,8192,8192,8192,37,2048,2048,4096,716,512,1024,1024,2658,1024,2048,2048,452,4096,4096,4096,19,2048,65536,262144,32744,1048576,1048576,2097152,41,524288,1048576,1048576,41,524288,524288,524288,41,1024,2048,2048,41,64,65536,65536,41,128,512,1024,4801,256,512,1024,4612,128,512,1024,193770,128,512,1024,24327,128,512,1024,3986,128,512,1024,5562,512,1024,1024,1401,256,512,1024,1410,128,512,512,22869,128,512,512,3132,128,512,512,581,128,512,512,306,256,512,1024,333,256,512,1024,171,1024,2048,2048,22,1024,1024,1024,21,64,64,64,43,64,128,128,21,128,32768,32768,21,16.92,12.47,4.45,21,37,19,716,91,63,0,262144,262144,262144,262144,262144,21,65536,131072,131072,131072,262144,34,65536,131072,131072,131072,131072,18,65536,131072,131072,262144,262144,713,131072,131072,131072,131072,131072,91,65536,131072,131072,131072,131072,63,0,0,0,0,0,0,0,0,0,0,0,0,0,0,0,0,0,0,0,0,0,0,0,0,0,0,0,0,0,0,0,0,0,0,0,0,6,0,34005,31380,48480,0,41,21,0
48132500416800,3450,2048,4096,16384,21708,512,512,1024,3414,4096,8192,8192,2710,4096,8192,16384,663,8192,16384,16384,33,2048,2048,4096,691,512,1024,1024,2749,1024,2048,2048,447,4096,4096,4096,11,2048,131072,262144,32793,1048576,1048576,1048576,41,524288,1048576,1048576,41,524288,524288,524288,41,1024,2048,2048,41,64,16384,65536,41,256,512,1024,4911,256,512,1024,4605,128,512,1024,195372,128,512,1024,24390,128,512,1024,3846,128,512,1024,5490,512,1024,1024,1482,256,512,1024,1374,128,512,512,23067,128,512,512,3159,128,512,512,513,256,512,512,252,256,512,1024,297,256,512,1024,99,1024,2048,2048,33,1024,1024,1024,34,64,64,128,67,64,64,64,20,16384,65536,65536,20,15.44,11.36,4.08,34,33,16,691,77,85,0,262144,262144,262144,262144,262144,34,65536,131072,131072,131072,131072,36,65536,131072,131072,131072,131072,17,65536,131072,131072,262144,262144,694,131072,131072,262144,262144,262144,77,65536,131072,131072,131072,131072,85,0,0,0,0,0,0,0,0,0,0,0,0,0,0,0,0,0,0,0,0,0,0,0,0,0,0,0,0,0,0,0,0,0,0,0,0,0,0,34598,31417,49674,0,41,20,0
48133521326900,3472,2048,4096,16384,20729,512,512,1024,3415,4096,8192,8192,2691,4096,8192,16384,701,8192,8192,8192,23,2048,2048,4096,673,512,1024,1024,2717,1024,2048,2048,473,4096,4096,4096,14,1024,131072,262144,31769,1048576,1048576,2097152,41,524288,1048576,1048576,41,524288,524288,524288,41,512,1024,2048,41,64,32768,65536,41,256,512,1024,5335,256,512,1024,5137,128,512,1024,186561,128,512,1024,24219,128,512,1024,3802,256,512,1024,5751,512,1024,1024,1281,256,512,1024,1344,128,512,1024,23508,128,512,512,3384,128,512,1024,452,128,512,1024,261,256,512,1024,207,256,512,1024,126,1024,2048,2048,25,1024,1024,1024,22,64,64,64,47,64,128,128,21,16384,32768,32768,21,17.21,12.11,5.10,22,23,12,673,91,85,0,262144,262144,262144,262144,262144,22,65536,131072,131072,131072,131072,23,131072,131072,131072,131072,131072,12,65536,131072,131072,262144,524288,673,65536,131072,131072,131072,131072,91,65536,131072,131072,131072,131072,85,0,0,0,0,0,0,0,0,0,0,0,0,0,0,0,0,0,0,0,0,0,0,0,0,0,0,0,0,0,0,0,0,0,0,0,0,0,0,34269,30193,49499,0,41,21,0
48134541042400,3498,2048,4096,16384,20765,512,512,1024,3390,4096,8192,8192,2748,4096,8192,16384,704,8192,16384,16384,28,2048,4096,4096,729,512,1024,1024,2760,1024,2048,2048,468,4096,4096,4096,9,2048,131072,262144,31920,1048576,1048576,1048576,41,524288,1048576,1048576,41,524288,524288,524288,41,1024,2048,2048,41,64,128,8192,41,256,512,1024,4626,256,512,1024,4392,256,512,1024,186885,256,512,1024,24732,128,512,1024,3945,256,512,1024,5859,512,1024,1024,1272,256,512,1024,1290,128,512,1024,22644,128,512,512,3690,128,512,1024,653,128,512,1024,207,256,512,1024,252,256,512,1024,81,1024,2048,2048,25,1024,1024,1024,28,64,64,256,53,64,128,128,20,16384,32768,32768,20,15.46,11.11,4.34,28,28,13,729,87,84,0,262144,262144,262144,262144,262144,28,65536,131072,131072,131072,131072,28,65536,131072,131072,131072,131072,13,65536,131072,131072,262144,262144,729,131072,131072,131072,131072,262144,87,65536,131072,131072,131072,262144,84,0,0,0,0,0,0,0,0,0,0,0,0,0,0,0,0,0,0,0,0,0,0,0,0,0,0,0,0,0,0,0,0,0,0,0,0,0,0,32756,30692,48591,0,41,20,0
48135562788000,3500,2048,4096,16384,20943,512,512,1024,3337,4096,8192,8192,2806,4096,8192,16384,697,8192,8192,8192,20,2048,2048,4096,742,512,1024,1024,2808,1024,2048,2048,485,4096,4096,4096,16,2048,65536,262144,32190,1048576,1048576,1048576,41,524288,1048576,1048576,41,524288,524288,524288,41,512,2048,2048,41,64,65536,65536,41,256,512,1024,4534,256,512,1024,4516,128,512,1024,188487,256,512,1024,25254,128,512,1024,4047,256,512,1024,6192,512,1024,1024,1430,256,512,1024,1331,128,512,1024,22932,128,512,512,3123,128,512,512,579,128,512,512,198,128,512,1024,180,256,512,512,144,0,0,0,0,0,0,0,0,0,0,0,0,64,64,128,21,128,128,256,21,15.94,11.99,3.95,0,20,14,742,93,77,0,0,0,0,0,0,0,65536,131072,131072,131072,131072,20,65536,131072,131072,131072,131072,14,65536,131072,131072,262144,262144,742,131072,131072,131072,131072,131072,93,65536,131072,131072,131072,131072,77,0,0,0,0,0,0,0,0,0,0,0,0,0,0,0,0,0,0,0,0,0,0,0,0,0,0,0,0,0,0,0,0,0,0,0,0,0,0,33797,30925,47439,0,41,21,0
48136581500900,3500,2048,4096,16384,20672,512,512,1024,3485,4096,8192,8192,2733,4096,16384,16384,714,8192,8192,8192,29,2048,4096,4096,689,512,1024,1024,2769,1024,2048,2048,485,4096,4096,4096,3,2048,65536,262144,31870,1048576,1048576,1048576,40,524288,1048576,1048576,40,524288,524288,524288,40,1024,2048,2048,40,64,32768,65536,40,256,512,1024,4549,256,512,1024,4549,128,512,1024,186048,256,512,1024,24597,128,512,1024,4278,256,512,1024,5769,512,1024,1024,1440,256,512,1024,1332,128,512,512,22167,128,512,512,3663,128,512,1024,542,128,512,1024,270,256,1024,1024,261,256,512,512,27,0,0,0,0,0,0,0,0,0,0,0,0,64,128,128,20,64,128,128,20,15.33,10.73,4.60,0,29,10,689,89,85,0,0,0,0,0,0,0,65536,131072,131072,131072,131072,29,65536,131072,131072,131072,131072,10,65536,131072,131072,262144,262144,687,131072,131072,131072,131072,131072,89,65536,131072,131072,131072,131072,85,0,0,0,0,0,0,0,0,0,0,0,0,0,0,0,0,0,0,0,0,0,0,0,0,0,0,0,0,0,0,0,0,0,0,0,0,1,0,34250,30597,49717,0,40,20,0
48137604823800,3500,2048,4096,16384,21749,512,512,1024,3486,4096,8192,8192,2778,4096,8192,32768,685,8192,8192,8192,25,2048,2048,4096,716,512,1024,1024,2737,1024,2048,2048,471,4096,4096,4096,12,1024,65536,262144,32986,1048576,1048576,1048576,41,524288,1048576,1048576,41,524288,524288,524288,41,1024,2048,2048,41,64,32768,65536,41,256,512,1024,4615,256,512,1024,4615,128,512,1024,195741,128,512,1024,25002,128,512,512,4003,128,512,1024,5814,512,1024,1024,1305,256,512,1024,1359,128,512,512,23337,128,512,512,3510,128,512,512,560,128,512,512,261,256,512,1024,225,256,1024,1024,108,0,0,0,0,0,0,0,0,0,0,0,0,64,128,128,20,128,128,128,20,14.25,10.81,3.43,0,25,11,716,80,79,0,0,0,0,0,0,0,65536,131072,131072,131072,131072,25,65536,131072,131072,131072,131072,11,65536,131072,131072,262144,262144,718,65536,131072,131072,131072,131072,80,65536,131072,131072,131072,131072,79,0,0,0,0,0,0,0,0,0,0,0,0,0,0,0,0,0,0,0,0,0,0,0,0,0,0,0,0,0,0,0,0,0,0,0,0,0,0,33744,31489,49409,0,41,20,0
48138622340800,3500,2048,4096,16384,21658,512,512,1024,3491,4096,8192,8192,2768,4096,8192,16384,724,8192,8192,8192,33,2048,2048,4096,686,512,1024,1024,2747,1024,2048,2048,492,4096,4096,4096,13,2048,131072,262144,32981,1048576,1048576,1048576,41,524288,1048576,1048576,41,524288,524288,524288,41,512,2048,2048,41,64,32768,65536,41,256,512,1024,4445,256,512,1024,4445,128,512,1024,194922,128,512,1024,24912,128,512,512,4273,128,512,1024,5958,512,1024,2048,1386,256,512,1024,1305,128,512,1024,23166,128,512,512,3312,128,512,1024,471,256,512,1024,234,256,512,1024,297,256,512,1024,117,0,0,0,0,0,0,0,0,0,0,0,0,64,64,128,21,64,128,128,21,16.26,12.29,3.97,0,33,14,686,78,70,0,0,0,0,0,0,0,65536,131072,131072,131072,131072,33,65536,131072,131072,131072,131072,14,65536,131072,131072,262144,262144,686,131072,131072,131072,131072,131072,78,65536,131072,131072,131072,131072,70,0,0,0,0,0,0,0,0,0,0,0,0,0,0,0,0,0,0,0,0,0,0,0,0,0,0,0,0,0,0,0,0,0,0,0,0,0,0,33234,31292,49677,0,41,21,0
48139643355600,3395,2048,4096,16384,21326,512,512,1024,3413,4096,8192,8192,2699,4096,16384,16384,729,8192,8192,8192,35,2048,4096,4096,697,512,1024,1024,2746,1024,2048,2048,485,4096,4096,4096,9,1024,65536,262144,32522,1048576,1048576,2097152,41,524288,1048576,1048576,41,524288,524288,524288,41,1024,2048,2048,41,64,2048,8192,41,256,512,1024,4436,256,512,1024,5381,128,512,1024,191938,128,512,1024,24291,128,512,1024,4156,128,512,1024,5625,512,1024,1024,1524,256,512,1024,1524,128,512,512,23562,128,512,512,3798,128,512,1024,500,128,512,1024,378,256,512,1024,315,256,512,512,81,0,0,0,0,0,0,0,0,0,0,0,0,64,128,128,20,64,128,128,20,16.58,12.11,4.46,0,35,13,697,69,81,105,0,0,0,0,0,0,65536,131072,131072,131072,131072,35,65536,131072,131072,131072,131072,13,65536,131072,131072,131072,131072,697,131072,131072,131072,131072,131072,69,65536,131072,131072,131072,131072,81,131072,262144,262144,262144,262144,105,0,0,0,0,0,0,0,0,0,0,0,0,0,0,0,0,0,0,0,0,0,0,0,0,0,0,0,0,0,0,0,0,35451,31346,50035,0,41,20,0
48140662148500,3395,2048,4096,16384,21445,512,512,1024,3373,4096,8192,8192,2674,4096,16384,16384,657,8192,8192,8192,33,2048,2048,4096,724,512,1024,2048,2635,1024,2048,2048,429,4096,4096,4096,18,2048,131072,262144,32300,1048576,1048576,1048576,41,524288,1048576,1048576,41,524288,524288,524288,41,1024,2048,2048,41,64,32768,65536,41,256,512,1024,4356,256,512,1024,4356,128,512,1024,193001,128,512,1024,24066,128,512,512,3848,128,512,1024,5265,512,1024,1024,1275,256,512,1024,1410,128,512,512,22923,128,512,512,3213,128,512,1024,743,128,512,1024,306,256,512,1024,297,256,512,512,162,0,0,0,0,0,0,0,0,0,0,0,0,64,128,128,21,64,128,128,21,16.35,11.37,4.98,0,33,23,724,83,65,0,0,0,0,0,0,0,65536,131072,131072,131072,131072,33,65536,131072,131072,131072,131072,23,65536,131072,131072,262144,262144,710,65536,131072,131072,131072,131072,81,65536,131072,131072,131072,131072,63,0,0,0,0,0,0,0,0,0,0,0,0,0,0,0,0,0,0,0,0,0,0,0,0,0,0,0,0,0,0,0,0,0,0,0,0,18,0,34098,30809,50603,0,41,21,0
48141686571400,3417,2048,4096,16384,21837,256,512,1024,3386,4096,8192,8192,2677,4096,8192,16384,722,8192,8192,8192,33,2048,2048,4096,670,512,1024,2048,2731,1024,2048,2048,459,4096,4096,4096,16,1024,65536,262144,32918,1048576,1048576,1048576,40,524288,1048576,1048576,40,524288,524288,524288,40,1024,2048,2048,40,64,512,32768,41,256,512,1024,4740,256,512,1024,4542,128,512,1024,196533,128,512,1024,24093,128,512,512,4284,256,512,1024,5976,512,1024,1024,1524,256,512,1024,1443,128,512,512,23573,128,512,512,3015,128,512,512,483,128,512,1024,288,256,512,1024,297,256,512,1024,144,1024,2048,2048,23,1024,1024,1024,22,64,64,128,45,64,128,128,20,64,32768,32768,20,17.80,12.97,4.83,22,33,27,670,72,98,0,262144,262144,262144,262144,262144,22,65536,131072,131072,131072,131072,33,65536,131072,131072,131072,131072,27,65536,131072,131072,131072,262144,679,131072,131072,131072,131072,131072,72,65536,131072,131072,131072,262144,99,0,0,0,0,0,0,0,0,0,0,0,0,0,0,0,0,0,0,0,0,0,0,0,0,0,0,0,0,0,0,0,0,0,0,0,0,8,0,34039,31211,48693,0,40,20,0
48142705204900,3446,2048,4096,16384,22325,256,512,1024,3392,4096,8192,8192,2746,4096,8192,16384,685,8192,8192,8192,29,2048,4096,8192,694,512,1024,4096,2728,1024,2048,2048,447,4096,4096,4096,15,1024,65536,262144,33466,1048576,1048576,2097152,41,524288,1048576,1048576,41,524288,524288,524288,41,1024,2048,2048,41,64,32768,65536,40,256,512,1024,4727,256,512,1024,4466,128,512,1024,200925,128,512,1024,24714,128,512,512,3685,128,512,1024,5787,512,1024,1024,1262,256,512,512,1307,128,512,512,23101,128,512,512,3420,128,512,512,428,128,512,512,225,256,512,1024,261,256,512,1024,135,2048,2048,2048,32,1024,1024,2048,30,64,64,128,62,64,128,128,20,16384,32768,32768,20,16.11,11.13,4.99,30,29,28,694,78,89,0,262144,262144,262144,262144,524288,30,65536,131072,131072,131072,131072,29,65536,131072,131072,131072,131072,28,65536,131072,131072,262144,262144,699,131072,131072,131072,131072,131072,80,65536,131072,131072,131072,131072,90,0,0,0,0,0,0,0,0,0,0,0,0,0,0,0,0,0,0,0,0,0,0,0,0,0,0,0,0,0,0,0,0,0,0,0,0,0,0,34396,32136,51457,0,41,20,0
48143726580100,3477,2048,4096,16384,20890,512,512,1024,3455,4096,8192,8192,2653,4096,16384,32768,687,8192,8192,16384,32,2048,4096,4096,681,512,1024,2048,2704,1024,2048,2048,476,4096,4096,4096,15,2048,131072,524288,31996,1048576,1048576,2097152,41,524288,1048576,1048576,41,524288,524288,524288,41,1024,2048,2048,41,64,32768,65536,41,256,512,1024,4763,256,512,1024,4484,256,512,1024,188019,256,512,1024,23877,128,512,1024,3870,256,512,1024,5679,512,1024,1024,1382,256,512,1024,1445,128,512,512,22986,128,512,512,3303,128,512,512,674,128,512,1024,342,256,1024,1024,288,256,512,512,135,1024,2048,2048,33,1024,1024,1024,31,64,128,128,64,64,64,128,21,16384,32768,65536,21,15.17,10.97,4.21,31,32,28,681,91,75,0,262144,262144,262144,262144,262144,30,65536,131072,131072,131072,131072,31,65536,131072,131072,131072,131072,28,65536,131072,131072,131072,4194304,677,131072,131072,131072,131072,131072,91,65536,131072,131072,131072,131072,75,0,0,0,0,0,0,0,0,0,0,0,0,0,0,0,0,0,0,0,0,0,0,0,0,0,0,0,0,0,0,0,0,0,0,0,0,6,0,32795,30770,48068,329,41,21,0
48144746646100,3500,2048,4096,16384,21176,512,512,1024,3472,4096,8192,8192,2821,4096,8192,16384,712,8192,8192,16384,33,2048,4096,4096,744,512,1024,2048,2791,1024,2048,2048,488,4096,4096,4096,9,2048,131072,262144,32764,1048576,1048576,2097152,41,524288,1048576,1048576,41,524288,524288,524288,41,2048,2048,2048,41,64,32768,65536,41,256,512,1024,5202,256,512,1024,4995,256,512,1024,190576,256,512,1024,25389,128,512,512,4150,256,512,1024,5679,512,1024,1024,1269,256,512,1024,1332,128,512,512,22248,128,512,512,3258,128,512,1024,594,128,512,1024,333,256,1024,1024,297,256,1024,1024,81,1024,2048,2048,17,1024,1024,1024,22,64,64,64,39,64,128,128,20,256,65536,65536,20,16.33,12.76,3.57,22,33,29,744,81,81,0,262144,262144,262144,262144,262144,23,65536,131072,131072,131072,131072,34,65536,131072,131072,131072,131072,29,65536,131072,131072,131072,131072,747,131072,131072,131072,131072,131072,81,65536,131072,131072,131072,131072,81,0,0,0,0,0,0,0,0,0,0,0,0,0,0,0,0,0,0,0,0,0,0,0,0,0,0,0,0,0,0,0,0,0,0,0,0,1,0,32709,30597,49568,548,41,20,0
48145767889900,3500,2048,4096,16384,21828,512,512,1024,3487,4096,8192,8192,2702,4096,8192,16384,720,8192,8192,8192,42,2048,2048,4096,718,512,1024,2048,2713,1024,2048,2048,462,4096,4096,4096,16,1024,131072,262144,33125,1048576,1048576,2097152,41,524288,1048576,1048576,41,524288,524288,524288,41,1024,2048,2048,41,64,8192,32768,41,256,512,1024,4769,256,512,1024,4769,256,512,1024,196451,256,512,1024,24318,128,512,512,4142,256,512,1024,5697,512,1024,2048,1284,256,512,1024,1329,128,512,1024,22356,128,512,512,3564,128,512,1024,626,128,512,1024,261,256,512,1024,378,256,512,1024,144,0,0,0,0,0,0,0,0,0,0,0,0,64,128,128,21,64,128,128,21,16.70,12.11,4.59,0,42,27,718,75,98,0,0,0,0,0,0,0,65536,131072,131072,131072,131072,42,65536,131072,131072,131072,131072,27,65536,131072,131072,131072,131072,712,131072,131072,131072,131072,131072,75,65536,131072,131072,131072,131072,98,0,0,0,0,0,0,0,0,0,0,0,0,0,0,0,0,0,0,0,0,0,0,0,0,0,0,0,0,0,0,0,0,0,0,0,0,6,0,34275,31443,50221,0,41,21,0
48146789189600,3500,2048,4096,16384,22303,256,512,1024,3478,4096,8192,8192,2782,4096,8192,16384,751,8192,8192,8192,26,2048,2048,4096,704,512,1024,4096,2827,1024,2048,2048,489,4096,4096,4096,11,512,65536,262144,33808,1048576,1048576,2097152,41,524288,1048576,1048576,41,524288,524288,524288,41,1024,2048,2048,41,64,8192,32768,41,256,512,1024,4369,256,512,1024,4369,128,512,1024,200727,128,512,1024,25038,128,512,512,4091,256,512,1024,6201,512,1024,1024,1319,256,512,1024,1427,128,512,1024,22149,128,512,512,3123,128,512,1024,624,128,512,512,342,256,512,1024,234,256,512,1024,99,0,0,0,0,0,0,0,0,0,0,0,0,64,64,64,20,128,128,128,20,16.57,12.75,3.82,0,26,50,704,80,86,0,0,0,0,0,0,0,65536,131072,131072,131072,131072,26,65536,131072,131072,131072,131072,50,65536,131072,131072,262144,262144,708,131072,131072,131072,131072,131072,80,65536,131072,131072,131072,131072,86,0,0,0,0,0,0,0,0,0,0,0,0,0,0,0,0,0,0,0,0,0,0,0,0,0,0,0,0,0,0,0,0,0,0,0,0,3,0,33786,32283,47196,0,41,20,0
48147809081200,3500,2048,4096,16384,21198,512,512,1024,3485,4096,8192,8192,2774,4096,8192,16384,636,8192,8192,16384,39,2048,2048,4096,716,512,1024,4096,2733,1024,2048,2048,492,4096,4096,4096,8,2048,65536,262144,32554,1048576,1048576,2097152,40,1048576,1048576,1048576,40,524288,524288,524288,40,1024,2048,2048,40,64,16384,32768,40,256,512,1024,4534,256,512,1024,4534,128,512,1024,190782,128,512,1024,24966,128,512,512,3729,256,512,1024,5319,512,1024,1024,1353,256,512,1024,1308,128,512,512,21717,128,512,512,3429,128,512,1024,588,128,512,512,252,128,512,1024,351,256,512,512,72,0,0,0,0,0,0,0,0,0,0,0,0,64,128,128,20,64,128,128,20,16.72,12.63,4.08,0,39,54,716,73,77,0,0,0,0,0,0,0,65536,131072,131072,131072,131072,39,65536,131072,131072,131072,131072,54,65536,131072,131072,131072,524288,719,131072,131072,131072,131072,262144,73,65536,131072,131072,131072,262144,77,0,0,0,0,0,0,0,0,0,0,0,0,0,0,0,0,0,0,0,0,0,0,0,0,0,0,0,0,0,0,0,0,0,0,0,0,0,0,34144,30907,50232,0,40,20,0
48148829907500,3500,2048,4096,16384,22481,256,512,1024,3486,4096,8192,8192,2806,4096,8192,16384,721,8192,8192,8192,26,2048,4096,4096,694,512,1024,4096,2773,1024,2048,2048,456,4096,8192,8192,11,2048,131072,262144,33883,1048576,1048576,1048576,41,524288,1048576,1048576,41,524288,524288,524288,41,1024,2048,2048,41,64,32768,65536,41,256,512,1024,4459,256,512,1024,4459,128,512,1024,202329,128,512,1024,25254,128,512,1024,4275,256,512,1024,5940,512,1024,1024,1296,256,512,1024,1332,128,512,512,23589,128,512,512,3267,128,512,512,537,128,512,512,297,256,512,512,234,256,512,1024,99,0,0,0,0,0,0,0,0,0,0,0,0,64,64,64,21,64,128,128,21,15.82,11.22,4.59,0,26,52,694,93,83,0,0,0,0,0,0,0,65536,131072,131072,131072,131072,26,65536,131072,131072,131072,131072,52,65536,131072,131072,131072,2097152,694,131072,131072,131072,131072,131072,93,65536,131072,131072,131072,131072,83,0,0,0,0,0,0,0,0,0,0,0,0,0,0,0,0,0,0,0,0,0,0,0,0,0,0,0,0,0,0,0,0,0,0,0,0,0,0,34083,32091,49613,0,41,21,0
48149850360800,3395,2048,4096,16384,21913,256,512,1024,3391,4096,8192,8192,2678,4096,8192,16384,689,8192,8192,8192,32,2048,4096,4096,684,512,1024,4096,2705,1024,2048,2048,452,4096,4096,4096,9,1024,65536,262144,32974,1048576,1048576,1048576,41,524288,1048576,1048576,41,524288,524288,524288,41,1024,2048,2048,41,64,1024,2048,41,128,512,1024,4405,128,512,1024,5350,128,512,1024,197217,128,512,1024,24102,128,512,512,3918,128,512,1024,5526,512,1024,1024,1524,256,512,1024,1290,128,512,512,23247,128,512,512,3555,128,512,1024,486,128,512,512,252,128,512,1024,288,256,512,512,81,0,0,0,0,0,0,0,0,0,0,0,0,64,128,128,20,64,128,128,20,17.61,12.25,5.36,0,32,47,684,72,83,105,0,0,0,0,0,0,65536,131072,131072,131072,131072,32,65536,131072,131072,131072,262144,47,65536,131072,131072,262144,262144,683,65536,131072,131072,131072,131072,72,65536,131072,131072,131072,131072,83,131072,262144,262144,262144,262144,105,0,0,0,0,0,0,0,0,0,0,0,0,0,0,0,0,0,0,0,0,0,0,0,0,0,0,0,0,0,0,1,0,33646,31538,50614,0,41,20,0
48150870062400,3395,2048,4096,16384,21246,512,512,1024,3379,4096,8192,8192,2744,4096,8192,16384,695,8192,8192,8192,27,2048,4096,4096,715,512,1024,4096,2740,1024,2048,2048,466,4096,4096,4096,10,1024,131072,262144,32443,1048576,1048576,1048576,41,524288,1048576,1048576,41,524288,524288,524288,41,2048,2048,2048,41,64,16384,32768,41,256,512,1024,4237,256,512,1024,4237,128,512,1024,191214,128,512,1024,24696,128,512,512,4089,256,512,1024,5724,512,1024,1024,1377,256,512,512,1413,128,512,512,22662,128,512,512,3411,128,512,512,528,128,512,512,324,256,512,1024,243,256,1024,1024,90,0,0,0,0,0,0,0,0,0,0,0,0,64,64,128,21,64,128,128,21,15.72,11.63,4.09,0,27,53,715,82,73,0,0,0,0,0,0,0,65536,131072,131072,131072,131072,27,65536,131072,131072,131072,131072,53,65536,131072,131072,262144,262144,711,131072,131072,131072,131072,131072,82,65536,131072,131072,131072,262144,73,0,0,0,0,0,0,0,0,0,0,0,0,0,0,0,0,0,0,0,0,0,0,0,0,0,0,0,0,0,0,0,0,0,0,0,0,4,0,33915,30831,48499,0,41,21,0
48151891958300,3428,2048,4096,16384,21553,512,512,1024,3386,4096,8192,8192,2676,4096,8192,16384,661,8192,8192,8192,36,2048,2048,4096,710,512,1024,4096,2724,1024,2048,2048,478,4096,4096,4096,16,2048,65536,262144,32670,1048576,1048576,2097152,41,524288,1048576,1048576,41,524288,524288,524288,41,2048,2048,2048,41,64,32768,32768,41,256,512,1024,4747,256,512,1024,4450,128,512,1024,193977,128,512,1024,24084,128,512,512,3448,128,512,1024,5634,512,1024,1024,1398,256,512,1024,1335,128,512,512,23904,128,512,512,3357,128,512,512,573,128,512,512,270,256,512,1024,324,256,512,1024,144,1024,2048,2048,33,1024,1024,1024,33,64,64,64,66,64,128,128,20,16384,65536,65536,20,16.93,12.60,4.33,33,36,49,710,90,64,0,262144,262144,262144,262144,262144,33,65536,131072,131072,131072,131072,36,65536,131072,131072,131072,131072,48,65536,131072,131072,262144,262144,712,131072,131072,131072,131072,262144,90,65536,131072,131072,131072,131072,64,0,0,0,0,0,0,0,0,0,0,0,0,0,0,0,0,0,0,0,0,0,0,0,0,0,0,0,0,0,0,0,0,0,0,0,0,4,0,33712,31161,49541,0,41,20,0
48152911705400,3453,2048,4096,16384,22185,512,512,1024,3415,4096,8192,8192,2689,4096,8192,32768,684,8192,8192,8192,32,2048,4096,4096,658,512,1024,4096,2694,1024,2048,2048,456,4096,4096,4096,9,2048,131072,262144,33235,1048576,1048576,1048576,40,524288,1048576,1048576,40,524288,524288,524288,40,1024,2048,2048,40,64,32768,65536,41,256,512,1024,4670,256,512,1024,4445,128,512,1024,199665,128,512,1024,24201,128,512,1024,3739,256,512,1024,5805,512,1024,1024,1308,256,512,1024,1353,128,512,512,23220,128,512,512,3474,128,512,512,507,128,512,512,252,256,512,1024,288,256,512,1024,81,1024,2048,2048,30,1024,1024,1024,27,64,64,64,57,64,128,128,21,16384,32768,32768,21,18.52,13.03,5.49,27,32,37,658,75,84,0,262144,262144,262144,262144,262144,27,65536,131072,131072,131072,131072,32,65536,131072,131072,131072,131072,38,65536,131072,131072,262144,2097152,661,131072,131072,131072,131072,131072,75,65536,131072,131072,131072,131072,83,0,0,0,0,0,0,0,0,0,0,0,0,0,0,0,0,0,0,0,0,0,0,0,0,0,0,0,0,0,0,0,0,0,0,0,0,0,0,35430,31755,49870,0,40,21,0
48153933308400,3484,2048,4096,16384,21386,512,512,1024,3453,4096,8192,8192,2706,4096,16384,16384,732,8192,8192,8192,31,2048,4096,4096,709,512,1024,4096,2681,1024,2048,4096,471,4096,4096,4096,20,512,65536,262144,32598,1048576,1048576,1048576,41,524288,1048576,1048576,41,524288,524288,524288,41,1024,2048,2048,41,64,16384,32768,40,256,512,1024,5004,256,512,1024,4725,256,512,1024,192474,128,512,1024,24354,128,512,1024,4133,256,512,1024,5904,512,1024,2048,1292,256,512,1024,1346,128,512,1024,21915,128,512,512,3330,128,512,1024,596,128,512,1024,288,256,512,1024,279,256,512,1024,180,1024,2048,2048,34,1024,1024,1024,30,64,64,128,64,64,128,128,20,16384,32768,32768,20,15.81,11.60,4.21,30,31,47,709,85,87,0,262144,262144,262144,262144,524288,30,65536,131072,131072,131072,131072,31,65536,131072,131072,131072,131072,47,65536,131072,131072,262144,262144,709,131072,131072,131072,131072,131072,85,65536,131072,131072,131072,131072,88,0,0,0,0,0,0,0,0,0,0,0,0,0,0,0,0,0,0,0,0,0,0,0,0,0,0,0,0,0,0,0,0,0,0,0,0,0,0,33250,31092,51852,4,41,20,0
48154953028200,3500,2048,4096,16384,22131,512,512,1024,3479,4096,8192,8192,2806,4096,8192,16384,707,8192,8192,8192,30,2048,4096,4096,733,512,1024,4096,2804,1024,2048,2048,496,4096,4096,4096,7,1024,131072,262144,33574,1048576,1048576,2097152,41,524288,1048576,1048576,41,524288,524288,524288,41,1024,2048,2048,41,64,16384,32768,41,256,512,1024,4947,256,512,1024,4803,128,512,1024,199179,128,512,1024,25254,128,512,1024,3683,128,512,1024,5769,512,1024,1024,1509,256,512,1024,1446,128,512,512,23769,128,512,1024,3258,128,512,1024,429,128,512,512,216,256,512,1024,270,256,512,512,63,2048,2048,2048,8,512,1024,1024,15,64,64,64,23,64,64,64,20,128,32768,32768,20,15.83,11.74,4.08,15,30,47,733,87,70,0,262144,262144,262144,262144,262144,15,65536,131072,131072,131072,131072,30,65536,131072,131072,131072,131072,47,65536,131072,131072,131072,262144,733,131072,131072,262144,262144,262144,87,65536,131072,131072,131072,262144,70,0,0,0,0,0,0,0,0,0,0,0,0,0,0,0,0,0,0,0,0,0,0,0,0,0,0,0,0,0,0,0,0,0,0,0,0,0,0,33655,31956,49506,0,41,20,0
48155972199300,3500,2048,4096,16384,19878,512,512,1024,3462,4096,8192,8192,2681,4096,8192,16384,722,8192,8192,8192,30,2048,4096,4096,679,512,1024,4096,2703,1024,2048,2048,466,4096,4096,4096,12,2048,131072,262144,30981,1048576,1048576,2097152,41,524288,1048576,1048576,41,524288,524288,524288,41,1024,1024,2048,41,64,2048,16384,41,256,512,1024,4837,256,512,1024,4837,128,512,1024,178902,256,512,1024,24129,128,512,1024,3874,256,512,1024,5688,512,1024,2048,1428,256,512,1024,1374,128,512,1024,22779,128,512,1024,3582,128,512,512,606,128,512,1024,315,256,512,1024,270,256,512,512,108,0,0,0,0,0,0,0,0,0,0,0,0,64,64,128,21,64,128,128,21,16.61,12.01,4.60,0,30,46,679,73,76,0,0,0,0,0,0,0,65536,131072,131072,131072,131072,30,65536,131072,131072,131072,131072,46,65536,131072,131072,131072,262144,679,131072,131072,131072,131072,131072,73,65536,131072,131072,131072,131072,76,0,0,0,0,0,0,0,0,0,0,0,0,0,0,0,0,0,0,0,0,0,0,0,0,0,0,0,0,0,0,0,0,0,0,0,0,0,0,34059,29863,47748,0,41,21,0
48156991928500,3500,2048,4096,16384,22125,512,512,1024,3509,4096,8192,8192,2878,4096,16384,32768,726,8192,8192,8192,38,2048,4096,4096,720,512,1024,4096,2867,1024,2048,2048,498,4096,4096,4096,19,2048,131072,262144,33793,1048576,1048576,2097152,41,524288,1048576,1048576,41,524288,524288,524288,41,1024,2048,2048,41,64,16384,65536,41,256,512,1024,4687,256,512,1024,4687,128,512,1024,199125,128,512,1024,25902,128,512,1024,4124,256,512,1024,6156,512,1024,1024,1385,256,512,1024,1394,128,512,1024,22815,128,512,512,3060,128,512,512,429,128,512,1024,333,256,512,1024,342,256,512,1024,171,0,0,0,0,0,0,0,0,0,0,0,0,64,128,128,20,64,128,128,20,14.94,10.73,4.21,0,38,39,720,92,84,0,0,0,0,0,0,0,65536,131072,131072,131072,262144,38,65536,131072,131072,131072,524288,39,65536,131072,131072,262144,262144,720,131072,131072,131072,131072,131072,92,65536,131072,131072,131072,262144,84,0,0,0,0,0,0,0,0,0,0,0,0,0,0,0,0,0,0,0,0,0,0,0,0,0,0,0,0,0,0,0,0,0,0,0,0,0,0,33737,31865,49266,0,41,20,0
48158016131500,3500,2048,4096,16384,22136,512,512,1024,3465,4096,8192,8192,2713,4096,8192,16384,706,8192,8192,8192,25,2048,4096,4096,709,512,1024,4096,2727,1024,2048,2048,432,4096,4096,4096,8,2048,131072,262144,33309,1048576,2097152,2097152,41,524288,1048576,1048576,41,524288,524288,524288,41,1024,2048,2048,41,64,65536,65536,41,256,512,1024,4804,256,512,1024,4804,128,512,1024,199224,128,512,1024,24417,128,512,1024,3853,128,512,1024,5868,512,1024,1024,1332,256,512,1024,1224,128,512,1024,24012,128,512,512,3555,128,512,512,435,128,512,512,198,128,512,1024,225,256,512,512,72,0,0,0,0,0,0,0,0,0,0,0,0,64,64,64,21,64,128,128,21,17.55,12.46,5.09,0,25,44,709,85,82,0,0,0,0,0,0,0,65536,131072,131072,131072,131072,25,65536,131072,131072,131072,131072,44,65536,131072,131072,262144,262144,709,131072,131072,131072,131072,262144,85,65536,131072,131072,131072,131072,82,0,0,0,0,0,0,0,0,0,0,0,0,0,0,0,0,0,0,0,0,0,0,0,0,0,0,0,0,0,0,0,0,0,0,0,0,0,0,34079,31557,51846,0,41,21,0
48159035555300,3500,2048,4096,16384,22446,512,512,1024,3464,4096,8192,8192,2830,4096,16384,16384,722,8192,8192,8192,22,2048,2048,4096,732,512,1024,2048,2840,1024,2048,2048,492,4096,4096,4096,16,2048,65536,262144,33949,1048576,1048576,1048576,40,524288,1048576,1048576,40,524288,524288,524288,40,1024,2048,2048,40,64,32768,65536,41,256,512,1024,4561,256,512,1024,4561,128,512,1024,202014,128,512,1024,25470,128,512,512,4082,128,512,1024,6129,512,1024,1024,1389,256,512,1024,1443,128,512,512,24237,128,512,512,3195,128,512,1024,516,128,512,1024,288,256,512,1024,198,256,512,1024,144,0,0,0,0,0,0,0,0,0,0,0,0,64,128,128,20,64,128,128,20,15.97,12.78,3.19,0,22,41,732,104,83,0,0,0,0,0,0,0,65536,131072,131072,131072,131072,22,65536,131072,131072,131072,131072,41,65536,131072,131072,262144,524288,725,131072,131072,131072,131072,131072,103,65536,131072,131072,131072,131072,83,0,0,0,0,0,0,0,0,0,0,0,0,0,0,0,0,0,0,0,0,0,0,0,0,0,0,0,0,0,0,0,0,0,0,0,0,8,0,33511,32478,47957,0,40,20,0
48160056565500,3395,2048,4096,16384,22056,512,512,1024,3355,4096,8192,16384,2656,4096,16384,32768,654,8192,8192,8192,39,2048,2048,4096,674,512,1024,2048,2633,1024,2048,2048,454,4096,4096,4096,18,2048,131072,262144,33014,1048576,1048576,1048576,41,524288,1048576,1048576,41,524288,524288,524288,41,2048,2048,4096,41,64,32768,65536,40,256,512,1024,4021,256,512,1024,4966,128,512,1024,198504,128,512,1024,23904,128,512,512,4113,128,512,1024,5211,512,1024,1024,1299,256,512,1024,1524,128,512,1024,23589,128,512,512,3258,128,512,512,549,128,512,512,495,128,512,1024,351,256,512,1024,162,0,0,0,0,0,0,0,0,0,0,0,0,64,128,128,20,64,128,128,20,16.32,11.86,4.46,0,39,29,674,85,88,105,0,0,0,0,0,0,65536,131072,131072,131072,262144,39,65536,131072,131072,131072,131072,29,65536,131072,131072,262144,262144,681,131072,131072,131072,131072,131072,86,65536,131072,131072,131072,131072,88,131072,262144,262144,262144,262144,105,0,0,0,0,0,0,0,0,0,0,0,0,0,0,0,0,0,0,0,0,0,0,0,0,0,0,0,0,0,0,0,0,33993,31148,49795,0,41,20,0
48161077492200,3395,2048,4096,16384,21817,512,512,1024,3383,4096,8192,8192,2724,4096,8192,16384,712,8192,8192,8192,52,2048,2048,4096,694,512,1024,2048,2665,1024,2048,2048,475,4096,4096,4096,10,1024,131072,262144,33036,1048576,1048576,1048576,41,524288,1048576,1048576,41,524288,524288,524288,41,2048,4096,4096,41,64,32768,65536,41,128,512,1024,4432,256,512,1024,4432,128,512,1024,196353,128,512,1024,24516,128,512,512,4019,128,512,1024,5769,512,1024,1024,1422,256,512,512,1512,128,512,512,23472,128,512,512,3069,128,512,512,597,128,512,1024,333,256,512,1024,468,256,512,1024,90,0,0,0,0,0,0,0,0,0,0,0,0,64,128,128,21,64,128,128,21,15.43,12.11,3.32,0,52,39,694,70,75,0,0,0,0,0,0,0,65536,131072,131072,131072,131072,52,65536,131072,131072,131072,131072,39,65536,131072,131072,262144,262144,694,131072,131072,131072,131072,131072,70,65536,131072,131072,131072,131072,75,0,0,0,0,0,0,0,0,0,0,0,0,0,0,0,0,0,0,0,0,0,0,0,0,0,0,0,0,0,0,0,0,0,0,0,0,0,0,34334,31527,49640,0,41,21,0
48162098130700,3417,2048,4096,16384,21381,512,512,1024,3394,4096,8192,8192,2659,4096,8192,16384,663,8192,8192,8192,33,2048,2048,4096,708,512,1024,2048,2737,1024,2048,2048,447,4096,4096,4096,13,1024,65536,262144,32432,1048576,1048576,1048576,41,524288,1048576,1048576,41,524288,524288,524288,41,2048,2048,2048,41,64,128,65536,41,256,512,1024,4637,256,512,1024,4439,128,512,1024,192429,128,512,1024,23931,128,512,512,3610,256,512,1024,5283,512,1024,1024,1353,256,512,1024,1371,128,512,1024,21996,128,512,1024,3204,128,512,1024,585,128,512,512,288,128,512,1024,297,256,512,1024,117,1024,2048,2048,27,1024,1024,1024,24,64,64,128,51,64,128,128,20,128,32768,32768,20,16.21,11.74,4.47,24,33,39,708,77,96,0,262144,262144,262144,262144,262144,24,65536,131072,131072,131072,131072,33,65536,131072,131072,131072,131072,39,65536,131072,131072,131072,262144,706,131072,131072,131072,131072,262144,77,65536,131072,131072,131072,131072,96,0,0,0,0,0,0,0,0,0,0,0,0,0,0,0,0,0,0,0,0,0,0,0,0,0,0,0,0,0,0,0,0,0,0,0,0,2,0,34260,31107,50473,0,41,20,0
48163117233100,3445,2048,4096,16384,21591,512,512,1024,3411,4096,8192,8192,2665,4096,8192,16384,707,8192,8192,16384,35,2048,2048,4096,656,512,1024,4096,2703,1024,2048,2048,473,4096,4096,4096,5,2048,65536,262144,32686,1048576,1048576,1048576,41,524288,1048576,1048576,41,524288,524288,524288,41,2048,2048,2048,41,64,65536,65536,41,256,512,1024,4680,256,512,1024,4428,128,512,1024,194319,128,512,1024,23985,128,512,512,3882,256,512,1024,5895,512,1024,1024,1317,256,512,1024,1362,128,512,1024,22320,128,512,1024,3303,128,512,512,459,128,512,512,315,256,512,1024,315,256,512,512,45,1024,2048,2048,28,1024,1024,1024,29,64,64,128,57,64,64,128,21,16384,32768,32768,21,13.92,9.71,4.22,29,35,44,656,92,76,0,262144,262144,262144,262144,262144,26,65536,131072,131072,131072,131072,35,131072,131072,131072,131072,262144,44,65536,131072,131072,262144,262144,655,131072,131072,131072,131072,131072,92,65536,131072,131072,131072,131072,76,0,0,0,0,0,0,0,0,0,0,0,0,0,0,0,0,0,0,0,0,0,0,0,0,0,0,0,0,0,0,0,0,0,0,0,0,6,0,33830,31301,48871,0,41,21,0
48164138640000,3474,2048,4096,16384,20624,512,512,1024,3441,4096,8192,8192,2751,4096,16384,16384,672,8192,8192,32768,36,2048,4096,4096,735,512,1024,2048,2710,1024,2048,2048,456,4096,4096,4096,12,2048,65536,262144,31848,1048576,1048576,2097152,41,524288,1048576,1048576,41,524288,524288,524288,41,2048,2048,2048,41,64,32768,65536,41,256,512,1024,4720,256,512,1024,4459,128,512,1024,185617,128,512,1024,24759,128,512,1024,3908,256,512,1024,5706,512,1024,1024,1365,256,512,1024,1293,128,512,1024,21735,128,512,512,3348,128,512,1024,516,128,512,1024,306,256,512,1024,324,256,512,512,108,1024,2048,2048,28,1024,1024,1024,27,64,128,128,55,64,64,64,20,16384,32768,32768,20,16.83,12.62,4.21,27,36,41,735,88,73,0,262144,262144,262144,262144,524288,30,65536,131072,131072,131072,131072,36,65536,131072,131072,131072,131072,41,65536,131072,262144,262144,262144,735,131072,131072,131072,131072,262144,87,65536,131072,131072,131072,262144,73,0,0,0,0,0,0,0,0,0,0,0,0,0,0,0,0,0,0,0,0,0,0,0,0,0,0,0,0,0,0,0,0,0,0,0,0,3,0,34086,30467,49666,1,41,20,0
48165157931500,3500,2048,4096,16384,19762,512,512,1024,3469,4096,8192,16384,2724,4096,8192,16384,720,8192,8192,8192,32,2048,2048,4096,673,512,1024,2048,2719,1024,2048,2048,456,4096,4096,4096,8,2048,65536,262144,30964,1048576,2097152,2097152,40,524288,1048576,1048576,40,524288,524288,524288,40,1024,2048,2048,40,64,1024,32768,40,256,512,1024,4722,256,512,1024,4488,256,512,1024,177857,256,512,1024,24516,128,512,1024,4010,256,512,1024,6282,512,1024,1024,1233,256,512,1024,1251,128,512,1024,22302,128,512,512,2952,128,512,1024,645,128,512,512,261,256,512,1024,288,256,512,1024,72,1024,2048,2048,22,1024,1024,1024,25,64,64,128,47,64,128,128,20,16384,65536,65536,20,15.97,12.26,3.70,25,32,34,673,92,75,0,262144,262144,262144,262144,262144,25,65536,131072,131072,131072,131072,32,65536,131072,131072,131072,131072,34,65536,131072,262144,262144,4194304,676,131072,131072,262144,262144,262144,93,65536,131072,131072,131072,131072,75,0,0,0,0,0,0,0,0,0,0,0,0,0,0,0,0,0,0,0,0,0,0,0,0,0,0,0,0,0,0,0,0,0,0,0,0,0,0,33817,29794,50232,1,40,20,0
48166181628200,3500,2048,4096,16384,22336,512,512,1024,3483,4096,8192,8192,2760,4096,8192,16384,686,8192,8192,8192,32,2048,4096,4096,736,512,1024,2048,2814,1024,2048,2048,474,4096,4096,4096,17,2048,65536,262144,33801,1048576,1048576,1048576,41,524288,1048576,1048576,41,524288,524288,524288,41,1024,2048,2048,41,64,4096,32768,41,256,512,1024,4672,256,512,1024,4672,128,512,1024,201024,256,512,1024,24840,128,512,1024,3839,256,512,1024,6165,512,1024,2048,1293,256,512,1024,1266,128,512,512,22131,128,512,512,3222,128,512,512,540,256,512,1024,225,256,1024,1024,288,256,512,1024,153,0,0,0,0,0,0,0,0,0,0,0,0,64,64,64,21,64,128,128,21,13.98,10.30,3.69,0,32,24,736,83,76,0,0,0,0,0,0,0,65536,131072,131072,131072,131072,32,65536,131072,131072,131072,131072,24,65536,131072,262144,262144,2097152,736,131072,131072,262144,262144,262144,83,65536,131072,131072,131072,131072,76,0,0,0,0,0,0,0,0,0,0,0,0,0,0,0,0,0,0,0,0,0,0,0,0,0,0,0,0,0,0,0,0,0,0,0,0,0,0,34152,31974,49404,0,41,21,0
48167199717100,3500,2048,4096,16384,21005,512,512,1024,3488,4096,8192,8192,2758,4096,8192,16384,700,8192,8192,8192,32,2048,4096,4096,682,512,1024,2048,2782,1024,2048,2048,474,4096,4096,4096,14,2048,65536,524288,32308,1048576,1048576,2097152,41,1048576,1048576,1048576,41,524288,524288,524288,41,1024,2048,2048,41,64,32768,65536,41,256,512,1024,5085,256,512,1024,5085,128,512,1024,189045,256,512,1024,24822,128,512,512,3863,256,512,1024,6147,512,1024,1024,1307,256,512,1024,1316,128,512,1024,23472,128,512,512,3447,128,512,512,468,128,512,512,297,256,512,1024,288,256,512,512,126,0,0,0,0,0,0,0,0,0,0,0,0,64,64,64,20,64,128,128,20,15.10,10.49,4.61,0,32,29,682,70,74,0,0,0,0,0,0,0,65536,131072,131072,131072,131072,32,65536,131072,131072,131072,131072,29,65536,131072,131072,262144,524288,682,131072,131072,131072,131072,262144,70,65536,131072,131072,131072,131072,74,0,0,0,0,0,0,0,0,0,0,0,0,0,0,0,0,0,0,0,0,0,0,0,0,0,0,0,0,0,0,0,0,0,0,0,0,0,0,34182,30858,49846,0,41,20,0
48168222661800,3500,2048,4096,16384,21611,256,512,1024,3486,4096,8192,8192,2708,4096,8192,16384,704,8192,8192,8192,35,2048,2048,4096,723,512,1024,2048,2682,1024,2048,2048,500,2048,4096,4096,9,2048,131072,262144,32843,1048576,1048576,2097152,41,524288,1048576,1048576,41,524288,524288,524288,41,1024,2048,2048,41,64,32768,32768,41,256,512,1024,4469,256,512,1024,4469,128,512,1024,194499,256,512,1024,24372,128,512,512,4086,256,512,1024,5949,512,1024,1024,1194,256,512,1024,1365,128,512,1024,22410,128,512,512,3069,128,512,512,435,128,512,512,315,256,1024,1024,315,256,512,512,81,0,0,0,0,0,0,0,0,0,0,0,0,64,128,128,21,64,128,128,21,15.15,11.71,3.44,0,35,26,723,72,84,0,0,0,0,0,0,0,65536,131072,131072,131072,131072,35,65536,131072,131072,131072,131072,26,65536,131072,262144,262144,262144,722,131072,131072,131072,131072,131072,72,65536,131072,131072,131072,262144,84,0,0,0,0,0,0,0,0,0,0,0,0,0,0,0,0,0,0,0,0,0,0,0,0,0,0,0,0,0,0,0,0,0,0,0,0,0,0,33868,31503,48687,0,41,21,0
48169241860900,3395,2048,4096,16384,22686,256,512,1024,3487,4096,8192,8192,2858,4096,8192,16384,739,8192,16384,16384,36,2048,2048,4096,721,512,1024,1024,2893,1024,2048,2048,492,4096,4096,4096,14,1024,65536,262144,34329,1048576,1048576,2097152,41,524288,1048576,1048576,41,524288,524288,524288,41,1024,2048,2048,41,64,32768,65536,41,256,512,1024,4574,256,512,1024,5519,128,512,1024,204174,128,512,1024,25722,128,512,512,4149,128,512,1024,6507,512,1024,1024,1335,256,512,1024,1290,128,512,1024,22464,128,512,1024,2997,128,512,512,444,128,512,1024,288,256,512,1024,324,256,512,512,126,0,0,0,0,0,0,0,0,0,0,0,0,64,128,128,20,64,128,128,20,15.19,10.85,4.34,0,36,21,721,76,84,105,0,0,0,0,0,0,65536,131072,131072,131072,131072,36,65536,131072,131072,131072,131072,19,65536,131072,131072,262144,262144,721,131072,131072,262144,262144,262144,74,65536,131072,131072,131072,262144,76,262144,262144,262144,262144,262144,9,0,0,0,0,0,0,0,0,0,0,0,0,0,0,0,0,0,0,0,0,0,0,0,0,0,0,0,0,0,0,109,0,34024,32870,48264,0,41,20,0
48170261920700,3395,2048,4096,16384,21413,256,512,1024,3378,4096,8192,8192,2633,4096,8192,16384,681,8192,8192,8192,19,2048,2048,4096,670,512,1024,2048,2614,1024,2048,2048,450,4096,4096,4096,9,2048,65536,262144,32177,1048576,1048576,1048576,41,524288,1048576,1048576,41,524288,524288,524288,41,1024,1024,2048,41,64,8192,32768,41,256,512,1024,4173,256,512,1024,4173,128,512,1024,192726,128,512,1024,23697,128,512,512,3634,128,512,1024,5661,512,1024,1024,1560,256,512,1024,1254,128,512,512,22410,128,512,512,3186,128,512,512,575,128,512,512,171,128,512,1024,171,256,512,512,81,0,0,0,0,0,0,0,0,0,0,0,0,64,128,128,21,64,128,128,21,16.86,12.51,4.34,0,19,23,670,77,81,0,0,0,0,0,0,0,65536,131072,131072,131072,131072,19,65536,131072,131072,131072,131072,25,65536,131072,262144,524288,524288,671,65536,131072,131072,131072,131072,79,65536,131072,131072,131072,131072,89,131072,262144,262144,262144,262144,96,0,0,0,0,0,0,0,0,0,0,0,0,0,0,0,0,0,0,0,0,0,0,0,0,0,0,0,0,0,0,0,0,32858,30449,51385,0,41,21,0
48171282434200,3395,2048,4096,16384,21457,256,512,1024,3386,4096,8192,8192,2726,4096,16384,16384,652,8192,8192,8192,37,2048,4096,4096,703,512,1024,2048,2745,1024,2048,2048,449,4096,4096,4096,11,2048,65536,262144,32558,1048576,1048576,2097152,40,524288,1048576,1048576,40,524288,524288,524288,40,1024,2048,2048,40,64,32768,65536,40,256,512,1024,4561,256,512,1024,4561,128,512,1024,193104,128,512,1024,24534,128,512,1024,3601,256,512,1024,5445,512,1024,1024,1439,256,512,1024,1394,128,512,1024,21186,128,512,1024,3150,128,512,512,411,128,512,1024,333,256,512,1024,333,256,512,1024,99,1024,1024,1024,4,0,0,0,0,64,64,64,4,64,128,128,20,64,128,128,20,16.21,12.25,3.96,0,37,33,703,95,76,0,0,0,0,0,0,0,65536,131072,131072,131072,131072,37,65536,131072,131072,131072,131072,33,65536,131072,131072,262144,262144,703,131072,131072,131072,131072,262144,95,65536,131072,131072,131072,131072,76,0,0,0,0,0,0,0,0,0,0,0,0,0,0,0,0,0,0,0,0,0,0,0,0,0,0,0,0,0,0,0,0,0,0,0,0,0,0,34736,31473,46918,0,40,20,0
48172303714600,3428,2048,4096,16384,21614,512,512,1024,3394,4096,8192,8192,2662,4096,8192,32768,731,8192,8192,16384,31,2048,4096,4096,672,512,1024,4096,2699,1024,2048,2048,461,4096,4096,4096,11,1024,65536,262144,32671,1048576,1048576,2097152,41,524288,1048576,1048576,41,524288,524288,524288,41,1024,2048,2048,41,64,4096,32768,41,256,512,1024,4596,256,512,1024,4299,128,512,1024,194526,128,512,1024,23958,128,512,512,3992,128,512,1024,6237,512,1024,1024,1338,256,512,1024,1374,128,512,1024,22113,128,512,512,3033,128,512,1024,477,128,512,512,252,256,512,1024,279,256,512,512,99,2048,2048,2048,29,1024,1024,1024,33,64,64,128,62,64,64,64,20,16384,32768,32768,20,16.31,11.60,4.72,33,31,32,672,88,94,0,262144,262144,262144,262144,262144,33,65536,131072,131072,131072,131072,31,65536,131072,131072,131072,262144,32,65536,131072,262144,262144,262144,672,131072,131072,131072,131072,262144,88,65536,131072,131072,131072,131072,94,0,0,0,0,0,0,0,0,0,0,0,0,0,0,0,0,0,0,0,0,0,0,0,0,0,0,0,0,0,0,0,0,0,0,0,0,0,0,33764,31335,50771,0,41,20,0
48173324906300,3461,2048,4096,16384,21582,512,512,1024,3421,4096,8192,32768,2733,4096,8192,16384,720,8192,8192,8192,25,2048,4096,4096,710,512,1024,2048,2742,1024,2048,2048,454,4096,4096,4096,11,1024,131072,262144,32753,1048576,1048576,2097152,41,524288,1048576,1048576,41,524288,524288,524288,41,1024,2048,2048,41,64,2048,65536,41,256,512,1024,5166,256,512,1024,4869,128,512,1024,194238,128,512,1024,24597,128,512,512,4401,128,512,1024,6030,512,1024,1024,1479,256,512,1024,1425,128,512,512,23751,128,512,512,3348,128,512,512,522,128,512,512,324,256,512,1024,225,256,512,1024,99,1024,2048,2048,34,512,1024,1024,33,64,64,64,67,64,64,64,21,8192,32768,65536,21,16.70,11.48,5.23,33,25,31,710,76,78,0,262144,262144,262144,262144,524288,33,65536,131072,131072,131072,131072,25,65536,131072,131072,131072,131072,31,65536,131072,131072,262144,262144,710,131072,131072,131072,131072,131072,76,65536,131072,131072,131072,131072,78,0,0,0,0,0,0,0,0,0,0,0,0,0,0,0,0,0,0,0,0,0,0,0,0,0,0,0,0,0,0,0,0,0,0,0,0,0,0,33949,31360,48522,1,41,21,0
48174344478200,3487,2048,4096,16384,21188,512,512,1024,3449,4096,8192,8192,2754,4096,8192,16384,655,8192,8192,8192,33,2048,2048,4096,728,512,1024,4096,2732,1024,2048,2048,447,4096,4096,4096,16,1024,65536,262144,32437,1048576,1048576,2097152,41,1048576,1048576,1048576,41,524288,524288,524288,41,1024,2048,2048,41,64,16384,32768,41,256,512,1024,5045,256,512,1024,4811,256,512,1024,190692,256,512,1024,24786,128,512,1024,3642,128,512,1024,5913,512,1024,1024,1371,256,512,1024,1308,128,512,512,23931,128,512,512,3447,128,512,512,519,128,512,1024,270,256,512,1024,297,256,512,512,144,1024,2048,2048,31,1024,1024,1024,27,64,128,128,58,64,128,128,20,16384,32768,32768,20,16.10,11.76,4.35,27,33,32,728,78,75,0,262144,262144,262144,262144,524288,27,65536,131072,131072,131072,262144,33,65536,131072,131072,131072,131072,32,65536,131072,131072,262144,262144,728,65536,131072,131072,131072,262144,78,65536,131072,131072,131072,262144,75,0,0,0,0,0,0,0,0,0,0,0,0,0,0,0,0,0,0,0,0,0,0,0,0,0,0,0,0,0,0,0,0,0,0,0,0,0,0,33542,30968,49590,0,41,20,0
48175363526700,3500,2048,4096,16384,21317,512,512,1024,3488,4096,8192,8192,2728,4096,8192,16384,710,8192,8192,16384,24,2048,4096,4096,710,512,1024,2048,2728,1024,2048,2048,494,4096,8192,8192,19,2048,131072,262144,32548,1048576,1048576,1048576,41,524288,1048576,1048576,41,524288,524288,524288,41,1024,2048,2048,41,128,32768,32768,41,256,512,1024,4597,256,512,1024,4480,256,512,1024,191853,256,512,1024,24552,128,512,1024,4117,256,512,1024,6237,512,1024,1024,1356,256,512,1024,1230,128,512,1024,22482,128,512,512,3519,128,512,1024,561,128,512,512,198,256,512,1024,216,256,1024,1024,171,1024,2048,2048,7,1024,1024,1024,12,64,64,64,19,64,128,128,21,128,32768,32768,21,14.05,10.22,3.83,12,24,24,710,82,85,0,262144,262144,262144,262144,524288,12,65536,131072,131072,131072,131072,24,65536,131072,131072,131072,131072,24,65536,131072,262144,262144,262144,710,131072,131072,131072,131072,131072,82,65536,131072,262144,262144,262144,85,0,0,0,0,0,0,0,0,0,0,0,0,0,0,0,0,0,0,0,0,0,0,0,0,0,0,0,0,0,0,0,0,0,0,0,0,0,0,33522,30688,48370,0,41,21,0
48176384906100,3500,2048,4096,16384,21016,512,512,1024,3466,4096,8192,8192,2672,4096,16384,32768,733,8192,8192,8192,35,2048,2048,4096,674,512,1024,2048,2710,1024,2048,2048,505,4096,4096,4096,9,1024,65536,262144,32194,1048576,1048576,2097152,40,524288,1048576,1048576,40,524288,524288,524288,40,2048,2048,2048,40,64,128,128,40,256,512,1024,4508,256,512,1024,4508,128,512,1024,189144,256,512,1024,24048,128,512,1024,4394,256,512,1024,6192,512,1024,1024,1156,256,512,512,1282,128,512,1024,22563,128,512,512,3330,128,512,1024,597,128,512,512,333,256,512,512,315,256,512,512,81,0,0,0,0,0,0,0,0,0,0,0,0,64,128,128,20,64,256,256,20,15.79,11.46,4.33,0,35,26,674,84,76,0,0,0,0,0,0,0,65536,131072,131072,131072,131072,35,131072,131072,131072,131072,131072,26,65536,131072,262144,262144,262144,674,131072,131072,131072,131072,262144,84,65536,131072,131072,131072,262144,76,0,0,0,0,0,0,0,0,0,0,0,0,0,0,0,0,0,0,0,0,0,0,0,0,0,0,0,0,0,0,0,0,0,0,0,0,0,0,33776,30807,50643,0,40,20,0
48177404755800,3500,2048,4096,16384,21223,512,512,1024,3455,4096,8192,8192,2755,4096,8192,16384,702,8192,16384,32768,30,2048,2048,4096,704,512,1024,1024,2777,1024,2048,2048,480,4096,4096,4096,14,2048,131072,262144,32493,1048576,1048576,1048576,41,524288,1048576,1048576,41,524288,524288,524288,41,1024,2048,2048,41,64,32768,32768,41,256,512,1024,4596,256,512,1024,4596,128,512,1024,191007,256,512,1024,24795,128,512,1024,4006,256,512,1024,6165,512,1024,1024,1340,256,512,1024,1313,128,512,1024,22716,128,512,512,3366,128,512,512,612,128,512,512,252,256,512,1024,270,256,512,1024,126,0,0,0,0,0,0,0,0,0,0,0,0,64,128,128,20,64,128,128,20,16.61,11.37,5.24,0,30,21,704,77,73,0,0,0,0,0,0,0,131072,131072,131072,131072,262144,30,65536,131072,131072,131072,262144,21,65536,131072,262144,262144,524288,703,131072,131072,131072,131072,131072,77,65536,131072,131072,131072,131072,73,0,0,0,0,0,0,0,0,0,0,0,0,0,0,0,0,0,0,0,0,0,0,0,0,0,0,0,0,0,0,0,0,0,0,0,0,1,0,34619,31211,48113,0,41,20,0
48178428231200,3500,4096,4096,16384,22131,512,512,1024,3518,4096,8192,8192,2765,4096,8192,16384,699,8192,8192,8192,24,2048,4096,8192,719,512,1024,2048,2798,1024,2048,2048,468,4096,8192,8192,11,2048,131072,262144,33491,1048576,2097152,2097152,41,1048576,1048576,1048576,41,524288,524288,524288,41,1024,2048,2048,41,64,8192,65536,41,256,512,1024,4629,256,512,1024,4629,256,512,1024,199179,256,512,1024,24885,128,512,1024,3867,256,512,1024,6219,512,1024,2048,1365,256,512,1024,1275,128,512,1024,23445,128,512,1024,3546,128,512,1024,576,128,512,512,171,256,512,1024,216,256,512,1024,99,0,0,0,0,0,0,0,0,0,0,0,0,64,128,128,21,64,128,128,21,17.68,12.97,4.71,0,24,17,719,92,93,0,0,0,0,0,0,0,65536,131072,131072,131072,262144,24,131072,131072,131072,131072,131072,17,65536,131072,262144,262144,524288,720,131072,131072,131072,131072,262144,92,65536,131072,262144,262144,262144,93,0,0,0,0,0,0,0,0,0,0,0,0,0,0,0,0,0,0,0,0,0,0,0,0,0,0,0,0,0,0,0,0,0,0,0,0,0,0,32913,31766,51146,0,41,21,0
48179447053700,3395,4096,4096,16384,21164,512,512,1024,3474,4096,8192,16384,2772,4096,16384,16384,689,8192,8192,8192,27,2048,2048,4096,736,512,1024,1024,2718,1024,2048,2048,452,4096,4096,4096,7,2048,131072,262144,32410,1048576,2097152,2097152,41,1048576,1048576,1048576,41,524288,524288,524288,41,1024,2048,2048,41,64,8192,131072,41,256,512,1024,4316,256,512,1024,5261,256,512,1024,190476,256,512,1024,24948,128,512,1024,4086,256,512,1024,5922,512,1024,2048,1422,256,512,1024,1377,128,512,1024,23328,128,512,1024,3456,128,512,1024,602,256,512,1024,279,256,512,1024,243,256,512,1024,63,0,0,0,0,0,0,0,0,0,0,0,0,64,128,128,20,128,128,128,20,15.60,12.40,3.20,0,27,12,736,80,76,105,0,0,0,0,0,0,65536,131072,131072,131072,131072,27,131072,131072,131072,131072,131072,12,65536,131072,262144,524288,8388608,736,131072,131072,262144,262144,262144,80,65536,131072,262144,262144,262144,76,131072,262144,262144,262144,524288,105,0,0,0,0,0,0,0,0,0,0,0,0,0,0,0,0,0,0,0,0,0,0,0,0,0,0,0,0,0,0,0,0,33198,30989,49912,0,41,20,0
48180468200000,3395,4096,4096,16384,21906,512,512,1024,3381,4096,8192,32768,2717,4096,16384,32768,700,8192,8192,8192,32,2048,4096,4096,681,512,1024,1024,2730,1024,2048,2048,442,4096,4096,4096,8,2048,131072,262144,33024,1048576,2097152,2097152,41,524288,1048576,1048576,41,524288,524288,524288,41,1024,2048,2048,41,64,2048,32768,41,256,512,1024,4485,256,512,1024,4485,256,512,1024,197154,256,512,1024,24453,128,512,1024,4190,256,512,1024,6102,512,1024,2048,1364,256,512,1024,1526,128,512,1024,23544,128,512,1024,3366,128,512,1024,492,128,512,1024,279,256,1024,1024,288,256,512,512,72,0,0,0,0,0,0,0,0,0,0,0,0,64,64,64,21,64,128,128,21,16.19,11.48,4.72,0,32,12,681,75,88,0,0,0,0,0,0,0,65536,131072,131072,131072,262144,32,65536,131072,131072,131072,131072,12,65536,131072,262144,262144,262144,681,131072,131072,262144,262144,262144,75,65536,131072,131072,131072,131072,88,0,0,0,0,0,0,0,0,0,0,0,0,0,0,0,0,0,0,0,0,0,0,0,0,0,0,0,0,0,0,0,0,0,0,0,0,0,0,33056,31354,47174,0,41,21,0
48181488272600,3395,4096,8192,16384,21873,512,512,1024,3393,4096,8192,16384,2661,4096,16384,16384,706,8192,8192,16384,26,2048,4096,4096,674,512,1024,1024,2680,1024,2048,2048,465,4096,4096,4096,10,2048,131072,262144,32828,1048576,1048576,2097152,41,524288,1048576,1048576,41,524288,524288,1048576,41,1024,2048,2048,41,64,32768,65536,41,256,512,1024,3935,256,512,1024,3935,256,512,1024,196857,256,512,1024,23949,128,512,1024,4132,256,512,1024,6129,512,1024,2048,1465,256,512,1024,1357,128,512,1024,23832,128,512,1024,3465,128,512,1024,651,128,512,512,288,256,512,1024,234,256,512,1024,90,1024,1024,1024,3,0,0,0,0,0,0,0,3,64,128,128,20,64,128,128,20,14.43,10.60,3.83,0,26,11,674,84,72,0,0,0,0,0,0,0,65536,131072,131072,131072,131072,26,131072,131072,131072,131072,131072,11,65536,131072,262144,262144,262144,664,131072,131072,131072,131072,131072,80,65536,131072,131072,131072,262144,71,0,0,0,0,0,0,0,0,0,0,0,0,0,0,0,0,0,0,0,0,0,0,0,0,0,0,0,0,0,0,0,0,0,0,0,0,15,0,33649,31283,49584,0,41,20,0
48182508487100,3430,2048,4096,16384,21696,512,512,1024,3399,4096,8192,16384,2742,4096,8192,16384,654,8192,8192,16384,25,2048,4096,4096,672,512,1024,1024,2767,1024,2048,2048,468,4096,4096,4096,11,2048,131072,262144,32769,1048576,1048576,1048576,40,524288,1048576,1048576,40,524288,524288,524288,40,2048,2048,2048,40,64,8192,16384,40,256,512,1024,4749,256,512,1024,4434,256,512,1024,195264,128,512,1024,24678,128,512,512,3615,128,512,1024,5949,512,1024,1024,1284,256,512,1024,1347,128,512,1024,23418,128,512,512,3366,128,512,1024,600,128,512,512,252,256,512,1024,225,256,512,1024,99,1024,2048,2048,38,1024,1024,1024,36,64,128,128,74,64,128,128,20,16384,32768,32768,20,15.06,11.49,3.57,36,25,13,672,75,79,0,262144,262144,262144,262144,262144,35,65536,131072,131072,131072,131072,25,65536,131072,131072,131072,131072,13,65536,131072,262144,262144,2097152,662,131072,131072,262144,262144,262144,79,65536,131072,131072,131072,131072,80,0,0,0,0,0,0,0,0,0,0,0,0,0,0,0,0,0,0,0,0,0,0,0,0,0,0,0,0,0,0,0,0,0,0,0,0,20,0,33886,31079,49609,0,40,20,0
48183528045500,3466,2048,4096,16384,21191,256,512,1024,3425,4096,8192,8192,2625,4096,8192,16384,674,8192,16384,16384,25,2048,2048,4096,696,512,1024,1024,2630,1024,2048,2048,486,4096,8192,8192,9,1024,65536,262144,32099,1048576,1048576,1048576,41,524288,1048576,1048576,41,524288,524288,524288,41,1024,2048,2048,41,64,32768,65536,41,256,512,1024,4735,256,512,1024,4411,128,512,1024,190719,128,512,1024,23625,128,512,1024,3655,256,512,1024,6075,512,1024,1024,1430,256,512,1024,1304,128,512,1024,25497,128,512,512,3492,128,512,512,420,128,512,512,207,256,1024,1024,225,256,512,1024,81,1024,2048,2048,33,1024,1024,1024,35,64,64,128,68,64,128,128,21,8192,65536,65536,21,15.32,10.98,4.34,35,25,11,696,79,63,0,262144,262144,262144,262144,262144,36,65536,131072,131072,131072,131072,25,65536,131072,131072,131072,131072,10,65536,131072,262144,262144,524288,702,65536,131072,131072,131072,131072,79,65536,131072,131072,131072,131072,63,0,0,0,0,0,0,0,0,0,0,0,0,0,0,0,0,0,0,0,0,0,0,0,0,0,0,0,0,0,0,0,0,0,0,0,0,15,0,34129,30856,48786,0,41,21,0
48184549190600,3500,2048,8192,16384,19333,512,512,1024,3457,4096,8192,16384,2770,4096,16384,16384,734,8192,8192,16384,40,2048,2048,4096,753,512,1024,2048,2773,1024,2048,2048,463,4096,4096,4096,10,2048,131072,262144,30745,1048576,1048576,2097152,41,524288,1048576,1048576,41,524288,524288,524288,41,2048,2048,2048,41,64,128,8192,41,256,512,1024,5057,256,512,1024,4751,128,512,1024,173997,256,512,1024,24930,128,512,1024,4482,256,512,1024,6372,512,1024,1024,1251,256,512,1024,1485,128,512,1024,22752,128,512,512,3807,128,512,1024,534,128,512,1024,315,256,512,1024,360,256,512,512,90,1024,2048,2048,31,1024,1024,2048,34,64,64,128,65,64,64,64,20,16384,65536,65536,20,14.28,10.20,4.08,34,40,17,753,84,80,0,262144,262144,262144,262144,524288,34,65536,131072,131072,131072,131072,40,65536,131072,131072,131072,131072,18,65536,131072,262144,524288,4194304,764,131072,131072,131072,131072,262144,84,65536,131072,131072,131072,131072,80,0,0,0,0,0,0,0,0,0,0,0,0,0,0,0,0,0,0,0,0,0,0,0,0,0,0,0,0,0,0,0,0,0,0,0,0,3,0,34557,29625,50690,0,41,20,0
48185568174400,3500,2048,4096,16384,21333,256,512,1024,3467,4096,8192,8192,2679,4096,16384,16384,749,8192,8192,16384,42,2048,2048,4096,686,512,1024,1024,2715,1024,2048,2048,494,4096,4096,4096,15,1024,65536,262144,32589,1048576,1048576,2097152,41,524288,1048576,1048576,41,524288,524288,524288,41,2048,2048,4096,41,64,32768,65536,41,256,512,1024,4304,256,512,1024,4304,128,512,1024,191997,256,512,1024,24111,128,512,512,4258,256,512,1024,6264,512,1024,1024,1227,256,512,1024,1452,128,512,1024,21744,128,512,512,2979,128,512,1024,560,128,512,1024,414,256,512,1024,378,256,512,1024,135,0,0,0,0,0,0,0,0,0,0,0,0,64,64,64,21,64,128,128,21,15.21,11.89,3.32,0,42,11,686,81,94,0,0,0,0,0,0,0,65536,131072,131072,131072,131072,41,65536,131072,131072,131072,131072,10,65536,131072,131072,262144,262144,685,131072,131072,131072,131072,131072,81,65536,131072,131072,131072,131072,94,0,0,0,0,0,0,0,0,0,0,0,0,0,0,0,0,0,0,0,0,0,0,0,0,0,0,0,0,0,0,0,0,0,0,0,0,6,0,34364,31332,49042,0,41,21,0
48186589765800,3500,2048,4096,16384,21234,512,512,1024,3492,4096,8192,8192,2768,4096,16384,32768,655,8192,16384,16384,37,2048,2048,4096,691,512,1024,2048,2751,1024,2048,2048,482,4096,8192,8192,12,1024,65536,262144,32505,1048576,1048576,1048576,41,524288,1048576,1048576,41,524288,524288,524288,41,1024,2048,2048,41,64,32768,65536,41,256,512,1024,4438,256,512,1024,4438,128,512,1024,191106,256,512,1024,24912,128,512,1024,3708,256,512,1024,5832,512,1024,1024,1448,256,512,1024,1421,128,512,1024,22941,128,512,1024,3555,128,512,512,468,128,512,1024,261,256,512,1024,333,256,512,1024,108,0,0,0,0,0,0,0,0,0,0,0,0,64,64,64,20,64,128,128,20,17.85,12.87,4.97,0,37,21,691,76,84,0,0,0,0,0,0,0,65536,131072,131072,131072,131072,38,65536,131072,131072,131072,131072,22,65536,131072,262144,262144,262144,695,131072,131072,131072,131072,262144,76,65536,131072,131072,131072,262144,82,0,0,0,0,0,0,0,0,0,0,0,0,0,0,0,0,0,0,0,0,0,0,0,0,0,0,0,0,0,0,0,0,0,0,0,0,2,0,34975,31270,47784,0,41,20,0
48187611343300,3500,2048,4096,16384,21012,512,512,1024,3480,4096,8192,8192,2822,4096,16384,16384,706,8192,16384,32768,31,2048,2048,4096,692,512,1024,1024,2808,1024,2048,2048,455,4096,4096,4096,11,2048,65536,262144,32362,1048576,1048576,1048576,40,524288,1048576,1048576,40,524288,524288,524288,40,512,2048,2048,40,64,16384,65536,41,256,512,1024,4549,256,512,1024,4549,256,512,1024,189108,128,512,1024,25398,128,512,512,4059,256,512,1024,6417,512,1024,1024,1269,256,512,1024,1449,128,512,512,21681,128,512,512,3132,128,512,512,621,256,512,1024,351,256,1024,1024,279,256,512,1024,99,0,0,0,0,0,0,0,0,0,0,0,0,64,128,128,21,64,128,128,21,16.43,12.23,4.20,0,31,23,692,69,88,0,0,0,0,0,0,0,65536,131072,131072,131072,262144,30,65536,131072,131072,131072,131072,23,65536,131072,131072,262144,262144,685,131072,131072,262144,262144,262144,68,65536,131072,262144,262144,262144,90,0,0,0,0,0,0,0,0,0,0,0,0,0,0,0,0,0,0,0,0,0,0,0,0,0,0,0,0,0,0,0,0,0,0,0,0,9,0,33610,30989,49805,0,40,21,0
48188631748500,3500,2048,4096,16384,22522,512,512,1024,3461,4096,8192,16384,2694,4096,16384,16384,733,8192,8192,16384,42,2048,2048,4096,694,512,1024,2048,2756,1024,2048,2048,474,4096,4096,4096,13,2048,65536,262144,33834,1048576,1048576,1048576,41,524288,1048576,1048576,41,524288,524288,524288,41,1024,2048,2048,41,64,16384,32768,40,256,512,1024,4429,256,512,1024,4429,256,512,1024,202698,128,512,1024,24246,128,512,512,4141,256,512,1024,6561,512,1024,1024,1256,256,512,1024,1364,128,512,512,21321,128,512,512,3204,128,512,512,480,128,512,512,360,256,512,1024,378,256,1024,1024,117,0,0,0,0,0,0,0,0,0,0,0,0,64,128,128,20,64,128,128,20,16.09,11.62,4.47,0,42,23,694,83,63,0,0,0,0,0,0,0,65536,131072,131072,131072,131072,43,131072,131072,131072,131072,1048576,23,65536,131072,131072,262144,262144,701,131072,131072,262144,262144,262144,84,65536,131072,131072,131072,262144,63,0,0,0,0,0,0,0,0,0,0,0,0,0,0,0,0,0,0,0,0,0,0,0,0,0,0,0,0,0,0,0,0,0,0,0,0,0,0,34100,32268,50151,0,41,20,0
48189651630700,3395,2048,4096,16384,21087,256,512,1024,3423,4096,8192,8192,2706,4096,8192,16384,685,8192,8192,8192,30,2048,2048,4096,718,512,1024,2048,2708,1024,2048,2048,451,4096,4096,4096,20,1024,65536,262144,32182,1048576,1048576,2097152,41,524288,1048576,1048576,41,524288,524288,524288,41,1024,2048,2048,41,64,65536,65536,41,256,512,1024,4188,256,512,1024,5133,128,512,1024,189783,128,512,1024,24354,128,512,512,3624,256,512,1024,6138,512,1024,1024,1458,256,512,1024,1260,128,512,1024,24255,128,512,1024,3321,128,512,1024,411,128,512,512,189,256,512,1024,270,256,512,1024,180,0,0,0,0,0,0,0,0,0,0,0,0,64,128,128,20,64,256,256,20,14.17,10.85,3.32,0,30,24,718,76,71,105,0,0,0,0,0,0,65536,131072,131072,131072,131072,30,65536,131072,131072,131072,131072,24,65536,131072,131072,262144,524288,717,131072,131072,131072,131072,131072,76,65536,131072,131072,131072,131072,71,262144,262144,262144,262144,262144,105,0,0,0,0,0,0,0,0,0,0,0,0,0,0,0,0,0,0,0,0,0,0,0,0,0,0,0,0,0,0,1,0,33372,30971,50503,0,41,20,0
48190671752100,3395,2048,4096,16384,21699,512,512,1024,3370,4096,8192,8192,2741,4096,16384,32768,681,8192,8192,8192,23,2048,4096,4096,735,512,1024,2048,2742,1024,2048,2048,469,4096,8192,8192,18,2048,131072,262144,32846,1048576,1048576,1048576,41,524288,1048576,1048576,41,524288,524288,524288,41,1024,2048,2048,41,64,8192,65536,41,128,512,1024,4468,256,512,1024,4468,128,512,1024,195295,128,512,1024,24669,128,512,512,4006,128,512,1024,5976,512,1024,1024,1281,256,512,1024,1380,128,512,512,23031,128,512,512,3564,128,512,512,792,128,512,512,324,256,512,1024,207,256,512,1024,162,0,0,0,0,0,0,0,0,0,0,0,0,64,64,128,21,64,128,128,21,16.34,12.51,3.83,0,23,23,735,79,87,0,0,0,0,0,0,0,65536,131072,131072,131072,131072,23,65536,131072,131072,131072,131072,22,65536,131072,262144,262144,262144,730,131072,131072,131072,131072,262144,79,65536,131072,131072,131072,262144,87,0,0,0,0,0,0,0,0,0,0,0,0,0,0,0,0,0,0,0,0,0,0,0,0,0,0,0,0,0,0,0,0,0,0,0,0,7,0,34237,31523,48556,0,41,21,0
48191692267500,3404,2048,4096,16384,21341,512,512,1024,3386,4096,8192,8192,2706,4096,8192,16384,692,8192,8192,8192,30,2048,2048,4096,679,512,1024,4096,2695,1024,2048,2048,486,4096,4096,4096,17,2048,65536,262144,32386,1048576,1048576,1048576,41,524288,1048576,1048576,41,524288,524288,524288,41,1024,2048,2048,41,64,32768,32768,41,128,512,1024,4839,256,512,1024,4758,128,512,1024,192065,128,512,1024,24354,128,512,512,3875,128,512,1024,5922,512,1024,2048,1320,256,512,1024,1230,128,512,512,23562,128,512,512,3528,128,512,1024,602,128,512,512,261,256,512,1024,270,256,512,512,153,1024,2048,2048,11,1024,1024,1024,11,64,64,64,22,64,128,128,20,64,32768,32768,20,16.21,12.00,4.21,11,30,28,679,94,82,0,262144,262144,262144,262144,262144,11,65536,131072,131072,131072,262144,30,65536,131072,131072,131072,262144,29,65536,131072,131072,262144,2097152,682,131072,131072,131072,131072,262144,94,65536,131072,131072,131072,131072,82,0,0,0,0,0,0,0,0,0,0,0,0,0,0,0,0,0,0,0,0,0,0,0,0,0,0,0,0,0,0,0,0,0,0,0,0,3,0,34899,31142,49093,0,41,20,0
48192713348000,3439,2048,4096,16384,21786,256,512,1024,3400,4096,8192,8192,2703,4096,8192,16384,703,8192,8192,8192,46,2048,4096,4096,638,512,1024,2048,2702,1024,2048,2048,454,4096,4096,4096,13,1024,131072,262144,32935,1048576,1048576,2097152,41,524288,1048576,1048576,41,524288,524288,524288,41,1024,2048,2048,41,64,128,32768,41,256,512,1024,4685,256,512,1024,4370,128,512,1024,196074,128,512,1024,24327,128,512,512,4102,256,512,1024,6030,512,1024,1024,1244,256,512,1024,1352,128,512,1024,23544,128,512,1024,3249,128,512,1024,758,128,512,512,360,256,512,1024,414,256,512,1024,117,1024,2048,2048,37,1024,1024,1024,33,64,64,64,70,64,128,128,21,16384,32768,32768,21,15.94,12.11,3.83,33,46,35,638,71,81,0,262144,262144,262144,262144,262144,33,65536,131072,131072,131072,262144,46,65536,131072,131072,131072,131072,35,65536,131072,131072,131072,262144,641,131072,131072,131072,131072,131072,69,65536,131072,131072,131072,131072,80,0,0,0,0,0,0,0,0,0,0,0,0,0,0,0,0,0,0,0,0,0,0,0,0,0,0,0,0,0,0,0,0,0,0,0,0,3,0,33968,31606,47720,0,41,21,0
48193732505800,3466,2048,4096,16384,21381,512,512,1024,3411,4096,8192,16384,2606,4096,8192,16384,656,8192,8192,8192,32,2048,4096,4096,686,512,1024,4096,2645,1024,2048,2048,472,4096,4096,4096,12,2048,131072,262144,32306,1048576,1048576,1048576,40,524288,1048576,1048576,40,524288,524288,524288,40,1024,2048,2048,40,64,32768,32768,40,256,512,1024,4576,256,512,1024,4333,128,512,1024,192429,256,512,1024,23454,128,512,512,3352,256,512,1024,6075,512,1024,1024,1206,256,512,1024,1197,128,512,1024,22167,128,512,1024,3276,128,512,1024,582,128,512,512,288,256,512,1024,288,256,512,1024,108,1024,2048,2048,29,1024,2048,2048,31,64,64,64,60,64,128,128,20,16384,32768,32768,20,15.84,11.63,4.22,31,32,42,686,79,76,0,262144,262144,262144,262144,524288,30,65536,131072,131072,131072,131072,32,65536,131072,131072,131072,131072,42,65536,131072,131072,262144,262144,686,131072,131072,131072,131072,262144,81,65536,131072,131072,131072,131072,77,0,0,0,0,0,0,0,0,0,0,0,0,0,0,0,0,0,0,0,0,0,0,0,0,0,0,0,0,0,0,0,0,0,0,0,0,0,0,33117,30931,48803,1,40,20,0
48194753966600,3495,2048,4096,16384,20879,512,512,1024,3455,4096,8192,16384,2854,4096,8192,16384,723,8192,8192,16384,39,2048,2048,4096,754,512,1024,4096,2831,1024,2048,2048,486,4096,4096,4096,17,2048,131072,262144,32440,1048576,1048576,1048576,41,524288,1048576,1048576,41,524288,524288,524288,41,1024,2048,2048,41,64,8192,32768,41,256,512,1024,4851,256,512,1024,4590,128,512,1024,187916,256,512,1024,25686,128,512,1024,3920,256,512,1024,6264,512,1024,1024,1497,256,512,1024,1290,128,512,1024,23724,128,512,512,3555,128,512,1024,506,128,512,512,324,256,512,1024,351,256,512,1024,153,2048,2048,2048,26,1024,1024,1024,26,64,64,128,52,64,64,64,20,16384,32768,32768,20,16.32,11.60,4.72,26,39,44,754,86,100,0,262144,262144,262144,262144,262144,26,65536,131072,131072,131072,131072,39,65536,131072,131072,131072,4194304,42,65536,131072,131072,262144,262144,737,65536,131072,131072,131072,131072,86,65536,131072,131072,131072,131072,100,0,0,0,0,0,0,0,0,0,0,0,0,0,0,0,0,0,0,0,0,0,0,0,0,0,0,0,0,0,0,0,0,0,0,0,0,19,0,33840,31179,48567,0,41,20,0
48195772994600,3500,2048,4096,16384,21489,512,512,1024,3397,4096,8192,8192,2630,4096,8192,16384,667,8192,8192,8192,33,2048,2048,4096,703,512,1024,2048,2633,1024,2048,2048,437,4096,4096,4096,10,1024,65536,524288,32358,1048576,1048576,2097152,41,524288,1048576,1048576,41,524288,524288,524288,41,1024,1024,2048,41,64,32768,65536,41,256,512,1024,4798,256,512,1024,4753,128,512,1024,193396,256,512,1024,23670,128,512,1024,3794,256,512,1024,5976,512,1024,1024,1412,256,512,1024,1331,128,512,1024,23193,128,512,512,3402,128,512,1024,656,128,512,1024,315,256,512,1024,297,256,512,512,90,1024,1024,1024,2,512,1024,1024,4,64,64,64,6,64,128,128,21,64,128,32768,21,15.33,11.37,3.96,4,33,48,703,82,87,0,262144,262144,262144,262144,262144,5,65536,131072,131072,131072,131072,33,65536,131072,131072,131072,131072,50,65536,131072,131072,131072,262144,720,65536,131072,131072,131072,131072,82,65536,131072,131072,131072,131072,87,0,0,0,0,0,0,0,0,0,0,0,0,0,0,0,0,0,0,0,0,0,0,0,0,0,0,0,0,0,0,0,0,0,0,0,0,0,0,33715,30971,48899,0,41,21,0
48196794612000,3500,2048,4096,16384,21332,512,512,1024,3540,4096,8192,16384,2822,4096,16384,16384,697,8192,8192,8192,32,2048,4096,4096,697,512,1024,4096,2843,1024,2048,2048,490,4096,4096,4096,14,2048,131072,262144,32855,1048576,1048576,1048576,41,524288,1048576,1048576,41,524288,524288,524288,41,1024,2048,2048,41,64,1024,32768,41,256,512,1024,4806,256,512,1024,4806,128,512,1024,191988,256,512,1024,25398,128,512,512,3983,256,512,1024,6237,512,1024,1024,1410,256,512,1024,1347,128,512,1024,24030,128,512,512,3483,128,512,512,492,128,512,512,279,256,512,1024,288,256,512,512,126,0,0,0,0,0,0,0,0,0,0,0,0,64,128,128,20,64,256,256,20,15.94,11.35,4.59,0,32,42,697,101,94,0,0,0,0,0,0,0,65536,131072,131072,131072,131072,32,65536,131072,131072,131072,262144,42,65536,131072,131072,262144,262144,697,131072,131072,131072,131072,262144,101,65536,131072,131072,131072,131072,94,0,0,0,0,0,0,0,0,0,0,0,0,0,0,0,0,0,0,0,0,0,0,0,0,0,0,0,0,0,0,0,0,0,0,0,0,0,0,33317,31468,48924,0,41,20,0
48197816062000,3500,2048,4096,16384,22141,512,512,1024,3534,4096,8192,16384,2871,4096,16384,16384,777,8192,8192,8192,42,2048,2048,4096,737,512,1024,4096,2835,1024,2048,2048,509,4096,4096,4096,15,2048,131072,262144,33887,1048576,2097152,2097152,41,524288,1048576,1048576,41,524288,524288,524288,41,1024,2048,2048,41,64,32768,32768,41,256,512,1024,4527,256,512,1024,4527,128,512,1024,199269,128,512,1024,25839,128,512,512,4271,256,512,1024,6948,512,1024,1024,1494,256,512,1024,1521,128,512,1024,23895,128,512,512,3717,128,512,512,539,128,512,512,387,256,512,1024,378,256,512,1024,135,0,0,0,0,0,0,0,0,0,0,0,0,64,64,64,21,64,128,128,21,16.32,11.98,4.33,0,42,62,737,81,86,0,0,0,0,0,0,0,65536,131072,131072,131072,131072,42,65536,131072,131072,131072,262144,62,65536,131072,131072,262144,524288,729,131072,131072,131072,131072,131072,81,65536,131072,131072,131072,262144,86,0,0,0,0,0,0,0,0,0,0,0,0,0,0,0,0,0,0,0,0,0,0,0,0,0,0,0,0,0,0,0,0,0,0,0,0,7,0,34222,32453,48655,0,41,21,0
48198837197200,3500,2048,4096,16384,22110,512,512,1024,3449,4096,8192,8192,2688,4096,8192,16384,685,8192,8192,8192,30,2048,2048,4096,682,512,1024,4096,2734,1024,2048,2048,439,4096,16384,16384,16,2048,65536,262144,33237,1048576,1048576,2097152,41,524288,1048576,1048576,41,524288,524288,524288,41,1024,2048,2048,41,64,65536,65536,41,256,512,1024,4751,256,512,1024,4751,128,512,1024,198990,128,512,1024,24192,128,512,512,4038,128,512,1024,6183,512,1024,1024,1373,256,512,1024,1283,128,512,1024,24003,128,512,1024,3555,128,512,512,512,128,512,1024,243,256,512,1024,270,256,1024,1024,144,0,0,0,0,0,0,0,0,0,0,0,0,64,128,128,20,64,128,128,20,15.94,11.47,4.46,0,30,51,682,69,78,0,0,0,0,0,0,0,65536,131072,131072,131072,131072,30,131072,131072,131072,131072,131072,51,65536,131072,131072,131072,131072,687,131072,131072,131072,131072,262144,69,65536,131072,131072,131072,131072,76,0,0,0,0,0,0,0,0,0,0,0,0,0,0,0,0,0,0,0,0,0,0,0,0,0,0,0,0,0,0,0,0,0,0,0,0,5,0,34245,31587,49944,0,41,20,0
48199855964700,3395,2048,4096,16384,22311,256,512,1024,3443,4096,8192,8192,2796,4096,8192,16384,715,8192,8192,8192,31,2048,2048,4096,736,512,1024,4096,2818,1024,2048,2048,488,4096,4096,4096,12,2048,131072,262144,33672,1048576,1048576,1048576,40,524288,1048576,1048576,40,524288,524288,524288,40,1024,2048,2048,40,64,16384,32768,40,256,512,1024,4494,256,512,1024,5439,128,512,1024,200799,128,512,1024,25164,128,512,512,4299,128,512,1024,6147,512,1024,1024,1322,256,512,1024,1502,128,512,512,23301,128,512,512,3438,128,512,512,483,128,512,512,306,256,512,1024,279,256,512,1024,108,0,0,0,0,0,0,0,0,0,0,0,0,64,128,128,20,64,128,128,20,14.95,10.99,3.96,0,31,64,736,67,84,105,0,0,0,0,0,0,65536,131072,131072,131072,131072,30,65536,131072,131072,131072,262144,63,65536,131072,131072,131072,131072,734,131072,131072,131072,131072,131072,67,65536,131072,131072,131072,131072,86,262144,262144,262144,262144,262144,105,0,0,0,0,0,0,0,0,0,0,0,0,0,0,0,0,0,0,0,0,0,0,0,0,0,0,0,0,0,0,6,0,33766,32130,49644,0,40,20,0
48200877600000,3395,2048,4096,16384,20993,512,512,1024,3253,4096,8192,8192,2603,4096,8192,16384,669,8192,8192,8192,33,2048,2048,4096,676,512,1024,4096,2550,1024,2048,2048,458,4096,4096,4096,14,2048,131072,262144,31608,1048576,1048576,1048576,41,524288,1048576,1048576,41,524288,524288,524288,41,1024,2048,2048,41,64,8192,32768,41,256,512,1024,4674,256,512,1024,4674,128,512,1024,188937,128,512,1024,23427,128,512,512,3927,128,512,1024,5724,512,1024,1024,1335,256,512,1024,1317,128,512,512,23508,128,512,512,3276,128,512,512,737,128,512,512,324,256,512,1024,297,256,512,1024,126,0,0,0,0,0,0,0,0,0,0,0,0,64,128,128,21,64,128,256,21,16.19,12.11,4.08,0,33,49,676,87,61,0,0,0,0,0,0,0,65536,131072,131072,131072,131072,34,65536,131072,131072,131072,262144,50,65536,131072,131072,262144,262144,680,131072,131072,131072,131072,262144,87,65536,131072,131072,131072,131072,61,0,0,0,0,0,0,0,0,0,0,0,0,0,0,0,0,0,0,0,0,0,0,0,0,0,0,0,0,0,0,0,0,0,0,0,0,1,0,34278,30397,50776,0,41,21,0
48201898480900,3402,2048,4096,16384,22094,512,512,1024,3424,4096,8192,8192,2744,4096,16384,16384,757,8192,8192,8192,30,2048,2048,4096,678,512,1024,4096,2795,1024,2048,2048,460,4096,4096,4096,17,2048,131072,262144,33359,1048576,1048576,1048576,41,524288,1048576,1048576,41,524288,524288,524288,41,1024,2048,2048,41,64,16384,65536,41,256,512,1024,4735,256,512,1024,4672,128,512,1024,198846,128,512,1024,24696,128,512,512,4246,128,512,1024,6516,512,1024,1024,1241,256,512,1024,1196,128,512,1024,22608,128,512,512,3474,128,512,512,501,128,512,1024,198,256,512,1024,270,256,512,1024,153,1024,2048,2048,11,1024,1024,1024,8,64,128,128,19,64,64,64,20,64,32768,32768,20,15.57,11.36,4.21,8,30,47,678,102,81,0,262144,262144,262144,262144,262144,8,65536,131072,131072,131072,131072,30,65536,131072,131072,131072,131072,47,65536,131072,131072,262144,8388608,679,131072,131072,131072,131072,524288,102,65536,131072,131072,131072,131072,81,0,0,0,0,0,0,0,0,0,0,0,0,0,0,0,0,0,0,0,0,0,0,0,0,0,0,0,0,0,0,0,0,0,0,0,0,0,0,35008,31850,47922,0,41,20,0
48202917636900,3437,2048,4096,16384,21323,512,512,1024,3431,4096,8192,8192,2690,4096,8192,16384,682,8192,8192,8192,28,2048,4096,4096,683,512,1024,4096,2715,1024,2048,2048,445,4096,4096,4096,10,2048,131072,262144,32353,1048576,1048576,1048576,41,524288,1048576,1048576,41,524288,524288,524288,41,1024,1024,2048,41,64,32768,65536,41,128,512,1024,4689,256,512,1024,4374,128,512,1024,191907,128,512,1024,24210,128,512,512,3922,128,512,1024,6012,512,1024,1024,1410,256,512,1024,1374,128,512,1024,23760,128,512,512,3033,128,512,512,737,128,512,512,297,256,1024,1024,252,256,512,512,90,1024,2048,2048,33,1024,1024,1024,36,64,64,64,69,64,128,128,21,16384,32768,65536,21,14.44,10.73,3.70,36,28,54,683,79,76,0,262144,262144,262144,262144,262144,35,65536,131072,131072,131072,262144,28,65536,131072,131072,131072,131072,54,65536,131072,131072,262144,262144,679,131072,131072,131072,131072,131072,76,65536,131072,131072,131072,131072,74,0,0,0,0,0,0,0,0,0,0,0,0,0,0,0,0,0,0,0,0,0,0,0,0,0,0,0,0,0,0,0,0,0,0,0,0,9,0,33838,31043,50064,0,41,21,0
48203937806200,3472,2048,4096,16384,21636,512,512,1024,3071,4096,8192,8192,2654,4096,16384,16384,639,8192,8192,8192,28,2048,2048,4096,719,512,1024,4096,2695,1024,2048,2048,471,4096,8192,8192,20,2048,131072,262144,32328,1048576,1048576,1048576,41,524288,1048576,1048576,41,524288,524288,524288,41,1024,2048,2048,41,64,128,8192,41,256,512,1024,4954,256,512,1024,4639,128,512,1024,194724,256,512,1024,23886,128,512,512,3657,256,512,1024,5778,512,1024,1024,1365,256,512,1024,1473,128,512,512,23067,128,512,512,3303,128,512,1024,510,128,512,1024,270,256,512,512,252,256,512,1024,180,1024,2048,2048,38,1024,1024,1024,35,64,64,64,73,64,128,128,20,16384,32768,32768,20,16.97,12.12,4.85,35,28,57,719,84,77,0,262144,262144,262144,262144,262144,34,65536,131072,131072,131072,262144,28,65536,131072,131072,131072,131072,56,65536,131072,131072,131072,262144,718,131072,131072,131072,131072,262144,85,65536,131072,131072,131072,131072,76,0,0,0,0,0,0,0,0,0,0,0,0,0,0,0,0,0,0,0,0,0,0,0,0,0,0,0,0,0,0,0,0,0,0,0,0,12,0,33334,31167,48764,1,41,20,0
48204960533900,3500,2048,4096,16384,21326,512,512,1024,3327,4096,8192,8192,2752,4096,8192,16384,703,8192,8192,8192,27,2048,2048,4096,685,512,1024,2048,2729,1024,2048,2048,489,4096,4096,4096,15,2048,131072,262144,32408,1048576,1048576,1048576,40,524288,1048576,1048576,40,524288,524288,524288,40,1024,2048,2048,40,64,32768,65536,41,256,512,1024,5023,256,512,1024,4771,256,512,1024,191934,256,512,1024,24768,128,512,1024,3907,256,512,1024,6165,512,1024,1024,1293,256,512,1024,1347,128,512,1024,22428,128,512,512,3330,128,512,512,513,128,512,1024,252,256,512,1024,243,256,512,512,135,1024,2048,2048,23,1024,1024,1024,26,64,64,128,49,64,128,128,21,16384,32768,32768,21,15.03,10.70,4.33,26,27,31,685,100,85,0,262144,262144,262144,262144,262144,28,65536,131072,131072,131072,131072,27,65536,131072,131072,131072,131072,32,65536,131072,131072,262144,262144,690,131072,131072,131072,131072,131072,100,65536,131072,131072,131072,131072,87,0,0,0,0,0,0,0,0,0,0,0,0,0,0,0,0,0,0,0,0,0,0,0,0,0,0,0,0,0,0,0,0,0,0,0,0,3,0,33767,31137,50577,0,40,21,0
48205979483800,3500,2048,4096,16384,21065,512,512,1024,3540,4096,8192,8192,2744,4096,8192,32768,697,8192,8192,16384,33,2048,2048,4096,724,512,1024,4096,2749,1024,2048,2048,465,4096,4096,4096,8,2048,65536,262144,32427,1048576,1048576,2097152,41,524288,1048576,1048576,41,524288,524288,524288,41,1024,2048,2048,41,64,65536,65536,40,256,512,1024,4279,256,512,1024,4279,128,512,1024,189585,256,512,1024,24696,128,512,512,4225,256,512,1024,6264,512,1024,1024,1518,256,512,1024,1392,128,512,1024,22527,128,512,1024,3294,128,512,512,549,128,512,512,270,256,512,1024,297,256,512,1024,72,0,0,0,0,0,0,0,0,0,0,0,0,64,128,128,20,64,128,128,20,15.59,11.75,3.83,0,33,56,724,72,74,0,0,0,0,0,0,0,65536,131072,131072,131072,131072,33,65536,131072,131072,131072,131072,56,65536,131072,131072,131072,131072,724,131072,131072,131072,131072,131072,74,65536,131072,131072,131072,131072,75,0,0,0,0,0,0,0,0,0,0,0,0,0,0,0,0,0,0,0,0,0,0,0,0,0,0,0,0,0,0,0,0,0,0,0,0,0,0,34136,31110,49826,0,41,20,0
48207000360700,3500,2048,4096,16384,21227,512,512,1024,3485,4096,8192,8192,2786,4096,16384,16384,722,8192,8192,8192,35,2048,2048,4096,694,512,1024,2048,2795,1024,2048,4096,457,4096,4096,4096,8,1024,65536,262144,32586,1048576,1048576,1048576,41,524288,1048576,1048576,41,524288,524288,524288,41,1024,2048,2048,41,64,32768,65536,41,256,512,1024,4537,256,512,1024,4537,128,512,1024,191043,128,512,1024,25074,128,512,512,4034,256,512,1024,6480,512,1024,1024,1412,256,512,1024,1520,128,512,1024,22842,128,512,512,3465,128,512,1024,495,128,512,512,315,256,512,1024,315,256,512,512,72,0,0,0,0,0,0,0,0,0,0,0,0,64,128,128,20,64,128,128,20,16.83,12.62,4.21,0,35,38,694,86,88,0,0,0,0,0,0,0,65536,131072,131072,131072,131072,35,65536,131072,131072,131072,131072,38,65536,131072,131072,262144,1048576,694,131072,131072,131072,131072,131072,86,65536,131072,131072,131072,262144,88,0,0,0,0,0,0,0,0,0,0,0,0,0,0,0,0,0,0,0,0,0,0,0,0,0,0,0,0,0,0,0,0,0,0,0,0,0,0,33353,31154,47241,0,41,20,0
48208021731000,3500,2048,4096,16384,22477,512,512,1024,3499,4096,8192,8192,2811,4096,8192,16384,723,8192,8192,8192,27,2048,2048,4096,761,512,1024,2048,2803,1024,2048,2048,489,4096,4096,4096,8,256,65536,262144,33934,1048576,1048576,1048576,41,524288,1048576,1048576,41,524288,524288,524288,41,1024,1024,1024,41,64,8192,32768,41,256,512,1024,4753,256,512,1024,4753,128,512,1024,202293,128,512,1024,25299,128,512,512,3867,256,512,1024,6237,512,1024,1024,1474,256,512,1024,1375,128,512,512,23256,128,512,512,3393,128,512,512,501,128,512,512,288,256,512,1024,243,256,512,512,72,0,0,0,0,0,0,0,0,0,0,0,0,64,128,128,21,64,128,128,21,16.57,11.22,5.35,0,27,45,761,89,76,0,0,0,0,0,0,0,65536,131072,131072,131072,262144,26,65536,131072,131072,131072,262144,45,65536,131072,131072,131072,131072,759,65536,131072,131072,131072,131072,89,65536,131072,131072,131072,131072,76,0,0,0,0,0,0,0,0,0,0,0,0,0,0,0,0,0,0,0,0,0,0,0,0,0,0,0,0,0,0,0,0,0,0,0,0,3,0,34538,32307,49273,0,41,21,0
48209044058100,3500,2048,4096,16384,21909,512,512,1024,3580,4096,8192,8192,2736,4096,8192,16384,712,8192,8192,8192,30,2048,2048,4096,676,512,1024,4096,2781,1024,2048,2048,466,4096,4096,4096,14,1024,65536,262144,33283,1048576,1048576,1048576,41,524288,1048576,1048576,41,524288,524288,524288,41,1024,1024,2048,41,64,128,16384,41,256,512,1024,4620,256,512,1024,4620,128,512,1024,197181,128,512,1024,24624,128,512,512,4075,128,512,1024,6165,512,1024,1024,1248,256,512,1024,1338,128,512,1024,24561,128,512,1024,3429,128,512,512,504,128,512,1024,252,256,512,512,270,256,512,512,126,0,0,0,0,0,0,0,0,0,0,0,0,64,128,128,20,64,128,128,20,15.03,10.57,4.46,0,30,44,676,85,77,0,0,0,0,0,0,0,65536,131072,131072,131072,131072,31,65536,131072,131072,131072,131072,44,65536,131072,131072,262144,262144,677,131072,131072,131072,131072,131072,85,65536,131072,131072,131072,131072,77,0,0,0,0,0,0,0,0,0,0,0,0,0,0,0,0,0,0,0,0,0,0,0,0,0,0,0,0,0,0,0,0,0,0,0,0,1,0,34048,31736,49308,0,41,20,0
48210061965300,3395,2048,4096,16384,20876,512,512,1024,3348,4096,8192,8192,2726,4096,8192,16384,656,8192,8192,16384,30,2048,2048,4096,707,512,1024,2048,2703,1024,2048,2048,458,4096,4096,4096,7,2048,65536,262144,31872,1048576,1048576,1048576,40,524288,1048576,1048576,40,524288,524288,524288,40,1024,2048,2048,40,64,32768,65536,41,256,512,1024,4190,256,512,1024,5135,128,512,1024,187884,128,512,1024,24534,128,512,1024,3610,256,512,1024,5679,512,1024,1024,1395,256,512,1024,1188,128,512,1024,23283,128,512,1024,3528,128,512,1024,573,256,512,512,225,256,1024,1024,270,256,512,1024,63,0,0,0,0,0,0,0,0,0,0,0,0,64,128,128,21,128,128,128,21,15.09,10.61,4.48,0,30,29,707,78,78,105,0,0,0,0,0,0,65536,131072,131072,131072,131072,29,131072,131072,131072,131072,131072,29,65536,131072,131072,131072,131072,705,131072,131072,131072,131072,131072,77,65536,131072,131072,131072,131072,77,131072,262144,262144,262144,262144,105,0,0,0,0,0,0,0,0,0,0,0,0,0,0,0,0,0,0,0,0,0,0,0,0,0,0,0,0,0,0,6,0,33755,30796,49439,0,40,21,0
48211087259100,3395,4096,8192,16384,22095,512,512,1024,3270,4096,8192,8192,2739,4096,16384,16384,727,8192,8192,8192,29,2048,4096,4096,698,512,1024,2048,2726,1024,2048,2048,472,4096,8192,8192,18,4096,131072,262144,33166,1048576,2097152,2097152,41,524288,1048576,1048576,41,524288,524288,524288,41,1024,2048,2048,41,64,32768,32768,41,256,512,1024,4218,256,512,1024,4218,256,512,1024,198855,256,512,1024,24651,128,512,1024,4166,256,512,1024,6390,512,1024,2048,1302,256,512,1024,1302,128,512,1024,23166,128,512,1024,3096,128,512,1024,714,128,512,1024,306,256,512,1024,261,256,1024,1024,162,0,0,0,0,0,0,0,0,0,0,0,0,64,128,128,20,64,128,128,20,17.29,12.46,4.83,0,29,27,698,82,73,0,0,0,0,0,0,0,131072,131072,131072,131072,131072,30,65536,131072,131072,131072,131072,27,65536,131072,131072,262144,524288,697,131072,131072,131072,131072,262144,81,65536,131072,131072,131072,262144,74,0,0,0,0,0,0,0,0,0,0,0,0,0,0,0,0,0,0,0,0,0,0,0,0,0,0,0,0,0,0,0,0,0,0,0,0,5,0,33446,31452,51169,0,41,20,0
48212105397300,3409,2048,4096,16384,21348,512,512,1024,3424,4096,8192,16384,2646,4096,16384,16384,637,8192,16384,16384,26,2048,4096,4096,676,512,1024,4096,2696,1024,2048,2048,487,4096,4096,4096,12,4096,131072,262144,32289,1048576,2097152,2097152,41,1048576,1048576,1048576,41,524288,524288,524288,41,1024,2048,2048,41,64,32768,32768,40,256,512,1024,4466,256,512,1024,4340,256,512,1024,192132,128,512,1024,23814,128,512,1024,3588,256,512,1024,5931,512,1024,2048,1221,256,512,1024,1212,128,512,1024,22257,128,512,512,3348,128,512,1024,465,128,512,512,234,256,1024,1024,234,256,512,512,108,1024,2048,2048,20,1024,1024,1024,14,64,64,64,34,64,64,64,20,128,32768,32768,20,17.25,11.50,5.75,14,26,31,676,89,71,0,262144,262144,262144,262144,262144,14,65536,131072,131072,131072,131072,26,65536,131072,131072,131072,131072,31,65536,131072,131072,262144,262144,680,131072,131072,131072,131072,262144,91,65536,131072,131072,131072,131072,71,0,0,0,0,0,0,0,0,0,0,0,0,0,0,0,0,0,0,0,0,0,0,0,0,0,0,0,0,0,0,0,0,0,0,0,0,0,0,33162,30703,49729,0,41,20,0
48213126040200,3449,2048,4096,16384,20641,512,512,1024,3233,4096,8192,8192,2677,4096,8192,16384,684,8192,8192,8192,29,2048,4096,4096,659,512,1024,2048,2654,1024,2048,2048,440,4096,4096,4096,11,4096,131072,262144,31400,1048576,1048576,1048576,41,524288,1048576,1048576,41,524288,524288,524288,41,1024,2048,2048,41,64,32768,65536,41,256,512,1024,4635,256,512,1024,4275,128,512,1024,185769,256,512,1024,24093,128,512,512,3561,256,512,1024,6210,512,1024,1024,1467,256,512,1024,1305,128,512,1024,23625,128,512,512,3321,128,512,512,717,256,512,1024,207,256,512,1024,261,256,512,1024,99,1024,2048,2048,35,1024,1024,1024,41,64,64,128,76,64,128,128,21,16384,65536,65536,21,16.72,12.25,4.47,41,29,29,659,83,90,0,262144,262144,262144,262144,262144,41,65536,131072,131072,131072,131072,29,65536,131072,131072,131072,131072,29,65536,131072,131072,262144,262144,659,131072,131072,131072,131072,131072,83,65536,131072,131072,131072,131072,90,0,0,0,0,0,0,0,0,0,0,0,0,0,0,0,0,0,0,0,0,0,0,0,0,0,0,0,0,0,0,0,0,0,0,0,0,0,0,33579,30252,50560,0,41,21,0
48214145756700,3473,2048,4096,16384,21695,512,512,1024,3423,4096,8192,8192,2718,4096,8192,16384,677,8192,16384,16384,20,2048,2048,4096,715,512,1024,4096,2722,1024,2048,2048,467,4096,4096,4096,14,2048,131072,262144,32786,1048576,1048576,2097152,41,524288,1048576,1048576,41,524288,524288,524288,41,1024,1024,1024,41,64,32768,32768,41,256,512,1024,4919,256,512,1024,4703,256,512,1024,195255,256,512,1024,24462,128,512,512,3759,256,512,1024,6111,512,1024,1024,1578,256,512,1024,1470,128,512,1024,24120,128,512,512,3384,128,512,1024,480,128,512,512,234,256,512,1024,180,256,512,1024,126,1024,2048,2048,28,1024,1024,1024,25,64,64,64,53,64,128,128,20,16384,32768,32768,20,17.10,12.64,4.47,25,20,36,715,84,96,0,262144,262144,262144,262144,262144,25,131072,131072,131072,131072,131072,20,65536,131072,131072,131072,131072,36,65536,131072,131072,262144,262144,707,131072,131072,131072,131072,262144,84,65536,131072,131072,131072,131072,96,0,0,0,0,0,0,0,0,0,0,0,0,0,0,0,0,0,0,0,0,0,0,0,0,0,0,0,0,0,0,0,0,0,0,0,0,8,0,34002,31331,48897,0,41,20,0
48215168491600,3500,2048,4096,16384,20096,512,512,1024,3491,4096,8192,8192,2755,4096,16384,16384,742,8192,8192,8192,38,2048,4096,4096,741,512,1024,2048,2805,1024,2048,2048,487,4096,4096,4096,10,1024,131072,262144,31572,1048576,1048576,2097152,41,524288,1048576,1048576,41,524288,524288,524288,41,2048,2048,2048,41,64,65536,65536,41,256,512,1024,5220,256,512,1024,4977,256,512,1024,180864,256,512,1024,24795,128,512,1024,4284,256,512,1024,6129,512,1024,1024,1548,256,512,1024,1656,128,512,1024,23490,128,512,512,3654,128,512,512,540,128,512,1024,333,256,1024,1024,342,256,512,512,90,1024,2048,2048,22,1024,1024,1024,25,64,128,256,47,64,64,128,21,16384,32768,32768,21,16.05,11.85,4.20,25,38,35,741,81,78,0,262144,262144,262144,262144,262144,25,65536,131072,131072,131072,131072,38,65536,131072,131072,131072,131072,35,65536,131072,131072,131072,262144,743,131072,131072,131072,131072,131072,81,65536,131072,131072,131072,131072,78,0,0,0,0,0,0,0,0,0,0,0,0,0,0,0,0,0,0,0,0,0,0,0,0,0,0,0,0,0,0,0,0,0,0,0,0,6,0,34309,30163,51116,1,41,21,0
48216186719800,3500,2048,4096,16384,21222,512,512,1024,3464,4096,8192,8192,2766,4096,16384,32768,715,8192,8192,8192,30,2048,4096,4096,697,512,1024,2048,2742,1024,2048,2048,487,4096,4096,4096,16,2048,131072,262144,32436,1048576,2097152,2097152,40,524288,1048576,1048576,40,524288,524288,1048576,40,1024,2048,2048,40,64,65536,65536,41,256,512,1024,4282,256,512,1024,4282,128,512,1024,190998,256,512,1024,24894,128,512,1024,4115,256,512,1024,5931,512,1024,2048,1365,256,512,1024,1500,128,512,1024,23384,128,512,1024,3168,128,512,1024,540,128,512,512,270,256,512,1024,270,256,512,1024,144,0,0,0,0,0,0,0,0,0,0,0,0,64,128,128,20,64,128,128,20,17.01,13.17,3.84,0,30,34,697,74,93,0,0,0,0,0,0,0,65536,131072,131072,131072,131072,30,131072,131072,131072,131072,131072,34,65536,131072,131072,262144,262144,703,65536,131072,131072,131072,131072,73,65536,131072,131072,131072,262144,92,0,0,0,0,0,0,0,0,0,0,0,0,0,0,0,0,0,0,0,0,0,0,0,0,0,0,0,0,0,0,0,0,0,0,0,0,2,0,35479,31384,47429,0,40,20,0
48217207508800,3500,2048,4096,16384,22066,512,512,1024,3502,4096,8192,8192,2809,4096,16384,16384,770,8192,8192,8192,31,2048,2048,4096,719,512,1024,4096,2845,1024,2048,2048,465,4096,8192,8192,18,1024,131072,262144,33603,1048576,1048576,1048576,41,524288,1048576,1048576,41,524288,524288,524288,41,1024,2048,2048,41,64,4096,8192,40,256,512,1024,4474,256,512,1024,4474,128,512,1024,198594,128,512,1024,25281,128,512,1024,4616,256,512,1024,6534,512,1024,1024,1430,256,512,1024,1475,128,512,512,21364,128,512,512,3294,128,512,512,582,128,512,1024,342,256,512,1024,279,256,512,1024,162,0,0,0,0,0,0,0,0,0,0,0,0,64,128,128,20,64,256,256,20,15.95,10.84,5.10,0,31,33,719,94,87,0,0,0,0,0,0,0,65536,131072,131072,131072,131072,31,65536,131072,131072,131072,131072,33,65536,131072,131072,262144,262144,711,65536,131072,131072,131072,131072,95,65536,131072,131072,131072,131072,88,0,0,0,0,0,0,0,0,0,0,0,0,0,0,0,0,0,0,0,0,0,0,0,0,0,0,0,0,0,0,0,0,0,0,0,0,8,0,32570,31427,51470,0,41,20,0
48218227352400,3500,2048,4096,16384,21698,256,512,1024,3476,4096,8192,16384,2714,4096,16384,32768,661,8192,8192,8192,33,2048,2048,4096,698,512,1024,2048,2691,1024,2048,2048,462,4096,4096,4096,13,1024,65536,262144,32807,1048576,1048576,2097152,41,524288,1048576,1048576,41,524288,524288,524288,41,1024,2048,2048,41,64,32768,65536,41,256,512,1024,4226,256,512,1024,4226,128,512,1024,195282,128,512,1024,24426,128,512,1024,3740,256,512,1024,5904,512,1024,2048,1383,256,512,1024,1329,128,512,1024,23715,128,512,512,3393,128,512,1024,546,128,512,1024,189,256,512,1024,297,256,512,1024,117,0,0,0,0,0,0,0,0,0,0,0,0,64,64,64,21,64,128,128,21,15.82,11.86,3.95,0,33,29,698,93,79,0,0,0,0,0,0,0,65536,131072,131072,131072,131072,33,65536,131072,131072,131072,131072,29,65536,131072,131072,131072,262144,706,131072,131072,131072,131072,131072,93,65536,131072,131072,131072,131072,79,0,0,0,0,0,0,0,0,0,0,0,0,0,0,0,0,0,0,0,0,0,0,0,0,0,0,0,0,0,0,0,0,0,0,0,0,0,0,33461,31509,48910,0,41,21,0
48219249619100,3500,2048,4096,16384,21393,512,512,1024,3464,4096,8192,8192,2801,4096,16384,16384,744,8192,8192,8192,33,2048,2048,4096,687,512,1024,2048,2772,1024,2048,2048,496,4096,4096,4096,13,2048,65536,262144,32826,1048576,1048576,1048576,41,524288,1048576,1048576,41,524288,524288,524288,41,1024,2048,2048,41,64,32768,65536,41,256,512,1024,4493,256,512,1024,4493,128,512,1024,192537,128,512,1024,25209,128,512,512,4499,256,512,1024,6246,512,1024,1024,1425,256,512,1024,1470,128,512,1024,22338,128,512,512,3537,128,512,512,558,128,512,1024,279,256,512,1024,297,256,512,512,117,0,0,0,0,0,0,0,0,0,0,0,0,64,128,128,20,64,128,128,20,17.71,12.36,5.35,0,33,22,687,75,89,0,0,0,0,0,0,0,65536,131072,131072,131072,262144,33,65536,131072,131072,131072,262144,22,65536,131072,131072,262144,524288,676,131072,131072,131072,131072,131072,75,65536,131072,131072,131072,131072,89,0,0,0,0,0,0,0,0,0,0,0,0,0,0,0,0,0,0,0,0,0,0,0,0,0,0,0,0,0,0,0,0,0,0,0,0,11,0,34152,31438,48970,0,41,20,0
48220266713000,3395,2048,4096,16384,21301,512,512,1024,3418,4096,8192,8192,2677,4096,8192,16384,634,8192,8192,8192,19,2048,2048,4096,730,512,1024,2048,2684,1024,2048,2048,436,4096,4096,4096,16,2048,131072,262144,32251,1048576,1048576,1048576,41,524288,1048576,1048576,41,524288,524288,524288,41,1024,1024,1024,41,64,128,128,41,128,512,1024,4455,128,512,1024,5400,128,512,1024,191709,128,512,1024,24093,128,512,512,3537,128,512,1024,5814,512,1024,1024,1245,256,512,1024,1362,128,512,512,22635,128,512,512,3321,128,512,512,549,128,512,512,252,256,512,1024,171,256,512,1024,144,0,0,0,0,0,0,0,0,0,0,0,0,64,64,64,21,64,128,128,21,14.98,10.62,4.35,0,19,31,730,77,67,105,0,0,0,0,0,0,65536,131072,131072,131072,131072,19,65536,131072,131072,131072,131072,31,65536,131072,131072,262144,262144,741,131072,131072,131072,131072,131072,77,65536,131072,131072,131072,131072,67,131072,262144,262144,262144,524288,105,0,0,0,0,0,0,0,0,0,0,0,0,0,0,0,0,0,0,0,0,0,0,0,0,0,0,0,0,0,0,0,0,34194,31069,51258,0,41,21,0
48221289718500,3395,2048,4096,16384,21892,512,512,1024,3386,4096,8192,8192,2715,4096,8192,16384,743,8192,8192,8192,44,2048,4096,4096,719,512,1024,1024,2743,1024,2048,2048,481,4096,4096,4096,18,512,65536,262144,33130,1048576,1048576,1048576,41,524288,1048576,1048576,41,524288,524288,524288,41,2048,2048,4096,41,64,16384,65536,41,256,512,1024,4579,256,512,1024,4579,128,512,1024,197028,128,512,1024,24435,128,512,512,4443,128,512,1024,6012,512,1024,1024,1278,256,512,1024,1368,128,512,512,22833,128,512,512,3069,128,512,512,564,128,512,512,324,256,512,1024,396,256,512,1024,162,0,0,0,0,0,0,0,0,0,0,0,0,64,128,128,20,64,128,128,20,15.29,11.34,3.95,0,44,21,719,73,63,0,0,0,0,0,0,0,65536,131072,131072,131072,131072,44,65536,131072,131072,131072,262144,21,65536,131072,131072,262144,2097152,718,131072,131072,131072,131072,131072,73,65536,131072,131072,131072,262144,63,0,0,0,0,0,0,0,0,0,0,0,0,0,0,0,0,0,0,0,0,0,0,0,0,0,0,0,0,0,0,0,0,0,0,0,0,0,0,34520,31859,48253,0,41,20,0
48222310019900,3410,2048,4096,16384,21475,512,512,1024,3350,4096,8192,8192,2672,4096,8192,16384,636,8192,8192,8192,22,2048,2048,4096,653,512,1024,2048,2638,1024,2048,2048,458,4096,4096,4096,14,1024,65536,262144,32215,1048576,1048576,1048576,40,524288,1048576,1048576,40,524288,524288,524288,40,1024,1024,1024,40,64,65536,65536,40,256,512,1024,4604,256,512,1024,4469,128,512,1024,193275,128,512,1024,24048,128,512,512,3502,128,512,1024,5697,512,1024,1024,1305,256,512,512,1314,128,512,512,21474,128,512,512,3213,128,512,1024,525,128,512,512,216,128,512,1024,198,256,512,512,126,2048,2048,2048,19,1024,1024,1024,16,64,64,64,35,64,128,128,20,64,32768,32768,20,15.19,12.00,3.19,16,22,26,653,84,86,0,262144,262144,262144,262144,262144,16,65536,131072,131072,131072,131072,22,65536,131072,131072,131072,131072,26,65536,131072,131072,262144,262144,654,131072,131072,131072,131072,262144,84,65536,131072,131072,131072,131072,86,0,0,0,0,0,0,0,0,0,0,0,0,0,0,0,0,0,0,0,0,0,0,0,0,0,0,0,0,0,0,0,0,0,0,0,0,0,0,33977,30991,51483,0,40,20,0
48223330184900,3440,2048,4096,16384,20753,512,512,1024,3383,4096,8192,8192,2628,4096,8192,16384,706,8192,8192,8192,26,2048,4096,4096,663,512,1024,1024,2650,1024,2048,2048,452,4096,8192,8192,15,1024,65536,262144,31662,1048576,1048576,1048576,41,524288,1048576,1048576,41,524288,524288,524288,41,1024,2048,2048,41,64,4096,32768,41,256,512,1024,4784,256,512,1024,4514,128,512,1024,186777,128,512,1024,23652,128,512,1024,4212,256,512,1024,6039,512,1024,1024,1278,256,512,1024,1377,128,512,512,21942,128,512,512,3420,128,512,1024,618,128,512,1024,198,256,512,1024,234,256,512,1024,135,1024,2048,2048,28,1024,1024,1024,30,64,64,64,58,64,128,128,21,16384,32768,32768,21,16.72,12.25,4.47,30,26,19,663,66,92,0,262144,262144,524288,524288,524288,29,65536,131072,131072,131072,131072,26,65536,131072,131072,131072,131072,19,65536,131072,131072,262144,262144,662,131072,131072,131072,131072,131072,66,65536,131072,131072,131072,131072,92,0,0,0,0,0,0,0,0,0,0,0,0,0,0,0,0,0,0,0,0,0,0,0,0,0,0,0,0,0,0,0,0,0,0,0,0,1,0,33031,30478,48367,1,41,21,0
48224350994200,3472,2048,4096,16384,21345,512,512,1024,3428,4096,8192,8192,2697,4096,16384,16384,666,8192,16384,32768,31,2048,4096,4096,684,512,1024,1024,2698,1024,2048,2048,455,4096,4096,4096,16,2048,65536,262144,32415,1048576,1048576,2097152,41,524288,1048576,1048576,41,524288,524288,524288,41,1024,2048,2048,41,64,32768,65536,41,256,512,1024,4664,256,512,1024,4376,128,512,1024,192105,128,512,1024,24273,128,512,1024,3802,128,512,1024,5697,512,1024,1024,1440,256,512,1024,1413,128,512,1024,22725,128,512,512,3195,128,512,1024,594,128,512,512,297,256,512,1024,279,256,512,1024,144,1024,2048,2048,30,1024,1024,1024,31,64,128,256,61,64,128,128,20,16384,65536,65536,20,15.17,10.71,4.46,31,31,12,684,74,89,0,262144,262144,262144,262144,262144,32,65536,131072,131072,131072,131072,31,65536,131072,131072,131072,131072,12,65536,131072,131072,262144,262144,685,131072,131072,131072,131072,262144,74,65536,131072,131072,131072,262144,89,0,0,0,0,0,0,0,0,0,0,0,0,0,0,0,0,0,0,0,0,0,0,0,0,0,0,0,0,0,0,0,0,0,0,0,0,0,0,34262,31118,50221,0,41,20,0
48225371562200,3500,2048,4096,16384,21720,512,512,1024,3457,4096,8192,8192,2725,4096,8192,16384,677,8192,8192,8192,24,2048,4096,4096,746,512,1024,1024,2708,1024,2048,2048,454,4096,4096,4096,12,2048,131072,262144,32834,1048576,1048576,1048576,41,1048576,1048576,1048576,41,524288,524288,524288,41,1024,1024,1024,41,64,16384,65536,41,256,512,1024,4814,256,512,1024,4562,128,512,1024,195480,256,512,1024,24525,128,512,512,3611,256,512,1024,5796,512,1024,1024,1475,256,512,1024,1322,128,512,1024,22716,128,512,512,3303,128,512,512,471,128,512,512,234,256,512,1024,216,128,512,512,108,1024,2048,2048,28,1024,2048,2048,28,64,64,128,56,64,128,128,21,128,32768,65536,21,14.42,10.98,3.45,28,24,9,746,77,79,0,262144,262144,262144,262144,524288,28,65536,131072,131072,131072,131072,24,131072,131072,131072,131072,131072,9,65536,131072,131072,262144,262144,743,131072,131072,131072,131072,262144,77,65536,131072,131072,131072,262144,79,0,0,0,0,0,0,0,0,0,0,0,0,0,0,0,0,0,0,0,0,0,0,0,0,0,0,0,0,0,0,0,0,0,0,0,0,3,0,33318,31354,47043,0,41,21,0
48226392243400,3500,2048,4096,16384,20930,512,512,1024,3472,4096,8192,8192,2735,4096,8192,16384,692,8192,8192,8192,32,2048,4096,4096,739,512,1024,1024,2750,1024,2048,2048,484,4096,4096,4096,13,1024,65536,262144,32214,1048576,1048576,1048576,41,524288,1048576,1048576,41,524288,524288,524288,41,1024,1024,2048,41,64,32768,65536,41,128,512,1024,4684,256,512,1024,4684,128,512,1024,188370,256,512,1024,24615,128,512,1024,3869,256,512,1024,6111,512,1024,1024,1410,256,512,1024,1383,128,512,1024,23211,128,512,512,3339,128,512,512,474,128,512,512,261,256,1024,1024,288,256,512,1024,117,0,0,0,0,0,0,0,0,0,0,0,0,64,128,128,20,64,128,128,20,17.09,13.01,4.08,0,32,13,739,85,87,0,0,0,0,0,0,0,65536,131072,131072,131072,131072,32,65536,131072,131072,131072,131072,13,65536,131072,131072,262144,262144,742,65536,131072,131072,131072,262144,85,65536,131072,131072,131072,131072,87,0,0,0,0,0,0,0,0,0,0,0,0,0,0,0,0,0,0,0,0,0,0,0,0,0,0,0,0,0,0,0,0,0,0,0,0,0,0,33985,30788,49329,1,41,20,0
48227411388100,3500,2048,4096,16384,22231,512,512,1024,3509,4096,8192,8192,2789,4096,8192,16384,741,8192,8192,8192,34,2048,4096,8192,680,512,1024,1024,2768,1024,2048,2048,476,4096,4096,4096,10,1024,65536,262144,33642,1048576,1048576,1048576,40,524288,1048576,1048576,40,524288,524288,524288,40,1024,2048,2048,40,64,65536,131072,41,256,512,1024,4521,256,512,1024,4521,128,512,1024,200079,128,512,1024,25101,128,512,512,4419,256,512,1024,6381,512,1024,1024,1415,256,512,1024,1397,128,512,512,23274,128,512,512,2826,128,512,1024,441,128,512,512,306,256,512,1024,306,256,512,512,90,0,0,0,0,0,0,0,0,0,0,0,0,64,64,128,21,64,128,128,21,17.76,12.52,5.24,0,34,18,680,81,76,0,0,0,0,0,0,0,65536,131072,131072,131072,131072,34,65536,131072,131072,131072,131072,18,65536,131072,131072,262144,524288,679,131072,131072,262144,262144,262144,81,65536,131072,131072,131072,262144,75,0,0,0,0,0,0,0,0,0,0,0,0,0,0,0,0,0,0,0,0,0,0,0,0,0,0,0,0,0,0,0,0,0,0,0,0,2,0,33772,32086,47931,0,40,21,0
48228433979200,3500,2048,4096,16384,22278,512,512,1024,3466,4096,8192,8192,2775,4096,16384,32768,679,8192,16384,16384,32,2048,4096,4096,680,512,1024,1024,2835,1024,2048,2048,509,4096,4096,4096,10,2048,131072,262144,33683,1048576,1048576,1048576,41,524288,1048576,1048576,41,524288,524288,524288,41,1024,2048,2048,41,64,32768,65536,40,256,512,1024,4349,256,512,1024,4349,128,512,1024,200505,128,512,1024,24975,128,512,512,3843,128,512,1024,6066,512,1024,1024,1329,256,512,1024,1311,128,512,512,23202,128,512,512,3609,128,512,512,435,256,512,1024,306,256,512,1024,288,256,512,1024,90,0,0,0,0,0,0,0,0,0,0,0,0,64,128,128,20,64,128,128,20,15.80,11.85,3.95,0,32,16,680,70,75,0,0,0,0,0,0,0,65536,131072,131072,131072,131072,32,65536,131072,131072,131072,131072,16,65536,131072,262144,262144,262144,671,131072,131072,131072,131072,262144,70,65536,131072,131072,131072,131072,76,0,0,0,0,0,0,0,0,0,0,0,0,0,0,0,0,0,0,0,0,0,0,0,0,0,0,0,0,0,0,0,0,0,0,0,0,9,0,32310,31451,48658,486,41,20,0
48229454792000,3500,2048,4096,16384,22086,512,512,1024,3419,4096,8192,8192,2777,4096,8192,16384,672,8192,8192,8192,30,2048,2048,4096,691,512,1024,1024,2745,1024,2048,2048,460,4096,4096,4096,13,2048,131072,262144,33244,1048576,1048576,1048576,41,524288,1048576,1048576,41,524288,524288,524288,41,1024,1024,1024,41,64,65536,65536,41,256,512,1024,4550,256,512,1024,4550,128,512,1024,198778,128,512,1024,24993,128,512,1024,3777,256,512,1024,5922,512,1024,1024,1386,256,512,1024,1296,128,512,512,23148,128,512,512,3339,128,512,512,534,128,512,1024,261,256,512,1024,270,256,512,512,117,0,0,0,0,0,0,0,0,0,0,0,0,64,128,128,20,64,128,128,20,16.45,11.60,4.85,0,30,6,691,74,75,0,0,0,0,0,0,0,65536,131072,131072,131072,131072,30,131072,131072,131072,131072,131072,6,65536,131072,131072,262144,262144,700,131072,131072,131072,131072,131072,74,65536,131072,131072,131072,131072,75,0,0,0,0,0,0,0,0,0,0,0,0,0,0,0,0,0,0,0,0,0,0,0,0,0,0,0,0,0,0,0,0,0,0,0,0,0,0,33445,31510,51655,0,41,20,0
48230474591600,3395,2048,4096,16384,21566,512,512,1024,3175,4096,8192,8192,2634,4096,8192,16384,727,8192,16384,16384,28,2048,4096,4096,734,512,1024,2048,2623,1024,2048,2048,444,4096,4096,4096,14,2048,131072,262144,32283,1048576,1048576,1048576,41,524288,1048576,1048576,41,524288,524288,524288,41,1024,1024,2048,41,64,8192,65536,41,256,512,1024,4454,256,512,1024,5399,128,512,1024,194090,128,512,1024,23706,128,512,512,4174,128,512,1024,5868,512,1024,1024,1481,256,512,1024,1319,128,512,512,23571,128,512,512,3195,128,512,512,413,128,512,1024,252,256,1024,1024,252,256,512,512,126,0,0,0,0,0,0,0,0,0,0,0,0,64,128,128,21,64,128,128,21,16.35,11.50,4.85,0,28,16,734,89,86,105,0,0,0,0,0,0,65536,131072,131072,131072,262144,28,65536,131072,131072,131072,131072,16,65536,131072,262144,262144,524288,733,131072,131072,131072,131072,262144,89,65536,131072,131072,131072,262144,86,131072,262144,262144,262144,524288,105,0,0,0,0,0,0,0,0,0,0,0,0,0,0,0,0,0,0,0,0,0,0,0,0,0,0,0,0,0,0,2,0,33215,30732,50558,0,41,21,0
48231495842900,3395,2048,4096,16384,22280,512,512,1024,3633,4096,8192,8192,2754,4096,8192,16384,735,8192,8192,8192,33,2048,2048,4096,710,512,1024,1024,2740,1024,2048,2048,470,4096,4096,4096,11,2048,131072,262144,33741,1048576,1048576,1048576,41,524288,1048576,1048576,41,524288,524288,524288,41,1024,2048,2048,41,64,65536,65536,41,256,512,1024,4461,256,512,1024,4461,128,512,1024,200517,128,512,1024,24786,128,512,1024,3824,128,512,1024,5904,512,1024,1024,1329,256,512,1024,1338,128,512,512,22410,128,512,512,3348,128,512,512,603,128,512,1024,270,256,512,1024,297,256,512,1024,99,0,0,0,0,0,0,0,0,0,0,0,0,64,64,64,20,64,128,128,20,16.18,11.08,5.10,0,33,11,710,80,78,0,0,0,0,0,0,0,65536,131072,131072,131072,131072,33,65536,131072,131072,131072,131072,11,65536,131072,262144,262144,262144,710,131072,131072,131072,131072,262144,80,65536,131072,131072,131072,262144,78,0,0,0,0,0,0,0,0,0,0,0,0,0,0,0,0,0,0,0,0,0,0,0,0,0,0,0,0,0,0,0,0,0,0,0,0,2,0,33731,31878,50187,0,41,20,0
48232515069500,3423,2048,4096,16384,21565,512,512,1024,3404,4096,8192,8192,2702,4096,8192,16384,666,8192,8192,8192,33,2048,2048,4096,679,512,1024,1024,2740,1024,2048,2048,447,4096,4096,4096,14,2048,131072,262144,32612,1048576,1048576,2097152,41,524288,1048576,1048576,41,524288,524288,524288,41,1024,2048,2048,41,64,128,32768,41,256,512,1024,4504,256,512,1024,4252,128,512,1024,194085,128,512,1024,24318,128,512,512,3706,128,512,1024,5418,512,1024,1024,1353,256,512,1024,1434,128,512,512,23454,128,512,512,3267,128,512,1024,645,128,512,512,321,256,512,1024,297,256,512,512,126,1024,2048,2048,32,1024,1024,1024,28,64,128,128,60,64,128,128,21,16384,32768,32768,21,15.86,12.15,3.71,28,33,16,679,81,81,0,262144,262144,262144,262144,262144,28,65536,131072,131072,131072,262144,33,65536,131072,131072,131072,262144,16,65536,131072,131072,262144,524288,673,131072,131072,262144,262144,262144,81,65536,131072,131072,131072,131072,81,0,0,0,0,0,0,0,0,0,0,0,0,0,0,0,0,0,0,0,0,0,0,0,0,0,0,0,0,0,0,0,0,0,0,0,0,8,0,34111,30975,48118,0,41,21,0
48233537269000,3455,2048,4096,16384,21595,512,512,1024,3422,4096,8192,8192,2666,4096,8192,16384,694,8192,8192,8192,32,2048,4096,4096,651,512,1024,1024,2696,1024,2048,2048,447,4096,4096,4096,9,2048,65536,262144,32545,1048576,1048576,1048576,40,524288,1048576,1048576,40,524288,524288,524288,40,1024,2048,2048,40,64,32768,32768,41,256,512,1024,4690,256,512,1024,4402,128,512,1024,194355,128,512,1024,23994,128,512,512,3997,256,512,1024,5643,512,1024,1024,1338,256,512,1024,1332,128,512,512,22122,128,512,512,3312,128,512,512,633,128,512,1024,273,256,512,1024,288,256,512,512,81,2048,2048,2048,30,1024,1024,1024,32,64,64,128,62,64,128,128,20,16384,65536,65536,20,15.40,12.34,3.05,32,32,16,651,85,68,0,262144,262144,262144,262144,524288,32,65536,131072,131072,131072,131072,32,65536,131072,131072,131072,262144,16,65536,131072,262144,262144,262144,659,131072,131072,131072,131072,262144,85,65536,131072,131072,131072,131072,68,0,0,0,0,0,0,0,0,0,0,0,0,0,0,0,0,0,0,0,0,0,0,0,0,0,0,0,0,0,0,0,0,0,0,0,0,0,0,33566,31157,50732,0,40,20,0
48234557663800,3483,2048,4096,16384,20750,512,512,1024,3453,4096,8192,8192,2750,4096,16384,16384,756,8192,8192,8192,34,2048,2048,4096,698,512,1024,1024,2710,1024,2048,2048,502,4096,4096,4096,8,2048,65536,262144,32145,1048576,1048576,1048576,41,524288,1048576,1048576,41,524288,524288,524288,41,1024,2048,2048,41,128,65536,131072,40,256,512,1024,4673,256,512,1024,4421,128,512,1024,186750,256,512,1024,24750,128,512,512,4242,256,512,1024,6354,512,1024,2048,1368,256,512,1024,1464,128,512,1024,23967,128,512,512,3348,128,512,512,504,128,512,512,324,256,512,1024,306,256,1024,1024,72,1024,2048,2048,30,1024,1024,1024,31,64,64,128,61,64,128,128,20,16384,65536,65536,20,16.98,11.75,5.24,31,34,19,698,80,78,0,262144,262144,524288,524288,1048576,29,65536,131072,131072,131072,131072,34,65536,131072,131072,131072,262144,19,65536,131072,131072,262144,262144,694,131072,131072,131072,131072,131072,80,65536,131072,131072,131072,262144,78,0,0,0,0,0,0,0,0,0,0,0,0,0,0,0,0,0,0,0,0,0,0,0,0,0,0,0,0,0,0,0,0,0,0,0,0,5,0,34111,30547,49334,0,41,20,0
48235578794100,3500,2048,4096,16384,20964,512,512,1024,3476,4096,8192,8192,2751,4096,8192,16384,664,8192,8192,8192,22,2048,2048,4096,755,512,1024,1024,2768,1024,2048,2048,498,4096,4096,4096,10,1024,65536,262144,32269,1048576,1048576,1048576,41,524288,1048576,1048576,41,524288,524288,524288,41,1024,1024,2048,41,64,16384,32768,41,256,512,1024,4761,256,512,1024,4608,256,512,1024,188676,256,512,1024,24759,128,512,512,3896,128,512,1024,5670,512,1024,2048,1302,256,512,1024,1284,128,512,1024,22788,128,512,1024,3456,128,512,512,474,128,512,1024,216,256,512,1024,198,256,512,1024,90,1024,2048,2048,13,1024,1024,1024,14,64,64,64,27,64,128,128,21,8192,32768,32768,21,15.30,11.48,3.83,14,22,16,755,84,71,0,262144,262144,262144,262144,262144,16,65536,131072,131072,131072,262144,22,65536,131072,131072,131072,131072,16,65536,131072,262144,262144,524288,759,131072,131072,262144,262144,262144,84,65536,131072,131072,131072,131072,71,0,0,0,0,0,0,0,0,0,0,0,0,0,0,0,0,0,0,0,0,0,0,0,0,0,0,0,0,0,0,0,0,0,0,0,0,0,0,32660,30712,51552,1,41,21,0
48236598027700,3500,2048,4096,16384,19773,512,512,1024,3488,4096,8192,8192,2790,4096,8192,32768,690,8192,8192,8192,35,2048,4096,4096,748,512,1024,2048,2766,1024,2048,2048,441,4096,4096,4096,15,2048,131072,262144,31127,1048576,1048576,2097152,41,1048576,1048576,1048576,41,524288,524288,524288,41,1024,2048,2048,41,64,65536,65536,41,256,512,1024,4841,256,512,1024,4841,128,512,1024,177957,256,512,1024,25110,128,512,1024,3993,256,512,1024,5517,512,1024,2048,1335,256,512,1024,1353,128,512,1024,22671,128,512,1024,3816,128,512,1024,498,128,512,512,315,256,512,1024,315,256,512,1024,135,0,0,0,0,0,0,0,0,0,0,0,0,64,64,64,20,64,128,128,20,16.22,11.88,4.34,0,35,27,748,79,82,0,0,0,0,0,0,0,65536,131072,131072,131072,131072,35,65536,131072,131072,131072,131072,27,65536,131072,262144,262144,524288,748,131072,131072,131072,131072,131072,79,65536,131072,131072,131072,131072,82,0,0,0,0,0,0,0,0,0,0,0,0,0,0,0,0,0,0,0,0,0,0,0,0,0,0,0,0,0,0,0,0,0,0,0,0,0,0,34613,29839,48862,0,41,20,0
48237618715900,3500,2048,4096,16384,21966,512,512,1024,3475,4096,8192,8192,2708,4096,8192,16384,674,8192,8192,8192,27,2048,4096,4096,679,512,1024,2048,2738,1024,2048,2048,511,4096,4096,4096,16,1024,65536,262144,33166,1048576,1048576,1048576,41,524288,1048576,1048576,41,524288,524288,524288,41,1024,2048,2048,41,64,8192,32768,41,256,512,1024,4653,256,512,1024,4653,128,512,1024,197694,128,512,1024,24372,128,512,512,3712,256,512,1024,5652,512,1024,1024,1392,256,512,1024,1320,128,512,1024,23202,128,512,1024,2997,128,512,512,519,128,512,512,225,256,512,512,243,256,512,512,144,0,0,0,0,0,0,0,0,0,0,0,0,64,64,128,21,64,128,128,21,17.48,12.51,4.98,0,27,33,679,80,68,0,0,0,0,0,0,0,65536,131072,131072,131072,131072,27,65536,131072,131072,131072,131072,33,65536,131072,131072,262144,262144,676,131072,131072,262144,262144,262144,80,65536,131072,131072,131072,131072,68,0,0,0,0,0,0,0,0,0,0,0,0,0,0,0,0,0,0,0,0,0,0,0,0,0,0,0,0,0,0,0,0,0,0,0,0,3,0,33597,31737,49598,0,41,21,0
48238637477200,3500,2048,4096,16384,22283,512,512,1024,3477,4096,8192,8192,2804,4096,16384,32768,767,8192,8192,16384,34,2048,4096,4096,680,512,1024,2048,2781,1024,2048,2048,469,4096,4096,4096,17,1024,65536,262144,33706,1048576,1048576,1048576,41,524288,1048576,1048576,41,524288,524288,524288,41,1024,2048,2048,41,64,32768,65536,41,256,512,1024,4725,256,512,1024,4725,128,512,1024,200547,128,512,1024,25245,128,512,1024,4218,128,512,1024,6480,512,1024,1024,1350,256,512,512,1485,128,512,512,22887,128,512,512,3699,128,512,512,645,128,512,1024,351,256,512,1024,306,256,512,1024,153,0,0,0,0,0,0,0,0,0,0,0,0,64,128,128,20,64,128,128,20,17.51,12.39,5.11,0,34,34,680,96,82,0,0,0,0,0,0,0,65536,131072,131072,131072,262144,34,65536,131072,131072,131072,131072,34,65536,131072,131072,262144,262144,682,131072,131072,262144,262144,262144,93,65536,131072,262144,262144,262144,82,0,0,0,0,0,0,0,0,0,0,0,0,0,0,0,0,0,0,0,0,0,0,0,0,0,0,0,0,0,0,0,0,0,0,0,0,4,0,33050,32034,50563,0,41,20,0
48239660788900,3395,2048,4096,16384,21834,512,512,1024,3480,4096,8192,8192,2746,4096,8192,16384,680,8192,8192,8192,36,2048,4096,4096,716,512,1024,2048,2741,1024,2048,2048,456,4096,4096,4096,9,2048,65536,262144,33061,1048576,1048576,2097152,40,524288,1048576,1048576,40,524288,524288,524288,40,1024,2048,2048,40,64,128,4096,41,256,512,1024,4529,256,512,1024,5474,128,512,1024,196506,128,512,1024,24705,128,512,1024,4256,256,512,1024,5346,512,1024,1024,1394,256,512,1024,1475,128,512,512,22599,128,512,512,3051,128,512,512,585,128,512,512,297,256,512,1024,324,256,512,512,81,0,0,0,0,0,0,0,0,0,0,0,0,64,64,128,21,64,128,128,21,16.03,11.96,4.07,0,36,38,716,84,73,105,0,0,0,0,0,0,65536,131072,262144,262144,262144,36,65536,131072,131072,131072,131072,38,65536,131072,262144,524288,8388608,712,131072,131072,131072,131072,131072,87,65536,131072,131072,131072,131072,72,262144,262144,262144,262144,262144,30,0,0,0,0,0,0,0,0,0,0,0,0,0,0,0,0,0,0,0,0,0,0,0,0,0,0,0,0,0,0,81,0,34406,31776,49722,0,40,21,0
48240681170000,3395,2048,4096,16384,21112,512,512,1024,3377,4096,8192,8192,2764,4096,8192,16384,669,8192,8192,8192,27,2048,2048,4096,723,512,1024,4096,2805,1024,2048,2048,460,4096,4096,4096,12,2048,65536,262144,32296,1048576,1048576,1048576,41,524288,1048576,1048576,41,524288,524288,524288,41,1024,2048,2048,41,64,128,4096,40,256,512,1024,4278,256,512,1024,4278,128,512,1024,190008,128,512,1024,24876,128,512,512,3968,256,512,1024,5706,512,1024,2048,1182,256,512,1024,1416,128,512,1024,22077,128,512,512,3501,128,512,512,635,128,512,1024,270,256,512,1024,243,256,512,1024,108,0,0,0,0,0,0,0,0,0,0,0,0,64,128,128,20,64,128,128,20,15.57,11.87,3.70,0,27,41,723,90,87,0,0,0,0,0,0,0,65536,131072,131072,131072,131072,27,65536,131072,131072,131072,131072,41,65536,131072,131072,262144,262144,722,131072,131072,131072,131072,131072,90,65536,131072,131072,131072,131072,88,131072,262144,262144,262144,262144,75,0,0,0,0,0,0,0,0,0,0,0,0,0,0,0,0,0,0,0,0,0,0,0,0,0,0,0,0,0,0,6,0,33440,31200,49072,0,41,20,0
48241700757200,3395,2048,4096,16384,21168,256,512,1024,3381,4096,8192,8192,2592,4096,8192,16384,681,8192,16384,16384,33,2048,4096,4096,712,512,1024,4096,2621,1024,2048,2048,428,4096,4096,4096,18,2048,65536,262144,31989,1048576,1048576,2097152,41,524288,1048576,1048576,41,524288,524288,524288,41,1024,2048,2048,41,64,32768,32768,41,256,512,1024,4718,256,512,1024,4718,128,512,1024,190512,128,512,1024,23328,128,512,512,3683,128,512,1024,5760,512,1024,1024,1382,256,512,1024,1418,128,512,1024,23517,128,512,512,3204,128,512,512,513,128,512,1024,270,256,1024,1024,297,256,512,1024,162,2048,2048,2048,2,0,0,0,0,64,64,64,2,64,128,128,20,64,128,128,20,14.80,11.74,3.06,0,33,54,712,90,99,0,0,0,0,0,0,0,65536,131072,131072,131072,524288,33,65536,131072,131072,131072,131072,54,65536,131072,131072,262144,262144,718,131072,131072,131072,131072,131072,90,65536,131072,131072,131072,131072,99,0,0,0,0,0,0,0,0,0,0,0,0,0,0,0,0,0,0,0,0,0,0,0,0,0,0,0,0,0,0,0,0,0,0,0,0,0,0,33608,30679,49002,0,41,20,0
48242720258800,3429,2048,4096,16384,22067,512,512,1024,3394,4096,8192,8192,2755,4096,8192,16384,718,8192,8192,8192,27,2048,4096,4096,644,512,1024,4096,2732,1024,2048,2048,515,4096,4096,4096,8,1024,65536,262144,33223,1048576,1048576,1048576,41,524288,1048576,1048576,41,524288,524288,524288,41,1024,1024,2048,41,64,8192,65536,41,256,512,1024,4858,256,512,1024,4552,128,512,1024,198603,128,512,1024,24795,128,512,1024,4048,128,512,1024,5976,512,1024,1024,1440,256,512,1024,1467,128,512,512,23247,128,512,512,3213,128,512,512,657,128,512,1024,297,256,512,1024,243,256,512,1024,72,1024,2048,2048,36,1024,1024,1024,35,64,64,64,71,64,128,128,21,16384,65536,65536,21,16.48,11.75,4.73,35,27,51,644,71,77,0,262144,262144,262144,262144,262144,34,65536,131072,131072,131072,262144,27,65536,131072,131072,131072,262144,51,65536,131072,131072,262144,262144,626,131072,131072,131072,131072,131072,71,65536,131072,131072,131072,262144,77,0,0,0,0,0,0,0,0,0,0,0,0,0,0,0,0,0,0,0,0,0,0,0,0,0,0,0,0,0,0,0,0,0,0,0,0,19,0,34144,31609,48682,0,41,21,0
48243742312600,3461,2048,4096,16384,20875,512,512,1024,3420,4096,8192,8192,2598,4096,16384,16384,654,8192,8192,32768,46,2048,2048,4096,669,512,1024,4096,2603,1024,2048,2048,464,4096,8192,8192,16,1024,65536,262144,31764,1048576,1048576,1048576,41,524288,1048576,1048576,41,524288,524288,524288,41,1024,2048,2048,41,64,32768,131072,41,256,512,1024,4893,256,512,1024,4605,128,512,1024,187875,128,512,1024,23382,128,512,1024,3551,256,512,1024,5688,512,1024,1024,1351,256,512,1024,1387,128,512,512,21726,128,512,512,3222,128,512,512,570,128,512,1024,333,256,1024,1024,414,256,1024,1024,144,1024,2048,2048,29,1024,1024,1024,31,64,64,64,60,64,64,64,20,16384,32768,32768,20,13.37,10.44,2.93,31,46,42,669,75,73,0,262144,262144,262144,262144,262144,32,65536,131072,131072,131072,131072,46,65536,131072,131072,131072,262144,42,65536,131072,131072,262144,262144,684,131072,131072,131072,131072,262144,75,65536,131072,131072,131072,262144,73,0,0,0,0,0,0,0,0,0,0,0,0,0,0,0,0,0,0,0,0,0,0,0,0,0,0,0,0,0,0,0,0,0,0,0,0,3,0,34713,30543,49352,0,41,20,0
48244760509600,3494,2048,4096,16384,19833,512,512,1024,3457,4096,8192,8192,2823,4096,8192,16384,715,8192,8192,8192,28,2048,2048,4096,725,512,1024,4096,2848,1024,2048,2048,477,4096,4096,4096,10,1024,65536,262144,31282,1048576,1048576,2097152,40,1048576,1048576,1048576,40,524288,524288,524288,40,1024,2048,2048,40,64,65536,65536,40,256,512,1024,4765,256,512,1024,4468,128,512,1024,178497,128,512,1024,25407,128,512,1024,3992,256,512,1024,6066,512,1024,1024,1442,256,512,1024,1397,128,512,1024,21303,128,512,512,3366,128,512,1024,456,128,512,512,252,256,512,1024,252,256,512,1024,90,1024,2048,2048,33,1024,1024,1024,33,64,64,64,66,64,128,128,20,16384,65536,65536,20,14.96,11.25,3.71,33,28,47,725,76,88,0,262144,262144,262144,262144,262144,33,65536,131072,131072,131072,131072,28,65536,131072,131072,131072,131072,47,65536,131072,131072,262144,262144,725,131072,131072,262144,262144,262144,76,65536,131072,131072,131072,131072,88,0,0,0,0,0,0,0,0,0,0,0,0,0,0,0,0,0,0,0,0,0,0,0,0,0,0,0,0,0,0,0,0,0,0,0,0,3,0,33380,29863,49082,1,40,20,0
48245782322800,3500,2048,4096,16384,21246,512,512,1024,3489,4096,8192,8192,2741,4096,8192,16384,739,8192,16384,16384,35,2048,4096,4096,740,512,1024,4096,2758,1024,2048,2048,480,4096,4096,4096,16,2048,65536,262144,32665,1048576,1048576,1048576,41,524288,1048576,1048576,41,524288,524288,524288,41,1024,2048,2048,41,64,8192,32768,41,256,512,1024,4702,256,512,1024,4648,128,512,1024,191214,128,512,1024,24669,128,512,1024,3978,256,512,1024,6174,512,1024,1024,1260,256,512,1024,1287,128,512,1024,22176,128,512,512,3186,128,512,1024,441,128,512,512,324,256,512,1024,315,256,512,1024,144,1024,2048,2048,5,1024,1024,1024,6,64,64,64,11,64,128,128,21,128,8192,32768,21,15.30,11.09,4.21,6,35,42,740,76,77,0,262144,262144,262144,262144,262144,6,65536,131072,131072,131072,262144,35,131072,131072,131072,131072,131072,42,65536,131072,131072,131072,262144,729,131072,131072,131072,131072,131072,76,65536,131072,131072,131072,131072,77,0,0,0,0,0,0,0,0,0,0,0,0,0,0,0,0,0,0,0,0,0,0,0,0,0,0,0,0,0,0,0,0,0,0,0,0,13,0,34692,31341,49821,0,41,21,0
48246802050800,3500,2048,4096,16384,21229,256,512,1024,3470,4096,8192,8192,2809,4096,8192,16384,713,8192,8192,8192,21,2048,4096,4096,748,512,1024,4096,2779,1024,2048,2048,478,4096,4096,4096,10,1024,65536,262144,32588,1048576,1048576,1048576,41,524288,1048576,1048576,41,524288,524288,524288,41,1024,1024,2048,41,64,16384,65536,41,256,512,1024,4403,256,512,1024,4403,128,512,1024,191065,128,512,1024,25281,128,512,1024,3861,256,512,1024,6084,512,1024,1024,1353,256,512,1024,1227,128,512,1024,22923,128,512,1024,3204,128,512,1024,441,128,512,512,198,128,512,1024,189,256,512,1024,90,0,0,0,0,0,0,0,0,0,0,0,0,64,128,128,20,128,128,128,20,15.96,12.89,3.06,0,21,42,748,81,92,0,0,0,0,0,0,0,65536,131072,131072,131072,131072,21,65536,131072,131072,131072,131072,42,65536,131072,131072,131072,262144,749,65536,131072,131072,131072,131072,81,65536,131072,262144,262144,262144,92,0,0,0,0,0,0,0,0,0,0,0,0,0,0,0,0,0,0,0,0,0,0,0,0,0,0,0,0,0,0,0,0,0,0,0,0,13,0,33384,31304,48635,0,41,20,0
48247825736100,3500,2048,4096,16384,19749,512,512,1024,3465,4096,8192,8192,2691,4096,8192,16384,680,8192,8192,32768,32,2048,2048,4096,670,512,1024,4096,2619,1024,2048,2048,431,4096,4096,4096,10,2048,131072,262144,30676,1048576,1048576,2097152,41,524288,1048576,1048576,41,524288,524288,524288,41,1024,2048,2048,41,64,32768,65536,41,256,512,1024,4778,256,512,1024,4778,128,512,1024,177737,128,512,1024,24219,128,512,1024,3824,256,512,1024,5706,512,1024,1024,1371,256,512,1024,1371,128,512,512,24246,128,512,512,3780,128,512,512,548,128,512,512,270,256,512,1024,288,256,512,1024,90,0,0,0,0,0,0,0,0,0,0,0,0,64,64,64,21,64,128,128,21,17.31,11.83,5.47,0,32,49,670,78,92,0,0,0,0,0,0,0,131072,131072,131072,131072,131072,32,65536,131072,131072,131072,131072,49,65536,131072,131072,262144,262144,683,131072,131072,131072,131072,131072,78,65536,131072,131072,131072,131072,92,0,0,0,0,0,0,0,0,0,0,0,0,0,0,0,0,0,0,0,0,0,0,0,0,0,0,0,0,0,0,0,0,0,0,0,0,0,0,34179,29421,49757,0,41,21,0
48248843526100,3500,2048,4096,16384,21030,512,512,1024,3483,4096,8192,8192,2698,4096,8192,32768,731,8192,8192,8192,27,2048,4096,8192,695,512,1024,4096,2779,1024,2048,2048,478,4096,4096,4096,16,2048,131072,262144,32287,1048576,1048576,1048576,41,524288,1048576,1048576,41,524288,524288,524288,41,1024,1024,1024,41,64,32768,65536,41,256,512,1024,4969,256,512,1024,4969,128,512,1024,189270,128,512,1024,24282,128,512,512,4185,128,512,1024,5805,512,1024,1024,1407,256,512,1024,1335,128,512,512,21213,128,512,512,3150,128,512,512,606,128,512,512,297,256,512,1024,243,256,512,1024,144,0,0,0,0,0,0,0,0,0,0,0,0,64,128,128,20,64,128,128,20,14.71,10.75,3.97,0,27,55,695,89,83,0,0,0,0,0,0,0,65536,131072,131072,131072,131072,27,65536,131072,131072,131072,131072,55,65536,131072,131072,131072,262144,694,131072,131072,131072,131072,131072,89,65536,131072,131072,131072,131072,83,0,0,0,0,0,0,0,0,0,0,0,0,0,0,0,0,0,0,0,0,0,0,0,0,0,0,0,0,0,0,0,0,0,0,0,0,0,0,34798,31058,49123,0,41,20,0
48249864231900,3395,2048,4096,16384,21746,512,512,1024,3395,4096,8192,8192,2852,4096,8192,16384,703,8192,8192,8192,33,2048,2048,4096,723,512,1024,4096,2818,1024,2048,2048,491,4096,4096,4096,10,2048,65536,262144,33154,1048576,1048576,2097152,41,524288,1048576,1048576,41,524288,524288,524288,41,1024,2048,2048,41,64,32768,65536,41,256,512,1024,4611,256,512,1024,5556,128,512,1024,195714,128,512,1024,25668,128,512,512,3858,128,512,1024,5769,512,1024,1024,1491,256,512,1024,1311,128,512,1024,23319,128,512,512,3528,128,512,512,516,128,512,512,243,128,512,512,297,256,512,512,90,0,0,0,0,0,0,0,0,0,0,0,0,64,128,128,21,64,128,128,21,16.45,11.22,5.23,0,33,46,723,93,75,105,0,0,0,0,0,0,65536,131072,131072,131072,131072,33,65536,131072,131072,131072,131072,46,65536,131072,131072,262144,262144,720,131072,131072,131072,131072,131072,88,65536,131072,131072,131072,131072,75,131072,262144,262144,262144,262144,105,0,0,0,0,0,0,0,0,0,0,0,0,0,0,0,0,0,0,0,0,0,0,0,0,0,0,0,0,0,0,9,0,34295,31547,50325,0,41,21,0
48250885934900,3395,2048,4096,16384,21768,512,512,1024,3439,4096,8192,8192,2730,4096,8192,16384,722,8192,8192,8192,27,2048,2048,4096,666,512,1024,2048,2741,1024,2048,2048,481,4096,4096,4096,15,2048,131072,262144,32937,1048576,1048576,1048576,40,524288,1048576,1048576,40,524288,524288,524288,40,1024,2048,2048,40,64,65536,65536,41,128,512,1024,4573,256,512,1024,4574,128,512,1024,195912,128,512,1024,24570,128,512,512,3878,128,512,1024,5985,512,1024,2048,1514,256,512,1024,1397,128,512,512,22824,128,512,512,3366,128,512,512,522,128,512,512,252,256,512,1024,243,256,512,512,135,0,0,0,0,0,0,0,0,0,0,0,0,64,128,128,20,64,128,128,20,15.05,10.97,4.08,0,27,33,666,84,71,0,0,0,0,0,0,0,65536,131072,131072,131072,131072,27,65536,131072,131072,131072,131072,33,65536,131072,131072,262144,262144,670,131072,131072,131072,131072,131072,87,65536,131072,131072,131072,524288,71,0,0,0,0,0,0,0,0,0,0,0,0,0,0,0,0,0,0,0,0,0,0,0,0,0,0,0,0,0,0,0,0,0,0,0,0,2,0,33702,31163,46889,217,40,20,0
48251906203000,3396,2048,4096,16384,20310,512,512,1024,3088,4096,8192,8192,2452,4096,8192,16384,633,8192,8192,8192,24,2048,4096,4096,682,512,1024,4096,2421,1024,2048,2048,429,4096,4096,4096,10,2048,131072,262144,30317,1048576,1048576,1048576,41,524288,1048576,1048576,41,524288,524288,524288,41,1024,1024,2048,41,64,32768,65536,40,128,512,1024,4598,256,512,1024,4588,128,512,1024,182790,128,512,1024,22068,128,512,1024,3735,128,512,1024,4932,512,1024,1024,1362,256,512,1024,1236,128,512,512,23895,128,512,512,3159,128,512,512,513,128,512,1024,189,256,512,512,216,256,512,1024,90,1024,2048,2048,11,1024,1024,1024,4,64,64,64,15,64,64,64,20,64,256,256,20,15.44,11.48,3.95,4,24,44,682,91,67,0,262144,262144,262144,262144,524288,3,65536,131072,131072,131072,131072,24,65536,131072,131072,131072,131072,44,65536,131072,131072,131072,131072,678,131072,131072,131072,131072,131072,93,65536,131072,131072,131072,262144,67,0,0,0,0,0,0,0,0,0,0,0,0,0,0,0,0,0,0,0,0,0,0,0,0,0,0,0,0,0,0,0,0,0,0,0,0,4,0,33360,29044,49577,272,41,20,0
48252926731800,3431,2048,4096,16384,21690,512,512,1024,3589,4096,8192,8192,2786,4096,8192,16384,707,8192,8192,8192,32,2048,4096,4096,722,512,1024,4096,2815,1024,2048,2048,462,4096,4096,4096,18,2048,131072,262144,33262,1048576,1048576,1048576,41,524288,1048576,1048576,41,524288,524288,524288,41,1024,2048,2048,41,64,2048,32768,41,256,512,1024,4721,256,512,1024,4406,128,512,1024,195210,128,512,1024,25074,128,512,1024,4119,256,512,1024,5904,512,1024,1024,1373,256,512,512,1337,128,512,512,22707,128,512,512,3168,128,512,512,636,128,512,512,306,256,512,1024,288,256,512,1024,162,1024,2048,2048,30,1024,1024,1024,33,64,64,128,63,64,128,128,21,16384,32768,32768,21,18.00,12.51,5.49,33,32,40,722,84,88,0,262144,262144,262144,262144,524288,34,65536,131072,131072,131072,131072,32,65536,131072,131072,131072,131072,40,65536,131072,131072,262144,262144,723,131072,131072,131072,131072,131072,84,65536,131072,131072,131072,131072,88,0,0,0,0,0,0,0,0,0,0,0,0,0,0,0,0,0,0,0,0,0,0,0,0,0,0,0,0,0,0,0,0,0,0,0,0,2,0,32972,31724,49492,0,41,21,0
48253947184200,3461,2048,4096,16384,21718,512,512,1024,3122,4096,8192,16384,2754,4096,8192,16384,685,8192,8192,8192,17,2048,4096,4096,683,512,1024,4096,2760,1024,2048,2048,493,4096,4096,4096,11,2048,131072,262144,32532,1048576,1048576,2097152,41,524288,1048576,1048576,41,524288,524288,524288,41,1024,1024,1024,41,64,8192,65536,41,256,512,1024,4856,256,512,1024,4586,256,512,1024,195462,128,512,1024,24786,128,512,512,3786,256,512,1024,5670,512,1024,1024,1425,256,512,1024,1236,128,512,512,23175,128,512,512,3555,128,512,512,477,256,512,512,153,256,512,512,153,256,512,1024,99,1024,2048,4096,26,1024,1024,1024,29,64,64,64,55,64,128,128,20,16384,65536,65536,20,14.29,10.98,3.32,29,17,43,683,91,89,0,262144,262144,262144,262144,262144,29,65536,131072,131072,131072,131072,17,65536,131072,131072,131072,131072,43,65536,131072,131072,131072,262144,686,65536,131072,131072,131072,131072,91,65536,131072,131072,131072,131072,89,0,0,0,0,0,0,0,0,0,0,0,0,0,0,0,0,0,0,0,0,0,0,0,0,0,0,0,0,0,0,0,0,0,0,0,0,0,0,33685,31188,48660,1,41,20,0
48254968456300,3494,2048,4096,16384,20893,512,512,1024,3182,4096,8192,8192,2752,4096,16384,32768,685,8192,8192,8192,31,2048,4096,4096,673,512,1024,2048,2708,1024,2048,2048,493,4096,4096,4096,9,1024,65536,262144,31746,1048576,1048576,2097152,41,524288,1048576,1048576,41,524288,524288,524288,41,1024,2048,2048,41,64,32768,32768,41,256,512,1024,4650,256,512,1024,4353,128,512,1024,188037,128,512,1024,24768,128,512,1024,4117,256,512,1024,5436,512,1024,1024,1454,256,512,1024,1373,128,512,1024,24111,128,512,512,3303,128,512,512,660,128,512,512,279,256,512,1024,279,256,512,512,81,1024,2048,2048,32,1024,1024,1024,33,64,64,64,65,64,128,128,21,16384,32768,65536,21,15.94,12.75,3.19,33,31,25,673,81,81,0,262144,262144,262144,262144,524288,33,131072,131072,131072,131072,131072,31,65536,131072,131072,131072,131072,25,65536,131072,131072,131072,131072,672,131072,131072,131072,131072,131072,81,65536,131072,131072,131072,131072,81,0,0,0,0,0,0,0,0,0,0,0,0,0,0,0,0,0,0,0,0,0,0,0,0,0,0,0,0,0,0,0,0,0,0,0,0,1,0,33275,30637,48889,0,41,21,0
48255987208900,3500,2048,4096,16384,21133,512,512,1024,3391,4096,8192,8192,2697,4096,8192,16384,691,8192,8192,8192,20,2048,4096,4096,714,512,1024,2048,2701,1024,2048,2048,454,4096,4096,4096,6,2048,131072,262144,32169,1048576,1048576,1048576,41,1048576,1048576,1048576,41,524288,524288,524288,41,1024,1024,1024,41,64,16384,65536,41,256,512,1024,4732,256,512,1024,4678,256,512,1024,190206,256,512,1024,24273,128,512,512,3884,256,512,1024,5976,512,1024,1024,1301,256,512,1024,1292,128,512,1024,23517,128,512,512,3690,128,512,1024,486,128,512,512,207,256,512,1024,180,256,512,512,54,1024,2048,2048,6,1024,1024,1024,6,64,64,64,12,64,128,128,20,128,32768,32768,20,17.63,12.78,4.85,6,20,35,714,72,81,0,262144,262144,262144,262144,262144,6,65536,131072,131072,131072,131072,19,65536,131072,131072,131072,131072,33,65536,131072,131072,262144,262144,705,131072,131072,131072,131072,131072,70,65536,131072,131072,131072,131072,80,0,0,0,0,0,0,0,0,0,0,0,0,0,0,0,0,0,0,0,0,0,0,0,0,0,0,0,0,0,0,0,0,0,0,0,0,15,0,34028,30786,48008,0,41,20,0
48257007463700,3500,2048,4096,16384,21695,512,512,1024,2913,4096,8192,8192,2853,4096,8192,16384,741,8192,8192,8192,18,2048,2048,4096,760,512,1024,2048,2838,1024,2048,2048,492,4096,4096,4096,12,2048,65536,262144,32654,1048576,1048576,2097152,40,524288,1048576,1048576,40,524288,524288,524288,40,1024,2048,2048,40,64,32768,32768,40,256,512,1024,4519,256,512,1024,4519,128,512,1024,195246,128,512,1024,25677,128,512,512,4263,256,512,1024,6228,512,1024,1024,1250,256,512,1024,1232,128,512,1024,22689,128,512,512,3753,128,512,512,537,128,512,1024,216,256,512,1024,162,256,512,1024,108,0,0,0,0,0,0,0,0,0,0,0,0,64,128,128,20,64,128,128,20,16.08,12.51,3.57,0,18,30,760,88,91,0,0,0,0,0,0,0,131072,131072,131072,131072,131072,19,65536,131072,131072,131072,131072,32,65536,131072,131072,131072,262144,770,131072,131072,131072,131072,262144,90,65536,131072,131072,131072,131072,92,0,0,0,0,0,0,0,0,0,0,0,0,0,0,0,0,0,0,0,0,0,0,0,0,0,0,0,0,0,0,0,0,0,0,0,0,0,0,34161,31188,51556,0,40,20,0
48258029092900,3500,2048,4096,16384,21851,512,512,1024,3410,4096,8192,8192,2828,4096,8192,16384,690,8192,8192,8192,28,2048,2048,4096,745,512,1024,2048,2844,1024,2048,2048,486,4096,4096,4096,4,1024,131072,262144,33279,1048576,1048576,1048576,41,524288,1048576,1048576,41,524288,524288,524288,41,1024,2048,2048,41,64,32768,65536,41,256,512,1024,4524,256,512,1024,4524,256,512,1024,196659,128,512,1024,25452,128,512,512,3883,256,512,1024,5850,512,1024,1024,1551,256,512,1024,1506,128,512,1024,24435,128,512,512,3591,128,512,512,510,128,512,512,243,256,512,1024,252,256,512,1024,36,0,0,0,0,0,0,0,0,0,0,0,0,64,128,128,21,64,128,128,21,15.67,11.60,4.08,0,28,30,745,84,77,0,0,0,0,0,0,0,65536,131072,131072,131072,131072,28,65536,131072,131072,131072,131072,30,65536,131072,131072,131072,262144,745,131072,131072,131072,131072,131072,84,65536,131072,131072,131072,131072,77,0,0,0,0,0,0,0,0,0,0,0,0,0,0,0,0,0,0,0,0,0,0,0,0,0,0,0,0,0,0,0,0,0,0,0,0,0,0,33897,31847,48287,0,41,21,0
48259047683900,3500,2048,4096,16384,20875,512,512,1024,3573,4096,8192,8192,2707,4096,8192,16384,657,8192,8192,8192,24,2048,2048,4096,634,512,1024,2048,2732,1024,2048,2048,455,4096,8192,8192,13,2048,65536,262144,31976,1048576,1048576,2097152,41,524288,1048576,1048576,41,524288,524288,524288,41,1024,1024,2048,41,64,4096,16384,41,256,512,1024,4890,256,512,1024,4890,128,512,1024,187881,128,512,1024,24363,128,512,512,3915,256,512,1024,5526,512,1024,1024,1382,256,512,1024,1238,128,512,512,24903,128,512,512,3861,128,512,512,516,128,512,512,207,256,512,1024,216,256,512,512,117,0,0,0,0,0,0,0,0,0,0,0,0,64,128,128,20,64,128,128,20,15.47,10.87,4.60,0,24,29,634,74,74,0,0,0,0,0,0,0,65536,131072,131072,131072,131072,23,65536,131072,131072,131072,131072,29,65536,131072,131072,262144,262144,632,131072,131072,131072,131072,131072,74,65536,131072,131072,131072,131072,74,0,0,0,0,0,0,0,0,0,0,0,0,0,0,0,0,0,0,0,0,0,0,0,0,0,0,0,0,0,0,0,0,0,0,0,0,3,0,34537,30872,49177,0,41,20,0
48260068895300,3395,2048,4096,16384,21842,512,512,1024,3172,4096,8192,8192,2689,4096,8192,16384,756,8192,8192,8192,35,2048,2048,4096,698,512,1024,2048,2697,1024,2048,2048,443,4096,4096,4096,6,2048,131072,262144,32662,1048576,1048576,2097152,41,524288,1048576,1048576,41,524288,524288,524288,41,1024,2048,2048,41,64,32768,65536,41,128,512,1024,4488,128,512,1024,5433,128,512,1024,196577,128,512,1024,24201,128,512,1024,4186,256,512,1024,5877,512,1024,1024,1271,256,512,1024,1424,128,512,512,24381,128,512,512,3465,128,512,1024,546,128,512,512,306,256,512,1024,315,256,512,512,54,0,0,0,0,0,0,0,0,0,0,0,0,64,128,128,21,64,128,128,21,14.79,10.71,4.08,0,35,31,698,82,77,105,0,0,0,0,0,0,65536,131072,131072,131072,131072,36,65536,131072,131072,131072,131072,31,65536,131072,131072,262144,262144,700,131072,131072,131072,131072,131072,82,65536,131072,131072,131072,131072,77,131072,262144,262144,262144,262144,105,0,0,0,0,0,0,0,0,0,0,0,0,0,0,0,0,0,0,0,0,0,0,0,0,0,0,0,0,0,0,0,0,34360,31358,50476,0,41,21,0
48261088066200,3395,2048,4096,16384,21615,512,512,1024,3237,4096,8192,8192,2713,4096,8192,16384,710,8192,8192,8192,29,2048,2048,4096,706,512,1024,2048,2706,1024,2048,2048,506,4096,4096,4096,9,2048,65536,262144,32612,1048576,1048576,1048576,41,524288,1048576,1048576,41,524288,524288,524288,41,1024,2048,2048,41,64,128,2048,41,128,512,1024,4370,256,512,1024,4370,128,512,1024,194530,128,512,1024,24417,128,512,512,4119,128,512,1024,5886,512,1024,1024,1380,256,512,1024,1443,128,512,512,23814,128,512,512,3717,128,512,512,675,128,512,512,333,256,512,1024,261,256,512,1024,81,0,0,0,0,0,0,0,0,0,0,0,0,64,128,128,20,64,128,128,20,15.97,10.99,4.98,0,29,29,706,69,65,0,0,0,0,0,0,0,65536,131072,131072,131072,131072,29,65536,131072,131072,131072,131072,29,65536,131072,131072,262144,262144,706,131072,131072,131072,131072,131072,67,65536,131072,131072,131072,131072,63,0,0,0,0,0,0,0,0,0,0,0,0,0,0,0,0,0,0,0,0,0,0,0,0,0,0,0,0,0,0,0,0,0,0,0,0,4,0,33865,31149,47736,0,41,20,0
48262110853800,3406,2048,4096,16384,21677,512,512,1024,2934,4096,8192,8192,2752,4096,16384,16384,706,8192,8192,8192,36,2048,2048,4096,706,512,1024,2048,2752,1024,2048,2048,472,4096,4096,4096,22,1024,65536,262144,32406,1048576,1048576,1048576,40,524288,1048576,1048576,40,524288,524288,524288,40,1024,2048,2048,40,64,32768,65536,41,128,512,1024,4673,256,512,1024,4574,128,512,1024,195093,128,512,1024,24768,128,512,512,4075,128,512,1024,5805,512,1024,1024,1362,256,512,1024,1542,128,512,512,23490,128,512,512,3132,128,512,512,447,128,512,1024,342,128,512,1024,324,256,512,1024,198,1024,2048,2048,11,1024,1024,1024,11,64,64,64,22,64,64,128,21,64,32768,32768,21,15.28,11.59,3.69,11,36,38,706,83,72,0,262144,262144,262144,262144,262144,11,65536,131072,131072,131072,131072,36,65536,131072,131072,131072,131072,38,65536,131072,131072,262144,262144,705,131072,131072,131072,131072,131072,84,65536,131072,131072,131072,131072,74,0,0,0,0,0,0,0,0,0,0,0,0,0,0,0,0,0,0,0,0,0,0,0,0,0,0,0,0,0,0,0,0,0,0,0,0,1,0,33778,30999,49288,0,40,21,0
48263128391200,3439,2048,4096,16384,21412,512,512,1024,3456,4096,8192,8192,2725,4096,8192,16384,658,8192,8192,8192,36,2048,2048,4096,707,512,1024,2048,2745,1024,2048,2048,451,4096,4096,4096,14,2048,131072,262144,32606,1048576,1048576,1048576,41,524288,1048576,1048576,41,524288,524288,524288,41,1024,2048,2048,41,64,32768,65536,40,128,512,1024,4875,256,512,1024,4578,128,512,1024,192708,128,512,1024,24525,128,512,512,4040,128,512,1024,5265,512,1024,1024,1417,256,512,1024,1507,128,512,512,23832,128,512,512,3411,128,512,512,564,256,512,1024,270,256,512,1024,324,256,512,1024,126,1024,2048,2048,36,512,1024,1024,33,64,64,64,69,64,128,128,20,16384,65536,65536,20,16.11,11.13,4.99,33,36,39,707,71,75,0,262144,262144,262144,262144,262144,33,65536,131072,131072,131072,131072,36,65536,131072,131072,131072,131072,39,65536,131072,131072,262144,262144,705,131072,131072,131072,131072,131072,72,65536,131072,131072,131072,131072,75,0,0,0,0,0,0,0,0,0,0,0,0,0,0,0,0,0,0,0,0,0,0,0,0,0,0,0,0,0,0,0,0,0,0,0,0,3,0,33537,31268,49741,0,41,20,0
48264150087200,3472,2048,4096,16384,22174,512,512,1024,3378,4096,8192,8192,2678,4096,16384,16384,718,8192,8192,8192,26,2048,2048,4096,691,512,1024,4096,2711,1024,2048,2048,463,4096,4096,4096,10,1024,131072,262144,33191,1048576,1048576,1048576,41,524288,1048576,1048576,41,524288,524288,524288,41,1024,2048,2048,41,64,32768,32768,41,256,512,1024,5030,256,512,1024,4733,128,512,1024,199566,128,512,1024,24102,128,512,1024,4173,256,512,1024,5931,512,1024,1024,1322,256,512,1024,1574,128,512,512,23436,128,512,512,3465,128,512,1024,537,128,512,512,342,256,512,1024,234,256,512,1024,90,1024,2048,2048,32,1024,1024,1024,33,64,64,128,65,64,128,128,20,16384,32768,32768,20,17.09,12.37,4.72,33,26,31,691,89,73,0,262144,262144,262144,262144,262144,33,65536,131072,131072,131072,131072,26,65536,131072,131072,131072,262144,31,65536,131072,131072,131072,262144,694,131072,131072,131072,131072,131072,89,65536,131072,131072,131072,131072,73,0,0,0,0,0,0,0,0,0,0,0,0,0,0,0,0,0,0,0,0,0,0,0,0,0,0,0,0,0,0,0,0,0,0,0,0,0,0,34386,31835,47449,0,41,20,0
48265170881900,3500,2048,4096,16384,21082,512,512,1024,3476,4096,8192,8192,2784,4096,8192,16384,727,8192,8192,8192,42,2048,2048,4096,698,512,1024,2048,2748,1024,2048,2048,511,4096,8192,8192,21,1024,65536,262144,32505,1048576,1048576,1048576,41,1048576,1048576,1048576,41,524288,524288,524288,41,1024,2048,2048,41,64,65536,65536,41,256,512,1024,4792,256,512,1024,4540,128,512,1024,189738,128,512,1024,25056,128,512,1024,3965,256,512,1024,5751,512,1024,1024,1362,256,512,1024,1470,128,512,512,23067,128,512,512,3564,128,512,512,543,128,512,1024,333,256,512,1024,378,256,512,1024,189,1024,2048,2048,26,1024,1024,1024,28,64,64,128,54,64,128,128,21,128,65536,65536,21,18.62,12.62,5.99,28,42,23,698,81,86,0,262144,262144,262144,262144,262144,28,65536,131072,131072,131072,131072,42,65536,131072,131072,131072,131072,23,65536,131072,131072,131072,262144,698,131072,131072,131072,131072,262144,81,65536,131072,131072,131072,131072,86,0,0,0,0,0,0,0,0,0,0,0,0,0,0,0,0,0,0,0,0,0,0,0,0,0,0,0,0,0,0,0,0,0,0,0,0,0,0,32938,30892,50161,0,41,21,0
48266192837000,3500,2048,4096,16384,20324,512,512,1024,3481,4096,8192,8192,2717,4096,8192,16384,726,8192,8192,8192,33,2048,2048,4096,711,512,1024,2048,2693,1024,2048,2048,454,4096,4096,4096,9,1024,65536,262144,31545,1048576,1048576,1048576,41,524288,1048576,1048576,41,524288,524288,524288,41,1024,2048,2048,41,64,2048,32768,41,256,512,1024,4799,256,512,1024,4799,256,512,1024,182916,256,512,1024,24453,128,512,1024,4127,256,512,1024,5796,512,1024,1024,1290,256,512,1024,1398,128,512,1024,22869,128,512,512,3411,128,512,512,594,128,512,1024,342,256,512,1024,297,256,512,512,81,0,0,0,0,0,0,0,0,0,0,0,0,64,128,128,20,64,128,128,20,16.07,11.22,4.85,0,33,30,711,87,104,0,0,0,0,0,0,0,65536,131072,131072,131072,131072,33,65536,131072,131072,131072,131072,30,65536,131072,131072,262144,262144,709,131072,131072,131072,131072,131072,87,65536,131072,131072,131072,131072,104,0,0,0,0,0,0,0,0,0,0,0,0,0,0,0,0,0,0,0,0,0,0,0,0,0,0,0,0,0,0,0,0,0,0,0,0,2,0,35206,30286,49460,0,41,20,0
48267211376400,3500,2048,4096,16384,21676,512,512,1024,3481,4096,8192,8192,2775,4096,8192,16384,690,8192,8192,8192,38,2048,2048,4096,740,512,1024,2048,2812,1024,2048,2048,472,4096,4096,4096,12,2048,131072,262144,33132,1048576,2097152,2097152,40,524288,1048576,1048576,40,524288,524288,524288,40,1024,2048,2048,40,64,16384,32768,41,256,512,1024,4662,256,512,1024,4662,256,512,1024,195084,256,512,1024,24975,128,512,1024,3617,256,512,1024,5625,512,1024,1024,1169,256,512,1024,1223,128,512,1024,21870,128,512,1024,3321,128,512,512,480,128,512,512,261,256,512,1024,342,256,512,1024,108,0,0,0,0,0,0,0,0,0,0,0,0,64,128,128,21,64,128,128,21,14.95,11.63,3.32,0,38,23,740,81,96,0,0,0,0,0,0,0,65536,131072,131072,131072,131072,38,65536,131072,131072,131072,131072,23,65536,131072,131072,131072,262144,742,131072,131072,131072,131072,131072,81,65536,131072,131072,131072,131072,96,0,0,0,0,0,0,0,0,0,0,0,0,0,0,0,0,0,0,0,0,0,0,0,0,0,0,0,0,0,0,0,0,0,0,0,0,0,0,33208,31561,48971,0,40,21,0
48268233038900,3500,2048,4096,16384,22103,512,512,1024,3481,4096,8192,8192,2750,4096,16384,16384,687,8192,8192,8192,38,2048,2048,4096,723,512,1024,2048,2770,1024,2048,2048,477,4096,4096,4096,12,2048,131072,262144,33399,1048576,1048576,2097152,41,524288,1048576,1048576,41,524288,524288,524288,41,2048,2048,2048,41,64,32768,32768,40,256,512,1024,4621,256,512,1024,4621,128,512,1024,198927,256,512,1024,24759,128,512,1024,4159,256,512,1024,5643,512,1024,1024,1341,256,512,1024,1548,128,512,1024,22797,128,512,512,3033,128,512,512,477,128,512,1024,360,128,512,1024,342,256,512,1024,108,0,0,0,0,0,0,0,0,0,0,0,0,64,128,128,20,64,128,128,20,16.18,10.83,5.35,0,38,31,723,86,72,0,0,0,0,0,0,0,65536,131072,131072,131072,131072,38,65536,131072,131072,131072,131072,31,65536,131072,131072,262144,262144,722,131072,131072,131072,131072,131072,86,65536,131072,131072,131072,131072,72,0,0,0,0,0,0,0,0,0,0,0,0,0,0,0,0,0,0,0,0,0,0,0,0,0,0,0,0,0,0,0,0,0,0,0,0,1,0,33801,32116,50336,0,41,20,0
48269255194300,3500,2048,4096,16384,21421,512,512,1024,3486,4096,8192,16384,2663,4096,8192,16384,670,8192,8192,8192,42,2048,4096,4096,686,512,1024,2048,2672,1024,2048,2048,482,4096,4096,4096,7,2048,131072,262144,32488,1048576,1048576,1048576,41,524288,1048576,1048576,41,524288,524288,524288,41,1024,2048,2048,41,64,2048,32768,41,256,512,1024,4533,256,512,1024,4533,128,512,1024,192789,128,512,1024,23958,128,512,512,4208,256,512,1024,5427,512,1024,2048,1235,256,512,1024,1415,128,512,1024,21771,128,512,512,3384,128,512,512,387,128,512,512,351,256,512,1024,378,256,512,512,63,0,0,0,0,0,0,0,0,0,0,0,0,64,128,128,20,64,128,128,20,17.32,12.48,4.84,0,42,24,686,78,83,0,0,0,0,0,0,0,65536,131072,131072,131072,131072,42,65536,131072,131072,131072,131072,24,65536,131072,131072,262144,262144,687,131072,131072,131072,131072,131072,78,65536,131072,131072,131072,131072,83,0,0,0,0,0,0,0,0,0,0,0,0,0,0,0,0,0,0,0,0,0,0,0,0,0,0,0,0,0,0,0,0,0,0,0,0,0,0,34027,31213,47960,0,41,20,0
48270274231000,3395,2048,4096,16384,22636,256,512,1024,3438,4096,8192,8192,2927,4096,8192,16384,719,8192,8192,8192,26,2048,2048,4096,671,512,1024,1024,2860,1024,2048,2048,483,4096,4096,4096,14,1024,65536,262144,34174,1048576,1048576,1048576,41,524288,1048576,1048576,41,524288,524288,524288,41,1024,2048,2048,41,64,16384,32768,41,128,512,1024,4517,256,512,1024,5462,128,512,1024,203724,128,512,1024,26343,128,512,512,4157,128,512,1024,6021,512,1024,1024,1404,256,512,1024,1341,128,512,512,22104,128,512,512,2979,128,512,1024,471,128,512,512,252,256,512,512,234,256,512,1024,126,0,0,0,0,0,0,0,0,0,0,0,0,64,64,128,21,64,128,128,21,16.74,11.88,4.85,0,26,22,671,96,93,105,0,0,0,0,0,0,65536,131072,131072,131072,131072,26,131072,131072,131072,131072,131072,22,65536,131072,131072,131072,262144,668,131072,131072,131072,131072,131072,96,65536,131072,131072,131072,131072,93,131072,262144,262144,262144,262144,105,0,0,0,0,0,0,0,0,0,0,0,0,0,0,0,0,0,0,0,0,0,0,0,0,0,0,0,0,0,0,3,0,33954,32472,49487,0,41,21,0
48271294674400,3395,2048,4096,16384,21140,512,512,1024,3379,4096,8192,8192,2571,4096,8192,16384,679,8192,8192,8192,31,2048,2048,4096,691,512,1024,1024,2574,1024,2048,2048,436,4096,4096,4096,12,256,65536,262144,31865,1048576,1048576,1048576,41,524288,1048576,1048576,41,524288,524288,524288,41,1024,2048,2048,41,64,8192,32768,41,128,512,1024,4476,256,512,1024,4476,128,512,1024,190260,128,512,1024,23139,128,512,512,3775,128,512,1024,5778,512,1024,1024,1419,256,512,1024,1356,128,512,512,21591,128,512,512,3060,128,512,512,486,256,512,1024,252,128,512,1024,279,256,512,512,108,0,0,0,0,0,0,0,0,0,0,0,0,64,128,128,20,64,128,128,20,14.17,11.10,3.06,0,31,10,691,74,79,0,0,0,0,0,0,0,65536,131072,131072,131072,131072,31,65536,131072,131072,131072,131072,10,65536,131072,131072,131072,131072,689,131072,131072,131072,131072,131072,74,65536,131072,131072,131072,131072,79,0,0,0,0,0,0,0,0,0,0,0,0,0,0,0,0,0,0,0,0,0,0,0,0,0,0,0,0,0,0,0,0,0,0,0,0,5,0,34198,30581,49137,0,41,20,0
48272317574500,3417,2048,4096,16384,21086,512,512,1024,3380,4096,8192,8192,2687,4096,8192,16384,680,8192,8192,32768,33,2048,2048,4096,718,512,1024,1024,2730,1024,2048,2048,451,4096,4096,4096,10,2048,131072,262144,32118,1048576,1048576,2097152,41,524288,1048576,1048576,41,524288,524288,524288,41,1024,1024,2048,41,64,8192,65536,41,256,512,1024,4607,256,512,1024,4409,128,512,1024,189774,128,512,1024,24183,128,512,512,3760,128,512,1024,5526,512,1024,1024,1455,256,512,1024,1347,128,512,512,22383,128,512,512,3042,128,512,1024,492,128,512,1024,261,256,512,1024,297,256,512,1024,90,1024,2048,2048,26,1024,1024,1024,22,64,64,1024,48,64,128,128,21,64,32768,65536,21,16.54,12.34,4.20,22,33,15,718,103,83,0,262144,262144,262144,262144,262144,22,65536,131072,131072,131072,131072,33,65536,131072,131072,131072,131072,15,65536,131072,131072,262144,262144,723,131072,131072,131072,131072,131072,103,65536,131072,131072,131072,131072,83,0,0,0,0,0,0,0,0,0,0,0,0,0,0,0,0,0,0,0,0,0,0,0,0,0,0,0,0,0,0,0,0,0,0,0,0,0,0,33910,30479,48786,50,41,21,0
48273334349100,3450,2048,4096,16384,21194,512,512,1024,3418,4096,8192,8192,2689,4096,16384,16384,660,8192,8192,8192,25,2048,4096,4096,699,512,1024,1024,2705,1024,2048,4096,492,4096,4096,4096,17,2048,131072,262144,32229,1048576,1048576,1048576,40,524288,1048576,1048576,40,524288,524288,524288,40,1024,2048,2048,40,64,32768,65536,40,256,512,1024,4904,256,512,1024,4607,128,512,1024,190746,128,512,1024,24201,128,512,1024,3790,256,512,1024,5625,512,1024,1024,1389,256,512,1024,1371,128,512,512,21465,128,512,512,2898,128,512,512,603,128,512,1024,270,256,512,1024,225,256,512,1024,153,1024,2048,2048,29,1024,1024,1024,33,64,64,64,62,64,64,64,20,16384,65536,65536,20,16.27,12.04,4.23,33,25,13,699,60,77,0,262144,262144,262144,262144,262144,33,65536,131072,131072,131072,131072,25,65536,131072,131072,131072,131072,13,65536,131072,131072,131072,262144,695,131072,131072,131072,131072,131072,60,65536,131072,131072,131072,131072,77,0,0,0,0,0,0,0,0,0,0,0,0,0,0,0,0,0,0,0,0,0,0,0,0,0,0,0,0,0,0,0,0,0,0,0,0,3,0,33860,30919,49022,0,40,20,0
48274356331700,3479,2048,4096,16384,20610,512,512,1024,3422,4096,8192,8192,2680,4096,16384,16384,702,8192,8192,8192,32,2048,4096,4096,662,512,1024,1024,2663,1024,2048,2048,413,4096,8192,8192,18,2048,131072,262144,31587,1048576,1048576,1048576,41,524288,1048576,1048576,41,524288,524288,524288,41,1024,2048,2048,41,64,32768,65536,41,256,512,1024,4418,256,512,1024,4157,256,512,1024,185490,256,512,1024,24120,128,512,1024,3955,256,512,1024,5886,512,1024,1024,1464,256,512,1024,1356,128,512,1024,22743,128,512,512,3348,128,512,512,537,256,512,512,270,256,512,1024,288,256,512,1024,162,1024,2048,2048,32,1024,1024,1024,30,64,64,128,62,64,128,128,20,16384,32768,32768,20,16.69,11.72,4.97,30,32,10,662,87,87,0,262144,262144,262144,262144,524288,30,65536,131072,131072,131072,2097152,32,131072,131072,131072,131072,131072,10,65536,131072,131072,262144,262144,665,131072,131072,131072,131072,131072,87,65536,131072,131072,131072,131072,87,0,0,0,0,0,0,0,0,0,0,0,0,0,0,0,0,0,0,0,0,0,0,0,0,0,0,0,0,0,0,0,0,0,0,0,0,0,0,33630,30348,49834,0,41,20,0
48275375938700,3500,2048,4096,16384,20624,512,512,1024,3468,4096,8192,8192,2820,4096,8192,16384,769,8192,8192,8192,31,2048,4096,4096,666,512,1024,1024,2802,1024,2048,2048,522,4096,8192,8192,18,1024,65536,262144,32071,1048576,1048576,1048576,41,1048576,1048576,1048576,41,524288,524288,524288,41,1024,2048,2048,41,64,8192,32768,41,256,512,1024,4743,256,512,1024,4554,128,512,1024,185616,256,512,1024,25380,128,512,1024,4395,256,512,1024,6219,512,1024,1024,1403,256,512,1024,1331,128,512,512,22473,128,512,512,3600,128,512,1024,603,128,512,1024,279,256,512,1024,279,256,512,1024,162,1024,2048,2048,18,1024,1024,1024,20,64,128,128,38,64,128,128,21,128,32768,65536,21,17.25,12.52,4.73,20,31,10,666,80,78,0,262144,262144,262144,262144,262144,20,131072,131072,131072,131072,131072,31,65536,65536,65536,65536,131072,10,65536,131072,262144,262144,524288,667,65536,131072,131072,131072,262144,80,65536,131072,131072,131072,131072,78,0,0,0,0,0,0,0,0,0,0,0,0,0,0,0,0,0,0,0,0,0,0,0,0,0,0,0,0,0,0,0,0,0,0,0,0,0,0,34612,30805,47107,1,41,21,0
48276398107300,3500,2048,4096,16384,21617,512,512,1024,3479,4096,8192,16384,2743,4096,16384,16384,675,8192,8192,8192,35,2048,4096,4096,740,512,1024,1024,2788,1024,2048,2048,511,4096,4096,4096,11,2048,131072,262144,32957,1048576,1048576,2097152,41,1048576,1048576,1048576,41,524288,524288,524288,41,1024,2048,2048,41,64,32768,65536,41,256,512,1024,4716,256,512,1024,4716,256,512,1024,194553,256,512,1024,24687,128,512,1024,3470,256,512,1024,5760,512,1024,1024,1323,256,512,1024,1314,128,512,512,23904,128,512,512,3096,128,512,512,360,256,512,512,342,256,512,512,315,256,512,1024,99,0,0,0,0,0,0,0,0,0,0,0,0,64,128,128,20,64,128,128,20,14.14,10.57,3.57,0,35,9,740,90,82,0,0,0,0,0,0,0,65536,131072,131072,131072,262144,35,131072,131072,131072,131072,131072,9,65536,131072,262144,262144,262144,735,131072,131072,131072,131072,131072,90,65536,131072,131072,131072,131072,82,0,0,0,0,0,0,0,0,0,0,0,0,0,0,0,0,0,0,0,0,0,0,0,0,0,0,0,0,0,0,0,0,0,0,0,0,5,0,33002,31429,49888,0,41,20,0
48277415071300,3500,2048,4096,16384,20653,512,512,1024,3415,4096,8192,16384,2696,4096,16384,32768,708,8192,8192,8192,35,2048,2048,4096,744,512,1024,1024,2755,1024,2048,2048,450,4096,4096,4096,6,2048,131072,262144,31839,1048576,1048576,1048576,41,1048576,1048576,1048576,41,524288,524288,524288,41,1024,2048,2048,41,64,65536,65536,41,256,512,1024,4891,256,512,1024,4891,128,512,1024,185877,128,512,1024,24264,128,512,1024,3820,256,512,1024,6012,512,1024,1024,1308,256,512,1024,1407,128,512,1024,22905,128,512,512,3546,128,512,512,525,128,512,512,315,256,512,1024,315,256,512,1024,54,0,0,0,0,0,0,0,0,0,0,0,0,64,64,128,21,64,128,128,21,17.15,12.80,4.35,0,35,13,744,77,71,0,0,0,0,0,0,0,65536,131072,131072,131072,262144,34,65536,131072,131072,131072,262144,13,65536,131072,131072,262144,262144,747,131072,131072,131072,131072,262144,77,65536,131072,131072,131072,262144,71,0,0,0,0,0,0,0,0,0,0,0,0,0,0,0,0,0,0,0,0,0,0,0,0,0,0,0,0,0,0,0,0,0,0,0,0,3,0,34718,30535,50337,0,41,21,0
48278436439400,3500,2048,4096,16384,21552,512,512,1024,3483,4096,8192,8192,2844,4096,8192,16384,724,8192,8192,8192,32,2048,2048,4096,722,512,1024,1024,2836,1024,2048,2048,491,4096,4096,4096,14,1024,65536,262144,33103,1048576,2097152,2097152,40,524288,1048576,1048576,40,524288,524288,524288,40,1024,2048,2048,40,64,32768,65536,41,256,512,1024,4684,256,512,1024,4684,128,512,1024,193968,128,512,1024,25596,128,512,512,4071,256,512,1024,6030,512,1024,1024,1413,256,512,1024,1305,128,512,1024,21276,128,512,1024,3411,128,512,512,531,128,512,512,288,256,512,1024,288,256,512,1024,126,0,0,0,0,0,0,0,0,0,0,0,0,64,128,128,20,64,128,128,20,16.18,11.98,4.20,0,32,15,722,70,76,0,0,0,0,0,0,0,65536,131072,131072,131072,131072,32,65536,131072,131072,131072,131072,14,65536,131072,131072,262144,262144,721,131072,131072,131072,131072,262144,70,65536,131072,131072,131072,262144,75,0,0,0,0,0,0,0,0,0,0,0,0,0,0,0,0,0,0,0,0,0,0,0,0,0,0,0,0,0,0,0,0,0,0,0,0,6,0,35267,31711,48827,0,40,20,0
48279456942600,3500,2048,4096,16384,21333,512,512,1024,3339,4096,8192,8192,2720,4096,8192,16384,687,8192,8192,8192,28,2048,2048,4096,665,512,1024,1024,2640,1024,2048,2048,473,4096,4096,4096,14,2048,65536,262144,32266,1048576,1048576,2097152,41,524288,1048576,1048576,41,524288,524288,524288,41,2048,2048,2048,41,64,16384,16384,40,256,512,1024,4938,256,512,1024,4938,256,512,1024,191997,128,512,1024,24480,128,512,512,3770,128,512,1024,5553,512,1024,1024,1388,256,512,1024,1379,128,512,1024,23301,128,512,512,3285,128,512,1024,480,128,512,512,342,256,512,1024,252,256,512,1024,126,0,0,0,0,0,0,0,0,0,0,0,0,64,128,128,20,64,128,128,20,16.59,12.12,4.47,0,28,11,665,72,93,0,0,0,0,0,0,0,65536,131072,131072,131072,131072,29,65536,131072,131072,131072,262144,12,65536,131072,131072,262144,524288,668,131072,131072,262144,262144,262144,72,65536,131072,262144,262144,262144,94,0,0,0,0,0,0,0,0,0,0,0,0,0,0,0,0,0,0,0,0,0,0,0,0,0,0,0,0,0,0,0,0,0,0,0,0,0,0,33648,30647,50482,0,41,20,0
48280479389700,3395,2048,4096,16384,21460,512,512,1024,3389,4096,8192,8192,2774,4096,8192,16384,700,8192,8192,8192,39,2048,2048,4096,700,512,1024,1024,2796,1024,2048,2048,440,4096,8192,8192,17,2048,65536,262144,32673,1048576,1048576,2097152,41,524288,1048576,1048576,41,524288,524288,524288,41,1024,2048,2048,41,64,32768,65536,41,256,512,1024,4831,256,512,1024,5776,128,512,1024,193140,128,512,1024,24966,128,512,1024,3714,128,512,1024,5715,512,1024,1024,1361,256,512,1024,1307,128,512,1024,22410,128,512,512,3483,128,512,512,554,256,512,1024,252,256,512,1024,351,256,1024,1024,153,0,0,0,0,0,0,0,0,0,0,0,0,64,64,128,21,64,128,128,21,15.92,11.21,4.71,0,39,11,700,93,91,105,0,0,0,0,0,0,65536,131072,131072,131072,131072,39,65536,131072,131072,131072,131072,11,65536,131072,262144,262144,262144,700,131072,131072,131072,131072,262144,93,65536,131072,131072,131072,262144,91,131072,262144,262144,524288,524288,105,0,0,0,0,0,0,0,0,0,0,0,0,0,0,0,0,0,0,0,0,0,0,0,0,0,0,0,0,0,0,0,0,34256,31343,51215,0,41,21,0
48281497736200,3395,2048,4096,16384,21884,256,512,1024,3439,4096,8192,8192,2690,4096,8192,16384,735,8192,8192,8192,37,2048,2048,4096,746,512,1024,1024,2710,1024,2048,2048,448,4096,4096,4096,12,2048,131072,262144,33035,1048576,1048576,1048576,41,524288,1048576,1048576,41,524288,524288,524288,41,1024,2048,2048,41,64,128,8192,41,128,512,1024,4589,256,512,1024,4589,128,512,1024,196956,128,512,1024,24210,128,512,512,4174,128,512,1024,5598,512,1024,1024,1415,256,512,1024,1577,128,512,512,21906,128,512,512,3141,128,512,1024,681,128,512,512,396,256,512,1024,333,256,512,512,108,0,0,0,0,0,0,0,0,0,0,0,0,64,128,128,20,128,128,128,20,16.62,11.38,5.24,0,37,23,746,80,87,0,0,0,0,0,0,0,65536,131072,131072,131072,131072,35,65536,131072,131072,131072,131072,23,65536,131072,262144,262144,524288,740,131072,131072,131072,131072,262144,80,65536,131072,131072,131072,262144,87,0,0,0,0,0,0,0,0,0,0,0,0,0,0,0,0,0,0,0,0,0,0,0,0,0,0,0,0,0,0,0,0,0,0,0,0,8,0,33797,31407,48044,0,41,20,0
48282519376400,3420,2048,4096,16384,21099,512,512,1024,3331,4096,8192,8192,2608,4096,8192,16384,679,8192,8192,8192,29,2048,2048,4096,657,512,1024,1024,2654,1024,2048,2048,476,4096,4096,4096,7,2048,131072,262144,31924,1048576,1048576,1048576,41,524288,1048576,1048576,41,524288,524288,524288,41,1024,2048,2048,41,64,32768,65536,41,256,512,1024,4918,256,512,1024,4693,128,512,1024,189891,128,512,1024,23472,128,512,1024,3931,128,512,1024,5499,512,1024,1024,1364,256,512,1024,1283,128,512,512,22248,128,512,512,3420,128,512,512,554,128,512,1024,207,256,512,1024,261,256,1024,1024,63,1024,2048,2048,28,1024,1024,1024,25,64,64,64,53,64,128,128,21,128,32768,65536,21,16.05,11.97,4.08,25,29,17,657,79,66,0,262144,262144,262144,262144,262144,25,65536,131072,131072,131072,131072,31,65536,131072,131072,131072,131072,17,65536,131072,262144,262144,262144,663,131072,131072,262144,262144,262144,79,65536,131072,131072,131072,262144,66,0,0,0,0,0,0,0,0,0,0,0,0,0,0,0,0,0,0,0,0,0,0,0,0,0,0,0,0,0,0,0,0,0,0,0,0,0,0,33367,30460,47828,0,41,21,0
48283543086400,3450,2048,4096,16384,22042,512,512,1024,3400,4096,8192,8192,2721,4096,8192,16384,680,8192,8192,16384,25,2048,4096,4096,715,512,1024,2048,2759,1024,2048,2048,465,4096,4096,4096,21,2048,131072,262144,33181,1048576,1048576,1048576,41,524288,1048576,1048576,41,524288,524288,524288,41,1024,2048,2048,41,64,8192,32768,41,128,512,1024,4840,256,512,1024,4570,128,512,1024,198378,128,512,1024,24489,128,512,512,3810,128,512,1024,5733,512,1024,1024,1479,256,512,1024,1353,128,512,512,23652,128,512,512,3267,128,512,512,480,128,512,1024,270,256,1024,1024,225,256,512,512,189,1024,2048,2048,30,1024,1024,1024,30,64,128,128,60,64,128,128,20,16384,32768,32768,20,15.91,11.83,4.07,30,25,24,715,84,86,0,262144,262144,262144,262144,524288,30,65536,131072,262144,262144,262144,25,65536,131072,131072,131072,262144,24,65536,131072,131072,524288,524288,715,131072,131072,262144,262144,262144,84,65536,131072,131072,131072,131072,86,0,0,0,0,0,0,0,0,0,0,0,0,0,0,0,0,0,0,0,0,0,0,0,0,0,0,0,0,0,0,0,0,0,0,0,0,0,0,34111,31847,49473,0,41,20,0
48284560836500,3476,2048,4096,16384,20371,512,512,1024,3440,4096,8192,8192,2679,4096,8192,16384,645,8192,8192,16384,36,2048,2048,4096,641,512,1024,4096,2672,1024,2048,2048,501,4096,4096,4096,11,1024,65536,262144,31397,1048576,1048576,2097152,40,524288,1048576,1048576,40,524288,524288,524288,40,1024,2048,2048,40,64,8192,65536,41,256,512,1024,5207,256,512,1024,4973,128,512,1024,183339,256,512,1024,24111,128,512,512,3768,256,512,1024,5463,512,1024,1024,1254,256,512,1024,1236,128,512,1024,23220,128,512,512,3609,128,512,1024,546,128,512,512,243,256,1024,1024,324,256,512,1024,99,1024,2048,2048,30,1024,1024,1024,31,64,64,64,61,64,64,128,21,16384,32768,32768,21,15.10,10.88,4.22,31,36,33,641,82,77,0,262144,262144,262144,262144,524288,31,65536,131072,131072,131072,131072,36,65536,131072,131072,131072,131072,33,65536,131072,131072,262144,262144,641,131072,131072,131072,131072,131072,82,65536,131072,131072,131072,131072,76,0,0,0,0,0,0,0,0,0,0,0,0,0,0,0,0,0,0,0,0,0,0,0,0,0,0,0,0,0,0,0,0,0,0,0,0,1,0,33292,30192,50882,0,40,21,0
48285579537100,3500,2048,4096,16384,21030,512,512,1024,3480,4096,8192,8192,2832,4096,8192,16384,769,8192,8192,8192,30,2048,2048,4096,739,512,1024,4096,2825,1024,2048,2048,490,4096,4096,4096,12,2048,65536,262144,32598,1048576,1048576,1048576,41,524288,1048576,1048576,41,524288,524288,524288,41,1024,2048,2048,41,64,65536,65536,40,256,512,1024,4642,256,512,1024,4426,256,512,1024,189270,256,512,1024,25488,128,512,1024,4542,256,512,1024,6372,512,1024,1024,1457,256,512,1024,1394,128,512,1024,23220,128,512,512,3519,128,512,512,453,128,512,1024,306,256,512,1024,270,256,512,1024,108,1024,2048,2048,17,1024,1024,1024,19,64,128,128,36,64,64,64,20,128,65536,65536,20,18.40,12.90,5.49,19,30,33,739,74,94,0,262144,262144,262144,262144,262144,19,65536,131072,131072,131072,131072,30,65536,131072,131072,131072,131072,33,65536,131072,262144,524288,4194304,738,131072,131072,131072,131072,131072,74,65536,131072,131072,131072,131072,95,0,0,0,0,0,0,0,0,0,0,0,0,0,0,0,0,0,0,0,0,0,0,0,0,0,0,0,0,0,0,0,0,0,0,0,0,1,0,33302,31180,47112,0,41,20,0
48286602060300,3500,2048,4096,16384,21330,512,512,1024,3478,4096,8192,8192,2712,4096,8192,16384,691,8192,16384,32768,34,2048,2048,4096,712,512,1024,4096,2722,1024,2048,2048,480,4096,8192,8192,11,1024,65536,262144,32578,1048576,1048576,1048576,41,524288,1048576,1048576,41,524288,524288,524288,41,1024,2048,2048,41,64,16384,32768,41,256,512,1024,4428,256,512,1024,4428,128,512,1024,191970,256,512,1024,24408,128,512,512,3920,128,512,1024,5949,512,1024,1024,1476,256,512,1024,1422,128,512,1024,23931,128,512,512,3528,128,512,512,462,128,512,1024,333,256,512,1024,306,256,512,1024,99,0,0,0,0,0,0,0,0,0,0,0,0,64,128,128,20,128,256,256,20,14.64,11.08,3.57,0,34,37,712,79,66,0,0,0,0,0,0,0,65536,131072,131072,131072,131072,34,65536,131072,131072,131072,131072,37,65536,131072,262144,262144,524288,713,131072,131072,131072,131072,262144,79,65536,131072,131072,131072,131072,66,0,0,0,0,0,0,0,0,0,0,0,0,0,0,0,0,0,0,0,0,0,0,0,0,0,0,0,0,0,0,0,0,0,0,0,0,0,0,33416,31268,49353,0,41,20,0
48287624433700,3500,2048,4096,16384,22245,512,512,1024,3485,4096,8192,8192,2734,4096,8192,16384,672,8192,8192,8192,34,2048,2048,4096,734,512,1024,4096,2755,1024,2048,2048,449,4096,4096,8192,22,2048,131072,262144,33506,1048576,1048576,2097152,41,524288,1048576,1048576,41,524288,524288,524288,41,1024,2048,2048,41,64,2048,16384,41,256,512,1024,4581,256,512,1024,4581,256,512,1024,200209,256,512,1024,24606,128,512,1024,3794,256,512,1024,5742,512,1024,1024,1380,256,512,1024,1236,128,512,512,23427,128,512,512,3105,128,512,512,585,128,512,1024,252,256,512,1024,306,256,512,1024,198,0,0,0,0,0,0,0,0,0,0,0,0,64,128,128,21,64,128,128,21,14.90,10.95,3.95,0,34,41,734,86,82,0,0,0,0,0,0,0,65536,131072,131072,131072,131072,34,65536,131072,131072,131072,131072,40,65536,131072,262144,262144,262144,730,131072,131072,131072,131072,262144,85,65536,131072,131072,131072,262144,82,0,0,0,0,0,0,0,0,0,0,0,0,0,0,0,0,0,0,0,0,0,0,0,0,0,0,0,0,0,0,0,0,0,0,0,0,6,0,34483,31882,48610,0,41,21,0
48288642429400,3500,2048,4096,16384,21754,512,512,1024,3484,4096,8192,8192,2805,4096,8192,16384,699,8192,8192,8192,25,2048,2048,4096,711,512,1024,4096,2776,1024,2048,2048,453,4096,4096,4096,10,1024,65536,262144,33046,1048576,1048576,2097152,41,524288,1048576,1048576,41,524288,524288,524288,41,1024,2048,2048,41,64,16384,32768,41,256,512,1024,4612,256,512,1024,4612,128,512,1024,195791,128,512,1024,25245,128,512,512,3907,128,512,1024,5922,512,1024,1024,1476,256,512,1024,1476,128,512,1024,22329,128,512,512,3492,128,512,512,531,256,512,512,279,256,512,1024,225,256,512,1024,90,0,0,0,0,0,0,0,0,0,0,0,0,64,128,128,20,64,128,128,20,17.91,12.67,5.25,0,25,55,711,82,79,0,0,0,0,0,0,0,65536,131072,131072,131072,262144,25,65536,131072,262144,262144,262144,56,65536,131072,131072,262144,262144,714,131072,131072,131072,131072,262144,83,65536,131072,131072,131072,262144,79,0,0,0,0,0,0,0,0,0,0,0,0,0,0,0,0,0,0,0,0,0,0,0,0,0,0,0,0,0,0,0,0,0,0,0,0,1,0,32867,31764,49447,0,41,20,0
48289660810400,3500,2048,4096,16384,21565,512,512,1024,3492,4096,8192,8192,2673,4096,8192,16384,753,8192,8192,8192,41,2048,4096,4096,693,512,1024,4096,2697,1024,2048,2048,449,4096,4096,4096,12,1024,65536,262144,32763,1048576,2097152,2097152,40,524288,1048576,1048576,40,524288,524288,1048576,40,1024,2048,2048,40,64,16384,32768,41,256,512,1024,4186,256,512,1024,4186,128,512,1024,194076,128,512,1024,24057,128,512,512,4097,256,512,1024,6336,512,1024,1024,1313,256,512,1024,1349,128,512,1024,22365,128,512,1024,3132,128,512,512,525,128,512,1024,342,256,512,1024,369,256,512,512,108,0,0,0,0,0,0,0,0,0,0,0,0,64,64,64,21,64,64,64,21,16.62,11.76,4.86,0,41,50,693,98,82,0,0,0,0,0,0,0,65536,131072,131072,131072,131072,41,65536,131072,262144,262144,262144,50,65536,131072,262144,262144,524288,692,131072,131072,262144,262144,262144,97,65536,131072,131072,131072,262144,81,0,0,0,0,0,0,0,0,0,0,0,0,0,0,0,0,0,0,0,0,0,0,0,0,0,0,0,0,0,0,0,0,0,0,0,0,4,0,33548,31277,50434,0,40,21,0
48290684144100,3395,2048,4096,16384,22077,512,512,1024,3396,4096,8192,8192,2800,4096,8192,16384,696,8192,8192,8192,30,2048,2048,4096,676,512,1024,4096,2768,1024,2048,2048,505,4096,8192,8192,9,2048,131072,524288,33334,1048576,1048576,2097152,41,524288,1048576,1048576,41,524288,524288,524288,41,1024,2048,2048,41,64,65536,131072,40,256,512,1024,4502,256,512,1024,5447,128,512,1024,198693,128,512,1024,25200,128,512,512,3984,128,512,1024,5877,512,1024,1024,1275,256,512,1024,1185,128,512,512,23175,128,512,512,3393,128,512,1024,588,128,512,512,216,256,512,512,270,256,512,1024,81,0,0,0,0,0,0,0,0,0,0,0,0,64,64,64,20,64,128,128,20,17.18,12.47,4.71,0,30,52,676,73,83,105,0,0,0,0,0,0,65536,131072,131072,131072,131072,30,65536,131072,262144,262144,262144,52,65536,131072,131072,262144,4194304,678,131072,131072,131072,131072,131072,74,65536,131072,131072,131072,131072,84,131072,262144,262144,262144,524288,105,0,0,0,0,0,0,0,0,0,0,0,0,0,0,0,0,0,0,0,0,0,0,0,0,0,0,0,0,0,0,0,0,33978,31957,49593,0,41,20,0
48291704335300,3395,2048,4096,16384,22057,512,512,1024,3380,4096,8192,8192,2648,4096,8192,32768,661,8192,8192,8192,22,2048,2048,4096,685,512,1024,4096,2675,1024,2048,2048,451,4096,4096,4096,10,2048,65536,262144,32928,1048576,1048576,2097152,41,524288,1048576,1048576,41,524288,524288,524288,41,1024,2048,2048,41,64,32768,65536,41,128,512,1024,4720,256,512,1024,4720,128,512,1024,198513,128,512,1024,23832,128,512,512,3652,128,512,1024,5472,512,1024,1024,1443,256,512,1024,1290,128,512,512,24660,128,512,512,3555,128,512,512,663,128,512,512,261,256,512,512,198,256,512,512,90,0,0,0,0,0,0,0,0,0,0,0,0,64,128,128,20,64,128,128,20,15.70,12.00,3.70,0,22,48,685,84,83,0,0,0,0,0,0,0,65536,131072,131072,131072,131072,22,65536,131072,131072,131072,131072,48,65536,131072,262144,262144,262144,685,131072,131072,262144,262144,262144,84,65536,131072,131072,131072,131072,83,0,0,0,0,0,0,0,0,0,0,0,0,0,0,0,0,0,0,0,0,0,0,0,0,0,0,0,0,0,0,0,0,0,0,0,0,0,0,34248,31357,49422,0,41,20,0
48292723987300,3422,2048,4096,16384,20842,512,512,1024,3389,4096,8192,8192,2646,4096,16384,16384,678,8192,8192,16384,42,2048,2048,4096,718,512,1024,2048,2701,1024,2048,2048,494,4096,4096,4096,12,2048,65536,262144,31933,1048576,1048576,1048576,41,524288,1048576,1048576,41,524288,524288,524288,41,1024,2048,2048,41,64,128,32768,41,256,512,1024,4699,256,512,1024,4456,128,512,1024,187578,128,512,1024,23814,128,512,512,3802,128,512,1024,5733,512,1024,1024,1343,256,512,1024,1424,128,512,512,22986,128,512,512,3411,128,512,512,705,128,512,512,333,256,512,1024,378,256,512,512,108,1024,2048,2048,32,512,1024,2048,28,64,64,128,60,64,128,128,21,128,32768,32768,21,14.67,10.85,3.83,28,42,34,718,76,71,0,262144,262144,262144,262144,262144,27,65536,131072,131072,131072,131072,42,65536,131072,262144,262144,262144,33,65536,131072,262144,262144,262144,709,131072,131072,131072,131072,262144,76,65536,131072,131072,131072,131072,71,0,0,0,0,0,0,0,0,0,0,0,0,0,0,0,0,0,0,0,0,0,0,0,0,0,0,0,0,0,0,0,0,0,0,0,0,10,0,33083,30586,49068,0,41,21,0
48293744889300,3454,2048,4096,16384,21191,512,512,1024,3411,4096,8192,8192,2718,4096,8192,16384,740,8192,8192,8192,21,2048,2048,4096,685,512,1024,4096,2681,1024,2048,2048,468,4096,4096,4096,10,2048,131072,262144,32267,1048576,1048576,1048576,41,524288,1048576,1048576,41,524288,524288,524288,41,1024,2048,2048,41,64,1024,32768,41,256,512,1024,4728,256,512,1024,4440,128,512,1024,190720,128,512,1024,24462,128,512,512,4092,128,512,1024,6408,512,1024,2048,1191,256,512,1024,1245,128,512,1024,24012,128,512,512,3303,128,512,512,504,128,512,1024,234,256,512,1024,189,256,512,1024,90,1024,2048,2048,32,1024,1024,1024,31,64,64,64,63,64,64,64,20,16384,65536,65536,20,16.34,12.89,3.45,31,21,62,685,74,65,0,262144,262144,262144,262144,524288,32,65536,131072,131072,131072,262144,21,65536,131072,131072,131072,131072,63,65536,131072,262144,262144,524288,693,131072,131072,131072,131072,131072,74,65536,131072,131072,131072,262144,65,0,0,0,0,0,0,0,0,0,0,0,0,0,0,0,0,0,0,0,0,0,0,0,0,0,0,0,0,0,0,0,0,0,0,0,0,1,0,33255,31155,48641,0,41,20,0
48294764862400,3488,2048,4096,16384,20346,512,512,1024,3441,4096,8192,16384,2795,4096,16384,16384,660,8192,8192,8192,34,2048,4096,4096,708,512,1024,4096,2796,1024,2048,2048,470,4096,8192,8192,17,2048,131072,262144,31696,1048576,1048576,1048576,41,524288,1048576,1048576,41,524288,524288,524288,41,1024,2048,2048,41,64,32768,32768,41,256,512,1024,4977,256,512,1024,4671,128,512,1024,183113,256,512,1024,25155,128,512,512,3877,256,512,1024,5841,512,1024,1024,1332,256,512,1024,1395,128,512,512,24570,128,512,512,3726,128,512,1024,573,256,512,1024,306,256,512,1024,306,256,512,1024,153,1024,2048,2048,35,1024,1024,1024,36,64,64,128,71,64,128,128,21,16384,32768,32768,21,19.02,13.40,5.62,36,34,56,708,80,77,0,262144,262144,524288,524288,524288,34,65536,131072,131072,131072,131072,34,65536,131072,131072,131072,262144,53,65536,131072,131072,262144,262144,704,131072,131072,524288,524288,4194304,79,65536,131072,131072,131072,131072,76,0,0,0,0,0,0,0,0,0,0,0,0,0,0,0,0,0,0,0,0,0,0,0,0,0,0,0,0,0,0,0,0,0,0,0,0,11,0,34497,30395,48951,0,41,21,0
48295784410700,3500,2048,4096,16384,21287,512,512,1024,3482,4096,8192,8192,2687,4096,16384,16384,689,8192,8192,8192,32,2048,2048,4096,686,512,1024,4096,2722,1024,2048,2048,428,4096,4096,4096,16,2048,65536,262144,32376,1048576,1048576,2097152,40,524288,1048576,1048576,40,524288,524288,524288,40,1024,2048,2048,40,64,32768,32768,40,256,512,1024,4648,256,512,1024,4540,128,512,1024,191583,256,512,1024,24183,128,512,1024,3810,256,512,1024,5832,512,1024,1024,1227,256,512,1024,1317,128,512,1024,22302,128,512,512,3393,128,512,1024,591,128,512,1024,297,256,512,1024,288,256,512,1024,144,1024,2048,2048,6,1024,1024,1024,10,64,64,64,16,64,64,64,20,64,16384,16384,20,14.95,10.86,4.09,10,32,51,686,75,72,0,262144,262144,262144,262144,262144,12,65536,131072,131072,131072,131072,32,65536,131072,262144,262144,262144,54,65536,131072,262144,262144,262144,691,131072,131072,131072,131072,262144,76,65536,131072,131072,131072,131072,73,0,0,0,0,0,0,0,0,0,0,0,0,0,0,0,0,0,0,0,0,0,0,0,0,0,0,0,0,0,0,0,0,0,0,0,0,0,0,33848,31000,49039,0,40,20,0
48296806054700,3500,2048,4096,16384,21442,512,512,1024,3491,4096,8192,8192,2752,4096,16384,16384,731,8192,8192,8192,36,2048,2048,4096,719,512,1024,2048,2715,1024,2048,2048,441,4096,4096,4096,6,1024,65536,262144,32718,1048576,1048576,1048576,41,524288,1048576,1048576,41,524288,524288,524288,41,1024,2048,2048,41,64,32768,32768,41,256,512,1024,4547,256,512,1024,4547,128,512,1024,192978,128,512,1024,24768,128,512,512,4205,256,512,1024,6219,512,1024,1024,1365,256,512,1024,1446,128,512,512,22392,128,512,512,3222,128,512,1024,651,128,512,512,351,256,512,512,324,256,1024,1024,54,0,0,0,0,0,0,0,0,0,0,0,0,64,128,128,20,64,128,128,20,16.69,11.97,4.71,0,36,35,719,90,78,0,0,0,0,0,0,0,65536,131072,131072,131072,131072,36,65536,131072,131072,131072,131072,35,65536,131072,131072,524288,524288,719,65536,131072,131072,131072,131072,90,65536,131072,131072,131072,262144,78,0,0,0,0,0,0,0,0,0,0,0,0,0,0,0,0,0,0,0,0,0,0,0,0,0,0,0,0,0,0,0,0,0,0,0,0,0,0,34986,31132,49769,0,41,20,0
48297827045000,3500,2048,4096,16384,19712,512,512,1024,3498,4096,8192,8192,2810,4096,8192,16384,751,8192,8192,8192,39,2048,2048,4096,748,512,1024,4096,2830,1024,2048,2048,532,4096,4096,4096,4,1024,65536,262144,31370,1048576,1048576,1048576,41,524288,1048576,1048576,41,524288,524288,524288,41,1024,2048,2048,41,64,65536,65536,41,256,512,1024,4749,256,512,1024,4749,128,512,1024,177409,128,512,1024,25290,128,512,512,4219,256,512,1024,6399,512,1024,1024,1283,256,512,512,1463,128,512,512,23373,128,512,512,3654,128,512,512,426,128,512,512,342,256,512,1024,351,256,512,512,36,0,0,0,0,0,0,0,0,0,0,0,0,64,128,128,21,64,128,128,21,15.95,12.00,3.96,0,39,45,748,75,89,0,0,0,0,0,0,0,65536,131072,131072,131072,131072,39,65536,131072,131072,131072,131072,45,65536,131072,262144,262144,262144,748,131072,131072,131072,131072,131072,75,65536,131072,131072,131072,131072,89,0,0,0,0,0,0,0,0,0,0,0,0,0,0,0,0,0,0,0,0,0,0,0,0,0,0,0,0,0,0,0,0,0,0,0,0,0,0,33768,30114,48735,0,41,21,0
48298848752600,3500,2048,4096,16384,22868,512,512,1024,3467,4096,8192,8192,2759,4096,16384,16384,664,8192,8192,8192,37,2048,2048,4096,684,512,1024,2048,2773,1024,2048,2048,478,4096,4096,4096,6,1024,65536,262144,34198,1048576,1048576,1048576,41,524288,1048576,1048576,41,524288,524288,524288,41,1024,2048,2048,41,64,65536,65536,41,256,512,1024,4825,256,512,1024,4825,128,512,1024,205811,128,512,1024,24831,128,512,512,3781,128,512,1024,5859,512,1024,1024,1478,256,512,1024,1577,128,512,512,22770,128,512,512,3213,128,512,512,516,128,512,1024,306,256,512,1024,333,256,1024,1024,54,0,0,0,0,0,0,0,0,0,0,0,0,64,128,128,20,64,128,128,20,15.56,11.23,4.34,0,37,31,684,81,79,0,0,0,0,0,0,0,65536,131072,262144,262144,262144,37,65536,131072,131072,131072,262144,31,65536,131072,262144,262144,262144,681,131072,131072,131072,131072,131072,81,65536,131072,262144,262144,262144,79,0,0,0,0,0,0,0,0,0,0,0,0,0,0,0,0,0,0,0,0,0,0,0,0,0,0,0,0,0,0,0,0,0,0,0,0,3,0,34037,32590,49154,0,41,20,0
48299869528600,3500,2048,4096,16384,22070,256,512,1024,3464,4096,8192,16384,2716,4096,8192,16384,676,8192,8192,8192,30,2048,2048,4096,693,512,1024,4096,2751,1024,2048,2048,479,4096,4096,4096,18,1024,131072,262144,33276,1048576,1048576,1048576,41,524288,1048576,1048576,41,524288,524288,524288,41,1024,2048,2048,41,64,32768,65536,41,256,512,1024,4394,256,512,1024,4394,128,512,1024,198630,128,512,1024,24444,128,512,1024,3834,128,512,1024,5850,512,1024,1024,1407,256,512,1024,1389,128,512,512,23292,128,512,512,3492,128,512,512,492,128,512,512,270,256,512,512,270,256,512,1024,162,0,0,0,0,0,0,0,0,0,0,0,0,64,128,128,21,64,128,128,21,17.59,11.85,5.74,0,30,38,693,87,85,0,0,0,0,0,0,0,65536,131072,131072,131072,131072,30,65536,131072,131072,131072,131072,38,65536,131072,131072,262144,262144,696,131072,131072,131072,131072,131072,87,65536,131072,131072,131072,262144,85,0,0,0,0,0,0,0,0,0,0,0,0,0,0,0,0,0,0,0,0,0,0,0,0,0,0,0,0,0,0,0,0,0,0,0,0,0,0,33477,31671,48987,0,41,21,0
48300890314600,3395,2048,4096,16384,20759,512,512,1024,3419,4096,8192,8192,2715,4096,8192,16384,714,8192,8192,8192,32,2048,2048,4096,684,512,1024,4096,2666,1024,2048,2048,474,4096,4096,4096,8,1024,65536,262144,31849,1048576,1048576,2097152,41,524288,1048576,1048576,41,524288,524288,524288,41,1024,2048,2048,41,64,16384,32768,41,256,512,1024,4480,256,512,1024,5425,128,512,1024,186831,128,512,1024,24435,128,512,512,4007,128,512,1024,6147,512,1024,1024,1209,256,512,1024,1353,128,512,512,22950,128,512,512,3384,128,512,512,534,128,512,1024,297,256,512,1024,288,256,1024,1024,72,0,0,0,0,0,0,0,0,0,0,0,0,64,128,128,20,128,128,128,20,15.68,10.58,5.10,0,32,47,684,86,78,105,0,0,0,0,0,0,65536,131072,131072,131072,131072,32,65536,131072,131072,131072,131072,47,65536,131072,131072,262144,262144,681,65536,131072,131072,131072,262144,86,65536,131072,131072,131072,131072,78,131072,262144,262144,262144,524288,105,0,0,0,0,0,0,0,0,0,0,0,0,0,0,0,0,0,0,0,0,0,0,0,0,0,0,0,0,0,0,3,0,34734,30724,50775,0,41,20,0
48301910750100,3395,2048,4096,16384,21889,512,512,1024,3381,4096,8192,8192,2691,4096,8192,32768,717,8192,8192,8192,35,2048,2048,4096,704,512,1024,4096,2689,1024,2048,2048,435,4096,4096,4096,17,1024,65536,262144,32982,1048576,1048576,1048576,40,524288,1048576,1048576,40,524288,524288,524288,40,1024,2048,2048,40,64,2048,32768,41,128,512,1024,4346,256,512,1024,4347,128,512,1024,197001,128,512,1024,24219,128,512,512,4022,128,512,1024,6039,512,1024,1024,1430,256,512,1024,1520,128,512,512,22428,128,512,512,3051,128,512,512,510,128,512,1024,315,256,512,1024,315,256,512,512,153,0,0,0,0,0,0,0,0,0,0,0,0,64,128,128,21,128,128,128,21,16.21,11.36,4.85,0,35,43,704,86,86,0,0,0,0,0,0,0,65536,131072,131072,131072,131072,35,65536,131072,131072,131072,262144,43,65536,131072,131072,262144,262144,707,131072,131072,131072,131072,262144,85,65536,131072,131072,131072,131072,86,0,0,0,0,0,0,0,0,0,0,0,0,0,0,0,0,0,0,0,0,0,0,0,0,0,0,0,0,0,0,0,0,0,0,0,0,1,0,32936,31420,48677,0,40,21,0
48302929659100,3428,2048,4096,16384,19571,512,512,1024,3388,4096,8192,8192,2663,4096,8192,16384,645,8192,8192,8192,28,2048,2048,4096,701,512,1024,4096,2724,1024,2048,2048,468,4096,4096,4096,9,2048,65536,262144,30538,1048576,1048576,1048576,41,524288,1048576,1048576,41,524288,524288,524288,41,2048,2048,2048,41,64,65536,131072,40,256,512,1024,4917,256,512,1024,4619,128,512,1024,176139,128,512,1024,23967,128,512,512,3717,256,512,1024,5760,512,1024,1024,1296,256,512,1024,1332,128,512,512,22185,128,512,512,3645,128,512,512,633,128,512,1024,279,256,512,1024,252,256,512,1024,81,1024,2048,2048,35,1024,2048,2048,33,64,64,128,68,64,64,64,20,16384,32768,32768,20,13.41,10.99,2.43,33,28,31,701,76,83,0,262144,262144,262144,262144,524288,33,65536,131072,131072,131072,131072,28,65536,131072,131072,131072,131072,31,65536,131072,131072,1048576,2097152,700,131072,131072,131072,131072,131072,77,65536,131072,131072,131072,262144,83,0,0,0,0,0,0,0,0,0,0,0,0,0,0,0,0,0,0,0,0,0,0,0,0,0,0,0,0,0,0,0,0,0,0,0,0,1,0,34782,29408,47857,0,41,20,0
48303949350200,3460,2048,4096,16384,21318,512,512,1024,3389,4096,8192,8192,2682,4096,8192,16384,678,8192,8192,8192,32,2048,4096,4096,693,512,1024,4096,2663,1024,2048,2048,434,4096,8192,8192,14,2048,65536,262144,32324,1048576,1048576,1048576,41,524288,1048576,1048576,41,524288,524288,524288,41,2048,2048,2048,41,64,16384,65536,41,256,512,1024,4839,256,512,1024,4551,128,512,1024,191862,256,512,1024,24138,128,512,512,3751,128,512,1024,6273,512,1024,1024,1374,256,512,1024,1266,128,512,1024,22122,128,512,1024,3006,128,512,512,480,128,512,512,225,256,512,1024,288,256,1024,1024,126,1024,2048,2048,32,1024,1024,1024,32,64,64,256,64,64,128,128,20,16384,65536,65536,20,17.89,13.29,4.60,32,32,36,693,82,84,0,262144,262144,262144,262144,262144,32,65536,131072,131072,131072,131072,32,65536,131072,131072,131072,131072,36,65536,131072,131072,131072,262144,694,131072,131072,131072,131072,131072,82,65536,131072,131072,131072,131072,84,0,0,0,0,0,0,0,0,0,0,0,0,0,0,0,0,0,0,0,0,0,0,0,0,0,0,0,0,0,0,0,0,0,0,0,0,0,0,33846,30801,49322,0,41,20,0
48304972561900,3491,2048,4096,16384,21670,512,512,1024,3488,4096,8192,8192,2821,4096,16384,16384,755,8192,8192,8192,32,2048,2048,4096,743,512,1024,2048,2844,1024,2048,2048,499,4096,4096,4096,11,2048,131072,262144,33287,1048576,1048576,1048576,41,524288,1048576,1048576,41,524288,524288,524288,41,2048,2048,2048,41,64,65536,65536,41,256,512,1024,4808,256,512,1024,4529,128,512,1024,195030,128,512,1024,25389,128,512,1024,4531,256,512,1024,6579,512,1024,1024,1299,256,512,1024,1389,128,512,1024,22617,128,512,512,3519,128,512,512,531,128,512,512,306,256,512,1024,288,256,512,1024,99,1024,2048,2048,31,1024,1024,1024,33,64,64,64,64,64,128,128,21,16384,32768,65536,21,16.29,11.33,4.96,33,32,37,743,83,77,0,262144,262144,262144,262144,262144,33,65536,131072,131072,131072,131072,32,65536,131072,131072,131072,131072,37,65536,131072,131072,131072,262144,743,131072,131072,131072,131072,262144,83,65536,131072,131072,131072,131072,77,0,0,0,0,0,0,0,0,0,0,0,0,0,0,0,0,0,0,0,0,0,0,0,0,0,0,0,0,0,0,0,0,0,0,0,0,0,0,34151,31883,48630,0,41,21,0
48305989490800,3500,2048,4096,16384,20818,512,512,1024,3446,4096,8192,8192,2776,4096,8192,16384,698,8192,8192,16384,32,2048,2048,4096,688,512,1024,2048,2759,1024,2048,2048,469,4096,4096,4096,16,2048,65536,262144,32070,1048576,1048576,1048576,41,524288,1048576,1048576,41,524288,524288,524288,41,1024,2048,2048,41,64,512,65536,41,256,512,1024,4977,256,512,1024,4896,128,512,1024,187362,128,512,1024,24984,128,512,512,3745,256,512,1024,6264,512,1024,1024,1329,256,512,1024,1248,128,512,1024,21906,128,512,512,3330,128,512,1024,459,128,512,512,252,256,1024,1024,288,256,512,512,144,1024,2048,2048,7,512,1024,1024,7,64,64,64,14,64,64,64,20,64,32768,32768,20,16.38,11.14,5.25,7,32,32,688,88,83,0,262144,262144,262144,262144,262144,7,65536,131072,131072,131072,131072,32,65536,131072,131072,131072,131072,31,65536,131072,131072,131072,262144,682,65536,131072,131072,131072,131072,88,65536,131072,131072,131072,131072,83,0,0,0,0,0,0,0,0,0,0,0,0,0,0,0,0,0,0,0,0,0,0,0,0,0,0,0,0,0,0,0,0,0,0,0,0,7,0,33886,30495,49888,0,41,20,0
48307011509800,3500,2048,4096,16384,20508,512,512,1024,3465,4096,8192,8192,2651,4096,16384,16384,663,8192,8192,8192,30,2048,4096,4096,698,512,1024,2048,2648,1024,2048,2048,501,4096,8192,8192,15,1024,65536,262144,31505,1048576,1048576,2097152,40,524288,1048576,1048576,40,524288,524288,524288,40,1024,2048,2048,40,64,65536,65536,41,256,512,1024,4555,256,512,1024,4555,128,512,1024,184572,256,512,1024,23859,128,512,1024,4043,256,512,1024,5571,512,1024,1024,1542,256,512,1024,1407,128,512,1024,22680,128,512,512,3330,128,512,512,507,128,512,1024,270,128,512,1024,270,256,512,1024,135,0,0,0,0,0,0,0,0,0,0,0,0,64,128,128,21,64,128,128,21,16.81,12.86,3.95,0,30,29,698,108,73,0,0,0,0,0,0,0,65536,131072,131072,131072,131072,30,65536,131072,131072,131072,131072,30,65536,131072,131072,262144,262144,704,131072,131072,131072,131072,131072,107,65536,131072,131072,131072,131072,73,0,0,0,0,0,0,0,0,0,0,0,0,0,0,0,0,0,0,0,0,0,0,0,0,0,0,0,0,0,0,0,0,0,0,0,0,0,0,34246,30126,49597,0,40,21,0
48308031655400,3500,2048,4096,16384,20632,512,512,1024,3486,4096,8192,8192,2801,4096,16384,16384,771,8192,8192,8192,32,2048,2048,4096,731,512,1024,4096,2795,1024,2048,2048,502,4096,4096,4096,12,2048,131072,262144,32126,1048576,1048576,2097152,41,524288,1048576,1048576,41,524288,524288,524288,41,1024,1024,2048,41,64,16384,32768,40,256,512,1024,4776,256,512,1024,4776,128,512,1024,185688,128,512,1024,25209,128,512,1024,4325,256,512,1024,6714,512,1024,1024,1482,256,512,1024,1518,128,512,1024,21870,128,512,512,3501,128,512,512,582,128,512,512,315,256,512,1024,288,128,512,512,108,0,0,0,0,0,0,0,0,0,0,0,0,64,64,64,20,64,128,128,20,15.96,11.75,4.21,0,32,42,731,65,74,0,0,0,0,0,0,0,65536,131072,131072,131072,131072,32,65536,131072,131072,131072,131072,42,65536,131072,131072,131072,2097152,731,131072,131072,131072,131072,131072,66,65536,131072,131072,131072,131072,74,0,0,0,0,0,0,0,0,0,0,0,0,0,0,0,0,0,0,0,0,0,0,0,0,0,0,0,0,0,0,0,0,0,0,0,0,0,0,34691,30559,49338,0,41,20,0
48309053038200,3500,2048,4096,16384,21923,512,512,1024,3470,4096,8192,8192,2708,4096,8192,16384,701,8192,8192,8192,34,2048,2048,4096,711,512,1024,2048,2744,1024,2048,2048,460,4096,4096,4096,11,2048,65536,262144,33131,1048576,1048576,2097152,41,524288,1048576,1048576,41,524288,524288,524288,41,1024,2048,2048,41,64,32768,65536,41,256,512,1024,4659,256,512,1024,4659,128,512,1024,197307,128,512,1024,24372,128,512,512,3778,256,512,1024,6138,512,1024,1024,1559,256,512,1024,1298,128,512,1024,23166,128,512,512,3402,128,512,1024,564,128,512,1024,243,256,512,1024,306,256,512,1024,99,0,0,0,0,0,0,0,0,0,0,0,0,64,128,128,20,64,128,128,20,16.32,11.60,4.72,0,34,33,711,87,82,0,0,0,0,0,0,0,65536,131072,131072,131072,131072,34,65536,131072,131072,131072,1048576,31,65536,131072,131072,262144,262144,710,131072,131072,131072,131072,131072,87,65536,131072,131072,131072,131072,82,0,0,0,0,0,0,0,0,0,0,0,0,0,0,0,0,0,0,0,0,0,0,0,0,0,0,0,0,0,0,0,0,0,0,0,0,3,0,34273,31720,50494,0,41,20,0
48310071482100,3395,2048,4096,16384,20433,512,512,1024,3453,4096,8192,16384,2782,4096,8192,16384,735,8192,8192,8192,27,2048,2048,4096,660,512,1024,2048,2752,1024,2048,2048,442,4096,4096,4096,20,2048,131072,262144,31675,1048576,1048576,1048576,41,524288,1048576,1048576,41,524288,524288,524288,41,1024,2048,2048,41,64,128,65536,41,256,512,1024,4679,256,512,1024,5624,256,512,1024,183897,256,512,1024,25038,128,512,512,4293,256,512,1024,6219,512,1024,1024,1290,256,512,1024,1380,128,512,1024,23229,128,512,1024,3708,128,512,512,594,128,512,512,306,256,512,1024,243,256,512,1024,180,0,0,0,0,0,0,0,0,0,0,0,0,64,64,128,21,64,128,128,21,14.32,10.74,3.58,0,27,21,660,93,73,105,0,0,0,0,0,0,65536,131072,131072,131072,131072,27,65536,131072,131072,131072,131072,23,65536,131072,131072,131072,262144,660,131072,131072,131072,131072,131072,93,65536,131072,131072,131072,131072,73,131072,262144,262144,262144,262144,105,0,0,0,0,0,0,0,0,0,0,0,0,0,0,0,0,0,0,0,0,0,0,0,0,0,0,0,0,0,0,1,0,33929,30500,48414,0,41,21,0
48311094404100,3395,2048,4096,16384,21523,256,512,1024,3375,4096,8192,8192,2723,4096,16384,16384,664,8192,8192,8192,35,2048,2048,4096,728,512,1024,2048,2728,1024,2048,2048,466,4096,4096,4096,8,1024,65536,262144,32677,1048576,1048576,1048576,41,524288,1048576,1048576,41,524288,524288,524288,41,1024,2048,2048,41,64,16384,32768,41,256,512,1024,4486,256,512,1024,4486,128,512,1024,193707,128,512,1024,24507,128,512,512,3868,128,512,1024,5769,512,1024,1024,1431,256,512,1024,1395,128,512,1024,23049,128,512,512,3294,128,512,512,594,128,512,512,270,256,512,512,315,256,512,512,72,0,0,0,0,0,0,0,0,0,0,0,0,64,64,64,20,64,128,128,20,15.91,12.09,3.82,0,35,26,728,60,91,0,0,0,0,0,0,0,65536,131072,131072,131072,131072,35,65536,131072,131072,131072,131072,26,65536,131072,131072,131072,262144,729,131072,131072,131072,131072,131072,60,65536,131072,131072,131072,131072,91,0,0,0,0,0,0,0,0,0,0,0,0,0,0,0,0,0,0,0,0,0,0,0,0,0,0,0,0,0,0,0,0,0,0,0,0,0,0,33860,31045,50524,0,41,20,0
48312114799400,3400,2048,4096,16384,20734,256,512,1024,3372,4096,8192,8192,2651,4096,8192,16384,687,8192,8192,8192,31,2048,4096,4096,656,512,1024,2048,2635,1024,2048,2048,456,4096,8192,8192,12,1024,65536,262144,31632,1048576,1048576,1048576,41,524288,1048576,1048576,41,524288,524288,524288,41,1024,2048,2048,41,64,16384,65536,41,256,512,1024,4468,256,512,1024,4423,128,512,1024,186606,128,512,1024,23859,128,512,512,3840,128,512,1024,5886,512,1024,1024,1440,256,512,1024,1494,128,512,512,23751,128,512,512,3384,128,512,512,519,128,512,512,306,128,512,1024,279,256,512,1024,108,1024,2048,2048,7,512,1024,1024,5,64,64,64,12,64,64,128,21,64,128,128,21,15.31,10.98,4.34,5,31,24,656,72,72,0,262144,262144,262144,262144,262144,5,65536,131072,131072,131072,131072,31,65536,131072,131072,131072,131072,24,65536,131072,131072,131072,131072,655,131072,131072,131072,131072,131072,72,65536,131072,131072,131072,131072,72,0,0,0,0,0,0,0,0,0,0,0,0,0,0,0,0,0,0,0,0,0,0,0,0,0,0,0,0,0,0,0,0,0,0,0,0,1,0,33843,30347,49531,0,41,21,0
48313133939100,3427,2048,4096,16384,22230,512,512,1024,3390,4096,8192,16384,2704,4096,8192,16384,715,8192,8192,8192,29,2048,2048,4096,749,512,1024,2048,2752,1024,2048,2048,446,4096,8192,8192,11,1024,131072,262144,33420,1048576,1048576,1048576,40,524288,1048576,1048576,40,524288,524288,524288,40,1024,2048,2048,40,64,65536,65536,40,128,512,1024,4933,256,512,1024,4690,128,512,1024,200070,128,512,1024,24336,128,512,1024,3884,256,512,1024,6408,512,1024,1024,1366,256,512,1024,1339,128,512,512,22842,128,512,512,3258,128,512,512,600,128,512,512,225,256,512,1024,261,256,512,1024,99,1024,2048,2048,25,1024,1024,1024,27,64,64,128,52,64,128,128,20,16384,32768,32768,20,17.50,13.29,4.22,27,29,35,749,80,69,0,262144,262144,262144,262144,262144,27,65536,131072,131072,131072,131072,29,65536,131072,131072,131072,131072,35,65536,131072,131072,131072,262144,748,131072,131072,131072,131072,262144,80,65536,131072,131072,131072,131072,69,0,0,0,0,0,0,0,0,0,0,0,0,0,0,0,0,0,0,0,0,0,0,0,0,0,0,0,0,0,0,0,0,0,0,0,0,2,0,31851,30715,47950,739,40,20,0
48314153934700,3429,2048,4096,16384,21349,512,512,1024,3420,4096,8192,8192,2668,4096,8192,16384,684,8192,8192,8192,29,2048,4096,4096,677,512,1024,2048,2692,1024,2048,2048,502,4096,8192,8192,12,512,65536,262144,32382,1048576,1048576,1048576,41,524288,1048576,1048576,41,524288,524288,524288,41,1024,1024,2048,41,64,32768,65536,41,256,512,1024,4257,256,512,1024,4239,128,512,1024,192141,128,512,1024,24012,128,512,512,3854,128,512,1024,6003,512,1024,1024,1395,256,512,1024,1503,128,512,512,22806,128,512,512,3393,128,512,512,603,128,512,1024,306,256,512,1024,261,256,1024,1024,108,1024,2048,2048,12,512,1024,1024,9,64,64,64,21,64,64,64,20,64,16384,16384,20,16.46,11.36,5.11,9,29,24,677,90,78,0,262144,262144,262144,262144,262144,9,65536,131072,131072,131072,131072,29,65536,131072,131072,131072,131072,24,65536,131072,131072,131072,262144,679,131072,131072,131072,131072,131072,90,65536,131072,131072,131072,131072,78,0,0,0,0,0,0,0,0,0,0,0,0,0,0,0,0,0,0,0,0,0,0,0,0,0,0,0,0,0,0,0,0,0,0,0,0,0,0,34163,31179,48549,5,41,20,0
48315177429700,3472,2048,4096,16384,20571,512,512,1024,3432,4096,8192,16384,2662,4096,8192,16384,670,8192,8192,32768,32,2048,2048,4096,670,512,1024,2048,2643,1024,2048,2048,451,2048,4096,4096,7,2048,65536,262144,31503,1048576,1048576,1048576,41,524288,1048576,1048576,41,524288,524288,524288,41,2048,2048,2048,41,64,65536,65536,41,256,512,1024,4782,256,512,1024,4395,128,512,1024,185139,128,512,1024,23958,128,512,512,3702,256,512,1024,5814,512,1024,1024,1308,256,512,1024,1227,128,512,512,23427,128,512,512,3321,128,512,512,468,128,512,1024,243,256,512,1024,288,256,512,1024,63,1024,2048,2048,34,512,1024,1024,36,64,64,64,70,64,128,128,21,16384,65536,65536,21,15.91,11.45,4.45,36,32,23,670,84,86,0,262144,262144,262144,262144,262144,36,65536,131072,131072,131072,131072,32,65536,131072,131072,131072,131072,23,65536,131072,131072,131072,131072,670,131072,131072,131072,131072,131072,84,65536,131072,131072,131072,131072,86,0,0,0,0,0,0,0,0,0,0,0,0,0,0,0,0,0,0,0,0,0,0,0,0,0,0,0,0,0,0,0,0,0,0,0,0,0,0,32370,30190,47661,0,41,21,0
48316195233800,3498,2048,4096,16384,21623,512,512,1024,3465,4096,8192,8192,2788,4096,16384,32768,704,8192,8192,8192,27,2048,4096,4096,692,512,1024,2048,2816,1024,2048,2048,485,4096,4096,4096,8,1024,65536,262144,32922,1048576,1048576,1048576,41,524288,1048576,1048576,41,524288,524288,524288,41,1024,2048,2048,41,64,32768,32768,41,256,512,1024,4905,256,512,1024,4671,256,512,1024,194607,256,512,1024,25092,128,512,1024,4046,256,512,1024,6111,512,1024,1024,1284,256,512,1024,1239,128,512,512,23238,128,512,512,3411,128,512,512,456,128,512,512,261,256,512,1024,243,256,512,1024,72,1024,2048,2048,27,1024,1024,1024,28,64,64,64,55,64,128,128,20,16384,32768,32768,20,16.11,11.76,4.35,28,27,27,692,76,82,0,262144,262144,262144,262144,524288,28,131072,131072,131072,131072,131072,27,65536,131072,131072,131072,131072,27,65536,131072,131072,131072,262144,692,131072,131072,131072,131072,131072,76,65536,131072,131072,131072,131072,82,0,0,0,0,0,0,0,0,0,0,0,0,0,0,0,0,0,0,0,0,0,0,0,0,0,0,0,0,0,0,0,0,0,0,0,0,0,0,33709,31348,49316,0,41,20,0
48317217579100,3500,2048,4096,16384,21426,512,512,1024,3468,4096,8192,16384,2766,4096,8192,32768,744,8192,8192,16384,38,2048,2048,4096,745,512,1024,1024,2747,1024,2048,2048,484,4096,4096,4096,14,1024,65536,262144,32829,1048576,1048576,2097152,41,524288,1048576,1048576,41,524288,524288,524288,41,1024,2048,2048,41,64,8192,32768,41,256,512,1024,4389,256,512,1024,4371,128,512,1024,192834,128,512,1024,24894,128,512,512,4062,256,512,1024,6507,512,1024,1024,1383,256,512,1024,1473,128,512,1024,24048,128,512,512,3645,128,512,1024,357,128,512,1024,351,256,512,1024,342,256,512,1024,126,0,0,0,0,0,0,0,0,0,0,0,0,64,128,128,21,64,128,128,21,16.44,11.60,4.84,0,38,19,745,88,76,0,0,0,0,0,0,0,65536,131072,131072,131072,131072,38,65536,131072,131072,131072,131072,19,65536,131072,131072,262144,262144,744,131072,131072,131072,131072,131072,88,65536,131072,131072,131072,262144,76,0,0,0,0,0,0,0,0,0,0,0,0,0,0,0,0,0,0,0,0,0,0,0,0,0,0,0,0,0,0,0,0,0,0,0,0,1,0,33884,31409,49112,0,41,21,0
48318237047600,3500,2048,4096,16384,21234,512,512,1024,3482,4096,8192,8192,2797,4096,8192,16384,673,8192,8192,8192,30,2048,2048,4096,753,512,1024,1024,2786,1024,2048,4096,454,4096,4096,4096,8,1024,65536,262144,32607,1048576,1048576,2097152,41,524288,1048576,1048576,41,524288,524288,524288,41,1024,2048,2048,41,64,4096,32768,41,256,512,1024,5201,256,512,1024,5201,128,512,1024,191112,128,512,1024,25173,128,512,512,3870,256,512,1024,6003,512,1024,1024,1446,256,512,1024,1293,128,512,1024,22833,128,512,512,3231,128,512,512,591,128,512,512,216,256,512,1024,270,256,512,512,72,0,0,0,0,0,0,0,0,0,0,0,0,64,128,128,20,64,128,128,20,16.21,12.13,4.09,0,30,17,753,87,88,0,0,0,0,0,0,0,65536,131072,131072,131072,131072,30,65536,131072,131072,131072,262144,17,65536,131072,131072,131072,262144,754,131072,131072,131072,131072,131072,87,65536,131072,131072,131072,131072,88,0,0,0,0,0,0,0,0,0,0,0,0,0,0,0,0,0,0,0,0,0,0,0,0,0,0,0,0,0,0,0,0,0,0,0,0,0,0,33487,31212,49982,0,41,20,0
48319259538700,3500,2048,4096,16384,21826,512,512,1024,3505,4096,8192,8192,2733,4096,8192,16384,692,8192,8192,8192,25,2048,2048,4096,674,512,1024,1024,2752,1024,2048,2048,478,4096,4096,4096,8,1024,65536,262144,33033,1048576,1048576,2097152,40,524288,1048576,1048576,40,524288,524288,524288,40,1024,2048,2048,40,64,65536,65536,40,256,512,1024,4376,256,512,1024,4376,256,512,1024,196428,128,512,1024,24597,128,512,1024,3920,128,512,1024,6174,512,1024,2048,1382,256,512,1024,1382,128,512,1024,22716,128,512,512,3285,128,512,1024,426,128,512,1024,225,256,1024,1024,225,256,512,512,72,0,0,0,0,0,0,0,0,0,0,0,0,64,128,128,20,64,128,128,20,13.12,9.55,3.57,0,25,6,674,81,95,0,0,0,0,0,0,0,65536,131072,131072,131072,131072,25,65536,131072,131072,131072,131072,6,65536,131072,131072,131072,262144,674,65536,131072,131072,131072,131072,81,65536,131072,131072,131072,131072,95,0,0,0,0,0,0,0,0,0,0,0,0,0,0,0,0,0,0,0,0,0,0,0,0,0,0,0,0,0,0,0,0,0,0,0,0,0,0,33826,31246,49618,0,40,20,0
48320277429600,3395,2048,4096,16384,22285,256,512,1024,3421,4096,8192,8192,2762,4096,8192,16384,715,8192,8192,8192,33,2048,4096,4096,679,512,1024,1024,2796,1024,2048,2048,452,4096,4096,4096,12,1024,65536,262144,33558,1048576,1048576,2097152,41,524288,1048576,1048576,41,524288,524288,524288,41,1024,2048,2048,41,64,8192,32768,41,256,512,1024,4583,256,512,1024,5528,128,512,1024,200565,128,512,1024,24858,128,512,1024,4096,256,512,1024,6543,512,1024,1024,1307,256,512,1024,1307,128,512,1024,23778,128,512,512,3348,128,512,512,489,128,512,1024,315,256,512,1024,297,128,512,1024,108,0,0,0,0,0,0,0,0,0,0,0,0,64,128,128,21,64,128,128,21,15.35,10.87,4.48,0,33,9,679,85,88,105,0,0,0,0,0,0,65536,131072,131072,131072,131072,33,65536,131072,131072,131072,131072,9,65536,131072,131072,131072,131072,678,131072,131072,131072,131072,131072,85,65536,131072,131072,131072,131072,88,262144,262144,262144,262144,524288,105,0,0,0,0,0,0,0,0,0,0,0,0,0,0,0,0,0,0,0,0,0,0,0,0,0,0,0,0,0,0,1,0,33995,32166,48538,0,41,21,0
48321298829900,3395,2048,4096,16384,21000,512,512,1024,3371,4096,8192,8192,2635,4096,8192,32768,667,8192,16384,16384,28,2048,4096,4096,688,512,1024,1024,2583,1024,2048,2048,467,4096,8192,8192,11,2048,131072,262144,31764,1048576,1048576,1048576,41,524288,1048576,1048576,41,524288,524288,524288,41,1024,2048,2048,41,64,32768,65536,41,256,512,1024,4631,256,512,1024,4631,128,512,1024,189000,128,512,1024,23715,128,512,512,3906,256,512,1024,5832,512,1024,1024,1317,256,512,1024,1308,128,512,1024,22752,128,512,512,3375,128,512,512,579,128,512,512,243,256,1024,1024,252,256,1024,1024,99,0,0,0,0,0,0,0,0,0,0,0,0,64,128,128,20,64,128,128,20,16.83,12.24,4.59,0,28,9,688,94,102,0,0,0,0,0,0,0,65536,131072,131072,131072,131072,28,131072,131072,131072,131072,1048576,9,65536,131072,131072,131072,262144,688,131072,131072,131072,131072,131072,94,65536,131072,131072,131072,131072,102,0,0,0,0,0,0,0,0,0,0,0,0,0,0,0,0,0,0,0,0,0,0,0,0,0,0,0,0,0,0,0,0,0,0,0,0,1,0,33554,30606,48141,0,41,20,0
48322319757100,3406,2048,4096,16384,21208,512,512,1024,3371,4096,8192,8192,2731,4096,16384,16384,720,8192,8192,8192,26,2048,2048,4096,682,512,1024,1024,2729,1024,2048,2048,450,4096,4096,4096,12,2048,131072,262144,32272,1048576,1048576,1048576,41,524288,1048576,1048576,41,524288,524288,524288,41,1024,2048,2048,41,64,128,1024,41,256,512,1024,4697,256,512,1024,4598,128,512,1024,190872,128,512,1024,24579,128,512,512,4174,128,512,1024,6345,512,1024,1024,1473,256,512,1024,1347,128,512,512,22968,128,512,512,3258,128,512,512,476,128,512,512,270,256,512,1024,234,256,512,512,108,1024,2048,2048,12,512,1024,1024,11,64,64,64,23,64,128,128,21,64,32768,32768,21,14.92,10.46,4.46,11,26,8,682,86,76,0,262144,262144,262144,262144,262144,11,65536,131072,131072,131072,131072,26,65536,131072,131072,131072,131072,8,65536,131072,131072,131072,131072,683,131072,131072,131072,131072,131072,86,65536,131072,131072,131072,262144,76,0,0,0,0,0,0,0,0,0,0,0,0,0,0,0,0,0,0,0,0,0,0,0,0,0,0,0,0,0,0,0,0,0,0,0,0,0,0,33803,30695,50393,0,41,21,0
48323340347800,3439,2048,4096,16384,20961,512,512,1024,3404,4096,8192,8192,2661,4096,16384,16384,671,8192,8192,8192,33,2048,2048,4096,700,512,1024,1024,2647,1024,2048,2048,457,4096,4096,4096,16,2048,131072,262144,31894,1048576,1048576,1048576,41,524288,1048576,1048576,41,524288,524288,524288,41,1024,2048,2048,41,64,16384,32768,41,256,512,1024,4985,256,512,1024,4688,128,512,1024,188649,128,512,1024,23949,128,512,1024,3725,256,512,1024,5877,512,1024,1024,1278,256,512,512,1341,128,512,512,23751,128,512,512,3258,128,512,512,612,128,512,1024,252,256,512,512,297,256,512,1024,144,1024,2048,2048,38,512,1024,1024,33,64,64,128,71,64,128,128,20,16384,65536,65536,20,15.81,12.37,3.44,33,33,7,700,70,82,0,262144,262144,262144,262144,262144,33,65536,131072,131072,131072,131072,33,131072,131072,131072,131072,131072,7,65536,131072,131072,262144,262144,699,65536,131072,131072,131072,131072,70,65536,131072,131072,131072,131072,82,0,0,0,0,0,0,0,0,0,0,0,0,0,0,0,0,0,0,0,0,0,0,0,0,0,0,0,0,0,0,0,0,0,0,0,0,1,0,33226,30570,47949,0,41,20,0
48324360047400,3470,2048,4096,16384,21873,512,512,1024,3427,4096,8192,16384,2736,4096,16384,16384,740,8192,8192,8192,28,2048,4096,4096,713,512,1024,1024,2759,1024,2048,2048,521,4096,4096,4096,10,1024,131072,262144,33172,1048576,1048576,1048576,40,524288,1048576,1048576,40,524288,524288,524288,40,1024,2048,2048,40,64,32768,65536,41,256,512,1024,4573,256,512,1024,4294,256,512,1024,196857,256,512,1024,24624,128,512,512,3976,256,512,1024,6543,512,1024,1024,1349,256,512,512,1322,128,512,1024,23553,128,512,512,3231,128,512,1024,456,128,512,512,261,256,512,1024,252,256,512,1024,90,1024,2048,2048,27,1024,1024,1024,33,64,64,128,60,64,64,64,21,16384,32768,32768,21,15.59,11.63,3.96,33,28,8,713,76,83,0,262144,262144,262144,262144,1048576,33,65536,131072,262144,262144,262144,28,65536,131072,131072,131072,131072,8,65536,131072,131072,131072,262144,714,131072,131072,131072,131072,131072,76,65536,131072,131072,131072,131072,81,0,0,0,0,0,0,0,0,0,0,0,0,0,0,0,0,0,0,0,0,0,0,0,0,0,0,0,0,0,0,0,0,0,0,0,0,1,0,33923,31905,48327,0,40,21,0
48325381886700,3497,4096,4096,16384,21290,512,512,1024,3462,4096,8192,8192,2646,4096,8192,16384,644,8192,8192,8192,32,2048,4096,4096,702,512,1024,1024,2674,1024,2048,2048,443,4096,4096,4096,14,2048,131072,262144,32237,1048576,1048576,1048576,41,1048576,1048576,1048576,41,524288,524288,524288,41,1024,2048,2048,41,64,32768,65536,40,256,512,1024,4562,256,512,1024,4319,256,512,1024,191610,256,512,1024,23814,128,512,512,3850,256,512,1024,5706,512,1024,1024,1351,256,512,1024,1351,128,512,1024,24669,128,512,512,3384,128,512,512,375,128,512,512,306,256,512,1024,288,256,512,1024,126,2048,2048,2048,28,1024,1024,1024,25,64,64,64,53,64,128,128,20,16384,65536,65536,20,15.16,11.85,3.31,25,32,10,702,83,86,0,262144,262144,262144,262144,262144,25,65536,131072,131072,131072,131072,32,65536,131072,131072,131072,131072,10,65536,131072,131072,262144,262144,702,131072,131072,131072,131072,131072,83,65536,131072,131072,131072,131072,88,0,0,0,0,0,0,0,0,0,0,0,0,0,0,0,0,0,0,0,0,0,0,0,0,0,0,0,0,0,0,0,0,0,0,0,0,0,0,33133,30793,47978,1,41,20,0
48326403217500,3500,2048,4096,16384,21629,512,512,1024,3345,4096,8192,16384,2809,4096,16384,16384,714,8192,8192,16384,36,2048,4096,4096,678,512,1024,1024,2782,1024,2048,2048,480,4096,4096,4096,11,1024,65536,262144,32858,1048576,1048576,2097152,41,524288,1048576,1048576,41,524288,524288,524288,41,1024,2048,2048,41,64,16384,32768,41,256,512,1024,4641,256,512,1024,4614,256,512,1024,194661,128,512,1024,25281,128,512,1024,4203,256,512,1024,6417,512,1024,1024,1353,256,512,1024,1542,128,512,1024,21357,128,512,1024,3582,128,512,512,615,128,512,1024,342,256,512,1024,324,256,512,512,99,0,0,0,0,512,1024,1024,3,64,64,64,3,64,128,128,20,64,128,128,20,16.31,11.47,4.84,3,36,18,678,78,69,0,131072,131072,131072,131072,262144,3,65536,131072,131072,131072,262144,35,65536,131072,131072,131072,131072,18,65536,131072,131072,262144,262144,677,131072,131072,131072,131072,131072,78,65536,131072,131072,131072,131072,69,0,0,0,0,0,0,0,0,0,0,0,0,0,0,0,0,0,0,0,0,0,0,0,0,0,0,0,0,0,0,0,0,0,0,0,0,1,0,34025,31380,50538,0,41,20,0
48327422605600,3500,2048,4096,16384,21372,512,512,1024,3308,4096,8192,8192,2734,4096,16384,16384,718,8192,8192,8192,33,2048,2048,4096,712,512,1024,1024,2723,1024,2048,2048,480,4096,4096,4096,11,2048,65536,262144,32448,1048576,1048576,1048576,41,524288,1048576,1048576,41,524288,524288,524288,41,1024,2048,2048,41,64,32768,32768,41,256,512,1024,4355,256,512,1024,4355,128,512,1024,192348,256,512,1024,24606,128,512,512,3954,256,512,1024,6363,512,1024,1024,1422,256,512,1024,1386,128,512,1024,22059,128,512,1024,3186,128,512,512,588,128,512,1024,324,256,512,1024,297,256,512,1024,99,0,0,0,0,0,0,0,0,0,0,0,0,64,64,128,21,64,128,128,21,14.95,11.24,3.70,0,33,17,712,79,72,0,0,0,0,0,0,0,65536,131072,131072,131072,131072,34,65536,131072,131072,131072,131072,17,65536,131072,131072,262144,262144,713,131072,131072,131072,131072,131072,79,65536,131072,131072,131072,131072,72,0,0,0,0,0,0,0,0,0,0,0,0,0,0,0,0,0,0,0,0,0,0,0,0,0,0,0,0,0,0,0,0,0,0,0,0,0,0,34334,31187,50044,0,41,21,0
48328444351200,3500,2048,4096,16384,22137,512,512,1024,3671,4096,8192,16384,2863,4096,16384,32768,730,8192,8192,32768,48,2048,2048,4096,745,512,1024,1024,2842,1024,2048,2048,469,4096,8192,8192,17,2048,131072,262144,33921,1048576,1048576,1048576,41,524288,1048576,1048576,41,524288,524288,524288,41,1024,2048,2048,41,64,32768,32768,41,256,512,1024,4279,256,512,1024,4279,128,512,1024,199233,256,512,1024,25767,128,512,512,4347,128,512,1024,6642,512,1024,1024,1362,256,512,1024,1560,128,512,512,22851,128,512,512,3240,128,512,1024,525,128,512,512,351,256,512,1024,432,256,512,1024,153,0,0,0,0,0,0,0,0,0,0,0,0,64,128,128,20,64,128,128,20,17.71,12.36,5.35,0,48,21,745,87,74,0,0,0,0,0,0,0,65536,131072,131072,131072,131072,47,65536,131072,131072,131072,131072,21,65536,131072,131072,262144,262144,744,131072,131072,131072,131072,131072,87,65536,131072,131072,131072,131072,74,0,0,0,0,0,0,0,0,0,0,0,0,0,0,0,0,0,0,0,0,0,0,0,0,0,0,0,0,0,0,0,0,0,0,0,0,2,0,33675,32057,49911,0,41,20,0
48329464365100,3500,2048,4096,16384,20951,512,512,1024,3618,4096,8192,8192,2734,4096,16384,16384,704,8192,8192,8192,32,2048,2048,4096,729,512,1024,4096,2756,1024,2048,2048,476,4096,4096,4096,11,1024,131072,262144,32398,1048576,1048576,2097152,41,524288,1048576,1048576,41,524288,524288,524288,41,1024,2048,2048,41,64,128,4096,41,256,512,1024,4523,256,512,1024,4523,128,512,1024,188562,256,512,1024,24606,128,512,512,4221,256,512,1024,6111,512,1024,1024,1248,256,512,512,1311,128,512,512,22518,128,512,512,3537,128,512,512,516,128,512,512,306,256,512,1024,288,256,512,1024,99,0,0,0,0,0,0,0,0,0,0,0,0,64,128,128,21,64,128,128,21,14.56,10.73,3.83,0,32,34,729,80,96,0,0,0,0,0,0,0,65536,131072,131072,131072,131072,33,65536,131072,131072,131072,131072,34,65536,131072,131072,131072,262144,722,131072,131072,131072,131072,262144,80,65536,131072,131072,131072,262144,94,0,0,0,0,0,0,0,0,0,0,0,0,0,0,0,0,0,0,0,0,0,0,0,0,0,0,0,0,0,0,0,0,0,0,0,0,9,0,34362,31198,47783,0,41,21,0
48330484017000,3395,2048,4096,16384,21443,512,512,1024,3443,4096,8192,16384,2697,4096,16384,16384,677,8192,8192,8192,42,2048,2048,4096,720,512,1024,2048,2721,1024,2048,2048,476,4096,4096,4096,12,4096,131072,262144,32630,1048576,1048576,1048576,40,524288,1048576,1048576,40,524288,524288,524288,40,2048,2048,2048,40,64,16384,65536,40,256,512,1024,4635,256,512,1024,5580,128,512,1024,192984,256,512,1024,24273,128,512,1024,3962,256,512,1024,6021,512,1024,1024,1353,256,512,1024,1434,128,512,512,22923,128,512,512,3186,128,512,1024,573,128,512,512,378,256,512,1024,378,256,512,512,108,0,0,0,0,0,0,0,0,0,0,0,0,64,128,128,20,128,128,128,20,14.55,10.47,4.08,0,42,31,720,67,78,105,0,0,0,0,0,0,65536,131072,131072,131072,131072,42,65536,131072,131072,131072,131072,31,65536,131072,131072,262144,4194304,728,131072,131072,131072,131072,131072,67,65536,131072,131072,131072,262144,80,131072,262144,262144,262144,262144,105,0,0,0,0,0,0,0,0,0,0,0,0,0,0,0,0,0,0,0,0,0,0,0,0,0,0,0,0,0,0,0,0,34369,31557,49739,0,40,20,0
48331506112900,3395,2048,4096,16384,21823,512,512,1024,3352,4096,8192,8192,2646,4096,8192,16384,679,8192,8192,16384,35,2048,2048,4096,619,512,1024,2048,2699,1024,2048,2048,439,4096,4096,4096,10,2048,65536,262144,32658,1048576,1048576,1048576,41,524288,1048576,1048576,41,524288,524288,524288,41,1024,2048,2048,41,64,32768,32768,41,128,512,512,4275,256,512,1024,4275,128,512,1024,196407,128,512,1024,23814,128,512,512,3907,256,512,1024,5760,512,1024,1024,1434,256,512,512,1443,128,512,512,23580,128,512,512,3447,128,512,512,534,128,512,512,315,256,512,1024,315,256,512,512,90,0,0,0,0,0,0,0,0,0,0,0,0,64,128,128,20,64,128,128,20,16.18,11.60,4.59,0,35,31,619,83,65,0,0,0,0,0,0,0,65536,131072,131072,131072,131072,35,65536,131072,131072,131072,262144,31,65536,131072,262144,262144,524288,619,65536,131072,131072,131072,131072,83,65536,131072,131072,131072,131072,65,0,0,0,0,0,0,0,0,0,0,0,0,0,0,0,0,0,0,0,0,0,0,0,0,0,0,0,0,0,0,0,0,0,0,0,0,0,0,34844,31376,49727,0,41,20,0
48332526485600,3414,2048,4096,16384,21651,512,512,1024,3432,4096,8192,8192,2750,4096,16384,16384,707,8192,8192,8192,43,2048,2048,4096,685,512,1024,4096,2754,1024,2048,2048,503,4096,4096,4096,5,2048,131072,262144,32943,1048576,1048576,2097152,41,524288,1048576,1048576,41,524288,524288,524288,41,2048,2048,2048,41,64,32768,32768,41,256,512,1024,4704,256,512,1024,4533,128,512,1024,194859,128,512,1024,24750,128,512,512,3964,128,512,1024,6129,512,1024,1024,1299,256,512,1024,1380,128,512,512,23085,128,512,512,3339,128,512,512,591,128,512,512,396,256,512,1024,387,256,512,1024,45,1024,2048,2048,22,1024,1024,1024,19,64,64,128,41,64,128,128,21,64,32768,32768,21,15.83,11.23,4.59,19,43,39,685,82,79,0,262144,262144,262144,262144,262144,19,65536,131072,131072,131072,131072,43,65536,131072,131072,131072,262144,39,65536,131072,131072,262144,262144,685,131072,131072,131072,131072,262144,82,65536,131072,131072,131072,131072,79,0,0,0,0,0,0,0,0,0,0,0,0,0,0,0,0,0,0,0,0,0,0,0,0,0,0,0,0,0,0,0,0,0,0,0,0,0,0,33956,31527,49496,0,41,21,0
48333548671700,3444,2048,4096,16384,21321,512,512,1024,3378,4096,8192,16384,2678,4096,8192,16384,699,8192,8192,8192,29,2048,4096,4096,717,512,1024,4096,2661,1024,2048,2048,433,4096,4096,4096,15,1024,65536,262144,32296,1048576,1048576,1048576,41,524288,1048576,1048576,41,524288,524288,524288,41,1024,1024,2048,41,128,16384,65536,41,256,512,1024,4566,256,512,1024,4296,128,512,1024,191889,128,512,1024,24102,128,512,512,3739,128,512,1024,6480,512,1024,2048,1373,256,512,1024,1400,128,512,1024,21645,128,512,1024,3474,128,512,512,489,128,512,1024,252,128,512,1024,261,256,512,1024,135,1024,2048,2048,30,1024,1024,1024,31,64,64,128,61,64,128,128,20,16384,32768,32768,20,15.54,11.34,4.20,31,29,39,717,90,97,0,262144,262144,262144,262144,524288,31,65536,131072,131072,131072,131072,29,65536,131072,131072,131072,4194304,39,65536,131072,131072,262144,262144,716,131072,131072,262144,262144,524288,90,65536,131072,131072,131072,262144,97,0,0,0,0,0,0,0,0,0,0,0,0,0,0,0,0,0,0,0,0,0,0,0,0,0,0,0,0,0,0,0,0,0,0,0,0,1,0,33577,31158,47725,0,41,20,0
48334568900100,3479,2048,4096,16384,20345,512,512,1024,3422,4096,8192,16384,2741,4096,16384,32768,644,8192,8192,8192,32,2048,2048,4096,744,512,1024,4096,2747,1024,2048,2048,470,4096,4096,4096,11,1024,65536,262144,31488,1048576,1048576,1048576,41,524288,1048576,1048576,41,524288,524288,524288,41,1024,1024,2048,41,64,32768,131072,41,256,512,1024,5129,256,512,1024,4814,128,512,1024,183105,256,512,1024,24669,128,512,1024,3564,256,512,1024,5985,512,1024,1024,1338,256,512,1024,1311,128,512,512,24030,128,512,512,3555,128,512,512,531,128,512,512,261,256,1024,1024,288,256,512,512,99,1024,2048,2048,34,1024,1024,1024,34,64,128,128,68,64,128,128,21,16384,32768,65536,21,15.56,11.48,4.08,34,32,48,744,82,80,0,262144,262144,262144,262144,262144,34,65536,131072,131072,131072,262144,32,65536,131072,131072,131072,131072,48,65536,131072,131072,1048576,16777216,745,131072,131072,131072,131072,262144,82,65536,131072,131072,131072,131072,80,0,0,0,0,0,0,0,0,0,0,0,0,0,0,0,0,0,0,0,0,0,0,0,0,0,0,0,0,0,0,0,0,0,0,0,0,0,0,34466,30422,49636,0,41,21,0
48335589592000,3500,2048,4096,16384,22754,512,512,1024,3429,4096,8192,8192,2696,4096,8192,16384,689,8192,8192,8192,25,2048,2048,4096,685,512,1024,4096,2703,1024,2048,2048,466,4096,4096,4096,6,1024,131072,262144,33809,1048576,1048576,1048576,41,524288,1048576,1048576,41,524288,524288,524288,41,1024,1024,1024,41,64,32768,65536,41,256,512,1024,4994,256,512,1024,4805,256,512,1024,204786,128,512,1024,24264,128,512,1024,3772,256,512,1024,5958,512,1024,1024,1356,256,512,1024,1293,128,512,512,22959,128,512,512,3249,128,512,512,497,128,512,512,252,128,512,1024,225,256,512,1024,54,1024,2048,2048,19,1024,1024,1024,21,64,128,128,40,64,128,128,20,64,32768,32768,20,16.84,12.38,4.47,21,25,49,685,92,90,0,262144,262144,262144,262144,262144,21,65536,131072,131072,131072,131072,25,65536,131072,131072,131072,262144,49,65536,131072,131072,262144,262144,683,131072,131072,131072,131072,131072,92,65536,131072,131072,131072,131072,90,0,0,0,0,0,0,0,0,0,0,0,0,0,0,0,0,0,0,0,0,0,0,0,0,0,0,0,0,0,0,0,0,0,0,0,0,2,0,33027,31990,48890,0,41,20,0
48336611131000,3500,2048,4096,16384,19892,512,512,1024,3133,4096,8192,8192,2834,4096,8192,16384,741,8192,8192,8192,29,2048,2048,4096,683,512,1024,4096,2786,1024,2048,2048,478,4096,8192,8192,8,2048,131072,262144,30926,1048576,1048576,1048576,40,524288,1048576,1048576,40,524288,524288,524288,40,1024,2048,2048,40,64,8192,32768,41,256,512,1024,4651,256,512,1024,4651,256,512,1024,179028,256,512,1024,25506,128,512,512,4040,256,512,1024,6588,512,1024,1024,1515,256,512,1024,1416,128,512,1024,22617,128,512,512,3429,128,512,512,471,128,512,1024,297,256,512,1024,261,256,1024,1024,72,0,0,0,0,0,0,0,0,0,0,0,0,64,128,128,21,64,128,128,21,15.43,11.22,4.21,0,29,64,683,84,82,0,0,0,0,0,0,0,65536,131072,131072,131072,131072,29,65536,131072,131072,131072,262144,64,65536,131072,131072,262144,262144,681,131072,131072,131072,131072,262144,83,65536,131072,131072,131072,131072,81,0,0,0,0,0,0,0,0,0,0,0,0,0,0,0,0,0,0,0,0,0,0,0,0,0,0,0,0,0,0,0,0,0,0,0,0,6,0,34380,29854,48851,0,40,21,0
48337630706600,3500,2048,4096,16384,21573,512,512,1024,3793,4096,8192,8192,2763,4096,8192,16384,713,8192,8192,8192,34,2048,2048,4096,715,512,1024,4096,2797,1024,2048,2048,510,4096,4096,4096,22,1024,65536,262144,33225,1048576,1048576,2097152,41,524288,1048576,1048576,41,524288,524288,524288,41,1024,2048,2048,41,64,16384,65536,40,256,512,1024,4554,256,512,1024,4554,256,512,1024,194165,256,512,1024,24867,128,512,512,3784,128,512,1024,6021,512,1024,1024,1515,256,512,1024,1335,128,512,512,21888,128,512,512,3375,128,512,512,468,128,512,512,243,256,512,1024,306,256,512,1024,198,0,0,0,0,0,0,0,0,0,0,0,0,64,128,128,20,64,128,128,20,16.60,11.88,4.72,0,34,62,715,70,70,0,0,0,0,0,0,0,65536,131072,131072,131072,262144,34,65536,131072,131072,131072,131072,62,65536,131072,131072,262144,524288,717,131072,131072,131072,131072,131072,71,65536,131072,131072,131072,131072,71,0,0,0,0,0,0,0,0,0,0,0,0,0,0,0,0,0,0,0,0,0,0,0,0,0,0,0,0,0,0,0,0,0,0,0,0,2,0,33855,31802,48440,0,41,20,0
48338652067600,3500,2048,4096,16384,20805,512,512,1024,3421,4096,8192,8192,2744,4096,8192,16384,734,8192,8192,16384,25,2048,4096,4096,691,512,1024,4096,2757,1024,2048,2048,466,4096,4096,4096,9,2048,65536,262144,31984,1048576,1048576,2097152,41,524288,1048576,1048576,41,524288,524288,524288,41,512,1024,2048,41,64,8192,16384,41,256,512,1024,4664,256,512,1024,4664,128,512,1024,187237,256,512,1024,24696,128,512,512,4118,256,512,1024,6120,512,1024,1024,1377,256,512,1024,1395,128,512,1024,22779,128,512,512,3420,128,512,1024,516,256,512,512,252,256,512,512,225,256,512,1024,81,0,0,0,0,0,0,0,0,0,0,0,0,64,128,128,20,64,128,128,20,16.45,11.99,4.46,0,25,47,691,82,83,0,0,0,0,0,0,0,65536,131072,131072,131072,131072,25,65536,131072,131072,131072,8388608,47,65536,131072,131072,262144,524288,693,131072,131072,131072,131072,262144,82,65536,131072,131072,131072,131072,83,0,0,0,0,0,0,0,0,0,0,0,0,0,0,0,0,0,0,0,0,0,0,0,0,0,0,0,0,0,0,0,0,0,0,0,0,0,0,34227,30723,48942,0,41,20,0
48339674902200,3500,2048,4096,16384,22193,512,512,1024,3292,4096,8192,8192,2807,4096,16384,32768,732,8192,8192,16384,34,2048,4096,4096,757,512,1024,2048,2757,1024,2048,2048,481,4096,4096,4096,19,2048,131072,262144,33419,1048576,1048576,2097152,41,524288,1048576,1048576,41,524288,524288,524288,41,1024,2048,2048,41,64,32768,65536,41,256,512,1024,4606,256,512,1024,4606,256,512,1024,199737,128,512,1024,25263,128,512,512,4312,256,512,1024,6246,512,1024,1024,1470,256,512,1024,1371,128,512,1024,22905,128,512,512,3159,128,512,512,456,128,512,512,333,256,512,1024,306,256,512,512,171,0,0,0,0,0,0,0,0,0,0,0,0,64,128,128,21,64,128,128,21,14.00,10.56,3.44,0,34,41,757,84,85,0,0,0,0,0,0,0,65536,131072,131072,131072,262144,34,65536,131072,131072,131072,131072,41,65536,131072,131072,262144,262144,757,131072,131072,262144,262144,262144,84,65536,131072,131072,131072,131072,85,0,0,0,0,0,0,0,0,0,0,0,0,0,0,0,0,0,0,0,0,0,0,0,0,0,0,0,0,0,0,0,0,0,0,0,0,0,0,34511,31976,49877,0,41,21,0
48340695416600,3395,2048,4096,16384,21692,512,512,1024,3425,4096,8192,8192,2625,4096,8192,16384,692,8192,8192,8192,34,2048,2048,4096,673,512,1024,4096,2663,1024,2048,2048,453,4096,4096,4096,12,1024,65536,262144,32687,1048576,1048576,1048576,41,524288,1048576,1048576,41,524288,524288,524288,41,1024,2048,2048,41,64,16384,32768,41,128,512,1024,4478,256,512,1024,5423,128,512,1024,195228,128,512,1024,23625,128,512,512,4032,128,512,1024,6255,512,1024,1024,1419,256,512,1024,1401,128,512,512,23238,128,512,512,3303,128,512,512,507,128,512,512,306,256,512,1024,306,256,512,1024,108,0,0,0,0,0,0,0,0,0,0,0,0,64,128,128,20,64,128,128,20,16.08,11.74,4.34,0,34,44,673,62,76,105,0,0,0,0,0,0,65536,131072,131072,131072,131072,34,65536,131072,131072,131072,262144,44,65536,131072,131072,262144,262144,670,131072,131072,131072,131072,131072,62,65536,131072,131072,131072,262144,76,131072,262144,262144,262144,262144,105,0,0,0,0,0,0,0,0,0,0,0,0,0,0,0,0,0,0,0,0,0,0,0,0,0,0,0,0,0,0,3,0,33816,31362,50475,0,41,20,0
48341715329400,3395,2048,4096,16384,21763,512,512,1024,3299,4096,8192,8192,2709,4096,8192,16384,666,8192,8192,16384,36,2048,2048,4096,684,512,1024,4096,2688,1024,2048,2048,449,4096,4096,4096,17,2048,131072,262144,32634,1048576,1048576,1048576,41,524288,1048576,1048576,41,524288,524288,524288,41,1024,2048,2048,41,64,32768,65536,41,128,512,1024,4590,256,512,1024,4590,128,512,1024,195867,128,512,1024,24381,128,512,512,3995,128,512,1024,5670,512,1024,1024,1472,256,512,1024,1319,128,512,512,23733,128,512,512,3312,128,512,1024,543,128,512,512,270,256,512,1024,324,256,512,1024,153,0,0,0,0,0,0,0,0,0,0,0,0,64,64,64,21,64,128,128,21,14.04,10.59,3.45,0,36,64,684,81,67,0,0,0,0,0,0,0,65536,131072,131072,131072,262144,36,65536,131072,131072,131072,131072,64,65536,131072,131072,262144,262144,687,131072,131072,262144,262144,262144,81,65536,131072,131072,131072,131072,67,0,0,0,0,0,0,0,0,0,0,0,0,0,0,0,0,0,0,0,0,0,0,0,0,0,0,0,0,0,0,0,0,0,0,0,0,0,0,33631,31068,51021,0,41,21,0
48342734648300,3424,2048,4096,16384,21491,512,512,1024,3337,4096,8192,8192,2734,4096,8192,16384,683,8192,8192,8192,27,2048,2048,4096,667,512,1024,4096,2771,1024,2048,2048,447,4096,8192,8192,8,2048,65536,262144,32521,1048576,1048576,1048576,40,524288,1048576,1048576,40,524288,524288,524288,40,1024,2048,2048,40,64,65536,65536,40,256,512,1024,4588,256,512,1024,4327,128,512,1024,193419,128,512,1024,24606,128,512,1024,3919,256,512,1024,5931,512,1024,1024,1389,256,512,1024,1380,128,512,512,22230,128,512,512,3357,128,512,512,579,128,512,1024,270,256,1024,1024,243,256,1024,1024,72,1024,2048,2048,33,1024,1024,1024,30,64,64,64,63,64,128,128,20,128,32768,32768,20,16.48,12.39,4.09,30,27,61,667,96,83,0,262144,262144,262144,262144,2097152,30,65536,131072,131072,131072,131072,27,65536,131072,131072,131072,131072,58,65536,131072,131072,262144,262144,660,131072,131072,131072,131072,262144,96,65536,131072,131072,131072,262144,83,0,0,0,0,0,0,0,0,0,0,0,0,0,0,0,0,0,0,0,0,0,0,0,0,0,0,0,0,0,0,0,0,0,0,0,0,9,0,34098,31398,48239,0,40,20,0
48343757778200,3450,2048,4096,16384,21639,512,512,1024,3295,4096,8192,16384,2624,4096,16384,32768,676,8192,8192,16384,37,2048,2048,4096,682,512,1024,4096,2608,1024,2048,2048,462,4096,4096,4096,8,2048,131072,262144,32378,1048576,1048576,2097152,41,524288,1048576,1048576,41,524288,524288,524288,41,2048,2048,2048,41,64,32768,65536,41,256,512,1024,4637,256,512,1024,4403,128,512,1024,194751,128,512,1024,23616,128,512,512,3861,256,512,1024,5733,512,1024,1024,1413,256,512,1024,1440,128,512,1024,22392,128,512,512,3276,128,512,512,624,128,512,1024,324,256,1024,1024,333,256,512,1024,72,1024,2048,2048,29,1024,1024,1024,25,64,64,64,54,64,128,128,20,16384,32768,32768,20,16.67,12.85,3.82,25,37,44,682,86,80,0,262144,262144,262144,262144,262144,25,65536,131072,131072,131072,131072,37,65536,131072,131072,131072,131072,47,65536,131072,131072,262144,262144,688,131072,131072,131072,131072,262144,86,65536,131072,131072,131072,131072,80,0,0,0,0,0,0,0,0,0,0,0,0,0,0,0,0,0,0,0,0,0,0,0,0,0,0,0,0,0,0,0,0,0,0,0,0,1,0,33931,31116,50569,1,41,20,0
48344775425200,3484,2048,4096,16384,21215,512,512,1024,3387,4096,8192,16384,2781,4096,8192,16384,712,8192,8192,16384,33,2048,4096,4096,732,512,1024,4096,2800,1024,2048,2048,499,4096,4096,4096,14,2048,131072,262144,32510,1048576,1048576,1048576,41,524288,1048576,1048576,41,524288,524288,524288,41,2048,2048,2048,41,64,32768,131072,41,256,512,1024,4827,256,512,1024,4521,256,512,1024,190935,256,512,1024,25029,128,512,1024,4123,256,512,1024,5931,512,1024,1024,1280,256,512,1024,1316,128,512,1024,22806,128,512,512,3510,128,512,1024,504,128,512,512,333,256,512,1024,297,256,512,1024,126,1024,2048,2048,29,1024,1024,1024,35,64,64,128,64,64,64,64,21,16384,65536,65536,21,15.74,12.29,3.46,35,33,42,732,94,99,0,262144,262144,262144,262144,262144,35,65536,131072,131072,131072,131072,33,65536,131072,131072,131072,131072,42,65536,131072,131072,262144,262144,729,65536,131072,262144,262144,262144,94,65536,131072,131072,131072,262144,99,0,0,0,0,0,0,0,0,0,0,0,0,0,0,0,0,0,0,0,0,0,0,0,0,0,0,0,0,0,0,0,0,0,0,0,0,4,0,33900,30887,49191,0,41,21,0
48345796034300,3500,2048,4096,16384,21373,512,512,1024,3339,4096,8192,8192,2696,4096,16384,16384,696,8192,16384,16384,40,2048,2048,4096,698,512,1024,4096,2698,1024,2048,2048,480,2048,4096,4096,8,2048,131072,262144,32425,1048576,1048576,2097152,41,1048576,1048576,1048576,41,524288,524288,524288,41,2048,2048,2048,41,64,32768,131072,41,256,512,1024,4973,256,512,1024,4829,128,512,1024,192357,256,512,1024,24264,128,512,1024,4034,256,512,1024,5940,512,1024,1024,1278,256,512,1024,1296,128,512,1024,23058,128,512,512,3429,128,512,1024,498,128,512,1024,333,256,512,1024,360,128,512,512,72,1024,2048,2048,14,512,1024,1024,15,64,64,64,29,64,128,128,20,64,32768,32768,20,16.83,11.99,4.85,15,40,52,698,81,89,0,262144,262144,262144,262144,262144,15,65536,131072,131072,131072,131072,40,65536,262144,262144,262144,262144,52,65536,131072,262144,262144,262144,693,65536,131072,131072,131072,262144,81,65536,131072,131072,131072,262144,89,0,0,0,0,0,0,0,0,0,0,0,0,0,0,0,0,0,0,0,0,0,0,0,0,0,0,0,0,0,0,0,0,0,0,0,0,8,0,33176,31017,48264,0,41,20,0
48346816864000,3500,2048,4096,16384,20648,512,512,1024,3466,4096,8192,8192,2751,4096,8192,16384,694,8192,8192,8192,34,2048,2048,4096,716,512,1024,4096,2768,1024,2048,2048,457,4096,4096,4096,10,1024,65536,262144,31906,1048576,1048576,1048576,41,524288,1048576,1048576,41,524288,524288,524288,41,1024,2048,2048,41,64,65536,65536,41,256,512,1024,4268,256,512,1024,4268,128,512,1024,185839,128,512,1024,24759,128,512,512,4135,256,512,1024,6048,512,1024,1024,1476,256,512,1024,1413,128,512,1024,23319,128,512,1024,3366,128,512,512,369,128,512,1024,270,256,512,1024,306,256,512,512,90,0,0,0,0,0,0,0,0,0,0,0,0,64,128,128,21,64,128,128,21,15.82,11.74,4.08,0,34,45,716,85,73,0,0,0,0,0,0,0,65536,131072,131072,131072,262144,34,65536,131072,131072,131072,262144,45,65536,131072,131072,262144,262144,725,131072,131072,131072,131072,131072,85,65536,131072,131072,131072,131072,73,0,0,0,0,0,0,0,0,0,0,0,0,0,0,0,0,0,0,0,0,0,0,0,0,0,0,0,0,0,0,0,0,0,0,0,0,0,0,33745,30462,49545,0,41,21,0
48347839093800,3500,2048,4096,16384,22194,512,512,1024,3510,4096,8192,16384,2774,4096,8192,16384,735,8192,8192,8192,29,2048,2048,4096,742,512,1024,2048,2798,1024,2048,2048,500,4096,4096,4096,14,2048,131072,262144,33598,1048576,1048576,1048576,41,524288,1048576,1048576,41,524288,524288,524288,41,1024,2048,2048,41,64,32768,32768,41,256,512,1024,4676,256,512,1024,4676,128,512,1024,199739,128,512,1024,24966,128,512,512,4196,256,512,1024,6525,512,1024,1024,1418,256,512,1024,1355,128,512,1024,23355,128,512,512,3330,128,512,512,456,128,512,512,279,256,512,1024,261,256,512,1024,126,0,0,0,0,0,0,0,0,0,0,0,0,64,128,128,20,64,256,256,20,17.83,13.25,4.59,0,29,36,742,83,68,0,0,0,0,0,0,0,65536,131072,131072,131072,131072,29,65536,131072,131072,131072,131072,36,65536,131072,131072,262144,262144,742,131072,131072,131072,131072,262144,83,65536,131072,131072,131072,262144,68,0,0,0,0,0,0,0,0,0,0,0,0,0,0,0,0,0,0,0,0,0,0,0,0,0,0,0,0,0,0,0,0,0,0,0,0,0,0,34273,32194,49935,0,41,20,0
48348856555500,3500,2048,4096,16384,21776,512,512,1024,3260,4096,8192,8192,2781,4096,16384,16384,666,8192,8192,8192,37,2048,4096,8192,663,512,1024,4096,2732,1024,2048,2048,469,4096,4096,4096,11,2048,131072,262144,32748,1048576,1048576,2097152,40,524288,1048576,1048576,40,524288,524288,524288,40,2048,2048,2048,40,64,65536,65536,40,256,512,1024,4488,256,512,1024,4488,128,512,1024,195984,128,512,1024,25029,128,512,512,3997,128,512,1024,5931,512,1024,1024,1413,256,512,1024,1431,128,512,512,22770,128,512,512,3168,128,512,512,593,128,512,512,333,256,512,1024,333,256,512,512,99,0,0,0,0,0,0,0,0,0,0,0,0,64,128,128,20,64,128,128,20,17.53,12.54,4.99,0,37,42,663,69,93,0,0,0,0,0,0,0,65536,131072,131072,131072,131072,37,65536,131072,131072,131072,262144,42,65536,131072,131072,262144,262144,660,131072,131072,131072,131072,131072,69,65536,131072,131072,131072,131072,93,0,0,0,0,0,0,0,0,0,0,0,0,0,0,0,0,0,0,0,0,0,0,0,0,0,0,0,0,0,0,0,0,0,0,0,0,3,0,34393,31251,50334,0,40,20,0
48349877553000,3500,2048,4096,16384,21735,512,512,1024,3074,4096,8192,16384,2841,4096,8192,16384,677,8192,8192,8192,27,2048,2048,4096,694,512,1024,4096,2746,1024,2048,2048,472,4096,4096,4096,11,2048,131072,262144,32646,1048576,1048576,2097152,41,524288,1048576,1048576,41,524288,524288,524288,41,1024,2048,2048,41,64,32768,65536,41,256,512,1024,4434,256,512,1024,4434,128,512,1024,195615,128,512,1024,25569,128,512,512,4078,256,512,1024,5922,512,1024,1024,1362,256,512,1024,1344,128,512,1024,24084,128,512,1024,3510,128,512,512,573,128,512,1024,252,256,512,1024,243,256,512,1024,99,0,0,0,0,0,0,0,0,0,0,0,0,64,64,128,21,64,128,128,21,15.81,12.62,3.19,0,27,38,694,91,61,0,0,0,0,0,0,0,65536,131072,131072,131072,131072,23,65536,131072,131072,131072,262144,37,65536,131072,131072,524288,524288,695,131072,131072,131072,131072,131072,91,65536,131072,131072,131072,131072,61,0,0,0,0,0,0,0,0,0,0,0,0,0,0,0,0,0,0,0,0,0,0,0,0,0,0,0,0,0,0,0,0,0,0,0,0,7,0,33942,31163,47936,0,41,21,0
48350899169500,3395,2048,4096,16384,22064,512,512,1024,3761,4096,8192,16384,2664,4096,16384,16384,698,8192,8192,16384,31,2048,4096,4096,733,512,1024,2048,2715,1024,2048,2048,449,4096,4096,4096,12,2048,65536,262144,33533,1048576,1048576,1048576,41,524288,1048576,1048576,41,524288,524288,524288,41,1024,2048,2048,41,64,16384,65536,41,256,512,1024,4253,256,512,1024,5198,128,512,1024,198576,128,512,1024,23976,128,512,512,3750,128,512,1024,6336,512,1024,1024,1326,256,512,1024,1317,128,512,512,23688,128,512,512,3366,128,512,512,525,256,512,1024,252,256,512,1024,279,256,512,1024,108,0,0,0,0,0,0,0,0,0,0,0,0,64,128,128,20,64,128,128,20,16.45,11.86,4.59,0,31,33,733,75,73,105,0,0,0,0,0,0,65536,131072,131072,131072,131072,35,65536,131072,262144,262144,262144,34,65536,131072,131072,262144,262144,732,131072,131072,131072,131072,262144,75,65536,131072,131072,131072,131072,73,131072,262144,262144,262144,262144,105,0,0,0,0,0,0,0,0,0,0,0,0,0,0,0,0,0,0,0,0,0,0,0,0,0,0,0,0,0,0,3,0,33770,31747,50136,0,41,20,0
48351918356900,3395,2048,4096,16384,21787,512,512,1024,3523,4096,8192,8192,2702,4096,16384,16384,731,8192,8192,32768,40,2048,2048,4096,689,512,1024,2048,2753,1024,2048,2048,484,4096,4096,4096,14,2048,65536,262144,33097,1048576,1048576,2097152,41,524288,1048576,1048576,41,524288,524288,524288,41,1024,2048,2048,41,64,8192,65536,41,256,512,1024,4050,256,512,1024,4050,128,512,1024,196083,128,512,1024,24318,128,512,512,4338,128,512,1024,6300,512,1024,1024,1310,256,512,1024,1454,128,512,512,24363,128,512,512,3276,128,512,512,687,128,512,1024,378,256,512,1024,360,256,512,1024,126,0,0,0,0,0,0,0,0,0,0,0,0,64,64,128,21,64,128,128,21,15.97,11.50,4.47,0,40,31,689,95,74,0,0,0,0,0,0,0,65536,131072,131072,131072,131072,40,65536,131072,131072,131072,131072,31,65536,131072,262144,262144,16777216,685,131072,131072,131072,131072,131072,95,65536,131072,131072,131072,262144,74,0,0,0,0,0,0,0,0,0,0,0,0,0,0,0,0,0,0,0,0,0,0,0,0,0,0,0,0,0,0,0,0,0,0,0,0,7,0,33595,31467,48368,0,41,21,0
48352938631600,3428,2048,4096,16384,21317,512,512,1024,3423,4096,8192,8192,2664,4096,8192,16384,672,8192,8192,16384,29,2048,2048,4096,687,512,1024,4096,2708,1024,2048,2048,452,4096,4096,4096,6,1024,65536,262144,32298,1048576,1048576,2097152,41,524288,1048576,1048576,41,524288,524288,524288,41,1024,2048,2048,41,64,8192,16384,41,256,512,1024,4582,256,512,1024,4285,128,512,1024,191853,128,512,1024,23976,128,512,512,3927,128,512,1024,5382,512,1024,1024,1446,256,512,1024,1401,128,512,512,23688,128,512,512,3474,128,512,512,693,128,512,512,225,256,512,1024,261,256,512,512,54,1024,2048,2048,33,1024,1024,1024,33,64,64,128,66,64,128,128,20,16384,32768,32768,20,15.95,11.87,4.08,33,29,37,687,69,77,0,262144,262144,262144,262144,262144,33,65536,131072,131072,131072,131072,29,65536,131072,131072,131072,131072,37,65536,131072,262144,262144,262144,694,131072,131072,131072,131072,131072,65,65536,131072,131072,131072,131072,77,0,0,0,0,0,0,0,0,0,0,0,0,0,0,0,0,0,0,0,0,0,0,0,0,0,0,0,0,0,0,0,0,0,0,0,0,4,0,33858,31031,49402,0,41,20,0
48353959949000,3457,2048,4096,16384,21344,512,512,1024,3492,4096,8192,16384,2793,4096,8192,16384,700,8192,8192,8192,33,2048,4096,4096,670,512,1024,4096,2769,1024,2048,2048,478,4096,4096,4096,11,1024,65536,262144,32683,1048576,1048576,1048576,40,524288,1048576,1048576,40,524288,524288,524288,40,1024,2048,2048,40,64,65536,65536,40,256,512,1024,4647,256,512,1024,4386,128,512,1024,192096,256,512,1024,25137,128,512,1024,3908,256,512,1024,5985,512,1024,1024,1293,256,512,1024,1419,128,512,512,23391,128,512,512,3492,128,512,1024,462,128,512,1024,315,256,512,1024,297,256,512,1024,99,1024,2048,2048,33,512,1024,1024,33,64,64,128,66,64,128,128,20,16384,32768,32768,20,15.81,11.86,3.95,33,33,26,670,72,88,0,262144,262144,262144,262144,262144,33,65536,262144,262144,262144,524288,33,65536,131072,131072,131072,131072,26,65536,131072,262144,524288,1048576,669,131072,131072,131072,131072,262144,76,65536,131072,131072,131072,524288,88,0,0,0,0,0,0,0,0,0,0,0,0,0,0,0,0,0,0,0,0,0,0,0,0,0,0,0,0,0,0,0,0,0,0,0,0,1,0,34495,31467,49452,0,40,20,0
48354982062100,3487,2048,4096,16384,22449,512,512,1024,3291,4096,8192,8192,2828,4096,8192,32768,761,8192,8192,8192,28,2048,2048,4096,761,512,1024,2048,2844,1024,2048,2048,470,4096,8192,8192,15,1024,65536,262144,33807,1048576,1048576,1048576,41,524288,1048576,1048576,41,524288,524288,524288,41,1024,2048,2048,41,64,16384,32768,41,256,512,1024,4885,256,512,1024,4615,256,512,1024,202041,128,512,1024,25452,128,512,512,4272,256,512,1024,6210,512,1024,1024,1344,256,512,1024,1344,128,512,512,23364,128,512,512,3627,128,512,512,528,128,512,512,288,256,512,1024,252,256,512,1024,135,1024,2048,2048,32,1024,1024,1024,29,64,64,256,61,64,128,128,21,16384,32768,32768,21,15.03,11.59,3.44,29,28,32,761,69,86,0,262144,262144,262144,262144,262144,27,65536,131072,131072,131072,131072,28,65536,131072,131072,131072,131072,32,65536,131072,131072,262144,262144,753,131072,131072,262144,262144,262144,69,65536,131072,131072,131072,131072,86,0,0,0,0,0,0,0,0,0,0,0,0,0,0,0,0,0,0,0,0,0,0,0,0,0,0,0,0,0,0,0,0,0,0,0,0,10,0,33096,31742,49516,1,41,21,0
48356002176000,3500,2048,4096,16384,19356,512,512,1024,3587,4096,8192,8192,2543,4096,8192,16384,672,8192,8192,8192,38,2048,4096,4096,680,512,1024,4096,2606,1024,2048,2048,465,4096,4096,4096,15,2048,65536,262144,30333,1048576,1048576,1048576,41,524288,1048576,1048576,41,524288,524288,524288,41,2048,2048,2048,41,64,32768,65536,41,256,512,1024,4781,256,512,1024,4664,256,512,1024,174204,256,512,1024,22887,128,512,512,4183,256,512,1024,5616,512,1024,2048,1310,256,512,1024,1346,128,512,1024,22689,128,512,512,3411,128,512,1024,525,128,512,1024,315,128,512,512,342,256,512,1024,135,1024,2048,2048,7,512,1024,1024,10,64,64,64,17,64,128,128,20,64,65536,65536,20,15.83,11.36,4.47,10,38,28,680,87,79,0,262144,262144,262144,262144,262144,12,65536,131072,131072,131072,131072,38,65536,131072,131072,131072,131072,28,65536,131072,131072,524288,524288,689,131072,131072,262144,262144,262144,87,65536,131072,131072,131072,131072,79,0,0,0,0,0,0,0,0,0,0,0,0,0,0,0,0,0,0,0,0,0,0,0,0,0,0,0,0,0,0,0,0,0,0,0,0,0,0,33088,28405,48446,609,41,20,0
48357022004300,3500,2048,4096,16384,20298,512,512,1024,3222,4096,8192,8192,2770,4096,8192,16384,698,8192,8192,8192,31,2048,4096,4096,715,512,1024,4096,2728,1024,2048,2048,478,4096,8192,8192,18,2048,65536,262144,31338,1048576,1048576,1048576,41,524288,1048576,1048576,41,524288,524288,524288,41,1024,2048,2048,41,64,32768,65536,41,256,512,1024,4399,256,512,1024,4399,128,512,1024,182682,256,512,1024,24930,128,512,512,3748,256,512,1024,6084,512,1024,1024,1260,256,512,1024,1242,128,512,1024,21375,128,512,512,3447,128,512,1024,630,128,512,1024,279,256,512,1024,279,256,512,1024,162,0,0,0,0,0,0,0,0,0,0,0,0,64,128,128,21,64,128,128,21,16.22,10.60,5.62,0,31,38,715,91,88,0,0,0,0,0,0,0,65536,131072,131072,131072,131072,30,65536,131072,131072,131072,262144,38,65536,131072,131072,262144,262144,709,131072,131072,131072,131072,131072,91,65536,131072,131072,131072,131072,88,0,0,0,0,0,0,0,0,0,0,0,0,0,0,0,0,0,0,0,0,0,0,0,0,0,0,0,0,0,0,0,0,0,0,0,0,6,0,33901,30273,49493,0,41,21,0
48358043625800,3500,2048,4096,16384,22086,512,512,1024,2592,4096,8192,8192,2811,4096,8192,16384,709,8192,8192,16384,36,2048,2048,4096,710,512,1024,2048,2802,1024,2048,2048,485,4096,4096,4096,15,2048,131072,262144,32605,1048576,1048576,2097152,41,524288,1048576,1048576,41,524288,524288,524288,41,1024,2048,2048,41,64,128,32768,41,256,512,1024,4331,256,512,1024,4331,128,512,1024,198774,128,512,1024,25299,128,512,512,4246,256,512,1024,5976,512,1024,1024,1323,256,512,1024,1350,128,512,1024,22419,128,512,1024,3357,128,512,512,474,128,512,1024,306,256,512,1024,324,256,512,1024,135,0,0,0,0,0,0,0,0,0,0,0,0,64,128,128,20,64,128,128,20,16.18,11.72,4.46,0,36,29,710,82,87,0,0,0,0,0,0,0,65536,131072,131072,131072,131072,33,65536,131072,131072,131072,131072,29,65536,131072,131072,262144,262144,714,131072,131072,131072,131072,131072,82,65536,131072,131072,131072,131072,87,0,0,0,0,0,0,0,0,0,0,0,0,0,0,0,0,0,0,0,0,0,0,0,0,0,0,0,0,0,0,0,0,0,0,0,0,5,0,33722,31216,48980,0,41,20,0
48359062596900,3500,2048,4096,16384,21766,512,512,1024,4127,4096,8192,8192,2807,4096,16384,16384,696,8192,8192,8192,29,2048,2048,4096,706,512,1024,2048,2808,1024,2048,2048,478,4096,4096,4096,11,2048,65536,262144,33828,1048576,1048576,1048576,41,524288,1048576,1048576,41,524288,524288,524288,41,1024,2048,2048,41,64,8192,32768,41,256,512,1024,4617,256,512,1024,4617,256,512,1024,195894,256,512,1024,25263,128,512,1024,3969,128,512,1024,5886,512,1024,1024,1350,256,512,1024,1359,128,512,512,23814,128,512,512,3240,128,512,512,609,128,512,1024,297,256,512,1024,261,256,512,1024,99,0,0,0,0,0,0,0,0,0,0,0,0,64,128,128,21,64,128,128,21,18.01,12.77,5.24,0,29,27,706,77,78,0,0,0,0,0,0,0,65536,131072,131072,131072,131072,32,65536,131072,131072,131072,131072,27,65536,131072,131072,262144,262144,707,131072,131072,131072,131072,131072,74,65536,131072,131072,131072,131072,77,0,0,0,0,0,0,0,0,0,0,0,0,0,0,0,0,0,0,0,0,0,0,0,0,0,0,0,0,0,0,0,0,0,0,0,0,6,0,33928,32184,48693,0,41,21,0
48360085010700,3467,2048,4096,16384,21859,512,512,1024,2997,4096,8192,8192,2742,4096,16384,16384,697,8192,8192,8192,34,2048,2048,8192,715,512,1024,2048,2713,1024,2048,2048,476,4096,4096,4096,13,2048,131072,262144,32619,1048576,1048576,1048576,40,524288,1048576,1048576,40,524288,524288,524288,40,1024,2048,2048,40,64,65536,131072,40,256,512,1024,4691,256,512,1024,4988,128,512,1024,196731,128,512,1024,24678,128,512,512,3816,256,512,1024,5868,512,1024,1024,1374,256,512,1024,1482,128,512,512,22977,128,512,512,3438,128,512,1024,378,128,512,1024,360,256,512,1024,306,256,512,512,117,0,0,0,0,0,0,0,0,0,0,0,0,64,128,128,20,128,128,128,20,15.54,11.72,3.82,0,34,29,715,82,83,33,0,0,0,0,0,0,65536,131072,131072,131072,131072,35,65536,131072,131072,131072,131072,29,65536,131072,131072,262144,524288,712,131072,131072,131072,131072,131072,85,65536,131072,131072,131072,131072,84,262144,262144,262144,262144,262144,8,0,0,0,0,0,0,0,0,0,0,0,0,0,0,0,0,0,0,0,0,0,0,0,0,0,0,0,0,0,0,28,0,33286,31301,50762,0,40,20,0
48361104974800,3395,2048,4096,16384,21904,512,512,1024,4245,4096,8192,8192,2690,4096,8192,16384,722,8192,8192,8192,46,2048,2048,4096,653,512,1024,2048,2767,1024,2048,2048,444,4096,4096,4096,9,2048,131072,262144,33912,1048576,1048576,2097152,41,524288,1048576,1048576,41,524288,524288,524288,41,1024,2048,2048,41,64,65536,131072,41,128,512,1024,4481,256,512,1024,5129,128,512,1024,197136,128,512,1024,24210,128,512,512,4107,128,512,1024,5769,512,1024,2048,1236,256,512,1024,1344,128,512,512,23436,128,512,512,2934,128,512,512,615,128,512,1024,324,256,1024,1024,414,256,512,1024,81,0,0,0,0,0,0,0,0,0,0,0,0,64,128,128,20,64,128,128,20,15.32,11.23,4.08,0,46,26,653,87,82,72,0,0,0,0,0,0,65536,131072,131072,131072,131072,44,65536,131072,131072,131072,131072,26,65536,131072,131072,131072,262144,651,131072,131072,131072,131072,131072,87,65536,131072,131072,131072,131072,82,131072,262144,262144,262144,262144,97,0,0,0,0,0,0,0,0,0,0,0,0,0,0,0,0,0,0,0,0,0,0,0,0,0,0,0,0,0,0,8,0,34688,32163,47837,0,41,20,0
48362127581300,3395,2048,4096,16384,21446,512,512,1024,2454,4096,8192,8192,2626,4096,8192,16384,645,8192,8192,8192,25,2048,4096,4096,751,512,1024,1024,2593,1024,2048,2048,479,4096,4096,4096,9,2048,131072,262144,31324,1048576,1048576,2097152,41,524288,1048576,1048576,41,524288,524288,524288,41,1024,2048,2048,41,64,32768,65536,41,256,512,1024,4707,256,512,1024,4707,128,512,1024,193014,128,512,1024,23634,128,512,512,3734,256,512,1024,5427,512,1024,1024,1550,256,512,1024,1424,128,512,512,21618,128,512,512,3474,128,512,1024,585,128,512,1024,360,256,512,1024,225,256,512,1024,81,0,0,0,1,0,0,0,0,0,0,0,1,64,128,128,21,64,128,128,21,15.67,11.97,3.69,0,25,18,751,82,70,0,0,0,0,0,0,0,65536,131072,131072,131072,131072,27,65536,131072,131072,131072,131072,18,65536,131072,131072,262144,262144,757,131072,131072,131072,131072,131072,82,65536,131072,131072,131072,131072,70,0,0,0,0,0,0,0,0,0,0,0,0,0,0,0,0,0,0,0,0,0,0,0,0,0,0,0,0,0,0,0,0,0,0,0,0,0,0,34196,30265,48941,0,41,21,0
48363146241300,3422,2048,4096,16384,21950,512,512,1024,2726,4096,8192,8192,2749,4096,8192,16384,726,8192,8192,8192,29,2048,2048,4096,692,512,1024,2048,2794,1024,2048,2048,465,4096,4096,4096,16,1024,65536,262144,32538,1048576,1048576,2097152,41,524288,1048576,1048576,41,524288,524288,524288,41,1024,2048,2048,41,64,8192,16384,41,256,512,1024,4291,256,512,1024,4048,128,512,1024,197550,128,512,1024,24741,128,512,512,3973,128,512,1024,6210,512,1024,1024,1347,256,512,1024,1347,128,512,1024,23787,128,512,512,3123,128,512,512,591,128,512,512,270,256,512,1024,261,256,512,512,144,1024,2048,2048,31,1024,1024,1024,30,64,64,64,61,64,128,128,20,16384,65536,65536,20,14.69,11.11,3.58,30,29,25,692,78,81,0,262144,262144,262144,262144,262144,30,65536,131072,131072,131072,131072,29,65536,131072,131072,131072,131072,25,65536,131072,131072,131072,262144,692,131072,131072,131072,131072,262144,78,65536,131072,131072,131072,131072,81,0,0,0,0,0,0,0,0,0,0,0,0,0,0,0,0,0,0,0,0,0,0,0,0,0,0,0,0,0,0,0,0,0,0,0,0,0,0,34502,30994,50198,0,41,20,0
48364167658300,3450,2048,4096,16384,21186,512,512,1024,4032,4096,8192,8192,2762,4096,8192,16384,690,8192,8192,8192,36,2048,2048,4096,671,512,1024,2048,2751,1024,2048,2048,440,4096,4096,4096,13,2048,65536,262144,32995,1048576,1048576,1048576,41,524288,1048576,1048576,41,524288,524288,524288,41,1024,2048,2048,41,64,512,8192,41,256,512,1024,4771,256,512,1024,4519,128,512,1024,190674,128,512,1024,24858,128,512,1024,4098,128,512,1024,5796,512,1024,1024,1335,256,512,1024,1308,128,512,1024,21915,128,512,1024,3312,128,512,512,602,128,512,512,297,256,512,1024,324,256,512,1024,117,1024,2048,2048,28,1024,1024,1024,28,64,64,64,56,64,128,128,21,16384,32768,32768,21,14.15,10.83,3.31,28,36,21,671,81,78,0,262144,262144,262144,262144,262144,28,65536,131072,131072,131072,131072,36,65536,131072,131072,131072,131072,21,65536,131072,131072,131072,4194304,671,131072,131072,131072,131072,262144,81,65536,131072,131072,131072,131072,78,0,0,0,0,0,0,0,0,0,0,0,0,0,0,0,0,0,0,0,0,0,0,0,0,0,0,0,0,0,0,0,0,0,0,0,0,0,0,35238,31416,48361,0,41,21,0
48365189301800,3483,2048,4096,16384,20369,512,512,1024,2707,4096,8192,8192,2691,4096,16384,16384,672,8192,8192,8192,35,2048,4096,4096,719,512,1024,1024,2735,1024,2048,2048,469,4096,4096,4096,10,1024,131072,262144,30764,1048576,1048576,1048576,41,524288,1048576,1048576,41,524288,524288,524288,41,1024,2048,2048,41,64,32768,65536,41,256,512,1024,5015,256,512,1024,4718,128,512,1024,183321,256,512,1024,24219,128,512,1024,3882,256,512,1024,5571,512,1024,1024,1455,256,512,1024,1437,128,512,1024,22572,128,512,1024,3573,128,512,1024,474,256,512,1024,297,256,512,1024,315,256,512,1024,90,1024,2048,2048,29,1024,1024,1024,30,64,64,64,59,64,128,128,20,16384,32768,32768,20,15.94,12.11,3.83,30,35,12,719,87,86,0,262144,262144,262144,262144,262144,30,65536,131072,131072,131072,131072,35,131072,131072,131072,131072,131072,12,65536,131072,131072,262144,262144,718,131072,131072,131072,131072,131072,87,65536,131072,131072,131072,131072,86,0,0,0,0,0,0,0,0,0,0,0,0,0,0,0,0,0,0,0,0,0,0,0,0,0,0,0,0,0,0,0,0,0,0,0,0,1,0,33697,29677,50216,0,41,20,0
48366209887200,3500,2048,4096,16384,19856,512,512,1024,3554,4096,8192,8192,2725,4096,16384,16384,724,8192,8192,16384,42,2048,4096,4096,726,512,1024,1024,2692,1024,2048,2048,515,4096,4096,4096,10,1024,65536,262144,31206,1048576,1048576,1048576,40,524288,1048576,1048576,40,524288,524288,524288,40,1024,2048,2048,40,64,65536,65536,40,256,512,1024,4732,256,512,1024,4579,128,512,1024,178704,256,512,1024,24525,128,512,1024,4107,256,512,1024,6309,512,1024,2048,1284,256,512,1024,1401,128,512,1024,21798,128,512,512,3393,128,512,1024,531,128,512,1024,414,256,1024,1024,378,256,512,1024,90,2048,2048,2048,16,512,1024,1024,17,64,64,64,33,64,64,64,20,128,32768,32768,20,15.44,11.87,3.57,17,42,9,726,75,71,0,262144,262144,262144,262144,262144,17,65536,131072,131072,131072,131072,42,65536,131072,131072,131072,131072,9,65536,131072,131072,262144,262144,722,131072,131072,131072,131072,131072,75,65536,131072,131072,131072,131072,71,0,0,0,0,0,0,0,0,0,0,0,0,0,0,0,0,0,0,0,0,0,0,0,0,0,0,0,0,0,0,0,0,0,0,0,0,5,0,33411,29825,49617,0,40,20,0
48367228895100,3500,2048,8192,16384,20754,512,512,1024,3369,4096,8192,8192,2716,4096,8192,32768,725,8192,8192,8192,34,2048,4096,4096,710,512,1024,1024,2758,1024,2048,2048,469,4096,4096,4096,10,2048,65536,262144,31971,1048576,1048576,1048576,41,524288,1048576,1048576,41,524288,524288,524288,41,1024,2048,4096,41,64,32768,65536,41,256,512,1024,4526,256,512,1024,4526,256,512,1024,186786,256,512,1024,24444,128,512,1024,3952,256,512,1024,6255,512,1024,1024,1278,256,512,1024,1386,128,512,1024,22644,128,512,512,3402,128,512,512,417,128,512,512,324,256,1024,1024,306,256,512,1024,90,0,0,0,0,0,0,0,0,0,0,0,0,64,128,128,21,64,128,128,21,17.38,12.65,4.73,0,34,15,710,73,63,0,0,0,0,0,0,0,65536,131072,131072,131072,131072,34,65536,131072,131072,131072,131072,15,65536,131072,131072,131072,131072,714,131072,131072,131072,131072,131072,73,65536,131072,131072,131072,131072,63,0,0,0,0,0,0,0,0,0,0,0,0,0,0,0,0,0,0,0,0,0,0,0,0,0,0,0,0,0,0,0,0,0,0,0,0,1,0,33831,30567,49723,0,41,21,0
48368251727600,3500,2048,4096,16384,21717,512,512,1024,3462,4096,8192,8192,2819,4096,16384,32768,711,8192,8192,8192,43,2048,2048,4096,739,512,1024,1024,2827,1024,2048,2048,478,4096,8192,8192,15,1024,65536,262144,33200,1048576,1048576,1048576,41,524288,1048576,1048576,41,524288,524288,524288,41,1024,2048,2048,41,64,32768,65536,41,256,512,1024,4742,256,512,1024,4742,128,512,1024,195453,128,512,1024,25371,128,512,1024,3921,256,512,1024,5967,512,1024,1024,1221,256,512,1024,1374,128,512,512,21231,128,512,512,3132,128,512,512,540,128,512,1024,369,256,512,1024,387,256,512,1024,135,0,0,0,0,0,0,0,0,0,0,0,0,64,128,128,20,64,128,128,20,17.70,12.09,5.60,0,43,14,739,76,69,0,0,0,0,0,0,0,65536,131072,131072,131072,131072,43,65536,131072,131072,131072,131072,14,65536,131072,131072,131072,262144,740,131072,131072,131072,131072,262144,76,65536,131072,131072,131072,262144,69,0,0,0,0,0,0,0,0,0,0,0,0,0,0,0,0,0,0,0,0,0,0,0,0,0,0,0,0,0,0,0,0,0,0,0,0,0,0,34343,31368,48066,0,41,20,0
48369271279900,3500,2048,4096,16384,21058,512,512,1024,3431,4096,8192,8192,2803,4096,16384,32768,696,8192,8192,8192,39,2048,2048,4096,681,512,1024,1024,2818,1024,2048,2048,475,4096,4096,4096,14,2048,131072,262144,32371,1048576,1048576,2097152,41,524288,1048576,1048576,41,524288,524288,524288,41,1024,2048,2048,41,64,2048,65536,41,256,512,1024,4604,256,512,1024,4604,128,512,1024,189522,128,512,1024,25227,128,512,1024,3671,256,512,1024,5733,512,1024,2048,1359,256,512,1024,1323,128,512,1024,22896,128,512,512,3312,128,512,1024,432,128,512,512,324,256,512,1024,351,256,512,512,126,0,0,0,0,0,0,0,0,0,0,0,0,64,128,128,21,64,128,256,21,16.85,11.74,5.11,0,39,12,681,60,78,0,0,0,0,0,0,0,65536,131072,131072,131072,131072,39,65536,131072,131072,131072,131072,12,65536,131072,131072,262144,262144,675,131072,131072,131072,131072,262144,60,65536,131072,131072,131072,131072,78,0,0,0,0,0,0,0,0,0,0,0,0,0,0,0,0,0,0,0,0,0,0,0,0,0,0,0,0,0,0,0,0,0,0,0,0,5,0,33615,30932,47670,0,41,21,0
48370290594100,3395,2048,4096,16384,21240,256,512,1024,3477,4096,8192,16384,2662,4096,8192,16384,712,8192,8192,8192,26,2048,2048,4096,694,512,1024,1024,2626,1024,2048,2048,451,4096,4096,4096,16,2048,65536,262144,32229,1048576,1048576,2097152,41,524288,1048576,1048576,41,524288,524288,524288,41,1024,2048,2048,41,64,32768,65536,41,256,512,1024,4625,256,512,1024,5570,128,512,1024,191160,128,512,1024,23958,128,512,512,4048,128,512,1024,5724,512,1024,1024,1553,256,512,1024,1346,128,512,1024,22626,128,512,512,3330,128,512,512,524,128,512,1024,270,256,512,1024,234,256,512,1024,144,0,0,0,0,0,0,0,0,0,0,0,0,64,128,128,20,64,128,128,20,15.97,12.01,3.96,0,26,12,695,89,82,105,0,0,0,0,0,0,65536,131072,131072,131072,131072,26,65536,131072,131072,131072,131072,12,65536,131072,131072,262144,262144,692,65536,131072,131072,131072,131072,89,65536,131072,131072,131072,131072,82,131072,262144,262144,262144,262144,105,0,0,0,0,0,0,0,0,0,0,0,0,0,0,0,0,0,0,0,0,0,0,0,0,0,0,0,0,0,0,9,0,34527,30821,50962,0,41,20,0
48371309720800,3300,4096,8192,8192,64,512,512,512,8,4096,8192,8192,104,8192,8192,8192,30,0,0,0,0,2048,2048,4096,26,512,1024,1024,132,1024,2048,2048,19,0,0,0,0,1024,65536,524288,388,1048576,1048576,1048576,40,524288,1048576,1048576,40,524288,524288,524288,40,1024,2048,2048,40,64,128,256,40,256,512,1024,2792,256,512,1024,3647,256,512,1024,576,256,512,1024,936,128,512,1024,219,256,512,1024,180,512,1024,2048,1350,256,512,1024,945,256,512,1024,28575,128,512,1024,1026,128,512,512,579,256,1024,1024,36,0,0,0,0,0,0,0,0,0,0,0,0,0,0,0,0,0,0,0,0,64,128,128,20,64,128,128,20,12.65,10.35,2.30,0,0,1,25,77,83,95,0,0,0,0,0,0,0,0,0,0,0,0,0,0,0,0,65536,1,65536,131072,131072,131072,131072,34,131072,131072,262144,262144,262144,77,65536,131072,131072,131072,131072,83,131072,262144,262144,262144,262144,95,0,0,0,0,0,0,0,0,0,0,0,0,0,0,0,0,0,0,0,0,0,0,0,0,0,0,0,0,0,0,0,0,26500,434,27966,0,40,20,0
48372331268700,3200,0,0,0,0,0,0,0,0,0,0,0,0,0,0,0,0,0,0,0,0,0,0,0,0,0,0,0,0,0,0,0,0,0,0,0,0,0,0,0,0,1048576,1048576,2097152,41,524288,1048576,1048576,41,524288,524288,524288,41,2048,2048,2048,41,128,128,256,41,256,1024,1024,2730,256,1024,1024,3630,0,0,0,0,0,0,0,0,0,0,0,0,0,0,0,0,512,1024,2048,1574,256,512,1024,1043,256,512,1024,32166,128,512,1024,1008,128,512,512,387,0,0,0,0,0,0,0,0,0,0,0,0,0,0,0,0,0,0,0,0,0,0,0,0,64,128,128,21,64,128,128,21,10.70,9.05,1.66,0,0,0,0,73,66,100,0,0,0,0,0,0,0,0,0,0,0,0,0,0,0,0,0,0,0,0,0,0,0,0,131072,131072,131072,131072,262144,73,65536,131072,131072,131072,131072,66,131072,262144,262144,262144,262144,100,0,0,0,0,0,0,0,0,0,0,0,0,0,0,0,0,0,0,0,0,0,0,0,0,0,0,0,0,0,0,0,0,24950,100,26138,0,41,21,0
48373350363700,3100,0,0,0,0,0,0,0,0,0,0,0,0,0,0,0,0,0,0,0,0,0,0,0,0,0,0,0,0,0,0,0,0,0,0,0,0,0,0,0,0,1048576,1048576,1048576,41,524288,1048576,1048576,41,524288,524288,524288,41,2048,2048,2048,41,128,128,128,41,256,1024,1024,2777,256,1024,1024,3677,0,0,0,0,0,0,0,0,0,0,0,0,0,0,0,0,512,1024,2048,1482,256,512,1024,1023,256,512,1024,28908,256,512,1024,891,128,512,1024,798,0,0,0,0,0,0,0,0,0,0,0,0,0,0,0,0,0,0,0,0,0,0,0,0,64,128,128,20,64,256,256,20,10.86,9.71,1.15,0,0,0,0,78,87,100,0,0,0,0,0,0,0,0,0,0,0,0,0,0,0,0,0,0,0,0,0,0,0,0,131072,131072,131072,131072,131072,78,65536,131072,131072,131072,131072,87,131072,262144,262144,262144,262144,100,0,0,0,0,0,0,0,0,0,0,0,0,0,0,0,0,0,0,0,0,0,0,0,0,0,0,0,0,0,0,0,0,23979,100,25267,0,41,20,0
48374371484500,3000,0,0,0,0,0,0,0,0,0,0,0,0,0,0,0,0,0,0,0,0,0,0,0,0,0,0,0,0,0,0,0,0,0,0,0,0,0,0,0,0,1048576,1048576,1048576,41,524288,524288,1048576,41,524288,524288,524288,41,1024,2048,2048,41,128,128,128,41,256,512,1024,2599,256,512,1024,3499,0,0,0,0,0,0,0,0,0,0,0,0,0,0,0,0,512,1024,1024,1463,256,512,1024,1058,128,512,1024,26667,128,512,512,810,128,512,1024,960,0,0,0,0,0,0,0,0,0,0,0,0,0,0,0,0,0,0,0,0,0,0,0,0,64,128,128,21,64,128,128,21,10.84,9.69,1.15,0,0,0,0,97,76,100,0,0,0,0,0,0,0,0,0,0,0,0,0,0,0,0,0,0,0,0,0,0,0,0,131072,131072,131072,131072,262144,97,131072,131072,131072,131072,131072,76,131072,262144,262144,262144,262144,100,0,0,0,0,0,0,0,0,0,0,0,0,0,0,0,0,0,0,0,0,0,0,0,0,0,0,0,0,0,0,0,0,22435,100,24112,0,41,21,0
48375391648000,2900,0,0,0,0,0,0,0,0,0,0,0,0,0,0,0,0,0,0,0,0,0,0,0,0,0,0,0,0,0,0,0,0,0,0,0,0,0,0,0,0,1048576,1048576,1048576,41,524288,524288,1048576,41,524288,524288,524288,41,1024,2048,2048,41,128,128,128,41,256,512,1024,2481,256,512,1024,3381,0,0,0,0,0,0,0,0,0,0,0,0,0,0,0,0,512,1024,2048,1824,256,512,1024,1194,128,512,1024,27918,128,512,512,981,128,512,1024,729,0,0,0,0,0,0,0,0,0,0,0,0,0,0,0,0,0,0,0,0,0,0,0,0,128,128,128,20,64,256,256,20,9.84,8.81,1.02,0,0,0,0,83,85,100,0,0,0,0,0,0,0,0,0,0,0,0,0,0,0,0,0,0,0,0,0,0,0,0,131072,131072,262144,262144,262144,83,65536,131072,131072,131072,131072,85,131072,262144,262144,262144,262144,100,0,0,0,0,0,0,0,0,0,0,0,0,0,0,0,0,0,0,0,0,0,0,0,0,0,0,0,0,0,0,0,0,21792,100,22860,0,41,20,0
48376413326800,2800,0,0,0,0,0,0,0,0,0,0,0,0,0,0,0,0,0,0,0,0,0,0,0,0,0,0,0,0,0,0,0,0,0,0,0,0,0,0,0,0,1048576,1048576,1048576,41,524288,524288,524288,41,524288,524288,524288,41,1024,2048,2048,41,128,128,128,41,256,512,1024,2286,256,512,1024,3186,0,0,0,0,0,0,0,0,0,0,0,0,0,0,0,0,512,1024,2048,1665,256,512,1024,1170,128,512,1024,28332,128,512,1024,1179,128,512,512,1179,0,0,0,0,0,0,0,0,0,0,0,0,0,0,0,0,0,0,0,0,0,0,0,0,64,128,128,21,64,128,128,21,9.93,8.79,1.15,0,0,0,0,68,59,100,0,0,0,0,0,0,0,0,0,0,0,0,0,0,0,0,0,0,0,0,0,0,0,0,131072,131072,131072,131072,262144,68,131072,131072,131072,131072,131072,59,131072,262144,262144,262144,262144,100,0,0,0,0,0,0,0,0,0,0,0,0,0,0,0,0,0,0,0,0,0,0,0,0,0,0,0,0,0,0,0,0,20978,100,22438,0,41,21,0
48377431670100,2700,0,0,0,0,0,0,0,0,0,0,0,0,0,0,0,0,0,0,0,0,0,0,0,0,0,0,0,0,0,0,0,0,0,0,0,0,0,0,0,0,1048576,1048576,1048576,40,524288,524288,1048576,40,524288,524288,524288,40,1024,2048,2048,40,128,128,128,40,256,512,1024,2334,256,512,1024,3234,0,0,0,0,0,0,0,0,0,0,0,0,0,0,0,0,512,1024,1024,1580,256,512,1024,1067,128,512,512,29034,128,512,512,1080,128,512,1024,1413,0,0,0,0,0,0,0,0,0,0,0,0,0,0,0,0,0,0,0,0,0,0,0,0,64,128,128,20,128,128,128,20,10.10,8.95,1.15,0,0,0,0,71,71,100,0,0,0,0,0,0,0,0,0,0,0,0,0,0,0,0,0,0,0,0,0,0,0,0,131072,131072,262144,262144,262144,71,65536,131072,262144,262144,262144,71,131072,262144,262144,262144,262144,100,0,0,0,0,0,0,0,0,0,0,0,0,0,0,0,0,0,0,0,0,0,0,0,0,0,0,0,0,0,0,0,0,21936,100,22745,0,40,20,0
48378452848300,2600,0,0,0,0,0,0,0,0,0,0,0,0,0,0,0,0,0,0,0,0,0,0,0,0,0,0,0,0,0,0,0,0,0,0,0,0,0,0,0,0,1048576,1048576,1048576,41,524288,524288,524288,41,524288,524288,524288,41,1024,2048,2048,41,128,128,128,41,128,512,1024,2232,256,512,1024,3132,0,0,0,0,0,0,0,0,0,0,0,0,0,0,0,0,512,1024,1024,1689,256,512,1024,1122,128,512,512,30492,128,512,512,909,128,512,512,1221,0,0,0,0,0,0,0,0,0,0,0,0,0,0,0,0,0,0,0,0,0,0,0,0,64,128,128,20,64,128,128,20,10.59,9.18,1.40,0,0,0,0,91,61,100,0,0,0,0,0,0,0,0,0,0,0,0,0,0,0,0,0,0,0,0,0,0,0,0,131072,131072,262144,262144,262144,91,65536,131072,131072,131072,131072,61,131072,262144,262144,262144,262144,100,0,0,0,0,0,0,0,0,0,0,0,0,0,0,0,0,0,0,0,0,0,0,0,0,0,0,0,0,0,0,0,0,19955,100,21169,0,41,20,0
48379472928700,2500,0,0,0,0,0,0,0,0,0,0,0,0,0,0,0,0,0,0,0,0,0,0,0,0,0,0,0,0,0,0,0,0,0,0,0,0,0,0,0,0,1048576,1048576,1048576,41,524288,524288,524288,41,524288,524288,524288,41,1024,2048,2048,41,128,128,128,41,128,512,1024,2299,128,512,1024,3199,0,0,0,0,0,0,0,0,0,0,0,0,0,0,0,0,256,1024,1024,1620,256,512,512,1125,128,512,512,29943,128,512,512,963,128,512,512,1638,0,0,0,0,0,0,0,0,0,0,0,0,0,0,0,0,0,0,0,0,0,0,0,0,64,128,128,21,64,256,256,21,10.72,9.44,1.28,0,0,0,0,66,78,100,0,0,0,0,0,0,0,0,0,0,0,0,0,0,0,0,0,0,0,0,0,0,0,0,131072,131072,131072,131072,131072,66,131072,131072,131072,131072,131072,78,131072,262144,262144,262144,262144,100,0,0,0,0,0,0,0,0,0,0,0,0,0,0,0,0,0,0,0,0,0,0,0,0,0,0,0,0,0,0,0,0,18756,100,20229,0,41,21,0
48380493897400,2400,0,0,0,0,0,0,0,0,0,0,0,0,0,0,0,0,0,0,0,0,0,0,0,0,0,0,0,0,0,0,0,0,0,0,0,0,0,0,0,0,1048576,1048576,1048576,41,524288,524288,524288,41,524288,524288,524288,41,1024,2048,2048,41,128,128,128,41,128,512,1024,1947,128,512,1024,2847,0,0,0,0,0,0,0,0,0,0,0,0,0,0,0,0,512,1024,1024,1638,256,512,1024,1260,128,512,512,28071,128,512,512,1080,64,512,512,1797,0,0,0,0,0,0,0,0,0,0,0,0,0,0,0,0,0,0,0,0,0,0,0,0,64,128,128,20,64,128,128,20,9.95,8.93,1.02,0,0,0,0,63,55,100,0,0,0,0,0,0,0,0,0,0,0,0,0,0,0,0,0,0,0,0,0,0,0,0,131072,131072,131072,131072,262144,63,131072,131072,131072,131072,131072,55,131072,262144,262144,262144,262144,100,0,0,0,0,0,0,0,0,0,0,0,0,0,0,0,0,0,0,0,0,0,0,0,0,0,0,0,0,0,0,0,0,18007,100,19613,0,41,20,0
48381513449600,2300,0,0,0,0,0,0,0,0,0,0,0,0,0,0,0,0,0,0,0,0,0,0,0,0,0,0,0,0,0,0,0,0,0,0,0,0,0,0,0,0,1048576,1048576,1048576,41,524288,524288,524288,41,524288,524288,524288,41,1024,2048,2048,41,128,128,128,41,64,512,1024,2051,64,512,1024,2951,0,0,0,0,0,0,0,0,0,0,0,0,0,0,0,0,512,1024,1024,1146,256,512,1024,1146,128,512,512,26685,64,512,512,909,64,512,512,1734,0,0,0,0,0,0,0,0,0,0,0,0,0,0,0,0,0,0,0,0,0,0,0,0,64,128,128,21,64,128,128,21,10.21,8.56,1.66,0,0,0,0,60,38,100,0,0,0,0,0,0,0,0,0,0,0,0,0,0,0,0,0,0,0,0,0,0,0,0,131072,131072,262144,262144,262144,60,131072,131072,131072,131072,262144,38,131072,262144,262144,262144,262144,100,0,0,0,0,0,0,0,0,0,0,0,0,0,0,0,0,0,0,0,0,0,0,0,0,0,0,0,0,0,0,0,0,17187,100,17831,0,41,21,0
48382534562300,2200,0,0,0,0,0,0,0,0,0,0,0,0,0,0,0,0,0,0,0,0,0,0,0,0,0,0,0,0,0,0,0,0,0,0,0,0,0,0,0,0,1048576,1048576,1048576,40,524288,524288,524288,40,524288,524288,524288,40,1024,2048,2048,40,128,128,128,40,64,512,512,1799,64,512,512,2699,0,0,0,0,0,0,0,0,0,0,0,0,0,0,0,0,256,1024,1024,1116,256,512,512,1116,64,512,512,25074,64,512,512,738,64,512,512,1950,0,0,0,0,0,0,0,0,0,0,0,0,0,0,0,0,0,0,0,0,0,0,0,0,64,128,128,20,64,128,128,20,9.69,8.80,0.89,0,0,0,0,59,52,100,0,0,0,0,0,0,0,0,0,0,0,0,0,0,0,0,0,0,0,0,0,0,0,0,131072,131072,262144,262144,262144,59,65536,131072,131072,131072,131072,52,131072,262144,262144,262144,262144,100,0,0,0,0,0,0,0,0,0,0,0,0,0,0,0,0,0,0,0,0,0,0,0,0,0,0,0,0,0,0,0,0,17292,100,18980,0,40,20,0
48383555016600,2100,0,0,0,0,0,0,0,0,0,0,0,0,0,0,0,0,0,0,0,0,0,0,0,0,0,0,0,0,0,0,0,0,0,0,0,0,0,0,0,0,1048576,1048576,1048576,41,524288,524288,524288,41,524288,524288,524288,41,1024,2048,2048,41,128,128,128,41,64,512,512,1841,64,512,1024,2741,0,0,0,0,0,0,0,0,0,0,0,0,0,0,0,0,256,1024,1024,1068,256,512,512,1068,64,512,512,25056,64,512,512,900,64,512,512,2112,0,0,0,0,0,0,0,0,0,0,0,0,0,0,0,0,0,0,0,0,0,0,0,0,64,128,128,20,64,128,128,20,9.70,8.68,1.02,0,0,0,0,53,59,100,0,0,0,0,0,0,0,0,0,0,0,0,0,0,0,0,0,0,0,0,0,0,0,0,131072,131072,131072,131072,262144,53,131072,131072,131072,131072,131072,59,131072,262144,262144,262144,262144,100,0,0,0,0,0,0,0,0,0,0,0,0,0,0,0,0,0,0,0,0,0,0,0,0,0,0,0,0,0,0,0,0,17357,100,17564,0,41,20,0
48384573310200,2000,0,0,0,0,0,0,0,0,0,0,0,0,0,0,0,0,0,0,0,0,0,0,0,0,0,0,0,0,0,0,0,0,0,0,0,0,0,0,0,0,524288,1048576,1048576,41,262144,524288,524288,41,524288,524288,524288,41,1024,2048,4096,41,64,128,128,41,64,512,512,1628,64,512,512,2528,0,0,0,0,0,0,0,0,0,0,0,0,0,0,0,0,256,1024,1024,1106,256,512,512,1106,64,512,512,23265,64,256,512,900,64,256,512,2085,0,0,0,0,0,0,0,0,0,0,0,0,0,0,0,0,0,0,0,0,0,0,0,0,64,128,128,21,64,128,128,21,8.95,8.57,0.38,0,0,0,0,61,47,100,0,0,0,0,0,0,0,0,0,0,0,0,0,0,0,0,0,0,0,0,0,0,0,0,131072,131072,262144,262144,262144,61,65536,131072,131072,131072,131072,47,131072,262144,262144,262144,262144,100,0,0,0,0,0,0,0,0,0,0,0,0,0,0,0,0,0,0,0,0,0,0,0,0,0,0,0,0,0,0,0,0,15356,100,16427,0,41,21,0
48385595427800,1900,0,0,0,0,0,0,0,0,0,0,0,0,0,0,0,0,0,0,0,0,0,0,0,0,0,0,0,0,0,0,0,0,0,0,0,0,0,0,0,0,1048576,1048576,1048576,41,524288,524288,524288,41,524288,524288,524288,41,2048,2048,4096,41,128,256,256,41,64,512,1024,1643,64,512,1024,2543,0,0,0,0,0,0,0,0,0,0,0,0,0,0,0,0,256,1024,2048,993,256,512,1024,993,128,512,512,21519,64,512,512,603,64,512,512,2130,0,0,0,0,0,0,0,0,0,0,0,0,0,0,0,0,0,0,0,0,0,0,0,0,64,128,128,20,64,256,256,20,9.95,8.93,1.02,0,0,0,0,46,41,100,0,0,0,0,0,0,0,0,0,0,0,0,0,0,0,0,0,0,0,0,0,0,0,0,131072,131072,262144,262144,262144,46,131072,131072,131072,131072,262144,41,131072,262144,262144,262144,262144,100,0,0,0,0,0,0,0,0,0,0,0,0,0,0,0,0,0,0,0,0,0,0,0,0,0,0,0,0,0,0,0,0,14954,100,16093,0,41,20,0
48386623492600,1800,0,0,0,0,0,0,0,0,0,0,0,0,0,0,0,0,0,0,0,0,0,0,0,0,0,0,0,0,0,0,0,0,0,0,0,0,0,0,0,0,1048576,1048576,1048576,41,524288,524288,524288,41,524288,524288,524288,41,2048,4096,4096,41,128,128,256,41,64,512,1024,1594,64,512,1024,2494,0,0,0,0,0,0,0,0,0,0,0,0,0,0,0,0,512,1024,2048,1131,256,512,1024,1131,128,512,1024,20088,64,512,1024,576,64,512,512,2241,0,0,0,0,0,0,0,0,0,0,0,0,0,0,0,0,0,0,0,0,0,0,0,0,64,128,128,21,128,128,256,21,9.76,8.37,1.39,0,0,0,0,56,49,100,0,0,0,0,0,0,0,0,0,0,0,0,0,0,0,0,0,0,0,0,0,0,0,0,131072,131072,262144,262144,262144,56,65536,262144,262144,262144,262144,49,131072,262144,262144,262144,262144,100,0,0,0,0,0,0,0,0,0,0,0,0,0,0,0,0,0,0,0,0,0,0,0,0,0,0,0,0,0,0,0,0,13311,100,14815,0,41,21,0
48387645762900,1700,0,0,0,0,0,0,0,0,0,0,0,0,0,0,0,0,0,0,0,0,0,0,0,0,0,0,0,0,0,0,0,0,0,0,0,0,0,0,0,0,1048576,1048576,1048576,41,524288,524288,524288,41,524288,524288,524288,41,2048,4096,4096,41,128,128,256,41,64,512,1024,1538,64,512,1024,2438,0,0,0,0,0,0,0,0,0,0,0,0,0,0,0,0,512,1024,2048,1062,256,512,1024,1062,128,512,1024,20034,64,512,512,522,64,512,1024,2274,0,0,0,0,0,0,0,0,0,0,0,0,0,0,0,0,0,0,0,0,0,0,0,0,128,128,128,20,128,256,256,20,9.03,8.52,0.51,0,0,0,0,37,51,100,0,0,0,0,0,0,0,0,0,0,0,0,0,0,0,0,0,0,0,0,0,0,0,0,131072,262144,262144,262144,262144,37,131072,131072,262144,262144,262144,51,131072,262144,262144,262144,524288,100,0,0,0,0,0,0,0,0,0,0,0,0,0,0,0,0,0,0,0,0,0,0,0,0,0,0,0,0,0,0,0,0,13157,100,13796,0,41,20,0
48388657846400,1600,0,0,0,0,0,0,0,0,0,0,0,0,0,0,0,0,0,0,0,0,0,0,0,0,0,0,0,0,0,0,0,0,0,0,0,0,0,0,0,0,1048576,1048576,1048576,40,524288,524288,524288,40,524288,524288,524288,40,2048,2048,4096,40,128,256,256,40,64,512,1024,1329,64,512,1024,2229,0,0,0,0,0,0,0,0,0,0,0,0,0,0,0,0,256,1024,1024,1095,256,512,1024,1095,64,512,1024,18306,64,512,512,603,0,512,512,2085,0,0,0,0,0,0,0,0,0,0,0,0,0,0,0,0,0,0,0,0,0,0,0,0,64,256,256,20,128,256,256,20,9.52,9.00,0.51,0,0,0,0,45,37,100,0,0,0,0,0,0,0,0,0,0,0,0,0,0,0,0,0,0,0,0,0,0,0,0,131072,262144,262144,262144,262144,45,131072,131072,131072,131072,262144,37,131072,262144,262144,262144,262144,100,0,0,0,0,0,0,0,0,0,0,0,0,0,0,0,0,0,0,0,0,0,0,0,0,0,0,0,0,0,0,0,0,12030,100,14438,0,40,20,0
48389684113300,1500,0,0,0,0,0,0,0,0,0,0,0,0,0,0,0,0,0,0,0,0,0,0,0,0,0,0,0,0,0,0,0,0,0,0,0,0,0,0,0,0,524288,1048576,1048576,41,262144,524288,524288,41,524288,524288,524288,41,2048,2048,4096,41,128,128,128,41,64,512,1024,1293,64,512,1024,2193,0,0,0,0,0,0,0,0,0,0,0,0,0,0,0,0,256,1024,1024,923,256,512,1024,923,64,512,512,17856,64,512,512,558,0,512,512,2301,0,0,0,0,0,0,0,0,0,0,0,0,0,0,0,0,0,0,0,0,0,0,0,0,64,128,128,21,128,256,256,21,8.76,8.38,0.38,0,0,0,0,43,45,100,0,0,0,0,0,0,0,0,0,0,0,0,0,0,0,0,0,0,0,0,0,0,0,0,131072,131072,131072,131072,262144,43,131072,131072,131072,131072,131072,45,131072,262144,262144,262144,262144,100,0,0,0,0,0,0,0,0,0,0,0,0,0,0,0,0,0,0,0,0,0,0,0,0,0,0,0,0,0,0,0,0,10965,100,12188,0,41,21,0
48390709027900,1400,0,0,0,0,0,0,0,0,0,0,0,0,0,0,0,0,0,0,0,0,0,0,0,0,0,0,0,0,0,0,0,0,0,0,0,0,0,0,0,0,524288,1048576,1048576,41,262144,524288,524288,41,524288,524288,524288,41,2048,2048,2048,41,128,128,256,41,64,512,1024,1260,64,512,1024,2160,0,0,0,0,0,0,0,0,0,0,0,0,0,0,0,0,256,1024,1024,1008,256,512,1024,1008,64,512,512,16227,64,512,512,522,0,256,512,2283,0,0,0,0,0,0,0,0,0,0,0,0,0,0,0,0,0,0,0,0,0,0,0,0,64,128,128,20,128,256,256,20,9.14,8.63,0.51,0,0,0,0,40,39,100,0,0,0,0,0,0,0,0,0,0,0,0,0,0,0,0,0,0,0,0,0,0,0,0,131072,262144,262144,262144,262144,40,131072,262144,262144,262144,262144,39,131072,262144,262144,262144,262144,100,0,0,0,0,0,0,0,0,0,0,0,0,0,0,0,0,0,0,0,0,0,0,0,0,0,0,0,0,0,0,0,0,10098,100,10744,0,41,20,0
48391730661600,1300,0,0,0,0,0,0,0,0,0,0,0,0,0,0,0,0,0,0,0,0,0,0,0,0,0,0,0,0,0,0,0,0,0,0,0,0,0,0,0,0,524288,1048576,1048576,41,262144,524288,524288,41,262144,524288,524288,41,1024,2048,2048,41,128,128,128,41,64,512,512,1116,64,512,1024,2016,0,0,0,0,0,0,0,0,0,0,0,0,0,0,0,0,256,1024,1024,975,256,512,1024,975,64,512,512,16137,64,256,512,567,0,256,512,2379,0,0,0,0,0,0,0,0,0,0,0,0,0,0,0,0,0,0,0,0,0,0,0,0,64,128,128,21,64,128,256,21,9.06,8.67,0.38,0,0,0,0,26,29,100,0,0,0,0,0,0,0,0,0,0,0,0,0,0,0,0,0,0,0,0,0,0,0,0,131072,262144,262144,262144,262144,26,131072,131072,131072,131072,262144,29,131072,262144,262144,262144,262144,100,0,0,0,0,0,0,0,0,0,0,0,0,0,0,0,0,0,0,0,0,0,0,0,0,0,0,0,0,0,0,0,0,9620,100,10394,0,41,21,0
48392751800500,1200,0,0,0,0,0,0,0,0,0,0,0,0,0,0,0,0,0,0,0,0,0,0,0,0,0,0,0,0,0,0,0,0,0,0,0,0,0,0,0,0,524288,1048576,1048576,41,262144,262144,262144,41,262144,524288,524288,41,1024,2048,2048,41,128,128,128,41,64,512,512,1061,64,512,512,1961,0,0,0,0,0,0,0,0,0,0,0,0,0,0,0,0,256,1024,1024,1044,128,512,512,1044,64,256,512,15246,64,256,512,540,64,256,512,2256,0,0,0,0,0,0,0,0,0,0,0,0,0,0,0,0,0,0,0,0,0,0,0,0,128,128,128,20,64,128,128,20,9.05,8.54,0.51,0,0,0,0,26,29,100,0,0,0,0,0,0,0,0,0,0,0,0,0,0,0,0,0,0,0,0,0,0,0,0,131072,131072,262144,262144,262144,26,131072,131072,131072,131072,131072,29,131072,262144,262144,262144,262144,100,0,0,0,0,0,0,0,0,0,0,0,0,0,0,0,0,0,0,0,0,0,0,0,0,0,0,0,0,0,0,0,0,8328,100,9571,0,41,20,0
48393770677000,1100,0,0,0,0,0,0,0,0,0,0,0,0,0,0,0,0,0,0,0,0,0,0,0,0,0,0,0,0,0,0,0,0,0,0,0,0,0,0,0,0,524288,524288,524288,41,262144,262144,262144,41,262144,524288,524288,41,1024,2048,2048,41,128,128,128,41,64,512,512,999,64,512,512,1899,0,0,0,0,0,0,0,0,0,0,0,0,0,0,0,0,256,1024,1024,998,128,512,512,998,64,256,512,13662,64,256,512,531,0,256,512,2460,0,0,0,0,0,0,0,0,0,0,0,0,0,0,0,0,0,0,0,0,0,0,0,0,128,128,128,21,64,128,128,21,8.43,8.18,0.26,0,0,0,0,24,36,100,0,0,0,0,0,0,0,0,0,0,0,0,0,0,0,0,0,0,0,0,0,0,0,0,131072,131072,131072,131072,262144,24,65536,131072,131072,131072,262144,36,131072,262144,262144,262144,262144,100,0,0,0,0,0,0,0,0,0,0,0,0,0,0,0,0,0,0,0,0,0,0,0,0,0,0,0,0,0,0,0,0,7681,100,8209,0,41,21,0
48394792349400,1000,0,0,0,0,0,0,0,0,0,0,0,0,0,0,0,0,0,0,0,0,0,0,0,0,0,0,0,0,0,0,0,0,0,0,0,0,0,0,0,0,524288,524288,524288,41,131072,262144,262144,41,262144,524288,524288,41,1024,2048,2048,41,128,128,128,41,64,512,512,960,64,512,512,1860,0,0,0,0,0,0,0,0,0,0,0,0,0,0,0,0,256,1024,1024,873,128,512,512,873,64,256,512,13374,64,256,512,423,0,256,512,2517,0,0,0,0,0,0,0,0,0,0,0,0,0,0,0,0,0,0,0,0,0,0,0,0,128,256,256,20,64,256,256,20,8.67,8.42,0.26,0,0,0,0,27,34,100,0,0,0,0,0,0,0,0,0,0,0,0,0,0,0,0,0,0,0,0,0,0,0,0,131072,262144,262144,262144,262144,27,131072,131072,131072,131072,131072,34,131072,262144,262144,262144,262144,100,0,0,0,0,0,0,0,0,0,0,0,0,0,0,0,0,0,0,0,0,0,0,0,0,0,0,0,0,0,0,0,0,7051,100,8072,0,41,20,0
48395811431500,900,0,0,0,0,0,0,0,0,0,0,0,0,0,0,0,0,0,0,0,0,0,0,0,0,0,0,0,0,0,0,0,0,0,0,0,0,0,0,0,0,524288,524288,524288,41,131072,262144,262144,41,262144,524288,524288,41,1024,2048,2048,41,128,128,256,41,64,512,512,777,64,512,1024,1677,0,0,0,0,0,0,0,0,0,0,0,0,0,0,0,0,128,1024,1024,846,64,512,512,846,64,256,512,11808,64,256,512,315,0,256,512,2394,0,0,0,0,0,0,0,0,0,0,0,0,0,0,0,0,0,0,0,0,0,0,0,0,128,128,128,21,128,128,128,21,9.20,8.43,0.77,0,0,0,0,16,10,100,0,0,0,0,0,0,0,0,0,0,0,0,0,0,0,0,0,0,0,0,0,0,0,0,131072,262144,262144,262144,262144,16,131072,131072,131072,131072,131072,10,131072,262144,262144,262144,262144,100,0,0,0,0,0,0,0,0,0,0,0,0,0,0,0,0,0,0,0,0,0,0,0,0,0,0,0,0,0,0,0,0,6261,100,6927,0,41,21,0
48396833074700,800,0,0,0,0,0,0,0,0,0,0,0,0,0,0,0,0,0,0,0,0,0,0,0,0,0,0,0,0,0,0,0,0,0,0,0,0,0,0,0,0,524288,524288,524288,40,131072,262144,262144,40,262144,524288,524288,40,1024,2048,2048,40,128,128,128,40,64,512,512,659,64,512,512,1559,0,0,0,0,0,0,0,0,0,0,0,0,0,0,0,0,128,512,1024,935,64,512,512,935,64,256,512,11538,64,256,256,459,0,256,256,2310,0,0,0,0,0,0,0,0,0,0,0,0,0,0,0,0,0,0,0,0,0,0,0,0,128,128,128,20,64,128,128,20,8.66,8.28,0.38,0,0,0,0,21,23,100,0,0,0,0,0,0,0,0,0,0,0,0,0,0,0,0,0,0,0,0,0,0,0,0,131072,131072,131072,131072,131072,21,131072,131072,131072,131072,131072,23,131072,262144,262144,262144,262144,100,0,0,0,0,0,0,0,0,0,0,0,0,0,0,0,0,0,0,0,0,0,0,0,0,0,0,0,0,0,0,0,0,5769,100,6640,0,40,20,0
48397851409100,700,0,0,0,0,0,0,0,0,0,0,0,0,0,0,0,0,0,0,0,0,0,0,0,0,0,0,0,0,0,0,0,0,0,0,0,0,0,0,0,0,524288,524288,524288,41,131072,262144,262144,41,262144,524288,524288,41,512,2048,2048,41,128,128,128,41,64,512,512,627,64,512,512,1527,0,0,0,0,0,0,0,0,0,0,0,0,0,0,0,0,128,512,1024,969,64,512,512,969,64,256,512,11466,64,256,512,387,0,256,512,2373,0,0,0,0,0,0,0,0,0,0,0,0,0,0,0,0,0,0,0,0,0,0,0,0,128,128,128,20,64,256,256,20,8.44,8.44,0.00,0,0,0,0,13,22,100,0,0,0,0,0,0,0,0,0,0,0,0,0,0,0,0,0,0,0,0,0,0,0,0,131072,131072,131072,131072,131072,13,131072,131072,131072,131072,262144,22,131072,262144,262144,262144,262144,100,0,0,0,0,0,0,0,0,0,0,0,0,0,0,0,0,0,0,0,0,0,0,0,0,0,0,0,0,0,0,0,0,5368,100,6164,0,41,20,0
48398874104500,600,0,0,0,0,0,0,0,0,0,0,0,0,0,0,0,0,0,0,0,0,0,0,0,0,0,0,0,0,0,0,0,0,0,0,0,0,0,0,0,0,524288,524288,524288,41,131072,131072,131072,41,262144,524288,524288,41,1024,2048,2048,41,128,128,128,41,64,512,512,579,64,512,512,1479,0,0,0,0,0,0,0,0,0,0,0,0,0,0,0,0,128,512,1024,909,64,512,512,909,64,256,512,10701,64,256,512,369,0,256,256,2349,0,0,0,0,0,0,0,0,0,0,0,0,0,0,0,0,0,0,0,0,0,0,0,0,128,128,128,21,64,256,256,21,8.79,8.54,0.25,0,0,0,0,13,12,100,0,0,0,0,0,0,0,0,0,0,0,0,0,0,0,0,0,0,0,0,0,0,0,0,131072,262144,262144,262144,262144,13,131072,131072,131072,131072,131072,12,65536,262144,262144,262144,262144,100,0,0,0,0,0,0,0,0,0,0,0,0,0,0,0,0,0,0,0,0,0,0,0,0,0,0,0,0,0,0,0,0,4586,100,5254,0,41,21,0
48399892964400,500,0,0,0,0,0,0,0,0,0,0,0,0,0,0,0,0,0,0,0,0,0,0,0,0,0,0,0,0,0,0,0,0,0,0,0,0,0,0,0,0,262144,524288,524288,41,65536,131072,131072,41,262144,262144,262144,41,1024,2048,2048,41,128,128,128,41,0,512,512,465,64,512,512,1365,0,0,0,0,0,0,0,0,0,0,0,0,0,0,0,0,128,512,1024,908,64,256,512,908,64,256,512,9792,64,256,512,252,0,256,256,2316,0,0,0,0,0,0,0,0,0,0,0,0,0,0,0,0,0,0,0,0,0,0,0,0,64,128,128,20,64,128,128,20,8.56,8.30,0.26,0,0,0,0,10,18,100,0,0,0,0,0,0,0,0,0,0,0,0,0,0,0,0,0,0,0,0,0,0,0,0,131072,262144,262144,262144,262144,10,131072,131072,131072,131072,131072,18,131072,262144,262144,262144,262144,100,0,0,0,0,0,0,0,0,0,0,0,0,0,0,0,0,0,0,0,0,0,0,0,0,0,0,0,0,0,0,0,0,3469,100,4176,0,41,20,0
48400914515500,400,0,0,0,0,0,0,0,0,0,0,0,0,0,0,0,0,0,0,0,0,0,0,0,0,0,0,0,0,0,0,0,0,0,0,0,0,0,0,0,0,262144,524288,524288,41,65536,131072,131072,41,262144,262144,262144,41,1024,2048,2048,41,128,128,256,41,64,512,512,390,64,512,1024,1290,0,0,0,0,0,0,0,0,0,0,0,0,0,0,0,0,128,512,1024,858,64,256,512,858,64,256,512,9351,64,256,512,405,0,128,256,2277,0,0,0,0,0,0,0,0,0,0,0,0,0,0,0,0,0,0,0,0,0,0,0,0,128,128,128,21,64,128,128,21,8.29,8.29,0.00,0,0,0,0,8,10,100,0,0,0,0,0,0,0,0,0,0,0,0,0,0,0,0,0,0,0,0,0,0,0,0,131072,131072,131072,131072,262144,8,131072,131072,131072,131072,131072,10,131072,262144,262144,262144,262144,100,0,0,0,0,0,0,0,0,0,0,0,0,0,0,0,0,0,0,0,0,0,0,0,0,0,0,0,0,0,0,0,0,2883,100,3614,0,41,21,0
48401933175700,300,0,0,0,0,0,0,0,0,0,0,0,0,0,0,0,0,0,0,0,0,0,0,0,0,0,0,0,0,0,0,0,0,0,0,0,0,0,0,0,0,262144,524288,524288,40,65536,65536,65536,40,262144,262144,262144,40,512,2048,2048,40,128,128,128,40,64,512,1024,276,0,256,512,1176,0,0,0,0,0,0,0,0,0,0,0,0,0,0,0,0,128,512,1024,792,64,256,512,792,0,256,256,8262,0,256,256,297,0,256,256,2274,0,0,0,0,0,0,0,0,0,0,0,0,0,0,0,0,0,0,0,0,0,0,0,0,128,128,128,20,64,128,128,20,8.30,8.30,0.00,0,0,0,0,6,6,100,0,0,0,0,0,0,0,0,0,0,0,0,0,0,0,0,0,0,0,0,0,0,0,0,131072,131072,131072,131072,131072,6,131072,131072,131072,131072,262144,6,131072,262144,262144,262144,262144,100,0,0,0,0,0,0,0,0,0,0,0,0,0,0,0,0,0,0,0,0,0,0,0,0,0,0,0,0,0,0,0,0,2201,100,2799,0,40,20,0
48402955479100,200,0,0,0,0,0,0,0,0,0,0,0,0,0,0,0,0,0,0,0,0,0,0,0,0,0,0,0,0,0,0,0,0,0,0,0,0,0,0,0,0,262144,262144,262144,41,32768,65536,65536,41,262144,262144,262144,41,512,2048,2048,41,128,128,128,41,0,512,512,252,0,256,512,1152,0,0,0,0,0,0,0,0,0,0,0,0,0,0,0,0,128,512,512,852,64,256,512,852,0,256,256,6570,0,256,256,288,0,64,256,2268,0,0,0,0,0,0,0,0,0,0,0,0,0,0,0,0,0,0,0,0,0,0,0,0,128,128,128,20,64,128,128,20,8.66,8.41,0.25,0,0,0,0,9,1,100,0,0,0,0,0,0,0,0,0,0,0,0,0,0,0,0,0,0,0,0,0,0,0,0,131072,262144,262144,262144,262144,9,0,0,0,0,131072,1,131072,262144,262144,262144,262144,100,0,0,0,0,0,0,0,0,0,0,0,0,0,0,0,0,0,0,0,0,0,0,0,0,0,0,0,0,0,0,0,0,1396,100,1985,0,41,20,0
48403975807200,100,0,0,0,0,0,0,0,0,0,0,0,0,0,0,0,0,0,0,0,0,0,0,0,0,0,0,0,0,0,0,0,0,0,0,0,0,0,0,0,0,262144,262144,262144,41,32768,65536,65536,41,262144,262144,262144,41,1024,2048,2048,41,128,128,256,41,0,256,512,117,0,256,512,1017,0,0,0,0,0,0,0,0,0,0,0,0,0,0,0,0,128,512,512,810,64,256,512,810,0,256,512,5643,0,256,256,207,0,64,256,2193,0,0,0,0,0,0,0,0,0,0,0,0,0,0,0,0,0,0,0,0,0,0,0,0,128,128,128,21,64,256,256,21,8.42,8.30,0.13,0,0,0,0,2,4,100,0,0,0,0,0,0,0,0,0,0,0,0,0,0,0,0,0,0,0,0,0,0,0,0,65536,65536,65536,65536,131072,2,131072,262144,262144,262144,262144,4,131072,262144,262144,262144,524288,100,0,0,0,0,0,0,0,0,0,0,0,0,0,0,0,0,0,0,0,0,0,0,0,0,0,0,0,0,0,0,0,0,826,100,1375,0,41,21,0
48404995606500,0,0,0,0,0,0,0,0,0,0,0,0,0,0,0,0,0,0,0,0,0,0,0,0,0,0,0,0,0,0,0,0,0,0,0,0,0,0,0,0,0,262144,262144,262144,41,8192,32768,32768,41,262144,262144,262144,41,512,2048,2048,41,128,128,128,41,0,256,512,51,0,128,512,951,0,0,0,0,0,0,0,0,0,0,0,0,0,0,0,0,128,256,512,774,64,256,512,774,0,64,256,4932,0,128,256,198,0,64,256,2265,0,0,0,0,0,0,0,0,0,0,0,0,0,0,0,0,0,0,0,0,0,0,0,0,128,128,128,20,64,256,256,20,8.30,8.30,0.00,0,0,0,0,3,2,100,0,0,0,0,0,0,0,0,0,0,0,0,0,0,0,0,0,0,0,0,0,0,0,0,131072,262144,262144,262144,262144,3,65536,65536,65536,65536,262144,2,131072,262144,262144,262144,262144,100,0,0,0,0,0,0,0,0,0,0,0,0,0,0,0,0,0,0,0,0,0,0,0,0,0,0,0,0,0,0,0,0,274,100,844,0,41,20,0
48406015469800,0,0,0,0,0,0,0,0,0,0,0,0,0,0,0,0,0,0,0,0,0,0,0,0,0,0,0,0,0,0,0,0,0,0,0,0,0,0,0,0,0,262144,262144,262144,41,256,256,256,41,262144,262144,262144,41,512,2048,4096,41,128,128,128,41,0,0,0,0,0,0,0,0,0,0,0,0,0,0,0,0,0,0,0,0,0,0,0,0,128,256,256,744,64,128,256,744,0,64,64,4068,0,64,64,108,0,64,64,2268,0,0,0,0,0,0,0,0,0,0,0,0,0,0,0,0,0,0,0,0,0,0,0,0,128,128,128,21,64,256,256,21,8.55,8.42,0.13,0,0,0,0,0,0,0,0,0,0,0,0,0,0,0,0,0,0,0,0,0,0,0,0,0,0,0,0,0,0,0,0,0,0,0,0,0,0,0,0,0,0,0,0,0,0,0,0,0,0,0,0,0,0,0,0,0,0,0,0,0,0,0,0,0,0,0,0,0,0,0,0,0,0,0,0,0,0,0,0,0,0,0,0,0,41,21,0
48407036874000,0,0,0,0,0,0,0,0,0,0,0,0,0,0,0,0,0,0,0,0,0,0,0,0,0,0,0,0,0,0,0,0,0,0,0,0,0,0,0,0,0,262144,262144,262144,41,256,512,8192,41,262144,262144,262144,41,512,2048,4096,41,128,256,512,41,0,0,0,0,0,0,0,0,0,0,0,0,0,0,0,0,0,0,0,0,0,0,0,0,128,256,512,723,64,128,512,723,0,64,64,3627,0,0,0,0,0,64,64,2070,0,0,0,0,0,0,0,0,0,0,0,0,0,0,0,0,0,0,0,0,0,0,0,0,128,128,128,20,128,256,256,20,8.42,8.29,0.13,0,0,0,0,0,0,0,0,0,0,0,0,0,0,0,0,0,0,0,0,0,0,0,0,0,0,0,0,0,0,0,0,0,0,0,0,0,0,0,0,0,0,0,0,0,0,0,0,0,0,0,0,0,0,0,0,0,0,0,0,0,0,0,0,0,0,0,0,0,0,0,0,0,0,0,0,0,0,0,0,0,0,0,0,0,41,20,0
48408056800100,0,0,0,0,0,0,0,0,0,0,0,0,0,0,0,0,0,0,0,0,0,0,0,0,0,0,0,0,0,0,0,0,0,0,0,0,0,0,0,0,0,262144,262144,262144,40,256,256,256,40,262144,262144,262144,40,512,4096,4096,40,128,256,256,40,0,0,0,0,0,0,0,0,0,0,0,0,0,0,0,0,0,0,0,0,0,0,0,0,128,256,256,809,64,128,256,809,0,64,64,4023,0,0,0,0,0,64,64,2013,0,0,0,0,0,0,0,0,0,0,0,0,0,0,0,0,0,0,0,0,0,0,0,0,128,128,128,20,64,256,256,20,8.30,8.30,0.00,0,0,0,0,0,0,0,0,0,0,0,0,0,0,0,0,0,0,0,0,0,0,0,0,0,0,0,0,0,0,0,0,0,0,0,0,0,0,0,0,0,0,0,0,0,0,0,0,0,0,0,0,0,0,0,0,0,0,0,0,0,0,0,0,0,0,0,0,0,0,0,0,0,0,0,0,0,0,0,0,0,0,0,0,0,40,20,0
48409077623700,0,0,0,0,0,0,0,0,0,0,0,0,0,0,0,0,0,0,0,0,0,0,0,0,0,0,0,0,0,0,0,0,0,0,0,0,0,0,0,0,0,262144,262144,262144,41,256,256,256,41,262144,262144,262144,41,512,2048,4096,41,128,256,256,41,0,0,0,0,0,0,0,0,0,0,0,0,0,0,0,0,0,0,0,0,0,0,0,0,128,128,512,885,64,128,512,885,0,64,64,4167,0,0,0,0,0,64,64,1902,0,0,0,0,0,0,0,0,0,0,0,0,0,0,0,0,0,0,0,0,0,0,0,0,64,256,256,21,128,256,256,21,8.54,8.42,0.13,0,0,0,0,0,0,0,0,0,0,0,0,0,0,0,0,0,0,0,0,0,0,0,0,0,0,0,0,0,0,0,0,0,0,0,0,0,0,0,0,0,0,0,0,0,0,0,0,0,0,0,0,0,0,0,0,0,0,0,0,0,0,0,0,0,0,0,0,0,0,0,0,0,0,0,0,0,0,0,0,0,0,0,0,0,41,21,0
48410102485800,0,0,0,0,0,0,0,0,0,0,0,0,0,0,0,0,0,0,0,0,0,0,0,0,0,0,0,0,0,0,0,0,0,0,0,0,0,0,0,0,0,262144,262144,262144,41,256,256,256,41,262144,262144,262144,41,2048,4096,4096,41,128,256,256,41,0,0,0,0,0,0,0,0,0,0,0,0,0,0,0,0,0,0,0,0,0,0,0,0,64,256,512,792,64,128,1024,792,0,64,64,3699,0,0,0,0,0,64,64,1794,0,0,0,0,0,0,0,0,0,0,0,0,0,0,0,0,0,0,0,0,0,0,0,0,128,256,256,20,128,256,256,20,8.39,8.26,0.13,0,0,0,0,0,0,0,0,0,0,0,0,0,0,0,0,0,0,0,0,0,0,0,0,0,0,0,0,0,0,0,0,0,0,0,0,0,0,0,0,0,0,0,0,0,0,0,0,0,0,0,0,0,0,0,0,0,0,0,0,0,0,0,0,0,0,0,0,0,0,0,0,0,0,0,0,0,0,0,0,0,0,0,0,0,41,20,0
48411118374700,0,0,0,0,0,0,0,0,0,0,0,0,0,0,0,0,0,0,0,0,0,0,0,0,0,0,0,0,0,0,0,0,0,0,0,0,0,0,0,0,0,262144,262144,262144,41,256,256,256,41,262144,262144,262144,41,1024,2048,2048,41,128,128,128,41,0,0,0,0,0,0,0,0,0,0,0,0,0,0,0,0,0,0,0,0,0,0,0,0,64,256,256,705,64,128,256,705,0,64,64,4167,0,0,0,0,0,64,64,1599,0,0,0,0,0,0,0,0,0,0,0,0,0,0,0,0,0,0,0,0,0,0,0,0,128,128,128,21,128,256,256,21,8.33,8.33,0.00,0,0,0,0,0,0,0,0,0,0,0,0,0,0,0,0,0,0,0,0,0,0,0,0,0,0,0,0,0,0,0,0,0,0,0,0,0,0,0,0,0,0,0,0,0,0,0,0,0,0,0,0,0,0,0,0,0,0,0,0,0,0,0,0,0,0,0,0,0,0,0,0,0,0,0,0,0,0,0,0,0,0,0,1,0,41,21,0
48412139052100,0,0,0,0,0,0,0,0,0,0,0,0,0,0,0,0,0,0,0,0,0,0,0,0,0,0,0,0,0,0,0,0,0,0,0,0,0,0,0,0,0,262144,262144,262144,41,256,256,256,41,262144,262144,262144,41,1024,2048,4096,41,128,128,256,41,0,0,0,0,0,0,0,0,0,0,0,0,0,0,0,0,0,0,0,0,0,0,0,0,64,128,512,819,64,128,256,819,0,64,64,4482,0,0,0,0,0,64,64,1686,0,0,0,0,0,0,0,0,0,0,0,0,0,0,0,0,0,0,0,0,0,0,0,0,64,256,256,20,128,256,256,20,8.55,8.42,0.13,0,0,0,0,0,0,0,0,0,0,0,0,0,0,0,0,0,0,0,0,0,0,0,0,0,0,0,0,0,0,0,0,0,0,0,0,0,0,0,0,0,0,0,0,0,0,0,0,0,0,0,0,0,0,0,0,0,0,0,0,0,0,0,0,0,0,0,0,0,0,0,0,0,0,0,0,0,0,0,0,0,0,0,0,0,41,20,0
48413158450100,0,0,0,0,0,0,0,0,0,0,0,0,0,0,0,0,0,0,0,0,0,0,0,0,0,0,0,0,0,0,0,0,0,0,0,0,0,0,0,0,0,262144,262144,262144,40,256,512,512,40,262144,262144,262144,40,2048,4096,4096,40,128,256,256,40,0,0,0,0,0,0,0,0,0,0,0,0,0,0,0,0,0,0,0,0,0,0,0,0,128,256,512,885,64,128,1024,885,0,64,64,4068,0,0,0,0,0,64,64,1323,0,0,0,0,0,0,0,0,0,0,0,0,0,0,0,0,0,0,0,0,0,0,0,0,128,256,256,20,256,256,256,20,8.43,8.30,0.13,0,0,0,0,0,0,0,0,0,0,0,0,0,0,0,0,0,0,0,0,0,0,0,0,0,0,0,0,0,0,0,0,0,0,0,0,0,0,0,0,0,0,0,0,0,0,0,0,0,0,0,0,0,0,0,0,0,0,0,0,0,0,0,0,0,0,0,0,0,0,0,0,0,0,0,0,0,0,0,0,0,0,0,0,0,40,20,0
48414178900100,0,0,0,0,0,0,0,0,0,0,0,0,0,0,0,0,0,0,0,0,0,0,0,0,0,0,0,0,0,0,0,0,0,0,0,0,0,0,0,0,0,262144,262144,524288,41,256,512,512,41,262144,262144,524288,41,2048,4096,4096,41,128,256,256,41,0,0,0,0,0,0,0,0,0,0,0,0,0,0,0,0,0,0,0,0,0,0,0,0,64,256,512,852,64,128,512,852,0,64,64,4050,0,0,0,0,0,64,64,1245,0,0,0,0,0,0,0,0,0,0,0,0,0,0,0,0,0,0,0,0,0,0,0,0,128,256,256,21,256,256,256,21,8.30,8.30,0.00,0,0,0,0,0,0,0,0,0,0,0,0,0,0,0,0,0,0,0,0,0,0,0,0,0,0,0,0,0,0,0,0,0,0,0,0,0,0,0,0,0,0,0,0,0,0,0,0,0,0,0,0,0,0,0,0,0,0,0,0,0,0,0,0,0,0,0,0,0,0,0,0,0,0,0,0,0,0,0,0,0,0,0,0,0,41,21,0
48415199251800,0,0,0,0,0,0,0,0,0,0,0,0,0,0,0,0,0,0,0,0,0,0,0,0,0,0,0,0,0,0,0,0,0,0,0,0,0,0,0,0,0,262144,262144,262144,41,256,256,256,41,262144,262144,262144,41,2048,4096,4096,41,128,256,512,41,0,0,0,0,0,0,0,0,0,0,0,0,0,0,0,0,0,0,0,0,0,0,0,0,64,256,512,833,64,128,512,833,0,64,64,4329,0,0,0,0,0,64,64,1383,0,0,0,0,0,0,0,0,0,0,0,0,0,0,0,0,0,0,0,0,0,0,0,0,128,256,256,20,256,256,256,20,8.30,8.30,0.00,0,0,0,0,0,0,0,0,0,0,0,0,0,0,0,0,0,0,0,0,0,0,0,0,0,0,0,0,0,0,0,0,0,0,0,0,0,0,0,0,0,0,0,0,0,0,0,0,0,0,0,0,0,0,0,0,0,0,0,0,0,0,0,0,0,0,0,0,0,0,0,0,0,0,0,0,0,0,0,0,0,0,0,0,0,41,20,0
48416220129900,0,0,0,0,0,0,0,0,0,0,0,0,0,0,0,0,0,0,0,0,0,0,0,0,0,0,0,0,0,0,0,0,0,0,0,0,0,0,0,0,0,262144,262144,262144,41,256,256,256,41,262144,262144,262144,41,2048,4096,4096,41,128,128,256,41,0,0,0,0,0,0,0,0,0,0,0,0,0,0,0,0,0,0,0,0,0,0,0,0,64,256,512,838,64,128,1024,838,0,64,64,4653,0,0,0,0,0,64,64,981,0,0,0,0,0,0,0,0,0,0,0,0,0,0,0,0,0,0,0,0,0,0,0,0,128,256,256,21,256,256,256,21,8.54,8.42,0.13,0,0,0,0,0,0,0,0,0,0,0,0,0,0,0,0,0,0,0,0,0,0,0,0,0,0,0,0,0,0,0,0,0,0,0,0,0,0,0,0,0,0,0,0,0,0,0,0,0,0,0,0,0,0,0,0,0,0,0,0,0,0,0,0,0,0,0,0,0,0,0,0,0,0,0,0,0,0,0,0,0,0,0,1,0,41,21,0
48417242515500,0,0,0,0,0,0,0,0,0,0,0,0,0,0,0,0,0,0,0,0,0,0,0,0,0,0,0,0,0,0,0,0,0,0,0,0,0,0,0,0,0,262144,262144,262144,41,256,256,512,41,262144,262144,262144,41,1024,2048,4096,41,128,256,256,41,0,0,0,0,0,0,0,0,0,0,0,0,0,0,0,0,0,0,0,0,0,0,0,0,64,256,512,930,64,128,512,930,0,64,64,3951,0,0,0,0,0,64,64,960,0,0,0,0,0,0,0,0,0,0,0,0,0,0,0,0,0,0,0,0,0,0,0,0,128,128,128,20,256,256,256,20,8.40,8.28,0.13,0,0,0,0,0,0,0,0,0,0,0,0,0,0,0,0,0,0,0,0,0,0,0,0,0,0,0,0,0,0,0,0,0,0,0,0,0,0,0,0,0,0,0,0,0,0,0,0,0,0,0,0,0,0,0,0,0,0,0,0,0,0,0,0,0,0,0,0,0,0,0,0,0,0,0,0,0,0,0,0,0,0,0,1,0,41,20,0
48418263853400,0,0,0,0,0,0,0,0,0,0,0,0,0,0,0,0,0,0,0,0,0,0,0,0,0,0,0,0,0,0,0,0,0,0,0,0,0,0,0,0,0,262144,262144,262144,41,256,512,512,41,262144,262144,262144,41,4096,4096,4096,41,128,256,256,41,0,0,0,0,0,0,0,0,0,0,0,0,0,0,0,0,0,0,0,0,0,0,0,0,64,256,512,888,64,128,1024,888,0,64,64,4410,0,0,0,0,0,64,64,957,0,0,0,0,0,0,0,0,0,0,0,0,0,0,0,0,0,0,0,0,0,0,0,0,128,256,256,21,256,256,256,21,8.55,8.42,0.13,0,0,0,0,0,0,0,0,0,0,0,0,0,0,0,0,0,0,0,0,0,0,0,0,0,0,0,0,0,0,0,0,0,0,0,0,0,0,0,0,0,0,0,0,0,0,0,0,0,0,0,0,0,0,0,0,0,0,0,0,0,0,0,0,0,0,0,0,0,0,0,0,0,0,0,0,0,0,0,0,0,0,0,18,0,41,21,0
48419280630000,0,0,0,0,0,0,0,0,0,0,0,0,0,0,0,0,0,0,0,0,0,0,0,0,0,0,0,0,0,0,0,0,0,0,0,0,0,0,0,0,0,262144,262144,262144,40,256,256,512,40,262144,262144,262144,40,512,2048,4096,40,128,128,256,40,0,0,0,0,0,0,0,0,0,0,0,0,0,0,0,0,0,0,0,0,0,0,0,0,128,256,256,843,64,128,256,843,0,64,64,4455,0,0,0,0,0,64,64,702,0,0,0,0,0,0,0,0,0,0,0,0,0,0,0,0,0,0,0,0,0,0,0,0,128,128,128,20,128,256,256,20,8.45,8.32,0.13,0,0,0,0,0,0,0,0,0,0,0,0,0,0,0,0,0,0,0,0,0,0,0,0,0,0,0,0,0,0,0,0,0,0,0,0,0,0,0,0,0,0,0,0,0,0,0,0,0,0,0,0,0,0,0,0,0,0,0,0,0,0,0,0,0,0,0,0,0,0,0,0,0,0,0,0,0,0,0,0,0,0,0,21,0,40,20,0
48420302578600,0,0,0,0,0,0,0,0,0,0,0,0,0,0,0,0,0,0,0,0,0,0,0,0,0,0,0,0,0,0,0,0,0,0,0,0,0,0,0,0,0,262144,262144,262144,41,256,512,512,41,262144,262144,262144,41,1024,4096,4096,41,128,256,256,41,0,0,0,0,0,0,0,0,0,0,0,0,0,0,0,0,0,0,0,0,0,0,0,0,128,256,512,846,64,128,512,846,0,64,64,4077,0,0,0,0,0,64,64,558,0,0,0,0,0,0,0,0,0,0,0,0,0,0,0,0,0,0,0,0,0,0,0,0,128,256,256,20,128,256,256,20,8.42,8.29,0.13,0,0,0,0,0,0,0,0,0,0,0,0,0,0,0,0,0,0,0,0,0,0,0,0,0,0,0,0,0,0,0,0,0,0,0,0,0,0,0,0,0,0,0,0,0,0,0,0,0,0,0,0,0,0,0,0,0,0,0,0,0,0,0,0,0,0,0,0,0,0,0,0,0,0,0,0,0,0,0,0,0,0,0,4,0,41,20,0
48421321396200,0,0,0,0,0,0,0,0,0,0,0,0,0,0,0,0,0,0,0,0,0,0,0,0,0,0,0,0,0,0,0,0,0,0,0,0,0,0,0,0,0,262144,262144,262144,41,256,256,256,41,262144,262144,262144,41,1024,4096,4096,41,128,256,256,41,0,0,0,0,0,0,0,0,0,0,0,0,0,0,0,0,0,0,0,0,0,0,0,0,128,256,512,809,64,128,512,809,0,64,64,4401,0,0,0,0,0,64,64,591,0,0,0,0,0,0,0,0,0,0,0,0,0,0,0,0,0,0,0,0,0,0,0,0,128,128,128,21,128,256,256,21,8.30,8.30,0.00,0,0,0,0,0,0,0,0,0,0,0,0,0,0,0,0,0,0,0,0,0,0,0,0,0,0,0,0,0,0,0,0,0,0,0,0,0,0,0,0,0,0,0,0,0,0,0,0,0,0,0,0,0,0,0,0,0,0,0,0,0,0,0,0,0,0,0,0,0,0,0,0,0,0,0,0,0,0,0,0,0,0,0,0,0,41,21,0
48422340955300,0,0,0,0,0,0,0,0,0,0,0,0,0,0,0,0,0,0,0,0,0,0,0,0,0,0,0,0,0,0,0,0,0,0,0,0,0,0,0,0,0,262144,262144,262144,41,256,256,512,41,262144,262144,262144,41,1024,4096,4096,41,128,128,256,41,0,0,0,0,0,0,0,0,0,0,0,0,0,0,0,0,0,0,0,0,0,0,0,0,128,256,512,894,64,128,512,894,0,64,64,4590,0,0,0,0,0,64,64,444,0,0,0,0,0,0,0,0,0,0,0,0,0,0,0,0,0,0,0,0,0,0,0,0,128,256,256,20,128,256,256,20,8.30,8.30,0.00,0,0,0,0,0,0,0,0,0,0,0,0,0,0,0,0,0,0,0,0,0,0,0,0,0,0,0,0,0,0,0,0,0,0,0,0,0,0,0,0,0,0,0,0,0,0,0,0,0,0,0,0,0,0,0,0,0,0,0,0,0,0,0,0,0,0,0,0,0,0,0,0,0,0,0,0,0,0,0,0,0,0,0,0,0,41,20,0
48423361810400,0,0,0,0,0,0,0,0,0,0,0,0,0,0,0,0,0,0,0,0,0,0,0,0,0,0,0,0,0,0,0,0,0,0,0,0,0,0,0,0,0,262144,262144,262144,41,256,256,256,41,262144,262144,262144,41,512,2048,2048,41,128,256,256,41,0,0,0,0,0,0,0,0,0,0,0,0,0,0,0,0,0,0,0,0,0,0,0,0,128,128,256,981,64,128,512,981,0,64,64,4581,0,0,0,0,0,64,64,300,0,0,0,0,0,0,0,0,0,0,0,0,0,0,0,0,0,0,0,0,0,0,0,0,128,128,128,21,64,128,128,21,8.67,8.42,0.26,0,0,0,0,0,0,0,0,0,0,0,0,0,0,0,0,0,0,0,0,0,0,0,0,0,0,0,0,0,0,0,0,0,0,0,0,0,0,0,0,0,0,0,0,0,0,0,0,0,0,0,0,0,0,0,0,0,0,0,0,0,0,0,0,0,0,0,0,0,0,0,0,0,0,0,0,0,0,0,0,0,0,0,0,0,41,21,0
48424383262100,0,0,0,0,0,0,0,0,0,0,0,0,0,0,0,0,0,0,0,0,0,0,0,0,0,0,0,0,0,0,0,0,0,0,0,0,0,0,0,0,0,262144,262144,262144,40,256,256,256,40,262144,262144,262144,40,1024,2048,2048,40,128,128,256,40,0,0,0,0,0,0,0,0,0,0,0,0,0,0,0,0,0,0,0,0,0,0,0,0,128,256,256,864,64,128,256,864,0,64,64,4086,0,0,0,0,0,64,64,345,0,0,0,0,0,0,0,0,0,0,0,0,0,0,0,0,0,0,0,0,0,0,0,0,128,256,256,20,64,256,256,20,8.29,8.29,0.00,0,0,0,0,0,0,0,0,0,0,0,0,0,0,0,0,0,0,0,0,0,0,0,0,0,0,0,0,0,0,0,0,0,0,0,0,0,0,0,0,0,0,0,0,0,0,0,0,0,0,0,0,0,0,0,0,0,0,0,0,0,0,0,0,0,0,0,0,0,0,0,0,0,0,0,0,0,0,0,0,0,0,0,0,0,40,20,0
48425403902800,0,0,0,0,0,0,0,0,0,0,0,0,0,0,0,0,0,0,0,0,0,0,0,0,0,0,0,0,0,0,0,0,0,0,0,0,0,0,0,0,0,262144,262144,262144,41,256,256,256,41,262144,262144,262144,41,1024,2048,4096,41,128,128,256,41,0,0,0,0,0,0,0,0,0,0,0,0,0,0,0,0,0,0,0,0,0,0,0,0,128,256,512,815,64,128,512,815,0,64,64,4356,0,0,0,0,0,64,64,189,0,0,0,0,0,0,0,0,0,0,0,0,0,0,0,0,0,0,0,0,0,0,0,0,128,128,128,20,128,256,256,20,8.29,8.29,0.00,0,0,0,0,0,0,0,0,0,0,0,0,0,0,0,0,0,0,0,0,0,0,0,0,0,0,0,0,0,0,0,0,0,0,0,0,0,0,0,0,0,0,0,0,0,0,0,0,0,0,0,0,0,0,0,0,0,0,0,0,0,0,0,0,0,0,0,0,0,0,0,0,0,0,0,0,0,0,0,0,0,0,0,0,0,41,20,0
48426425000600,0,0,0,0,0,0,0,0,0,0,0,0,0,0,0,0,0,0,0,0,0,0,0,0,0,0,0,0,0,0,0,0,0,0,0,0,0,0,0,0,0,262144,262144,262144,41,256,256,512,41,262144,262144,262144,41,1024,4096,4096,41,128,256,256,41,0,0,0,0,0,0,0,0,0,0,0,0,0,0,0,0,0,0,0,0,0,0,0,0,128,256,512,846,64,128,512,846,0,64,64,4923,0,0,0,0,0,64,64,90,0,0,0,0,0,0,0,0,0,0,0,0,0,0,0,0,0,0,0,0,0,0,0,0,128,256,256,21,64,256,256,21,8.54,8.42,0.13,0,0,0,0,0,0,0,0,0,0,0,0,0,0,0,0,0,0,0,0,0,0,0,0,0,0,0,0,0,0,0,0,0,0,0,0,0,0,0,0,0,0,0,0,0,0,0,0,0,0,0,0,0,0,0,0,0,0,0,0,0,0,0,0,0,0,0,0,0,0,0,0,0,0,0,0,0,0,0,0,0,0,0,14,0,41,21,0
48427442112500,0,0,0,0,0,0,0,0,0,0,0,0,0,0,0,0,0,0,0,0,0,0,0,0,0,0,0,0,0,0,0,0,0,0,0,0,0,0,0,0,0,262144,262144,262144,41,256,256,256,41,262144,262144,262144,41,1024,2048,4096,41,128,256,256,41,0,0,0,0,0,0,0,0,0,0,0,0,0,0,0,0,0,0,0,0,0,0,0,0,64,256,512,992,64,128,512,992,0,64,64,4158,0,0,0,0,0,64,64,117,0,0,0,0,0,64,64,9,0,0,0,0,0,0,0,0,0,0,0,0,0,0,0,0,128,256,256,20,256,256,256,20,8.32,8.32,0.00,0,0,0,0,0,0,0,0,0,0,0,0,0,0,0,0,0,0,0,0,0,0,0,0,0,0,0,0,0,0,0,0,0,0,0,0,0,0,0,0,0,0,0,0,0,0,0,0,0,0,0,0,0,0,0,0,0,0,0,0,0,0,0,0,0,0,0,0,0,0,0,0,0,0,0,0,0,0,0,0,0,0,0,4,0,41,20,0
48428465639900,0,0,0,0,0,0,0,0,0,0,0,0,0,0,0,0,0,0,0,0,0,0,0,0,0,0,0,0,0,0,0,0,0,0,0,0,0,0,0,0,0,262144,262144,262144,41,256,256,512,41,262144,262144,262144,41,2048,4096,4096,41,128,256,256,41,0,0,0,0,0,0,0,0,0,0,0,0,0,0,0,0,0,0,0,0,0,0,0,0,64,256,512,858,64,128,512,858,0,64,64,4401,0,0,0,0,0,64,64,75,0,0,0,0,0,0,0,0,0,0,0,0,0,0,0,0,0,0,0,0,0,0,0,0,128,256,256,21,256,256,256,21,8.27,8.27,0.00,0,0,0,0,0,0,0,0,0,0,0,0,0,0,0,0,0,0,0,0,0,0,0,0,0,0,0,0,0,0,0,0,0,0,0,0,0,0,0,0,0,0,0,0,0,0,0,0,0,0,0,0,0,0,0,0,0,0,0,0,0,0,0,0,0,0,0,0,0,0,0,0,0,0,0,0,0,0,0,0,0,0,0,1,0,41,21,0
