timestampNs,users,fRecv_Move_p50,fRecv_Move_p95,fRecv_Move_p99,fRecv_Move_cnt,fRecv_RTT_p50,fRecv_RTT_p95,fRecv_RTT_p99,fRecv_RTT_cnt,fRecv_Swing_p50,fRecv_Swing_p95,fRecv_Swing_p99,fRecv_Swing_cnt,fRecv_Skill_p50,fRecv_Skill_p95,fRecv_Skill_p99,fRecv_Skill_cnt,fRecv_Pickup_p50,fRecv_Pickup_p95,fRecv_Pickup_p99,fRecv_Pickup_cnt,fRecv_UseItem_p50,fRecv_UseItem_p95,fRecv_UseItem_p99,fRecv_UseItem_cnt,fRecv_DelItem_p50,fRecv_DelItem_p95,fRecv_DelItem_p99,fRecv_DelItem_cnt,fRecv_Swap_p50,fRecv_Swap_p95,fRecv_Swap_p99,fRecv_Swap_cnt,fRecv_Respawn_p50,fRecv_Respawn_p95,fRecv_Respawn_p99,fRecv_Respawn_cnt,fRecv_Lock_p50,fRecv_Lock_p95,fRecv_Lock_p99,fRecv_Lock_cnt,fUpd_Whole_p50,fUpd_Whole_p95,fUpd_Whole_p99,fUpd_Whole_cnt,fUpd_User_p50,fUpd_User_p95,fUpd_User_p99,fUpd_User_cnt,fUpd_Monster_p50,fUpd_Monster_p95,fUpd_Monster_p99,fUpd_Monster_cnt,fUpd_Drop_p50,fUpd_Drop_p95,fUpd_Drop_p99,fUpd_Drop_cnt,fUpd_Lock_p50,fUpd_Lock_p95,fUpd_Lock_p99,fUpd_Lock_cnt,bc_CreateChar_p50,bc_CreateChar_p95,bc_CreateChar_p99,bc_CreateChar_cnt,bc_DelChar_p50,bc_DelChar_p95,bc_DelChar_p99,bc_DelChar_cnt,bc_MoveInput_p50,bc_MoveInput_p95,bc_MoveInput_p99,bc_MoveInput_cnt,bc_Swing_p50,bc_Swing_p95,bc_Swing_p99,bc_Swing_cnt,bc_HitResult_p50,bc_HitResult_p95,bc_HitResult_p99,bc_HitResult_cnt,bc_Skill_p50,bc_Skill_p95,bc_Skill_p99,bc_Skill_cnt,bc_CreateMon_p50,bc_CreateMon_p95,bc_CreateMon_p99,bc_CreateMon_cnt,bc_DelMon_p50,bc_DelMon_p95,bc_DelMon_p99,bc_DelMon_cnt,bc_MoveMon_p50,bc_MoveMon_p95,bc_MoveMon_p99,bc_MoveMon_cnt,bc_StopMon_p50,bc_StopMon_p95,bc_StopMon_p99,bc_StopMon_cnt,bc_MonHitPlayer_p50,bc_MonHitPlayer_p95,bc_MonHitPlayer_p99,bc_MonHitPlayer_cnt,bc_CreateDrop_p50,bc_CreateDrop_p95,bc_CreateDrop_p99,bc_CreateDrop_cnt,bc_DelDrop_p50,bc_DelDrop_p95,bc_DelDrop_p99,bc_DelDrop_cnt,bc_Respawn_p50,bc_Respawn_p95,bc_Respawn_p99,bc_Respawn_cnt,aRecv_Login_p50,aRecv_Login_p95,aRecv_Login_p99,aRecv_Login_cnt,aRecv_CharSelect_p50,aRecv_CharSelect_p95,aRecv_CharSelect_p99,aRecv_CharSelect_cnt,aRecv_Lock_p50,aRecv_Lock_p95,aRecv_Lock_p99,aRecv_Lock_cnt,aUpd_Lock_p50,aUpd_Lock_p95,aUpd_Lock_p99,aUpd_Lock_cnt,aUpd_Whole_p50,aUpd_Whole_p95,aUpd_Whole_p99,aUpd_Whole_cnt,cpuTotal,cpuUser,cpuKernel,db_CharSelect,db_InsertItem,db_DelItem,db_ItemCount,db_ItemSlot,db_CharProgress,db_LogOut,db_CharSelect_q_p50,db_CharSelect_q_p95,db_CharSelect_q_p99,db_CharSelect_q_p999,db_CharSelect_q_max,db_CharSelect_q_cnt,db_InsertItem_q_p50,db_InsertItem_q_p95,db_InsertItem_q_p99,db_InsertItem_q_p999,db_InsertItem_q_max,db_InsertItem_q_cnt,db_DelItem_q_p50,db_DelItem_q_p95,db_DelItem_q_p99,db_DelItem_q_p999,db_DelItem_q_max,db_DelItem_q_cnt,db_ItemCount_q_p50,db_ItemCount_q_p95,db_ItemCount_q_p99,db_ItemCount_q_p999,db_ItemCount_q_max,db_ItemCount_q_cnt,db_ItemSlot_q_p50,db_ItemSlot_q_p95,db_ItemSlot_q_p99,db_ItemSlot_q_p999,db_ItemSlot_q_max,db_ItemSlot_q_cnt,db_CharProgress_q_p50,db_CharProgress_q_p95,db_CharProgress_q_p99,db_CharProgress_q_p999,db_CharProgress_q_max,db_CharProgress_q_cnt,db_LogOut_q_p50,db_LogOut_q_p95,db_LogOut_q_p99,db_LogOut_q_p999,db_LogOut_q_max,db_LogOut_q_cnt,dbp_Block_p50,dbp_Block_p95,dbp_Block_p99,dbp_Block_p999,dbp_Block_max,dbp_Block_cnt,dbp_Dequeue_p50,dbp_Dequeue_p95,dbp_Dequeue_p99,dbp_Dequeue_p999,dbp_Dequeue_max,dbp_Dequeue_cnt,dbp_Execute_p50,dbp_Execute_p95,dbp_Execute_p99,dbp_Execute_p999,dbp_Execute_max,dbp_Execute_cnt,dbp_Enqueue_p50,dbp_Enqueue_p95,dbp_Enqueue_p99,dbp_Enqueue_p999,dbp_Enqueue_max,dbp_Enqueue_cnt,dbp_DeleteJob_p50,dbp_DeleteJob_p95,dbp_DeleteJob_p99,dbp_DeleteJob_p999,dbp_DeleteJob_max,dbp_DeleteJob_cnt,dbQueue,storeQueue,sendIOTPS,recvIOTPS,tcpSeg,tcpRetx,fieldFrame,authFrame,syncCount
47706004184500,0,0,0,0,0,0,0,0,0,0,0,0,0,0,0,0,0,0,0,0,0,0,0,0,0,0,0,0,0,0,0,0,0,0,0,0,0,0,0,0,0,131072,262144,262144,41,256,256,512,41,131072,262144,262144,41,64,256,256,41,256,256,131072,41,0,0,0,0,0,0,0,0,0,0,0,0,0,0,0,0,0,0,0,0,0,0,0,0,0,0,0,0,0,0,0,0,0,0,0,0,0,0,0,0,0,0,0,0,0,0,0,0,0,0,0,0,0,0,0,0,0,0,0,0,0,0,0,0,0,0,0,0,256,256,256,20,256,256,256,20,8.01,5.27,2.73,0,0,0,0,0,0,0,0,0,0,0,0,0,0,0,0,0,0,0,0,0,0,0,0,0,0,0,0,0,0,0,0,0,0,0,0,0,0,0,0,0,0,0,0,0,0,0,0,0,0,0,0,0,512,1,0,0,0,0,256,1,0,0,0,0,16777216,1,0,0,0,0,0,0,0,0,0,0,65536,1,0,0,0,0,0,0,41,20,0
47707042720500,0,0,0,0,0,0,0,0,0,0,0,0,0,0,0,0,0,0,0,0,0,0,0,0,0,0,0,0,0,0,0,0,0,0,0,0,0,0,0,0,0,131072,131072,262144,41,256,256,512,41,131072,131072,262144,41,64,256,256,41,128,256,256,41,0,0,0,0,0,0,0,0,0,0,0,0,0,0,0,0,0,0,0,0,0,0,0,0,0,0,0,0,0,0,0,0,0,64,64,360,0,0,0,0,0,0,0,0,0,0,0,0,0,0,0,0,0,0,0,0,0,0,0,0,0,0,0,0,0,0,0,0,128,256,256,21,256,256,256,21,8.48,7.97,0.51,0,0,0,0,0,0,0,0,0,0,0,0,0,0,0,0,0,0,0,0,0,0,0,0,0,0,0,0,0,0,0,0,0,0,0,0,0,0,0,0,0,0,0,0,0,0,0,0,0,0,0,0,0,0,0,0,0,0,0,0,0,0,0,0,0,0,0,0,0,0,0,0,0,0,0,0,0,0,0,0,0,0,0,0,0,41,21,0
47708076778300,0,0,0,0,0,0,0,0,0,0,0,0,0,0,0,0,0,0,0,0,0,0,0,0,0,0,0,0,0,0,0,0,0,0,0,0,0,0,0,0,0,131072,131072,262144,41,256,256,256,41,131072,131072,262144,41,64,64,128,41,128,256,256,41,0,0,0,0,0,0,0,0,0,0,0,0,0,0,0,0,0,0,0,0,0,0,0,0,128,256,256,156,64,128,256,156,0,64,64,6462,0,0,0,0,0,0,0,0,0,0,0,0,0,0,0,0,0,0,0,0,0,0,0,0,0,0,0,0,0,0,0,0,128,256,256,20,128,256,256,20,8.44,8.31,0.13,0,0,0,0,0,0,0,0,0,0,0,0,0,0,0,0,0,0,0,0,0,0,0,0,0,0,0,0,0,0,0,0,0,0,0,0,0,0,0,0,0,0,0,0,0,0,0,0,0,0,0,0,0,0,0,0,0,0,0,0,0,0,0,0,0,0,0,0,0,0,0,0,0,0,0,0,0,0,0,0,0,0,0,0,0,41,20,0
47709114639200,0,0,0,0,0,0,0,0,0,0,0,0,0,0,0,0,0,0,0,0,0,0,0,0,0,0,0,0,0,0,0,0,0,0,0,0,0,0,0,0,0,262144,262144,262144,42,256,1024,8192,42,262144,262144,262144,42,64,128,256,42,128,256,256,42,0,0,0,0,0,0,0,0,0,0,0,0,0,0,0,0,0,0,0,0,0,0,0,0,128,256,256,555,64,128,256,555,0,64,64,5733,0,0,0,0,0,0,0,0,0,0,0,0,0,0,0,0,0,0,0,0,0,0,0,0,0,0,0,0,0,0,0,0,128,256,256,21,128,256,256,21,8.28,8.28,0.00,0,0,0,0,0,0,0,0,0,0,0,0,0,0,0,0,0,0,0,0,0,0,0,0,0,0,0,0,0,0,0,0,0,0,0,0,0,0,0,0,0,0,0,0,0,0,0,0,0,0,0,0,0,0,0,0,0,0,0,0,0,0,0,0,0,0,0,0,0,0,0,0,0,0,0,0,0,0,0,0,0,0,0,0,0,42,21,0
47710149739000,100,2048,16384,32768,475,512,8192,16384,62,4096,16384,16384,66,0,0,0,0,0,0,0,0,4096,65536,65536,18,512,1024,8192,100,2048,8192,8192,11,0,0,0,0,64,65536,262144,760,262144,262144,524288,41,8192,32768,32768,41,262144,262144,262144,41,64,64,128,41,128,256,256,41,64,256,256,963,128,512,512,63,128,512,8192,4275,64,256,8192,594,0,0,0,0,64,256,512,252,64,256,512,795,64,128,256,795,0,128,256,7173,64,256,256,108,0,0,0,0,0,0,0,0,0,0,0,0,0,0,0,0,1024,524288,524288,100,1024,65536,131072,100,64,262144,524288,200,128,128,128,21,128,262144,524288,21,8.56,7.55,1.01,100,0,0,18,0,0,0,262144,262144,524288,524288,1048576,100,0,0,0,0,0,0,0,0,0,0,0,0,524288,1048576,1048576,1048576,2097152,18,0,0,0,0,0,0,0,0,0,0,0,0,0,0,0,0,0,0,2097152,67108864,134217728,134217728,4294967296,38,64,256,256,256,256,118,262144,1048576,1048576,1048576,2097152,118,64,256,256,256,256,100,256,512,512,512,65536,18,0,0,1658,959,3517,0,41,21,0
47711184079200,200,2048,16384,16384,1106,512,8192,8192,157,4096,16384,16384,141,0,0,0,0,0,0,0,0,2048,16384,65536,41,512,2048,8192,200,2048,8192,8192,27,0,0,0,0,64,65536,131072,1725,262144,524288,524288,42,32768,65536,65536,42,262144,262144,524288,42,64,64,128,42,128,128,256,42,64,256,256,1085,128,512,512,185,128,512,8192,9954,64,256,8192,1269,64,256,256,54,128,256,8192,477,128,256,512,1089,64,256,256,1089,64,128,256,7605,64,256,512,387,64,256,256,54,0,0,0,0,0,0,0,0,0,0,0,0,1024,2048,524288,100,1024,1024,1024,100,64,64,65536,200,128,128,128,21,64,262144,262144,21,10.07,8.56,1.51,100,0,0,41,0,0,0,262144,524288,524288,524288,524288,100,0,0,0,0,0,0,0,0,0,0,0,0,524288,1048576,1048576,1048576,1048576,41,0,0,0,0,0,0,0,0,0,0,0,0,0,0,0,0,0,0,524288,16777216,67108864,67108864,134217728,61,64,256,256,256,256,141,262144,524288,1048576,1048576,1048576,141,64,128,256,256,512,100,256,256,512,512,512,41,0,0,4017,1914,5921,0,42,21,0
47712217845300,300,2048,16384,32768,1732,512,8192,16384,249,4096,16384,32768,183,0,0,0,0,0,0,0,0,4096,16384,16384,54,512,8192,16384,275,2048,8192,8192,28,0,0,0,0,64,65536,131072,2605,262144,524288,524288,41,32768,65536,65536,41,262144,262144,524288,41,64,64,64,41,128,128,128,41,64,256,512,1206,128,512,8192,306,128,512,8192,15588,128,256,8192,1647,64,128,256,81,128,256,4096,756,64,512,512,922,64,256,256,922,64,256,8192,4392,64,256,8192,423,64,256,256,138,0,0,0,0,0,0,0,0,0,0,0,0,1024,2048,2048,100,1024,1024,2048,100,64,64,1024,200,128,128,128,20,128,262144,262144,20,8.69,8.56,0.13,100,0,0,54,0,0,0,262144,524288,524288,524288,524288,100,0,0,0,0,0,0,0,0,0,0,0,0,524288,1048576,1048576,1048576,1048576,54,0,0,0,0,0,0,0,0,0,0,0,0,0,0,0,0,0,0,2097152,67108864,67108864,67108864,67108864,64,64,256,256,256,256,154,262144,1048576,1048576,1048576,1048576,154,64,256,256,256,256,100,256,512,512,512,512,54,0,0,6225,2793,8185,0,41,20,0
47713263032500,400,2048,16384,32768,2330,512,8192,8192,319,4096,16384,32768,272,4096,16384,16384,9,0,0,0,0,4096,16384,32768,89,512,8192,16384,297,2048,8192,16384,76,0,0,0,0,128,131072,262144,3469,262144,524288,524288,42,65536,131072,131072,42,262144,262144,524288,42,64,64,64,42,128,128,128,42,64,256,512,1398,128,512,1024,498,128,512,8192,20970,64,256,8192,2448,64,128,256,63,128,512,4096,774,128,512,1024,788,64,256,512,788,64,256,4096,5409,64,256,1024,477,64,256,2048,81,0,0,0,0,0,0,0,0,0,0,0,0,1024,2048,2048,100,1024,1024,2048,100,64,64,1024,200,128,128,128,21,128,262144,262144,21,9.04,8.66,0.38,100,0,0,89,0,0,0,262144,524288,524288,524288,524288,100,0,0,0,0,0,0,0,0,0,0,0,0,524288,1048576,1048576,1048576,2097152,89,0,0,0,0,0,0,0,0,0,0,0,0,0,0,0,0,0,0,4194304,16777216,33554432,33554432,33554432,82,128,256,256,256,256,189,262144,1048576,1048576,1048576,2097152,189,128,256,256,256,256,100,256,512,512,512,1024,89,0,0,8103,3653,10173,0,42,21,0
47714291651900,489,2048,16384,32768,3038,512,8192,16384,424,4096,16384,16384,344,8192,16384,16384,34,0,0,0,0,4096,8192,8192,107,512,8192,16384,357,2048,16384,16384,96,0,0,0,0,1024,131072,262144,4485,262144,524288,524288,41,65536,131072,131072,41,262144,262144,262144,41,64,64,64,41,128,128,16384,41,64,256,512,1209,128,512,1024,408,128,512,8192,27342,128,512,4096,3096,64,256,256,153,128,512,8192,1071,128,512,1024,483,64,256,512,483,64,256,4096,7029,64,256,4096,513,64,256,256,75,0,0,0,0,0,0,0,0,0,0,0,0,1024,2048,2048,100,1024,1024,2048,99,64,64,256,199,64,128,128,21,64,262144,262144,21,12.20,8.81,3.40,99,0,0,107,0,0,0,262144,262144,524288,524288,524288,99,0,0,0,0,0,0,0,0,0,0,0,0,524288,1048576,1048576,1048576,1048576,107,0,0,0,0,0,0,0,0,0,0,0,0,0,0,0,0,0,0,1048576,16777216,16777216,33554432,33554432,106,128,256,256,256,256,206,524288,1048576,1048576,1048576,1048576,206,64,128,256,256,256,99,256,512,512,512,512,107,0,0,9929,4664,12150,0,41,21,0
47715326211000,500,2048,16384,16384,3670,512,8192,8192,522,4096,16384,16384,440,4096,16384,16384,63,0,0,0,0,4096,8192,16384,104,512,8192,8192,335,2048,8192,16384,75,0,0,0,0,2048,131072,131072,5290,262144,524288,524288,41,65536,131072,131072,41,262144,262144,262144,41,64,64,64,41,128,128,128,41,128,256,1024,609,128,512,8192,510,128,512,8192,33030,128,512,4096,3960,64,256,256,216,128,512,4096,1296,128,512,1024,504,64,256,512,504,64,256,512,10395,64,256,4096,540,64,256,256,57,0,0,0,0,0,0,0,0,0,0,0,0,1024,2048,2048,36,512,1024,1024,16,64,64,64,52,64,128,128,20,64,128,128,20,8.55,8.05,0.50,16,0,0,104,0,0,0,262144,262144,262144,262144,262144,16,0,0,0,0,0,0,0,0,0,0,0,0,524288,1048576,1048576,1048576,1048576,104,0,0,0,0,0,0,0,0,0,0,0,0,0,0,0,0,0,0,2097152,16777216,16777216,16777216,16777216,86,128,256,256,256,256,120,524288,1048576,1048576,1048576,1048576,120,128,128,128,128,128,16,256,512,512,512,512,104,0,0,11504,5322,12838,0,41,20,0
47716362117900,600,2048,16384,16384,4333,512,8192,8192,598,4096,16384,16384,482,4096,16384,16384,81,0,0,0,0,2048,8192,16384,145,512,8192,8192,543,2048,8192,16384,80,0,0,0,0,1024,65536,131072,6359,524288,524288,524288,42,131072,131072,131072,42,262144,262144,262144,42,64,64,64,42,128,128,128,42,64,256,1024,1683,128,512,4096,783,128,512,8192,38997,64,256,4096,4338,64,256,512,354,128,256,1024,1602,128,512,1024,816,64,256,512,816,64,256,512,9405,64,256,512,504,64,256,256,27,0,0,0,0,0,0,0,0,0,0,0,0,1024,2048,2048,64,1024,1024,2048,85,64,64,128,149,128,128,128,21,64,262144,262144,21,8.92,7.54,1.38,85,0,0,145,0,0,0,262144,262144,524288,524288,524288,85,0,0,0,0,0,0,0,0,0,0,0,0,524288,1048576,1048576,1048576,4194304,145,0,0,0,0,0,0,0,0,0,0,0,0,0,0,0,0,0,0,2097152,16777216,16777216,16777216,16777216,118,128,256,256,256,256,230,524288,1048576,1048576,1048576,4194304,230,128,128,128,128,128,85,256,256,512,512,512,145,0,0,12823,6478,16113,0,42,21,0
47717396039900,700,2048,8192,16384,4776,512,8192,8192,662,4096,16384,16384,532,4096,16384,16384,110,0,0,0,0,2048,8192,8192,127,512,8192,8192,655,2048,8192,8192,92,0,0,0,0,1024,65536,131072,7034,524288,524288,524288,41,131072,131072,262144,41,262144,262144,262144,41,64,64,128,41,128,128,128,41,64,256,512,1677,128,512,1024,777,128,512,4096,42984,128,512,1024,4788,64,256,256,402,128,512,4096,1710,128,512,1024,1014,64,256,512,1014,64,256,512,8379,64,256,2048,531,64,256,256,45,0,0,0,0,0,0,0,0,0,0,0,0,1024,2048,2048,100,1024,2048,2048,100,64,64,256,200,128,128,128,21,64,131072,131072,21,9.94,8.94,1.01,100,0,0,127,0,0,0,262144,524288,524288,524288,524288,100,0,0,0,0,0,0,0,0,0,0,0,0,524288,1048576,1048576,1048576,2097152,127,0,0,0,0,0,0,0,0,0,0,0,0,0,0,0,0,0,0,2097152,16777216,16777216,16777216,33554432,128,128,256,256,256,256,227,524288,1048576,1048576,1048576,2097152,227,64,256,256,256,256,100,256,256,512,512,512,127,0,0,14143,7201,17829,0,41,21,0
47718432879200,800,2048,8192,16384,5569,512,8192,8192,788,4096,16384,16384,590,4096,8192,16384,131,0,0,0,0,2048,8192,8192,182,512,4096,8192,734,2048,8192,8192,110,0,0,0,0,64,65536,131072,8195,524288,524288,524288,42,131072,262144,262144,42,262144,524288,524288,42,64,64,64,42,128,128,128,42,64,256,4096,1869,128,512,4096,969,128,512,4096,50121,64,512,1024,5310,64,256,256,423,128,512,1024,1998,128,512,1024,1208,64,256,512,1208,64,256,512,8640,64,256,512,684,64,256,256,66,0,0,0,0,0,0,0,0,0,0,0,0,1024,2048,2048,100,1024,1024,2048,100,64,128,256,200,128,128,128,21,64,131072,262144,21,8.93,8.68,0.25,100,0,0,182,0,0,0,262144,524288,524288,524288,524288,100,0,0,0,0,0,0,0,0,0,0,0,0,524288,1048576,1048576,1048576,1048576,182,0,0,0,0,0,0,0,0,0,0,0,0,0,0,0,0,0,0,524288,16777216,16777216,16777216,16777216,153,128,256,256,256,256,282,524288,1048576,1048576,1048576,1048576,282,128,256,256,256,256,100,256,256,512,512,512,182,0,0,15836,8358,19958,0,42,21,0
47719468017000,900,2048,8192,16384,5932,512,4096,8192,831,4096,16384,16384,680,4096,16384,16384,151,0,0,0,0,2048,8192,8192,177,512,8192,8192,713,2048,8192,8192,118,0,0,0,0,64,65536,131072,8673,524288,524288,524288,41,131072,262144,262144,41,262144,524288,524288,41,64,64,128,41,128,128,256,41,64,256,2048,1956,128,512,1024,1056,128,512,4096,53388,64,512,1024,6120,64,256,512,614,128,512,4096,1998,128,512,1024,867,64,512,512,867,64,512,4096,8775,64,256,1024,1044,64,256,4096,168,0,0,0,0,0,0,0,0,0,0,0,0,1024,2048,2048,100,1024,1024,2048,100,64,64,512,200,128,128,128,20,64,131072,131072,20,9.68,8.68,1.01,100,0,0,177,0,0,0,262144,524288,524288,524288,524288,100,0,0,0,0,0,0,0,0,0,0,0,0,524288,1048576,1048576,1048576,2097152,177,0,0,0,0,0,0,0,0,0,0,0,0,0,0,0,0,0,0,1048576,16777216,16777216,16777216,16777216,134,128,256,256,256,512,277,524288,1048576,1048576,1048576,2097152,277,64,256,256,256,256,100,256,256,512,512,1024,177,0,0,17531,8828,21826,0,41,20,0
47720502456700,926,2048,8192,16384,6640,512,4096,8192,922,4096,8192,16384,773,4096,8192,16384,191,0,0,0,0,2048,8192,16384,197,512,8192,8192,632,2048,8192,8192,122,0,0,0,0,64,65536,131072,9563,524288,524288,1048576,41,262144,262144,262144,41,262144,524288,524288,41,64,64,64,41,128,128,128,41,128,512,1024,1437,128,512,4096,1203,128,512,4096,59760,64,512,1024,6957,64,256,256,768,128,512,1024,2484,256,1024,1024,704,128,512,512,704,64,256,4096,13806,64,256,512,1359,128,256,512,219,0,0,0,0,0,0,0,0,0,0,0,0,1024,2048,2048,57,1024,1024,1024,42,64,64,512,99,64,128,128,21,64,128,65536,21,12.21,9.06,3.15,42,0,0,197,0,0,0,262144,262144,262144,262144,524288,42,0,0,0,0,0,0,0,0,0,0,0,0,524288,1048576,1048576,1048576,1048576,197,0,0,0,0,0,0,0,0,0,0,0,0,0,0,0,0,0,0,524288,16777216,16777216,16777216,16777216,141,128,256,256,256,512,239,524288,1048576,1048576,1048576,1048576,239,64,128,256,256,256,42,256,512,512,512,512,197,0,0,19272,9597,22230,0,41,21,0
47721538580900,1000,2048,8192,16384,7291,512,4096,8192,1025,4096,16384,16384,843,4096,8192,16384,193,0,0,0,0,2048,8192,8192,215,512,4096,8192,810,2048,8192,8192,161,0,0,0,0,64,65536,131072,10617,524288,524288,524288,42,262144,262144,262144,42,262144,524288,524288,42,64,64,128,42,128,128,256,42,64,256,512,1898,128,512,4096,1232,128,512,4096,65619,64,512,1024,7587,64,256,256,1047,128,512,1024,2358,256,512,1024,734,128,512,512,734,64,256,2048,17226,64,256,512,1872,64,256,256,183,0,0,0,0,0,0,0,0,0,0,0,0,1024,2048,2048,43,1024,1024,2048,58,64,64,128,101,64,128,128,21,64,131072,131072,21,10.04,7.66,2.39,58,0,0,215,0,0,0,262144,262144,524288,524288,524288,58,0,0,0,0,0,0,0,0,0,0,0,0,524288,1048576,1048576,1048576,1048576,214,0,0,0,0,0,0,0,0,0,0,0,0,0,0,0,0,0,0,524288,16777216,16777216,16777216,33554432,171,128,256,256,256,256,273,524288,1048576,1048576,1048576,1048576,272,128,256,256,256,256,58,256,512,512,512,512,214,0,0,21490,10640,25329,0,42,21,0
47722573653800,1100,2048,8192,16384,7944,512,4096,8192,1098,4096,8192,16384,874,4096,8192,16384,212,0,0,0,0,2048,8192,16384,210,512,4096,8192,982,2048,4096,8192,155,0,0,0,0,64,65536,262144,11554,524288,524288,1048576,41,262144,262144,262144,41,262144,524288,524288,41,64,64,64,41,64,128,128,41,64,256,1024,2297,128,512,4096,1397,128,512,4096,71496,64,512,1024,7866,64,256,512,1418,128,512,1024,2394,256,1024,1024,711,128,512,512,711,64,256,2048,17559,64,256,512,2052,64,256,512,270,0,0,0,0,0,0,0,0,0,0,0,0,1024,2048,2048,100,1024,2048,2048,100,64,64,2048,200,64,128,128,20,128,262144,262144,20,9.94,8.68,1.26,100,0,0,210,0,0,0,262144,524288,524288,524288,524288,100,0,0,0,0,0,0,0,0,0,0,0,0,524288,1048576,1048576,1048576,1048576,211,0,0,0,0,0,0,0,0,0,0,0,0,0,0,0,0,0,0,524288,16777216,16777216,16777216,16777216,184,128,256,256,256,1024,310,524288,1048576,1048576,1048576,1048576,311,64,256,256,256,256,100,256,256,512,512,512,211,0,0,22418,11677,27762,0,41,20,0
47723608470600,1200,2048,8192,16384,8227,512,4096,8192,1142,4096,16384,16384,911,4096,8192,16384,253,0,0,0,0,2048,8192,16384,257,512,4096,8192,1059,2048,8192,8192,170,0,0,0,0,64,65536,131072,12100,524288,524288,524288,42,262144,262144,262144,42,262144,524288,524288,42,64,64,64,42,128,128,2048,42,64,512,4096,2328,128,512,1024,1428,128,512,4096,74043,64,512,1024,8199,64,256,512,1430,128,512,1024,2745,256,1024,4096,831,128,512,512,831,64,256,1024,18747,64,256,512,1971,64,256,512,315,0,0,0,0,0,0,0,0,0,0,0,0,1024,2048,2048,100,1024,1024,2048,100,64,64,128,200,64,128,128,21,128,131072,131072,21,10.82,9.43,1.38,100,0,0,257,0,0,0,262144,262144,524288,524288,524288,100,0,0,0,0,0,0,0,0,0,0,0,0,524288,1048576,1048576,1048576,1048576,257,0,0,0,0,0,0,0,0,0,0,0,0,0,0,0,0,0,0,524288,16777216,16777216,16777216,16777216,191,128,256,256,256,256,357,524288,1048576,1048576,1048576,1048576,357,128,256,256,256,256,100,256,256,512,512,512,257,0,0,24125,12209,29434,0,42,21,0
47724646655300,1270,2048,8192,16384,8926,512,4096,8192,1236,4096,8192,16384,990,4096,8192,16384,261,0,0,0,0,2048,8192,8192,253,512,4096,8192,1072,2048,8192,8192,165,0,0,0,0,64,65536,262144,12982,524288,1048576,1048576,41,262144,262144,262144,41,262144,524288,524288,41,128,256,256,41,128,128,1024,41,64,512,2048,2182,128,512,4096,1552,128,512,4096,80334,64,512,1024,8910,64,256,512,1543,128,512,1024,2619,256,512,1024,785,128,512,4096,794,64,256,4096,18018,64,256,2048,1881,64,256,512,273,64,128,128,9,0,0,0,0,0,0,0,0,1024,2048,2048,89,1024,1024,2048,77,64,64,128,166,64,128,128,21,64,131072,131072,21,10.93,9.68,1.26,77,0,0,253,0,0,0,262144,524288,524288,524288,524288,75,0,0,0,0,0,0,0,0,0,0,0,0,524288,1048576,1048576,2097152,4194304,249,0,0,0,0,0,0,0,0,0,0,0,0,0,0,0,0,0,0,524288,16777216,16777216,16777216,16777216,195,128,256,256,256,4096,325,524288,1048576,1048576,2097152,4194304,324,128,256,256,256,256,75,256,256,512,512,1024,249,5,0,25756,13073,30101,0,41,21,0
47725680617500,1300,2048,8192,16384,9428,512,4096,8192,1325,4096,16384,16384,1064,4096,8192,16384,231,0,0,0,0,2048,8192,8192,278,512,4096,8192,927,1024,8192,8192,207,0,0,0,0,64,65536,131072,13568,524288,1048576,1048576,42,262144,262144,262144,42,524288,524288,524288,42,256,256,512,42,128,128,256,42,128,512,4096,1737,128,512,1024,1467,128,512,4096,84852,128,512,1024,9576,64,256,512,1378,128,512,4096,2484,256,1024,1024,888,128,512,1024,888,64,256,4096,17748,64,256,512,2142,64,256,512,231,0,0,0,0,0,0,0,0,0,0,0,0,1024,2048,2048,11,1024,1024,1024,23,64,64,64,34,128,128,128,21,64,65536,65536,21,12.85,8.32,4.54,23,0,0,278,0,0,0,262144,262144,262144,262144,524288,25,0,0,0,0,0,0,0,0,0,0,0,0,524288,1048576,1048576,1048576,2097152,281,0,0,0,0,0,0,0,0,0,0,0,0,0,0,0,0,0,0,524288,16777216,16777216,16777216,16777216,193,128,256,256,256,512,306,524288,1048576,1048576,1048576,2097152,306,128,128,256,256,256,25,256,256,512,512,512,281,0,0,27060,13512,30766,0,42,21,0
47726713822100,1400,2048,8192,16384,10055,512,4096,8192,1400,4096,8192,16384,1155,4096,16384,32768,256,0,0,0,1,2048,8192,8192,296,512,4096,8192,1137,1024,8192,8192,198,0,0,0,0,64,65536,131072,14653,524288,1048576,1048576,41,262144,262144,262144,41,524288,524288,524288,41,256,256,256,41,128,128,1024,41,64,512,512,2661,128,512,1024,1761,128,512,4096,90495,64,512,1024,10395,64,256,512,1623,128,512,1024,2925,256,1024,1024,867,256,512,512,894,64,256,512,17703,64,256,512,1881,64,256,8192,273,64,256,256,27,128,256,256,9,0,0,0,0,1024,2048,2048,100,1024,2048,2048,100,64,64,128,200,64,128,128,20,128,131072,131072,20,12.95,9.18,3.77,100,1,0,296,0,0,0,262144,524288,524288,524288,524288,100,0,0,0,0,1048576,1,0,0,0,0,0,0,524288,1048576,1048576,1048576,1048576,297,0,0,0,0,0,0,0,0,0,0,0,0,0,0,0,0,0,0,524288,8388608,16777216,16777216,16777216,215,128,256,256,256,256,397,524288,1048576,1048576,1048576,1048576,398,128,256,256,256,512,100,256,256,512,512,32768,298,0,0,28398,14765,34149,0,41,20,0
47727749810100,1492,2048,8192,16384,10149,512,4096,8192,1429,4096,8192,16384,1173,4096,16384,16384,246,32768,32768,32768,2,2048,8192,8192,297,512,4096,8192,1277,1024,4096,8192,195,0,0,0,0,64,65536,262144,14908,524288,1048576,1048576,41,262144,262144,262144,41,524288,524288,524288,41,256,256,512,41,128,16384,32768,41,64,512,1024,2713,128,512,4096,1885,128,512,4096,91341,128,512,4096,10557,64,256,512,1480,128,512,4096,2628,256,1024,1024,954,128,512,1024,963,64,256,2048,18405,64,256,1024,1926,64,512,512,183,64,128,128,9,128,512,512,18,0,0,0,0,1024,2048,2048,100,1024,2048,2048,97,64,64,128,197,64,128,128,21,128,131072,131072,21,14.70,10.68,4.02,97,2,0,297,0,0,0,262144,524288,524288,524288,524288,97,524288,524288,524288,524288,1048576,2,0,0,0,0,0,0,524288,1048576,1048576,1048576,1048576,297,0,0,0,0,0,0,0,0,0,0,0,0,0,0,0,0,0,0,524288,8388608,16777216,16777216,16777216,223,128,256,256,256,256,396,524288,1048576,1048576,1048576,1048576,396,128,256,256,256,256,97,256,256,256,512,512,299,0,0,29879,14980,34596,0,41,21,0
47728783958300,1500,2048,8192,16384,10751,512,4096,8192,1501,4096,8192,16384,1188,4096,8192,16384,257,0,0,0,1,2048,8192,16384,319,512,4096,8192,1249,2048,8192,8192,219,0,0,0,1,64,65536,262144,15640,524288,1048576,1048576,42,262144,524288,524288,42,524288,524288,524288,42,256,512,512,42,128,128,8192,42,128,512,1024,2061,128,512,1024,1989,128,512,4096,96767,128,512,4096,10692,64,256,512,1439,128,512,4096,2925,256,1024,1024,927,128,512,512,945,64,512,4096,17901,64,256,1024,2106,64,256,512,228,0,0,0,0,128,256,256,9,64,256,256,9,2048,2048,2048,5,1024,1024,1024,3,64,64,64,8,64,128,128,21,64,128,256,21,12.59,9.82,2.77,3,1,0,319,0,0,0,262144,262144,262144,262144,524288,3,0,0,0,0,524288,1,0,0,0,0,0,0,524288,1048576,1048576,1048576,2097152,317,0,0,0,0,0,0,0,0,0,0,0,0,0,0,0,0,0,0,524288,16777216,16777216,16777216,16777216,206,128,256,256,256,256,322,524288,1048576,1048576,1048576,2097152,321,64,128,128,128,128,3,256,256,512,512,1024,318,1,0,31298,15542,34827,0,42,21,0
47729824192700,1600,2048,8192,16384,11047,512,4096,8192,1600,4096,8192,16384,1276,4096,8192,16384,271,0,0,0,0,2048,8192,8192,333,512,4096,8192,1333,1024,8192,8192,236,0,0,0,0,128,65536,262144,16250,524288,1048576,1048576,41,262144,524288,524288,41,524288,524288,524288,41,256,256,256,41,128,128,2048,41,64,512,4096,3110,128,512,1024,2210,128,512,4096,99415,128,512,4096,11484,64,256,512,1570,128,512,1024,3051,256,1024,1024,909,128,512,1024,909,64,512,2048,18441,64,256,512,2268,64,256,512,216,0,0,0,0,0,0,0,0,0,0,0,0,1024,2048,2048,95,1024,2048,2048,100,64,64,128,195,64,128,128,20,65536,131072,131072,20,14.58,10.05,4.52,100,0,0,333,0,0,0,262144,524288,524288,524288,524288,100,0,0,0,0,0,0,0,0,0,0,0,0,524288,1048576,1048576,1048576,1048576,335,0,0,0,0,0,0,0,0,0,0,0,0,0,0,0,0,0,0,524288,8388608,16777216,16777216,16777216,243,128,256,256,256,256,434,524288,1048576,1048576,1048576,1048576,435,128,256,256,256,512,100,256,256,512,512,512,335,0,0,33381,16328,37006,0,41,20,0
47730856702000,1642,2048,8192,16384,11412,512,4096,8192,1629,4096,16384,16384,1340,4096,8192,16384,334,0,0,0,0,2048,8192,8192,323,512,4096,8192,1304,2048,8192,8192,215,0,0,0,0,1024,65536,262144,16705,524288,1048576,1048576,42,262144,524288,524288,42,524288,524288,524288,42,256,256,512,42,64,2048,65536,42,128,512,2048,2312,128,512,4096,1934,128,512,4096,102708,128,512,4096,12060,64,256,512,1711,128,512,4096,3492,256,1024,1024,896,128,512,1024,914,64,512,4096,17865,64,256,512,2412,64,256,512,363,0,0,0,0,0,0,0,0,0,0,0,0,2048,2048,4096,56,1024,2048,2048,47,64,64,64,103,64,128,128,21,64,65536,65536,21,13.46,9.06,4.40,47,0,0,323,0,0,0,262144,524288,524288,524288,524288,46,0,0,0,0,0,0,0,0,0,0,0,0,524288,1048576,1048576,1048576,4194304,321,0,0,0,0,0,0,0,0,0,0,0,0,0,0,0,0,0,0,524288,8388608,16777216,16777216,16777216,210,128,256,256,256,1024,368,524288,1048576,1048576,1048576,4194304,367,128,256,256,256,256,46,256,256,512,512,512,321,2,0,34562,16689,37327,0,42,21,0
47731890862900,1700,2048,8192,16384,11562,512,4096,8192,1694,4096,8192,16384,1386,4096,8192,16384,302,0,0,0,1,2048,8192,8192,355,512,4096,8192,1345,1024,4096,8192,230,0,0,0,0,1024,65536,524288,17031,524288,1048576,1048576,41,262144,524288,524288,41,524288,524288,524288,41,256,256,256,41,128,2048,32768,41,64,512,512,2931,128,512,4096,2409,128,512,4096,104058,128,512,4096,12474,64,256,512,1673,128,512,4096,3438,256,1024,1024,936,256,512,512,963,64,512,4096,19881,64,256,512,2556,64,256,512,324,256,512,512,9,256,256,256,9,0,0,0,0,2048,2048,2048,44,1024,2048,2048,53,64,64,64,97,64,128,128,21,128,65536,65536,21,14.10,9.69,4.41,53,1,0,355,0,0,0,262144,524288,524288,524288,524288,54,0,0,0,0,1048576,1,0,0,0,0,0,0,524288,1048576,1048576,1048576,1048576,357,0,0,0,0,0,0,0,0,0,0,0,0,0,0,0,0,0,0,524288,8388608,16777216,16777216,16777216,222,128,256,256,256,1024,411,524288,1048576,1048576,1048576,1048576,412,128,256,256,256,256,54,256,256,256,512,512,358,0,0,36178,16998,38933,0,41,21,0
47732926479100,1772,2048,8192,16384,11908,512,4096,8192,1797,4096,8192,16384,1374,4096,8192,32768,324,0,0,0,1,2048,8192,8192,356,512,4096,8192,1448,1024,8192,8192,249,0,0,0,0,256,65536,262144,17590,524288,1048576,1048576,41,262144,262144,524288,41,524288,524288,524288,41,256,256,512,41,128,32768,65536,41,64,512,4096,2547,128,512,4096,1899,128,512,4096,107180,128,512,4096,12366,64,256,512,1734,128,512,4096,3366,256,1024,1024,940,128,512,1024,949,64,512,4096,21087,64,256,512,2484,64,512,2048,402,64,256,256,9,128,256,256,9,0,0,0,0,1024,2048,2048,88,1024,1024,2048,79,64,64,128,167,64,128,128,20,32768,65536,65536,20,11.07,9.56,1.51,79,1,0,356,0,0,0,262144,524288,524288,524288,524288,79,0,0,0,0,524288,1,0,0,0,0,0,0,524288,1048576,1048576,1048576,2097152,354,0,0,0,0,0,0,0,0,0,0,0,0,0,0,0,0,0,0,524288,8388608,16777216,16777216,16777216,235,128,256,256,256,512,435,524288,1048576,1048576,1048576,2097152,434,128,256,256,256,256,79,256,256,512,512,512,355,1,0,36284,17635,39568,0,41,20,0
47733961495600,1800,2048,8192,16384,12170,512,4096,8192,1866,4096,8192,16384,1490,4096,8192,16384,379,0,0,0,1,2048,8192,16384,400,512,4096,8192,1527,1024,4096,8192,268,0,0,0,0,512,65536,262144,18258,1048576,1048576,1048576,42,262144,524288,524288,42,524288,524288,524288,42,256,256,256,42,128,128,8192,42,128,512,4096,2577,128,512,1024,2325,128,512,4096,109522,128,512,4096,13410,64,256,512,1984,128,512,1024,3969,256,1024,1024,885,256,512,512,903,64,512,4096,23490,64,512,512,3042,64,512,1024,384,128,256,256,9,128,256,256,9,0,0,0,0,1024,2048,2048,12,1024,2048,2048,21,64,64,256,33,64,128,128,21,64,65536,131072,21,12.82,9.30,3.52,21,1,0,400,0,0,0,262144,262144,262144,262144,524288,21,0,0,0,0,524288,1,0,0,0,0,0,0,524288,1048576,1048576,1048576,1048576,399,0,0,0,0,0,0,0,0,0,0,0,0,0,0,0,0,0,0,524288,8388608,16777216,16777216,16777216,223,128,256,256,256,256,421,524288,1048576,1048576,1048576,1048576,421,128,256,256,256,256,21,256,256,512,512,512,400,2,0,37308,18096,40263,0,42,21,0
47734993603900,1890,2048,8192,16384,11743,512,4096,8192,1649,4096,8192,16384,1381,4096,8192,16384,347,0,0,0,0,2048,8192,8192,335,512,4096,8192,1404,1024,8192,8192,233,0,0,0,0,64,65536,262144,17201,1048576,1048576,1048576,41,262144,524288,524288,41,524288,524288,524288,41,256,256,512,41,64,128,2048,41,64,512,1024,3086,128,512,1024,2276,128,512,4096,105687,64,512,4096,12429,64,256,512,1993,128,512,4096,3267,256,1024,1024,923,256,512,1024,914,64,512,2048,22734,64,256,512,3087,64,512,1024,474,0,0,0,0,0,0,0,0,0,0,0,0,1024,2048,2048,95,1024,1024,1024,90,64,64,128,185,64,128,128,21,32768,65536,65536,21,14.25,10.34,3.91,90,0,0,335,0,0,0,262144,524288,524288,524288,524288,90,0,0,0,0,0,0,0,0,0,0,0,0,524288,1048576,1048576,2097152,16777216,338,0,0,0,0,0,0,0,0,0,0,0,0,0,0,0,0,0,0,524288,8388608,8388608,16777216,16777216,204,128,256,256,256,256,427,524288,1048576,1048576,2097152,16777216,428,128,256,256,256,256,90,256,256,512,512,512,338,0,0,34816,17231,39530,0,41,21,0
47736031299100,1900,2048,8192,16384,14096,512,4096,8192,2144,4096,8192,16384,1650,4096,8192,16384,440,8192,16384,16384,3,2048,8192,8192,440,512,4096,8192,1659,1024,4096,8192,274,0,0,0,0,64,65536,262144,20866,1048576,1048576,1048576,42,262144,524288,524288,42,524288,524288,524288,42,256,256,256,42,64,128,2048,42,128,512,1024,2619,128,512,2048,2529,128,512,4096,126864,64,512,1024,14850,64,256,512,2481,128,512,1024,4437,256,1024,1024,918,256,512,1024,936,64,512,1024,23850,64,256,512,3168,64,512,1024,522,64,512,512,27,128,512,512,27,0,0,0,0,1024,2048,2048,5,1024,1024,1024,10,64,64,64,15,64,128,128,21,64,32768,32768,21,13.80,10.03,3.76,10,3,0,440,0,0,0,262144,262144,262144,262144,262144,10,524288,524288,524288,524288,524288,3,0,0,0,0,0,0,524288,1048576,1048576,2097152,4194304,440,0,0,0,0,0,0,0,0,0,0,0,0,0,0,0,0,0,0,524288,8388608,16777216,33554432,134217728,194,128,256,256,512,512,453,524288,1048576,1048576,2097152,4194304,453,128,256,256,256,256,10,256,256,512,512,512,443,0,0,35927,20119,39622,1,42,21,0
47737067946000,1972,2048,8192,16384,13473,512,4096,8192,1950,4096,8192,16384,1596,4096,16384,16384,393,8192,16384,16384,5,2048,8192,16384,390,512,4096,8192,1598,1024,8192,16384,284,0,0,0,0,128,65536,131072,19815,1048576,1048576,1048576,41,524288,524288,524288,41,524288,524288,524288,41,256,256,512,41,64,8192,16384,41,64,512,4096,3432,128,512,1024,2784,128,512,4096,121257,64,512,4096,14364,64,256,512,2328,128,512,4096,3519,256,1024,1024,917,256,512,512,980,64,512,2048,24444,64,256,512,3447,64,512,1024,456,64,256,256,45,128,512,4096,45,0,0,0,0,2048,2048,2048,80,1024,2048,2048,77,64,64,128,157,64,128,128,20,32768,131072,131072,20,13.08,9.43,3.65,77,5,0,390,0,0,0,262144,524288,524288,524288,524288,77,524288,524288,524288,524288,1048576,5,0,0,0,0,0,0,524288,1048576,1048576,1048576,2097152,390,0,0,0,0,0,0,0,0,0,0,0,0,0,0,0,0,0,0,524288,8388608,8388608,8388608,16777216,259,128,256,256,256,256,472,524288,1048576,1048576,1048576,2097152,472,128,256,256,256,512,77,256,256,512,512,1024,395,0,0,39999,19801,43914,0,41,20,0
47738102662400,2000,2048,8192,16384,13601,512,4096,8192,2051,4096,8192,16384,1594,4096,16384,16384,427,8192,8192,8192,5,2048,8192,8192,445,512,4096,8192,1619,1024,4096,8192,284,0,0,0,0,64,65536,262144,20156,1048576,1048576,1048576,41,524288,524288,524288,41,524288,524288,524288,41,256,512,512,41,64,32768,32768,41,128,512,1024,2863,128,512,1024,2611,128,512,4096,122409,128,512,1024,14346,64,256,512,2342,128,512,1024,3681,512,1024,2048,876,256,512,1024,939,64,512,1024,24561,64,512,512,3276,64,512,1024,414,64,256,512,54,64,512,1024,45,0,0,0,0,2048,2048,2048,20,1024,1024,1024,23,64,64,64,43,64,128,128,21,64,65536,131072,21,13.58,9.43,4.15,23,5,0,445,0,0,0,262144,262144,524288,524288,524288,23,524288,524288,524288,524288,524288,5,0,0,0,0,0,0,524288,1048576,1048576,1048576,2097152,445,0,0,0,0,0,0,0,0,0,0,0,0,0,0,0,0,0,0,524288,8388608,8388608,8388608,16777216,245,128,256,256,256,256,473,524288,1048576,1048576,1048576,2097152,473,128,128,256,256,256,23,256,256,512,512,512,450,0,0,37088,19940,41802,0,41,21,0
47739187620300,2055,2048,8192,16384,14419,512,4096,8192,2024,4096,8192,16384,1704,4096,16384,16384,437,8192,8192,8192,6,2048,8192,8192,420,512,4096,8192,1744,1024,4096,8192,297,0,0,0,0,512,65536,262144,21189,1048576,1048576,1048576,44,524288,524288,524288,44,524288,524288,524288,44,256,512,512,44,64,128,128,44,64,512,1024,3211,128,512,1024,2716,128,512,4096,129771,128,512,1024,15336,64,256,512,2752,128,512,1024,3690,512,1024,4096,963,256,512,1024,1089,64,512,1024,25146,64,512,512,3474,64,256,512,594,64,256,512,63,64,512,512,54,0,0,0,0,2048,2048,4096,60,1024,2048,2048,55,64,64,128,115,64,128,128,22,32768,65536,65536,22,14.20,10.18,4.02,55,6,0,420,0,0,0,262144,524288,524288,524288,524288,55,524288,524288,524288,524288,524288,6,0,0,0,0,0,0,524288,1048576,1048576,2097152,2097152,418,0,0,0,0,0,0,0,0,0,0,0,0,0,0,0,0,0,0,524288,8388608,8388608,16777216,16777216,267,128,256,256,256,512,480,524288,1048576,1048576,2097152,2097152,479,128,256,256,256,256,55,256,256,512,512,512,424,1,0,40883,21097,43171,0,44,22,0
47740217874400,2100,2048,8192,16384,14005,512,4096,8192,2090,4096,8192,16384,1717,4096,8192,16384,460,8192,8192,8192,10,2048,8192,8192,439,512,4096,8192,1714,1024,4096,8192,306,0,0,0,0,64,65536,131072,20894,1048576,1048576,1048576,41,524288,524288,524288,41,524288,524288,524288,41,256,512,512,41,128,256,32768,41,128,512,1024,3123,128,512,1024,2718,128,512,4096,126045,128,512,1024,15453,64,256,512,2729,128,512,1024,4032,256,1024,1024,936,256,512,1024,1071,128,512,1024,24111,64,256,512,3267,64,512,512,456,128,256,512,90,128,512,1024,90,0,0,0,0,1024,2048,2048,40,1024,2048,2048,45,64,64,256,85,64,128,128,20,16384,32768,32768,20,15.32,10.50,4.83,45,10,0,439,6,2,0,262144,524288,524288,524288,524288,45,524288,1048576,1048576,1048576,1048576,10,0,0,0,0,0,0,524288,1048576,1048576,1048576,2097152,441,131072,131072,131072,131072,131072,6,65536,65536,65536,65536,524288,2,0,0,0,0,0,0,524288,8388608,16777216,16777216,16777216,255,128,256,256,256,512,503,524288,1048576,1048576,1048576,2097152,504,128,256,256,256,512,45,256,256,512,1024,1024,459,0,0,39247,20707,44515,0,41,20,0
47741254316500,2137,2048,8192,16384,14201,512,4096,8192,2095,4096,8192,16384,1677,4096,16384,16384,396,8192,8192,8192,10,2048,8192,8192,427,512,4096,8192,1682,1024,4096,8192,281,0,0,0,1,128,65536,262144,20919,1048576,1048576,1048576,41,524288,524288,524288,41,524288,524288,524288,41,256,512,512,41,128,32768,65536,42,128,512,1024,3225,128,512,1024,2892,128,512,4096,127809,128,512,1024,15093,64,256,512,2367,128,512,1024,3618,256,1024,4096,900,256,512,1024,1062,64,512,1024,23670,64,512,512,3042,64,512,1024,402,128,512,512,90,128,512,2048,90,0,128,128,9,1024,2048,16384,50,1024,2048,2048,38,64,64,512,88,64,128,128,21,128,65536,65536,21,11.82,9.31,2.52,38,10,0,427,11,8,0,262144,524288,524288,524288,524288,38,524288,1048576,1048576,1048576,1048576,10,0,0,0,0,0,0,524288,1048576,1048576,2097152,4194304,427,131072,131072,131072,131072,1048576,11,65536,131072,131072,131072,262144,8,0,0,0,0,0,0,524288,8388608,8388608,16777216,16777216,238,128,256,256,256,256,494,524288,1048576,1048576,2097152,4194304,494,128,256,256,256,256,38,256,256,1024,1024,2048,456,0,0,40473,20790,44452,0,41,21,0
47742290077500,2200,2048,8192,16384,14328,512,1024,4096,2186,4096,8192,16384,1746,4096,8192,16384,401,8192,16384,16384,10,2048,8192,8192,463,512,4096,8192,1767,1024,4096,16384,318,0,0,0,1,256,65536,131072,21431,1048576,1048576,1048576,42,524288,524288,524288,42,524288,524288,524288,42,256,512,512,42,64,128,16384,41,128,512,1024,3360,128,512,2048,2793,128,512,4096,128952,128,512,1024,15714,64,256,512,2509,128,512,1024,4149,256,1024,1024,1020,256,512,1024,1182,128,512,4096,24075,64,512,512,3384,64,512,512,360,128,512,512,108,64,512,4096,90,0,512,512,9,2048,2048,2048,50,1024,1024,2048,62,64,64,64,112,64,128,128,21,32768,65536,131072,21,14.45,9.42,5.03,62,10,0,463,20,7,0,262144,524288,524288,524288,524288,62,524288,524288,524288,524288,1048576,10,0,0,0,0,0,0,524288,1048576,1048576,1048576,1048576,462,131072,1048576,1048576,1048576,1048576,20,65536,131072,131072,131072,131072,7,0,0,0,0,0,0,524288,8388608,8388608,8388608,16777216,281,128,256,256,256,256,562,524288,1048576,1048576,1048576,1048576,561,128,256,256,256,512,62,256,512,1024,1024,1024,499,0,0,39443,21193,46250,0,42,21,0
47743326050400,2213,2048,8192,16384,14938,512,4096,8192,2202,4096,8192,16384,1819,4096,16384,16384,423,8192,8192,8192,11,2048,8192,8192,481,512,4096,8192,1853,1024,4096,16384,313,0,0,0,1,64,65536,262144,22256,1048576,1048576,1048576,41,524288,524288,524288,41,524288,524288,524288,41,256,1024,1024,41,64,16384,32768,41,128,512,1024,2564,128,512,1024,2447,128,512,4096,134442,64,512,1024,16371,64,256,512,2622,128,512,1024,4248,512,1024,4096,996,256,512,1024,1158,64,512,1024,22671,64,256,512,3105,64,256,512,504,64,512,512,117,128,512,1024,99,0,256,256,9,1024,2048,2048,19,1024,1024,1024,15,64,64,64,34,64,128,128,20,128,32768,32768,20,12.59,9.19,3.40,15,11,0,481,13,10,0,262144,524288,524288,524288,524288,15,524288,524288,524288,524288,1048576,11,0,0,0,0,0,0,524288,1048576,1048576,1048576,2097152,477,131072,524288,524288,524288,1048576,13,65536,524288,524288,524288,524288,10,0,0,0,0,0,0,524288,4194304,8388608,8388608,16777216,273,128,256,256,256,256,526,524288,1048576,1048576,1048576,2097152,526,128,256,256,256,256,15,256,256,1024,1024,1024,511,4,0,41374,21954,46151,0,41,20,0
47744357315800,2279,2048,8192,16384,14022,512,4096,8192,2248,4096,8192,16384,1706,4096,16384,16384,403,8192,8192,8192,11,2048,8192,8192,409,512,1024,8192,1747,1024,4096,8192,282,2048,4096,4096,4,128,65536,131072,21025,1048576,1048576,1048576,42,524288,524288,524288,42,524288,524288,524288,42,256,512,1024,42,64,16384,32768,42,64,512,1024,3299,128,512,1024,2705,128,512,4096,126198,128,512,1024,15354,64,256,512,2429,128,512,1024,3861,512,1024,1024,1035,256,512,1024,1179,128,512,4096,24048,64,512,512,3096,64,512,1024,396,64,256,512,63,128,512,4096,99,128,256,512,36,2048,2048,2048,66,1024,1024,2048,66,64,64,256,132,64,128,128,21,32768,65536,65536,21,14.48,11.33,3.15,66,11,0,409,18,17,0,262144,524288,524288,524288,524288,66,524288,524288,524288,524288,1048576,11,0,0,0,0,0,0,524288,1048576,1048576,1048576,2097152,414,131072,1048576,1048576,1048576,1048576,18,131072,524288,524288,524288,1048576,17,0,0,0,0,0,0,524288,8388608,8388608,8388608,8388608,275,128,256,256,256,256,525,524288,1048576,1048576,1048576,2097152,526,128,256,256,256,256,66,256,512,1024,1024,2048,460,0,0,40127,20821,46772,1,42,21,0
47745394899100,2300,2048,8192,16384,15813,512,4096,8192,2343,4096,8192,16384,1939,4096,16384,16384,433,8192,8192,8192,8,2048,8192,8192,516,512,4096,8192,1930,1024,2048,8192,346,0,0,0,0,64,65536,262144,23536,1048576,1048576,1048576,41,524288,524288,524288,41,524288,524288,524288,41,256,512,512,41,64,32768,32768,41,128,512,1024,3327,128,512,1024,3138,128,512,4096,142317,128,512,1024,17451,64,256,512,2435,128,512,1024,4275,512,1024,1024,849,256,512,2048,993,128,512,1024,22725,64,512,512,3222,64,256,512,516,128,256,512,81,128,256,512,72,0,0,0,0,1024,2048,2048,15,1024,2048,2048,19,64,64,256,34,64,128,128,21,64,32768,32768,21,14.19,9.80,4.40,19,8,0,516,27,20,0,262144,524288,524288,524288,524288,19,524288,1048576,1048576,1048576,1048576,8,0,0,0,0,0,0,524288,1048576,1048576,1048576,2097152,514,524288,1048576,1048576,1048576,1048576,27,65536,524288,524288,524288,524288,20,0,0,0,0,0,0,524288,8388608,8388608,8388608,8388608,279,128,256,256,256,256,589,524288,1048576,1048576,1048576,2097152,588,128,256,256,256,256,19,256,512,1024,1024,1024,569,1,0,40574,23150,46999,0,41,21,0
47746430418700,2336,2048,8192,16384,15109,512,4096,8192,2255,4096,8192,16384,1862,4096,8192,16384,467,8192,8192,8192,7,2048,8192,8192,471,512,4096,8192,1884,1024,4096,8192,301,0,0,0,1,64,65536,524288,22539,1048576,1048576,1048576,42,524288,524288,524288,42,524288,524288,524288,42,256,512,512,42,64,16384,32768,42,128,512,1024,3353,128,512,1024,3029,128,512,4096,135981,128,512,1024,16758,64,256,512,2649,128,512,1024,4392,512,1024,1024,1038,256,512,1024,1155,128,512,1024,23103,64,512,1024,3177,64,512,1024,429,128,256,512,81,256,512,1024,63,0,512,512,9,2048,2048,4096,42,1024,2048,2048,39,64,64,64,81,64,128,128,21,16384,32768,32768,21,13.08,9.56,3.52,39,7,0,471,26,27,0,262144,524288,524288,524288,524288,38,524288,1048576,1048576,1048576,1048576,7,0,0,0,0,0,0,524288,1048576,1048576,1048576,2097152,472,131072,1048576,1048576,1048576,1048576,26,65536,262144,524288,524288,1048576,27,0,0,0,0,0,0,262144,8388608,8388608,16777216,16777216,287,128,256,256,256,256,570,524288,1048576,1048576,1048576,2097152,570,128,256,256,256,256,38,256,512,1024,1024,2048,532,1,0,40672,22274,46025,0,42,21,0
47747464523400,2382,2048,8192,16384,15233,512,1024,8192,2394,4096,8192,16384,1874,4096,8192,16384,471,8192,16384,16384,15,2048,8192,8192,520,512,4096,8192,1874,1024,4096,8192,338,0,0,0,1,128,65536,262144,22915,1048576,1048576,1048576,41,524288,524288,524288,41,524288,524288,524288,41,256,512,512,41,64,32768,65536,41,128,512,1024,3247,128,512,1024,2833,128,512,4096,137097,128,512,1024,16866,64,256,512,2518,128,512,1024,4464,512,1024,2048,963,256,512,1024,1053,128,512,1024,22212,64,512,1024,3339,64,512,512,477,64,512,1024,126,128,512,1024,135,128,256,256,9,2048,2048,2048,45,1024,2048,2048,46,64,64,64,91,64,128,128,20,32768,65536,65536,20,13.09,9.44,3.65,46,15,0,520,28,27,0,262144,524288,524288,524288,524288,47,524288,1048576,1048576,1048576,1048576,15,0,0,0,0,0,0,524288,1048576,1048576,1048576,2097152,521,524288,1048576,1048576,1048576,1048576,28,65536,524288,524288,524288,524288,27,0,0,0,0,0,0,262144,8388608,8388608,8388608,8388608,259,128,128,256,256,256,637,524288,1048576,1048576,1048576,2097152,638,128,256,512,512,512,47,256,512,1024,2048,2048,591,0,0,40097,22570,47945,0,41,20,0
47748501548000,2400,2048,8192,16384,16019,512,1024,8192,2553,4096,8192,16384,1955,4096,8192,32768,464,8192,8192,8192,7,2048,4096,8192,481,512,4096,8192,1959,1024,4096,8192,364,2048,2048,2048,3,64,65536,262144,23989,1048576,1048576,1048576,41,524288,524288,524288,41,524288,524288,524288,41,256,256,512,41,64,8192,16384,41,128,512,1024,3431,128,512,1024,3269,128,512,4096,144171,128,512,1024,17595,64,256,512,2357,128,512,1024,4599,512,1024,1024,987,256,512,1024,1014,128,512,1024,24552,64,512,512,3096,64,512,512,576,64,256,256,27,128,256,256,63,64,512,512,27,1024,2048,2048,13,1024,1024,1024,15,64,64,64,28,64,128,128,21,128,32768,32768,21,14.31,11.05,3.26,15,7,0,481,32,29,0,262144,524288,524288,524288,524288,15,524288,524288,524288,524288,524288,7,0,0,0,0,0,0,524288,1048576,1048576,1048576,2097152,481,524288,524288,1048576,1048576,1048576,32,131072,524288,1048576,1048576,2097152,29,0,0,0,0,0,0,524288,4194304,8388608,8388608,8388608,284,128,256,256,256,256,564,524288,1048576,1048576,2097152,2097152,564,128,256,256,256,256,15,256,512,1024,1024,2048,549,0,0,41484,23554,47685,0,41,21,0
47749535303500,2430,2048,8192,16384,15627,512,1024,4096,2429,4096,8192,16384,1897,4096,8192,16384,478,8192,8192,8192,6,2048,4096,8192,481,512,1024,4096,1935,1024,4096,8192,309,0,0,0,0,64,65536,262144,23348,1048576,1048576,1048576,42,524288,524288,524288,42,524288,524288,524288,42,256,512,512,42,64,32768,65536,42,128,512,1024,3465,128,512,1024,3195,128,512,4096,140643,128,512,1024,17073,64,256,512,2510,128,512,1024,4815,256,1024,2048,992,256,512,1024,1001,128,512,1024,25911,64,256,512,3438,64,512,1024,525,128,512,1024,72,128,512,1024,54,0,0,0,0,2048,2048,2048,33,1024,2048,2048,30,64,64,128,63,64,128,128,21,16384,32768,32768,21,13.72,10.07,3.65,30,6,0,481,25,24,0,262144,524288,524288,524288,524288,30,524288,1048576,1048576,1048576,1048576,6,0,0,0,0,0,0,524288,1048576,1048576,2097152,16777216,481,131072,1048576,1048576,1048576,1048576,25,65536,524288,524288,524288,524288,24,0,0,0,0,0,0,524288,8388608,8388608,8388608,8388608,278,128,256,256,256,512,566,524288,1048576,1048576,2097152,16777216,566,128,256,256,256,512,30,256,512,1024,1024,1024,536,0,0,41142,22956,47159,0,42,21,0
47750569703000,2466,2048,8192,16384,15506,512,1024,4096,2470,4096,8192,16384,1962,4096,8192,16384,536,8192,8192,8192,8,2048,4096,8192,501,512,1024,8192,1987,1024,4096,8192,315,0,0,0,0,64,65536,262144,23459,1048576,1048576,1048576,41,524288,524288,524288,41,524288,524288,524288,41,256,512,512,41,64,8192,32768,41,64,512,1024,3699,128,512,1024,3375,128,512,4096,139554,128,512,1024,17658,64,256,512,2652,128,512,1024,4941,256,1024,4096,1019,256,512,1024,1037,128,512,4096,23967,64,256,512,3366,64,512,4096,579,64,256,512,63,256,512,1024,72,0,0,0,0,2048,2048,2048,38,1024,1024,2048,38,64,64,128,76,64,128,128,20,16384,32768,32768,20,13.35,8.81,4.53,38,8,0,501,24,33,0,262144,524288,524288,524288,524288,38,524288,1048576,1048576,1048576,1048576,8,0,0,0,0,0,0,524288,1048576,1048576,1048576,1048576,501,524288,1048576,1048576,1048576,1048576,24,131072,524288,524288,524288,1048576,33,0,0,0,0,0,0,262144,4194304,8388608,8388608,8388608,283,128,256,256,512,512,604,524288,1048576,1048576,1048576,1048576,604,128,256,256,256,256,38,256,512,1024,1024,2048,566,0,0,39523,22988,47135,0,41,20,0
47751606584600,2500,2048,8192,16384,16835,512,1024,8192,2569,4096,8192,16384,2041,4096,8192,16384,502,8192,8192,8192,13,2048,4096,8192,520,512,1024,8192,2038,1024,4096,8192,365,0,0,0,0,64,65536,262144,25057,1048576,1048576,1048576,42,524288,524288,524288,42,524288,524288,524288,42,256,512,1024,42,128,32768,65536,42,128,512,1024,3762,128,512,1024,3456,128,512,2048,151515,128,512,1024,18369,64,256,512,2831,128,512,1024,4725,256,1024,1024,1164,256,512,1024,1200,128,512,1024,25218,64,512,512,3690,128,256,512,462,128,512,512,126,128,512,4096,117,0,0,0,0,2048,2048,2048,29,1024,1024,2048,32,64,64,128,61,64,128,128,21,16384,32768,32768,21,17.09,11.31,5.78,32,13,0,520,28,39,0,262144,524288,524288,524288,524288,32,524288,1048576,1048576,1048576,1048576,13,0,0,0,0,0,0,524288,1048576,1048576,1048576,2097152,519,524288,1048576,1048576,1048576,1048576,28,65536,524288,524288,524288,524288,39,0,0,0,0,0,0,524288,4194304,8388608,8388608,8388608,298,128,256,256,512,512,632,524288,1048576,1048576,1048576,2097152,631,128,256,256,256,256,32,256,512,1024,1024,2048,599,0,0,40798,24647,47553,0,42,21,0
47752641203100,2425,2048,8192,16384,16302,512,1024,4096,2367,4096,8192,16384,1967,4096,8192,16384,517,8192,16384,16384,10,2048,8192,8192,512,512,1024,4096,1965,1024,2048,8192,337,2048,4096,4096,4,64,65536,262144,24130,1048576,1048576,1048576,41,524288,524288,524288,41,524288,524288,524288,41,256,512,512,41,128,4096,32768,41,128,512,1024,3445,64,512,1024,4120,128,512,1024,146718,128,512,1024,17703,64,256,512,2970,128,512,1024,4491,256,1024,1024,1050,256,512,512,1095,64,512,512,24336,64,512,512,3654,64,256,512,537,64,256,1024,144,128,512,4096,90,128,256,256,36,0,0,0,0,0,0,0,0,0,0,0,0,64,128,128,21,64,128,128,21,12.35,9.33,3.02,0,10,0,512,33,42,75,0,0,0,0,0,0,524288,1048576,1048576,1048576,1048576,10,0,0,0,0,0,0,524288,1048576,1048576,2097152,4194304,512,131072,524288,524288,524288,1048576,33,131072,524288,524288,524288,1048576,42,1048576,1048576,1048576,1048576,1048576,75,262144,4194304,8388608,8388608,8388608,245,128,256,256,256,256,672,524288,1048576,1048576,2097152,4194304,672,0,0,0,0,0,0,256,512,1024,1024,1024,672,0,0,40012,23677,47819,0,41,21,0
47753676824200,2425,2048,8192,16384,16369,512,4096,8192,2399,4096,8192,16384,2018,4096,8192,16384,542,8192,8192,16384,22,2048,4096,8192,535,512,4096,4096,2015,1024,4096,8192,353,0,0,0,0,64,65536,262144,24437,1048576,1048576,1048576,41,524288,524288,524288,41,524288,524288,524288,41,512,1024,1024,41,64,16384,32768,41,128,512,1024,3233,128,512,1024,3233,128,512,4096,147321,128,512,1024,18162,64,256,512,3020,128,512,1024,4563,256,1024,1024,1062,256,512,1024,1215,64,512,1024,23985,64,256,512,3510,64,256,1024,732,64,512,1024,180,128,512,1024,198,0,0,0,0,0,0,0,0,0,0,0,0,0,0,0,0,64,128,128,20,64,128,128,20,18.08,11.42,6.65,0,22,0,535,46,46,0,0,0,0,0,0,0,524288,524288,1048576,1048576,1048576,22,0,0,0,0,0,0,524288,1048576,1048576,1048576,1048576,536,524288,524288,1048576,1048576,1048576,46,65536,524288,1048576,1048576,1048576,46,0,0,0,0,0,0,262144,4194304,8388608,8388608,8388608,271,64,256,256,256,256,649,524288,1048576,1048576,1048576,1048576,650,0,0,0,0,0,0,256,256,512,512,1024,650,0,0,42199,24030,47284,0,41,20,0
47754711748600,2436,2048,8192,16384,16083,512,4096,8192,2524,4096,8192,16384,1928,4096,8192,16384,558,8192,8192,8192,17,2048,8192,8192,497,512,4096,8192,1981,1024,4096,8192,325,0,0,0,0,64,65536,262144,24086,1048576,1048576,1048576,42,524288,524288,524288,42,524288,524288,524288,42,512,512,1024,42,64,16384,32768,42,128,512,1024,3262,128,512,1024,3163,128,512,4096,144747,128,512,1024,17352,64,256,512,3010,128,512,1024,4383,256,1024,1024,1101,256,512,512,1263,64,512,1024,25470,64,256,512,3672,64,512,512,486,64,256,512,126,128,512,1024,153,0,0,0,0,2048,2048,2048,12,1024,2048,2048,11,64,64,64,23,64,128,128,21,64,32768,32768,21,11.32,8.18,3.14,11,17,2,497,52,39,0,262144,524288,524288,524288,524288,11,524288,524288,524288,524288,524288,16,524288,524288,524288,524288,524288,2,524288,1048576,1048576,1048576,2097152,493,524288,1048576,1048576,1048576,1048576,52,65536,524288,524288,524288,1048576,39,0,0,0,0,0,0,262144,4194304,8388608,8388608,8388608,311,128,256,256,256,256,614,524288,1048576,1048576,1048576,2097152,613,128,256,256,256,256,11,256,256,512,512,512,602,4,0,42370,23694,47080,0,42,21,0
47755747664900,2466,2048,8192,16384,16334,512,4096,8192,2561,4096,8192,16384,2060,4096,8192,16384,488,8192,8192,8192,17,2048,8192,8192,494,512,4096,8192,2013,1024,4096,8192,355,4096,4096,4096,3,64,65536,262144,24471,1048576,1048576,1048576,41,524288,524288,524288,41,524288,524288,524288,41,512,512,1024,41,64,2048,4096,41,64,512,1024,3397,128,512,1024,3127,128,512,4096,147006,128,512,1024,18540,64,256,512,2973,128,512,1024,3726,256,1024,2048,1098,256,512,1024,1134,64,512,1024,24597,64,512,512,3303,64,256,512,612,64,256,512,144,128,512,512,153,256,256,256,27,1024,2048,2048,32,1024,1024,1024,32,64,64,128,64,64,128,128,21,16384,32768,32768,21,16.98,10.44,6.54,32,17,7,494,40,33,0,262144,524288,524288,524288,524288,31,524288,1048576,1048576,1048576,1048576,18,524288,524288,524288,524288,524288,7,524288,1048576,1048576,1048576,4194304,494,131072,1048576,1048576,1048576,1048576,40,131072,524288,524288,524288,1048576,33,0,0,0,0,0,0,262144,4194304,8388608,8388608,8388608,302,64,256,256,256,256,623,524288,1048576,1048576,1048576,4194304,623,128,256,256,256,256,31,256,256,512,512,512,592,4,0,41608,24070,47731,0,41,21,0
47756783513600,2491,2048,8192,16384,16754,512,1024,8192,2427,4096,8192,16384,1907,4096,8192,16384,526,8192,8192,8192,19,2048,4096,8192,508,512,1024,8192,1934,1024,2048,4096,304,2048,2048,2048,2,128,65536,262144,24569,1048576,1048576,1048576,42,524288,524288,524288,42,524288,524288,524288,42,512,1024,1024,42,64,128,32768,42,128,512,1024,3393,128,512,1024,3168,128,512,1024,150786,128,512,1024,17163,64,256,512,3150,128,512,512,4239,256,1024,1024,1110,256,512,512,1164,64,512,1024,25920,64,512,512,3699,64,256,512,579,128,512,512,198,128,512,512,171,64,256,256,18,2048,2048,2048,26,1024,1024,1024,24,64,64,128,50,64,128,128,21,16384,32768,32768,21,14.07,9.80,4.27,24,19,13,508,51,42,0,262144,524288,524288,524288,524288,25,524288,524288,524288,524288,1048576,19,524288,524288,524288,524288,1048576,13,524288,1048576,1048576,1048576,2097152,512,524288,1048576,1048576,1048576,1048576,51,65536,524288,524288,524288,524288,42,0,0,0,0,0,0,524288,4194304,8388608,8388608,8388608,264,64,128,256,256,512,661,524288,1048576,1048576,1048576,2097152,662,128,256,256,256,256,25,256,256,512,512,512,637,0,0,39513,24160,47486,0,42,21,0
47757817822100,2500,2048,8192,16384,16356,512,4096,8192,2549,4096,8192,16384,2034,4096,8192,16384,507,8192,8192,8192,25,2048,4096,8192,498,512,4096,8192,2025,1024,2048,8192,344,0,0,0,1,128,65536,262144,24541,1048576,1048576,1048576,41,524288,524288,524288,41,524288,524288,524288,41,512,1024,1024,41,64,32768,65536,41,64,512,1024,3215,128,512,1024,3134,128,512,1024,147204,64,512,1024,18306,64,256,512,2858,128,512,1024,4293,256,1024,1024,1032,256,512,1024,1239,64,512,512,24633,64,256,512,3474,64,256,512,621,128,512,1024,198,128,512,1024,225,256,256,256,9,1024,2048,2048,5,1024,1024,1024,8,64,128,128,13,64,128,128,20,64,32768,32768,20,13.61,10.59,3.02,8,25,16,498,34,41,0,262144,524288,524288,524288,524288,8,524288,1048576,1048576,1048576,1048576,25,524288,1048576,1048576,1048576,1048576,16,524288,1048576,1048576,1048576,2097152,495,131072,524288,1048576,1048576,1048576,34,65536,524288,524288,524288,524288,41,0,0,0,0,0,0,524288,4194304,8388608,8388608,8388608,293,128,256,256,256,1024,620,524288,1048576,1048576,1048576,2097152,619,128,256,256,256,512,8,256,256,512,512,16384,611,2,0,40620,24022,47260,0,41,20,0
47758852006300,2500,2048,8192,16384,16994,512,1024,8192,2504,4096,8192,16384,2044,4096,8192,16384,511,8192,8192,8192,14,2048,4096,8192,518,512,4096,4096,2071,1024,2048,4096,379,0,0,0,1,64,65536,262144,25270,1048576,1048576,1048576,41,524288,524288,524288,41,524288,524288,524288,41,256,512,1024,41,64,1024,16384,41,128,512,1024,3021,128,512,1024,3021,128,512,1024,152946,64,512,1024,18396,64,256,512,3077,128,512,1024,4338,256,1024,2048,1053,256,512,1024,1233,64,512,512,23949,64,256,512,3582,64,512,512,393,64,512,512,189,64,512,1024,126,0,512,512,9,0,0,0,0,0,0,0,0,0,0,0,0,64,128,128,21,64,128,128,21,13.45,10.18,3.27,0,14,34,518,48,61,0,0,0,0,0,0,0,524288,1048576,1048576,1048576,1048576,14,524288,1048576,1048576,1048576,1048576,34,524288,1048576,1048576,1048576,2097152,520,131072,524288,1048576,1048576,1048576,48,131072,524288,1048576,1048576,1048576,61,0,0,0,0,0,0,262144,4194304,8388608,8388608,8388608,291,64,128,256,256,256,677,524288,1048576,1048576,1048576,2097152,677,0,0,0,0,0,0,256,256,512,1024,1024,677,0,0,38715,24657,46832,0,41,21,0
47759887144300,2500,2048,8192,16384,16660,512,1024,4096,2502,4096,8192,16384,1980,4096,8192,16384,422,8192,8192,8192,19,2048,4096,8192,537,512,4096,8192,1984,1024,4096,8192,351,0,0,0,1,64,65536,262144,24670,1048576,1048576,1048576,42,524288,524288,1048576,42,524288,524288,524288,42,512,1024,1024,42,128,8192,32768,42,128,512,1024,3429,128,512,1024,3429,128,512,1024,149940,128,512,1024,17820,64,256,512,2558,128,512,1024,3654,512,1024,1024,1076,256,512,1024,1166,64,512,512,24156,64,256,512,2907,64,512,512,618,64,256,512,171,128,512,512,171,256,256,256,9,0,0,0,0,0,0,0,0,0,0,0,0,64,128,128,21,64,128,128,21,14.60,9.44,5.16,0,19,23,537,49,58,0,0,0,0,0,0,0,524288,1048576,1048576,1048576,1048576,19,524288,524288,524288,524288,1048576,23,524288,1048576,1048576,2097152,2097152,538,524288,1048576,1048576,1048576,1048576,49,131072,524288,524288,524288,1048576,58,0,0,0,0,0,0,131072,4194304,8388608,8388608,8388608,288,64,256,256,256,512,686,524288,1048576,1048576,2097152,2097152,687,0,0,0,0,0,0,256,256,512,512,1024,687,0,0,38820,24167,46886,0,42,21,0
47760921865800,2500,2048,8192,16384,17068,512,1024,4096,2499,4096,8192,16384,2045,4096,8192,16384,527,8192,8192,8192,24,2048,4096,8192,505,512,4096,4096,2020,1024,2048,4096,332,0,0,0,1,64,65536,262144,25222,1048576,1048576,1048576,41,524288,524288,524288,41,524288,524288,524288,41,512,1024,1024,41,64,256,32768,41,128,512,1024,3262,128,512,1024,3262,128,512,1024,153612,128,512,1024,18405,64,256,512,3022,128,512,1024,4347,256,1024,1024,1074,256,512,1024,1236,64,512,512,23832,64,256,512,3492,64,256,512,456,64,512,512,243,128,512,1024,216,128,256,256,9,0,0,0,0,0,0,0,0,0,0,0,0,64,128,128,20,64,128,128,20,14.84,10.06,4.78,0,24,15,505,55,50,0,0,0,0,0,0,0,524288,1048576,1048576,1048576,1048576,24,524288,1048576,1048576,1048576,1048576,15,524288,1048576,1048576,2097152,16777216,502,131072,1048576,1048576,1048576,1048576,55,65536,524288,524288,524288,524288,50,0,0,0,0,0,0,262144,4194304,8388608,8388608,8388608,305,64,256,256,256,256,647,524288,1048576,1048576,2097152,16777216,646,0,0,0,0,0,0,256,256,512,512,512,646,2,0,38745,24702,46686,0,41,20,0
47761958143400,2500,2048,8192,16384,16764,512,4096,8192,2506,4096,8192,16384,2007,4096,8192,16384,507,8192,8192,8192,26,2048,4096,8192,502,512,4096,8192,2026,1024,4096,8192,341,4096,4096,4096,3,64,65536,262144,24914,1048576,1048576,1048576,42,524288,524288,524288,42,524288,524288,524288,42,512,1024,1024,42,64,8192,32768,42,128,512,1024,3012,128,512,1024,3012,128,512,2048,150876,128,512,1024,18063,64,256,512,2583,128,512,1024,4428,256,1024,1024,996,256,512,1024,1014,64,512,512,23805,64,256,512,3402,64,256,512,459,128,512,1024,162,128,512,1024,234,128,512,512,27,0,0,0,0,0,0,0,0,0,0,0,0,64,128,128,21,64,128,128,21,11.94,9.17,2.76,0,26,18,502,70,72,0,0,0,0,0,0,0,524288,524288,524288,524288,524288,26,524288,1048576,1048576,1048576,1048576,18,524288,1048576,1048576,1048576,2097152,504,131072,524288,1048576,1048576,1048576,69,65536,524288,524288,524288,1048576,69,0,0,0,0,0,0,262144,4194304,4194304,8388608,8388608,301,64,256,256,256,1024,686,524288,1048576,1048576,1048576,2097152,686,0,0,0,0,0,0,256,256,512,512,512,686,4,0,40826,24476,47179,0,42,21,0
47762993510700,2425,2048,8192,16384,17016,512,4096,4096,2577,4096,8192,16384,2034,4096,8192,16384,481,8192,16384,16384,18,2048,8192,8192,523,512,4096,8192,2025,1024,4096,8192,350,4096,4096,4096,2,64,65536,131072,25233,1048576,1048576,1048576,41,524288,524288,524288,41,524288,524288,524288,41,512,1024,1024,41,64,128,32768,41,128,512,512,3254,64,512,1024,3929,128,512,1024,153144,64,512,1024,18306,64,256,512,2514,128,512,1024,4302,256,1024,1024,1218,256,512,512,1263,64,512,512,24381,64,256,512,3276,64,256,512,515,64,256,512,180,128,512,4096,162,128,512,512,18,0,0,0,0,0,0,0,0,0,0,0,0,64,128,128,21,64,128,128,21,13.58,10.19,3.40,0,18,18,523,57,54,75,0,0,0,0,0,0,524288,1048576,1048576,1048576,1048576,18,524288,1048576,1048576,1048576,1048576,18,524288,1048576,1048576,1048576,4194304,524,524288,524288,1048576,1048576,1048576,58,65536,524288,1048576,1048576,1048576,57,1048576,1048576,1048576,1048576,2097152,75,262144,4194304,8388608,8388608,8388608,244,128,256,256,512,8192,749,524288,1048576,1048576,2097152,4194304,750,0,0,0,0,0,0,256,256,512,512,512,750,0,0,39785,24813,48114,0,41,21,0
47764029007600,2425,2048,8192,16384,16591,512,4096,8192,2439,4096,8192,8192,1988,4096,8192,16384,489,8192,8192,8192,16,2048,4096,8192,509,512,4096,8192,2000,1024,2048,8192,321,0,0,0,0,64,65536,262144,24545,1048576,1048576,1048576,41,524288,524288,524288,41,524288,524288,524288,41,512,512,512,41,64,16384,32768,42,128,512,1024,3058,128,512,1024,3058,128,512,1024,149319,64,512,1024,17892,64,256,512,2747,128,512,512,4248,256,1024,1024,1176,256,512,512,1086,64,512,512,24237,64,256,512,3393,64,256,1024,636,128,512,512,135,256,512,1024,144,0,0,0,0,0,0,0,0,0,0,0,0,0,0,0,0,64,128,128,21,64,64,64,21,13.71,9.56,4.15,0,16,22,509,51,56,0,0,0,0,0,0,0,524288,524288,524288,524288,1048576,16,524288,1048576,1048576,1048576,1048576,22,524288,1048576,1048576,1048576,1048576,509,524288,524288,1048576,1048576,1048576,51,65536,524288,524288,524288,524288,56,0,0,0,0,0,0,524288,4194304,8388608,8388608,8388608,283,64,128,256,256,256,654,524288,1048576,1048576,1048576,1048576,654,0,0,0,0,0,0,256,256,512,512,512,654,0,0,39123,24137,46146,0,41,21,0
47765063995500,2443,2048,8192,16384,16361,512,4096,8192,2389,4096,8192,16384,1954,4096,8192,16384,473,8192,8192,8192,25,2048,4096,8192,491,512,4096,4096,1942,1024,4096,8192,322,2048,2048,2048,2,64,65536,131072,24176,1048576,1048576,1048576,42,524288,524288,524288,42,524288,524288,524288,42,512,1024,1024,42,64,2048,16384,41,128,512,1024,3254,128,512,1024,3092,128,512,1024,147249,128,512,512,17586,64,256,512,2516,128,512,1024,4122,256,1024,2048,1179,256,512,1024,1179,64,512,512,24120,64,256,512,3384,64,512,512,567,64,512,1024,225,128,512,512,225,128,512,512,18,2048,2048,2048,22,1024,1024,1024,19,64,64,256,41,64,128,128,20,128,32768,32768,20,15.09,11.07,4.02,19,25,21,491,62,53,0,262144,524288,524288,524288,524288,19,524288,524288,1048576,1048576,1048576,25,524288,524288,1048576,1048576,1048576,21,524288,1048576,1048576,1048576,1048576,489,262144,1048576,1048576,1048576,2097152,62,65536,1048576,1048576,1048576,1048576,53,0,0,0,0,0,0,524288,4194304,4194304,8388608,8388608,292,64,128,256,256,512,670,524288,1048576,1048576,1048576,2097152,669,128,256,256,256,256,19,256,256,512,512,1024,650,1,0,39416,23801,47434,0,42,20,0
47766098743600,2460,2048,8192,16384,16864,512,4096,8192,2480,4096,8192,16384,1957,4096,8192,16384,519,8192,8192,8192,24,2048,4096,8192,479,512,2048,4096,1991,1024,4096,8192,363,2048,4096,4096,3,64,65536,131072,24875,1048576,1048576,1048576,41,524288,524288,524288,41,524288,524288,524288,41,512,512,1024,41,64,16384,65536,41,64,512,512,3225,128,512,512,3072,128,512,1024,151776,128,512,1024,17613,64,256,512,2786,128,512,1024,4590,256,1024,1024,1068,256,512,4096,1194,64,512,512,22815,64,256,512,3339,64,512,512,465,64,256,512,216,128,512,1024,216,128,256,512,27,2048,2048,2048,22,1024,1024,1024,25,64,64,64,47,64,128,128,21,16384,16384,16384,21,13.60,10.32,3.27,25,24,21,479,63,57,0,262144,524288,524288,524288,524288,16,524288,2097152,2097152,2097152,2097152,19,524288,2097152,2097152,2097152,8388608,16,524288,2097152,8388608,8388608,8388608,365,131072,2097152,2097152,2097152,8388608,41,65536,2097152,2097152,2097152,2097152,40,0,0,0,0,0,0,131072,4194304,8388608,8388608,16777216,158,128,256,256,256,512,497,524288,2097152,8388608,8388608,8388608,497,128,256,256,256,256,16,256,256,512,512,512,481,173,0,38199,24382,45701,0,41,21,0
47767133814700,2473,2048,8192,16384,16607,512,4096,4096,2504,4096,8192,16384,1991,4096,8192,16384,519,8192,8192,8192,23,2048,8192,8192,545,512,4096,8192,2034,1024,4096,8192,335,0,0,0,0,64,65536,262144,24718,1048576,1048576,1048576,42,524288,524288,524288,42,524288,524288,524288,42,512,1024,1024,42,64,16384,32768,42,64,512,1024,3626,128,512,1024,3509,128,512,1024,149463,64,512,1024,17919,64,256,512,2612,128,512,1024,4338,256,1024,1024,1158,256,512,1024,1194,64,512,512,24057,64,256,512,3033,64,256,512,543,128,512,512,207,128,512,512,207,0,0,0,0,1024,2048,2048,29,1024,2048,2048,26,64,64,64,55,64,128,128,21,8192,16384,16384,21,13.57,9.55,4.02,26,23,21,545,72,74,0,262144,262144,262144,262144,524288,13,2097152,2097152,2097152,2097152,2097152,9,2097152,4194304,4194304,4194304,4194304,9,2097152,4194304,4194304,4194304,4194304,202,524288,4194304,4194304,4194304,4194304,40,131072,2097152,2097152,2097152,4194304,31,0,0,0,0,0,0,0,0,0,0,0,0,128,256,256,256,256,304,2097152,4194304,4194304,4194304,4194304,304,128,256,256,256,512,13,256,512,512,512,512,291,630,0,39825,24291,45604,0,42,21,0
47768171135700,2482,2048,8192,16384,16454,512,4096,8192,2466,4096,8192,16384,2022,4096,8192,16384,543,8192,16384,16384,28,2048,4096,8192,499,512,4096,8192,1951,1024,4096,8192,364,0,0,0,0,64,65536,262144,24489,1048576,1048576,1048576,41,524288,524288,524288,41,524288,524288,524288,41,512,1024,1024,41,64,8192,16384,41,64,512,1024,3323,128,512,1024,3242,128,512,4096,148086,64,512,1024,18198,64,256,512,2849,128,512,1024,4329,256,1024,1024,1281,256,512,1024,1335,64,512,512,23553,64,256,512,3366,64,256,512,423,64,256,512,279,128,512,4096,252,0,0,0,0,1024,1024,1024,2,1024,1024,1024,5,64,64,64,7,64,128,128,20,128,16384,16384,20,14.35,9.69,4.66,5,28,28,499,62,59,0,262144,524288,524288,524288,524288,10,2097152,2097152,2097152,2097152,2097152,11,2097152,2097152,2097152,2097152,4194304,4,2097152,2097152,4194304,4194304,4194304,234,2097152,2097152,2097152,2097152,2097152,27,131072,2097152,2097152,2097152,2097152,23,0,0,0,0,0,0,0,0,0,0,0,0,128,256,256,256,512,309,2097152,2097152,4194304,4194304,4194304,309,128,256,256,256,512,10,256,512,512,512,1024,299,1002,0,41868,24112,46247,0,41,20,0
47769205097600,2494,2048,8192,16384,17138,512,1024,4096,2501,4096,8192,16384,2042,4096,8192,16384,527,8192,8192,8192,21,2048,8192,8192,527,512,4096,8192,2081,1024,4096,8192,362,0,0,0,0,64,65536,262144,25370,1048576,1048576,1048576,42,524288,524288,524288,42,524288,524288,524288,42,512,1024,1024,42,128,16384,65536,42,128,512,1024,3355,128,512,1024,3247,128,512,1024,154242,128,512,1024,18378,64,256,512,2921,128,512,1024,4203,256,1024,2048,1223,256,512,512,1169,64,512,512,23004,64,256,512,3366,64,512,1024,504,64,256,4096,171,128,512,1024,189,0,0,0,0,0,0,0,0,0,0,0,0,0,0,0,0,64,128,128,21,128,16384,32768,21,15.09,11.19,3.90,0,21,15,527,62,85,0,262144,524288,524288,524288,524288,12,2097152,2097152,2097152,2097152,4194304,8,2097152,2097152,2097152,2097152,2097152,13,2097152,2097152,4194304,4194304,4194304,224,131072,2097152,2097152,2097152,2097152,27,131072,2097152,4194304,4194304,4194304,37,0,0,0,0,0,0,0,0,0,0,0,0,128,256,256,512,512,321,2097152,2097152,4194304,4194304,4194304,321,256,512,512,512,512,12,256,512,512,1024,1024,309,1391,0,39542,24862,46016,0,42,21,0
47770239921300,2500,2048,8192,16384,16494,512,1024,4096,2497,4096,8192,16384,2000,4096,8192,16384,556,8192,8192,8192,19,2048,4096,8192,507,512,1024,8192,2014,1024,4096,8192,330,0,0,0,0,64,65536,524288,24570,1048576,1048576,1048576,41,524288,524288,524288,41,524288,524288,524288,41,512,1024,1024,41,64,16384,32768,41,128,512,512,3580,128,512,1024,3526,128,512,1024,148446,128,512,1024,18000,64,256,512,3061,128,512,1024,4302,256,1024,2048,1118,256,512,512,1226,64,512,512,23364,64,256,512,3150,64,256,512,486,64,256,512,207,128,512,4096,171,0,0,0,0,0,0,0,0,0,0,0,0,0,0,0,0,64,128,128,21,64,16384,16384,21,14.45,10.81,3.64,0,19,14,507,77,65,0,262144,524288,524288,524288,524288,5,2097152,2097152,2097152,2097152,4194304,9,2097152,2097152,2097152,2097152,2097152,13,2097152,2097152,4194304,4194304,4194304,226,262144,2097152,2097152,2097152,2097152,33,131072,4194304,4194304,4194304,4194304,19,0,0,0,0,0,0,0,0,0,0,0,0,128,256,256,512,512,305,2097152,2097152,4194304,4194304,4194304,305,128,256,256,256,512,5,256,512,512,512,512,300,1768,0,39543,24056,46027,0,41,21,0
47771276202500,2500,2048,8192,16384,16810,512,1024,4096,2500,4096,8192,16384,2041,4096,8192,16384,537,8192,16384,16384,20,2048,4096,8192,546,512,4096,4096,2041,1024,4096,8192,327,4096,4096,4096,3,64,65536,131072,25005,1048576,1048576,1048576,41,524288,524288,524288,41,524288,524288,524288,41,512,1024,1024,41,64,2048,8192,41,128,512,1024,3577,128,512,1024,3577,128,512,1024,151290,128,512,1024,18369,64,256,512,3088,128,512,1024,4032,256,1024,2048,1188,256,512,512,1179,64,512,512,23742,64,256,512,3114,64,512,512,447,128,256,512,180,128,512,1024,180,256,512,1024,27,0,0,0,0,0,0,0,0,0,0,0,0,64,128,128,20,64,128,128,20,15.58,11.06,4.52,0,20,17,546,68,72,0,0,0,0,0,0,0,2097152,2097152,2097152,2097152,4194304,16,2097152,2097152,2097152,2097152,4194304,12,2097152,2097152,4194304,4194304,8388608,209,2097152,2097152,2097152,2097152,2097152,23,131072,2097152,2097152,2097152,2097152,24,0,0,0,0,0,0,0,0,0,0,0,0,128,256,256,512,512,284,2097152,2097152,4194304,4194304,8388608,284,0,0,0,0,0,0,256,512,512,512,1024,284,2207,0,39162,24494,45631,0,41,20,0
47772311627200,2500,2048,8192,16384,16685,512,1024,4096,2810,4096,8192,16384,2028,4096,8192,16384,528,8192,8192,16384,38,2048,4096,8192,510,512,1024,4096,2013,1024,4096,8192,321,0,0,0,1,64,65536,262144,25154,1048576,1048576,1048576,42,524288,524288,524288,42,524288,524288,524288,42,1024,1024,2048,42,64,16384,32768,42,128,512,1024,3219,128,512,1024,3219,128,512,1024,150165,128,512,1024,18252,64,256,512,2921,128,512,1024,4212,256,1024,1024,1232,256,512,1024,1475,64,512,512,23400,64,256,512,3240,64,256,512,510,128,256,512,342,128,512,1024,342,256,512,512,9,0,0,0,0,0,0,0,0,0,0,0,0,64,64,128,21,64,128,128,21,13.72,9.82,3.90,0,38,14,510,75,78,0,0,0,0,0,0,0,2097152,2097152,2097152,2097152,2097152,11,2097152,2097152,2097152,2097152,2097152,8,2097152,2097152,4194304,4194304,4194304,229,131072,2097152,2097152,2097152,2097152,26,131072,2097152,2097152,2097152,2097152,35,0,0,0,0,0,0,0,0,0,0,0,0,128,256,256,512,1024,309,2097152,2097152,4194304,4194304,4194304,309,0,0,0,0,0,0,256,512,512,1024,16384,309,2613,0,40088,24606,45457,0,42,21,0
47773344879800,2425,2048,8192,16384,16259,512,1024,4096,2473,4096,8192,8192,1892,4096,8192,16384,469,8192,8192,16384,31,2048,8192,8192,487,512,4096,8192,1901,1024,4096,8192,335,0,0,0,0,64,65536,262144,24066,1048576,1048576,1048576,41,524288,524288,524288,41,524288,524288,524288,41,512,1024,1024,41,64,128,2048,41,64,512,1024,3113,64,512,512,3788,128,512,1024,146331,64,512,1024,17028,64,256,512,2737,128,512,1024,3825,256,1024,4096,1173,256,512,512,1236,64,512,1024,22014,64,256,512,2889,64,256,512,510,64,256,512,234,128,512,2048,279,0,0,0,0,0,0,0,0,0,0,0,0,0,0,0,0,64,128,128,21,64,128,128,21,14.10,9.06,5.04,0,31,8,487,78,52,75,0,0,0,0,0,0,2097152,2097152,2097152,2097152,4194304,9,2097152,2097152,2097152,2097152,2097152,8,2097152,2097152,4194304,4194304,4194304,229,2097152,2097152,2097152,2097152,4194304,24,131072,2097152,4194304,4194304,8388608,44,0,0,0,0,0,0,0,0,0,0,0,0,128,256,256,512,512,314,2097152,2097152,4194304,4194304,8388608,314,0,0,0,0,0,0,256,512,512,1024,1024,314,3030,0,39327,23630,45504,0,41,21,0
47774378924900,2425,2048,8192,16384,16251,512,4096,8192,2397,4096,8192,16384,1984,4096,8192,16384,498,8192,8192,8192,19,2048,8192,8192,499,512,4096,8192,1985,1024,4096,8192,354,0,0,0,0,64,65536,262144,24190,1048576,1048576,1048576,41,524288,524288,524288,41,524288,524288,524288,41,512,1024,1024,41,64,256,32768,42,128,512,512,3344,128,512,1024,3344,128,512,4096,146259,64,512,1024,17856,64,256,512,3031,64,512,512,3942,256,1024,1024,1121,256,512,512,1184,64,512,1024,22275,64,256,512,3087,64,256,512,666,64,512,512,198,128,512,4096,171,0,0,0,0,0,0,0,0,0,0,0,0,0,0,0,0,64,128,128,21,64,128,128,21,13.09,10.45,2.64,0,19,20,499,57,72,0,0,0,0,0,0,0,2097152,2097152,2097152,2097152,8388608,9,2097152,2097152,2097152,2097152,2097152,4,2097152,4194304,4194304,8388608,8388608,208,2097152,4194304,4194304,4194304,4194304,39,65536,2097152,4194304,4194304,4194304,34,0,0,0,0,0,0,0,0,0,0,0,0,128,256,256,512,512,294,2097152,4194304,8388608,8388608,8388608,294,0,0,0,0,0,0,256,512,512,512,512,294,3403,0,40089,23523,45399,291,41,21,0
47775414946900,2425,2048,8192,16384,16649,512,1024,4096,2572,4096,8192,16384,1993,4096,16384,16384,474,8192,8192,8192,38,2048,8192,8192,513,512,4096,4096,2003,1024,4096,8192,334,2048,2048,2048,3,64,65536,262144,24794,1048576,1048576,1048576,42,524288,524288,524288,42,524288,524288,524288,42,1024,1024,2048,42,64,128,32768,41,128,512,1024,3034,128,512,1024,3034,128,512,1024,149841,128,512,1024,17937,64,256,512,2675,128,512,1024,3978,256,1024,1024,1158,256,512,1024,1275,64,512,512,22131,64,256,512,2952,64,256,512,498,128,512,512,315,128,512,4096,342,128,256,512,27,2048,2048,2048,25,1024,1024,1024,23,64,64,128,48,64,128,128,20,64,128,128,20,12.69,9.30,3.39,23,38,19,513,69,60,0,0,0,0,0,0,0,2097152,2097152,2097152,2097152,2097152,6,2097152,2097152,2097152,2097152,4194304,8,2097152,2097152,4194304,4194304,4194304,235,2097152,2097152,2097152,2097152,4194304,25,131072,2097152,4194304,4194304,4194304,22,0,0,0,0,0,0,0,0,0,0,0,0,128,256,512,512,512,296,2097152,2097152,4194304,4194304,4194304,296,0,0,0,0,0,0,256,512,512,512,512,296,3829,0,38896,24360,45800,0,42,20,0
47776450886400,2425,2048,8192,16384,16322,512,4096,8192,2330,4096,8192,16384,1949,4096,8192,16384,479,8192,16384,16384,30,2048,4096,8192,473,512,4096,4096,1930,1024,4096,8192,339,2048,2048,2048,3,64,65536,262144,24044,1048576,1048576,1048576,41,524288,524288,524288,41,524288,524288,524288,41,1024,1024,2048,41,64,8192,16384,41,128,512,1024,3233,128,512,1024,3233,128,512,4096,146898,128,512,1024,17541,64,256,512,2705,128,512,1024,3771,256,1024,1024,1014,256,512,512,1158,64,512,1024,21870,64,256,512,3024,64,256,512,561,64,256,512,261,128,512,4096,270,128,512,512,27,2048,2048,2048,30,1024,1024,2048,31,64,64,64,61,64,128,128,21,64,128,128,21,15.60,10.44,5.16,31,30,17,473,67,48,0,0,0,0,0,0,0,2097152,2097152,2097152,2097152,4194304,13,2097152,2097152,2097152,2097152,4194304,4,2097152,2097152,4194304,4194304,4194304,229,131072,2097152,2097152,2097152,2097152,36,65536,2097152,2097152,2097152,2097152,40,0,0,0,0,0,0,0,0,0,0,0,0,128,256,512,512,512,322,2097152,2097152,4194304,4194304,4194304,322,0,0,0,0,0,0,256,512,512,512,1024,322,4173,0,42005,23794,46022,0,41,21,0
47777485632400,2425,2048,8192,16384,16640,512,4096,4096,2526,4096,8192,8192,1976,4096,8192,16384,491,8192,8192,8192,27,2048,4096,8192,513,512,4096,4096,1976,1024,4096,8192,349,2048,2048,2048,2,64,65536,131072,24712,1048576,1048576,1048576,42,524288,524288,524288,42,524288,524288,524288,42,512,1024,1024,42,64,256,32768,42,128,512,1024,3155,128,512,512,3155,128,512,1024,149760,128,512,1024,17784,64,256,512,2457,128,512,1024,4068,256,1024,1024,1179,256,512,512,1143,64,512,512,21834,64,256,512,2835,64,256,512,528,64,256,512,243,128,512,1024,243,128,256,256,18,2048,2048,2048,20,1024,1024,1024,21,64,64,64,41,64,128,128,21,64,128,128,21,11.45,8.55,2.89,21,27,14,513,50,72,0,0,0,0,0,0,0,2097152,2097152,2097152,2097152,2097152,10,2097152,2097152,2097152,2097152,2097152,7,2097152,2097152,4194304,4194304,4194304,233,131072,2097152,2097152,2097152,2097152,31,65536,2097152,2097152,2097152,4194304,34,0,0,0,0,0,0,0,0,0,0,0,0,128,256,512,512,512,315,2097152,2097152,4194304,4194304,4194304,315,0,0,0,0,0,0,256,512,512,1024,1024,315,4555,0,38930,24315,45473,0,42,21,0
47778521709800,2425,2048,8192,16384,16162,512,4096,8192,2430,4096,8192,16384,1992,4096,8192,32768,489,8192,8192,8192,18,2048,8192,8192,502,512,4096,4096,1980,1024,4096,4096,301,0,0,0,1,64,65536,262144,24075,1048576,1048576,1048576,41,524288,524288,524288,41,524288,524288,524288,41,512,1024,1024,41,64,8192,32768,41,128,512,4096,3071,128,512,1024,3071,128,512,4096,145458,64,512,1024,17928,64,256,512,2418,128,512,1024,4149,256,1024,1024,1115,256,512,512,998,64,512,1024,22158,64,256,512,3006,64,256,512,558,64,256,512,153,128,512,4096,162,64,256,256,9,0,0,0,0,0,0,0,0,0,0,0,0,64,128,128,20,64,256,256,20,13.58,10.06,3.52,0,18,15,502,82,74,0,0,0,0,0,0,0,2097152,2097152,2097152,2097152,2097152,5,2097152,2097152,2097152,2097152,2097152,9,2097152,2097152,4194304,4194304,4194304,222,2097152,2097152,8388608,8388608,8388608,29,131072,2097152,2097152,2097152,8388608,22,0,0,0,0,0,0,0,0,0,0,0,0,128,256,256,256,512,287,2097152,2097152,4194304,8388608,8388608,287,0,0,0,0,0,0,256,256,512,512,1024,287,4959,0,42307,23691,46251,0,41,20,0
47779556634700,2425,2048,8192,16384,16610,512,4096,8192,2427,4096,8192,16384,1997,4096,8192,16384,526,8192,16384,16384,20,2048,4096,8192,521,512,4096,4096,2009,1024,4096,8192,342,2048,2048,2048,2,64,65536,131072,24653,1048576,1048576,1048576,42,524288,524288,524288,42,524288,524288,524288,42,512,1024,2048,42,64,2048,32768,42,128,512,1024,3420,128,512,1024,3420,128,512,4096,149490,64,512,1024,17973,64,256,512,2778,128,512,1024,4437,256,1024,1024,1158,256,512,512,1194,64,512,1024,21564,64,256,512,3024,64,256,512,584,64,512,512,207,128,512,4096,180,64,256,256,18,0,0,0,0,0,0,0,0,0,0,0,0,64,128,128,21,64,128,128,21,12.58,8.68,3.90,0,20,15,521,74,67,0,0,0,0,0,0,0,2097152,2097152,2097152,2097152,4194304,12,2097152,2097152,2097152,2097152,2097152,4,2097152,2097152,4194304,8388608,16777216,214,2097152,2097152,2097152,2097152,2097152,22,131072,2097152,2097152,2097152,2097152,38,0,0,0,0,0,0,0,0,0,0,0,0,128,256,256,512,512,290,2097152,2097152,4194304,8388608,16777216,290,0,0,0,0,0,0,256,512,512,512,1024,290,5366,0,40976,24260,45566,0,42,21,0
47780591221900,2425,2048,8192,16384,16511,512,4096,4096,2423,4096,8192,16384,1953,4096,8192,16384,472,8192,8192,8192,26,2048,4096,8192,499,512,4096,4096,1956,1024,4096,4096,354,4096,4096,4096,2,64,65536,262144,24389,1048576,1048576,1048576,41,524288,524288,524288,41,524288,524288,524288,41,1024,1024,1024,41,64,256,8192,41,128,512,1024,3196,128,512,1024,3196,128,512,1024,148599,64,512,1024,17577,64,256,512,2404,128,512,512,4149,256,1024,1024,1276,256,512,512,1249,64,512,512,22626,64,256,512,2943,64,256,512,536,64,256,512,252,128,512,1024,234,256,512,512,18,0,0,0,0,0,0,0,0,0,0,0,0,64,128,128,21,64,128,128,21,14.72,10.82,3.90,0,26,18,499,67,62,0,0,0,0,0,0,0,2097152,2097152,2097152,2097152,4194304,18,2097152,4194304,4194304,4194304,4194304,7,2097152,2097152,4194304,4194304,4194304,221,2097152,2097152,4194304,4194304,8388608,29,65536,2097152,2097152,2097152,4194304,34,0,0,0,0,0,0,0,0,0,0,0,0,128,256,256,512,512,309,2097152,2097152,4194304,4194304,8388608,309,0,0,0,0,0,0,256,512,512,512,512,309,5729,0,40162,23986,45585,0,41,21,0
47781628324200,2425,2048,8192,16384,15177,512,4096,4096,2455,4096,8192,16384,1852,4096,8192,16384,476,8192,8192,8192,22,2048,4096,8192,448,512,4096,8192,1819,1024,4096,4096,331,2048,2048,2048,2,64,65536,262144,22760,1048576,1048576,1048576,41,524288,524288,524288,41,524288,524288,524288,41,512,1024,1024,41,128,32768,131072,42,128,512,1024,3422,128,512,1024,3422,128,512,4096,136593,128,512,1024,16668,64,256,512,2505,128,512,1024,4068,256,1024,1024,1311,256,512,1024,1149,64,512,1024,22293,64,256,512,3267,64,512,512,510,64,256,512,198,128,512,512,198,64,256,256,18,0,0,0,0,0,0,0,0,0,0,0,0,64,128,128,21,64,64,128,21,15.20,10.17,5.02,0,22,11,448,59,73,0,0,0,0,0,0,0,2097152,4194304,4194304,4194304,4194304,11,2097152,2097152,2097152,2097152,2097152,5,2097152,2097152,4194304,8388608,8388608,158,131072,2097152,2097152,2097152,2097152,34,65536,2097152,2097152,2097152,2097152,17,2097152,4194304,4194304,4194304,4194304,67,0,0,0,0,0,0,128,256,512,512,512,292,2097152,4194304,4194304,8388608,8388608,292,0,0,0,0,0,0,256,512,512,512,1024,292,6050,0,39932,22356,46007,0,41,21,0
47782663338400,2353,2048,8192,16384,16620,512,1024,4096,2883,4096,8192,8192,2014,4096,8192,16384,527,8192,16384,16384,28,2048,4096,8192,553,512,4096,4096,2009,1024,4096,8192,333,0,0,0,1,64,65536,262144,25183,1048576,1048576,1048576,42,524288,524288,524288,42,524288,524288,524288,42,1024,1024,1024,42,64,2048,32768,41,128,512,512,2893,64,512,1024,3541,128,512,1024,149580,64,512,512,18126,64,256,512,2845,128,512,1024,4284,256,1024,1024,1280,256,512,512,1190,64,512,512,23211,64,256,512,2907,64,256,512,681,64,512,512,207,128,512,4096,252,128,256,256,9,0,0,0,0,0,0,0,0,0,0,0,0,64,128,128,20,64,128,128,20,16.37,10.70,5.67,0,28,12,553,61,71,72,0,0,0,0,0,0,2097152,2097152,2097152,2097152,2097152,15,2097152,2097152,2097152,2097152,2097152,2,2097152,4194304,4194304,8388608,8388608,211,2097152,4194304,4194304,4194304,4194304,34,65536,2097152,2097152,2097152,4194304,24,4194304,4194304,4194304,4194304,4194304,8,0,0,0,0,0,0,128,256,256,256,512,294,2097152,4194304,4194304,8388608,8388608,294,0,0,0,0,0,0,256,512,512,512,1024,294,6553,0,39620,24718,45317,0,42,20,0
47783700051800,2353,2048,8192,16384,15730,512,4096,4096,2419,4096,8192,8192,1928,4096,8192,16384,515,8192,16384,16384,24,2048,8192,8192,477,512,4096,4096,1968,1024,4096,8192,334,0,0,0,1,64,65536,262144,23565,1048576,1048576,1048576,41,524288,524288,524288,41,524288,524288,524288,41,512,1024,1024,41,64,16384,16384,41,128,512,1024,3045,128,512,1024,3045,128,512,4096,141570,64,512,1024,17352,64,256,512,2713,128,512,1024,4131,256,1024,1024,1206,256,512,512,1260,64,512,2048,22266,64,256,512,3204,64,512,512,591,64,512,512,252,128,512,4096,216,64,128,128,9,0,0,0,0,0,0,0,0,0,0,0,0,64,128,128,21,64,128,128,21,15.46,11.06,4.40,0,24,11,477,80,68,0,0,0,0,0,0,0,2097152,2097152,2097152,2097152,2097152,13,2097152,2097152,2097152,2097152,2097152,5,2097152,2097152,4194304,4194304,4194304,231,131072,2097152,2097152,2097152,2097152,34,131072,2097152,2097152,2097152,2097152,22,0,0,0,0,0,0,0,0,0,0,0,0,128,256,256,512,512,305,2097152,2097152,4194304,4194304,4194304,305,0,0,0,0,0,0,256,512,512,1024,1024,305,6908,0,40513,23157,45599,0,41,21,0
47784734951700,2353,2048,8192,16384,16227,512,4096,4096,2353,4096,8192,8192,1938,4096,8192,16384,483,8192,8192,16384,28,2048,8192,8192,505,512,4096,4096,1921,1024,4096,8192,329,2048,2048,2048,2,64,65536,262144,23967,1048576,1048576,1048576,42,524288,524288,524288,42,524288,524288,524288,42,512,1024,1024,42,64,8192,32768,42,128,512,1024,3155,128,512,1024,3155,128,512,4096,146043,64,512,512,17442,64,256,512,2731,128,512,1024,3681,256,1024,1024,1239,256,512,1024,1212,64,512,512,23427,64,256,512,3123,64,512,512,678,64,256,512,234,128,512,4096,261,128,512,512,18,1024,2048,2048,11,1024,1024,1024,8,64,64,64,19,64,64,64,21,64,64,128,21,13.58,10.19,3.40,8,28,15,505,70,74,0,0,0,0,0,0,0,2097152,2097152,2097152,2097152,2097152,8,2097152,2097152,2097152,2097152,4194304,11,2097152,4194304,4194304,4194304,4194304,238,65536,2097152,2097152,2097152,2097152,25,65536,2097152,2097152,2097152,2097152,31,0,0,0,0,0,0,0,0,0,0,0,0,128,256,512,512,512,313,2097152,4194304,4194304,4194304,4194304,313,0,0,0,0,0,0,256,512,512,512,1024,313,7295,0,40725,23605,45973,0,42,21,0
47785769375300,2353,2048,8192,16384,15419,512,4096,4096,2342,4096,8192,16384,1854,4096,16384,16384,532,8192,8192,8192,37,2048,8192,8192,462,512,4096,8192,1856,1024,4096,8192,305,0,0,0,1,64,65536,262144,22970,1048576,1048576,1048576,41,524288,524288,524288,41,524288,524288,524288,41,512,1024,2048,41,128,1024,4096,41,128,512,1024,3254,128,512,1024,3254,128,512,4096,138771,128,512,1024,16686,64,256,512,3101,128,512,1024,4014,256,1024,4096,1379,256,512,512,1370,64,512,1024,22158,64,256,512,2826,64,256,512,711,64,256,512,333,128,512,512,333,64,256,256,9,1024,2048,2048,33,1024,2048,2048,33,64,64,64,66,64,128,128,20,64,128,128,20,12.83,9.81,3.02,33,37,10,462,65,50,0,0,0,0,0,0,0,2097152,2097152,2097152,2097152,2097152,8,2097152,2097152,2097152,2097152,4194304,8,2097152,2097152,4194304,4194304,8388608,231,131072,2097152,2097152,2097152,2097152,30,131072,2097152,2097152,2097152,2097152,30,0,0,0,0,0,0,0,0,0,0,0,0,128,256,256,512,512,307,2097152,2097152,4194304,4194304,8388608,307,0,0,0,0,0,0,256,256,512,512,1024,307,7645,0,42087,22736,45866,0,41,20,0
47786812945000,2357,2048,8192,16384,16548,512,4096,4096,2362,4096,8192,16384,1949,4096,8192,16384,499,8192,8192,8192,27,2048,4096,8192,486,512,4096,8192,1958,1024,4096,8192,326,0,0,0,1,64,65536,262144,24331,1048576,1048576,1048576,42,524288,524288,524288,42,524288,524288,524288,42,512,1024,1024,42,64,32768,32768,42,128,512,1024,3028,128,512,1024,2992,128,512,1024,148932,64,512,1024,17541,64,256,512,2702,128,512,1024,3708,256,1024,1024,1239,256,512,512,1221,64,512,512,23013,64,256,512,2781,64,256,512,576,128,256,512,225,128,512,512,243,0,256,256,9,2048,2048,2048,25,1024,1024,2048,25,64,64,128,50,64,128,128,21,64,8192,16384,21,15.23,9.82,5.41,25,27,11,486,63,60,0,524288,524288,524288,524288,524288,5,2097152,4194304,4194304,4194304,8388608,15,2097152,2097152,2097152,2097152,2097152,5,2097152,2097152,4194304,4194304,4194304,212,2097152,2097152,2097152,2097152,4194304,25,65536,2097152,2097152,2097152,2097152,35,0,0,0,0,0,0,0,0,0,0,0,0,128,256,512,512,512,297,2097152,2097152,4194304,4194304,8388608,297,128,256,256,256,512,5,256,512,512,1024,1024,292,8020,0,39706,24015,45657,0,42,21,0
47787838991600,2370,2048,8192,16384,16123,512,4096,4096,2389,4096,8192,16384,1881,4096,8192,16384,459,8192,16384,16384,25,2048,8192,8192,478,512,4096,8192,1896,1024,4096,8192,318,4096,4096,4096,5,64,65536,262144,23780,1048576,1048576,1048576,41,524288,524288,524288,41,524288,524288,524288,41,512,1024,1024,41,64,128,4096,41,64,512,512,3306,128,512,512,3189,128,512,2048,145107,64,512,1024,16929,64,256,512,2843,128,512,1024,3573,256,1024,1024,1182,256,512,512,1245,64,512,512,22941,64,256,512,3411,64,256,512,546,64,512,512,270,128,512,1024,225,256,512,1024,45,1024,1024,1024,3,1024,1024,1024,6,64,64,64,9,64,128,128,21,8192,16384,16384,21,10.81,9.30,1.51,6,25,9,478,69,62,0,262144,524288,524288,524288,524288,12,2097152,2097152,2097152,2097152,2097152,11,2097152,2097152,2097152,2097152,2097152,11,2097152,2097152,4194304,4194304,4194304,220,131072,2097152,2097152,2097152,2097152,32,131072,4194304,4194304,4194304,4194304,32,0,0,0,0,0,0,0,0,0,0,0,0,128,256,256,512,512,318,2097152,2097152,4194304,4194304,4194304,318,256,256,256,256,256,12,256,256,512,512,512,306,8351,0,40085,23417,46191,0,41,21,0
47788872957900,2381,2048,8192,16384,16135,512,4096,4096,2419,4096,8192,16384,1932,4096,8192,16384,491,8192,16384,16384,22,2048,8192,8192,495,512,4096,4096,1936,1024,4096,8192,342,0,0,0,0,64,65536,262144,23961,1048576,1048576,1048576,41,524288,524288,524288,41,524288,524288,524288,41,512,512,1024,41,64,8192,65536,41,64,512,1024,2821,128,512,512,2722,128,512,4096,145215,64,512,1024,17388,64,256,512,2774,128,512,1024,4032,256,1024,1024,1050,256,512,1024,1194,64,512,1024,20952,64,512,512,2817,64,256,512,846,64,512,512,189,128,512,4096,198,0,0,0,0,0,0,0,0,0,0,0,0,0,0,0,0,64,64,64,20,128,16384,16384,20,11.85,9.45,2.39,0,22,11,495,50,57,0,262144,524288,524288,524288,524288,12,2097152,2097152,2097152,2097152,4194304,19,2097152,2097152,2097152,2097152,4194304,6,2097152,2097152,4194304,4194304,16777216,222,2097152,2097152,2097152,2097152,2097152,26,131072,2097152,2097152,2097152,2097152,16,0,0,0,0,0,0,0,0,0,0,0,0,128,256,256,512,1024,301,2097152,2097152,4194304,4194304,16777216,301,128,256,256,256,512,12,256,512,512,512,512,289,8685,0,41320,23610,46096,0,41,20,0
47789910315500,2397,2048,8192,16384,15962,512,4096,4096,2416,4096,8192,16384,1924,4096,8192,16384,503,8192,8192,8192,33,2048,8192,8192,514,512,4096,4096,1949,1024,4096,8192,325,0,0,0,1,64,65536,131072,23862,1048576,1048576,1048576,42,524288,524288,524288,42,524288,524288,524288,42,512,1024,1024,42,64,128,2048,42,128,512,1024,3069,128,512,1024,2925,128,512,4096,143658,64,512,1024,17316,64,256,512,2900,128,512,1024,4140,256,1024,1024,1262,256,512,512,1361,64,512,1024,23112,64,256,512,3114,64,256,512,516,128,256,512,306,128,512,1024,297,128,256,256,9,0,0,0,0,0,0,0,0,0,0,0,0,64,128,128,21,16384,16384,16384,21,14.45,9.68,4.77,0,33,11,514,59,67,0,262144,524288,524288,524288,524288,15,2097152,2097152,2097152,2097152,2097152,14,2097152,2097152,2097152,2097152,4194304,9,2097152,4194304,4194304,4194304,8388608,209,131072,2097152,2097152,2097152,4194304,32,131072,2097152,2097152,2097152,4194304,21,0,0,0,0,0,0,0,0,0,0,0,0,128,256,256,512,512,300,2097152,4194304,4194304,4194304,8388608,300,128,256,256,256,256,15,256,512,512,1024,1024,285,9069,0,41002,23407,45816,0,42,21,0
47790944957000,2408,2048,8192,16384,16101,512,4096,8192,2618,4096,8192,16384,1950,4096,16384,16384,471,8192,16384,16384,33,2048,4096,8192,462,512,4096,4096,1936,1024,4096,8192,326,4096,4096,4096,2,64,65536,262144,24128,1048576,1048576,1048576,41,524288,524288,524288,41,524288,524288,524288,41,512,1024,1024,41,64,2048,8192,41,128,512,1024,3060,128,512,1024,2961,128,512,4096,144909,64,512,1024,17550,64,256,512,2640,128,512,1024,3708,256,1024,1024,1073,256,512,1024,1262,64,512,1024,22581,64,256,512,2835,64,256,512,570,64,512,1024,306,128,512,4096,297,128,512,512,18,0,0,0,0,0,0,0,0,0,0,0,0,64,128,128,21,64,16384,16384,21,14.97,9.68,5.28,0,33,11,462,58,52,0,262144,524288,524288,524288,524288,11,2097152,2097152,2097152,2097152,2097152,13,2097152,2097152,2097152,2097152,4194304,6,2097152,2097152,4194304,4194304,4194304,226,131072,2097152,4194304,4194304,4194304,35,131072,2097152,2097152,2097152,2097152,23,0,0,0,0,0,0,0,0,0,0,0,0,128,256,256,512,512,314,2097152,2097152,4194304,4194304,4194304,314,256,256,256,256,256,11,256,512,512,512,2048,303,9371,0,41469,23717,46160,0,41,21,0
47791981815800,2419,2048,8192,16384,16033,512,4096,8192,2341,4096,8192,16384,1887,4096,8192,16384,421,8192,16384,16384,25,2048,8192,8192,493,512,4096,8192,1907,1024,4096,8192,321,0,0,0,1,64,65536,262144,23656,1048576,1048576,1048576,42,524288,524288,524288,42,524288,524288,524288,42,512,1024,1024,42,64,16384,32768,42,128,512,1024,3302,128,512,1024,3203,128,512,4096,144297,128,512,1024,16983,64,256,512,2164,128,512,1024,3717,256,1024,4096,1215,256,512,1024,1215,64,512,1024,23220,64,256,512,2934,64,256,512,585,64,512,512,180,128,512,4096,225,64,256,256,9,0,0,0,0,0,0,0,0,0,0,0,0,64,128,128,21,64,16384,16384,21,14.32,10.18,4.15,0,25,11,493,50,77,0,262144,524288,524288,524288,524288,12,2097152,2097152,2097152,2097152,4194304,9,2097152,2097152,2097152,2097152,2097152,8,2097152,2097152,4194304,4194304,4194304,239,131072,2097152,2097152,2097152,2097152,16,131072,2097152,2097152,2097152,4194304,34,0,0,0,0,0,0,0,0,0,0,0,0,128,256,512,512,512,318,2097152,2097152,4194304,4194304,4194304,318,128,256,256,256,512,12,256,256,512,512,512,306,9709,0,39975,23288,45611,0,42,21,0
47793015479900,2356,2048,8192,16384,15863,512,4096,4096,2682,4096,8192,16384,2010,4096,8192,16384,527,8192,8192,8192,18,2048,4096,8192,492,512,4096,4096,1969,1024,4096,8192,355,0,0,0,1,64,65536,262144,24107,1048576,1048576,1048576,41,524288,524288,524288,41,524288,524288,524288,41,512,1024,1024,41,64,8192,32768,41,128,512,1024,3456,64,512,1024,4023,128,512,4096,142767,128,512,1024,18090,64,256,512,2890,128,512,1024,3960,256,1024,4096,1212,256,512,512,1086,64,512,1024,21285,64,256,512,3339,64,256,512,663,64,256,512,180,128,512,1024,162,256,512,512,9,0,0,0,0,0,0,0,0,0,0,0,0,64,128,128,20,128,16384,16384,20,13.71,10.19,3.52,0,18,11,492,67,66,72,524288,524288,524288,524288,524288,8,2097152,2097152,2097152,2097152,2097152,17,2097152,2097152,2097152,2097152,2097152,6,2097152,4194304,4194304,4194304,4194304,235,131072,2097152,2097152,2097152,2097152,25,131072,2097152,2097152,2097152,4194304,36,0,0,0,0,0,0,0,0,0,0,0,0,128,256,512,512,512,327,2097152,2097152,4194304,4194304,4194304,327,256,256,256,256,256,8,256,512,512,1024,1024,319,10108,0,40014,23709,46224,0,41,20,0
47794049572900,2356,2048,8192,16384,15988,512,4096,8192,2451,4096,8192,16384,1919,4096,8192,16384,473,8192,8192,8192,22,2048,8192,8192,517,512,4096,4096,1932,1024,4096,8192,327,0,0,0,1,64,65536,262144,23842,1048576,1048576,1048576,41,524288,524288,524288,41,524288,524288,524288,41,512,1024,2048,41,64,256,4096,41,128,512,1024,3077,128,512,1024,3077,128,512,4096,143892,64,512,1024,17271,64,256,512,2501,128,512,1024,4158,256,1024,1024,1224,256,512,512,1089,64,512,1024,22653,64,256,512,2853,64,512,1024,681,64,256,512,189,128,512,4096,198,64,512,512,9,0,0,0,0,0,0,0,0,0,0,0,0,64,128,128,21,64,128,128,21,13.86,10.59,3.28,0,22,12,517,50,39,0,0,0,0,0,0,0,2097152,2097152,2097152,2097152,2097152,10,2097152,2097152,2097152,2097152,4194304,6,2097152,2097152,4194304,4194304,4194304,223,131072,2097152,4194304,4194304,4194304,41,65536,2097152,2097152,2097152,2097152,32,0,0,0,0,0,0,0,0,0,0,0,0,128,256,512,512,512,312,2097152,2097152,4194304,4194304,4194304,312,0,0,0,0,0,0,256,512,1024,1024,1024,312,10436,0,40608,23448,45496,0,41,21,0
47795086902500,2356,2048,8192,16384,16132,512,4096,8192,2358,4096,8192,16384,1888,4096,8192,16384,463,8192,16384,16384,19,2048,8192,8192,494,512,4096,8192,1874,1024,4096,8192,325,2048,2048,2048,2,64,65536,262144,23768,1048576,1048576,1048576,42,524288,524288,524288,42,524288,524288,524288,42,512,1024,1024,42,64,128,512,42,128,512,1024,3274,128,512,1024,3274,128,512,2048,145188,128,512,1024,16992,64,256,512,2392,128,512,1024,4077,256,1024,2048,1314,256,512,1024,1197,64,512,1024,24147,64,256,512,3042,64,256,4096,603,64,256,512,171,128,512,4096,171,128,512,512,18,2048,2048,2048,22,1024,1024,1024,19,64,64,64,41,64,128,128,21,64,64,128,21,14.81,10.04,4.77,19,19,7,494,50,57,0,0,0,0,0,0,0,2097152,2097152,2097152,2097152,2097152,8,2097152,2097152,2097152,2097152,2097152,8,2097152,2097152,4194304,8388608,8388608,222,131072,2097152,2097152,2097152,4194304,33,131072,2097152,2097152,2097152,2097152,34,0,0,0,0,0,0,0,0,0,0,0,0,128,256,256,512,512,305,2097152,2097152,4194304,8388608,8388608,305,0,0,0,0,0,0,256,512,512,512,1024,305,10777,0,40066,23465,45568,161,42,21,0
47796120990600,2356,2048,8192,16384,16075,512,4096,4096,2410,4096,8192,16384,1894,4096,16384,16384,474,8192,8192,8192,31,2048,8192,8192,480,512,4096,8192,1931,1024,4096,8192,319,0,0,0,1,64,65536,131072,23813,1048576,1048576,1048576,41,524288,524288,524288,41,524288,524288,524288,41,512,2048,2048,41,64,16384,32768,41,128,512,1024,3008,128,512,2048,3008,128,512,4096,144675,64,512,1024,17046,64,256,512,2648,128,512,1024,3924,256,1024,1024,1341,256,512,1024,1431,64,512,1024,22059,64,256,512,2835,64,512,4096,615,64,256,512,297,128,512,1024,279,128,256,256,9,2048,2048,2048,33,1024,1024,1024,33,64,64,64,66,64,128,128,20,64,128,128,20,13.60,9.57,4.03,33,31,3,480,43,51,0,0,0,0,0,0,0,2097152,2097152,2097152,2097152,4194304,4,2097152,2097152,2097152,2097152,4194304,9,2097152,4194304,4194304,4194304,4194304,241,131072,2097152,2097152,2097152,2097152,41,131072,2097152,2097152,2097152,2097152,29,0,0,0,0,0,0,0,0,0,0,0,0,128,256,256,256,512,324,2097152,2097152,4194304,4194304,4194304,324,0,0,0,0,0,0,256,512,512,512,1024,324,11094,0,41189,23508,45876,0,41,20,0
47797155605700,2356,2048,8192,16384,16025,512,4096,8192,2335,4096,8192,8192,1917,4096,8192,16384,493,8192,8192,8192,25,2048,4096,8192,461,512,4096,8192,1920,1024,4096,8192,308,0,0,0,0,64,65536,131072,23689,1048576,1048576,1048576,42,524288,524288,524288,42,524288,524288,524288,42,512,1024,1024,42,64,2048,32768,42,128,512,1024,2944,128,512,1024,2944,128,512,4096,144225,64,512,1024,17253,64,256,512,2520,128,512,1024,4248,256,1024,1024,1122,256,512,1024,1221,64,512,1024,21591,64,256,512,3033,64,256,4096,606,64,256,512,198,128,512,4096,225,0,0,0,0,1024,2048,2048,17,1024,2048,2048,20,64,64,64,37,64,128,128,21,64,128,128,21,15.10,10.82,4.28,20,25,6,461,46,33,0,0,0,0,0,0,0,4194304,4194304,4194304,4194304,4194304,10,2097152,4194304,4194304,4194304,4194304,5,2097152,4194304,8388608,8388608,8388608,183,131072,4194304,4194304,4194304,8388608,22,131072,4194304,4194304,4194304,4194304,25,0,0,0,0,0,0,0,0,0,0,0,0,128,256,512,512,512,245,2097152,4194304,8388608,8388608,8388608,245,0,0,0,0,0,0,256,512,512,512,1024,245,11440,0,40027,23366,44983,0,42,21,0
47798191744400,2356,2048,8192,16384,16274,512,4096,8192,2332,4096,8192,16384,1893,4096,8192,16384,524,8192,16384,16384,17,2048,4096,8192,493,512,4096,8192,1882,1024,4096,8192,349,0,0,0,1,64,65536,131072,23934,1048576,1048576,1048576,41,524288,524288,524288,41,524288,524288,524288,41,512,1024,1024,41,64,128,8192,41,128,512,512,3023,128,512,1024,3023,128,512,4096,146466,64,512,1024,17037,64,256,512,2579,128,512,512,4140,256,1024,2048,1284,256,512,1024,1014,64,512,512,22104,64,256,512,2682,64,256,1024,531,64,256,512,189,128,512,4096,153,128,256,256,9,0,0,0,0,0,0,0,0,0,0,0,0,64,128,128,21,64,128,128,21,11.56,8.29,3.27,0,17,3,493,51,44,0,0,0,0,0,0,0,2097152,2097152,2097152,2097152,4194304,11,2097152,2097152,2097152,2097152,4194304,6,2097152,4194304,4194304,4194304,4194304,213,131072,2097152,2097152,2097152,4194304,33,131072,2097152,2097152,2097152,2097152,30,0,0,0,0,0,0,0,0,0,0,0,0,128,256,256,512,512,293,2097152,4194304,4194304,4194304,4194304,293,0,0,0,0,0,0,256,512,512,512,1024,293,11755,0,40940,23621,45999,0,41,21,0
47799226930100,2356,2048,8192,16384,16075,512,4096,4096,2386,4096,8192,16384,1946,4096,16384,16384,484,8192,16384,16384,31,2048,8192,8192,497,512,4096,8192,1934,1024,4096,4096,328,2048,2048,2048,2,64,65536,262144,23869,1048576,1048576,1048576,41,524288,524288,524288,41,524288,524288,524288,41,1024,2048,2048,41,64,32768,65536,41,64,512,1024,2918,128,512,1024,2918,128,512,4096,144675,64,512,1024,17514,64,256,512,2758,128,512,1024,3726,256,1024,4096,1185,256,512,512,1353,64,512,1024,21195,64,256,512,2907,64,256,512,519,128,512,1024,279,128,512,4096,279,64,512,512,18,0,0,0,0,0,0,0,0,0,0,0,0,64,128,128,20,64,128,128,20,14.34,10.31,4.02,0,31,2,497,55,42,0,0,0,0,0,0,0,2097152,2097152,2097152,2097152,4194304,10,2097152,2097152,2097152,2097152,2097152,5,2097152,2097152,4194304,4194304,4194304,242,131072,2097152,4194304,4194304,4194304,31,131072,2097152,2097152,2097152,4194304,21,0,0,0,0,0,0,0,0,0,0,0,0,128,256,256,256,512,309,2097152,2097152,4194304,4194304,4194304,309,0,0,0,0,0,0,256,512,512,1024,1024,309,12073,0,41644,23499,45958,0,41,20,0
47800262824300,2356,2048,8192,16384,15516,512,4096,4096,2378,4096,8192,16384,1891,4096,16384,16384,497,8192,16384,16384,27,2048,8192,8192,470,512,4096,8192,1924,1024,4096,8192,313,0,0,0,1,128,65536,262144,23192,1048576,1048576,1048576,42,524288,524288,524288,42,524288,524288,524288,42,1024,1024,2048,42,64,8192,32768,42,64,512,2048,3140,128,512,1024,3140,128,512,4096,139644,64,512,1024,17019,64,256,512,2681,128,512,1024,3924,256,1024,4096,1499,256,512,1024,1403,64,512,2048,21897,64,256,512,2961,64,512,4096,615,64,512,1024,234,128,512,4096,243,64,256,256,9,0,0,0,0,0,0,0,0,0,0,0,0,64,128,128,21,64,64,64,21,15.46,11.06,4.40,0,27,0,470,42,62,0,0,0,0,0,0,0,2097152,2097152,2097152,2097152,2097152,18,2097152,2097152,2097152,2097152,2097152,9,2097152,2097152,4194304,4194304,4194304,230,131072,2097152,2097152,2097152,2097152,28,131072,2097152,2097152,2097152,2097152,32,0,0,0,0,0,0,0,0,0,0,0,0,128,256,256,512,512,317,2097152,2097152,4194304,4194304,4194304,317,0,0,0,0,0,0,256,512,512,512,1024,317,12357,0,41230,22829,45405,0,42,21,0
47801298548700,2356,2048,8192,16384,15951,512,1024,8192,2355,4096,8192,16384,1912,4096,8192,16384,543,8192,16384,16384,28,2048,4096,8192,498,512,4096,4096,1908,1024,4096,8192,330,2048,4096,4096,4,64,65536,262144,23724,1048576,1048576,1048576,41,524288,524288,524288,41,524288,524288,524288,41,1024,2048,2048,41,128,4096,65536,41,128,512,4096,3364,128,512,1024,3364,128,512,4096,143559,64,512,1024,17208,64,512,512,2837,128,512,1024,4203,256,1024,1024,1328,256,512,4096,1292,64,512,1024,20691,64,256,512,2808,64,256,512,551,64,512,1024,261,128,512,4096,252,128,512,512,36,0,0,0,0,0,0,0,0,0,0,0,0,64,128,128,21,64,128,128,21,14.84,11.19,3.65,0,28,3,498,52,53,0,0,0,0,0,0,0,2097152,2097152,2097152,2097152,2097152,5,2097152,2097152,2097152,2097152,2097152,5,2097152,2097152,4194304,4194304,8388608,234,2097152,2097152,2097152,2097152,2097152,25,131072,2097152,2097152,2097152,4194304,40,0,0,0,0,0,0,0,0,0,0,0,0,128,256,256,512,1024,309,2097152,2097152,4194304,4194304,8388608,309,0,0,0,0,0,0,256,512,512,1024,1024,309,12682,0,39909,23272,45450,0,41,21,0
47802331958700,2356,2048,8192,16384,15694,512,4096,8192,2355,4096,8192,16384,1880,4096,8192,16384,486,8192,8192,8192,30,2048,8192,8192,475,512,4096,4096,1876,1024,4096,8192,322,0,0,0,1,64,65536,131072,23319,1048576,1048576,1048576,42,524288,524288,524288,42,524288,524288,524288,42,1024,2048,2048,42,64,128,8192,42,128,512,4096,3199,128,512,1024,3199,128,512,4096,141246,64,512,1024,16920,64,256,512,2826,128,512,1024,3852,256,1024,2048,1176,256,512,1024,1365,64,512,1024,23103,64,256,512,3033,64,256,512,516,64,512,512,270,128,512,4096,270,64,256,256,9,0,0,0,0,0,0,0,0,0,0,0,0,64,128,128,21,64,128,128,21,13.60,9.69,3.90,0,30,15,475,49,48,0,0,0,0,0,0,0,2097152,2097152,2097152,2097152,4194304,14,2097152,2097152,2097152,2097152,4194304,7,2097152,2097152,4194304,4194304,8388608,207,2097152,2097152,2097152,2097152,4194304,34,131072,2097152,2097152,2097152,8388608,35,0,0,0,0,0,0,0,0,0,0,0,0,128,256,256,512,512,297,2097152,2097152,4194304,8388608,8388608,297,0,0,0,0,0,0,256,512,512,512,1024,297,13002,0,41512,22961,45739,0,42,21,0
47803368855100,2286,2048,8192,16384,15621,512,4096,8192,2301,4096,8192,8192,1892,4096,8192,16384,481,8192,8192,8192,28,2048,8192,8192,488,512,4096,4096,1882,1024,4096,8192,297,0,0,0,1,64,65536,131072,23189,1048576,1048576,1048576,41,524288,524288,524288,41,524288,524288,524288,41,512,2048,2048,41,64,128,256,41,128,512,4096,2922,64,512,1024,3552,128,512,4096,140589,128,512,1024,17028,64,256,512,2692,128,512,1024,3690,256,1024,1024,1023,256,512,512,1239,64,512,2048,20979,64,256,512,2727,64,256,512,672,64,512,512,234,128,512,1024,252,128,256,256,9,0,0,0,0,0,0,0,0,0,0,0,0,64,128,128,20,64,128,128,20,13.32,9.17,4.15,0,28,8,488,51,51,70,0,0,0,0,0,0,2097152,2097152,2097152,2097152,2097152,5,2097152,2097152,2097152,2097152,2097152,3,2097152,2097152,4194304,4194304,4194304,243,131072,2097152,2097152,2097152,4194304,25,131072,2097152,2097152,2097152,2097152,35,0,0,0,0,0,0,0,0,0,0,0,0,128,256,256,512,512,311,2097152,2097152,4194304,4194304,4194304,311,0,0,0,0,0,0,256,256,512,512,1024,311,13387,0,41234,22910,46056,0,41,20,0
47804403095400,2286,2048,8192,16384,15422,512,4096,8192,2367,4096,8192,16384,1842,4096,8192,16384,454,8192,8192,16384,25,2048,4096,8192,452,512,4096,4096,1795,1024,4096,8192,325,2048,2048,2048,2,64,65536,262144,22870,1048576,1048576,1048576,41,524288,524288,524288,41,524288,524288,524288,41,512,1024,1024,41,64,16384,16384,41,64,512,1024,2979,128,512,1024,2979,128,512,4096,138798,128,512,1024,16578,64,256,512,2311,64,512,1024,3492,256,1024,1024,1176,256,512,512,1149,64,512,1024,20520,64,256,512,2727,64,256,512,567,128,512,512,207,128,512,4096,225,128,512,512,18,0,0,0,0,0,0,0,0,0,0,0,0,64,128,128,21,64,128,128,21,12.59,9.57,3.02,0,25,22,452,58,39,0,0,0,0,0,0,0,2097152,2097152,2097152,2097152,2097152,12,2097152,2097152,2097152,2097152,2097152,6,2097152,2097152,4194304,4194304,4194304,160,131072,2097152,2097152,2097152,4194304,23,65536,2097152,2097152,2097152,2097152,19,2097152,4194304,4194304,4194304,4194304,72,0,0,0,0,0,0,128,256,512,512,512,292,2097152,4194304,4194304,4194304,4194304,292,0,0,0,0,0,0,256,512,512,1024,1024,292,13691,0,39691,22529,46358,0,41,21,0
47805438134400,2286,2048,8192,16384,15515,512,4096,4096,2331,4096,8192,16384,1860,4096,8192,16384,468,8192,16384,16384,19,2048,8192,8192,512,512,4096,4096,1892,1024,4096,8192,319,2048,2048,2048,3,64,65536,131072,23104,1048576,1048576,1048576,42,524288,524288,524288,42,524288,524288,524288,42,512,1024,1024,42,128,16384,32768,42,64,512,1024,3165,128,512,1024,3165,128,512,4096,139635,64,512,1024,16740,64,256,512,2468,128,512,1024,3681,256,1024,1024,1113,256,512,1024,1077,64,512,1024,22203,64,512,512,2682,64,256,512,420,64,256,512,180,128,512,8192,171,128,512,512,27,1024,2048,2048,35,1024,2048,16384,33,64,64,256,68,64,128,128,21,64,128,128,21,14.96,10.69,4.27,33,19,36,512,48,47,0,0,0,0,0,0,0,2097152,4194304,4194304,4194304,4194304,10,2097152,4194304,4194304,4194304,4194304,5,2097152,4194304,4194304,8388608,16777216,215,131072,4194304,4194304,4194304,4194304,30,65536,2097152,2097152,2097152,2097152,26,0,0,0,0,0,0,0,0,0,0,0,0,128,256,256,256,512,286,2097152,4194304,4194304,8388608,16777216,286,0,0,0,0,0,0,256,512,512,512,1024,286,14100,0,41303,22820,45503,0,42,21,0
47806475456400,2286,2048,8192,16384,15524,512,4096,8192,2526,4096,8192,16384,1866,4096,8192,16384,445,8192,8192,8192,30,2048,8192,8192,462,512,4096,4096,1905,1024,4096,8192,309,1024,1024,1024,2,64,65536,262144,23286,1048576,1048576,1048576,41,524288,524288,524288,41,524288,524288,524288,41,512,2048,2048,41,128,8192,32768,41,128,512,1024,2953,128,512,1024,2953,128,512,4096,139716,64,512,1024,16794,64,256,512,2587,128,512,1024,3519,256,1024,4096,1317,256,512,1024,1245,64,512,2048,20961,64,256,512,2871,64,256,512,597,64,256,512,243,128,512,1024,270,64,256,256,18,1024,2048,2048,35,1024,1024,2048,36,64,64,64,71,64,128,128,20,64,128,128,20,14.32,9.80,4.52,36,30,39,462,47,45,0,0,0,0,0,0,0,2097152,2097152,2097152,2097152,2097152,11,2097152,2097152,2097152,2097152,2097152,6,2097152,2097152,4194304,4194304,4194304,223,131072,2097152,2097152,2097152,2097152,32,131072,2097152,2097152,2097152,2097152,38,0,0,0,0,0,0,0,0,0,0,0,0,128,256,256,512,1024,310,2097152,2097152,4194304,4194304,4194304,310,0,0,0,0,0,0,256,512,512,512,1024,310,14449,0,42403,23041,46111,0,41,20,0
47807509548000,2286,2048,8192,16384,15599,512,4096,4096,2295,4096,8192,16384,1839,4096,8192,16384,482,8192,8192,8192,15,2048,4096,8192,441,512,4096,4096,1821,1024,4096,8192,319,0,0,0,0,64,65536,262144,23001,1048576,1048576,1048576,42,524288,524288,524288,42,524288,524288,524288,42,256,512,512,42,64,16384,16384,42,128,512,1024,2986,128,512,1024,2986,128,512,4096,140391,64,512,1024,16551,64,256,512,2413,128,512,1024,3735,256,1024,2048,1340,256,512,1024,1358,64,256,1024,21600,64,256,512,2547,64,256,512,591,64,512,2048,153,128,256,512,135,0,0,0,0,0,0,0,0,0,0,0,1,0,0,0,1,64,128,128,21,64,128,128,21,13.47,9.95,3.53,1,15,42,441,48,35,0,0,0,0,0,0,0,2097152,2097152,2097152,2097152,2097152,16,2097152,2097152,2097152,2097152,4194304,4,2097152,2097152,4194304,4194304,4194304,238,131072,2097152,2097152,2097152,4194304,36,131072,2097152,2097152,2097152,2097152,25,0,0,0,0,0,0,0,0,0,0,0,0,128,256,256,512,512,319,2097152,2097152,4194304,4194304,4194304,319,0,0,0,0,0,0,256,512,512,512,1024,319,14712,0,41246,22723,46067,0,42,21,0
47808543667500,2286,2048,8192,16384,15732,512,4096,8192,2293,4096,8192,16384,1859,4096,8192,16384,440,8192,16384,16384,19,2048,8192,8192,482,512,4096,8192,1876,1024,4096,8192,324,2048,2048,2048,3,128,65536,262144,23228,1048576,1048576,1048576,41,524288,524288,524288,41,524288,524288,524288,41,512,1024,1024,41,64,4096,32768,41,128,512,1024,2804,128,512,1024,2804,128,512,4096,141588,128,512,1024,16731,64,256,512,2401,128,512,512,3654,256,1024,2048,1167,256,512,512,1131,64,256,512,21249,64,256,512,2628,64,256,1024,567,64,256,512,180,128,1024,4096,171,128,256,512,27,0,0,0,0,0,0,0,0,0,0,0,0,64,128,128,21,64,128,128,21,12.71,9.19,3.52,0,19,42,482,47,55,0,0,0,0,0,0,0,2097152,2097152,2097152,2097152,4194304,9,2097152,2097152,2097152,2097152,4194304,6,2097152,2097152,4194304,4194304,4194304,233,131072,2097152,2097152,2097152,4194304,31,131072,2097152,2097152,2097152,2097152,45,0,0,0,0,0,0,0,0,0,0,0,0,128,256,512,512,512,324,2097152,2097152,4194304,4194304,4194304,324,0,0,0,0,0,0,256,512,512,512,1024,324,15033,0,40504,22913,45590,0,41,21,0
47809580395000,2296,2048,8192,16384,14920,512,4096,8192,2238,4096,8192,16384,1729,4096,8192,16384,410,8192,16384,16384,21,2048,8192,8192,466,512,4096,8192,1720,1024,4096,8192,283,0,0,0,0,128,65536,131072,21994,1048576,1048576,1048576,42,524288,524288,524288,42,524288,524288,524288,42,512,1024,1024,42,128,2048,32768,42,64,512,1024,2962,64,512,1024,2872,128,512,4096,134280,128,512,1024,15561,64,256,512,2365,128,512,1024,3564,256,1024,2048,1376,256,512,1024,1160,64,512,2048,21879,64,256,512,2817,64,256,512,501,64,512,512,171,128,512,4096,189,0,0,0,0,0,0,0,0,0,0,0,0,0,0,0,0,64,128,128,21,128,16384,16384,21,13.70,9.80,3.90,0,21,40,466,67,60,0,262144,524288,524288,524288,524288,10,2097152,2097152,2097152,2097152,2097152,14,2097152,2097152,2097152,2097152,2097152,9,2097152,4194304,4194304,8388608,8388608,216,131072,2097152,2097152,2097152,2097152,30,65536,2097152,2097152,2097152,4194304,22,0,0,0,0,0,0,0,0,0,0,0,0,128,256,512,512,512,301,2097152,2097152,4194304,8388608,8388608,301,128,256,256,256,256,10,256,512,512,512,1024,291,15386,0,39631,21697,45347,0,42,21,0
47810614715200,2311,2048,8192,16384,16082,512,4096,8192,2349,4096,8192,16384,1981,4096,8192,16384,505,8192,16384,16384,26,2048,8192,8192,519,512,4096,8192,1983,1024,4096,8192,326,4096,4096,4096,2,64,65536,131072,23995,1048576,1048576,1048576,41,524288,524288,524288,41,524288,524288,524288,41,512,1024,1024,41,64,128,32768,41,64,512,4096,2985,128,512,1024,2850,128,512,4096,144738,128,512,1024,17829,64,256,512,2561,128,512,1024,4464,256,1024,4096,1187,256,512,512,1241,64,512,4096,20304,64,256,512,2691,64,256,512,528,64,256,512,243,128,512,4096,234,128,512,512,18,0,0,0,0,0,0,0,0,0,0,0,0,64,128,128,20,256,32768,32768,20,12.83,9.94,2.89,0,26,44,519,55,51,0,262144,524288,524288,524288,524288,16,2097152,2097152,2097152,2097152,4194304,13,2097152,2097152,2097152,2097152,2097152,3,2097152,2097152,4194304,4194304,8388608,217,2097152,2097152,2097152,2097152,2097152,30,131072,2097152,2097152,2097152,2097152,29,0,0,0,0,0,0,0,0,0,0,0,0,128,256,256,512,512,308,2097152,2097152,4194304,4194304,8388608,308,256,256,256,256,256,16,256,512,512,512,1024,292,15773,0,39814,23579,45345,0,41,20,0
47811650174100,2327,2048,8192,16384,15320,512,4096,8192,2322,4096,8192,16384,1926,4096,8192,16384,466,8192,8192,8192,23,2048,8192,32768,474,512,4096,8192,1918,1024,4096,8192,330,0,0,0,1,64,65536,131072,22986,1048576,1048576,1048576,41,524288,524288,524288,41,524288,524288,524288,41,512,1024,1024,41,128,128,8192,41,64,512,1024,3234,128,512,1024,3090,128,512,4096,137880,64,512,1024,17334,64,256,512,2526,128,512,1024,4005,256,1024,2048,1395,256,512,1024,1251,64,512,2048,22509,64,256,512,2898,64,512,2048,417,64,256,512,189,128,512,4096,207,128,256,256,9,0,0,0,0,0,0,0,0,0,0,0,0,64,128,128,21,8192,16384,16384,21,13.33,9.94,3.40,0,23,39,474,54,54,0,262144,524288,524288,524288,524288,15,2097152,2097152,2097152,2097152,4194304,23,2097152,2097152,2097152,2097152,2097152,5,2097152,2097152,4194304,4194304,4194304,221,2097152,2097152,2097152,2097152,2097152,34,131072,4194304,4194304,4194304,4194304,18,0,0,0,0,0,0,0,0,0,0,0,0,128,256,512,512,1024,316,2097152,2097152,4194304,4194304,4194304,316,128,256,256,256,256,15,256,512,512,1024,1024,301,16101,0,41099,22571,45816,0,41,21,0
47812686428300,2270,2048,8192,16384,14721,512,4096,8192,2125,4096,8192,16384,1721,4096,8192,16384,455,8192,8192,8192,14,2048,8192,8192,394,512,4096,8192,1729,1024,4096,8192,287,0,0,0,1,128,65536,131072,21612,1048576,1048576,1048576,42,524288,524288,524288,42,524288,524288,524288,42,512,1024,1024,42,64,512,65536,42,64,512,4096,3385,64,512,1024,3898,128,512,4096,132489,64,512,1024,15489,64,256,512,2243,128,512,1024,3879,256,1024,4096,1302,256,512,4096,1185,64,512,4096,23391,64,256,2048,3132,64,256,1024,645,64,256,512,171,128,512,1024,126,64,256,256,9,0,0,0,0,0,0,0,0,0,0,0,0,64,128,128,21,128,16384,16384,21,13.21,9.81,3.40,0,14,32,394,36,50,70,262144,524288,524288,524288,524288,13,2097152,2097152,2097152,2097152,2097152,12,2097152,2097152,2097152,2097152,2097152,4,2097152,2097152,4194304,4194304,8388608,219,2097152,2097152,4194304,4194304,4194304,30,131072,4194304,4194304,4194304,4194304,27,0,0,0,0,0,0,0,0,0,0,0,0,128,256,256,512,16384,305,2097152,2097152,4194304,4194304,8388608,305,256,256,256,256,256,13,256,512,512,512,512,292,16392,0,39864,21301,45034,0,42,21,0
47813721304100,2282,2048,8192,16384,15574,512,4096,8192,2458,4096,8192,8192,1909,4096,8192,16384,514,8192,8192,8192,26,2048,4096,8192,516,512,4096,4096,1909,1024,4096,4096,329,0,0,0,1,64,65536,131072,23432,1048576,1048576,1048576,41,524288,524288,524288,41,524288,524288,524288,41,512,1024,1024,41,64,1024,32768,41,64,512,4096,3096,128,512,1024,2988,128,512,4096,140166,64,512,1024,17181,64,256,512,2709,128,512,1024,4284,256,1024,4096,1317,256,512,1024,1353,64,512,2048,21276,64,256,512,2889,64,256,1024,465,64,256,512,234,128,256,512,234,128,512,512,9,0,0,0,0,0,0,0,0,0,0,0,0,64,128,128,20,128,16384,16384,20,13.19,10.81,2.39,0,26,38,516,34,55,0,262144,262144,262144,262144,524288,12,2097152,4194304,4194304,4194304,8388608,8,2097152,2097152,2097152,2097152,4194304,5,2097152,4194304,4194304,8388608,8388608,212,2097152,4194304,4194304,4194304,4194304,24,2097152,4194304,4194304,4194304,4194304,29,0,0,0,0,0,0,0,0,0,0,0,0,128,256,512,512,512,290,2097152,4194304,4194304,8388608,8388608,290,128,256,256,256,256,12,256,512,512,512,1024,278,16771,0,40840,22989,45972,0,41,20,0
47814760635300,2288,2048,8192,16384,15834,512,4096,8192,2288,4096,8192,16384,1909,4096,8192,16384,492,8192,8192,16384,25,2048,4096,8192,501,512,4096,8192,1901,1024,4096,8192,319,0,0,0,1,64,65536,262144,23443,1048576,1048576,1048576,42,524288,524288,524288,42,524288,524288,524288,42,1024,1024,1024,42,64,32768,65536,42,64,512,1024,3228,128,512,1024,3174,128,512,4096,142506,64,512,1024,17181,64,256,512,2471,64,512,1024,3915,256,1024,1024,1247,256,512,1024,1238,64,512,2048,22203,64,256,512,2952,64,256,4096,633,64,256,512,207,128,512,4096,225,128,256,256,9,1024,2048,2048,11,1024,1024,1024,7,0,64,64,18,64,128,128,21,64,16384,16384,21,12.20,9.31,2.89,7,25,36,501,51,54,0,262144,262144,262144,262144,262144,6,2097152,2097152,2097152,2097152,2097152,11,2097152,2097152,2097152,2097152,2097152,7,2097152,2097152,4194304,4194304,4194304,220,2097152,2097152,2097152,2097152,2097152,40,131072,2097152,2097152,2097152,2097152,31,0,0,0,0,0,0,0,0,0,0,0,0,128,256,256,512,512,315,2097152,2097152,4194304,4194304,4194304,315,256,256,256,256,256,6,256,512,512,512,1024,309,17130,0,42038,23142,45874,0,42,21,0
47815794351400,2288,2048,8192,16384,15627,512,4096,8192,2265,4096,8192,16384,1810,4096,8192,16384,484,8192,16384,16384,29,2048,8192,8192,471,512,4096,8192,1854,1024,4096,8192,331,0,0,0,0,128,65536,262144,23035,1048576,1048576,1048576,41,524288,524288,524288,41,524288,524288,524288,41,1024,1024,1024,41,64,16384,32768,41,128,512,4096,3048,128,512,2048,3048,128,512,4096,140643,64,512,1024,16290,64,256,512,2789,64,512,1024,3573,256,1024,1024,1279,256,512,1024,1342,64,512,2048,21798,64,256,512,2844,64,256,512,555,128,256,512,261,128,512,4096,261,0,0,0,0,1024,2048,2048,33,1024,2048,2048,36,64,64,64,69,64,128,128,21,64,128,128,21,11.83,8.81,3.02,36,29,45,471,47,67,0,0,0,0,0,0,0,2097152,2097152,2097152,2097152,4194304,12,2097152,2097152,2097152,2097152,2097152,3,2097152,2097152,4194304,4194304,4194304,232,2097152,2097152,2097152,2097152,2097152,27,2097152,2097152,4194304,4194304,4194304,22,0,0,0,0,0,0,0,0,0,0,0,0,128,256,512,512,512,296,2097152,2097152,4194304,4194304,4194304,296,0,0,0,0,0,0,256,256,512,512,1024,296,17529,0,40819,22817,45512,0,41,21,0
47816827937100,2288,2048,8192,16384,15679,512,4096,8192,2309,4096,8192,16384,1895,4096,8192,16384,513,8192,8192,16384,22,2048,8192,16384,495,512,4096,8192,1858,1024,4096,8192,326,2048,2048,2048,3,64,65536,131072,23273,1048576,1048576,1048576,41,524288,524288,524288,41,524288,524288,524288,41,512,1024,1024,41,64,2048,32768,41,128,512,4096,3268,128,512,1024,3268,128,512,4096,141111,64,512,1024,17055,64,256,512,2890,128,512,1024,4005,256,1024,2048,1131,256,512,1024,1221,64,512,1024,22077,64,512,1024,2826,64,512,512,654,64,256,512,198,128,512,4096,198,128,256,512,27,2048,2048,2048,26,1024,1024,2048,27,64,64,64,53,64,128,128,20,64,64,64,20,13.97,9.32,4.66,27,22,35,495,62,54,0,0,0,0,0,0,0,2097152,2097152,2097152,2097152,2097152,19,2097152,2097152,2097152,2097152,2097152,4,2097152,2097152,4194304,4194304,4194304,224,131072,2097152,2097152,2097152,2097152,27,131072,2097152,4194304,4194304,4194304,33,0,0,0,0,0,0,0,0,0,0,0,0,256,256,512,512,512,307,2097152,2097152,4194304,4194304,4194304,307,0,0,0,0,0,0,256,512,512,512,512,307,17917,0,40348,22796,45341,213,41,20,0
47817862815200,2288,2048,8192,16384,15633,512,4096,8192,2292,4096,8192,16384,1841,4096,8192,16384,476,8192,8192,8192,15,2048,8192,8192,429,512,4096,8192,1828,1024,4096,8192,290,0,0,0,0,64,65536,262144,22972,1048576,1048576,1048576,42,524288,524288,524288,42,524288,524288,524288,42,512,1024,1024,42,128,8192,32768,42,64,512,1024,3017,128,512,1024,3017,128,512,4096,140697,64,512,1024,16569,64,256,512,2474,128,512,1024,3618,256,1024,1024,1175,256,512,1024,1175,64,512,1024,21933,64,256,512,2772,64,256,1024,576,64,256,512,153,128,256,512,135,0,0,0,0,0,0,0,0,0,0,0,0,0,0,0,0,64,128,128,21,64,128,128,21,11.80,9.42,2.39,0,15,28,429,52,61,0,0,0,0,0,0,0,2097152,2097152,2097152,2097152,2097152,8,2097152,2097152,2097152,2097152,2097152,7,2097152,2097152,4194304,8388608,8388608,225,131072,2097152,2097152,2097152,2097152,24,65536,2097152,2097152,2097152,2097152,22,0,0,0,0,0,0,0,0,0,0,0,0,256,256,512,512,512,286,2097152,2097152,4194304,8388608,8388608,286,0,0,0,0,0,0,256,512,512,512,512,286,18216,0,40467,22652,45508,0,42,21,0
47818897212400,2288,2048,8192,16384,15730,512,4096,8192,2284,4096,8192,16384,1878,4096,16384,16384,474,8192,16384,16384,30,2048,8192,8192,445,512,4096,8192,1883,1024,4096,8192,324,0,0,0,0,128,65536,262144,23274,1048576,1048576,1048576,41,524288,524288,524288,41,524288,524288,524288,41,512,1024,2048,41,64,32768,32768,41,128,512,4096,2832,128,512,4096,2832,128,512,4096,141570,64,512,1024,16902,64,256,512,2587,128,512,1024,3780,256,1024,4096,1248,256,512,512,1419,64,512,1024,21042,64,256,512,2565,64,256,4096,480,64,512,512,306,128,512,4096,270,0,0,0,0,0,0,0,0,0,0,0,0,0,0,0,0,64,128,128,21,64,64,64,21,14.10,10.45,3.65,0,30,28,445,63,56,0,0,0,0,0,0,0,2097152,2097152,2097152,2097152,4194304,9,2097152,2097152,2097152,2097152,4194304,4,2097152,2097152,4194304,4194304,4194304,238,131072,2097152,2097152,2097152,2097152,15,65536,2097152,2097152,2097152,2097152,37,0,0,0,0,0,0,0,0,0,0,0,0,128,256,256,512,512,303,2097152,2097152,4194304,4194304,4194304,303,0,0,0,0,0,0,256,256,512,512,512,303,18535,0,41307,22962,45772,0,41,21,0
47819933516400,2288,2048,8192,16384,15169,512,4096,8192,2287,4096,8192,16384,1871,4096,8192,16384,466,8192,16384,16384,24,2048,8192,8192,526,512,4096,8192,1880,1024,4096,8192,296,2048,4096,4096,4,128,65536,524288,22722,1048576,1048576,1048576,42,524288,524288,524288,42,524288,524288,524288,42,512,1024,1024,42,64,32768,65536,42,64,512,4096,3118,128,512,4096,3118,128,512,4096,136521,64,512,1024,16839,64,256,512,2680,128,512,1024,3591,256,1024,2048,1346,256,512,1024,1418,64,512,2048,21204,64,512,1024,3060,64,256,4096,558,64,256,512,234,128,512,4096,216,128,512,512,36,0,0,0,0,0,0,0,0,0,0,0,0,64,128,128,21,64,128,128,21,11.43,8.54,2.89,0,24,29,526,41,59,0,0,0,0,0,0,0,2097152,4194304,4194304,4194304,4194304,20,2097152,2097152,2097152,2097152,2097152,4,2097152,2097152,4194304,4194304,8388608,218,2097152,2097152,4194304,4194304,8388608,30,131072,2097152,4194304,4194304,4194304,23,0,0,0,0,0,0,0,0,0,0,0,0,256,256,512,512,8192,295,2097152,4194304,4194304,8388608,8388608,295,0,0,0,0,0,0,256,512,512,512,32768,295,18919,0,40797,22398,45484,0,42,21,0
47820969084200,2288,2048,8192,16384,15432,512,4096,8192,2289,4096,8192,16384,1799,4096,8192,16384,463,8192,8192,8192,26,2048,8192,8192,492,512,4096,8192,1852,1024,4096,8192,302,0,0,0,1,128,65536,262144,22887,1048576,1048576,1048576,41,524288,524288,524288,41,524288,524288,524288,41,512,1024,1024,41,64,128,16384,41,128,512,1024,3040,128,512,1024,3040,128,512,4096,138888,64,512,1024,16191,64,256,512,2787,64,512,2048,3564,256,1024,2048,1328,256,512,1024,1265,64,512,2048,21465,64,256,512,2745,64,256,512,510,64,256,512,225,128,512,4096,234,64,256,256,9,0,0,0,0,0,0,0,0,0,0,0,0,64,128,128,20,64,128,128,20,12.33,9.31,3.02,0,26,27,492,56,54,0,0,0,0,0,0,0,2097152,2097152,2097152,2097152,4194304,11,2097152,2097152,2097152,2097152,2097152,4,2097152,4194304,4194304,4194304,4194304,204,2097152,4194304,8388608,8388608,8388608,26,2097152,2097152,2097152,2097152,2097152,25,0,0,0,0,0,0,0,0,0,0,0,0,256,256,512,512,512,270,2097152,4194304,4194304,8388608,8388608,270,0,0,0,0,0,0,256,512,512,512,1024,270,19304,0,41944,22605,45768,0,41,20,0
47822001941100,2288,2048,8192,16384,15581,512,4096,4096,2290,4096,8192,8192,1865,4096,8192,16384,433,8192,16384,32768,27,2048,8192,8192,476,512,4096,8192,1855,1024,4096,8192,327,2048,2048,2048,2,128,65536,262144,23074,1048576,1048576,1048576,41,524288,524288,524288,41,524288,524288,524288,41,256,1024,2048,41,64,2048,8192,41,128,512,1024,2821,128,512,4096,2821,128,512,4096,140229,64,512,1024,16785,64,256,512,2343,128,512,1024,3690,256,1024,4096,1179,256,512,1024,1206,64,512,1024,21438,64,512,512,2727,64,512,1024,480,128,256,512,198,128,512,512,243,128,256,256,18,0,0,0,0,0,0,0,0,0,0,0,0,64,64,128,21,64,128,128,21,12.98,9.58,3.40,0,27,29,476,76,50,0,0,0,0,0,0,0,2097152,2097152,2097152,2097152,4194304,9,2097152,2097152,2097152,2097152,2097152,8,2097152,2097152,4194304,4194304,4194304,229,2097152,2097152,4194304,4194304,4194304,27,65536,2097152,2097152,2097152,4194304,24,0,0,0,0,0,0,0,0,0,0,0,0,128,256,512,512,512,297,2097152,4194304,4194304,4194304,4194304,297,0,0,0,0,0,0,256,512,512,512,1024,297,19665,0,39910,22652,45551,0,41,21,0
47823038069000,2220,2048,8192,16384,14969,512,4096,8192,2264,4096,8192,16384,1738,4096,8192,16384,451,8192,8192,8192,21,2048,8192,8192,410,512,4096,4096,1730,1024,4096,8192,306,2048,2048,2048,2,128,65536,262144,22070,1048576,1048576,1048576,42,524288,524288,524288,42,524288,524288,524288,42,512,1024,1024,42,64,32768,65536,42,128,512,4096,2997,64,512,1024,3609,128,512,4096,134727,64,512,1024,15642,64,256,512,2732,128,512,2048,3411,256,1024,4096,1329,256,512,512,1284,64,512,4096,21555,64,256,512,2772,64,256,4096,486,128,256,512,198,128,512,4096,189,128,512,512,18,0,0,0,0,0,0,0,0,0,0,0,0,64,128,128,21,64,128,128,21,13.82,10.18,3.64,0,21,23,410,67,63,68,0,0,0,0,0,0,2097152,2097152,2097152,2097152,2097152,23,2097152,2097152,2097152,2097152,2097152,4,2097152,4194304,4194304,4194304,4194304,223,131072,2097152,2097152,2097152,4194304,29,131072,2097152,2097152,2097152,4194304,29,0,0,0,0,0,0,0,0,0,0,0,0,128,256,256,512,512,308,2097152,2097152,4194304,4194304,4194304,308,0,0,0,0,0,0,256,512,512,1024,1024,308,20009,0,40547,21852,45279,0,42,21,0
47824073401700,2220,2048,8192,16384,13994,512,4096,4096,2223,4096,8192,16384,1883,4096,8192,16384,447,8192,8192,8192,21,2048,8192,8192,480,512,4096,4096,1871,1024,4096,8192,317,2048,2048,2048,2,64,65536,131072,21459,1048576,1048576,1048576,41,524288,524288,524288,41,524288,524288,524288,41,512,1024,1024,41,64,8192,16384,41,128,512,1024,3086,128,512,4096,3086,128,512,4096,125940,64,512,2048,16947,64,256,512,2650,128,512,4096,3852,256,1024,4096,1287,256,512,4096,1215,64,512,4096,18243,64,256,512,3096,64,256,512,729,128,256,512,171,128,512,4096,189,128,512,512,18,0,0,0,0,0,0,0,0,0,0,0,0,64,128,128,20,64,128,128,20,12.83,9.68,3.14,0,21,32,480,44,42,0,0,0,0,0,0,0,2097152,2097152,2097152,2097152,2097152,8,2097152,2097152,2097152,2097152,4194304,9,2097152,2097152,4194304,4194304,8388608,239,131072,2097152,2097152,2097152,2097152,21,131072,2097152,2097152,2097152,4194304,35,0,0,0,0,0,0,0,0,0,0,0,0,128,256,512,512,512,312,2097152,2097152,4194304,4194304,8388608,312,0,0,0,0,0,0,256,256,512,1024,1024,312,20316,0,41237,21048,45243,0,41,20,0
47825107321200,2220,2048,8192,16384,14794,512,4096,4096,2220,4096,8192,16384,1766,4096,8192,16384,434,8192,8192,8192,15,2048,8192,8192,471,512,4096,8192,1762,1024,4096,8192,301,0,0,0,0,64,65536,262144,21929,1048576,1048576,1048576,42,524288,524288,524288,42,524288,524288,524288,42,512,1024,1024,42,64,16384,32768,42,128,512,1024,3197,128,512,1024,3197,128,512,4096,133151,64,512,1024,15894,64,256,512,2283,128,512,1024,3474,256,1024,2048,1254,256,512,1024,1227,64,512,2048,21807,64,256,512,2178,64,256,512,597,64,512,1024,180,64,512,4096,135,0,0,0,0,2048,2048,2048,18,1024,1024,1024,13,64,64,64,31,64,64,128,21,64,128,128,21,11.83,9.06,2.77,13,15,21,471,60,70,0,0,0,0,0,0,0,2097152,2097152,2097152,2097152,2097152,15,0,0,0,0,2097152,1,2097152,2097152,4194304,4194304,8388608,225,131072,2097152,2097152,2097152,2097152,24,131072,2097152,2097152,2097152,2097152,28,0,0,0,0,0,0,0,0,0,0,0,0,128,256,512,512,512,293,2097152,2097152,4194304,4194304,8388608,293,0,0,0,0,0,0,256,256,512,512,512,293,20673,0,40158,21685,45238,0,42,21,0
47826144877300,2220,2048,8192,16384,14015,512,4096,8192,2220,4096,8192,16384,1792,4096,8192,16384,450,8192,8192,8192,19,2048,4096,8192,505,512,4096,4096,1821,1024,4096,8192,302,0,0,0,0,64,65536,262144,21327,1048576,1048576,1048576,41,524288,524288,524288,41,524288,524288,524288,41,512,1024,2048,41,64,8192,16384,41,128,512,4096,2789,128,512,4096,2789,128,512,4096,126130,64,512,1024,16128,64,256,512,2332,128,512,1024,3879,256,1024,4096,1278,256,512,2048,1206,128,512,4096,19143,64,512,512,2961,64,512,1024,648,64,256,512,153,128,512,4096,171,0,0,0,0,2048,2048,2048,34,1024,2048,2048,35,64,64,128,69,64,128,128,21,64,128,128,21,13.57,9.93,3.64,35,19,23,505,57,60,0,0,0,0,0,0,0,2097152,2097152,2097152,2097152,2097152,4,2097152,2097152,2097152,2097152,4194304,3,2097152,2097152,4194304,8388608,8388608,223,2097152,2097152,2097152,2097152,4194304,28,131072,2097152,2097152,2097152,4194304,35,0,0,0,0,0,0,0,0,0,0,0,0,128,256,512,512,512,293,2097152,2097152,4194304,8388608,8388608,293,0,0,0,0,0,0,256,512,512,512,1024,293,21079,0,39376,20827,44135,0,41,21,0
47827179524000,2220,2048,8192,16384,14913,512,4096,4096,2221,4096,8192,16384,1817,4096,8192,16384,446,8192,8192,8192,19,2048,8192,8192,432,512,4096,4096,1820,1024,4096,8192,325,0,0,0,0,64,65536,262144,22212,1048576,1048576,1048576,41,524288,524288,524288,41,524288,524288,524288,41,512,1024,1024,41,64,128,1024,42,128,512,1024,2822,128,512,512,2822,128,512,4096,134217,64,512,1024,16353,64,256,512,2279,128,512,1024,4131,256,1024,4096,1200,256,512,1024,1128,64,512,2048,20688,64,256,512,2601,64,256,512,669,64,256,512,153,128,512,4096,171,0,0,0,0,2048,2048,2048,16,1024,2048,2048,20,64,64,64,36,64,128,128,21,64,128,128,21,13.84,9.94,3.90,20,19,22,432,51,63,0,0,0,0,0,0,0,2097152,2097152,2097152,2097152,2097152,9,2097152,2097152,2097152,2097152,4194304,5,2097152,2097152,2097152,4194304,4194304,159,131072,2097152,2097152,2097152,4194304,23,131072,2097152,2097152,2097152,4194304,30,2097152,4194304,4194304,4194304,8388608,72,0,0,0,0,0,0,128,256,512,512,512,298,2097152,2097152,4194304,4194304,8388608,298,0,0,0,0,0,0,256,512,512,512,1024,298,21388,0,41221,21879,45749,0,41,21,0
47828216157500,2220,2048,8192,16384,14036,512,4096,4096,2223,4096,8192,16384,1754,4096,8192,16384,448,8192,8192,8192,17,2048,8192,8192,412,512,4096,8192,1709,1024,4096,4096,277,0,0,0,0,128,65536,524288,21047,1048576,1048576,1048576,42,524288,524288,524288,42,524288,524288,524288,42,512,1024,1024,42,64,128,8192,41,128,512,4096,2849,128,512,2048,2849,128,512,4096,126324,64,512,2048,15786,64,256,512,2118,128,512,1024,3789,256,1024,4096,1287,256,512,4096,1170,64,512,4096,20415,64,256,512,3051,64,256,512,624,64,512,512,135,128,512,4096,153,0,0,0,0,0,0,0,0,0,0,0,0,0,0,0,0,64,128,128,20,64,128,128,20,12.30,9.16,3.14,0,17,15,412,58,42,0,0,0,0,0,0,0,2097152,2097152,2097152,2097152,2097152,6,2097152,2097152,2097152,2097152,2097152,8,2097152,4194304,4194304,4194304,8388608,225,131072,2097152,2097152,2097152,4194304,32,131072,2097152,2097152,2097152,2097152,17,0,0,0,0,0,0,0,0,0,0,0,0,128,256,256,512,512,288,2097152,2097152,4194304,4194304,8388608,288,0,0,0,0,0,0,256,512,512,512,512,288,21644,0,39995,20727,44373,0,42,20,0
47829251426900,2220,2048,8192,16384,14326,512,4096,4096,2217,4096,8192,16384,1766,4096,8192,16384,458,8192,8192,8192,10,2048,8192,8192,456,512,4096,4096,1777,1024,4096,8192,309,0,0,0,0,64,65536,262144,21480,1048576,1048576,1048576,41,524288,524288,524288,41,524288,524288,524288,41,512,512,1024,41,64,128,256,41,128,512,1024,3103,128,512,1024,3103,128,512,4096,128934,64,512,1024,15894,64,256,512,2523,128,512,1024,3699,256,1024,4096,1358,256,512,512,1205,64,512,4096,21051,64,512,512,2691,64,256,1024,693,64,512,512,171,128,1024,8192,90,0,0,0,0,0,0,0,0,0,0,0,0,0,0,0,0,64,128,128,21,64,128,128,21,11.59,9.70,1.89,0,10,20,456,64,47,0,0,0,0,0,0,0,2097152,2097152,2097152,2097152,2097152,7,2097152,2097152,2097152,2097152,2097152,2,2097152,4194304,4194304,8388608,8388608,230,2097152,2097152,2097152,2097152,2097152,26,131072,2097152,2097152,2097152,2097152,20,0,0,0,0,0,0,0,0,0,0,0,0,128,256,512,512,512,285,2097152,4194304,4194304,8388608,8388608,285,0,0,0,0,0,0,256,512,512,512,512,285,21956,0,39182,21112,43967,0,41,21,0
47830284586100,2220,2048,8192,16384,14153,512,4096,8192,2220,4096,8192,16384,1797,4096,8192,16384,479,8192,16384,16384,26,2048,4096,8192,492,512,4096,8192,1810,1024,4096,8192,317,4096,4096,4096,4,64,65536,524288,21482,1048576,1048576,1048576,42,524288,524288,524288,42,524288,524288,524288,42,512,1024,1024,42,64,4096,8192,42,128,512,4096,3038,128,512,4096,3038,128,512,4096,127377,64,512,1024,16173,64,256,512,2581,64,512,512,3906,256,1024,4096,1218,256,512,2048,1146,64,512,4096,19980,64,256,2048,2925,64,512,4096,636,64,256,4096,171,128,512,4096,234,64,512,4096,36,0,0,0,0,0,0,0,0,0,0,0,0,64,128,128,21,64,128,128,21,14.09,10.57,3.52,0,26,28,492,64,43,0,0,0,0,0,0,0,2097152,4194304,4194304,4194304,4194304,14,2097152,2097152,2097152,2097152,2097152,6,2097152,4194304,4194304,4194304,16777216,225,2097152,2097152,2097152,2097152,4194304,16,131072,2097152,2097152,2097152,2097152,15,0,0,0,0,0,0,0,0,0,0,0,0,256,256,512,512,512,276,2097152,4194304,4194304,4194304,16777216,276,0,0,0,0,0,0,256,512,512,512,1024,276,22333,0,38925,20980,44361,0,42,21,0
47831319803600,2222,2048,8192,16384,13408,512,4096,4096,2214,4096,8192,16384,1790,4096,8192,16384,514,8192,8192,8192,18,2048,8192,8192,466,512,4096,4096,1792,1024,4096,8192,287,0,0,0,1,64,65536,131072,20615,1048576,1048576,1048576,41,524288,524288,524288,41,524288,524288,524288,41,512,1024,1024,41,64,2048,8192,41,64,512,4096,3147,128,512,1024,3129,128,512,4096,120672,64,512,2048,16110,64,256,512,2699,64,512,1024,3861,256,1024,4096,1331,256,512,1024,1313,64,512,4096,21555,64,256,512,3042,64,512,1024,602,64,256,512,180,64,256,4096,162,128,512,512,9,0,0,0,0,0,0,0,0,0,0,0,0,64,128,128,20,64,128,128,20,12.83,9.31,3.52,0,18,18,466,49,58,0,262144,262144,262144,262144,524288,2,2097152,2097152,2097152,2097152,2097152,4,2097152,2097152,2097152,2097152,2097152,3,2097152,4194304,4194304,4194304,4194304,237,131072,2097152,2097152,2097152,2097152,31,131072,2097152,2097152,2097152,4194304,29,0,0,0,0,0,0,0,0,0,0,0,0,128,256,256,512,512,306,2097152,2097152,4194304,4194304,4194304,306,128,128,128,128,256,2,256,512,512,512,512,304,22636,0,41605,20249,44548,0,41,20,0
47832356288400,2241,2048,8192,16384,12489,512,4096,4096,2235,4096,8192,16384,1765,4096,8192,16384,455,8192,16384,16384,18,2048,4096,8192,445,512,4096,8192,1765,1024,4096,8192,295,2048,4096,4096,3,64,65536,262144,19638,1048576,1048576,1048576,42,524288,524288,524288,42,524288,524288,524288,42,512,1024,1024,42,64,16384,16384,42,64,512,4096,3062,128,512,4096,2891,128,512,4096,112401,64,512,4096,15885,64,256,512,2395,64,512,1024,3672,256,1024,4096,1243,256,512,4096,1315,64,512,4096,20295,64,256,512,2916,64,512,4096,483,64,256,4096,162,128,512,4096,162,128,4096,4096,27,0,0,0,0,0,0,0,0,0,0,0,0,64,128,128,21,16384,16384,16384,21,11.57,9.68,1.89,0,18,22,445,48,55,0,262144,524288,524288,524288,524288,19,2097152,2097152,2097152,2097152,2097152,15,2097152,2097152,2097152,2097152,2097152,3,2097152,4194304,4194304,8388608,8388608,230,2097152,2097152,2097152,2097152,2097152,16,131072,2097152,2097152,2097152,2097152,27,0,0,0,0,0,0,0,0,0,0,0,0,128,256,256,512,512,310,2097152,2097152,4194304,8388608,8388608,310,128,256,256,256,512,19,256,512,512,512,1024,291,22914,0,39116,19185,41881,0,42,21,0
47833390340500,2186,2048,8192,16384,14248,512,4096,8192,2198,4096,8192,16384,1768,4096,8192,16384,472,8192,8192,16384,28,2048,8192,8192,442,512,4096,4096,1741,1024,4096,8192,332,0,0,0,0,64,65536,262144,21427,1048576,1048576,1048576,41,524288,524288,524288,41,524288,524288,524288,41,512,1024,1024,41,128,2048,32768,41,64,512,4096,2952,64,512,1024,3447,128,512,4096,128232,64,512,1024,15912,64,256,512,2423,128,512,1024,3708,256,1024,4096,1278,256,512,4096,1323,64,512,4096,19350,64,256,512,2889,64,512,1024,537,64,256,512,261,128,512,4096,252,0,0,0,0,0,0,0,0,0,0,0,0,0,0,0,0,64,128,128,21,64,16384,32768,21,15.74,10.95,4.78,0,28,14,442,54,51,67,262144,524288,524288,524288,524288,12,2097152,2097152,2097152,2097152,2097152,6,0,0,0,0,2097152,1,2097152,4194304,4194304,8388608,8388608,231,2097152,2097152,2097152,2097152,4194304,18,131072,2097152,4194304,4194304,4194304,22,0,0,0,0,0,0,0,0,0,0,0,0,128,256,512,512,512,290,2097152,4194304,4194304,8388608,8388608,290,128,256,256,256,256,12,256,512,512,1024,32768,278,23280,0,38409,21149,42192,0,41,21,0
47834427088200,2202,2048,8192,16384,14905,512,4096,8192,2195,4096,8192,16384,1826,4096,8192,16384,483,4096,8192,8192,18,2048,8192,8192,470,512,4096,8192,1849,1024,4096,8192,296,0,0,0,1,64,65536,262144,22205,1048576,1048576,1048576,41,524288,524288,524288,41,524288,524288,524288,41,512,1024,1024,41,128,32768,32768,41,128,512,1024,2972,128,512,1024,2828,128,512,4096,134145,64,512,1024,16434,64,256,512,2626,128,512,1024,3645,256,1024,1024,1149,256,512,512,1104,64,512,4096,19503,64,256,512,2520,64,256,4096,738,64,256,512,180,128,256,512,162,128,256,256,9,0,0,0,0,0,0,0,0,0,0,0,0,64,128,128,20,128,16384,16384,20,13.70,9.42,4.27,0,18,21,470,56,60,0,262144,524288,524288,524288,524288,18,2097152,2097152,2097152,2097152,4194304,25,2097152,2097152,2097152,2097152,2097152,2,2097152,4194304,4194304,4194304,4194304,218,131072,2097152,2097152,2097152,2097152,23,131072,4194304,4194304,4194304,4194304,27,0,0,0,0,0,0,0,0,0,0,0,0,128,256,512,512,512,313,2097152,2097152,4194304,4194304,4194304,313,256,256,256,256,256,18,256,256,512,512,1024,295,23592,0,39459,21903,43027,0,41,20,0
47835461840000,2219,2048,8192,16384,14958,512,4096,8192,2209,4096,8192,16384,1790,4096,8192,16384,426,8192,8192,8192,17,2048,8192,8192,468,512,4096,4096,1821,1024,4096,8192,319,2048,2048,2048,2,64,65536,262144,22181,1048576,1048576,1048576,42,524288,524288,524288,42,524288,524288,524288,42,512,1024,1024,42,128,128,16384,42,128,512,1024,3137,128,512,1024,2984,128,512,4096,134622,64,512,1024,16110,64,256,512,2308,128,512,1024,3294,256,1024,1024,1389,256,512,1024,1236,64,512,1024,22023,64,256,512,2619,64,256,512,549,128,256,512,126,64,512,512,153,128,512,512,18,1024,2048,2048,44,1024,2048,2048,43,64,64,128,87,64,128,128,21,16384,32768,32768,21,13.96,9.94,4.02,43,17,19,468,71,61,0,262144,524288,524288,524288,524288,15,2097152,2097152,2097152,2097152,4194304,5,2097152,2097152,2097152,2097152,2097152,4,2097152,4194304,4194304,4194304,8388608,237,2097152,2097152,2097152,2097152,8388608,23,131072,2097152,2097152,2097152,2097152,18,0,0,0,0,0,0,0,0,0,0,0,0,128,256,256,512,512,302,2097152,2097152,4194304,8388608,8388608,302,128,256,256,256,512,15,256,512,512,512,512,287,23969,0,38991,22007,42385,0,42,21,0
47836497666200,2225,2048,8192,16384,15083,512,4096,8192,2222,4096,8192,16384,1807,4096,16384,16384,468,8192,8192,16384,26,2048,8192,8192,478,512,4096,8192,1789,1024,4096,8192,284,0,0,0,1,64,65536,131072,22353,1048576,1048576,1048576,41,524288,524288,524288,41,524288,524288,524288,41,512,1024,1024,41,64,16384,16384,41,128,512,4096,2790,128,512,1024,2736,128,512,4096,135747,64,512,1024,16263,64,256,512,2629,128,512,1024,3672,256,1024,4096,1263,256,512,512,1353,64,512,4096,21024,64,256,512,2799,64,512,512,450,64,512,1024,225,128,512,1024,234,64,256,256,9,1024,2048,2048,23,1024,1024,2048,24,64,64,64,47,64,128,128,21,64,16384,16384,21,13.33,10.06,3.27,24,26,26,478,47,51,0,262144,524288,524288,524288,524288,6,2097152,2097152,2097152,2097152,2097152,18,2097152,2097152,2097152,2097152,4194304,2,2097152,4194304,4194304,4194304,4194304,212,131072,4194304,4194304,4194304,4194304,22,131072,2097152,2097152,2097152,4194304,13,0,0,0,0,0,0,0,0,0,0,0,0,256,256,512,512,512,273,2097152,4194304,4194304,4194304,4194304,273,256,256,256,256,256,6,256,512,1024,1024,2048,267,24348,0,39997,22157,43922,0,41,21,0
47837532767600,2225,2048,8192,16384,15422,512,4096,8192,2229,4096,8192,16384,1842,4096,16384,16384,457,8192,16384,16384,20,2048,8192,8192,437,512,4096,8192,1781,1024,4096,8192,334,2048,2048,2048,2,64,65536,262144,22742,1048576,1048576,1048576,42,524288,524288,524288,42,524288,524288,524288,42,512,1024,2048,42,128,1024,32768,42,128,512,1024,2796,128,512,1024,2796,128,512,4096,138798,64,512,1024,16578,64,256,512,2522,128,512,1024,3726,256,1024,4096,1221,256,512,1024,1338,64,512,1024,21843,64,256,512,2655,64,256,512,660,64,256,4096,279,128,512,4096,180,128,256,256,18,0,0,0,0,0,0,0,0,0,0,0,0,64,128,128,21,64,64,128,21,12.69,9.42,3.27,0,20,13,437,63,50,0,0,0,0,0,0,0,2097152,2097152,2097152,2097152,2097152,3,2097152,2097152,2097152,2097152,2097152,2,2097152,2097152,4194304,4194304,8388608,247,2097152,2097152,2097152,2097152,4194304,21,65536,2097152,2097152,2097152,2097152,24,0,0,0,0,0,0,0,0,0,0,0,0,128,256,512,512,512,297,2097152,2097152,4194304,4194304,8388608,297,0,0,0,0,0,0,256,256,512,512,1024,297,24634,0,39686,22481,42886,83,42,21,0
47838566009700,2225,2048,8192,16384,15021,512,4096,8192,2225,4096,8192,16384,1756,4096,8192,16384,413,8192,16384,16384,28,2048,8192,8192,458,512,4096,8192,1796,1024,4096,8192,287,0,0,0,0,64,65536,131072,22204,1048576,1048576,1048576,41,524288,524288,524288,41,524288,524288,524288,41,256,1024,2048,41,64,128,8192,41,64,512,1024,2940,128,512,4096,2940,128,512,4096,135189,64,512,1024,15804,64,256,512,2212,128,512,1024,3339,256,1024,2048,1191,256,512,1024,1191,64,512,2048,21222,64,256,512,2844,64,256,512,738,128,512,1024,162,128,512,4096,252,0,0,0,0,0,0,0,0,0,0,0,0,0,0,0,0,64,128,128,20,64,128,128,20,12.85,9.45,3.40,0,28,17,458,55,58,0,0,0,0,0,0,0,2097152,2097152,2097152,2097152,2097152,11,0,0,0,0,2097152,1,2097152,2097152,4194304,4194304,4194304,238,131072,2097152,4194304,4194304,4194304,32,131072,2097152,2097152,2097152,4194304,21,0,0,0,0,0,0,0,0,0,0,0,0,128,256,512,512,512,303,2097152,2097152,4194304,4194304,4194304,303,0,0,0,0,0,0,256,512,512,512,1024,303,24947,0,41672,21954,44440,0,41,20,0
47839603316400,2225,2048,8192,16384,14988,512,4096,8192,2224,4096,8192,16384,1766,4096,8192,16384,436,8192,8192,8192,26,2048,8192,8192,445,512,4096,8192,1804,1024,4096,8192,299,0,0,0,1,128,65536,131072,22195,1048576,1048576,1048576,41,524288,524288,524288,41,524288,524288,524288,41,512,1024,1024,41,64,2048,65536,42,128,512,4096,3039,128,512,1024,3039,128,512,4096,134892,64,512,1024,15894,64,256,512,2483,128,512,1024,3555,256,1024,2048,1215,256,512,1024,1233,64,512,4096,19638,64,512,512,2565,64,256,1024,399,64,256,512,207,128,512,512,234,128,256,256,9,0,0,0,0,0,0,0,0,0,0,0,0,64,128,128,21,64,128,128,21,12.94,9.55,3.39,0,26,11,445,69,48,0,0,0,0,0,0,0,2097152,2097152,2097152,2097152,2097152,10,2097152,2097152,2097152,2097152,2097152,2,2097152,2097152,4194304,4194304,4194304,242,262144,2097152,2097152,2097152,2097152,22,131072,2097152,2097152,2097152,2097152,28,0,0,0,0,0,0,0,0,0,0,0,0,256,256,512,512,512,304,2097152,2097152,4194304,4194304,4194304,304,0,0,0,0,0,0,256,512,512,512,1024,304,25242,0,40092,21904,43266,0,41,21,0
47840637573800,2225,2048,8192,16384,15161,512,4096,8192,2225,4096,8192,16384,1837,4096,8192,16384,470,8192,16384,16384,19,2048,8192,8192,486,512,4096,8192,1839,1024,4096,8192,315,0,0,0,1,128,65536,262144,22537,1048576,1048576,1048576,42,524288,524288,524288,42,524288,524288,524288,42,512,1024,1024,42,64,256,2048,41,64,512,4096,3007,128,512,1024,3007,128,512,4096,136449,64,512,1024,16533,64,256,512,2521,64,512,1024,3933,256,1024,4096,1314,256,512,512,1314,64,512,4096,21492,64,512,512,2781,64,512,4096,555,128,256,512,207,128,1024,4096,171,0,256,256,9,0,0,0,0,0,0,0,0,0,0,0,0,64,128,128,21,64,128,128,21,12.58,9.31,3.27,0,19,15,486,67,66,0,0,0,0,0,0,0,2097152,2097152,2097152,2097152,2097152,19,0,0,0,0,0,0,2097152,4194304,4194304,8388608,8388608,217,2097152,2097152,2097152,2097152,2097152,27,131072,2097152,2097152,2097152,2097152,13,0,0,0,0,0,0,0,0,0,0,0,0,256,256,512,512,512,276,2097152,4194304,4194304,8388608,8388608,276,0,0,0,0,0,0,256,512,512,512,512,276,25619,0,41251,22284,43864,0,42,21,0
47841674339400,2225,2048,8192,16384,14673,512,4096,8192,2225,4096,8192,16384,1806,4096,8192,16384,441,8192,16384,16384,20,2048,8192,8192,450,512,4096,8192,1771,1024,4096,8192,310,0,0,0,1,64,65536,131072,21899,1048576,1048576,1048576,41,524288,524288,524288,41,524288,524288,524288,41,256,1024,1024,41,128,8192,16384,41,64,512,4096,3074,128,512,1024,3074,128,512,4096,132057,64,512,1024,16254,64,256,512,2159,128,512,1024,3798,256,1024,4096,1226,256,512,1024,1235,64,512,4096,20439,64,256,512,2682,64,256,2048,615,64,256,512,144,128,1024,4096,180,256,256,256,9,0,0,0,0,0,0,0,0,0,0,0,0,64,128,128,20,64,128,128,20,11.57,8.93,2.64,0,20,9,450,54,72,0,0,0,0,0,0,0,2097152,2097152,2097152,2097152,2097152,10,0,0,0,0,0,0,2097152,2097152,4194304,4194304,4194304,234,131072,2097152,2097152,2097152,2097152,19,262144,2097152,2097152,2097152,4194304,24,0,0,0,0,0,0,0,0,0,0,0,0,128,256,512,512,512,287,2097152,2097152,4194304,4194304,4194304,287,0,0,0,0,0,0,256,512,512,512,1024,287,25937,0,38747,21581,42410,0,41,20,0
47842710259300,2159,2048,8192,16384,14754,512,4096,4096,2221,4096,8192,16384,1729,4096,8192,16384,431,8192,8192,8192,12,2048,8192,8192,418,512,4096,8192,1725,1024,4096,8192,295,0,0,0,0,64,65536,262144,21769,1048576,1048576,1048576,42,524288,524288,524288,42,524288,524288,524288,42,512,1024,1024,42,64,128,128,42,64,512,1024,3122,64,512,512,3716,128,512,1024,132786,64,512,512,15561,64,256,512,2320,128,512,512,3753,256,1024,1024,1388,256,512,1024,1235,64,512,512,22698,64,256,512,2592,64,256,512,441,64,512,512,153,128,512,512,108,0,0,0,0,0,0,0,0,0,0,0,0,0,0,0,0,64,128,128,21,64,128,128,21,13.32,9.68,3.64,0,12,12,418,55,53,66,0,0,0,0,0,0,2097152,2097152,2097152,2097152,4194304,18,0,0,0,0,0,0,2097152,2097152,4194304,4194304,4194304,236,131072,2097152,2097152,2097152,4194304,21,131072,2097152,2097152,2097152,2097152,32,0,0,0,0,0,0,0,0,0,0,0,0,128,256,256,512,1024,307,2097152,2097152,4194304,4194304,4194304,307,0,0,0,0,0,0,256,512,512,512,1024,307,26246,0,35461,21541,40325,0,42,21,0
47843745279200,2159,2048,8192,16384,15512,512,4096,4096,2159,4096,8192,16384,1845,4096,8192,16384,446,8192,8192,8192,17,2048,8192,8192,482,512,4096,8192,1851,1024,4096,8192,318,0,0,0,1,64,65536,131072,22835,1048576,1048576,1048576,41,524288,524288,524288,41,524288,524288,524288,41,256,1024,1024,41,128,16384,32768,41,128,512,1024,2751,128,512,1024,2751,128,512,4096,139608,64,512,1024,16605,64,256,512,2156,128,512,1024,3942,256,1024,4096,1203,256,512,512,1284,64,256,1024,21240,64,256,512,2871,64,256,4096,555,64,256,512,135,64,512,512,153,0,256,256,9,0,0,0,0,0,0,0,0,0,0,0,0,64,128,128,21,64,64,64,21,13.22,10.45,2.77,0,17,16,482,81,51,0,0,0,0,0,0,0,2097152,2097152,2097152,2097152,2097152,8,0,0,0,0,2097152,1,2097152,4194304,4194304,8388608,8388608,229,131072,2097152,2097152,2097152,4194304,23,131072,2097152,2097152,2097152,4194304,22,0,0,0,0,0,0,0,0,0,0,0,0,256,256,512,512,512,283,2097152,4194304,4194304,8388608,8388608,283,0,0,0,0,0,0,256,512,512,512,1024,283,26610,0,40924,22597,43152,0,41,21,0
47844779490800,2159,2048,8192,16384,14402,512,4096,8192,2158,4096,8192,8192,1723,4096,8192,16384,480,8192,8192,8192,20,2048,4096,8192,448,512,4096,4096,1707,1024,4096,8192,280,0,0,0,0,64,65536,131072,21368,1048576,1048576,1048576,41,524288,524288,524288,41,524288,524288,524288,41,512,1024,1024,41,64,128,8192,42,128,512,2048,2795,128,512,4096,2795,128,512,4096,129618,64,512,1024,15507,64,256,512,2488,128,512,4096,3681,256,1024,4096,1050,256,512,512,1221,64,256,2048,21258,64,256,512,2423,64,256,4096,660,64,512,2048,207,128,512,2048,180,0,0,0,0,1024,2048,2048,8,512,1024,1024,3,64,64,64,11,64,128,128,21,64,64,128,21,14.09,10.31,3.77,3,20,5,448,60,56,0,0,0,0,0,0,0,2097152,2097152,4194304,4194304,4194304,21,0,0,0,0,0,0,2097152,4194304,4194304,4194304,4194304,209,131072,4194304,4194304,4194304,4194304,24,2097152,2097152,2097152,2097152,2097152,27,0,0,0,0,0,0,0,0,0,0,0,0,256,256,512,512,512,281,2097152,4194304,4194304,4194304,4194304,281,0,0,0,0,0,0,256,512,512,512,512,281,26921,0,40209,21166,42675,0,41,21,0
47845819353900,2159,2048,8192,16384,15141,512,4096,8192,2241,4096,8192,16384,1791,4096,8192,16384,470,8192,8192,8192,22,2048,8192,8192,475,512,4096,8192,1800,1024,4096,8192,318,0,0,0,1,64,65536,131072,22413,1048576,1048576,1048576,42,524288,524288,524288,42,524288,524288,524288,42,512,1024,1024,42,64,128,128,41,128,512,4096,2840,128,512,1024,2840,128,512,4096,136269,64,512,2048,16119,64,256,512,2334,128,512,1024,3717,256,1024,4096,1232,256,512,1024,1286,64,512,2048,21096,64,256,512,2743,64,256,512,627,64,256,256,225,128,512,4096,198,64,256,256,9,1024,2048,2048,47,1024,2048,2048,51,64,64,128,98,64,128,128,20,64,128,128,20,13.46,9.31,4.15,51,22,2,475,39,49,0,0,0,0,0,0,0,2097152,2097152,2097152,2097152,2097152,7,2097152,2097152,2097152,2097152,2097152,2,2097152,2097152,4194304,4194304,4194304,248,131072,2097152,2097152,2097152,4194304,21,131072,2097152,2097152,2097152,2097152,26,0,0,0,0,0,0,0,0,0,0,0,0,128,256,256,512,512,304,2097152,2097152,4194304,4194304,4194304,304,0,0,0,0,0,0,256,512,512,512,512,304,27255,0,40578,22284,43798,0,42,20,0
47846851793300,2159,2048,8192,16384,14699,512,4096,8192,2462,4096,8192,16384,1741,4096,8192,16384,467,8192,16384,16384,27,2048,8192,16384,424,512,4096,8192,1720,1024,4096,8192,285,0,0,0,0,64,65536,131072,22004,1048576,1048576,1048576,41,524288,524288,524288,41,524288,524288,524288,41,512,1024,1024,41,64,2048,16384,41,128,512,1024,2898,128,512,4096,2898,128,512,4096,132291,64,512,1024,15669,64,256,512,2400,128,512,1024,3825,256,1024,4096,1329,256,512,4096,1266,64,512,2048,20907,64,256,512,2502,64,256,512,636,64,256,512,171,128,512,4096,243,0,0,0,0,1024,2048,2048,11,1024,2048,2048,12,64,64,64,23,64,128,128,21,64,128,128,21,14.46,10.31,4.15,12,27,1,424,56,49,0,0,0,0,0,0,0,2097152,4194304,4194304,4194304,4194304,22,2097152,2097152,2097152,2097152,4194304,6,2097152,2097152,4194304,4194304,4194304,223,131072,2097152,2097152,2097152,4194304,24,2097152,2097152,2097152,2097152,2097152,20,0,0,0,0,0,0,0,0,0,0,0,0,128,256,512,512,512,295,2097152,2097152,4194304,4194304,4194304,295,0,0,0,0,0,0,256,512,512,1024,1024,295,27529,0,40325,21781,43903,0,41,21,0
47847885200000,2159,2048,8192,16384,14776,512,4096,8192,2203,4096,8192,16384,1702,4096,8192,16384,445,8192,16384,16384,25,2048,8192,8192,419,512,4096,4096,1722,1024,4096,8192,259,0,0,0,0,64,65536,262144,21714,1048576,1048576,1048576,42,524288,524288,524288,42,524288,524288,524288,42,512,1024,2048,42,64,2048,16384,42,128,512,1024,2849,128,512,1024,2849,128,512,4096,132984,64,512,2048,15318,64,256,512,2399,128,512,2048,3375,256,1024,4096,1365,256,512,512,1329,64,512,2048,21024,64,256,512,2691,64,256,2048,594,64,256,4096,189,128,512,4096,225,0,0,0,0,0,0,0,0,0,0,0,0,0,0,0,0,64,128,128,21,64,128,128,21,14.72,10.44,4.28,0,25,0,419,51,52,0,0,0,0,0,0,0,2097152,2097152,2097152,2097152,2097152,7,2097152,2097152,2097152,2097152,4194304,9,2097152,2097152,4194304,4194304,4194304,212,131072,2097152,2097152,2097152,2097152,28,131072,2097152,2097152,2097152,8388608,26,4194304,4194304,4194304,4194304,4194304,15,0,0,0,0,0,0,256,256,512,512,512,297,2097152,4194304,4194304,4194304,8388608,297,0,0,0,0,0,0,256,512,512,1024,1024,297,27779,0,40965,21472,45028,0,42,21,0
47848919741800,2159,2048,8192,16384,14946,512,4096,8192,2577,4096,8192,16384,1779,4096,8192,16384,452,8192,16384,16384,16,2048,8192,8192,453,512,4096,4096,1749,1024,4096,8192,296,0,0,0,1,64,65536,131072,22472,1048576,1048576,1048576,41,524288,524288,524288,41,524288,524288,524288,41,256,1024,1024,41,64,32768,65536,41,128,512,1024,2835,128,512,1024,2835,128,512,4096,134518,64,512,1024,16011,64,256,512,2499,64,512,1024,3591,256,1024,1024,1262,256,512,1024,1262,64,512,2048,22131,64,256,1024,2430,64,256,4096,543,64,256,512,144,128,1024,4096,144,128,256,256,9,0,0,0,0,0,0,0,0,0,0,0,0,64,128,128,20,64,128,128,20,12.70,9.81,2.89,0,16,1,453,51,56,0,0,0,0,0,0,0,2097152,2097152,2097152,2097152,2097152,9,2097152,2097152,2097152,2097152,2097152,2,2097152,2097152,4194304,4194304,8388608,173,131072,2097152,2097152,2097152,8388608,15,2097152,4194304,4194304,4194304,4194304,19,2097152,4194304,4194304,4194304,4194304,55,0,0,0,0,0,0,128,256,256,512,512,273,2097152,4194304,4194304,8388608,8388608,273,0,0,0,0,0,0,256,512,512,512,1024,273,28083,0,41176,22193,45334,0,41,20,0
47849955584600,2159,2048,8192,16384,14451,512,4096,4096,1866,4096,8192,16384,1735,4096,8192,16384,462,8192,8192,8192,29,2048,8192,8192,433,512,4096,8192,1736,1024,4096,8192,325,2048,2048,2048,2,64,65536,262144,21210,1048576,1048576,1048576,42,524288,524288,524288,42,524288,524288,524288,42,1024,1024,1024,42,64,128,128,42,64,512,4096,2968,128,512,4096,2968,128,512,4096,130055,64,512,1024,15615,64,256,512,2780,128,512,1024,3546,256,1024,2048,1185,256,512,1024,1293,64,512,2048,20952,64,256,512,2601,64,256,512,552,64,256,512,279,128,256,4096,261,64,256,256,18,0,0,0,0,0,0,0,0,0,0,0,0,64,64,128,21,64,128,256,21,13.08,9.68,3.40,0,29,8,433,62,69,0,0,0,0,0,0,0,2097152,4194304,4194304,4194304,4194304,18,2097152,2097152,2097152,2097152,4194304,6,2097152,2097152,4194304,4194304,4194304,224,2097152,2097152,2097152,2097152,4194304,23,2097152,2097152,2097152,2097152,2097152,18,0,0,0,0,0,0,0,0,0,0,0,0,256,256,256,512,512,289,2097152,2097152,4194304,4194304,4194304,289,0,0,0,0,0,0,256,512,512,512,1024,289,28395,0,40861,20946,44974,0,42,21,0
47850990101300,2159,2048,8192,16384,15215,512,4096,4096,2173,4096,8192,16384,1791,4096,8192,16384,436,8192,8192,16384,22,2048,8192,8192,490,512,4096,4096,1809,1024,4096,8192,314,0,0,0,0,64,65536,131072,22460,1048576,1048576,1048576,41,524288,524288,524288,41,524288,524288,524288,41,512,1024,2048,41,64,128,8192,41,128,512,1024,2819,128,512,1024,2819,128,512,4096,136935,64,512,1024,16119,64,256,512,2340,128,512,512,3717,256,1024,4096,1293,256,512,1024,1347,64,256,4096,19638,64,256,512,2367,64,256,512,411,64,512,512,189,128,512,4096,198,0,0,0,0,0,0,0,0,0,0,0,0,0,0,0,0,64,128,128,21,64,128,128,21,14.59,9.56,5.03,0,22,9,490,41,64,0,0,0,0,0,0,0,2097152,2097152,2097152,2097152,2097152,4,2097152,2097152,2097152,2097152,4194304,8,2097152,4194304,4194304,8388608,8388608,216,131072,2097152,4194304,4194304,4194304,28,2097152,2097152,2097152,2097152,4194304,20,0,0,0,0,0,0,0,0,0,0,0,0,256,256,512,512,512,276,2097152,4194304,4194304,8388608,8388608,276,0,0,0,0,0,0,256,512,512,512,512,276,28745,0,41179,22113,45857,0,41,21,0
47852025303000,2159,2048,8192,16384,14666,512,4096,4096,2477,4096,8192,16384,1722,4096,8192,16384,446,8192,16384,16384,27,2048,8192,8192,444,512,4096,8192,1730,1024,4096,8192,268,0,0,0,1,64,65536,262144,21959,1048576,1048576,1048576,41,524288,524288,524288,41,524288,524288,524288,41,512,1024,1024,41,64,16384,32768,41,128,512,2048,3069,128,512,4096,3069,128,512,4096,131994,64,512,1024,15498,64,256,512,2682,64,512,1024,3501,256,1024,4096,1217,256,512,1024,1370,64,512,4096,19188,64,256,512,2475,64,256,1024,408,128,512,4096,234,128,512,4096,243,128,256,256,9,0,0,0,0,0,0,0,0,0,0,0,0,64,128,128,20,64,128,128,20,13.96,10.44,3.52,0,27,28,444,50,61,0,0,0,0,0,0,0,4194304,4194304,4194304,4194304,4194304,17,4194304,4194304,4194304,4194304,4194304,9,2097152,4194304,8388608,8388608,8388608,171,131072,4194304,4194304,4194304,4194304,25,2097152,4194304,4194304,4194304,8388608,17,0,0,0,0,0,0,0,0,0,0,0,0,256,256,512,512,512,239,2097152,4194304,8388608,8388608,8388608,239,0,0,0,0,0,0,256,512,512,512,1024,239,29116,0,42079,21693,44979,0,41,20,0
47853060916700,2103,2048,8192,16384,14696,512,4096,8192,2421,4096,8192,16384,1763,4096,8192,16384,404,8192,8192,8192,21,2048,8192,8192,395,512,4096,8192,1731,1024,4096,8192,310,2048,2048,2048,2,64,65536,262144,21967,524288,1048576,1048576,42,262144,524288,524288,42,524288,524288,524288,42,512,1024,1024,42,64,128,8192,42,64,512,1024,2883,64,512,2048,3387,128,512,4096,132264,64,512,4096,15867,64,256,512,2201,64,512,1024,3753,256,1024,4096,1292,256,512,1024,1211,64,256,2048,20358,64,256,512,2394,64,256,1024,561,64,256,512,189,128,512,4096,189,128,512,512,18,0,0,0,0,0,0,0,0,0,0,0,0,64,128,128,21,64,16384,32768,21,13.96,9.94,4.02,0,21,46,395,59,60,64,262144,262144,262144,262144,524288,8,2097152,4194304,4194304,4194304,4194304,6,2097152,2097152,2097152,2097152,4194304,14,2097152,2097152,4194304,4194304,8388608,232,131072,2097152,2097152,2097152,2097152,23,131072,2097152,2097152,2097152,2097152,21,0,0,0,0,0,0,0,0,0,0,0,0,128,256,512,512,512,304,2097152,2097152,4194304,4194304,8388608,304,128,256,256,256,512,8,256,256,512,512,512,296,29457,0,41701,21772,44887,0,42,21,0
47854095231400,2117,2048,8192,16384,14545,512,4096,8192,2122,4096,8192,16384,1679,4096,16384,16384,430,8192,16384,16384,22,2048,8192,8192,449,512,4096,8192,1686,1024,4096,8192,297,0,0,0,0,64,65536,262144,21423,1048576,1048576,1048576,41,262144,524288,524288,41,524288,524288,524288,41,512,2048,2048,41,64,32768,65536,41,64,512,2048,2856,128,512,4096,2730,128,512,4096,130905,64,512,1024,15111,64,256,512,2436,128,512,1024,3474,256,1024,1024,1266,256,512,1024,1275,64,512,2048,19755,64,256,512,2565,64,256,512,492,64,512,512,207,128,512,4096,198,0,0,0,0,0,0,0,0,0,0,0,0,0,0,0,0,64,128,128,21,16384,16384,16384,21,14.00,11.10,2.90,0,22,29,449,57,43,0,262144,524288,524288,524288,524288,14,2097152,2097152,2097152,2097152,2097152,10,2097152,4194304,4194304,4194304,4194304,17,2097152,2097152,4194304,4194304,4194304,227,131072,2097152,2097152,2097152,2097152,17,131072,2097152,2097152,2097152,2097152,19,0,0,0,0,0,0,0,0,0,0,0,0,256,256,512,512,512,304,2097152,2097152,4194304,4194304,4194304,304,128,256,256,256,256,14,256,512,512,1024,1024,290,29753,0,40663,21216,44774,0,41,21,0
47855132441400,2137,2048,8192,16384,15109,512,4096,8192,2124,4096,8192,16384,1766,4096,8192,16384,407,8192,16384,16384,16,2048,8192,8192,483,512,4096,8192,1807,1024,4096,8192,295,2048,2048,2048,2,64,65536,131072,22227,1048576,1048576,1048576,42,524288,524288,524288,42,524288,524288,524288,42,512,1024,1024,42,64,128,1024,42,64,512,1024,2736,128,512,1024,2556,128,512,4096,135981,64,512,1024,15894,64,256,512,2298,128,512,1024,3780,256,1024,4096,1245,256,512,4096,1173,64,512,2048,20700,64,256,512,2574,64,256,512,486,64,256,512,180,128,512,4096,144,128,256,256,18,1024,2048,2048,17,1024,2048,2048,13,64,64,64,30,64,128,128,21,8192,32768,32768,21,12.53,8.39,4.13,13,16,37,483,44,52,0,262144,524288,524288,524288,524288,20,2097152,2097152,2097152,2097152,2097152,10,2097152,2097152,2097152,2097152,2097152,19,2097152,2097152,4194304,4194304,4194304,225,131072,2097152,2097152,2097152,2097152,24,2097152,2097152,2097152,2097152,2097152,15,0,0,0,0,0,0,0,0,0,0,0,0,128,256,512,512,512,313,2097152,2097152,4194304,4194304,4194304,313,128,256,256,256,256,20,256,512,512,512,512,293,30085,0,41200,22022,44753,0,42,21,0
47856168453500,2149,2048,8192,16384,14702,512,4096,8192,2141,4096,8192,16384,1778,4096,8192,16384,429,8192,16384,16384,27,2048,8192,8192,444,512,4096,8192,1775,1024,4096,8192,263,2048,4096,4096,4,64,65536,262144,21770,1048576,1048576,1048576,41,524288,524288,524288,41,524288,524288,524288,41,512,1024,1024,41,64,8192,32768,41,64,512,4096,2835,128,512,2048,2727,128,512,4096,132318,64,512,1024,16002,64,256,512,2201,64,512,2048,3879,256,1024,4096,1212,256,512,4096,1203,64,512,4096,19404,64,256,512,2529,64,256,2048,582,64,256,512,189,128,512,4096,243,128,512,512,36,1024,2048,2048,44,1024,2048,2048,44,64,64,128,88,64,128,128,20,128,16384,16384,20,12.45,9.43,3.02,44,27,32,444,33,54,0,262144,524288,524288,524288,524288,13,4194304,4194304,4194304,4194304,4194304,15,4194304,4194304,4194304,4194304,4194304,13,4194304,8388608,8388608,8388608,8388608,147,131072,4194304,4194304,4194304,16777216,19,131072,4194304,4194304,4194304,4194304,15,0,0,0,0,0,0,0,0,0,0,0,0,256,256,512,512,512,222,4194304,4194304,8388608,8388608,16777216,222,128,256,256,256,256,13,256,512,1024,1024,2048,209,30497,0,41563,21594,44461,0,41,20,0
47857205114400,2161,2048,8192,16384,14778,512,4096,8192,2150,4096,8192,16384,1749,4096,16384,16384,453,8192,8192,8192,14,2048,8192,8192,425,512,4096,8192,1754,1024,4096,8192,315,0,0,0,1,64,65536,131072,21821,1048576,1048576,1048576,42,524288,524288,524288,42,524288,524288,524288,42,512,1024,1024,42,64,128,8192,42,64,512,1024,3068,64,512,1024,2960,128,512,4096,133011,64,512,1024,15741,64,256,512,2289,64,512,1024,4050,256,1024,4096,1315,256,512,2048,1297,64,512,4096,20421,64,256,512,2403,64,512,4096,558,128,512,1024,162,128,512,512,126,256,1024,1024,9,1024,2048,2048,3,1024,1024,1024,7,64,64,64,10,64,128,128,21,128,16384,32768,21,12.44,10.05,2.39,7,14,42,425,48,55,0,262144,524288,524288,524288,524288,11,2097152,2097152,2097152,2097152,2097152,5,2097152,2097152,2097152,2097152,2097152,17,2097152,4194304,4194304,8388608,8388608,210,131072,2097152,2097152,2097152,2097152,19,131072,2097152,2097152,2097152,2097152,27,0,0,0,0,0,0,0,0,0,0,0,0,256,256,512,512,512,289,2097152,4194304,4194304,8388608,8388608,289,128,256,256,256,256,11,256,512,512,1024,1024,278,30799,0,39778,21542,44528,0,42,21,0
47858237518900,2165,2048,8192,16384,14705,512,4096,8192,2162,4096,8192,16384,1765,4096,8192,16384,416,8192,16384,16384,21,2048,8192,8192,442,512,4096,8192,1751,1024,4096,8192,292,2048,2048,2048,2,256,65536,262144,21757,1048576,1048576,1048576,41,524288,524288,524288,41,524288,524288,524288,41,512,1024,1024,41,64,16384,32768,41,128,512,1024,2840,128,512,1024,2804,128,512,4096,132336,64,512,1024,15885,64,256,512,2118,128,512,512,3825,256,1024,4096,1215,256,512,1024,1215,64,512,2048,19881,64,256,512,2412,64,256,512,474,64,256,1024,198,128,512,4096,189,64,256,256,18,0,0,0,0,0,0,0,0,0,0,0,0,64,128,128,21,64,16384,16384,21,14.50,10.47,4.03,0,21,31,442,49,42,0,262144,262144,262144,262144,524288,4,2097152,4194304,4194304,4194304,4194304,9,2097152,4194304,4194304,4194304,4194304,13,2097152,4194304,8388608,8388608,8388608,177,131072,4194304,4194304,4194304,4194304,15,2097152,4194304,4194304,4194304,4194304,10,0,0,0,0,0,0,0,0,0,0,0,0,256,256,512,512,512,228,2097152,4194304,8388608,8388608,8388608,228,64,128,128,128,256,4,256,512,512,512,1024,224,31156,0,40462,21471,44701,0,41,21,0
47859273420000,2165,2048,8192,16384,14929,512,4096,8192,2168,4096,8192,16384,1746,4096,16384,16384,461,8192,8192,8192,17,2048,8192,8192,459,512,4096,8192,1735,1024,4096,8192,302,2048,2048,2048,2,256,65536,262144,21980,1048576,1048576,1048576,41,524288,524288,524288,41,524288,524288,524288,41,512,1024,1024,41,64,128,2048,41,64,512,2048,2795,128,512,4096,2795,128,512,4096,134361,64,512,1024,15714,64,256,512,2278,128,512,4096,4086,256,1024,1024,1353,256,512,4096,1218,64,512,4096,20178,64,256,512,2646,64,512,512,540,64,512,512,108,128,512,4096,153,64,256,256,18,0,0,0,0,0,0,0,0,0,0,0,0,64,128,128,20,64,64,64,20,14.95,10.56,4.40,0,17,42,459,39,47,0,0,0,0,0,0,0,2097152,2097152,2097152,2097152,2097152,10,2097152,4194304,4194304,4194304,4194304,23,2097152,4194304,4194304,8388608,8388608,208,131072,2097152,4194304,4194304,4194304,23,2097152,2097152,2097152,2097152,4194304,19,0,0,0,0,0,0,0,0,0,0,0,0,256,256,512,512,512,283,2097152,4194304,4194304,8388608,8388608,283,0,0,0,0,0,0,256,512,512,512,1024,283,31477,0,42732,21724,45320,0,41,20,0
47860308795100,2165,2048,8192,16384,14400,512,4096,8192,2164,4096,8192,16384,1710,4096,8192,16384,459,8192,16384,16384,18,2048,8192,8192,439,512,4096,8192,1740,1024,4096,8192,307,0,0,0,1,128,65536,262144,21401,1048576,1048576,1048576,42,524288,524288,524288,42,524288,524288,524288,42,512,1024,1024,42,64,128,4096,42,64,512,4096,2931,128,512,1024,2931,128,512,4096,129600,64,512,1024,15390,64,256,512,2255,64,512,1024,3897,256,1024,4096,1308,256,512,1024,1245,64,512,4096,21195,64,512,512,2277,64,512,4096,624,64,256,512,153,128,256,4096,162,256,512,512,9,0,0,0,0,0,0,0,0,0,0,0,0,64,128,128,21,64,128,128,21,13.58,9.68,3.90,0,18,42,439,51,54,0,0,0,0,0,0,0,2097152,2097152,2097152,2097152,2097152,4,2097152,2097152,2097152,2097152,8388608,16,2097152,4194304,4194304,4194304,4194304,216,131072,2097152,2097152,2097152,4194304,23,131072,2097152,2097152,2097152,2097152,18,0,0,0,0,0,0,0,0,0,0,0,0,256,256,512,512,512,277,2097152,4194304,4194304,4194304,8388608,277,0,0,0,0,0,0,256,256,512,512,1024,277,31804,0,40721,21105,44750,0,42,21,0
47861342176100,2165,2048,8192,16384,14725,512,4096,8192,2168,4096,8192,16384,1764,4096,16384,16384,446,8192,8192,8192,23,2048,8192,8192,445,512,4096,8192,1746,1024,4096,8192,303,0,0,0,0,256,65536,262144,21794,1048576,1048576,1048576,41,524288,524288,524288,41,524288,524288,524288,41,1024,2048,2048,41,64,1024,32768,41,64,512,4096,2799,128,512,1024,2799,128,512,4096,132525,64,512,2048,15876,64,256,512,2335,128,512,1024,3717,256,1024,4096,1355,256,512,1024,1310,64,512,4096,21105,64,256,512,2493,64,256,2048,495,64,256,1024,234,128,512,4096,207,0,0,0,0,0,0,0,0,0,0,0,0,0,0,0,0,64,64,128,21,64,128,128,21,13.09,9.44,3.65,0,23,31,445,49,45,0,0,0,0,0,0,0,2097152,2097152,2097152,2097152,2097152,10,2097152,2097152,2097152,2097152,4194304,20,2097152,2097152,4194304,8388608,8388608,222,131072,2097152,2097152,2097152,4194304,22,131072,2097152,2097152,2097152,4194304,25,0,0,0,0,0,0,0,0,0,0,0,0,128,256,256,512,512,299,2097152,2097152,4194304,8388608,8388608,299,0,0,0,0,0,0,256,512,512,1024,1024,299,32098,0,41424,21525,45416,0,41,21,0
47862381519000,2165,2048,8192,16384,14739,512,4096,8192,2165,4096,8192,16384,1840,4096,8192,16384,486,8192,16384,16384,21,2048,8192,8192,449,512,4096,8192,1795,1024,8192,8192,280,0,0,0,1,64,65536,262144,21954,1048576,1048576,1048576,42,524288,524288,524288,42,524288,524288,524288,42,512,1024,2048,42,64,4096,32768,42,128,512,4096,2894,128,512,1024,2894,128,512,4096,132651,64,512,1024,16560,64,256,512,2341,128,512,1024,4203,256,1024,4096,1422,256,512,4096,1377,64,512,4096,19539,64,256,512,2637,64,256,2048,504,64,256,4096,198,128,512,4096,189,128,128,128,9,0,0,0,0,0,0,0,0,0,0,0,0,64,128,128,21,64,128,256,21,10.17,8.79,1.38,0,21,28,449,47,39,0,0,0,0,0,0,0,2097152,2097152,2097152,2097152,4194304,8,2097152,2097152,2097152,2097152,4194304,21,2097152,2097152,4194304,4194304,8388608,222,131072,2097152,2097152,2097152,2097152,21,131072,2097152,2097152,2097152,2097152,32,0,0,0,0,0,0,0,0,0,0,0,0,256,256,512,512,512,304,2097152,2097152,4194304,4194304,8388608,304,0,0,0,0,0,0,256,512,512,512,512,304,32378,0,41275,21645,44510,0,42,21,0
47863414518000,2102,2048,8192,16384,14497,512,4096,8192,2165,4096,8192,16384,1716,4096,8192,16384,456,8192,16384,16384,19,2048,8192,8192,461,512,4096,8192,1709,1024,4096,8192,293,0,0,0,0,64,65536,262144,21474,1048576,1048576,1048576,41,524288,524288,524288,41,524288,524288,524288,41,512,1024,2048,41,64,2048,32768,41,64,512,2048,2669,64,512,1024,3236,128,512,4096,130473,64,512,1024,15444,64,256,512,2338,128,512,1024,3789,256,1024,4096,1133,256,512,1024,1223,64,512,4096,18918,64,256,512,2385,64,512,4096,525,128,256,512,198,128,512,4096,171,0,0,0,0,0,0,0,0,0,0,0,0,0,0,0,0,64,128,128,20,64,128,128,20,12.72,9.82,2.90,0,19,28,461,51,50,63,0,0,0,0,0,0,2097152,2097152,2097152,2097152,2097152,11,2097152,2097152,2097152,2097152,2097152,19,2097152,2097152,4194304,4194304,4194304,219,131072,2097152,2097152,2097152,2097152,31,2097152,2097152,2097152,2097152,4194304,25,0,0,0,0,0,0,0,0,0,0,0,0,128,256,512,512,512,305,2097152,2097152,4194304,4194304,4194304,305,0,0,0,0,0,0,256,512,512,512,512,305,32745,0,40422,21325,44289,2,41,20,0
47864449248300,2102,2048,8192,16384,14436,512,4096,8192,2098,4096,8192,16384,1651,4096,8192,16384,434,8192,8192,8192,26,2048,8192,8192,410,512,4096,8192,1697,1024,4096,8192,276,0,0,0,0,64,65536,262144,21206,1048576,1048576,1048576,41,524288,524288,524288,41,524288,524288,524288,41,512,1024,2048,41,64,16384,32768,41,128,512,1024,2836,128,512,4096,2836,128,512,4096,129924,64,512,2048,14859,64,256,512,2415,128,512,1024,3573,256,1024,4096,1245,256,512,1024,1263,64,512,2048,18531,64,256,512,2187,64,256,4096,627,64,512,512,225,128,512,512,234,0,0,0,0,0,0,0,0,0,0,0,0,0,0,0,0,64,128,128,21,64,128,128,21,12.82,10.69,2.14,0,26,30,410,43,50,0,0,0,0,0,0,0,2097152,2097152,2097152,2097152,2097152,10,2097152,2097152,2097152,2097152,4194304,19,2097152,2097152,4194304,4194304,4194304,211,131072,2097152,2097152,2097152,4194304,36,131072,2097152,2097152,2097152,2097152,25,0,0,0,0,0,0,0,0,0,0,0,0,128,256,256,512,1024,301,2097152,2097152,4194304,4194304,4194304,301,0,0,0,0,0,0,256,512,512,512,1024,301,33003,0,41485,20985,45214,1,41,21,0
47865485292900,2102,2048,8192,16384,14593,512,4096,8192,2507,4096,8192,16384,1680,4096,16384,16384,417,8192,8192,16384,32,2048,8192,16384,439,512,4096,8192,1709,1024,4096,8192,317,0,0,0,1,64,65536,262144,21902,1048576,1048576,1048576,42,524288,524288,524288,42,524288,524288,524288,42,512,2048,2048,42,64,16384,16384,42,64,512,1024,2830,128,512,1024,2830,128,512,4096,131337,64,512,2048,15120,64,256,512,2364,128,512,1024,3384,256,1024,4096,1184,256,512,1024,1391,64,512,2048,19602,64,256,512,2304,64,256,512,498,64,256,512,261,128,512,1024,288,0,256,256,9,1024,2048,2048,33,1024,2048,2048,33,64,64,128,66,64,128,128,21,64,128,128,21,14.34,9.31,5.03,33,32,25,439,45,50,0,0,0,0,0,0,0,2097152,2097152,2097152,2097152,2097152,15,2097152,2097152,2097152,2097152,4194304,20,2097152,4194304,4194304,8388608,8388608,207,131072,2097152,2097152,2097152,4194304,20,131072,4194304,4194304,4194304,4194304,30,0,0,0,0,0,0,0,0,0,0,0,0,128,256,512,512,1024,292,2097152,4194304,4194304,8388608,8388608,292,0,0,0,0,0,0,256,256,512,512,512,292,33335,0,41483,21744,44971,1,42,21,0
47866520106300,2102,2048,8192,16384,14413,512,4096,8192,2260,4096,8192,16384,1735,4096,8192,16384,454,8192,16384,16384,27,2048,4096,8192,441,512,4096,8192,1711,1024,4096,8192,280,0,0,0,0,128,65536,262144,21506,1048576,1048576,1048576,41,524288,524288,524288,41,524288,524288,524288,41,1024,1024,1024,41,64,16384,32768,41,128,512,1024,2882,128,512,4096,2882,128,512,4096,129717,64,512,1024,15615,64,256,512,2414,128,512,1024,3717,256,1024,2048,1259,256,512,1024,1286,64,512,2048,19350,64,256,1024,2493,64,512,4096,564,64,256,512,216,128,512,4096,243,0,0,0,0,1024,2048,2048,31,1024,1024,1024,31,64,64,64,62,64,128,128,20,64,128,128,20,12.83,10.44,2.39,31,27,26,441,40,42,0,0,0,0,0,0,0,2097152,2097152,2097152,2097152,2097152,11,2097152,2097152,2097152,2097152,4194304,17,2097152,2097152,4194304,4194304,4194304,230,131072,2097152,2097152,2097152,2097152,26,131072,2097152,2097152,2097152,2097152,17,0,0,0,0,0,0,0,0,0,0,0,0,128,256,512,512,512,301,2097152,2097152,4194304,4194304,4194304,301,0,0,0,0,0,0,256,512,512,512,512,301,33641,0,39755,21277,44147,0,41,20,0
47867556448900,2102,2048,8192,16384,14742,512,4096,4096,2164,4096,8192,16384,1710,4096,8192,16384,430,8192,8192,8192,22,2048,8192,8192,427,512,4096,8192,1683,1024,4096,8192,308,0,0,0,0,64,65536,262144,21680,1048576,1048576,1048576,42,524288,524288,524288,42,524288,524288,524288,42,512,2048,2048,42,64,16384,16384,42,64,512,4096,2846,128,512,1024,2846,128,512,4096,132678,64,512,2048,15390,64,256,512,2363,128,512,4096,3618,256,1024,4096,1227,256,512,1024,1245,64,256,2048,21060,64,256,512,2484,64,256,512,528,64,256,512,207,128,512,512,198,0,0,0,0,0,0,0,0,0,0,0,0,0,0,0,0,64,128,128,21,64,128,128,21,13.82,9.05,4.77,0,22,27,427,48,31,0,0,0,0,0,0,0,2097152,2097152,2097152,2097152,8388608,5,2097152,2097152,2097152,2097152,2097152,18,2097152,2097152,4194304,8388608,8388608,218,131072,2097152,2097152,2097152,2097152,28,2097152,2097152,2097152,2097152,4194304,18,0,0,0,0,0,0,0,0,0,0,0,0,128,256,512,512,512,287,2097152,2097152,8388608,8388608,8388608,287,0,0,0,0,0,0,256,256,512,512,512,287,33909,0,41312,21464,44783,1,42,21,0
47868590943200,2102,2048,8192,16384,14447,512,4096,8192,2325,4096,8192,16384,1697,4096,8192,16384,428,8192,8192,8192,24,2048,8192,8192,433,512,4096,8192,1718,1024,4096,8192,299,2048,4096,4096,5,64,65536,262144,21589,1048576,1048576,1048576,41,524288,524288,524288,41,524288,524288,524288,41,1024,2048,2048,41,64,1024,16384,41,128,512,4096,2540,128,512,1024,2540,128,512,4096,130023,64,512,4096,15273,64,256,512,2449,128,512,2048,3762,256,1024,4096,1221,256,512,512,1302,64,512,4096,19710,64,256,512,2502,64,256,512,546,64,256,512,234,128,512,4096,216,128,512,512,45,0,0,0,0,0,0,0,0,0,0,0,0,64,64,128,21,64,128,128,21,11.45,9.44,2.01,0,24,26,433,50,41,0,0,0,0,0,0,0,2097152,2097152,2097152,2097152,4194304,13,2097152,2097152,2097152,2097152,4194304,20,2097152,4194304,4194304,4194304,8388608,207,131072,2097152,2097152,2097152,2097152,20,131072,2097152,2097152,2097152,2097152,28,0,0,0,0,0,0,0,0,0,0,0,0,256,256,512,512,512,288,2097152,4194304,4194304,4194304,8388608,288,0,0,0,0,0,0,256,512,512,512,512,288,34195,0,42494,21323,45746,0,41,21,0
47869627194900,2102,2048,8192,16384,14641,512,4096,8192,2086,4096,8192,16384,1717,4096,16384,16384,409,8192,8192,8192,27,2048,8192,8192,452,512,4096,8192,1726,1024,4096,8192,263,0,0,0,0,64,65536,262144,21537,1048576,1048576,1048576,41,524288,524288,524288,41,524288,524288,524288,41,1024,1024,2048,41,64,2048,16384,41,128,512,2048,3013,128,512,2048,3013,128,512,4096,131769,64,512,4096,15453,64,256,512,2188,128,512,1024,3789,256,1024,1024,1194,256,512,1024,1311,64,256,4096,19269,64,256,512,2232,64,256,2048,567,64,512,512,243,128,512,2048,243,0,0,0,0,0,0,0,0,0,0,0,0,0,0,0,0,64,128,128,20,64,128,128,20,14.07,10.30,3.77,0,27,22,452,45,48,0,0,0,0,0,0,0,2097152,2097152,2097152,2097152,2097152,5,2097152,2097152,2097152,2097152,2097152,14,2097152,4194304,4194304,4194304,4194304,234,65536,2097152,2097152,2097152,2097152,19,2097152,2097152,2097152,2097152,2097152,24,0,0,0,0,0,0,0,0,0,0,0,0,128,256,512,512,512,296,2097152,2097152,4194304,4194304,4194304,296,0,0,0,0,0,0,256,256,512,512,512,296,34493,0,41393,21321,45307,0,41,20,0
47870662058600,2102,2048,8192,16384,14021,512,4096,4096,2110,4096,8192,16384,1679,4096,16384,16384,416,8192,8192,16384,23,2048,4096,8192,386,512,4096,8192,1681,1024,4096,8192,279,0,0,0,1,64,65536,262144,20820,1048576,1048576,1048576,42,524288,524288,524288,42,524288,524288,524288,42,512,2048,2048,42,64,128,256,42,64,512,4096,2836,64,512,4096,2836,128,512,4096,126189,64,512,2048,15111,64,256,512,2285,64,512,2048,3807,256,1024,4096,1248,256,512,4096,1185,64,512,4096,18513,64,256,1024,2421,64,256,2048,483,64,512,512,198,128,1024,4096,207,256,256,256,9,0,0,0,0,0,0,0,0,0,0,0,0,64,128,128,21,64,128,128,21,12.46,8.69,3.78,0,23,27,386,51,51,0,0,0,0,0,0,0,2097152,2097152,2097152,2097152,2097152,11,2097152,2097152,2097152,2097152,2097152,15,2097152,2097152,4194304,4194304,4194304,176,131072,2097152,2097152,2097152,2097152,15,131072,2097152,2097152,2097152,2097152,26,2097152,4194304,4194304,4194304,4194304,58,0,0,0,0,0,0,128,256,256,512,512,301,2097152,2097152,4194304,4194304,4194304,301,0,0,0,0,0,0,256,512,512,1024,1024,301,34730,0,40618,20574,44161,0,42,21,0
47871698300500,2102,2048,8192,16384,14749,512,4096,8192,2098,4096,8192,16384,1753,4096,8192,16384,399,8192,8192,8192,13,2048,8192,16384,443,512,4096,8192,1721,1024,4096,8192,282,2048,2048,2048,2,64,65536,262144,21643,1048576,1048576,1048576,41,524288,524288,524288,41,524288,524288,524288,41,256,512,1024,41,64,128,128,41,128,512,4096,2761,128,512,1024,2761,128,512,4096,132741,64,512,4096,15777,64,256,512,2027,128,512,4096,3789,256,1024,2048,1212,256,512,512,1086,64,512,2048,19863,64,256,512,2394,64,256,512,423,64,256,1024,99,128,512,1024,117,64,256,256,18,0,0,0,0,0,0,0,0,0,0,0,0,64,128,128,21,64,128,128,21,13.21,9.81,3.40,0,13,23,443,49,39,0,0,0,0,0,0,0,2097152,2097152,2097152,2097152,2097152,6,2097152,4194304,4194304,4194304,4194304,15,2097152,4194304,4194304,4194304,4194304,218,131072,2097152,2097152,2097152,2097152,15,131072,2097152,2097152,2097152,4194304,19,2097152,2097152,2097152,2097152,2097152,12,0,0,0,0,0,0,128,256,512,512,512,285,2097152,4194304,4194304,4194304,4194304,285,0,0,0,0,0,0,256,512,512,512,512,285,35012,0,41901,21436,44893,0,41,21,0
47872731655000,2039,2048,8192,16384,14526,512,4096,4096,2107,4096,8192,16384,1709,4096,16384,16384,445,8192,16384,16384,22,2048,8192,8192,477,512,4096,8192,1731,1024,4096,8192,318,4096,4096,4096,3,64,65536,131072,21527,1048576,1048576,1048576,42,524288,524288,524288,42,524288,524288,524288,42,512,1024,2048,42,64,128,8192,42,64,512,2048,2851,64,512,4096,3418,128,512,4096,130734,64,512,4096,15381,64,256,512,2469,64,512,4096,4104,256,1024,4096,1311,256,512,2048,1302,64,256,4096,19665,64,256,512,2313,64,256,512,450,64,256,512,225,64,4096,4096,198,256,1024,4096,27,0,0,0,0,0,0,0,0,0,0,0,0,64,128,128,21,64,128,128,21,14.97,10.69,4.28,0,22,25,477,46,45,63,0,0,0,0,0,0,2097152,4194304,4194304,4194304,4194304,17,2097152,2097152,2097152,2097152,4194304,17,2097152,2097152,8388608,8388608,8388608,200,131072,2097152,2097152,2097152,2097152,19,2097152,2097152,2097152,2097152,2097152,23,0,0,0,0,0,0,0,0,0,0,0,0,256,256,512,512,512,276,2097152,2097152,4194304,8388608,8388608,276,0,0,0,0,0,0,256,512,512,512,512,276,35414,0,41105,21360,44128,1,42,21,0
47873766765800,2039,2048,8192,16384,13904,512,4096,4096,2037,4096,8192,16384,1633,4096,8192,16384,402,8192,16384,16384,15,2048,8192,8192,401,512,4096,8192,1640,1024,4096,8192,282,0,0,0,0,64,65536,131072,20487,1048576,1048576,1048576,41,262144,524288,524288,41,524288,524288,524288,41,512,1024,1024,41,64,128,2048,41,64,512,4096,2598,128,512,1024,2598,128,512,4096,125136,64,512,4096,14697,64,256,512,2097,64,512,4096,3672,256,1024,1024,1269,256,512,2048,1125,64,512,2048,20691,64,256,512,2646,64,512,4096,489,64,256,256,117,128,512,1024,135,0,0,0,0,0,0,0,0,0,0,0,0,0,0,0,0,64,128,128,20,64,128,128,20,11.83,8.43,3.40,0,15,20,401,40,47,0,0,0,0,0,0,0,2097152,2097152,2097152,2097152,2097152,7,2097152,4194304,4194304,4194304,4194304,20,2097152,2097152,4194304,4194304,4194304,225,131072,2097152,2097152,2097152,2097152,15,2097152,2097152,2097152,2097152,2097152,30,0,0,0,0,0,0,0,0,0,0,0,0,128,256,512,512,512,297,2097152,2097152,4194304,4194304,4194304,297,0,0,0,0,0,0,256,512,512,512,1024,297,35640,0,40625,20314,44389,0,41,20,0
47874808939700,2039,2048,8192,16384,14429,512,4096,8192,2037,4096,8192,16384,1636,4096,8192,16384,443,8192,8192,8192,17,2048,8192,8192,418,512,4096,8192,1672,1024,4096,8192,278,0,0,0,0,64,65536,131072,21113,1048576,1048576,1048576,42,262144,524288,524288,42,524288,524288,524288,42,512,1024,1024,42,64,4096,32768,42,64,512,4096,2747,128,512,1024,2747,128,512,4096,129861,64,512,1024,14724,64,256,512,2272,64,512,1024,3933,256,1024,4096,1481,256,512,1024,1373,64,256,1024,19944,64,256,1024,2574,64,256,512,552,64,256,512,180,128,512,512,153,0,0,0,0,0,0,0,1,0,0,0,0,0,0,0,1,64,128,128,21,64,64,128,21,10.91,9.41,1.50,0,17,23,418,45,35,0,0,0,0,0,0,0,2097152,2097152,2097152,2097152,2097152,13,2097152,2097152,2097152,2097152,2097152,17,2097152,2097152,4194304,4194304,4194304,221,131072,2097152,2097152,2097152,2097152,23,131072,2097152,2097152,2097152,2097152,21,0,0,0,0,0,0,0,0,0,0,0,0,128,256,512,512,512,295,2097152,2097152,4194304,4194304,4194304,295,0,0,0,0,0,0,256,512,1024,1024,1024,295,35883,0,39264,20887,42851,0,42,21,0
47875838027800,2046,2048,8192,16384,14425,512,4096,8192,2036,4096,8192,16384,1685,4096,8192,16384,428,8192,8192,8192,17,2048,8192,8192,391,512,4096,8192,1653,1024,4096,8192,265,0,0,0,1,64,65536,262144,21051,1048576,1048576,1048576,41,524288,524288,524288,41,524288,524288,524288,41,512,1024,1024,41,64,8192,32768,41,64,512,4096,2716,64,512,1024,2653,128,512,4096,129825,64,512,1024,15165,64,256,512,2111,128,512,1024,3816,256,1024,1024,1302,256,512,1024,1212,64,512,2048,20385,64,256,512,2169,64,256,512,588,64,256,256,189,128,512,4096,153,64,256,256,9,1024,2048,2048,49,1024,1024,1024,44,64,64,64,93,64,128,128,21,64,16384,16384,21,14.87,10.71,4.16,44,17,16,391,47,45,0,262144,262144,262144,262144,262144,7,2097152,2097152,2097152,2097152,2097152,11,2097152,4194304,4194304,4194304,4194304,9,2097152,4194304,4194304,8388608,8388608,207,131072,2097152,2097152,2097152,4194304,21,2097152,2097152,2097152,2097152,4194304,24,0,0,0,0,0,0,0,0,0,0,0,0,256,256,512,512,512,279,2097152,4194304,4194304,8388608,8388608,279,128,256,256,256,256,7,256,512,512,512,1024,272,36164,0,40147,20928,43639,0,41,21,0
47876874343200,2061,2048,8192,16384,14191,512,4096,8192,2057,4096,8192,16384,1663,4096,8192,16384,426,8192,8192,16384,22,2048,8192,8192,422,512,4096,8192,1664,1024,4096,8192,290,4096,4096,4096,2,128,65536,262144,20887,1048576,1048576,1048576,41,524288,524288,524288,41,524288,524288,524288,41,1024,1024,1024,41,64,2048,32768,41,64,512,4096,3092,128,512,1024,2957,128,512,4096,127719,64,512,2048,14967,64,256,512,2141,128,512,1024,3672,256,1024,4096,1263,256,512,4096,1191,64,512,4096,19854,64,512,1024,2340,64,256,4096,417,64,256,512,162,128,512,4096,198,256,512,512,18,1024,2048,2048,13,1024,2048,2048,19,64,64,64,32,64,128,128,20,128,32768,32768,20,13.19,9.30,3.89,19,22,24,422,51,52,0,262144,524288,524288,524288,524288,15,2097152,2097152,2097152,2097152,4194304,15,2097152,2097152,2097152,2097152,2097152,20,2097152,2097152,4194304,4194304,4194304,221,131072,2097152,2097152,2097152,2097152,23,131072,2097152,2097152,2097152,2097152,28,0,0,0,0,0,0,0,0,0,0,0,0,128,256,256,512,512,322,2097152,2097152,4194304,4194304,4194304,322,128,256,256,256,256,15,256,512,512,512,512,307,36432,0,41817,20735,45110,0,41,20,0
47877911575000,2078,2048,8192,16384,14263,512,4096,8192,2066,4096,8192,16384,1689,4096,8192,16384,453,8192,8192,8192,15,2048,8192,8192,464,512,4096,8192,1701,1024,4096,8192,257,0,0,0,1,64,65536,131072,21072,1048576,1048576,1048576,42,262144,524288,524288,42,524288,524288,524288,42,512,1024,1024,42,64,128,1024,42,64,512,4096,2597,64,512,4096,2444,64,512,4096,128367,64,512,4096,15201,64,256,512,2260,64,512,4096,4050,256,1024,2048,1353,256,512,4096,1281,64,512,4096,20592,64,256,512,2448,64,256,4096,513,64,256,256,126,64,512,512,135,64,512,512,9,0,0,0,0,0,0,0,0,0,0,0,0,64,128,128,21,8192,16384,16384,21,14.48,9.06,5.41,0,15,16,464,55,37,0,262144,524288,524288,524288,524288,18,2097152,2097152,2097152,2097152,2097152,6,2097152,2097152,2097152,2097152,2097152,20,2097152,2097152,4194304,4194304,4194304,220,2097152,2097152,2097152,2097152,2097152,21,131072,2097152,2097152,2097152,4194304,36,0,0,0,0,0,0,0,0,0,0,0,0,128,256,512,512,512,321,2097152,2097152,4194304,4194304,4194304,321,128,256,256,256,512,18,256,256,512,512,512,303,36698,0,41283,20872,45007,0,42,21,0
47878945572300,2098,2048,8192,16384,14573,512,4096,8192,2082,4096,8192,16384,1688,4096,8192,16384,449,8192,8192,8192,13,2048,8192,8192,438,512,4096,8192,1690,1024,8192,16384,280,2048,2048,2048,2,512,65536,262144,21375,1048576,1048576,1048576,41,524288,524288,524288,41,524288,524288,524288,41,512,1024,1024,41,64,128,65536,41,64,512,4096,3020,128,512,4096,2840,128,512,4096,131157,64,512,2048,15192,64,256,512,2570,64,512,1024,4005,256,1024,4096,1286,256,512,2048,1178,64,512,4096,18927,64,256,512,2367,64,256,2048,573,64,256,1024,144,128,512,512,117,128,512,512,18,0,0,0,0,0,0,0,0,0,0,0,0,64,128,128,21,256,32768,32768,21,15.10,10.95,4.15,0,13,13,438,41,52,0,262144,524288,524288,524288,524288,19,2097152,2097152,2097152,2097152,2097152,17,2097152,2097152,2097152,2097152,2097152,14,2097152,2097152,4194304,4194304,4194304,211,131072,2097152,4194304,4194304,4194304,31,131072,2097152,4194304,4194304,4194304,23,0,0,0,0,0,0,0,0,0,0,0,0,256,256,256,512,512,315,2097152,2097152,4194304,4194304,4194304,315,128,256,256,256,256,19,256,512,512,1024,1024,296,36940,0,41318,21191,44394,0,41,21,0
47879980454000,2109,2048,8192,16384,14182,512,4096,8192,2099,4096,8192,16384,1694,4096,8192,16384,411,8192,8192,8192,19,2048,8192,8192,410,512,4096,8192,1694,1024,4096,8192,316,0,0,0,1,128,65536,262144,21004,1048576,1048576,1048576,42,524288,524288,524288,42,524288,524288,524288,42,512,1024,1024,42,64,2048,32768,42,64,512,4096,2794,128,512,1024,2695,128,512,4096,127638,64,512,2048,15246,64,256,512,2293,64,512,1024,3654,256,1024,4096,1368,256,512,4096,1305,64,512,4096,20178,64,256,1024,2448,64,512,4096,549,64,512,512,153,64,512,4096,171,64,256,256,9,0,0,0,0,0,0,0,0,0,0,0,0,64,128,128,21,128,16384,16384,21,14.45,9.17,5.28,0,19,13,410,57,61,0,524288,524288,524288,524288,524288,11,2097152,2097152,2097152,2097152,2097152,4,2097152,4194304,4194304,4194304,4194304,18,2097152,4194304,4194304,4194304,8388608,211,2097152,2097152,2097152,2097152,2097152,24,65536,2097152,2097152,2097152,2097152,20,0,0,0,0,0,0,0,0,0,0,0,0,128,256,512,512,512,288,2097152,2097152,4194304,4194304,8388608,288,256,256,256,256,512,11,256,512,512,512,512,277,37212,0,41181,20760,44841,0,42,21,0
47881015335000,2109,2048,8192,16384,13989,512,4096,8192,2110,4096,8192,16384,1708,4096,16384,16384,440,8192,8192,8192,21,2048,8192,16384,448,512,4096,8192,1704,1024,4096,8192,319,2048,4096,4096,6,128,65536,524288,20912,1048576,1048576,1048576,41,524288,524288,524288,41,524288,524288,524288,41,1024,1024,2048,41,64,16384,32768,41,64,512,4096,2739,128,512,1024,2739,128,512,4096,125901,64,512,2048,15372,64,256,512,2415,128,512,2048,3645,256,1024,4096,1217,256,512,512,1352,64,512,4096,20205,64,256,512,2430,64,256,512,444,64,256,512,279,128,512,4096,189,64,512,4096,54,0,0,0,0,0,0,0,0,0,0,0,0,64,128,128,20,64,128,128,20,14.46,10.69,3.77,0,21,15,448,62,58,0,0,0,0,0,0,0,2097152,2097152,2097152,2097152,2097152,9,2097152,2097152,2097152,2097152,33554432,16,2097152,4194304,4194304,4194304,16777216,202,131072,2097152,2097152,2097152,4194304,23,131072,2097152,2097152,2097152,2097152,24,0,0,0,0,0,0,0,0,0,0,0,0,256,256,512,512,512,274,2097152,2097152,4194304,16777216,33554432,274,0,0,0,0,0,0,256,512,512,512,512,274,37542,0,40812,20557,44314,0,41,20,0
47882049750000,2108,2048,8192,16384,14586,512,4096,8192,2111,4096,8192,16384,1718,4096,16384,16384,452,8192,8192,8192,33,2048,8192,8192,412,512,4096,8192,1742,1024,4096,8192,293,0,0,0,1,64,65536,262144,21542,1048576,1048576,1048576,41,524288,524288,524288,41,524288,524288,524288,41,1024,2048,2048,41,64,16384,65536,41,64,512,2048,2783,128,512,4096,2792,128,512,4096,131274,64,512,1024,15462,64,256,512,2513,128,512,1024,3672,256,1024,2048,1122,256,512,512,1302,64,512,4096,19575,64,256,512,2223,64,256,512,576,64,256,512,225,128,512,4096,297,128,256,256,9,0,0,0,0,0,0,0,0,0,0,0,0,64,128,128,21,64,128,128,21,13.47,9.57,3.90,0,33,23,412,45,64,1,0,0,0,0,0,0,2097152,2097152,2097152,2097152,2097152,15,2097152,2097152,2097152,2097152,2097152,15,2097152,2097152,4194304,4194304,4194304,219,131072,2097152,2097152,2097152,2097152,24,131072,2097152,2097152,2097152,2097152,34,0,0,0,0,0,0,0,0,0,0,0,0,256,256,256,512,512,307,2097152,2097152,4194304,4194304,4194304,307,0,0,0,0,0,0,256,512,512,1024,2048,307,37813,0,40750,21318,44095,0,41,21,0
47883086015400,2045,2048,8192,16384,13956,512,4096,8192,2101,4096,8192,16384,1698,4096,8192,16384,430,8192,8192,8192,25,2048,8192,8192,481,512,4096,8192,1709,1024,4096,8192,269,2048,8192,8192,5,64,65536,262144,20877,1048576,1048576,1048576,42,524288,524288,524288,42,524288,524288,524288,42,512,1024,1024,42,64,32768,32768,42,128,512,1024,2626,64,512,4096,3193,128,512,4096,125604,64,512,4096,15282,64,256,512,2373,64,512,1024,3555,256,1024,4096,1251,256,512,4096,1251,64,512,4096,20538,64,256,512,2628,64,256,2048,426,64,256,512,207,128,512,4096,225,128,512,1024,45,0,0,0,0,0,0,0,0,0,0,0,0,64,128,128,21,64,128,128,21,13.31,8.91,4.39,0,25,21,481,53,61,63,0,0,0,0,0,0,0,0,0,0,0,0,2097152,2097152,2097152,2097152,8388608,14,2097152,4194304,4194304,4194304,4194304,217,2097152,2097152,2097152,2097152,4194304,29,131072,2097152,2097152,2097152,4194304,29,0,0,0,0,0,0,0,0,0,0,0,0,256,256,512,512,512,289,2097152,2097152,4194304,4194304,8388608,289,0,0,0,0,0,0,256,512,512,512,512,289,38228,0,40337,20634,43324,0,42,21,0
47884122739900,2045,2048,8192,16384,14216,512,4096,8192,2044,4096,8192,16384,1639,4096,8192,16384,408,8192,8192,8192,14,2048,8192,8192,400,512,4096,8192,1616,1024,4096,8192,293,2048,2048,2048,2,64,65536,131072,20820,1048576,1048576,1048576,41,524288,524288,524288,41,524288,524288,524288,41,512,1024,1024,41,64,128,128,41,128,512,4096,2556,128,512,4096,2556,128,512,4096,127944,64,512,4096,14751,64,256,512,2137,128,512,4096,3681,256,1024,2048,1205,256,512,4096,1151,64,512,4096,18819,64,256,512,2295,64,256,512,447,64,256,512,126,128,512,512,126,64,512,512,18,0,0,0,0,0,0,0,0,0,0,0,0,64,128,128,20,64,128,128,20,13.84,10.06,3.77,0,14,13,400,55,53,0,0,0,0,0,0,0,2097152,2097152,4194304,4194304,4194304,24,2097152,2097152,2097152,2097152,4194304,10,2097152,4194304,4194304,4194304,8388608,198,131072,2097152,2097152,2097152,4194304,38,2097152,2097152,2097152,2097152,8388608,24,0,0,0,0,0,0,0,0,0,0,0,0,256,256,512,512,512,294,2097152,4194304,4194304,8388608,8388608,294,0,0,0,0,0,0,256,512,512,512,1024,294,38469,0,40357,20614,43437,0,41,20,0
47885157649700,2045,2048,8192,16384,14107,512,4096,8192,2044,4096,8192,16384,1662,4096,16384,16384,400,8192,8192,8192,16,2048,8192,8192,398,512,4096,8192,1671,1024,4096,8192,283,2048,2048,2048,2,128,65536,262144,20802,1048576,1048576,1048576,42,262144,524288,524288,42,524288,524288,524288,42,512,1024,1024,42,64,4096,65536,42,64,512,4096,2668,128,512,1024,2668,128,512,4096,126963,64,512,4096,14958,64,256,512,2177,64,512,1024,3636,256,1024,4096,1188,256,512,4096,1278,64,512,4096,18657,64,256,1024,2043,64,256,1024,519,64,512,4096,162,128,512,4096,144,64,512,512,18,1024,2048,2048,13,1024,2048,2048,11,64,64,64,24,64,128,128,21,0,64,64,21,14.07,10.68,3.39,11,16,17,398,47,42,0,0,0,0,0,0,0,2097152,2097152,2097152,2097152,4194304,7,2097152,2097152,2097152,2097152,4194304,12,2097152,2097152,4194304,4194304,4194304,233,2097152,4194304,4194304,4194304,4194304,20,131072,2097152,2097152,2097152,4194304,25,0,0,0,0,0,0,0,0,0,0,0,0,256,256,512,512,512,297,2097152,2097152,4194304,4194304,4194304,297,0,0,0,0,0,0,256,512,512,512,512,297,38703,0,41450,20615,44892,0,42,21,0
47886192935300,2045,2048,8192,16384,14490,512,4096,4096,2045,4096,8192,16384,1679,4096,16384,16384,373,8192,16384,16384,17,2048,8192,8192,456,512,4096,8192,1710,1024,4096,8192,274,0,0,0,1,64,65536,262144,21237,1048576,1048576,1048576,41,262144,524288,524288,41,524288,524288,524288,41,512,1024,1024,41,64,2048,16384,41,64,512,1024,2359,128,512,1024,2359,128,512,4096,130410,64,512,4096,15111,64,256,512,1945,64,512,2048,3195,256,1024,2048,1212,256,512,2048,1167,64,512,2048,19521,64,256,1024,2268,64,256,4096,465,64,512,1024,153,128,512,4096,153,128,256,256,9,1024,2048,2048,49,1024,1024,2048,44,64,64,256,93,64,64,64,21,64,128,128,21,13.23,10.21,3.02,44,17,18,456,54,50,0,0,0,0,0,0,0,2097152,2097152,2097152,2097152,2097152,20,2097152,4194304,4194304,4194304,4194304,14,2097152,2097152,4194304,4194304,4194304,219,2097152,2097152,2097152,2097152,2097152,18,262144,2097152,2097152,2097152,4194304,29,0,0,0,0,0,0,0,0,0,0,0,0,256,256,512,512,512,300,2097152,2097152,4194304,4194304,4194304,300,0,0,0,0,0,0,256,512,512,1024,1024,300,39042,0,40305,21112,43906,0,41,21,0
47887225048000,2045,2048,8192,16384,13964,512,4096,8192,2044,4096,8192,16384,1631,4096,16384,16384,428,8192,16384,16384,18,2048,8192,8192,420,512,4096,8192,1603,1024,4096,8192,268,4096,4096,4096,2,64,65536,131072,20551,1048576,1048576,1048576,41,524288,524288,524288,41,524288,524288,524288,41,1024,1024,2048,41,64,8192,65536,41,128,512,4096,2629,128,512,4096,2629,128,512,4096,125676,64,512,4096,14679,64,256,512,2048,64,512,4096,3933,256,1024,4096,1128,256,512,4096,1155,64,512,4096,19287,64,256,512,2529,64,256,512,528,64,256,512,216,128,512,4096,162,64,512,512,18,0,0,0,1,1024,1024,1024,8,0,64,64,9,64,128,128,20,64,128,128,20,13.22,9.32,3.90,8,18,21,420,46,38,0,0,0,0,0,0,0,2097152,2097152,2097152,2097152,2097152,3,2097152,2097152,2097152,2097152,2097152,16,2097152,2097152,4194304,4194304,4194304,234,131072,2097152,2097152,2097152,2097152,15,2097152,2097152,2097152,2097152,4194304,25,0,0,0,0,0,0,0,0,0,0,0,0,256,256,512,512,512,293,2097152,2097152,4194304,4194304,4194304,293,0,0,0,0,0,0,256,256,512,512,1024,293,39300,0,40801,20375,43873,0,41,20,0
47888262572400,2045,2048,8192,16384,14345,512,4096,8192,2045,4096,8192,16384,1707,4096,8192,16384,420,8192,8192,8192,18,2048,8192,8192,443,512,4096,8192,1697,1024,4096,4096,312,0,0,0,1,64,65536,131072,21177,1048576,1048576,1048576,42,524288,524288,524288,42,524288,524288,524288,42,512,1024,2048,42,128,1024,2048,42,128,512,4096,2800,128,512,1024,2800,128,512,4096,129105,64,512,2048,15363,64,256,512,2349,128,512,4096,3681,256,1024,4096,1242,256,512,4096,1206,64,512,4096,20565,64,256,512,2250,64,256,512,504,128,512,1024,108,64,256,512,162,64,256,256,9,0,0,0,0,0,0,0,0,0,0,0,0,64,128,128,21,64,128,128,21,9.92,8.41,1.51,0,18,19,443,52,53,0,0,0,0,0,0,0,2097152,8388608,8388608,8388608,8388608,18,2097152,2097152,2097152,2097152,2097152,8,2097152,2097152,4194304,4194304,8388608,208,2097152,2097152,2097152,2097152,2097152,27,131072,2097152,2097152,2097152,2097152,23,0,0,0,0,0,0,0,0,0,0,0,0,256,256,512,512,512,284,2097152,2097152,4194304,8388608,8388608,284,0,0,0,0,0,0,256,512,512,512,1024,284,39601,0,41169,20961,43738,0,42,21,0
47889297611800,2045,2048,8192,16384,14314,512,4096,8192,2044,4096,8192,8192,1656,4096,16384,16384,430,8192,16384,16384,18,2048,8192,8192,383,512,4096,8192,1654,1024,4096,8192,270,0,0,0,1,64,65536,262144,20925,1048576,1048576,1048576,41,524288,524288,524288,41,524288,524288,524288,41,512,1024,1024,41,64,1024,8192,41,128,512,4096,2850,128,512,1024,2850,128,512,4096,128826,64,512,2048,14904,64,256,512,2015,64,512,1024,3834,256,1024,4096,1140,256,512,512,1194,64,256,2048,19413,64,256,512,2349,64,256,512,510,64,256,512,207,128,512,4096,162,128,256,256,9,0,0,0,0,0,0,0,0,0,0,0,0,64,128,128,21,64,128,128,21,14.60,10.70,3.90,0,18,10,383,58,45,0,0,0,0,0,0,0,2097152,2097152,2097152,2097152,2097152,8,2097152,2097152,2097152,2097152,4194304,11,2097152,2097152,4194304,4194304,4194304,228,2097152,2097152,2097152,2097152,2097152,25,131072,2097152,2097152,2097152,2097152,26,0,0,0,0,0,0,0,0,0,0,0,0,256,256,512,512,512,298,2097152,2097152,4194304,4194304,4194304,298,0,0,0,0,0,0,256,256,512,1024,1024,298,39817,0,39505,20675,43663,0,41,21,0
47890331317500,2045,2048,8192,16384,14199,512,4096,8192,2050,4096,8192,16384,1604,4096,8192,16384,432,8192,16384,16384,20,2048,8192,8192,432,512,4096,8192,1660,1024,4096,8192,271,0,0,0,0,64,65536,131072,20836,1048576,1048576,1048576,42,262144,524288,524288,42,524288,524288,524288,42,512,2048,2048,42,64,4096,32768,42,128,512,4096,2690,128,512,4096,2690,128,512,4096,127791,64,512,1024,14436,64,256,512,2243,128,512,4096,3663,256,1024,4096,1286,256,512,1024,1295,64,512,4096,18918,64,256,1024,2241,64,256,512,468,64,256,512,162,128,512,4096,180,0,0,0,0,0,0,0,0,0,0,0,0,0,0,0,0,64,128,128,21,64,128,128,21,10.70,7.93,2.77,0,20,8,432,44,46,0,0,0,0,0,0,0,2097152,2097152,2097152,2097152,2097152,20,2097152,2097152,2097152,2097152,4194304,15,2097152,2097152,4194304,4194304,4194304,212,2097152,2097152,2097152,2097152,4194304,29,65536,2097152,2097152,2097152,4194304,20,0,0,0,0,0,0,0,0,0,0,0,0,128,256,512,512,512,296,2097152,2097152,4194304,4194304,4194304,296,0,0,0,0,0,0,256,512,512,512,1024,296,40071,0,39893,20555,43304,0,42,21,0
47891368424100,2045,2048,8192,16384,13832,512,4096,8192,2048,4096,8192,16384,1688,4096,8192,16384,435,8192,8192,8192,24,2048,8192,8192,445,512,4096,4096,1661,1024,4096,8192,286,8192,8192,8192,2,64,65536,262144,20592,1048576,1048576,1048576,41,262144,524288,524288,41,524288,524288,524288,41,512,1024,2048,41,64,16384,32768,41,128,512,4096,2604,128,512,4096,2604,128,512,4096,124488,64,512,2048,15192,64,256,512,2404,128,512,1024,3609,256,1024,2048,1300,256,512,1024,1174,64,512,4096,19395,64,256,512,2205,64,256,512,402,64,256,512,180,128,512,4096,216,256,512,512,18,0,0,0,0,0,0,0,0,0,0,0,0,64,128,128,20,64,128,128,20,15.19,11.17,4.02,0,24,6,445,54,64,0,0,0,0,0,0,0,2097152,2097152,2097152,2097152,2097152,6,2097152,2097152,2097152,2097152,2097152,14,2097152,4194304,4194304,8388608,8388608,201,2097152,4194304,4194304,4194304,4194304,34,2097152,2097152,2097152,2097152,2097152,22,0,0,0,0,0,0,0,0,0,0,0,0,256,256,512,512,512,277,2097152,4194304,4194304,8388608,8388608,277,0,0,0,0,0,0,256,512,1024,1024,2048,277,40387,0,40530,20369,43960,0,41,20,0
47892403167600,2045,2048,8192,16384,14487,512,4096,8192,2040,4096,8192,8192,1651,4096,8192,16384,448,8192,8192,8192,16,2048,4096,8192,429,512,4096,8192,1640,1024,4096,8192,290,0,0,0,1,64,65536,131072,21140,1048576,1048576,1048576,41,262144,524288,524288,41,524288,524288,524288,41,512,1024,1024,41,64,2048,16384,41,128,512,4096,2617,128,512,1024,2617,128,512,4096,130383,64,512,1024,14859,64,256,512,2159,64,512,1024,3528,256,1024,4096,1184,256,512,2048,1166,64,512,2048,19836,64,256,512,2448,64,256,512,498,64,512,4096,162,128,512,512,144,64,256,256,9,0,0,0,0,0,0,0,0,0,0,0,0,64,128,128,21,64,128,128,21,12.09,9.95,2.14,0,16,2,429,60,55,0,0,0,0,0,0,0,2097152,2097152,2097152,2097152,2097152,8,2097152,2097152,2097152,2097152,4194304,7,2097152,2097152,4194304,4194304,4194304,229,131072,2097152,2097152,2097152,2097152,33,131072,2097152,2097152,2097152,2097152,36,0,0,0,0,0,0,0,0,0,0,0,0,256,256,256,256,512,313,2097152,2097152,4194304,4194304,4194304,313,0,0,0,0,0,0,256,512,512,512,1024,313,40636,0,40457,20952,43864,0,41,21,0
47893438882700,1984,2048,8192,16384,13831,512,4096,8192,2017,4096,8192,16384,1652,4096,8192,16384,434,8192,8192,8192,14,2048,8192,8192,430,512,4096,8192,1650,1024,4096,8192,277,4096,4096,4096,3,64,65536,262144,20454,1048576,1048576,1048576,42,262144,524288,524288,42,524288,524288,524288,42,1024,1024,2048,42,64,128,8192,42,128,512,1024,2775,64,512,4096,3324,128,512,4096,124479,64,512,2048,14868,64,256,512,2216,128,512,4096,3726,256,1024,4096,1371,256,512,4096,1326,64,512,4096,19557,64,256,512,2385,64,256,512,597,64,256,512,198,64,256,512,126,64,512,4096,27,0,0,0,0,0,0,0,0,0,0,0,0,64,128,128,21,64,128,128,21,10.57,8.18,2.39,0,14,0,430,55,45,61,0,0,0,0,0,0,2097152,2097152,2097152,2097152,2097152,6,2097152,2097152,2097152,2097152,4194304,14,2097152,2097152,4194304,4194304,4194304,155,2097152,2097152,4194304,4194304,4194304,24,131072,2097152,2097152,2097152,4194304,23,2097152,2097152,2097152,2097152,4194304,68,0,0,0,0,0,0,256,256,512,512,512,290,2097152,2097152,4194304,4194304,4194304,290,0,0,0,0,0,0,256,512,512,512,512,290,40951,0,40314,20324,43548,0,42,21,0
47894474277900,1984,2048,8192,16384,13838,512,4096,8192,1984,4096,8192,16384,1648,4096,8192,16384,395,8192,16384,16384,20,2048,8192,8192,374,512,4096,8192,1635,1024,4096,8192,242,0,0,0,0,64,65536,131072,20317,524288,1048576,1048576,41,262144,524288,524288,41,524288,524288,524288,41,512,2048,2048,41,64,128,128,41,64,512,4096,2449,128,512,1024,2449,128,512,4096,124542,64,512,2048,14832,64,256,512,1949,128,512,1024,3375,256,1024,4096,1235,256,512,1024,1190,64,512,4096,18090,64,256,512,2115,64,256,512,558,64,256,512,144,128,512,4096,180,0,0,0,0,0,0,0,0,0,0,0,0,0,0,0,0,64,128,128,20,64,128,128,20,12.57,9.30,3.27,0,20,0,374,54,56,0,0,0,0,0,0,0,2097152,4194304,4194304,4194304,4194304,17,2097152,2097152,2097152,2097152,2097152,12,2097152,2097152,4194304,4194304,4194304,209,2097152,2097152,2097152,2097152,2097152,38,2097152,2097152,2097152,2097152,4194304,26,0,0,0,0,0,0,0,0,0,0,0,0,256,256,512,512,512,302,2097152,2097152,4194304,4194304,4194304,302,0,0,0,0,0,0,256,512,512,512,1024,302,41153,0,39863,20154,42525,0,41,20,0
47895511711900,1984,2048,8192,16384,13993,512,4096,8192,1984,4096,8192,16384,1602,4096,8192,16384,434,8192,8192,16384,34,2048,8192,8192,399,512,4096,8192,1596,1024,4096,8192,282,0,0,0,1,64,65536,262144,20508,1048576,1048576,1048576,42,524288,524288,524288,42,524288,524288,524288,42,1024,1024,1024,42,64,2048,8192,42,128,512,1024,2834,128,512,1024,2834,128,512,4096,125937,128,512,1024,14418,64,256,512,2170,128,512,1024,3321,256,1024,4096,1251,256,512,1024,1305,64,512,2048,19224,64,256,512,2250,64,256,512,339,64,256,512,297,128,512,4096,306,0,128,128,9,1024,2048,4096,28,1024,1024,2048,22,64,64,64,50,64,128,128,21,64,128,128,21,11.93,8.66,3.26,22,34,0,399,47,51,0,0,0,0,0,0,0,2097152,2097152,2097152,2097152,2097152,3,2097152,2097152,2097152,2097152,2097152,18,2097152,4194304,4194304,4194304,4194304,214,2097152,4194304,4194304,4194304,4194304,20,2097152,2097152,2097152,2097152,4194304,21,0,0,0,0,0,0,0,0,0,0,0,0,256,256,512,512,512,276,2097152,4194304,4194304,4194304,4194304,276,0,0,0,0,0,0,256,256,512,1024,1024,276,41430,0,38216,20331,41897,0,42,21,0
47896545223600,1984,2048,8192,16384,14177,512,4096,8192,1985,4096,8192,16384,1646,4096,8192,16384,424,8192,32768,32768,19,2048,8192,8192,433,512,4096,8192,1632,1024,4096,8192,320,4096,4096,4096,2,64,65536,262144,20785,1048576,1048576,1048576,41,524288,524288,524288,41,524288,524288,524288,41,512,2048,2048,41,64,256,8192,41,128,512,4096,2566,128,512,1024,2566,128,512,4096,127593,128,512,1024,14814,64,256,512,2492,128,512,4096,3294,256,1024,4096,1248,256,512,1024,1266,64,512,2048,19314,64,512,512,2241,64,256,512,630,64,256,512,153,64,512,4096,171,256,512,512,18,2048,2048,2048,33,1024,2048,2048,39,64,64,64,72,64,128,128,21,64,128,128,21,12.60,10.08,2.52,39,19,0,433,42,40,0,0,0,0,0,0,0,2097152,4194304,4194304,4194304,4194304,9,2097152,4194304,4194304,4194304,4194304,10,2097152,4194304,4194304,8388608,8388608,225,131072,2097152,2097152,2097152,4194304,18,65536,2097152,2097152,2097152,4194304,19,0,0,0,0,0,0,0,0,0,0,0,0,256,256,512,512,512,281,2097152,4194304,4194304,8388608,8388608,281,0,0,0,0,0,0,256,512,512,512,1024,281,41722,0,39664,20677,43197,0,41,21,0
47897579238900,1984,2048,8192,16384,13686,512,4096,8192,1985,4096,8192,16384,1556,4096,8192,16384,421,8192,16384,16384,19,2048,8192,8192,414,512,4096,4096,1604,1024,4096,8192,242,0,0,0,0,64,65536,262144,20075,1048576,1048576,1048576,41,262144,524288,524288,41,524288,524288,524288,41,512,1024,1024,41,128,8192,32768,42,64,512,1024,2493,128,512,4096,2493,128,512,4096,123174,64,512,2048,14004,64,256,512,2297,128,512,1024,3420,256,1024,4096,1256,256,512,1024,1301,64,512,2048,19872,64,256,1024,2286,0,256,512,534,64,256,512,216,64,512,4096,171,0,0,0,0,0,0,0,0,0,0,0,0,0,0,0,0,64,128,128,21,64,128,128,21,13.21,9.68,3.52,0,19,2,414,41,50,0,0,0,0,0,0,0,2097152,2097152,2097152,2097152,4194304,7,2097152,2097152,2097152,2097152,4194304,11,2097152,4194304,4194304,4194304,4194304,223,131072,2097152,2097152,2097152,4194304,30,2097152,2097152,2097152,2097152,4194304,27,0,0,0,0,0,0,0,0,0,0,0,0,128,256,512,512,512,298,2097152,4194304,4194304,4194304,4194304,298,0,0,0,0,0,0,256,512,512,512,512,298,41950,0,39925,19913,43167,0,41,21,0
47898614867000,1997,2048,8192,16384,13809,512,4096,8192,1992,4096,8192,16384,1605,4096,16384,16384,385,8192,8192,16384,23,2048,8192,8192,417,512,4096,8192,1630,1024,4096,8192,289,0,0,0,0,64,65536,262144,20346,1048576,1048576,1048576,42,524288,524288,524288,42,524288,524288,524288,42,512,2048,2048,42,64,2048,16384,41,128,512,4096,2882,128,512,1024,2765,128,512,4096,124281,64,512,4096,14445,64,256,512,2033,128,512,1024,3411,256,1024,1024,1224,256,512,512,1188,64,512,2048,19134,64,512,512,2268,64,512,4096,540,128,256,512,153,128,512,4096,207,0,0,0,0,0,0,0,0,0,0,0,0,0,0,0,0,64,128,128,20,128,32768,32768,20,14.72,10.69,4.02,0,23,10,417,58,55,0,262144,524288,524288,524288,524288,14,2097152,2097152,2097152,2097152,2097152,8,2097152,4194304,4194304,4194304,4194304,8,2097152,4194304,4194304,4194304,4194304,205,131072,2097152,2097152,2097152,2097152,24,2097152,2097152,4194304,4194304,4194304,36,0,0,0,0,0,0,0,0,0,0,0,0,256,256,512,512,512,295,2097152,4194304,4194304,4194304,4194304,295,128,256,256,256,256,14,256,512,512,1024,1024,281,42218,0,40210,20176,43165,0,42,20,0
47899653463000,2012,4096,8192,16384,13839,512,4096,8192,2006,4096,8192,16384,1635,8192,16384,32768,390,8192,16384,16384,15,2048,8192,8192,389,512,4096,8192,1611,2048,8192,8192,274,0,0,0,1,4096,131072,262144,20337,1048576,1048576,1048576,41,524288,524288,524288,41,524288,524288,524288,41,1024,1024,2048,41,128,8192,32768,42,128,512,1024,2507,128,512,2048,2372,128,512,4096,124551,128,512,4096,14715,64,512,1024,2253,128,512,1024,3276,512,1024,4096,1280,256,512,1024,1217,128,512,4096,19080,128,512,1024,2241,64,512,1024,540,128,512,1024,189,128,1024,2048,135,0,1024,1024,9,0,0,0,0,0,0,0,0,0,0,0,0,64,128,128,21,16384,16384,32768,21,13.17,8.53,4.64,0,15,20,389,50,44,0,262144,524288,524288,524288,524288,14,2097152,4194304,4194304,4194304,4194304,13,2097152,4194304,4194304,4194304,4194304,10,2097152,4194304,8388608,8388608,8388608,188,2097152,2097152,2097152,2097152,4194304,21,2097152,2097152,4194304,4194304,4194304,26,0,0,0,0,0,0,0,0,0,0,0,0,256,512,512,512,512,272,2097152,4194304,4194304,8388608,8388608,272,256,256,256,256,512,14,256,512,1024,1024,2048,258,42464,0,40168,20159,42818,0,41,21,0
47900689803300,2026,2048,8192,16384,14200,512,4096,8192,2017,4096,8192,16384,1690,4096,16384,16384,407,8192,16384,16384,22,2048,8192,16384,408,512,4096,8192,1679,2048,8192,8192,284,0,0,0,1,2048,65536,262144,20904,1048576,1048576,2097152,42,524288,524288,1048576,42,524288,524288,1048576,42,1024,2048,2048,42,128,128,65536,41,128,512,4096,2979,128,512,4096,2853,128,512,4096,127800,128,512,4096,15210,64,512,512,2082,128,512,1024,3708,512,1024,4096,1281,256,512,1024,1290,128,512,4096,18756,128,512,1024,2403,64,512,1024,603,64,512,1024,180,128,512,1024,198,64,128,128,9,0,0,0,0,0,0,0,0,0,0,0,0,64,128,128,21,128,16384,32768,21,13.35,9.57,3.78,0,22,16,408,59,54,0,262144,524288,524288,524288,524288,15,2097152,2097152,2097152,2097152,4194304,6,2097152,2097152,2097152,2097152,4194304,10,2097152,4194304,4194304,4194304,8388608,216,131072,2097152,2097152,2097152,4194304,22,2097152,4194304,4194304,4194304,4194304,26,0,0,0,0,0,0,0,0,0,0,0,0,256,256,512,512,512,295,2097152,4194304,4194304,4194304,8388608,295,256,256,256,256,512,15,256,512,1024,1024,2048,280,42728,0,39338,20630,43397,0,42,21,0
47901724180600,2043,2048,8192,16384,13857,512,4096,8192,2035,4096,8192,16384,1629,4096,16384,16384,406,8192,16384,16384,20,2048,8192,16384,432,512,4096,8192,1652,1024,8192,8192,269,4096,4096,4096,2,256,65536,262144,20486,1048576,1048576,1048576,41,524288,524288,524288,41,524288,524288,524288,41,512,2048,2048,41,64,2048,8192,41,64,512,1024,2864,128,512,1024,2711,128,512,4096,124713,64,512,4096,14661,64,256,512,2027,64,512,2048,3528,256,1024,1024,1134,256,512,2048,1107,64,512,4096,19521,64,512,1024,2565,64,512,4096,564,64,512,1024,207,64,512,4096,180,128,512,512,18,0,0,0,0,0,0,0,0,0,0,0,0,64,128,128,20,16384,32768,32768,20,15.71,9.80,5.91,0,20,31,432,57,50,0,262144,524288,524288,524288,524288,17,2097152,2097152,2097152,2097152,4194304,10,2097152,2097152,2097152,2097152,2097152,13,2097152,4194304,4194304,4194304,4194304,217,131072,2097152,4194304,4194304,4194304,29,2097152,2097152,2097152,2097152,2097152,25,0,0,0,0,0,0,0,0,0,0,0,0,256,256,512,512,1024,311,2097152,2097152,4194304,4194304,4194304,311,128,256,256,256,256,17,256,512,1024,1024,1024,294,43007,0,40889,20318,43635,0,41,20,0
47902757607700,2052,2048,8192,16384,14038,512,4096,8192,2044,4096,8192,16384,1619,4096,16384,16384,396,8192,16384,16384,21,2048,8192,8192,471,512,4096,8192,1640,1024,8192,8192,262,0,0,0,0,128,65536,262144,20669,1048576,1048576,1048576,42,524288,524288,524288,42,524288,524288,524288,42,512,1024,2048,42,64,8192,65536,42,64,512,4096,2731,128,512,4096,2650,128,512,4096,126342,64,512,4096,14571,64,256,512,1839,64,512,4096,3438,256,1024,1024,1302,256,512,4096,1257,64,512,4096,19818,64,256,512,2268,64,256,512,390,64,512,512,153,128,4096,4096,189,0,0,0,0,0,0,0,0,0,0,0,0,0,0,0,0,64,128,128,21,64,16384,32768,21,15.11,9.82,5.29,0,21,34,471,63,52,0,262144,524288,524288,524288,524288,8,2097152,2097152,2097152,2097152,2097152,8,2097152,4194304,4194304,4194304,4194304,8,2097152,4194304,4194304,8388608,8388608,221,131072,2097152,2097152,2097152,2097152,28,131072,2097152,2097152,2097152,4194304,31,0,0,0,0,0,0,0,0,0,0,0,0,256,256,512,512,512,304,2097152,4194304,4194304,8388608,8388608,304,128,256,256,256,256,8,256,512,512,1024,1024,296,43344,0,40557,20501,43813,0,42,21,0
47903793630400,1991,2048,8192,16384,13535,512,4096,8192,1998,4096,8192,16384,1645,4096,8192,16384,441,8192,16384,16384,16,2048,8192,8192,369,512,4096,8192,1630,1024,4096,8192,291,0,0,0,0,64,65536,131072,20091,1048576,1048576,1048576,41,524288,524288,524288,41,524288,524288,524288,41,512,1024,1024,41,128,32768,32768,41,128,512,4096,2610,64,512,4096,3159,128,512,4096,121815,64,512,4096,14805,64,256,512,2287,128,512,1024,3771,256,1024,4096,1271,256,512,4096,1352,64,512,4096,20097,64,256,512,2529,64,256,4096,486,64,256,512,162,128,512,4096,144,0,0,0,0,0,0,0,0,0,0,0,0,0,0,0,0,64,128,128,21,64,128,128,21,12.97,9.82,3.15,0,16,32,369,42,49,61,0,0,0,0,0,0,2097152,2097152,2097152,2097152,2097152,9,2097152,2097152,2097152,2097152,2097152,9,2097152,4194304,4194304,4194304,4194304,205,2097152,2097152,4194304,4194304,4194304,27,2097152,2097152,2097152,2097152,4194304,30,0,0,0,0,0,0,0,0,0,0,0,0,256,256,512,512,16384,280,2097152,4194304,4194304,4194304,4194304,280,0,0,0,0,0,0,256,512,512,1024,1024,280,43633,0,39364,19823,42430,0,41,21,0
47904827963500,1991,2048,8192,16384,14029,512,4096,8192,1991,4096,8192,16384,1612,4096,8192,16384,412,8192,16384,16384,17,2048,8192,8192,413,512,4096,8192,1660,1024,4096,8192,276,0,0,0,0,128,65536,262144,20570,1048576,1048576,1048576,41,524288,524288,524288,41,524288,524288,524288,41,512,1024,2048,41,64,8192,32768,41,64,512,1024,2594,128,512,1024,2594,128,512,4096,126261,128,512,4096,14508,64,256,512,2186,128,512,4096,3465,256,1024,4096,1281,256,512,1024,1308,64,512,4096,19890,64,256,512,2349,64,256,512,471,64,512,1024,207,128,512,4096,153,0,0,0,0,0,0,0,0,0,0,0,0,0,0,0,0,64,128,128,20,64,128,128,20,14.09,10.06,4.02,0,17,38,413,50,43,0,0,0,0,0,0,0,2097152,2097152,2097152,2097152,4194304,9,2097152,2097152,2097152,2097152,2097152,10,2097152,2097152,4194304,4194304,4194304,219,2097152,2097152,4194304,4194304,4194304,28,2097152,2097152,2097152,2097152,4194304,18,0,0,0,0,0,0,0,0,0,0,0,0,256,256,512,512,512,284,2097152,2097152,4194304,4194304,4194304,284,0,0,0,0,0,0,256,512,512,512,1024,284,43910,0,39755,20383,42459,0,41,20,0
47905863484800,1991,2048,8192,16384,13344,512,4096,8192,1993,4096,8192,16384,1607,4096,16384,16384,412,8192,8192,8192,25,2048,8192,16384,383,512,4096,8192,1584,1024,4096,8192,283,2048,2048,2048,2,256,65536,262144,19816,1048576,1048576,1048576,42,262144,524288,524288,42,524288,524288,524288,42,1024,2048,2048,42,64,8192,16384,42,128,512,4096,2875,128,512,1024,2875,128,512,4096,120096,128,512,1024,14463,64,256,512,2314,128,512,1024,3465,256,1024,4096,1191,256,512,4096,1245,64,512,2048,19737,64,256,512,2511,64,256,512,585,64,256,512,315,128,512,4096,225,256,512,512,18,1024,2048,2048,44,1024,2048,2048,44,64,64,256,88,64,128,128,21,64,128,128,21,10.31,8.05,2.26,44,25,35,383,39,52,0,0,0,0,0,0,0,2097152,4194304,4194304,4194304,4194304,6,2097152,2097152,2097152,2097152,2097152,9,2097152,2097152,4194304,8388608,8388608,216,2097152,2097152,2097152,2097152,4194304,29,2097152,2097152,2097152,2097152,8388608,29,0,0,0,0,0,0,0,0,0,0,0,0,256,256,512,512,1024,289,2097152,2097152,4194304,8388608,8388608,289,0,0,0,0,0,0,256,256,512,512,1024,289,44199,0,37421,19641,41637,0,42,21,0
47906897287900,1991,2048,8192,16384,14033,512,4096,8192,2242,4096,8192,16384,1627,4096,16384,16384,435,8192,16384,16384,36,2048,8192,8192,450,512,4096,8192,1632,1024,4096,8192,273,0,0,0,0,64,65536,131072,20906,1048576,1048576,1048576,41,262144,524288,524288,41,524288,524288,524288,41,1024,2048,2048,41,64,16384,32768,41,64,512,4096,2549,128,512,1024,2549,128,512,4096,126297,64,512,4096,14643,64,256,512,2221,128,512,4096,3618,256,1024,1024,1208,256,512,4096,1280,64,512,4096,19728,64,256,512,1944,64,256,512,462,128,512,512,180,128,512,4096,324,0,0,0,0,1024,2048,2048,17,1024,1024,1024,17,64,64,128,34,64,128,128,21,64,128,128,21,14.73,9.94,4.78,17,36,45,450,51,46,0,0,0,0,0,0,0,2097152,2097152,2097152,2097152,2097152,4,2097152,2097152,2097152,2097152,8388608,5,2097152,4194304,4194304,4194304,8388608,208,2097152,4194304,4194304,4194304,16777216,28,131072,2097152,2097152,2097152,2097152,22,0,0,0,0,0,0,0,0,0,0,0,0,256,256,512,512,512,267,2097152,4194304,4194304,8388608,16777216,267,0,0,0,0,0,0,256,256,512,512,512,267,44577,0,40354,20709,43060,0,41,21,0
47907935577900,1991,2048,8192,16384,13756,512,4096,4096,2161,4096,8192,16384,1613,4096,16384,16384,414,8192,8192,16384,28,2048,8192,8192,426,512,4096,8192,1603,1024,4096,8192,297,0,0,0,0,64,65536,262144,20448,1048576,1048576,1048576,42,524288,524288,524288,42,524288,524288,524288,42,1024,2048,2048,42,64,1024,4096,42,128,512,4096,2724,128,512,2048,2724,128,512,4096,123804,64,512,4096,14517,64,256,512,2221,64,512,1024,3294,256,1024,4096,1260,256,512,1024,1278,64,512,4096,19854,64,256,512,2646,64,256,512,462,64,256,512,207,128,512,4096,252,0,0,0,0,0,0,0,0,0,0,0,0,0,0,0,0,64,128,128,21,64,128,128,21,14.07,11.43,2.64,0,28,27,426,49,51,0,0,0,0,0,0,0,2097152,2097152,2097152,2097152,2097152,16,2097152,2097152,2097152,2097152,4194304,10,2097152,2097152,4194304,4194304,8388608,222,2097152,2097152,2097152,2097152,4194304,35,131072,2097152,2097152,2097152,2097152,19,0,0,0,0,0,0,0,0,0,0,0,0,256,256,512,512,512,302,2097152,2097152,4194304,4194304,8388608,302,0,0,0,0,0,0,256,512,512,512,1024,302,44856,0,40511,20256,43113,0,42,21,0
47908968053200,1991,2048,8192,16384,13994,512,4096,8192,2076,4096,8192,16384,1620,4096,8192,16384,455,8192,8192,8192,21,2048,8192,8192,394,512,4096,8192,1686,1024,4096,8192,264,0,0,0,0,64,65536,262144,20685,524288,1048576,1048576,41,262144,524288,524288,41,524288,524288,524288,41,256,512,512,41,64,16384,32768,41,64,512,4096,2392,64,512,4096,2392,128,512,4096,125946,64,512,1024,14580,64,256,512,2356,128,512,1024,3627,256,1024,1024,1209,256,512,1024,1245,64,512,4096,18342,64,256,512,2457,64,256,512,441,64,256,512,144,128,512,4096,189,0,0,0,0,0,0,0,0,0,0,0,0,0,0,0,0,64,128,128,20,64,128,128,20,12.21,8.06,4.15,0,21,31,394,36,33,0,0,0,0,0,0,0,2097152,2097152,2097152,2097152,2097152,6,2097152,2097152,2097152,2097152,4194304,18,2097152,2097152,4194304,4194304,4194304,235,2097152,2097152,2097152,2097152,2097152,19,65536,2097152,2097152,2097152,2097152,13,0,0,0,0,0,0,0,0,0,0,0,0,256,256,512,512,512,291,2097152,2097152,4194304,4194304,4194304,291,0,0,0,0,0,0,256,256,512,512,512,291,45080,0,39184,20459,42312,0,41,20,0
47910004309400,1991,2048,8192,16384,13372,512,4096,8192,1992,4096,8192,16384,1575,4096,8192,16384,389,8192,8192,8192,17,2048,8192,8192,379,512,4096,8192,1540,1024,4096,8192,252,0,0,0,1,128,65536,262144,19663,524288,1048576,1048576,41,262144,524288,524288,41,524288,524288,524288,41,512,2048,2048,41,128,2048,32768,42,128,512,4096,2704,128,512,4096,2704,64,512,4096,120348,64,512,2048,14175,64,256,512,2240,64,512,4096,3195,256,1024,4096,1188,256,512,4096,1206,64,512,4096,19503,64,256,1024,2313,64,256,512,636,64,512,512,189,128,512,512,153,256,256,256,9,0,0,0,0,0,0,0,0,0,0,0,0,64,128,128,21,64,128,128,21,13.31,9.79,3.51,0,17,35,379,41,42,0,0,0,0,0,0,0,2097152,2097152,2097152,2097152,2097152,10,2097152,2097152,2097152,2097152,2097152,9,2097152,2097152,4194304,4194304,4194304,230,2097152,2097152,2097152,2097152,2097152,34,131072,2097152,2097152,2097152,2097152,23,0,0,0,0,0,0,0,0,0,0,0,0,256,256,256,512,512,306,2097152,2097152,4194304,4194304,4194304,306,0,0,0,0,0,0,256,256,512,512,512,306,45288,0,39166,19499,42518,0,41,21,0
47911040503900,1991,2048,8192,16384,14213,512,4096,8192,2386,4096,8192,16384,1644,4096,8192,16384,413,8192,16384,16384,37,2048,8192,8192,388,512,4096,8192,1592,1024,4096,8192,268,0,0,0,0,64,65536,262144,21156,1048576,1048576,1048576,42,524288,524288,524288,42,524288,524288,524288,42,1024,2048,2048,42,64,8192,32768,41,128,512,1024,2803,128,512,1024,2803,128,512,4096,127917,64,512,2048,14796,64,256,512,2480,64,512,1024,2988,256,1024,4096,1125,256,512,2048,1278,64,512,2048,19332,64,256,512,2322,64,256,512,345,64,256,512,288,128,512,4096,333,0,0,0,0,0,0,0,0,0,0,0,0,0,0,0,0,64,128,128,21,64,128,128,21,12.95,8.42,4.53,0,37,33,388,51,54,0,0,0,0,0,0,0,2097152,2097152,2097152,2097152,2097152,8,2097152,2097152,2097152,2097152,2097152,7,2097152,2097152,4194304,8388608,8388608,218,131072,2097152,2097152,2097152,2097152,23,131072,2097152,2097152,2097152,4194304,39,0,0,0,0,0,0,0,0,0,0,0,0,256,256,512,512,1024,295,2097152,2097152,4194304,8388608,8388608,295,0,0,0,0,0,0,256,512,512,1024,2048,295,45556,0,40274,20956,43301,0,42,21,0
47912074311600,1991,2048,8192,16384,13960,512,4096,8192,2168,4096,8192,16384,1620,4096,16384,16384,427,8192,8192,8192,26,2048,8192,8192,466,512,4096,8192,1628,1024,4096,8192,280,0,0,0,0,64,65536,131072,20779,1048576,1048576,1048576,41,262144,524288,524288,41,524288,524288,524288,41,512,2048,2048,41,64,128,65536,41,128,512,4096,2437,128,512,1024,2437,64,512,4096,125640,64,512,2048,14580,64,256,512,2582,64,512,4096,3420,256,1024,4096,1116,256,512,1024,1170,64,256,4096,18981,64,256,512,2349,64,256,512,573,128,512,512,270,128,512,4096,234,0,0,0,0,0,0,0,0,0,0,0,0,0,0,0,0,64,128,128,20,64,128,128,20,12.10,9.33,2.77,0,26,29,466,50,62,0,0,0,0,0,0,0,2097152,2097152,2097152,2097152,4194304,6,2097152,2097152,2097152,2097152,4194304,11,2097152,2097152,4194304,4194304,4194304,229,2097152,2097152,2097152,2097152,2097152,25,65536,2097152,2097152,2097152,2097152,21,0,0,0,0,0,0,0,0,0,0,0,0,256,256,512,512,512,292,2097152,2097152,4194304,4194304,4194304,292,0,0,0,0,0,0,256,512,512,1024,1024,292,45897,0,39443,20533,42830,0,41,20,0
47913112482100,1932,2048,8192,16384,13447,512,4096,4096,1960,4096,8192,16384,1611,4096,8192,16384,387,8192,16384,16384,28,2048,8192,8192,445,512,4096,8192,1615,1024,4096,8192,282,0,0,0,0,64,65536,262144,19973,524288,1048576,1048576,42,262144,524288,524288,42,524288,524288,524288,42,512,2048,2048,42,64,16384,65536,42,64,512,4096,2682,64,512,1024,3213,128,512,4096,121023,64,512,4096,14499,64,256,512,2137,128,512,2048,3105,256,1024,1024,1152,256,512,512,1269,64,512,4096,19440,64,256,512,2313,64,256,512,372,64,256,512,279,128,512,4096,252,0,0,0,0,0,0,0,0,0,0,0,0,0,0,0,0,64,64,64,21,64,128,128,21,13.04,9.91,3.14,0,28,26,445,55,55,59,0,0,0,0,0,0,2097152,2097152,2097152,2097152,2097152,12,2097152,2097152,2097152,2097152,2097152,9,2097152,2097152,4194304,4194304,4194304,228,2097152,4194304,4194304,4194304,4194304,23,131072,2097152,2097152,2097152,2097152,28,0,0,0,0,0,0,0,0,0,0,0,0,256,256,512,512,512,300,2097152,2097152,4194304,4194304,4194304,300,0,0,0,0,0,0,256,512,512,1024,1024,300,46265,0,39924,19782,42805,0,42,21,0
47914145813900,1932,2048,8192,16384,13881,512,4096,8192,1931,4096,8192,16384,1603,4096,16384,16384,389,4096,16384,16384,31,2048,8192,8192,357,512,4096,8192,1632,1024,4096,8192,304,4096,4096,4096,2,64,65536,131072,20350,524288,1048576,1048576,41,262144,524288,524288,41,262144,524288,524288,41,1024,2048,2048,41,64,128,32768,41,64,512,4096,2488,128,512,4096,2488,128,512,4096,124929,64,512,2048,14427,64,256,512,2375,128,512,1024,3114,256,1024,4096,1275,256,512,1024,1293,64,256,4096,17478,64,256,512,2169,64,256,1024,468,64,512,4096,261,128,512,4096,279,64,512,512,18,0,0,0,0,0,0,0,0,0,0,0,0,128,128,128,21,64,128,128,21,14.16,11.12,3.03,0,31,31,357,39,64,0,0,0,0,0,0,0,2097152,2097152,2097152,2097152,2097152,4,2097152,2097152,2097152,2097152,2097152,12,2097152,4194304,4194304,4194304,8388608,205,131072,4194304,4194304,4194304,4194304,28,2097152,4194304,4194304,4194304,4194304,30,0,0,0,0,0,0,0,0,0,0,0,0,256,256,512,512,512,279,2097152,4194304,4194304,4194304,8388608,279,0,0,0,0,0,0,256,512,1024,1024,1024,279,46508,0,39495,20143,42149,0,41,21,0
47915179400300,1932,2048,8192,16384,13511,512,4096,8192,1930,4096,8192,16384,1570,4096,8192,16384,393,8192,8192,8192,15,2048,8192,8192,371,512,4096,8192,1555,1024,4096,8192,252,0,0,0,1,256,65536,262144,19780,1048576,1048576,1048576,42,262144,524288,524288,42,524288,524288,524288,42,512,1024,1024,42,64,4096,16384,42,64,512,1024,2697,64,512,1024,2697,128,512,4096,121599,64,512,4096,14130,64,256,512,1962,128,512,2048,3294,256,1024,4096,1314,256,512,1024,1206,64,256,4096,18711,64,256,512,2205,64,256,2048,500,64,512,512,99,64,256,2048,135,128,256,256,9,1024,2048,2048,9,1024,1024,1024,4,64,64,64,13,64,128,128,21,64,128,128,21,12.68,9.29,3.39,4,15,27,371,51,48,0,0,0,0,0,0,0,2097152,4194304,4194304,4194304,4194304,21,2097152,2097152,2097152,2097152,4194304,3,2097152,4194304,4194304,4194304,4194304,152,131072,2097152,2097152,2097152,4194304,18,2097152,4194304,4194304,4194304,4194304,16,2097152,4194304,4194304,4194304,4194304,67,0,0,0,0,0,0,256,256,512,512,512,277,2097152,4194304,4194304,4194304,4194304,277,0,0,0,0,0,0,256,512,512,1024,4096,277,46747,0,39487,19618,42493,0,42,21,0
47916217084800,1932,2048,8192,16384,13166,512,4096,8192,1933,4096,8192,16384,1595,4096,16384,16384,389,8192,16384,16384,20,2048,8192,8192,424,512,4096,8192,1589,1024,4096,8192,268,2048,2048,2048,2,64,65536,131072,19569,524288,1048576,1048576,41,262144,524288,524288,41,524288,524288,524288,41,512,1024,2048,41,64,32768,65536,41,64,512,2048,2498,64,512,4096,2498,128,512,4096,118494,64,512,4096,14355,64,256,512,2040,64,512,4096,3114,256,1024,4096,1398,256,512,1024,1281,64,512,4096,18360,64,256,512,2349,64,256,4096,390,64,512,1024,180,64,512,4096,180,128,4096,4096,18,1024,2048,2048,49,1024,2048,2048,51,64,64,128,100,64,128,128,20,64,128,128,20,11.81,9.55,2.26,51,20,25,424,47,47,0,0,0,0,0,0,0,2097152,2097152,2097152,2097152,4194304,7,2097152,2097152,2097152,2097152,2097152,9,2097152,2097152,4194304,4194304,4194304,237,131072,2097152,2097152,2097152,2097152,28,131072,2097152,2097152,2097152,2097152,23,0,0,0,0,0,0,0,0,0,0,0,0,256,256,512,512,512,304,2097152,2097152,4194304,4194304,4194304,304,0,0,0,0,0,0,256,512,512,512,512,304,47057,0,39665,19475,42291,0,41,20,0
47917240885600,1932,2048,8192,16384,13581,512,4096,4096,1931,4096,8192,16384,1514,4096,8192,16384,376,8192,16384,16384,19,2048,8192,8192,416,512,4096,8192,1497,1024,4096,8192,234,4096,4096,4096,2,64,65536,262144,19739,1048576,1048576,1048576,41,262144,524288,524288,41,524288,524288,524288,41,512,1024,1024,41,64,8192,32768,41,64,512,4096,2625,128,512,4096,2625,128,512,4096,122229,64,512,4096,13626,64,256,512,1967,64,512,1024,3150,256,1024,1024,1287,256,512,1024,1305,64,512,4096,18612,64,256,1024,2016,64,256,512,429,64,512,512,198,128,512,4096,171,256,512,512,18,0,0,0,1,1024,1024,1024,4,0,64,64,5,64,128,128,21,64,128,128,21,14.84,10.94,3.90,4,19,21,416,43,60,0,0,0,0,0,0,0,2097152,4194304,4194304,4194304,4194304,15,2097152,2097152,2097152,2097152,2097152,9,2097152,2097152,4194304,4194304,4194304,215,2097152,2097152,4194304,4194304,4194304,31,131072,2097152,2097152,2097152,2097152,29,0,0,0,0,0,0,0,0,0,0,0,0,256,256,512,512,512,299,2097152,2097152,4194304,4194304,4194304,299,0,0,0,0,0,0,256,512,512,512,1024,299,47321,0,38495,19594,41985,0,41,21,0
47918258257900,1932,2048,8192,16384,13586,512,4096,8192,1931,4096,8192,16384,1576,4096,8192,16384,378,8192,16384,16384,21,2048,8192,8192,417,512,4096,8192,1567,1024,4096,8192,272,0,0,0,1,64,65536,131072,19901,524288,1048576,1048576,41,262144,524288,524288,41,262144,524288,524288,41,512,2048,2048,41,64,16384,65536,41,64,512,4096,2251,128,512,1024,2251,64,512,4096,122274,64,512,1024,14184,64,256,512,1855,64,512,512,3267,256,1024,4096,1275,256,512,4096,1176,64,256,2048,18468,64,256,1024,1944,64,256,4096,420,64,512,512,180,128,1024,4096,189,64,256,256,9,0,0,0,0,0,0,0,0,0,0,0,0,64,128,128,20,64,128,128,20,11.86,9.69,2.17,0,21,21,417,52,55,0,0,0,0,0,0,0,2097152,2097152,2097152,2097152,2097152,3,2097152,4194304,4194304,4194304,4194304,10,2097152,2097152,4194304,4194304,4194304,223,2097152,2097152,2097152,2097152,4194304,25,131072,2097152,2097152,2097152,2097152,27,0,0,0,0,0,0,0,0,0,0,0,0,256,256,512,512,512,288,2097152,2097152,4194304,4194304,4194304,288,0,0,0,0,0,0,256,256,512,512,512,288,47599,0,38306,19753,42472,0,41,20,0
47919277230500,1940,2048,8192,16384,13660,512,4096,8192,2042,4096,8192,16384,1568,4096,8192,16384,373,8192,16384,16384,20,2048,8192,16384,354,512,4096,8192,1556,1024,4096,8192,255,0,0,0,1,64,65536,131072,19986,1048576,1048576,1048576,40,262144,524288,524288,40,524288,524288,524288,40,1024,2048,2048,40,64,4096,16384,40,64,512,1024,2501,128,512,1024,2429,64,512,4096,122940,64,512,1024,14112,64,256,512,1949,64,512,1024,3096,256,1024,4096,1131,256,512,1024,1185,64,256,2048,17640,64,256,512,2079,64,256,4096,357,64,256,512,171,128,512,4096,180,64,256,256,9,0,0,0,0,0,0,0,0,0,0,0,0,64,128,128,20,128,32768,32768,20,12.15,8.95,3.20,0,20,17,354,59,41,0,262144,524288,524288,524288,524288,11,2097152,2097152,2097152,2097152,4194304,13,2097152,2097152,2097152,2097152,2097152,12,2097152,2097152,4194304,8388608,8388608,203,2097152,2097152,2097152,2097152,4194304,19,131072,2097152,2097152,2097152,4194304,28,0,0,0,0,0,0,0,0,0,0,0,0,256,256,512,512,1024,286,2097152,2097152,4194304,8388608,8388608,286,128,256,256,256,256,11,256,512,512,512,1024,275,47804,0,37182,19842,40811,0,40,20,0
47920298531100,1965,2048,8192,16384,13562,512,4096,8192,2304,4096,8192,16384,1545,4096,8192,16384,430,4096,8192,8192,15,2048,8192,8192,374,512,4096,8192,1609,1024,4096,8192,267,0,0,0,0,64,65536,131072,20267,1048576,1048576,1048576,41,262144,524288,524288,41,524288,524288,524288,41,512,1024,1024,41,128,32768,65536,41,64,512,4096,2543,128,512,4096,2318,64,512,4096,122058,64,512,1024,13905,64,256,512,1909,64,512,1024,3744,256,1024,1024,1380,256,512,1024,1245,64,512,4096,18756,64,256,512,1971,64,256,4096,390,64,256,512,144,64,512,2048,135,0,0,0,0,0,0,0,0,0,0,0,0,0,0,0,0,64,128,128,21,64,32768,32768,21,12.50,9.56,2.93,0,15,23,374,50,42,0,262144,524288,524288,524288,524288,22,2097152,2097152,2097152,2097152,2097152,4,2097152,2097152,2097152,2097152,2097152,5,2097152,2097152,4194304,4194304,4194304,221,2097152,2097152,2097152,2097152,4194304,42,131072,2097152,2097152,2097152,8388608,28,0,0,0,0,0,0,0,0,0,0,0,0,128,256,512,512,512,322,2097152,2097152,4194304,4194304,8388608,322,128,256,256,256,512,22,256,512,512,1024,2048,300,47986,0,38757,20056,42638,0,41,21,0
47921318910800,1986,2048,8192,16384,13407,512,4096,8192,1897,4096,8192,16384,1563,4096,8192,16384,405,8192,8192,8192,17,2048,8192,8192,410,512,4096,8192,1539,1024,4096,8192,290,0,0,0,1,256,65536,262144,19694,1048576,1048576,1048576,41,262144,524288,524288,41,524288,524288,524288,41,512,1024,1024,41,128,2048,16384,41,64,512,4096,2725,128,512,2048,2536,64,512,4096,120663,64,512,1024,14067,64,256,512,2025,128,512,4096,3366,256,1024,4096,1320,256,512,512,1203,64,512,4096,18765,64,256,512,2250,64,256,512,519,64,256,512,153,128,512,1024,153,64,256,256,9,0,0,0,0,0,0,0,0,0,0,0,0,64,128,128,20,128,65536,65536,20,12.00,8.93,3.06,0,17,17,410,51,52,0,262144,262144,524288,524288,524288,22,2097152,2097152,2097152,2097152,8388608,11,2097152,2097152,2097152,2097152,2097152,14,2097152,2097152,4194304,4194304,8388608,210,2097152,2097152,2097152,2097152,2097152,23,131072,2097152,4194304,4194304,4194304,24,0,0,0,0,0,0,0,0,0,0,0,0,256,256,512,512,512,304,2097152,2097152,4194304,8388608,8388608,304,128,256,256,256,256,22,256,512,512,512,512,282,48229,0,38810,19443,42744,0,41,20,0
47922339447800,1999,2048,8192,16384,13331,512,4096,8192,2422,4096,8192,16384,1595,4096,8192,16384,407,8192,16384,16384,13,2048,8192,8192,449,512,4096,8192,1585,1024,4096,8192,267,0,0,0,0,64,65536,262144,20247,1048576,1048576,1048576,41,262144,524288,524288,41,524288,524288,524288,41,512,1024,1024,41,64,2048,32768,41,64,512,1024,2723,128,512,4096,2606,64,512,4096,119979,64,512,4096,14355,64,256,512,1895,64,512,1024,3393,256,1024,4096,1316,256,512,4096,1145,64,512,4096,19134,64,256,512,2259,64,512,512,324,64,256,512,90,128,512,4096,117,0,0,0,0,0,0,0,0,0,0,0,0,0,0,0,0,64,128,128,21,64,16384,32768,21,13.14,9.31,3.83,0,13,23,449,45,48,0,262144,262144,262144,262144,524288,12,2097152,2097152,2097152,2097152,2097152,15,2097152,2097152,2097152,2097152,2097152,11,2097152,4194304,4194304,8388608,8388608,201,131072,2097152,2097152,2097152,4194304,18,131072,4194304,4194304,4194304,4194304,25,0,0,0,0,0,0,0,0,0,0,0,0,256,256,512,512,512,282,2097152,4194304,4194304,8388608,8388608,282,128,256,256,256,256,12,256,512,512,512,1024,270,48525,0,38353,19969,42616,0,41,21,0
47923359596400,1940,2048,8192,16384,13429,512,4096,8192,1945,4096,8192,16384,1605,4096,8192,16384,398,8192,16384,16384,19,2048,8192,16384,408,512,4096,8192,1588,1024,4096,8192,279,0,0,0,1,256,65536,131072,19825,1048576,1048576,1048576,41,262144,524288,524288,41,524288,524288,524288,41,512,2048,2048,41,64,16384,32768,41,128,512,4096,2812,64,512,1024,3343,128,512,4096,120861,64,512,4096,14445,64,256,512,2166,64,512,1024,3159,256,1024,4096,1453,256,512,2048,1372,64,512,4096,19359,64,256,512,2223,64,256,512,402,64,256,512,189,128,1024,4096,171,0,128,128,9,0,0,0,0,0,0,0,0,0,0,0,0,64,128,128,20,64,128,128,20,13.15,9.57,3.57,0,19,15,408,43,45,59,0,0,0,0,0,0,2097152,2097152,2097152,2097152,2097152,11,2097152,2097152,2097152,2097152,2097152,10,2097152,2097152,4194304,4194304,4194304,216,2097152,2097152,2097152,2097152,4194304,32,2097152,2097152,2097152,2097152,4194304,24,0,0,0,0,0,0,0,0,0,0,0,0,256,256,512,512,512,293,2097152,2097152,4194304,4194304,4194304,293,0,0,0,0,0,0,256,512,512,512,1024,293,48821,0,38833,19661,42346,0,41,20,0
47924379676900,1940,2048,8192,16384,13689,512,4096,8192,1963,4096,8192,16384,1556,4096,8192,16384,421,8192,8192,8192,15,2048,8192,16384,366,512,4096,8192,1592,1024,4096,8192,256,0,0,0,0,128,65536,131072,20005,1048576,1048576,1048576,40,262144,524288,524288,40,524288,524288,524288,40,1024,1024,1024,40,64,16384,32768,41,128,512,4096,2597,128,512,4096,2597,128,512,4096,123201,64,512,2048,14004,64,256,512,2248,128,512,1024,3357,256,1024,4096,1293,256,512,1024,1248,64,512,4096,19044,64,256,1024,2160,64,256,2048,474,64,256,512,135,64,256,512,135,0,0,0,0,0,0,0,0,0,0,0,0,0,0,0,0,64,128,128,21,64,128,128,21,12.76,10.08,2.68,0,15,22,366,43,44,0,0,0,0,0,0,0,2097152,2097152,2097152,2097152,2097152,8,2097152,2097152,2097152,2097152,2097152,7,2097152,2097152,4194304,4194304,4194304,229,131072,2097152,2097152,2097152,2097152,30,2097152,2097152,4194304,4194304,8388608,21,0,0,0,0,0,0,0,0,0,0,0,0,256,256,512,512,512,295,2097152,2097152,4194304,4194304,8388608,295,0,0,0,0,0,0,256,512,512,512,1024,295,49016,0,38272,19827,41957,0,40,21,0
47925399806900,1940,2048,8192,16384,13060,512,4096,8192,1935,4096,8192,16384,1538,4096,8192,16384,401,8192,16384,16384,20,2048,8192,16384,372,512,4096,8192,1494,1024,4096,8192,253,0,0,0,1,64,65536,262144,19232,1048576,1048576,1048576,41,262144,524288,524288,41,524288,524288,524288,41,1024,2048,2048,41,64,128,2048,40,128,512,4096,2257,128,512,1024,2257,128,512,4096,117540,64,512,2048,13842,64,256,512,2130,64,512,1024,3087,256,1024,2048,1107,256,512,4096,1179,64,512,4096,19467,64,256,1024,2178,64,256,512,372,64,512,4096,171,128,512,4096,180,64,512,512,9,1024,2048,2048,18,1024,1024,1024,13,64,64,64,31,64,128,128,20,64,128,128,20,12.38,9.06,3.32,13,20,17,372,43,39,0,0,0,0,0,0,0,2097152,2097152,2097152,2097152,4194304,21,2097152,2097152,2097152,2097152,2097152,6,2097152,2097152,4194304,4194304,4194304,222,131072,2097152,2097152,2097152,2097152,27,131072,2097152,2097152,2097152,4194304,28,0,0,0,0,0,0,0,0,0,0,0,0,256,256,512,512,512,304,2097152,2097152,4194304,4194304,4194304,304,0,0,0,0,0,0,256,512,512,512,1024,304,49216,0,38259,19080,42067,0,41,20,0
47926420622900,1940,2048,8192,16384,13421,512,4096,8192,1926,4096,8192,16384,1527,4096,16384,16384,353,8192,16384,16384,18,2048,8192,16384,412,512,4096,8192,1588,1024,4096,8192,261,0,0,0,1,512,65536,262144,19669,1048576,1048576,1048576,41,262144,524288,524288,41,524288,524288,524288,41,512,1024,1024,41,64,32768,65536,41,64,512,4096,2659,128,512,4096,2659,128,512,4096,120789,64,512,4096,13743,64,256,512,2261,128,512,4096,2844,256,1024,4096,1242,256,512,1024,1197,64,512,4096,18990,64,256,512,2475,64,512,2048,435,64,512,1024,171,128,512,512,162,256,256,256,9,1024,2048,2048,41,1024,1024,2048,46,64,64,128,87,64,128,128,20,64,128,128,20,13.78,8.81,4.98,46,18,17,412,44,44,0,0,0,0,0,0,0,2097152,2097152,2097152,2097152,2097152,8,2097152,2097152,2097152,2097152,2097152,9,2097152,2097152,8388608,8388608,8388608,217,131072,2097152,2097152,2097152,4194304,29,131072,2097152,2097152,2097152,2097152,23,0,0,0,0,0,0,0,0,0,0,0,0,256,256,512,512,512,286,2097152,2097152,8388608,8388608,8388608,286,0,0,0,0,0,0,256,512,512,1024,1024,286,49511,0,39597,19554,42549,0,41,20,0
47927441460300,1940,2048,8192,16384,14035,512,4096,8192,1947,4096,8192,16384,1604,4096,8192,16384,408,8192,16384,16384,33,2048,8192,8192,443,512,4096,8192,1618,1024,4096,8192,264,0,0,0,1,64,65536,262144,20532,524288,1048576,1048576,41,262144,524288,524288,41,524288,524288,524288,41,1024,2048,2048,41,64,16384,32768,41,64,512,4096,2570,128,512,1024,2570,128,512,4096,126315,64,512,1024,14436,64,256,512,2148,64,512,1024,3312,256,1024,2048,1394,256,512,512,1457,64,256,4096,18963,64,256,512,2052,64,256,512,477,64,256,512,306,128,512,4096,297,0,512,512,9,0,0,0,0,0,0,0,0,0,0,0,0,64,128,128,21,64,128,128,21,12.75,10.46,2.30,0,33,19,443,42,39,0,0,0,0,0,0,0,2097152,2097152,2097152,2097152,2097152,10,2097152,2097152,2097152,2097152,2097152,3,2097152,4194304,4194304,4194304,8388608,213,2097152,2097152,2097152,2097152,2097152,27,2097152,2097152,4194304,4194304,4194304,31,0,0,0,0,0,0,0,0,0,0,0,0,256,256,512,512,512,284,2097152,2097152,4194304,4194304,8388608,284,0,0,0,0,0,0,256,512,512,1024,1024,284,49803,0,38434,20378,42203,0,41,21,0
47928462087100,1940,2048,8192,16384,13263,512,4096,8192,1891,4096,8192,8192,1536,4096,8192,16384,410,8192,8192,8192,18,2048,8192,8192,377,512,4096,8192,1498,1024,4096,8192,276,2048,2048,2048,2,64,65536,131072,19429,1048576,1048576,1048576,41,262144,524288,524288,41,524288,524288,524288,41,512,1024,1024,41,64,128,128,41,64,512,4096,2538,128,512,4096,2538,128,512,4096,119367,64,512,4096,13824,64,256,512,2205,64,512,1024,3285,256,1024,4096,1176,256,512,2048,1176,64,512,4096,19071,64,256,512,2376,64,256,1024,390,64,512,512,153,128,512,1024,162,128,256,256,18,0,0,0,0,0,0,0,0,0,0,0,0,64,128,128,20,64,128,128,20,12.51,9.95,2.55,0,18,23,377,55,32,0,0,0,0,0,0,0,2097152,2097152,2097152,2097152,2097152,9,2097152,2097152,2097152,2097152,2097152,9,2097152,2097152,4194304,4194304,8388608,222,131072,2097152,2097152,2097152,2097152,33,2097152,2097152,2097152,2097152,4194304,24,0,0,0,0,0,0,0,0,0,0,0,0,256,256,512,512,512,297,2097152,2097152,4194304,4194304,8388608,297,0,0,0,0,0,0,256,512,512,512,1024,297,50011,0,37012,19247,40783,0,41,20,0
47929481145500,1940,2048,8192,16384,13483,512,4096,8192,1980,4096,8192,16384,1575,4096,8192,16384,375,8192,16384,16384,25,2048,8192,8192,363,512,4096,8192,1555,1024,4096,8192,260,2048,2048,2048,2,64,65536,262144,19817,1048576,1048576,1048576,41,262144,524288,524288,41,524288,524288,524288,41,512,1024,1024,41,64,128,2048,41,64,512,2048,2470,128,512,1024,2470,64,512,4096,121347,64,512,1024,14175,64,256,512,2183,64,512,2048,2988,256,1024,2048,1209,256,512,1024,1326,64,256,4096,19143,64,256,512,2097,64,256,2048,423,64,512,512,207,128,512,4096,225,64,256,256,18,0,0,0,0,0,0,0,0,0,0,0,0,64,128,128,21,64,128,128,21,12.39,8.94,3.45,0,25,17,363,39,39,0,0,0,0,0,0,0,2097152,4194304,4194304,4194304,4194304,12,2097152,2097152,2097152,2097152,2097152,4,2097152,4194304,4194304,8388608,8388608,207,131072,2097152,2097152,2097152,2097152,30,2097152,2097152,2097152,2097152,8388608,23,0,0,0,0,0,0,0,0,0,0,0,0,256,256,512,512,512,276,2097152,4194304,4194304,8388608,8388608,276,0,0,0,0,0,0,256,512,512,512,512,276,50218,0,37725,19692,41470,0,41,21,0
47930502075300,1940,2048,8192,16384,13576,512,4096,8192,1951,4096,8192,16384,1562,4096,8192,16384,383,8192,16384,16384,11,2048,8192,8192,381,512,4096,8192,1550,1024,4096,8192,281,0,0,0,0,256,65536,262144,19851,1048576,1048576,1048576,40,262144,524288,524288,40,524288,524288,524288,40,512,1024,1024,40,64,16384,32768,40,64,512,4096,2538,64,512,1024,2538,128,512,4096,122184,64,512,1024,14058,64,256,512,2044,64,512,1024,3105,256,1024,2048,1068,256,512,4096,1059,64,512,4096,17964,64,256,512,2214,64,256,512,384,64,512,512,90,128,512,4096,99,0,0,0,0,0,0,0,0,0,0,0,0,0,0,0,0,64,128,128,20,64,128,128,20,14.03,9.95,4.08,0,11,18,381,39,40,0,0,0,0,0,0,0,2097152,4194304,4194304,4194304,4194304,8,2097152,2097152,2097152,2097152,2097152,6,2097152,4194304,4194304,8388608,8388608,214,2097152,2097152,4194304,4194304,4194304,29,2097152,2097152,2097152,2097152,4194304,24,0,0,0,0,0,0,0,0,0,0,0,0,256,256,512,512,512,281,2097152,4194304,4194304,8388608,8388608,281,0,0,0,0,0,0,256,512,512,1024,4096,281,50426,0,38124,19678,41669,0,40,20,0
47931522217300,1940,2048,8192,16384,13252,512,4096,4096,1942,4096,8192,16384,1534,4096,16384,16384,386,8192,16384,16384,22,2048,8192,8192,412,512,4096,8192,1600,1024,4096,8192,255,0,0,0,0,64,65536,262144,19563,524288,1048576,1048576,41,262144,524288,524288,41,524288,524288,524288,41,512,2048,2048,41,64,128,128,41,128,512,4096,2677,128,512,4096,2677,128,512,4096,119268,64,512,4096,13806,64,256,512,1998,128,512,2048,3141,256,1024,4096,1215,256,512,2048,1314,64,256,4096,18387,64,256,512,2232,64,256,512,405,64,512,1024,198,128,512,4096,198,0,0,0,0,0,0,0,0,0,0,0,0,0,0,0,0,64,128,128,20,64,128,128,20,11.11,9.20,1.92,0,22,19,412,37,36,0,0,0,0,0,0,0,2097152,2097152,2097152,2097152,2097152,6,2097152,2097152,2097152,2097152,2097152,7,2097152,2097152,4194304,4194304,16777216,217,2097152,2097152,2097152,2097152,2097152,31,131072,2097152,2097152,2097152,2097152,29,0,0,0,0,0,0,0,0,0,0,0,0,256,256,512,512,512,290,2097152,2097152,4194304,4194304,16777216,290,0,0,0,0,0,0,256,512,512,512,512,290,50662,0,38242,19360,41795,0,41,20,0
47932542078900,1940,2048,8192,16384,13446,512,4096,8192,1937,4096,8192,16384,1579,4096,8192,16384,407,8192,8192,8192,17,2048,8192,8192,409,512,4096,8192,1565,1024,4096,8192,273,2048,2048,2048,2,64,65536,262144,19804,524288,1048576,1048576,41,262144,524288,524288,41,524288,524288,524288,41,256,1024,1024,41,64,8192,16384,41,64,512,4096,2540,128,512,4096,2540,128,512,4096,121014,64,512,4096,14211,64,256,512,2208,128,512,1024,3411,256,1024,1024,1215,256,512,4096,1242,64,256,2048,18045,64,256,512,2214,64,256,512,474,64,256,4096,171,128,256,512,153,64,256,256,18,0,0,0,0,0,0,0,0,0,0,0,0,64,128,128,21,64,128,128,21,10.21,8.17,2.04,0,17,21,409,35,34,0,0,0,0,0,0,0,2097152,2097152,2097152,2097152,2097152,17,2097152,2097152,2097152,2097152,4194304,3,2097152,2097152,4194304,4194304,4194304,210,2097152,2097152,2097152,2097152,2097152,28,2097152,2097152,4194304,4194304,4194304,44,0,0,0,0,0,0,0,0,0,0,0,0,128,256,512,512,512,302,2097152,2097152,4194304,4194304,4194304,302,0,0,0,0,0,0,256,512,512,512,1024,302,50876,0,38315,19655,41885,0,41,21,0
47933562551100,1882,2048,8192,16384,13118,512,4096,8192,1887,4096,8192,16384,1524,4096,8192,16384,364,8192,8192,8192,11,2048,8192,8192,389,512,4096,8192,1533,1024,4096,8192,242,2048,4096,4096,3,128,65536,131072,19225,524288,1048576,1048576,41,262144,524288,524288,41,524288,524288,524288,41,256,1024,1024,41,64,128,128,41,64,512,1024,2591,64,512,1024,3113,128,512,4096,118062,64,512,2048,13716,64,256,512,1795,64,512,4096,3141,256,1024,4096,1175,256,512,1024,1040,64,256,4096,18090,64,256,512,2367,64,256,512,336,64,256,2048,81,128,512,1024,99,128,512,512,27,0,0,0,0,0,0,0,0,0,0,0,0,64,128,128,20,64,128,128,20,13.78,9.95,3.83,0,11,15,389,43,54,58,0,0,0,0,0,0,2097152,2097152,2097152,2097152,2097152,3,2097152,2097152,2097152,2097152,2097152,6,2097152,4194304,4194304,4194304,4194304,230,131072,2097152,2097152,2097152,2097152,23,131072,2097152,2097152,2097152,2097152,30,0,0,0,0,0,0,0,0,0,0,0,0,256,256,512,512,512,292,2097152,2097152,4194304,4194304,4194304,292,0,0,0,0,0,0,256,512,512,512,1024,292,51154,0,38584,19107,41920,0,41,20,0
47934583463500,1882,2048,8192,16384,13392,512,4096,8192,1880,4096,8192,16384,1510,4096,8192,16384,380,8192,8192,8192,16,2048,8192,8192,366,512,4096,8192,1495,1024,4096,8192,247,0,0,0,0,64,65536,131072,19452,524288,1048576,1048576,41,262144,524288,524288,41,262144,524288,524288,41,512,1024,1024,41,64,2048,32768,41,64,512,4096,2360,64,512,1024,2360,128,512,4096,120528,64,512,1024,13590,64,256,512,1897,64,512,1024,3132,256,1024,2048,1263,256,512,512,1317,64,256,4096,18882,64,256,512,1881,64,256,2048,570,64,512,1024,171,128,512,1024,144,0,0,0,0,0,0,0,0,0,0,0,0,0,0,0,0,64,128,128,21,64,128,128,21,12.24,9.69,2.55,0,16,15,366,49,46,0,0,0,0,0,0,0,2097152,2097152,2097152,2097152,8388608,9,2097152,2097152,2097152,2097152,2097152,4,2097152,2097152,4194304,4194304,8388608,211,2097152,2097152,4194304,4194304,8388608,32,131072,2097152,2097152,2097152,2097152,31,0,0,0,0,0,0,0,0,0,0,0,0,256,256,512,512,512,287,2097152,2097152,4194304,8388608,8388608,287,0,0,0,0,0,0,256,512,512,1024,1024,287,51359,0,37167,19302,40913,0,41,21,0
47935604892600,1882,2048,8192,16384,13140,512,4096,8192,1882,4096,8192,16384,1543,4096,8192,16384,421,8192,8192,8192,19,2048,8192,8192,369,512,4096,8192,1528,1024,4096,8192,271,0,0,0,1,64,65536,131072,19333,524288,1048576,1048576,41,262144,524288,524288,41,524288,524288,524288,41,512,1024,2048,41,128,128,512,41,64,512,4096,2432,128,512,2048,2432,128,512,4096,118260,64,512,4096,13887,64,256,512,2206,128,512,4096,3546,256,1024,4096,1176,256,512,1024,1203,64,256,4096,19044,64,256,512,2169,64,256,4096,426,64,256,512,162,64,512,4096,171,128,256,256,9,1024,2048,2048,33,1024,2048,2048,27,64,128,2048,60,64,128,128,20,64,128,128,20,15.44,9.44,6.00,27,19,11,369,26,34,0,0,0,0,0,0,0,2097152,4194304,4194304,4194304,4194304,3,2097152,2097152,2097152,2097152,4194304,6,2097152,2097152,4194304,4194304,4194304,185,2097152,2097152,2097152,2097152,2097152,21,131072,2097152,2097152,2097152,2097152,18,2097152,2097152,4194304,4194304,4194304,52,0,0,0,0,0,0,256,256,256,512,512,285,2097152,2097152,4194304,4194304,4194304,285,0,0,0,0,0,0,256,512,512,1024,2048,285,51560,0,37747,19218,41472,0,41,20,0
47936624022600,1882,2048,8192,16384,13229,512,4096,8192,1882,4096,8192,16384,1499,4096,8192,16384,363,8192,8192,8192,12,2048,8192,8192,397,512,4096,8192,1509,1024,4096,8192,229,0,0,0,1,64,65536,131072,19244,524288,1048576,1048576,40,262144,524288,524288,40,262144,524288,524288,40,512,1024,1024,40,64,128,2048,40,64,512,4096,2339,128,512,1024,2339,128,512,4096,119061,64,512,1024,13491,64,256,1024,2002,64,512,2048,2907,256,1024,4096,1146,256,512,1024,1047,64,256,2048,17937,64,256,512,2115,64,256,512,564,64,512,4096,126,128,512,4096,108,128,256,256,9,1024,2048,2048,25,1024,2048,2048,31,64,64,128,56,64,128,128,20,64,128,128,20,12.25,10.08,2.17,31,12,3,397,47,43,0,0,0,0,0,0,0,2097152,2097152,2097152,2097152,4194304,16,2097152,2097152,2097152,2097152,2097152,8,2097152,4194304,4194304,4194304,8388608,192,131072,4194304,4194304,4194304,4194304,34,131072,2097152,2097152,2097152,2097152,23,2097152,4194304,4194304,4194304,4194304,14,0,0,0,0,0,0,256,256,512,512,512,287,2097152,4194304,4194304,4194304,8388608,287,0,0,0,0,0,0,256,512,1024,1024,1024,287,51806,0,37380,19136,41160,0,40,20,0
47937643933300,1882,2048,8192,16384,12939,512,4096,8192,1881,4096,8192,16384,1455,4096,16384,16384,387,8192,16384,16384,22,2048,8192,8192,409,512,4096,8192,1484,1024,4096,8192,254,0,0,0,0,128,65536,262144,18982,524288,1048576,1048576,41,262144,524288,524288,41,524288,524288,524288,41,512,1024,1024,41,64,2048,65536,41,64,512,1024,2653,64,512,4096,2653,128,512,4096,116451,64,512,4096,13095,64,256,512,1830,64,512,4096,3123,256,1024,4096,1233,256,512,1024,1080,64,256,2048,18243,64,256,512,2052,64,256,512,546,64,256,512,180,128,512,4096,198,0,0,0,0,0,0,0,0,0,0,0,0,0,0,0,0,64,128,128,21,64,128,128,21,11.75,9.33,2.43,0,22,1,409,55,39,0,0,0,0,0,0,0,0,0,0,0,2097152,1,2097152,2097152,2097152,2097152,4194304,7,2097152,4194304,4194304,8388608,8388608,208,131072,2097152,4194304,4194304,4194304,33,2097152,4194304,4194304,4194304,4194304,22,0,0,0,0,0,0,0,0,0,0,0,0,256,256,512,512,1024,271,2097152,4194304,4194304,8388608,8388608,271,0,0,0,0,0,0,256,512,512,512,512,271,52061,0,37920,18829,41143,0,41,21,0
47938664479300,1882,2048,8192,16384,13177,512,4096,4096,1882,4096,8192,16384,1546,4096,8192,16384,398,8192,8192,8192,15,2048,8192,16384,398,512,4096,8192,1544,1024,4096,8192,272,0,0,0,1,64,65536,262144,19364,524288,1048576,1048576,41,262144,524288,524288,41,524288,524288,524288,41,512,1024,2048,41,64,128,2048,41,64,512,4096,2388,128,512,1024,2388,128,512,4096,118593,64,512,2048,13914,64,256,512,1879,64,512,1024,3177,256,1024,1024,1209,256,512,512,1173,64,256,4096,19161,64,256,512,2160,64,256,4096,462,64,256,512,144,128,256,4096,135,128,512,512,9,0,0,0,0,0,0,0,0,0,0,0,0,64,128,128,20,64,128,128,20,12.76,8.93,3.83,0,15,2,398,32,32,0,0,0,0,0,0,0,2097152,2097152,2097152,2097152,2097152,10,2097152,2097152,2097152,2097152,2097152,5,2097152,2097152,4194304,4194304,4194304,226,131072,2097152,2097152,2097152,2097152,37,131072,2097152,2097152,2097152,2097152,31,0,0,0,0,0,0,0,0,0,0,0,0,256,256,512,512,512,309,2097152,2097152,4194304,4194304,4194304,309,0,0,0,0,0,0,256,512,512,512,1024,309,52231,0,38015,19212,41492,0,41,20,0
47939684034100,1882,2048,8192,16384,13298,512,4096,8192,1880,4096,8192,16384,1511,4096,8192,16384,411,8192,8192,16384,21,2048,8192,8192,340,512,4096,8192,1462,1024,4096,8192,256,0,0,0,0,64,65536,131072,19357,1048576,1048576,1048576,41,262144,524288,524288,41,524288,524288,524288,41,512,1024,1024,41,64,128,16384,41,128,512,4096,2508,128,512,1024,2508,128,512,4096,119682,64,512,1024,13599,64,256,512,2229,128,512,1024,3222,256,1024,2048,1251,256,512,1024,1215,64,256,2048,19314,64,256,512,2394,64,256,2048,414,64,512,512,198,128,512,4096,189,0,0,0,0,0,0,0,0,0,0,0,0,0,0,0,0,64,128,128,21,64,128,128,21,10.85,8.68,2.17,0,21,1,340,48,50,0,0,0,0,0,0,0,2097152,2097152,2097152,2097152,4194304,10,0,0,0,0,2097152,1,2097152,2097152,4194304,4194304,4194304,232,131072,2097152,2097152,2097152,4194304,29,2097152,2097152,2097152,2097152,2097152,25,0,0,0,0,0,0,0,0,0,0,0,0,256,256,512,512,512,297,2097152,2097152,4194304,4194304,4194304,297,0,0,0,0,0,0,256,256,512,1024,1024,297,52394,0,37325,19236,40830,0,41,21,0
47940704692400,1896,2048,8192,16384,13270,512,4096,8192,1883,4096,8192,16384,1545,4096,8192,16384,362,8192,8192,8192,15,2048,8192,8192,398,512,4096,8192,1574,1024,4096,8192,252,2048,2048,2048,2,128,65536,131072,19453,524288,1048576,1048576,41,262144,524288,524288,41,524288,524288,524288,41,512,1024,2048,41,64,256,8192,41,128,512,4096,2701,128,512,4096,2575,128,512,4096,119430,64,512,4096,13905,64,256,512,2122,128,512,1024,2709,256,1024,4096,1152,256,512,1024,1188,64,512,2048,18612,64,256,512,2385,64,256,4096,573,64,256,512,144,128,256,512,135,128,256,256,18,0,0,0,0,0,0,0,0,0,0,0,0,64,128,128,20,128,32768,32768,20,13.91,10.72,3.19,0,15,0,398,30,46,0,262144,524288,524288,524288,524288,15,2097152,2097152,2097152,2097152,2097152,13,2097152,2097152,2097152,2097152,2097152,3,2097152,2097152,4194304,4194304,4194304,230,131072,2097152,2097152,2097152,2097152,25,131072,2097152,2097152,2097152,4194304,32,0,0,0,0,0,0,0,0,0,0,0,0,256,256,512,512,512,318,2097152,2097152,4194304,4194304,4194304,318,128,256,256,256,256,15,256,512,512,1024,1024,303,52565,0,37759,19294,41332,0,41,20,0
47941725149400,1917,2048,8192,16384,13105,512,4096,8192,1910,4096,8192,16384,1536,4096,8192,16384,395,8192,8192,8192,20,2048,8192,8192,406,512,4096,8192,1538,1024,4096,8192,266,0,0,0,1,64,65536,262144,19332,1048576,1048576,1048576,40,262144,524288,524288,40,524288,524288,524288,40,512,1024,1024,40,64,128,128,40,64,512,4096,2583,128,512,1024,2394,128,512,4096,117945,64,512,1024,13824,64,256,512,2234,64,512,1024,3087,256,1024,4096,1251,256,512,1024,1278,64,256,2048,19278,64,256,512,2169,64,256,512,540,64,256,512,189,128,512,512,180,128,256,256,9,0,0,0,0,0,0,0,0,0,0,0,0,64,128,128,20,64,32768,32768,20,11.87,9.06,2.81,0,20,0,406,43,44,0,262144,262144,262144,262144,524288,22,2097152,2097152,2097152,2097152,2097152,8,0,0,0,0,2097152,1,2097152,2097152,4194304,4194304,4194304,231,131072,2097152,2097152,2097152,2097152,18,131072,2097152,2097152,2097152,2097152,19,0,0,0,0,0,0,0,0,0,0,0,0,256,256,512,512,512,299,2097152,2097152,4194304,4194304,4194304,299,128,256,256,256,256,22,256,512,512,512,1024,277,52779,0,36617,19156,40812,0,40,20,0
47942746712700,1942,2048,8192,16384,13335,512,4096,8192,1932,4096,8192,16384,1504,4096,8192,16384,410,8192,8192,8192,15,2048,8192,16384,404,512,4096,8192,1558,1024,4096,8192,239,0,0,0,1,128,65536,262144,19559,1048576,1048576,1048576,41,262144,524288,524288,41,524288,524288,524288,41,512,1024,1024,41,64,256,8192,41,64,512,4096,2588,64,512,4096,2363,128,512,4096,120015,64,512,4096,13536,64,256,512,2236,64,512,1024,3177,256,1024,4096,1281,256,512,4096,1326,64,512,4096,18702,64,256,2048,2052,64,256,512,390,64,256,512,108,128,512,1024,135,128,256,256,9,0,0,0,0,0,0,0,0,0,0,0,0,64,128,128,21,16384,32768,32768,21,12.74,10.20,2.55,0,15,1,404,54,34,0,262144,262144,262144,262144,524288,24,2097152,2097152,2097152,2097152,2097152,17,0,0,0,0,0,0,2097152,2097152,4194304,8388608,8388608,215,2097152,2097152,2097152,2097152,4194304,25,131072,2097152,2097152,2097152,2097152,19,0,0,0,0,0,0,0,0,0,0,0,0,256,256,512,512,512,300,2097152,2097152,4194304,8388608,8388608,300,256,256,256,256,512,24,256,512,512,512,1024,276,52987,0,37917,19347,41531,102,41,21,0
47943766608900,1890,2048,8192,16384,13089,512,4096,8192,1903,4096,8192,16384,1562,4096,8192,16384,384,8192,16384,16384,20,2048,8192,8192,381,512,4096,8192,1536,1024,4096,8192,288,0,0,0,0,128,65536,131072,19325,1048576,1048576,1048576,41,262144,524288,524288,41,524288,524288,524288,41,512,1024,1024,41,64,1024,8192,41,64,512,4096,2454,64,512,4096,2922,128,512,4096,117801,64,512,4096,14058,64,256,512,1970,128,512,1024,3294,256,1024,1024,1106,256,512,512,1259,64,512,4096,18315,64,256,512,2421,64,256,4096,435,128,256,512,171,128,512,4096,180,0,0,0,0,0,0,0,0,0,0,0,0,0,0,0,0,64,128,128,20,64,16384,16384,20,13.28,8.94,4.34,0,20,2,381,48,45,58,262144,262144,262144,262144,524288,5,2097152,2097152,2097152,2097152,4194304,5,0,0,0,0,2097152,1,2097152,2097152,4194304,4194304,4194304,234,131072,4194304,4194304,4194304,4194304,34,65536,2097152,2097152,2097152,4194304,30,0,0,0,0,0,0,0,0,0,0,0,0,256,256,256,512,512,309,2097152,2097152,4194304,4194304,4194304,309,128,256,256,256,256,5,256,512,512,512,1024,304,53232,0,38271,19186,41639,0,41,20,0
47944786343300,1890,2048,8192,16384,13264,512,4096,8192,1887,4096,8192,16384,1510,4096,8192,16384,352,8192,8192,8192,10,2048,8192,8192,373,512,4096,8192,1494,1024,4096,8192,245,0,0,0,1,64,65536,131072,19283,524288,1048576,1048576,41,262144,524288,524288,41,524288,524288,524288,41,512,1024,1024,41,64,16384,16384,41,128,512,4096,2388,128,512,4096,2388,128,512,4096,119376,64,512,1024,13590,64,256,512,1839,128,512,1024,2889,256,1024,2048,1202,256,512,1024,1157,64,256,4096,19557,64,256,512,1980,64,256,512,480,64,256,512,162,128,512,4096,90,64,256,256,9,0,0,0,0,0,0,0,0,0,0,0,0,64,128,128,21,64,128,128,21,12.64,9.83,2.81,0,10,5,373,54,42,0,0,0,0,0,0,0,2097152,2097152,2097152,2097152,4194304,15,0,0,0,0,0,0,2097152,4194304,4194304,4194304,4194304,215,2097152,2097152,2097152,2097152,2097152,16,2097152,2097152,4194304,4194304,4194304,27,0,0,0,0,0,0,0,0,0,0,0,0,256,256,256,512,512,273,2097152,4194304,4194304,4194304,4194304,273,0,0,0,0,0,0,256,512,512,512,512,273,53443,0,37491,19120,41147,0,41,21,0
47945807381400,1890,2048,8192,16384,13223,512,4096,8192,1889,4096,8192,16384,1523,4096,16384,16384,355,8192,16384,16384,20,2048,8192,8192,388,512,4096,8192,1508,1024,4096,8192,245,2048,2048,2048,2,64,65536,131072,19327,524288,1048576,1048576,41,262144,524288,524288,41,524288,524288,524288,41,1024,1024,1024,41,64,1024,8192,41,64,512,4096,2453,128,512,4096,2453,128,512,4096,119007,64,512,4096,13707,64,256,512,1872,128,512,4096,2916,256,1024,4096,1248,256,512,4096,1221,64,256,4096,18279,64,256,512,2142,64,256,512,471,64,512,512,162,128,512,4096,180,128,512,512,18,1024,2048,2048,34,1024,1024,1024,33,64,64,64,67,64,128,128,20,64,128,128,20,10.58,9.18,1.40,33,20,10,388,39,45,0,0,0,0,0,0,0,2097152,2097152,2097152,2097152,4194304,5,0,0,0,0,0,0,2097152,4194304,4194304,8388608,8388608,227,131072,2097152,4194304,4194304,4194304,32,131072,2097152,2097152,2097152,4194304,21,0,0,0,0,0,0,0,0,0,0,0,0,256,256,512,512,512,285,2097152,4194304,4194304,8388608,8388608,285,0,0,0,0,0,0,256,512,512,1024,1024,285,53693,0,37725,19221,41325,0,41,20,0
47946826090700,1890,2048,8192,16384,13156,512,4096,8192,1888,4096,8192,16384,1514,4096,8192,16384,425,8192,8192,8192,23,2048,8192,16384,376,512,4096,8192,1526,1024,4096,8192,279,0,0,0,1,64,65536,131072,19340,524288,1048576,1048576,40,262144,524288,524288,40,524288,524288,524288,40,512,2048,2048,40,64,16384,16384,40,64,512,4096,2256,128,512,4096,2256,128,512,4096,118404,64,512,1024,13626,64,256,512,2343,64,512,512,3303,256,1024,4096,1067,256,512,512,1247,64,256,2048,17802,64,256,512,1872,64,256,512,567,64,512,512,207,128,512,4096,207,0,256,256,9,1024,2048,2048,24,1024,2048,2048,25,64,64,64,49,64,128,128,20,64,128,128,20,11.76,8.57,3.20,25,23,15,376,41,51,0,0,0,0,0,0,0,2097152,4194304,4194304,4194304,4194304,14,0,0,0,0,0,0,2097152,2097152,4194304,4194304,4194304,230,131072,2097152,2097152,2097152,4194304,23,131072,2097152,2097152,2097152,2097152,39,0,0,0,0,0,0,0,0,0,0,0,0,256,256,512,512,512,306,2097152,2097152,4194304,4194304,4194304,306,0,0,0,0,0,0,256,256,512,512,512,306,53918,0,37133,19180,41184,0,40,20,0
47947848294100,1890,2048,8192,16384,13364,512,4096,8192,1890,4096,8192,16384,1517,4096,8192,16384,380,8192,8192,16384,21,2048,8192,8192,387,512,4096,8192,1497,1024,4096,8192,249,2048,2048,2048,2,64,65536,262144,19459,1048576,1048576,1048576,41,262144,524288,524288,41,524288,524288,524288,41,512,1024,1024,41,64,128,16384,41,128,512,4096,2547,128,512,4096,2547,128,512,4096,120276,64,512,4096,13653,64,256,512,1921,128,512,1024,3204,256,1024,4096,1200,256,512,1024,1200,64,512,4096,17559,64,256,512,2016,64,256,512,594,64,256,512,117,128,512,4096,189,128,512,512,18,0,0,0,0,0,0,0,0,0,0,0,0,64,128,128,21,64,128,128,21,11.48,9.31,2.17,0,21,16,387,42,53,0,0,0,0,0,0,0,2097152,2097152,2097152,2097152,2097152,2,0,0,0,0,2097152,1,2097152,2097152,4194304,4194304,8388608,241,2097152,2097152,2097152,2097152,2097152,29,2097152,2097152,2097152,2097152,2097152,22,0,0,0,0,0,0,0,0,0,0,0,0,256,256,512,512,512,295,2097152,2097152,4194304,4194304,8388608,295,0,0,0,0,0,0,256,512,512,512,1024,295,54142,0,37920,19327,41357,0,41,21,0
47948867369000,1890,2048,8192,16384,13559,512,4096,8192,1889,4096,8192,16384,1562,4096,16384,16384,359,8192,16384,16384,11,2048,8192,8192,408,512,4096,8192,1545,1024,4096,8192,256,0,0,0,0,64,65536,131072,19724,524288,1048576,1048576,41,262144,524288,524288,41,524288,524288,524288,41,512,512,1024,41,64,128,65536,41,128,512,4096,2522,128,512,4096,2522,128,512,4096,122031,64,512,2048,14058,64,256,512,1753,64,512,2048,3168,256,1024,4096,1368,256,512,1024,1359,64,512,4096,18423,64,256,512,1899,64,256,512,363,64,256,512,153,128,512,4096,99,0,0,0,0,0,0,0,0,0,0,0,0,0,0,0,0,64,128,128,20,64,128,128,20,14.29,11.10,3.19,0,11,27,408,38,52,0,0,0,0,0,0,0,2097152,2097152,2097152,2097152,2097152,22,0,0,0,0,2097152,1,2097152,4194304,4194304,4194304,4194304,214,262144,2097152,2097152,2097152,2097152,24,131072,2097152,2097152,2097152,4194304,31,0,0,0,0,0,0,0,0,0,0,0,0,256,256,512,512,512,292,2097152,2097152,4194304,4194304,4194304,292,0,0,0,0,0,0,256,512,512,512,512,292,54386,0,37744,19577,41671,0,41,20,0
47949889308000,1890,2048,8192,16384,12751,512,4096,8192,1890,4096,8192,16384,1490,4096,8192,16384,387,8192,8192,8192,16,2048,8192,8192,364,512,4096,8192,1526,1024,4096,8192,238,0,0,0,1,64,65536,262144,18834,1048576,1048576,1048576,41,262144,524288,524288,41,524288,524288,524288,41,512,1024,1024,41,64,128,512,41,128,512,4096,2362,128,512,1024,2362,128,512,4096,114759,64,512,2048,13410,64,256,512,1822,64,512,4096,3438,256,1024,1024,1164,256,512,4096,1065,64,256,4096,17586,64,256,512,2142,64,256,512,464,64,512,512,108,128,512,4096,144,64,256,256,9,0,0,0,0,0,0,0,0,0,0,0,0,64,64,128,21,64,128,128,21,13.38,9.69,3.70,0,16,28,364,50,48,0,0,0,0,0,0,0,2097152,2097152,2097152,2097152,2097152,5,2097152,2097152,2097152,2097152,4194304,6,2097152,2097152,4194304,8388608,8388608,213,262144,2097152,2097152,2097152,2097152,36,131072,2097152,2097152,2097152,2097152,31,0,0,0,0,0,0,0,0,0,0,0,0,256,256,512,512,512,291,2097152,2097152,4194304,8388608,8388608,291,0,0,0,0,0,0,256,512,512,512,1024,291,54601,0,37940,18672,41193,0,41,21,0
47950907436500,1890,2048,8192,16384,13037,512,4096,8192,1888,4096,8192,16384,1537,4096,8192,16384,394,8192,8192,8192,18,2048,8192,8192,417,512,4096,8192,1516,1024,4096,8192,273,0,0,0,0,128,65536,524288,19258,1048576,1048576,1048576,41,262144,524288,524288,41,524288,524288,524288,41,512,1024,1024,41,64,8192,32768,41,64,512,4096,2489,128,512,1024,2489,128,512,4096,117333,64,512,4096,13833,64,256,512,2142,64,512,4096,3123,256,1024,4096,1137,256,512,1024,1182,64,512,4096,17505,64,256,512,1935,64,256,512,506,64,256,512,207,128,512,4096,162,0,0,0,0,0,0,0,0,0,0,0,0,0,0,0,0,64,128,128,20,64,128,128,20,12.66,10.36,2.30,0,18,33,417,44,54,0,0,0,0,0,0,0,2097152,2097152,2097152,2097152,4194304,20,2097152,2097152,2097152,2097152,2097152,2,2097152,2097152,4194304,4194304,8388608,213,2097152,2097152,2097152,2097152,8388608,22,131072,2097152,2097152,2097152,4194304,36,0,0,0,0,0,0,0,0,0,0,0,0,256,256,512,512,512,293,2097152,2097152,4194304,8388608,8388608,293,0,0,0,0,0,0,256,512,512,512,512,293,54874,0,37803,19079,41154,0,41,20,0
47951929190400,1890,2048,8192,16384,13177,512,4096,8192,1888,4096,8192,16384,1524,4096,16384,16384,380,8192,8192,8192,19,2048,8192,8192,382,512,4096,8192,1501,1024,4096,8192,268,4096,4096,4096,2,64,65536,131072,19268,1048576,1048576,1048576,40,262144,524288,524288,40,524288,524288,524288,40,512,1024,1024,40,64,128,16384,41,128,512,4096,2413,128,512,1024,2413,128,512,4096,118593,64,512,2048,13716,64,256,512,1876,128,512,1024,2934,256,1024,4096,1244,256,512,1024,1262,64,512,4096,17559,64,256,512,1944,64,256,4096,345,128,256,1024,180,128,512,4096,171,128,512,512,18,0,0,0,0,0,0,0,0,0,0,0,0,64,128,128,21,64,128,128,21,12.36,10.33,2.04,0,19,39,382,60,54,0,0,0,0,0,0,0,2097152,2097152,2097152,2097152,2097152,3,2097152,2097152,2097152,2097152,2097152,6,2097152,2097152,4194304,8388608,8388608,230,2097152,2097152,2097152,2097152,4194304,17,2097152,2097152,2097152,2097152,2097152,29,0,0,0,0,0,0,0,0,0,0,0,0,256,256,512,512,1024,285,2097152,2097152,4194304,8388608,8388608,285,0,0,0,0,0,0,256,512,1024,1024,1024,285,55143,0,36887,19100,40237,0,40,21,0
47952948934900,1890,2048,8192,16384,13209,512,4096,8192,1893,4096,8192,16384,1478,4096,8192,16384,402,8192,8192,8192,17,2048,8192,8192,359,512,4096,8192,1503,1024,4096,4096,228,0,0,0,1,64,65536,131072,19200,524288,1048576,1048576,41,262144,524288,524288,41,262144,524288,524288,41,512,1024,1024,41,64,4096,4096,40,64,512,4096,2388,128,512,4096,2388,128,512,4096,118881,64,512,2048,13302,64,256,512,1993,128,512,4096,3132,256,1024,4096,1221,128,512,512,1086,64,256,4096,19170,64,256,512,2160,64,256,1024,309,64,256,512,99,128,512,2048,153,128,256,256,9,0,0,0,0,0,0,0,0,0,0,0,0,64,128,128,20,64,128,128,20,12.90,8.81,4.09,0,17,35,359,41,49,0,0,0,0,0,0,0,2097152,2097152,2097152,2097152,2097152,14,2097152,4194304,4194304,4194304,4194304,11,2097152,4194304,8388608,8388608,8388608,195,2097152,4194304,4194304,4194304,4194304,23,131072,4194304,4194304,4194304,4194304,25,0,0,0,0,0,0,0,0,0,0,0,0,256,256,512,512,512,268,2097152,4194304,4194304,8388608,8388608,268,0,0,0,0,0,0,256,512,512,512,512,268,55376,0,37672,19069,41003,0,41,20,0
47953970183100,1834,2048,8192,16384,13284,512,4096,4096,1867,4096,8192,16384,1494,4096,8192,16384,405,8192,16384,16384,18,2048,8192,8192,385,512,4096,8192,1499,1024,4096,8192,254,0,0,0,0,64,65536,262144,19375,524288,1048576,1048576,41,262144,524288,524288,41,262144,524288,524288,41,512,1024,2048,41,64,128,4096,41,64,512,1024,2466,64,512,4096,2970,128,512,4096,119556,64,512,1024,13446,64,256,512,2118,64,512,1024,3186,256,1024,4096,1181,256,512,512,1226,64,256,1024,18585,64,256,512,2034,64,256,512,405,64,256,4096,207,128,512,4096,162,0,0,0,0,0,0,0,0,0,0,0,0,0,0,0,0,64,128,128,20,64,128,128,20,10.97,9.18,1.79,0,18,29,385,46,44,56,0,0,0,0,0,0,2097152,2097152,2097152,2097152,2097152,12,2097152,2097152,2097152,2097152,4194304,15,2097152,2097152,4194304,4194304,4194304,220,131072,2097152,2097152,2097152,2097152,23,131072,2097152,2097152,2097152,2097152,31,0,0,0,0,0,0,0,0,0,0,0,0,256,256,512,512,512,301,2097152,2097152,4194304,4194304,4194304,301,0,0,0,0,0,0,256,512,512,512,512,301,55653,0,37268,19279,40716,0,41,20,0
47954988741500,1834,2048,8192,16384,12708,512,4096,4096,1817,4096,8192,16384,1478,4096,8192,16384,375,4096,8192,8192,17,2048,8192,8192,378,512,4096,8192,1452,1024,4096,8192,257,0,0,0,0,64,65536,262144,18630,524288,1048576,1048576,41,262144,524288,524288,41,262144,524288,524288,41,512,1024,2048,41,64,128,32768,41,64,512,2048,2145,128,512,1024,2145,128,512,4096,114372,64,512,4096,13302,64,256,512,2083,128,512,1024,2916,256,1024,4096,1137,256,512,512,1173,64,256,2048,17514,64,256,512,2277,64,256,1024,396,64,512,1024,162,128,256,4096,153,0,0,0,0,0,0,0,0,0,0,0,0,0,0,0,0,64,128,128,21,64,128,128,21,11.75,10.35,1.41,0,17,32,378,52,43,0,0,0,0,0,0,0,2097152,2097152,2097152,2097152,4194304,14,2097152,2097152,2097152,2097152,4194304,9,2097152,2097152,4194304,4194304,4194304,211,131072,4194304,4194304,4194304,4194304,29,2097152,2097152,2097152,2097152,2097152,35,0,0,0,0,0,0,0,0,0,0,0,0,256,256,512,512,512,298,2097152,4194304,4194304,4194304,4194304,298,0,0,0,0,0,0,256,512,512,512,1024,298,55877,0,36846,18479,40200,0,41,21,0
47956009936700,1834,2048,8192,16384,12898,512,4096,8192,1851,4096,8192,16384,1487,4096,8192,16384,341,8192,16384,16384,16,2048,8192,8192,372,512,4096,8192,1484,1024,4096,8192,250,2048,2048,2048,3,64,65536,131072,18843,524288,1048576,1048576,41,262144,524288,524288,41,524288,524288,524288,41,512,1024,1024,41,128,128,8192,41,64,512,4096,2366,64,512,1024,2366,128,512,4096,116090,64,512,2048,13383,64,256,512,1978,128,512,2048,2682,256,1024,4096,1176,128,512,512,1140,64,256,2048,18126,64,256,512,2097,64,256,512,420,64,256,512,117,128,4096,4096,144,128,256,512,27,1024,2048,2048,51,1024,2048,2048,45,64,128,256,96,64,128,128,20,64,128,128,20,12.11,9.69,2.42,45,16,28,372,45,41,0,0,0,0,0,0,0,2097152,2097152,2097152,2097152,2097152,7,2097152,2097152,2097152,2097152,4194304,23,2097152,2097152,2097152,4194304,4194304,185,2097152,2097152,2097152,2097152,2097152,26,131072,2097152,2097152,2097152,2097152,23,2097152,4194304,4194304,4194304,8388608,27,0,0,0,0,0,0,256,256,512,512,512,291,2097152,2097152,4194304,4194304,8388608,291,0,0,0,0,0,0,256,512,512,1024,1024,291,56133,0,36669,18795,40808,0,41,20,0
47957031342500,1834,2048,8192,16384,13046,512,4096,8192,1833,4096,8192,16384,1466,4096,8192,16384,385,8192,8192,8192,19,2048,8192,8192,355,512,4096,8192,1446,1024,4096,8192,268,4096,4096,4096,3,64,65536,262144,18971,524288,1048576,1048576,41,262144,524288,524288,41,524288,524288,524288,41,512,1024,1024,41,128,4096,16384,41,64,512,1024,2385,128,512,4096,2385,128,512,4096,117406,64,512,4096,13194,64,256,512,2066,128,512,4096,2925,256,1024,1024,1392,128,512,2048,1329,64,256,2048,18846,64,256,512,2124,64,256,512,444,64,256,512,153,128,512,4096,171,256,512,512,27,2048,2048,2048,5,1024,2048,2048,11,64,64,64,16,64,128,128,21,64,128,128,21,13.13,10.32,2.80,11,19,41,355,55,38,0,0,0,0,0,0,0,2097152,2097152,2097152,2097152,4194304,13,2097152,2097152,4194304,4194304,4194304,21,2097152,2097152,8388608,8388608,16777216,164,131072,2097152,2097152,2097152,2097152,24,131072,2097152,2097152,2097152,2097152,24,2097152,4194304,4194304,4194304,4194304,37,0,0,0,0,0,0,256,256,512,512,512,283,2097152,2097152,4194304,8388608,16777216,283,0,0,0,0,0,0,256,512,512,512,1024,283,56369,0,36703,18857,40721,0,41,21,0
47958051200700,1834,2048,8192,16384,12669,512,4096,4096,1834,4096,8192,16384,1498,4096,8192,16384,379,8192,8192,8192,14,2048,8192,8192,387,512,4096,8192,1489,1024,4096,8192,251,0,0,0,1,64,65536,131072,18678,524288,1048576,1048576,40,262144,524288,524288,40,524288,524288,524288,40,512,1024,2048,40,64,16384,32768,40,64,512,4096,2303,128,512,1024,2303,128,512,4096,114021,64,512,4096,13482,64,256,512,1998,64,512,4096,3177,256,1024,2048,1133,128,512,512,1241,64,256,2048,17316,64,256,2048,2097,64,256,1024,405,64,512,512,126,128,512,512,126,64,128,128,9,0,0,0,0,0,0,0,0,0,0,0,0,64,128,128,20,64,128,128,20,14.95,9.71,5.24,0,14,39,387,39,49,0,0,0,0,0,0,0,2097152,2097152,2097152,2097152,2097152,4,2097152,4194304,4194304,4194304,4194304,10,2097152,2097152,4194304,4194304,4194304,220,131072,2097152,2097152,2097152,2097152,26,131072,2097152,2097152,2097152,2097152,26,0,0,0,0,0,0,0,0,0,0,0,0,256,256,512,512,512,286,2097152,2097152,4194304,4194304,4194304,286,0,0,0,0,0,0,256,512,512,1024,1024,286,56611,0,36907,18511,40200,0,40,20,0
47959071088900,1834,2048,8192,16384,12636,512,4096,8192,1834,4096,8192,16384,1437,4096,8192,16384,377,8192,16384,16384,17,2048,8192,8192,373,512,4096,8192,1473,1024,8192,8192,219,0,0,0,1,64,65536,262144,18503,524288,1048576,1048576,41,262144,524288,524288,41,524288,524288,524288,41,512,1024,1024,41,64,128,16384,41,64,512,1024,2369,64,512,4096,2369,128,512,4096,113724,64,512,1024,12942,64,256,512,1955,64,512,1024,2961,256,1024,4096,1245,256,512,1024,1272,64,256,2048,17766,64,256,512,2061,64,256,4096,455,64,512,1024,189,128,512,8192,153,128,256,256,9,0,0,0,0,0,0,0,0,0,0,0,0,64,128,128,20,64,128,128,20,11.23,9.44,1.79,0,17,31,373,46,45,0,0,0,0,0,0,0,2097152,2097152,2097152,2097152,2097152,18,2097152,4194304,4194304,4194304,4194304,18,2097152,2097152,4194304,4194304,4194304,213,131072,2097152,2097152,2097152,4194304,29,131072,2097152,2097152,2097152,2097152,19,0,0,0,0,0,0,0,0,0,0,0,0,256,256,512,512,512,297,2097152,2097152,4194304,4194304,4194304,297,0,0,0,0,0,0,256,512,512,512,1024,297,56826,0,36293,18332,39888,0,41,20,0
47960091147800,1834,2048,8192,16384,12780,512,4096,8192,1830,4096,8192,16384,1500,4096,8192,16384,323,8192,8192,16384,21,2048,8192,8192,362,512,4096,8192,1490,1024,4096,8192,269,0,0,0,1,64,65536,262144,18753,524288,1048576,1048576,41,262144,524288,524288,41,524288,524288,524288,41,1024,1024,1024,41,64,8192,32768,41,64,512,4096,2363,64,512,4096,2363,128,512,4096,115020,64,512,4096,13491,64,256,512,1848,64,512,4096,2637,256,1024,1024,1121,256,512,2048,1184,64,512,4096,17406,64,256,2048,2187,64,256,4096,546,64,256,512,189,128,512,4096,189,64,512,512,9,0,0,0,0,0,0,0,0,0,0,0,0,64,64,128,21,64,128,256,21,12.89,9.19,3.70,0,21,26,362,64,58,0,0,0,0,0,0,0,2097152,2097152,2097152,2097152,2097152,7,2097152,2097152,2097152,2097152,2097152,15,2097152,2097152,4194304,8388608,8388608,218,131072,2097152,2097152,2097152,2097152,18,2097152,2097152,2097152,2097152,2097152,16,0,0,0,0,0,0,0,0,0,0,0,0,256,256,512,512,512,274,2097152,2097152,4194304,8388608,8388608,274,0,0,0,0,0,0,256,256,512,1024,1024,274,57083,0,36609,18615,40355,0,41,21,0
47961111329600,1845,2048,8192,16384,12879,512,4096,8192,1837,4096,8192,16384,1450,4096,16384,16384,393,8192,16384,16384,23,2048,8192,8192,382,512,4096,8192,1444,1024,4096,8192,225,0,0,0,1,64,65536,131072,18791,524288,1048576,1048576,41,262144,524288,524288,41,524288,524288,524288,41,512,1024,2048,41,64,128,128,41,64,512,1024,2467,128,512,1024,2368,128,512,4096,115911,64,512,2048,13050,64,256,512,1983,128,512,4096,3168,256,1024,4096,1196,256,512,1024,1205,64,512,4096,18000,64,512,2048,2034,64,256,512,411,128,256,512,189,128,512,4096,207,64,512,512,9,0,0,0,0,0,0,0,0,0,0,0,0,64,128,128,20,128,16384,16384,20,12.89,9.83,3.06,0,23,28,382,50,41,0,262144,524288,524288,524288,524288,11,2097152,2097152,2097152,2097152,2097152,5,2097152,4194304,4194304,4194304,4194304,16,2097152,4194304,4194304,4194304,4194304,198,2097152,2097152,4194304,4194304,4194304,22,2097152,2097152,2097152,2097152,2097152,28,0,0,0,0,0,0,0,0,0,0,0,0,256,256,512,512,1024,280,2097152,4194304,4194304,4194304,4194304,280,128,256,256,256,512,11,256,512,512,512,1024,269,57327,0,36964,18648,40560,0,41,20,0
47962130242800,1867,2048,8192,16384,12850,512,4096,8192,1853,4096,8192,16384,1554,4096,8192,16384,395,8192,8192,8192,13,2048,4096,8192,368,512,4096,8192,1514,1024,4096,8192,255,0,0,0,0,64,65536,131072,18938,524288,1048576,1048576,41,262144,524288,524288,41,524288,524288,524288,41,256,1024,1024,41,64,128,8192,41,64,512,4096,2504,128,512,4096,2306,64,512,4096,115650,64,512,4096,13986,64,256,512,2120,64,512,1024,3177,256,1024,4096,1245,256,512,4096,1173,64,256,4096,18540,64,256,512,1962,64,256,512,447,64,256,4096,135,64,512,512,126,0,0,0,0,0,0,0,0,0,0,0,0,0,0,0,0,64,128,128,21,128,32768,32768,21,12.39,10.09,2.30,0,13,28,368,53,45,0,262144,524288,524288,524288,524288,22,2097152,2097152,2097152,2097152,2097152,12,2097152,2097152,2097152,2097152,4194304,12,2097152,2097152,4194304,4194304,4194304,225,131072,4194304,4194304,4194304,8388608,13,2097152,2097152,2097152,2097152,2097152,26,0,0,0,0,0,0,0,0,0,0,0,0,256,256,512,512,512,310,2097152,2097152,4194304,4194304,8388608,310,128,256,256,256,256,22,256,512,512,1024,1024,288,57524,0,36555,18757,40269,0,41,21,0
47963152809300,1833,2048,8192,16384,13127,512,4096,8192,1872,4096,8192,16384,1473,4096,16384,16384,360,8192,8192,8192,19,2048,8192,16384,367,512,4096,8192,1522,1024,4096,8192,267,0,0,0,1,128,65536,262144,19151,1048576,1048576,1048576,40,262144,524288,524288,40,524288,524288,524288,40,512,1024,1024,40,128,32768,65536,41,64,512,4096,2421,64,512,1024,2727,64,512,4096,118143,64,512,2048,13257,64,256,512,1775,64,512,4096,2943,256,1024,2048,1050,256,512,4096,1095,64,512,4096,17775,64,256,512,2286,64,512,4096,371,128,512,512,198,128,512,4096,171,64,128,128,9,0,0,0,0,0,0,0,0,0,0,0,0,64,128,128,20,8192,32768,32768,20,11.84,9.42,2.42,0,19,24,367,48,46,56,262144,262144,262144,262144,524288,22,2097152,2097152,2097152,2097152,4194304,17,2097152,2097152,2097152,2097152,2097152,21,2097152,2097152,4194304,4194304,4194304,215,131072,2097152,2097152,2097152,2097152,21,131072,2097152,2097152,2097152,4194304,27,0,0,0,0,0,0,0,0,0,0,0,0,256,256,512,512,512,323,2097152,2097152,4194304,4194304,4194304,323,128,256,256,256,256,22,256,512,512,512,512,301,57761,0,37506,19035,41168,33,40,20,0
47964173038600,1842,2048,8192,16384,13058,512,4096,8192,1837,4096,8192,16384,1523,4096,8192,16384,382,8192,8192,8192,16,2048,8192,8192,395,512,4096,4096,1511,1024,4096,8192,249,0,0,0,0,64,65536,262144,19139,524288,1048576,1048576,41,262144,524288,524288,41,262144,524288,524288,41,512,1024,1024,41,64,4096,16384,40,64,512,4096,2356,128,512,4096,2275,64,512,4096,117522,64,512,4096,13707,64,256,512,2009,64,512,2048,3159,256,1024,4096,1273,128,512,512,1210,64,256,4096,17505,64,256,512,1935,64,512,2048,426,64,256,512,135,128,512,1024,144,0,0,0,0,0,0,0,0,0,0,0,0,0,0,0,0,64,128,128,20,128,32768,32768,20,13.78,8.81,4.98,0,16,21,395,45,41,0,262144,524288,524288,524288,524288,9,2097152,2097152,2097152,2097152,2097152,6,2097152,2097152,2097152,2097152,4194304,18,2097152,2097152,4194304,4194304,4194304,217,131072,2097152,2097152,2097152,2097152,19,2097152,2097152,2097152,2097152,4194304,36,0,0,0,0,0,0,0,0,0,0,0,0,256,256,256,512,512,305,2097152,2097152,4194304,4194304,4194304,305,128,256,256,256,512,9,256,512,512,1024,1024,296,57974,0,37052,18985,40830,0,41,20,0
47965193164000,1842,2048,8192,16384,13008,512,4096,8192,1844,4096,8192,16384,1457,4096,8192,16384,379,8192,16384,16384,21,2048,8192,8192,395,512,4096,8192,1469,1024,4096,8192,246,4096,8192,8192,3,64,65536,131072,18986,524288,1048576,1048576,41,262144,524288,524288,41,262144,524288,524288,41,512,1024,1024,41,64,128,8192,41,64,512,4096,2262,128,512,1024,2262,128,512,4096,117072,64,512,1024,13113,64,256,512,1848,64,512,1024,3258,256,1024,1024,1233,128,512,1024,1251,64,256,2048,17847,64,256,512,2034,64,256,512,405,64,256,512,180,128,512,4096,189,128,4096,4096,27,0,0,0,0,0,0,0,0,0,0,0,0,64,128,128,21,64,128,128,21,11.99,9.06,2.93,0,21,25,395,55,50,0,0,0,0,0,0,0,2097152,2097152,2097152,2097152,2097152,7,2097152,4194304,4194304,4194304,8388608,18,2097152,4194304,4194304,8388608,8388608,204,131072,2097152,2097152,2097152,4194304,25,131072,4194304,4194304,4194304,4194304,20,0,0,0,0,0,0,0,0,0,0,0,0,256,256,512,512,512,274,2097152,4194304,8388608,8388608,8388608,274,0,0,0,0,0,0,256,512,512,1024,1024,274,58246,0,36042,18847,39915,0,41,21,0
47966211917200,1842,2048,8192,16384,12720,512,4096,8192,1839,4096,8192,16384,1452,4096,16384,16384,384,8192,8192,16384,26,2048,8192,8192,368,512,4096,8192,1458,1024,4096,8192,262,2048,2048,2048,3,512,65536,262144,18685,524288,1048576,1048576,41,262144,524288,524288,41,524288,524288,524288,41,512,1024,1024,41,128,1024,4096,41,64,512,4096,2307,128,512,1024,2307,128,512,4096,114480,64,512,4096,13068,64,256,512,2248,64,512,2048,3105,256,1024,4096,1164,256,512,1024,1218,64,512,4096,18504,64,256,4096,1863,64,256,512,447,128,256,512,207,128,512,4096,234,64,256,256,27,1024,2048,2048,56,1024,2048,2048,56,64,64,128,112,64,128,128,20,64,128,128,20,11.38,9.97,1.41,56,26,19,368,37,54,0,0,0,0,0,0,0,2097152,2097152,2097152,2097152,2097152,9,2097152,2097152,2097152,2097152,2097152,23,2097152,2097152,4194304,4194304,4194304,212,2097152,2097152,2097152,2097152,4194304,22,131072,2097152,2097152,2097152,2097152,20,0,0,0,0,0,0,0,0,0,0,0,0,256,256,512,512,512,286,2097152,2097152,4194304,4194304,4194304,286,0,0,0,0,0,0,256,512,512,512,1024,286,58520,0,37605,18635,40971,0,41,20,0
47967233497900,1842,2048,8192,16384,13111,512,4096,8192,1843,4096,8192,16384,1515,4096,8192,16384,363,8192,8192,8192,10,2048,8192,8192,379,512,4096,8192,1499,1024,4096,8192,235,0,0,0,1,64,65536,262144,19071,524288,1048576,1048576,41,262144,524288,524288,41,524288,524288,524288,41,512,1024,1024,41,64,4096,131072,41,64,512,4096,2301,64,512,4096,2301,64,512,4096,117999,64,512,4096,13635,64,256,512,1726,128,512,1024,2889,256,1024,1024,1343,256,512,4096,1181,64,256,4096,17739,64,256,512,2097,64,256,512,420,64,256,512,108,128,512,4096,90,64,256,256,9,0,0,0,0,0,0,0,0,0,0,0,0,64,128,128,21,64,128,128,21,13.77,9.56,4.21,0,10,16,379,44,52,0,0,0,0,0,0,0,2097152,2097152,2097152,2097152,2097152,6,2097152,2097152,2097152,2097152,2097152,15,2097152,2097152,4194304,4194304,4194304,225,131072,2097152,4194304,4194304,4194304,27,2097152,2097152,2097152,2097152,4194304,22,0,0,0,0,0,0,0,0,0,0,0,0,256,256,512,512,512,295,2097152,2097152,4194304,4194304,4194304,295,0,0,0,0,0,0,256,512,512,512,512,295,58726,0,37126,18939,40750,0,41,21,0
47968253520000,1842,2048,8192,16384,13013,512,4096,8192,1841,4096,8192,16384,1482,4096,8192,16384,369,8192,8192,8192,15,2048,8192,8192,365,512,4096,8192,1494,1024,4096,8192,258,0,0,0,0,64,65536,131072,18984,524288,1048576,1048576,40,262144,524288,524288,40,524288,524288,524288,40,256,1024,1024,40,64,256,8192,41,64,512,4096,2138,128,512,2048,2138,128,512,4096,117117,64,512,4096,13338,64,256,512,1808,64,512,2048,2889,256,1024,4096,1193,256,512,4096,1148,64,256,4096,17424,64,256,512,1917,64,256,2048,420,64,512,512,108,128,256,2048,135,0,0,0,0,0,0,0,0,0,0,0,0,0,0,0,0,64,128,128,20,64,128,128,20,14.68,9.06,5.62,0,15,14,365,35,34,0,0,0,0,0,0,0,2097152,8388608,8388608,8388608,8388608,15,2097152,4194304,4194304,4194304,4194304,18,2097152,4194304,4194304,4194304,8388608,197,131072,2097152,2097152,2097152,4194304,17,131072,2097152,2097152,2097152,4194304,23,0,0,0,0,0,0,0,0,0,0,0,0,256,256,512,512,512,270,2097152,4194304,4194304,8388608,8388608,270,0,0,0,0,0,0,256,512,512,1024,1024,270,58919,0,37067,18827,40348,0,40,20,0
47969273870000,1842,2048,8192,16384,12790,512,4096,8192,1839,4096,8192,16384,1494,4096,8192,16384,425,8192,16384,16384,19,2048,8192,8192,377,512,4096,8192,1478,1024,8192,8192,247,0,0,0,1,128,65536,262144,18819,1048576,1048576,1048576,41,524288,524288,524288,41,524288,524288,524288,41,512,1024,1024,41,128,8192,16384,40,128,512,4096,2540,128,512,4096,2540,128,512,4096,115110,64,512,2048,13446,64,256,512,2093,128,512,2048,3258,256,1024,4096,1206,256,512,1024,1260,64,512,4096,17838,64,512,1024,1872,64,512,4096,498,64,512,512,189,128,512,4096,171,64,256,256,9,0,0,0,0,0,0,0,0,0,0,0,0,64,128,128,20,64,128,128,20,13.78,9.83,3.96,0,19,17,377,40,41,0,0,0,0,0,0,0,0,0,0,0,0,0,2097152,4194304,4194304,4194304,4194304,10,2097152,4194304,4194304,4194304,8388608,213,131072,4194304,4194304,4194304,4194304,18,262144,4194304,4194304,4194304,4194304,20,0,0,0,0,0,0,0,0,0,0,0,0,256,256,512,512,512,261,2097152,4194304,4194304,4194304,8388608,261,0,0,0,0,0,0,256,512,512,1024,1024,261,59152,0,37205,18669,40176,0,41,20,0
47970293027700,1842,2048,8192,16384,12580,512,4096,8192,1842,4096,8192,16384,1438,4096,16384,16384,356,8192,8192,8192,15,2048,8192,8192,361,512,4096,8192,1438,1024,4096,8192,260,2048,4096,4096,3,64,65536,262144,18443,524288,1048576,1048576,41,262144,524288,524288,41,524288,524288,524288,41,256,1024,1024,41,64,16384,32768,41,64,512,4096,2381,128,512,4096,2381,64,512,4096,113221,64,512,2048,12942,64,256,512,1859,64,512,4096,2808,256,1024,4096,1218,256,512,4096,1191,64,256,4096,17721,64,256,512,2016,64,256,512,335,64,512,1024,153,128,512,4096,135,128,512,512,27,0,0,0,0,0,0,0,0,0,0,0,0,64,128,128,21,64,128,128,21,11.24,9.07,2.17,0,15,11,361,42,53,0,0,0,0,0,0,0,2097152,2097152,2097152,2097152,2097152,13,2097152,2097152,4194304,4194304,4194304,23,2097152,2097152,4194304,4194304,4194304,218,131072,2097152,2097152,2097152,4194304,27,131072,2097152,2097152,2097152,2097152,19,0,0,0,0,0,0,0,0,0,0,0,0,256,256,512,512,2048,300,2097152,2097152,4194304,4194304,4194304,300,0,0,0,0,0,0,256,512,512,1024,1024,300,59334,0,36510,18274,40387,0,41,21,0
47971315744700,1842,2048,8192,16384,13004,512,4096,8192,1840,4096,8192,16384,1494,4096,8192,16384,377,8192,8192,8192,19,2048,8192,8192,393,512,4096,8192,1497,1024,4096,8192,240,0,0,0,0,512,65536,524288,19015,524288,1048576,1048576,41,262144,524288,524288,41,524288,524288,524288,41,256,1024,1024,41,128,32768,65536,41,128,512,4096,2220,128,512,4096,2220,128,512,4096,117035,64,512,4096,13446,64,256,512,2005,64,512,1024,2934,256,1024,4096,1287,256,512,1024,1323,64,256,4096,17748,64,256,512,2052,64,256,512,450,64,256,512,135,128,512,4096,171,0,0,0,0,0,0,0,0,0,0,0,0,0,0,0,0,64,128,128,20,64,128,128,20,13.61,9.42,4.20,0,19,21,393,38,49,0,0,0,0,0,0,0,0,0,0,0,2097152,1,2097152,2097152,2097152,2097152,2097152,22,2097152,2097152,4194304,4194304,4194304,222,131072,2097152,2097152,2097152,2097152,19,2097152,4194304,4194304,4194304,4194304,32,0,0,0,0,0,0,0,0,0,0,0,0,256,256,512,512,512,296,2097152,2097152,4194304,4194304,4194304,296,0,0,0,0,0,0,256,512,512,1024,1024,296,59558,0,37167,18834,40255,0,41,20,0
47972333142200,1842,2048,8192,16384,12305,512,4096,8192,1840,4096,8192,16384,1446,4096,8192,16384,374,8192,8192,8192,11,2048,4096,8192,386,512,4096,8192,1432,1024,8192,8192,253,2048,2048,2048,2,128,65536,262144,18202,1048576,1048576,1048576,41,262144,524288,524288,41,524288,524288,524288,41,256,512,512,41,64,128,2048,41,128,512,4096,2337,128,512,4096,2337,128,512,4096,110745,64,512,4096,13014,64,256,512,2114,64,512,1024,3006,256,1024,4096,1095,256,512,1024,1113,64,512,4096,17757,64,256,512,2106,64,512,1024,489,128,512,512,135,128,512,4096,99,64,512,512,18,0,0,0,0,0,0,0,0,0,0,0,0,64,128,128,21,64,128,128,21,11.52,9.34,2.18,0,11,22,386,44,49,0,0,0,0,0,0,0,2097152,2097152,2097152,2097152,2097152,16,2097152,4194304,4194304,4194304,4194304,19,2097152,4194304,8388608,8388608,8388608,197,131072,2097152,2097152,2097152,2097152,29,131072,2097152,2097152,2097152,4194304,25,0,0,0,0,0,0,0,0,0,0,0,0,256,256,512,512,512,286,2097152,4194304,4194304,8388608,8388608,286,0,0,0,0,0,0,256,512,512,512,1024,286,59784,0,36942,18023,40059,0,41,21,0
47973355293100,1787,2048,8192,16384,13003,512,4096,8192,1839,4096,8192,16384,1502,4096,8192,16384,374,8192,16384,16384,20,2048,8192,8192,341,512,4096,8192,1526,1024,8192,8192,242,2048,2048,2048,2,64,65536,131072,19006,524288,1048576,1048576,41,262144,524288,524288,41,524288,524288,524288,41,512,1024,1024,41,64,128,8192,41,128,512,4096,2388,64,512,2048,2883,128,512,4096,117027,64,512,1024,13518,64,256,512,1931,64,512,1024,3141,256,1024,4096,1187,256,512,1024,1196,64,256,4096,19602,64,256,512,1890,64,256,512,411,64,256,4096,162,128,1024,4096,180,64,256,256,18,0,0,0,0,0,0,0,0,0,0,0,0,64,128,128,20,64,128,128,20,13.38,9.81,3.57,0,20,20,341,47,44,55,0,0,0,0,0,0,0,0,0,0,2097152,1,2097152,8388608,8388608,8388608,8388608,12,2097152,2097152,4194304,4194304,8388608,218,2097152,2097152,2097152,2097152,4194304,21,2097152,2097152,2097152,2097152,2097152,20,0,0,0,0,0,0,0,0,0,0,0,0,256,256,512,512,512,272,2097152,4194304,4194304,8388608,8388608,272,0,0,0,0,0,0,256,512,512,1024,1024,272,60039,0,36681,18893,39789,0,41,20,0
47974374573100,1787,2048,8192,16384,12492,512,4096,8192,1786,4096,8192,16384,1418,4096,8192,16384,346,8192,8192,8192,14,2048,8192,8192,375,512,4096,8192,1431,1024,4096,8192,273,2048,2048,2048,2,64,65536,131072,18269,524288,1048576,1048576,40,262144,524288,524288,40,524288,524288,524288,40,512,1024,1024,40,64,16384,32768,40,128,512,4096,2214,128,512,4096,2214,128,512,4096,112428,64,512,4096,12762,64,256,512,1869,128,512,4096,2745,256,1024,4096,1205,128,512,512,1259,64,512,4096,17478,64,256,512,2223,64,512,4096,381,64,256,512,126,128,512,2048,126,64,128,128,18,0,0,0,0,0,0,0,0,0,0,0,0,64,128,128,20,64,128,128,20,12.78,9.33,3.45,0,14,16,375,47,38,0,0,0,0,0,0,0,2097152,2097152,2097152,2097152,4194304,25,2097152,2097152,2097152,2097152,4194304,16,2097152,2097152,4194304,4194304,4194304,212,131072,2097152,2097152,2097152,2097152,22,131072,2097152,2097152,2097152,2097152,18,0,0,0,0,0,0,0,0,0,0,0,0,256,256,512,512,512,293,2097152,2097152,4194304,4194304,4194304,293,0,0,0,0,0,0,256,512,512,512,512,293,60236,0,35995,18134,39591,0,40,20,0
47975395777000,1787,2048,8192,16384,12771,512,4096,4096,1787,4096,8192,16384,1435,4096,8192,16384,350,8192,8192,8192,11,2048,8192,8192,343,512,4096,8192,1411,1024,4096,8192,221,2048,2048,2048,2,64,65536,131072,18480,524288,1048576,1048576,41,262144,524288,524288,41,524288,524288,524288,41,256,512,1024,41,64,256,8192,41,64,512,1024,2465,128,512,1024,2465,128,512,4096,114939,64,512,1024,12915,64,256,512,1829,128,512,1024,2952,256,1024,4096,1350,128,512,512,1233,64,256,2048,17298,64,256,512,1872,64,256,512,444,64,256,512,90,128,512,4096,99,64,512,512,18,1024,2048,2048,11,1024,1024,1024,11,64,64,64,22,64,128,128,21,64,128,256,21,14.03,10.97,3.06,11,11,19,343,35,41,0,0,0,0,0,0,0,2097152,2097152,2097152,2097152,2097152,3,2097152,2097152,2097152,2097152,4194304,12,2097152,2097152,4194304,8388608,8388608,225,2097152,2097152,2097152,2097152,2097152,21,131072,2097152,2097152,2097152,2097152,18,0,0,0,0,0,0,0,0,0,0,0,0,256,256,512,512,512,279,2097152,2097152,4194304,8388608,8388608,279,0,0,0,0,0,0,256,512,512,512,1024,279,60417,0,35254,18380,39288,0,41,21,0
47976415597900,1787,2048,8192,16384,12623,512,4096,8192,1787,4096,8192,16384,1464,4096,16384,16384,401,8192,8192,8192,16,2048,8192,8192,413,512,4096,8192,1458,1024,4096,8192,248,0,0,0,0,64,65536,131072,18553,524288,1048576,1048576,41,262144,524288,524288,41,524288,524288,524288,41,512,1024,1024,41,64,4096,4096,41,128,512,4096,2170,128,512,2048,2170,128,512,4096,113607,64,512,2048,13176,64,256,512,2036,64,512,1024,3258,256,1024,1024,1244,128,512,512,1307,64,256,2048,17541,64,256,512,2043,64,256,1024,528,64,256,512,216,128,512,4096,144,0,0,0,0,1024,2048,2048,44,1024,1024,2048,44,64,64,64,88,64,128,128,20,64,128,128,20,15.06,10.85,4.21,44,16,13,413,40,41,0,0,0,0,0,0,0,2097152,4194304,4194304,4194304,4194304,17,2097152,4194304,4194304,4194304,4194304,16,2097152,4194304,8388608,8388608,8388608,191,2097152,4194304,4194304,4194304,4194304,22,2097152,2097152,2097152,2097152,4194304,19,0,0,0,0,0,0,0,0,0,0,0,0,256,256,512,512,512,265,2097152,4194304,4194304,8388608,8388608,265,0,0,0,0,0,0,256,512,512,512,1024,265,60719,0,36298,18468,39620,0,41,20,0
47977436207800,1787,2048,8192,16384,12468,512,4096,8192,1787,4096,8192,16384,1415,4096,8192,16384,329,8192,8192,16384,22,2048,8192,8192,330,512,4096,8192,1414,1024,4096,8192,234,0,0,0,0,64,65536,262144,18156,524288,1048576,1048576,41,262144,524288,524288,41,524288,524288,524288,41,512,1024,2048,41,64,128,2048,41,64,512,4096,2357,128,512,512,2357,64,512,4096,112212,64,512,4096,12735,64,256,512,1579,128,512,1024,2718,256,1024,4096,1163,256,512,4096,1172,64,256,2048,17892,64,256,1024,1602,64,256,512,420,64,256,512,162,128,512,4096,198,0,0,0,0,0,0,0,0,0,0,0,0,0,0,0,0,64,128,128,21,64,128,128,21,12.89,9.83,3.06,0,22,14,330,59,42,0,0,0,0,0,0,0,2097152,2097152,2097152,2097152,2097152,2,2097152,2097152,2097152,2097152,2097152,12,2097152,2097152,4194304,4194304,4194304,167,2097152,2097152,2097152,2097152,2097152,20,131072,2097152,2097152,2097152,2097152,24,2097152,4194304,4194304,4194304,4194304,63,0,0,0,0,0,0,256,256,512,512,512,288,2097152,2097152,4194304,4194304,4194304,288,0,0,0,0,0,0,256,512,512,512,512,288,60898,0,35826,18041,40357,0,41,21,0
47978456584700,1787,2048,8192,16384,12886,512,4096,8192,1787,4096,8192,16384,1468,4096,8192,16384,363,8192,16384,16384,13,2048,8192,8192,387,512,4096,8192,1476,1024,4096,8192,251,0,0,0,0,128,65536,131072,18770,524288,1048576,1048576,41,262144,524288,524288,41,262144,524288,524288,41,512,1024,1024,41,64,128,2048,41,64,512,4096,2241,128,512,4096,2241,64,512,4096,115974,64,512,1024,13212,64,256,512,1926,128,512,1024,3051,256,1024,4096,1161,128,512,1024,1125,64,256,4096,18036,64,256,512,2034,64,256,4096,369,128,256,4096,99,64,512,512,117,0,0,0,0,0,0,0,0,0,0,0,0,0,0,0,0,64,128,128,20,64,128,128,20,12.62,8.93,3.70,0,13,8,387,30,31,0,0,0,0,0,0,0,2097152,4194304,4194304,4194304,4194304,14,2097152,2097152,2097152,2097152,2097152,11,2097152,2097152,4194304,4194304,4194304,228,131072,2097152,2097152,2097152,2097152,26,131072,2097152,2097152,2097152,2097152,22,0,0,0,0,0,0,0,0,0,0,0,0,256,256,512,512,1024,301,2097152,2097152,4194304,4194304,4194304,301,0,0,0,0,0,0,256,512,1024,1024,1024,301,61066,0,36424,18628,39970,0,41,20,0
47979476662400,1787,2048,8192,16384,12512,512,4096,8192,1786,4096,8192,16384,1373,4096,8192,16384,358,8192,16384,16384,10,2048,8192,8192,321,512,4096,8192,1403,1024,4096,8192,237,0,0,0,1,64,65536,131072,18121,524288,1048576,1048576,40,262144,524288,524288,40,262144,524288,524288,40,512,1024,1024,40,64,8192,8192,40,64,512,4096,2106,128,512,4096,2106,64,512,4096,112608,64,512,4096,12357,64,256,512,1994,128,512,1024,2889,256,1024,1024,1140,256,512,512,1104,64,256,4096,16380,64,256,1024,1935,64,256,2048,492,64,256,512,126,128,1024,4096,90,64,256,256,9,0,0,0,0,0,0,0,0,0,0,0,0,64,128,128,20,64,128,128,20,12.39,9.45,2.94,0,10,8,321,34,52,0,0,0,0,0,0,0,2097152,2097152,2097152,2097152,4194304,8,2097152,2097152,2097152,2097152,4194304,16,2097152,2097152,4194304,4194304,4194304,226,131072,2097152,2097152,2097152,4194304,18,2097152,4194304,4194304,4194304,4194304,16,0,0,0,0,0,0,0,0,0,0,0,0,256,256,512,512,32768,284,2097152,2097152,4194304,4194304,4194304,284,0,0,0,0,0,0,256,512,512,512,512,284,61207,0,35419,17957,38813,0,40,20,0
47980495407100,1787,2048,8192,16384,12515,512,4096,8192,1787,4096,8192,16384,1459,4096,8192,16384,390,8192,8192,16384,23,2048,8192,8192,372,512,4096,8192,1437,1024,4096,8192,259,0,0,0,1,64,65536,262144,18412,524288,1048576,1048576,41,262144,524288,524288,41,524288,524288,524288,41,512,1024,2048,41,64,16384,65536,41,64,512,4096,2109,64,512,4096,2109,64,512,4096,112635,64,512,2048,13131,64,256,512,1645,64,512,2048,3276,256,1024,4096,1269,256,512,1024,1206,64,256,4096,17550,64,256,512,1710,64,256,4096,339,64,256,2048,162,128,512,4096,207,128,512,512,9,0,0,0,0,0,0,0,0,0,0,0,0,64,128,128,21,64,128,128,21,11.75,9.84,1.92,0,23,9,372,44,41,0,0,0,0,0,0,0,2097152,4194304,4194304,4194304,8388608,18,2097152,2097152,2097152,2097152,2097152,13,2097152,4194304,4194304,4194304,8388608,200,131072,2097152,2097152,2097152,4194304,26,131072,2097152,2097152,2097152,2097152,29,0,0,0,0,0,0,0,0,0,0,0,0,256,256,512,512,512,286,2097152,2097152,4194304,8388608,8388608,286,0,0,0,0,0,0,256,512,512,1024,1024,286,61410,0,35684,18233,39825,0,41,21,0
47981517452100,1795,2048,8192,16384,12368,512,4096,8192,1787,4096,8192,16384,1426,4096,8192,16384,340,8192,8192,8192,13,2048,8192,8192,396,512,4096,8192,1421,1024,4096,8192,222,0,0,0,0,64,65536,262144,18119,524288,1048576,1048576,41,262144,524288,524288,41,524288,524288,524288,41,256,1024,1024,41,128,8192,32768,41,64,512,4096,2287,128,512,4096,2215,64,512,4096,111312,64,512,4096,12834,64,256,512,1592,64,512,4096,2961,256,1024,1024,1224,256,512,4096,1107,64,256,4096,16965,64,256,2048,2016,64,256,512,336,64,256,512,108,128,512,4096,117,0,0,0,0,0,0,0,0,0,0,0,0,0,0,0,0,64,128,128,20,64,16384,16384,20,12.87,8.79,4.08,0,13,10,396,38,41,0,262144,524288,524288,524288,524288,9,2097152,2097152,2097152,2097152,2097152,7,2097152,2097152,2097152,2097152,2097152,16,2097152,2097152,4194304,4194304,16777216,210,131072,2097152,2097152,2097152,2097152,20,131072,2097152,2097152,2097152,4194304,25,0,0,0,0,0,0,0,0,0,0,0,0,256,256,512,512,512,287,2097152,2097152,4194304,4194304,16777216,287,128,256,256,256,256,9,256,512,512,1024,1024,278,61621,0,35908,17985,39405,0,41,20,0
47982536210900,1814,2048,8192,16384,13011,512,4096,8192,1807,4096,8192,16384,1488,4096,8192,16384,369,8192,16384,16384,13,2048,8192,8192,353,512,4096,8192,1485,1024,4096,8192,250,0,0,0,0,64,65536,131072,18923,524288,1048576,1048576,41,262144,524288,524288,41,524288,524288,524288,41,256,512,512,41,128,4096,32768,41,64,512,4096,2598,128,512,1024,2427,64,512,4096,117099,64,512,4096,13392,64,256,512,1985,64,512,1024,2997,256,1024,2048,1193,256,512,512,1220,64,512,4096,17199,64,256,512,1890,64,256,4096,525,128,512,512,144,128,1024,4096,117,0,0,0,0,0,0,0,0,0,0,0,0,0,0,0,0,64,128,128,21,8192,16384,32768,21,12.90,9.20,3.70,0,13,3,353,45,45,0,262144,524288,524288,524288,1048576,18,2097152,2097152,2097152,2097152,2097152,22,2097152,2097152,2097152,2097152,4194304,11,2097152,2097152,4194304,4194304,8388608,214,2097152,2097152,2097152,2097152,2097152,20,131072,2097152,2097152,2097152,4194304,23,0,0,0,0,0,0,0,0,0,0,0,0,256,256,512,512,512,308,2097152,2097152,4194304,4194304,8388608,308,128,256,256,256,256,18,256,512,512,1024,1024,290,61772,0,36626,18781,40224,0,41,21,0
47983558207900,1778,2048,8192,16384,12604,512,4096,8192,1807,4096,8192,16384,1440,4096,8192,16384,361,8192,16384,16384,19,2048,8192,16384,364,512,4096,8192,1455,1024,4096,8192,257,0,0,0,1,64,65536,262144,18461,524288,1048576,1048576,41,262144,524288,524288,41,262144,524288,524288,41,512,1024,2048,41,128,2048,16384,41,64,512,4096,2468,64,512,4096,2792,64,512,4096,113436,64,512,4096,12960,64,256,512,1748,64,512,1024,2979,256,1024,2048,1233,256,512,1024,1269,64,256,4096,17253,64,256,512,1944,64,256,4096,366,64,256,1024,234,128,512,8192,171,128,256,256,9,0,0,0,0,0,0,0,0,0,0,0,0,64,128,128,20,256,32768,32768,20,12.10,10.44,1.66,0,19,5,364,41,39,54,262144,524288,524288,524288,524288,19,2097152,2097152,2097152,2097152,2097152,7,2097152,4194304,4194304,4194304,8388608,13,2097152,2097152,4194304,8388608,8388608,207,131072,2097152,2097152,2097152,2097152,25,2097152,2097152,2097152,2097152,4194304,19,0,0,0,0,0,0,0,0,0,0,0,0,256,256,512,512,512,290,2097152,2097152,8388608,8388608,8388608,290,256,256,256,256,256,19,256,256,512,512,1024,271,62004,0,35336,18355,38983,0,41,20,0
47984577756800,1797,2048,8192,16384,12691,512,4096,8192,1787,4096,8192,16384,1428,4096,8192,16384,394,8192,16384,16384,24,2048,8192,8192,354,512,4096,8192,1449,1024,4096,8192,251,0,0,0,1,64,65536,131072,18522,524288,1048576,1048576,40,262144,524288,524288,40,524288,524288,524288,40,1024,2048,2048,40,64,256,8192,40,64,512,4096,2470,128,512,1024,2299,128,512,4096,114219,64,512,4096,12852,64,256,512,2100,64,512,1024,3150,256,1024,4096,1238,128,512,512,1265,64,256,4096,17955,64,256,512,1737,64,256,512,390,64,256,512,225,128,1024,4096,216,64,256,256,9,0,0,0,0,0,0,0,0,0,0,0,0,64,128,128,20,16384,32768,32768,20,11.49,8.68,2.81,0,24,1,354,41,45,0,262144,262144,262144,262144,524288,18,2097152,2097152,2097152,2097152,2097152,17,2097152,4194304,4194304,4194304,4194304,12,2097152,4194304,4194304,4194304,4194304,203,2097152,4194304,4194304,4194304,4194304,16,2097152,2097152,2097152,2097152,4194304,22,0,0,0,0,0,0,0,0,0,0,0,0,256,256,512,512,512,288,2097152,4194304,4194304,4194304,4194304,288,128,256,256,256,256,18,256,512,512,512,2048,270,62181,0,35706,18366,39628,0,40,20,0
47985599841600,1797,2048,8192,16384,12772,512,4096,8192,1795,4096,8192,16384,1471,4096,8192,16384,375,8192,8192,16384,23,2048,8192,8192,385,512,4096,8192,1486,1024,8192,8192,240,2048,2048,2048,3,64,65536,131072,18699,524288,1048576,1048576,41,262144,524288,524288,41,524288,524288,524288,41,256,1024,2048,41,64,128,8192,41,64,512,4096,2611,128,512,4096,2611,64,512,4096,114948,64,512,4096,13239,64,256,512,1990,64,512,1024,3195,256,1024,4096,1209,256,512,4096,1263,64,256,4096,17604,64,256,512,2259,64,256,512,411,64,256,1024,99,64,512,4096,207,64,256,256,27,2048,2048,2048,18,1024,1024,1024,12,64,64,64,30,64,128,128,21,64,128,128,21,17.34,10.07,7.27,12,23,0,385,49,48,0,0,0,0,0,0,0,2097152,4194304,4194304,4194304,4194304,7,2097152,2097152,2097152,2097152,2097152,12,2097152,2097152,4194304,4194304,4194304,227,131072,2097152,2097152,2097152,2097152,27,131072,2097152,2097152,2097152,2097152,25,0,0,0,0,0,0,0,0,0,0,0,0,256,256,512,512,512,298,2097152,2097152,4194304,4194304,4194304,298,0,0,0,0,0,0,256,512,512,1024,1024,298,62400,0,36002,18554,39390,0,41,21,0
47986618270800,1797,2048,8192,16384,12728,512,4096,8192,1797,4096,8192,16384,1457,4096,16384,16384,354,8192,8192,8192,12,2048,8192,16384,365,512,4096,8192,1418,1024,4096,8192,264,4096,4096,4096,2,128,65536,262144,18533,524288,1048576,1048576,41,262144,524288,524288,41,524288,524288,524288,41,256,1024,1024,41,128,128,32768,41,128,512,1024,2141,128,512,1024,2141,64,512,4096,114552,64,512,4096,13113,64,256,512,1907,64,512,1024,3060,256,1024,4096,1343,256,512,4096,1262,64,512,4096,18351,64,512,1024,1908,64,256,4096,540,64,256,512,126,128,512,4096,108,128,256,256,18,1024,2048,2048,36,1024,2048,2048,42,64,64,128,78,64,128,128,20,64,128,128,20,12.14,9.84,2.30,42,12,0,365,39,38,0,0,0,0,0,0,0,2097152,2097152,2097152,2097152,2097152,19,2097152,2097152,2097152,2097152,4194304,15,2097152,2097152,4194304,4194304,4194304,216,131072,2097152,2097152,2097152,2097152,23,2097152,2097152,2097152,2097152,2097152,12,0,0,0,0,0,0,0,0,0,0,0,0,256,256,512,512,512,285,2097152,2097152,4194304,4194304,4194304,285,0,0,0,0,0,0,256,512,512,512,512,285,62611,0,35648,18472,39281,0,41,20,0
47987639843800,1797,2048,8192,16384,12907,512,4096,8192,1795,4096,8192,16384,1417,4096,8192,16384,366,8192,16384,16384,12,2048,8192,8192,365,512,4096,8192,1457,1024,4096,8192,235,0,0,0,0,64,65536,262144,18706,524288,1048576,1048576,41,262144,524288,524288,41,524288,524288,524288,41,512,1024,1024,41,64,32768,65536,41,64,512,4096,2419,128,512,4096,2419,64,512,4096,116163,64,512,4096,12753,64,256,512,2019,64,512,4096,3087,256,1024,4096,1183,128,512,4096,1210,64,256,4096,18252,64,256,1024,1971,64,256,512,399,64,256,256,144,128,512,4096,108,0,0,0,0,0,0,0,0,0,0,0,0,0,0,0,0,64,128,128,21,64,128,128,21,12.74,9.05,3.70,0,12,0,365,32,42,0,0,0,0,0,0,0,2097152,2097152,2097152,2097152,2097152,2,2097152,2097152,2097152,2097152,2097152,13,2097152,2097152,4194304,4194304,4194304,231,131072,2097152,2097152,2097152,4194304,24,131072,2097152,4194304,4194304,4194304,27,0,0,0,0,0,0,0,0,0,0,0,0,256,256,512,512,512,297,2097152,2097152,4194304,4194304,4194304,297,0,0,0,0,0,0,256,512,512,1024,1024,297,62765,0,36156,18572,40100,0,41,21,0
47988660045200,1797,2048,8192,16384,12679,512,4096,8192,1796,4096,8192,16384,1400,4096,16384,16384,369,8192,8192,8192,17,2048,8192,8192,343,512,4096,8192,1432,1024,4096,8192,249,2048,2048,2048,2,64,65536,131072,18421,524288,1048576,1048576,41,262144,524288,524288,41,262144,524288,524288,41,1024,1024,2048,41,128,1024,8192,41,64,512,4096,2090,64,512,4096,2090,64,512,4096,114111,64,512,4096,12600,64,256,512,1998,64,512,4096,3033,256,1024,2048,1040,128,512,1024,1166,64,256,4096,17451,64,256,2048,1953,64,256,512,414,64,256,4096,153,128,512,512,153,128,512,512,18,0,0,0,0,0,0,0,0,0,0,0,0,64,128,128,20,64,128,128,20,12.01,9.71,2.30,0,17,1,343,42,43,0,0,0,0,0,0,0,2097152,2097152,2097152,2097152,2097152,20,2097152,2097152,2097152,2097152,4194304,13,2097152,2097152,4194304,4194304,8388608,204,131072,2097152,8388608,8388608,8388608,23,131072,2097152,2097152,2097152,2097152,11,0,0,0,0,0,0,0,0,0,0,0,0,256,256,512,512,512,271,2097152,2097152,4194304,8388608,8388608,271,0,0,0,0,0,0,256,512,1024,1024,1024,271,62940,0,35849,18292,39386,0,41,20,0
47989680154900,1797,2048,8192,16384,13090,512,4096,8192,1797,4096,8192,16384,1466,4096,16384,16384,354,8192,16384,16384,19,2048,8192,8192,379,512,4096,8192,1456,1024,4096,8192,213,0,0,0,1,64,65536,131072,18935,524288,1048576,1048576,41,262144,524288,524288,41,262144,524288,524288,41,512,1024,1024,41,128,2048,8192,41,64,512,4096,2325,128,512,1024,2325,128,512,4096,117810,64,512,1024,13194,64,256,512,1755,64,512,2048,3123,256,1024,4096,1230,128,512,4096,1248,64,256,2048,17370,64,256,2048,1620,64,256,2048,405,64,256,512,189,128,512,4096,171,0,256,256,9,0,0,0,0,0,0,0,0,0,0,0,0,64,128,128,21,64,128,256,21,10.84,9.56,1.28,0,19,1,379,43,37,0,0,0,0,0,0,0,2097152,2097152,2097152,2097152,2097152,6,2097152,2097152,2097152,2097152,2097152,11,2097152,2097152,4194304,4194304,8388608,225,262144,2097152,2097152,2097152,4194304,20,131072,2097152,2097152,2097152,2097152,28,0,0,0,0,0,0,0,0,0,0,0,0,256,256,512,512,512,290,2097152,2097152,4194304,4194304,8388608,290,0,0,0,0,0,0,256,512,512,1024,1024,290,63129,0,35737,18792,40042,0,41,21,0
47990699369800,1797,2048,8192,16384,12710,512,4096,8192,1814,4096,8192,16384,1480,4096,8192,16384,353,8192,16384,16384,15,2048,8192,8192,365,512,4096,8192,1476,1024,4096,8192,256,0,0,0,0,128,65536,131072,18623,524288,1048576,1048576,40,262144,524288,524288,40,524288,524288,524288,40,512,1024,1024,40,128,32768,65536,40,128,512,4096,2238,128,512,4096,2238,128,512,4096,114390,64,512,4096,13320,64,256,512,1746,64,512,4096,3132,256,1024,4096,1128,256,512,1024,1110,64,512,4096,16704,64,512,1024,1962,64,256,2048,351,64,512,512,99,64,512,4096,135,0,0,0,0,0,0,0,0,0,0,0,0,0,0,0,0,64,128,128,20,64,128,128,20,13.29,10.35,2.94,0,15,3,365,51,46,0,0,0,0,0,0,0,2097152,2097152,2097152,2097152,2097152,21,2097152,2097152,2097152,2097152,2097152,9,2097152,4194304,4194304,8388608,8388608,217,131072,2097152,2097152,2097152,4194304,26,2097152,2097152,2097152,2097152,4194304,18,0,0,0,0,0,0,0,0,0,0,0,0,256,256,512,512,2048,291,2097152,4194304,4194304,8388608,8388608,291,0,0,0,0,0,0,256,512,512,512,1024,291,63318,0,37062,18492,40016,0,40,20,0
47991720725500,1797,2048,8192,16384,12491,512,4096,8192,1802,4096,8192,16384,1449,4096,8192,16384,372,8192,8192,8192,12,2048,8192,16384,367,512,4096,8192,1421,1024,4096,4096,254,0,0,0,0,64,65536,262144,18314,524288,1048576,1048576,41,262144,524288,524288,41,524288,524288,524288,41,512,1024,1024,41,64,2048,8192,41,64,512,1024,2333,64,512,4096,2333,128,512,4096,112419,64,512,1024,13041,64,256,512,1706,64,512,4096,3330,256,1024,4096,1044,256,512,1024,1026,64,256,2048,17712,64,256,512,1899,64,256,512,369,64,256,512,126,64,512,4096,108,0,0,0,0,0,0,0,0,0,0,0,0,0,0,0,0,64,128,128,20,64,128,128,20,11.09,8.54,2.55,0,12,6,367,39,38,0,0,0,0,0,0,0,2097152,2097152,2097152,2097152,2097152,6,2097152,8388608,8388608,8388608,8388608,16,2097152,4194304,4194304,8388608,8388608,200,131072,2097152,2097152,2097152,2097152,26,131072,2097152,2097152,2097152,4194304,28,0,0,0,0,0,0,0,0,0,0,0,0,256,256,512,512,512,276,2097152,4194304,8388608,8388608,8388608,276,0,0,0,0,0,0,256,512,512,512,1024,276,63504,0,35051,18184,38539,0,41,20,0
47992742457000,1797,2048,8192,16384,12725,512,4096,8192,1798,4096,8192,16384,1453,4096,8192,16384,351,8192,8192,16384,21,2048,8192,8192,359,512,4096,8192,1456,1024,4096,8192,247,0,0,0,0,128,65536,131072,18579,524288,1048576,1048576,41,262144,524288,524288,41,524288,524288,524288,41,512,1024,1024,41,128,1024,8192,41,64,512,4096,2180,128,512,1024,2180,128,512,4096,114525,64,512,1024,13077,64,256,512,1906,64,512,1024,3123,256,1024,4096,1265,256,512,4096,1328,64,256,4096,18432,64,256,512,2025,64,256,512,312,64,256,512,198,128,512,4096,189,0,0,0,0,0,0,0,0,0,0,0,0,0,0,0,0,64,128,128,21,64,128,128,21,11.09,9.31,1.79,0,21,11,359,50,34,0,0,0,0,0,0,0,2097152,2097152,2097152,2097152,4194304,18,2097152,2097152,2097152,2097152,2097152,11,2097152,2097152,4194304,4194304,4194304,215,131072,2097152,2097152,2097152,2097152,28,2097152,2097152,2097152,2097152,4194304,26,0,0,0,0,0,0,0,0,0,0,0,0,256,256,512,512,512,298,2097152,2097152,4194304,4194304,4194304,298,0,0,0,0,0,0,256,512,512,8192,16384,298,63681,0,36721,18432,39767,0,41,21,0
47993760435900,1744,2048,8192,16384,12733,512,4096,8192,1781,4096,8192,16384,1409,4096,8192,16384,366,4096,8192,8192,18,2048,8192,8192,354,512,4096,8192,1402,1024,4096,8192,216,0,0,0,0,64,65536,131072,18444,524288,1048576,1048576,41,262144,524288,524288,41,524288,524288,524288,41,256,1024,1024,41,64,128,16384,41,64,512,1024,2092,64,512,1024,2569,64,512,4096,114597,64,512,4096,12681,64,256,512,1930,128,512,4096,3078,256,1024,4096,1115,256,512,1024,1079,64,256,2048,17973,64,256,2048,2133,64,256,512,300,64,256,512,99,128,256,2048,162,0,0,0,0,0,0,0,0,0,0,0,0,0,0,0,0,64,128,128,20,64,128,128,20,15.73,11.89,3.84,0,18,14,354,42,45,53,0,0,0,0,0,0,2097152,2097152,2097152,2097152,4194304,4,2097152,4194304,4194304,4194304,4194304,11,2097152,2097152,4194304,4194304,4194304,225,131072,2097152,2097152,2097152,4194304,28,2097152,2097152,2097152,2097152,2097152,28,0,0,0,0,0,0,0,0,0,0,0,0,256,256,512,512,512,296,2097152,2097152,4194304,4194304,4194304,296,0,0,0,0,0,0,256,512,512,512,1024,296,63911,0,34632,18343,38611,0,41,20,0
47994780804400,1744,2048,8192,16384,12309,512,4096,4096,1744,4096,8192,16384,1422,4096,16384,16384,355,8192,8192,8192,14,2048,8192,8192,379,512,4096,8192,1411,1024,4096,4096,240,0,0,0,1,64,65536,131072,18017,524288,1048576,1048576,41,262144,524288,524288,41,262144,524288,524288,41,512,1024,1024,41,128,16384,32768,41,64,512,4096,2277,128,512,4096,2277,64,512,4096,110781,64,512,4096,12798,64,256,512,1847,64,512,1024,3033,256,1024,4096,1226,128,512,1024,1253,64,256,4096,17640,64,256,1024,1962,64,256,512,393,64,256,512,189,128,512,4096,126,0,128,128,9,0,0,0,0,0,0,0,0,0,0,0,0,64,128,128,21,64,128,128,21,14.68,10.08,4.59,0,14,15,379,42,42,0,0,0,0,0,0,0,2097152,2097152,2097152,2097152,2097152,11,2097152,2097152,2097152,2097152,4194304,12,2097152,2097152,4194304,4194304,4194304,226,2097152,2097152,2097152,2097152,4194304,22,131072,2097152,2097152,2097152,2097152,15,0,0,0,0,0,0,0,0,0,0,0,0,256,256,512,512,512,286,2097152,2097152,4194304,4194304,4194304,286,0,0,0,0,0,0,256,256,512,512,1024,286,64117,0,34804,17883,38381,0,41,21,0
47995802283400,1744,2048,8192,16384,12458,512,4096,8192,1743,4096,8192,8192,1395,4096,16384,16384,353,8192,8192,8192,18,2048,8192,8192,330,512,4096,8192,1420,1024,8192,8192,259,0,0,0,1,64,65536,131072,18125,524288,1048576,1048576,40,262144,524288,524288,40,262144,524288,524288,40,1024,2048,2048,40,64,16384,16384,40,64,512,4096,2179,128,512,4096,2179,64,512,4096,112122,64,512,1024,12555,64,256,512,1883,64,512,1024,3123,256,1024,4096,1361,128,512,1024,1262,64,256,4096,16875,64,256,512,1755,64,256,512,327,64,256,512,153,64,512,4096,162,64,256,256,9,1024,2048,2048,22,1024,2048,2048,22,64,256,2048,44,64,128,128,20,64,128,128,20,15.17,9.69,5.48,22,18,30,330,37,42,0,0,0,0,0,0,0,2097152,2097152,2097152,2097152,2097152,2,2097152,2097152,2097152,2097152,2097152,16,2097152,2097152,4194304,4194304,8388608,223,2097152,2097152,2097152,2097152,4194304,17,131072,2097152,2097152,2097152,2097152,18,0,0,0,0,0,0,0,0,0,0,0,0,256,256,512,512,1024,276,2097152,2097152,4194304,4194304,8388608,276,0,0,0,0,0,0,256,256,512,512,1024,276,64320,0,34814,18031,38629,0,40,20,0
47996821481700,1744,2048,8192,16384,12411,512,4096,4096,1744,4096,8192,16384,1384,4096,8192,16384,365,8192,8192,8192,18,2048,8192,8192,366,512,4096,8192,1387,1024,4096,8192,221,0,0,0,1,64,65536,131072,18050,524288,1048576,1048576,41,262144,262144,524288,41,262144,524288,524288,41,512,1024,1024,41,128,8192,32768,41,64,512,1024,2100,64,512,4096,2100,64,512,4096,111699,64,512,4096,12456,64,256,512,1769,64,512,1024,3357,256,1024,1024,1188,128,512,512,1224,64,256,2048,17055,64,256,512,1746,64,512,2048,429,64,256,1024,135,64,512,4096,162,64,256,256,9,1024,2048,2048,31,1024,2048,2048,31,64,64,64,62,64,128,128,20,128,128,128,20,11.88,9.07,2.81,31,18,31,366,38,30,0,0,0,0,0,0,0,2097152,2097152,2097152,2097152,4194304,18,2097152,2097152,2097152,2097152,2097152,10,2097152,2097152,4194304,8388608,8388608,202,2097152,2097152,2097152,2097152,4194304,25,2097152,2097152,2097152,2097152,2097152,21,0,0,0,0,0,0,0,0,0,0,0,0,256,256,512,512,1024,276,2097152,2097152,4194304,8388608,8388608,276,0,0,0,0,0,0,256,512,512,512,512,276,64558,0,35020,17958,38878,0,41,20,0
47997842487400,1744,2048,8192,16384,12238,512,4096,8192,1743,4096,8192,8192,1413,4096,8192,16384,357,8192,8192,8192,13,2048,8192,8192,359,512,4096,8192,1401,1024,4096,4096,216,0,0,0,0,64,65536,131072,17884,524288,1048576,1048576,41,262144,524288,524288,41,262144,524288,524288,41,512,1024,1024,41,64,8192,32768,41,64,512,4096,2281,64,512,1024,2281,64,512,4096,110142,64,512,2048,12717,64,256,512,1970,64,512,1024,3060,256,1024,4096,1134,256,512,1024,1071,64,256,4096,16200,64,256,1024,1908,64,256,512,387,64,512,4096,135,128,512,4096,117,0,0,0,0,0,0,0,0,0,0,0,0,0,0,0,0,64,128,128,21,128,256,256,21,11.86,9.43,2.42,0,13,36,359,43,36,0,0,0,0,0,0,0,2097152,2097152,2097152,2097152,2097152,3,2097152,2097152,2097152,2097152,2097152,10,2097152,2097152,4194304,4194304,4194304,175,131072,2097152,2097152,2097152,2097152,12,2097152,2097152,2097152,2097152,2097152,17,2097152,4194304,4194304,4194304,4194304,63,0,0,0,0,0,0,256,256,512,512,512,280,2097152,4194304,4194304,4194304,4194304,280,0,0,0,0,0,0,256,512,512,512,1024,280,64765,0,35239,17727,39315,0,41,21,0
47998862319500,1744,2048,8192,16384,12521,512,4096,4096,1743,4096,8192,16384,1407,4096,16384,16384,349,8192,8192,8192,11,2048,8192,8192,322,512,4096,8192,1405,1024,4096,8192,255,0,0,0,1,64,65536,131072,18148,524288,1048576,1048576,41,262144,524288,524288,41,262144,524288,524288,41,512,1024,1024,41,64,2048,16384,41,64,512,1024,2477,64,512,512,2477,64,512,4096,112689,64,512,4096,12663,64,256,512,1789,64,512,1024,3015,256,1024,4096,1322,128,512,2048,1223,64,256,2048,17298,64,256,1024,1746,64,256,2048,435,64,256,512,90,64,512,4096,99,64,256,256,9,0,0,0,0,0,0,0,0,0,0,0,0,64,128,128,20,64,256,256,20,10.35,8.56,1.79,0,11,28,322,38,48,0,0,0,0,0,0,0,2097152,2097152,2097152,2097152,2097152,11,2097152,2097152,2097152,2097152,2097152,7,2097152,2097152,4194304,4194304,8388608,215,2097152,2097152,4194304,4194304,4194304,21,131072,2097152,2097152,2097152,2097152,29,0,0,0,0,0,0,0,0,0,0,0,0,256,256,512,512,512,283,2097152,2097152,4194304,4194304,8388608,283,0,0,0,0,0,0,256,256,512,512,512,283,64929,0,35216,18021,38745,0,41,20,0
47999883549800,1744,2048,8192,16384,12564,512,4096,8192,1744,4096,8192,16384,1394,4096,8192,16384,367,8192,16384,16384,15,2048,8192,8192,373,512,4096,8192,1430,1024,4096,8192,236,0,0,0,1,64,65536,131072,18287,524288,1048576,1048576,41,262144,524288,524288,41,262144,524288,524288,41,512,1024,1024,41,64,128,32768,41,64,512,4096,2159,64,512,4096,2159,64,512,4096,113076,64,512,2048,12546,64,256,512,1806,64,512,512,3384,256,1024,4096,1146,128,512,512,1173,64,256,2048,16380,64,256,512,1656,64,256,4096,408,64,256,512,99,128,512,4096,135,128,512,512,9,0,0,0,0,0,0,0,0,0,0,0,0,64,128,128,21,128,128,128,21,12.99,8.79,4.20,0,15,28,373,38,37,0,0,0,0,0,0,0,2097152,2097152,2097152,2097152,2097152,5,2097152,2097152,2097152,2097152,4194304,15,2097152,4194304,4194304,8388608,8388608,205,2097152,2097152,2097152,2097152,8388608,22,2097152,2097152,2097152,2097152,4194304,24,0,0,0,0,0,0,0,0,0,0,0,0,256,256,512,512,512,271,2097152,4194304,8388608,8388608,8388608,271,0,0,0,0,0,0,256,512,512,1024,1024,271,65149,0,34881,18163,38168,0,41,21,0
48000902212700,1744,2048,8192,16384,12497,512,4096,8192,1743,4096,8192,16384,1407,4096,8192,16384,343,8192,16384,16384,9,2048,8192,8192,360,512,4096,8192,1386,1024,4096,8192,230,0,0,0,0,64,65536,262144,18091,524288,1048576,1048576,40,262144,524288,524288,40,524288,524288,524288,40,512,1024,1024,40,64,16384,16384,40,64,512,4096,1962,128,512,512,1962,64,512,4096,112473,64,512,1024,12663,64,256,512,1825,64,512,4096,2808,256,1024,2048,1023,256,512,1024,1077,64,256,4096,17442,64,256,2048,1719,64,256,4096,279,64,512,512,135,128,1024,8192,81,0,0,0,0,0,0,0,0,0,0,0,0,0,0,0,0,64,128,128,20,128,128,128,20,12.79,10.23,2.56,0,9,23,360,37,37,0,0,0,0,0,0,0,2097152,2097152,2097152,2097152,2097152,13,2097152,2097152,2097152,2097152,2097152,10,2097152,2097152,4194304,4194304,4194304,226,131072,2097152,2097152,2097152,2097152,28,131072,2097152,2097152,2097152,2097152,14,0,0,0,0,0,0,0,0,0,0,0,0,256,256,512,512,512,291,2097152,2097152,4194304,4194304,4194304,291,0,0,0,0,0,0,256,256,512,512,512,291,65324,0,35314,17959,38625,0,40,20,0
48001923572900,1764,2048,8192,16384,12633,512,4096,4096,1750,4096,8192,16384,1407,4096,8192,16384,351,8192,16384,16384,16,2048,8192,8192,366,512,4096,8192,1436,1024,4096,8192,241,2048,2048,2048,2,64,65536,131072,18352,524288,1048576,1048576,41,262144,524288,524288,41,524288,524288,524288,41,512,1024,1024,41,64,8192,8192,41,64,512,4096,2404,128,512,4096,2224,64,512,4096,113697,64,512,1024,12663,64,256,512,1824,64,512,1024,3150,256,1024,4096,1275,256,512,512,1212,64,256,4096,17874,64,256,4096,2025,64,512,4096,348,64,256,512,153,128,512,4096,144,128,256,256,18,0,0,0,0,0,0,0,0,0,0,0,0,64,128,128,20,128,32768,32768,20,13.64,9.69,3.95,0,16,25,366,48,37,0,262144,262144,262144,262144,524288,22,2097152,2097152,2097152,2097152,2097152,3,2097152,2097152,2097152,2097152,2097152,11,2097152,2097152,4194304,4194304,4194304,225,2097152,2097152,2097152,2097152,4194304,32,131072,2097152,2097152,2097152,2097152,25,0,0,0,0,0,0,0,0,0,0,0,0,256,256,512,512,512,318,2097152,2097152,4194304,4194304,4194304,318,128,256,256,256,256,22,256,512,512,512,1024,296,65498,0,35343,18216,39260,0,41,20,0
48002943703800,1788,2048,8192,16384,12356,512,4096,8192,1772,4096,8192,16384,1437,4096,8192,16384,382,8192,8192,8192,16,2048,8192,8192,335,512,4096,8192,1434,1024,4096,8192,240,0,0,0,1,64,65536,262144,18126,524288,1048576,1048576,41,262144,524288,524288,41,524288,524288,524288,41,512,1024,1024,41,64,256,8192,41,64,512,1024,2160,128,512,4096,1944,64,512,4096,111204,64,512,2048,12933,64,256,512,1926,64,512,1024,3357,256,1024,4096,1248,256,512,4096,1221,64,256,4096,17865,64,256,512,1863,64,256,512,405,64,256,256,171,128,512,512,144,64,512,512,9,0,0,0,0,0,0,0,0,0,0,0,0,64,128,128,21,128,32768,32768,21,14.17,9.32,4.85,0,16,39,335,40,41,0,262144,524288,524288,524288,524288,22,2097152,2097152,2097152,2097152,2097152,17,2097152,2097152,2097152,2097152,2097152,9,2097152,2097152,4194304,4194304,8388608,226,131072,2097152,2097152,2097152,4194304,21,131072,2097152,2097152,2097152,2097152,22,0,0,0,0,0,0,0,0,0,0,0,0,256,256,512,512,512,317,2097152,2097152,4194304,4194304,8388608,317,128,256,256,256,256,22,256,512,512,512,512,295,65652,0,34694,17938,39052,0,41,21,0
48003963850700,1754,2048,8192,16384,12486,512,4096,8192,1767,4096,8192,16384,1412,4096,8192,16384,352,4096,8192,8192,17,2048,8192,16384,375,512,4096,8192,1433,1024,4096,8192,240,2048,2048,2048,2,128,65536,131072,18239,524288,1048576,1048576,41,262144,524288,524288,41,262144,524288,524288,41,512,1024,1024,41,64,8192,16384,41,64,512,4096,2388,64,512,4096,2694,64,512,4096,112374,64,512,2048,12708,64,256,512,1945,128,512,4096,3159,256,1024,4096,1122,256,512,4096,1095,64,512,4096,17226,64,256,512,1773,64,256,512,309,128,512,512,90,128,256,512,153,128,512,512,18,0,0,0,0,0,0,0,0,0,0,0,0,64,128,128,20,256,32768,32768,20,12.90,9.84,3.07,0,17,36,375,37,35,53,262144,524288,524288,524288,524288,19,2097152,2097152,2097152,2097152,2097152,2,2097152,2097152,2097152,2097152,8388608,10,2097152,4194304,4194304,4194304,8388608,211,262144,2097152,2097152,2097152,2097152,27,2097152,2097152,2097152,2097152,4194304,23,0,0,0,0,0,0,0,0,0,0,0,0,256,256,512,512,512,292,2097152,4194304,4194304,8388608,8388608,292,256,256,256,256,256,19,256,512,512,1024,1024,273,65913,0,34802,18165,39129,0,41,20,0
48004983576500,1754,2048,8192,16384,12260,512,4096,4096,1754,4096,8192,16384,1402,4096,8192,16384,339,8192,16384,16384,17,2048,8192,8192,351,512,4096,8192,1365,1024,4096,8192,239,0,0,0,0,64,65536,262144,17874,1048576,1048576,1048576,41,262144,524288,524288,41,524288,524288,524288,41,512,1024,1024,41,128,128,32768,41,64,512,4096,2063,128,512,4096,2063,64,512,4096,110340,64,512,2048,12618,64,256,512,1878,64,512,1024,3069,256,1024,4096,1302,256,512,512,1185,64,512,4096,17829,64,256,512,1881,64,256,4096,435,64,256,1024,180,128,512,4096,153,0,0,0,0,0,0,0,0,0,0,0,0,0,0,0,0,64,128,128,21,64,128,128,21,14.55,10.34,4.21,0,17,21,351,36,28,0,0,0,0,0,0,0,2097152,2097152,2097152,2097152,4194304,20,2097152,2097152,2097152,2097152,4194304,14,2097152,2097152,4194304,4194304,4194304,206,2097152,2097152,2097152,2097152,2097152,20,131072,2097152,2097152,2097152,2097152,31,0,0,0,0,0,0,0,0,0,0,0,0,256,256,512,512,512,291,2097152,2097152,4194304,4194304,4194304,291,0,0,0,0,0,0,256,512,512,512,1024,291,66075,0,34898,17750,38433,0,41,21,0
48006004932900,1754,2048,8192,16384,12637,512,4096,8192,1755,4096,8192,16384,1415,4096,16384,16384,364,8192,8192,8192,19,2048,8192,8192,360,512,4096,8192,1417,1024,4096,8192,249,0,0,0,0,64,65536,262144,18359,524288,1048576,1048576,41,262144,524288,524288,41,524288,524288,524288,41,1024,1024,1024,41,128,256,8192,41,64,512,4096,2136,128,512,4096,2136,64,512,4096,113733,64,512,4096,12735,64,256,512,1706,64,512,1024,3177,256,1024,4096,1254,128,512,512,1416,64,256,4096,17325,64,256,512,1791,64,256,512,354,128,256,512,234,128,256,512,171,0,0,0,0,1024,2048,2048,36,1024,2048,2048,33,64,64,128,69,64,128,128,20,64,128,128,20,12.11,9.18,2.93,33,19,29,360,36,41,0,0,0,0,0,0,0,2097152,2097152,2097152,2097152,2097152,2,2097152,2097152,2097152,2097152,2097152,8,2097152,2097152,4194304,8388608,8388608,231,2097152,2097152,4194304,4194304,4194304,33,131072,2097152,2097152,2097152,2097152,17,0,0,0,0,0,0,0,0,0,0,0,0,256,256,512,512,512,291,2097152,2097152,4194304,8388608,8388608,291,0,0,0,0,0,0,256,512,512,512,1024,291,66302,0,35262,18289,38584,7,41,20,0
48007025686300,1754,2048,8192,16384,12415,512,4096,8192,1752,4096,8192,16384,1428,4096,8192,16384,357,8192,8192,8192,26,2048,8192,8192,368,512,4096,8192,1427,1024,4096,8192,238,0,0,0,0,128,65536,262144,18166,524288,1048576,1048576,40,262144,524288,524288,40,524288,524288,524288,40,512,2048,2048,40,128,2048,8192,40,64,512,4096,2511,128,512,1024,2511,64,512,4096,111735,64,512,4096,12852,64,256,512,2017,64,512,2048,3222,256,1024,4096,1136,128,512,1024,1190,64,256,4096,16434,64,256,512,1854,64,256,2048,432,64,256,512,180,128,512,4096,234,0,0,0,0,1024,2048,2048,17,1024,2048,2048,20,64,64,64,37,64,128,128,20,64,128,128,20,11.74,8.17,3.57,20,26,28,368,32,47,0,0,0,0,0,0,0,2097152,2097152,2097152,2097152,2097152,13,2097152,4194304,4194304,4194304,4194304,3,2097152,4194304,4194304,8388608,16777216,209,131072,2097152,2097152,2097152,4194304,21,131072,4194304,4194304,4194304,8388608,17,0,0,0,0,0,0,0,0,0,0,0,0,256,512,512,512,1024,263,2097152,4194304,4194304,8388608,16777216,263,0,0,0,0,0,0,256,512,512,1024,1024,263,66560,0,35772,18033,39119,13,40,20,0
48008045200500,1754,2048,8192,16384,12164,512,4096,8192,1754,4096,8192,16384,1373,4096,16384,16384,347,8192,16384,16384,17,2048,8192,8192,336,512,4096,8192,1406,1024,4096,8192,225,2048,2048,2048,2,64,65536,262144,17785,524288,1048576,1048576,41,262144,524288,524288,41,262144,524288,524288,41,512,1024,1024,41,64,16384,32768,41,64,512,4096,2548,128,512,4096,2548,64,512,4096,109476,64,512,2048,12357,64,256,512,1834,64,512,4096,3213,256,1024,1024,1017,128,512,4096,1080,64,256,4096,16299,64,256,1024,1782,64,256,512,453,64,256,256,108,128,512,4096,153,64,512,512,18,0,0,0,0,0,0,0,0,0,0,0,0,64,128,128,21,64,128,128,21,13.53,9.57,3.96,0,17,23,336,40,40,0,0,0,0,0,0,0,2097152,2097152,2097152,2097152,2097152,2,2097152,2097152,2097152,2097152,2097152,12,2097152,2097152,4194304,8388608,8388608,221,2097152,2097152,2097152,2097152,2097152,19,2097152,2097152,2097152,2097152,4194304,23,0,0,0,0,0,0,0,0,0,0,0,0,256,256,512,512,512,277,2097152,2097152,4194304,8388608,8388608,277,0,0,0,0,0,0,256,512,512,512,1024,277,66739,0,34790,17637,38507,0,41,21,0
48009064880100,1754,2048,8192,16384,12696,512,4096,8192,1753,4096,8192,16384,1438,4096,16384,16384,340,8192,16384,16384,15,2048,8192,8192,352,512,4096,8192,1412,1024,4096,8192,236,0,0,0,0,64,65536,131072,18368,524288,1048576,1048576,41,262144,524288,524288,41,524288,524288,524288,41,512,1024,1024,41,128,1024,32768,41,64,512,4096,2314,64,512,1024,2314,64,512,4096,114264,64,512,4096,12942,64,256,512,1785,64,512,1024,3105,256,1024,4096,1311,256,512,512,1293,64,256,4096,17721,64,256,512,1836,64,256,512,309,64,512,4096,171,128,512,4096,135,0,0,0,0,0,0,0,0,0,0,0,0,0,0,0,0,64,128,128,20,64,128,128,20,13.29,9.58,3.70,0,15,22,352,43,40,0,0,0,0,0,0,0,2097152,2097152,2097152,2097152,4194304,11,2097152,4194304,4194304,4194304,4194304,6,2097152,2097152,4194304,4194304,4194304,234,131072,2097152,2097152,2097152,4194304,23,131072,2097152,2097152,2097152,8388608,27,0,0,0,0,0,0,0,0,0,0,0,0,256,256,512,512,512,301,2097152,2097152,4194304,4194304,8388608,301,0,0,0,0,0,0,256,512,512,512,512,301,66910,0,35582,18248,38976,0,41,20,0
48010085881700,1754,2048,8192,16384,12237,512,4096,8192,1753,4096,8192,16384,1405,4096,8192,16384,377,8192,16384,16384,20,2048,8192,8192,387,512,4096,8192,1418,1024,4096,8192,244,0,0,0,1,64,65536,262144,17992,524288,1048576,1048576,41,262144,524288,524288,41,524288,524288,524288,41,256,1024,1024,41,64,4096,16384,41,128,512,4096,2231,128,512,4096,2231,128,512,4096,110133,64,512,4096,12645,64,256,512,1934,64,512,512,3258,256,1024,4096,1173,128,512,512,1218,64,256,4096,17577,64,256,512,1962,64,256,512,351,64,256,512,144,128,1024,4096,180,0,256,256,9,0,0,0,0,0,0,0,0,0,0,0,0,64,128,128,21,128,128,256,21,10.97,8.93,2.04,0,20,20,387,47,48,0,0,0,0,0,0,0,2097152,2097152,2097152,2097152,2097152,2,2097152,2097152,2097152,2097152,2097152,8,2097152,2097152,4194304,4194304,4194304,217,2097152,2097152,2097152,2097152,2097152,30,2097152,2097152,2097152,2097152,4194304,38,0,0,0,0,0,0,0,0,0,0,0,0,256,256,512,512,512,295,2097152,2097152,4194304,4194304,4194304,295,0,0,0,0,0,0,256,512,512,1024,16384,295,67137,0,35268,17867,38971,0,41,21,0
48011105341800,1754,2048,8192,16384,12680,512,4096,8192,1752,4096,8192,16384,1413,4096,8192,16384,364,8192,8192,8192,10,2048,8192,8192,343,512,4096,8192,1417,1024,4096,8192,236,2048,2048,2048,2,64,65536,262144,18368,524288,1048576,1048576,41,262144,524288,524288,41,524288,524288,524288,41,512,512,1024,41,128,8192,32768,41,64,512,4096,2171,128,512,4096,2171,128,512,4096,114120,64,512,4096,12717,64,256,512,1734,64,512,1024,3285,256,1024,4096,1076,256,512,4096,1058,64,256,4096,17127,64,256,2048,1836,64,512,2048,360,64,256,512,117,128,512,4096,90,128,256,256,18,0,0,0,0,0,0,0,0,0,0,0,0,64,128,128,20,64,128,128,20,12.65,8.69,3.96,0,10,18,343,34,38,0,0,0,0,0,0,0,2097152,4194304,4194304,4194304,4194304,17,2097152,2097152,2097152,2097152,2097152,5,2097152,2097152,4194304,4194304,4194304,207,2097152,2097152,2097152,2097152,4194304,30,131072,2097152,4194304,4194304,4194304,28,0,0,0,0,0,0,0,0,0,0,0,0,256,256,512,512,512,287,2097152,2097152,4194304,4194304,4194304,287,0,0,0,0,0,0,256,512,512,512,512,287,67293,0,35453,18236,39159,0,41,20,0
48012126382300,1754,2048,8192,16384,12381,512,4096,8192,1753,4096,8192,16384,1402,4096,8192,16384,329,8192,8192,8192,14,2048,8192,8192,387,512,4096,8192,1428,1024,4096,8192,238,0,0,0,1,64,65536,131072,18056,524288,1048576,1048576,40,262144,524288,524288,40,524288,524288,524288,40,256,1024,1024,40,64,128,1024,40,64,512,4096,2280,64,512,2048,2280,128,512,4096,111429,64,512,1024,12618,64,256,512,1634,64,512,1024,2925,256,1024,4096,1038,256,512,2048,993,64,256,4096,17307,64,256,512,1773,64,256,4096,342,64,256,256,90,128,256,4096,126,64,128,128,9,0,0,0,0,0,0,0,0,0,0,0,0,64,128,128,20,64,128,128,20,11.09,9.30,1.78,0,14,18,387,41,45,0,0,0,0,0,0,0,2097152,2097152,2097152,2097152,2097152,2,2097152,2097152,2097152,2097152,2097152,3,2097152,2097152,4194304,8388608,8388608,212,2097152,2097152,4194304,4194304,4194304,33,2097152,2097152,2097152,2097152,4194304,28,0,0,0,0,0,0,0,0,0,0,0,0,256,256,512,512,512,278,2097152,2097152,4194304,8388608,8388608,278,0,0,0,0,0,0,256,512,512,512,1024,278,67520,0,34189,17898,37874,0,40,20,0
48013147320600,1754,2048,8192,16384,12443,512,4096,8192,1754,4096,8192,16384,1433,4096,8192,16384,366,8192,8192,8192,11,2048,8192,8192,349,512,4096,8192,1426,1024,4096,8192,241,0,0,0,1,64,65536,262144,18168,524288,1048576,1048576,41,262144,524288,524288,41,524288,524288,524288,41,512,512,512,41,64,32768,65536,41,64,512,4096,2140,64,512,4096,2140,128,512,4096,111987,64,512,4096,12897,64,256,512,1883,128,512,4096,3204,256,1024,4096,1281,128,512,1024,1200,64,256,4096,17541,64,256,512,1935,64,256,4096,336,128,256,512,153,128,512,1024,99,64,128,128,9,0,0,0,0,0,0,0,0,0,0,0,0,64,128,128,21,64,128,128,21,10.85,9.44,1.40,0,11,16,349,46,48,0,0,0,0,0,0,0,2097152,2097152,2097152,2097152,4194304,19,2097152,2097152,2097152,2097152,2097152,10,2097152,2097152,4194304,4194304,4194304,211,2097152,2097152,2097152,2097152,2097152,25,2097152,2097152,2097152,2097152,2097152,25,0,0,0,0,0,0,0,0,0,0,0,0,256,256,512,512,512,290,2097152,2097152,4194304,4194304,4194304,290,0,0,0,0,0,0,256,512,512,512,1024,290,67700,0,35670,18028,38995,0,41,21,0
48014168004800,1702,2048,8192,16384,12227,512,4096,8192,1722,4096,8192,8192,1395,4096,8192,16384,376,8192,8192,8192,14,2048,8192,8192,322,512,4096,8192,1383,1024,4096,8192,244,0,0,0,0,64,65536,262144,17800,524288,1048576,1048576,41,262144,524288,524288,41,262144,524288,524288,41,512,512,1024,41,64,16384,32768,41,64,512,4096,2256,64,512,4096,2724,128,512,4096,110043,64,512,4096,12555,64,256,512,1886,128,512,1024,3186,256,1024,4096,1110,256,512,1024,1128,64,256,4096,16992,64,256,2048,2016,64,256,4096,354,64,256,512,90,128,512,1024,126,0,0,0,0,0,0,0,0,0,0,0,0,0,0,0,0,64,128,128,20,64,128,128,20,14.03,9.56,4.46,0,14,16,322,44,51,52,0,0,0,0,0,0,0,0,0,0,2097152,1,2097152,2097152,2097152,2097152,2097152,13,2097152,2097152,4194304,4194304,4194304,222,2097152,2097152,2097152,2097152,2097152,25,131072,2097152,2097152,2097152,2097152,42,0,0,0,0,0,0,0,0,0,0,0,0,256,256,512,512,512,303,2097152,2097152,4194304,4194304,4194304,303,0,0,0,0,0,0,256,256,512,512,512,303,67896,0,34595,17747,38009,0,41,20,0
48015185729200,1702,2048,8192,16384,11829,512,4096,4096,1701,4096,8192,16384,1338,4096,8192,16384,339,8192,8192,8192,10,2048,8192,8192,353,512,4096,8192,1330,1024,4096,8192,212,0,0,0,1,64,65536,262144,17236,524288,1048576,1048576,41,262144,524288,524288,41,524288,524288,524288,41,512,1024,1024,41,128,8192,65536,41,64,512,4096,2006,128,512,4096,2006,64,512,4096,106461,64,512,4096,12042,64,256,512,1724,64,512,2048,3006,256,1024,4096,1214,128,512,512,1196,64,256,4096,17037,64,256,2048,1746,64,256,4096,438,64,256,512,117,64,512,4096,90,128,256,256,9,0,0,0,0,0,0,0,0,0,0,0,0,64,128,128,21,64,128,128,21,11.65,8.83,2.82,0,10,14,353,40,41,0,0,0,0,0,0,0,2097152,4194304,4194304,4194304,4194304,32,2097152,2097152,2097152,2097152,4194304,8,2097152,4194304,8388608,8388608,8388608,184,2097152,4194304,4194304,4194304,4194304,20,131072,2097152,4194304,4194304,4194304,25,0,0,0,0,2097152,1,0,0,0,0,0,0,256,256,512,512,512,270,2097152,4194304,4194304,8388608,8388608,270,0,0,0,0,0,0,256,512,512,512,1024,270,68084,0,34457,17129,37978,0,41,21,0
48016207152000,1702,2048,8192,16384,12113,512,4096,8192,1702,4096,8192,16384,1341,4096,8192,16384,342,8192,8192,8192,17,2048,8192,8192,367,512,4096,8192,1368,1024,4096,8192,250,0,0,0,1,64,65536,131072,17627,524288,1048576,1048576,41,262144,524288,524288,41,524288,524288,524288,41,512,1024,1024,41,64,128,8192,41,128,512,4096,2125,64,512,1024,2125,128,512,4096,109017,64,512,2048,12069,64,256,512,1862,64,512,1024,2934,256,1024,1024,1356,256,512,512,1248,64,512,4096,17469,64,256,512,1827,0,256,2048,423,64,256,512,162,128,512,4096,153,0,256,256,9,1024,2048,2048,49,1024,2048,2048,44,64,64,1024,93,64,128,128,20,64,128,128,20,12.48,9.55,2.93,44,17,14,367,38,42,0,0,0,0,0,0,0,2097152,2097152,2097152,2097152,2097152,3,2097152,2097152,2097152,2097152,2097152,10,2097152,2097152,4194304,4194304,4194304,228,2097152,2097152,2097152,2097152,4194304,23,2097152,2097152,2097152,2097152,2097152,29,0,0,0,0,0,0,0,0,0,0,0,0,256,256,512,512,512,293,2097152,2097152,4194304,4194304,4194304,293,0,0,0,0,0,0,256,256,512,1024,1024,293,68313,0,34085,17573,38288,0,41,20,0
48017227594300,1702,2048,8192,16384,12269,512,4096,4096,1981,4096,8192,16384,1379,4096,8192,16384,347,8192,16384,16384,22,2048,8192,8192,343,512,4096,8192,1353,1024,4096,8192,217,0,0,0,1,64,65536,262144,18053,524288,1048576,1048576,40,262144,524288,524288,40,262144,524288,524288,40,256,1024,1024,40,64,8192,16384,40,64,512,4096,2170,128,512,4096,2170,128,512,4096,110421,64,512,4096,12411,64,256,512,1849,128,512,4096,2961,256,1024,4096,1212,128,512,512,1212,64,256,4096,16182,64,256,512,1845,64,256,512,392,128,256,512,153,128,1024,4096,198,128,256,256,9,1024,1024,1024,3,1024,1024,1024,8,64,64,64,11,64,128,128,20,64,128,128,20,10.85,9.44,1.40,8,22,17,343,50,49,0,0,0,0,0,0,0,2097152,2097152,2097152,2097152,2097152,20,2097152,2097152,2097152,2097152,4194304,6,2097152,2097152,4194304,4194304,4194304,162,131072,2097152,2097152,2097152,2097152,17,131072,2097152,2097152,2097152,4194304,17,2097152,2097152,4194304,4194304,4194304,63,0,0,0,0,0,0,256,256,512,512,512,285,2097152,2097152,4194304,4194304,4194304,285,0,0,0,0,0,0,256,512,1024,1024,1024,285,68517,0,34163,17943,38756,0,40,20,0
48018248315200,1702,2048,8192,16384,12100,512,4096,8192,1687,4096,8192,16384,1385,4096,8192,16384,345,4096,8192,8192,14,2048,8192,8192,321,512,4096,8192,1392,1024,4096,8192,227,2048,2048,2048,2,64,65536,262144,17607,524288,1048576,1048576,41,262144,524288,524288,41,262144,524288,524288,41,512,1024,1024,41,64,8192,32768,41,64,512,1024,2138,128,512,4096,2138,64,512,4096,108900,64,512,1024,12465,64,256,512,1809,64,512,1024,2934,256,512,1024,1209,128,512,512,1191,64,256,4096,16119,64,256,512,1548,64,256,2048,561,64,512,1024,108,64,256,512,126,128,256,256,18,0,0,0,0,0,0,0,0,0,0,0,0,64,128,128,21,64,128,128,21,12.25,9.82,2.42,0,14,13,321,56,50,0,0,0,0,0,0,0,2097152,2097152,2097152,2097152,2097152,3,2097152,2097152,2097152,2097152,4194304,12,2097152,2097152,2097152,4194304,4194304,231,131072,2097152,4194304,4194304,4194304,32,131072,2097152,2097152,2097152,2097152,29,0,0,0,0,0,0,0,0,0,0,0,0,256,256,512,512,512,307,2097152,2097152,4194304,4194304,4194304,307,0,0,0,0,0,0,256,512,512,512,512,307,68664,0,33962,17463,37782,0,41,21,0
48019268272100,1702,2048,8192,16384,12130,512,4096,8192,1836,4096,8192,16384,1371,4096,16384,16384,348,8192,8192,8192,17,2048,8192,8192,348,512,4096,8192,1375,1024,4096,8192,219,0,0,0,1,64,65536,131072,17793,524288,1048576,1048576,41,262144,524288,524288,41,262144,524288,524288,41,512,1024,1024,41,64,128,8192,41,64,512,1024,2012,128,512,1024,2012,64,512,4096,109170,64,512,4096,12339,64,256,512,1888,64,512,1024,2970,256,1024,4096,1194,128,512,512,1149,64,256,2048,16623,64,256,512,1953,0,256,512,444,64,256,1024,162,128,512,4096,153,128,256,256,9,0,0,0,0,0,0,0,0,0,0,0,0,64,128,128,20,64,128,128,20,12.78,9.71,3.07,0,17,21,348,45,39,0,0,0,0,0,0,0,2097152,2097152,2097152,2097152,4194304,12,2097152,2097152,2097152,2097152,2097152,5,2097152,2097152,4194304,4194304,4194304,205,2097152,2097152,2097152,2097152,4194304,29,131072,2097152,2097152,2097152,2097152,25,0,0,0,0,0,0,0,0,0,0,0,0,256,256,512,512,512,276,2097152,2097152,4194304,4194304,4194304,276,0,0,0,0,0,0,256,512,512,512,512,276,68858,0,34476,17690,38154,0,41,20,0
48020289034800,1702,2048,8192,16384,11995,512,4096,8192,1727,4096,8192,16384,1354,4096,16384,16384,330,8192,8192,8192,18,2048,8192,8192,373,512,4096,8192,1334,1024,4096,8192,247,0,0,0,0,64,65536,131072,17533,524288,1048576,1048576,41,262144,524288,524288,41,262144,524288,524288,41,256,512,512,41,128,16384,65536,41,64,512,4096,2141,128,512,1024,2141,128,512,4096,107955,64,512,4096,12186,64,256,512,1654,128,512,1024,3024,256,1024,1024,1256,128,512,1024,1292,64,256,4096,15822,64,256,4096,1719,64,256,512,333,64,256,512,153,128,512,4096,162,0,0,0,0,0,0,0,0,0,0,0,0,0,0,0,0,64,128,128,21,64,128,128,21,12.25,9.31,2.93,0,18,22,373,38,43,0,0,0,0,0,0,0,2097152,2097152,2097152,2097152,2097152,2,2097152,2097152,2097152,2097152,2097152,7,2097152,2097152,4194304,4194304,4194304,229,131072,2097152,4194304,4194304,8388608,29,131072,2097152,2097152,2097152,8388608,28,0,0,0,0,0,0,0,0,0,0,0,0,256,256,512,512,512,295,2097152,2097152,4194304,8388608,8388608,295,0,0,0,0,0,0,256,512,512,1024,1024,295,69057,0,34248,17408,37882,0,41,21,0
48021310736400,1710,2048,8192,16384,12533,512,4096,4096,1706,4096,8192,16384,1402,4096,8192,16384,369,8192,8192,8192,13,2048,8192,8192,369,512,4096,8192,1415,1024,4096,8192,231,0,0,0,1,64,65536,131072,18181,524288,1048576,1048576,41,262144,524288,524288,41,262144,524288,524288,41,256,1024,1024,41,128,8192,16384,41,64,512,4096,2327,128,512,2048,2255,128,512,4096,112797,64,512,4096,12618,64,256,512,1810,64,512,1024,3204,256,1024,4096,1122,128,512,4096,1122,64,256,4096,15858,64,256,1024,1782,64,256,512,366,64,256,512,126,128,256,256,117,64,512,512,9,0,0,0,0,0,0,0,0,0,0,0,0,64,128,128,20,64,32768,32768,20,13.37,10.83,2.55,0,13,22,369,53,44,0,262144,524288,524288,524288,524288,9,2097152,2097152,2097152,2097152,4194304,15,2097152,2097152,2097152,2097152,2097152,12,2097152,2097152,4194304,4194304,8388608,220,131072,2097152,2097152,2097152,2097152,25,131072,2097152,2097152,2097152,2097152,26,0,0,0,0,0,0,0,0,0,0,0,0,256,256,512,512,512,307,2097152,2097152,4194304,4194304,8388608,307,128,256,256,256,256,9,256,512,512,512,512,298,69251,0,34771,18011,38569,0,41,20,0
48022329332600,1729,2048,8192,16384,12184,512,4096,8192,1723,4096,8192,16384,1389,4096,16384,16384,330,8192,8192,8192,22,2048,8192,16384,331,512,4096,8192,1395,1024,8192,8192,272,0,0,0,1,128,65536,131072,17814,524288,1048576,1048576,41,262144,524288,524288,41,524288,524288,524288,41,512,1024,1024,41,64,256,16384,41,64,512,1024,2358,128,512,4096,2187,128,512,4096,109656,64,512,4096,12501,64,256,512,1720,128,512,4096,2997,256,1024,2048,1032,256,512,4096,1212,64,256,4096,17181,64,256,512,1944,64,256,512,516,64,256,512,198,128,512,4096,198,0,256,256,9,0,0,0,0,0,0,0,0,0,0,0,0,64,128,128,21,128,32768,32768,21,11.76,8.57,3.20,0,22,12,331,38,31,0,262144,524288,524288,524288,524288,18,0,0,0,0,2097152,1,2097152,2097152,2097152,2097152,2097152,7,2097152,4194304,4194304,8388608,8388608,222,131072,2097152,2097152,2097152,4194304,20,131072,2097152,4194304,4194304,4194304,24,0,0,0,0,0,0,0,0,0,0,0,0,256,256,512,512,512,292,2097152,4194304,4194304,8388608,8388608,292,256,256,256,256,256,18,256,256,512,512,1024,274,69393,0,35151,17682,38364,0,41,21,0
48023350163900,1750,2048,8192,16384,12036,512,4096,8192,1739,4096,8192,16384,1372,4096,16384,16384,334,8192,8192,8192,13,2048,8192,8192,334,512,4096,8192,1371,1024,4096,8192,217,0,0,0,0,128,65536,262144,17541,524288,1048576,1048576,40,262144,524288,524288,40,262144,524288,524288,40,256,512,1024,40,128,32768,65536,40,64,512,4096,2323,128,512,4096,2134,128,512,4096,108324,64,512,4096,12348,64,256,512,1633,64,512,4096,2880,256,1024,4096,1019,128,512,512,992,64,256,4096,17199,64,256,1024,1674,64,256,512,342,64,256,256,108,128,512,512,117,0,0,0,0,0,0,0,0,0,0,0,0,0,0,0,0,64,128,128,20,16384,32768,32768,20,15.18,10.97,4.21,0,13,20,334,43,44,0,262144,524288,524288,524288,524288,21,2097152,2097152,2097152,2097152,4194304,16,2097152,2097152,2097152,2097152,4194304,14,2097152,4194304,4194304,4194304,4194304,201,2097152,2097152,2097152,2097152,2097152,34,262144,2097152,2097152,2097152,4194304,21,0,0,0,0,0,0,0,0,0,0,0,0,256,256,512,512,512,307,2097152,4194304,4194304,4194304,4194304,307,128,256,256,256,256,21,256,512,512,512,512,286,69540,0,34612,17405,38380,0,40,20,0
48024370220600,1713,2048,8192,16384,11942,512,4096,8192,1706,4096,8192,16384,1400,4096,8192,16384,353,8192,16384,16384,15,2048,8192,8192,355,512,4096,8192,1383,1024,4096,8192,221,0,0,0,0,64,65536,131072,17513,524288,1048576,1048576,41,262144,524288,524288,41,262144,524288,524288,41,512,1024,1024,41,64,4096,8192,41,64,512,2048,2568,64,512,1024,2901,64,512,4096,107478,64,512,1024,12600,64,256,512,1725,64,512,1024,3096,256,1024,2048,1188,128,512,1024,1152,64,512,4096,17649,64,256,2048,2025,64,256,512,378,64,256,4096,135,64,4096,4096,135,0,0,0,0,0,0,0,0,0,0,0,0,0,0,0,0,64,128,128,20,64,32768,32768,20,9.19,7.79,1.40,0,15,14,355,49,48,52,262144,262144,262144,262144,262144,15,0,0,0,0,0,0,2097152,4194304,4194304,4194304,4194304,9,2097152,2097152,4194304,4194304,4194304,234,2097152,2097152,2097152,2097152,2097152,21,2097152,2097152,2097152,2097152,2097152,20,0,0,0,0,0,0,0,0,0,0,0,0,256,256,512,512,1024,299,2097152,2097152,4194304,4194304,4194304,299,128,256,256,256,256,15,256,512,512,512,1024,284,69774,0,34370,17399,38249,0,41,20,0
48025390603400,1713,2048,8192,16384,12331,512,4096,8192,1713,4096,8192,16384,1388,4096,16384,16384,358,8192,16384,16384,19,2048,8192,8192,394,512,4096,8192,1392,1024,8192,8192,231,0,0,0,0,64,65536,262144,17996,524288,1048576,1048576,41,262144,524288,524288,41,524288,524288,524288,41,512,1024,1024,41,64,2048,16384,41,64,512,2048,2085,128,512,4096,2085,128,512,4096,110979,64,512,4096,12492,64,256,512,1698,64,512,4096,3330,256,1024,4096,1216,256,512,4096,1261,64,256,4096,17064,64,256,4096,1881,64,256,4096,402,64,256,512,180,128,512,4096,171,0,0,0,0,0,0,0,0,0,0,0,0,0,0,0,0,64,128,128,21,64,128,128,21,11.49,9.57,1.91,0,19,11,394,44,41,0,0,0,0,0,0,0,2097152,2097152,2097152,2097152,4194304,17,2097152,2097152,2097152,2097152,2097152,12,2097152,2097152,4194304,4194304,4194304,216,131072,2097152,4194304,4194304,4194304,23,2097152,2097152,2097152,2097152,4194304,22,0,0,0,0,0,0,0,0,0,0,0,0,256,256,512,512,512,290,2097152,2097152,4194304,4194304,4194304,290,0,0,0,0,0,0,256,512,512,512,1024,290,69993,0,34798,17878,38236,0,41,21,0
48026409847500,1713,2048,8192,16384,12196,512,4096,8192,1948,4096,8192,16384,1368,4096,16384,16384,332,8192,8192,8192,16,2048,8192,8192,348,512,4096,8192,1353,1024,4096,8192,234,0,0,0,0,64,65536,262144,17914,524288,1048576,1048576,41,262144,524288,524288,41,262144,524288,524288,41,512,1024,1024,41,64,2048,4096,41,64,512,4096,2136,128,512,4096,2136,64,512,4096,109764,64,512,1024,12312,64,256,512,1575,64,512,4096,2808,256,1024,4096,1240,128,512,1024,1213,64,256,2048,16614,64,256,512,1665,64,256,4096,417,64,256,512,162,128,512,4096,144,0,0,0,0,1024,2048,2048,52,1024,1024,2048,46,64,64,128,98,64,128,128,20,64,128,128,20,10.60,8.94,1.66,46,16,4,348,51,41,0,0,0,0,0,0,0,0,0,0,0,2097152,1,2097152,2097152,2097152,2097152,2097152,7,2097152,4194304,8388608,8388608,8388608,224,131072,2097152,2097152,2097152,2097152,25,131072,2097152,2097152,2097152,4194304,26,0,0,0,0,0,0,0,0,0,0,0,0,256,256,512,512,1024,283,2097152,2097152,8388608,8388608,8388608,283,0,0,0,0,0,0,256,512,512,1024,1024,283,70216,0,33893,17879,37488,0,41,20,0
48027430982900,1713,2048,8192,16384,12008,512,4096,8192,1889,4096,8192,16384,1343,4096,8192,16384,352,8192,16384,16384,15,2048,8192,8192,335,512,4096,8192,1376,1024,4096,16384,239,0,0,0,0,64,65536,131072,17693,524288,1048576,1048576,41,262144,524288,524288,41,262144,524288,524288,41,512,1024,1024,41,64,128,16384,41,64,512,4096,2200,128,512,4096,2200,64,512,4096,108072,64,512,2048,12087,64,256,512,1858,64,512,1024,3096,256,1024,4096,1257,128,512,4096,1194,64,256,4096,16695,64,256,4096,1719,64,256,512,345,64,256,256,117,64,1024,4096,135,0,0,0,0,0,0,0,0,1024,1024,1024,6,64,64,64,6,64,128,128,21,64,128,128,21,11.22,9.44,1.79,6,15,6,335,39,48,0,0,0,0,0,0,0,2097152,2097152,2097152,2097152,2097152,17,2097152,2097152,2097152,2097152,2097152,7,2097152,4194304,4194304,4194304,8388608,198,2097152,2097152,2097152,2097152,2097152,26,262144,2097152,2097152,2097152,2097152,27,0,0,0,0,0,0,0,0,0,0,0,0,256,256,512,512,512,275,2097152,4194304,4194304,4194304,8388608,275,0,0,0,0,0,0,256,512,512,512,512,275,70390,0,33054,17257,36982,261,41,21,0
48028451636600,1713,2048,8192,16384,12338,512,4096,8192,1762,4096,8192,16384,1398,4096,16384,16384,380,4096,8192,8192,22,2048,8192,16384,293,512,4096,8192,1393,1024,4096,8192,220,0,0,0,0,64,65536,262144,17957,524288,1048576,1048576,40,262144,524288,524288,40,524288,524288,524288,40,512,1024,1024,40,64,32768,32768,40,64,512,4096,1991,128,512,2048,1991,64,512,4096,111047,64,512,2048,12582,64,256,512,1928,64,512,4096,3186,256,1024,4096,1254,128,512,1024,1362,64,256,4096,16200,64,256,1024,1719,64,256,512,381,64,512,512,189,64,256,512,198,0,0,0,0,0,0,0,0,0,0,0,0,0,0,0,0,64,128,128,20,64,128,128,20,12.25,9.70,2.55,0,22,5,293,36,43,0,0,0,0,0,0,0,2097152,2097152,2097152,2097152,4194304,14,2097152,2097152,2097152,2097152,2097152,10,2097152,2097152,4194304,4194304,4194304,222,131072,2097152,2097152,2097152,2097152,28,2097152,2097152,2097152,2097152,4194304,21,0,0,0,0,0,0,0,0,0,0,0,0,256,256,512,512,512,295,2097152,2097152,4194304,4194304,4194304,295,0,0,0,0,0,0,256,512,512,1024,1024,295,70494,0,34648,17835,38084,0,40,20,0
48029470712400,1713,2048,8192,16384,12192,512,4096,8192,1714,4096,8192,16384,1376,4096,8192,32768,337,8192,8192,8192,17,2048,8192,8192,375,512,4096,8192,1393,1024,4096,8192,276,0,0,0,0,64,65536,262144,17805,524288,1048576,1048576,41,262144,262144,524288,41,262144,524288,524288,41,512,1024,2048,41,64,4096,32768,41,64,512,4096,1997,128,512,4096,1997,64,512,4096,109725,64,512,1024,12384,64,256,512,1699,64,512,1024,2898,256,1024,4096,1187,256,512,1024,1106,64,256,4096,16677,64,256,1024,1836,64,256,512,366,128,256,1024,144,128,256,512,153,0,0,0,0,0,0,0,0,0,0,0,0,0,0,0,0,64,128,128,20,64,128,128,20,11.37,8.30,3.07,0,17,3,375,51,49,0,0,0,0,0,0,0,2097152,2097152,2097152,2097152,2097152,5,2097152,2097152,2097152,2097152,2097152,5,2097152,4194304,4194304,8388608,8388608,219,2097152,2097152,2097152,2097152,4194304,35,131072,2097152,2097152,2097152,2097152,27,0,0,0,0,0,0,0,0,0,0,0,0,256,256,512,512,512,291,2097152,2097152,4194304,8388608,8388608,291,0,0,0,0,0,0,256,512,512,1024,2048,291,70698,0,34720,17683,38071,0,41,20,0
48030490891700,1713,2048,8192,16384,12259,512,4096,8192,1717,4096,8192,16384,1429,4096,8192,16384,355,8192,8192,8192,15,2048,8192,8192,400,512,4096,8192,1408,1024,4096,8192,242,0,0,0,0,64,65536,131072,17959,524288,1048576,1048576,41,262144,524288,524288,41,262144,524288,524288,41,512,1024,1024,41,64,4096,32768,41,64,512,4096,2156,64,512,4096,2156,64,512,4096,110329,64,512,2048,12861,64,256,512,1848,64,512,1024,2862,256,1024,4096,1164,128,512,4096,1164,64,256,4096,17217,64,256,512,1746,64,256,512,399,64,256,256,117,128,512,1024,135,0,0,0,0,0,0,0,0,0,0,0,0,0,0,0,0,64,128,128,21,64,128,128,21,11.87,9.95,1.91,0,15,0,400,45,33,0,0,0,0,0,0,0,2097152,8388608,8388608,8388608,8388608,17,2097152,2097152,2097152,2097152,4194304,4,2097152,4194304,4194304,4194304,8388608,202,2097152,4194304,4194304,4194304,4194304,22,131072,4194304,4194304,4194304,4194304,19,0,0,0,0,0,0,0,0,0,0,0,0,256,256,512,512,512,264,2097152,4194304,4194304,8388608,8388608,264,0,0,0,0,0,0,256,512,1024,1024,1024,264,70927,0,34333,17766,38282,0,41,21,0
48031512123900,1713,2048,8192,16384,12109,512,4096,8192,1714,4096,8192,16384,1346,4096,8192,16384,335,8192,16384,16384,10,2048,8192,8192,332,512,4096,8192,1349,1024,4096,8192,218,0,0,0,0,64,65536,131072,17548,524288,1048576,1048576,41,262144,524288,524288,41,262144,524288,524288,41,512,1024,1024,41,64,16384,65536,41,64,512,4096,2373,64,512,4096,2373,64,512,4096,108981,64,512,4096,12114,64,256,512,1826,64,512,1024,2961,256,1024,1024,1143,256,512,1024,1071,64,256,4096,16353,64,256,2048,1980,64,256,4096,387,64,256,512,126,64,512,4096,90,0,0,0,0,0,0,0,0,0,0,0,0,0,0,0,0,64,128,128,20,64,128,128,20,13.52,10.84,2.68,0,10,0,332,36,40,0,0,0,0,0,0,0,2097152,2097152,2097152,2097152,2097152,3,2097152,2097152,2097152,2097152,2097152,4,2097152,2097152,4194304,4194304,4194304,236,131072,2097152,2097152,2097152,2097152,26,2097152,2097152,2097152,2097152,4194304,30,0,0,0,0,0,0,0,0,0,0,0,0,256,256,512,512,512,299,2097152,2097152,4194304,4194304,4194304,299,0,0,0,0,0,0,256,512,512,512,1024,299,71046,0,34279,17403,38025,0,41,20,0
48032530894700,1713,2048,8192,16384,12317,512,4096,8192,1714,4096,8192,16384,1425,4096,16384,16384,390,8192,16384,16384,21,2048,8192,8192,348,512,4096,8192,1389,1024,4096,8192,218,0,0,0,0,64,65536,131072,18001,524288,1048576,1048576,41,262144,524288,524288,41,524288,524288,524288,41,512,2048,2048,41,64,128,128,41,64,512,4096,2040,128,512,4096,2040,128,512,4096,110853,64,512,1024,12825,64,256,512,1978,64,512,2048,3276,256,1024,4096,1182,256,512,1024,1272,64,512,4096,17127,64,256,1024,1746,64,256,512,351,64,256,512,207,128,512,4096,189,0,0,0,0,0,0,0,0,0,0,0,0,0,0,0,0,64,128,128,21,64,128,128,21,12.39,10.48,1.92,0,21,0,348,42,56,0,0,0,0,0,0,0,2097152,2097152,2097152,2097152,4194304,16,2097152,2097152,2097152,2097152,2097152,2,2097152,2097152,4194304,4194304,16777216,222,131072,2097152,2097152,2097152,4194304,26,131072,2097152,2097152,2097152,2097152,34,0,0,0,0,0,0,0,0,0,0,0,0,256,256,512,512,512,300,2097152,2097152,4194304,4194304,16777216,300,0,0,0,0,0,0,256,512,512,512,1024,300,71213,0,34434,17851,37790,0,41,21,0
48033552313900,1662,2048,8192,16384,12242,512,4096,8192,1688,4096,8192,16384,1375,4096,16384,16384,316,8192,8192,8192,18,2048,8192,8192,322,512,4096,8192,1377,1024,4096,8192,238,0,0,0,1,64,65536,131072,17732,524288,1048576,1048576,40,262144,524288,524288,40,262144,524288,524288,40,512,1024,1024,40,64,128,512,40,64,512,4096,2065,64,512,4096,2524,64,512,4096,110178,64,512,1024,12375,64,256,512,1735,64,512,1024,2574,256,512,2048,1074,128,512,512,1137,64,256,4096,16344,64,256,512,1629,64,256,512,252,64,256,4096,162,128,512,512,162,64,256,256,9,0,0,0,0,0,0,0,0,0,0,0,0,64,128,128,20,64,128,128,20,12.50,8.80,3.70,0,18,0,322,40,40,51,0,0,0,0,0,0,2097152,2097152,2097152,2097152,2097152,8,2097152,2097152,2097152,2097152,4194304,4,2097152,4194304,4194304,4194304,4194304,227,131072,2097152,2097152,2097152,2097152,28,131072,2097152,2097152,2097152,4194304,30,0,0,0,0,0,0,0,0,0,0,0,0,256,256,512,512,512,297,2097152,4194304,4194304,4194304,4194304,297,0,0,0,0,0,0,256,512,512,1024,1024,297,71387,0,34082,17642,37805,0,40,20,0
48034571397900,1662,2048,8192,16384,11804,512,4096,8192,1660,4096,8192,16384,1305,4096,8192,16384,323,8192,16384,16384,14,2048,8192,8192,348,512,4096,8192,1321,1024,4096,8192,189,2048,4096,4096,3,64,65536,131072,17106,524288,1048576,1048576,41,262144,524288,524288,41,262144,524288,524288,41,512,1024,1024,41,128,256,4096,41,64,512,4096,2159,128,512,4096,2159,64,512,4096,106236,64,512,1024,11745,64,256,1024,1594,64,512,1024,2628,256,1024,1024,1101,128,512,1024,1128,64,512,4096,15498,64,256,2048,1620,64,256,4096,357,64,256,512,126,128,512,4096,126,128,512,512,27,0,0,0,0,0,0,0,0,0,0,0,0,64,128,128,20,64,128,128,20,12.39,9.45,2.94,0,14,0,348,34,40,0,0,0,0,0,0,0,2097152,2097152,2097152,2097152,8388608,11,2097152,2097152,2097152,2097152,2097152,2,2097152,4194304,4194304,4194304,4194304,211,131072,2097152,2097152,2097152,2097152,38,131072,2097152,2097152,2097152,8388608,30,0,0,0,0,0,0,0,0,0,0,0,0,256,256,512,512,512,292,2097152,2097152,4194304,8388608,8388608,292,0,0,0,0,0,0,256,512,512,512,1024,292,71531,0,33346,16971,37034,0,41,20,0
48035594168800,1662,2048,8192,16384,11943,512,4096,8192,1659,4096,8192,16384,1361,4096,8192,16384,373,8192,16384,16384,19,2048,8192,8192,383,512,4096,4096,1359,1024,4096,8192,229,2048,2048,2048,2,64,65536,131072,17462,524288,1048576,1048576,41,262144,524288,524288,41,262144,524288,524288,41,1024,1024,1024,41,64,128,65536,41,64,512,4096,2051,128,512,1024,2051,64,512,4096,107487,64,512,4096,12249,64,256,512,2025,64,512,1024,2988,256,1024,1024,1223,128,512,1024,1160,64,256,4096,16353,64,256,512,1647,64,256,4096,264,64,256,512,153,128,512,4096,171,128,512,512,18,1024,2048,2048,11,1024,1024,1024,11,64,64,64,22,64,128,128,21,64,128,128,21,10.82,9.55,1.27,11,19,0,383,46,45,0,0,0,0,0,0,0,2097152,2097152,2097152,2097152,2097152,6,0,0,0,0,0,0,2097152,2097152,4194304,4194304,4194304,232,2097152,2097152,2097152,2097152,4194304,22,2097152,2097152,2097152,2097152,2097152,27,0,0,0,0,0,0,0,0,0,0,0,0,256,256,512,512,512,287,2097152,2097152,4194304,4194304,4194304,287,0,0,0,0,0,0,256,512,512,512,512,287,71748,0,33276,17315,36941,0,41,21,0
48036611697200,1662,2048,8192,16384,11700,512,4096,8192,1661,4096,8192,16384,1299,4096,8192,16384,322,8192,8192,8192,17,2048,8192,8192,310,512,4096,8192,1300,1024,4096,8192,237,2048,2048,2048,2,64,65536,131072,17006,524288,1048576,1048576,41,262144,262144,524288,41,262144,524288,524288,41,512,1024,1024,41,64,2048,4096,41,128,512,4096,2191,128,512,4096,2191,64,512,4096,105300,64,512,1024,11691,64,256,512,1564,64,512,2048,2637,256,1024,4096,1299,128,512,2048,1290,64,256,1024,16389,64,256,512,1908,64,256,1024,368,64,256,512,144,128,512,4096,153,64,256,256,18,1024,2048,2048,40,1024,2048,2048,40,64,64,128,80,64,128,128,20,64,128,128,20,11.25,9.21,2.05,40,17,0,310,47,25,0,0,0,0,0,0,0,2097152,2097152,2097152,2097152,2097152,11,0,0,0,0,0,0,2097152,2097152,2097152,2097152,4194304,169,2097152,2097152,2097152,2097152,2097152,21,2097152,2097152,2097152,2097152,4194304,24,2097152,4194304,4194304,4194304,8388608,61,0,0,0,0,0,0,256,256,512,512,512,286,2097152,2097152,4194304,4194304,8388608,286,0,0,0,0,0,0,256,512,512,1024,1024,286,71901,0,33082,16963,37993,0,41,20,0
48037633621500,1662,2048,8192,16384,11928,512,4096,8192,1686,4096,8192,16384,1341,4096,8192,16384,328,8192,16384,16384,17,2048,8192,8192,330,512,4096,8192,1351,1024,4096,8192,240,2048,2048,2048,3,64,65536,262144,17362,524288,1048576,1048576,41,262144,524288,524288,41,524288,524288,524288,41,512,1024,1024,41,64,2048,16384,41,64,512,1024,2014,128,512,1024,2014,64,512,4096,107352,64,512,2048,12069,64,256,512,1640,64,512,4096,2772,256,1024,4096,1160,128,512,512,1169,64,256,2048,17325,64,256,2048,1746,64,256,2048,516,64,256,512,135,128,512,4096,153,256,256,256,27,0,0,0,0,0,0,0,0,0,0,0,0,64,128,128,21,64,128,128,21,11.86,8.80,3.06,0,17,3,330,36,40,0,0,0,0,0,0,0,2097152,2097152,2097152,2097152,4194304,2,0,0,0,0,0,0,2097152,2097152,4194304,4194304,8388608,226,2097152,2097152,4194304,4194304,8388608,31,131072,2097152,2097152,2097152,4194304,17,0,0,0,0,0,0,0,0,0,0,0,0,256,256,512,512,512,276,2097152,2097152,4194304,8388608,8388608,276,0,0,0,0,0,0,256,512,512,1024,2048,276,72051,0,33893,17209,37442,0,41,21,0
48038652559600,1662,2048,8192,16384,11997,512,4096,4096,1748,4096,8192,8192,1360,4096,8192,16384,331,4096,8192,8192,13,2048,8192,8192,313,512,4096,8192,1347,1024,4096,8192,232,0,0,0,0,64,65536,131072,17482,524288,1048576,1048576,40,262144,524288,524288,40,524288,524288,524288,40,512,1024,1024,40,128,32768,32768,40,64,512,4096,2342,128,512,4096,2342,128,512,4096,107973,64,512,1024,12240,64,256,512,1837,64,512,1024,2826,256,1024,1024,1245,128,512,1024,1218,64,256,4096,17298,64,256,512,1728,64,256,512,366,64,256,512,144,64,256,256,117,0,0,0,0,0,0,0,0,0,0,0,0,0,0,0,0,64,128,128,20,64,128,128,20,11.63,9.45,2.17,0,13,3,313,45,44,0,0,0,0,0,0,0,2097152,2097152,2097152,2097152,2097152,18,0,0,0,0,0,0,2097152,4194304,4194304,4194304,4194304,211,131072,2097152,2097152,2097152,2097152,25,2097152,4194304,4194304,4194304,8388608,34,0,0,0,0,0,0,0,0,0,0,0,0,256,256,512,512,512,288,2097152,4194304,4194304,4194304,8388608,288,0,0,0,0,0,0,256,512,512,512,512,288,72181,0,33478,17363,37284,0,40,20,0
48039673775800,1662,2048,8192,16384,11944,512,4096,8192,2167,4096,8192,16384,1349,4096,8192,16384,344,8192,8192,16384,21,2048,8192,8192,353,512,4096,8192,1332,1024,4096,8192,231,0,0,0,1,64,65536,131072,17895,524288,1048576,1048576,41,262144,524288,524288,41,262144,524288,524288,41,512,1024,1024,41,128,2048,32768,41,64,512,4096,2171,128,512,4096,2171,128,512,4096,107496,64,512,2048,12141,64,256,512,1761,64,512,512,2790,256,1024,1024,1194,128,512,1024,1131,64,256,4096,16857,64,256,512,1863,64,256,512,402,128,512,512,162,128,512,4096,189,256,256,256,9,0,0,0,0,0,0,0,0,0,0,0,0,64,128,128,20,64,64,64,20,11.98,10.58,1.40,0,21,9,353,27,47,0,0,0,0,0,0,0,2097152,2097152,2097152,2097152,2097152,2,0,0,0,0,0,0,2097152,2097152,4194304,4194304,4194304,233,2097152,2097152,2097152,2097152,2097152,38,2097152,2097152,2097152,2097152,4194304,27,0,0,0,0,0,0,0,0,0,0,0,0,256,256,512,512,512,300,2097152,2097152,4194304,4194304,4194304,300,0,0,0,0,0,0,256,512,512,512,512,300,72338,0,34016,17758,37897,0,41,20,0
48040693836400,1673,2048,8192,16384,12089,512,4096,8192,1735,4096,8192,16384,1341,4096,8192,16384,330,8192,8192,8192,16,2048,8192,8192,363,512,4096,8192,1376,1024,4096,8192,217,0,0,0,0,64,65536,131072,17621,524288,1048576,1048576,41,262144,524288,524288,41,262144,524288,524288,41,512,1024,1024,41,64,128,16384,41,64,512,1024,2124,128,512,4096,2025,128,512,4096,108801,64,512,2048,12069,64,256,512,1725,128,512,2048,2862,256,1024,2048,1182,128,512,512,1191,64,256,1024,18351,64,256,512,1836,64,256,512,342,64,256,256,171,128,256,4096,144,0,0,0,0,0,0,0,0,0,0,0,0,0,0,0,0,64,128,128,21,64,32768,32768,21,10.85,8.68,2.17,0,16,16,363,35,35,0,262144,262144,262144,262144,262144,11,2097152,2097152,2097152,2097152,4194304,31,0,0,0,0,0,0,2097152,2097152,4194304,4194304,4194304,211,131072,2097152,2097152,2097152,4194304,23,2097152,2097152,2097152,2097152,4194304,29,0,0,0,0,0,0,0,0,0,0,0,0,256,256,512,512,512,305,2097152,2097152,4194304,4194304,4194304,305,128,256,256,256,512,11,256,512,512,512,512,294,72498,0,33728,17466,37292,0,41,21,0
48041715180600,1695,2048,8192,16384,11727,512,4096,8192,1682,4096,8192,16384,1313,4096,8192,16384,365,8192,8192,8192,20,2048,8192,16384,348,512,4096,8192,1326,1024,4096,8192,212,0,0,0,1,64,65536,131072,17147,524288,1048576,1048576,41,262144,524288,524288,41,262144,524288,524288,41,1024,2048,2048,41,128,32768,65536,41,64,512,1024,2353,128,512,1024,2155,64,512,4096,105543,64,512,1024,11817,64,256,512,1694,64,512,1024,2898,256,1024,1024,1170,128,512,1024,1206,64,256,4096,17037,64,256,512,1872,64,256,256,201,64,256,512,180,128,512,4096,180,64,128,128,9,0,0,0,0,0,0,0,0,0,0,0,0,64,128,128,20,16384,32768,32768,20,11.09,8.80,2.29,0,20,18,348,28,42,0,262144,524288,524288,524288,524288,22,2097152,2097152,2097152,2097152,2097152,3,0,0,0,0,0,0,2097152,2097152,4194304,4194304,4194304,242,131072,2097152,2097152,2097152,4194304,23,131072,2097152,2097152,2097152,2097152,28,0,0,0,0,0,0,0,0,0,0,0,0,256,256,512,512,512,318,2097152,2097152,4194304,4194304,4194304,318,128,256,256,256,256,22,256,512,512,1024,1024,296,72636,0,33294,16990,37604,0,41,20,0
48042736060600,1718,2048,8192,16384,12107,512,4096,8192,1700,4096,8192,16384,1385,4096,16384,16384,339,8192,16384,16384,14,2048,8192,8192,322,512,4096,8192,1402,1024,8192,16384,219,0,0,0,0,128,65536,131072,17636,524288,1048576,1048576,41,262144,524288,524288,41,262144,524288,524288,41,512,1024,1024,41,128,16384,32768,41,64,512,2048,2374,64,512,4096,2167,64,512,4096,108963,64,512,2048,12465,64,256,512,1770,64,512,1024,2934,256,1024,4096,1270,128,512,4096,1198,64,256,4096,16335,64,256,1024,1683,64,256,512,372,64,256,512,117,128,512,4096,126,0,0,0,0,0,0,0,0,0,0,0,0,0,0,0,0,64,128,128,21,16384,32768,32768,21,11.74,9.95,1.79,0,14,25,322,43,40,0,262144,524288,524288,524288,524288,23,2097152,2097152,2097152,2097152,2097152,18,0,0,0,0,0,0,2097152,4194304,4194304,8388608,8388608,207,2097152,2097152,2097152,2097152,2097152,29,131072,2097152,4194304,4194304,4194304,22,0,0,0,0,0,0,0,0,0,0,0,0,256,256,512,512,512,299,2097152,2097152,4194304,8388608,8388608,299,128,256,256,256,256,23,256,512,1024,1024,2048,276,72781,0,34250,17494,38150,0,41,21,0
48043755130200,1672,2048,8192,16384,12333,512,4096,8192,1708,4096,8192,16384,1401,4096,8192,16384,366,8192,8192,8192,13,2048,8192,8192,348,512,4096,8192,1405,1024,4096,8192,253,0,0,0,1,64,65536,131072,17977,524288,1048576,1048576,41,262144,524288,524288,41,262144,524288,524288,41,512,1024,1024,41,64,128,16384,41,64,512,1024,2558,64,512,1024,2972,64,512,4096,110997,64,512,1024,12613,64,256,512,1819,64,512,512,2961,256,1024,4096,1104,256,512,2048,1068,64,256,4096,17109,64,256,512,1890,64,256,4096,366,64,256,512,117,128,256,512,117,64,256,256,9,0,0,0,0,0,0,0,0,0,0,0,0,64,128,128,20,64,16384,16384,20,12.14,9.84,2.30,0,13,28,348,42,41,51,262144,524288,524288,524288,524288,5,2097152,2097152,2097152,2097152,2097152,13,0,0,0,0,0,0,2097152,2097152,4194304,4194304,4194304,242,131072,2097152,2097152,2097152,4194304,18,131072,2097152,2097152,2097152,4194304,17,0,0,0,0,0,0,0,0,0,0,0,0,256,256,512,512,512,295,2097152,2097152,4194304,4194304,4194304,295,128,256,256,256,512,5,256,512,512,512,512,290,73009,0,33598,17818,37877,0,41,20,0
48044773996800,1672,2048,8192,16384,11731,512,4096,8192,1676,4096,8192,16384,1349,4096,16384,16384,325,8192,16384,16384,17,2048,8192,8192,345,512,4096,8192,1315,1024,4096,8192,232,0,0,0,0,64,65536,131072,17134,524288,1048576,1048576,40,262144,524288,524288,40,262144,524288,524288,40,512,1024,1024,40,64,16384,65536,40,64,512,4096,2180,128,512,4096,2180,64,512,4096,105579,64,512,2048,12137,64,256,512,1701,64,256,1024,2655,256,1024,4096,1149,128,512,2048,1176,64,256,4096,15921,64,256,2048,1782,64,256,512,363,64,256,512,162,128,512,4096,153,0,0,0,0,0,0,0,0,0,0,0,0,0,0,0,0,64,128,128,20,64,128,128,20,13.54,9.58,3.96,0,17,26,345,39,39,0,0,0,0,0,0,0,2097152,2097152,2097152,2097152,2097152,7,0,0,0,0,2097152,1,2097152,2097152,4194304,4194304,4194304,223,2097152,2097152,2097152,2097152,4194304,28,2097152,2097152,2097152,2097152,2097152,29,0,0,0,0,0,0,0,0,0,0,0,0,256,256,512,512,512,288,2097152,2097152,4194304,4194304,4194304,288,0,0,0,0,0,0,256,512,512,1024,1024,288,73187,0,33750,16978,37415,0,40,20,0
48045796113500,1672,2048,8192,16384,12307,512,4096,8192,1673,4096,8192,16384,1354,4096,16384,16384,368,8192,8192,8192,11,2048,8192,8192,357,512,4096,8192,1371,1024,4096,8192,228,0,0,0,1,64,65536,131072,17789,524288,1048576,1048576,41,262144,524288,524288,41,262144,524288,524288,41,512,1024,1024,41,64,128,32768,41,64,512,4096,2233,64,512,4096,2233,128,512,4096,110763,64,512,4096,12186,64,256,512,1963,64,512,1024,2997,256,1024,4096,1218,128,512,512,1218,64,256,4096,17496,64,256,512,1638,64,256,1024,339,64,512,512,108,128,512,512,99,64,128,128,9,1024,2048,2048,11,1024,1024,1024,11,64,64,64,22,64,128,128,21,64,128,128,21,11.86,10.07,1.79,11,11,20,357,54,36,0,0,0,0,0,0,0,2097152,2097152,2097152,2097152,4194304,16,2097152,2097152,2097152,2097152,2097152,3,2097152,4194304,8388608,8388608,8388608,197,2097152,4194304,4194304,4194304,4194304,19,131072,4194304,4194304,4194304,4194304,38,0,0,0,0,0,0,0,0,0,0,0,0,256,256,512,512,32768,273,2097152,4194304,4194304,8388608,8388608,273,0,0,0,0,0,0,256,512,512,1024,16384,273,73403,0,33935,17683,37814,0,41,21,0
48046814780500,1672,2048,8192,16384,11672,512,4096,8192,1669,4096,8192,16384,1330,4096,8192,16384,303,8192,16384,16384,16,2048,8192,8192,347,512,4096,8192,1327,1024,8192,8192,207,0,0,0,0,64,65536,131072,17015,524288,1048576,1048576,41,262144,524288,524288,41,524288,524288,524288,41,512,1024,1024,41,64,256,8192,41,64,512,1024,2114,128,512,1024,2114,128,512,4096,105048,64,512,4096,11970,64,256,512,1620,64,512,1024,2610,256,1024,4096,1203,128,512,2048,1140,64,256,4096,17523,64,256,1024,1962,64,256,4096,363,64,256,512,135,128,512,4096,144,0,0,0,0,1024,2048,2048,40,1024,2048,2048,40,64,64,128,80,64,128,128,20,64,64,64,20,14.82,10.60,4.22,40,16,27,347,38,34,0,0,0,0,0,0,0,2097152,2097152,2097152,2097152,2097152,5,2097152,2097152,2097152,2097152,4194304,7,2097152,2097152,4194304,4194304,4194304,232,131072,2097152,4194304,4194304,4194304,33,131072,2097152,4194304,4194304,4194304,25,0,0,0,0,0,0,0,0,0,0,0,0,256,256,512,512,512,302,2097152,2097152,4194304,4194304,4194304,302,0,0,0,0,0,0,256,512,512,1024,1024,302,73603,0,33089,16952,37199,0,41,20,0
48047836374300,1672,2048,8192,16384,12052,512,4096,8192,1670,4096,8192,16384,1343,4096,8192,16384,342,8192,8192,8192,15,2048,8192,8192,319,512,4096,8192,1372,1024,4096,8192,244,0,0,0,1,64,65536,262144,17507,524288,1048576,1048576,41,262144,262144,524288,41,524288,524288,524288,41,512,1024,1024,41,64,128,16384,41,64,512,4096,2135,128,512,1024,2135,128,512,4096,108468,64,512,1024,12087,64,256,512,2039,128,512,4096,2817,256,1024,4096,1182,128,512,512,1164,64,256,4096,17532,64,256,512,1899,64,256,512,396,64,256,512,144,128,512,4096,135,64,256,256,9,0,0,0,0,0,0,0,0,0,0,0,0,64,128,128,21,64,64,128,21,13.26,8.93,4.34,0,15,42,319,37,39,0,0,0,0,0,0,0,2097152,2097152,2097152,2097152,2097152,14,2097152,2097152,2097152,2097152,2097152,7,2097152,2097152,4194304,4194304,4194304,224,2097152,2097152,2097152,2097152,2097152,28,131072,2097152,2097152,2097152,2097152,27,0,0,0,0,0,0,0,0,0,0,0,0,256,256,512,512,512,300,2097152,2097152,4194304,4194304,4194304,300,0,0,0,0,0,0,256,512,512,1024,1024,300,73755,0,33874,17377,37403,0,41,21,0
48048855271000,1672,2048,8192,16384,11761,512,4096,8192,1672,4096,8192,16384,1357,4096,16384,16384,345,8192,16384,16384,18,2048,8192,8192,341,512,4096,8192,1323,1024,8192,8192,232,2048,2048,2048,2,64,65536,131072,17189,524288,1048576,1048576,41,262144,262144,524288,41,262144,524288,524288,41,512,1024,1024,41,64,128,2048,41,64,512,4096,2010,128,512,1024,2010,64,512,4096,105849,64,512,4096,12213,64,256,512,1715,64,512,1024,2772,256,1024,4096,1263,128,512,512,1245,64,256,4096,17019,64,256,2048,1773,64,256,512,360,64,256,512,162,64,512,4096,162,128,512,512,18,0,0,0,0,0,0,0,0,0,0,0,0,64,128,128,20,64,64,64,20,11.37,8.81,2.56,0,18,34,341,29,38,0,0,0,0,0,0,0,2097152,2097152,2097152,2097152,2097152,3,2097152,2097152,2097152,2097152,2097152,14,2097152,2097152,4194304,4194304,4194304,229,131072,2097152,2097152,2097152,4194304,31,2097152,2097152,2097152,2097152,2097152,22,0,0,0,0,0,0,0,0,0,0,0,0,256,256,512,512,512,299,2097152,2097152,4194304,4194304,4194304,299,0,0,0,0,0,0,256,512,512,512,1024,299,73916,0,34011,17060,37801,0,41,20,0
48049878503700,1672,2048,8192,16384,12034,512,4096,8192,1671,4096,8192,16384,1347,4096,8192,16384,361,8192,8192,8192,19,2048,8192,8192,352,512,4096,8192,1359,1024,4096,8192,208,2048,2048,2048,2,64,65536,131072,17466,524288,1048576,1048576,40,262144,524288,524288,40,262144,524288,524288,40,512,1024,1024,40,64,128,8192,41,64,512,4096,1964,128,512,1024,1964,64,512,4096,108306,64,512,4096,12123,64,256,512,2127,64,512,2048,2790,256,1024,1024,1065,256,512,4096,1146,64,256,2048,15705,64,256,512,1764,64,256,4096,366,64,256,512,144,128,512,512,171,128,256,256,18,0,0,0,0,0,0,0,0,0,0,0,0,64,128,128,21,64,64,128,21,11.71,9.67,2.04,0,19,24,352,42,39,0,0,0,0,0,0,0,2097152,2097152,2097152,2097152,2097152,22,2097152,2097152,2097152,2097152,4194304,8,2097152,2097152,8388608,8388608,8388608,200,131072,2097152,2097152,2097152,2097152,30,2097152,2097152,2097152,2097152,4194304,31,0,0,0,0,0,0,0,0,0,0,0,0,256,256,512,512,512,291,2097152,2097152,8388608,8388608,8388608,291,0,0,0,0,0,0,256,512,512,512,1024,291,74101,0,33973,17327,37390,0,40,21,0
48050895611300,1672,2048,8192,16384,11871,512,4096,8192,1671,4096,8192,16384,1339,4096,8192,16384,341,8192,8192,8192,11,2048,8192,8192,363,512,4096,8192,1349,1024,8192,8192,217,0,0,0,1,64,65536,262144,17294,524288,1048576,1048576,41,262144,524288,524288,41,262144,524288,524288,41,512,1024,1024,41,64,8192,32768,40,64,512,4096,1948,64,512,4096,1948,64,512,4096,106839,64,512,4096,12051,64,256,512,1728,64,512,1024,2754,256,512,4096,1107,128,512,512,1089,64,256,4096,15903,64,256,4096,1575,64,256,512,333,128,256,512,108,128,512,4096,99,64,256,256,9,0,0,0,0,0,0,0,0,0,0,0,0,64,128,128,20,64,128,128,20,10.88,9.34,1.54,0,11,38,363,32,26,0,0,0,0,0,0,0,0,0,0,0,0,0,2097152,2097152,2097152,2097152,4194304,9,2097152,2097152,4194304,4194304,8388608,222,131072,2097152,2097152,2097152,4194304,32,2097152,2097152,2097152,2097152,4194304,25,0,0,0,0,0,0,0,0,0,0,0,0,256,256,512,512,512,288,2097152,2097152,4194304,4194304,8388608,288,0,0,0,0,0,0,256,512,512,512,1024,288,74283,0,33585,17164,37342,0,41,20,0
48051917306900,1672,2048,8192,16384,11824,512,4096,8192,1671,4096,8192,16384,1367,4096,8192,16384,342,8192,16384,16384,19,2048,8192,8192,325,512,4096,8192,1392,1024,4096,8192,252,0,0,0,0,128,65536,262144,17350,524288,1048576,1048576,41,262144,524288,524288,41,262144,524288,524288,41,1024,1024,2048,41,64,2048,32768,41,128,512,4096,2287,64,512,4096,2287,64,512,4096,106416,64,512,4096,12303,64,256,512,1802,64,512,4096,2898,256,1024,4096,1191,256,512,512,1263,64,512,4096,16749,64,256,512,2007,64,256,512,330,64,256,512,198,128,512,1024,171,0,0,0,0,0,0,0,0,0,0,0,0,0,0,0,0,64,128,128,20,64,128,128,20,10.46,8.54,1.91,0,19,29,325,35,44,0,0,0,0,0,0,0,2097152,2097152,2097152,2097152,2097152,17,2097152,2097152,2097152,2097152,2097152,12,2097152,2097152,4194304,4194304,4194304,219,131072,2097152,2097152,2097152,2097152,27,2097152,2097152,2097152,2097152,2097152,22,0,0,0,0,0,0,0,0,0,0,0,0,256,256,512,512,512,297,2097152,2097152,4194304,4194304,4194304,297,0,0,0,0,0,0,256,512,512,1024,1024,297,74438,0,34707,17221,37349,0,41,20,0
48052936532500,1672,2048,8192,16384,12005,512,4096,8192,1675,4096,8192,16384,1341,4096,16384,16384,318,8192,8192,8192,17,2048,8192,8192,336,512,4096,8192,1317,1024,4096,8192,240,0,0,0,1,64,65536,262144,17410,524288,1048576,1048576,41,262144,262144,262144,41,262144,524288,524288,41,512,1024,2048,41,64,8192,32768,41,64,512,2048,2330,64,512,1024,2330,128,512,4096,108045,64,512,4096,12069,64,256,512,1618,64,512,1024,2592,256,1024,4096,1224,128,512,4096,1233,64,256,2048,16866,64,256,1024,1800,64,256,512,405,64,256,256,162,64,512,4096,162,0,256,256,9,0,0,0,0,0,0,0,0,0,0,0,0,64,128,128,21,64,128,128,21,12.26,9.58,2.68,0,17,27,336,30,32,0,0,0,0,0,0,0,2097152,2097152,2097152,2097152,2097152,3,2097152,4194304,4194304,4194304,4194304,18,2097152,4194304,8388608,8388608,8388608,199,2097152,2097152,4194304,4194304,4194304,27,131072,4194304,4194304,4194304,4194304,26,0,0,0,0,0,0,0,0,0,0,0,0,256,256,512,512,512,273,2097152,4194304,8388608,8388608,8388608,273,0,0,0,0,0,0,256,512,512,512,512,273,74607,0,33637,17285,36814,0,41,21,0
48053957504600,1622,2048,8192,16384,11501,512,4096,8192,1634,4096,8192,16384,1325,4096,16384,16384,337,8192,16384,16384,19,2048,8192,8192,345,512,4096,8192,1311,1024,8192,8192,225,2048,2048,2048,2,64,65536,131072,16861,524288,1048576,1048576,41,262144,524288,524288,41,262144,524288,524288,41,1024,2048,2048,41,128,32768,65536,41,64,512,4096,2388,64,512,2048,2838,128,512,4096,103509,64,512,1024,11925,64,256,512,1680,128,512,2048,2781,256,1024,4096,1198,128,512,512,1216,64,256,4096,17568,64,256,512,1854,64,256,512,255,64,256,512,162,128,512,4096,171,128,512,512,18,0,0,0,0,0,0,0,0,0,0,0,0,64,128,128,20,64,128,128,20,15.17,10.33,4.85,0,19,31,345,30,43,50,0,0,0,0,0,0,2097152,4194304,4194304,4194304,4194304,19,2097152,4194304,4194304,4194304,4194304,13,2097152,4194304,4194304,8388608,8388608,205,131072,2097152,2097152,2097152,4194304,32,131072,2097152,2097152,2097152,2097152,20,0,0,0,0,0,0,0,0,0,0,0,0,256,256,512,512,512,289,2097152,4194304,4194304,8388608,8388608,289,0,0,0,0,0,0,256,512,512,1024,1024,289,74836,0,33523,16747,36696,0,41,20,0
48054977607300,1622,2048,8192,16384,11799,512,4096,8192,1619,4096,8192,16384,1317,4096,8192,16384,316,8192,16384,16384,23,2048,8192,8192,303,512,4096,8192,1310,1024,4096,8192,207,0,0,0,0,64,65536,131072,17050,524288,1048576,1048576,40,262144,524288,524288,40,262144,524288,524288,40,512,2048,2048,40,64,256,512,40,64,512,4096,2093,64,512,1024,2093,128,512,4096,106191,64,512,4096,11853,64,256,512,1512,128,512,4096,2529,256,1024,4096,1251,128,512,512,1233,64,256,2048,16407,64,256,4096,1737,64,256,512,384,64,256,4096,189,128,512,4096,207,0,0,0,0,0,0,0,0,0,0,0,0,0,0,0,0,64,128,128,20,64,128,128,20,12.38,8.93,3.45,0,23,23,303,34,33,0,0,0,0,0,0,0,2097152,2097152,2097152,2097152,2097152,2,2097152,2097152,2097152,2097152,4194304,13,2097152,2097152,4194304,4194304,4194304,230,131072,2097152,2097152,2097152,4194304,26,131072,2097152,2097152,2097152,2097152,27,0,0,0,0,0,0,0,0,0,0,0,0,256,256,512,512,512,298,2097152,2097152,4194304,4194304,4194304,298,0,0,0,0,0,0,256,512,512,1024,1024,298,74954,0,32981,16908,36937,0,40,20,0
48055997771300,1622,2048,8192,16384,11701,512,4096,8192,1623,4096,8192,16384,1326,4096,8192,16384,349,8192,16384,16384,15,2048,8192,8192,368,512,4096,8192,1341,1024,4096,8192,232,2048,2048,2048,2,64,65536,131072,17100,524288,1048576,1048576,41,262144,524288,524288,41,262144,524288,524288,41,512,1024,1024,41,64,128,32768,41,128,512,4096,1833,128,512,4096,1833,128,512,4096,105309,64,512,1024,11934,64,256,512,1819,64,512,1024,2925,256,1024,4096,1140,128,512,512,1167,64,256,2048,16380,64,256,512,1854,64,256,512,318,64,256,256,144,128,512,4096,135,64,256,256,18,1024,2048,2048,32,1024,2048,2048,24,64,64,64,56,64,128,128,21,64,128,128,21,12.51,9.06,3.45,24,15,20,368,32,37,0,0,0,0,0,0,0,2097152,2097152,2097152,2097152,2097152,12,2097152,2097152,2097152,2097152,2097152,22,2097152,2097152,4194304,4194304,4194304,146,2097152,2097152,2097152,2097152,2097152,22,131072,2097152,2097152,2097152,2097152,27,2097152,2097152,4194304,4194304,4194304,61,0,0,0,0,0,0,256,256,512,512,512,290,2097152,2097152,4194304,4194304,4194304,290,0,0,0,0,0,0,256,512,512,1024,1024,290,75160,0,32499,16999,37118,0,41,21,0
48057019527700,1622,2048,8192,16384,11660,512,4096,8192,1622,4096,8192,16384,1285,4096,8192,16384,320,8192,8192,8192,12,2048,8192,8192,330,512,4096,8192,1303,1024,4096,8192,198,0,0,0,0,64,65536,131072,16858,524288,1048576,1048576,41,262144,524288,524288,41,262144,524288,524288,41,512,1024,1024,41,64,2048,32768,41,64,512,4096,2243,128,512,4096,2243,64,512,4096,104940,64,512,1024,11565,64,256,512,1693,64,512,1024,2628,256,1024,1024,1149,128,512,512,1122,64,256,2048,16893,64,256,512,1584,64,256,4096,372,64,256,256,81,128,1024,4096,108,0,0,0,0,1024,2048,2048,18,1024,2048,2048,26,64,64,64,44,64,128,128,20,64,128,128,20,10.96,8.03,2.93,26,12,14,330,29,45,0,0,0,0,0,0,0,2097152,2097152,2097152,2097152,2097152,4,2097152,2097152,2097152,2097152,2097152,14,2097152,2097152,4194304,4194304,16777216,227,131072,2097152,2097152,2097152,2097152,23,131072,2097152,2097152,2097152,2097152,25,0,0,0,0,0,0,0,0,0,0,0,0,256,256,512,512,1024,293,2097152,2097152,4194304,4194304,16777216,293,0,0,0,0,0,0,256,512,512,512,1024,293,75323,0,32589,16779,36722,0,41,20,0
48058038738400,1622,2048,8192,16384,11637,512,4096,8192,1622,4096,8192,16384,1312,4096,8192,16384,328,8192,8192,8192,13,2048,8192,8192,318,512,4096,8192,1312,1024,4096,8192,215,0,0,0,0,64,65536,262144,16899,524288,1048576,1048576,41,262144,524288,524288,41,262144,524288,524288,41,512,1024,1024,41,128,128,8192,41,64,512,4096,1935,128,512,1024,1935,64,512,4096,104733,64,256,1024,11808,64,256,512,1714,64,512,4096,2556,256,1024,4096,1169,128,512,512,1268,64,256,4096,16110,64,256,1024,1836,64,256,512,366,128,256,512,162,128,512,1024,117,0,0,0,0,0,0,0,0,0,0,0,0,0,0,0,0,64,128,128,21,64,128,128,21,12.26,9.33,2.94,0,13,23,318,45,21,0,0,0,0,0,0,0,2097152,2097152,2097152,2097152,2097152,16,2097152,2097152,2097152,2097152,2097152,20,2097152,2097152,4194304,4194304,8388608,196,131072,2097152,2097152,2097152,4194304,24,2097152,2097152,2097152,2097152,2097152,20,0,0,0,0,0,0,0,0,0,0,0,0,256,256,512,512,512,276,2097152,2097152,4194304,4194304,8388608,276,0,0,0,0,0,0,256,512,512,512,1024,276,75467,0,32607,16767,36455,0,41,21,0
48059057191400,1622,2048,8192,16384,11653,512,4096,8192,1621,4096,8192,16384,1297,4096,8192,16384,336,8192,16384,16384,19,2048,8192,8192,322,512,4096,8192,1277,1024,4096,8192,222,0,0,0,0,64,65536,131072,16898,524288,1048576,1048576,41,262144,524288,524288,41,262144,524288,524288,41,512,1024,2048,41,64,128,256,41,128,512,4096,2004,128,512,1024,2004,64,512,4096,104877,64,512,1024,11673,64,256,512,1740,64,512,1024,2700,256,1024,1024,1275,128,512,1024,1239,64,256,2048,15813,64,256,2048,1665,64,256,512,291,64,256,512,171,128,256,4096,171,0,0,0,0,0,0,0,0,0,0,0,0,0,0,0,0,64,256,256,20,64,128,128,20,12.14,10.09,2.04,0,19,19,322,37,28,0,0,0,0,0,0,0,0,0,0,0,2097152,1,2097152,2097152,2097152,2097152,2097152,18,2097152,2097152,4194304,4194304,4194304,224,131072,2097152,2097152,2097152,2097152,26,2097152,2097152,2097152,2097152,4194304,24,0,0,0,0,0,0,0,0,0,0,0,0,256,256,512,512,512,293,2097152,2097152,4194304,4194304,4194304,293,0,0,0,0,0,0,256,512,512,1024,2048,293,75599,0,32707,16768,36834,0,41,20,0
48060079416100,1642,2048,8192,16384,11704,512,4096,8192,1630,4096,8192,16384,1311,4096,8192,16384,338,8192,8192,8192,15,2048,8192,8192,340,512,4096,8192,1329,1024,4096,8192,221,0,0,0,0,64,65536,131072,17008,524288,1048576,1048576,41,262144,524288,524288,41,262144,524288,524288,41,512,1024,1024,41,128,16384,32768,41,64,512,4096,2366,64,512,4096,2186,64,512,4096,105336,64,512,1024,11799,64,256,512,1863,64,512,1024,2709,256,1024,1024,1218,128,512,1024,1200,64,256,2048,15957,64,256,1024,1674,64,256,512,396,128,512,2048,126,128,512,1024,135,0,0,0,0,0,0,0,0,0,0,0,0,0,0,0,0,64,128,128,21,128,32768,65536,21,11.34,8.92,2.42,0,15,15,340,36,36,0,262144,524288,524288,524288,524288,20,2097152,2097152,2097152,2097152,2097152,24,2097152,2097152,2097152,2097152,2097152,21,2097152,2097152,4194304,4194304,4194304,193,131072,2097152,2097152,2097152,2097152,24,2097152,2097152,2097152,2097152,2097152,30,0,0,0,0,0,0,0,0,0,0,0,0,128,256,256,512,512,312,2097152,2097152,4194304,4194304,4194304,312,128,256,256,256,256,20,256,512,512,512,1024,292,75729,0,33165,16887,37404,0,41,21,0
48061098003100,1662,2048,8192,16384,11975,512,4096,8192,1649,4096,8192,16384,1346,4096,16384,16384,339,8192,8192,8192,20,2048,8192,16384,349,512,4096,8192,1322,1024,4096,8192,255,0,0,0,0,128,65536,131072,17417,524288,1048576,1048576,40,262144,524288,524288,40,262144,524288,524288,40,512,1024,1024,40,64,128,128,40,64,512,4096,2105,64,512,1024,1925,128,512,4096,107775,64,512,4096,12114,64,256,512,1732,64,512,4096,2862,256,1024,4096,1197,128,512,1024,1161,64,256,4096,16029,64,256,512,1638,64,256,512,384,64,256,512,153,128,512,4096,180,0,0,0,0,0,0,0,0,0,0,0,0,0,0,0,0,64,128,128,20,128,32768,32768,20,12.79,8.44,4.35,0,20,16,349,39,36,0,262144,524288,524288,524288,524288,21,0,0,0,0,2097152,1,2097152,2097152,2097152,2097152,4194304,18,2097152,4194304,4194304,8388608,8388608,203,2097152,2097152,2097152,2097152,2097152,15,2097152,2097152,2097152,2097152,8388608,18,0,0,0,0,0,0,0,0,0,0,0,0,256,256,512,512,512,276,2097152,4194304,4194304,8388608,8388608,276,128,256,256,256,256,21,256,512,512,512,512,255,75913,0,33465,17274,37265,0,40,20,0
48062119782300,1683,2048,8192,16384,11869,512,4096,8192,1673,4096,8192,16384,1370,4096,16384,16384,332,8192,16384,16384,14,2048,8192,16384,332,512,4096,8192,1388,1024,4096,8192,238,0,0,0,1,64,65536,131072,17358,524288,1048576,1048576,41,262144,524288,524288,41,524288,524288,524288,41,512,1024,1024,41,64,128,1024,41,64,512,4096,2358,128,512,4096,2169,64,512,4096,106821,64,512,1024,12330,64,256,512,1700,64,512,4096,2781,256,1024,4096,1197,256,512,4096,1179,64,256,4096,17037,64,256,512,1728,64,256,4096,285,64,256,256,189,128,512,4096,126,128,512,512,9,0,0,0,0,0,0,0,0,0,0,0,0,64,128,128,20,128,32768,32768,20,10.33,8.80,1.53,0,14,23,332,31,38,0,262144,524288,524288,524288,524288,20,2097152,2097152,4194304,4194304,4194304,31,2097152,4194304,4194304,4194304,8388608,18,2097152,2097152,2097152,4194304,4194304,197,131072,2097152,2097152,2097152,2097152,21,2097152,2097152,2097152,2097152,4194304,23,0,0,0,0,0,0,0,0,0,0,0,0,256,256,512,512,512,310,2097152,2097152,4194304,4194304,8388608,310,128,256,256,256,256,20,256,512,512,1024,1024,290,76041,0,33641,17211,37704,0,41,20,0
48063139721100,1683,2048,8192,16384,11701,512,4096,8192,1682,4096,8192,16384,1306,4096,8192,16384,330,8192,8192,8192,25,2048,8192,16384,351,512,4096,8192,1332,1024,4096,8192,227,0,0,0,1,64,65536,131072,17102,524288,1048576,1048576,41,262144,524288,524288,41,262144,524288,524288,41,512,1024,1024,41,64,128,16384,41,64,512,4096,2243,64,512,4096,2243,64,512,4096,105309,64,512,2048,11754,64,256,512,1730,64,512,1024,2682,256,1024,4096,1274,128,512,4096,1265,64,256,4096,17982,64,256,2048,1926,64,256,2048,294,64,256,512,171,128,512,4096,225,128,256,256,9,0,0,0,0,0,0,0,0,0,0,0,0,64,128,128,21,64,64,128,21,14.04,10.98,3.06,0,25,13,351,55,37,0,0,0,0,0,0,0,0,0,0,0,0,0,2097152,2097152,2097152,2097152,4194304,22,2097152,2097152,4194304,4194304,4194304,225,131072,2097152,2097152,2097152,4194304,28,2097152,2097152,4194304,4194304,8388608,21,0,0,0,0,0,0,0,0,0,0,0,0,256,256,512,512,512,296,2097152,2097152,4194304,4194304,8388608,296,0,0,0,0,0,0,256,256,512,512,1024,296,76226,0,33728,16951,37553,0,41,21,0
48064161541100,1633,2048,8192,16384,12037,512,4096,8192,1694,4096,8192,16384,1362,4096,8192,16384,368,8192,16384,16384,19,2048,8192,8192,317,512,4096,8192,1329,1024,4096,8192,216,2048,2048,2048,2,64,65536,262144,17484,524288,1048576,1048576,41,262144,262144,524288,41,262144,524288,524288,41,512,1024,1024,41,64,16384,65536,41,64,512,4096,2120,64,512,1024,2570,64,512,4096,108333,64,512,1024,12258,64,256,512,2013,64,512,1024,2862,256,1024,4096,1224,128,512,512,1278,64,256,4096,17568,64,256,512,1998,64,256,512,414,64,256,512,207,64,512,4096,171,128,512,512,18,0,0,0,0,0,0,0,0,0,0,0,0,64,128,128,20,64,128,128,20,10.32,8.02,2.29,0,19,20,317,44,44,50,0,0,0,0,0,0,2097152,2097152,4194304,4194304,4194304,23,2097152,2097152,2097152,2097152,2097152,15,2097152,2097152,4194304,4194304,4194304,208,131072,2097152,2097152,2097152,4194304,28,2097152,2097152,2097152,2097152,2097152,23,0,0,0,0,0,0,0,0,0,0,0,0,256,256,512,512,512,297,2097152,2097152,4194304,4194304,4194304,297,0,0,0,0,0,0,256,512,512,512,1024,297,76423,0,32982,17361,36601,0,41,20,0
48065179117800,1633,2048,8192,16384,11508,512,4096,8192,1632,4096,8192,16384,1311,4096,16384,16384,332,8192,16384,16384,24,2048,8192,8192,335,512,4096,8192,1328,1024,4096,8192,204,2048,2048,2048,2,64,65536,131072,16808,524288,1048576,1048576,41,262144,262144,524288,41,262144,524288,524288,41,512,1024,1024,41,64,512,16384,41,64,512,4096,2004,128,512,4096,2004,64,512,4096,103572,64,512,4096,11799,64,256,512,1842,64,512,4096,2583,256,1024,4096,1098,128,512,4096,1206,64,256,4096,16605,64,256,1024,1719,64,256,4096,492,64,256,4096,180,128,1024,4096,216,128,256,256,18,0,0,0,0,0,0,0,0,0,0,0,0,64,128,128,21,64,128,128,21,15.62,9.86,5.76,0,24,22,335,41,40,0,0,0,0,0,0,0,0,0,0,0,0,0,2097152,2097152,2097152,2097152,4194304,14,2097152,2097152,4194304,4194304,4194304,220,131072,2097152,2097152,2097152,2097152,23,131072,2097152,2097152,2097152,4194304,30,0,0,0,0,0,0,0,0,0,0,0,0,256,256,512,512,512,287,2097152,2097152,4194304,4194304,4194304,287,0,0,0,0,0,0,256,512,512,512,1024,287,76598,0,32681,16668,36238,0,41,21,0
48066201422600,1633,2048,8192,16384,11530,512,4096,8192,1631,4096,8192,16384,1274,4096,8192,16384,333,8192,8192,8192,14,2048,8192,8192,341,512,4096,8192,1295,1024,4096,8192,211,0,0,0,1,64,65536,131072,16747,524288,1048576,1048576,40,262144,524288,524288,40,262144,524288,524288,40,512,1024,1024,40,64,128,2048,40,64,512,4096,2069,64,512,4096,2069,128,512,4096,103770,64,512,1024,11466,64,256,512,1655,64,512,1024,2619,256,1024,2048,1110,128,512,512,1065,64,256,4096,14994,64,256,1024,1647,64,256,512,381,64,256,512,117,128,256,512,126,128,256,256,9,1024,2048,2048,33,1024,2048,2048,33,64,64,128,66,64,128,128,20,64,64,64,20,13.89,8.79,5.10,33,14,22,341,46,45,0,0,0,0,0,0,0,2097152,2097152,2097152,2097152,2097152,20,2097152,2097152,2097152,2097152,2097152,19,2097152,2097152,4194304,8388608,8388608,202,2097152,2097152,2097152,2097152,4194304,13,2097152,2097152,2097152,2097152,4194304,20,0,0,0,0,0,0,0,0,0,0,0,0,256,256,256,512,512,274,2097152,2097152,4194304,8388608,8388608,274,0,0,0,0,0,0,256,512,512,512,512,274,76825,0,32928,16668,36555,0,40,20,0
48067220501200,1633,2048,8192,16384,11923,512,4096,8192,1630,4096,8192,16384,1360,4096,8192,16384,332,8192,8192,8192,20,2048,8192,8192,341,512,4096,8192,1333,1024,4096,8192,231,0,0,0,1,64,65536,131072,17361,524288,1048576,1048576,41,262144,524288,524288,41,262144,524288,524288,41,512,1024,1024,41,64,4096,8192,41,64,512,4096,2091,128,512,1024,2091,128,512,4096,107307,64,512,1024,12240,64,256,512,1597,64,512,1024,2601,256,1024,4096,1215,256,512,2048,1251,64,256,2048,17028,64,256,512,1665,64,256,512,339,64,512,2048,180,128,512,4096,180,128,256,256,9,2048,2048,2048,17,1024,1024,1024,17,64,64,128,34,64,128,128,20,64,128,128,20,11.37,8.94,2.43,17,20,18,341,28,54,0,0,0,0,0,0,0,2097152,2097152,2097152,2097152,2097152,11,2097152,2097152,2097152,2097152,2097152,13,2097152,2097152,4194304,4194304,4194304,224,131072,2097152,2097152,2097152,4194304,25,2097152,2097152,2097152,2097152,2097152,18,0,0,0,0,0,0,0,0,0,0,0,0,256,256,512,512,512,291,2097152,2097152,4194304,4194304,4194304,291,0,0,0,0,0,0,256,512,512,512,512,291,77012,0,33041,17253,36941,0,41,20,0
48068242415000,1633,2048,8192,16384,11845,512,4096,8192,1633,4096,8192,16384,1318,4096,8192,16384,328,8192,8192,8192,13,2048,8192,8192,327,512,4096,8192,1305,1024,4096,8192,246,2048,2048,2048,3,64,65536,131072,17163,524288,1048576,1048576,41,262144,262144,262144,41,262144,524288,524288,41,256,1024,1024,41,64,1024,32768,41,64,512,4096,1886,128,512,4096,1886,64,512,4096,106605,64,512,1024,11862,64,256,512,1616,64,512,512,2871,256,1024,4096,1062,128,512,512,1053,64,256,4096,16623,64,256,512,1980,0,256,512,351,64,256,512,189,128,256,512,117,128,256,256,27,0,0,0,0,0,0,0,0,0,0,0,0,64,128,128,21,64,128,128,21,10.95,9.81,1.15,0,13,19,327,45,36,0,0,0,0,0,0,0,2097152,2097152,2097152,2097152,2097152,5,2097152,2097152,2097152,2097152,2097152,21,2097152,2097152,4194304,4194304,4194304,210,2097152,2097152,2097152,2097152,4194304,24,2097152,2097152,2097152,2097152,4194304,22,0,0,0,0,0,0,0,0,0,0,0,0,256,256,512,512,512,282,2097152,2097152,4194304,4194304,4194304,282,0,0,0,0,0,0,256,256,512,512,1024,282,77170,0,33058,17006,36974,0,41,21,0
48069261064400,1633,2048,8192,16384,11580,512,4096,8192,1631,4096,8192,16384,1299,4096,8192,16384,325,8192,8192,8192,23,2048,8192,8192,326,512,4096,8192,1313,1024,4096,8192,218,0,0,0,0,64,65536,262144,16860,524288,1048576,1048576,41,262144,262144,262144,41,262144,524288,524288,41,512,1024,2048,41,64,256,16384,41,64,512,4096,1952,64,512,1024,1952,128,512,4096,104220,64,512,2048,11691,64,256,512,1725,64,512,1024,2574,256,1024,4096,1260,128,512,512,1296,64,256,4096,17253,64,256,4096,1548,64,256,512,324,64,256,256,153,64,512,4096,207,0,0,0,0,0,0,0,0,0,0,0,0,0,0,0,0,64,128,128,20,64,128,128,20,12.92,10.10,2.81,0,23,20,326,42,42,0,0,0,0,0,0,0,2097152,2097152,2097152,2097152,2097152,17,2097152,4194304,4194304,4194304,4194304,16,2097152,4194304,8388608,8388608,8388608,197,131072,4194304,4194304,4194304,4194304,19,2097152,2097152,2097152,2097152,4194304,22,0,0,0,0,0,0,0,0,0,0,0,0,256,256,512,512,512,271,2097152,4194304,8388608,8388608,8388608,271,0,0,0,0,0,0,256,512,512,1024,1024,271,77352,0,32457,16659,36058,27,41,20,0
48070283708300,1633,2048,8192,16384,11855,512,4096,8192,1633,4096,8192,16384,1320,4096,8192,16384,333,8192,8192,8192,16,2048,8192,16384,315,512,4096,8192,1321,1024,4096,8192,241,0,0,0,1,64,65536,131072,17182,524288,1048576,1048576,41,262144,262144,524288,41,262144,524288,524288,41,512,1024,1024,41,64,2048,16384,41,64,512,4096,2016,64,512,4096,2016,64,512,4096,106695,64,512,4096,11880,64,256,512,1739,64,512,2048,2700,256,1024,4096,1230,128,512,1024,1194,64,256,4096,15597,64,256,2048,1665,64,256,512,363,64,256,512,135,64,512,4096,144,256,256,256,9,0,0,0,0,0,0,0,0,0,0,0,0,64,64,64,21,64,64,64,21,13.50,10.44,3.06,0,16,10,315,41,41,0,0,0,0,0,0,0,2097152,4194304,4194304,4194304,4194304,8,2097152,2097152,2097152,2097152,2097152,20,2097152,2097152,4194304,4194304,4194304,219,131072,2097152,2097152,2097152,2097152,24,131072,2097152,2097152,2097152,2097152,27,0,0,0,0,0,0,0,0,0,0,0,0,256,256,512,512,512,298,2097152,2097152,4194304,4194304,4194304,298,0,0,0,0,0,0,256,256,512,512,512,298,77477,0,32913,17029,36582,0,41,21,0
48071301270600,1633,2048,8192,16384,11644,512,4096,8192,1633,4096,8192,16384,1328,4096,8192,16384,339,8192,16384,16384,14,2048,8192,8192,362,512,4096,8192,1305,1024,4096,8192,222,2048,2048,2048,3,64,65536,131072,16972,524288,1048576,1048576,40,262144,262144,524288,40,262144,524288,524288,40,256,1024,1024,40,64,32768,65536,40,64,512,4096,2100,64,512,4096,2100,64,512,4096,104796,64,512,2048,11952,64,256,512,1804,128,512,1024,2790,256,1024,4096,1089,128,512,4096,1116,64,256,4096,16011,64,256,1024,1521,64,256,512,465,64,256,512,117,64,256,4096,126,128,256,256,27,0,0,0,0,0,0,0,0,0,0,0,0,64,128,128,20,64,128,128,20,15.09,9.85,5.24,0,14,15,362,30,38,0,0,0,0,0,0,0,2097152,2097152,2097152,2097152,4194304,25,2097152,2097152,2097152,2097152,4194304,18,2097152,2097152,4194304,4194304,8388608,204,131072,2097152,2097152,2097152,2097152,32,131072,2097152,4194304,4194304,4194304,32,0,0,0,0,0,0,0,0,0,0,0,0,256,256,512,512,512,311,2097152,2097152,4194304,4194304,8388608,311,0,0,0,0,0,0,256,512,512,1024,1024,311,77625,0,33426,16839,36955,0,40,20,0
48072323450400,1633,2048,8192,16384,11424,512,4096,8192,1631,4096,8192,16384,1287,4096,8192,16384,313,8192,8192,8192,12,2048,8192,8192,336,512,4096,8192,1301,1024,4096,8192,191,0,0,0,0,64,65536,131072,16610,524288,1048576,1048576,41,262144,262144,524288,41,262144,524288,524288,41,256,512,1024,41,64,128,16384,41,64,512,4096,1974,128,512,4096,1974,64,512,4096,102816,64,512,4096,11583,64,256,512,1604,64,512,4096,2547,256,1024,4096,1154,128,512,1024,1046,64,256,4096,14904,64,256,2048,1764,64,512,4096,387,64,256,512,99,64,256,256,108,0,0,0,0,0,0,0,0,0,0,0,0,0,0,0,0,64,128,128,20,64,64,64,20,14.14,9.68,4.46,0,12,11,336,37,35,0,0,0,0,0,0,0,2097152,2097152,2097152,2097152,2097152,2,2097152,2097152,2097152,2097152,4194304,15,2097152,2097152,4194304,4194304,4194304,230,131072,2097152,2097152,2097152,4194304,24,2097152,2097152,2097152,2097152,2097152,26,0,0,0,0,0,0,0,0,0,0,0,0,256,256,512,512,1024,297,2097152,2097152,4194304,4194304,4194304,297,0,0,0,0,0,0,256,512,512,512,1024,297,77759,0,32560,16459,36291,0,41,20,0
48073341592300,1633,2048,8192,16384,11827,512,4096,8192,1639,4096,8192,16384,1313,4096,8192,16384,324,8192,16384,16384,16,2048,8192,16384,325,512,4096,8192,1343,1024,4096,8192,207,0,0,0,0,64,65536,131072,17142,524288,1048576,1048576,41,262144,524288,524288,41,262144,524288,524288,41,256,512,512,41,64,1024,8192,41,64,512,4096,2147,128,512,4096,2147,64,512,4096,106443,64,512,2048,11817,64,256,512,1862,64,512,4096,2601,256,1024,4096,1260,128,512,512,1206,64,256,4096,16470,64,256,2048,1548,64,256,512,276,64,256,256,162,128,512,4096,144,0,0,0,0,0,0,0,0,0,0,0,0,0,0,0,0,64,128,128,21,64,128,128,21,11.25,8.82,2.43,0,16,10,325,49,42,0,0,0,0,0,0,0,2097152,2097152,2097152,2097152,2097152,23,2097152,2097152,2097152,2097152,2097152,9,2097152,2097152,8388608,8388608,8388608,194,131072,2097152,2097152,2097152,2097152,19,131072,2097152,4194304,4194304,4194304,31,0,0,0,0,0,0,0,0,0,0,0,0,256,256,512,512,512,276,2097152,2097152,8388608,8388608,8388608,276,0,0,0,0,0,0,256,512,512,512,512,276,77925,0,32378,16993,36375,0,41,21,0
48074363604600,1585,2048,8192,16384,11485,512,4096,8192,1586,4096,8192,16384,1312,4096,8192,16384,347,8192,8192,8192,16,2048,8192,8192,322,512,4096,8192,1292,1024,4096,8192,211,0,0,0,0,64,65536,131072,16699,524288,1048576,1048576,41,262144,524288,524288,41,262144,524288,524288,41,512,1024,1024,41,128,128,16384,41,128,512,4096,1658,64,512,1024,2090,64,512,4096,103365,64,256,4096,11808,64,256,512,1896,64,512,1024,2664,256,1024,4096,1218,128,512,512,1164,64,256,2048,16497,64,256,512,1827,64,256,512,408,64,256,512,198,128,512,4096,144,0,0,0,0,0,0,0,0,0,0,0,0,0,0,0,0,64,128,128,20,64,128,128,20,10.97,8.67,2.30,0,16,5,322,42,35,48,0,0,0,0,0,0,2097152,2097152,2097152,2097152,2097152,8,2097152,4194304,4194304,4194304,8388608,10,2097152,2097152,4194304,4194304,4194304,215,262144,2097152,4194304,4194304,4194304,34,2097152,2097152,2097152,2097152,2097152,26,0,0,0,0,0,0,0,0,0,0,0,0,256,256,512,512,512,293,2097152,2097152,4194304,4194304,8388608,293,0,0,0,0,0,0,256,512,512,1024,1024,293,78100,0,32064,16621,36063,0,41,20,0
48075382495100,1585,2048,8192,16384,11449,512,4096,8192,1582,4096,8192,16384,1280,4096,8192,16384,335,8192,16384,16384,24,2048,8192,8192,304,512,4096,8192,1245,1024,4096,8192,229,0,0,0,1,64,65536,131072,16592,524288,1048576,1048576,41,262144,524288,524288,41,262144,524288,524288,41,512,1024,1024,41,64,2048,32768,41,64,512,4096,1934,64,512,4096,1934,64,512,4096,103041,64,512,1024,11520,64,256,512,1794,128,512,1024,2745,256,1024,4096,1251,128,512,1024,1260,64,256,2048,16038,64,256,2048,1566,64,256,4096,378,64,256,4096,162,128,256,512,216,64,128,128,9,0,0,0,0,0,0,0,0,0,0,0,0,64,128,128,21,64,128,128,21,15.07,9.96,5.11,0,24,3,304,47,39,0,0,0,0,0,0,0,2097152,2097152,2097152,2097152,2097152,9,2097152,2097152,2097152,2097152,2097152,11,2097152,2097152,4194304,4194304,4194304,174,131072,2097152,2097152,2097152,4194304,18,131072,2097152,2097152,2097152,4194304,17,2097152,2097152,4194304,4194304,4194304,59,0,0,0,0,0,0,256,256,512,512,512,288,2097152,2097152,4194304,4194304,4194304,288,0,0,0,0,0,0,256,512,512,1024,1024,288,78229,0,32631,16469,37076,0,41,21,0
48076404285700,1585,2048,8192,16384,11465,512,4096,8192,1584,4096,8192,16384,1300,4096,8192,16384,293,8192,8192,8192,12,2048,8192,8192,337,512,4096,8192,1293,1024,8192,8192,235,2048,4096,4096,3,64,65536,131072,16631,524288,1048576,1048576,40,262144,262144,524288,40,262144,524288,524288,40,256,512,512,40,64,256,16384,41,64,512,4096,1916,128,512,4096,1916,64,512,4096,103185,64,512,2048,11700,64,256,512,1413,64,512,1024,2466,256,1024,4096,1128,128,512,512,1218,64,256,4096,15517,64,256,2048,1602,64,256,512,384,64,512,512,108,128,512,1024,108,128,256,256,27,1024,2048,2048,44,1024,2048,2048,42,64,64,64,86,64,128,128,20,64,128,128,20,11.99,10.33,1.66,42,12,1,337,38,48,0,0,0,0,0,0,0,2097152,2097152,2097152,2097152,2097152,19,2097152,2097152,2097152,2097152,2097152,15,2097152,4194304,4194304,8388608,8388608,183,131072,4194304,4194304,4194304,8388608,23,131072,4194304,4194304,4194304,4194304,35,0,0,0,0,0,0,0,0,0,0,0,0,256,256,512,512,512,275,2097152,4194304,4194304,8388608,8388608,275,0,0,0,0,0,0,256,512,512,512,512,275,78432,0,31953,16589,35603,0,40,20,0
48077422635900,1585,2048,8192,16384,11514,512,4096,4096,1585,4096,8192,8192,1271,4096,8192,16384,340,8192,8192,8192,15,2048,8192,8192,339,512,4096,8192,1296,1024,4096,4096,239,0,0,0,1,64,65536,131072,16740,524288,1048576,1048576,41,262144,524288,524288,41,262144,524288,524288,41,256,1024,1024,41,64,128,128,40,64,512,4096,2107,64,512,1024,2107,64,512,4096,103626,64,256,1024,11439,64,256,512,1721,64,512,512,2871,256,1024,1024,1064,128,512,1024,1136,64,256,4096,15380,64,256,4096,1512,64,256,512,387,64,256,512,126,128,512,1024,135,128,256,256,9,1024,1024,1024,4,1024,1024,1024,6,64,64,64,10,64,128,128,20,64,64,64,20,14.44,9.33,5.11,6,15,1,339,41,52,0,0,0,0,0,0,0,2097152,2097152,2097152,2097152,2097152,23,2097152,4194304,4194304,4194304,4194304,19,2097152,2097152,4194304,8388608,8388608,201,2097152,2097152,2097152,2097152,2097152,16,131072,2097152,2097152,2097152,2097152,36,0,0,0,0,0,0,0,0,0,0,0,0,256,256,512,512,512,295,2097152,2097152,4194304,8388608,8388608,295,0,0,0,0,0,0,256,256,512,512,512,295,78591,0,32403,16609,36368,0,41,20,0
48078444441100,1585,2048,8192,16384,11230,512,4096,8192,1584,4096,8192,16384,1254,4096,8192,16384,322,8192,8192,8192,16,2048,8192,8192,314,512,4096,8192,1270,1024,4096,8192,198,0,0,0,0,64,65536,131072,16331,524288,1048576,1048576,41,262144,524288,524288,41,262144,524288,524288,41,256,1024,1024,41,64,128,8192,41,64,512,4096,2068,64,512,1024,2068,64,512,4096,101070,64,256,1024,11286,64,256,512,1564,128,512,1024,2628,256,1024,4096,1289,128,512,1024,1280,64,256,4096,15822,64,256,512,1593,64,256,512,366,64,256,512,189,128,512,4096,144,0,0,0,0,0,0,0,0,0,0,0,0,0,0,0,0,64,128,128,21,64,128,128,21,9.95,8.03,1.91,0,16,0,314,50,34,0,0,0,0,0,0,0,2097152,2097152,2097152,2097152,2097152,6,2097152,2097152,2097152,2097152,4194304,21,2097152,2097152,4194304,4194304,4194304,213,131072,2097152,2097152,2097152,4194304,32,2097152,2097152,2097152,2097152,2097152,23,0,0,0,0,0,0,0,0,0,0,0,0,256,256,512,512,1024,295,2097152,2097152,4194304,4194304,4194304,295,0,0,0,0,0,0,256,256,512,512,1024,295,78710,0,32274,16229,36002,0,41,21,0
48079463400600,1594,2048,8192,16384,11545,512,4096,8192,1585,4096,8192,16384,1288,4096,8192,16384,329,8192,16384,16384,19,2048,8192,8192,305,512,4096,8192,1266,1024,4096,8192,202,0,0,0,1,64,65536,131072,16672,524288,1048576,1048576,41,262144,524288,524288,41,262144,524288,524288,41,256,1024,1024,41,64,8192,16384,41,64,512,4096,2327,128,512,4096,2246,64,512,4096,103905,64,512,4096,11592,64,256,512,1608,64,512,1024,2439,256,1024,4096,1266,128,512,512,1230,64,256,2048,15453,64,256,4096,1593,64,256,4096,324,64,512,2048,117,128,512,4096,171,64,256,256,9,0,0,0,0,0,0,0,0,0,0,0,0,64,128,128,20,64,16384,16384,20,12.01,9.33,2.68,0,19,0,305,40,39,0,262144,524288,524288,524288,524288,11,2097152,2097152,2097152,2097152,2097152,12,2097152,4194304,4194304,4194304,4194304,8,2097152,4194304,4194304,4194304,4194304,222,131072,2097152,2097152,2097152,2097152,24,131072,2097152,2097152,2097152,4194304,32,0,0,0,0,0,0,0,0,0,0,0,0,256,256,512,512,512,309,2097152,4194304,4194304,4194304,4194304,309,128,256,256,256,256,11,256,512,512,512,512,298,78804,0,32087,16545,35959,0,41,20,0
48080485451800,1622,2048,8192,16384,11534,512,4096,8192,1603,4096,8192,16384,1277,4096,16384,16384,320,8192,8192,8192,8,2048,8192,8192,318,512,4096,8192,1296,1024,4096,8192,202,0,0,0,1,64,65536,262144,16664,524288,1048576,1048576,41,262144,524288,524288,41,262144,524288,524288,41,256,512,512,41,64,16384,16384,41,64,512,4096,2371,64,512,1024,2119,64,512,4096,103806,64,512,4096,11493,64,256,512,1621,64,512,4096,2511,256,512,4096,1305,128,512,4096,1260,64,256,4096,16398,64,256,2048,1638,64,256,512,354,64,512,4096,99,64,512,4096,72,128,256,256,9,0,0,0,0,0,0,0,0,0,0,0,0,64,128,128,21,8192,32768,32768,21,11.21,8.53,2.67,0,8,0,318,33,41,0,262144,524288,524288,524288,524288,29,0,0,0,0,2097152,1,2097152,2097152,2097152,2097152,2097152,14,2097152,2097152,4194304,4194304,4194304,224,131072,2097152,2097152,2097152,4194304,30,65536,2097152,2097152,2097152,2097152,19,0,0,0,0,0,0,0,0,0,0,0,0,256,256,256,512,1024,317,2097152,2097152,4194304,4194304,4194304,317,128,256,256,256,512,29,256,256,512,512,512,288,78887,0,32333,16541,36850,0,41,21,0
48081504770300,1644,2048,8192,16384,11430,512,4096,8192,1636,4096,8192,16384,1342,4096,8192,16384,342,8192,8192,8192,19,2048,8192,8192,348,512,4096,8192,1331,1024,4096,8192,233,0,0,0,1,64,65536,262144,16835,524288,1048576,1048576,41,262144,524288,524288,41,262144,524288,524288,41,512,1024,1024,41,64,128,128,41,64,512,4096,2043,128,512,1024,1845,64,512,4096,102877,64,512,4096,12078,64,256,512,1695,64,512,1024,2898,256,1024,4096,1218,128,512,4096,1227,64,256,4096,16848,64,256,512,1935,64,256,512,273,64,256,512,171,128,512,4096,171,64,512,512,9,0,0,0,0,0,0,0,0,0,0,0,0,64,128,128,20,128,32768,32768,20,12.92,9.72,3.20,0,19,1,348,54,40,0,262144,524288,524288,524288,524288,19,2097152,2097152,2097152,2097152,4194304,18,2097152,2097152,2097152,2097152,2097152,11,2097152,4194304,4194304,8388608,8388608,201,131072,2097152,2097152,2097152,2097152,25,131072,2097152,2097152,2097152,2097152,29,0,0,0,0,0,0,0,0,0,0,0,0,256,256,512,512,512,303,2097152,2097152,4194304,8388608,8388608,303,128,256,256,256,512,19,256,512,512,1024,1024,284,79046,0,32149,16689,36055,0,41,20,0
48082525946500,1644,2048,8192,16384,11708,512,4096,8192,1641,4096,8192,16384,1321,4096,16384,16384,352,8192,8192,8192,14,2048,8192,16384,344,512,4096,8192,1337,1024,8192,8192,232,0,0,0,0,256,65536,131072,17093,524288,1048576,1048576,40,262144,524288,524288,40,262144,524288,524288,40,512,1024,1024,40,64,16384,32768,40,64,512,4096,1994,64,512,1024,1994,64,512,4096,105366,64,512,4096,11889,64,256,512,1864,64,512,2048,2853,256,1024,4096,1055,128,512,4096,1172,64,256,4096,14949,64,256,2048,1602,64,256,2048,489,64,256,512,144,128,512,4096,126,0,0,0,0,0,0,0,0,0,0,0,0,0,0,0,0,64,128,128,20,64,256,256,20,11.48,9.44,2.04,0,14,2,344,40,41,0,0,0,0,0,0,0,0,0,0,0,2097152,1,2097152,4194304,4194304,4194304,4194304,10,2097152,2097152,4194304,4194304,16777216,224,131072,2097152,2097152,2097152,2097152,24,131072,2097152,2097152,2097152,2097152,31,0,0,0,0,0,0,0,0,0,0,0,0,256,256,512,512,512,290,2097152,2097152,4194304,4194304,16777216,290,0,0,0,0,0,0,256,512,512,512,512,290,79197,0,33096,16948,36904,0,40,20,0
48083544626800,1644,2048,8192,16384,11974,512,4096,8192,1645,4096,8192,16384,1305,4096,8192,16384,291,8192,16384,16384,12,2048,8192,8192,362,512,4096,8192,1336,1024,8192,8192,232,0,0,0,1,64,65536,131072,17285,524288,1048576,1048576,41,262144,524288,524288,41,524288,524288,524288,41,512,1024,1024,41,64,8192,8192,41,64,512,4096,2233,128,512,4096,2233,64,512,4096,107765,64,512,1024,11745,64,256,512,1620,64,512,4096,2466,256,1024,4096,1125,256,512,4096,1062,64,256,4096,16596,64,256,4096,1629,64,256,512,291,64,256,4096,90,64,256,4096,108,256,512,512,9,0,0,0,0,0,0,0,0,0,0,0,0,64,64,128,21,64,128,128,21,10.48,9.58,0.89,0,12,2,362,37,32,0,0,0,0,0,0,0,2097152,2097152,2097152,2097152,2097152,20,2097152,2097152,2097152,2097152,2097152,16,2097152,4194304,4194304,4194304,4194304,203,131072,2097152,2097152,2097152,4194304,11,131072,2097152,2097152,2097152,2097152,33,0,0,0,0,0,0,0,0,0,0,0,0,256,256,512,512,512,283,2097152,2097152,4194304,4194304,4194304,283,0,0,0,0,0,0,256,512,512,1024,1024,283,79359,0,33050,17167,36773,0,41,21,0
48084566149600,1595,2048,8192,16384,11361,512,4096,8192,1598,4096,8192,16384,1314,4096,8192,16384,324,8192,8192,8192,9,2048,8192,8192,297,512,4096,8192,1282,1024,8192,8192,223,0,0,0,1,64,65536,262144,16536,524288,1048576,1048576,41,262144,262144,524288,41,262144,524288,524288,41,256,512,512,41,64,16384,16384,41,64,512,4096,2266,64,512,1024,2707,64,512,4096,102249,64,256,1024,11826,64,256,512,1527,64,512,2048,2655,256,1024,4096,1227,128,512,512,1038,64,256,4096,16254,64,256,512,1881,64,256,512,288,64,256,512,63,128,512,4096,81,128,256,256,9,0,0,0,0,0,0,0,0,0,0,0,0,64,128,128,20,64,128,128,20,9.82,8.16,1.66,0,9,3,297,40,33,49,0,0,0,0,0,0,0,0,0,0,2097152,1,2097152,2097152,2097152,2097152,2097152,9,2097152,4194304,8388608,8388608,8388608,207,2097152,2097152,4194304,4194304,4194304,30,2097152,2097152,2097152,2097152,2097152,32,0,0,0,0,0,0,0,0,0,0,0,0,256,256,512,512,512,279,2097152,4194304,8388608,8388608,8388608,279,0,0,0,0,0,0,256,256,512,1024,2048,279,79511,0,32584,16462,36087,0,41,20,0
48085585226500,1595,2048,8192,16384,11402,512,4096,8192,1594,4096,8192,16384,1262,4096,8192,16384,324,8192,8192,8192,10,2048,8192,8192,315,512,4096,8192,1280,1024,4096,8192,218,0,0,0,0,64,65536,262144,16531,524288,1048576,1048576,41,262144,262144,262144,41,262144,524288,524288,41,256,512,512,41,64,128,128,41,64,512,1024,1980,64,512,512,1980,64,512,4096,102618,64,512,2048,11358,64,256,512,1814,64,512,4096,2772,256,1024,4096,1159,128,512,1024,1150,64,256,4096,15975,64,256,512,1674,64,256,512,498,64,256,512,153,128,512,1024,90,0,0,0,0,0,0,0,0,0,0,0,0,0,0,0,0,64,128,128,21,64,64,64,21,12.14,9.20,2.94,0,10,7,315,45,38,0,0,0,0,0,0,0,2097152,2097152,2097152,2097152,4194304,18,2097152,2097152,2097152,2097152,2097152,10,2097152,2097152,4194304,4194304,4194304,223,131072,2097152,2097152,2097152,2097152,28,2097152,2097152,4194304,4194304,4194304,23,0,0,0,0,0,0,0,0,0,0,0,0,128,256,512,512,512,302,2097152,2097152,4194304,4194304,4194304,302,0,0,0,0,0,0,256,512,512,512,512,302,79624,0,32259,16418,36378,0,41,21,0
48086607581900,1595,2048,8192,16384,11307,512,4096,8192,1596,4096,8192,16384,1301,4096,8192,16384,326,8192,16384,16384,17,2048,8192,8192,340,512,4096,8192,1291,1024,4096,8192,208,0,0,0,1,64,65536,262144,16523,524288,1048576,1048576,41,262144,262144,524288,41,262144,524288,524288,41,256,1024,1024,41,64,2048,65536,41,64,512,1024,2113,128,512,1024,2113,64,512,4096,101763,64,512,1024,11709,64,256,512,1652,128,512,1024,2448,256,512,1024,1164,128,512,512,1119,64,256,4096,16074,64,256,1024,1746,64,256,512,423,64,256,4096,90,128,512,4096,153,64,256,256,9,1024,2048,2048,49,1024,2048,2048,49,64,64,128,98,64,64,64,20,64,64,64,20,10.70,9.43,1.27,49,17,5,340,22,32,0,0,0,0,0,0,0,2097152,2097152,2097152,2097152,2097152,12,2097152,2097152,2097152,2097152,2097152,13,2097152,2097152,4194304,4194304,4194304,220,131072,2097152,2097152,2097152,4194304,39,131072,2097152,2097152,2097152,2097152,26,0,0,0,0,0,0,0,0,0,0,0,0,256,256,512,512,512,310,2097152,2097152,4194304,4194304,4194304,310,0,0,0,0,0,0,256,512,512,1024,1024,310,79779,0,32503,16484,36600,0,41,20,0
48087625817500,1595,2048,8192,16384,11614,512,4096,8192,1598,4096,8192,16384,1289,4096,8192,16384,318,8192,8192,8192,11,2048,8192,8192,337,512,4096,8192,1276,1024,8192,8192,210,0,0,0,0,64,65536,131072,16778,524288,1048576,1048576,40,262144,524288,524288,40,262144,524288,524288,40,256,512,512,40,64,128,8192,40,64,512,4096,2171,64,512,4096,2171,64,512,4096,104526,64,512,4096,11601,64,256,512,1643,64,512,1024,2637,256,1024,4096,1125,128,512,512,1035,64,256,4096,16191,64,256,512,1890,64,256,512,390,64,256,512,99,128,512,4096,99,0,0,0,0,0,0,0,0,0,0,0,0,0,0,0,0,64,128,128,20,64,128,128,20,11.00,10.10,0.90,0,11,16,337,44,45,0,0,0,0,0,0,0,2097152,2097152,2097152,2097152,2097152,8,2097152,2097152,2097152,2097152,2097152,10,2097152,2097152,4194304,4194304,4194304,221,2097152,2097152,2097152,2097152,2097152,32,131072,2097152,2097152,2097152,2097152,23,0,0,0,0,0,0,0,0,0,0,0,0,256,256,512,512,512,294,2097152,2097152,4194304,4194304,4194304,294,0,0,0,0,0,0,256,256,512,512,1024,294,79938,0,32588,16670,36253,0,40,20,0
48088647693600,1595,2048,8192,16384,11331,512,4096,8192,1596,4096,8192,16384,1270,4096,8192,16384,323,8192,8192,8192,10,2048,8192,8192,326,512,4096,8192,1289,1024,4096,8192,217,0,0,0,0,64,65536,262144,16480,524288,1048576,1048576,41,262144,262144,524288,41,262144,524288,524288,41,256,512,512,41,128,8192,16384,41,64,512,4096,2047,64,512,1024,2047,64,512,4096,101979,64,512,4096,11430,64,256,512,1784,64,512,1024,2565,256,512,4096,1287,128,512,512,1188,64,256,4096,16839,64,256,1024,1665,64,256,512,465,64,256,256,135,128,256,512,90,0,0,0,0,0,0,0,0,0,0,0,0,0,0,0,0,64,128,128,21,64,128,128,21,10.32,9.17,1.15,0,10,24,326,32,35,0,0,0,0,0,0,0,2097152,2097152,2097152,2097152,2097152,10,2097152,2097152,2097152,2097152,4194304,14,2097152,2097152,4194304,8388608,8388608,201,2097152,2097152,2097152,2097152,4194304,27,131072,2097152,2097152,2097152,2097152,25,0,0,0,0,0,0,0,0,0,0,0,0,256,256,256,512,512,277,2097152,2097152,4194304,8388608,8388608,277,0,0,0,0,0,0,256,512,512,512,512,277,80088,0,32297,16379,36045,0,41,21,0
48089666413100,1595,2048,8192,16384,11536,512,4096,8192,1595,4096,8192,16384,1281,4096,16384,16384,338,8192,16384,16384,14,2048,8192,8192,324,512,4096,8192,1284,1024,4096,4096,215,0,0,0,1,64,65536,131072,16734,524288,1048576,1048576,41,262144,524288,524288,41,262144,524288,524288,41,256,1024,1024,41,64,128,16384,41,64,512,1024,2279,128,512,4096,2279,64,512,4096,103824,64,512,2048,11529,64,256,512,1829,64,256,1024,2853,256,1024,4096,1155,128,512,512,1137,64,256,1024,16290,64,256,512,1845,64,256,512,396,128,512,4096,81,128,512,512,126,64,256,256,9,0,0,0,0,0,0,0,0,0,0,0,0,64,128,128,20,64,128,128,20,10.61,8.44,2.17,0,14,20,324,30,34,0,0,0,0,0,0,0,2097152,2097152,2097152,2097152,2097152,7,2097152,2097152,2097152,2097152,2097152,13,2097152,2097152,4194304,4194304,8388608,214,131072,2097152,2097152,2097152,4194304,26,2097152,2097152,2097152,2097152,4194304,26,0,0,0,0,0,0,0,0,0,0,0,0,256,256,512,512,512,286,2097152,2097152,4194304,4194304,8388608,286,0,0,0,0,0,0,256,512,512,1024,1024,286,80224,0,31821,16594,35635,0,41,20,0
48090687860000,1595,2048,8192,16384,11552,512,4096,8192,1595,4096,8192,16384,1292,4096,16384,16384,324,8192,8192,8192,17,2048,8192,8192,323,512,4096,8192,1282,1024,4096,8192,198,0,0,0,1,64,65536,262144,16716,524288,1048576,1048576,41,262144,262144,524288,41,262144,524288,524288,41,256,512,1024,41,128,128,8192,41,64,512,4096,2028,128,512,4096,2028,64,512,4096,103968,64,256,4096,11628,64,256,512,1603,64,512,1024,2718,256,1024,2048,1206,128,512,1024,1233,64,256,4096,16749,64,256,2048,1575,64,256,512,357,128,512,1024,153,128,512,1024,153,0,128,128,9,0,0,0,0,0,0,0,0,0,0,0,0,64,128,128,21,64,128,128,21,11.22,9.05,2.17,0,17,31,323,37,37,0,0,0,0,0,0,0,2097152,2097152,2097152,2097152,4194304,14,2097152,2097152,2097152,2097152,4194304,5,2097152,2097152,4194304,4194304,4194304,223,2097152,2097152,2097152,2097152,4194304,28,131072,2097152,2097152,2097152,2097152,28,0,0,0,0,0,0,0,0,0,0,0,0,256,256,512,512,512,298,2097152,2097152,4194304,4194304,4194304,298,0,0,0,0,0,0,256,512,512,512,1024,298,80371,0,32459,16586,35924,0,41,21,0
48091708340100,1595,2048,8192,16384,11282,512,4096,4096,1595,4096,8192,16384,1259,4096,16384,16384,319,8192,8192,8192,17,2048,8192,8192,324,512,4096,8192,1280,1024,4096,8192,239,0,0,0,1,64,65536,262144,16435,524288,1048576,1048576,41,262144,524288,524288,41,262144,524288,524288,41,256,512,1024,41,64,128,2048,41,64,512,4096,1948,128,512,2048,1948,64,512,4096,101538,64,512,2048,11331,64,256,512,1643,64,512,1024,2385,256,1024,4096,1173,128,512,512,1254,64,256,4096,16956,64,256,2048,1692,64,256,2048,297,64,256,512,234,128,512,4096,153,256,512,512,9,0,0,0,0,0,0,0,0,0,0,0,0,64,128,128,20,64,128,128,20,10.59,8.16,2.42,0,17,25,324,31,32,0,0,0,0,0,0,0,0,0,0,0,8388608,1,2097152,2097152,2097152,2097152,4194304,16,2097152,4194304,4194304,4194304,8388608,211,2097152,2097152,2097152,2097152,4194304,21,131072,2097152,2097152,2097152,2097152,18,0,0,0,0,0,0,0,0,0,0,0,0,256,256,512,512,512,267,2097152,4194304,4194304,8388608,8388608,267,0,0,0,0,0,0,256,512,512,1024,1024,267,80533,0,31695,16307,35914,0,41,20,0
48092728425000,1595,2048,8192,16384,11510,512,4096,8192,1627,4096,8192,16384,1327,4096,8192,16384,346,8192,16384,16384,19,2048,8192,8192,353,512,4096,8192,1309,1024,4096,8192,225,0,0,0,1,64,65536,131072,16863,524288,1048576,1048576,40,262144,524288,524288,40,262144,524288,524288,40,256,1024,1024,40,64,256,16384,41,64,512,2048,1815,64,512,4096,1815,64,512,4096,103590,64,512,1024,11943,64,256,512,1814,64,512,1024,2952,256,1024,1024,1167,128,512,1024,1248,64,256,4096,15498,64,256,512,1782,64,256,512,369,64,256,512,135,128,512,4096,171,256,256,256,9,0,0,0,0,0,0,0,0,0,0,0,0,64,128,128,21,64,128,256,21,11.61,9.06,2.55,0,19,30,353,31,47,0,0,0,0,0,0,0,2097152,2097152,2097152,2097152,4194304,11,2097152,2097152,2097152,2097152,2097152,6,2097152,4194304,4194304,4194304,4194304,222,131072,2097152,4194304,4194304,4194304,24,131072,2097152,2097152,2097152,4194304,28,0,0,0,0,0,0,0,0,0,0,0,0,256,256,512,512,512,291,2097152,4194304,4194304,4194304,4194304,291,0,0,0,0,0,0,256,512,512,1024,1024,291,80722,0,32326,16757,35999,0,40,21,0
48093747412500,1548,2048,8192,16384,11100,512,4096,8192,1590,4096,8192,16384,1237,4096,16384,16384,304,8192,8192,8192,18,2048,8192,8192,298,512,4096,8192,1249,1024,4096,8192,218,0,0,0,0,128,65536,262144,16138,524288,1048576,1048576,41,262144,524288,524288,41,262144,524288,524288,41,256,512,1024,41,64,1024,32768,40,64,512,4096,2014,64,512,4096,2437,64,512,4096,99900,64,512,4096,11133,64,256,512,1626,64,512,4096,2412,256,1024,1024,1026,128,512,512,1134,64,256,4096,16551,64,256,512,1620,64,256,512,336,64,256,512,144,128,256,4096,162,0,0,0,0,0,0,0,0,0,0,0,0,0,0,0,0,64,128,128,20,64,128,128,20,12.01,9.71,2.30,0,18,28,298,38,37,47,0,0,0,0,0,0,0,0,0,0,0,0,2097152,2097152,2097152,2097152,2097152,6,2097152,2097152,4194304,4194304,4194304,244,131072,2097152,2097152,2097152,2097152,26,131072,2097152,2097152,2097152,2097152,20,0,0,0,0,0,0,0,0,0,0,0,0,256,256,512,512,512,296,2097152,2097152,4194304,4194304,4194304,296,0,0,0,0,0,0,256,256,512,1024,1024,296,80892,0,32632,16092,35788,0,41,20,0
48094768675800,1548,2048,8192,16384,11482,512,4096,8192,1547,4096,8192,16384,1274,4096,8192,16384,329,8192,8192,8192,11,2048,8192,8192,311,512,4096,8192,1273,1024,4096,8192,201,0,0,0,1,64,65536,131072,16548,524288,1048576,1048576,41,262144,262144,262144,41,262144,524288,524288,41,512,1024,1024,41,128,128,256,41,64,512,4096,1938,64,512,1024,1938,64,512,4096,103338,64,512,2048,11466,64,256,512,1696,64,512,2048,2502,256,1024,4096,1104,128,512,1024,1158,64,256,2048,15498,64,256,2048,1764,64,256,512,309,64,256,512,135,64,4096,4096,99,256,256,256,9,0,0,0,0,0,0,0,0,0,0,0,0,64,128,128,20,64,128,128,20,12.11,9.69,2.42,0,11,29,311,41,35,0,0,0,0,0,0,0,2097152,2097152,2097152,2097152,2097152,19,2097152,2097152,2097152,2097152,2097152,9,2097152,2097152,4194304,4194304,4194304,161,131072,2097152,2097152,2097152,8388608,17,131072,2097152,2097152,2097152,2097152,25,2097152,4194304,4194304,4194304,4194304,59,0,0,0,0,0,0,256,256,512,512,512,290,2097152,2097152,4194304,4194304,8388608,290,0,0,0,0,0,0,256,512,512,512,512,290,81029,0,31672,16428,36241,0,41,20,0
48095789582600,1548,2048,8192,16384,11055,512,4096,8192,1547,4096,8192,16384,1244,4096,8192,16384,311,8192,8192,8192,23,2048,8192,8192,322,512,4096,8192,1237,1024,4096,8192,202,0,0,0,1,64,65536,131072,16080,524288,1048576,1048576,41,262144,262144,524288,41,262144,524288,524288,41,256,1024,1024,41,64,2048,8192,41,64,512,1024,1918,64,512,1024,1918,128,512,4096,99495,64,512,1024,11196,64,256,512,1682,64,512,4096,2466,256,1024,4096,1122,128,512,512,1104,64,256,4096,16578,64,256,512,1539,64,256,512,432,64,256,512,198,64,512,512,207,128,512,512,9,1024,2048,2048,11,1024,1024,1024,4,64,64,64,15,64,128,128,21,64,128,128,21,11.10,8.30,2.81,4,23,21,322,38,34,0,0,0,0,0,0,0,0,0,0,0,2097152,1,2097152,2097152,2097152,2097152,8388608,11,2097152,2097152,4194304,8388608,8388608,230,131072,2097152,2097152,2097152,2097152,22,131072,2097152,2097152,2097152,2097152,22,0,0,0,0,0,0,0,0,0,0,0,0,256,256,512,512,512,286,2097152,2097152,4194304,8388608,8388608,286,0,0,0,0,0,0,256,512,512,1024,1024,286,81185,0,31363,15969,35250,0,41,21,0
48096810142900,1548,2048,8192,16384,10888,512,4096,8192,1547,4096,8192,16384,1236,4096,8192,16384,336,8192,8192,8192,15,2048,8192,8192,320,512,4096,8192,1252,1024,4096,4096,216,2048,2048,2048,2,64,65536,262144,15939,524288,1048576,1048576,41,262144,262144,524288,41,262144,524288,524288,41,512,1024,1024,41,64,2048,32768,41,64,512,4096,2082,128,512,1024,2082,64,512,4096,97992,64,512,1024,11124,64,256,512,1784,64,512,2048,2574,256,1024,2048,1130,128,512,1024,1175,64,256,4096,16164,64,256,512,1737,64,256,4096,411,64,256,512,117,128,256,4096,135,128,256,256,18,1024,2048,2048,36,1024,2048,2048,43,64,128,128,79,64,128,128,20,64,128,128,20,11.23,9.06,2.17,43,15,25,320,57,46,0,0,0,0,0,0,0,2097152,2097152,2097152,2097152,2097152,14,2097152,2097152,2097152,2097152,2097152,13,2097152,4194304,4194304,4194304,8388608,201,2097152,4194304,4194304,4194304,4194304,30,131072,2097152,2097152,2097152,2097152,27,0,0,0,0,0,0,0,0,0,0,0,0,256,256,512,512,512,285,2097152,4194304,4194304,4194304,8388608,285,0,0,0,0,0,0,256,512,512,512,512,285,81406,0,31394,15897,35119,0,41,20,0
48097829534600,1549,2048,8192,16384,11301,512,4096,8192,1546,4096,8192,16384,1257,4096,16384,16384,306,8192,8192,8192,20,2048,8192,8192,301,512,4096,8192,1239,1024,4096,8192,201,0,0,0,1,64,65536,131072,16304,524288,1048576,1048576,41,262144,262144,524288,41,262144,524288,524288,41,256,1024,1024,41,64,128,16384,41,64,512,4096,2172,64,512,1024,2163,64,512,4096,101709,64,512,2048,11313,64,256,512,1640,64,512,4096,2466,256,1024,1024,1023,128,512,1024,1095,64,256,2048,15813,64,256,2048,1674,64,256,2048,390,64,512,512,180,128,512,4096,180,128,256,256,9,0,0,0,0,0,0,0,0,0,0,0,0,64,128,128,21,64,256,256,21,11.10,9.44,1.66,0,20,28,301,39,43,0,0,0,0,0,262144,1,2097152,2097152,2097152,2097152,2097152,14,2097152,2097152,2097152,2097152,2097152,12,2097152,2097152,4194304,4194304,8388608,220,131072,2097152,2097152,2097152,2097152,22,131072,2097152,2097152,2097152,4194304,27,0,0,0,0,0,0,0,0,0,0,0,0,256,256,512,512,512,296,2097152,2097152,4194304,4194304,8388608,296,0,0,0,0,256,1,256,512,512,512,4096,295,81541,0,31634,16197,35666,0,41,21,0
48098850585700,1581,2048,8192,16384,11161,256,4096,8192,1562,4096,8192,16384,1241,4096,8192,16384,274,8192,8192,8192,11,2048,8192,8192,310,512,4096,8192,1277,1024,8192,8192,223,0,0,0,1,64,65536,131072,16177,524288,1048576,1048576,40,262144,262144,524288,40,262144,524288,524288,40,256,512,512,40,128,16384,32768,40,64,512,1024,2354,128,512,1024,2066,64,512,4096,100449,64,512,1024,11169,64,256,512,1320,64,512,512,2286,256,512,1024,1209,128,512,512,1182,64,256,2048,15714,64,256,512,1584,64,256,512,432,64,256,512,108,128,256,512,99,256,256,256,9,0,0,0,0,0,0,0,0,0,0,0,0,64,128,128,20,16384,32768,32768,20,11.22,9.31,1.91,0,11,29,310,27,37,0,262144,524288,524288,524288,524288,32,2097152,2097152,2097152,2097152,2097152,7,2097152,2097152,2097152,2097152,2097152,8,2097152,4194304,4194304,4194304,8388608,218,2097152,2097152,2097152,2097152,4194304,25,131072,2097152,2097152,2097152,4194304,23,0,0,0,0,0,0,0,0,0,0,0,0,256,256,512,512,2048,313,2097152,4194304,4194304,4194304,8388608,313,128,256,256,256,512,32,256,512,512,512,1024,281,81642,0,31330,16067,35672,0,40,20,0
48099869529200,1603,2048,8192,16384,11652,512,4096,8192,1601,4096,8192,16384,1282,4096,8192,16384,339,8192,8192,8192,13,2048,8192,8192,348,512,4096,8192,1293,1024,4096,8192,205,4096,4096,4096,3,64,65536,131072,16883,524288,1048576,1048576,41,262144,262144,524288,41,262144,524288,524288,41,256,512,512,41,64,128,16384,41,64,512,4096,2303,64,512,1024,2105,64,512,4096,104868,64,256,2048,11538,64,256,512,1495,64,512,4096,2889,256,512,2048,1143,128,512,4096,1134,64,256,2048,15912,64,256,512,1629,64,256,512,396,64,256,512,81,128,512,1024,117,128,512,512,27,0,0,0,0,0,0,0,0,0,0,0,0,64,128,128,20,16384,32768,32768,20,12.28,9.72,2.56,0,13,29,348,45,40,0,262144,262144,524288,524288,524288,22,2097152,2097152,2097152,2097152,2097152,15,2097152,2097152,2097152,2097152,4194304,9,2097152,4194304,4194304,8388608,8388608,210,131072,2097152,2097152,2097152,4194304,20,131072,4194304,4194304,4194304,4194304,20,0,0,0,0,0,0,0,0,0,0,0,0,256,256,512,512,512,296,2097152,4194304,4194304,8388608,8388608,296,128,256,256,256,256,22,256,512,512,1024,1024,274,81821,0,32300,16765,36440,0,41,20,0
48100890748600,1607,2048,8192,16384,11388,512,4096,8192,1607,4096,8192,16384,1290,4096,8192,16384,333,8192,16384,16384,10,2048,8192,8192,335,512,4096,8192,1296,1024,4096,8192,249,0,0,0,0,64,65536,131072,16644,524288,1048576,1048576,41,262144,262144,524288,41,262144,524288,524288,41,128,512,512,41,64,128,128,41,64,512,4096,1979,64,512,1024,1943,64,512,4096,102492,64,512,1024,11610,64,256,512,1567,64,256,512,2772,256,1024,2048,1202,128,512,4096,1139,64,256,4096,16146,64,256,512,1773,64,256,512,291,64,512,512,90,128,512,4096,90,0,0,0,0,0,0,0,0,0,0,0,0,0,0,0,0,64,128,128,21,64,16384,16384,21,12.24,9.56,2.68,0,10,25,335,31,40,0,262144,524288,524288,524288,524288,4,2097152,2097152,2097152,2097152,2097152,3,2097152,2097152,2097152,2097152,4194304,13,2097152,2097152,4194304,4194304,4194304,234,131072,2097152,2097152,2097152,2097152,27,131072,2097152,2097152,2097152,2097152,22,0,0,0,0,0,0,0,0,0,0,0,0,256,256,512,512,2048,303,2097152,2097152,4194304,4194304,4194304,303,256,256,256,256,256,4,256,512,512,512,1024,299,81959,0,32256,16519,36186,0,41,21,0
48101909761100,1607,2048,8192,16384,11481,512,4096,8192,1606,4096,8192,16384,1310,4096,16384,16384,329,8192,8192,8192,11,2048,8192,8192,308,512,4096,8192,1289,1024,8192,8192,217,0,0,0,0,64,65536,131072,16661,524288,1048576,1048576,41,262144,524288,524288,41,524288,524288,524288,41,512,1024,1024,41,128,128,4096,41,64,512,4096,2001,64,512,1024,2001,64,512,4096,103329,64,512,4096,11790,64,256,512,1855,64,512,1024,2664,256,1024,4096,1266,128,512,4096,1203,64,256,4096,16938,64,256,512,1710,64,256,512,360,64,512,512,153,128,512,4096,99,0,0,0,0,0,0,0,0,0,0,0,0,0,0,0,0,64,128,128,20,64,128,128,20,11.63,9.58,2.04,0,11,17,308,43,44,0,0,0,0,0,0,0,2097152,2097152,2097152,2097152,8388608,22,2097152,2097152,2097152,2097152,2097152,7,2097152,2097152,4194304,4194304,4194304,218,131072,2097152,2097152,2097152,2097152,24,2097152,2097152,2097152,2097152,2097152,23,0,0,0,0,0,0,0,0,0,0,0,0,256,256,512,512,512,294,2097152,2097152,4194304,4194304,8388608,294,0,0,0,0,0,0,256,512,512,512,1024,294,82088,0,32576,16553,36336,0,41,20,0
48102931090800,1607,2048,8192,16384,11379,512,4096,8192,1606,4096,8192,16384,1285,4096,8192,16384,318,8192,8192,8192,15,2048,8192,8192,344,512,4096,8192,1311,1024,8192,8192,213,0,0,0,0,64,65536,262144,16587,524288,1048576,1048576,41,262144,262144,262144,41,262144,524288,524288,41,256,1024,2048,41,64,8192,65536,41,64,512,4096,2063,64,512,4096,2063,64,512,4096,102411,64,256,4096,11565,64,256,512,1672,64,512,4096,2619,256,1024,4096,1179,128,512,4096,1089,64,256,4096,16488,64,256,1024,1827,64,256,512,351,64,256,512,126,128,512,4096,135,0,0,0,0,0,0,0,0,0,0,0,0,0,0,0,0,64,128,128,21,64,128,128,21,11.35,9.31,2.04,0,15,18,344,28,37,0,0,0,0,0,0,0,2097152,2097152,2097152,2097152,2097152,12,2097152,2097152,2097152,2097152,4194304,11,2097152,2097152,4194304,4194304,4194304,239,131072,2097152,2097152,2097152,2097152,14,131072,2097152,2097152,2097152,4194304,11,0,0,0,0,0,0,0,0,0,0,0,0,256,256,512,512,512,287,2097152,2097152,4194304,4194304,4194304,287,0,0,0,0,0,0,256,256,512,512,512,287,82243,0,32482,16449,35850,0,41,21,0
48103950425500,1559,2048,8192,16384,11439,512,4096,8192,1596,4096,8192,16384,1294,4096,8192,16384,334,8192,16384,16384,19,2048,8192,16384,309,512,4096,8192,1288,1024,4096,8192,194,0,0,0,1,64,65536,262144,16600,524288,1048576,1048576,40,262144,262144,524288,40,524288,524288,524288,40,512,1024,1024,40,64,16384,16384,40,64,512,4096,2107,64,256,1024,2539,64,512,4096,102951,64,512,4096,11646,64,256,512,1577,64,512,4096,2736,256,1024,4096,1275,128,512,512,1266,64,256,4096,17370,64,256,2048,1818,64,256,4096,375,64,256,512,162,128,512,4096,171,64,256,256,9,0,0,0,0,0,0,0,0,0,0,0,0,64,128,128,20,64,64,64,20,11.63,8.18,3.45,0,19,20,309,43,35,48,0,0,0,0,0,0,2097152,2097152,2097152,2097152,2097152,15,2097152,2097152,2097152,2097152,2097152,14,2097152,4194304,8388608,8388608,8388608,193,2097152,2097152,2097152,2097152,2097152,42,131072,2097152,2097152,2097152,4194304,23,0,0,0,0,0,0,0,0,0,0,0,0,256,256,512,512,512,287,2097152,2097152,4194304,8388608,8388608,287,0,0,0,0,0,0,256,512,512,512,512,287,82430,0,32054,16495,35297,0,40,20,0
48104972876800,1559,2048,8192,16384,11236,512,4096,8192,1559,4096,8192,16384,1263,4096,8192,16384,327,8192,16384,16384,15,2048,8192,8192,316,512,4096,8192,1240,1024,4096,8192,219,0,0,0,1,64,65536,131072,16321,524288,1048576,1048576,41,262144,524288,524288,41,524288,524288,524288,41,512,1024,1024,41,128,256,4096,41,128,512,4096,2049,128,512,4096,2049,64,512,4096,101124,64,512,4096,11367,64,256,512,1674,64,512,1024,2754,256,1024,4096,1140,128,512,512,1203,64,256,4096,15183,64,256,2048,1827,64,256,512,510,64,256,4096,153,128,512,4096,135,256,256,256,9,0,0,0,0,0,0,0,0,0,0,0,0,64,128,128,20,64,128,128,20,11.21,9.04,2.17,0,15,22,316,31,32,0,0,0,0,0,0,0,2097152,2097152,2097152,2097152,2097152,3,2097152,2097152,2097152,2097152,2097152,5,2097152,2097152,4194304,4194304,4194304,238,131072,2097152,2097152,2097152,2097152,24,131072,2097152,2097152,2097152,2097152,20,0,0,0,0,0,0,0,0,0,0,0,0,256,256,512,512,1024,290,2097152,2097152,4194304,4194304,4194304,290,0,0,0,0,0,0,256,512,512,512,512,290,82556,0,32164,16230,35553,0,41,20,0
48105992196500,1559,2048,8192,16384,11269,512,4096,8192,1562,4096,8192,16384,1262,4096,8192,16384,311,8192,16384,16384,15,2048,8192,8192,332,512,4096,8192,1251,1024,4096,8192,224,0,0,0,0,64,65536,262144,16337,524288,1048576,1048576,41,262144,262144,262144,41,262144,524288,524288,41,256,1024,1024,41,64,128,8192,41,64,512,1024,2050,128,512,1024,2050,64,512,4096,101421,64,512,2048,11358,64,256,512,1617,64,512,1024,2493,256,1024,4096,1263,128,512,512,1281,64,256,2048,16587,64,256,1024,1611,64,256,256,306,64,512,4096,108,128,512,4096,135,0,0,0,0,1024,2048,2048,22,1024,1024,1024,22,64,64,64,44,64,128,128,21,64,128,128,21,11.10,9.70,1.40,22,15,16,332,34,28,0,0,0,0,0,0,0,2097152,2097152,2097152,2097152,2097152,23,2097152,2097152,2097152,2097152,2097152,14,2097152,2097152,4194304,4194304,4194304,215,131072,2097152,2097152,2097152,2097152,23,2097152,2097152,4194304,4194304,4194304,23,0,0,0,0,0,0,0,0,0,0,0,0,256,256,512,512,512,298,2097152,2097152,4194304,4194304,4194304,298,0,0,0,0,0,0,256,512,512,512,512,298,82705,0,31663,16268,35845,0,41,21,0
48107012097800,1559,2048,8192,16384,11183,512,4096,8192,1557,4096,8192,16384,1242,4096,16384,16384,315,8192,16384,16384,15,2048,8192,8192,319,512,4096,8192,1254,1024,4096,8192,219,0,0,0,1,64,65536,131072,16217,524288,1048576,1048576,41,262144,262144,524288,41,262144,524288,524288,41,512,1024,1024,41,128,128,16384,41,64,512,4096,2081,64,512,2048,2081,64,512,4096,100647,64,256,2048,11178,64,256,512,1565,64,512,1024,2583,256,1024,4096,1164,128,512,4096,1110,64,256,2048,16371,64,256,2048,1791,64,256,512,456,64,256,4096,153,128,512,4096,135,64,256,256,9,1024,2048,2048,26,1024,1024,2048,26,64,64,64,52,64,128,128,20,64,64,64,20,11.37,9.84,1.53,26,15,23,319,35,39,0,0,0,0,0,0,0,2097152,2097152,2097152,2097152,4194304,9,2097152,2097152,2097152,2097152,2097152,9,2097152,4194304,4194304,8388608,8388608,203,131072,4194304,4194304,4194304,4194304,20,2097152,2097152,4194304,4194304,8388608,24,0,0,0,0,0,0,0,0,0,0,0,0,256,256,512,512,512,265,2097152,4194304,4194304,8388608,8388608,265,0,0,0,0,0,0,256,512,512,1024,1024,265,82897,0,31572,16161,35382,0,41,20,0
48108031738700,1559,2048,8192,16384,11186,512,4096,8192,1560,4096,8192,16384,1255,4096,8192,16384,319,8192,8192,8192,20,2048,8192,8192,316,512,4096,8192,1256,1024,4096,8192,214,2048,2048,2048,2,64,65536,262144,16263,524288,1048576,1048576,41,262144,262144,524288,41,262144,524288,524288,41,512,1024,1024,41,64,128,16384,41,64,512,4096,1903,128,512,4096,1903,64,512,4096,100674,64,512,2048,11295,64,256,512,1740,64,512,1024,2790,256,1024,4096,1172,128,512,1024,1154,64,256,4096,16560,64,256,512,1530,64,256,512,396,64,256,256,126,128,512,1024,180,64,256,256,18,0,0,0,0,0,0,0,0,0,0,0,0,64,64,128,21,64,128,128,21,11.87,9.32,2.55,0,20,13,316,43,46,0,0,0,0,0,0,0,2097152,2097152,2097152,2097152,2097152,3,2097152,2097152,2097152,2097152,4194304,10,2097152,4194304,4194304,4194304,16777216,221,131072,2097152,4194304,4194304,4194304,27,131072,2097152,2097152,2097152,2097152,24,0,0,0,0,0,0,0,0,0,0,0,0,256,256,512,512,512,285,2097152,4194304,4194304,4194304,16777216,285,0,0,0,0,0,0,256,512,512,512,512,285,83050,0,31713,16160,35562,0,41,21,0
48109051875700,1559,2048,8192,16384,11455,512,4096,8192,1564,4096,8192,16384,1272,4096,8192,16384,334,8192,8192,8192,17,2048,8192,8192,325,512,4096,8192,1254,1024,4096,8192,212,0,0,0,0,64,65536,262144,16547,524288,1048576,1048576,40,262144,262144,524288,40,262144,524288,524288,40,512,1024,1024,40,64,128,16384,40,64,512,2048,2001,128,512,1024,2001,64,512,4096,103095,64,512,1024,11448,64,256,512,1605,64,512,512,2781,256,512,4096,1113,128,512,1024,1185,64,256,4096,15390,64,256,4096,1647,64,256,512,345,64,256,512,198,64,512,4096,153,0,0,0,0,0,0,0,0,0,0,0,0,0,0,0,0,64,128,128,20,64,128,128,20,12.25,9.32,2.94,0,17,28,325,31,43,0,0,0,0,0,0,0,2097152,2097152,2097152,2097152,4194304,19,2097152,2097152,2097152,2097152,2097152,12,2097152,2097152,4194304,4194304,4194304,222,2097152,2097152,2097152,2097152,4194304,20,65536,2097152,2097152,2097152,4194304,19,0,0,0,0,0,0,0,0,0,0,0,0,256,256,512,512,512,292,2097152,2097152,4194304,4194304,4194304,292,0,0,0,0,0,0,256,512,512,1024,1024,292,83202,0,31799,16456,35793,0,40,20,0
48110071708300,1559,2048,8192,16384,11126,512,4096,8192,1559,4096,8192,16384,1244,4096,8192,16384,304,8192,16384,16384,16,2048,8192,8192,306,512,4096,8192,1265,1024,8192,8192,206,0,0,0,0,64,65536,131072,16155,524288,1048576,1048576,41,262144,524288,524288,41,262144,524288,524288,41,512,1024,1024,41,128,256,32768,41,64,512,4096,2039,64,512,4096,2039,64,512,4096,100134,64,512,4096,11196,64,256,512,1624,64,512,2048,2475,256,1024,4096,1103,128,512,512,1166,64,256,2048,16542,64,256,1024,1665,0,256,2048,345,64,256,512,135,128,512,4096,144,0,0,0,0,0,0,0,0,0,0,0,0,0,0,0,0,64,128,128,20,64,256,256,20,10.22,9.07,1.15,0,16,15,306,34,39,0,0,0,0,0,0,0,2097152,2097152,2097152,2097152,2097152,3,2097152,2097152,2097152,2097152,2097152,13,2097152,2097152,4194304,4194304,4194304,240,2097152,2097152,2097152,2097152,4194304,19,131072,2097152,2097152,2097152,2097152,14,0,0,0,0,0,0,0,0,0,0,0,0,256,256,256,512,512,289,2097152,2097152,4194304,4194304,4194304,289,0,0,0,0,0,0,256,512,512,512,1024,289,83323,0,31964,16045,35555,0,41,20,0
48111091616400,1559,2048,8192,16384,11072,512,4096,8192,1559,4096,8192,16384,1228,4096,8192,16384,313,8192,16384,16384,17,2048,8192,8192,301,512,4096,8192,1253,1024,4096,8192,189,0,0,0,0,64,65536,131072,16051,524288,1048576,1048576,41,262144,524288,524288,41,262144,524288,524288,41,512,1024,1024,41,64,128,256,41,64,512,4096,2001,64,512,2048,2001,64,512,4096,99648,64,512,2048,11052,64,256,512,1700,128,512,1024,2520,256,1024,2048,1110,128,512,1024,1182,64,512,4096,16137,64,256,2048,1566,0,256,512,456,64,256,512,189,128,1024,4096,153,0,0,0,0,0,0,0,0,0,0,0,0,0,0,0,0,64,128,128,21,64,128,128,21,10.21,9.06,1.15,0,17,13,301,31,38,0,0,0,0,0,0,0,2097152,4194304,4194304,4194304,4194304,16,2097152,2097152,2097152,2097152,4194304,11,2097152,2097152,4194304,4194304,4194304,216,131072,2097152,2097152,2097152,2097152,15,2097152,2097152,2097152,2097152,2097152,25,0,0,0,0,0,0,0,0,0,0,0,0,256,256,512,512,512,283,2097152,2097152,4194304,4194304,4194304,283,0,0,0,0,0,0,256,512,512,512,1024,283,83440,0,31746,15935,35366,0,41,21,0
48112113470500,1559,2048,8192,16384,11123,512,4096,8192,1558,4096,8192,16384,1247,4096,8192,16384,341,8192,8192,8192,15,2048,8192,8192,341,512,4096,8192,1262,1024,8192,8192,211,2048,2048,2048,2,64,65536,131072,16222,524288,1048576,1048576,41,262144,524288,524288,41,262144,524288,524288,41,512,1024,1024,41,128,1024,8192,41,64,512,4096,2003,64,512,512,2003,64,512,4096,100107,64,256,1024,11223,64,256,512,1735,64,512,1024,2754,256,1024,4096,1143,128,512,4096,1098,64,256,4096,15777,64,256,512,1683,64,256,512,285,64,256,512,126,128,512,512,135,128,256,256,18,0,0,0,0,0,0,0,0,0,0,0,0,64,128,128,20,64,128,128,20,12.50,9.56,2.93,0,15,18,341,31,36,0,0,0,0,0,0,0,0,0,0,0,0,0,2097152,2097152,2097152,2097152,2097152,9,2097152,2097152,4194304,8388608,8388608,214,2097152,2097152,2097152,2097152,2097152,23,131072,2097152,2097152,2097152,2097152,22,2097152,2097152,2097152,2097152,4194304,7,0,0,0,0,0,0,256,256,256,512,512,275,2097152,2097152,4194304,8388608,8388608,275,0,0,0,0,0,0,256,512,512,512,1024,275,83606,0,31803,16106,35307,0,41,20,0
48113132885300,1559,2048,8192,16384,11348,512,4096,8192,1558,4096,8192,16384,1294,4096,16384,16384,316,8192,8192,8192,13,2048,8192,16384,304,512,4096,8192,1267,1024,4096,8192,225,4096,4096,4096,2,64,65536,131072,16458,524288,1048576,1048576,41,262144,262144,524288,41,262144,524288,524288,41,512,1024,1024,41,128,128,16384,41,64,512,1024,1920,128,512,1024,1920,64,512,4096,102141,64,256,2048,11646,64,256,512,1604,64,512,1024,2754,256,512,4096,1164,128,512,512,1200,64,256,4096,15858,64,256,4096,1647,64,256,512,525,64,256,512,117,64,512,1024,117,128,512,512,18,0,0,0,0,0,0,0,0,0,0,0,0,64,128,128,21,64,128,128,21,12.00,8.81,3.19,0,13,12,304,34,40,0,0,0,0,0,0,0,2097152,2097152,2097152,2097152,2097152,11,2097152,2097152,2097152,2097152,2097152,7,2097152,2097152,4194304,4194304,4194304,173,131072,2097152,2097152,2097152,4194304,21,131072,2097152,2097152,2097152,2097152,30,2097152,4194304,4194304,4194304,4194304,51,0,0,0,0,0,0,256,256,512,512,512,293,2097152,4194304,4194304,4194304,4194304,293,0,0,0,0,0,0,256,512,512,1024,1024,293,83716,0,31600,16321,35823,0,41,21,0
48114153513600,1513,2048,8192,16384,11040,512,4096,8192,1553,4096,8192,16384,1223,4096,8192,16384,290,8192,8192,8192,14,2048,8192,8192,314,512,4096,8192,1249,1024,4096,8192,229,8192,8192,8192,2,64,65536,131072,16037,524288,1048576,1048576,40,262144,524288,524288,40,262144,524288,524288,40,512,1024,1024,40,128,128,256,41,64,512,4096,1941,64,512,1024,2355,64,512,4096,99351,64,512,1024,11007,64,256,512,1500,64,512,1024,2475,256,1024,1024,1182,128,512,4096,1092,64,256,4096,15795,64,256,512,1737,64,256,512,378,64,256,512,126,128,512,4096,126,256,1024,1024,18,0,0,0,0,0,0,0,0,0,0,0,0,64,128,128,20,64,128,128,20,12.12,9.32,2.81,0,14,13,314,43,28,46,0,0,0,0,0,0,0,0,0,0,2097152,1,2097152,2097152,2097152,2097152,2097152,9,2097152,4194304,4194304,4194304,4194304,225,131072,2097152,2097152,2097152,2097152,31,2097152,2097152,2097152,2097152,4194304,28,0,0,0,0,0,0,0,0,0,0,0,0,256,256,512,512,512,294,2097152,4194304,4194304,4194304,4194304,294,0,0,0,0,0,0,256,256,512,512,512,294,83880,0,31373,15988,35114,0,40,20,0
48115172944000,1513,2048,8192,16384,10826,512,4096,8192,1513,4096,8192,16384,1206,4096,8192,16384,299,8192,16384,16384,14,2048,8192,8192,292,512,4096,8192,1225,1024,4096,8192,207,0,0,0,1,64,65536,262144,15710,524288,1048576,1048576,41,262144,524288,524288,41,262144,524288,524288,41,256,512,512,41,128,256,8192,40,64,512,1024,1833,128,512,4096,1833,64,512,4096,97434,64,256,2048,10854,64,256,512,1632,64,256,1024,2619,256,1024,2048,1173,128,512,512,1128,64,256,2048,15282,64,256,2048,1665,64,256,512,357,64,256,512,117,128,512,4096,126,0,512,512,9,0,0,0,0,0,0,0,0,0,0,0,0,64,128,128,20,64,128,128,20,10.86,9.20,1.66,0,14,14,292,35,28,0,0,0,0,0,0,0,2097152,8388608,8388608,8388608,8388608,15,2097152,2097152,2097152,2097152,4194304,7,2097152,4194304,4194304,4194304,8388608,205,131072,2097152,4194304,4194304,4194304,21,131072,2097152,2097152,2097152,4194304,21,0,0,0,0,0,0,0,0,0,0,0,0,256,256,512,512,512,269,2097152,4194304,4194304,8388608,8388608,269,0,0,0,0,0,0,256,512,512,512,1024,269,83994,0,30477,15605,34406,0,41,20,0
48116194701700,1524,2048,8192,16384,10700,512,4096,8192,1517,4096,8192,16384,1228,4096,8192,16384,314,8192,16384,16384,17,2048,8192,8192,323,512,4096,8192,1206,1024,4096,8192,202,2048,2048,2048,2,64,65536,131072,15639,524288,1048576,1048576,41,262144,524288,524288,41,262144,524288,524288,41,512,512,1024,41,128,2048,32768,41,64,512,4096,2125,128,512,1024,2026,64,512,4096,96300,64,512,2048,11052,64,256,512,1636,64,512,1024,2727,256,1024,1024,1245,128,512,512,1200,64,256,2048,16092,64,256,512,1539,64,256,512,348,64,512,512,117,128,512,4096,153,64,256,256,18,1024,2048,2048,32,1024,1024,2048,22,64,64,128,54,64,128,128,21,64,16384,65536,21,10.57,9.30,1.27,22,17,14,323,38,28,0,262144,262144,262144,262144,262144,11,2097152,2097152,2097152,2097152,2097152,19,2097152,4194304,4194304,4194304,4194304,8,2097152,2097152,4194304,4194304,4194304,219,131072,2097152,2097152,2097152,2097152,20,2097152,2097152,2097152,2097152,2097152,24,0,0,0,0,0,0,0,0,0,0,0,0,256,256,512,512,512,301,2097152,2097152,4194304,4194304,4194304,301,128,256,256,256,256,11,256,512,512,512,512,290,84135,0,30593,15585,34586,0,41,21,0
48117213835100,1557,2048,8192,16384,11133,512,4096,8192,1775,4096,8192,16384,1237,4096,8192,16384,326,8192,8192,8192,16,2048,8192,8192,330,512,4096,8192,1250,1024,4096,16384,191,0,0,0,0,64,65536,131072,16369,524288,1048576,1048576,41,262144,524288,524288,41,262144,524288,524288,41,256,512,1024,41,64,512,2048,41,64,512,4096,2333,64,512,4096,2036,64,512,4096,100197,64,512,4096,11133,64,256,512,1804,64,512,1024,2682,256,1024,4096,1085,128,512,512,1148,64,256,4096,15993,64,256,512,1782,64,256,256,339,64,256,512,153,128,512,1024,144,0,0,0,0,1024,2048,2048,14,1024,2048,2048,24,64,64,64,38,64,128,128,20,8192,65536,65536,20,11.13,8.44,2.69,24,16,10,330,26,42,0,262144,524288,524288,524288,524288,33,0,0,0,0,2097152,1,2097152,2097152,2097152,2097152,4194304,4,2097152,2097152,4194304,4194304,4194304,242,131072,2097152,2097152,2097152,4194304,19,2097152,2097152,4194304,4194304,8388608,21,0,0,0,0,0,0,0,0,0,0,0,0,256,256,512,512,512,320,2097152,2097152,4194304,4194304,8388608,320,128,256,256,256,256,33,256,256,512,512,1024,287,84263,0,31519,16311,35904,0,41,20,0
48118234420500,1571,2048,8192,16384,11033,512,4096,8192,1707,4096,8192,16384,1254,4096,16384,16384,328,8192,8192,16384,23,2048,8192,8192,318,512,4096,8192,1258,1024,8192,16384,218,0,0,0,1,64,65536,262144,16274,524288,1048576,1048576,41,262144,524288,524288,41,262144,524288,524288,41,512,1024,2048,41,64,16384,65536,41,64,512,4096,2062,64,512,4096,1936,64,512,4096,99297,64,256,1024,11286,64,256,512,1670,64,512,4096,2871,256,1024,4096,1233,128,512,1024,1278,64,256,4096,16605,64,256,4096,1647,64,256,1024,330,64,256,512,225,128,512,4096,207,64,128,128,9,0,0,0,0,0,0,0,0,0,0,0,0,64,128,128,21,64,32768,32768,21,14.02,8.92,5.10,0,23,12,318,35,31,0,262144,524288,524288,524288,524288,14,2097152,2097152,2097152,2097152,4194304,11,0,0,0,0,0,0,2097152,2097152,4194304,4194304,4194304,225,131072,2097152,2097152,2097152,4194304,27,2097152,2097152,2097152,2097152,4194304,27,0,0,0,0,0,0,0,0,0,0,0,0,128,256,256,256,512,304,2097152,2097152,4194304,4194304,4194304,304,128,256,256,256,256,14,256,512,512,512,512,290,84378,0,31872,16137,35854,0,41,21,0
48119253415500,1571,2048,8192,16384,11280,512,4096,8192,1572,4096,8192,16384,1252,4096,16384,16384,318,8192,16384,16384,26,2048,8192,16384,305,512,4096,8192,1260,1024,8192,8192,208,0,0,0,0,64,65536,131072,16365,524288,1048576,1048576,40,262144,524288,524288,40,262144,524288,524288,40,512,1024,2048,40,64,32768,32768,40,64,512,4096,1789,64,512,1024,1789,64,512,4096,101520,64,512,2048,11268,64,256,512,1923,64,512,4096,2691,256,1024,4096,984,128,512,1024,1119,64,256,4096,15867,64,256,1024,1503,64,256,512,411,64,256,256,234,64,512,4096,234,0,0,0,0,0,0,0,0,0,0,0,0,0,0,0,0,64,128,128,20,64,128,128,20,11.50,9.32,2.17,0,26,8,305,49,35,0,0,0,0,0,0,0,0,0,0,0,0,0,2097152,2097152,2097152,2097152,2097152,2,2097152,2097152,4194304,8388608,8388608,227,2097152,2097152,2097152,2097152,4194304,25,2097152,2097152,2097152,2097152,4194304,23,0,0,0,0,0,0,0,0,0,0,0,0,256,256,512,512,512,277,2097152,2097152,4194304,8388608,8388608,277,0,0,0,0,0,0,256,512,512,512,1024,277,84524,0,31207,16241,35219,0,40,20,0
48120274526100,1571,2048,8192,16384,11518,512,4096,8192,1572,4096,8192,16384,1300,4096,16384,16384,297,8192,8192,16384,25,2048,8192,8192,308,512,4096,8192,1317,1024,4096,8192,224,0,0,0,1,64,65536,131072,16694,524288,1048576,1048576,41,262144,262144,262144,41,262144,524288,524288,41,512,1024,1024,41,128,4096,8192,41,64,512,4096,1809,64,512,4096,1809,64,512,4096,103662,64,512,4096,11700,64,256,512,1572,64,512,4096,2628,256,512,4096,1194,128,512,4096,1230,64,256,4096,15876,64,256,4096,1737,64,256,256,333,64,256,1024,180,128,512,4096,225,64,256,256,9,0,0,0,0,0,0,0,0,0,0,0,0,64,128,128,20,64,128,128,20,11.23,9.32,1.91,0,25,0,308,40,39,0,0,0,0,0,0,0,2097152,2097152,4194304,4194304,4194304,22,0,0,0,0,0,0,2097152,2097152,4194304,4194304,4194304,206,2097152,2097152,4194304,4194304,4194304,34,2097152,2097152,2097152,2097152,2097152,20,0,0,0,0,0,0,0,0,0,0,0,0,256,256,512,512,512,282,2097152,2097152,4194304,4194304,4194304,282,0,0,0,0,0,0,256,512,512,1024,1024,282,84654,0,32048,16583,35518,0,41,20,0
48121294716600,1571,2048,8192,16384,11335,512,4096,8192,1568,4096,8192,16384,1285,4096,8192,16384,345,8192,16384,16384,13,2048,8192,16384,347,512,4096,8192,1270,1024,4096,8192,229,0,0,0,0,64,65536,262144,16509,524288,1048576,1048576,41,262144,262144,524288,41,262144,524288,524288,41,256,1024,1024,41,64,2048,32768,41,64,512,512,2033,64,512,1024,2033,64,512,4096,102015,64,512,4096,11565,64,256,512,1769,64,512,4096,3024,256,1024,4096,1212,128,512,512,1131,64,256,4096,16056,64,256,2048,1548,64,256,512,252,64,256,512,117,128,512,512,117,0,0,0,0,0,0,0,0,0,0,0,0,0,0,0,0,64,128,128,21,64,128,128,21,15.19,9.19,6.00,0,13,6,347,34,23,0,0,0,0,0,0,0,0,0,0,0,0,0,2097152,2097152,2097152,2097152,2097152,2,2097152,2097152,4194304,4194304,4194304,248,2097152,2097152,2097152,2097152,4194304,25,131072,2097152,2097152,2097152,2097152,15,0,0,0,0,0,0,0,0,0,0,0,0,256,256,512,512,512,290,2097152,2097152,4194304,4194304,4194304,290,0,0,0,0,0,0,256,512,512,1024,1024,290,84787,0,31235,16400,35319,0,41,21,0
48122316018600,1571,2048,8192,16384,10711,512,4096,8192,1572,4096,8192,16384,1223,4096,16384,16384,291,8192,16384,16384,20,2048,8192,8192,334,512,4096,8192,1213,1024,8192,8192,197,0,0,0,1,64,65536,262144,15694,524288,1048576,1048576,41,262144,262144,262144,41,262144,524288,524288,41,512,1024,2048,41,64,128,16384,41,64,512,4096,1921,128,512,4096,1921,64,512,4096,96399,64,512,1024,11007,64,256,512,1592,64,512,4096,2682,256,1024,4096,1137,128,512,1024,1227,64,256,4096,15885,64,256,4096,1836,64,256,512,261,64,256,512,207,128,512,8192,180,128,256,256,9,0,0,0,0,0,0,0,0,0,0,0,0,64,128,128,20,64,128,128,20,11.99,9.44,2.55,0,20,2,334,31,37,0,0,0,0,0,0,0,2097152,2097152,2097152,2097152,2097152,15,0,0,0,0,0,0,2097152,2097152,4194304,8388608,8388608,222,131072,2097152,2097152,2097152,2097152,17,131072,2097152,2097152,2097152,4194304,27,0,0,0,0,0,0,0,0,0,0,0,0,256,256,512,512,512,281,2097152,2097152,4194304,8388608,8388608,281,0,0,0,0,0,0,256,256,512,512,2048,281,84930,0,31394,15576,34823,0,41,20,0
48123335053500,1571,2048,8192,16384,11334,512,4096,8192,1572,4096,8192,16384,1277,4096,16384,16384,343,8192,8192,8192,22,2048,8192,8192,316,512,4096,8192,1284,1024,4096,8192,209,0,0,0,1,64,65536,262144,16483,524288,1048576,1048576,41,262144,524288,524288,41,524288,524288,524288,41,512,1024,1024,41,128,4096,65536,41,64,512,4096,1925,64,512,1024,1925,64,512,4096,102006,64,512,4096,11493,64,256,512,1601,64,512,4096,2979,256,1024,4096,1202,128,512,4096,1247,64,256,4096,15921,64,256,4096,1566,64,256,512,255,64,256,256,180,128,512,4096,198,64,256,256,9,0,0,0,0,0,0,0,0,0,0,0,0,64,128,128,21,64,128,128,21,14.56,10.35,4.22,0,22,0,316,38,38,0,0,0,0,0,0,0,2097152,2097152,2097152,2097152,4194304,14,0,0,0,0,2097152,1,2097152,4194304,4194304,8388608,8388608,212,131072,2097152,2097152,2097152,2097152,27,2097152,2097152,4194304,4194304,4194304,31,0,0,0,0,0,0,0,0,0,0,0,0,256,256,512,512,1024,285,2097152,4194304,4194304,8388608,8388608,285,0,0,0,0,0,0,256,256,512,1024,1024,285,85059,0,31893,16377,35750,0,41,21,0
48124355671200,1524,2048,8192,16384,11430,512,4096,8192,1548,4096,8192,16384,1262,4096,16384,16384,321,8192,16384,16384,19,2048,8192,8192,310,512,4096,8192,1248,1024,4096,8192,224,0,0,0,1,64,65536,131072,16504,524288,1048576,1048576,41,262144,262144,524288,41,262144,524288,524288,41,512,1024,1024,41,128,32768,32768,41,64,512,4096,1998,64,512,4096,2421,64,512,4096,102870,64,512,4096,11358,64,256,512,1698,64,512,512,2943,256,512,4096,1131,128,512,512,1212,64,256,4096,15183,64,256,2048,1656,64,512,2048,183,64,256,256,144,64,2048,4096,171,0,512,512,9,0,0,0,0,0,0,0,0,0,0,0,0,64,128,128,20,64,128,128,20,13.01,9.31,3.70,0,19,1,310,35,34,47,0,0,0,0,0,0,2097152,2097152,2097152,2097152,2097152,7,0,0,0,0,0,0,2097152,2097152,4194304,4194304,4194304,240,2097152,2097152,2097152,2097152,2097152,24,131072,2097152,2097152,2097152,2097152,24,0,0,0,0,0,0,0,0,0,0,0,0,256,256,512,512,512,295,2097152,2097152,4194304,4194304,4194304,295,0,0,0,0,0,0,256,512,512,1024,1024,295,85210,0,31515,16420,35258,0,41,20,0
48125375192100,1524,2048,8192,16384,10884,512,4096,8192,1523,4096,8192,16384,1228,4096,8192,16384,302,8192,8192,8192,11,2048,8192,8192,274,512,4096,8192,1241,1024,4096,8192,191,4096,4096,4096,2,64,65536,131072,15768,524288,1048576,1048576,40,262144,524288,524288,40,262144,524288,524288,40,256,512,1024,40,64,128,128,40,64,512,4096,1959,64,512,1024,1959,64,512,4096,97956,64,512,4096,11052,64,256,512,1621,64,512,2048,2592,256,1024,4096,1074,128,512,512,1074,64,256,2048,14337,64,256,512,1449,64,256,512,360,64,256,512,126,64,256,512,99,64,1024,1024,18,0,0,0,0,0,0,0,0,0,0,0,0,64,128,128,20,64,128,128,20,11.11,9.07,2.04,0,11,0,274,25,36,0,0,0,0,0,0,0,2097152,2097152,2097152,2097152,2097152,15,0,0,0,0,0,0,2097152,2097152,4194304,4194304,4194304,230,2097152,2097152,2097152,2097152,4194304,19,131072,2097152,2097152,2097152,2097152,31,0,0,0,0,0,0,0,0,0,0,0,0,256,256,512,512,512,295,2097152,2097152,4194304,4194304,4194304,295,0,0,0,0,0,0,256,512,512,512,1024,295,85261,0,30705,15648,34759,0,40,20,0
48126396975100,1524,2048,8192,16384,10969,512,4096,8192,1525,4096,8192,16384,1231,4096,8192,16384,314,8192,8192,8192,20,2048,8192,8192,362,512,4096,8192,1242,1024,4096,8192,206,0,0,0,0,64,65536,262144,15999,524288,524288,1048576,41,262144,262144,262144,41,262144,524288,524288,41,512,1024,1024,41,128,128,32768,41,64,512,4096,1865,64,512,4096,1865,64,512,4096,98721,64,256,1024,11079,64,256,512,1740,64,512,1024,2655,256,1024,2048,1206,128,512,4096,1242,64,256,4096,14391,64,256,512,1638,64,256,512,297,64,256,512,180,128,512,4096,180,0,0,0,0,1024,2048,2048,33,1024,1024,2048,33,64,64,128,66,64,128,128,21,64,128,128,21,12.24,9.05,3.19,33,20,0,362,40,39,0,0,0,0,0,0,0,2097152,2097152,2097152,2097152,2097152,5,0,0,0,0,0,0,2097152,2097152,4194304,4194304,4194304,237,131072,2097152,2097152,2097152,2097152,19,131072,4194304,4194304,4194304,4194304,32,0,0,0,0,0,0,0,0,0,0,0,0,256,256,512,512,512,293,2097152,2097152,4194304,4194304,4194304,293,0,0,0,0,0,0,256,512,512,512,1024,293,85462,0,31134,15950,34990,0,41,21,0
48127416560800,1524,2048,8192,16384,10895,512,4096,8192,1523,4096,8192,16384,1242,4096,16384,16384,301,8192,16384,16384,13,2048,8192,8192,332,512,4096,8192,1216,1024,4096,8192,211,0,0,0,0,64,65536,262144,15857,524288,524288,1048576,41,262144,262144,262144,41,262144,524288,524288,41,256,512,1024,41,128,256,65536,41,64,256,1024,1983,64,512,1024,1983,64,512,4096,98055,64,256,1024,11178,64,256,512,1418,64,512,4096,2745,256,1024,2048,1140,128,512,1024,1041,64,256,4096,14472,64,256,2048,1314,64,256,512,351,64,256,256,117,128,512,4096,117,0,0,0,0,1024,2048,2048,14,1024,2048,2048,14,64,64,64,28,64,128,128,20,64,128,128,20,12.89,9.19,3.70,14,13,0,332,31,41,0,0,0,0,0,0,0,2097152,8388608,8388608,8388608,8388608,15,0,0,0,0,0,0,2097152,2097152,4194304,4194304,8388608,212,2097152,2097152,4194304,4194304,4194304,30,131072,2097152,2097152,2097152,2097152,20,0,0,0,0,0,0,0,0,0,0,0,0,256,256,512,512,512,277,2097152,2097152,4194304,8388608,8388608,277,0,0,0,0,0,0,256,512,512,512,1024,277,85616,0,30671,15766,34830,0,41,20,0
48128436950600,1524,2048,8192,16384,10982,256,4096,8192,1524,4096,8192,16384,1229,4096,8192,16384,318,8192,8192,8192,14,2048,8192,8192,289,512,4096,8192,1243,1024,8192,8192,210,0,0,0,1,64,65536,131072,15929,524288,1048576,1048576,41,262144,524288,524288,41,262144,524288,524288,41,256,512,1024,41,64,128,128,41,64,512,4096,1913,64,512,4096,1913,64,512,4096,98838,64,256,4096,11061,64,256,512,1491,64,512,1024,2817,256,512,2048,1308,128,512,1024,1155,64,256,2048,15435,64,256,2048,1521,64,256,512,354,64,256,512,108,64,512,4096,126,0,512,512,9,0,0,0,0,0,0,0,0,0,0,0,0,64,128,128,21,64,64,64,21,13.66,9.19,4.47,0,14,0,289,33,35,0,0,0,0,0,0,0,2097152,2097152,2097152,2097152,2097152,14,0,0,0,0,0,0,2097152,2097152,4194304,4194304,4194304,227,131072,2097152,2097152,2097152,4194304,36,131072,2097152,2097152,2097152,2097152,22,0,0,0,0,0,0,0,0,0,0,0,0,256,256,512,512,512,299,2097152,2097152,4194304,4194304,4194304,299,0,0,0,0,0,0,256,512,512,1024,1024,299,85688,0,31168,15822,35071,0,41,21,0
48129455674800,1524,2048,8192,16384,10782,512,4096,8192,1549,4096,8192,16384,1196,4096,8192,16384,314,8192,8192,8192,8,2048,8192,8192,294,512,4096,8192,1213,1024,4096,8192,211,0,0,0,0,64,65536,262144,15695,524288,1048576,1048576,41,262144,262144,524288,41,262144,524288,524288,41,256,512,1024,41,64,16384,32768,41,64,512,4096,2039,64,512,4096,2039,64,512,4096,97038,64,256,4096,10764,64,256,512,1559,64,512,1024,2934,256,512,1024,1179,128,512,512,1017,64,256,2048,15705,64,256,512,1620,64,256,512,333,64,512,512,81,64,256,512,72,0,0,0,0,0,0,0,0,0,0,0,0,0,0,0,0,64,128,128,20,64,128,128,20,13.04,8.95,4.09,0,8,6,294,47,32,0,0,0,0,0,0,0,0,0,0,0,2097152,1,0,0,0,0,2097152,1,2097152,2097152,4194304,4194304,4194304,242,131072,2097152,2097152,2097152,2097152,27,131072,2097152,2097152,2097152,2097152,17,2097152,2097152,2097152,2097152,4194304,2,0,0,0,0,0,0,256,256,512,512,512,290,2097152,2097152,4194304,4194304,4194304,290,0,0,0,0,0,0,256,512,512,1024,1024,290,85785,0,30988,15599,34642,0,41,20,0
48130477789100,1524,2048,8192,16384,10984,512,4096,8192,1643,4096,8192,16384,1235,4096,8192,8192,268,8192,8192,8192,13,2048,8192,8192,301,512,4096,8192,1221,1024,8192,8192,225,0,0,0,1,64,65536,262144,16016,524288,1048576,1048576,40,262144,524288,524288,40,262144,524288,524288,40,256,1024,1024,40,128,16384,16384,40,64,512,4096,1839,128,512,4096,1839,64,512,4096,98856,64,512,4096,11115,64,256,512,1370,64,256,1024,2466,256,1024,4096,1173,128,512,1024,1074,64,256,4096,16083,64,256,512,1638,64,256,512,396,128,256,256,108,128,256,512,117,128,256,256,9,0,0,0,0,0,0,0,0,0,0,0,0,64,128,128,20,64,64,64,20,13.50,9.81,3.69,0,13,1,301,34,33,0,0,0,0,0,0,0,2097152,4194304,4194304,4194304,8388608,18,0,0,0,0,2097152,1,2097152,4194304,4194304,4194304,8388608,154,131072,2097152,4194304,4194304,8388608,22,131072,2097152,2097152,2097152,2097152,18,2097152,4194304,4194304,4194304,4194304,56,0,0,0,0,0,0,256,256,512,512,512,269,2097152,4194304,4194304,8388608,8388608,269,0,0,0,0,0,0,256,512,512,1024,1024,269,85898,0,31148,15909,35245,0,40,20,0
48131497216200,1524,2048,8192,16384,11039,512,4096,8192,1562,4096,8192,16384,1222,4096,8192,16384,331,8192,8192,8192,16,2048,8192,8192,336,512,4096,8192,1218,1024,4096,8192,183,0,0,0,1,64,65536,131072,16029,524288,1048576,1048576,41,262144,262144,524288,41,262144,524288,524288,41,512,1024,1024,41,64,2048,16384,41,64,256,4096,1875,64,512,4096,1875,64,512,4096,99351,64,512,1024,10998,64,256,512,1566,64,512,1024,2853,256,1024,4096,1218,128,512,2048,1272,64,256,4096,16353,64,256,2048,1728,64,256,512,435,64,256,512,153,128,512,512,144,0,256,256,9,0,0,0,0,0,0,0,0,0,0,0,0,128,128,128,21,64,128,128,21,10.48,8.94,1.53,0,16,10,336,37,30,0,0,0,0,0,0,0,2097152,2097152,2097152,2097152,2097152,2,2097152,2097152,2097152,2097152,2097152,4,2097152,2097152,4194304,4194304,4194304,232,2097152,2097152,2097152,2097152,2097152,25,2097152,2097152,2097152,2097152,2097152,28,0,0,0,0,0,0,0,0,0,0,0,0,256,256,512,512,512,291,2097152,2097152,4194304,4194304,4194304,291,0,0,0,0,0,0,256,256,512,512,1024,291,86036,0,30725,15920,34417,0,41,21,0
48132518729500,1524,2048,8192,16384,10792,512,4096,8192,1723,4096,8192,16384,1229,4096,16384,16384,316,8192,8192,16384,24,2048,8192,8192,328,512,4096,8192,1215,1024,4096,8192,220,0,0,0,0,64,65536,262144,15984,524288,1048576,1048576,41,262144,262144,524288,41,262144,524288,524288,41,512,1024,1024,41,64,128,4096,41,128,512,4096,2084,64,512,1024,2084,64,512,4096,97128,64,512,2048,11061,64,256,512,1685,64,512,1024,2790,256,1024,4096,1250,128,512,1024,1187,64,256,4096,15822,64,256,2048,1692,64,256,2048,351,64,256,512,207,128,512,4096,216,0,0,0,0,0,0,0,0,0,0,0,0,0,0,0,0,64,128,128,20,64,128,128,20,11.72,8.53,3.18,0,24,8,328,44,41,0,0,0,0,0,0,0,2097152,2097152,2097152,2097152,2097152,10,2097152,2097152,2097152,2097152,2097152,2,2097152,2097152,4194304,8388608,16777216,231,2097152,2097152,2097152,2097152,2097152,32,131072,2097152,2097152,2097152,2097152,25,0,0,0,0,0,0,0,0,0,0,0,0,256,256,512,512,512,300,2097152,2097152,4194304,8388608,16777216,300,0,0,0,0,0,0,256,512,512,512,1024,300,86181,0,31365,15856,34826,0,41,20,0
48133537676300,1535,2048,8192,16384,10782,512,4096,8192,1534,4096,8192,16384,1198,4096,16384,16384,317,8192,8192,16384,21,2048,8192,8192,288,512,4096,8192,1235,1024,8192,8192,202,0,0,0,0,64,65536,131072,15690,524288,1048576,1048576,41,262144,262144,524288,41,524288,524288,524288,41,512,1024,2048,41,128,256,2048,41,64,512,4096,2100,64,512,4096,2001,64,512,4096,97038,64,512,4096,10782,64,256,512,1652,64,512,4096,2691,256,1024,2048,1338,128,512,512,1302,64,256,4096,16848,64,256,512,1638,64,256,512,204,64,256,1024,189,128,512,4096,189,0,0,0,0,0,0,0,0,0,0,0,0,0,0,0,0,64,128,128,21,64,32768,32768,21,11.64,9.08,2.56,0,21,13,288,40,43,0,262144,262144,262144,262144,524288,11,2097152,2097152,2097152,2097152,4194304,6,2097152,2097152,2097152,2097152,2097152,6,2097152,2097152,4194304,4194304,4194304,223,131072,2097152,4194304,4194304,4194304,34,2097152,2097152,2097152,2097152,2097152,27,0,0,0,0,0,0,0,0,0,0,0,0,256,256,512,512,512,307,2097152,2097152,4194304,4194304,4194304,307,128,256,256,256,256,11,256,512,512,1024,2048,296,86279,0,31291,15587,34813,0,41,21,0
48134558925100,1513,2048,8192,16384,11243,512,4096,8192,1512,4096,8192,16384,1271,4096,16384,16384,312,8192,8192,8192,5,2048,8192,8192,306,512,4096,8192,1273,1024,4096,8192,211,2048,2048,2048,2,64,65536,262144,16266,524288,1048576,1048576,41,262144,524288,524288,41,262144,524288,524288,41,256,512,512,41,64,32768,65536,41,64,512,4096,2256,64,512,2048,2454,64,512,4096,101187,64,512,4096,11439,64,256,512,1468,64,512,4096,2979,256,1024,4096,1095,128,512,512,1005,64,256,2048,15876,64,256,512,1701,64,256,512,393,64,256,256,63,128,512,1024,45,64,512,512,18,0,0,0,0,0,0,0,0,0,0,0,0,64,128,128,20,128,65536,65536,20,11.73,9.18,2.55,0,5,19,306,40,44,46,262144,524288,524288,524288,524288,28,2097152,2097152,2097152,2097152,2097152,15,2097152,2097152,2097152,2097152,2097152,5,2097152,2097152,4194304,8388608,8388608,218,131072,2097152,2097152,2097152,2097152,18,131072,2097152,2097152,2097152,2097152,25,0,0,0,0,0,0,0,0,0,0,0,0,256,256,256,512,512,309,2097152,2097152,4194304,8388608,8388608,309,128,256,256,256,256,28,256,512,512,512,1024,281,86430,0,31229,16225,35092,0,41,20,0
48135577607500,1536,2048,8192,16384,10773,512,4096,8192,1526,4096,8192,16384,1218,4096,8192,16384,313,8192,8192,8192,18,2048,8192,8192,301,512,4096,8192,1223,1024,4096,8192,203,0,0,0,0,64,65536,131072,15687,524288,1048576,1048576,40,262144,524288,524288,40,524288,524288,524288,40,512,1024,1024,40,128,8192,32768,40,64,512,4096,2054,128,512,1024,1847,64,512,4096,96957,64,512,4096,10962,64,256,512,1666,64,256,1024,2601,256,1024,4096,1077,128,512,1024,1140,64,256,4096,15777,64,256,512,1746,64,256,2048,459,64,256,512,180,64,256,4096,162,0,0,0,0,0,0,0,0,0,0,0,0,0,0,0,0,128,128,128,20,128,65536,65536,20,13.41,9.71,3.70,0,18,23,301,32,33,0,262144,524288,524288,524288,524288,19,2097152,2097152,2097152,2097152,2097152,16,2097152,2097152,2097152,2097152,4194304,8,2097152,2097152,4194304,8388608,8388608,208,2097152,2097152,2097152,2097152,4194304,21,2097152,2097152,2097152,2097152,4194304,22,0,0,0,0,0,0,0,0,0,0,0,0,256,256,512,512,512,294,2097152,2097152,4194304,8388608,8388608,294,128,256,256,256,256,19,256,512,512,512,1024,275,86543,0,31206,15591,35110,0,40,20,0
48136599136800,1536,2048,8192,16384,11144,512,4096,8192,1538,4096,8192,16384,1254,4096,16384,16384,320,8192,16384,16384,15,2048,8192,8192,336,512,4096,8192,1247,1024,8192,8192,230,0,0,0,0,128,65536,131072,16211,524288,1048576,1048576,41,262144,524288,524288,41,262144,524288,524288,41,512,1024,1024,41,128,128,16384,41,64,512,4096,1990,64,512,4096,1990,64,512,4096,100296,64,512,4096,11295,64,256,512,1598,64,512,4096,2880,256,512,4096,1098,128,512,1024,1044,64,256,4096,16398,64,256,512,1638,64,256,4096,402,64,256,256,126,128,512,4096,135,0,0,0,0,1024,2048,2048,44,1024,2048,2048,44,64,64,128,88,64,128,128,21,64,64,128,21,13.01,9.05,3.95,44,15,28,336,36,31,0,0,0,0,0,0,0,2097152,2097152,2097152,2097152,4194304,10,2097152,2097152,2097152,2097152,2097152,11,2097152,2097152,4194304,4194304,4194304,224,131072,2097152,2097152,2097152,2097152,25,131072,2097152,2097152,2097152,4194304,39,0,0,0,0,0,0,0,0,0,0,0,0,256,256,512,512,512,309,2097152,2097152,4194304,4194304,4194304,309,0,0,0,0,0,0,256,512,512,1024,1024,309,86724,0,31733,16184,35104,0,41,21,0
48137618502100,1536,2048,8192,16384,11037,512,4096,8192,1535,4096,8192,16384,1231,4096,16384,16384,320,8192,16384,16384,14,2048,8192,8192,324,512,4096,8192,1272,1024,8192,8192,218,0,0,0,1,64,65536,262144,16071,524288,1048576,1048576,41,262144,262144,524288,41,262144,524288,524288,41,256,512,512,41,64,8192,16384,41,64,512,4096,1880,64,512,4096,1880,64,512,4096,99333,64,512,4096,11070,64,256,512,1523,64,512,2048,2862,256,1024,4096,1098,128,512,4096,1179,64,256,4096,16263,64,256,2048,1782,64,256,4096,411,128,256,512,162,128,512,2048,126,256,256,256,9,1024,1024,1024,2,1024,1024,1024,2,64,64,64,4,64,128,128,20,64,64,64,20,10.86,8.43,2.43,2,14,33,324,32,30,0,0,0,0,0,0,0,2097152,2097152,2097152,2097152,2097152,10,2097152,2097152,2097152,2097152,4194304,8,2097152,2097152,4194304,4194304,8388608,220,131072,2097152,2097152,2097152,2097152,20,131072,2097152,2097152,2097152,4194304,26,0,0,0,0,0,0,0,0,0,0,0,0,256,256,512,512,512,284,2097152,2097152,4194304,4194304,8388608,284,0,0,0,0,0,0,256,256,512,512,1024,284,86875,0,31074,15931,35265,0,41,20,0
48138640083200,1536,2048,8192,16384,10756,512,4096,8192,1570,4096,8192,16384,1219,4096,8192,16384,296,8192,16384,16384,15,2048,8192,16384,312,512,4096,8192,1189,1024,8192,8192,209,4096,4096,4096,2,64,65536,131072,15689,524288,1048576,1048576,41,262144,262144,524288,41,262144,524288,524288,41,256,512,1024,41,64,2048,16384,41,64,512,4096,1830,64,512,4096,1830,64,512,4096,96804,64,512,4096,10971,64,256,512,1457,64,512,4096,2475,256,1024,4096,1089,128,256,512,1107,64,256,4096,16218,64,256,2048,1683,64,256,4096,426,64,256,512,90,128,512,4096,135,128,256,256,18,0,0,0,0,0,0,0,0,0,0,0,0,64,128,128,21,64,128,128,21,13.00,8.80,4.21,0,15,27,312,34,32,0,0,0,0,0,0,0,2097152,2097152,2097152,2097152,2097152,7,2097152,2097152,2097152,2097152,2097152,11,2097152,4194304,4194304,8388608,8388608,202,2097152,2097152,2097152,2097152,4194304,24,2097152,2097152,4194304,4194304,8388608,29,0,0,0,0,0,0,0,0,0,0,0,0,256,256,512,512,16384,273,2097152,4194304,4194304,8388608,8388608,273,0,0,0,0,0,0,256,256,512,512,512,273,87022,0,31177,15575,34447,0,41,21,0
48139658991000,1536,2048,8192,16384,10994,512,4096,8192,1651,4096,8192,16384,1243,4096,16384,16384,295,8192,8192,16384,22,2048,8192,8192,285,512,4096,8192,1224,1024,4096,8192,202,0,0,0,1,64,65536,131072,16063,524288,1048576,1048576,41,262144,524288,524288,41,524288,524288,524288,41,512,1024,1024,41,64,128,256,41,64,512,4096,1992,128,512,4096,1992,64,512,4096,98946,64,512,2048,11187,64,256,512,1419,64,512,512,2844,256,1024,2048,1073,128,512,4096,1217,64,256,4096,15129,64,256,4096,1512,64,256,512,408,64,256,512,198,128,512,4096,198,64,256,256,9,0,0,0,0,0,0,0,0,0,0,0,0,64,128,128,20,64,128,128,20,12.26,9.07,3.19,0,22,28,285,31,29,0,0,0,0,0,0,0,2097152,2097152,2097152,2097152,2097152,11,2097152,2097152,2097152,2097152,4194304,12,2097152,2097152,4194304,4194304,8388608,216,2097152,2097152,2097152,2097152,2097152,19,2097152,2097152,2097152,2097152,2097152,28,0,0,0,0,0,0,0,0,0,0,0,0,256,256,512,512,512,286,2097152,2097152,4194304,4194304,8388608,286,0,0,0,0,0,0,256,512,512,512,1024,286,87131,0,30988,15919,34826,0,41,20,0
48140681106100,1536,2048,8192,16384,11041,512,4096,8192,1948,4096,8192,16384,1263,4096,8192,16384,327,8192,8192,8192,12,2048,8192,8192,309,512,4096,8192,1263,1024,4096,8192,202,0,0,0,0,64,65536,131072,16485,524288,1048576,1048576,41,262144,524288,524288,41,262144,524288,524288,41,256,512,1024,41,64,128,4096,41,64,512,4096,1915,128,512,1024,1915,64,512,4096,99369,64,512,1024,11367,64,256,512,1589,64,512,4096,2808,256,1024,4096,1092,128,512,2048,1074,64,256,4096,15885,64,256,2048,1530,64,256,512,321,64,256,512,90,128,512,4096,108,0,0,0,0,0,0,0,0,0,0,0,0,0,0,0,0,64,128,128,21,64,64,64,21,12.74,8.53,4.20,0,12,30,309,39,44,0,0,0,0,0,0,0,2097152,2097152,2097152,2097152,2097152,2,2097152,2097152,2097152,2097152,2097152,18,2097152,2097152,4194304,4194304,4194304,220,2097152,2097152,2097152,2097152,2097152,30,131072,2097152,2097152,2097152,2097152,27,0,0,0,0,0,0,0,0,0,0,0,0,256,256,512,512,512,297,2097152,2097152,4194304,4194304,4194304,297,0,0,0,0,0,0,256,512,512,1024,1024,297,87268,0,30890,16368,34245,0,41,21,0
48141700739400,1536,2048,8192,16384,10936,512,4096,8192,1541,4096,8192,16384,1218,4096,8192,16384,323,8192,8192,8192,7,2048,8192,16384,310,512,4096,8192,1254,1024,8192,8192,207,0,0,0,1,64,65536,131072,15907,524288,1048576,1048576,40,262144,524288,524288,40,262144,524288,524288,40,256,512,512,40,128,32768,32768,40,64,512,4096,1955,128,512,1024,1955,64,512,4096,98424,64,512,4096,10962,64,256,512,1785,64,512,2048,2835,256,1024,4096,1206,128,512,512,1116,64,256,4096,15723,64,256,1024,1530,64,256,4096,342,64,256,256,81,64,256,4096,63,64,256,256,9,0,0,0,0,0,0,0,0,0,0,0,0,64,128,128,20,64,128,128,20,10.86,8.05,2.81,0,7,28,310,29,40,0,0,0,0,0,0,0,2097152,2097152,2097152,2097152,2097152,14,2097152,2097152,2097152,2097152,2097152,17,2097152,2097152,4194304,4194304,8388608,217,131072,2097152,2097152,2097152,2097152,26,131072,2097152,2097152,2097152,2097152,29,0,0,0,0,0,0,0,0,0,0,0,0,256,256,512,512,512,303,2097152,2097152,4194304,4194304,8388608,303,0,0,0,0,0,0,256,512,512,512,512,303,87379,0,31195,15797,34771,0,40,20,0
48142720377700,1536,2048,8192,16384,10866,512,4096,8192,1092,4096,8192,16384,1210,4096,16384,16384,304,8192,16384,16384,19,2048,8192,8192,343,512,4096,8192,1189,1024,4096,8192,196,2048,2048,2048,2,128,65536,131072,15338,524288,1048576,1048576,41,262144,524288,524288,41,524288,524288,524288,41,512,1024,1024,41,64,128,65536,41,64,512,1024,2217,64,512,4096,2217,64,512,4096,97799,64,256,2048,10890,64,256,512,1505,64,512,1024,2529,256,1024,4096,1233,128,512,512,1251,64,256,4096,17073,64,256,2048,1575,64,256,4096,297,64,256,512,171,128,512,8192,171,128,512,512,18,0,0,0,0,0,0,0,0,0,0,0,0,64,128,128,20,64,64,64,20,9.95,9.06,0.89,0,19,32,343,42,36,0,0,0,0,0,0,0,2097152,2097152,2097152,2097152,2097152,7,2097152,2097152,2097152,2097152,2097152,18,2097152,4194304,8388608,8388608,8388608,199,131072,2097152,2097152,2097152,2097152,26,2097152,2097152,2097152,2097152,4194304,27,0,0,0,0,0,0,0,0,0,0,0,0,256,256,512,512,512,277,2097152,2097152,4194304,8388608,8388608,277,0,0,0,0,0,0,256,256,512,512,512,277,87574,0,30634,15244,34607,0,41,20,0
48143740635600,1536,2048,8192,16384,11106,512,4096,8192,1709,4096,8192,16384,1263,4096,16384,16384,315,8192,16384,16384,17,2048,8192,8192,328,512,4096,8192,1242,1024,4096,8192,203,0,0,0,0,128,65536,524288,16304,524288,1048576,1048576,41,262144,524288,524288,41,524288,524288,524288,41,512,1024,1024,41,64,8192,32768,41,64,512,4096,2106,128,512,4096,2106,64,512,4096,99949,64,512,2048,11367,64,256,512,1789,64,512,1024,2736,256,1024,4096,1365,128,512,2048,1374,64,256,4096,16731,64,256,512,1782,64,256,4096,375,64,256,4096,189,64,512,4096,153,0,0,0,0,0,0,0,0,0,0,0,0,0,0,0,0,64,128,128,21,64,128,128,21,13.66,10.47,3.19,0,17,32,328,47,34,0,0,0,0,0,0,0,2097152,2097152,2097152,2097152,4194304,11,2097152,2097152,2097152,2097152,2097152,15,2097152,2097152,4194304,4194304,4194304,217,131072,4194304,4194304,4194304,4194304,19,131072,2097152,2097152,2097152,2097152,26,0,0,0,0,0,0,0,0,0,0,0,0,256,256,512,512,512,288,2097152,2097152,4194304,4194304,4194304,288,0,0,0,0,0,0,256,512,512,512,512,288,87744,0,31345,16178,34542,0,41,21,0
48144761173200,1490,2048,8192,16384,10676,512,4096,8192,1745,4096,8192,16384,1218,4096,16384,16384,320,8192,8192,16384,21,2048,8192,16384,273,512,4096,8192,1225,1024,4096,8192,226,0,0,0,0,64,65536,262144,15846,524288,1048576,1048576,41,262144,262144,524288,41,262144,524288,524288,41,512,1024,1024,41,128,2048,65536,41,128,512,4096,1745,64,512,4096,2159,64,512,4096,96084,64,512,4096,10962,64,256,512,1428,64,512,4096,2925,256,1024,4096,1065,128,512,512,1164,64,256,4096,16173,64,256,512,1692,64,256,2048,342,64,256,512,153,64,512,4096,189,0,0,0,0,0,0,0,0,0,0,0,0,0,0,0,0,64,128,128,20,64,128,128,20,13.91,10.08,3.83,0,21,21,273,50,36,46,0,0,0,0,0,0,2097152,2097152,2097152,2097152,4194304,13,2097152,2097152,4194304,4194304,4194304,23,2097152,4194304,4194304,4194304,4194304,199,131072,2097152,2097152,2097152,2097152,30,2097152,2097152,2097152,2097152,2097152,33,0,0,0,0,0,0,0,0,0,0,0,0,256,256,512,512,512,298,2097152,4194304,4194304,4194304,4194304,298,0,0,0,0,0,0,256,512,512,1024,1024,298,87893,0,30952,15763,34305,0,41,20,0
48145780096200,1490,2048,8192,16384,10527,512,4096,8192,1522,4096,8192,16384,1181,4096,8192,16384,300,8192,8192,8192,6,2048,8192,8192,293,512,4096,8192,1185,1024,4096,8192,213,4096,4096,4096,2,64,65536,262144,15338,524288,1048576,1048576,41,262144,262144,524288,41,262144,524288,524288,41,512,512,1024,41,128,16384,32768,41,64,512,4096,1817,64,512,4096,1817,64,512,4096,94743,64,512,4096,10629,64,256,512,1591,64,512,4096,2727,256,1024,2048,1106,128,512,512,1007,64,256,4096,15228,64,256,2048,1782,64,256,512,489,64,256,256,54,128,256,512,54,128,256,256,18,0,0,0,0,0,0,0,0,0,0,0,0,64,128,128,21,64,128,128,21,12.39,8.56,3.83,0,6,26,293,36,36,0,0,0,0,0,0,0,2097152,2097152,2097152,2097152,8388608,6,2097152,4194304,4194304,4194304,4194304,17,2097152,4194304,8388608,8388608,8388608,195,131072,4194304,4194304,4194304,4194304,33,131072,2097152,2097152,2097152,2097152,25,0,0,0,0,0,0,0,0,0,0,0,0,256,256,512,512,2048,276,2097152,4194304,8388608,8388608,8388608,276,0,0,0,0,0,0,256,512,512,512,512,276,88014,0,30110,15235,33768,0,41,21,0
48146801817200,1490,2048,8192,16384,10978,512,4096,8192,1504,4096,8192,16384,1218,4096,8192,16384,297,8192,8192,8192,17,2048,8192,8192,318,512,4096,8192,1226,1024,8192,8192,198,0,0,0,0,64,65536,262144,15865,524288,1048576,1048576,40,262144,262144,262144,40,262144,524288,524288,40,512,1024,1024,40,128,2048,65536,40,64,512,4096,2018,64,512,4096,2018,64,512,4096,98802,64,256,2048,10962,64,256,512,1521,64,512,512,2628,256,512,2048,1072,128,512,1024,1072,64,256,4096,15813,64,256,512,1647,64,256,512,501,64,256,256,153,128,256,2048,153,0,0,0,0,1024,2048,2048,46,1024,2048,2048,44,64,64,1024,90,64,128,128,20,64,128,128,20,11.10,9.06,2.04,44,17,22,318,39,33,0,0,0,0,0,0,0,2097152,2097152,2097152,2097152,2097152,13,2097152,2097152,2097152,2097152,4194304,17,2097152,2097152,4194304,8388608,8388608,211,131072,2097152,2097152,2097152,2097152,21,131072,2097152,2097152,2097152,4194304,31,0,0,0,0,0,0,0,0,0,0,0,0,256,256,512,512,512,293,2097152,2097152,4194304,8388608,8388608,293,0,0,0,0,0,0,256,512,512,512,512,293,88194,0,30523,15832,34286,0,40,20,0
48147822546400,1490,2048,8192,16384,10700,512,4096,8192,1491,4096,8192,16384,1208,4096,8192,16384,315,8192,8192,8192,9,2048,8192,8192,323,512,4096,8192,1205,1024,4096,8192,201,4096,4096,4096,2,64,65536,262144,15563,524288,1048576,1048576,41,262144,262144,524288,41,262144,524288,524288,41,512,512,1024,41,64,128,128,41,64,512,4096,1799,128,512,4096,1799,64,512,4096,96300,64,256,2048,10872,64,256,512,1702,64,256,1024,2745,256,512,1024,1230,128,512,1024,1212,64,256,2048,16641,64,256,4096,1638,64,256,512,411,64,256,512,99,128,256,512,81,256,512,512,18,0,0,0,0,512,512,512,2,0,0,0,2,64,128,128,20,64,128,128,20,13.26,10.32,2.93,2,9,31,323,43,30,0,0,0,0,0,0,0,2097152,2097152,2097152,2097152,2097152,4,2097152,2097152,2097152,2097152,2097152,22,2097152,2097152,4194304,4194304,4194304,183,131072,2097152,2097152,2097152,4194304,20,65536,2097152,2097152,2097152,2097152,18,2097152,2097152,2097152,2097152,4194304,44,0,0,0,0,0,0,256,256,512,512,2048,291,2097152,2097152,4194304,4194304,4194304,291,0,0,0,0,0,0,256,512,512,1024,1024,291,88341,0,30543,15451,35089,0,41,20,0
48148843567100,1490,2048,8192,16384,10860,512,4096,8192,1490,4096,8192,16384,1189,4096,16384,16384,314,8192,8192,8192,22,2048,8192,8192,300,512,4096,8192,1196,1024,4096,4096,211,0,0,0,0,64,65536,131072,15720,524288,1048576,1048576,41,262144,262144,524288,41,262144,524288,524288,41,512,1024,2048,41,64,128,8192,41,64,512,4096,1696,128,512,1024,1696,64,512,4096,97740,64,256,1024,10701,64,256,512,1698,128,512,1024,2628,256,512,4096,1143,128,512,512,1260,64,256,2048,16362,64,256,2048,1674,64,256,512,459,64,256,256,180,128,512,512,198,0,0,0,0,0,0,0,0,0,0,0,0,0,0,0,0,64,128,128,21,64,256,256,21,11.99,8.54,3.44,0,22,14,300,41,45,0,0,0,0,0,0,0,2097152,2097152,2097152,2097152,2097152,15,2097152,2097152,2097152,2097152,2097152,13,2097152,2097152,4194304,4194304,8388608,204,131072,2097152,2097152,2097152,2097152,28,2097152,2097152,4194304,4194304,4194304,24,2097152,2097152,2097152,2097152,4194304,12,0,0,0,0,0,0,256,256,512,512,512,296,2097152,2097152,4194304,4194304,8388608,296,0,0,0,0,0,0,256,512,512,512,1024,296,88467,0,30699,15594,34488,0,41,21,0
48149861059900,1490,2048,8192,16384,10489,512,4096,8192,1490,4096,8192,16384,1196,4096,8192,16384,316,8192,16384,16384,18,2048,8192,8192,289,512,4096,8192,1195,1024,4096,8192,187,0,0,0,0,64,65536,131072,15307,524288,524288,1048576,41,262144,262144,524288,41,262144,524288,524288,41,512,1024,1024,41,128,1024,32768,41,64,512,4096,1937,128,512,4096,1937,64,512,4096,94401,64,256,4096,10764,64,256,512,1604,64,512,2048,2763,256,512,4096,1216,128,512,512,1180,64,256,4096,14850,64,256,512,1539,64,256,1024,510,64,256,4096,171,128,1024,4096,162,0,0,0,0,0,0,0,0,0,0,0,0,0,0,0,0,64,128,128,20,64,128,128,20,10.61,8.82,1.79,0,18,26,289,26,35,0,0,0,0,0,0,0,2097152,2097152,2097152,2097152,2097152,4,2097152,2097152,2097152,2097152,4194304,18,2097152,2097152,4194304,4194304,8388608,213,131072,2097152,2097152,2097152,2097152,24,131072,2097152,2097152,2097152,2097152,27,0,0,0,0,0,0,0,0,0,0,0,0,256,256,512,512,512,286,2097152,2097152,4194304,4194304,8388608,286,0,0,0,0,0,0,256,512,512,512,512,286,88575,0,30462,15192,34026,0,41,20,0
48150882802600,1490,2048,8192,16384,10841,512,4096,8192,1538,4096,8192,16384,1227,4096,16384,16384,280,8192,16384,16384,17,2048,8192,8192,276,512,4096,8192,1187,1024,4096,8192,212,0,0,0,0,64,65536,131072,15701,524288,1048576,1048576,41,262144,262144,524288,41,262144,524288,524288,41,512,1024,1024,41,64,2048,8192,41,64,512,4096,1822,64,512,4096,1822,64,512,4096,97569,64,512,1024,11043,64,256,512,1584,64,512,4096,2421,256,1024,4096,1031,128,512,512,1121,64,256,4096,14859,64,256,2048,1485,64,256,4096,309,64,256,512,153,128,512,4096,153,0,0,0,0,0,0,0,0,0,0,0,0,0,0,0,0,64,128,128,21,64,64,128,21,10.07,8.54,1.53,0,17,14,276,40,39,0,0,0,0,0,0,0,2097152,4194304,4194304,4194304,4194304,15,2097152,2097152,2097152,2097152,2097152,12,2097152,2097152,4194304,4194304,8388608,206,131072,2097152,2097152,2097152,8388608,25,2097152,2097152,4194304,4194304,8388608,22,0,0,0,0,0,0,0,0,0,0,0,0,256,256,512,512,512,280,2097152,2097152,4194304,8388608,8388608,280,0,0,0,0,0,0,256,512,512,512,512,280,88681,0,29765,15571,33917,0,41,21,0
48151904167800,1501,2048,8192,16384,10811,512,4096,8192,1501,4096,8192,16384,1192,4096,16384,16384,279,8192,16384,16384,17,2048,8192,8192,321,512,4096,8192,1219,1024,4096,8192,193,0,0,0,0,64,65536,131072,15674,524288,1048576,1048576,40,262144,524288,524288,40,262144,524288,524288,40,512,1024,1024,40,128,2048,16384,41,64,512,4096,2094,64,512,4096,1995,64,512,4096,97299,64,512,2048,10728,64,256,512,1503,64,256,4096,2493,256,1024,1024,1203,128,512,1024,1176,64,256,4096,14452,64,256,2048,1260,0,256,512,399,64,256,512,153,128,512,4096,153,0,0,0,0,0,0,0,0,0,0,0,0,0,0,0,0,64,256,256,20,64,65536,65536,20,12.37,9.44,2.93,0,17,20,321,39,44,0,262144,262144,262144,262144,262144,11,2097152,2097152,2097152,2097152,2097152,3,2097152,2097152,2097152,2097152,4194304,24,2097152,2097152,4194304,4194304,4194304,219,131072,2097152,4194304,4194304,8388608,30,2097152,2097152,2097152,2097152,4194304,18,0,0,0,0,0,0,0,0,0,0,0,0,256,256,512,512,512,305,2097152,2097152,4194304,4194304,8388608,305,64,256,256,256,256,11,256,512,512,512,512,294,88817,0,30323,15547,34620,0,40,20,0
48152924002200,1529,2048,8192,16384,10810,512,4096,8192,1509,4096,8192,16384,1211,4096,8192,16384,331,8192,16384,16384,15,2048,8192,8192,329,512,4096,8192,1214,1024,4096,8192,212,2048,2048,2048,5,128,65536,131072,15749,524288,1048576,1048576,41,262144,262144,524288,41,262144,524288,524288,41,512,1024,1024,41,128,8192,8192,40,64,512,4096,2172,64,512,4096,1920,64,512,4096,97290,64,256,4096,10899,64,256,512,1734,64,512,4096,2952,256,1024,4096,1157,128,512,4096,1193,64,256,4096,13988,64,256,4096,1386,64,256,2048,405,64,256,512,117,128,2048,4096,135,128,256,512,45,0,0,0,0,0,0,0,0,0,0,0,0,64,128,128,20,128,32768,32768,20,11.49,9.44,2.04,0,15,21,329,22,40,0,262144,524288,524288,524288,524288,33,2097152,2097152,2097152,2097152,4194304,14,2097152,2097152,2097152,2097152,2097152,13,2097152,4194304,4194304,8388608,8388608,201,131072,2097152,2097152,2097152,2097152,28,131072,2097152,2097152,2097152,4194304,32,0,0,0,0,0,0,0,0,0,0,0,0,256,256,256,512,512,321,2097152,2097152,4194304,8388608,8388608,321,128,256,256,256,256,33,256,512,512,512,1024,288,88923,0,30493,15632,34756,0,41,20,0
48153944003700,1546,2048,8192,16384,11043,512,4096,8192,1535,4096,8192,16384,1218,4096,16384,16384,327,8192,16384,16384,15,2048,8192,8192,337,512,4096,8192,1267,1024,4096,8192,214,2048,2048,2048,2,64,65536,131072,16088,524288,1048576,1048576,41,262144,262144,524288,41,262144,524288,524288,41,256,512,1024,41,128,128,16384,41,64,512,2048,2168,64,512,4096,2015,64,512,4096,99387,64,512,2048,10962,64,256,512,1663,64,512,4096,2880,256,1024,4096,1127,128,512,4096,1118,64,256,4096,14598,64,256,512,1485,64,256,512,318,64,256,4096,153,128,512,4096,135,128,512,512,18,0,0,0,0,0,0,0,0,0,0,0,0,64,128,128,21,64,32768,32768,21,12.76,9.95,2.81,0,15,20,337,38,33,0,262144,262144,262144,262144,524288,12,2097152,2097152,2097152,2097152,2097152,3,2097152,4194304,8388608,8388608,8388608,24,2097152,4194304,4194304,4194304,4194304,201,131072,2097152,2097152,2097152,4194304,25,131072,4194304,4194304,4194304,4194304,18,0,0,0,0,0,0,0,0,0,0,0,0,256,256,512,512,512,283,2097152,4194304,4194304,8388608,8388608,283,128,256,256,256,512,12,256,512,512,512,4096,271,89083,0,30834,15945,34752,0,41,21,0
48154965943400,1500,2048,8192,16384,10973,512,4096,8192,1501,4096,8192,16384,1224,4096,8192,16384,279,4096,8192,8192,5,2048,8192,8192,292,512,4096,8192,1200,1024,4096,8192,215,2048,2048,2048,2,64,65536,131072,15799,524288,1048576,1048576,41,262144,262144,262144,41,262144,524288,524288,41,512,1024,1024,41,64,128,128,41,64,512,4096,2042,64,512,1024,2456,64,512,4096,98766,64,512,2048,11016,64,256,512,1467,64,512,1024,2466,256,1024,4096,1230,128,512,512,1203,64,256,4096,15003,64,256,2048,1476,64,256,1024,408,64,256,256,54,64,256,512,45,128,256,256,18,0,0,0,0,0,0,0,0,0,0,0,0,64,128,128,20,64,128,128,20,10.32,8.16,2.17,0,5,16,292,42,43,46,0,0,0,0,0,0,2097152,4194304,4194304,4194304,4194304,16,2097152,2097152,2097152,2097152,2097152,21,2097152,2097152,4194304,4194304,4194304,207,131072,2097152,2097152,2097152,2097152,35,2097152,2097152,2097152,2097152,2097152,22,0,0,0,0,0,0,0,0,0,0,0,0,256,256,512,512,512,301,2097152,2097152,4194304,4194304,4194304,301,0,0,0,0,0,0,256,512,512,1024,1024,301,89226,0,30399,15741,34401,0,41,20,0
48155986563100,1500,2048,8192,16384,10648,512,4096,8192,1500,4096,8192,8192,1218,4096,8192,16384,309,8192,8192,8192,14,2048,8192,8192,282,512,4096,8192,1210,1024,4096,8192,190,0,0,0,0,64,65536,262144,15496,524288,1048576,1048576,41,262144,262144,524288,41,262144,524288,524288,41,512,1024,1024,41,64,8192,16384,41,64,512,4096,2042,64,512,4096,2042,64,512,4096,95823,64,256,1024,10962,64,256,512,1685,64,512,1024,2655,256,1024,4096,1125,128,512,512,1197,64,256,2048,15084,64,256,2048,1458,64,256,512,458,64,256,512,126,128,512,1024,126,0,0,0,0,0,0,0,0,0,0,0,0,0,0,0,0,64,128,128,21,64,128,128,21,10.98,9.06,1.91,0,14,18,282,40,44,0,0,0,0,0,0,0,2097152,2097152,2097152,2097152,2097152,12,2097152,2097152,4194304,4194304,4194304,27,2097152,2097152,4194304,4194304,4194304,205,2097152,2097152,2097152,2097152,2097152,25,131072,2097152,2097152,2097152,4194304,30,0,0,0,0,0,0,0,0,0,0,0,0,256,256,512,512,512,299,2097152,2097152,4194304,4194304,4194304,299,0,0,0,0,0,0,256,512,512,512,1024,299,89325,0,29994,15351,34433,0,41,21,0
48157006088900,1500,2048,8192,16384,11025,512,4096,8192,1507,4096,8192,16384,1225,4096,8192,16384,303,8192,8192,8192,17,2048,8192,8192,316,512,4096,8192,1225,1024,4096,8192,212,0,0,0,0,64,65536,262144,15948,524288,1048576,1048576,41,262144,524288,524288,41,262144,524288,524288,41,512,1024,1024,41,64,128,128,41,128,512,1024,2202,128,512,1024,2202,64,512,4096,99225,64,512,2048,11025,64,256,512,1483,64,256,1024,2808,256,1024,4096,1064,128,512,512,1082,64,256,4096,14931,64,256,512,1566,64,256,512,395,64,256,512,162,128,256,4096,153,0,0,0,0,1024,2048,2048,46,1024,2048,2048,46,64,64,128,92,64,128,128,20,64,128,128,20,12.64,10.34,2.30,46,17,19,316,38,38,0,0,0,0,0,0,0,2097152,2097152,2097152,2097152,2097152,2,2097152,2097152,2097152,2097152,2097152,18,2097152,2097152,4194304,4194304,4194304,223,2097152,4194304,4194304,4194304,8388608,20,131072,2097152,2097152,2097152,2097152,27,0,0,0,0,0,0,0,0,0,0,0,0,256,256,512,512,512,290,2097152,2097152,4194304,4194304,8388608,290,0,0,0,0,0,0,256,512,512,1024,1024,290,89509,0,30462,15937,34729,0,41,20,0
48158025683100,1500,2048,8192,16384,10818,512,4096,8192,1499,4096,8192,16384,1185,4096,16384,16384,325,8192,8192,8192,22,2048,8192,16384,321,512,4096,8192,1211,1024,4096,8192,204,0,0,0,0,64,65536,131072,15721,524288,1048576,1048576,40,262144,524288,524288,40,262144,524288,524288,40,512,1024,1024,40,128,16384,32768,40,64,512,4096,1893,64,512,4096,1893,64,512,4096,97362,64,512,1024,10665,64,256,512,1673,64,512,1024,2709,256,1024,4096,1065,128,512,1024,1119,64,256,4096,14346,64,256,512,1458,64,256,512,291,64,256,512,207,128,512,4096,198,0,0,0,0,0,0,0,0,0,0,0,0,0,0,0,0,64,128,128,20,64,128,128,20,14.05,10.22,3.83,0,22,16,321,29,36,0,0,0,0,0,0,0,2097152,2097152,2097152,2097152,2097152,12,2097152,2097152,2097152,2097152,4194304,16,2097152,4194304,4194304,4194304,16777216,190,2097152,2097152,2097152,2097152,8388608,27,2097152,2097152,2097152,2097152,4194304,23,0,0,0,0,0,0,0,0,0,0,0,0,256,256,512,512,512,268,2097152,2097152,4194304,8388608,16777216,268,0,0,0,0,0,0,256,512,512,512,512,268,89665,0,30399,15607,34288,0,40,20,0
48159047524000,1500,2048,8192,16384,10966,512,4096,8192,1501,4096,8192,16384,1216,4096,8192,16384,297,8192,8192,8192,16,2048,8192,8192,327,512,4096,8192,1210,1024,4096,8192,195,0,0,0,1,64,65536,131072,15861,524288,1048576,1048576,41,262144,262144,262144,41,262144,524288,524288,41,512,1024,1024,41,64,256,8192,41,64,256,4096,1969,64,512,4096,1969,64,512,4096,98694,64,512,1024,10944,64,256,512,1556,64,512,4096,2565,256,1024,4096,1190,128,512,512,1100,64,256,4096,15579,64,256,2048,1620,64,256,256,314,64,256,512,108,128,256,512,144,64,256,256,9,0,0,0,0,0,0,0,0,0,0,0,0,64,128,128,21,64,128,128,21,14.53,10.83,3.70,0,16,19,327,38,30,0,0,0,0,0,0,0,2097152,2097152,2097152,2097152,2097152,5,2097152,2097152,2097152,2097152,2097152,13,2097152,2097152,4194304,4194304,4194304,222,131072,2097152,2097152,2097152,2097152,32,131072,2097152,2097152,2097152,8388608,28,0,0,0,0,0,0,0,0,0,0,0,0,256,256,256,512,512,300,2097152,2097152,4194304,4194304,8388608,300,0,0,0,0,0,0,256,512,512,512,1024,300,89795,0,30426,15731,34779,0,41,21,0
48160067570000,1500,2048,8192,16384,10725,512,4096,8192,1501,4096,8192,16384,1212,4096,8192,16384,289,8192,8192,8192,15,2048,8192,8192,275,512,4096,8192,1182,1024,4096,8192,171,0,0,0,0,64,65536,262144,15486,524288,1048576,1048576,41,262144,262144,262144,41,262144,524288,524288,41,256,512,1024,41,64,2048,8192,41,64,512,4096,1977,128,512,4096,1977,64,512,4096,96525,64,256,4096,10908,64,256,512,1380,64,512,4096,2421,256,512,1024,1128,128,512,4096,1065,64,256,4096,16704,64,256,2048,1665,64,256,512,362,64,256,512,117,128,512,4096,135,0,0,0,0,0,0,0,0,0,0,0,0,0,0,0,0,64,128,128,20,64,128,128,20,10.85,8.93,1.91,0,15,15,275,35,51,0,0,0,0,0,0,0,2097152,2097152,2097152,2097152,4194304,20,2097152,4194304,4194304,4194304,4194304,14,2097152,2097152,4194304,4194304,4194304,199,131072,2097152,2097152,2097152,2097152,36,2097152,2097152,2097152,2097152,2097152,31,0,0,0,0,0,0,0,0,0,0,0,0,256,256,512,512,512,300,2097152,2097152,4194304,4194304,4194304,300,0,0,0,0,0,0,256,512,512,1024,1024,300,89886,0,30303,15389,34362,0,41,20,0
48161087255700,1500,2048,8192,16384,10840,512,4096,8192,1505,4096,8192,16384,1234,4096,8192,16384,323,8192,16384,16384,9,2048,8192,8192,304,512,4096,8192,1207,1024,4096,8192,230,0,0,0,0,64,65536,131072,15765,524288,1048576,1048576,41,262144,262144,262144,41,262144,524288,524288,41,512,512,512,41,64,16384,32768,41,64,512,4096,1920,64,512,1024,1920,64,512,4096,97560,64,512,1024,11106,64,256,512,1867,64,512,1024,2745,256,512,4096,1308,128,512,1024,1290,64,256,4096,16056,64,256,512,1674,64,256,256,266,128,512,4096,99,128,512,4096,81,0,0,0,0,0,0,0,0,0,0,0,0,0,0,0,0,64,128,128,21,64,128,128,21,11.62,8.94,2.68,0,9,16,304,42,32,0,0,0,0,0,0,0,2097152,2097152,2097152,2097152,4194304,4,2097152,4194304,4194304,4194304,8388608,16,2097152,4194304,8388608,8388608,8388608,199,131072,4194304,4194304,4194304,4194304,20,2097152,2097152,4194304,4194304,4194304,23,0,0,0,0,0,0,0,0,0,0,0,0,256,256,512,512,512,262,2097152,4194304,8388608,8388608,8388608,262,0,0,0,0,0,0,256,512,512,512,1024,262,90027,0,30483,15661,34250,0,41,21,0
48162107157700,1500,2048,8192,16384,10726,512,4096,8192,1500,4096,8192,16384,1203,4096,8192,16384,315,8192,8192,8192,14,2048,8192,8192,292,512,4096,8192,1221,1024,4096,8192,222,0,0,0,0,64,65536,131072,15636,524288,524288,1048576,41,262144,262144,262144,41,262144,524288,524288,41,512,1024,1024,41,128,2048,16384,41,64,512,4096,1741,128,512,4096,1741,64,512,4096,96534,64,512,1024,10827,64,256,512,1578,64,512,4096,2790,256,1024,4096,1094,128,512,512,1175,64,256,4096,15156,64,256,512,1665,64,256,512,393,64,256,256,135,128,256,512,126,0,0,0,0,0,0,0,0,0,0,0,0,0,0,0,0,64,128,128,20,64,128,128,20,11.49,8.81,2.68,0,14,11,292,47,36,0,0,0,0,0,0,0,2097152,4194304,4194304,4194304,4194304,20,2097152,2097152,2097152,2097152,4194304,16,2097152,4194304,4194304,4194304,8388608,201,131072,2097152,4194304,4194304,4194304,31,131072,2097152,2097152,2097152,2097152,22,0,0,0,0,0,0,0,0,0,0,0,0,256,256,512,512,512,290,2097152,4194304,4194304,4194304,8388608,290,0,0,0,0,0,0,256,512,512,1024,1024,290,90137,0,30144,15527,33932,0,41,20,0
48163128755600,1500,2048,8192,16384,10882,512,4096,8192,1503,4096,8192,16384,1201,4096,8192,16384,281,8192,8192,8192,12,2048,8192,8192,335,512,4096,8192,1218,1024,4096,8192,216,0,0,0,1,64,65536,262144,15732,524288,1048576,1048576,40,262144,262144,262144,40,262144,524288,524288,40,512,1024,1024,40,128,128,65536,41,64,512,4096,1799,64,512,1024,1799,64,512,4096,97938,64,512,4096,10809,64,256,512,1458,64,256,4096,2340,256,1024,4096,1173,128,512,512,1146,64,256,2048,15984,64,256,1024,1386,64,256,1024,302,64,256,256,108,128,256,4096,108,64,128,128,9,0,0,0,0,0,0,0,0,0,0,0,0,64,128,128,21,64,128,128,21,11.22,9.69,1.53,0,12,15,335,26,36,0,0,0,0,0,0,0,2097152,2097152,2097152,2097152,4194304,8,2097152,2097152,2097152,2097152,4194304,17,2097152,2097152,4194304,4194304,4194304,215,131072,2097152,4194304,4194304,4194304,32,131072,2097152,2097152,2097152,2097152,29,0,0,0,0,0,0,0,0,0,0,0,0,256,256,512,512,512,301,2097152,2097152,4194304,4194304,4194304,301,0,0,0,0,0,0,256,512,512,512,1024,301,90260,0,30620,15608,34161,0,40,21,0
48164149134800,1455,2048,8192,16384,10879,512,4096,8192,1497,4096,8192,16384,1200,4096,8192,16384,306,8192,8192,8192,16,2048,8192,16384,289,512,4096,8192,1197,1024,4096,8192,200,0,0,0,1,64,65536,262144,15706,524288,1048576,1048576,41,262144,524288,524288,41,524288,524288,524288,41,512,1024,1024,41,128,128,256,40,64,512,4096,2331,64,512,1024,2736,64,512,4096,97911,64,512,1024,10800,64,256,512,1701,64,512,1024,2466,256,1024,4096,1271,128,512,1024,1190,64,256,4096,16461,64,256,2048,1836,64,256,512,239,64,256,512,126,128,512,4096,144,64,256,256,9,0,0,0,0,0,0,0,0,0,0,0,0,128,256,256,20,64,128,128,20,12.76,8.55,4.21,0,16,8,289,37,46,45,0,0,0,0,0,0,2097152,2097152,2097152,2097152,4194304,4,4194304,4194304,4194304,4194304,8388608,13,4194304,4194304,8388608,8388608,8388608,164,131072,4194304,4194304,4194304,4194304,24,2097152,4194304,4194304,4194304,8388608,19,0,0,0,0,0,0,0,0,0,0,0,0,256,256,512,512,512,224,2097152,4194304,8388608,8388608,8388608,224,0,0,0,0,0,0,256,512,512,512,512,224,90477,0,30389,15609,33947,0,41,20,0
48165169135700,1455,2048,8192,16384,10374,512,4096,4096,1454,4096,8192,16384,1172,4096,8192,16384,328,8192,8192,8192,6,2048,8192,8192,308,512,4096,8192,1158,1024,4096,8192,200,0,0,0,1,64,65536,131072,15127,524288,1048576,1048576,41,262144,262144,524288,41,262144,524288,524288,41,256,512,512,41,128,256,2048,41,64,512,4096,2047,128,512,4096,2047,64,512,4096,93366,64,256,1024,10548,64,256,512,1585,64,256,1024,2727,256,1024,4096,1106,128,512,512,1070,64,256,4096,15399,64,256,512,1521,64,256,512,336,128,512,4096,72,128,256,512,54,0,256,256,9,0,0,0,0,0,0,0,0,0,0,0,0,64,128,128,20,64,128,128,20,9.96,8.69,1.28,0,6,10,308,29,33,0,0,0,0,0,0,0,2097152,2097152,2097152,2097152,4194304,16,2097152,4194304,4194304,4194304,4194304,12,2097152,4194304,4194304,4194304,4194304,206,131072,2097152,2097152,2097152,4194304,28,131072,2097152,2097152,2097152,4194304,27,0,0,0,0,0,0,0,0,0,0,0,0,256,256,512,512,512,289,2097152,4194304,4194304,4194304,4194304,289,0,0,0,0,0,0,256,512,512,512,512,289,90574,0,29850,15004,33344,0,41,20,0
48166189596600,1455,2048,8192,16384,10265,512,4096,8192,1455,4096,8192,16384,1157,4096,8192,16384,300,8192,8192,8192,14,2048,8192,8192,261,512,4096,8192,1158,1024,4096,8192,185,0,0,0,1,64,65536,131072,14889,524288,524288,1048576,41,262144,262144,524288,41,262144,524288,524288,41,256,1024,1024,41,128,1024,32768,41,64,512,4096,1656,64,512,4096,1656,64,512,4096,92385,64,512,2048,10413,64,256,512,1624,64,512,4096,2367,256,1024,1024,1122,128,512,1024,1086,64,256,4096,14598,64,256,2048,1485,64,256,1024,284,64,256,512,99,128,512,2048,126,64,256,256,9,1024,2048,2048,9,0,0,0,0,64,64,64,9,64,128,128,21,64,128,128,21,12.87,9.56,3.31,0,14,2,261,26,38,0,0,0,0,0,0,0,2097152,2097152,2097152,2097152,2097152,4,2097152,2097152,2097152,2097152,2097152,13,2097152,2097152,8388608,8388608,8388608,196,2097152,4194304,4194304,4194304,8388608,23,131072,2097152,2097152,2097152,4194304,24,2097152,4194304,4194304,4194304,4194304,13,0,0,0,0,0,0,256,256,512,512,512,273,2097152,4194304,8388608,8388608,8388608,273,0,0,0,0,0,0,256,512,512,512,1024,273,90642,0,29709,14778,33881,0,41,21,0
48167208148500,1455,2048,8192,16384,10570,512,4096,4096,1454,4096,8192,16384,1188,4096,16384,16384,266,8192,8192,8192,2,2048,8192,8192,314,512,4096,8192,1164,1024,4096,8192,188,0,0,0,1,64,65536,131072,15244,524288,524288,1048576,41,262144,262144,262144,41,262144,524288,524288,41,256,512,1024,41,64,1024,32768,41,64,512,4096,1788,64,512,1024,1788,64,512,4096,95130,64,256,2048,10695,64,256,512,1439,64,256,1024,2214,256,1024,2048,1137,128,512,512,1002,64,256,4096,15408,64,256,2048,1602,64,256,512,359,64,256,512,72,128,512,512,18,128,256,256,9,1024,2048,2048,36,1024,2048,2048,45,64,128,256,81,128,128,128,20,64,128,128,20,13.04,8.70,4.35,45,2,0,314,32,32,0,0,0,0,0,0,0,2097152,2097152,2097152,2097152,2097152,8,2097152,2097152,2097152,2097152,4194304,9,2097152,2097152,4194304,4194304,4194304,184,131072,2097152,2097152,2097152,2097152,19,131072,2097152,2097152,2097152,2097152,22,2097152,2097152,4194304,4194304,4194304,43,0,0,0,0,0,0,256,256,512,512,512,285,2097152,2097152,4194304,4194304,4194304,285,0,0,0,0,0,0,256,512,512,512,512,285,90782,0,29818,15230,33996,0,41,20,0
48168229456800,1455,2048,8192,16384,10578,512,4096,8192,1455,4096,8192,16384,1171,4096,8192,16384,279,8192,8192,8192,13,2048,8192,8192,302,512,4096,8192,1230,1024,4096,4096,218,0,0,0,1,64,65536,262144,15381,524288,1048576,1048576,41,262144,262144,262144,41,262144,524288,524288,41,512,1024,1024,41,128,4096,32768,41,64,512,512,1976,64,512,512,1976,64,512,4096,95202,64,512,4096,10536,64,256,512,1519,64,512,512,2376,256,1024,1024,1131,128,512,512,1104,64,256,4096,14976,64,256,2048,1638,64,256,512,375,64,256,512,144,128,512,4096,117,0,512,512,9,0,0,0,0,0,0,0,0,0,0,0,0,64,128,128,21,64,128,128,21,13.39,9.44,3.95,0,13,1,302,26,25,0,0,0,0,0,0,0,2097152,2097152,2097152,2097152,4194304,8,2097152,2097152,2097152,2097152,4194304,13,2097152,2097152,4194304,4194304,4194304,228,131072,2097152,2097152,2097152,4194304,31,2097152,2097152,2097152,2097152,2097152,20,0,0,0,0,0,0,0,0,0,0,0,0,256,256,512,512,512,300,2097152,2097152,4194304,4194304,4194304,300,0,0,0,0,0,0,256,512,512,512,1024,300,90849,0,29631,15285,33157,0,41,21,0
48169250079700,1455,2048,8192,16384,10472,512,4096,8192,1455,4096,8192,16384,1163,4096,8192,16384,332,8192,8192,8192,15,2048,8192,8192,308,512,4096,8192,1147,1024,4096,8192,189,0,0,0,0,64,65536,131072,15209,524288,1048576,1048576,40,262144,262144,262144,40,262144,524288,524288,40,512,1024,1024,40,64,128,128,40,64,512,4096,1776,128,512,4096,1776,64,512,4096,94248,64,256,1024,10467,64,256,512,1720,64,512,1024,2781,256,1024,4096,1082,128,512,2048,1064,64,256,2048,14616,64,256,512,1395,64,256,4096,344,64,256,512,81,128,512,4096,135,0,0,0,0,0,0,0,0,0,0,0,0,0,0,0,0,64,128,128,20,64,128,128,20,12.00,9.06,2.94,0,15,0,308,22,27,0,0,0,0,0,0,0,2097152,2097152,2097152,2097152,2097152,16,2097152,2097152,2097152,2097152,4194304,10,2097152,4194304,4194304,8388608,8388608,204,131072,2097152,4194304,4194304,4194304,25,131072,2097152,2097152,2097152,4194304,19,0,0,0,0,0,0,0,0,0,0,0,0,256,256,512,512,512,274,2097152,4194304,4194304,8388608,8388608,274,0,0,0,0,0,0,256,512,512,512,1024,274,90947,0,29939,15083,33600,0,40,20,0
48170271736100,1455,2048,8192,16384,10358,512,4096,4096,1454,4096,8192,16384,1202,4096,8192,16384,278,8192,16384,16384,11,2048,8192,8192,294,512,4096,8192,1187,1024,4096,8192,198,0,0,0,0,64,65536,131072,15090,524288,1048576,1048576,41,262144,262144,524288,41,262144,524288,524288,41,512,512,1024,41,128,128,1024,41,64,512,4096,1818,64,512,1024,1818,64,512,4096,93222,64,512,4096,10818,64,256,512,1597,64,512,4096,2187,256,512,4096,1134,128,512,512,1080,64,256,4096,15003,64,256,1024,1476,64,256,512,386,64,256,4096,108,128,512,4096,99,0,0,0,0,0,0,0,0,0,0,0,0,0,0,0,0,64,128,128,20,64,128,128,20,12.36,9.55,2.80,0,11,0,294,31,38,0,262144,262144,262144,262144,262144,2,2097152,2097152,2097152,2097152,2097152,5,2097152,2097152,2097152,2097152,4194304,16,2097152,2097152,4194304,4194304,4194304,209,2097152,2097152,2097152,2097152,4194304,29,2097152,2097152,2097152,2097152,2097152,37,0,0,0,0,0,0,0,0,0,0,0,0,256,256,512,512,512,298,2097152,2097152,4194304,4194304,4194304,298,128,128,128,128,256,2,256,256,512,512,1024,296,91023,0,29930,14987,33456,0,41,20,0
48171289284700,1488,2048,8192,16384,10560,512,4096,8192,1478,4096,8192,16384,1188,4096,8192,16384,279,8192,8192,8192,13,2048,8192,16384,291,512,4096,8192,1153,1024,4096,8192,204,4096,4096,4096,2,64,65536,131072,15296,524288,1048576,1048576,41,262144,262144,524288,41,262144,524288,524288,41,512,1024,1024,41,64,128,16384,41,64,512,4096,2265,128,512,4096,1968,64,512,4096,95040,64,512,1024,10692,64,256,512,1516,64,512,1024,2493,256,1024,4096,1239,128,512,512,1131,64,256,4096,15750,64,256,2048,1710,64,256,512,444,64,256,512,99,64,512,512,117,256,512,512,18,0,0,0,0,0,0,0,0,0,0,0,0,64,128,128,21,64,32768,65536,21,11.90,8.58,3.33,0,13,1,291,32,33,0,262144,524288,524288,524288,524288,34,2097152,2097152,2097152,2097152,2097152,21,2097152,2097152,2097152,2097152,4194304,14,2097152,2097152,4194304,4194304,4194304,202,2097152,2097152,2097152,2097152,4194304,21,2097152,2097152,2097152,2097152,4194304,34,0,0,0,0,0,0,0,0,0,0,0,0,256,256,512,512,512,326,2097152,2097152,4194304,4194304,4194304,326,128,256,256,256,256,34,256,512,1024,1024,1024,292,91067,0,29709,15183,34482,0,41,21,0
48172310636100,1511,2048,8192,16384,10601,512,4096,8192,1504,4096,8192,16384,1202,4096,8192,16384,317,8192,8192,8192,8,2048,8192,8192,292,512,4096,8192,1244,1024,8192,16384,196,0,0,0,0,64,65536,262144,15468,524288,1048576,1048576,41,262144,262144,524288,41,262144,524288,524288,41,256,512,512,41,64,8192,32768,41,64,512,4096,2147,64,512,2048,1940,64,512,4096,95409,64,512,1024,10818,64,256,512,1659,64,512,4096,2583,256,1024,4096,1227,128,512,4096,1218,64,256,4096,16731,64,256,512,1755,64,256,4096,299,64,256,256,99,128,512,4096,72,0,0,0,0,0,0,0,0,0,0,0,0,0,0,0,0,64,128,128,20,128,32768,32768,20,14.54,10.20,4.34,0,8,0,292,33,35,0,262144,524288,524288,524288,524288,20,2097152,2097152,2097152,2097152,2097152,5,2097152,2097152,2097152,2097152,4194304,9,2097152,2097152,4194304,4194304,4194304,230,131072,2097152,2097152,2097152,2097152,22,2097152,2097152,2097152,2097152,4194304,24,0,0,0,0,0,0,0,0,0,0,0,0,256,256,256,512,512,310,2097152,2097152,4194304,4194304,4194304,310,128,256,256,256,256,20,256,512,512,512,1024,290,91125,0,30652,15375,34448,0,41,20,0
48173330834700,1511,2048,8192,16384,10903,512,4096,8192,1514,4096,8192,16384,1215,4096,16384,16384,351,8192,8192,8192,15,2048,8192,8192,327,512,4096,8192,1239,1024,8192,8192,217,4096,4096,4096,2,64,65536,131072,15910,524288,1048576,1048576,41,262144,524288,524288,41,524288,524288,524288,41,512,1024,1024,41,64,256,16384,41,64,512,4096,2064,128,512,1024,2064,64,512,4096,98127,64,512,4096,10935,64,256,512,1901,64,512,2048,2871,256,512,1024,1148,128,512,2048,1184,64,256,4096,17379,64,256,512,1692,64,256,512,413,64,512,4096,180,64,256,4096,135,128,256,256,18,0,0,0,0,0,0,0,0,0,0,0,0,64,128,128,21,64,128,128,21,13.53,10.08,3.45,0,15,0,327,39,36,0,0,0,0,0,0,0,2097152,2097152,2097152,2097152,2097152,9,2097152,2097152,2097152,2097152,2097152,7,2097152,2097152,4194304,8388608,8388608,213,131072,2097152,2097152,2097152,4194304,30,2097152,2097152,2097152,2097152,2097152,32,0,0,0,0,0,0,0,0,0,0,0,0,256,256,512,512,512,291,2097152,2097152,4194304,8388608,8388608,291,0,0,0,0,0,0,256,512,1024,1024,1024,291,91251,0,30986,15801,34335,0,41,21,0
48174351032700,1466,2048,8192,16384,10760,512,4096,8192,1498,4096,8192,16384,1214,4096,8192,16384,275,8192,16384,16384,15,2048,8192,8192,318,512,4096,8192,1230,1024,8192,8192,205,0,0,0,0,64,65536,131072,15621,524288,1048576,1048576,40,262144,262144,524288,40,524288,524288,524288,40,512,1024,1024,40,128,32768,32768,40,64,512,4096,1883,64,512,4096,2288,64,512,4096,96840,64,512,1024,10926,64,256,512,1574,64,512,4096,2376,256,1024,2048,1152,128,512,1024,1161,64,256,4096,16803,64,256,512,2043,64,256,4096,375,64,256,256,99,128,512,8192,135,0,0,0,0,0,0,0,0,0,0,0,0,0,0,0,0,64,128,128,20,64,128,128,20,13.53,9.57,3.96,0,15,0,318,37,32,45,0,0,0,0,0,0,2097152,2097152,2097152,2097152,2097152,11,2097152,2097152,2097152,2097152,2097152,13,2097152,2097152,4194304,4194304,4194304,214,131072,2097152,2097152,2097152,4194304,21,2097152,2097152,2097152,2097152,2097152,29,0,0,0,0,0,0,0,0,0,0,0,0,256,256,512,512,512,288,2097152,2097152,4194304,4194304,4194304,288,0,0,0,0,0,0,256,512,512,1024,1024,288,91410,0,30340,15566,34312,0,40,20,0
48175370372500,1466,2048,8192,16384,10576,512,4096,8192,1466,4096,8192,16384,1194,4096,8192,16384,309,8192,16384,16384,15,2048,8192,8192,313,512,4096,8192,1169,1024,4096,8192,215,0,0,0,0,64,65536,262144,15354,524288,524288,1048576,41,262144,262144,524288,41,262144,524288,524288,41,512,1024,1024,41,128,2048,16384,41,64,512,1024,1896,128,512,4096,1896,64,512,4096,95184,64,512,4096,10746,64,256,512,1655,64,256,1024,2448,256,1024,4096,1076,128,512,512,1175,64,256,4096,16236,64,256,512,1521,64,512,4096,354,64,256,256,144,128,512,4096,135,0,0,0,0,0,0,0,0,0,0,0,0,0,0,0,0,64,128,128,20,64,128,128,20,9.83,8.68,1.15,0,15,1,313,35,26,0,0,0,0,0,0,0,2097152,2097152,2097152,2097152,2097152,5,2097152,2097152,2097152,2097152,2097152,6,2097152,2097152,4194304,4194304,4194304,242,131072,2097152,2097152,2097152,2097152,21,131072,2097152,2097152,2097152,2097152,16,0,0,0,0,0,0,0,0,0,0,0,0,256,256,512,512,512,290,2097152,2097152,4194304,4194304,4194304,290,0,0,0,0,0,0,256,256,512,512,512,290,91510,0,29752,15244,33493,0,41,20,0
48176392095400,1466,2048,8192,16384,10627,512,4096,8192,1474,4096,8192,16384,1181,4096,16384,16384,318,8192,16384,16384,20,2048,8192,8192,266,512,4096,8192,1189,1024,4096,8192,203,0,0,0,0,64,65536,262144,15419,524288,524288,524288,41,262144,262144,262144,41,262144,524288,524288,41,512,1024,1024,41,64,128,4096,41,64,512,4096,1706,64,512,4096,1706,64,512,4096,95643,64,256,4096,10629,64,256,512,1444,64,512,1024,2727,256,512,1024,1029,128,512,512,1146,64,256,2048,16209,64,256,512,1557,64,256,512,399,64,256,512,180,128,512,512,180,0,0,0,0,1024,2048,2048,11,1024,2048,2048,11,64,64,64,22,64,128,128,21,64,64,128,21,10.70,8.79,1.91,11,20,2,266,24,42,0,0,0,0,0,0,0,2097152,4194304,4194304,4194304,4194304,17,2097152,2097152,2097152,2097152,4194304,8,2097152,2097152,4194304,8388608,8388608,212,131072,2097152,2097152,2097152,4194304,27,131072,2097152,4194304,4194304,4194304,24,0,0,0,0,0,0,0,0,0,0,0,0,256,256,512,512,512,288,2097152,2097152,4194304,8388608,8388608,288,0,0,0,0,0,0,256,256,512,512,1024,288,91587,0,29475,15323,32581,0,41,21,0
48177413041600,1466,2048,8192,16384,10544,512,4096,8192,1460,4096,8192,16384,1168,4096,8192,16384,296,8192,8192,8192,15,2048,8192,8192,318,512,4096,8192,1152,1024,4096,8192,179,0,0,0,0,64,65536,131072,15266,524288,1048576,1048576,41,262144,262144,524288,41,262144,524288,524288,41,512,1024,1024,41,64,1024,4096,41,64,256,1024,1718,64,512,4096,1718,64,512,4096,94896,64,512,2048,10512,64,256,512,1307,64,512,4096,2718,256,1024,4096,1137,128,512,512,1137,64,256,4096,16290,64,256,512,1656,64,256,2048,390,64,256,512,144,128,512,4096,135,0,0,0,0,1024,2048,2048,34,1024,2048,2048,34,64,128,256,68,64,128,128,20,64,128,128,20,12.76,9.57,3.19,34,15,5,318,30,27,0,0,0,0,0,0,0,2097152,2097152,2097152,2097152,2097152,2,2097152,4194304,4194304,4194304,8388608,8,2097152,4194304,4194304,8388608,8388608,215,2097152,2097152,2097152,2097152,4194304,18,131072,2097152,2097152,2097152,4194304,25,0,0,0,0,0,0,0,0,0,0,0,0,256,256,512,512,512,268,2097152,4194304,4194304,8388608,8388608,268,0,0,0,0,0,0,256,256,512,512,1024,268,91748,0,29720,15240,33971,0,41,20,0
48178433034300,1466,2048,8192,16384,10498,512,4096,8192,1465,4096,8192,16384,1189,4096,8192,16384,257,8192,8192,8192,15,2048,8192,8192,300,512,4096,8192,1180,1024,4096,8192,223,2048,2048,2048,2,64,65536,131072,15225,524288,1048576,1048576,41,262144,262144,524288,41,262144,524288,524288,41,512,1024,1024,41,64,128,8192,41,64,512,4096,2241,64,512,4096,2241,64,512,4096,94482,64,512,1024,10701,64,256,512,1381,64,512,4096,1953,256,512,4096,1182,128,512,1024,1173,64,256,4096,15597,64,256,1024,1548,64,256,512,414,64,256,256,108,64,512,4096,135,128,256,256,18,0,0,0,0,0,0,0,0,0,0,0,0,64,128,128,21,64,128,128,21,13.92,9.96,3.96,0,15,4,300,34,34,0,0,0,0,0,0,0,2097152,2097152,2097152,2097152,2097152,15,2097152,2097152,2097152,2097152,2097152,8,2097152,2097152,4194304,4194304,8388608,222,2097152,2097152,4194304,4194304,4194304,25,131072,2097152,2097152,2097152,2097152,30,0,0,0,0,0,0,0,0,0,0,0,0,256,256,512,512,512,300,2097152,2097152,4194304,4194304,8388608,300,0,0,0,0,0,0,256,512,512,512,512,300,91835,0,29645,15105,33689,0,41,21,0
48179452201000,1466,2048,8192,16384,10503,512,4096,8192,1495,4096,8192,16384,1188,4096,8192,16384,317,8192,16384,16384,20,2048,8192,8192,304,512,4096,8192,1200,1024,4096,8192,167,0,0,0,0,64,65536,131072,15334,524288,1048576,1048576,40,262144,262144,524288,40,262144,524288,524288,40,512,1024,1024,40,64,8192,65536,40,64,512,4096,1878,64,512,4096,1878,64,512,4096,94527,64,512,4096,10692,64,256,512,1784,64,512,2048,2430,256,1024,1024,948,128,512,512,1092,64,256,4096,14346,64,256,512,1413,64,256,4096,407,64,256,512,162,64,512,4096,180,0,0,0,0,0,0,0,0,0,0,0,0,0,0,0,0,64,128,128,20,64,128,128,20,12.01,9.32,2.68,0,20,9,304,45,32,0,0,0,0,0,0,0,0,0,0,0,2097152,1,2097152,4194304,4194304,4194304,4194304,11,2097152,4194304,4194304,4194304,4194304,204,2097152,2097152,2097152,2097152,4194304,30,2097152,4194304,4194304,4194304,4194304,33,0,0,0,0,0,0,0,0,0,0,0,0,256,256,512,512,512,279,2097152,4194304,4194304,4194304,4194304,279,0,0,0,0,0,0,256,256,512,512,512,279,91966,0,29548,15207,33034,0,40,20,0
48180474617000,1466,2048,8192,16384,10632,512,4096,8192,1478,4096,8192,16384,1178,4096,8192,16384,342,8192,8192,8192,16,2048,8192,8192,298,512,4096,8192,1177,1024,4096,8192,206,0,0,0,0,64,65536,262144,15451,524288,1048576,1048576,41,262144,262144,262144,41,262144,524288,524288,41,512,512,1024,41,128,16384,32768,41,64,512,4096,1800,64,512,4096,1800,64,512,4096,95688,64,512,4096,10602,64,256,512,1637,64,512,4096,2709,256,512,1024,1071,128,512,2048,1170,64,256,4096,14652,64,256,4096,1413,64,256,4096,363,64,256,512,180,128,256,512,144,0,0,0,0,0,0,0,0,0,0,0,0,0,0,0,0,64,128,128,20,64,128,128,20,10.82,9.55,1.27,0,16,19,298,45,40,0,0,0,0,0,0,0,4194304,4194304,4194304,4194304,4194304,18,2097152,4194304,4194304,4194304,4194304,8,2097152,4194304,8388608,8388608,8388608,166,131072,4194304,4194304,4194304,4194304,14,4194304,4194304,4194304,4194304,8388608,18,0,0,0,0,0,0,0,0,0,0,0,0,256,256,512,512,512,224,2097152,4194304,8388608,8388608,8388608,224,0,0,0,0,0,0,256,512,512,512,512,224,92160,0,30509,15350,33418,0,41,20,0
48181493694800,1466,2048,8192,16384,10323,512,4096,8192,1468,4096,8192,16384,1148,4096,8192,16384,278,8192,8192,8192,13,2048,8192,16384,290,512,4096,8192,1150,1024,4096,8192,201,0,0,0,0,64,65536,131072,14976,524288,1048576,1048576,41,262144,524288,524288,41,262144,524288,524288,41,512,1024,1024,41,128,256,16384,41,64,512,4096,1746,128,512,1024,1746,64,512,4096,92907,64,512,2048,10332,64,256,512,1267,64,512,4096,2295,256,1024,4096,1143,128,512,4096,1089,64,256,4096,14796,64,256,1024,1521,0,256,2048,339,64,512,4096,108,128,512,4096,117,0,0,0,0,0,0,0,0,0,0,0,0,0,0,0,0,64,128,128,21,64,128,128,21,11.24,8.81,2.43,0,13,22,290,25,37,0,0,0,0,0,0,0,2097152,2097152,2097152,2097152,2097152,2,2097152,2097152,2097152,2097152,4194304,13,2097152,2097152,4194304,8388608,8388608,224,131072,2097152,2097152,2097152,4194304,18,131072,2097152,2097152,2097152,2097152,25,0,0,0,0,0,0,0,0,0,0,0,0,256,256,512,512,512,282,2097152,2097152,4194304,8388608,8388608,282,0,0,0,0,0,0,256,256,512,1024,2048,282,92265,0,29964,14854,33584,0,41,21,0
48182514346600,1466,2048,8192,16384,10511,512,4096,8192,1463,4096,8192,16384,1198,4096,8192,16384,262,8192,16384,16384,11,2048,8192,8192,302,512,4096,8192,1185,1024,4096,8192,193,0,0,0,1,64,65536,131072,15264,524288,524288,1048576,41,262144,262144,524288,41,262144,524288,524288,41,512,1024,1024,41,64,128,32768,41,64,512,4096,1997,64,512,2048,1997,64,512,4096,94599,64,512,2048,10782,64,256,512,1295,64,512,512,2205,256,1024,4096,1076,128,512,4096,1139,64,256,4096,14481,64,256,4096,1485,64,256,512,294,64,256,512,162,64,512,4096,99,0,256,256,9,0,0,0,0,0,0,0,0,0,0,0,0,64,128,128,20,64,128,128,20,11.87,8.93,2.94,0,11,23,302,53,29,0,0,0,0,0,0,0,2097152,2097152,2097152,2097152,2097152,9,2097152,2097152,2097152,2097152,2097152,11,2097152,2097152,4194304,4194304,4194304,219,131072,2097152,2097152,2097152,4194304,24,2097152,2097152,2097152,2097152,4194304,28,0,0,0,0,0,0,0,0,0,0,0,0,256,256,512,512,512,291,2097152,2097152,4194304,4194304,4194304,291,0,0,0,0,0,0,256,512,512,1024,1024,291,92392,0,30358,15155,33749,0,41,20,0
48183535166100,1466,2048,8192,16384,10623,512,4096,8192,1465,4096,8192,16384,1200,4096,8192,16384,314,8192,8192,8192,22,2048,8192,8192,315,512,4096,8192,1227,1024,4096,8192,210,2048,4096,4096,3,64,65536,262144,15514,524288,1048576,1048576,41,262144,262144,524288,41,262144,524288,524288,41,1024,1024,2048,41,64,4096,32768,41,64,512,4096,1908,64,512,4096,1908,64,512,4096,95607,64,512,4096,10800,64,256,512,1655,64,512,1024,2547,256,1024,4096,1083,128,512,1024,1092,64,256,4096,15273,64,256,512,1404,64,512,2048,336,64,256,512,153,128,512,4096,198,0,512,1024,27,0,0,0,0,0,0,0,0,0,0,0,0,64,128,128,21,64,128,128,21,12.37,9.82,2.55,0,22,23,315,37,27,0,0,0,0,0,0,0,2097152,2097152,2097152,2097152,2097152,15,2097152,2097152,2097152,2097152,2097152,13,2097152,2097152,4194304,4194304,16777216,204,131072,2097152,2097152,2097152,2097152,36,2097152,2097152,2097152,2097152,2097152,26,0,0,0,0,0,0,0,0,0,0,0,0,256,256,512,512,512,294,2097152,2097152,4194304,4194304,16777216,294,0,0,0,0,0,0,256,512,512,512,512,294,92522,0,30521,15386,33868,0,41,21,0
48184555808000,1423,2048,8192,16384,10595,512,4096,8192,1465,4096,8192,16384,1187,4096,8192,16384,299,8192,8192,8192,15,2048,8192,8192,284,512,4096,8192,1188,1024,4096,4096,213,0,0,0,1,64,65536,262144,15388,524288,524288,1048576,41,262144,262144,524288,41,262144,524288,524288,41,512,1024,1024,41,64,1024,8192,41,64,512,4096,1905,64,512,4096,2292,64,512,4096,95355,64,512,2048,10683,64,256,512,1515,64,512,512,2565,256,512,1024,1226,128,512,512,1235,64,256,2048,14697,64,256,1024,1467,0,256,512,285,64,256,512,144,128,512,512,135,64,256,256,9,0,0,0,0,0,0,0,0,0,0,0,0,64,128,128,20,64,64,64,20,11.74,9.32,2.42,0,15,31,284,43,29,43,0,0,0,0,0,0,2097152,2097152,2097152,2097152,2097152,5,2097152,2097152,2097152,2097152,4194304,9,2097152,2097152,4194304,8388608,8388608,162,2097152,2097152,2097152,2097152,2097152,15,131072,2097152,2097152,2097152,4194304,23,4194304,4194304,4194304,4194304,8388608,55,0,0,0,0,0,0,256,256,512,512,512,269,2097152,4194304,4194304,8388608,8388608,269,0,0,0,0,0,0,256,512,512,1024,1024,269,92698,0,29070,15314,33339,0,41,20,0
48185574319900,1423,2048,8192,16384,10392,512,4096,8192,1430,4096,8192,16384,1140,4096,8192,16384,251,8192,16384,16384,17,2048,8192,8192,283,512,4096,8192,1127,1024,4096,8192,172,0,0,0,0,64,65536,131072,14927,524288,1048576,1048576,40,262144,262144,524288,40,262144,524288,524288,40,512,1024,1024,40,64,128,4096,40,64,512,4096,1957,64,512,4096,1957,64,512,4096,93528,64,256,1024,10260,64,256,512,1285,64,256,1024,2007,256,1024,4096,1151,128,512,512,1043,64,256,4096,13941,64,256,4096,1386,64,256,4096,426,64,256,1024,108,128,512,4096,153,0,0,0,0,0,0,0,0,0,0,0,0,0,0,0,0,64,128,128,20,64,128,128,20,12.02,9.08,2.94,0,17,41,283,37,34,0,0,0,0,0,0,0,2097152,2097152,2097152,2097152,2097152,11,2097152,2097152,2097152,2097152,8388608,8,2097152,4194304,4194304,4194304,4194304,213,2097152,4194304,4194304,4194304,4194304,26,65536,2097152,2097152,2097152,4194304,20,0,0,0,0,0,0,0,0,0,0,0,0,256,256,512,512,1024,278,2097152,4194304,4194304,4194304,8388608,278,0,0,0,0,0,0,256,512,512,512,1024,278,92832,0,29109,14812,32760,0,40,20,0
48186595735900,1423,2048,8192,16384,10238,512,4096,8192,1426,4096,8192,16384,1152,4096,8192,16384,310,8192,8192,8192,11,2048,8192,8192,294,512,4096,8192,1114,1024,4096,8192,203,0,0,0,1,64,65536,131072,14844,524288,524288,1048576,41,262144,262144,262144,41,262144,524288,524288,41,512,1024,1024,41,128,128,4096,41,64,512,1024,1829,128,512,4096,1829,64,512,4096,92142,64,256,1024,10368,64,256,512,1624,64,512,1024,2529,256,512,2048,1200,128,512,512,1092,64,256,4096,14670,64,256,1024,1521,64,256,2048,294,64,256,512,108,64,512,4096,99,128,256,256,9,1024,2048,2048,23,1024,2048,2048,22,64,64,64,45,64,128,128,21,64,128,128,21,13.64,10.07,3.57,22,11,31,294,36,35,0,0,0,0,0,0,0,2097152,2097152,2097152,2097152,2097152,3,2097152,2097152,2097152,2097152,2097152,13,2097152,2097152,4194304,4194304,4194304,228,131072,2097152,2097152,2097152,2097152,29,2097152,2097152,2097152,2097152,4194304,26,0,0,0,0,0,0,0,0,0,0,0,0,256,256,512,512,512,299,2097152,2097152,4194304,4194304,4194304,299,0,0,0,0,0,0,256,256,512,512,1024,299,92962,0,28822,14778,32640,0,41,21,0
48187616468400,1423,2048,8192,16384,10249,512,4096,4096,1424,4096,8192,16384,1148,4096,8192,16384,301,8192,8192,8192,15,2048,8192,8192,295,512,4096,8192,1174,1024,4096,8192,187,0,0,0,0,64,65536,262144,14908,524288,524288,1048576,41,262144,262144,262144,41,262144,524288,524288,41,512,1024,1024,41,64,2048,32768,41,64,512,4096,1608,128,512,4096,1608,64,512,4096,92241,64,256,2048,10332,64,256,512,1439,64,512,512,2295,256,512,1024,1095,128,512,512,1221,64,256,2048,14562,64,256,2048,1503,0,256,512,477,64,512,512,171,128,512,1024,135,0,0,0,0,1024,2048,2048,20,1024,1024,1024,21,64,64,64,41,64,128,128,20,64,128,128,20,12.63,8.67,3.95,21,15,29,295,24,30,0,0,0,0,0,0,0,2097152,2097152,2097152,2097152,4194304,10,2097152,2097152,2097152,2097152,2097152,11,2097152,2097152,4194304,4194304,4194304,227,131072,2097152,2097152,2097152,4194304,28,131072,2097152,2097152,2097152,2097152,27,0,0,0,0,0,0,0,0,0,0,0,0,256,256,512,512,512,303,2097152,2097152,4194304,4194304,4194304,303,0,0,0,0,0,0,256,512,512,512,1024,303,93073,0,28362,14815,32282,0,41,20,0
48188636315900,1456,2048,8192,16384,10295,512,4096,8192,1436,4096,8192,16384,1144,4096,8192,16384,289,8192,8192,8192,13,2048,8192,16384,292,512,4096,8192,1167,1024,4096,8192,186,0,0,0,0,64,65536,131072,14941,524288,1048576,1048576,41,262144,262144,524288,41,262144,524288,524288,41,512,1024,1024,41,128,2048,16384,41,64,256,1024,2119,64,512,4096,1822,64,512,4096,92655,64,512,4096,10296,64,256,512,1503,64,512,2048,2538,256,1024,4096,1203,128,512,4096,1176,64,256,4096,14499,64,256,4096,1602,64,256,4096,432,64,256,256,126,128,512,2048,117,0,0,0,0,0,0,0,0,0,0,0,0,0,0,0,0,64,128,128,21,64,65536,65536,21,12.38,9.82,2.55,0,13,24,292,36,32,0,262144,524288,524288,524288,524288,33,2097152,2097152,2097152,2097152,4194304,9,2097152,2097152,2097152,2097152,4194304,14,2097152,2097152,4194304,4194304,4194304,229,131072,2097152,2097152,2097152,2097152,11,131072,2097152,2097152,2097152,2097152,25,0,0,0,0,0,0,0,0,0,0,0,0,256,256,512,512,512,321,2097152,2097152,4194304,4194304,4194304,321,128,256,256,256,256,33,256,512,512,512,1024,288,93149,0,29616,14827,33440,0,41,21,0
48189657263500,1478,2048,8192,16384,10447,512,4096,8192,1470,4096,8192,16384,1197,4096,16384,16384,276,8192,16384,16384,15,2048,8192,16384,307,512,4096,8192,1195,1024,8192,8192,212,0,0,0,0,128,65536,131072,15220,524288,1048576,1048576,41,262144,262144,524288,41,262144,524288,524288,41,512,1024,1024,41,64,128,4096,41,64,512,1024,2115,64,512,4096,1917,64,512,4096,94023,64,512,4096,10773,64,256,512,1392,64,512,4096,2232,256,1024,4096,1137,128,512,2048,1101,64,512,4096,15120,64,256,1024,1386,64,256,2048,312,64,256,512,135,64,512,4096,135,0,0,0,0,0,0,0,0,0,0,0,0,0,0,0,0,64,128,128,20,64,65536,65536,20,11.87,8.93,2.93,0,15,27,307,30,30,0,262144,262144,524288,524288,524288,22,2097152,2097152,2097152,2097152,2097152,8,2097152,2097152,2097152,2097152,2097152,3,2097152,2097152,4194304,8388608,8388608,218,131072,2097152,2097152,2097152,2097152,24,131072,2097152,2097152,2097152,4194304,20,0,0,0,0,0,0,0,0,0,0,0,0,256,256,256,512,512,295,2097152,2097152,4194304,8388608,8388608,295,128,256,256,256,256,22,256,512,512,512,512,273,93263,0,29972,15123,33567,0,41,20,0
48190678014500,1478,2048,8192,16384,10567,512,4096,8192,1579,4096,8192,16384,1206,4096,16384,16384,324,8192,8192,8192,22,2048,8192,16384,287,512,4096,8192,1145,1024,4096,8192,202,0,0,0,0,512,65536,262144,15469,524288,1048576,1048576,40,262144,524288,524288,40,262144,524288,524288,40,512,1024,1024,40,128,16384,32768,40,64,512,1024,2109,64,512,4096,2109,64,512,4096,95103,64,512,4096,10854,64,256,512,1629,64,512,4096,2664,256,1024,4096,1128,128,512,4096,1092,64,256,4096,15471,64,256,1024,1566,64,256,512,399,64,256,512,144,128,512,4096,198,0,0,0,0,0,0,0,0,0,0,0,0,0,0,0,0,64,128,128,20,64,128,128,20,14.15,10.71,3.44,0,22,20,287,35,33,0,0,0,0,0,0,0,2097152,2097152,2097152,2097152,2097152,20,2097152,2097152,2097152,2097152,2097152,4,2097152,2097152,4194304,4194304,4194304,208,2097152,2097152,4194304,4194304,4194304,41,131072,2097152,2097152,2097152,4194304,23,0,0,0,0,0,0,0,0,0,0,0,0,256,256,512,512,1024,296,2097152,2097152,4194304,4194304,4194304,296,0,0,0,0,0,0,256,512,512,1024,1024,296,93364,0,30527,15361,33821,0,40,20,0
48191699061200,1478,2048,8192,16384,10688,512,4096,8192,1673,4096,8192,16384,1222,4096,16384,16384,310,8192,8192,8192,15,2048,8192,16384,309,512,4096,8192,1216,1024,4096,8192,211,0,0,0,0,128,65536,262144,15788,524288,1048576,1048576,41,262144,262144,262144,41,262144,524288,524288,41,512,1024,1024,41,128,8192,32768,41,64,512,4096,1809,64,512,1024,1809,64,512,4096,96192,64,512,4096,10998,64,256,512,1634,64,512,4096,2709,256,1024,4096,1080,128,512,512,1143,64,256,4096,15363,64,256,2048,1584,64,256,512,480,64,256,512,126,64,512,4096,135,0,0,0,0,0,0,0,0,0,0,0,0,0,0,0,0,64,128,128,21,64,128,128,21,9.57,8.81,0.77,0,15,20,309,28,28,0,0,0,0,0,0,0,2097152,2097152,2097152,2097152,2097152,2,2097152,2097152,2097152,2097152,4194304,12,2097152,2097152,4194304,4194304,4194304,230,131072,2097152,2097152,2097152,4194304,26,131072,2097152,2097152,2097152,4194304,30,0,0,0,0,0,0,0,0,0,0,0,0,256,256,512,512,512,300,2097152,2097152,4194304,4194304,4194304,300,0,0,0,0,0,0,256,512,512,1024,1024,300,93464,0,30097,15645,33862,0,41,21,0
48192717559500,1478,2048,8192,16384,10357,512,4096,8192,1529,4096,8192,16384,1151,4096,8192,16384,288,8192,16384,16384,18,2048,8192,8192,302,512,4096,8192,1174,1024,8192,8192,194,2048,4096,4096,3,64,65536,262144,15129,524288,1048576,1048576,41,262144,262144,524288,41,262144,524288,524288,41,512,1024,1024,41,128,16384,32768,41,64,512,4096,2061,64,512,1024,2061,64,512,4096,93213,64,512,4096,10359,64,256,512,1520,64,512,1024,2268,256,1024,4096,1170,128,512,1024,1116,64,256,4096,16020,64,256,512,1638,64,256,4096,384,64,256,4096,162,128,512,4096,162,64,512,1024,27,0,0,0,0,0,0,0,0,0,0,0,0,64,128,128,20,64,128,128,20,13.30,9.46,3.84,0,18,18,302,41,25,0,0,0,0,0,0,0,2097152,4194304,4194304,4194304,4194304,12,2097152,4194304,4194304,4194304,4194304,5,2097152,4194304,4194304,8388608,8388608,212,131072,2097152,2097152,2097152,4194304,16,2097152,2097152,2097152,2097152,2097152,20,0,0,0,0,0,0,0,0,0,0,0,0,256,256,512,512,512,265,2097152,4194304,4194304,8388608,8388608,265,0,0,0,0,0,0,256,512,512,512,1024,265,93603,0,30303,15012,33390,0,41,20,0
48193737290100,1478,2048,8192,16384,10841,512,4096,8192,1481,4096,8192,16384,1191,4096,16384,16384,300,8192,16384,16384,20,2048,8192,8192,309,512,4096,8192,1199,1024,4096,8192,202,0,0,0,0,64,65536,131072,15668,524288,1048576,1048576,41,262144,524288,524288,41,262144,524288,524288,41,512,512,512,41,128,4096,8192,41,64,512,4096,2010,64,512,1024,2010,64,512,4096,97569,64,512,2048,10719,64,256,512,1682,64,512,1024,2187,256,1024,4096,1107,128,512,1024,1098,64,256,4096,15669,64,256,1024,1683,64,256,512,348,64,256,512,153,128,4096,8192,180,0,0,0,0,0,0,0,0,0,0,0,0,0,0,0,0,64,128,128,21,64,128,128,21,11.23,9.82,1.40,0,20,13,309,32,39,0,0,0,0,0,0,0,2097152,2097152,2097152,2097152,4194304,8,2097152,2097152,2097152,2097152,2097152,4,2097152,2097152,4194304,4194304,4194304,228,131072,2097152,4194304,4194304,4194304,37,131072,2097152,2097152,2097152,4194304,27,0,0,0,0,0,0,0,0,0,0,0,0,256,256,512,512,512,304,2097152,2097152,4194304,4194304,4194304,304,0,0,0,0,0,0,256,512,512,1024,1024,304,93712,0,30027,15566,34458,0,41,21,0
48194757227500,1434,2048,8192,16384,10509,512,4096,8192,1454,4096,8192,16384,1191,4096,16384,16384,321,8192,8192,8192,11,2048,8192,8192,303,512,4096,8192,1168,1024,4096,8192,206,0,0,0,0,64,65536,131072,15271,524288,1048576,1048576,41,262144,262144,524288,41,262144,524288,524288,41,256,512,512,41,64,128,128,41,128,512,1024,1834,64,512,4096,2230,64,512,4096,94581,64,512,4096,10719,64,256,512,1662,64,512,1024,2502,256,1024,2048,1161,128,512,512,1251,64,256,4096,15705,64,256,512,1557,64,256,512,339,128,256,512,117,128,512,4096,99,0,0,0,0,0,0,0,0,0,0,0,0,0,0,0,0,64,128,128,20,64,128,128,20,11.23,9.06,2.17,0,11,23,303,30,37,44,0,0,0,0,0,0,2097152,2097152,2097152,2097152,4194304,3,2097152,2097152,2097152,2097152,2097152,6,2097152,2097152,4194304,4194304,8388608,239,131072,2097152,2097152,2097152,2097152,14,2097152,2097152,2097152,2097152,2097152,31,0,0,0,0,0,0,0,0,0,0,0,0,256,256,512,512,512,293,2097152,2097152,4194304,4194304,8388608,293,0,0,0,0,0,0,256,256,512,512,1024,293,93867,0,29731,15191,33850,0,41,20,0
48195778007500,1434,2048,8192,16384,10468,512,4096,8192,1437,4096,8192,16384,1176,4096,16384,16384,298,8192,8192,8192,13,2048,8192,8192,289,512,4096,8192,1175,1024,4096,8192,185,0,0,0,0,64,65536,131072,15167,524288,1048576,1048576,40,262144,524288,524288,40,262144,524288,524288,40,256,512,512,40,128,128,256,41,64,512,4096,1918,128,512,4096,1918,64,512,4096,94212,64,256,1024,10584,64,256,512,1403,64,512,4096,2538,256,1024,4096,1086,128,512,1024,1086,64,256,4096,13851,64,256,512,1485,64,256,512,537,64,256,256,108,64,512,512,117,0,0,0,0,0,0,0,0,0,0,0,0,0,0,0,0,64,128,128,21,64,128,128,21,9.83,8.42,1.40,0,13,16,289,32,35,0,0,0,0,0,0,0,2097152,4194304,4194304,4194304,4194304,20,2097152,2097152,2097152,2097152,2097152,7,2097152,2097152,4194304,4194304,4194304,211,2097152,2097152,4194304,4194304,4194304,34,2097152,2097152,2097152,2097152,2097152,27,0,0,0,0,0,0,0,0,0,0,0,0,256,256,512,512,512,299,2097152,2097152,4194304,4194304,4194304,299,0,0,0,0,0,0,256,512,512,512,1024,299,93953,0,28857,15056,33043,0,40,21,0
48196799938100,1434,2048,8192,16384,10089,512,4096,8192,1430,4096,8192,16384,1120,4096,8192,16384,262,8192,8192,8192,11,2048,8192,8192,268,512,4096,8192,1137,1024,4096,8192,178,0,0,0,0,64,65536,131072,14613,524288,1048576,1048576,41,262144,262144,262144,41,262144,524288,524288,41,512,512,1024,41,128,8192,16384,40,64,512,4096,1832,128,512,4096,1832,64,512,4096,90801,64,512,4096,10080,64,256,512,1240,64,512,2048,2124,256,1024,4096,1088,128,512,2048,1097,64,256,4096,14391,64,256,1024,1359,0,256,512,234,64,256,256,108,128,512,512,99,0,0,0,0,1024,2048,2048,33,1024,2048,2048,33,64,64,64,66,64,128,128,20,64,128,128,20,12.24,8.29,3.95,33,11,21,268,25,36,0,0,0,0,0,0,0,2097152,2097152,2097152,2097152,2097152,3,2097152,2097152,2097152,2097152,2097152,4,2097152,2097152,4194304,4194304,8388608,228,2097152,2097152,2097152,2097152,2097152,18,2097152,2097152,2097152,2097152,2097152,27,0,0,0,0,0,0,0,0,0,0,0,0,256,256,512,512,512,280,2097152,2097152,4194304,4194304,8388608,280,0,0,0,0,0,0,256,512,512,1024,1024,280,94067,0,29021,14569,32699,0,41,20,0
48197819957800,1434,2048,8192,16384,10544,512,4096,8192,1437,4096,8192,16384,1170,4096,8192,16384,285,8192,8192,8192,10,2048,8192,8192,292,512,4096,8192,1187,1024,4096,8192,213,0,0,0,1,256,65536,262144,15252,524288,1048576,1048576,41,262144,262144,524288,41,262144,524288,524288,41,512,512,1024,41,128,2048,65536,41,64,512,4096,1807,64,512,2048,1807,64,512,4096,94896,64,512,2048,10530,64,256,512,1366,64,512,1024,2313,256,1024,1024,1266,128,512,1024,1158,64,256,4096,15246,64,256,512,1413,64,256,512,423,64,256,512,117,64,512,4096,90,64,256,256,9,1024,2048,2048,11,1024,1024,1024,11,64,64,64,22,64,128,128,20,64,128,128,20,13.02,10.08,2.94,11,10,25,292,40,35,0,0,0,0,0,0,0,2097152,2097152,2097152,2097152,4194304,13,2097152,2097152,2097152,2097152,4194304,5,2097152,2097152,4194304,8388608,8388608,217,2097152,2097152,2097152,2097152,2097152,15,2097152,2097152,4194304,4194304,4194304,21,0,0,0,0,0,0,0,0,0,0,0,0,256,256,512,512,512,271,2097152,2097152,4194304,8388608,8388608,271,0,0,0,0,0,0,256,512,512,512,1024,271,94209,0,29189,15158,32717,0,41,20,0
48198840899100,1434,2048,8192,16384,10316,512,4096,8192,1433,4096,8192,16384,1143,4096,8192,16384,303,8192,8192,8192,17,2048,8192,8192,304,512,4096,8192,1139,1024,8192,8192,195,0,0,0,0,256,65536,131072,14987,524288,1048576,1048576,41,262144,262144,262144,41,262144,524288,524288,41,512,1024,1024,41,128,128,8192,41,64,512,4096,1739,128,512,1024,1739,64,512,4096,92844,64,512,1024,10287,64,256,1024,1571,128,512,1024,2466,256,1024,1024,1122,128,512,512,1167,64,256,2048,14643,64,256,512,1620,64,256,512,489,64,512,512,135,128,512,4096,153,0,0,0,0,0,0,0,0,0,0,0,0,0,0,0,0,64,128,128,21,64,128,128,21,14.92,10.20,4.72,0,17,12,304,33,39,0,0,0,0,0,0,0,2097152,2097152,2097152,2097152,2097152,11,2097152,4194304,4194304,4194304,4194304,5,2097152,2097152,4194304,4194304,8388608,226,131072,2097152,2097152,2097152,4194304,30,131072,2097152,2097152,2097152,2097152,31,0,0,0,0,0,0,0,0,0,0,0,0,256,256,512,512,512,303,2097152,2097152,4194304,4194304,8388608,303,0,0,0,0,0,0,256,512,512,512,1024,303,94311,0,28469,14872,31575,0,41,21,0
48199859620100,1434,2048,8192,16384,10186,512,4096,8192,1435,4096,8192,16384,1161,4096,8192,16384,295,8192,8192,8192,10,2048,8192,8192,314,512,4096,8192,1162,1024,4096,8192,193,0,0,0,0,64,65536,131072,14867,524288,1048576,1048576,41,262144,262144,524288,41,262144,524288,524288,41,512,512,1024,41,64,128,16384,41,64,512,4096,1991,128,512,4096,1991,64,512,4096,91674,64,512,4096,10449,64,256,512,1492,64,512,1024,2502,256,1024,2048,1122,128,512,512,1041,64,256,4096,14526,64,256,512,1521,64,256,512,315,128,256,256,81,128,256,512,90,0,0,0,0,0,0,0,0,0,0,0,0,0,0,0,0,64,128,128,20,64,128,128,20,14.83,10.23,4.60,0,10,17,314,50,38,0,0,0,0,0,0,0,2097152,2097152,2097152,2097152,2097152,2,2097152,2097152,2097152,2097152,2097152,2,2097152,2097152,4194304,4194304,8388608,235,131072,2097152,4194304,4194304,4194304,26,131072,2097152,2097152,2097152,2097152,25,0,0,0,0,0,0,0,0,0,0,0,0,256,256,512,512,512,290,2097152,2097152,4194304,4194304,8388608,290,0,0,0,0,0,0,256,512,512,1024,2048,290,94450,0,29257,14758,32657,0,41,20,0
48200880321100,1434,2048,8192,16384,10161,512,4096,8192,1434,4096,8192,16384,1156,4096,8192,16384,265,8192,16384,16384,10,2048,8192,8192,268,512,4096,8192,1140,1024,4096,8192,188,0,0,0,0,64,65536,262144,14740,524288,1048576,1048576,41,262144,262144,262144,41,262144,524288,524288,41,256,512,512,41,64,128,16384,41,64,256,4096,1865,64,512,4096,1865,64,512,4096,91449,64,256,1024,10404,64,256,512,1247,64,256,512,2403,256,1024,2048,1142,128,512,1024,1097,64,256,4096,14598,64,256,512,1467,64,256,512,447,64,256,256,81,128,512,4096,90,0,0,0,0,0,0,0,0,0,0,0,0,0,0,0,0,64,128,128,21,64,128,128,21,12.62,8.93,3.70,0,10,11,268,31,25,0,0,0,0,0,0,0,2097152,4194304,4194304,4194304,4194304,19,2097152,2097152,2097152,2097152,2097152,2,2097152,4194304,4194304,8388608,8388608,213,131072,4194304,4194304,4194304,8388608,17,131072,2097152,2097152,2097152,2097152,22,0,0,0,0,0,0,0,0,0,0,0,0,256,256,512,512,1024,273,2097152,4194304,8388608,8388608,8388608,273,0,0,0,0,0,0,256,512,512,1024,1024,273,94522,0,28826,14621,32855,0,41,21,0
48201900464700,1434,2048,8192,16384,10235,512,4096,8192,1433,4096,8192,16384,1162,4096,8192,16384,299,4096,8192,8192,14,2048,8192,8192,285,512,4096,8192,1158,1024,4096,8192,201,0,0,0,0,64,65536,131072,14916,524288,524288,1048576,40,262144,262144,262144,40,262144,524288,524288,40,256,512,512,40,64,4096,32768,40,64,512,4096,1782,64,512,4096,1782,64,512,4096,92115,64,512,4096,10458,64,256,512,1520,64,512,1024,2313,256,512,4096,1071,128,512,512,1008,64,256,4096,14256,64,256,2048,1530,0,256,512,375,64,256,512,108,128,256,512,126,0,0,0,0,0,0,0,0,0,0,0,0,0,0,0,0,64,128,128,20,64,128,128,20,11.23,9.44,1.79,0,14,15,285,41,37,0,0,0,0,0,0,0,4194304,4194304,4194304,4194304,4194304,2,2097152,2097152,2097152,2097152,2097152,2,2097152,2097152,4194304,4194304,4194304,183,262144,2097152,4194304,4194304,4194304,32,131072,2097152,2097152,2097152,2097152,21,2097152,2097152,4194304,4194304,4194304,54,0,0,0,0,0,0,256,256,256,512,1024,294,2097152,2097152,4194304,4194304,4194304,294,0,0,0,0,0,0,256,512,1024,1024,1024,294,94620,0,29261,14773,33597,0,40,20,0
48202919817400,1434,2048,8192,16384,10370,512,4096,8192,1433,4096,8192,16384,1144,4096,8192,16384,301,8192,8192,8192,10,2048,8192,8192,295,512,4096,8192,1158,1024,4096,8192,219,0,0,0,1,64,65536,262144,15032,524288,524288,1048576,41,262144,262144,262144,41,262144,524288,524288,41,256,512,512,41,128,128,32768,41,64,512,4096,1932,64,512,2048,1932,64,512,4096,93330,64,256,2048,10296,64,256,2048,1654,64,256,512,2286,256,1024,4096,1071,128,512,1024,1134,64,256,4096,15723,64,256,4096,1638,64,256,512,363,64,256,256,135,128,256,4096,90,64,256,256,9,0,0,0,0,0,0,0,0,0,0,0,0,64,128,128,20,64,128,128,20,12.65,9.96,2.68,0,10,13,295,28,41,0,0,0,0,0,0,0,2097152,2097152,4194304,4194304,4194304,22,0,0,0,0,0,0,2097152,2097152,4194304,4194304,4194304,225,131072,2097152,2097152,2097152,2097152,26,131072,2097152,2097152,2097152,4194304,30,0,0,0,0,0,0,0,0,0,0,0,0,256,256,512,512,512,303,2097152,2097152,4194304,4194304,4194304,303,0,0,0,0,0,0,256,512,512,512,1024,303,94704,0,29395,14932,33337,0,41,20,0
48203940949000,1434,2048,8192,16384,10310,512,4096,8192,1434,4096,8192,16384,1149,4096,8192,16384,308,8192,8192,8192,11,2048,8192,8192,284,512,4096,8192,1156,1024,4096,8192,183,0,0,0,0,64,65536,131072,14928,524288,1048576,1048576,41,262144,262144,262144,41,262144,524288,524288,41,256,512,1024,41,128,1024,8192,41,64,512,4096,1851,64,512,1024,1851,64,512,4096,92790,64,256,4096,10341,64,256,512,1508,64,256,1024,2475,256,1024,4096,1209,128,512,4096,1074,64,256,4096,15561,64,256,1024,1593,64,256,4096,351,64,256,256,54,64,512,512,108,0,0,0,0,0,0,0,0,0,0,0,0,0,0,0,0,64,128,128,21,64,128,128,21,11.60,9.18,2.42,0,11,18,284,30,34,0,0,0,0,0,0,0,2097152,2097152,2097152,2097152,4194304,16,0,0,0,0,0,0,2097152,2097152,4194304,4194304,4194304,219,131072,4194304,4194304,4194304,4194304,33,2097152,2097152,2097152,2097152,2097152,24,0,0,0,0,0,0,0,0,0,0,0,0,256,256,512,512,512,292,2097152,2097152,4194304,4194304,4194304,292,0,0,0,0,0,0,256,512,512,512,512,292,94789,0,29719,14832,33308,0,41,21,0
48204961514400,1402,2048,8192,16384,10250,512,4096,8192,1408,4096,8192,16384,1142,4096,8192,16384,282,8192,16384,16384,13,2048,8192,8192,300,512,4096,8192,1167,1024,4096,8192,196,0,0,0,0,64,65536,131072,14858,524288,1048576,1048576,41,262144,262144,262144,41,262144,524288,524288,41,256,512,512,41,64,128,128,41,64,512,4096,1875,64,512,4096,2163,64,512,4096,92250,64,256,1024,10278,64,256,512,1331,64,256,1024,2322,256,1024,4096,1289,128,512,512,1289,64,256,2048,15606,64,256,512,1584,64,256,512,444,64,256,4096,171,128,512,4096,117,0,0,0,0,0,0,0,0,0,0,0,0,0,0,0,0,64,128,128,20,128,32768,32768,20,13.66,9.83,3.83,0,13,16,300,36,37,43,262144,262144,262144,262144,524288,11,2097152,2097152,2097152,2097152,4194304,7,0,0,0,0,0,0,2097152,2097152,4194304,8388608,8388608,215,131072,2097152,2097152,2097152,8388608,19,2097152,2097152,2097152,2097152,8388608,28,0,0,0,0,0,0,0,0,0,0,0,0,256,256,512,512,512,280,2097152,2097152,8388608,8388608,8388608,280,128,256,256,256,256,11,256,512,512,512,512,269,94954,0,28622,14802,32880,0,41,20,0
48205982854300,1437,2048,8192,16384,10147,512,4096,8192,1413,4096,8192,16384,1154,4096,16384,16384,290,8192,8192,8192,16,2048,8192,8192,307,512,4096,8192,1145,1024,8192,8192,186,0,0,0,1,64,65536,131072,14811,524288,1048576,1048576,41,262144,262144,262144,41,262144,524288,524288,41,256,512,512,41,128,16384,65536,41,64,512,4096,2070,64,512,4096,1755,64,512,4096,91323,64,256,4096,10386,64,256,512,1350,64,512,1024,2439,256,1024,4096,1146,128,512,4096,1218,64,256,4096,15192,64,256,4096,1413,64,256,512,357,128,256,512,117,128,512,4096,144,128,256,256,9,0,0,0,0,0,0,0,0,0,0,0,0,64,128,128,21,128,32768,65536,21,12.87,8.54,4.33,0,16,10,307,34,47,0,262144,262144,524288,524288,524288,35,2097152,2097152,2097152,2097152,4194304,12,0,0,0,0,0,0,2097152,2097152,4194304,4194304,4194304,226,131072,2097152,2097152,2097152,4194304,32,2097152,2097152,2097152,2097152,4194304,25,0,0,0,0,0,0,0,0,0,0,0,0,128,256,512,512,512,330,2097152,2097152,4194304,4194304,4194304,330,128,256,256,256,512,35,256,512,512,512,1024,295,95038,0,29163,14709,33119,0,41,21,0
48207002858200,1445,2048,8192,16384,10414,512,4096,8192,1444,4096,8192,16384,1153,4096,8192,16384,301,8192,8192,8192,8,2048,8192,16384,282,512,4096,8192,1144,1024,8192,8192,205,0,0,0,1,64,65536,131072,15055,524288,524288,1048576,40,262144,262144,262144,40,262144,524288,524288,40,256,512,512,40,64,128,2048,40,64,512,4096,1691,64,512,4096,1619,64,512,4096,93726,64,512,4096,10377,64,256,512,1548,64,512,1024,2475,256,512,4096,1119,128,512,2048,1029,64,256,4096,14238,64,256,512,1575,64,256,4096,402,64,256,4096,72,128,512,4096,72,64,256,256,9,1024,2048,2048,43,1024,2048,2048,43,64,64,128,86,64,128,128,20,128,32768,32768,20,12.65,10.48,2.17,43,8,15,282,49,31,0,262144,262144,262144,262144,524288,8,0,0,0,0,0,0,0,0,0,0,0,0,2097152,2097152,4194304,4194304,4194304,245,2097152,2097152,2097152,2097152,2097152,24,131072,2097152,2097152,2097152,2097152,25,0,0,0,0,0,0,0,0,0,0,0,0,256,256,512,512,512,302,2097152,2097152,4194304,4194304,4194304,302,128,256,256,256,256,8,256,256,512,512,512,294,95164,0,29572,15033,33410,0,40,20,0
48208023231900,1445,2048,8192,16384,10616,512,4096,8192,1445,4096,8192,16384,1194,4096,16384,16384,296,8192,8192,8192,14,2048,8192,8192,283,512,4096,8192,1178,1024,4096,8192,207,0,0,0,0,64,65536,131072,15358,524288,1048576,1048576,41,262144,524288,524288,41,262144,524288,524288,41,256,512,1024,41,128,128,8192,41,64,512,4096,1677,64,512,4096,1677,64,512,4096,95544,64,512,4096,10746,64,256,512,1540,64,256,1024,2376,256,1024,1024,1263,128,512,1024,1362,64,512,4096,14841,64,256,2048,1521,64,256,512,402,64,256,512,216,128,512,2048,126,0,0,0,0,0,0,0,0,0,0,0,0,0,0,0,0,64,128,128,20,64,256,256,20,12.38,9.70,2.68,0,14,12,283,29,41,0,0,0,0,0,0,0,2097152,4194304,4194304,4194304,4194304,12,0,0,0,0,0,0,2097152,4194304,4194304,8388608,8388608,218,2097152,2097152,2097152,2097152,2097152,15,131072,2097152,2097152,2097152,4194304,23,0,0,0,0,0,0,0,0,0,0,0,0,256,256,512,512,512,268,2097152,4194304,4194304,8388608,8388608,268,0,0,0,0,0,0,256,512,512,512,512,268,95275,0,29400,15233,33347,0,41,20,0
48209043228000,1445,2048,8192,16384,10278,512,4096,8192,1444,4096,8192,16384,1137,4096,16384,16384,310,8192,8192,16384,22,2048,8192,8192,285,512,4096,8192,1153,1024,8192,8192,200,0,0,0,1,64,65536,131072,14948,524288,1048576,1048576,41,262144,262144,262144,41,262144,524288,524288,41,512,1024,1024,41,128,128,1024,41,64,512,4096,1902,128,512,1024,1902,64,512,4096,92502,64,256,4096,10233,64,256,512,1581,64,512,4096,2322,256,1024,4096,1149,128,512,4096,1221,64,256,4096,14976,64,256,1024,1476,64,256,512,348,64,256,512,153,128,512,4096,198,64,128,128,9,0,0,0,0,0,0,0,0,0,0,0,0,64,128,128,21,64,128,256,21,12.25,9.19,3.06,0,22,13,285,39,35,0,0,0,0,0,0,0,2097152,2097152,2097152,2097152,2097152,17,0,0,0,0,0,0,2097152,2097152,8388608,8388608,16777216,218,131072,2097152,2097152,2097152,4194304,23,2097152,2097152,2097152,2097152,4194304,26,0,0,0,0,0,0,0,0,0,0,0,0,256,256,512,512,512,284,2097152,2097152,8388608,8388608,16777216,284,0,0,0,0,0,0,256,256,512,512,32768,284,95385,0,29031,14822,33132,0,41,21,0
48210063153200,1445,2048,8192,16384,10502,512,4096,8192,1447,4096,8192,16384,1185,4096,16384,16384,301,8192,16384,16384,11,2048,8192,8192,318,512,4096,8192,1176,1024,8192,8192,188,0,0,0,1,64,65536,131072,15254,524288,1048576,1048576,41,262144,262144,262144,41,262144,524288,524288,41,512,1024,1024,41,128,128,2048,41,64,512,4096,2156,64,512,4096,2156,64,512,4096,94518,64,256,4096,10665,64,256,512,1575,64,512,2048,2421,256,1024,4096,1080,128,512,4096,1080,64,256,4096,15651,64,256,4096,1566,64,256,2048,387,64,256,512,99,64,1024,4096,99,64,256,256,9,0,0,0,0,0,0,0,0,0,0,0,0,64,128,128,20,64,128,128,20,12.64,8.17,4.47,0,11,6,318,39,31,0,0,0,0,0,0,0,2097152,2097152,2097152,2097152,2097152,2,0,0,0,0,2097152,1,2097152,2097152,4194304,4194304,4194304,239,131072,4194304,4194304,4194304,4194304,31,131072,2097152,2097152,2097152,2097152,33,0,0,0,0,0,0,0,0,0,0,0,0,256,256,512,512,1024,306,2097152,2097152,4194304,4194304,4194304,306,0,0,0,0,0,0,256,512,512,512,512,306,95484,0,29895,15139,33421,0,41,20,0
48211082303700,1445,2048,8192,16384,10286,512,4096,8192,1511,4096,8192,16384,1150,4096,8192,16384,271,8192,16384,16384,11,2048,8192,16384,283,512,4096,8192,1157,1024,8192,8192,193,0,0,0,0,64,65536,131072,14968,524288,1048576,1048576,41,262144,262144,524288,41,262144,524288,524288,41,512,1024,1024,41,64,256,16384,41,64,512,4096,2181,64,512,4096,2181,64,512,4096,92574,64,512,4096,10350,64,256,512,1464,64,512,4096,2124,256,1024,2048,1103,128,512,512,1040,64,256,4096,14328,64,256,1024,1467,64,256,2048,345,64,256,512,108,64,512,4096,99,0,0,0,0,0,0,0,0,0,0,0,0,0,0,0,0,64,128,128,21,64,128,128,21,13.67,9.45,4.22,0,11,3,283,32,45,0,0,0,0,0,0,0,2097152,2097152,2097152,2097152,4194304,17,0,0,0,0,2097152,1,2097152,2097152,4194304,4194304,8388608,222,2097152,2097152,2097152,2097152,2097152,24,2097152,2097152,2097152,2097152,2097152,20,0,0,0,0,0,0,0,0,0,0,0,0,256,256,512,512,512,284,2097152,2097152,4194304,4194304,8388608,284,0,0,0,0,0,0,256,512,512,512,1024,284,95574,0,29254,14856,33016,0,41,21,0
48212103369800,1445,2048,8192,16384,10411,512,4096,8192,1639,4096,8192,16384,1165,4096,8192,16384,309,8192,16384,16384,23,2048,8192,8192,315,512,4096,8192,1177,1024,8192,8192,178,0,0,0,1,64,65536,131072,15350,524288,1048576,1048576,40,262144,524288,524288,40,262144,524288,524288,40,256,1024,1024,40,128,16384,32768,40,64,512,512,1824,64,512,4096,1824,64,512,4096,93699,64,512,4096,10485,64,256,512,1541,64,512,4096,2529,256,1024,4096,1124,128,512,4096,1160,64,256,4096,14211,64,256,1024,1530,64,256,256,408,64,256,512,162,64,512,4096,207,0,256,256,9,0,0,0,0,0,0,0,0,0,0,0,0,64,128,128,20,64,128,128,20,12.37,9.82,2.55,0,23,4,315,29,39,0,0,0,0,0,0,0,2097152,2097152,2097152,2097152,2097152,12,0,0,0,0,0,0,2097152,2097152,4194304,4194304,4194304,223,2097152,2097152,2097152,2097152,4194304,30,131072,2097152,2097152,2097152,2097152,24,0,0,0,0,0,0,0,0,0,0,0,0,256,256,512,512,512,289,2097152,2097152,4194304,4194304,4194304,289,0,0,0,0,0,0,256,256,512,1024,32768,289,95695,0,29006,15242,33337,0,40,20,0
48213124950100,1445,2048,8192,16384,10249,512,4096,8192,1529,4096,8192,16384,1166,4096,8192,16384,265,8192,8192,8192,14,2048,8192,16384,260,512,4096,8192,1128,1024,8192,8192,200,0,0,0,1,64,65536,262144,14942,524288,524288,1048576,41,262144,262144,524288,41,262144,524288,524288,41,256,512,512,41,64,256,32768,41,64,512,4096,1768,64,512,4096,1768,64,512,4096,92241,64,256,4096,10494,64,256,512,1311,64,256,512,2214,256,1024,4096,1098,128,512,4096,1044,64,256,4096,16083,64,256,1024,1521,64,256,4096,327,128,256,512,108,128,512,4096,126,128,256,256,9,0,0,0,0,0,0,0,0,0,0,0,0,64,128,128,20,64,128,128,20,9.44,8.80,0.64,0,14,4,260,38,35,0,0,0,0,0,0,0,2097152,2097152,2097152,2097152,2097152,3,2097152,2097152,2097152,2097152,2097152,3,2097152,2097152,4194304,8388608,8388608,218,2097152,2097152,2097152,2097152,2097152,28,2097152,2097152,2097152,2097152,4194304,30,0,0,0,0,0,0,0,0,0,0,0,0,256,256,512,512,1024,282,2097152,2097152,4194304,8388608,8388608,282,0,0,0,0,0,0,256,256,512,512,512,282,95764,0,29506,14813,33225,0,41,20,0
48214144361700,1445,2048,8192,16384,10572,512,4096,8192,1454,4096,8192,16384,1191,4096,8192,16384,318,8192,8192,8192,9,2048,8192,8192,291,512,4096,8192,1192,1024,4096,8192,192,0,0,0,0,64,65536,131072,15348,524288,1048576,1048576,41,262144,262144,262144,41,262144,524288,524288,41,256,512,512,41,128,128,1024,41,64,512,4096,1659,64,512,4096,1659,64,512,4096,95148,64,256,4096,10719,64,256,512,1668,64,512,512,2619,256,1024,4096,1083,128,512,512,1101,64,256,4096,14733,64,256,2048,1521,64,256,512,378,64,256,512,81,64,256,512,81,0,0,0,0,0,0,0,0,0,0,0,0,0,0,0,0,64,128,128,21,64,128,128,21,12.26,8.94,3.32,0,9,2,291,34,29,0,0,0,0,0,0,0,2097152,2097152,2097152,2097152,4194304,9,2097152,2097152,2097152,2097152,2097152,4,2097152,2097152,4194304,4194304,4194304,223,2097152,2097152,2097152,2097152,2097152,26,2097152,2097152,2097152,2097152,4194304,27,0,0,0,0,0,0,0,0,0,0,0,0,256,256,256,512,512,289,2097152,2097152,4194304,4194304,4194304,289,0,0,0,0,0,0,256,512,512,512,1024,289,95840,0,29202,15236,33147,0,41,21,0
48215163560700,1402,2048,8192,16384,10168,512,4096,8192,1412,4096,8192,16384,1150,4096,8192,16384,267,8192,8192,8192,11,2048,8192,8192,324,512,4096,8192,1150,1024,4096,16384,207,0,0,0,0,64,65536,131072,14801,524288,1048576,1048576,41,262144,524288,524288,41,262144,524288,524288,41,256,1024,1024,41,64,128,1024,41,64,512,4096,1761,64,512,4096,2148,64,512,4096,91512,64,512,1024,10350,64,256,512,1493,64,512,4096,2214,256,1024,2048,1188,128,512,1024,1116,64,256,4096,15417,64,512,4096,1593,64,256,512,231,64,256,512,99,128,512,4096,99,0,0,0,0,0,0,0,0,0,0,0,0,0,0,0,0,64,128,128,20,64,128,128,20,11.11,8.18,2.94,0,11,0,324,32,32,43,0,0,0,0,0,0,2097152,2097152,2097152,2097152,2097152,4,2097152,2097152,2097152,2097152,2097152,2,2097152,2097152,4194304,4194304,4194304,233,131072,2097152,2097152,2097152,4194304,28,131072,2097152,2097152,2097152,2097152,19,0,0,0,0,0,0,0,0,0,0,0,0,256,256,512,512,512,286,2097152,2097152,4194304,4194304,4194304,286,0,0,0,0,0,0,256,512,512,1024,1024,286,95996,0,28970,14751,32794,0,41,20,0
48216184498900,1402,2048,8192,16384,9944,512,4096,8192,1404,4096,8192,16384,1134,4096,8192,16384,283,8192,8192,8192,10,2048,8192,16384,302,512,4096,8192,1119,1024,4096,8192,198,0,0,0,0,64,65536,262144,14510,524288,1048576,1048576,41,262144,262144,262144,41,262144,524288,524288,41,256,512,512,41,64,128,8192,41,64,512,4096,1922,64,512,4096,1922,64,512,4096,89496,64,512,1024,10206,64,256,512,1468,64,512,4096,2322,256,1024,4096,1128,128,512,4096,1173,64,256,4096,14778,64,256,512,1512,64,256,1024,405,64,512,512,90,128,512,4096,90,0,0,0,0,0,0,0,0,0,0,0,0,0,0,0,0,64,128,128,21,64,128,128,21,10.71,9.18,1.53,0,10,1,302,40,30,0,0,0,0,0,0,0,2097152,2097152,2097152,2097152,2097152,19,2097152,2097152,2097152,2097152,4194304,7,2097152,4194304,8388608,8388608,8388608,197,2097152,4194304,4194304,4194304,4194304,30,131072,2097152,2097152,2097152,4194304,22,0,0,0,0,0,0,0,0,0,0,0,0,256,256,512,512,512,275,2097152,4194304,4194304,8388608,8388608,275,0,0,0,0,0,0,256,512,512,512,1024,275,96104,0,28563,14416,32381,0,41,21,0
48217205926500,1402,2048,8192,16384,10176,512,4096,8192,1401,4096,8192,16384,1111,4096,8192,16384,287,8192,8192,8192,3,2048,8192,8192,275,512,4096,8192,1108,1024,4096,8192,195,0,0,0,1,64,65536,262144,14654,524288,524288,1048576,41,262144,262144,262144,41,262144,524288,524288,41,256,512,512,41,64,128,2048,41,64,512,4096,1772,64,512,1024,1772,64,512,4096,91588,64,512,4096,9999,64,256,512,1358,64,512,512,2412,256,512,4096,1188,128,512,4096,1098,64,256,2048,14787,64,256,2048,1305,64,256,4096,357,64,256,256,45,128,256,256,27,0,256,256,9,1024,2048,2048,43,1024,2048,2048,43,64,64,128,86,64,128,128,20,64,128,128,20,10.97,9.31,1.66,43,3,0,275,34,43,0,0,0,0,0,0,0,2097152,2097152,2097152,2097152,4194304,13,2097152,2097152,2097152,2097152,4194304,7,2097152,2097152,4194304,4194304,4194304,222,2097152,2097152,4194304,4194304,4194304,28,131072,2097152,4194304,4194304,4194304,27,0,0,0,0,0,0,0,0,0,0,0,0,256,256,512,512,1024,297,2097152,2097152,4194304,4194304,4194304,297,0,0,0,0,0,0,256,512,512,1024,1024,297,96205,0,28687,14625,32774,0,41,20,0
48218224801800,1402,2048,8192,16384,10141,512,4096,4096,1404,4096,8192,16384,1133,4096,8192,16384,286,8192,8192,8192,14,2048,8192,8192,264,512,4096,8192,1150,1024,4096,8192,176,0,0,0,1,64,65536,131072,14686,524288,1048576,1048576,40,262144,524288,524288,40,262144,524288,524288,40,256,1024,1024,40,128,32768,32768,40,64,512,4096,1726,64,512,1024,1726,64,512,4096,91265,64,256,4096,10197,64,256,512,1468,64,256,512,2349,256,1024,1024,1221,128,512,4096,1167,64,256,4096,14211,64,256,1024,1503,64,256,512,249,128,512,4096,117,128,512,4096,126,128,256,256,9,0,0,0,0,0,0,0,0,0,0,0,0,64,128,128,20,64,64,64,20,12.13,8.43,3.70,0,14,1,264,36,28,0,0,0,0,0,0,0,2097152,2097152,2097152,2097152,2097152,6,2097152,2097152,2097152,2097152,2097152,6,2097152,4194304,4194304,4194304,4194304,179,2097152,2097152,2097152,2097152,4194304,18,2097152,2097152,2097152,2097152,2097152,18,2097152,4194304,4194304,4194304,4194304,53,0,0,0,0,0,0,256,256,512,512,512,280,2097152,4194304,4194304,4194304,4194304,280,0,0,0,0,0,0,256,512,512,1024,1024,280,96268,0,28479,14578,33317,0,40,20,0
48219247158800,1402,2048,8192,16384,10251,512,4096,8192,1400,4096,8192,16384,1113,4096,8192,16384,301,8192,8192,8192,13,2048,8192,8192,272,512,4096,8192,1134,1024,8192,16384,186,2048,2048,2048,2,64,65536,262144,14784,524288,1048576,1048576,41,262144,262144,524288,41,262144,524288,524288,41,256,512,1024,41,128,256,8192,41,64,512,4096,1836,64,512,2048,1836,64,512,4096,92259,64,512,1024,10017,64,256,512,1492,64,256,1024,2403,256,1024,4096,1272,128,512,512,1272,64,256,4096,15678,64,256,1024,1575,64,256,512,423,64,256,512,153,64,512,4096,117,64,256,256,18,0,0,0,0,0,0,0,0,0,0,0,0,64,128,128,21,64,128,128,21,9.81,8.28,1.53,0,13,1,272,20,38,0,0,0,0,0,0,0,2097152,2097152,2097152,2097152,2097152,11,2097152,2097152,2097152,2097152,2097152,12,2097152,2097152,4194304,4194304,4194304,226,131072,2097152,2097152,2097152,4194304,23,131072,2097152,2097152,2097152,2097152,27,0,0,0,0,0,0,0,0,0,0,0,0,256,256,512,512,512,299,2097152,2097152,4194304,4194304,4194304,299,0,0,0,0,0,0,256,512,512,512,512,299,96313,0,28031,14510,32204,131,41,21,0
48220268465400,1402,2048,8192,16384,9924,512,4096,8192,1401,4096,8192,16384,1130,4096,8192,16384,269,8192,16384,16384,23,2048,8192,8192,323,512,4096,8192,1121,1024,4096,8192,179,4096,4096,4096,2,64,65536,131072,14483,524288,524288,1048576,41,262144,262144,262144,41,262144,524288,524288,41,256,512,1024,41,64,256,8192,41,64,512,4096,1790,64,512,1024,1790,64,512,4096,89316,64,256,2048,10170,64,256,512,1530,64,512,4096,2187,256,1024,4096,1035,128,512,512,1116,64,256,4096,14931,64,256,2048,1665,64,256,2048,369,64,256,512,162,128,512,4096,207,128,256,256,18,0,0,0,0,0,0,0,0,0,0,0,0,64,128,128,20,64,128,128,20,13.77,9.31,4.46,0,23,0,323,35,31,0,0,0,0,0,0,0,2097152,2097152,2097152,2097152,2097152,3,2097152,2097152,2097152,2097152,2097152,11,2097152,2097152,4194304,4194304,8388608,216,131072,2097152,2097152,2097152,4194304,27,131072,2097152,2097152,2097152,4194304,27,0,0,0,0,0,0,0,0,0,0,0,0,256,256,512,512,512,284,2097152,2097152,4194304,4194304,8388608,284,0,0,0,0,0,0,256,512,512,512,512,284,96441,0,28790,14367,31885,0,41,20,0
48221287780700,1402,2048,8192,16384,10056,512,4096,8192,1401,4096,8192,16384,1145,4096,8192,16384,298,8192,8192,8192,11,2048,8192,8192,281,512,4096,8192,1124,1024,4096,8192,216,0,0,0,0,64,65536,131072,14648,524288,524288,1048576,41,262144,262144,262144,41,262144,524288,524288,41,256,512,512,41,64,128,2048,41,64,512,512,1524,128,512,4096,1524,64,512,4096,90504,64,512,4096,10305,64,256,512,1619,64,512,2048,2529,256,1024,4096,1112,128,512,4096,1022,64,256,4096,15426,64,256,1024,1404,64,256,512,336,64,512,512,81,128,512,4096,99,0,0,0,0,0,0,0,0,0,0,0,0,0,0,0,0,64,128,128,21,64,64,128,21,10.86,9.20,1.66,0,11,0,281,28,31,0,0,0,0,0,0,0,2097152,2097152,2097152,2097152,2097152,17,2097152,2097152,2097152,2097152,4194304,20,2097152,2097152,8388608,8388608,8388608,197,131072,2097152,2097152,2097152,2097152,25,2097152,2097152,2097152,2097152,4194304,25,0,0,0,0,0,0,0,0,0,0,0,0,256,256,512,512,512,284,2097152,2097152,4194304,8388608,8388608,284,0,0,0,0,0,0,256,512,512,1024,1024,284,96508,0,28623,14541,32752,0,41,21,0
48222306765300,1446,2048,8192,16384,10377,512,4096,8192,1422,4096,8192,16384,1153,4096,8192,16384,285,8192,8192,8192,10,2048,8192,8192,308,512,4096,8192,1177,1024,4096,8192,203,0,0,0,1,64,65536,131072,15032,524288,524288,524288,41,262144,262144,262144,41,262144,524288,524288,41,256,512,512,41,64,1024,8192,41,64,512,4096,2200,64,512,4096,1804,64,512,4096,93393,64,512,4096,10377,64,256,512,1496,64,512,1024,2151,256,1024,2048,1023,128,512,1024,1041,64,256,4096,15498,64,256,512,1512,64,256,4096,341,64,256,512,108,64,512,512,90,128,256,256,9,0,0,0,0,0,0,0,0,0,0,0,0,64,128,128,20,16384,65536,65536,20,13.03,10.99,2.04,0,10,11,308,41,31,0,262144,262144,524288,524288,524288,44,2097152,2097152,2097152,2097152,2097152,11,2097152,2097152,2097152,2097152,2097152,11,2097152,2097152,4194304,4194304,4194304,220,2097152,2097152,2097152,2097152,2097152,21,2097152,2097152,2097152,2097152,2097152,21,0,0,0,0,0,0,0,0,0,0,0,0,128,256,512,512,512,328,2097152,2097152,4194304,4194304,4194304,328,128,256,256,256,256,44,256,256,512,512,512,284,96581,0,28755,14914,33904,0,41,20,0
48223328422900,1455,2048,8192,16384,10486,512,4096,8192,1451,4096,8192,16384,1156,4096,16384,16384,309,8192,16384,16384,16,2048,8192,16384,277,512,4096,8192,1190,1024,8192,8192,203,0,0,0,0,64,65536,131072,15195,524288,1048576,1048576,40,262144,262144,262144,40,262144,524288,524288,40,512,1024,1024,40,64,32768,32768,41,64,512,4096,1541,64,512,4096,1460,64,512,4096,94374,64,512,4096,10404,64,256,512,1613,64,256,4096,2466,256,1024,4096,1041,128,512,2048,1095,64,256,4096,14809,64,256,512,1413,64,256,4096,378,64,512,2048,189,64,256,4096,144,0,0,0,0,0,0,0,0,0,0,0,0,0,0,0,0,64,128,128,21,64,16384,32768,21,11.73,9.05,2.68,0,16,5,277,19,41,0,262144,524288,524288,524288,524288,9,2097152,2097152,2097152,2097152,2097152,8,2097152,2097152,2097152,2097152,4194304,26,2097152,4194304,4194304,4194304,4194304,197,2097152,2097152,2097152,2097152,2097152,18,2097152,2097152,2097152,2097152,2097152,16,0,0,0,0,0,0,0,0,0,0,0,0,256,256,512,512,2048,274,2097152,2097152,4194304,4194304,4194304,274,128,256,256,256,256,9,256,512,512,512,512,265,96665,0,29828,15079,33290,0,40,21,0
48224347681300,1455,2048,8192,16384,10461,512,4096,8192,1454,4096,8192,16384,1161,4096,16384,16384,307,8192,8192,8192,19,2048,8192,8192,282,512,4096,8192,1163,1024,8192,16384,190,0,0,0,0,64,65536,131072,15142,524288,1048576,1048576,41,262144,524288,524288,41,524288,524288,524288,41,256,1024,1024,41,128,256,4096,40,64,512,4096,2062,64,512,4096,2062,64,512,4096,94149,64,256,4096,10449,64,256,512,1489,64,512,4096,2394,256,1024,4096,1076,128,512,4096,1184,64,256,4096,13829,64,256,4096,1494,64,256,512,282,64,256,512,144,64,512,1024,171,0,0,0,0,0,0,0,0,0,0,0,0,0,0,0,0,64,128,128,20,64,128,128,20,12.39,9.45,2.94,0,19,9,282,38,35,0,0,0,0,0,0,0,2097152,2097152,2097152,2097152,2097152,11,2097152,2097152,2097152,2097152,4194304,16,2097152,4194304,4194304,8388608,8388608,207,2097152,2097152,4194304,4194304,4194304,25,131072,2097152,2097152,2097152,2097152,22,0,0,0,0,0,0,0,0,0,0,0,0,256,256,512,512,512,281,2097152,4194304,4194304,8388608,8388608,281,0,0,0,0,0,0,256,512,1024,1024,1024,281,96767,0,29094,15057,33280,0,41,20,0
48225369681300,1412,2048,8192,16384,9968,512,4096,8192,1450,4096,8192,16384,1122,4096,8192,16384,297,8192,8192,8192,17,2048,8192,8192,308,512,4096,8192,1121,1024,4096,8192,178,0,0,0,1,64,65536,131072,14577,524288,1048576,1048576,41,262144,262144,524288,41,262144,524288,524288,41,512,1024,1024,41,128,128,2048,41,64,512,1024,1817,64,512,1024,2204,64,512,4096,89712,64,256,1024,10098,64,256,512,1606,64,512,4096,2304,256,1024,4096,1059,128,512,1024,1176,64,256,4096,14931,64,256,512,1341,64,256,512,351,64,256,1024,180,128,256,4096,153,128,256,256,9,0,0,0,0,0,0,0,0,0,0,0,0,64,128,128,20,64,128,128,20,10.19,9.30,0.89,0,17,12,308,32,25,43,0,0,0,0,0,0,2097152,2097152,2097152,2097152,2097152,2,2097152,4194304,4194304,4194304,4194304,21,2097152,2097152,4194304,4194304,4194304,221,131072,2097152,2097152,2097152,4194304,27,131072,2097152,2097152,2097152,2097152,21,0,0,0,0,0,0,0,0,0,0,0,0,256,256,512,512,512,292,2097152,2097152,4194304,4194304,4194304,292,0,0,0,0,0,0,256,512,512,512,1024,292,96912,0,28045,14514,31758,0,41,20,0
48226389105100,1412,2048,8192,16384,10206,512,4096,8192,1409,4096,8192,16384,1163,4096,16384,16384,300,8192,8192,8192,21,2048,8192,8192,303,512,4096,8192,1135,1024,4096,8192,195,0,0,0,0,64,65536,131072,14862,524288,1048576,1048576,41,262144,262144,262144,41,262144,524288,524288,41,256,512,1024,41,128,8192,16384,41,64,512,4096,1785,64,512,4096,1785,64,512,4096,91854,64,256,2048,10467,64,256,512,1489,64,256,1024,2430,256,1024,1024,1191,128,512,512,1137,64,256,4096,14985,64,256,512,1539,0,256,4096,438,64,256,512,153,64,512,4096,189,0,0,0,0,0,0,0,0,0,0,0,0,0,0,0,0,64,128,128,21,64,64,128,21,12.26,9.58,2.68,0,21,16,303,36,29,0,0,0,0,0,0,0,2097152,2097152,2097152,2097152,4194304,9,2097152,2097152,2097152,2097152,4194304,20,2097152,2097152,4194304,4194304,4194304,212,2097152,2097152,4194304,4194304,4194304,23,2097152,2097152,4194304,4194304,4194304,24,0,0,0,0,0,0,0,0,0,0,0,0,256,256,512,512,512,288,2097152,2097152,4194304,4194304,4194304,288,0,0,0,0,0,0,256,512,512,512,512,288,97029,0,28591,14758,32808,0,41,21,0
48227411788300,1412,2048,8192,16384,10185,512,4096,8192,1541,4096,8192,16384,1132,4096,16384,16384,266,8192,16384,16384,12,2048,8192,8192,279,512,4096,8192,1150,1024,8192,8192,177,0,0,0,1,64,65536,131072,14864,524288,1048576,1048576,41,262144,262144,262144,41,524288,524288,524288,41,256,512,512,41,64,128,128,41,64,512,4096,1870,128,512,4096,1870,64,512,4096,91665,64,512,4096,10188,64,256,512,1381,64,512,4096,2205,256,1024,2048,1020,128,512,4096,1155,64,256,4096,15255,64,256,4096,1539,64,256,512,306,64,256,512,126,128,1024,4096,108,64,256,256,9,1024,2048,2048,43,1024,2048,2048,43,64,64,128,86,128,128,128,20,64,128,128,20,11.97,8.15,3.82,43,12,24,279,43,33,0,0,0,0,0,0,0,2097152,2097152,2097152,2097152,4194304,12,2097152,2097152,2097152,2097152,2097152,15,2097152,2097152,4194304,8388608,8388608,204,131072,2097152,4194304,4194304,8388608,24,2097152,2097152,4194304,4194304,4194304,31,0,0,0,0,0,0,0,0,0,0,0,0,256,256,256,512,512,286,2097152,2097152,8388608,8388608,8388608,286,0,0,0,0,0,0,256,512,512,512,2048,286,97177,0,28717,14839,32563,0,41,20,0
48228429070600,1412,2048,8192,16384,10177,512,4096,8192,1776,4096,8192,16384,1124,4096,16384,16384,298,8192,8192,8192,21,2048,8192,8192,284,512,4096,8192,1122,1024,8192,8192,192,0,0,0,1,64,65536,131072,15149,524288,1048576,1048576,40,262144,262144,262144,40,262144,524288,524288,40,256,1024,1024,40,64,256,8192,41,64,512,4096,1717,128,512,1024,1717,64,512,4096,91593,64,512,4096,10116,64,256,512,1585,64,512,4096,2385,256,1024,4096,1235,128,512,4096,1217,64,256,4096,15138,64,256,2048,1566,0,256,512,363,64,256,512,153,128,512,1024,189,64,256,256,9,0,0,0,0,0,0,0,0,0,0,0,0,64,64,128,21,64,64,64,21,11.25,9.08,2.17,0,21,20,284,41,22,0,0,0,0,0,0,0,2097152,2097152,2097152,2097152,2097152,4,2097152,4194304,4194304,4194304,4194304,17,2097152,2097152,4194304,4194304,4194304,213,131072,2097152,2097152,2097152,4194304,20,131072,2097152,2097152,2097152,4194304,25,0,0,0,0,0,0,0,0,0,0,0,0,256,256,256,512,512,279,2097152,2097152,4194304,4194304,4194304,279,0,0,0,0,0,0,256,512,512,512,512,279,97286,0,28923,15005,32839,0,40,21,0
48229449962100,1412,2048,8192,16384,10214,512,4096,8192,1481,4096,8192,16384,1135,4096,8192,16384,282,8192,8192,8192,14,2048,8192,16384,269,512,4096,8192,1133,1024,4096,8192,208,0,0,0,0,64,65536,262144,14871,524288,1048576,1048576,41,262144,262144,262144,41,262144,524288,524288,41,256,1024,1024,41,64,1024,16384,40,64,512,4096,1705,64,512,1024,1705,64,512,4096,91926,64,256,1024,10215,64,256,512,1463,64,256,1024,2331,256,1024,4096,1191,128,512,2048,1164,64,256,4096,14805,64,256,4096,1521,0,256,512,396,64,256,4096,126,128,512,512,126,0,0,0,0,0,0,0,0,0,0,0,0,0,0,0,0,64,128,128,20,64,128,128,20,10.47,9.32,1.15,0,14,28,269,22,35,0,0,0,0,0,0,0,2097152,2097152,2097152,2097152,2097152,9,2097152,2097152,2097152,2097152,2097152,11,2097152,2097152,4194304,4194304,4194304,228,131072,2097152,2097152,2097152,2097152,23,2097152,2097152,2097152,2097152,2097152,22,0,0,0,0,0,0,0,0,0,0,0,0,256,256,512,512,1024,293,2097152,2097152,4194304,4194304,4194304,293,0,0,0,0,0,0,256,512,512,512,1024,293,97361,0,28540,14722,32969,0,41,20,0
48230470111600,1412,2048,8192,16384,10469,512,4096,8192,1419,4096,8192,16384,1173,4096,16384,16384,287,8192,16384,16384,14,2048,8192,8192,308,512,4096,8192,1182,1024,4096,8192,210,0,0,0,1,64,65536,131072,15176,524288,1048576,1048576,41,262144,262144,262144,41,262144,524288,524288,41,256,512,1024,41,64,2048,32768,41,64,512,4096,1796,64,512,2048,1796,64,512,4096,94221,64,512,4096,10557,64,256,512,1510,64,256,512,2421,256,1024,1024,1167,128,512,4096,1095,64,256,4096,14436,64,256,4096,1431,64,256,512,405,64,256,1024,135,128,512,4096,126,128,256,256,9,0,0,0,0,0,0,0,0,0,0,0,0,64,128,128,20,64,128,128,20,11.74,8.68,3.06,0,14,32,308,28,41,0,0,0,0,0,0,0,0,0,0,0,2097152,1,2097152,2097152,2097152,2097152,2097152,20,2097152,4194304,4194304,8388608,8388608,216,2097152,2097152,2097152,2097152,4194304,25,131072,2097152,2097152,2097152,8388608,21,0,0,0,0,0,0,0,0,0,0,0,0,256,256,512,512,512,283,2097152,4194304,4194304,8388608,8388608,283,0,0,0,0,0,0,256,512,512,1024,1024,283,97501,0,29079,15071,33134,0,41,20,0
48231491128000,1412,2048,8192,16384,10284,512,4096,8192,1412,4096,8192,16384,1173,4096,8192,16384,290,8192,16384,16384,12,2048,8192,8192,311,512,4096,8192,1135,1024,4096,8192,192,0,0,0,0,64,65536,131072,14928,524288,524288,1048576,41,262144,262144,262144,41,262144,524288,524288,41,256,1024,1024,41,64,128,8192,41,64,512,512,1776,64,512,1024,1776,64,512,4096,92556,64,256,4096,10557,64,256,512,1491,64,512,1024,2403,256,1024,2048,966,128,512,512,1056,64,256,4096,14238,64,256,4096,1350,64,256,2048,327,64,256,256,108,128,4096,4096,108,0,0,0,0,0,0,0,0,0,0,0,0,0,0,0,0,64,128,128,21,64,128,128,21,10.58,8.67,1.91,0,12,16,311,31,34,0,0,0,0,0,0,0,2097152,4194304,4194304,4194304,4194304,16,2097152,4194304,4194304,4194304,4194304,13,2097152,4194304,4194304,8388608,8388608,196,131072,2097152,2097152,2097152,4194304,33,131072,2097152,2097152,2097152,8388608,14,0,0,0,0,0,0,0,0,0,0,0,0,256,256,512,512,512,272,2097152,4194304,4194304,8388608,8388608,272,0,0,0,0,0,0,256,512,512,1024,1024,272,97633,0,28925,14818,32861,0,41,21,0
48232509935100,1412,2048,8192,16384,9921,512,4096,8192,1411,4096,8192,16384,1090,4096,8192,16384,296,8192,8192,8192,18,2048,8192,8192,296,512,4096,8192,1110,1024,4096,8192,179,0,0,0,1,64,65536,131072,14457,524288,524288,1048576,41,262144,262144,262144,41,262144,524288,524288,41,256,512,1024,41,128,256,16384,41,64,256,1024,1982,64,512,1024,1982,64,512,4096,89289,64,256,4096,9810,64,256,512,1546,64,512,4096,2592,256,512,1024,1146,128,512,1024,1227,64,256,4096,14913,64,256,2048,1503,64,256,512,282,64,256,512,162,128,512,4096,162,64,256,256,9,0,0,0,0,0,0,0,0,0,0,0,0,64,128,128,20,64,128,128,20,11.38,9.46,1.92,0,18,21,296,23,23,0,0,0,0,0,0,0,2097152,2097152,2097152,2097152,4194304,11,2097152,2097152,2097152,2097152,4194304,14,2097152,2097152,4194304,4194304,4194304,224,131072,2097152,2097152,2097152,2097152,26,131072,2097152,2097152,2097152,2097152,27,0,0,0,0,0,0,0,0,0,0,0,0,256,256,512,512,512,302,2097152,2097152,4194304,4194304,4194304,302,0,0,0,0,0,0,256,256,512,512,1024,302,97712,0,29039,14362,32429,0,41,20,0
48233531727500,1412,2048,8192,16384,10047,512,4096,8192,1410,4096,8192,16384,1137,4096,16384,16384,246,8192,8192,8192,16,2048,8192,8192,242,512,4096,8192,1134,1024,4096,8192,193,0,0,0,1,64,65536,131072,14536,524288,1048576,1048576,41,262144,262144,262144,41,262144,524288,524288,41,512,1024,1024,41,128,2048,32768,41,128,512,4096,1899,128,512,4096,1899,64,512,4096,90423,64,512,1024,10233,64,256,512,1311,64,512,4096,2079,256,1024,4096,1077,128,512,1024,1077,64,256,4096,15048,64,256,1024,1413,64,256,512,342,64,256,512,153,128,256,4096,144,64,256,256,9,0,0,0,0,0,0,0,0,0,0,0,0,64,128,128,21,64,64,128,21,13.37,8.92,4.46,0,16,23,242,40,25,0,0,0,0,0,0,0,2097152,2097152,2097152,2097152,2097152,4,2097152,2097152,2097152,2097152,2097152,32,2097152,2097152,4194304,4194304,4194304,206,131072,2097152,2097152,2097152,16777216,20,2097152,2097152,2097152,2097152,2097152,29,0,0,0,0,0,0,0,0,0,0,0,0,256,256,256,512,512,291,2097152,2097152,4194304,4194304,16777216,291,0,0,0,0,0,0,256,256,512,512,512,291,97767,0,28251,14416,31564,0,41,21,0
48234552272000,1370,2048,8192,16384,10469,512,4096,8192,1402,4096,8192,16384,1147,4096,8192,16384,296,8192,8192,8192,15,2048,8192,8192,296,512,4096,8192,1164,1024,4096,8192,181,0,0,0,1,64,65536,131072,15088,524288,1048576,1048576,40,262144,262144,524288,40,262144,524288,524288,40,512,1024,1024,40,64,128,2048,40,64,512,4096,1928,64,512,1024,2306,64,512,4096,94221,64,256,2048,10323,64,256,512,1449,64,512,1024,2448,256,1024,1024,1146,128,512,512,1200,64,256,4096,14184,64,256,512,1521,64,256,256,261,128,256,256,153,128,512,4096,135,64,256,256,9,0,0,0,0,0,0,0,0,0,0,0,0,64,128,128,20,64,128,128,20,11.49,9.19,2.30,0,15,32,296,29,34,42,0,0,0,0,0,0,2097152,2097152,2097152,2097152,2097152,16,2097152,2097152,2097152,2097152,2097152,10,2097152,2097152,4194304,4194304,4194304,190,2097152,2097152,2097152,2097152,8388608,22,2097152,2097152,2097152,2097152,2097152,17,2097152,2097152,4194304,4194304,4194304,31,0,0,0,0,0,0,256,256,512,512,512,286,2097152,2097152,4194304,4194304,8388608,286,0,0,0,0,0,0,256,512,512,1024,1024,286,97929,0,28965,15028,33336,0,40,20,0
48235572121200,1370,2048,8192,16384,9600,512,4096,8192,1368,4096,8192,16384,1113,4096,8192,16384,284,8192,8192,8192,17,2048,8192,8192,287,512,4096,8192,1078,1024,4096,8192,188,0,0,0,0,64,65536,262144,14049,524288,1048576,1048576,41,262144,262144,262144,41,262144,524288,524288,41,256,1024,1024,41,64,512,8192,41,64,512,4096,1775,64,512,4096,1775,64,512,4096,86400,64,256,4096,10017,64,256,512,1529,64,512,4096,2322,256,1024,4096,1227,128,512,4096,1173,64,256,4096,14706,64,256,1024,1530,64,256,512,276,64,256,256,144,64,256,4096,153,0,0,0,0,0,0,0,0,0,0,0,0,0,0,0,0,64,128,128,20,64,128,128,20,12.65,9.20,3.45,0,17,19,287,29,38,0,0,0,0,0,0,0,2097152,2097152,2097152,2097152,2097152,2,2097152,2097152,2097152,2097152,4194304,22,2097152,2097152,4194304,8388608,8388608,196,131072,2097152,2097152,2097152,2097152,16,131072,2097152,2097152,2097152,2097152,21,2097152,2097152,2097152,2097152,4194304,22,0,0,0,0,0,0,256,256,512,512,512,279,2097152,2097152,4194304,8388608,8388608,279,0,0,0,0,0,0,256,512,512,512,512,279,98040,0,28020,13915,31727,0,41,20,0
48236592218500,1370,2048,8192,16384,9773,512,4096,4096,1370,4096,8192,16384,1073,4096,16384,16384,291,8192,8192,8192,21,2048,8192,8192,293,512,4096,8192,1103,1024,4096,8192,186,2048,2048,2048,2,64,65536,262144,14242,524288,524288,1048576,41,262144,262144,262144,41,262144,524288,524288,41,256,1024,1024,41,64,128,2048,41,64,512,4096,1728,128,512,1024,1728,64,512,4096,87957,64,256,4096,9657,64,256,512,1579,64,512,4096,2394,256,512,1024,1212,128,512,1024,1329,64,256,4096,14733,64,256,512,1368,64,256,512,320,64,256,512,180,128,256,4096,189,64,256,256,18,1024,2048,2048,11,1024,1024,1024,8,64,64,64,19,64,128,128,21,64,64,64,21,10.47,8.93,1.53,8,21,25,293,32,41,0,0,0,0,0,0,0,2097152,2097152,2097152,2097152,4194304,13,2097152,2097152,2097152,2097152,4194304,11,2097152,2097152,4194304,4194304,4194304,216,2097152,2097152,2097152,2097152,2097152,20,2097152,2097152,2097152,2097152,2097152,16,0,0,0,0,0,0,0,0,0,0,0,0,256,256,256,512,512,276,2097152,2097152,4194304,4194304,4194304,276,0,0,0,0,0,0,256,512,512,512,1024,276,98184,0,28318,14151,32004,0,41,21,0
48237611990200,1370,2048,8192,16384,10040,512,4096,8192,1392,4096,8192,16384,1091,4096,8192,16384,281,8192,8192,8192,15,2048,4096,8192,309,512,4096,8192,1126,1024,4096,8192,208,0,0,0,0,64,65536,131072,14568,524288,1048576,1048576,41,262144,262144,262144,41,262144,524288,524288,41,256,1024,1024,41,128,128,128,41,128,512,4096,1759,128,512,2048,1759,64,512,4096,90360,64,512,4096,9819,64,256,512,1547,64,512,1024,2250,256,512,4096,1199,128,256,512,1172,64,256,2048,14292,64,256,2048,1467,64,256,512,372,64,256,4096,135,128,256,4096,135,0,0,0,0,1024,2048,2048,31,1024,2048,2048,34,64,64,64,65,64,128,128,20,64,128,128,20,11.61,8.93,2.68,34,15,26,309,21,33,0,0,0,0,0,0,0,2097152,2097152,2097152,2097152,2097152,8,2097152,2097152,4194304,4194304,4194304,24,2097152,2097152,4194304,4194304,4194304,218,131072,2097152,2097152,2097152,4194304,24,131072,2097152,2097152,2097152,2097152,18,0,0,0,0,0,0,0,0,0,0,0,0,256,256,512,512,512,292,2097152,2097152,4194304,4194304,4194304,292,0,0,0,0,0,0,256,512,512,1024,4096,292,98330,0,28551,14530,32410,0,41,20,0
48238632207600,1384,2048,8192,16384,9742,512,4096,8192,1373,4096,8192,8192,1101,4096,8192,16384,274,8192,8192,8192,12,2048,8192,8192,243,512,4096,8192,1084,1024,4096,8192,170,0,0,0,0,64,65536,131072,14100,524288,524288,524288,41,262144,262144,262144,41,262144,524288,524288,41,256,512,1024,41,64,128,128,41,64,256,4096,1819,64,512,512,1693,64,512,4096,87678,64,256,4096,9909,64,256,512,1470,64,256,1024,2187,256,1024,2048,1202,128,256,512,1175,64,256,4096,13860,64,256,512,1458,64,256,512,240,64,256,256,117,128,256,512,108,0,0,0,0,0,0,0,0,0,0,0,0,0,0,0,0,64,128,128,21,64,16384,32768,21,12.76,9.19,3.57,0,12,23,243,38,32,0,262144,262144,262144,262144,524288,14,2097152,2097152,2097152,2097152,2097152,12,2097152,2097152,2097152,2097152,2097152,10,2097152,4194304,4194304,8388608,8388608,213,131072,2097152,2097152,2097152,2097152,19,2097152,2097152,2097152,2097152,2097152,16,0,0,0,0,0,0,0,0,0,0,0,0,256,256,512,512,512,284,2097152,2097152,4194304,8388608,8388608,284,256,256,256,256,256,14,256,512,512,512,1024,270,98394,0,28300,13980,32255,0,41,21,0
48239650580200,1416,2048,8192,16384,10182,512,4096,8192,1397,4096,8192,16384,1160,4096,16384,16384,322,8192,8192,8192,13,2048,8192,16384,280,512,4096,8192,1162,1024,4096,8192,189,0,0,0,0,64,65536,262144,14805,524288,1048576,1048576,40,262144,262144,524288,40,262144,524288,524288,40,512,512,1024,40,64,128,4096,40,64,256,1024,2102,64,512,4096,1814,64,512,4096,91638,64,512,4096,10440,64,256,512,1495,64,512,1024,2547,256,512,2048,1068,128,512,512,1140,64,256,4096,14220,64,256,4096,1278,64,256,4096,288,64,256,256,135,64,256,512,117,0,0,0,0,0,0,0,0,0,0,0,0,0,0,0,0,64,128,128,20,128,65536,65536,20,10.10,8.31,1.79,0,13,27,280,31,28,0,262144,262144,262144,262144,524288,34,2097152,4194304,4194304,4194304,8388608,20,2097152,2097152,2097152,2097152,4194304,16,2097152,4194304,4194304,4194304,4194304,191,131072,2097152,4194304,4194304,8388608,22,131072,2097152,2097152,2097152,4194304,30,0,0,0,0,0,0,0,0,0,0,0,0,256,256,256,512,512,313,2097152,4194304,4194304,8388608,8388608,313,128,256,256,256,512,34,256,512,512,512,512,279,98460,0,28706,14706,33297,0,40,20,0
48240672786100,1423,2048,8192,16384,10416,512,4096,8192,1423,4096,8192,16384,1142,4096,16384,16384,269,8192,16384,16384,18,2048,8192,8192,301,512,4096,8192,1140,1024,8192,8192,203,0,0,0,1,64,65536,131072,15033,524288,1048576,1048576,41,262144,262144,262144,41,262144,524288,524288,41,512,1024,1024,41,64,128,128,41,64,512,4096,1804,64,512,512,1741,64,512,4096,93744,64,256,1024,10278,64,256,512,1555,64,256,4096,2268,256,1024,4096,1182,128,512,1024,1218,64,256,4096,14184,64,256,4096,1683,64,256,512,315,64,256,512,153,64,512,4096,162,128,256,256,9,0,0,0,0,0,0,0,0,0,0,0,0,64,128,128,20,64,32768,32768,20,12.23,10.57,1.66,0,18,27,301,32,24,0,262144,262144,262144,262144,262144,5,2097152,2097152,2097152,2097152,2097152,7,2097152,2097152,2097152,2097152,2097152,15,2097152,2097152,4194304,4194304,4194304,227,131072,2097152,2097152,2097152,2097152,20,131072,2097152,2097152,2097152,4194304,29,0,0,0,0,0,0,0,0,0,0,0,0,256,256,512,512,1024,303,2097152,2097152,4194304,4194304,4194304,303,64,128,128,128,128,5,256,256,512,512,1024,298,98559,0,28880,14914,33167,0,41,20,0
48241692874600,1423,2048,8192,16384,10158,512,4096,8192,1421,4096,8192,16384,1115,4096,16384,32768,277,8192,16384,16384,15,2048,8192,8192,304,512,4096,8192,1145,1024,8192,8192,190,0,0,0,0,256,65536,262144,14745,524288,1048576,1048576,41,262144,262144,524288,41,262144,524288,524288,41,512,1024,1024,41,128,256,16384,41,64,512,4096,1765,64,512,4096,1765,64,512,4096,91422,64,512,4096,10035,64,256,512,1402,64,512,4096,2385,256,1024,4096,1041,128,512,4096,1095,64,256,4096,13761,64,256,2048,1440,64,256,256,327,64,256,512,108,128,512,4096,135,0,0,0,0,0,0,0,0,0,0,0,0,0,0,0,0,64,128,128,21,64,64,128,21,9.57,9.06,0.51,0,15,20,304,32,22,0,0,0,0,0,0,0,2097152,2097152,2097152,2097152,2097152,16,2097152,2097152,2097152,2097152,2097152,17,2097152,2097152,4194304,4194304,8388608,209,131072,2097152,2097152,2097152,2097152,26,2097152,2097152,2097152,2097152,2097152,27,0,0,0,0,0,0,0,0,0,0,0,0,256,256,512,512,1024,295,2097152,2097152,4194304,4194304,8388608,295,0,0,0,0,0,0,256,512,512,512,1024,295,98657,0,28240,14626,31782,1,41,21,0
48242712891100,1423,2048,8192,16384,10188,512,4096,8192,1423,4096,8192,16384,1159,4096,8192,16384,288,8192,16384,16384,9,2048,8192,8192,306,512,4096,8192,1151,1024,8192,8192,180,2048,2048,2048,2,64,65536,131072,14815,524288,1048576,1048576,41,262144,262144,262144,41,262144,524288,524288,41,256,512,512,41,128,128,32768,41,128,512,4096,1812,64,512,4096,1812,64,512,4096,91692,64,512,4096,10431,64,256,512,1501,64,512,4096,2475,256,1024,4096,1275,128,512,4096,1077,64,256,4096,14787,64,256,2048,1476,64,256,4096,356,64,256,512,81,128,1024,4096,81,128,256,256,18,0,0,0,0,0,0,0,0,0,0,0,0,64,128,128,20,64,128,128,20,11.36,8.81,2.55,0,9,23,306,31,22,0,0,0,0,0,0,0,2097152,2097152,2097152,2097152,4194304,9,2097152,2097152,2097152,2097152,2097152,14,2097152,4194304,4194304,4194304,8388608,221,131072,2097152,2097152,2097152,2097152,27,131072,2097152,2097152,2097152,2097152,23,0,0,0,0,0,0,0,0,0,0,0,0,256,256,512,512,512,294,2097152,2097152,4194304,4194304,8388608,294,0,0,0,0,0,0,256,512,512,1024,1024,294,98754,0,29020,14664,32683,0,41,20,0
48243732871600,1423,2048,8192,16384,10297,512,4096,8192,1424,4096,8192,16384,1168,4096,16384,16384,297,8192,8192,8192,10,2048,8192,8192,245,512,4096,8192,1153,1024,8192,8192,205,0,0,0,0,64,65536,131072,14911,524288,524288,524288,41,262144,262144,262144,41,262144,524288,524288,41,256,512,512,41,64,1024,8192,41,64,512,4096,1709,64,512,4096,1709,64,512,4096,92673,64,256,4096,10512,64,256,512,1566,64,512,1024,2583,256,1024,1024,1059,128,512,4096,1032,64,256,4096,15039,64,256,4096,1494,64,256,512,354,64,256,512,144,128,512,4096,90,0,0,0,0,0,0,0,0,0,0,0,0,0,0,0,0,64,128,128,21,64,64,64,21,11.75,9.07,2.68,0,10,14,245,25,34,0,0,0,0,0,0,0,2097152,2097152,2097152,2097152,4194304,9,2097152,2097152,2097152,2097152,4194304,16,2097152,2097152,4194304,8388608,8388608,206,131072,2097152,2097152,2097152,2097152,23,2097152,2097152,2097152,2097152,4194304,22,0,0,0,0,0,0,0,0,0,0,0,0,256,256,512,512,512,276,2097152,2097152,4194304,8388608,8388608,276,0,0,0,0,0,0,256,512,512,512,1024,276,98806,0,29276,14831,33162,0,41,21,0
48244754439500,1381,2048,8192,16384,10120,512,4096,8192,1419,4096,8192,16384,1121,4096,16384,16384,288,8192,8192,8192,23,2048,8192,8192,281,512,4096,8192,1107,1024,4096,8192,208,0,0,0,0,64,65536,131072,14680,524288,1048576,1048576,40,262144,524288,524288,40,262144,524288,524288,40,256,512,1024,40,128,128,16384,41,64,512,4096,1860,64,512,1024,2238,64,512,4096,91080,64,512,1024,10089,64,256,512,1467,64,512,4096,2439,256,1024,4096,1212,128,512,1024,1140,64,256,4096,14499,64,256,2048,1502,64,256,1024,345,64,256,512,162,128,512,1024,207,0,0,0,0,0,0,0,0,0,0,0,0,0,0,0,0,64,128,128,20,64,128,128,20,12.48,9.30,3.18,0,23,22,281,46,21,42,0,0,0,0,0,0,2097152,2097152,2097152,2097152,2097152,12,2097152,2097152,2097152,2097152,4194304,14,2097152,2097152,4194304,4194304,4194304,213,131072,2097152,2097152,2097152,2097152,30,2097152,2097152,2097152,2097152,2097152,28,0,0,0,0,0,0,0,0,0,0,0,0,256,256,512,512,512,297,2097152,2097152,4194304,4194304,4194304,297,0,0,0,0,0,0,256,512,512,512,512,297,98944,0,28804,14592,32733,0,40,20,0
48245773068600,1381,2048,8192,16384,10042,512,4096,8192,1382,4096,8192,16384,1126,4096,8192,16384,262,8192,8192,8192,14,2048,8192,8192,314,512,4096,8192,1141,1024,8192,8192,193,0,0,0,1,64,65536,131072,14613,524288,524288,1048576,41,262144,262144,524288,41,262144,524288,524288,41,256,512,512,41,64,16384,32768,40,64,512,4096,1479,128,512,4096,1479,64,512,4096,90378,64,256,1024,10134,64,256,512,1289,64,512,1024,2403,256,512,1024,1194,128,512,1024,1140,64,256,4096,14598,64,256,2048,1513,64,256,512,339,64,512,1024,99,64,512,4096,126,128,256,256,9,0,0,0,0,0,0,0,0,0,0,0,0,64,128,128,20,64,128,128,20,11.25,9.08,2.17,0,14,19,314,27,33,0,0,0,0,0,0,0,2097152,2097152,2097152,2097152,2097152,8,2097152,2097152,2097152,2097152,2097152,8,2097152,2097152,4194304,4194304,8388608,224,131072,2097152,2097152,2097152,2097152,24,131072,2097152,2097152,2097152,4194304,31,0,0,0,0,0,0,0,0,0,0,0,0,256,256,512,512,512,295,2097152,2097152,4194304,4194304,8388608,295,0,0,0,0,0,0,256,512,512,512,512,295,99056,0,28374,14471,32525,0,41,20,0
48246794416500,1381,2048,8192,16384,9919,512,4096,8192,1383,4096,8192,16384,1116,4096,8192,16384,290,8192,8192,8192,9,2048,8192,8192,297,512,4096,8192,1116,1024,4096,8192,185,0,0,0,1,64,65536,262144,14422,524288,1048576,1048576,41,262144,262144,524288,41,262144,524288,524288,41,256,512,512,41,64,2048,8192,41,64,256,2048,1848,64,512,4096,1848,64,512,4096,89271,64,256,1024,10044,64,256,512,1389,64,512,512,2520,256,1024,2048,1265,128,512,4096,1184,64,256,4096,14715,64,256,1024,1530,64,256,512,345,64,256,512,117,128,256,512,81,128,256,256,9,1024,2048,2048,22,1024,1024,1024,11,64,128,128,33,64,128,128,21,64,128,128,21,12.11,8.93,3.19,11,9,21,297,43,41,0,0,0,0,0,0,0,2097152,2097152,2097152,2097152,2097152,10,2097152,4194304,4194304,4194304,8388608,10,2097152,4194304,4194304,4194304,8388608,210,2097152,4194304,4194304,4194304,4194304,18,131072,2097152,2097152,2097152,8388608,24,0,0,0,0,0,0,0,0,0,0,0,0,256,256,512,512,512,272,2097152,4194304,4194304,8388608,8388608,272,0,0,0,0,0,0,256,256,512,512,512,272,99206,0,27854,14337,32098,0,41,21,0
48247813854100,1381,2048,8192,16384,9973,512,4096,8192,1381,4096,8192,16384,1093,4096,8192,16384,282,8192,16384,16384,13,2048,8192,8192,275,512,4096,8192,1129,1024,8192,8192,184,0,0,0,0,64,65536,131072,14458,524288,1048576,1048576,41,262144,262144,262144,41,262144,524288,524288,41,256,512,1024,41,128,512,8192,41,64,512,1024,1706,64,512,1024,1706,64,512,4096,89757,64,512,512,9837,64,256,512,1458,128,512,1024,2601,256,1024,4096,1151,128,512,512,1106,64,256,4096,14859,64,256,2048,1413,64,256,512,363,64,256,4096,126,128,512,4096,117,0,0,0,0,1024,2048,2048,20,1024,2048,2048,31,64,64,128,51,64,128,128,20,64,128,128,20,12.01,9.84,2.17,31,13,15,275,35,36,0,0,0,0,0,0,0,2097152,2097152,2097152,2097152,2097152,9,2097152,2097152,2097152,2097152,2097152,13,2097152,2097152,4194304,4194304,4194304,226,131072,2097152,4194304,4194304,4194304,21,131072,2097152,2097152,2097152,2097152,27,0,0,0,0,0,0,0,0,0,0,0,0,256,256,512,512,2048,296,2097152,2097152,4194304,4194304,4194304,296,0,0,0,0,0,0,256,256,512,512,1024,296,99315,0,28281,14391,32568,0,41,20,0
48248836330200,1381,2048,8192,16384,10041,512,4096,8192,1385,4096,8192,16384,1140,4096,8192,16384,272,4096,8192,8192,13,2048,8192,8192,256,512,4096,8192,1125,1024,4096,8192,178,0,0,0,0,64,65536,131072,14505,524288,1048576,1048576,41,262144,262144,262144,41,262144,524288,524288,41,256,512,512,41,128,128,16384,41,64,512,4096,1779,64,512,4096,1779,64,512,4096,90369,64,512,1024,10260,64,256,512,1442,64,512,4096,2412,256,512,4096,1248,128,512,2048,1239,64,256,2048,14814,64,256,512,1485,0,256,4096,339,64,256,512,108,128,256,256,117,0,0,0,0,0,0,0,0,0,0,0,0,0,0,0,0,64,128,128,21,64,128,128,21,11.46,8.02,3.44,0,13,13,256,30,35,0,0,0,0,0,0,0,2097152,2097152,2097152,2097152,4194304,5,2097152,2097152,2097152,2097152,2097152,9,2097152,2097152,4194304,4194304,4194304,226,2097152,2097152,2097152,2097152,4194304,23,2097152,2097152,2097152,2097152,2097152,24,0,0,0,0,0,0,0,0,0,0,0,0,256,256,512,512,512,287,2097152,2097152,4194304,4194304,4194304,287,0,0,0,0,0,0,256,256,512,512,512,287,99375,0,28353,14408,32305,0,41,21,0
48249854216100,1381,2048,8192,16384,9797,512,4096,8192,1380,4096,8192,16384,1107,4096,16384,16384,275,8192,8192,8192,15,2048,8192,8192,286,512,4096,8192,1065,1024,4096,8192,175,2048,2048,2048,2,64,65536,131072,14220,524288,524288,1048576,40,262144,262144,262144,40,262144,524288,524288,40,256,512,512,40,64,128,8192,41,128,512,4096,1778,128,512,4096,1778,64,512,4096,88173,64,256,2048,9963,64,256,512,1386,64,512,1024,2421,256,1024,4096,1113,128,512,2048,1086,64,256,4096,14679,64,256,512,1548,64,256,512,360,64,256,512,135,128,512,4096,135,128,512,512,18,0,0,0,0,0,0,0,0,0,0,0,0,64,128,128,20,64,128,128,20,12.15,10.10,2.05,0,15,14,286,34,39,0,0,0,0,0,0,0,2097152,2097152,2097152,2097152,4194304,6,2097152,2097152,2097152,2097152,2097152,10,2097152,2097152,4194304,4194304,4194304,221,2097152,2097152,2097152,2097152,2097152,29,2097152,2097152,2097152,2097152,2097152,23,0,0,0,0,0,0,0,0,0,0,0,0,256,256,512,512,512,289,2097152,2097152,4194304,4194304,4194304,289,0,0,0,0,0,0,256,512,512,512,1024,289,99474,0,28146,14104,32245,0,40,20,0
48250875983700,1381,2048,8192,16384,10026,512,4096,8192,1382,4096,8192,16384,1098,4096,16384,16384,307,8192,16384,16384,16,2048,8192,8192,286,512,4096,8192,1147,1024,4096,8192,182,0,0,0,0,64,65536,131072,14574,524288,1048576,1048576,41,262144,524288,524288,41,262144,524288,524288,41,256,512,512,41,64,128,1024,40,64,256,512,1788,64,512,4096,1788,64,512,4096,90234,64,256,2048,9882,64,256,512,1472,64,512,512,2565,256,512,4096,1170,128,512,1024,1161,64,256,512,15561,64,256,512,1377,64,256,512,405,64,256,4096,144,64,256,4096,144,0,0,0,0,0,0,0,0,0,0,0,0,0,0,0,0,64,128,128,20,64,128,128,20,10.71,9.44,1.28,0,16,14,286,41,26,0,0,0,0,0,0,0,2097152,2097152,2097152,2097152,2097152,5,2097152,2097152,2097152,2097152,2097152,9,2097152,2097152,4194304,4194304,8388608,210,2097152,2097152,2097152,2097152,4194304,31,131072,2097152,8388608,8388608,8388608,35,0,0,0,0,0,0,0,0,0,0,0,0,256,256,512,512,512,290,2097152,2097152,4194304,8388608,8388608,290,0,0,0,0,0,0,256,512,512,512,1024,290,99567,0,28167,14463,32146,0,41,20,0
48251895203100,1381,2048,8192,16384,10145,512,4096,8192,1418,4096,8192,16384,1128,4096,16384,16384,273,8192,16384,16384,13,2048,8192,8192,316,512,4096,8192,1124,1024,4096,8192,181,0,0,0,0,64,65536,262144,14699,524288,1048576,1048576,41,262144,262144,262144,41,262144,524288,524288,41,256,512,1024,41,64,128,128,41,64,512,4096,1767,128,512,1024,1767,64,512,4096,91305,64,512,1024,10152,64,256,512,1288,128,512,1024,2457,256,1024,2048,1170,128,512,512,1143,64,256,4096,15048,64,256,1024,1566,0,256,4096,300,64,512,2048,144,128,512,4096,117,0,0,0,0,0,0,0,0,0,0,0,0,0,0,0,0,64,128,128,21,64,128,128,21,9.58,8.69,0.89,0,13,13,316,37,34,0,0,0,0,0,0,0,2097152,2097152,2097152,2097152,2097152,13,2097152,2097152,2097152,2097152,4194304,13,2097152,2097152,4194304,4194304,4194304,154,2097152,2097152,2097152,2097152,2097152,18,2097152,2097152,2097152,2097152,2097152,26,2097152,4194304,4194304,4194304,8388608,52,0,0,0,0,0,0,256,256,512,512,512,276,2097152,2097152,4194304,4194304,8388608,276,0,0,0,0,0,0,256,512,512,512,512,276,99704,0,28569,14559,33134,0,41,21,0
48252916153300,1381,2048,8192,16384,9872,512,4096,8192,1381,4096,8192,16384,1123,4096,16384,16384,273,8192,8192,8192,19,2048,8192,8192,257,512,4096,8192,1114,1024,4096,8192,222,0,0,0,0,64,65536,131072,14382,524288,524288,1048576,41,262144,262144,262144,41,262144,524288,524288,41,256,512,1024,41,64,512,2048,41,64,512,1024,1747,64,512,1024,1747,64,512,4096,88848,64,256,4096,10107,64,256,512,1541,64,512,2048,2277,256,512,1024,1073,128,512,512,1199,64,256,4096,14670,64,256,4096,1458,64,256,512,273,64,256,256,153,64,256,512,171,0,0,0,0,0,0,0,0,0,0,0,0,0,0,0,0,64,128,128,20,64,128,128,20,11.73,8.67,3.06,0,19,12,257,28,39,0,0,0,0,0,0,0,2097152,2097152,2097152,2097152,2097152,6,2097152,2097152,2097152,2097152,2097152,9,2097152,2097152,4194304,4194304,4194304,224,2097152,2097152,2097152,2097152,2097152,32,2097152,2097152,2097152,2097152,2097152,28,0,0,0,0,0,0,0,0,0,0,0,0,256,256,512,512,512,299,2097152,2097152,4194304,4194304,4194304,299,0,0,0,0,0,0,256,256,512,512,1024,299,99760,0,27846,14231,32063,0,41,20,0
48253935278600,1381,2048,8192,16384,9910,512,4096,8192,1376,4096,8192,16384,1106,4096,16384,16384,284,8192,8192,8192,20,2048,8192,8192,275,512,4096,8192,1103,1024,4096,8192,194,0,0,0,0,64,65536,262144,14398,524288,524288,1048576,41,262144,262144,262144,41,262144,524288,524288,41,256,512,1024,41,64,16384,65536,41,64,256,512,1638,128,512,4096,1638,64,512,4096,89190,64,256,4096,9954,64,256,512,1346,64,512,4096,2628,256,1024,4096,1041,128,512,512,1032,64,256,4096,14256,64,256,4096,1647,64,256,512,291,64,256,512,153,128,512,4096,180,0,0,0,0,0,0,0,0,0,0,0,0,0,0,0,0,64,128,128,21,64,64,128,21,10.73,8.18,2.56,0,20,18,275,30,36,0,0,0,0,0,0,0,2097152,2097152,2097152,2097152,2097152,3,2097152,2097152,2097152,2097152,4194304,5,2097152,4194304,8388608,8388608,8388608,215,131072,2097152,2097152,2097152,4194304,20,2097152,4194304,4194304,4194304,8388608,29,0,0,0,0,0,0,0,0,0,0,0,0,256,256,512,512,1024,272,2097152,4194304,8388608,8388608,8388608,272,0,0,0,0,0,0,256,512,512,1024,1024,272,99867,0,28103,14275,31528,0,41,21,0
48254956928000,1340,2048,8192,16384,9898,512,4096,8192,1373,4096,8192,16384,1099,4096,8192,16384,298,8192,8192,8192,17,2048,8192,8192,276,512,4096,8192,1091,1024,4096,8192,179,0,0,0,1,64,65536,131072,14359,524288,524288,1048576,41,262144,262144,524288,41,262144,524288,524288,41,256,512,1024,41,128,128,256,41,64,512,4096,2038,64,512,1024,2407,64,512,4096,89082,64,512,4096,9891,64,256,512,1481,64,512,2048,2682,256,1024,4096,1125,128,512,512,1125,64,256,2048,15219,64,256,2048,1539,64,256,512,411,64,256,512,162,128,512,4096,153,128,256,256,9,0,0,0,0,0,0,0,0,0,0,0,0,64,128,128,20,64,128,128,20,13.01,9.95,3.06,0,17,10,276,43,40,41,0,0,0,0,0,0,2097152,2097152,2097152,2097152,4194304,13,2097152,2097152,2097152,2097152,4194304,10,2097152,4194304,4194304,8388608,8388608,210,131072,2097152,2097152,2097152,2097152,28,2097152,4194304,4194304,4194304,4194304,18,0,0,0,0,0,0,0,0,0,0,0,0,256,256,512,512,512,279,2097152,4194304,4194304,8388608,8388608,279,0,0,0,0,0,0,256,512,512,512,512,279,100015,0,27496,14289,31154,0,41,20,0
48255977810100,1373,2048,8192,16384,9825,512,4096,8192,1336,4096,8192,16384,1095,4096,16384,16384,258,8192,16384,16384,19,2048,8192,8192,313,512,4096,8192,1123,1024,4096,8192,170,0,0,0,0,64,65536,131072,14249,524288,524288,524288,40,262144,262144,262144,40,262144,524288,524288,40,256,512,1024,40,64,128,16384,40,64,256,4096,1872,64,512,4096,1575,64,512,4096,88425,64,512,4096,9855,64,256,512,1475,64,512,1024,2205,256,512,2048,1095,128,512,512,1131,64,256,2048,13563,64,256,512,1341,64,256,512,372,64,256,512,171,128,512,4096,171,0,0,0,0,0,0,0,0,0,0,0,0,0,0,0,0,64,128,128,20,64,65536,65536,20,11.99,9.05,2.93,0,19,8,313,43,25,0,262144,524288,524288,524288,524288,33,2097152,2097152,2097152,2097152,2097152,6,2097152,2097152,2097152,2097152,2097152,9,2097152,2097152,4194304,4194304,4194304,234,131072,2097152,2097152,2097152,4194304,19,131072,2097152,2097152,2097152,2097152,29,0,0,0,0,0,0,0,0,0,0,0,0,256,256,512,512,512,330,2097152,2097152,4194304,4194304,4194304,330,128,256,256,256,256,33,256,512,512,512,512,297,100093,0,27691,14134,32344,0,40,20,0
48256997571900,1392,2048,8192,16384,9862,512,4096,8192,1386,4096,8192,16384,1110,4096,8192,16384,284,8192,8192,8192,6,2048,8192,16384,279,512,4096,8192,1114,1024,8192,16384,194,0,0,0,1,64,65536,262144,14324,524288,1048576,1048576,41,262144,262144,262144,41,262144,524288,524288,41,256,512,512,41,128,2048,32768,41,64,512,2048,2016,64,512,4096,1845,64,512,4096,88758,64,512,4096,9990,64,256,512,1269,64,512,2048,2511,256,1024,4096,1119,128,512,4096,1128,64,256,4096,15597,64,256,2048,1548,64,256,4096,339,64,256,512,81,64,256,512,54,128,256,256,9,1024,2048,2048,33,1024,2048,2048,22,64,64,64,55,64,128,128,21,64,32768,65536,21,13.03,9.71,3.32,22,6,5,279,34,43,0,262144,524288,524288,524288,524288,19,2097152,2097152,2097152,2097152,2097152,14,2097152,2097152,2097152,2097152,2097152,9,2097152,2097152,4194304,4194304,4194304,212,131072,2097152,2097152,2097152,4194304,34,2097152,2097152,2097152,2097152,2097152,32,0,0,0,0,0,0,0,0,0,0,0,0,256,256,256,512,512,320,2097152,2097152,4194304,4194304,4194304,320,128,256,256,256,256,19,256,512,512,512,1024,301,100162,0,28169,14284,32512,0,41,21,0
48258016521400,1392,2048,8192,16384,10084,512,4096,8192,1407,4096,8192,16384,1142,4096,16384,16384,297,8192,8192,8192,18,2048,8192,8192,277,512,4096,8192,1149,1024,8192,16384,193,0,0,0,0,64,65536,131072,14709,524288,1048576,1048576,41,262144,262144,524288,41,262144,524288,524288,41,256,512,512,41,64,8192,32768,41,64,512,4096,1682,64,512,4096,1682,64,512,4096,90756,64,512,2048,10278,64,256,512,1526,64,512,1024,2682,256,1024,4096,1044,128,512,4096,1125,64,256,4096,15993,64,256,2048,1431,64,256,4096,444,64,256,512,171,128,512,4096,162,0,0,0,0,1024,1024,1024,8,1024,2048,2048,19,64,64,64,27,64,128,128,20,64,64,64,20,11.75,8.69,3.07,19,18,4,277,33,32,0,0,0,0,0,0,0,2097152,2097152,2097152,2097152,2097152,14,2097152,2097152,2097152,2097152,4194304,12,2097152,2097152,4194304,4194304,4194304,220,131072,2097152,2097152,2097152,2097152,30,131072,2097152,2097152,2097152,2097152,32,0,0,0,0,0,0,0,0,0,0,0,0,256,256,256,512,512,308,2097152,2097152,4194304,4194304,4194304,308,0,0,0,0,0,0,256,512,512,512,1024,308,100237,0,28215,14599,32431,0,41,20,0
48259037756700,1392,2048,8192,16384,9934,512,4096,8192,1403,4096,8192,16384,1108,4096,16384,16384,290,8192,8192,8192,16,2048,8192,8192,281,512,4096,8192,1084,1024,4096,8192,187,0,0,0,1,64,65536,131072,14436,524288,524288,1048576,41,262144,262144,524288,41,262144,524288,524288,41,512,1024,1024,41,64,128,8192,41,64,512,4096,2024,64,512,2048,2024,64,512,4096,89406,64,256,1024,9972,64,256,512,1579,64,512,4096,2556,256,1024,4096,1185,128,512,1024,1311,64,256,4096,14697,64,256,512,1485,64,256,4096,354,64,256,256,189,128,512,4096,144,64,256,256,9,0,0,0,0,0,0,0,0,0,0,0,0,64,128,128,21,64,64,128,21,10.97,9.69,1.28,0,16,0,281,32,44,0,0,0,0,0,0,0,2097152,2097152,2097152,2097152,2097152,3,2097152,2097152,2097152,2097152,4194304,10,2097152,2097152,4194304,8388608,16777216,202,2097152,2097152,2097152,2097152,2097152,37,131072,2097152,2097152,2097152,4194304,30,0,0,0,0,0,0,0,0,0,0,0,0,256,256,512,512,512,282,2097152,2097152,4194304,8388608,16777216,282,0,0,0,0,0,0,256,512,512,512,512,282,100328,0,28248,14329,32117,0,41,21,0
48260056473700,1392,2048,8192,16384,10129,512,4096,8192,1393,4096,8192,16384,1123,4096,16384,16384,255,8192,8192,8192,19,2048,8192,8192,285,512,4096,8192,1154,1024,8192,8192,216,0,0,0,0,64,65536,262144,14692,524288,1048576,1048576,41,262144,262144,524288,41,262144,524288,524288,41,256,1024,1024,41,64,16384,32768,41,64,512,4096,1703,128,512,4096,1703,64,512,4096,91161,64,256,4096,10107,64,256,512,1228,64,512,2048,2322,256,1024,4096,1253,128,512,2048,1082,64,256,4096,13842,64,256,512,1431,64,256,512,399,64,256,256,99,128,256,4096,171,0,0,0,0,0,0,0,0,0,0,0,0,0,0,0,0,64,128,128,20,64,128,128,20,11.63,9.84,1.79,0,19,0,285,25,33,0,0,0,0,0,0,0,2097152,4194304,4194304,4194304,4194304,9,2097152,2097152,2097152,2097152,2097152,10,2097152,2097152,4194304,4194304,4194304,230,131072,2097152,2097152,2097152,2097152,30,131072,2097152,2097152,2097152,2097152,25,0,0,0,0,0,0,0,0,0,0,0,0,256,256,512,512,4096,304,2097152,2097152,4194304,4194304,4194304,304,0,0,0,0,0,0,256,512,512,1024,1024,304,100386,0,27969,14592,32468,0,41,20,0
48261077973400,1392,2048,8192,16384,10023,512,4096,8192,1391,4096,8192,16384,1102,4096,8192,16384,265,8192,16384,16384,11,2048,8192,8192,279,512,4096,8192,1099,1024,4096,8192,187,0,0,0,0,64,65536,262144,14479,524288,1048576,1048576,40,262144,262144,262144,40,262144,524288,524288,40,512,512,1024,40,64,128,128,41,64,512,4096,1761,64,512,4096,1761,64,512,4096,90207,64,512,4096,9918,64,256,512,1233,64,256,1024,2430,256,1024,4096,1098,128,512,4096,1062,64,256,4096,13995,64,256,2048,1305,64,256,512,285,64,256,512,135,128,512,4096,99,0,0,0,0,0,0,0,0,0,0,0,0,0,0,0,0,64,128,128,21,64,128,128,21,12.50,9.82,2.68,0,11,1,279,36,33,0,0,0,0,0,0,0,2097152,2097152,2097152,2097152,2097152,16,2097152,2097152,2097152,2097152,2097152,12,2097152,2097152,4194304,4194304,4194304,213,131072,2097152,2097152,2097152,2097152,32,131072,2097152,2097152,2097152,4194304,26,0,0,0,0,0,0,0,0,0,0,0,0,256,256,512,512,512,299,2097152,2097152,4194304,4194304,4194304,299,0,0,0,0,0,0,256,256,512,512,512,299,100447,0,27909,14397,32094,0,40,21,0
48262097147000,1392,2048,8192,16384,10012,512,4096,8192,1392,4096,8192,16384,1150,4096,16384,16384,302,8192,8192,8192,15,2048,8192,8192,282,512,4096,8192,1110,1024,8192,8192,174,0,0,0,1,64,65536,131072,14549,524288,1048576,1048576,41,262144,262144,524288,41,262144,524288,524288,41,256,512,512,41,64,128,256,40,128,512,4096,1529,128,512,4096,1529,64,512,4096,90108,64,256,4096,10350,64,256,512,1490,64,256,512,2592,256,512,4096,1182,128,512,4096,1110,64,256,4096,14967,64,256,2048,1404,64,256,512,294,64,256,256,108,64,2048,4096,135,64,256,256,9,0,0,0,0,0,0,0,0,0,0,0,0,64,128,128,20,64,128,128,20,9.96,8.05,1.92,0,15,0,282,35,28,0,0,0,0,0,0,0,2097152,2097152,2097152,2097152,4194304,9,2097152,4194304,4194304,4194304,4194304,15,2097152,4194304,4194304,8388608,8388608,203,131072,2097152,2097152,2097152,4194304,22,131072,2097152,2097152,2097152,4194304,25,0,0,0,0,0,0,0,0,0,0,0,0,256,256,512,512,512,274,2097152,4194304,4194304,8388608,8388608,274,0,0,0,0,0,0,256,256,512,512,1024,274,100533,0,28537,14439,32099,11,41,20,0
48263120383000,1392,2048,8192,16384,10138,512,4096,8192,1391,4096,8192,16384,1143,4096,16384,16384,272,8192,16384,16384,11,2048,8192,16384,292,512,4096,8192,1163,1024,4096,8192,181,0,0,0,1,64,65536,131072,14704,524288,1048576,1048576,41,262144,262144,262144,41,262144,524288,524288,41,256,512,512,41,128,8192,65536,41,64,256,1024,1579,128,512,1024,1579,64,512,4096,91242,64,256,4096,10287,64,256,512,1371,64,512,1024,2484,256,1024,4096,1143,128,512,4096,1017,64,256,4096,14787,64,256,1024,1602,64,256,512,330,128,256,512,90,128,512,4096,99,64,512,512,9,0,0,0,0,0,0,0,0,0,0,0,0,64,128,128,20,64,128,128,20,13.36,10.31,3.05,0,11,0,292,32,38,0,0,0,0,0,0,0,2097152,2097152,2097152,2097152,2097152,9,2097152,2097152,2097152,2097152,2097152,10,2097152,2097152,4194304,4194304,4194304,228,131072,2097152,2097152,2097152,2097152,21,2097152,2097152,2097152,2097152,2097152,22,0,0,0,0,0,0,0,0,0,0,0,0,256,256,512,512,512,290,2097152,2097152,4194304,4194304,4194304,290,0,0,0,0,0,0,256,512,512,1024,1024,290,100616,0,28152,14579,32550,0,41,20,0
48264137308600,1392,2048,8192,16384,9918,512,4096,8192,1392,4096,8192,16384,1110,4096,8192,16384,300,8192,8192,8192,10,2048,8192,16384,285,512,4096,8192,1114,1024,4096,8192,201,0,0,0,1,64,65536,131072,14441,524288,1048576,1048576,41,262144,262144,262144,41,262144,524288,524288,41,256,512,512,41,64,128,256,41,64,512,4096,1813,64,512,4096,1813,64,512,4096,89262,64,256,1024,9990,64,256,512,1570,64,256,4096,2727,256,1024,2048,1127,128,512,4096,1136,64,256,4096,15606,64,256,4096,1449,64,256,512,297,64,256,4096,135,128,256,512,90,128,256,256,9,0,0,0,0,0,0,0,0,0,0,0,0,64,128,128,21,64,128,128,21,11.39,9.98,1.41,0,10,0,285,33,29,0,0,0,0,0,0,0,2097152,2097152,2097152,2097152,2097152,3,2097152,2097152,2097152,2097152,4194304,14,2097152,2097152,4194304,4194304,8388608,221,2097152,2097152,2097152,2097152,2097152,31,131072,2097152,2097152,2097152,2097152,33,0,0,0,0,0,0,0,0,0,0,0,0,256,256,512,512,512,302,2097152,2097152,4194304,4194304,8388608,302,0,0,0,0,0,0,256,512,512,1024,1024,302,100671,0,28331,14330,32326,0,41,21,0
48265158722900,1351,2048,8192,16384,9919,512,4096,8192,1367,4096,8192,16384,1108,4096,16384,16384,280,8192,16384,16384,19,2048,8192,8192,281,512,4096,8192,1133,1024,4096,8192,163,0,0,0,1,64,65536,131072,14380,524288,1048576,1048576,41,262144,262144,262144,41,262144,524288,524288,41,256,1024,1024,41,128,128,128,41,128,512,4096,1609,64,512,4096,1978,64,512,4096,89271,64,512,4096,9972,64,256,512,1545,64,256,1024,2367,256,512,1024,1161,128,512,1024,1179,64,256,4096,15795,64,256,1024,1611,64,256,512,309,64,256,512,162,128,2048,4096,171,128,256,256,9,0,0,0,0,0,0,0,0,0,0,0,0,64,128,128,20,64,128,128,20,12.50,9.18,3.32,0,19,0,281,20,30,41,0,0,0,0,0,0,2097152,4194304,4194304,4194304,4194304,19,2097152,4194304,4194304,4194304,4194304,9,2097152,2097152,4194304,4194304,4194304,215,131072,2097152,2097152,2097152,2097152,30,2097152,2097152,2097152,2097152,2097152,18,0,0,0,0,0,0,0,0,0,0,0,0,256,256,512,512,512,291,2097152,2097152,4194304,4194304,4194304,291,0,0,0,0,0,0,256,512,512,512,512,291,100771,0,28533,14329,31844,0,41,20,0
48266179618300,1351,2048,8192,16384,9654,512,4096,8192,1452,4096,8192,16384,1051,4096,8192,16384,256,8192,16384,16384,16,2048,8192,8192,268,512,4096,8192,1043,1024,4096,8192,179,0,0,0,0,64,65536,131072,14048,524288,1048576,1048576,41,262144,262144,262144,41,262144,524288,524288,41,512,512,1024,41,64,128,16384,41,64,512,1024,1656,64,512,4096,1656,64,512,4096,86890,64,512,1024,9459,64,256,512,1423,64,512,1024,2439,256,1024,4096,1161,128,512,512,1179,64,256,4096,15165,64,256,512,1683,0,256,4096,291,64,256,512,135,128,512,4096,144,0,0,0,0,0,0,0,0,0,0,0,0,0,0,0,0,64,128,128,21,64,64,128,21,11.10,9.31,1.79,0,16,0,268,39,38,0,0,0,0,0,0,0,2097152,2097152,2097152,2097152,2097152,12,2097152,2097152,2097152,2097152,2097152,9,2097152,2097152,4194304,4194304,4194304,217,131072,2097152,2097152,2097152,2097152,22,2097152,2097152,2097152,2097152,2097152,23,0,0,0,0,0,0,0,0,0,0,0,0,256,256,512,512,512,283,2097152,2097152,4194304,4194304,4194304,283,0,0,0,0,0,0,256,512,512,1024,1024,283,100849,0,27690,13941,31909,0,41,21,0
48267200298100,1351,2048,8192,16384,9857,512,4096,8192,1504,4096,8192,16384,1119,4096,16384,16384,289,8192,16384,16384,15,2048,8192,8192,277,512,4096,8192,1103,1024,4096,8192,206,0,0,0,1,64,65536,131072,14487,524288,1048576,1048576,40,262144,262144,262144,40,262144,524288,524288,40,512,1024,1024,40,128,128,4096,40,64,512,4096,1882,128,512,1024,1882,64,512,4096,88709,64,512,4096,10071,64,256,512,1504,64,512,4096,2511,256,1024,2048,1143,128,512,1024,1170,64,256,4096,14166,64,256,2048,1476,64,256,512,387,64,256,256,117,128,512,4096,135,256,256,256,9,1024,2048,2048,41,1024,2048,2048,37,64,64,128,78,64,128,128,20,64,128,128,20,14.17,9.83,4.34,37,15,1,277,18,26,0,0,0,0,0,0,0,2097152,2097152,2097152,2097152,2097152,4,2097152,2097152,2097152,2097152,4194304,16,2097152,2097152,4194304,8388608,8388608,215,131072,2097152,2097152,2097152,2097152,29,131072,2097152,2097152,2097152,4194304,25,0,0,0,0,0,0,0,0,0,0,0,0,256,256,512,512,512,289,2097152,2097152,4194304,8388608,8388608,289,0,0,0,0,0,0,256,512,512,1024,1024,289,100934,0,28086,14439,32003,0,40,20,0
48268218915200,1351,2048,8192,16384,9577,512,4096,8192,1423,4096,8192,16384,1071,4096,8192,16384,270,8192,8192,8192,12,2048,8192,8192,275,512,4096,8192,1107,1024,4096,8192,185,0,0,0,1,64,65536,131072,14032,524288,524288,524288,41,262144,262144,262144,41,262144,524288,524288,41,256,512,512,41,128,32768,65536,41,64,512,4096,1947,64,512,1024,1947,64,512,4096,86193,64,256,1024,9639,64,256,512,1328,64,512,1024,2403,256,1024,4096,1193,128,512,4096,1166,64,256,4096,14742,64,256,4096,1386,64,256,4096,318,64,256,512,99,128,256,4096,108,0,256,256,9,0,0,0,0,1024,1024,1024,4,64,64,64,4,64,128,128,20,64,128,128,20,14.69,10.99,3.70,4,12,0,275,29,36,0,0,0,0,0,0,0,2097152,2097152,2097152,2097152,4194304,11,2097152,2097152,2097152,2097152,2097152,8,2097152,2097152,4194304,4194304,4194304,166,131072,2097152,2097152,2097152,2097152,26,131072,2097152,2097152,2097152,4194304,34,2097152,2097152,2097152,2097152,4194304,52,0,0,0,0,0,0,256,256,256,512,512,297,2097152,2097152,4194304,4194304,4194304,297,0,0,0,0,0,0,256,512,512,1024,1024,297,100993,0,27208,13892,31635,0,41,20,0
48269240352800,1351,2048,8192,16384,9816,512,4096,8192,1326,4096,8192,16384,1078,4096,8192,16384,283,8192,16384,16384,14,2048,8192,8192,286,512,4096,8192,1051,1024,4096,8192,184,0,0,0,0,64,65536,262144,14137,524288,1048576,1048576,41,262144,262144,262144,41,262144,524288,524288,41,256,512,512,41,128,512,4096,41,64,512,4096,1808,128,512,4096,1808,64,512,4096,88344,64,256,1024,9702,64,256,512,1533,64,512,1024,2448,256,512,1024,1268,128,512,512,1214,64,256,2048,14301,64,256,4096,1521,64,256,2048,420,64,512,512,117,128,512,4096,126,0,0,0,0,0,0,0,0,0,0,0,0,0,0,0,0,64,128,128,21,64,64,64,21,10.46,8.16,2.30,0,14,6,286,35,36,0,0,0,0,0,0,0,2097152,2097152,2097152,2097152,4194304,6,2097152,2097152,2097152,2097152,2097152,9,2097152,2097152,4194304,4194304,4194304,217,2097152,2097152,2097152,2097152,4194304,30,131072,2097152,4194304,4194304,4194304,24,0,0,0,0,0,0,0,0,0,0,0,0,256,256,512,512,512,286,2097152,2097152,4194304,4194304,4194304,286,0,0,0,0,0,0,256,512,512,512,2048,286,101084,0,27747,14030,31672,0,41,21,0
48270260793700,1351,2048,8192,16384,9780,512,4096,8192,1380,4096,8192,16384,1098,4096,8192,16384,279,8192,8192,8192,15,2048,8192,8192,267,512,4096,8192,1114,1024,4096,8192,180,0,0,0,0,64,65536,262144,14230,524288,524288,1048576,41,262144,262144,262144,41,262144,524288,524288,41,256,512,1024,41,64,128,32768,41,64,512,4096,1803,64,512,4096,1803,64,512,4096,88020,64,256,4096,9882,64,256,512,1408,64,512,512,2493,256,1024,4096,1110,128,256,512,1191,64,256,2048,15201,64,256,2048,1404,64,256,4096,309,64,256,256,135,128,256,512,135,0,0,0,0,0,0,0,0,0,0,0,0,0,0,0,0,64,128,128,20,64,128,128,20,10.85,9.32,1.53,0,15,6,267,30,23,0,0,0,0,0,0,0,2097152,2097152,2097152,2097152,4194304,11,2097152,2097152,2097152,2097152,2097152,5,2097152,4194304,8388608,8388608,8388608,218,131072,2097152,2097152,2097152,4194304,28,131072,2097152,2097152,2097152,2097152,23,0,0,0,0,0,0,0,0,0,0,0,0,256,256,512,512,512,285,2097152,4194304,8388608,8388608,8388608,285,0,0,0,0,0,0,256,512,512,512,1024,285,101140,0,27526,14109,31764,0,41,20,0
48271281272800,1351,2048,8192,16384,9713,512,4096,8192,1349,4096,8192,16384,1099,4096,8192,16384,281,8192,8192,8192,9,2048,8192,8192,279,512,4096,8192,1067,1024,4096,8192,168,0,0,0,1,64,65536,262144,14061,524288,1048576,1048576,41,262144,262144,262144,41,262144,524288,524288,41,256,512,512,41,64,128,4096,41,64,512,4096,1673,64,512,4096,1673,64,512,4096,87417,64,512,2048,9891,64,256,512,1549,64,512,2048,2340,256,1024,4096,1083,128,512,1024,1155,64,256,4096,14850,64,256,4096,1494,64,256,512,333,64,256,512,108,128,512,512,81,64,128,128,9,0,0,0,0,0,0,0,0,0,0,0,0,64,128,128,21,0,128,128,21,12.63,9.70,2.93,0,9,7,279,32,37,0,0,0,0,0,0,0,2097152,2097152,2097152,2097152,2097152,13,2097152,2097152,2097152,2097152,2097152,6,2097152,2097152,4194304,4194304,4194304,222,262144,2097152,2097152,2097152,4194304,22,2097152,2097152,2097152,2097152,2097152,23,0,0,0,0,0,0,0,0,0,0,0,0,256,256,512,512,512,286,2097152,2097152,4194304,4194304,4194304,286,0,0,0,0,0,0,256,512,512,512,512,286,101218,0,27485,13935,31785,0,41,21,0
48272300219200,1373,2048,8192,16384,9840,512,4096,8192,1360,4096,8192,16384,1095,4096,16384,16384,274,8192,8192,8192,15,2048,8192,8192,296,512,4096,8192,1126,1024,4096,8192,192,0,0,0,1,64,65536,131072,14337,524288,524288,1048576,40,262144,262144,262144,40,262144,524288,524288,40,512,1024,1024,40,64,128,128,40,64,256,512,1935,64,512,1024,1737,64,512,4096,88560,64,256,2048,9855,64,256,512,1537,64,512,4096,2403,256,512,2048,1074,128,512,512,1119,64,256,4096,14112,64,256,2048,1359,64,256,4096,393,64,256,4096,126,64,512,4096,135,256,512,512,9,0,0,0,0,0,0,0,0,0,0,0,0,64,128,128,20,64,32768,32768,20,11.37,8.69,2.68,0,15,14,296,27,30,0,262144,262144,524288,524288,524288,22,2097152,4194304,4194304,4194304,8388608,8,2097152,2097152,2097152,2097152,2097152,3,2097152,2097152,4194304,4194304,4194304,230,131072,2097152,2097152,2097152,2097152,26,2097152,2097152,2097152,2097152,4194304,24,0,0,0,0,0,0,0,0,0,0,0,0,256,256,512,512,512,313,2097152,2097152,4194304,4194304,8388608,313,128,256,256,256,256,22,256,512,512,512,1024,291,101287,0,28102,14210,32377,0,40,20,0
48273321489700,1403,2048,8192,16384,10080,512,4096,8192,1399,4096,8192,16384,1127,4096,16384,16384,277,8192,8192,8192,10,2048,8192,16384,274,512,4096,8192,1129,1024,8192,8192,177,0,0,0,0,64,65536,131072,14578,524288,524288,524288,41,262144,262144,262144,41,262144,524288,524288,41,512,1024,1024,41,64,128,2048,41,64,512,4096,2224,64,512,4096,1954,64,512,4096,90720,64,256,4096,10143,64,256,512,1368,64,512,4096,2511,256,1024,4096,1062,128,512,4096,1071,64,256,4096,14238,64,256,2048,1269,64,512,4096,279,64,256,512,81,64,256,4096,90,0,0,0,0,0,0,0,0,0,0,0,0,0,0,0,0,64,128,128,20,64,65536,65536,20,12.37,9.69,2.68,0,10,23,274,34,34,0,262144,262144,262144,262144,262144,30,2097152,2097152,2097152,2097152,2097152,15,2097152,2097152,2097152,2097152,2097152,4,2097152,2097152,4194304,4194304,4194304,215,131072,2097152,2097152,2097152,2097152,38,2097152,2097152,2097152,2097152,2097152,31,0,0,0,0,0,0,0,0,0,0,0,0,256,256,512,512,512,333,2097152,2097152,4194304,4194304,4194304,333,128,256,256,256,256,30,256,256,512,512,512,303,101329,0,28232,14486,32523,0,41,20,0
48274342109700,1403,2048,8192,16384,10141,512,4096,8192,1402,4096,8192,16384,1130,4096,16384,16384,303,8192,16384,16384,13,2048,8192,8192,291,512,4096,8192,1127,1024,4096,8192,200,0,0,0,0,128,65536,131072,14722,524288,1048576,1048576,41,262144,262144,262144,41,262144,524288,524288,41,512,1024,1024,41,128,2048,2048,41,64,512,4096,1769,64,512,4096,1769,64,512,4096,91274,64,512,4096,10170,64,256,512,1451,64,512,1024,2754,256,1024,4096,1062,128,512,4096,1080,64,256,4096,14148,64,256,2048,1512,64,256,4096,324,64,256,4096,162,128,512,4096,117,0,0,0,0,0,0,0,0,0,0,0,0,0,0,0,0,64,128,128,21,64,128,128,21,14.80,10.59,4.21,0,13,21,291,29,22,0,0,0,0,0,0,0,2097152,2097152,2097152,2097152,2097152,3,2097152,2097152,2097152,2097152,2097152,3,2097152,4194304,4194304,8388608,8388608,220,131072,2097152,2097152,2097152,2097152,23,2097152,2097152,2097152,2097152,4194304,30,0,0,0,0,0,0,0,0,0,0,0,0,256,256,512,512,512,279,2097152,4194304,4194304,8388608,8388608,279,0,0,0,0,0,0,256,512,512,512,1024,279,101426,0,28841,14599,32226,0,41,21,0
48275362269200,1361,2048,8192,16384,9888,512,4096,8192,1374,4096,8192,16384,1142,4096,16384,16384,276,8192,16384,16384,16,2048,8192,16384,287,512,4096,8192,1119,1024,4096,8192,211,0,0,0,1,64,65536,262144,14437,524288,1048576,1048576,41,262144,262144,262144,41,262144,524288,524288,41,512,1024,1024,41,64,128,65536,41,128,512,4096,1726,64,512,1024,2104,64,512,4096,88987,64,512,1024,10278,64,256,512,1348,64,512,4096,2646,256,1024,4096,1161,128,512,512,1116,64,256,4096,14373,64,256,2048,1386,64,256,512,351,64,256,512,108,128,512,4096,144,0,256,256,9,0,0,0,0,0,0,0,0,0,0,0,0,64,128,128,20,64,128,128,20,12.12,9.06,3.06,0,16,21,287,33,33,42,0,0,0,0,0,0,2097152,2097152,2097152,2097152,2097152,11,2097152,2097152,2097152,2097152,2097152,4,2097152,2097152,4194304,4194304,4194304,216,2097152,2097152,2097152,2097152,2097152,21,2097152,2097152,4194304,4194304,4194304,34,0,0,0,0,0,0,0,0,0,0,0,0,256,512,512,512,512,286,2097152,2097152,4194304,4194304,4194304,286,0,0,0,0,0,0,256,512,1024,1024,1024,286,101572,0,28056,14360,31794,0,41,20,0
48276382283200,1361,2048,8192,16384,9792,512,4096,8192,1359,4096,8192,16384,1063,4096,8192,16384,261,8192,8192,16384,21,2048,8192,8192,263,512,4096,8192,1114,1024,4096,8192,205,0,0,0,1,64,65536,131072,14199,524288,524288,1048576,41,262144,262144,262144,41,262144,524288,524288,41,512,512,1024,41,128,128,8192,41,64,512,4096,1677,128,512,4096,1677,64,512,4096,88128,64,256,2048,9567,64,256,512,1446,64,256,4096,2322,256,1024,4096,1086,128,256,512,1095,64,256,4096,13950,64,256,512,1224,64,256,2048,504,64,256,1024,180,128,512,4096,189,64,256,256,9,0,0,0,0,0,0,0,0,0,0,0,0,64,128,128,21,64,128,128,21,11.61,9.44,2.17,0,21,25,263,40,28,0,0,0,0,0,0,0,2097152,2097152,2097152,2097152,4194304,19,0,0,0,0,2097152,1,2097152,2097152,4194304,4194304,4194304,224,131072,2097152,2097152,2097152,2097152,35,131072,2097152,2097152,2097152,2097152,26,0,0,0,0,0,0,0,0,0,0,0,0,256,256,512,512,512,305,2097152,2097152,4194304,4194304,4194304,305,0,0,0,0,0,0,256,512,512,512,512,305,101644,0,27082,14085,31300,0,41,21,0
48277403154300,1361,2048,8192,16384,9851,512,4096,8192,1362,4096,8192,16384,1087,4096,16384,16384,268,8192,8192,8192,16,2048,8192,8192,300,512,4096,8192,1068,1024,4096,8192,178,0,0,0,0,64,65536,131072,14245,524288,1048576,1048576,40,262144,262144,262144,40,262144,524288,524288,40,256,1024,1024,40,64,8192,32768,41,64,256,512,1722,64,512,2048,1722,64,512,4096,88659,64,512,1024,9783,64,256,512,1342,64,512,1024,2457,256,512,4096,1152,128,512,512,1188,64,256,4096,14409,64,256,512,1395,64,256,512,333,64,256,4096,162,128,512,1024,144,0,0,0,0,1024,2048,2048,42,1024,2048,2048,42,64,64,64,84,64,128,128,20,64,128,128,20,12.24,10.33,1.91,42,16,23,300,27,31,0,0,0,0,0,0,0,0,0,0,0,2097152,1,2097152,2097152,2097152,2097152,2097152,2,2097152,4194304,4194304,8388608,8388608,214,131072,4194304,4194304,4194304,4194304,31,2097152,2097152,4194304,4194304,4194304,27,0,0,0,0,0,0,0,0,0,0,0,0,256,256,512,512,2048,275,2097152,4194304,4194304,8388608,8388608,275,0,0,0,0,0,0,256,512,512,512,512,275,101808,0,27627,14223,32084,0,40,20,0
48278420883400,1361,2048,8192,16384,9776,512,4096,8192,1360,4096,8192,16384,1098,4096,16384,16384,299,8192,16384,16384,12,2048,8192,8192,264,512,4096,8192,1100,1024,4096,8192,153,0,0,0,0,64,65536,131072,14168,524288,1048576,1048576,41,262144,262144,262144,41,262144,524288,524288,41,256,512,1024,41,64,128,32768,40,64,512,4096,1748,64,512,4096,1748,64,512,4096,87984,64,256,4096,9882,64,256,512,1536,64,512,4096,2466,256,512,2048,1302,128,256,512,1266,64,256,4096,14130,64,256,4096,1296,64,256,512,336,64,256,256,135,128,256,512,108,0,0,0,0,0,0,0,0,0,0,0,0,0,0,0,0,64,128,128,20,64,64,64,20,11.26,9.73,1.54,0,12,25,264,30,34,0,0,0,0,0,0,0,2097152,4194304,4194304,4194304,8388608,18,0,0,0,0,2097152,1,2097152,2097152,4194304,8388608,8388608,226,131072,2097152,2097152,2097152,4194304,21,131072,2097152,2097152,2097152,4194304,20,0,0,0,0,0,0,0,0,0,0,0,0,256,256,512,512,512,286,2097152,2097152,8388608,8388608,8388608,286,0,0,0,0,0,0,256,512,512,512,1024,286,101887,0,27907,14079,31607,0,41,20,0
48279442928800,1361,2048,8192,16384,9945,512,4096,8192,1363,4096,8192,16384,1107,4096,16384,16384,274,8192,8192,8192,21,2048,8192,8192,269,512,4096,8192,1108,1024,4096,8192,193,0,0,0,1,64,65536,131072,14404,524288,1048576,1048576,41,262144,262144,524288,41,262144,524288,524288,41,512,1024,1024,41,64,256,8192,41,128,512,4096,1619,128,512,4096,1619,64,512,4096,89505,64,256,4096,9963,64,256,512,1450,64,256,1024,2412,256,1024,1024,1158,128,512,1024,1239,64,256,4096,14958,64,256,2048,1386,64,256,4096,339,64,256,512,216,128,512,4096,189,128,256,256,9,0,0,0,0,0,0,0,0,0,0,0,0,64,128,128,21,64,64,64,21,11.08,8.28,2.80,0,21,33,269,36,33,0,0,0,0,0,0,0,2097152,2097152,2097152,2097152,2097152,11,0,0,0,0,0,0,2097152,2097152,4194304,4194304,4194304,237,131072,2097152,2097152,2097152,2097152,31,131072,2097152,2097152,2097152,2097152,27,0,0,0,0,0,0,0,0,0,0,0,0,256,256,512,512,512,306,2097152,2097152,4194304,4194304,4194304,306,0,0,0,0,0,0,256,512,512,1024,1024,306,101973,0,28115,14283,31885,0,41,21,0
48280462765800,1361,2048,8192,16384,9671,512,4096,8192,1359,4096,8192,16384,1096,4096,16384,16384,283,8192,32768,32768,18,2048,8192,8192,278,512,4096,8192,1081,1024,4096,8192,173,0,0,0,1,64,65536,262144,14071,524288,1048576,1048576,41,262144,262144,524288,41,262144,524288,524288,41,256,512,1024,41,128,128,4096,41,64,512,4096,1737,128,512,1024,1737,64,512,4096,87039,64,256,1024,9864,64,256,512,1456,64,512,4096,2358,256,1024,1024,1142,128,512,512,1052,64,256,4096,14238,64,256,2048,1530,64,256,4096,324,64,256,512,81,128,512,4096,162,128,512,512,9,0,0,0,0,0,0,0,0,0,0,0,0,128,128,128,20,64,64,64,20,13.41,10.09,3.32,0,18,25,278,32,28,0,0,0,0,0,0,0,0,0,0,0,2097152,1,0,0,0,0,0,0,2097152,2097152,4194304,4194304,4194304,247,131072,2097152,2097152,2097152,4194304,23,131072,2097152,2097152,2097152,4194304,24,0,0,0,0,0,0,0,0,0,0,0,0,256,256,512,512,512,295,2097152,2097152,4194304,4194304,4194304,295,0,0,0,0,0,0,256,512,512,512,1024,295,102059,0,27741,13959,31729,0,41,20,0
48281482615700,1361,2048,8192,16384,9864,512,4096,8192,1361,4096,8192,16384,1102,4096,8192,16384,265,8192,16384,16384,10,2048,8192,8192,301,512,4096,8192,1087,1024,4096,8192,174,2048,2048,2048,2,64,65536,131072,14278,524288,1048576,1048576,41,262144,262144,262144,41,262144,524288,524288,41,256,512,512,41,64,128,128,41,64,512,4096,1907,128,512,4096,1907,64,512,4096,88776,64,512,2048,9918,64,256,512,1427,128,512,4096,2421,256,1024,1024,1185,128,512,512,1104,64,256,4096,13716,64,256,4096,1458,64,256,512,365,64,256,512,108,128,512,4096,90,128,256,256,18,0,0,0,0,0,0,0,0,0,0,0,0,64,128,128,21,64,128,128,21,10.08,8.42,1.66,0,10,24,301,26,29,0,0,0,0,0,0,0,2097152,2097152,2097152,2097152,2097152,11,0,0,0,0,0,0,2097152,2097152,4194304,4194304,4194304,214,2097152,2097152,2097152,2097152,2097152,34,2097152,2097152,2097152,2097152,8388608,38,0,0,0,0,0,0,0,0,0,0,0,0,256,256,512,512,512,297,2097152,2097152,4194304,4194304,8388608,297,0,0,0,0,0,0,256,512,1024,1024,1024,297,102152,0,27956,14163,31860,0,41,21,0
48282503103100,1361,2048,8192,16384,9900,512,4096,8192,1367,4096,8192,16384,1091,4096,8192,16384,285,8192,8192,8192,12,2048,8192,8192,290,512,4096,8192,1129,1024,4096,8192,206,0,0,0,0,64,65536,262144,14384,524288,524288,1048576,40,262144,262144,262144,40,262144,524288,524288,40,256,1024,1024,40,64,8192,8192,40,64,512,4096,1520,64,512,1024,1520,64,512,4096,89100,64,256,4096,9819,64,256,512,1580,64,512,1024,2484,256,1024,4096,1134,128,256,1024,1071,64,256,4096,13869,64,256,2048,1386,64,256,4096,408,64,256,256,90,64,512,512,108,0,0,0,0,0,0,0,0,0,0,0,0,0,0,0,0,64,128,128,20,64,128,128,20,9.57,8.68,0.89,0,12,26,290,41,27,0,0,0,0,0,0,0,2097152,2097152,2097152,2097152,2097152,19,0,0,0,0,0,0,2097152,2097152,4194304,8388608,8388608,217,131072,2097152,2097152,2097152,2097152,19,131072,2097152,2097152,2097152,2097152,32,0,0,0,0,0,0,0,0,0,0,0,0,256,256,512,512,512,287,2097152,2097152,4194304,8388608,8388608,287,0,0,0,0,0,0,256,256,512,512,512,287,102261,0,28170,14275,31855,0,40,20,0
48283523971900,1361,2048,8192,16384,9855,512,4096,8192,1360,4096,8192,8192,1074,4096,8192,16384,263,8192,8192,8192,8,2048,8192,8192,264,512,4096,8192,1079,1024,4096,8192,214,0,0,0,0,64,65536,131072,14215,524288,524288,1048576,41,262144,262144,262144,41,262144,524288,524288,41,256,512,512,41,64,128,4096,41,64,512,4096,1535,64,512,4096,1535,64,512,4096,88695,64,256,2048,9666,64,256,512,1497,64,256,1024,2241,256,1024,4096,1005,128,512,4096,1032,64,256,4096,15327,64,256,4096,1566,64,256,4096,306,64,256,512,90,64,256,512,72,0,0,0,0,0,0,0,0,0,0,0,0,0,0,0,0,64,128,128,20,64,128,128,20,12.12,9.32,2.81,0,8,28,264,35,31,0,0,0,0,0,0,0,2097152,2097152,2097152,2097152,2097152,4,0,0,0,0,0,0,2097152,2097152,4194304,4194304,8388608,238,131072,2097152,2097152,2097152,2097152,26,131072,2097152,2097152,2097152,2097152,30,0,0,0,0,0,0,0,0,0,0,0,0,256,256,512,512,512,298,2097152,2097152,4194304,4194304,8388608,298,0,0,0,0,0,0,256,512,512,512,512,298,102329,0,27871,14105,31830,0,41,20,0
48284545419000,1361,2048,8192,16384,9758,512,4096,8192,1362,4096,8192,16384,1132,4096,8192,16384,285,8192,16384,16384,12,2048,8192,8192,262,512,4096,8192,1098,1024,4096,8192,184,0,0,0,0,64,65536,131072,14203,524288,524288,524288,41,262144,262144,262144,41,262144,524288,524288,41,256,512,512,41,128,128,256,41,64,256,4096,1791,64,512,1024,1791,64,512,4096,87822,64,256,1024,10188,64,256,512,1444,64,256,512,2448,256,512,4096,1188,128,512,4096,1134,64,256,2048,15192,64,256,512,1467,64,256,512,294,64,256,256,90,128,512,4096,108,0,0,0,0,0,0,0,0,0,0,0,0,0,0,0,0,64,128,128,21,64,64,64,21,11.99,8.93,3.06,0,12,29,262,35,32,0,0,0,0,0,0,0,2097152,2097152,2097152,2097152,4194304,18,0,0,0,0,0,0,2097152,4194304,4194304,4194304,16777216,159,131072,2097152,2097152,2097152,4194304,27,131072,2097152,2097152,2097152,4194304,24,2097152,4194304,4194304,4194304,4194304,51,0,0,0,0,0,0,256,256,512,512,512,279,2097152,4194304,4194304,4194304,16777216,279,0,0,0,0,0,0,256,512,512,1024,1024,279,102420,0,27608,14076,32454,0,41,21,0
48285565411300,1321,2048,8192,16384,9722,512,4096,8192,1619,4096,8192,16384,1062,4096,8192,16384,272,8192,8192,8192,10,2048,8192,8192,274,512,4096,8192,1074,1024,8192,8192,157,0,0,0,0,64,65536,131072,14294,524288,1048576,1048576,41,262144,262144,262144,41,262144,524288,524288,41,256,512,1024,41,64,128,8192,41,64,512,4096,1638,64,512,4096,1998,64,512,4096,87498,64,256,2048,9558,64,256,512,1511,64,256,4096,2295,256,512,1024,1074,128,512,512,1065,64,256,4096,14850,64,256,512,1530,64,256,4096,273,64,256,512,72,64,256,512,90,0,0,0,0,0,0,0,0,0,0,0,0,0,0,0,0,64,128,128,20,64,128,128,20,14.55,9.06,5.49,0,10,29,274,30,33,40,0,0,0,0,0,0,2097152,2097152,2097152,2097152,2097152,9,0,0,0,0,0,0,2097152,4194304,4194304,4194304,8388608,222,131072,2097152,2097152,2097152,4194304,19,131072,2097152,2097152,2097152,2097152,21,0,0,0,0,0,0,0,0,0,0,0,0,256,256,512,512,512,271,2097152,4194304,4194304,4194304,8388608,271,0,0,0,0,0,0,256,512,512,512,512,271,102565,0,27250,14216,30796,0,41,20,0
48286585298800,1321,2048,8192,16384,9421,512,4096,8192,1136,4096,8192,16384,1034,4096,16384,16384,277,8192,8192,8192,11,2048,8192,8192,282,512,4096,8192,1040,1024,4096,8192,163,0,0,0,1,64,65536,131072,13470,524288,524288,1048576,41,262144,262144,262144,41,262144,524288,524288,41,256,512,512,41,128,128,128,41,64,512,1024,1475,64,512,4096,1475,64,512,4096,84789,64,256,1024,9306,64,256,512,1506,64,512,2048,2214,256,512,1024,1206,128,512,512,1161,64,256,4096,14058,64,256,512,1215,64,256,512,420,64,512,4096,126,128,512,512,99,64,256,256,9,0,0,0,0,0,0,0,0,0,0,0,0,64,128,128,21,64,128,128,21,13.27,9.06,4.21,0,11,27,282,40,31,0,0,0,0,0,0,0,2097152,2097152,2097152,2097152,2097152,7,0,0,0,0,0,0,2097152,2097152,4194304,4194304,4194304,245,131072,2097152,2097152,2097152,4194304,21,131072,2097152,2097152,2097152,4194304,29,0,0,0,0,0,0,0,0,0,0,0,0,256,256,512,512,512,302,2097152,2097152,4194304,4194304,4194304,302,0,0,0,0,0,0,256,256,512,1024,1024,302,102654,0,26837,13370,30838,0,41,21,0
48287606380700,1337,2048,8192,16384,9634,512,4096,8192,1456,4096,8192,16384,1090,4096,16384,16384,267,8192,8192,8192,11,2048,8192,8192,290,512,4096,8192,1069,1024,4096,8192,188,2048,2048,2048,2,64,65536,131072,14092,524288,524288,1048576,41,262144,262144,262144,41,262144,524288,524288,41,256,512,512,41,64,256,32768,41,64,512,2048,1880,128,512,512,1736,64,512,4096,86706,64,512,4096,9810,64,256,512,1307,64,512,1024,2142,256,1024,4096,1253,128,512,1024,1163,64,256,4096,13608,64,256,1024,1332,64,256,1024,327,64,256,512,90,64,512,4096,99,64,512,512,18,1024,2048,2048,40,1024,2048,2048,40,64,64,128,80,64,128,128,20,64,32768,32768,20,12.64,9.44,3.19,40,11,21,290,40,37,0,262144,262144,262144,262144,524288,16,2097152,2097152,2097152,2097152,2097152,13,0,0,0,0,0,0,2097152,2097152,4194304,4194304,8388608,221,2097152,2097152,2097152,2097152,2097152,34,2097152,2097152,2097152,2097152,4194304,22,0,0,0,0,0,0,0,0,0,0,0,0,256,256,512,512,512,306,2097152,2097152,4194304,4194304,8388608,306,128,256,256,256,256,16,256,512,512,512,1024,290,102787,0,27458,14052,31447,0,41,20,0
48288625368300,1372,2048,8192,16384,9795,512,4096,8192,1350,4096,8192,16384,1071,4096,8192,16384,303,8192,8192,8192,14,2048,8192,8192,251,512,4096,8192,1124,1024,8192,8192,182,2048,2048,2048,2,64,65536,131072,14208,524288,524288,524288,40,262144,262144,262144,40,262144,524288,524288,40,256,1024,1024,40,128,128,2048,40,64,512,4096,1917,64,512,4096,1602,64,512,4096,88155,64,256,2048,9639,64,256,512,1555,64,512,1024,2673,256,1024,4096,1095,128,512,4096,1086,64,256,4096,14643,64,256,2048,1395,64,256,512,276,64,256,512,126,128,512,4096,126,128,256,256,18,0,0,0,0,0,0,0,0,0,0,0,0,64,128,128,20,128,65536,65536,20,11.88,8.43,3.45,0,14,27,251,37,29,0,262144,524288,524288,524288,524288,35,2097152,2097152,2097152,2097152,2097152,15,0,0,0,0,0,0,2097152,2097152,4194304,4194304,4194304,231,131072,2097152,2097152,2097152,2097152,35,131072,2097152,2097152,2097152,4194304,18,0,0,0,0,0,0,0,0,0,0,0,0,256,256,512,512,512,334,2097152,2097152,4194304,4194304,4194304,334,128,256,256,256,256,35,256,256,512,512,512,299,102811,0,27512,14097,32268,0,40,20,0
48289646725000,1372,2048,8192,16384,9748,512,4096,8192,1435,4096,8192,16384,1118,4096,16384,16384,262,8192,8192,8192,13,2048,8192,16384,290,512,4096,8192,1116,1024,4096,8192,198,0,0,0,1,64,65536,131072,14303,524288,524288,1048576,41,262144,262144,262144,41,262144,524288,524288,41,256,512,512,41,64,128,4096,41,64,512,4096,1632,64,512,4096,1632,64,512,4096,87732,64,512,4096,10062,64,256,512,1539,64,512,1024,2385,256,512,4096,1224,128,512,4096,1080,64,256,4096,14733,64,256,4096,1413,64,256,512,426,64,256,512,108,64,256,4096,117,64,256,256,9,0,0,0,0,0,0,0,0,0,0,0,0,64,128,128,21,64,64,128,21,12.48,9.04,3.44,0,13,15,290,42,35,0,0,0,0,0,0,0,2097152,2097152,2097152,2097152,2097152,2,2097152,2097152,2097152,2097152,2097152,2,2097152,2097152,4194304,4194304,8388608,233,131072,2097152,2097152,2097152,2097152,22,131072,2097152,2097152,2097152,4194304,23,0,0,0,0,0,0,0,0,0,0,0,0,256,256,512,512,512,282,2097152,2097152,4194304,4194304,8388608,282,0,0,0,0,0,0,256,256,512,512,512,282,102924,0,27947,14206,31800,0,41,21,0
48290667369000,1372,2048,8192,16384,9928,512,4096,8192,1357,4096,8192,16384,1087,4096,8192,16384,266,8192,16384,16384,11,2048,8192,16384,279,512,4096,8192,1083,1024,4096,8192,184,0,0,0,1,64,65536,131072,14307,524288,1048576,1048576,41,262144,262144,262144,41,262144,524288,524288,41,256,512,512,41,128,8192,65536,41,64,512,4096,1739,64,512,4096,1739,64,512,4096,89352,64,256,1024,9783,64,256,512,1329,64,256,2048,2331,256,1024,1024,1146,128,256,4096,1227,64,256,4096,14976,64,256,512,1530,64,256,512,318,64,256,512,108,64,512,8192,99,64,256,256,9,0,0,0,0,0,0,0,0,0,0,0,0,64,128,128,20,64,128,128,20,10.08,8.68,1.40,0,11,11,279,26,32,0,0,0,0,0,0,0,2097152,2097152,2097152,2097152,2097152,16,2097152,2097152,2097152,2097152,2097152,2,2097152,2097152,4194304,8388608,8388608,212,2097152,2097152,4194304,4194304,4194304,34,2097152,2097152,2097152,2097152,2097152,31,0,0,0,0,0,0,0,0,0,0,0,0,256,256,512,512,512,295,2097152,2097152,4194304,8388608,8388608,295,0,0,0,0,0,0,256,512,512,512,1024,295,102988,0,27691,14205,32358,0,41,20,0
48291687912500,1372,2048,8192,16384,9503,512,4096,8192,1086,4096,8192,16384,1042,4096,16384,16384,254,8192,16384,16384,12,2048,8192,8192,278,512,4096,8192,1052,1024,8192,8192,163,0,0,0,0,64,65536,262144,13518,524288,524288,1048576,41,262144,262144,262144,41,262144,524288,524288,41,256,512,1024,41,128,128,256,41,128,512,4096,1772,128,512,4096,1772,64,512,4096,85527,64,256,1024,9378,64,256,512,1260,64,512,1024,2232,256,1024,4096,1128,128,512,4096,1227,64,256,4096,14535,64,256,2048,1539,64,256,4096,363,64,256,512,180,128,512,512,108,0,0,0,0,0,0,0,0,0,0,0,0,0,0,0,0,64,128,128,21,64,64,128,21,12.63,10.21,2.42,0,12,17,278,21,29,0,0,0,0,0,0,0,2097152,2097152,2097152,2097152,2097152,13,0,0,0,0,2097152,1,2097152,2097152,4194304,4194304,4194304,228,131072,4194304,4194304,4194304,4194304,28,131072,2097152,4194304,4194304,4194304,34,0,0,0,0,0,0,0,0,0,0,0,0,256,256,512,512,512,304,2097152,2097152,4194304,4194304,4194304,304,0,0,0,0,0,0,256,512,512,512,1024,304,103041,0,25906,13399,30629,0,41,21,0
48292707523500,1372,2048,8192,16384,9821,512,1024,8192,1364,4096,8192,16384,1055,4096,8192,16384,267,8192,16384,16384,19,2048,4096,8192,253,512,4096,8192,1062,1024,2048,8192,204,2048,2048,2048,2,64,65536,131072,14154,524288,524288,1048576,41,262144,262144,262144,41,262144,524288,524288,41,512,1024,1024,41,128,128,4096,41,64,512,1024,2158,64,512,1024,2158,64,512,512,88397,64,256,512,9495,64,256,512,1387,64,256,512,2331,256,1024,4096,1082,128,512,512,1154,64,512,512,15057,64,256,512,1710,64,256,512,303,64,512,512,153,128,512,1024,171,128,256,256,18,0,0,0,0,0,0,0,0,0,0,0,0,64,128,128,20,64,128,128,20,10.85,9.45,1.40,0,19,22,253,26,46,0,0,0,0,0,0,0,2097152,2097152,2097152,2097152,2097152,5,2097152,2097152,2097152,2097152,2097152,7,2097152,4194304,4194304,4194304,8388608,223,131072,2097152,2097152,2097152,2097152,15,131072,2097152,2097152,2097152,4194304,31,0,0,0,0,0,0,0,0,0,0,0,0,256,256,512,512,2048,281,2097152,2097152,4194304,4194304,8388608,281,0,0,0,0,0,0,256,256,512,512,1024,281,103126,0,17676,13003,20968,24,41,20,0
48293726074400,1372,2048,8192,16384,9278,256,512,8192,1367,4096,8192,16384,1105,4096,8192,16384,279,8192,8192,8192,15,2048,8192,16384,283,512,4096,8192,1083,1024,4096,8192,177,0,0,0,0,64,65536,131072,13694,524288,1048576,1048576,40,262144,262144,262144,40,262144,524288,524288,40,256,512,512,40,128,128,128,40,64,512,1024,1944,64,512,1024,1944,64,512,512,83494,64,256,512,9945,64,256,512,1418,64,256,512,2259,256,1024,1024,1044,128,512,512,1089,64,512,512,14949,64,256,512,1287,64,256,512,318,64,256,512,81,64,256,512,135,0,0,0,0,0,0,0,0,0,0,0,0,0,0,0,0,128,128,128,20,64,256,256,20,10.10,9.34,0.77,0,15,16,283,27,33,0,0,0,0,0,0,0,2097152,2097152,2097152,2097152,2097152,16,2097152,2097152,2097152,2097152,4194304,4,2097152,4194304,4194304,4194304,8388608,220,131072,4194304,4194304,4194304,4194304,19,131072,2097152,2097152,2097152,2097152,22,0,0,0,0,0,0,0,0,0,0,0,0,256,256,512,512,1024,281,2097152,4194304,4194304,4194304,8388608,281,0,0,0,0,0,0,256,512,512,512,1024,281,103219,0,15746,12276,19778,243,40,20,0
48294748509900,1331,2048,8192,16384,11227,512,4096,8192,1707,4096,8192,16384,1235,4096,16384,32768,297,8192,8192,8192,15,2048,8192,16384,299,512,4096,8192,1222,1024,2048,4096,186,0,0,0,1,64,65536,131072,16305,524288,1048576,1048576,41,262144,262144,262144,41,262144,524288,524288,41,256,512,512,41,128,128,32768,41,64,512,2048,1966,64,512,1024,2335,64,512,4096,101043,64,256,512,11115,64,256,512,1365,64,256,512,2601,256,1024,4096,1039,128,512,4096,1129,64,256,4096,14958,64,256,1024,1512,64,256,512,267,64,256,512,144,64,512,4096,135,64,256,256,9,0,0,0,0,0,0,0,0,0,0,0,0,64,128,128,21,64,128,128,21,14.00,10.82,3.18,0,15,17,299,35,29,41,0,0,0,0,0,0,2097152,2097152,2097152,2097152,2097152,11,2097152,2097152,2097152,2097152,2097152,12,2097152,2097152,4194304,4194304,4194304,222,131072,2097152,2097152,2097152,2097152,24,2097152,2097152,4194304,4194304,4194304,22,0,0,0,0,0,0,0,0,0,0,0,0,256,256,512,512,512,291,2097152,2097152,4194304,4194304,4194304,291,0,0,0,0,0,0,256,512,512,512,512,291,103364,0,25680,15608,29318,22,41,21,0
48295767155800,1331,2048,8192,16384,9692,512,4096,8192,1331,4096,8192,16384,1069,4096,8192,16384,282,8192,8192,8192,20,2048,8192,8192,267,512,4096,8192,1086,1024,4096,8192,204,0,0,0,1,64,65536,262144,14066,524288,1048576,1048576,41,262144,262144,524288,41,262144,524288,524288,41,512,1024,1024,41,64,128,1024,41,64,512,1024,1746,64,512,1024,1746,64,512,4096,87228,64,256,1024,9621,64,256,512,1483,64,512,512,2484,256,1024,4096,1239,128,512,512,1239,64,256,2048,14256,64,256,2048,1485,64,256,512,273,64,256,512,171,128,512,1024,180,64,512,512,9,0,0,0,0,0,0,0,0,0,0,0,0,64,128,128,20,128,128,128,20,9.08,7.42,1.66,0,20,16,267,29,28,0,0,0,0,0,0,0,2097152,2097152,2097152,2097152,2097152,5,2097152,2097152,2097152,2097152,2097152,10,2097152,2097152,4194304,4194304,8388608,229,2097152,2097152,2097152,2097152,4194304,26,131072,2097152,2097152,2097152,2097152,28,0,0,0,0,0,0,0,0,0,0,0,0,256,256,512,512,512,298,2097152,2097152,4194304,4194304,8388608,298,0,0,0,0,0,0,256,256,512,512,512,298,103426,0,27030,13957,31349,0,41,20,0
48296788626700,1331,2048,8192,16384,9538,512,4096,8192,1330,4096,8192,16384,1076,4096,8192,16384,262,8192,8192,8192,13,2048,8192,8192,297,512,4096,8192,1082,1024,4096,8192,174,0,0,0,0,64,65536,131072,13889,524288,524288,1048576,41,262144,262144,524288,41,262144,524288,524288,41,512,1024,1024,41,64,1024,32768,41,64,256,512,1769,64,512,4096,1769,64,512,4096,85842,64,256,2048,9684,64,256,512,1215,64,256,4096,2196,256,512,2048,995,128,256,512,1058,64,256,2048,13275,64,256,512,1287,64,256,512,357,64,256,512,126,128,512,4096,117,0,0,0,0,1024,2048,2048,11,0,0,0,0,64,64,64,11,64,128,128,21,64,128,128,21,13.13,9.18,3.95,0,13,16,297,33,37,0,0,0,0,0,0,0,2097152,2097152,2097152,2097152,2097152,20,2097152,2097152,2097152,2097152,2097152,18,2097152,2097152,4194304,8388608,8388608,213,2097152,2097152,2097152,2097152,2097152,6,131072,2097152,2097152,2097152,2097152,26,0,0,0,0,0,0,0,0,0,0,0,0,256,256,512,512,512,283,2097152,2097152,4194304,8388608,8388608,283,0,0,0,0,0,0,256,512,512,512,1024,283,103539,0,27216,13785,30957,0,41,21,0
48297807929700,1331,2048,8192,16384,9440,256,4096,4096,1328,4096,8192,16384,1064,4096,8192,16384,271,8192,8192,8192,10,2048,8192,16384,254,512,4096,8192,1071,1024,4096,8192,183,0,0,0,1,64,65536,131072,13712,524288,1048576,1048576,41,262144,262144,262144,41,262144,524288,524288,41,512,512,1024,41,128,128,2048,41,64,512,4096,1779,64,512,4096,1779,64,512,4096,84960,64,512,4096,9576,64,256,512,1289,64,512,512,2331,256,1024,4096,1109,128,512,512,1145,64,256,2048,13140,64,256,4096,1278,64,256,512,342,64,256,512,81,64,512,4096,90,128,256,256,9,2048,2048,4096,30,1024,2048,2048,41,64,128,256,71,64,128,128,20,64,256,256,20,10.22,8.69,1.53,41,10,17,254,25,33,0,0,0,0,0,0,0,2097152,2097152,2097152,2097152,2097152,4,2097152,2097152,2097152,2097152,2097152,10,2097152,4194304,4194304,8388608,8388608,210,131072,2097152,2097152,2097152,2097152,35,131072,2097152,2097152,2097152,2097152,25,0,0,0,0,0,0,0,0,0,0,0,0,256,256,512,512,512,284,2097152,2097152,4194304,8388608,8388608,284,0,0,0,0,0,0,256,512,512,1024,1024,284,103635,0,27262,13688,31135,0,41,20,0
48298831209800,1331,2048,8192,16384,9776,512,4096,8192,1335,4096,8192,16384,1085,4096,16384,16384,264,8192,8192,8192,9,2048,8192,16384,294,512,4096,8192,1093,1024,8192,8192,186,2048,2048,2048,2,64,65536,131072,14152,524288,524288,1048576,41,262144,262144,262144,41,262144,524288,524288,41,256,512,512,41,64,128,128,41,64,512,4096,1610,64,512,4096,1610,64,512,4096,87984,64,512,1024,9765,64,256,512,1426,64,512,4096,2358,256,512,1024,1140,128,512,2048,1086,64,256,2048,14004,64,256,2048,1305,64,256,512,267,64,256,512,90,64,256,512,81,128,256,256,18,0,0,0,0,0,0,0,0,0,0,0,0,64,128,128,21,128,128,128,21,12.72,8.01,4.71,0,9,11,294,31,33,0,0,0,0,0,0,0,2097152,2097152,2097152,2097152,2097152,11,2097152,2097152,2097152,2097152,4194304,19,2097152,2097152,2097152,4194304,4194304,216,2097152,2097152,4194304,4194304,4194304,25,2097152,2097152,2097152,2097152,4194304,19,0,0,0,0,0,0,0,0,0,0,0,0,256,256,512,512,2048,290,2097152,2097152,4194304,4194304,4194304,290,0,0,0,0,0,0,256,512,512,512,512,290,103723,0,27176,14033,31311,0,41,21,0
48299848092400,1331,2048,8192,16384,9432,512,4096,8192,1333,4096,8192,16384,1048,4096,16384,16384,268,8192,8192,8192,17,2048,8192,8192,259,512,4096,8192,1042,1024,4096,8192,169,0,0,0,0,64,65536,131072,13670,524288,524288,524288,40,262144,262144,262144,40,262144,524288,524288,40,256,512,1024,40,128,256,4096,40,64,256,2048,1486,128,512,2048,1486,64,512,4096,84888,64,256,1024,9432,64,256,512,1347,64,256,1024,2259,256,512,1024,1077,128,256,512,1104,64,256,4096,12987,64,256,4096,1386,64,256,512,399,64,256,4096,144,128,512,4096,153,0,0,0,0,0,0,0,0,0,0,0,0,0,0,0,0,64,128,128,20,64,256,256,20,11.14,8.96,2.18,0,17,12,259,29,42,0,0,0,0,0,0,0,2097152,2097152,2097152,2097152,8388608,10,2097152,2097152,2097152,2097152,2097152,14,2097152,2097152,8388608,8388608,8388608,165,131072,2097152,2097152,2097152,4194304,22,131072,2097152,2097152,2097152,2097152,25,2097152,4194304,4194304,4194304,4194304,51,0,0,0,0,0,0,256,256,512,512,512,287,2097152,4194304,8388608,8388608,8388608,287,0,0,0,0,0,0,256,512,512,512,1024,287,103795,0,26453,13564,31250,0,40,20,0
48300871026600,1331,2048,8192,16384,9762,512,4096,8192,1331,4096,8192,16384,1104,4096,16384,16384,301,8192,8192,8192,21,2048,8192,8192,276,512,4096,8192,1099,1024,4096,8192,196,0,0,0,0,64,65536,131072,14189,524288,1048576,1048576,41,262144,262144,262144,41,262144,524288,524288,41,512,512,1024,41,64,128,256,41,64,512,4096,1712,128,512,4096,1712,64,512,4096,87858,64,512,4096,9936,64,256,512,1628,64,256,4096,2394,256,1024,4096,1131,128,512,512,1185,64,256,4096,13860,64,256,1024,1278,64,256,512,342,64,256,512,198,128,256,512,189,0,0,0,0,0,0,0,0,0,0,0,0,0,0,0,0,64,128,128,20,64,256,256,20,14.65,9.68,4.97,0,21,17,276,21,24,0,0,0,0,0,0,0,2097152,2097152,2097152,2097152,2097152,3,2097152,2097152,2097152,2097152,2097152,14,2097152,4194304,4194304,4194304,8388608,206,2097152,4194304,4194304,4194304,8388608,27,131072,2097152,2097152,2097152,2097152,25,0,0,0,0,0,0,0,0,0,0,0,0,256,256,512,512,512,275,2097152,4194304,4194304,8388608,8388608,275,0,0,0,0,0,0,256,512,512,512,512,275,103879,0,27719,14077,31030,0,41,20,0
48301890008100,1331,2048,8192,16384,9485,512,4096,8192,1332,4096,8192,16384,1067,4096,16384,16384,269,8192,8192,8192,17,2048,8192,8192,274,512,4096,8192,1053,1024,4096,8192,160,0,0,0,0,64,65536,262144,13763,524288,524288,1048576,41,262144,262144,262144,41,262144,524288,524288,41,512,1024,1024,41,64,128,128,41,64,512,4096,1724,64,512,1024,1724,64,512,4096,85365,64,512,2048,9603,64,256,512,1326,64,256,4096,2187,256,1024,4096,1235,128,512,4096,1217,64,256,4096,13275,64,256,512,1332,64,256,256,252,64,256,512,162,128,512,512,153,0,0,0,0,0,0,0,0,0,0,0,0,0,0,0,0,64,128,128,21,128,128,128,21,13.92,9.96,3.96,0,17,5,274,30,33,0,0,0,0,0,0,0,2097152,2097152,2097152,2097152,2097152,16,2097152,2097152,2097152,2097152,2097152,15,2097152,2097152,4194304,4194304,4194304,217,131072,2097152,2097152,2097152,4194304,18,2097152,2097152,2097152,2097152,2097152,22,0,0,0,0,0,0,0,0,0,0,0,0,256,256,256,512,512,288,2097152,2097152,4194304,4194304,4194304,288,0,0,0,0,0,0,256,512,512,1024,1024,288,103950,0,27118,13653,31054,0,41,21,0
48302910479500,1331,2048,8192,16384,9652,512,4096,8192,1332,4096,8192,16384,1093,4096,8192,16384,265,8192,8192,8192,13,2048,8192,8192,261,512,4096,8192,1089,1024,4096,8192,190,0,0,0,0,64,65536,262144,14013,524288,524288,524288,41,262144,262144,262144,41,262144,524288,524288,41,512,1024,1024,41,128,8192,32768,41,64,512,4096,1744,64,512,512,1744,64,512,4096,86868,64,256,4096,9837,64,256,512,1429,64,512,4096,2088,256,1024,4096,1052,128,256,512,1016,64,256,4096,14490,64,256,2048,1386,64,256,1024,327,64,256,512,99,128,256,512,117,0,0,0,0,0,0,0,0,0,0,0,0,0,0,0,0,64,128,128,20,64,256,256,20,10.59,8.04,2.55,0,13,3,261,24,29,0,0,0,0,0,0,0,2097152,2097152,2097152,2097152,2097152,5,2097152,2097152,2097152,2097152,2097152,17,2097152,2097152,4194304,4194304,4194304,229,131072,2097152,2097152,2097152,4194304,33,131072,2097152,2097152,2097152,4194304,21,0,0,0,0,0,0,0,0,0,0,0,0,256,256,512,512,512,305,2097152,2097152,4194304,4194304,4194304,305,0,0,0,0,0,0,256,512,512,512,1024,305,103975,0,26978,13923,31011,0,41,20,0
48303930113500,1364,2048,8192,16384,9699,512,4096,8192,1344,4096,8192,16384,1087,4096,8192,16384,270,8192,8192,8192,15,2048,8192,8192,284,512,4096,8192,1109,1024,4096,8192,184,0,0,0,1,64,65536,131072,14090,524288,524288,1048576,41,262144,262144,262144,41,262144,524288,524288,41,256,1024,1024,41,128,2048,8192,41,64,512,4096,2092,64,512,4096,1795,64,512,4096,87291,64,512,2048,9783,64,256,512,1276,64,512,2048,2196,256,1024,4096,1065,128,512,4096,957,64,256,4096,13986,64,256,2048,1422,64,256,512,384,64,256,512,135,64,512,4096,135,64,256,256,9,0,0,0,0,0,0,0,0,0,0,0,0,64,128,128,21,64,65536,65536,21,11.10,8.93,2.17,0,15,6,284,28,28,0,262144,524288,524288,524288,524288,33,2097152,2097152,2097152,2097152,2097152,7,2097152,2097152,2097152,2097152,4194304,13,2097152,2097152,4194304,4194304,4194304,219,131072,2097152,4194304,4194304,4194304,32,131072,2097152,2097152,2097152,4194304,25,0,0,0,0,0,0,0,0,0,0,0,0,256,256,512,512,512,329,2097152,2097152,4194304,4194304,4194304,329,128,256,256,256,256,33,256,512,1024,1024,1024,296,104007,0,27188,13978,32448,0,41,21,0
48304951317300,1341,2048,8192,16384,9907,512,4096,8192,1630,4096,8192,16384,1072,4096,16384,16384,286,8192,8192,8192,18,2048,8192,16384,289,512,4096,8192,1089,1024,8192,8192,195,0,0,0,0,64,65536,262144,14604,524288,1048576,1048576,40,262144,262144,524288,40,262144,524288,524288,40,512,1024,1024,40,64,8192,16384,40,64,512,4096,1984,64,512,4096,2191,64,512,4096,89163,64,512,4096,9648,64,256,512,1496,64,512,1024,2448,256,512,4096,1044,128,512,1024,1053,64,256,4096,14787,64,256,512,1332,64,256,512,195,64,512,512,171,128,512,4096,162,0,0,0,0,0,0,0,0,0,0,0,0,0,0,0,0,64,128,128,20,128,32768,32768,20,11.60,9.69,1.91,0,18,3,289,38,35,41,262144,524288,524288,524288,524288,18,2097152,4194304,4194304,4194304,8388608,15,2097152,2097152,2097152,2097152,2097152,17,2097152,2097152,4194304,4194304,8388608,202,2097152,2097152,2097152,2097152,2097152,22,131072,2097152,2097152,2097152,2097152,20,0,0,0,0,0,0,0,0,0,0,0,0,256,256,512,512,1024,294,2097152,2097152,4194304,8388608,8388608,294,128,256,256,256,512,18,256,512,512,512,512,276,104137,0,27845,14546,31872,0,40,20,0
48305972979800,1341,2048,8192,16384,9666,512,4096,8192,1299,4096,8192,16384,1061,4096,16384,16384,276,8192,8192,8192,22,2048,8192,8192,266,512,4096,8192,1081,1024,4096,8192,168,0,0,0,0,64,65536,131072,13951,524288,524288,1048576,41,262144,262144,262144,41,262144,524288,524288,41,512,1024,1024,41,64,128,128,41,64,512,1024,1796,64,512,4096,1796,64,512,4096,86994,64,512,4096,9549,64,256,512,1558,64,512,4096,2187,256,1024,4096,1209,128,512,1024,1227,64,256,4096,14004,64,256,2048,1530,0,256,512,336,64,256,512,189,128,512,4096,198,0,0,0,0,0,0,0,0,0,0,0,0,0,0,0,0,64,128,128,20,64,128,128,20,11.09,9.69,1.40,0,22,0,266,34,29,0,0,0,0,0,0,0,0,0,0,0,2097152,1,2097152,2097152,2097152,2097152,2097152,22,2097152,2097152,4194304,4194304,4194304,210,131072,2097152,2097152,2097152,2097152,28,131072,2097152,2097152,2097152,2097152,27,0,0,0,0,0,0,0,0,0,0,0,0,256,256,512,512,512,288,2097152,2097152,4194304,4194304,4194304,288,0,0,0,0,0,0,256,512,512,512,512,288,104200,0,27423,13869,31287,0,41,20,0
48306991992600,1341,2048,8192,16384,9721,512,4096,8192,1471,4096,8192,16384,1103,4096,8192,16384,257,8192,8192,8192,17,2048,8192,8192,282,512,4096,8192,1089,1024,4096,8192,191,0,0,0,0,64,65536,131072,14247,524288,524288,524288,41,262144,262144,262144,41,262144,524288,524288,41,256,512,512,41,64,128,128,41,64,256,4096,1575,64,512,4096,1575,64,512,4096,87489,64,256,4096,9927,64,256,512,1265,64,512,1024,2205,256,512,1024,1101,128,512,1024,1137,64,256,4096,13644,64,256,512,1197,64,256,512,345,64,256,512,144,128,512,1024,153,0,0,0,0,1024,2048,2048,11,1024,2048,2048,11,64,64,64,22,64,128,128,21,128,128,128,21,9.59,8.82,0.77,11,17,2,282,42,30,0,0,0,0,0,0,0,2097152,2097152,2097152,2097152,2097152,16,2097152,2097152,2097152,2097152,2097152,24,2097152,2097152,4194304,4194304,8388608,212,131072,2097152,2097152,2097152,2097152,16,131072,2097152,4194304,4194304,4194304,26,0,0,0,0,0,0,0,0,0,0,0,0,256,256,512,512,512,294,2097152,2097152,4194304,4194304,8388608,294,0,0,0,0,0,0,256,256,512,512,1024,294,104290,0,27271,14162,31830,0,41,21,0
48308011775200,1341,2048,8192,16384,9602,512,4096,8192,1542,4096,8192,16384,1079,4096,8192,16384,282,8192,16384,16384,12,2048,8192,8192,272,512,4096,8192,1075,1024,4096,16384,184,0,0,0,1,64,65536,131072,14164,524288,524288,1048576,41,262144,262144,262144,41,262144,524288,524288,41,256,512,512,41,64,128,4096,41,64,512,4096,1769,64,512,4096,1769,64,512,4096,86418,64,512,4096,9711,64,256,1024,1423,64,512,2048,2196,256,1024,4096,1060,128,512,512,1114,64,256,4096,13914,64,256,512,1350,64,256,512,279,64,256,512,99,128,512,4096,108,64,128,128,9,1024,2048,2048,30,1024,2048,2048,30,64,64,64,60,64,128,128,20,64,128,128,20,11.48,8.55,2.93,30,12,1,272,32,26,0,0,0,0,0,0,0,2097152,2097152,2097152,2097152,2097152,15,2097152,2097152,4194304,4194304,8388608,22,2097152,4194304,4194304,8388608,8388608,201,131072,2097152,2097152,2097152,2097152,18,131072,2097152,2097152,2097152,2097152,22,0,0,0,0,0,0,0,0,0,0,0,0,256,256,512,512,512,278,2097152,2097152,4194304,8388608,8388608,278,0,0,0,0,0,0,256,512,512,512,1024,278,104385,0,27226,14116,31525,0,41,20,0
48309031150100,1341,2048,8192,16384,9897,512,4096,8192,1340,4096,8192,16384,1074,4096,8192,16384,261,8192,16384,16384,16,2048,8192,8192,264,512,4096,8192,1072,1024,4096,8192,179,0,0,0,1,64,65536,131072,14224,524288,524288,1048576,41,262144,262144,262144,41,262144,524288,524288,41,256,512,512,41,128,128,4096,41,64,512,1024,1712,64,512,4096,1712,64,512,4096,89073,64,256,4096,9666,64,256,512,1356,64,512,512,2115,256,512,1024,1116,128,512,1024,1170,64,256,4096,13806,64,256,512,1503,0,256,4096,297,64,256,512,153,128,512,4096,144,128,256,256,9,0,0,0,0,0,0,0,0,0,0,0,0,64,128,128,21,64,128,128,21,12.65,9.33,3.32,0,16,0,264,33,32,0,0,0,0,0,0,0,2097152,2097152,2097152,2097152,2097152,3,2097152,4194304,4194304,4194304,4194304,20,2097152,4194304,4194304,4194304,16777216,198,2097152,2097152,4194304,4194304,4194304,26,2097152,2097152,4194304,4194304,4194304,24,0,0,0,0,0,0,0,0,0,0,0,0,256,256,512,512,512,271,2097152,4194304,4194304,4194304,16777216,271,0,0,0,0,0,0,256,256,512,512,512,271,104459,0,27373,14098,31396,0,41,21,0
48310051733300,1341,2048,8192,16384,3267,512,4096,8192,64,4096,8192,16384,388,4096,16384,16384,98,0,0,0,0,2048,8192,8192,98,512,4096,8192,393,1024,4096,8192,67,0,0,0,0,64,65536,131072,4408,1048576,1048576,2097152,40,262144,524288,524288,40,524288,1048576,1048576,40,512,1024,1024,40,128,128,128,40,64,4096,8192,1376,128,4096,8192,1376,64,512,4096,29403,64,256,1024,3492,64,256,512,449,64,512,1024,828,256,4096,8192,1139,128,2048,8192,1004,64,4096,8192,14778,64,4096,8192,855,64,4096,4096,252,64,256,256,54,0,0,0,0,0,0,0,0,0,0,0,0,0,0,0,0,0,0,0,0,64,128,128,20,64,128,128,20,9.57,8.93,0.64,0,0,0,98,23,25,100,0,0,0,0,0,0,2097152,2097152,2097152,2097152,4194304,17,2097152,2097152,2097152,2097152,2097152,12,2097152,2097152,4194304,4194304,4194304,217,131072,2097152,4194304,4194304,4194304,24,2097152,2097152,2097152,2097152,4194304,21,0,0,0,0,0,0,0,0,0,0,0,0,256,256,512,512,512,291,2097152,2097152,4194304,4194304,4194304,291,0,0,0,0,0,0,256,512,512,512,512,291,104414,0,18779,4482,20174,0,40,20,0
48311071538600,1341,0,0,0,0,0,0,0,0,0,0,0,0,0,0,0,0,0,0,0,0,0,0,0,0,0,0,0,0,0,0,0,0,0,0,0,0,0,0,0,0,1048576,1048576,2097152,41,262144,524288,524288,41,1048576,1048576,1048576,41,512,1024,1024,41,128,128,128,41,128,8192,16384,1230,256,8192,16384,1230,0,0,0,0,0,0,0,0,0,0,0,0,0,0,0,0,256,8192,8192,1256,128,4096,8192,950,64,8192,8192,18261,64,4096,8192,432,64,8192,8192,360,0,0,0,0,0,0,0,0,0,0,0,0,0,0,0,0,0,0,0,0,0,0,0,0,64,128,128,20,128,128,128,20,9.96,8.17,1.79,0,0,0,0,33,33,100,0,0,0,0,0,0,0,0,0,0,0,0,2097152,2097152,2097152,2097152,2097152,25,2097152,2097152,4194304,4194304,4194304,227,131072,4194304,4194304,4194304,8388608,20,131072,2097152,2097152,2097152,4194304,17,0,0,0,0,0,0,0,0,0,0,0,0,256,256,256,512,512,289,2097152,2097152,4194304,4194304,8388608,289,0,0,0,0,0,0,256,256,512,1024,1024,289,104291,0,15105,100,15965,0,41,20,0
48312093741800,1341,0,0,0,0,0,0,0,0,0,0,0,0,0,0,0,0,0,0,0,0,0,0,0,0,0,0,0,0,0,0,0,0,0,0,0,0,0,0,0,0,1048576,1048576,1048576,41,262144,524288,524288,41,1048576,1048576,1048576,41,512,1024,1024,41,128,128,128,41,128,8192,8192,1082,256,8192,16384,1082,0,0,0,0,0,0,0,0,0,0,0,0,0,0,0,0,256,4096,8192,1301,128,4096,8192,1085,64,8192,8192,17685,128,8192,8192,558,64,8192,8192,363,0,0,0,0,0,0,0,0,0,0,0,0,0,0,0,0,0,0,0,0,0,0,0,0,128,128,128,21,64,128,128,21,9.17,8.28,0.89,0,0,0,0,27,21,100,0,0,0,0,0,0,2097152,2097152,2097152,2097152,2097152,11,2097152,4194304,4194304,4194304,4194304,20,2097152,2097152,4194304,4194304,8388608,218,131072,2097152,2097152,2097152,2097152,21,2097152,2097152,2097152,2097152,2097152,13,0,0,0,0,0,0,0,0,0,0,0,0,256,256,512,512,8192,283,2097152,2097152,4194304,4194304,8388608,283,0,0,0,0,0,0,256,256,512,512,512,283,104156,0,14894,100,15590,0,41,21,0
48313112341300,1341,0,0,0,0,0,0,0,0,0,0,0,0,0,0,0,0,0,0,0,0,0,0,0,0,0,0,0,0,0,0,0,0,0,0,0,0,0,0,0,0,1048576,1048576,2097152,41,262144,524288,524288,41,1048576,1048576,1048576,41,512,1024,1024,41,128,128,128,41,128,8192,16384,1055,256,8192,16384,1055,0,0,0,0,0,0,0,0,0,0,0,0,0,0,0,0,256,4096,8192,1145,128,4096,8192,983,64,8192,8192,17559,128,8192,8192,450,64,4096,8192,246,0,0,0,0,0,0,0,0,0,0,0,0,0,0,0,0,0,0,0,0,0,0,0,0,128,128,128,20,128,128,128,20,9.21,8.70,0.51,0,0,0,0,34,25,100,0,0,0,0,0,0,2097152,2097152,2097152,2097152,8388608,18,2097152,2097152,2097152,2097152,2097152,17,2097152,2097152,4194304,8388608,8388608,195,131072,2097152,2097152,2097152,4194304,22,131072,2097152,2097152,2097152,2097152,31,0,0,0,0,0,0,0,0,0,0,0,0,256,256,512,512,512,283,2097152,2097152,4194304,8388608,8388608,283,0,0,0,0,0,0,256,512,512,512,512,283,104032,0,14340,100,15276,0,41,20,0
48314133862200,1337,0,0,0,0,0,0,0,0,0,0,0,0,0,0,0,0,0,0,0,0,0,0,0,0,0,0,0,0,0,0,0,0,0,0,0,0,0,0,0,0,1048576,2097152,2097152,41,262144,524288,524288,41,1048576,1048576,1048576,41,512,1024,1024,41,128,128,128,41,64,8192,8192,1223,256,8192,16384,1259,0,0,0,0,0,0,0,0,0,0,0,0,0,0,0,0,256,8192,8192,1083,128,4096,8192,894,64,8192,8192,17082,128,4096,8192,450,64,8192,8192,375,0,0,0,0,0,0,0,0,0,0,0,0,0,0,0,0,0,0,0,0,0,0,0,0,128,128,128,21,128,128,128,21,10.32,8.15,2.17,0,0,0,0,40,23,100,0,0,0,0,0,0,2097152,2097152,2097152,2097152,2097152,3,2097152,2097152,2097152,2097152,4194304,19,2097152,2097152,4194304,4194304,4194304,223,131072,2097152,2097152,2097152,2097152,15,2097152,2097152,2097152,2097152,2097152,26,0,0,0,0,0,0,0,0,0,0,0,0,256,256,256,256,512,286,2097152,2097152,4194304,4194304,4194304,286,0,0,0,0,0,0,256,256,512,512,4096,286,103909,0,14377,100,15109,0,41,21,0
48315153602200,1331,0,0,0,0,0,0,0,0,0,0,0,0,0,0,0,0,0,0,0,0,0,0,0,0,0,0,0,0,0,0,0,0,0,0,0,0,0,0,0,0,1048576,2097152,2097152,40,262144,524288,524288,40,1048576,1048576,1048576,40,512,1024,1024,40,128,128,128,41,64,8192,16384,1046,64,8192,16384,1100,0,0,0,0,0,0,0,0,0,0,0,0,0,0,0,0,256,8192,8192,1296,128,4096,8192,1062,64,8192,8192,17073,128,4096,8192,387,64,4096,8192,417,0,0,0,0,0,0,0,0,0,0,0,0,0,0,0,0,0,0,0,0,0,0,0,0,128,128,128,20,128,128,128,20,9.45,8.30,1.15,0,0,0,0,40,28,100,0,0,0,0,0,0,2097152,2097152,2097152,2097152,2097152,16,2097152,2097152,2097152,2097152,2097152,15,2097152,4194304,4194304,4194304,8388608,209,2097152,2097152,2097152,2097152,2097152,22,131072,2097152,2097152,2097152,4194304,27,0,0,0,0,0,0,0,0,0,0,0,0,256,256,512,512,512,289,2097152,4194304,4194304,4194304,8388608,289,0,0,0,0,0,0,256,512,512,512,1024,289,103788,0,14298,100,15084,0,40,20,0
48316174782800,1331,0,0,0,0,0,0,0,0,0,0,0,0,0,0,0,0,0,0,0,0,0,0,0,0,0,0,0,0,0,0,0,0,0,0,0,0,0,0,0,0,1048576,1048576,2097152,41,262144,524288,524288,41,1048576,1048576,1048576,41,512,1024,1024,41,128,128,1024,40,64,8192,16384,1133,128,8192,8192,1133,0,0,0,0,0,0,0,0,0,0,0,0,0,0,0,0,256,4096,8192,1394,128,4096,8192,1160,64,8192,8192,18639,64,4096,8192,504,64,4096,8192,336,0,0,0,0,0,0,0,0,0,0,0,0,0,0,0,0,0,0,0,0,0,0,0,0,128,128,128,20,64,128,128,20,8.67,8.03,0.64,0,0,0,0,28,28,100,0,0,0,0,0,0,0,0,0,0,8388608,1,2097152,2097152,2097152,2097152,4194304,13,2097152,4194304,4194304,4194304,8388608,165,131072,4194304,4194304,4194304,4194304,9,131072,2097152,2097152,2097152,4194304,17,4194304,4194304,4194304,4194304,4194304,50,0,0,0,0,0,0,256,256,256,512,512,255,2097152,4194304,4194304,8388608,8388608,255,0,0,0,0,0,0,256,512,1024,1024,1024,255,103689,0,15025,100,16322,0,41,20,0
48317193758100,1331,0,0,0,0,0,0,0,0,0,0,0,0,0,0,0,0,0,0,0,0,0,0,0,0,0,0,0,0,0,0,0,0,0,0,0,0,0,0,0,0,1048576,1048576,2097152,41,262144,524288,524288,41,1048576,1048576,1048576,41,512,1024,1024,41,128,128,128,41,128,8192,16384,1070,128,8192,16384,1070,0,0,0,0,0,0,0,0,0,0,0,0,0,0,0,0,256,4096,16384,1386,128,4096,8192,1107,64,8192,8192,18621,128,8192,8192,513,64,4096,8192,429,0,0,0,0,0,0,0,0,0,0,0,0,0,0,0,0,0,0,0,0,0,0,0,0,64,128,128,21,64,128,128,21,8.56,7.54,1.02,0,0,0,0,23,43,100,0,0,0,0,0,0,2097152,2097152,2097152,2097152,2097152,18,2097152,2097152,2097152,2097152,2097152,19,2097152,2097152,4194304,4194304,8388608,213,131072,2097152,2097152,2097152,2097152,23,131072,2097152,2097152,2097152,2097152,20,0,0,0,0,0,0,0,0,0,0,0,0,256,256,512,512,512,293,2097152,2097152,4194304,4194304,8388608,293,0,0,0,0,0,0,256,512,512,512,512,293,103562,0,14754,100,15671,0,41,21,0
48318215522200,1321,0,0,0,0,0,0,0,0,0,0,0,0,0,0,0,0,0,0,0,0,0,0,0,0,0,0,0,0,0,0,0,0,0,0,0,0,0,0,0,0,1048576,1048576,1048576,41,262144,524288,524288,41,1048576,1048576,1048576,41,512,1024,1024,41,128,128,128,41,64,8192,8192,1125,64,8192,8192,1215,0,0,0,0,0,0,0,0,0,0,0,0,0,0,0,0,256,4096,8192,1245,128,4096,8192,1047,64,8192,8192,18603,128,8192,8192,378,64,4096,8192,489,0,0,0,0,0,0,0,0,0,0,0,0,0,0,0,0,0,0,0,0,0,0,0,0,128,128,128,20,128,128,128,20,9.31,8.80,0.51,0,0,0,0,36,29,100,0,0,0,0,0,0,2097152,4194304,4194304,4194304,4194304,22,2097152,2097152,2097152,2097152,2097152,19,2097152,2097152,4194304,4194304,4194304,198,2097152,2097152,2097152,2097152,2097152,26,2097152,2097152,2097152,2097152,2097152,26,0,0,0,0,0,0,0,0,0,0,0,0,256,256,512,512,512,291,2097152,2097152,4194304,4194304,4194304,291,0,0,0,0,0,0,256,512,512,512,1024,291,103436,0,14469,100,15291,0,41,20,0
48319235698200,1321,0,0,0,0,0,0,0,0,0,0,0,0,0,0,0,0,0,0,0,0,0,0,0,0,0,0,0,0,0,0,0,0,0,0,0,0,0,0,0,0,1048576,1048576,1048576,41,262144,524288,524288,41,1048576,1048576,1048576,41,512,1024,1024,41,128,128,256,41,64,8192,16384,1045,128,8192,8192,1045,0,0,0,0,0,0,0,0,0,0,0,0,0,0,0,0,256,4096,8192,1317,128,4096,8192,1110,64,8192,8192,18063,128,4096,8192,486,64,4096,8192,486,0,0,0,0,0,0,0,0,0,0,0,0,0,0,0,0,0,0,0,0,0,0,0,0,64,128,128,21,128,128,128,21,9.32,8.55,0.77,0,0,0,0,41,26,100,0,0,0,0,0,0,2097152,2097152,2097152,2097152,2097152,4,2097152,2097152,2097152,2097152,2097152,13,2097152,2097152,4194304,4194304,4194304,236,131072,2097152,2097152,2097152,4194304,13,131072,2097152,2097152,2097152,4194304,21,0,0,0,0,0,0,0,0,0,0,0,0,128,256,512,512,512,287,2097152,2097152,4194304,4194304,4194304,287,0,0,0,0,0,0,256,256,512,512,512,287,103316,0,14490,100,15222,0,41,21,0
48320255602600,1321,0,0,0,0,0,0,0,0,0,0,0,0,0,0,0,0,0,0,0,0,0,0,0,0,0,0,0,0,0,0,0,0,0,0,0,0,0,0,0,0,1048576,2097152,2097152,41,262144,524288,524288,41,1048576,1048576,1048576,41,512,1024,1024,41,128,128,1024,41,64,8192,8192,1173,128,8192,16384,1173,0,0,0,0,0,0,0,0,0,0,0,0,0,0,0,0,256,4096,8192,1067,256,4096,8192,1040,64,8192,8192,16749,128,4096,8192,567,64,4096,8192,479,0,0,0,0,0,0,0,0,0,0,0,0,0,0,0,0,0,0,0,0,0,0,0,0,128,128,128,20,256,4096,4096,20,9.19,8.17,1.02,0,0,0,0,36,38,100,262144,524288,524288,524288,524288,37,2097152,2097152,2097152,2097152,2097152,11,2097152,2097152,2097152,2097152,4194304,11,2097152,2097152,4194304,8388608,8388608,210,131072,2097152,4194304,4194304,4194304,29,131072,2097152,4194304,4194304,4194304,25,0,0,0,0,0,0,0,0,0,0,0,0,256,256,512,512,512,323,2097152,2097152,4194304,8388608,8388608,323,128,256,256,256,256,37,256,256,512,512,512,286,103167,0,13729,100,15183,0,41,20,0
48321275128500,1300,0,0,0,0,0,0,0,0,0,0,0,0,0,0,0,0,0,0,0,0,0,0,0,0,0,0,0,0,0,0,0,0,0,0,0,0,0,0,0,0,1048576,2097152,2097152,40,262144,524288,524288,40,1048576,1048576,1048576,40,1024,1024,1024,40,128,128,128,40,64,8192,8192,1116,64,8192,8192,1305,0,0,0,0,0,0,0,0,0,0,0,0,0,0,0,0,256,4096,8192,1085,128,4096,8192,1085,64,8192,8192,17415,64,4096,8192,450,64,4096,8192,581,0,0,0,0,0,0,0,0,0,0,0,0,0,0,0,0,0,0,0,0,0,0,0,0,128,128,128,20,128,4096,4096,20,8.94,7.41,1.53,0,0,0,0,27,28,100,262144,524288,524288,524288,524288,13,2097152,2097152,2097152,2097152,2097152,11,2097152,2097152,2097152,2097152,2097152,7,2097152,2097152,4194304,4194304,4194304,213,131072,2097152,2097152,2097152,2097152,19,2097152,2097152,4194304,4194304,4194304,27,0,0,0,0,0,0,0,0,0,0,0,0,256,256,512,512,512,290,2097152,2097152,4194304,4194304,4194304,290,128,256,256,256,256,13,256,512,512,512,512,277,103032,0,14187,100,15231,0,40,20,0
48322296628000,1200,0,0,0,0,0,0,0,0,0,0,0,0,0,0,0,0,0,0,0,0,0,0,0,0,0,0,0,0,0,0,0,0,0,0,0,0,0,0,0,0,1048576,1048576,1048576,41,262144,262144,524288,41,1048576,1048576,1048576,41,512,1024,1024,41,128,128,128,41,64,4096,8192,961,64,4096,8192,1861,0,0,0,0,0,0,0,0,0,0,0,0,0,0,0,0,256,4096,8192,1113,64,4096,8192,1113,64,4096,8192,17541,64,4096,8192,594,64,4096,8192,615,0,0,0,0,0,0,0,0,0,0,0,0,0,0,0,0,0,0,0,0,0,0,0,0,128,128,128,21,64,128,256,21,9.05,8.41,0.64,0,0,0,0,19,37,100,0,0,0,0,0,0,2097152,2097152,2097152,2097152,4194304,3,2097152,2097152,2097152,2097152,4194304,19,2097152,2097152,4194304,4194304,8388608,227,131072,2097152,2097152,2097152,4194304,27,131072,2097152,2097152,2097152,2097152,20,0,0,0,0,0,0,0,0,0,0,0,0,256,256,256,512,512,296,2097152,2097152,4194304,4194304,8388608,296,0,0,0,0,0,0,256,256,512,1024,1024,296,102892,0,13185,100,14043,0,41,21,0
48323315217500,1100,0,0,0,0,0,0,0,0,0,0,0,0,0,0,0,0,0,0,0,0,0,0,0,0,0,0,0,0,0,0,0,0,0,0,0,0,0,0,0,0,1048576,1048576,1048576,41,262144,262144,524288,41,524288,1048576,1048576,41,512,1024,1024,41,128,128,8192,41,64,8192,8192,1008,64,8192,8192,1908,0,0,0,0,0,0,0,0,0,0,0,0,0,0,0,0,256,4096,8192,963,128,4096,8192,963,64,4096,8192,16290,64,4096,8192,441,64,4096,8192,608,0,0,0,0,0,0,0,0,0,0,0,0,0,0,0,0,0,0,0,0,0,0,0,0,128,128,128,20,64,256,256,20,9.08,8.18,0.90,0,0,0,0,21,22,100,0,0,0,0,0,0,2097152,2097152,2097152,2097152,2097152,11,2097152,2097152,2097152,2097152,2097152,12,2097152,2097152,4194304,4194304,8388608,215,131072,2097152,4194304,4194304,8388608,29,131072,2097152,2097152,2097152,8388608,14,0,0,0,0,0,0,0,0,0,0,0,0,256,256,512,512,512,281,2097152,2097152,4194304,8388608,8388608,281,0,0,0,0,0,0,256,256,512,1024,1024,281,102754,0,11954,100,12768,0,41,20,0
48324336768100,1000,0,0,0,0,0,0,0,0,0,0,0,0,0,0,0,0,0,0,0,0,0,0,0,0,0,0,0,0,0,0,0,0,0,0,0,0,0,0,0,0,1048576,1048576,1048576,41,262144,262144,262144,41,524288,524288,1048576,41,512,1024,1024,41,128,128,128,41,64,8192,8192,891,64,4096,8192,1791,0,0,0,0,0,0,0,0,0,0,0,0,0,0,0,0,128,4096,8192,933,64,4096,8192,933,64,4096,8192,13878,64,4096,8192,405,64,4096,8192,812,0,0,0,0,0,0,0,0,0,0,0,0,0,0,0,0,0,0,0,0,0,0,0,0,64,128,128,21,64,128,128,21,8.67,7.52,1.15,0,0,0,0,29,22,100,0,0,0,0,0,0,2097152,4194304,4194304,4194304,8388608,19,2097152,4194304,4194304,4194304,4194304,12,2097152,4194304,4194304,4194304,8388608,198,2097152,4194304,4194304,4194304,4194304,20,131072,2097152,2097152,2097152,2097152,21,0,0,0,0,0,0,0,0,0,0,0,0,256,256,512,512,512,270,2097152,4194304,4194304,8388608,8388608,270,0,0,0,0,0,0,256,512,512,512,1024,270,102635,0,10673,100,11435,0,41,21,0
48325357396800,900,0,0,0,0,0,0,0,0,0,0,0,0,0,0,0,0,0,0,0,0,0,0,0,0,0,0,0,0,0,0,0,0,0,0,0,0,0,0,0,0,1048576,1048576,1048576,41,262144,262144,262144,41,524288,524288,1048576,41,512,1024,1024,41,128,128,128,41,64,8192,8192,685,64,8192,8192,1585,0,0,0,0,0,0,0,0,0,0,0,0,0,0,0,0,128,4096,8192,1047,64,4096,8192,1047,64,8192,8192,12330,64,4096,8192,333,0,4096,8192,1065,0,0,0,0,0,0,0,0,0,0,0,0,0,0,0,0,0,0,0,0,0,0,0,0,128,128,128,20,64,128,128,20,8.93,8.42,0.51,0,0,0,0,28,26,100,0,0,0,0,0,0,2097152,2097152,2097152,2097152,2097152,4,2097152,2097152,2097152,2097152,2097152,12,2097152,4194304,4194304,4194304,4194304,228,131072,2097152,2097152,2097152,2097152,31,2097152,2097152,2097152,2097152,2097152,25,0,0,0,0,0,0,0,0,0,0,0,0,256,256,512,512,512,300,2097152,2097152,4194304,4194304,4194304,300,0,0,0,0,0,0,256,512,512,1024,1024,300,102489,0,9000,100,9909,0,41,20,0
48326377963400,814,0,0,0,0,0,0,0,0,0,0,0,0,0,0,0,0,0,0,0,0,0,0,0,0,0,0,0,0,0,0,0,0,0,0,0,0,0,0,0,0,1048576,1048576,1048576,40,262144,262144,524288,40,524288,1048576,1048576,40,512,1024,1024,40,128,128,128,40,64,8192,8192,713,64,8192,8192,1487,0,0,0,0,0,0,0,0,0,0,0,0,0,0,0,0,128,4096,8192,837,64,4096,8192,837,64,8192,8192,11439,64,4096,8192,333,0,4096,8192,797,0,0,0,0,0,0,0,0,0,0,0,0,0,0,0,0,0,0,0,0,0,0,0,0,128,128,128,20,64,128,128,20,9.44,8.30,1.15,0,0,0,0,29,25,86,0,0,0,0,0,0,2097152,2097152,2097152,2097152,2097152,11,2097152,2097152,2097152,2097152,2097152,8,2097152,2097152,4194304,4194304,4194304,234,131072,2097152,2097152,2097152,4194304,16,2097152,2097152,2097152,2097152,2097152,25,0,0,0,0,0,0,0,0,0,0,0,0,256,256,512,512,512,294,2097152,2097152,4194304,4194304,4194304,294,0,0,0,0,0,0,256,256,512,512,512,294,102335,0,7914,86,8849,17,40,20,0
48327397356400,714,0,0,0,0,0,0,0,0,0,0,0,0,0,0,0,0,0,0,0,0,0,0,0,0,0,0,0,0,0,0,0,0,0,0,0,0,0,0,0,0,524288,1048576,1048576,41,131072,262144,262144,41,524288,524288,524288,41,512,1024,1024,41,128,128,128,41,64,8192,8192,626,64,4096,8192,1526,0,0,0,0,0,0,0,0,0,0,0,0,0,0,0,0,128,4096,8192,1023,64,4096,8192,1023,64,4096,8192,11178,64,4096,8192,360,0,4096,8192,1007,0,0,0,0,0,0,0,0,0,0,0,0,0,0,0,0,0,0,0,0,0,0,0,0,64,128,128,21,64,128,128,21,8.81,8.17,0.64,0,0,0,0,13,12,100,0,0,0,0,0,0,2097152,2097152,2097152,2097152,4194304,20,2097152,2097152,2097152,2097152,2097152,12,2097152,2097152,4194304,4194304,4194304,210,131072,2097152,2097152,2097152,2097152,31,2097152,2097152,2097152,2097152,2097152,22,0,0,0,0,0,0,0,0,0,0,0,0,128,256,512,512,512,295,2097152,2097152,4194304,4194304,4194304,295,0,0,0,0,0,0,256,512,512,512,1024,295,102165,0,7257,100,8261,15,41,21,0
48328416380300,614,0,0,0,0,0,0,0,0,0,0,0,0,0,0,0,0,0,0,0,0,0,0,0,0,0,0,0,0,0,0,0,0,0,0,0,0,0,0,0,0,524288,1048576,1048576,41,131072,262144,262144,41,524288,524288,524288,41,256,1024,1024,41,128,128,128,41,64,8192,16384,561,64,4096,8192,1461,0,0,0,0,0,0,0,0,0,0,0,0,0,0,0,0,128,4096,8192,927,64,4096,8192,927,64,4096,8192,10368,64,4096,8192,270,0,4096,8192,1161,0,0,0,0,0,0,0,0,0,0,0,0,0,0,0,0,0,0,0,0,0,0,0,0,128,128,128,20,64,128,128,20,8.44,7.54,0.90,0,0,0,0,10,12,100,0,0,0,0,0,0,2097152,2097152,2097152,2097152,2097152,2,2097152,2097152,2097152,2097152,4194304,12,2097152,2097152,4194304,8388608,8388608,216,131072,2097152,2097152,2097152,4194304,18,2097152,2097152,2097152,2097152,2097152,23,0,0,0,0,0,0,0,0,0,0,0,0,256,256,512,512,1024,271,2097152,2097152,4194304,8388608,8388608,271,0,0,0,0,0,0,256,256,512,512,512,271,102016,0,5980,100,6879,14,41,20,0
48329437682700,514,0,0,0,0,0,0,0,0,0,0,0,0,0,0,0,0,0,0,0,0,0,0,0,0,0,0,0,0,0,0,0,0,0,0,0,0,0,0,0,0,524288,524288,524288,41,131072,262144,262144,41,524288,524288,524288,41,256,1024,1024,41,128,128,128,41,64,8192,16384,453,64,8192,16384,1353,0,0,0,0,0,0,0,0,0,0,0,0,0,0,0,0,128,4096,8192,816,64,2048,4096,816,64,4096,8192,9135,64,4096,8192,441,0,4096,8192,1109,0,0,0,0,0,0,0,0,0,0,0,0,0,0,0,0,0,0,0,0,0,0,0,0,128,128,128,21,64,256,256,21,8.67,8.16,0.51,0,0,0,0,8,15,100,0,0,0,0,0,0,2097152,2097152,2097152,2097152,4194304,18,2097152,2097152,2097152,2097152,4194304,13,2097152,2097152,4194304,4194304,4194304,217,131072,2097152,2097152,2097152,2097152,20,131072,2097152,2097152,2097152,4194304,20,0,0,0,0,0,0,0,0,0,0,0,0,256,256,512,512,512,288,2097152,2097152,4194304,4194304,4194304,288,0,0,0,0,0,0,256,512,512,512,512,288,101851,0,4626,100,5580,0,41,21,0
48330458082100,414,0,0,0,0,0,0,0,0,0,0,0,0,0,0,0,0,0,0,0,0,0,0,0,0,0,0,0,0,0,0,0,0,0,0,0,0,0,0,0,0,524288,524288,524288,41,131072,131072,131072,41,524288,524288,524288,41,512,1024,1024,41,128,128,128,41,64,8192,8192,351,64,4096,8192,1251,0,0,0,0,0,0,0,0,0,0,0,0,0,0,0,0,128,1024,8192,924,64,512,8192,924,64,4096,8192,8478,64,4096,8192,324,0,4096,8192,1313,0,0,0,0,0,0,0,0,0,0,0,0,0,0,0,0,0,0,0,0,0,0,0,0,128,128,128,20,64,256,256,20,8.93,7.53,1.40,0,0,0,0,16,10,100,0,0,0,0,0,0,2097152,2097152,2097152,2097152,4194304,15,2097152,4194304,4194304,4194304,4194304,9,2097152,2097152,4194304,4194304,4194304,225,131072,2097152,2097152,2097152,2097152,37,131072,2097152,2097152,2097152,2097152,24,0,0,0,0,0,0,0,0,0,0,0,0,256,256,512,512,512,310,2097152,2097152,4194304,4194304,4194304,310,0,0,0,0,0,0,256,512,512,512,1024,310,101667,0,3803,100,4918,10,41,20,0
48331478421300,314,0,0,0,0,0,0,0,0,0,0,0,0,0,0,0,0,0,0,0,0,0,0,0,0,0,0,0,0,0,0,0,0,0,0,0,0,0,0,0,0,524288,524288,524288,40,65536,131072,131072,40,262144,524288,524288,40,512,1024,1024,40,128,128,128,41,0,8192,8192,243,64,4096,8192,1143,0,0,0,0,0,0,0,0,0,0,0,0,0,0,0,0,128,4096,8192,899,64,512,8192,899,0,4096,8192,7410,64,4096,8192,396,0,512,8192,1449,0,0,0,0,0,0,0,0,0,0,0,0,0,0,0,0,0,0,0,0,0,0,0,0,128,128,128,21,64,128,128,21,8.42,7.66,0.77,0,0,0,0,12,9,100,0,0,0,0,0,0,2097152,2097152,2097152,2097152,4194304,8,2097152,4194304,4194304,4194304,4194304,16,2097152,4194304,4194304,4194304,4194304,196,2097152,4194304,4194304,4194304,8388608,25,131072,4194304,4194304,4194304,4194304,27,0,0,0,0,0,0,0,0,0,0,0,0,256,256,512,512,512,272,2097152,4194304,4194304,4194304,8388608,272,0,0,0,0,0,0,256,512,512,512,1024,272,101516,0,2808,100,3705,4,40,21,0
48332499688800,214,0,0,0,0,0,0,0,0,0,0,0,0,0,0,0,0,0,0,0,0,0,0,0,0,0,0,0,0,0,0,0,0,0,0,0,0,0,0,0,0,262144,524288,524288,41,32768,131072,131072,41,262144,524288,524288,41,256,1024,1024,41,128,128,128,40,64,8192,16384,189,0,4096,8192,1089,0,0,0,0,0,0,0,0,0,0,0,0,0,0,0,0,128,512,4096,861,64,256,4096,861,0,4096,8192,6441,0,4096,4096,198,0,256,4096,1457,0,0,0,0,0,0,0,0,0,0,0,0,0,0,0,0,0,0,0,0,0,0,0,0,128,128,128,20,64,256,256,20,8.54,8.42,0.13,0,0,0,0,5,8,100,0,0,0,0,0,0,2097152,2097152,2097152,2097152,4194304,12,2097152,2097152,2097152,2097152,2097152,6,2097152,2097152,4194304,4194304,4194304,170,131072,2097152,2097152,2097152,2097152,26,2097152,2097152,2097152,2097152,2097152,23,2097152,4194304,4194304,4194304,4194304,50,0,0,0,0,0,0,256,256,512,512,512,287,2097152,4194304,4194304,4194304,4194304,287,0,0,0,0,0,0,256,512,512,1024,1024,287,101342,0,1717,100,3310,0,41,20,0
48333520038800,114,0,0,0,0,0,0,0,0,0,0,0,0,0,0,0,0,0,0,0,0,0,0,0,0,0,0,0,0,0,0,0,0,0,0,0,0,0,0,0,0,262144,524288,524288,41,16384,65536,65536,41,262144,262144,524288,41,256,1024,1024,41,128,128,128,41,0,1024,4096,105,0,4096,8192,1005,0,0,0,0,0,0,0,0,0,0,0,0,0,0,0,0,128,512,4096,900,64,256,4096,900,0,512,4096,5643,0,256,4096,207,0,128,4096,1493,0,0,0,0,0,0,0,0,0,0,0,0,0,0,0,0,0,0,0,0,0,0,0,0,128,128,128,20,64,256,256,20,8.42,8.30,0.13,0,0,0,0,0,4,100,0,0,0,0,0,0,2097152,2097152,2097152,2097152,2097152,7,2097152,2097152,2097152,2097152,2097152,15,2097152,2097152,4194304,4194304,16777216,222,131072,2097152,4194304,4194304,4194304,27,131072,2097152,2097152,2097152,4194304,27,0,0,0,0,0,0,0,0,0,0,0,0,256,256,512,512,512,298,2097152,2097152,4194304,4194304,16777216,298,0,0,0,0,0,0,256,512,512,1024,1024,298,101148,0,821,100,1936,0,41,20,0
48334538866200,14,0,0,0,0,0,0,0,0,0,0,0,0,0,0,0,0,0,0,0,0,0,0,0,0,0,0,0,0,0,0,0,0,0,0,0,0,0,0,0,0,262144,262144,524288,41,2048,32768,65536,41,262144,262144,524288,41,512,1024,1024,41,128,128,256,41,0,64,64,30,0,256,4096,930,0,0,0,0,0,0,0,0,0,0,0,0,0,0,0,0,64,512,1024,798,64,256,512,798,0,64,1024,4293,0,64,4096,99,0,64,256,1740,0,0,0,0,0,0,0,0,0,0,0,0,0,0,0,0,0,0,0,0,0,0,0,0,128,128,128,21,128,256,256,21,8.44,8.44,0.00,0,0,0,0,2,1,100,0,0,0,0,0,0,2097152,2097152,2097152,2097152,2097152,20,2097152,2097152,2097152,2097152,2097152,18,2097152,2097152,4194304,4194304,16777216,211,131072,2097152,2097152,2097152,2097152,29,2097152,2097152,2097152,2097152,2097152,24,0,0,0,0,0,0,0,0,0,0,0,0,256,256,512,512,512,302,2097152,2097152,4194304,4194304,16777216,302,0,0,0,0,0,0,256,256,512,1024,1024,302,100949,0,141,100,1303,0,41,21,0
48335560374600,14,0,0,0,0,0,0,0,0,0,0,0,0,0,0,0,0,0,0,0,0,0,0,0,0,0,0,0,0,0,0,0,0,0,0,0,0,0,0,0,0,262144,262144,262144,41,2048,16384,16384,41,262144,262144,262144,41,256,1024,1024,41,128,128,256,41,64,64,64,12,0,64,64,12,0,0,0,0,0,0,0,0,0,0,0,0,0,0,0,0,128,256,512,756,64,128,512,756,0,64,256,4059,0,64,64,18,0,64,64,1658,0,0,0,0,0,0,0,0,0,0,0,0,0,0,0,0,0,0,0,0,0,0,0,0,128,128,128,20,256,4096,4096,20,8.53,8.41,0.13,0,0,0,0,1,0,0,262144,262144,262144,262144,262144,18,2097152,2097152,2097152,2097152,2097152,11,2097152,2097152,2097152,2097152,4194304,13,2097152,2097152,4194304,4194304,8388608,210,131072,2097152,2097152,2097152,4194304,27,2097152,2097152,2097152,2097152,2097152,29,0,0,0,0,0,0,0,0,0,0,0,0,256,256,512,512,512,308,2097152,2097152,4194304,4194304,8388608,308,128,256,256,256,512,18,256,512,512,1024,1024,290,100642,0,0,0,1421,13,41,20,0
48336580721400,14,0,0,0,0,0,0,0,0,0,0,0,0,0,0,0,0,0,0,0,0,0,0,0,0,0,0,0,0,0,0,0,0,0,0,0,0,0,0,0,0,262144,262144,262144,41,2048,16384,16384,41,262144,262144,262144,41,256,1024,1024,41,128,128,128,41,0,64,64,21,0,64,64,21,0,0,0,0,0,0,0,0,0,0,0,0,0,0,0,0,128,256,512,782,64,128,512,782,0,64,64,3852,0,0,0,0,0,64,64,1526,0,0,0,0,0,0,0,0,0,0,0,0,0,0,0,0,0,0,0,0,0,0,0,0,128,128,128,21,256,4096,4096,21,8.68,8.55,0.13,0,0,0,0,0,0,0,262144,262144,262144,262144,524288,32,2097152,2097152,2097152,2097152,2097152,3,2097152,2097152,2097152,2097152,2097152,6,2097152,2097152,4194304,8388608,8388608,214,2097152,2097152,4194304,4194304,4194304,23,131072,2097152,2097152,2097152,2097152,34,0,0,0,0,0,0,0,0,0,0,0,0,256,256,512,512,512,312,2097152,2097152,4194304,8388608,8388608,312,128,256,256,256,256,32,256,512,512,1024,8192,280,100330,0,0,0,1592,1,41,21,0
48337599512200,14,0,0,0,0,0,0,0,0,0,0,0,0,0,0,0,0,0,0,0,0,0,0,0,0,0,0,0,0,0,0,0,0,0,0,0,0,0,0,0,0,262144,262144,262144,40,2048,16384,16384,40,262144,262144,262144,40,512,1024,1024,40,128,128,128,40,64,64,64,12,64,64,64,12,0,0,0,0,0,0,0,0,0,0,0,0,0,0,0,0,64,256,512,840,64,128,512,840,0,64,64,4032,0,0,0,0,0,64,64,1611,0,0,0,0,0,0,0,0,0,0,0,0,0,0,0,0,0,0,0,0,0,0,0,0,128,128,128,20,128,256,256,20,8.31,8.18,0.13,0,0,0,0,0,1,0,0,0,0,0,0,0,2097152,4194304,4194304,4194304,4194304,20,2097152,2097152,2097152,2097152,2097152,13,2097152,2097152,4194304,4194304,4194304,217,131072,2097152,2097152,2097152,2097152,19,131072,2097152,2097152,2097152,2097152,34,0,0,0,0,0,0,0,0,0,0,0,0,256,256,512,512,512,303,2097152,2097152,4194304,4194304,4194304,303,0,0,0,0,0,0,256,512,512,512,1024,303,100028,0,0,0,1193,0,40,20,0
48338622032200,14,0,0,0,0,0,0,0,0,0,0,0,0,0,0,0,0,0,0,0,0,0,0,0,0,0,0,0,0,0,0,0,0,0,0,0,0,0,0,0,0,262144,262144,262144,41,2048,8192,16384,41,262144,262144,262144,41,256,1024,1024,41,128,128,128,41,0,0,0,12,0,64,64,12,0,0,0,0,0,0,0,0,0,0,0,0,0,0,0,0,64,256,512,756,64,128,512,756,0,64,64,4005,0,64,64,9,0,64,64,1535,0,0,0,0,0,0,0,0,0,0,0,0,0,0,0,0,0,0,0,0,0,0,0,0,128,128,128,20,128,256,256,20,8.41,8.28,0.13,0,0,0,0,1,0,0,0,0,0,0,0,0,2097152,2097152,2097152,2097152,2097152,11,2097152,2097152,2097152,2097152,4194304,9,2097152,2097152,4194304,4194304,4194304,220,131072,2097152,2097152,2097152,4194304,31,131072,2097152,2097152,2097152,4194304,25,0,0,0,0,0,0,0,0,0,0,0,0,256,256,512,512,512,296,2097152,2097152,4194304,4194304,4194304,296,0,0,0,0,0,0,256,256,512,512,1024,296,99733,0,0,0,1158,0,41,20,0
48339643552600,14,0,0,0,0,0,0,0,0,0,0,0,0,0,0,0,0,0,0,0,0,0,0,0,0,0,0,0,0,0,0,0,0,0,0,0,0,0,0,0,0,262144,262144,262144,41,2048,16384,16384,41,262144,262144,262144,41,512,1024,2048,41,128,128,128,41,0,64,64,12,0,64,64,12,0,0,0,0,0,0,0,0,0,0,0,0,0,0,0,0,64,256,512,807,64,128,512,807,0,64,64,4185,0,0,0,0,0,64,64,1376,0,0,0,0,0,0,0,0,0,0,0,0,0,0,0,0,0,0,0,0,0,0,0,0,128,128,128,21,128,256,256,21,8.80,8.54,0.26,0,0,0,0,0,1,0,0,0,0,0,0,0,2097152,2097152,2097152,2097152,2097152,3,2097152,4194304,4194304,4194304,4194304,15,2097152,4194304,4194304,8388608,8388608,207,131072,2097152,4194304,4194304,4194304,23,131072,4194304,4194304,4194304,4194304,23,0,0,0,0,0,0,0,0,0,0,0,0,256,512,512,512,1024,271,2097152,4194304,4194304,8388608,8388608,271,0,0,0,0,0,0,256,512,512,512,512,271,99463,0,0,0,1080,0,41,21,0
48340675618000,14,0,0,0,0,0,0,0,0,0,0,0,0,0,0,0,0,0,0,0,0,0,0,0,0,0,0,0,0,0,0,0,0,0,0,0,0,0,0,0,0,262144,262144,524288,41,4096,8192,16384,41,262144,262144,262144,41,1024,2048,2048,41,128,128,256,41,0,64,64,9,0,64,64,9,0,0,0,0,0,0,0,0,0,0,0,0,0,0,0,0,64,256,512,822,64,128,1024,822,0,64,64,4365,0,64,64,9,0,64,64,1458,0,0,0,0,0,0,0,0,0,0,0,0,0,0,0,0,0,0,0,0,0,0,0,0,128,256,256,20,256,256,256,20,7.99,7.61,0.38,0,0,0,0,0,0,0,0,0,0,0,0,0,2097152,4194304,4194304,4194304,4194304,22,2097152,2097152,2097152,2097152,2097152,12,2097152,4194304,4194304,4194304,8388608,197,131072,2097152,2097152,2097152,4194304,30,2097152,4194304,4194304,4194304,4194304,25,0,0,0,0,0,0,0,0,0,0,0,0,256,512,512,512,1024,286,2097152,4194304,4194304,4194304,8388608,286,0,0,0,0,0,0,256,1024,1024,2048,2048,286,99177,0,0,0,1204,0,41,20,0
48341699711600,14,0,0,0,0,0,0,0,0,0,0,0,0,0,0,0,0,0,0,0,0,0,0,0,0,0,0,0,0,0,0,0,0,0,0,0,0,0,0,0,0,262144,262144,262144,41,4096,8192,16384,41,262144,262144,262144,41,1024,2048,2048,41,128,256,256,41,0,0,0,3,0,64,64,3,0,0,0,0,0,0,0,0,0,0,0,0,0,0,0,0,64,256,512,875,64,128,512,875,0,64,64,4293,0,0,0,0,0,64,64,1352,0,0,0,0,0,0,0,0,0,0,0,0,0,0,0,0,0,0,0,0,0,0,0,0,128,128,256,21,256,256,512,21,8.65,6.49,2.16,0,0,0,0,0,0,0,0,0,0,0,0,0,2097152,2097152,2097152,2097152,2097152,10,2097152,2097152,2097152,2097152,2097152,9,2097152,4194304,4194304,4194304,4194304,219,2097152,2097152,4194304,4194304,4194304,28,131072,2097152,2097152,2097152,2097152,27,0,0,0,0,0,0,0,0,0,0,0,0,256,512,512,512,512,293,2097152,4194304,4194304,4194304,4194304,293,0,0,0,0,0,0,256,512,1024,1024,2048,293,98884,0,0,0,1176,0,41,21,0
48342718524100,14,0,0,0,0,0,0,0,0,0,0,0,0,0,0,0,0,0,0,0,0,0,0,0,0,0,0,0,0,0,0,0,0,0,0,0,0,0,0,0,0,262144,524288,524288,41,4096,32768,65536,41,262144,524288,524288,41,1024,2048,2048,41,128,256,256,41,0,64,64,21,0,64,64,21,0,0,0,0,0,0,0,0,0,0,0,0,0,0,0,0,64,512,1024,903,64,256,1024,903,0,64,64,4176,0,0,0,9,0,64,64,1101,0,0,0,0,0,0,0,0,0,0,0,0,0,0,0,0,0,0,0,0,0,0,0,0,128,512,512,20,256,256,256,20,8.51,4.95,3.56,0,0,0,0,0,0,0,0,0,0,0,0,0,2097152,2097152,2097152,2097152,4194304,6,4194304,4194304,4194304,4194304,8388608,6,4194304,4194304,8388608,8388608,8388608,167,131072,4194304,4194304,4194304,4194304,17,131072,4194304,4194304,4194304,4194304,21,0,0,0,0,0,0,0,0,0,0,0,0,256,512,512,1024,2048,217,4194304,4194304,8388608,8388608,8388608,217,0,0,0,0,0,0,256,1024,1024,1024,2048,217,98667,0,0,0,871,0,41,20,0
48343733431300,14,0,0,0,0,0,0,0,0,0,0,0,0,0,0,0,0,0,0,0,0,0,0,0,0,0,0,0,0,0,0,0,0,0,0,0,0,0,0,0,0,262144,262144,262144,40,2048,32768,32768,40,262144,262144,262144,40,512,1024,1024,40,128,256,256,40,0,64,64,18,0,64,64,18,0,0,0,0,0,0,0,0,0,0,0,0,0,0,0,0,128,256,512,909,64,128,512,909,0,64,64,4050,0,0,0,0,0,64,64,1221,0,0,0,0,0,0,0,0,0,0,0,0,0,0,0,0,0,0,0,0,0,0,0,0,128,128,128,20,128,256,256,20,8.26,4.91,3.36,0,0,0,0,0,0,0,0,0,0,0,0,0,2097152,2097152,2097152,2097152,2097152,14,2097152,2097152,2097152,2097152,2097152,6,2097152,4194304,4194304,8388608,8388608,214,131072,2097152,2097152,2097152,4194304,17,131072,2097152,2097152,2097152,8388608,25,0,0,0,0,0,0,0,0,0,0,0,0,256,256,512,512,512,276,2097152,4194304,4194304,8388608,8388608,276,0,0,0,0,0,0,256,512,512,1024,1024,276,98391,0,0,0,1088,0,40,20,0
48344753134400,6,0,0,0,0,0,0,0,0,0,0,0,0,0,0,0,0,0,0,0,0,0,0,0,0,0,0,0,0,0,0,0,0,0,0,0,0,0,0,0,0,262144,262144,262144,41,2048,16384,16384,41,262144,262144,262144,41,512,1024,1024,41,128,128,128,41,0,64,64,15,0,64,128,87,0,0,0,0,0,0,0,0,0,0,0,0,0,0,0,0,64,256,512,861,64,128,512,861,0,64,64,4257,0,0,0,0,0,64,64,1146,0,0,0,0,0,0,0,0,0,0,0,0,0,0,0,0,0,0,0,0,0,0,0,0,128,128,128,21,128,256,256,21,8.63,6.09,2.54,0,0,0,0,0,0,8,0,0,0,0,0,0,2097152,2097152,2097152,2097152,2097152,4,2097152,2097152,2097152,2097152,2097152,10,2097152,2097152,4194304,4194304,4194304,220,2097152,2097152,2097152,2097152,4194304,31,131072,2097152,2097152,2097152,2097152,23,0,0,0,0,0,0,0,0,0,0,0,0,256,512,512,1024,1024,288,2097152,2097152,4194304,4194304,4194304,288,0,0,0,0,0,0,256,512,512,1024,1024,288,98111,0,8,8,1134,0,41,21,0
48345773141600,0,0,0,0,0,0,0,0,0,0,0,0,0,0,0,0,0,0,0,0,0,0,0,0,0,0,0,0,0,0,0,0,0,0,0,0,0,0,0,0,0,262144,262144,524288,41,256,2048,2048,41,262144,262144,524288,41,1024,2048,2048,41,128,256,256,41,0,0,0,0,0,128,256,54,0,0,0,0,0,0,0,0,0,0,0,0,0,0,0,0,64,256,512,822,64,128,1024,822,0,64,64,4077,0,64,64,9,0,64,64,981,0,0,0,0,0,0,0,0,0,0,0,0,0,0,0,0,0,0,0,0,0,0,0,0,128,128,128,20,256,512,512,20,8.32,5.63,2.69,0,0,0,0,0,0,6,0,0,0,0,0,0,2097152,2097152,2097152,2097152,4194304,8,2097152,4194304,4194304,4194304,4194304,7,2097152,4194304,4194304,4194304,8388608,230,131072,4194304,4194304,4194304,4194304,19,131072,2097152,2097152,2097152,4194304,19,0,0,0,0,0,0,0,0,0,0,0,0,256,512,512,512,512,283,2097152,4194304,4194304,4194304,8388608,283,0,0,0,0,0,0,256,512,512,512,1024,283,97834,0,6,6,1108,0,41,20,0
48346787813200,0,0,0,0,0,0,0,0,0,0,0,0,0,0,0,0,0,0,0,0,0,0,0,0,0,0,0,0,0,0,0,0,0,0,0,0,0,0,0,0,0,262144,262144,262144,41,256,256,2048,41,262144,262144,262144,41,512,1024,2048,41,128,128,256,41,0,0,0,0,0,0,0,0,0,0,0,0,0,0,0,0,0,0,0,0,0,0,0,0,128,256,512,831,64,128,512,831,0,64,64,4176,0,64,64,9,0,64,64,1065,0,0,0,0,0,0,0,0,0,0,0,0,0,0,0,0,0,0,0,0,0,0,0,0,128,256,256,21,256,256,256,21,8.70,7.30,1.41,0,0,0,0,0,0,0,0,0,0,0,0,0,4194304,4194304,4194304,4194304,4194304,10,2097152,2097152,2097152,2097152,2097152,6,2097152,4194304,4194304,4194304,8388608,195,131072,4194304,8388608,8388608,8388608,29,131072,2097152,4194304,4194304,8388608,29,0,0,0,0,0,0,0,0,0,0,0,0,256,256,512,512,512,269,2097152,4194304,8388608,8388608,8388608,269,0,0,0,0,0,0,256,512,512,1024,1024,269,97565,0,0,0,1072,0,41,21,0
48347817964300,0,0,0,0,0,0,0,0,0,0,0,0,0,0,0,0,0,0,0,0,0,0,0,0,0,0,0,0,0,0,0,0,0,0,0,0,0,0,0,0,0,262144,262144,524288,41,256,256,512,41,262144,262144,524288,41,1024,2048,2048,41,128,256,256,41,0,0,0,0,0,0,0,0,0,0,0,0,0,0,0,0,0,0,0,0,0,0,0,0,64,256,512,950,64,128,512,950,0,64,64,4086,0,0,0,0,0,64,64,849,0,0,0,0,0,0,0,0,0,0,0,0,0,0,0,0,0,0,0,0,0,0,0,0,128,256,256,20,256,256,256,20,8.74,7.22,1.52,0,0,0,0,0,0,0,0,0,0,0,0,0,2097152,2097152,2097152,2097152,2097152,7,2097152,2097152,2097152,2097152,4194304,7,2097152,4194304,4194304,8388608,8388608,198,131072,2097152,2097152,2097152,2097152,29,131072,2097152,2097152,2097152,2097152,27,2097152,2097152,2097152,2097152,2097152,29,0,0,0,0,0,0,256,256,512,512,2048,297,2097152,2097152,4194304,8388608,8388608,297,0,0,0,0,0,0,256,512,1024,1024,1024,297,97268,0,0,0,1488,0,41,20,0
48348844280000,0,0,0,0,0,0,0,0,0,0,0,0,0,0,0,0,0,0,0,0,0,0,0,0,0,0,0,0,0,0,0,0,0,0,0,0,0,0,0,0,0,262144,262144,262144,41,256,256,512,41,262144,262144,262144,41,1024,1024,2048,41,128,128,256,41,0,0,0,0,0,0,0,0,0,0,0,0,0,0,0,0,0,0,0,0,0,0,0,0,64,256,512,864,64,128,1024,864,0,64,64,4410,0,0,0,0,0,64,64,738,0,0,0,0,0,0,0,0,0,0,0,0,0,0,0,0,0,0,0,0,0,0,0,0,128,128,128,21,256,256,256,21,8.27,7.12,1.14,0,0,0,0,0,0,0,0,0,0,0,0,0,2097152,2097152,2097152,2097152,2097152,15,2097152,2097152,2097152,2097152,2097152,2,2097152,2097152,4194304,4194304,4194304,222,131072,2097152,2097152,2097152,4194304,29,131072,2097152,2097152,2097152,2097152,21,2097152,2097152,2097152,2097152,4194304,19,0,0,0,0,0,0,256,256,512,512,512,308,2097152,2097152,4194304,4194304,4194304,308,0,0,0,0,0,0,256,512,512,1024,1024,308,96960,0,0,0,1422,0,41,21,0
48349856279800,0,0,0,0,0,0,0,0,0,0,0,0,0,0,0,0,0,0,0,0,0,0,0,0,0,0,0,0,0,0,0,0,0,0,0,0,0,0,0,0,0,262144,262144,262144,40,256,256,512,40,262144,262144,262144,40,1024,2048,2048,40,128,256,256,40,0,0,0,0,0,0,0,0,0,0,0,0,0,0,0,0,0,0,0,0,0,0,0,0,64,256,512,891,64,128,1024,891,0,64,64,4023,0,0,0,0,0,64,64,702,0,0,0,0,0,0,0,0,0,0,0,0,0,0,0,0,0,0,0,0,0,0,0,0,128,128,128,20,256,512,512,20,8.50,6.95,1.54,0,0,0,0,0,0,0,0,0,0,0,0,0,2097152,2097152,2097152,2097152,4194304,24,2097152,2097152,2097152,2097152,2097152,3,2097152,2097152,4194304,4194304,4194304,210,131072,2097152,2097152,2097152,2097152,40,2097152,2097152,2097152,2097152,4194304,28,0,0,0,0,0,0,0,0,0,0,0,0,256,512,512,512,512,305,2097152,2097152,4194304,4194304,4194304,305,0,0,0,0,0,0,256,512,1024,1024,1024,305,96655,0,0,0,1202,0,40,20,0
48350876578500,0,0,0,0,0,0,0,0,0,0,0,0,0,0,0,0,0,0,0,0,0,0,0,0,0,0,0,0,0,0,0,0,0,0,0,0,0,0,0,0,0,262144,262144,262144,41,256,256,256,41,262144,262144,262144,41,1024,2048,2048,41,128,256,1024,41,0,0,0,0,0,0,0,0,0,0,0,0,0,0,0,0,0,0,0,0,0,0,0,0,128,256,512,876,64,128,1024,876,0,64,64,4644,0,0,0,0,0,64,64,600,0,0,0,0,0,0,0,0,0,0,0,0,0,0,0,0,0,0,0,0,0,0,0,0,128,256,256,20,256,256,256,20,8.16,6.25,1.91,0,0,0,0,0,0,0,0,0,0,0,0,0,0,0,0,0,2097152,1,0,0,0,0,2097152,1,2097152,4194304,4194304,4194304,4194304,224,131072,2097152,2097152,2097152,2097152,26,2097152,4194304,4194304,4194304,4194304,27,0,0,0,0,0,0,0,0,0,0,0,0,256,512,512,512,512,279,2097152,4194304,4194304,4194304,4194304,279,0,0,0,0,0,0,256,512,1024,1024,4096,279,96376,0,0,0,1098,0,41,20,0
48351889771800,0,0,0,0,0,0,0,0,0,0,0,0,0,0,0,0,0,0,0,0,0,0,0,0,0,0,0,0,0,0,0,0,0,0,0,0,0,0,0,0,0,262144,262144,262144,41,256,512,2048,41,262144,262144,262144,41,1024,1024,1024,41,128,256,256,41,0,0,0,0,0,0,0,0,0,0,0,0,0,0,0,0,0,0,0,0,0,0,0,0,128,256,512,915,64,128,256,915,0,64,64,4437,0,0,0,0,0,64,64,477,0,0,0,0,0,0,0,0,0,0,0,0,0,0,0,0,0,0,0,0,0,0,0,0,128,128,128,21,2048,4096,4096,21,8.48,6.69,1.80,0,0,0,0,0,0,0,262144,524288,524288,524288,524288,38,2097152,2097152,2097152,2097152,4194304,11,0,0,0,0,0,0,2097152,2097152,4194304,8388608,8388608,214,131072,2097152,2097152,2097152,2097152,20,131072,2097152,4194304,4194304,8388608,32,0,0,0,0,0,0,0,0,0,0,0,0,256,256,512,512,512,315,2097152,2097152,4194304,8388608,8388608,315,128,512,512,512,512,38,256,512,1024,1024,1024,277,96061,0,0,0,1694,0,41,21,0
48352905160900,0,0,0,0,0,0,0,0,0,0,0,0,0,0,0,0,0,0,0,0,0,0,0,0,0,0,0,0,0,0,0,0,0,0,0,0,0,0,0,0,0,262144,262144,262144,41,256,512,2048,41,262144,262144,262144,41,512,1024,1024,41,128,256,256,41,0,0,0,0,0,0,0,0,0,0,0,0,0,0,0,0,0,0,0,0,0,0,0,0,64,256,512,870,64,128,512,870,0,64,64,4248,0,0,0,0,0,64,64,423,0,0,0,0,0,0,0,0,0,0,0,0,0,0,0,0,0,0,0,0,0,0,0,0,128,128,128,20,256,4096,4096,20,8.68,7.66,1.02,0,0,0,0,0,0,0,262144,262144,262144,262144,262144,10,2097152,2097152,2097152,2097152,2097152,13,0,0,0,0,2097152,1,2097152,2097152,4194304,4194304,8388608,232,131072,2097152,2097152,2097152,2097152,25,131072,2097152,2097152,2097152,2097152,31,0,0,0,0,0,0,0,0,0,0,0,0,256,256,512,512,512,312,2097152,2097152,4194304,4194304,8388608,312,128,256,256,256,512,10,256,256,512,1024,1024,302,95749,0,0,0,1343,0,41,20,0
48353920668500,0,0,0,0,0,0,0,0,0,0,0,0,0,0,0,0,0,0,0,0,0,0,0,0,0,0,0,0,0,0,0,0,0,0,0,0,0,0,0,0,0,262144,262144,262144,40,256,512,1024,40,262144,262144,262144,40,512,1024,1024,40,128,128,128,40,0,0,0,0,0,0,0,0,0,0,0,0,0,0,0,0,0,0,0,0,0,0,0,0,64,256,512,989,64,128,512,989,0,64,64,4095,0,0,0,0,0,64,64,363,0,0,0,0,0,0,0,0,0,0,0,0,0,0,0,0,0,0,0,0,0,0,0,0,128,128,128,20,256,2048,2048,20,8.23,6.94,1.29,0,0,0,0,0,0,0,0,0,0,0,0,0,2097152,2097152,2097152,2097152,2097152,3,0,0,0,0,0,0,2097152,2097152,4194304,4194304,4194304,225,131072,2097152,2097152,2097152,2097152,36,2097152,2097152,2097152,2097152,4194304,28,0,0,0,0,0,0,0,0,0,0,0,0,256,256,512,512,512,292,2097152,2097152,4194304,4194304,4194304,292,0,0,0,0,0,0,256,256,512,512,1024,292,95457,0,0,0,1151,0,40,20,0
