timestampNs,users,fRecv_Move_p50,fRecv_Move_p95,fRecv_Move_p99,fRecv_Move_cnt,fRecv_RTT_p50,fRecv_RTT_p95,fRecv_RTT_p99,fRecv_RTT_cnt,fRecv_Swing_p50,fRecv_Swing_p95,fRecv_Swing_p99,fRecv_Swing_cnt,fRecv_Skill_p50,fRecv_Skill_p95,fRecv_Skill_p99,fRecv_Skill_cnt,fRecv_Pickup_p50,fRecv_Pickup_p95,fRecv_Pickup_p99,fRecv_Pickup_cnt,fRecv_UseItem_p50,fRecv_UseItem_p95,fRecv_UseItem_p99,fRecv_UseItem_cnt,fRecv_DelItem_p50,fRecv_DelItem_p95,fRecv_DelItem_p99,fRecv_DelItem_cnt,fRecv_Swap_p50,fRecv_Swap_p95,fRecv_Swap_p99,fRecv_Swap_cnt,fRecv_Respawn_p50,fRecv_Respawn_p95,fRecv_Respawn_p99,fRecv_Respawn_cnt,fRecv_Lock_p50,fRecv_Lock_p95,fRecv_Lock_p99,fRecv_Lock_cnt,fUpd_Whole_p50,fUpd_Whole_p95,fUpd_Whole_p99,fUpd_Whole_cnt,fUpd_User_p50,fUpd_User_p95,fUpd_User_p99,fUpd_User_cnt,fUpd_Monster_p50,fUpd_Monster_p95,fUpd_Monster_p99,fUpd_Monster_cnt,fUpd_Drop_p50,fUpd_Drop_p95,fUpd_Drop_p99,fUpd_Drop_cnt,fUpd_Lock_p50,fUpd_Lock_p95,fUpd_Lock_p99,fUpd_Lock_cnt,bc_CreateChar_p50,bc_CreateChar_p95,bc_CreateChar_p99,bc_CreateChar_cnt,bc_DelChar_p50,bc_DelChar_p95,bc_DelChar_p99,bc_DelChar_cnt,bc_MoveInput_p50,bc_MoveInput_p95,bc_MoveInput_p99,bc_MoveInput_cnt,bc_Swing_p50,bc_Swing_p95,bc_Swing_p99,bc_Swing_cnt,bc_HitResult_p50,bc_HitResult_p95,bc_HitResult_p99,bc_HitResult_cnt,bc_Skill_p50,bc_Skill_p95,bc_Skill_p99,bc_Skill_cnt,bc_CreateMon_p50,bc_CreateMon_p95,bc_CreateMon_p99,bc_CreateMon_cnt,bc_DelMon_p50,bc_DelMon_p95,bc_DelMon_p99,bc_DelMon_cnt,bc_MoveMon_p50,bc_MoveMon_p95,bc_MoveMon_p99,bc_MoveMon_cnt,bc_StopMon_p50,bc_StopMon_p95,bc_StopMon_p99,bc_StopMon_cnt,bc_MonHitPlayer_p50,bc_MonHitPlayer_p95,bc_MonHitPlayer_p99,bc_MonHitPlayer_cnt,bc_CreateDrop_p50,bc_CreateDrop_p95,bc_CreateDrop_p99,bc_CreateDrop_cnt,bc_DelDrop_p50,bc_DelDrop_p95,bc_DelDrop_p99,bc_DelDrop_cnt,bc_Respawn_p50,bc_Respawn_p95,bc_Respawn_p99,bc_Respawn_cnt,aRecv_Login_p50,aRecv_Login_p95,aRecv_Login_p99,aRecv_Login_cnt,aRecv_CharSelect_p50,aRecv_CharSelect_p95,aRecv_CharSelect_p99,aRecv_CharSelect_cnt,aRecv_Lock_p50,aRecv_Lock_p95,aRecv_Lock_p99,aRecv_Lock_cnt,aUpd_Lock_p50,aUpd_Lock_p95,aUpd_Lock_p99,aUpd_Lock_cnt,aUpd_Whole_p50,aUpd_Whole_p95,aUpd_Whole_p99,aUpd_Whole_cnt,cpuTotal,cpuUser,cpuKernel,db_CharSelect,db_InsertItem,db_DelItem,db_ItemCount,db_ItemSlot,db_CharProgress,db_LogOut,dbQueue,sendIOTPS,recvIOTPS,tcpSeg,tcpRetx,fieldFrame,authFrame,syncCount
14210212735600,0,0,0,0,0,0,0,0,0,0,0,0,0,0,0,0,0,0,0,0,0,0,0,0,0,0,0,0,0,0,0,0,0,0,0,0,0,0,0,0,0,131072,262144,262144,41,256,512,512,41,131072,262144,262144,41,128,256,256,41,256,512,262144,41,0,0,0,0,0,0,0,0,0,0,0,0,0,0,0,0,0,0,0,0,0,0,0,0,0,0,0,0,0,0,0,0,0,0,0,0,0,0,0,0,0,0,0,0,0,0,0,0,0,0,0,0,0,0,0,0,0,0,0,0,0,0,0,0,0,0,0,0,256,256,256,20,256,256,256,20,7.88,5.86,2.02,0,0,0,0,0,0,0,0,0,0,0,0,41,20,0
14211237001600,0,0,0,0,0,0,0,0,0,0,0,0,0,0,0,0,0,0,0,0,0,0,0,0,0,0,0,0,0,0,0,0,0,0,0,0,0,0,0,0,0,131072,131072,262144,41,256,256,512,41,131072,131072,262144,41,64,128,256,41,128,256,256,41,0,0,0,0,0,0,0,0,0,0,0,0,0,0,0,0,0,0,0,0,0,0,0,0,0,0,0,0,0,0,0,0,0,64,64,225,0,0,0,0,0,0,0,0,0,0,0,0,0,0,0,0,0,0,0,0,0,0,0,0,0,0,0,0,0,0,0,0,128,256,256,21,256,256,256,21,8.29,8.29,0.00,0,0,0,0,0,0,0,0,0,0,0,0,41,21,0
14212271067900,0,0,0,0,0,0,0,0,0,0,0,0,0,0,0,0,0,0,0,0,0,0,0,0,0,0,0,0,0,0,0,0,0,0,0,0,0,0,0,0,0,131072,131072,262144,41,256,256,512,41,131072,131072,262144,41,64,128,128,41,128,256,256,41,0,0,0,0,0,0,0,0,0,0,0,0,0,0,0,0,0,0,0,0,0,0,0,0,128,256,512,180,64,128,512,180,0,64,64,6363,0,0,0,0,0,0,0,0,0,0,0,0,0,0,0,0,0,0,0,0,0,0,0,0,0,0,0,0,0,0,0,0,64,256,256,20,64,256,256,20,8.32,8.32,0.00,0,0,0,0,0,0,0,0,0,0,0,0,41,20,0
14213293330200,0,0,0,0,0,0,0,0,0,0,0,0,0,0,0,0,0,0,0,0,0,0,0,0,0,0,0,0,0,0,0,0,0,0,0,0,0,0,0,0,0,262144,262144,262144,41,256,256,512,41,262144,262144,262144,41,64,128,128,41,128,256,256,41,0,0,0,0,0,0,0,0,0,0,0,0,0,0,0,0,0,0,0,0,0,0,0,0,64,256,256,489,64,128,512,489,0,64,64,5967,0,0,0,0,0,0,0,0,0,0,0,0,0,0,0,0,0,0,0,0,0,0,0,0,0,0,0,0,0,0,0,0,128,256,256,21,256,256,256,21,8.53,8.40,0.13,0,0,0,0,0,0,0,0,0,0,0,0,41,21,0
14214334427500,0,0,0,0,0,0,0,0,0,0,0,0,0,0,0,0,0,0,0,0,0,0,0,0,0,0,0,0,0,0,0,0,0,0,0,0,0,0,0,0,0,262144,262144,262144,42,256,512,512,42,262144,262144,262144,42,64,256,256,42,128,256,256,42,0,0,0,0,0,0,0,0,0,0,0,0,0,0,0,0,0,0,0,0,0,0,0,0,128,256,256,780,64,128,256,780,0,64,64,5697,0,0,0,0,0,0,0,0,0,0,0,0,0,0,0,0,0,0,0,0,0,0,0,0,0,0,0,0,0,0,0,0,128,256,256,21,256,256,256,21,8.43,8.05,0.38,0,0,0,0,0,0,0,0,0,0,0,0,42,21,0
14215362623000,0,0,0,0,0,0,0,0,0,0,0,0,0,0,0,0,0,0,0,0,0,0,0,0,0,0,0,0,0,0,0,0,0,0,0,0,0,0,0,0,0,262144,262144,262144,41,256,256,256,41,262144,262144,262144,41,64,128,256,41,128,256,256,41,0,0,0,0,0,0,0,0,0,0,0,0,0,0,0,0,0,0,0,0,0,0,0,0,128,256,256,987,64,128,512,987,0,64,64,4545,0,0,0,0,0,0,0,0,0,0,0,0,0,0,0,0,0,0,0,0,0,0,0,0,0,0,0,0,0,0,0,0,128,256,256,20,256,256,256,20,8.31,8.31,0.00,0,0,0,0,0,0,0,0,0,0,0,0,41,20,0
14216399906000,0,0,0,0,0,0,0,0,0,0,0,0,0,0,0,0,0,0,0,0,0,0,0,0,0,0,0,0,0,0,0,0,0,0,0,0,0,0,0,0,0,262144,262144,262144,41,256,256,256,41,262144,262144,262144,41,64,64,128,41,128,256,256,41,0,0,0,0,0,0,0,0,0,0,0,0,0,0,0,0,0,0,0,0,0,0,0,0,64,256,256,969,64,128,512,969,0,0,0,0,0,0,0,0,0,0,0,0,0,0,0,0,0,0,0,0,0,0,0,0,0,0,0,0,0,0,0,0,0,0,0,0,128,256,256,21,128,256,256,21,8.29,8.29,0.00,0,0,0,0,0,0,0,0,0,0,1,0,41,21,0
14217435986500,0,0,0,0,0,0,0,0,0,0,0,0,0,0,0,0,0,0,0,0,0,0,0,0,0,0,0,0,0,0,0,0,0,0,0,0,0,0,0,0,0,131072,262144,262144,42,256,256,256,42,131072,262144,262144,42,64,64,128,42,128,256,256,42,0,0,0,0,0,0,0,0,0,0,0,0,0,0,0,0,0,0,0,0,0,0,0,0,64,256,256,681,64,256,512,681,0,0,0,0,0,0,0,0,0,0,0,0,0,0,0,0,0,0,0,0,0,0,0,0,0,0,0,0,0,0,0,0,0,0,0,0,128,128,128,21,128,256,256,21,8.55,8.43,0.13,0,0,0,0,0,0,0,0,0,0,0,0,42,21,0
14218471434400,0,0,0,0,0,0,0,0,0,0,0,0,0,0,0,0,0,0,0,0,0,0,0,0,0,0,0,0,0,0,0,0,0,0,0,0,0,0,0,0,0,131072,131072,262144,41,256,256,256,41,131072,131072,262144,41,64,64,64,41,128,256,256,41,0,0,0,0,0,0,0,0,0,0,0,0,0,0,0,0,0,0,0,0,0,0,0,0,64,256,256,348,64,256,512,348,0,64,64,1854,0,0,0,0,0,0,0,0,0,0,0,0,0,0,0,0,0,0,0,0,0,0,0,0,0,0,0,0,0,0,0,0,128,128,128,20,128,256,256,20,8.30,8.05,0.25,0,0,0,0,0,0,0,0,0,0,0,0,41,20,0
14219505584800,0,0,0,0,0,0,0,0,0,0,0,0,0,0,0,0,0,0,0,0,0,0,0,0,0,0,0,0,0,0,0,0,0,0,0,0,0,0,0,0,0,131072,131072,262144,42,256,256,256,42,131072,131072,262144,42,64,64,64,42,128,128,256,42,0,0,0,0,0,0,0,0,0,0,0,0,0,0,0,0,0,0,0,0,0,0,0,0,128,256,256,378,64,128,256,378,0,64,64,6102,0,0,0,0,0,0,0,0,0,0,0,0,0,0,0,0,0,0,0,0,0,0,0,0,0,0,0,0,0,0,0,0,64,128,128,21,128,256,256,21,8.31,8.31,0.00,0,0,0,0,0,0,0,0,0,0,0,0,42,21,0
14220542030200,0,0,0,0,0,0,0,0,0,0,0,0,0,0,0,0,0,0,0,0,0,0,0,0,0,0,0,0,0,0,0,0,0,0,0,0,0,0,0,0,0,131072,262144,262144,41,256,256,256,41,131072,262144,262144,41,64,64,64,41,128,128,256,41,0,0,0,0,0,0,0,0,0,0,0,0,0,0,0,0,0,0,0,0,0,0,0,0,128,256,256,660,64,128,256,660,0,64,64,6039,0,0,0,0,0,0,0,0,0,0,0,0,0,0,0,0,0,0,0,0,0,0,0,0,0,0,0,0,0,0,0,0,128,128,128,21,64,128,128,21,8.30,8.30,0.00,0,0,0,0,0,0,0,0,0,0,0,0,41,21,0
14221577882700,0,0,0,0,0,0,0,0,0,0,0,0,0,0,0,0,0,0,0,0,0,0,0,0,0,0,0,0,0,0,0,0,0,0,0,0,0,0,0,0,0,262144,262144,262144,41,256,256,256,41,262144,262144,262144,41,64,64,64,41,128,128,128,41,0,0,0,0,0,0,0,0,0,0,0,0,0,0,0,0,0,0,0,0,0,0,0,0,128,256,256,1101,64,128,256,1101,0,64,64,5571,0,0,0,0,0,0,0,0,0,0,0,0,0,0,0,0,0,0,0,0,0,0,0,0,0,0,0,0,0,0,0,0,128,128,128,20,128,256,256,20,8.54,8.42,0.13,0,0,0,0,0,0,0,0,0,0,0,0,41,20,0
14222610609900,0,0,0,0,0,0,0,0,0,0,0,0,0,0,0,0,0,0,0,0,0,0,0,0,0,0,0,0,0,0,0,0,0,0,0,0,0,0,0,0,0,262144,262144,262144,42,256,256,256,42,262144,262144,262144,42,64,64,128,42,128,128,128,42,0,0,0,0,0,0,0,0,0,0,0,0,0,0,0,0,0,0,0,0,0,0,0,0,128,256,256,1074,64,128,256,1074,0,64,64,3231,0,0,0,0,0,0,0,0,0,0,0,0,0,0,0,0,0,0,0,0,0,0,0,0,0,0,0,0,0,0,0,0,128,128,256,21,128,256,256,21,8.31,8.31,0.00,0,0,0,0,0,0,0,0,0,0,0,0,42,21,0
14223648521900,0,0,0,0,0,0,0,0,0,0,0,0,0,0,0,0,0,0,0,0,0,0,0,0,0,0,0,0,0,0,0,0,0,0,0,0,0,0,0,0,0,262144,262144,262144,41,256,256,256,41,262144,262144,262144,41,64,64,64,41,128,256,256,41,0,0,0,0,0,0,0,0,0,0,0,0,0,0,0,0,0,0,0,0,0,0,0,0,128,256,256,822,64,128,512,822,0,64,64,63,0,0,0,0,0,0,0,0,0,0,0,0,0,0,0,0,0,0,0,0,0,0,0,0,0,0,0,0,0,0,0,0,128,128,256,21,128,256,256,21,8.30,7.92,0.38,0,0,0,0,0,0,0,0,0,0,0,0,41,21,0
14224682392400,0,0,0,0,0,0,0,0,0,0,0,0,0,0,0,0,0,0,0,0,0,0,0,0,0,0,0,0,0,0,0,0,0,0,0,0,0,0,0,0,0,131072,262144,262144,42,256,256,256,42,131072,262144,262144,42,64,64,64,42,128,128,256,42,0,0,0,0,0,0,0,0,0,0,0,0,0,0,0,0,0,0,0,0,0,0,0,0,128,256,256,500,64,128,256,500,0,64,64,3348,0,0,0,0,0,0,0,0,0,0,0,0,0,0,0,0,0,0,0,0,0,0,0,0,0,0,0,0,0,0,0,0,128,128,128,21,128,256,256,21,8.30,8.30,0.00,0,0,0,0,0,0,0,0,0,0,0,0,42,21,0
14225716802100,0,0,0,0,0,0,0,0,0,0,0,0,0,0,0,0,0,0,0,0,0,0,0,0,0,0,0,0,0,0,0,0,0,0,0,0,0,0,0,0,0,131072,262144,262144,41,256,256,512,41,131072,262144,262144,41,64,64,128,41,128,256,256,41,0,0,0,0,0,0,0,0,0,0,0,0,0,0,0,0,0,0,0,0,0,0,0,0,128,256,256,363,64,128,256,363,0,64,64,3114,0,0,0,0,0,0,0,0,0,0,0,0,0,0,0,0,0,0,0,0,0,0,0,0,0,0,0,0,0,0,0,0,128,256,256,20,64,256,256,20,8.55,8.05,0.50,0,0,0,0,0,0,0,0,0,0,0,0,41,20,0
14226752717700,0,0,0,0,0,0,0,0,0,0,0,0,0,0,0,0,0,0,0,0,0,0,0,0,0,0,0,0,0,0,0,0,0,0,0,0,0,0,0,0,0,131072,262144,262144,41,256,256,256,41,131072,262144,262144,41,64,64,64,41,128,128,256,41,0,0,0,0,0,0,0,0,0,0,0,0,0,0,0,0,0,0,0,0,0,0,0,0,64,256,256,474,64,128,512,474,0,64,64,2979,0,0,0,0,0,0,0,0,0,0,0,0,0,0,0,0,0,0,0,0,0,0,0,0,0,0,0,0,0,0,0,0,128,128,128,21,64,128,256,21,8.30,8.30,0.00,0,0,0,0,0,0,0,0,0,0,0,0,41,21,0
14227789009700,0,0,0,0,0,0,0,0,0,0,0,0,0,0,0,0,0,0,0,0,0,0,0,0,0,0,0,0,0,0,0,0,0,0,0,0,0,0,0,0,0,262144,262144,262144,42,256,256,256,42,262144,262144,262144,42,64,64,128,42,128,256,256,42,0,0,0,0,0,0,0,0,0,0,0,0,0,0,0,0,0,0,0,0,0,0,0,0,64,256,256,540,64,128,256,540,0,64,64,3024,0,0,0,0,0,0,0,0,0,0,0,0,0,0,0,0,0,0,0,0,0,0,0,0,0,0,0,0,0,0,0,0,128,128,128,21,64,128,128,21,8.29,8.29,0.00,0,0,0,0,0,0,0,0,0,0,0,0,42,21,0
14228823441000,0,0,0,0,0,0,0,0,0,0,0,0,0,0,0,0,0,0,0,0,0,0,0,0,0,0,0,0,0,0,0,0,0,0,0,0,0,0,0,0,0,262144,262144,262144,41,256,256,256,41,262144,262144,262144,41,64,64,64,41,128,256,256,41,0,0,0,0,0,0,0,0,0,0,0,0,0,0,0,0,0,0,0,0,0,0,0,0,64,256,256,552,64,128,256,552,0,64,64,2682,0,0,0,0,0,0,0,0,0,0,0,0,0,0,0,0,0,0,0,0,0,0,0,0,0,0,0,0,0,0,0,0,128,128,128,20,64,256,256,20,8.55,8.43,0.13,0,0,0,0,0,0,0,0,0,0,0,0,41,20,0
14229858497900,0,0,0,0,0,0,0,0,0,0,0,0,0,0,0,0,0,0,0,0,0,0,0,0,0,0,0,0,0,0,0,0,0,0,0,0,0,0,0,0,0,262144,262144,262144,42,256,256,256,42,262144,262144,262144,42,64,64,128,42,128,128,256,42,0,0,0,0,0,0,0,0,0,0,0,0,0,0,0,0,0,0,0,0,0,0,0,0,128,256,256,615,64,128,256,615,0,64,64,2943,0,0,0,0,0,0,0,0,0,0,0,0,0,0,0,0,0,0,0,0,0,0,0,0,0,0,0,0,0,0,0,0,128,128,128,21,64,128,128,21,8.44,8.07,0.38,0,0,0,0,0,0,0,0,0,0,1,0,42,21,0
14230894052900,0,0,0,0,0,0,0,0,0,0,0,0,0,0,0,0,0,0,0,0,0,0,0,0,0,0,0,0,0,0,0,0,0,0,0,0,0,0,0,0,0,262144,262144,262144,41,256,256,256,41,262144,262144,262144,41,64,64,64,41,128,256,256,41,0,0,0,0,0,0,0,0,0,0,0,0,0,0,0,0,0,0,0,0,0,0,0,0,64,256,256,588,64,128,512,588,0,64,64,3780,0,0,0,0,0,0,0,0,0,0,0,0,0,0,0,0,0,0,0,0,0,0,0,0,0,0,0,0,0,0,0,0,128,128,128,21,64,128,128,21,8.29,8.29,0.00,0,0,0,0,0,0,0,0,0,0,0,0,41,21,0
14231929294100,0,0,0,0,0,0,0,0,0,0,0,0,0,0,0,0,0,0,0,0,0,0,0,0,0,0,0,0,0,0,0,0,0,0,0,0,0,0,0,0,0,262144,262144,262144,42,256,256,256,42,262144,262144,262144,42,64,64,64,42,128,128,256,42,0,0,0,0,0,0,0,0,0,0,0,0,0,0,0,0,0,0,0,0,0,0,0,0,128,256,256,698,64,128,256,698,0,64,64,5094,0,0,0,0,0,0,0,0,0,0,0,0,0,0,0,0,0,0,0,0,0,0,0,0,0,0,0,0,0,0,0,0,64,128,128,21,128,256,256,21,8.30,8.30,0.00,0,0,0,0,0,0,0,0,0,0,0,0,42,21,0
14232964197100,0,0,0,0,0,0,0,0,0,0,0,0,0,0,0,0,0,0,0,0,0,0,0,0,0,0,0,0,0,0,0,0,0,0,0,0,0,0,0,0,0,262144,262144,262144,41,256,256,256,41,262144,262144,262144,41,64,64,64,41,128,128,128,41,0,0,0,0,0,0,0,0,0,0,0,0,0,0,0,0,0,0,0,0,0,0,0,0,128,128,256,777,64,64,256,777,0,64,64,2979,0,0,0,0,0,0,0,0,0,0,0,0,0,0,0,0,0,0,0,0,0,0,0,0,0,0,0,0,0,0,0,0,128,128,128,20,64,128,128,20,8.31,8.31,0.00,0,0,0,0,0,0,0,0,0,0,1,0,41,20,0
14233998059400,0,0,0,0,0,0,0,0,0,0,0,0,0,0,0,0,0,0,0,0,0,0,0,0,0,0,0,0,0,0,0,0,0,0,0,0,0,0,0,0,0,262144,262144,262144,41,256,256,512,41,262144,262144,262144,41,64,64,64,41,128,128,256,41,0,0,0,0,0,0,0,0,0,0,0,0,0,0,0,0,0,0,0,0,0,0,0,0,128,128,256,828,64,128,256,828,0,64,64,3069,0,0,0,0,0,0,0,0,0,0,0,0,0,0,0,0,0,0,0,0,0,0,0,0,0,0,0,0,0,0,0,0,128,128,256,21,64,256,256,21,8.55,8.18,0.38,0,0,0,0,0,0,0,0,0,0,0,0,41,21,0
14235018877400,0,0,0,0,0,0,0,0,0,0,0,0,0,0,0,0,0,0,0,0,0,0,0,0,0,0,0,0,0,0,0,0,0,0,0,0,0,0,0,0,0,262144,262144,262144,41,256,256,512,41,262144,262144,262144,41,64,64,64,41,128,256,256,41,0,0,0,0,0,0,0,0,0,0,0,0,0,0,0,0,0,0,0,0,0,0,0,0,128,256,256,777,64,128,512,777,0,64,64,2880,0,0,0,0,0,0,0,0,0,0,0,0,0,0,0,0,0,0,0,0,0,0,0,0,0,0,0,0,0,0,0,0,128,256,256,20,128,256,256,20,8.30,8.30,0.00,0,0,0,0,0,0,0,0,0,0,0,0,41,20,0
14236054504700,0,0,0,0,0,0,0,0,0,0,0,0,0,0,0,0,0,0,0,0,0,0,0,0,0,0,0,0,0,0,0,0,0,0,0,0,0,0,0,0,0,131072,262144,262144,42,256,256,256,42,131072,262144,262144,42,64,64,64,42,128,128,256,42,0,0,0,0,0,0,0,0,0,0,0,0,0,0,0,0,0,0,0,0,0,0,0,0,128,256,256,606,64,128,256,606,0,64,64,2898,0,0,0,0,0,0,0,0,0,0,0,0,0,0,0,0,0,0,0,0,0,0,0,0,0,0,0,0,0,0,0,0,128,128,128,21,64,256,256,21,8.30,8.30,0.00,0,0,0,0,0,0,0,0,0,0,0,0,42,21,0
14237089110200,0,0,0,0,0,0,0,0,0,0,0,0,0,0,0,0,0,0,0,0,0,0,0,0,0,0,0,0,0,0,0,0,0,0,0,0,0,0,0,0,0,262144,262144,262144,41,256,256,512,41,262144,262144,262144,41,64,64,64,41,128,128,128,41,0,0,0,0,0,0,0,0,0,0,0,0,0,0,0,0,0,0,0,0,0,0,0,0,128,128,256,654,64,128,256,654,0,64,64,5103,0,0,0,0,0,0,0,0,0,0,0,0,0,0,0,0,0,0,0,0,0,0,0,0,0,0,0,0,0,0,0,0,128,128,128,21,128,128,256,21,8.55,8.43,0.13,0,0,0,0,0,0,0,0,0,0,24,0,41,21,0
14238126643100,0,0,0,0,0,0,0,0,0,0,0,0,0,0,0,0,0,0,0,0,0,0,0,0,0,0,0,0,0,0,0,0,0,0,0,0,0,0,0,0,0,262144,262144,262144,41,256,256,512,41,262144,262144,262144,41,64,64,64,41,128,256,512,41,0,0,0,0,0,0,0,0,0,0,0,0,0,0,0,0,0,0,0,0,0,0,0,0,128,256,256,713,64,128,256,713,0,64,64,4788,0,0,0,0,0,0,0,0,0,0,0,0,0,0,0,0,0,0,0,0,0,0,0,0,0,0,0,0,0,0,0,0,128,128,128,20,64,256,256,20,8.44,8.31,0.13,0,0,0,0,0,0,0,0,0,0,1,0,41,20,0
14239159965900,0,0,0,0,0,0,0,0,0,0,0,0,0,0,0,0,0,0,0,0,0,0,0,0,0,0,0,0,0,0,0,0,0,0,0,0,0,0,0,0,0,262144,262144,262144,42,256,256,512,42,262144,262144,262144,42,64,64,128,42,128,256,256,42,0,0,0,0,0,0,0,0,0,0,0,0,0,0,0,0,0,0,0,0,0,0,0,0,128,256,256,867,64,128,512,867,0,64,64,3366,0,0,0,0,0,0,0,0,0,0,0,0,0,0,0,0,0,0,0,0,0,0,0,0,0,0,0,0,0,0,0,0,128,256,256,21,64,256,256,21,8.29,8.29,0.00,0,0,0,0,0,0,0,0,0,0,0,0,42,21,0
14240195697700,0,0,0,0,0,0,0,0,0,0,0,0,0,0,0,0,0,0,0,0,0,0,0,0,0,0,0,0,0,0,0,0,0,0,0,0,0,0,0,0,0,262144,262144,262144,41,256,256,256,41,262144,262144,262144,41,64,64,64,41,128,128,256,41,0,0,0,0,0,0,0,0,0,0,0,0,0,0,0,0,0,0,0,0,0,0,0,0,128,128,256,723,64,128,512,723,0,64,64,1719,0,0,0,0,0,0,0,0,0,0,0,0,0,0,0,0,0,0,0,0,0,0,0,0,0,0,0,0,0,0,0,0,128,128,128,21,128,256,256,21,8.30,8.30,0.00,0,0,0,0,0,0,0,0,0,0,3,0,41,21,0
14241231259400,0,0,0,0,0,0,0,0,0,0,0,0,0,0,0,0,0,0,0,0,0,0,0,0,0,0,0,0,0,0,0,0,0,0,0,0,0,0,0,0,0,262144,262144,262144,42,256,256,256,42,262144,262144,262144,42,64,64,64,42,128,128,256,42,0,0,0,0,0,0,0,0,0,0,0,0,0,0,0,0,0,0,0,0,0,0,0,0,128,256,256,606,64,128,512,606,0,64,64,2268,0,0,0,0,0,0,0,0,0,0,0,0,0,0,0,0,0,0,0,0,0,0,0,0,0,0,0,0,0,0,0,0,128,128,256,21,64,128,128,21,8.54,8.42,0.13,0,0,0,0,0,0,0,0,0,0,2,0,42,21,0
14242267125800,0,0,0,0,0,0,0,0,0,0,0,0,0,0,0,0,0,0,0,0,0,0,0,0,0,0,0,0,0,0,0,0,0,0,0,0,0,0,0,0,0,131072,262144,262144,41,256,256,256,41,131072,262144,262144,41,64,64,64,41,128,128,128,41,0,0,0,0,0,0,0,0,0,0,0,0,0,0,0,0,0,0,0,0,0,0,0,0,128,256,256,444,64,128,512,444,0,64,64,1935,0,0,0,0,0,0,0,0,0,0,0,0,0,0,0,0,0,0,0,0,0,0,0,0,0,0,0,0,0,0,0,0,128,256,256,20,128,256,256,20,8.42,8.29,0.13,0,0,0,0,0,0,0,0,0,0,0,0,41,20,0
14243302256800,0,0,0,0,0,0,0,0,0,0,0,0,0,0,0,0,0,0,0,0,0,0,0,0,0,0,0,0,0,0,0,0,0,0,0,0,0,0,0,0,0,131072,262144,262144,41,256,256,256,41,131072,262144,262144,41,64,64,64,41,128,128,256,41,0,0,0,0,0,0,0,0,0,0,0,0,0,0,0,0,0,0,0,0,0,0,0,0,128,256,256,384,64,128,512,384,0,64,64,2421,0,0,0,0,0,0,0,0,0,0,0,0,0,0,0,0,0,0,0,0,0,0,0,0,0,0,0,0,0,0,0,0,128,128,128,21,64,256,256,21,8.45,7.95,0.50,0,0,0,0,0,0,0,0,0,0,0,0,41,21,0
14244336715600,0,0,0,0,0,0,0,0,0,0,0,0,0,0,0,0,0,0,0,0,0,0,0,0,0,0,0,0,0,0,0,0,0,0,0,0,0,0,0,0,0,262144,262144,262144,42,256,256,256,42,262144,262144,262144,42,64,64,64,42,128,128,256,42,0,0,0,0,0,0,0,0,0,0,0,0,0,0,0,0,0,0,0,0,0,0,0,0,128,256,256,570,64,128,256,570,0,64,64,4194,0,0,0,0,0,0,0,0,0,0,0,0,0,0,0,0,0,0,0,0,0,0,0,0,0,0,0,0,0,0,0,0,128,128,128,21,64,128,128,21,8.29,8.29,0.00,0,0,0,0,0,0,0,0,0,0,0,0,42,21,0
14245372088600,0,0,0,0,0,0,0,0,0,0,0,0,0,0,0,0,0,0,0,0,0,0,0,0,0,0,0,0,0,0,0,0,0,0,0,0,0,0,0,0,0,262144,262144,262144,41,256,256,512,41,262144,262144,262144,41,64,128,128,41,128,128,512,41,0,0,0,0,0,0,0,0,0,0,0,0,0,0,0,0,0,0,0,0,0,0,0,0,128,256,256,666,64,128,512,666,0,64,64,4077,0,0,0,0,0,0,0,0,0,0,0,0,0,0,0,0,0,0,0,0,0,0,0,0,0,0,0,0,0,0,0,0,128,128,128,20,64,256,256,20,8.55,8.43,0.13,0,0,0,0,0,0,0,0,0,0,0,0,41,20,0
14246407310900,0,0,0,0,0,0,0,0,0,0,0,0,0,0,0,0,0,0,0,0,0,0,0,0,0,0,0,0,0,0,0,0,0,0,0,0,0,0,0,0,0,262144,262144,262144,42,256,256,256,42,262144,262144,262144,42,64,64,64,42,128,128,256,42,0,0,0,0,0,0,0,0,0,0,0,0,0,0,0,0,0,0,0,0,0,0,0,0,128,256,256,750,64,128,512,750,0,64,64,3645,0,0,0,0,0,0,0,0,0,0,0,0,0,0,0,0,0,0,0,0,0,0,0,0,0,0,0,0,0,0,0,0,128,256,256,21,64,128,256,21,8.43,8.30,0.13,0,0,0,0,0,0,0,0,0,0,0,0,42,21,0
14247441556900,0,0,0,0,0,0,0,0,0,0,0,0,0,0,0,0,0,0,0,0,0,0,0,0,0,0,0,0,0,0,0,0,0,0,0,0,0,0,0,0,0,262144,262144,262144,41,256,256,256,41,262144,262144,262144,41,64,64,64,41,128,256,256,41,0,0,0,0,0,0,0,0,0,0,0,0,0,0,0,0,0,0,0,0,0,0,0,0,128,128,256,819,64,128,256,819,0,64,64,3978,0,0,0,0,0,0,0,0,0,0,0,0,0,0,0,0,0,0,0,0,0,0,0,0,0,0,0,0,0,0,0,0,128,128,256,21,64,256,256,21,8.30,8.18,0.13,0,0,0,0,0,0,0,0,0,0,3,0,41,21,0
14248477025900,0,0,0,0,0,0,0,0,0,0,0,0,0,0,0,0,0,0,0,0,0,0,0,0,0,0,0,0,0,0,0,0,0,0,0,0,0,0,0,0,0,262144,262144,262144,41,256,256,256,41,262144,262144,262144,41,64,64,64,41,128,128,256,41,0,0,0,0,0,0,0,0,0,0,0,0,0,0,0,0,0,0,0,0,0,0,0,0,128,128,256,759,64,128,256,759,0,64,64,2988,0,0,0,0,0,0,0,0,0,0,0,0,0,0,0,0,0,0,0,0,0,0,0,0,0,0,0,0,0,0,0,0,128,128,128,20,64,128,128,20,8.30,8.30,0.00,0,0,0,0,0,0,0,0,0,0,2,0,41,20,0
14249512665500,0,0,0,0,0,0,0,0,0,0,0,0,0,0,0,0,0,0,0,0,0,0,0,0,0,0,0,0,0,0,0,0,0,0,0,0,0,0,0,0,0,262144,262144,262144,42,256,256,512,42,262144,262144,262144,42,64,64,64,42,128,128,256,42,0,0,0,0,0,0,0,0,0,0,0,0,0,0,0,0,0,0,0,0,0,0,0,0,128,128,256,807,64,128,256,807,0,64,64,3726,0,0,0,0,0,0,0,0,0,0,0,0,0,0,0,0,0,0,0,0,0,0,0,0,0,0,0,0,0,0,0,0,128,128,128,21,64,128,128,21,8.55,8.43,0.13,0,0,0,0,0,0,0,0,0,0,0,0,42,21,0
14250548703600,0,0,0,0,0,0,0,0,0,0,0,0,0,0,0,0,0,0,0,0,0,0,0,0,0,0,0,0,0,0,0,0,0,0,0,0,0,0,0,0,0,262144,262144,262144,41,256,256,256,41,262144,262144,262144,41,64,64,64,41,128,256,256,41,0,0,0,0,0,0,0,0,0,0,0,0,0,0,0,0,0,0,0,0,0,0,0,0,128,128,256,774,64,128,512,774,0,64,64,3375,0,0,0,0,0,0,0,0,0,0,0,0,0,0,0,0,0,0,0,0,0,0,0,0,0,0,0,0,0,0,0,0,128,128,256,21,128,256,256,21,8.42,8.29,0.13,0,0,0,0,0,0,0,0,0,0,0,0,41,21,0
14251583810500,0,0,0,0,0,0,0,0,0,0,0,0,0,0,0,0,0,0,0,0,0,0,0,0,0,0,0,0,0,0,0,0,0,0,0,0,0,0,0,0,0,262144,262144,262144,42,256,256,256,42,262144,262144,262144,42,64,128,128,42,128,128,256,42,0,0,0,0,0,0,0,0,0,0,0,0,0,0,0,0,0,0,0,0,0,0,0,0,128,256,256,705,64,128,256,705,0,64,64,3690,0,0,0,0,0,0,0,0,0,0,0,0,0,0,0,0,0,0,0,0,0,0,0,0,0,0,0,0,0,0,0,0,128,128,256,21,128,256,256,21,8.30,8.05,0.25,0,0,0,0,0,0,0,0,0,0,0,0,42,21,0
14252618572200,0,0,0,0,0,0,0,0,0,0,0,0,0,0,0,0,0,0,0,0,0,0,0,0,0,0,0,0,0,0,0,0,0,0,0,0,0,0,0,0,0,262144,262144,262144,41,256,256,256,41,262144,262144,262144,41,64,64,64,41,128,128,256,41,0,0,0,0,0,0,0,0,0,0,0,0,0,0,0,0,0,0,0,0,0,0,0,0,64,128,256,633,64,128,256,633,0,64,64,3312,0,0,0,0,0,0,0,0,0,0,0,0,0,0,0,0,0,0,0,0,0,0,0,0,0,0,0,0,0,0,0,0,128,256,256,20,64,128,128,20,8.32,8.32,0.00,0,0,0,0,0,0,0,0,0,0,0,0,41,20,0
14253653629600,0,0,0,0,0,0,0,0,0,0,0,0,0,0,0,0,0,0,0,0,0,0,0,0,0,0,0,0,0,0,0,0,0,0,0,0,0,0,0,0,0,262144,262144,262144,41,256,256,256,41,262144,262144,262144,41,64,64,64,41,128,128,128,42,0,0,0,0,0,0,0,0,0,0,0,0,0,0,0,0,0,0,0,0,0,0,0,0,64,128,256,774,64,128,256,774,0,64,64,3204,0,0,0,0,0,0,0,0,0,0,0,0,0,0,0,0,0,0,0,0,0,0,0,0,0,0,0,0,0,0,0,0,128,128,128,21,128,256,256,21,8.55,8.43,0.13,0,0,0,0,0,0,0,0,0,0,0,0,41,21,0
14254689618400,0,0,0,0,0,0,0,0,0,0,0,0,0,0,0,0,0,0,0,0,0,0,0,0,0,0,0,0,0,0,0,0,0,0,0,0,0,0,0,0,0,262144,262144,262144,42,256,256,256,42,262144,262144,262144,42,64,64,64,42,128,128,256,41,0,0,0,0,0,0,0,0,0,0,0,0,0,0,0,0,0,0,0,0,0,0,0,0,128,256,256,699,64,128,256,699,0,64,64,3447,0,0,0,0,0,0,0,0,0,0,0,0,0,0,0,0,0,0,0,0,0,0,0,0,0,0,0,0,0,0,0,0,64,128,128,21,64,128,128,21,8.29,8.29,0.00,0,0,0,0,0,0,0,0,0,0,0,0,42,21,0
14255724511800,0,0,0,0,0,0,0,0,0,0,0,0,0,0,0,0,0,0,0,0,0,0,0,0,0,0,0,0,0,0,0,0,0,0,0,0,0,0,0,0,0,262144,262144,262144,41,256,256,256,41,262144,262144,262144,41,64,64,256,41,128,128,256,41,0,0,0,0,0,0,0,0,0,0,0,0,0,0,0,0,0,0,0,0,0,0,0,0,64,128,256,711,64,128,512,711,0,64,64,2448,0,0,0,0,0,0,0,0,0,0,0,0,0,0,0,0,0,0,0,0,0,0,0,0,0,0,0,0,0,0,0,0,128,128,128,20,64,256,256,20,8.31,8.31,0.00,0,0,0,0,0,0,0,0,0,0,0,0,41,20,0
14256768473300,0,0,0,0,0,0,0,0,0,0,0,0,0,0,0,0,0,0,0,0,0,0,0,0,0,0,0,0,0,0,0,0,0,0,0,0,0,0,0,0,0,262144,262144,262144,42,256,256,512,42,262144,262144,262144,42,64,64,128,42,128,128,256,42,0,0,0,0,0,0,0,0,0,0,0,0,0,0,0,0,0,0,0,0,0,0,0,0,128,256,256,612,64,128,512,612,0,64,64,3267,0,0,0,0,0,0,0,0,0,0,0,0,0,0,0,0,0,0,0,0,0,0,0,0,0,0,0,0,0,0,0,0,128,128,128,21,64,128,256,21,8.54,8.41,0.13,0,0,0,0,0,0,0,0,0,0,0,0,42,21,0
14257797463000,0,0,0,0,0,0,0,0,0,0,0,0,0,0,0,0,0,0,0,0,0,0,0,0,0,0,0,0,0,0,0,0,0,0,0,0,0,0,0,0,0,262144,262144,262144,41,256,256,512,41,262144,262144,262144,41,64,128,256,41,128,256,256,41,0,0,0,0,0,0,0,0,0,0,0,0,0,0,0,0,0,0,0,0,0,0,0,0,64,256,256,591,64,128,512,591,0,64,64,3015,0,0,0,0,0,0,0,0,0,0,0,0,0,0,0,0,0,0,0,0,0,0,0,0,0,0,0,0,0,0,0,0,128,256,256,21,128,256,256,21,8.43,8.30,0.13,0,0,0,0,0,0,0,0,0,0,14,0,41,21,0
14258830994500,0,0,0,0,0,0,0,0,0,0,0,0,0,0,0,0,0,0,0,0,0,0,0,0,0,0,0,0,0,0,0,0,0,0,0,0,0,0,0,0,0,262144,262144,262144,42,256,256,256,42,262144,262144,262144,42,64,64,128,42,128,256,256,42,0,0,0,0,0,0,0,0,0,0,0,0,0,0,0,0,0,0,0,0,0,0,0,0,128,256,256,609,64,128,256,609,0,64,64,3015,0,0,0,0,0,0,0,0,0,0,0,0,0,0,0,0,0,0,0,0,0,0,0,0,0,0,0,0,0,0,0,0,128,128,256,21,128,128,256,21,8.31,8.06,0.25,0,0,0,0,0,0,0,0,0,0,2,0,42,21,0
14259866180500,0,0,0,0,0,0,0,0,0,0,0,0,0,0,0,0,0,0,0,0,0,0,0,0,0,0,0,0,0,0,0,0,0,0,0,0,0,0,0,0,0,262144,262144,262144,41,256,256,256,41,262144,262144,262144,41,64,128,128,41,128,256,256,41,0,0,0,0,0,0,0,0,0,0,0,0,0,0,0,0,0,0,0,0,0,0,0,0,128,256,256,546,64,128,512,546,0,64,64,2790,0,0,0,0,0,0,0,0,0,0,0,0,0,0,0,0,0,0,0,0,0,0,0,0,0,0,0,0,0,0,0,0,128,256,256,20,128,256,256,20,8.31,8.31,0.00,0,0,0,0,0,0,0,0,0,0,0,0,41,20,0
14260915857600,0,0,0,0,0,0,0,0,0,0,0,0,0,0,0,0,0,0,0,0,0,0,0,0,0,0,0,0,0,0,0,0,0,0,0,0,0,0,0,0,0,262144,262144,262144,42,256,512,512,42,262144,262144,262144,42,64,128,256,42,128,256,256,42,0,0,0,0,0,0,0,0,0,0,0,0,0,0,0,0,0,0,0,0,0,0,0,0,64,256,256,702,64,128,512,702,0,64,64,2808,0,0,0,0,0,0,0,0,0,0,0,0,0,0,0,0,0,0,0,0,0,0,0,0,0,0,0,0,0,0,0,0,128,256,256,21,128,256,256,21,8.52,8.39,0.13,0,0,0,0,0,0,0,0,0,0,4,0,42,21,0
14261951571000,0,0,0,0,0,0,0,0,0,0,0,0,0,0,0,0,0,0,0,0,0,0,0,0,0,0,0,0,0,0,0,0,0,0,0,0,0,0,0,0,0,262144,262144,262144,41,256,256,256,41,262144,262144,262144,41,64,64,64,41,128,256,256,41,0,0,0,0,0,0,0,0,0,0,0,0,0,0,0,0,0,0,0,0,0,0,0,0,128,256,256,585,64,128,512,585,0,64,64,4473,0,0,0,0,0,0,0,0,0,0,0,0,0,0,0,0,0,0,0,0,0,0,0,0,0,0,0,0,0,0,0,0,128,128,256,21,128,256,256,21,8.45,8.33,0.12,0,0,0,0,0,0,0,0,0,0,15,0,41,21,0
14262985872500,0,0,0,0,0,0,0,0,0,0,0,0,0,0,0,0,0,0,0,0,0,0,0,0,0,0,0,0,0,0,0,0,0,0,0,0,0,0,0,0,0,262144,262144,262144,42,256,256,256,42,262144,262144,262144,42,64,64,128,42,128,128,256,42,0,0,0,0,0,0,0,0,0,0,0,0,0,0,0,0,0,0,0,0,0,0,0,0,128,256,256,723,64,128,256,723,0,64,64,4203,0,0,0,0,0,0,0,0,0,0,0,0,0,0,0,0,0,0,0,0,0,0,0,0,0,0,0,0,0,0,0,0,128,128,128,21,64,128,256,21,8.31,8.06,0.25,0,0,0,0,0,0,0,0,0,0,1,0,42,21,0
14264022505700,0,0,0,0,0,0,0,0,0,0,0,0,0,0,0,0,0,0,0,0,0,0,0,0,0,0,0,0,0,0,0,0,0,0,0,0,0,0,0,0,0,262144,262144,262144,41,256,256,512,41,262144,262144,262144,41,64,128,128,41,128,256,256,41,0,0,0,0,0,0,0,0,0,0,0,0,0,0,0,0,0,0,0,0,0,0,0,0,128,256,256,789,64,128,512,789,0,64,64,4122,0,0,0,0,0,0,0,0,0,0,0,0,0,0,0,0,0,0,0,0,0,0,0,0,0,0,0,0,0,0,0,0,128,256,256,20,128,256,256,20,8.30,8.30,0.00,0,0,0,0,0,0,0,0,0,0,0,0,41,20,0
14265063914400,0,0,0,0,0,0,0,0,0,0,0,0,0,0,0,0,0,0,0,0,0,0,0,0,0,0,0,0,0,0,0,0,0,0,0,0,0,0,0,0,0,262144,262144,262144,42,256,256,256,42,262144,262144,262144,42,64,64,128,42,128,256,256,42,0,0,0,0,0,0,0,0,0,0,0,0,0,0,0,0,0,0,0,0,0,0,0,0,128,256,256,885,64,128,512,885,0,64,64,3402,0,0,0,0,0,0,0,0,0,0,0,0,0,0,0,0,0,0,0,0,0,0,0,0,0,0,0,0,0,0,0,0,128,256,256,21,128,256,256,21,8.29,8.29,0.00,0,0,0,0,0,0,0,0,0,0,0,0,42,21,0
14266092254800,0,0,0,0,0,0,0,0,0,0,0,0,0,0,0,0,0,0,0,0,0,0,0,0,0,0,0,0,0,0,0,0,0,0,0,0,0,0,0,0,0,262144,262144,262144,41,256,256,256,41,262144,262144,262144,41,64,64,64,41,128,256,256,41,0,0,0,0,0,0,0,0,0,0,0,0,0,0,0,0,0,0,0,0,0,0,0,0,128,256,256,687,64,128,512,687,0,64,64,2547,0,0,0,0,0,0,0,0,0,0,0,0,0,0,0,0,0,0,0,0,0,0,0,0,0,0,0,0,0,0,0,0,128,128,256,21,64,128,128,21,8.56,8.43,0.13,0,0,0,0,0,0,0,0,0,0,0,0,41,21,0
14267128643200,0,0,0,0,0,0,0,0,0,0,0,0,0,0,0,0,0,0,0,0,0,0,0,0,0,0,0,0,0,0,0,0,0,0,0,0,0,0,0,0,0,262144,262144,262144,42,256,256,256,42,262144,262144,262144,42,64,64,64,42,128,128,256,42,0,0,0,0,0,0,0,0,0,0,0,0,0,0,0,0,0,0,0,0,0,0,0,0,128,256,256,687,64,128,512,687,0,64,64,2403,0,0,0,0,0,0,0,0,0,0,0,0,0,0,0,0,0,0,0,0,0,0,0,0,0,0,0,0,0,0,0,0,128,128,128,21,64,128,128,21,8.29,8.04,0.25,0,0,0,0,0,0,0,0,0,0,0,0,42,21,0
14268164170400,0,0,0,0,0,0,0,0,0,0,0,0,0,0,0,0,0,0,0,0,0,0,0,0,0,0,0,0,0,0,0,0,0,0,0,0,0,0,0,0,0,131072,262144,262144,41,256,256,512,41,131072,262144,262144,41,64,64,64,41,128,256,256,41,0,0,0,0,0,0,0,0,0,0,0,0,0,0,0,0,0,0,0,0,0,0,0,0,64,256,256,624,64,128,512,624,0,64,64,2970,0,0,0,0,0,0,0,0,0,0,0,0,0,0,0,0,0,0,0,0,0,0,0,0,0,0,0,0,0,0,0,0,128,128,128,20,64,256,256,20,8.29,8.29,0.00,0,0,0,0,0,0,0,0,0,0,3,0,41,20,0
14269199135900,0,0,0,0,0,0,0,0,0,0,0,0,0,0,0,0,0,0,0,0,0,0,0,0,0,0,0,0,0,0,0,0,0,0,0,0,0,0,0,0,0,131072,262144,262144,41,256,256,256,41,131072,262144,262144,41,64,64,64,41,128,128,128,41,0,0,0,0,0,0,0,0,0,0,0,0,0,0,0,0,0,0,0,0,0,0,0,0,128,256,256,534,64,128,512,534,0,64,64,4032,0,0,0,0,0,0,0,0,0,0,0,0,0,0,0,0,0,0,0,0,0,0,0,0,0,0,0,0,0,0,0,0,128,128,128,21,64,128,256,21,8.56,8.44,0.13,0,0,0,0,0,0,0,0,0,0,0,0,41,21,0
14270233400900,0,0,0,0,0,0,0,0,0,0,0,0,0,0,0,0,0,0,0,0,0,0,0,0,0,0,0,0,0,0,0,0,0,0,0,0,0,0,0,0,0,262144,262144,262144,42,256,256,256,42,262144,262144,262144,42,64,64,64,42,128,128,128,42,0,0,0,0,0,0,0,0,0,0,0,0,0,0,0,0,0,0,0,0,0,0,0,0,128,256,256,618,64,128,512,618,0,64,64,3915,0,0,0,0,0,0,0,0,0,0,0,0,0,0,0,0,0,0,0,0,0,0,0,0,0,0,0,0,0,0,0,0,128,256,256,21,128,256,256,21,8.43,8.30,0.13,0,0,0,0,0,0,0,0,0,0,14,0,42,21,0
14271269557000,0,0,0,0,0,0,0,0,0,0,0,0,0,0,0,0,0,0,0,0,0,0,0,0,0,0,0,0,0,0,0,0,0,0,0,0,0,0,0,0,0,262144,262144,262144,41,256,256,256,41,262144,262144,262144,41,64,64,64,41,128,128,256,41,0,0,0,0,0,0,0,0,0,0,0,0,0,0,0,0,0,0,0,0,0,0,0,0,128,256,256,684,64,128,512,684,0,64,64,3780,0,0,0,0,0,0,0,0,0,0,0,0,0,0,0,0,0,0,0,0,0,0,0,0,0,0,0,0,0,0,0,0,128,128,128,20,128,256,256,20,8.29,8.04,0.25,0,0,0,0,0,0,0,0,0,0,0,0,41,20,0
14272303525600,0,0,0,0,0,0,0,0,0,0,0,0,0,0,0,0,0,0,0,0,0,0,0,0,0,0,0,0,0,0,0,0,0,0,0,0,0,0,0,0,0,262144,262144,262144,41,256,256,512,41,262144,262144,262144,41,64,64,64,41,128,256,256,42,0,0,0,0,0,0,0,0,0,0,0,0,0,0,0,0,0,0,0,0,0,0,0,0,128,128,256,768,64,128,512,768,0,64,64,2772,0,0,0,0,0,0,0,0,0,0,0,0,0,0,0,0,0,0,0,0,0,0,0,0,0,0,0,0,0,0,0,0,128,128,128,21,64,128,128,21,8.31,8.18,0.13,0,0,0,0,0,0,0,0,0,0,0,0,41,21,0
14273339312500,0,0,0,0,0,0,0,0,0,0,0,0,0,0,0,0,0,0,0,0,0,0,0,0,0,0,0,0,0,0,0,0,0,0,0,0,0,0,0,0,0,262144,262144,262144,42,256,256,256,42,262144,262144,262144,42,64,64,64,42,128,128,128,41,0,0,0,0,0,0,0,0,0,0,0,0,0,0,0,0,0,0,0,0,0,0,0,0,128,256,256,738,64,128,512,738,0,64,64,2259,0,0,0,0,0,0,0,0,0,0,0,0,0,0,0,0,0,0,0,0,0,0,0,0,0,0,0,0,0,0,0,0,128,128,128,21,64,128,128,21,8.31,8.31,0.00,0,0,0,0,0,0,0,0,0,0,8,0,42,21,0
14274373154400,0,0,0,0,0,0,0,0,0,0,0,0,0,0,0,0,0,0,0,0,0,0,0,0,0,0,0,0,0,0,0,0,0,0,0,0,0,0,0,0,0,131072,262144,262144,41,256,256,256,41,131072,262144,262144,41,64,64,64,41,128,128,128,41,0,0,0,0,0,0,0,0,0,0,0,0,0,0,0,0,0,0,0,0,0,0,0,0,128,256,256,539,64,128,256,539,0,64,64,3231,0,0,0,0,0,0,0,0,0,0,0,0,0,0,0,0,0,0,0,0,0,0,0,0,0,0,0,0,0,0,0,0,128,128,128,20,64,128,128,20,8.55,8.43,0.13,0,0,0,0,0,0,0,0,0,0,0,0,41,20,0
14275409710900,0,0,0,0,0,0,0,0,0,0,0,0,0,0,0,0,0,0,0,0,0,0,0,0,0,0,0,0,0,0,0,0,0,0,0,0,0,0,0,0,0,131072,262144,262144,42,256,256,256,42,131072,262144,262144,42,64,64,64,42,128,128,256,42,0,0,0,0,0,0,0,0,0,0,0,0,0,0,0,0,0,0,0,0,0,0,0,0,128,256,256,522,64,128,256,522,0,64,64,3636,0,0,0,0,0,0,0,0,0,0,0,0,0,0,0,0,0,0,0,0,0,0,0,0,0,0,0,0,0,0,0,0,128,256,256,21,64,128,128,21,8.29,8.29,0.00,0,0,0,0,0,0,0,0,0,0,0,0,42,21,0
14276444718100,0,0,0,0,0,0,0,0,0,0,0,0,0,0,0,0,0,0,0,0,0,0,0,0,0,0,0,0,0,0,0,0,0,0,0,0,0,0,0,0,0,262144,262144,262144,41,256,256,512,41,262144,262144,262144,41,64,128,128,41,128,128,256,41,0,0,0,0,0,0,0,0,0,0,0,0,0,0,0,0,0,0,0,0,0,0,0,0,128,256,256,609,64,128,512,609,0,64,64,3438,0,0,0,0,0,0,0,0,0,0,0,0,0,0,0,0,0,0,0,0,0,0,0,0,0,0,0,0,0,0,0,0,128,128,128,21,128,256,256,21,8.32,8.32,0.00,0,0,0,0,0,0,0,0,0,0,0,0,41,21,0
14277480193900,0,0,0,0,0,0,0,0,0,0,0,0,0,0,0,0,0,0,0,0,0,0,0,0,0,0,0,0,0,0,0,0,0,0,0,0,0,0,0,0,0,262144,262144,262144,42,256,256,256,42,262144,262144,262144,42,64,128,128,42,128,128,256,42,0,0,0,0,0,0,0,0,0,0,0,0,0,0,0,0,0,0,0,0,0,0,0,0,128,128,256,696,64,128,256,696,0,64,64,3258,0,0,0,0,0,0,0,0,0,0,0,0,0,0,0,0,0,0,0,0,0,0,0,0,0,0,0,0,0,0,0,0,64,128,256,21,64,256,256,21,8.54,8.41,0.13,0,0,0,0,0,0,0,0,0,0,11,0,42,21,0
14278515057700,0,0,0,0,0,0,0,0,0,0,0,0,0,0,0,0,0,0,0,0,0,0,0,0,0,0,0,0,0,0,0,0,0,0,0,0,0,0,0,0,0,262144,262144,262144,41,256,256,256,41,262144,262144,262144,41,64,64,256,41,128,256,256,41,0,0,0,0,0,0,0,0,0,0,0,0,0,0,0,0,0,0,0,0,0,0,0,0,128,128,256,672,64,128,256,672,0,64,64,3438,0,0,0,0,0,0,0,0,0,0,0,0,0,0,0,0,0,0,0,0,0,0,0,0,0,0,0,0,0,0,0,0,64,128,128,20,64,256,256,20,8.44,8.31,0.13,0,0,0,0,0,0,0,0,0,0,0,0,41,20,0
14279549682300,0,0,0,0,0,0,0,0,0,0,0,0,0,0,0,0,0,0,0,0,0,0,0,0,0,0,0,0,0,0,0,0,0,0,0,0,0,0,0,0,0,262144,262144,262144,41,256,512,512,41,262144,262144,262144,41,64,64,64,41,128,128,256,41,0,0,0,0,0,0,0,0,0,0,0,0,0,0,0,0,0,0,0,0,0,0,0,0,128,256,256,614,64,128,512,614,0,64,64,3285,0,0,0,0,0,0,0,0,0,0,0,0,0,0,0,0,0,0,0,0,0,0,0,0,0,0,0,0,0,0,0,0,64,128,128,21,64,256,256,21,8.30,8.30,0.00,0,0,0,0,0,0,0,0,0,0,0,0,41,21,0
14280585080800,0,0,0,0,0,0,0,0,0,0,0,0,0,0,0,0,0,0,0,0,0,0,0,0,0,0,0,0,0,0,0,0,0,0,0,0,0,0,0,0,0,262144,262144,262144,42,256,256,256,42,262144,262144,262144,42,64,64,128,42,128,128,256,42,0,0,0,0,0,0,0,0,0,0,0,0,0,0,0,0,0,0,0,0,0,0,0,0,64,256,256,630,64,128,512,630,0,64,64,3357,0,0,0,0,0,0,0,0,0,0,0,0,0,0,0,0,0,0,0,0,0,0,0,0,0,0,0,0,0,0,0,0,128,128,128,21,128,128,256,21,8.30,8.18,0.13,0,0,0,0,0,0,0,0,0,0,0,0,42,21,0
14281621033800,0,0,0,0,0,0,0,0,0,0,0,0,0,0,0,0,0,0,0,0,0,0,0,0,0,0,0,0,0,0,0,0,0,0,0,0,0,0,0,0,0,262144,262144,262144,41,256,256,512,41,262144,262144,262144,41,64,64,64,41,128,128,128,41,0,0,0,0,0,0,0,0,0,0,0,0,0,0,0,0,0,0,0,0,0,0,0,0,128,256,256,693,64,128,512,693,0,64,64,3357,0,0,0,0,0,0,0,0,0,0,0,0,0,0,0,0,0,0,0,0,0,0,0,0,0,0,0,0,0,0,0,0,128,256,256,20,64,128,128,20,8.54,8.42,0.13,0,0,0,0,0,0,0,0,0,0,0,0,41,20,0
14282655760200,0,0,0,0,0,0,0,0,0,0,0,0,0,0,0,0,0,0,0,0,0,0,0,0,0,0,0,0,0,0,0,0,0,0,0,0,0,0,0,0,0,262144,262144,262144,42,256,256,256,42,262144,262144,262144,42,64,64,64,42,128,128,256,42,0,0,0,0,0,0,0,0,0,0,0,0,0,0,0,0,0,0,0,0,0,0,0,0,128,256,256,704,64,128,512,704,0,64,64,3564,0,0,0,0,0,0,0,0,0,0,0,0,0,0,0,0,0,0,0,0,0,0,0,0,0,0,0,0,0,0,0,0,64,128,128,21,64,128,128,21,8.44,8.32,0.13,0,0,0,0,0,0,0,0,0,0,0,0,42,21,0
14283692552800,100,2048,16384,16384,306,512,8192,8192,36,8192,65536,131072,49,0,0,0,0,0,0,0,0,4096,65536,65536,10,512,1024,2048,100,2048,8192,8192,11,0,0,0,0,64,65536,131072,525,262144,262144,262144,41,2048,32768,32768,41,262144,262144,262144,41,64,128,128,41,128,256,256,41,64,256,4096,963,128,512,512,63,128,512,8192,2754,64,256,8192,441,64,128,128,18,64,256,256,117,128,256,512,663,64,128,256,663,0,64,256,3672,64,128,128,27,0,0,0,0,0,0,0,0,0,0,0,0,0,0,0,0,2097152,16777216,16777216,100,1024,32768,65536,100,64,128,4194304,200,128,8388608,8388608,21,128,262144,262144,21,12.29,10.41,1.88,100,0,0,10,0,49,0,0,1034,626,3117,0,41,21,0
14284728131300,200,2048,16384,16384,1062,512,8192,16384,143,8192,16384,16384,122,0,0,0,0,0,0,0,0,4096,8192,16384,40,512,8192,8192,182,2048,8192,8192,20,0,0,0,0,64,65536,262144,1620,262144,262144,524288,41,16384,65536,65536,41,262144,262144,262144,41,64,128,128,41,128,128,128,42,64,256,1024,1050,128,512,8192,150,128,512,8192,9558,128,256,8192,1098,64,128,128,9,128,256,512,459,128,512,1024,678,64,256,512,678,0,128,512,4392,64,256,8192,135,0,128,256,30,0,0,0,0,0,0,0,0,0,0,0,0,2097152,2097152,2097152,100,1024,2048,4096,100,64,2097152,16777216,200,64,1048576,1048576,21,64,131072,262144,21,11.45,9.43,2.01,100,0,0,40,0,122,0,0,3608,1741,6032,0,41,21,0
14285763115100,300,2048,16384,32768,1653,512,8192,8192,238,4096,16384,32768,187,0,0,0,0,0,0,0,0,4096,16384,16384,55,512,8192,8192,238,2048,8192,8192,32,0,0,0,0,64,65536,262144,2487,262144,524288,524288,42,32768,65536,65536,42,262144,262144,262144,42,64,128,128,42,64,128,8192,41,64,256,512,1238,128,512,1024,338,128,512,8192,14877,128,256,8192,1683,64,256,256,36,128,512,8192,756,64,512,1024,693,64,512,1024,693,64,256,512,5868,64,256,512,180,64,256,256,45,0,0,0,0,0,0,0,0,0,0,0,0,2097152,2097152,2097152,100,1024,2048,2048,100,64,16777216,16777216,200,128,8388608,8388608,20,64,262144,262144,20,11.96,9.44,2.52,100,0,0,55,0,187,0,0,5463,2635,8397,0,42,20,0
14286799731700,400,2048,16384,32768,2260,512,8192,16384,317,4096,16384,32768,266,8192,16384,16384,4,0,0,0,0,4096,16384,16384,83,512,8192,16384,290,2048,8192,8192,52,0,0,0,0,64,65536,131072,3349,262144,524288,524288,41,65536,131072,131072,41,262144,262144,262144,41,64,128,128,41,128,128,128,41,64,256,512,1341,128,512,8192,441,128,512,8192,20340,128,256,4096,2394,64,256,512,81,128,512,4096,729,128,1024,1024,711,64,512,1024,711,64,256,512,6840,64,256,512,405,64,256,512,75,0,0,0,0,0,0,0,0,0,0,0,0,2097152,2097152,2097152,100,1024,1024,2048,100,64,4194304,4194304,200,128,1048576,1048576,21,64,262144,262144,21,12.29,9.66,2.63,100,0,0,83,0,270,0,0,7799,3488,11303,0,41,21,0
14287836561600,456,2048,16384,16384,3034,512,8192,16384,416,4096,16384,16384,356,8192,16384,16384,24,0,0,0,0,4096,8192,16384,103,512,8192,16384,299,2048,8192,8192,101,0,0,0,0,512,65536,262144,4431,262144,524288,524288,42,65536,131072,131072,42,262144,262144,262144,42,64,128,256,42,128,256,32768,42,64,512,8192,1088,128,512,8192,584,128,512,8192,27306,128,512,4096,3204,64,256,256,108,128,512,8192,1098,128,1024,1024,789,64,512,1024,789,64,256,512,8019,64,256,4096,576,64,256,256,75,0,0,0,0,0,0,0,0,0,0,0,0,2097152,2097152,2097152,68,1024,2048,2048,62,32768,4194304,4194304,131,128,2097152,2097152,21,64,65536,262144,21,10.84,9.45,1.39,62,0,0,103,0,380,0,0,10078,4538,12782,0,42,21,0
14288867529800,500,2048,16384,32768,3576,512,8192,8192,499,4096,16384,16384,421,8192,16384,16384,74,0,0,0,0,2048,8192,16384,120,512,8192,8192,411,2048,8192,16384,88,0,0,0,0,2048,131072,262144,5270,524288,524288,524288,41,131072,131072,131072,41,262144,262144,524288,41,64,256,256,41,128,16384,32768,41,64,512,8192,1055,128,512,8192,659,128,512,8192,32184,128,512,4096,3789,64,256,512,291,128,512,2048,1395,128,1024,2048,834,64,512,1024,834,64,256,4096,8424,64,256,512,720,64,256,512,90,0,0,0,0,0,0,0,0,0,0,0,0,2097152,2097152,2097152,32,1024,1024,2048,38,64,2097152,2097152,69,64,128,128,20,64,131072,131072,20,11.83,9.57,2.27,38,0,0,120,0,495,0,0,12216,5304,15734,0,41,20,0
14289904056500,600,4096,16384,16384,4332,512,8192,8192,610,4096,16384,16384,492,8192,16384,16384,74,0,0,0,0,4096,16384,16384,122,1024,8192,8192,559,2048,8192,16384,80,0,0,0,0,1024,131072,262144,6366,524288,524288,524288,42,131072,262144,262144,42,262144,524288,524288,42,64,128,256,42,64,128,1024,42,64,512,1024,1698,128,512,8192,798,128,512,8192,38988,128,512,4096,4428,64,256,256,360,128,512,1024,1539,128,1024,2048,744,64,1024,2048,744,64,512,4096,10251,128,512,4096,909,64,512,512,159,0,0,0,0,0,0,0,0,0,0,0,0,2097152,2097152,2097152,100,1024,2048,2048,100,128,4194304,4194304,200,128,1048576,1048576,21,128,131072,131072,21,13.07,9.17,3.90,100,0,0,122,0,566,0,1,14134,6517,18715,0,42,21,0
14290940010300,700,2048,8192,16384,4780,512,8192,16384,666,4096,16384,32768,526,8192,16384,32768,105,0,0,0,0,2048,8192,16384,130,512,8192,8192,645,2048,8192,16384,97,0,0,0,0,128,65536,262144,7037,524288,524288,524288,41,131072,262144,262144,41,262144,524288,524288,41,128,128,128,41,64,8192,32768,41,64,512,1024,1577,128,512,4096,677,128,512,4096,43020,128,512,4096,4734,64,256,512,408,128,512,4096,1737,128,1024,2048,753,64,1024,4096,753,64,256,1024,10980,64,512,512,1107,128,512,512,186,0,0,0,0,0,0,0,0,0,0,0,0,2097152,2097152,4194304,100,1024,1024,2048,100,2097152,16777216,33554432,200,64,2097152,4194304,21,64,131072,262144,21,13.95,10.18,3.77,100,0,0,130,0,631,0,0,15040,7162,20255,0,41,21,0
14291975727200,800,2048,8192,16384,5471,512,8192,16384,760,4096,16384,16384,594,8192,16384,16384,124,0,0,0,0,2048,8192,16384,190,512,4096,8192,685,2048,8192,8192,105,0,0,0,0,64,65536,262144,8012,524288,524288,524288,41,131072,262144,262144,41,262144,524288,524288,41,64,128,128,41,64,128,65536,41,64,512,512,1779,128,512,1024,879,128,512,4096,49239,128,512,4096,5346,64,256,256,534,128,512,1024,1863,256,1024,2048,716,64,1024,2048,716,64,256,512,11349,64,256,512,1125,64,256,512,144,0,0,0,0,0,0,0,0,0,0,0,0,2097152,2097152,4194304,100,1024,2048,2048,100,2097152,16777216,67108864,200,128,8388608,8388608,20,128,262144,262144,20,14.35,10.32,4.03,100,0,0,190,0,718,0,9,15698,8129,21442,0,41,20,0
14293012765700,892,2048,8192,16384,6017,512,4096,8192,872,4096,16384,16384,681,8192,16384,16384,162,0,0,0,0,2048,8192,16384,175,512,4096,8192,703,2048,8192,32768,105,0,0,0,0,64,65536,262144,8802,524288,524288,524288,42,262144,262144,262144,42,262144,524288,524288,42,64,128,256,42,64,16384,65536,42,64,512,1024,1928,128,512,4096,1100,128,512,4096,54153,128,512,1024,6129,64,256,256,726,128,512,1024,2241,256,1024,2048,767,64,1024,2048,767,64,512,1024,13293,64,512,1024,1395,64,512,512,159,0,0,0,0,0,0,0,0,0,0,0,0,2097152,8388608,8388608,95,1024,2048,2048,95,2097152,67108864,67108864,191,128,16777216,16777216,20,128,131072,131072,20,13.81,9.67,4.14,95,0,0,175,0,843,0,0,16779,8874,23397,0,42,20,0
14294045892100,926,4096,16384,16384,5923,512,8192,8192,814,4096,16384,16384,706,8192,16384,32768,160,0,0,0,0,2048,8192,16384,176,512,4096,8192,545,2048,8192,8192,123,0,0,0,0,2048,131072,262144,8517,524288,1048576,1048576,38,262144,262144,524288,38,262144,524288,524288,38,128,128,256,38,128,32768,65536,38,128,512,1024,1415,128,512,1024,1109,128,512,4096,53307,128,512,2048,6354,64,256,512,659,128,512,1024,2052,256,2048,2048,681,128,1024,2048,681,64,512,4096,12519,128,512,1024,1116,128,512,512,93,0,0,0,0,0,0,0,0,0,0,0,0,2097152,8388608,8388608,50,1024,1024,2048,43,131072,33554432,67108864,93,128,16777216,16777216,20,64,131072,131072,20,13.36,8.82,4.54,43,0,0,176,0,866,0,0,18163,8560,24743,0,38,20,0
14295086124200,970,2048,8192,16384,7468,512,1024,8192,1089,4096,16384,16384,878,8192,16384,16384,211,0,0,0,0,2048,4096,8192,210,512,1024,8192,917,1024,2048,8192,181,0,0,0,0,64,65536,262144,11035,524288,1048576,1048576,45,262144,524288,524288,45,262144,524288,1048576,45,64,128,256,45,64,65536,2097152,45,64,512,1024,2196,128,512,1024,1800,64,512,1024,67212,64,512,1024,7902,64,256,512,1143,128,512,1024,2601,256,2048,8192,906,128,1024,4096,906,64,512,1024,15003,128,512,1024,1656,128,512,1024,231,0,0,0,0,0,0,0,0,0,0,0,0,8388608,8388608,16777216,55,1024,2048,2048,62,8388608,134217728,134217728,116,8388608,67108864,67108864,23,64,65536,131072,23,18.06,10.03,8.03,62,0,0,210,0,1089,30,42,10625,7786,22189,0,45,23,0
14296118710600,970,4096,16384,16384,7174,512,8192,8192,980,8192,16384,16384,772,8192,16384,16384,211,0,0,0,0,4096,8192,16384,201,1024,8192,8192,848,2048,8192,16384,141,0,0,0,0,8192,131072,524288,10367,1048576,1048576,1048576,41,262144,524288,524288,41,524288,524288,524288,41,128,128,128,41,128,2048,65536,41,256,1024,4096,1330,256,1024,4096,1330,256,1024,4096,64566,128,1024,4096,6948,64,512,512,945,256,1024,4096,2079,256,2048,4096,824,128,2048,4096,824,128,512,4096,14355,256,512,4096,1431,64,512,1024,111,0,0,0,0,0,0,0,0,0,0,0,0,0,0,0,0,0,0,0,0,0,0,0,0,64,128,128,20,128,256,256,20,10.71,9.83,0.88,0,0,0,201,0,983,0,0,21374,10296,26932,0,41,20,0
14297152002700,970,4096,8192,16384,7007,512,4096,8192,1026,8192,16384,16384,794,8192,16384,16384,242,0,0,0,0,2048,8192,8192,224,512,8192,8192,818,2048,8192,16384,139,0,0,0,0,2048,131072,262144,10288,524288,1048576,1048576,41,262144,262144,524288,41,524288,524288,524288,41,64,128,128,41,64,1024,2048,41,128,1024,8192,1164,128,1024,4096,1164,128,1024,4096,63063,128,512,4096,7146,64,256,512,1420,128,512,4096,2349,256,2048,4096,894,128,1024,2048,894,64,512,4096,13770,128,512,2048,1476,64,512,4096,261,0,0,0,0,0,0,0,0,0,0,0,0,32768,32768,32768,2,0,0,0,0,64,64,64,2,64,128,128,21,128,256,256,21,12.34,9.69,2.64,0,0,0,224,0,1036,0,0,21338,10214,27343,0,41,21,0
14298187213800,1000,2048,8192,16384,7213,512,4096,8192,1028,4096,16384,16384,806,8192,16384,32768,248,0,0,0,0,2048,8192,8192,207,512,8192,8192,824,2048,8192,8192,134,0,0,0,0,1024,65536,262144,10481,524288,1048576,1048576,42,262144,262144,524288,42,262144,524288,524288,42,256,256,256,42,64,128,128,42,128,512,4096,1720,128,512,4096,1450,128,512,4096,64917,128,512,2048,7254,64,256,512,1490,128,512,1024,2016,128,2048,4096,884,64,1024,2048,902,64,512,4096,13932,128,512,2048,1395,64,512,512,231,128,256,256,9,0,0,0,0,0,0,0,0,2097152,2097152,2097152,28,1024,1024,1024,30,64,64,128,58,128,128,1048576,21,128,65536,65536,21,13.19,10.05,3.14,30,0,0,207,0,1054,0,0,21218,10484,28167,0,42,21,0
14299222578700,1000,2048,8192,16384,7255,512,4096,8192,1015,4096,16384,16384,822,8192,16384,16384,248,0,0,0,1,2048,8192,8192,215,512,4096,8192,797,2048,8192,8192,121,0,0,0,0,512,65536,131072,10514,524288,524288,524288,41,262144,262144,262144,41,262144,524288,524288,41,256,256,256,41,64,8192,16384,41,128,512,1024,1281,128,512,4096,1281,128,512,4096,65295,64,512,1024,7398,64,256,512,1398,128,512,4096,1980,256,2048,8192,819,128,1024,4096,837,64,256,4096,13509,64,512,2048,1458,64,256,512,138,0,256,256,9,0,256,256,9,0,0,0,0,0,0,0,0,0,0,0,0,0,0,0,0,64,128,128,20,128,128,128,20,10.94,9.18,1.76,0,1,0,215,0,1070,0,0,21608,10464,28206,0,41,20,0
14300259073300,1000,2048,8192,16384,7302,512,4096,8192,1013,4096,16384,16384,817,8192,16384,32768,208,0,0,0,0,2048,8192,16384,184,512,4096,8192,818,2048,8192,8192,127,0,0,0,0,1024,65536,131072,10519,524288,524288,524288,42,262144,262144,262144,42,262144,524288,524288,42,256,512,512,42,64,128,128,42,128,512,4096,1230,128,512,4096,1230,128,512,4096,65718,128,512,2048,7353,64,256,512,1289,128,512,4096,1719,256,2048,4096,827,128,1024,4096,836,64,512,1024,13968,128,512,4096,1530,64,512,4096,186,128,256,256,9,0,0,0,0,0,0,0,0,0,0,0,0,0,0,0,0,0,0,0,0,64,128,128,21,128,128,256,21,9.68,9.06,0.63,0,0,0,184,0,1025,0,1,21234,10468,27516,0,42,21,0
14301294002200,1000,2048,8192,16384,7354,512,4096,8192,1010,4096,16384,16384,837,8192,16384,16384,224,0,0,0,1,2048,8192,8192,216,512,4096,8192,817,2048,8192,8192,142,0,0,0,0,1024,65536,262144,10676,524288,1048576,1048576,41,262144,524288,524288,41,262144,524288,524288,41,256,512,512,41,64,256,16384,41,128,512,2048,1371,128,512,4096,1371,128,512,4096,66186,128,512,4096,7533,64,256,512,1451,128,512,4096,1890,256,2048,4096,834,128,1024,8192,843,64,512,4096,14202,128,512,4096,1431,64,512,4096,207,0,0,0,0,256,256,256,9,0,0,0,0,0,0,0,0,0,0,0,0,0,0,0,0,64,128,256,21,128,128,128,21,10.57,9.43,1.13,0,1,0,216,0,1061,0,0,21517,10612,27864,0,41,21,0
14302327335500,1000,2048,8192,16384,7204,512,4096,8192,1000,4096,16384,16384,807,8192,16384,16384,169,0,0,0,1,2048,8192,8192,210,512,4096,8192,812,2048,8192,8192,142,0,0,0,0,512,65536,262144,10438,524288,1048576,1048576,41,262144,262144,262144,41,262144,524288,524288,41,256,256,512,41,64,128,16384,41,128,512,4096,1229,128,512,4096,1229,128,512,4096,64836,128,512,4096,7263,64,256,512,1118,128,512,2048,1620,256,2048,8192,746,64,1024,4096,755,64,512,4096,14013,128,512,512,1512,64,512,512,228,0,128,128,9,0,256,256,9,0,0,0,0,0,0,0,0,0,0,0,0,0,0,0,0,64,128,128,20,128,128,128,20,11.46,9.19,2.27,0,1,0,210,0,976,0,0,21251,10360,27675,0,41,20,0
14303363914100,1000,2048,8192,16384,7496,512,4096,8192,1034,4096,8192,16384,818,8192,16384,16384,202,0,0,0,0,2048,8192,8192,213,512,4096,8192,821,1024,4096,8192,153,0,0,0,0,1024,65536,131072,10817,524288,1048576,1048576,42,262144,262144,262144,42,262144,524288,524288,42,128,256,512,42,64,128,128,42,128,512,4096,1472,128,512,4096,1472,128,512,4096,67464,64,512,2048,7362,64,256,512,1309,128,512,2048,1863,128,2048,4096,846,128,1024,4096,855,64,256,4096,13806,64,256,1024,1467,64,256,512,228,0,0,0,0,0,0,0,0,0,0,0,0,0,0,0,0,0,0,0,0,0,0,0,0,64,128,128,21,128,128,256,21,12.69,10.18,2.51,0,0,0,213,0,1020,0,46,21639,10764,27228,0,42,21,0
14304398190700,1000,2048,8192,16384,7146,512,4096,8192,1004,4096,8192,16384,793,8192,16384,16384,145,8192,8192,8192,2,2048,8192,8192,208,512,4096,8192,816,1024,8192,8192,141,0,0,0,0,512,65536,262144,10357,524288,524288,524288,41,262144,262144,262144,41,262144,524288,524288,41,128,256,256,41,64,128,32768,41,64,512,4096,1232,128,512,4096,1232,128,512,4096,64314,64,512,4096,7137,64,256,512,998,64,512,4096,1503,256,2048,4096,897,128,1024,2048,915,64,256,4096,12897,64,256,512,1395,64,256,512,192,64,256,256,18,64,256,256,18,0,0,0,0,0,0,0,0,0,0,0,0,0,0,0,0,64,128,128,21,128,128,128,21,12.45,10.06,2.39,0,2,0,208,0,938,0,0,20951,10295,27580,0,41,21,0
14305434448600,970,2048,8192,16384,7355,512,4096,8192,1009,4096,16384,16384,827,8192,16384,16384,207,0,0,0,1,2048,8192,8192,168,512,8192,8192,817,2048,8192,8192,135,0,0,0,0,2048,65536,262144,10603,524288,1048576,1048576,42,262144,262144,262144,42,262144,524288,524288,42,256,256,256,42,64,128,8192,42,64,512,4096,1287,64,512,1024,1557,128,512,4096,66195,128,512,4096,7443,64,256,512,1252,128,512,4096,1917,256,2048,4096,848,128,1024,2048,875,64,512,4096,13140,128,512,1024,1323,64,256,512,144,128,256,256,9,256,1024,1024,9,0,0,0,0,0,0,0,0,0,0,0,0,0,0,0,0,64,128,128,21,128,128,128,21,11.20,9.06,2.14,0,1,0,168,0,1034,30,15,21679,10567,27245,0,42,21,0
14306469015900,970,4096,8192,16384,6962,512,8192,8192,1028,4096,16384,16384,796,8192,16384,32768,173,8192,8192,8192,2,2048,8192,8192,223,512,4096,8192,804,2048,8192,8192,127,0,0,0,1,2048,65536,524288,10207,524288,1048576,1048576,41,262144,262144,524288,41,262144,524288,524288,41,256,512,512,41,64,128,32768,41,128,512,4096,1167,128,512,2048,1167,128,512,4096,62658,128,512,1024,7164,64,256,512,1004,128,512,2048,1737,128,2048,4096,696,64,1024,4096,741,64,512,4096,12222,128,512,1024,1440,64,512,4096,261,64,256,256,18,128,4096,4096,18,128,256,256,9,0,0,0,0,0,0,0,0,0,0,0,0,64,128,128,20,128,256,256,20,10.43,8.92,1.51,0,2,0,223,0,969,0,0,20799,10140,26970,0,41,20,0
14307517576200,992,2048,8192,16384,7061,512,4096,8192,976,4096,8192,16384,782,8192,16384,16384,179,0,0,0,1,2048,8192,8192,215,512,4096,8192,803,2048,8192,8192,127,0,0,0,0,1024,65536,262144,10231,524288,1048576,1048576,42,262144,262144,262144,42,262144,524288,524288,42,256,512,512,42,64,8192,65536,42,64,512,4096,1439,64,512,4096,1241,128,512,4096,63549,64,512,4096,7038,64,256,512,960,64,512,1024,1656,256,2048,4096,762,128,1024,4096,771,64,512,4096,12627,128,512,4096,1449,64,512,4096,234,0,256,256,9,64,256,256,9,0,0,0,0,16384,2097152,2097152,30,1024,1024,2048,22,64,64,64,52,64,128,128,21,64,256,131072,21,10.54,9.16,1.38,22,1,0,215,0,961,0,0,20501,10213,27152,0,42,21,0
14308554146400,1000,2048,8192,16384,7364,512,4096,8192,1000,4096,16384,16384,829,8192,16384,16384,202,8192,8192,8192,2,2048,8192,16384,229,512,4096,8192,804,2048,8192,8192,134,0,0,0,1,512,65536,131072,10638,524288,524288,1048576,41,262144,262144,262144,41,262144,524288,524288,41,256,256,512,41,64,128,65536,42,128,512,4096,1497,128,512,2048,1425,128,512,4096,66276,64,512,4096,7461,64,256,512,1014,128,512,1024,1836,256,2048,4096,791,128,1024,4096,809,64,512,4096,13122,64,512,4096,1449,64,512,1024,201,128,256,256,18,256,1024,1024,18,64,256,256,9,0,0,0,0,1024,1024,1024,8,64,64,64,8,64,128,128,21,128,128,16384,21,9.82,8.70,1.12,8,2,0,229,0,1031,0,7,21296,10578,27727,0,41,21,0
14309592085300,1000,2048,8192,16384,7424,512,4096,8192,1000,4096,8192,16384,851,4096,16384,16384,212,8192,8192,8192,2,2048,8192,8192,196,512,4096,8192,844,2048,4096,8192,144,0,0,0,1,1024,65536,131072,10754,524288,524288,524288,42,262144,262144,262144,42,262144,524288,524288,42,256,256,256,42,64,128,128,41,128,512,1024,1283,64,512,4096,1283,64,512,4096,66816,64,512,1024,7659,64,256,512,1089,128,512,1024,1953,256,2048,8192,810,128,1024,4096,837,64,256,4096,13248,64,256,1024,1485,64,512,512,264,64,256,256,18,64,256,256,18,64,256,256,9,0,0,0,0,0,0,0,0,0,0,0,0,64,128,128,21,128,128,128,21,10.66,9.41,1.25,0,2,0,196,0,1063,0,0,21656,10698,27615,0,42,21,0
14310625799400,1000,2048,8192,16384,7394,512,4096,8192,1074,4096,8192,16384,803,4096,16384,32768,204,8192,8192,8192,3,2048,8192,16384,182,512,4096,8192,826,1024,4096,8192,153,0,0,0,0,512,65536,262144,10698,524288,524288,1048576,41,131072,262144,262144,41,262144,524288,524288,41,256,512,512,41,64,128,32768,41,128,512,4096,1187,128,512,4096,1187,128,512,4096,66546,64,512,1024,7227,64,256,512,1028,128,512,1024,1683,256,2048,8192,768,128,1024,4096,813,64,256,2048,13392,64,512,4096,1422,128,512,512,204,64,512,512,54,0,512,1024,27,0,0,0,0,0,0,0,0,0,0,0,0,0,0,0,0,64,128,128,20,128,128,128,20,11.23,9.84,1.39,0,3,0,182,0,1007,0,2,21106,10633,27120,0,41,20,0
14311661493000,1000,2048,8192,16384,7280,512,4096,8192,1044,4096,8192,16384,805,4096,16384,32768,228,8192,16384,16384,8,2048,8192,8192,217,512,4096,8192,822,2048,4096,8192,121,0,0,0,0,1024,65536,262144,10578,524288,524288,524288,42,262144,262144,262144,42,262144,524288,524288,42,256,512,512,42,64,4096,32768,42,64,512,4096,1350,128,512,4096,1350,128,512,4096,65520,64,512,4096,7245,64,256,512,1221,128,512,2048,1782,128,2048,16384,843,128,1024,16384,897,64,256,4096,13869,64,256,4096,1485,64,256,4096,228,64,256,512,54,128,1024,4096,72,0,0,0,0,0,0,0,0,0,0,0,0,0,0,0,0,64,128,128,21,128,128,128,21,10.18,8.80,1.38,0,8,0,217,0,1033,0,0,21267,10507,27549,0,42,21,0
14312695298800,1000,2048,8192,16384,7220,512,4096,8192,1003,4096,8192,16384,814,4096,16384,16384,241,8192,16384,16384,7,2048,8192,8192,229,512,4096,8192,818,1024,8192,8192,155,0,0,0,0,1024,65536,131072,10522,524288,524288,524288,41,131072,262144,262144,41,262144,524288,524288,41,256,256,512,41,64,128,128,41,64,512,4096,1226,64,512,4096,1226,64,512,4096,64980,64,512,4096,7326,64,256,512,1259,128,512,4096,1701,128,2048,16384,759,64,1024,1024,840,64,256,4096,12501,64,256,1024,1314,64,256,2048,192,64,256,512,54,128,1024,4096,63,0,0,0,0,0,0,0,0,0,0,0,0,0,0,0,0,64,128,128,21,128,128,128,21,10.19,8.93,1.26,0,7,0,229,0,1055,0,12,21444,10450,27831,0,41,21,0
14313729417300,1000,2048,8192,16384,7162,512,4096,8192,999,4096,8192,16384,823,4096,16384,16384,262,8192,8192,8192,6,2048,8192,8192,209,512,4096,8192,823,2048,8192,8192,131,0,0,0,1,1024,65536,131072,10449,524288,524288,524288,42,262144,262144,262144,42,262144,262144,524288,42,256,256,512,42,64,128,4096,42,64,512,4096,1425,64,512,4096,1425,64,512,4096,64458,64,512,2048,7407,64,256,512,1393,128,512,1024,1917,256,2048,4096,929,128,1024,4096,1037,64,256,4096,13383,64,256,4096,1368,64,256,512,141,128,256,512,54,128,512,512,54,128,512,512,9,0,0,0,0,0,0,0,0,0,0,0,0,64,128,128,21,128,128,128,21,11.08,9.69,1.38,0,6,0,209,4,1085,0,0,20994,10372,27788,0,42,21,0
14314766296200,1000,2048,8192,16384,7304,512,4096,8192,998,4096,8192,16384,825,8192,16384,16384,214,8192,32768,32768,6,2048,8192,8192,194,512,4096,8192,803,2048,4096,8192,125,0,0,0,1,128,65536,262144,10513,524288,524288,524288,41,131072,262144,262144,41,262144,524288,524288,41,128,256,512,41,128,128,8192,41,64,512,2048,1125,64,512,4096,1125,64,512,4096,65736,64,512,2048,7425,64,256,512,1169,64,512,4096,1665,256,2048,4096,909,128,1024,4096,999,64,256,4096,12150,64,256,512,1314,64,256,512,174,128,256,512,72,256,512,4096,54,128,256,256,9,0,0,0,0,0,0,0,0,0,0,0,0,64,128,128,20,128,256,256,20,10.56,8.92,1.63,0,6,0,194,14,1039,0,0,21440,10457,27578,0,41,20,0
14315800481100,970,2048,8192,16384,7130,512,4096,8192,1023,4096,8192,16384,806,8192,16384,16384,223,8192,8192,8192,11,2048,8192,8192,197,512,4096,8192,789,1024,8192,8192,145,2048,2048,2048,2,256,65536,131072,10397,524288,524288,1048576,41,262144,262144,262144,41,262144,524288,524288,41,256,512,512,41,128,16384,16384,41,128,512,4096,1281,64,512,4096,1551,64,512,4096,64170,64,512,4096,7254,64,256,512,1439,64,512,4096,1692,256,2048,4096,870,128,1024,4096,960,64,256,4096,12150,64,256,2048,1134,64,256,4096,225,64,256,512,90,128,512,512,99,64,1024,1024,18,0,0,0,0,0,0,0,0,0,0,0,0,64,128,128,21,128,128,256,21,11.19,9.18,2.01,0,11,0,197,9,1029,30,0,20899,10346,27728,0,41,21,0
14316836060900,970,2048,8192,16384,7170,512,4096,8192,969,4096,8192,16384,810,4096,16384,16384,192,8192,8192,8192,6,2048,8192,8192,216,512,4096,8192,816,1024,8192,8192,117,2048,2048,2048,4,512,65536,131072,10374,524288,524288,524288,42,262144,262144,262144,42,262144,524288,524288,42,256,256,256,42,64,128,8192,42,64,512,4096,1257,128,512,4096,1257,128,512,4096,64530,64,512,2048,7290,64,256,512,1170,64,512,4096,1575,128,1024,8192,750,128,1024,2048,831,64,256,4096,12294,64,256,1024,1368,64,512,512,198,64,512,512,54,128,512,512,54,0,512,512,36,0,0,0,0,0,0,0,0,0,0,0,0,64,128,256,21,128,128,128,21,10.83,9.32,1.51,0,6,0,216,22,1002,0,6,20919,10307,26606,0,42,21,0
14317871962600,1000,2048,8192,16384,7105,512,4096,8192,999,4096,8192,16384,766,8192,16384,16384,188,8192,8192,8192,8,2048,8192,8192,200,512,4096,8192,811,1024,4096,8192,146,0,0,0,1,2048,65536,262144,10316,524288,524288,524288,41,262144,262144,262144,41,262144,262144,524288,41,256,512,512,41,64,16384,65536,41,64,512,1024,1604,128,512,4096,1334,128,512,4096,63945,128,512,4096,6894,64,256,512,1258,128,512,2048,1638,256,2048,16384,774,128,1024,2048,873,64,256,4096,11709,64,512,4096,1215,64,512,512,219,128,1024,4096,90,128,512,512,72,256,512,512,9,16384,2097152,2097152,30,1024,1024,1024,30,64,64,128,60,64,128,128,20,128,131072,131072,20,12.57,9.68,2.89,30,8,0,200,17,954,0,0,21016,10298,27911,0,41,20,0
14318906555600,1000,2048,8192,16384,7410,512,4096,8192,1135,4096,8192,16384,829,8192,16384,16384,186,8192,8192,8192,8,2048,8192,8192,211,512,8192,8192,829,2048,8192,8192,146,4096,4096,4096,2,1024,65536,262144,10835,524288,524288,524288,42,262144,262144,262144,42,262144,524288,524288,42,256,512,512,42,64,128,128,42,64,512,4096,1164,128,512,2048,1164,128,512,4096,66690,64,512,1024,7461,64,256,512,1118,64,512,1024,1485,128,2048,4096,804,128,1024,2048,876,64,512,4096,12510,64,512,2048,1215,64,512,4096,231,64,256,256,63,128,256,512,72,128,512,512,18,0,0,0,0,0,0,0,0,0,0,0,0,64,128,128,21,128,128,128,21,10.69,8.55,2.14,0,8,0,211,34,1015,0,5,21714,10749,27508,0,42,21,0
14319943150700,1000,2048,8192,16384,7193,512,4096,8192,999,4096,16384,16384,817,8192,16384,16384,191,8192,8192,8192,7,2048,8192,16384,207,512,4096,8192,808,2048,8192,8192,135,0,0,0,0,1024,65536,131072,10451,524288,1048576,1048576,41,262144,262144,524288,41,262144,524288,524288,41,256,512,1024,41,128,256,8192,41,128,512,1024,1304,128,512,1024,1304,128,512,4096,64737,64,512,4096,7353,64,256,512,1291,64,512,1024,1728,256,2048,16384,868,128,1024,2048,922,64,512,4096,12258,64,256,4096,1440,64,256,512,234,64,256,256,54,128,256,512,63,0,0,0,0,0,0,0,0,0,0,0,0,0,0,0,0,64,128,128,21,128,128,256,21,10.69,9.31,1.38,0,7,0,207,29,1008,0,2,21092,10366,27469,0,41,21,0
14320977704600,1000,2048,8192,16384,7207,512,4096,8192,1032,4096,8192,16384,838,4096,16384,16384,192,8192,8192,8192,4,2048,8192,8192,197,512,4096,8192,805,2048,8192,8192,137,2048,2048,2048,2,512,65536,131072,10518,524288,524288,1048576,41,262144,262144,262144,41,262144,524288,524288,41,256,256,512,41,64,128,8192,41,128,512,4096,1482,64,512,4096,1482,128,512,4096,64863,64,512,4096,7542,64,256,512,1083,128,512,1024,1881,128,2048,4096,921,64,1024,2048,912,64,256,4096,13212,64,512,4096,1305,64,256,512,213,128,256,4096,36,128,4096,4096,36,128,256,256,18,0,0,0,0,0,0,0,0,0,0,0,0,64,128,128,20,128,128,128,20,11.82,10.19,1.64,0,4,0,197,23,1030,0,0,21149,10451,27709,0,41,20,0
14322012516600,1000,2048,8192,16384,7213,512,4096,8192,1000,4096,8192,16384,793,4096,8192,16384,160,8192,16384,16384,4,2048,8192,8192,193,512,4096,8192,818,2048,8192,8192,134,0,0,0,0,512,65536,262144,10401,524288,524288,524288,42,262144,262144,262144,42,262144,524288,524288,42,256,256,512,42,64,128,128,42,128,512,4096,1194,128,512,4096,1194,128,512,4096,64917,128,512,4096,7137,64,256,512,911,128,512,2048,1593,256,2048,8192,882,128,1024,2048,873,64,512,4096,12069,64,256,1024,1233,128,256,512,162,64,256,256,27,128,512,4096,36,0,0,0,0,0,0,0,0,0,0,0,0,0,0,0,0,64,128,128,21,128,128,128,21,11.19,9.06,2.14,0,4,0,193,33,953,0,0,20963,10354,27171,0,42,21,0
14323049188400,1000,2048,8192,16384,7324,512,4096,8192,1054,4096,8192,16384,825,4096,16384,16384,199,8192,8192,8192,6,2048,8192,8192,234,512,4096,8192,815,1024,8192,8192,147,0,0,0,0,512,65536,131072,10696,524288,524288,524288,41,262144,262144,262144,41,262144,262144,524288,41,256,512,512,41,64,128,4096,41,64,512,4096,1278,128,512,4096,1278,128,512,4096,65916,64,512,4096,7425,64,256,512,1056,128,512,4096,2034,128,1024,4096,711,64,1024,2048,756,64,256,4096,11457,64,256,4096,1377,64,256,512,201,64,256,512,54,128,1024,4096,54,0,0,0,0,0,0,0,0,0,0,0,0,0,0,0,0,64,128,128,21,128,128,128,21,11.06,9.55,1.51,0,6,0,234,25,1024,0,0,21578,10634,27889,0,41,21,0
14324084551900,1000,2048,8192,16384,7390,512,4096,8192,1045,4096,8192,16384,812,4096,16384,32768,188,8192,8192,8192,4,2048,8192,8192,202,512,4096,8192,845,1024,8192,8192,137,0,0,0,1,256,65536,131072,10718,524288,524288,524288,42,131072,262144,262144,42,262144,524288,524288,42,128,256,256,42,64,128,16384,42,64,512,2048,1322,64,512,4096,1322,64,512,4096,66510,64,512,2048,7308,64,256,512,1001,64,512,1024,2034,256,2048,8192,804,128,1024,4096,759,64,256,4096,12420,64,256,1024,1251,64,256,4096,228,128,256,512,45,128,256,256,36,64,512,512,9,0,0,0,0,0,0,0,0,0,0,0,0,64,128,128,21,128,128,128,21,9.69,9.06,0.63,0,4,0,202,44,1000,0,0,21511,10641,27624,0,42,21,0
14325117129400,1000,2048,8192,16384,7411,512,4096,8192,1000,4096,8192,16384,799,4096,16384,16384,211,8192,8192,8192,8,2048,8192,8192,205,512,4096,8192,809,2048,8192,8192,132,4096,4096,4096,2,64,65536,131072,10635,524288,524288,524288,41,262144,262144,262144,41,262144,524288,524288,41,256,512,512,41,64,128,128,41,64,512,4096,1341,128,512,4096,1341,128,512,4096,66699,64,512,1024,7191,64,256,512,1031,128,512,1024,1998,256,2048,4096,879,128,1024,4096,906,64,256,4096,12663,64,256,2048,1161,64,512,512,192,64,256,256,81,128,512,512,72,128,512,512,18,0,0,0,0,0,0,0,0,0,0,0,0,64,128,128,20,128,128,128,20,12.72,9.82,2.90,0,8,0,205,29,1010,0,0,21248,10565,27132,0,41,20,0
14326153382000,970,2048,8192,16384,6944,512,4096,8192,974,4096,8192,16384,793,4096,16384,16384,214,8192,16384,16384,12,2048,8192,8192,195,512,4096,8192,794,2048,8192,8192,139,0,0,0,0,128,65536,131072,10118,524288,524288,524288,41,131072,262144,262144,41,262144,524288,524288,41,256,512,512,41,64,128,8192,42,128,512,4096,1087,64,512,1024,1360,128,512,4096,62496,64,512,1024,7137,64,256,512,1024,128,512,4096,1791,256,2048,4096,846,128,1024,4096,909,64,256,4096,12366,64,256,512,1323,64,512,4096,243,128,512,512,117,128,512,4096,108,0,0,0,0,0,0,0,0,0,0,0,0,0,0,0,0,64,128,128,21,128,128,128,21,14.20,10.30,3.90,0,12,0,195,30,1007,30,0,20773,10083,27585,0,41,21,0
14327189186800,970,2048,8192,16384,7156,512,4096,8192,1018,4096,8192,16384,822,4096,16384,16384,249,8192,8192,8192,13,2048,8192,8192,199,512,4096,8192,810,1024,8192,8192,131,0,0,0,0,512,65536,262144,10467,524288,524288,524288,42,262144,262144,262144,42,262144,524288,524288,42,256,512,512,42,64,128,32768,41,128,512,4096,1288,128,512,1024,1285,128,512,4096,64404,64,512,2048,7398,64,256,512,1377,128,512,1024,2016,256,2048,4096,990,128,1024,4096,1062,64,256,4096,12096,64,256,512,1215,64,256,4096,294,64,256,512,90,128,256,512,117,0,0,0,0,2097152,2097152,2097152,3,0,0,0,0,64,64,64,4,64,128,128,21,128,256,256,21,10.06,9.18,0.88,0,13,0,199,33,1071,0,0,21005,10392,27543,0,42,21,0
14328223150100,1000,2048,8192,16384,7080,512,4096,8192,1024,4096,16384,16384,805,4096,16384,16384,236,8192,8192,8192,9,2048,8192,8192,209,512,4096,8192,788,2048,8192,8192,123,0,0,0,1,512,65536,262144,10317,524288,524288,524288,41,262144,262144,262144,41,262144,524288,524288,41,256,256,512,41,64,128,128,41,64,512,4096,1637,128,512,4096,1367,128,512,4096,63720,64,512,4096,7245,64,256,512,1230,128,512,2048,1584,256,2048,4096,840,128,1024,2048,912,64,512,4096,11511,64,512,4096,1260,64,512,4096,228,64,256,512,108,128,512,1024,81,64,256,256,9,16384,2097152,2097152,27,1024,1024,1024,30,64,128,128,56,64,128,128,20,128,131072,131072,20,11.96,10.07,1.89,30,9,4,209,28,1041,0,0,21243,10303,28168,0,41,20,0
14329259521000,1000,2048,8192,16384,7461,512,4096,8192,1042,4096,8192,16384,834,8192,16384,16384,205,8192,8192,8192,13,2048,8192,8192,227,512,4096,8192,858,2048,8192,8192,137,4096,4096,4096,2,128,65536,131072,10817,524288,524288,1048576,42,262144,262144,262144,42,262144,524288,524288,42,256,512,1024,42,64,16384,65536,42,64,512,4096,1346,64,512,4096,1346,128,512,4096,67149,128,512,4096,7506,64,256,512,1082,128,512,4096,1314,256,1024,4096,914,128,1024,2048,1004,64,512,4096,11520,64,512,4096,990,64,256,512,249,64,256,512,108,128,512,4096,117,256,256,256,18,0,0,0,0,0,0,0,0,0,0,0,0,64,128,128,21,128,128,128,21,11.43,9.30,2.14,0,13,12,227,29,1039,0,0,21493,10742,27814,0,42,21,0
14330297682000,1000,2048,8192,16384,7405,512,4096,8192,1001,4096,16384,16384,812,8192,16384,16384,248,8192,16384,16384,10,2048,8192,16384,191,512,4096,8192,802,2048,8192,8192,154,0,0,0,0,1024,65536,131072,10690,524288,1048576,1048576,41,262144,262144,524288,41,262144,524288,524288,41,256,512,512,41,64,128,128,41,128,512,1024,1283,128,512,4096,1283,128,512,4096,66645,128,512,2048,7308,64,512,512,1356,128,512,1024,1719,256,2048,4096,827,256,1024,2048,890,64,512,4096,11340,128,512,1024,1269,64,256,512,204,64,512,512,72,128,512,4096,90,0,0,0,0,0,0,0,0,0,0,0,0,0,0,0,0,64,128,128,21,128,128,128,21,12.68,9.67,3.01,0,10,14,191,32,1060,0,6,21325,10609,27722,0,41,21,0
14331328576600,1000,2048,8192,16384,7268,512,4096,8192,1002,4096,8192,16384,810,8192,16384,16384,205,8192,8192,8192,4,2048,8192,16384,204,512,4096,8192,808,2048,8192,8192,166,0,0,0,0,512,65536,131072,10531,524288,524288,1048576,41,262144,262144,524288,41,262144,524288,524288,41,256,256,512,41,64,128,128,42,64,512,4096,1253,128,512,4096,1253,128,512,4096,65412,64,512,2048,7290,64,256,512,1236,128,512,4096,1422,256,2048,8192,843,128,1024,2048,915,64,256,4096,11763,64,256,2048,1125,64,512,512,288,64,512,512,90,128,512,2048,36,0,0,0,0,0,0,0,0,0,0,0,0,0,0,0,0,64,128,128,21,128,128,128,21,11.74,9.72,2.02,0,4,21,204,27,1015,0,16,21630,10473,27959,0,41,21,0
14332364122000,1000,2048,8192,16384,7178,512,4096,8192,1000,4096,16384,16384,812,8192,16384,32768,197,8192,16384,16384,15,2048,8192,8192,225,512,4096,8192,852,1024,8192,8192,115,0,0,0,1,1024,65536,262144,10492,524288,524288,524288,42,262144,262144,262144,42,262144,262144,524288,42,256,512,1024,42,128,256,8192,41,128,512,4096,1302,128,512,512,1302,128,512,4096,64602,64,512,4096,7308,64,256,1024,1270,64,512,4096,1404,256,1024,4096,804,128,1024,2048,957,64,256,4096,11907,64,512,1024,1107,64,256,512,300,128,512,512,108,128,512,512,135,0,512,512,9,0,0,0,0,0,0,0,0,0,0,0,0,64,128,128,20,128,256,256,20,12.31,10.05,2.26,0,15,24,225,27,1009,0,0,21275,10398,27940,0,42,20,0
14333399555400,1000,2048,8192,16384,7243,512,4096,8192,1121,4096,8192,16384,829,4096,16384,16384,179,8192,16384,16384,10,2048,8192,8192,187,512,4096,8192,812,1024,8192,8192,136,0,0,0,0,128,65536,131072,10606,524288,524288,1048576,41,262144,262144,524288,41,262144,524288,524288,41,256,512,1024,41,64,128,65536,41,128,512,1024,1418,128,512,4096,1418,64,512,4096,65187,64,512,1024,7461,64,256,512,1051,64,512,4096,1350,128,2048,4096,807,128,1024,2048,879,64,512,4096,11448,64,256,512,1143,64,256,1024,219,128,512,512,90,128,2048,4096,90,0,0,0,0,0,0,0,0,0,0,0,0,0,0,0,0,64,128,128,21,128,128,256,21,12.06,9.93,2.14,0,10,13,187,27,1008,0,0,21309,10539,27761,0,41,21,0
14334434037600,1000,2048,8192,16384,7282,512,4096,8192,1040,4096,8192,16384,804,4096,16384,16384,200,8192,16384,16384,14,2048,8192,8192,226,512,4096,8192,798,1024,8192,8192,124,0,0,0,1,64,65536,131072,10583,524288,524288,524288,42,131072,262144,262144,42,262144,262144,524288,42,256,512,512,42,128,128,128,42,128,512,4096,1296,64,512,4096,1296,128,512,4096,65538,64,512,1024,7236,64,256,512,1229,64,512,1024,1422,256,1024,4096,930,64,1024,2048,912,64,256,4096,11628,64,256,4096,1377,64,256,4096,273,128,512,4096,99,128,512,4096,126,128,256,256,9,0,0,0,0,0,0,0,0,0,0,0,0,64,128,128,21,128,128,128,21,11.96,10.07,1.89,0,14,21,226,30,1004,0,0,21537,10518,27892,0,42,21,0
14335470153000,970,2048,8192,16384,7248,512,4096,8192,998,4096,8192,16384,792,4096,16384,32768,185,4096,8192,8192,11,2048,8192,8192,188,512,4096,8192,798,2048,8192,8192,142,0,0,0,0,1024,65536,262144,10458,524288,524288,524288,41,131072,262144,262144,41,262144,524288,524288,41,256,512,512,41,64,256,2048,41,64,512,4096,1359,64,512,4096,1629,128,512,4096,65232,64,512,4096,7128,64,256,512,1036,64,512,2048,1476,256,2048,4096,857,128,1024,2048,920,64,256,4096,11439,64,256,512,1089,64,256,2048,195,64,512,512,108,128,512,4096,99,0,0,0,0,0,0,0,0,0,0,0,0,0,0,0,0,64,128,128,20,128,256,256,20,9.55,8.80,0.75,0,11,19,188,37,977,30,0,22002,10434,28273,0,41,20,0
14336508222500,970,2048,8192,16384,7145,512,4096,8192,969,4096,8192,16384,805,4096,16384,16384,183,8192,8192,8192,7,2048,8192,8192,196,512,4096,8192,792,2048,4096,8192,128,0,0,0,1,1024,65536,131072,10314,524288,524288,524288,42,262144,262144,262144,42,262144,524288,524288,42,256,512,512,42,64,128,128,42,128,512,4096,1310,128,512,4096,1310,128,512,4096,64305,64,512,1024,7245,64,256,512,957,128,512,4096,1647,256,2048,16384,909,64,1024,2048,855,64,256,4096,11637,64,512,4096,1197,64,256,4096,260,64,256,4096,72,128,256,4096,63,64,256,256,9,0,0,0,0,0,0,0,0,0,0,0,0,64,128,128,21,128,128,128,21,12.20,9.43,2.77,0,7,25,196,27,988,0,0,20772,10241,26722,0,42,21,0
14337543810700,992,2048,8192,16384,7086,512,4096,8192,972,4096,8192,16384,821,4096,16384,32768,182,8192,8192,8192,9,2048,8192,8192,214,512,4096,8192,852,1024,4096,8192,148,0,0,0,1,512,65536,131072,10381,524288,524288,524288,41,262144,262144,262144,41,262144,524288,524288,41,256,512,512,41,64,512,32768,41,64,512,4096,1640,128,512,4096,1442,128,512,4096,63774,64,512,2048,7389,64,256,512,883,64,512,4096,1719,256,2048,16384,921,128,1024,2048,849,64,256,2048,11709,64,256,2048,1197,64,256,512,162,64,256,1024,99,64,512,512,81,64,256,256,9,8192,16384,16384,28,1024,1024,4096,22,64,64,64,51,64,128,128,21,128,128,131072,21,9.67,8.79,0.88,22,9,28,214,21,1003,0,0,20611,10345,27398,0,41,21,0
14338577929800,1000,2048,8192,16384,7219,512,4096,8192,999,4096,8192,16384,810,4096,16384,16384,185,8192,8192,8192,7,2048,8192,16384,198,512,4096,8192,803,1024,8192,8192,140,0,0,0,0,128,65536,131072,10440,524288,524288,524288,41,131072,262144,262144,41,262144,524288,524288,41,256,512,512,41,128,128,128,41,128,512,4096,1329,128,512,2048,1257,128,512,4096,64971,64,512,2048,7290,64,256,512,1058,128,512,2048,1692,256,1024,4096,945,64,1024,1024,837,64,512,4096,11430,64,256,2048,1071,64,256,512,255,128,256,256,36,128,512,4096,63,0,0,0,0,2097152,2097152,2097152,2,1024,1024,1024,8,64,64,64,9,64,128,128,20,128,128,128,20,12.35,9.20,3.15,8,7,14,198,27,995,0,0,21496,10388,27817,0,41,20,0
14339611800000,1000,2048,8192,16384,7492,512,4096,8192,1075,4096,8192,16384,842,4096,16384,32768,214,8192,16384,16384,14,2048,4096,8192,229,512,4096,8192,826,1024,4096,8192,144,0,0,0,0,512,65536,131072,10926,524288,524288,524288,42,262144,262144,262144,42,262144,524288,524288,42,256,512,1024,42,128,128,32768,42,64,512,4096,1149,128,512,2048,1149,128,512,4096,67428,64,512,4096,7578,64,256,512,1008,128,512,2048,2034,256,2048,4096,854,128,1024,2048,890,64,512,4096,11637,64,256,1024,1332,64,512,4096,183,64,256,512,135,128,512,4096,126,0,0,0,0,0,0,0,0,0,0,0,0,0,0,0,0,64,128,128,21,128,128,512,21,9.18,8.43,0.75,0,14,11,229,32,1056,0,0,21809,10873,27862,0,42,21,0
14340646084500,1000,2048,8192,16384,7225,512,4096,8192,1028,4096,8192,16384,808,4096,16384,16384,221,8192,8192,8192,11,2048,8192,8192,185,512,4096,8192,802,2048,8192,8192,139,0,0,0,0,128,65536,131072,10479,524288,524288,524288,41,262144,262144,262144,41,262144,524288,524288,41,256,512,512,41,64,128,2048,41,128,512,1024,1127,128,512,4096,1127,128,512,4096,65025,128,512,4096,7272,64,256,512,1022,128,512,1024,1944,256,1024,4096,837,128,1024,4096,837,64,256,2048,11088,64,256,4096,1188,128,256,2048,210,64,256,512,99,128,512,4096,99,0,0,0,0,0,0,0,0,0,0,0,0,0,0,0,0,64,128,128,21,128,128,128,21,9.69,9.06,0.63,0,11,7,185,33,1029,0,12,21090,10401,27800,0,41,21,0
14341681435100,1000,2048,8192,16384,7163,512,4096,8192,1000,4096,8192,16384,790,8192,16384,16384,216,8192,16384,16384,13,2048,8192,16384,219,512,4096,8192,817,2048,8192,8192,125,0,0,0,0,512,65536,262144,10404,524288,524288,524288,42,262144,262144,262144,42,262144,524288,524288,42,256,512,512,42,128,128,65536,42,128,512,2048,1179,128,512,1024,1179,128,512,4096,64467,128,512,1024,7110,64,256,512,1012,128,512,2048,1836,256,2048,4096,984,128,1024,2048,912,64,256,4096,11772,64,256,4096,990,64,256,512,216,64,256,512,108,128,512,4096,117,0,0,0,0,0,0,0,0,0,0,0,0,0,0,0,0,64,128,128,21,128,128,256,21,12.82,9.93,2.89,0,13,6,219,37,1006,0,0,21225,10326,27924,0,42,21,0
14342717234100,1000,2048,8192,16384,7483,512,4096,8192,1063,4096,8192,16384,821,4096,16384,16384,226,8192,8192,8192,11,2048,8192,8192,195,512,4096,8192,835,2048,8192,8192,158,0,0,0,0,512,65536,131072,10846,524288,524288,524288,41,262144,262144,262144,41,262144,524288,524288,41,256,512,512,41,64,128,16384,41,128,512,4096,1218,128,512,1024,1218,128,512,4096,67347,128,512,4096,7389,64,256,512,1159,128,512,1024,1836,256,2048,8192,879,256,1024,2048,807,64,256,4096,11052,64,256,4096,1071,64,256,512,240,64,256,512,117,128,512,1024,99,0,0,0,0,0,0,0,0,0,0,0,0,0,0,0,0,64,128,128,20,128,128,128,20,11.07,9.06,2.01,0,11,2,195,31,1047,0,0,21635,10776,27925,0,41,20,0
14343751549400,1000,2048,8192,16384,7131,512,4096,8192,1000,4096,8192,16384,798,4096,16384,16384,235,8192,16384,16384,15,2048,8192,8192,210,512,4096,8192,807,1024,8192,8192,119,0,0,0,0,512,65536,262144,10376,524288,524288,524288,41,131072,262144,262144,41,262144,262144,524288,41,256,512,512,41,64,128,1024,41,64,512,4096,1205,128,512,4096,1205,128,512,4096,64179,128,512,4096,7182,64,256,512,1232,128,512,4096,1863,256,1024,4096,963,128,1024,2048,954,64,256,4096,11520,64,256,4096,1359,64,256,512,216,64,256,512,117,128,512,4096,135,0,0,0,0,0,0,0,0,0,0,0,0,0,0,0,0,64,128,128,21,128,128,128,21,10.95,9.32,1.64,0,15,0,210,41,1033,0,0,21326,10312,27864,0,41,21,0
14344787773700,1000,2048,8192,16384,7381,512,4096,8192,1076,4096,8192,16384,837,8192,16384,16384,218,8192,8192,8192,8,2048,8192,8192,221,512,4096,8192,820,2048,8192,8192,132,0,0,0,0,256,65536,131072,10754,524288,524288,1048576,42,262144,262144,262144,42,262144,524288,524288,42,256,512,512,42,64,128,1024,42,128,512,4096,1394,64,512,4096,1394,128,512,4096,66429,128,512,4096,7533,64,256,512,1288,128,512,4096,1521,256,1024,4096,975,128,1024,2048,984,64,256,4096,12285,64,256,512,1062,64,256,1024,291,128,256,1024,72,128,256,512,72,0,0,0,0,0,0,0,0,0,0,0,0,0,0,0,0,64,128,128,21,128,128,128,21,11.31,9.80,1.51,0,8,0,221,33,1055,0,0,21660,10688,28121,0,42,21,0
14345822611300,970,2048,8192,16384,7119,512,4096,8192,984,4096,8192,16384,821,4096,16384,16384,215,8192,8192,8192,13,2048,8192,8192,197,512,4096,8192,788,1024,8192,8192,147,2048,2048,2048,2,128,65536,131072,10357,524288,524288,524288,41,262144,262144,262144,41,262144,524288,524288,41,256,512,512,41,64,512,16384,41,128,512,4096,1267,128,512,1024,1537,128,512,4096,64071,128,512,2048,7389,64,256,512,1387,128,512,1024,1539,256,1024,4096,939,128,1024,1024,1002,64,256,4096,11052,64,256,4096,1314,64,256,512,237,64,512,512,108,128,512,4096,117,128,512,512,18,0,0,0,0,0,0,0,0,0,0,0,0,64,128,128,20,128,128,128,20,11.32,9.43,1.89,0,13,0,197,27,1036,30,0,21044,10324,27881,0,41,20,0
14346858353800,970,2048,8192,16384,7107,512,4096,8192,969,4096,8192,16384,790,4096,16384,16384,192,8192,8192,8192,9,2048,8192,16384,186,512,4096,8192,803,1024,4096,8192,133,0,0,0,1,256,65536,131072,10260,524288,524288,524288,42,131072,262144,262144,42,262144,524288,524288,42,256,512,512,42,64,128,128,42,128,512,4096,1185,128,512,4096,1185,128,512,4096,63963,64,512,2048,7110,64,256,512,1156,128,512,4096,1341,256,2048,4096,912,128,1024,2048,957,64,256,4096,11907,64,256,4096,1215,64,256,512,294,64,256,512,99,128,512,1024,81,64,512,512,9,0,0,0,0,0,0,0,0,0,0,0,0,64,128,128,21,128,128,128,21,10.31,9.31,1.01,0,9,0,186,25,982,0,0,20756,10211,26896,0,42,21,0
14347892935800,1000,2048,8192,16384,7211,512,4096,8192,977,4096,8192,16384,810,4096,16384,16384,204,8192,8192,8192,11,2048,8192,8192,226,512,4096,8192,837,2048,8192,8192,127,0,0,0,1,512,65536,131072,10493,524288,524288,524288,41,131072,262144,262144,41,262144,524288,524288,41,256,512,1024,41,128,128,128,41,64,512,4096,1503,128,512,1024,1233,128,512,4096,64899,64,512,2048,7290,64,256,512,1255,128,512,1024,1494,256,2048,4096,833,128,1024,2048,950,64,256,4096,11286,64,256,512,1143,64,512,4096,243,128,256,512,126,128,256,512,99,64,256,256,9,8192,2097152,2097152,30,1024,2048,4096,30,64,64,128,60,64,128,128,21,128,65536,65536,21,11.71,9.95,1.76,30,11,0,226,21,1014,0,5,21122,10475,27845,0,41,21,0
14348929109400,1000,2048,8192,16384,7323,512,4096,8192,1000,4096,8192,16384,840,4096,16384,16384,208,8192,8192,8192,11,2048,8192,8192,223,512,4096,8192,812,2048,8192,8192,147,2048,2048,2048,2,1024,65536,131072,10647,524288,524288,524288,41,262144,262144,262144,41,262144,262144,524288,41,256,512,512,41,64,128,128,42,128,512,4096,1337,128,512,4096,1337,128,512,4096,65907,64,512,1024,7560,64,256,512,1109,64,512,1024,1647,256,1024,4096,894,128,1024,2048,885,64,256,4096,11340,64,256,4096,1197,64,256,4096,288,64,256,512,90,128,512,512,99,64,512,512,18,0,0,0,0,0,0,0,0,0,0,0,0,64,128,128,21,128,128,128,21,10.94,9.18,1.76,0,11,0,223,37,1048,0,0,21521,10579,27823,0,41,21,0
14349969478400,1000,2048,8192,16384,7260,512,4096,8192,999,4096,16384,16384,793,8192,16384,16384,172,8192,8192,8192,14,2048,8192,8192,203,512,4096,8192,821,2048,8192,8192,132,0,0,0,0,1024,65536,131072,10498,524288,524288,524288,42,131072,262144,262144,42,262144,262144,524288,42,256,512,512,42,64,8192,32768,41,128,512,4096,1098,128,512,4096,1098,128,512,4096,65340,128,512,4096,7137,64,256,512,913,64,512,4096,1494,256,2048,4096,837,128,1024,4096,882,64,256,4096,11484,64,256,4096,1197,64,256,512,210,64,512,512,117,128,512,4096,126,0,0,0,0,0,0,0,0,0,0,0,0,0,0,0,0,64,128,128,20,128,256,256,20,9.93,8.92,1.01,0,14,0,203,27,965,0,0,21899,10449,27618,0,42,20,0
14350999017700,1000,2048,8192,16384,7156,512,4096,8192,1000,4096,8192,16384,808,4096,16384,16384,171,8192,8192,8192,8,2048,8192,8192,187,512,4096,8192,779,2048,8192,8192,133,0,0,0,1,1024,65536,131072,10331,524288,524288,524288,41,262144,262144,262144,41,262144,262144,524288,41,256,512,512,41,64,128,8192,41,128,512,512,1233,128,512,4096,1233,128,512,4096,64404,64,512,4096,7272,64,256,512,920,128,512,1024,1485,256,2048,16384,888,128,1024,1024,816,64,256,2048,11502,64,256,4096,972,64,512,4096,183,128,256,512,54,128,512,4096,72,128,256,256,9,0,0,0,0,0,0,0,0,0,0,0,0,64,128,128,21,128,128,128,21,10.57,9.18,1.38,0,8,0,187,32,979,0,0,21271,10274,27313,0,41,21,0
14352037534700,1000,2048,8192,16384,7424,512,4096,8192,1000,4096,8192,16384,820,4096,16384,16384,212,8192,16384,16384,8,2048,8192,8192,203,512,4096,8192,826,2048,8192,8192,148,0,0,0,0,1024,65536,131072,10741,524288,524288,524288,42,262144,262144,262144,42,262144,524288,524288,42,256,512,512,42,64,128,2048,42,128,512,4096,1443,128,512,2048,1443,128,512,4096,66816,64,512,4096,7380,64,256,512,979,128,512,512,1989,256,1024,2048,914,64,1024,1024,914,64,256,2048,11943,64,256,512,1188,64,256,4096,186,64,512,1024,81,256,512,4096,72,0,0,0,0,0,0,0,0,0,0,0,0,0,0,0,0,64,128,128,21,128,128,128,21,10.43,8.92,1.51,0,8,0,203,34,1032,0,0,21374,10689,27439,0,42,21,0
14353071667900,1000,2048,8192,16384,7266,512,4096,8192,1015,4096,8192,16384,833,4096,16384,16384,188,8192,8192,8192,5,2048,8192,8192,234,512,4096,8192,829,2048,4096,8192,154,0,0,0,0,256,65536,131072,10607,524288,524288,524288,41,131072,262144,262144,41,262144,262144,524288,41,256,512,512,41,64,256,16384,41,128,512,4096,1217,128,512,4096,1217,128,512,4096,65394,64,512,2048,7497,64,256,512,870,64,256,1024,1665,256,1024,4096,1014,64,1024,4096,924,64,256,2048,11943,64,256,512,1053,64,256,512,162,64,256,4096,45,128,512,4096,45,0,0,0,0,0,0,0,0,0,0,0,0,0,0,0,0,64,128,128,20,128,128,128,20,12.84,9.82,3.02,0,5,0,234,31,1021,0,0,21391,10545,28130,0,41,20,0
14354104973100,1000,2048,8192,16384,7357,512,4096,8192,1092,4096,8192,16384,837,4096,16384,16384,210,8192,8192,8192,4,2048,8192,8192,211,512,4096,8192,848,1024,8192,8192,124,0,0,0,0,1024,65536,262144,10761,524288,524288,524288,42,131072,262144,524288,42,262144,524288,524288,42,256,512,512,42,64,2048,32768,42,128,512,4096,1395,128,512,4096,1395,128,512,4096,66213,64,512,4096,7533,64,256,512,924,128,512,512,2043,256,1024,4096,939,128,1024,2048,876,64,256,4096,11250,64,256,512,1170,64,512,4096,159,64,256,256,45,128,256,512,36,0,0,0,0,0,0,0,0,0,0,0,0,0,0,0,0,64,128,128,21,128,128,128,21,11.33,9.57,1.76,0,4,0,211,35,1047,0,0,21523,10694,27693,0,42,21,0
14355140017900,1000,2048,8192,16384,7185,512,4096,8192,1006,4096,8192,16384,801,4096,16384,16384,195,8192,8192,8192,8,2048,8192,8192,190,512,4096,8192,793,2048,8192,8192,136,0,0,0,1,1024,65536,131072,10396,524288,524288,524288,41,262144,262144,262144,41,262144,524288,524288,41,256,512,512,41,64,128,128,41,64,512,4096,1229,64,512,1024,1229,128,512,4096,64665,64,512,2048,7209,64,256,512,932,128,512,1024,1782,256,2048,4096,858,128,1024,4096,732,64,256,4096,11502,64,512,4096,1062,64,256,2048,180,128,256,256,45,128,512,1024,72,64,512,512,9,0,0,0,0,0,0,0,0,0,0,0,0,64,64,128,21,128,128,128,21,11.94,9.80,2.14,0,8,0,190,21,996,0,4,21075,10307,27743,0,41,21,0
14356175402100,970,2048,8192,16384,7212,512,4096,8192,983,4096,8192,16384,808,4096,16384,16384,226,8192,8192,8192,4,2048,8192,8192,198,512,4096,8192,800,2048,8192,8192,130,0,0,0,0,1024,65536,131072,10417,524288,524288,524288,41,131072,262144,262144,41,262144,262144,524288,41,128,256,512,41,64,128,128,41,128,512,4096,1278,64,512,1024,1548,128,512,4096,64908,128,512,4096,7272,64,256,512,1139,128,512,1024,1854,256,1024,4096,834,64,1024,2048,771,64,256,4096,11394,64,256,512,1305,64,256,512,183,64,256,256,36,64,512,512,36,0,0,0,0,0,0,0,0,0,0,0,0,0,0,0,0,64,128,128,20,128,128,128,20,11.19,9.06,2.14,0,4,0,198,19,1034,30,0,20684,10380,27116,0,41,20,0
14357209782300,970,2048,8192,16384,6959,512,4096,8192,971,4096,8192,16384,784,4096,8192,16384,199,8192,8192,8192,4,2048,8192,8192,195,512,4096,8192,789,1024,8192,8192,133,0,0,0,0,1024,65536,131072,10089,524288,524288,524288,42,131072,262144,262144,42,262144,262144,524288,42,128,256,512,42,64,128,128,42,64,256,512,1167,128,512,1024,1167,128,512,4096,62631,64,512,4096,7056,64,256,512,1025,128,512,1024,1647,256,1024,4096,936,128,1024,1024,846,64,256,4096,12339,64,256,2048,1170,64,256,512,270,64,256,512,45,64,512,512,36,0,0,0,0,0,0,0,0,0,0,0,0,0,0,0,0,64,128,128,21,128,128,256,21,11.83,9.44,2.39,0,4,0,195,22,983,0,0,20567,10026,26908,0,42,21,0
14358245293800,1000,2048,8192,16384,7266,512,4096,8192,1174,4096,8192,16384,808,4096,16384,16384,228,8192,8192,8192,8,2048,8192,8192,236,512,4096,8192,811,1024,8192,8192,135,0,0,0,0,1024,65536,262144,10710,524288,524288,1048576,41,131072,262144,524288,41,262144,524288,524288,41,128,256,512,41,64,128,8192,41,64,512,4096,1633,128,512,4096,1363,128,512,4096,65394,64,512,2048,7272,64,256,512,1250,128,512,1024,1737,256,1024,4096,990,128,1024,1024,900,64,256,4096,12474,64,512,4096,1278,64,256,512,249,64,256,2048,81,128,1024,4096,81,0,0,0,0,2097152,2097152,2097152,30,1024,4096,4096,30,64,16384,16384,60,64,128,128,21,128,65536,65536,21,10.56,9.55,1.01,30,8,0,236,15,1036,0,0,21043,10713,28098,0,41,21,0
14359280784100,1000,2048,8192,16384,7237,512,4096,8192,1002,4096,8192,16384,817,4096,16384,16384,239,8192,16384,16384,11,2048,8192,8192,193,512,4096,8192,842,2048,8192,8192,142,0,0,0,1,512,65536,131072,10551,524288,524288,524288,42,262144,262144,262144,42,262144,262144,524288,42,256,256,512,42,64,128,32768,42,128,512,4096,1184,128,512,4096,1184,128,512,4096,65133,64,512,4096,7353,64,256,512,1251,128,512,4096,1746,256,1024,4096,915,128,1024,1024,897,64,256,4096,12942,64,256,4096,1197,64,256,512,240,64,256,256,81,64,512,4096,99,128,256,256,9,0,0,0,0,0,0,0,0,0,0,0,0,64,128,128,21,128,128,128,21,10.94,8.80,2.14,0,11,1,192,18,1056,0,0,21208,10482,27827,0,42,21,0
14360315524600,1000,2048,8192,16384,7520,512,4096,8192,998,4096,8192,16384,831,8192,16384,16384,235,8192,8192,8192,18,2048,8192,8192,205,512,4096,8192,815,2048,8192,8192,156,0,0,0,1,1024,65536,131072,10840,524288,524288,524288,41,262144,262144,262144,41,262144,524288,524288,41,256,512,512,41,64,128,16384,41,64,512,4096,1215,128,512,4096,1215,128,512,4096,67680,64,512,2048,7479,64,256,512,1406,128,512,2048,1629,256,1024,4096,978,128,1024,1024,1095,64,256,4096,12879,64,256,2048,1332,64,256,4096,189,64,256,4096,198,128,256,4096,162,64,4096,4096,9,0,0,0,0,0,0,0,0,0,0,0,0,64,128,128,20,128,256,256,20,11.83,9.69,2.14,0,18,4,201,13,1066,0,5,21886,10769,27776,0,41,20,0
14361350524700,1000,2048,8192,16384,7185,512,4096,8192,1001,4096,8192,16384,824,8192,16384,16384,201,8192,16384,16384,11,2048,8192,8192,199,512,4096,8192,812,2048,8192,8192,134,2048,4096,4096,4,1024,65536,131072,10423,524288,524288,1048576,41,262144,262144,524288,41,262144,524288,524288,41,256,512,512,41,64,128,1024,41,128,512,4096,1556,128,512,1024,1556,128,512,4096,64665,128,512,4096,7416,64,256,512,1370,64,512,4096,1287,256,2048,4096,936,128,1024,2048,972,64,256,4096,11646,64,256,512,1341,64,256,512,279,128,512,4096,72,128,512,4096,99,128,512,512,36,0,0,0,0,0,0,0,0,0,0,0,0,64,128,128,21,128,128,256,21,10.83,10.07,0.76,0,11,5,194,13,1025,0,1,21017,10362,27668,0,41,21,0
14362386580700,1000,2048,8192,16384,7278,512,4096,8192,1083,4096,8192,16384,824,4096,16384,16384,204,8192,8192,8192,9,2048,8192,8192,209,512,4096,8192,795,1024,8192,8192,122,0,0,0,0,512,65536,131072,10607,524288,524288,524288,42,131072,262144,262144,42,262144,524288,524288,42,128,512,512,42,64,16384,65536,42,128,512,2048,1268,128,512,4096,1268,128,512,4096,65502,64,512,4096,7416,64,256,512,1243,128,512,4096,1584,256,1024,4096,906,128,1024,4096,978,64,256,4096,12348,64,256,4096,1161,64,512,1024,228,128,512,512,99,128,512,512,81,0,0,0,0,0,0,0,0,0,0,0,0,0,0,0,0,64,128,128,21,128,128,128,21,10.80,9.67,1.13,0,9,15,194,18,1028,0,0,21312,10529,27377,0,42,21,0
14363421423400,1000,2048,8192,16384,7278,512,4096,8192,1048,4096,8192,16384,808,4096,16384,16384,212,8192,8192,8192,10,2048,8192,8192,228,512,4096,8192,822,1024,8192,8192,153,0,0,0,0,512,65536,262144,10665,524288,524288,524288,41,262144,262144,262144,41,262144,524288,524288,41,256,512,512,41,64,128,128,41,128,512,4096,1473,128,512,4096,1473,128,512,4096,65502,64,512,4096,7272,64,256,512,1161,64,512,4096,1719,256,1024,4096,900,128,1024,2048,990,64,256,4096,11241,128,256,512,1242,128,256,512,159,64,256,4096,81,128,512,512,90,0,0,0,0,0,0,0,0,0,0,0,0,0,0,0,0,64,128,128,20,128,256,256,20,11.08,9.57,1.51,0,10,20,208,14,1020,0,0,21268,10593,27804,0,41,20,0
14364457920600,1000,2048,8192,16384,7279,512,4096,8192,1087,4096,8192,16384,822,8192,16384,32768,164,8192,16384,16384,13,2048,8192,8192,210,512,4096,8192,816,2048,8192,8192,121,0,0,0,0,1024,65536,131072,10610,524288,524288,524288,42,262144,262144,262144,42,262144,262144,524288,42,256,512,512,42,64,128,128,42,128,512,4096,1203,128,512,1024,1203,128,512,4096,65511,128,512,4096,7398,64,256,512,1018,128,512,4096,1404,256,1024,4096,879,128,1024,1024,969,64,256,4096,11853,64,256,1024,1161,64,512,4096,126,64,256,4096,117,128,512,2048,117,0,0,0,0,0,0,0,0,0,0,0,0,0,0,0,0,64,128,128,21,128,128,128,21,10.54,9.04,1.51,0,13,36,174,16,986,0,0,21276,10541,27820,0,42,21,0
14365493050200,970,2048,8192,16384,7290,512,4096,8192,996,4096,8192,16384,822,4096,16384,16384,177,8192,8192,8192,12,2048,8192,8192,180,512,4096,8192,824,2048,4096,8192,154,0,0,0,0,1024,65536,131072,10546,524288,524288,524288,41,262144,262144,262144,41,262144,524288,524288,41,256,512,512,41,64,128,65536,41,128,512,4096,1263,128,512,1024,1533,128,512,4096,65610,64,512,2048,7398,64,256,512,971,128,512,1024,1395,128,1024,4096,804,128,1024,1024,903,64,256,4096,10836,64,256,512,1170,64,512,4096,183,64,256,512,135,128,512,4096,108,0,0,0,0,0,0,0,0,0,0,0,0,0,0,0,0,64,128,128,21,128,128,256,21,10.69,9.56,1.13,0,12,51,129,14,999,30,0,21486,10505,27999,0,41,21,0
14366528090400,970,2048,8192,16384,7080,512,4096,8192,969,4096,8192,16384,780,4096,8192,16384,209,8192,8192,8192,10,2048,8192,8192,186,512,4096,8192,778,1024,4096,8192,118,0,0,0,1,256,65536,131072,10224,524288,524288,524288,41,131072,262144,262144,41,262144,524288,524288,41,256,512,1024,41,64,128,8192,41,128,512,4096,1202,64,512,4096,1202,128,512,4096,63729,64,512,1024,7020,64,256,512,878,128,256,512,1755,256,1024,4096,876,64,1024,2048,858,64,256,4096,11601,64,256,4096,1026,64,256,512,174,64,256,256,45,64,256,512,90,64,256,256,9,0,0,0,0,0,0,0,0,0,0,0,0,64,128,128,20,128,256,256,20,10.45,9.06,1.38,0,10,69,117,11,989,0,7,20858,10167,26577,0,41,20,0
14367564880900,978,2048,8192,16384,7179,512,4096,8192,1008,4096,8192,16384,831,4096,16384,16384,188,8192,8192,8192,3,2048,8192,8192,230,512,4096,8192,819,2048,8192,8192,138,0,0,0,1,512,65536,131072,10492,524288,524288,524288,42,131072,262144,262144,42,262144,262144,524288,42,64,256,256,42,64,128,128,42,128,512,4096,1258,128,512,4096,1186,128,512,4096,64602,64,512,1024,7479,64,256,512,1090,128,512,1024,1755,256,2048,4096,837,128,1024,2048,837,64,256,4096,11367,64,256,4096,1197,64,256,512,174,128,256,256,36,128,512,512,27,128,256,256,9,8192,16384,16384,11,1024,1024,1024,11,64,64,64,22,64,128,128,21,128,128,256,21,10.32,8.56,1.76,11,3,90,140,12,1019,0,0,20605,10438,27098,0,42,21,0
14368597021900,1000,2048,8192,16384,7021,512,4096,8192,998,4096,8192,16384,754,4096,16384,16384,163,8192,8192,8192,5,2048,8192,16384,199,512,4096,8192,782,2048,4096,8192,131,2048,2048,2048,2,512,65536,131072,10124,524288,524288,524288,41,131072,262144,262144,41,262144,262144,524288,41,128,256,256,41,128,128,1024,41,128,512,1024,1489,128,512,4096,1291,128,512,4096,63189,64,512,2048,6786,64,256,512,832,128,512,512,1575,256,2048,4096,852,256,1024,2048,798,64,256,4096,10998,64,512,2048,981,64,512,512,150,64,256,256,36,128,512,4096,45,128,256,256,18,8192,2097152,2097152,19,1024,1024,1024,19,64,64,256,38,64,128,128,21,128,32768,65536,21,11.82,9.81,2.01,19,5,101,96,11,917,0,0,20960,10099,27287,0,41,21,0
14369632217600,1000,2048,8192,16384,7525,512,4096,8192,1002,4096,8192,16384,836,4096,16384,16384,225,8192,16384,16384,14,2048,8192,8192,204,512,4096,8192,847,2048,8192,8192,149,0,0,0,0,512,65536,131072,10891,524288,524288,524288,42,131072,262144,262144,42,262144,262144,262144,42,256,512,512,42,128,8192,32768,42,64,512,4096,1327,128,512,4096,1327,128,512,4096,67725,64,512,1024,7524,64,256,512,907,128,512,4096,2133,256,1024,4096,978,128,1024,1024,969,64,256,2048,12024,64,256,512,981,64,256,4096,198,64,256,256,135,128,512,4096,126,0,0,0,0,0,0,0,0,0,0,0,0,0,0,0,0,64,128,128,21,128,128,128,21,12.20,10.19,2.01,0,14,119,84,20,1061,0,0,21676,10834,27461,0,42,21,0
14370668921700,1000,2048,8192,16384,7218,512,4096,8192,1140,4096,8192,16384,841,8192,16384,16384,235,8192,8192,8192,6,4096,8192,8192,210,512,4096,8192,825,1024,8192,8192,142,0,0,0,0,512,65536,131072,10685,524288,524288,524288,41,131072,262144,262144,41,262144,524288,524288,41,128,256,256,41,128,128,4096,41,128,512,4096,1353,128,512,4096,1353,128,512,4096,64962,64,512,4096,7569,64,256,512,1040,64,512,1024,2034,256,1024,4096,1050,128,1024,1024,942,64,256,4096,11448,64,512,4096,1089,64,256,4096,96,64,256,1024,54,64,512,512,54,0,0,0,0,0,0,0,0,0,0,0,0,0,0,0,0,64,128,128,20,128,128,128,20,12.69,9.68,3.02,0,6,125,80,13,1076,0,0,21601,10598,27959,0,41,20,0
14371703682000,1000,2048,8192,16384,7252,512,4096,8192,1025,4096,8192,16384,805,4096,16384,16384,204,8192,8192,8192,9,4096,8192,8192,207,512,4096,8192,810,2048,8192,8192,150,0,0,0,0,1024,65536,131072,10517,524288,524288,524288,41,262144,262144,262144,41,262144,524288,524288,41,256,256,512,41,64,128,32768,42,128,512,4096,1247,128,512,4096,1247,128,512,4096,65268,64,512,4096,7245,64,256,512,1100,128,512,4096,1629,256,1024,4096,891,128,1024,2048,882,64,256,4096,12159,64,256,4096,1197,128,256,512,207,64,512,512,81,128,512,4096,81,0,0,0,0,0,0,0,0,0,0,0,0,0,0,0,0,64,128,128,21,128,128,128,21,10.69,9.18,1.51,0,9,146,52,12,1009,0,0,21564,10461,27890,0,41,21,0
14372738572100,1000,2048,8192,16384,7330,512,4096,8192,1000,4096,16384,16384,830,4096,16384,16384,201,8192,8192,8192,9,4096,8192,8192,209,512,4096,8192,801,2048,8192,8192,130,0,0,0,0,1024,65536,131072,10562,524288,524288,524288,42,131072,262144,262144,42,262144,524288,524288,42,256,256,512,42,64,128,32768,41,128,512,4096,1314,128,512,4096,1314,128,512,4096,65970,64,512,4096,7470,64,256,512,1040,128,512,1024,1521,256,1024,4096,846,128,1024,2048,837,64,256,4096,11412,64,256,512,1134,64,512,512,303,64,256,4096,90,128,256,4096,81,0,0,0,0,0,0,0,0,0,0,0,0,0,0,0,0,64,64,128,21,128,128,128,21,10.69,9.18,1.51,0,9,149,47,16,1031,0,0,21684,10497,27562,0,42,21,0
14373774389500,1000,2048,8192,16384,7365,512,4096,8192,1000,4096,8192,16384,814,4096,16384,16384,256,8192,8192,8192,12,2048,8192,8192,211,512,4096,8192,845,1024,4096,8192,135,0,0,0,1,128,65536,131072,10701,524288,524288,524288,41,131072,262144,262144,41,262144,524288,524288,41,128,256,512,41,64,128,4096,41,64,512,4096,1209,128,512,4096,1209,128,512,4096,66285,64,512,1024,7326,64,256,512,1181,128,512,1024,1944,256,1024,4096,906,128,1024,1024,861,64,256,4096,11052,64,256,4096,1242,64,256,4096,173,64,256,512,90,128,1024,4096,108,0,256,256,9,0,0,0,0,0,0,0,0,0,0,0,0,64,128,128,20,128,128,128,20,9.32,8.81,0.50,0,12,168,27,14,1069,0,38,21388,10629,27663,0,41,20,0
14374808795700,1000,2048,8192,16384,7296,512,4096,8192,999,4096,8192,16384,811,4096,16384,16384,217,4096,8192,8192,10,2048,8192,8192,202,512,4096,8192,797,1024,8192,8192,111,0,0,0,0,1024,65536,262144,10501,524288,524288,524288,42,131072,262144,262144,42,262144,262144,524288,42,256,512,512,42,64,128,8192,42,64,512,4096,1330,128,512,4096,1330,128,512,4096,65664,64,512,4096,7299,64,256,512,1180,128,512,2048,1602,256,1024,4096,950,128,1024,2048,905,64,256,4096,11934,64,256,512,1179,64,256,512,201,64,256,4096,108,128,256,512,90,0,0,0,0,0,0,0,0,0,0,0,0,0,0,0,0,64,128,128,21,128,128,128,21,9.94,8.68,1.26,0,10,164,13,19,1028,0,23,21378,10431,27469,0,42,21,0
14375845116400,970,2048,8192,16384,7087,512,4096,8192,987,4096,8192,16384,779,4096,16384,16384,204,8192,8192,8192,10,2048,8192,8192,204,512,4096,8192,800,1024,8192,8192,156,0,0,0,1,512,65536,262144,10283,524288,524288,1048576,41,262144,262144,262144,41,262144,524288,524288,41,256,512,512,41,64,128,8192,41,64,512,4096,1284,64,512,2048,1554,128,512,4096,63783,64,512,4096,7011,64,256,512,1151,128,512,1024,1314,256,2048,4096,966,128,1024,1024,975,64,256,4096,12717,64,256,512,1296,64,256,512,198,64,512,512,108,128,512,4096,90,0,128,128,9,0,0,0,0,0,0,0,0,0,0,0,0,64,128,128,21,128,128,128,21,11.43,9.17,2.26,0,10,179,11,24,983,30,113,21286,10245,27359,0,41,21,0
14376879487200,970,2048,8192,16384,7091,512,4096,8192,969,4096,8192,16384,832,8192,16384,16384,206,8192,16384,16384,10,2048,8192,8192,200,512,4096,8192,803,1024,8192,8192,139,0,0,0,0,1024,65536,131072,10325,524288,524288,524288,42,131072,262144,262144,42,262144,262144,524288,42,256,512,512,42,64,128,4096,42,128,512,4096,1209,128,512,4096,1209,128,512,4096,63819,128,512,4096,7488,64,256,512,1211,128,512,4096,1548,256,1024,16384,885,128,1024,1024,894,64,256,4096,12114,64,256,4096,1323,64,256,4096,261,128,256,256,72,128,512,4096,90,0,0,0,0,0,0,0,0,0,0,0,0,0,0,0,0,64,128,128,21,128,128,128,21,10.70,9.57,1.13,0,10,128,5,26,1038,0,3,21573,10254,27531,0,42,21,0
14377915175800,1000,2048,8192,16384,7261,512,4096,8192,1039,4096,8192,16384,809,4096,16384,16384,213,8192,32768,32768,15,2048,4096,8192,210,512,4096,8192,828,1024,8192,8192,136,0,0,0,1,64,65536,131072,10599,524288,524288,524288,41,262144,262144,262144,41,262144,524288,524288,41,256,512,512,41,64,128,65536,41,64,512,4096,1645,128,512,4096,1375,128,512,4096,65349,128,512,2048,7281,64,256,512,1172,128,512,2048,1638,256,1024,2048,830,256,1024,1024,1028,64,256,4096,11394,64,256,4096,1062,64,256,512,204,128,256,512,144,128,256,4096,135,0,512,512,9,8192,16384,16384,30,1024,1024,1024,30,64,64,64,60,64,128,128,20,128,65536,65536,20,10.83,8.69,2.14,30,15,156,1,19,1022,0,20,20796,10581,27504,0,41,20,0
14378951016700,1000,2048,8192,16384,7081,512,4096,8192,1030,4096,8192,16384,804,8192,16384,16384,184,8192,8192,8192,17,2048,8192,8192,210,512,4096,8192,804,1024,4096,8192,125,0,0,0,0,128,65536,262144,10364,524288,524288,524288,41,131072,262144,262144,41,262144,262144,262144,41,256,512,1024,41,64,8192,65536,41,64,512,4096,1230,128,512,1024,1230,128,512,4096,63729,64,512,4096,7236,64,256,512,1149,64,512,1024,1548,256,1024,4096,891,128,1024,1024,963,64,256,4096,11520,64,256,1024,1116,64,256,256,126,64,512,512,144,128,256,512,153,0,0,0,0,0,0,0,0,0,0,0,0,0,0,0,0,64,128,128,21,128,128,256,21,11.80,10.42,1.38,0,17,133,4,27,988,0,10,21501,10270,27567,0,41,21,0
14379986100800,1000,2048,8192,16384,7328,512,4096,8192,1004,4096,8192,16384,792,4096,16384,16384,174,8192,8192,8192,8,1024,8192,16384,199,512,4096,8192,827,1024,4096,8192,149,0,0,0,0,512,65536,262144,10554,524288,524288,524288,42,131072,262144,262144,42,262144,524288,524288,42,256,512,512,42,64,128,128,42,128,512,4096,1253,64,512,1024,1253,128,512,4096,65952,128,512,1024,7128,64,512,512,879,128,512,4096,1386,256,1024,4096,945,128,1024,1024,873,64,256,4096,11016,64,256,1024,990,64,256,512,177,64,256,512,72,128,1024,4096,72,0,0,0,0,0,0,0,0,0,0,0,0,0,0,0,0,64,128,128,21,128,128,128,21,11.32,9.31,2.01,0,8,117,1,28,966,0,0,21901,10488,27255,0,42,21,0
14381021011900,1000,2048,8192,16384,7297,512,4096,8192,1000,4096,8192,16384,834,4096,16384,16384,201,8192,16384,16384,7,1024,8192,8192,194,512,4096,8192,812,2048,8192,8192,140,0,0,0,1,2048,65536,262144,10577,524288,524288,524288,41,262144,262144,262144,41,262144,262144,524288,41,256,512,512,41,64,128,32768,41,64,512,4096,1374,128,512,1024,1374,128,512,4096,65673,128,512,4096,7506,64,256,512,1039,128,512,4096,1575,128,1024,4096,891,128,1024,2048,927,64,256,4096,10980,64,256,512,990,64,256,2048,129,64,512,1024,54,64,512,4096,63,64,256,256,9,0,0,0,0,0,0,0,0,0,0,0,0,64,128,128,20,128,128,128,20,10.57,8.80,1.76,0,7,91,1,23,1035,0,0,22086,10538,27458,0,41,20,0
14382057326900,1000,2048,8192,16384,7361,512,4096,8192,1125,4096,8192,16384,815,4096,16384,16384,198,8192,16384,16384,7,512,8192,8192,222,512,4096,8192,819,2048,4096,8192,135,0,0,0,0,256,65536,131072,10779,524288,524288,1048576,42,131072,262144,262144,42,262144,524288,524288,42,256,512,512,42,64,128,16384,42,128,512,4096,1328,128,512,1024,1328,128,512,4096,66249,64,512,2048,7335,64,256,512,925,128,512,4096,1764,256,1024,4096,942,128,1024,1024,915,64,256,4096,11682,64,256,2048,1080,64,256,512,165,64,256,512,63,128,512,4096,63,0,0,0,0,0,0,0,0,0,0,0,0,0,0,0,0,64,128,128,21,128,128,256,21,9.68,8.43,1.26,0,7,87,4,39,1013,0,0,21597,10709,27305,0,42,21,0
14383090729200,1000,2048,8192,16384,7264,512,4096,8192,1011,4096,8192,16384,842,4096,16384,16384,191,4096,8192,8192,5,1024,8192,8192,211,512,4096,8192,820,1024,8192,8192,130,0,0,0,1,512,65536,262144,10552,524288,524288,524288,41,131072,262144,262144,41,262144,524288,524288,41,256,512,512,41,128,128,128,41,128,512,4096,1176,128,512,4096,1176,128,512,4096,65376,64,512,4096,7578,64,256,512,908,128,512,4096,1746,256,1024,4096,966,128,1024,1024,921,64,256,4096,11025,64,256,4096,1026,64,256,512,201,64,256,2048,63,128,512,512,45,64,256,256,9,0,0,0,0,0,0,0,0,0,0,0,0,64,128,128,21,128,256,256,21,10.58,9.06,1.51,0,5,84,0,24,1033,0,16,21684,10466,27330,0,41,21,0
14384125465800,1000,2048,8192,16384,7265,512,4096,8192,994,4096,8192,16384,827,4096,16384,16384,189,8192,16384,16384,5,512,8192,8192,194,512,4096,8192,805,1024,4096,8192,136,0,0,0,1,2048,65536,262144,10499,524288,524288,524288,41,131072,262144,262144,41,262144,262144,524288,41,256,512,512,41,64,128,256,41,128,512,4096,1218,128,512,4096,1218,128,512,4096,65385,64,512,4096,7443,64,256,512,792,128,512,2048,1872,256,1024,4096,894,64,1024,1024,849,64,256,4096,11439,64,256,4096,963,64,256,512,135,0,256,256,36,64,256,512,45,256,256,256,9,0,0,0,0,0,0,0,0,0,0,0,0,64,256,256,20,128,128,128,20,10.31,9.06,1.26,0,5,71,1,42,1016,0,2,21681,10451,27263,0,41,20,0
14385161937100,1000,2048,8192,16384,7306,512,4096,8192,1012,4096,8192,16384,828,8192,16384,16384,205,8192,8192,8192,7,512,8192,8192,220,512,4096,8192,818,1024,4096,8192,155,2048,2048,2048,2,2048,65536,262144,10632,524288,524288,524288,42,262144,262144,262144,42,262144,262144,262144,42,128,256,256,42,64,128,16384,42,128,512,4096,1329,128,512,4096,1329,128,512,4096,65754,64,512,4096,7452,64,256,512,984,128,512,1024,1827,256,1024,4096,816,128,1024,1024,771,64,256,4096,11106,64,256,2048,1035,64,256,512,150,64,512,512,45,128,512,1024,63,128,512,512,18,0,0,0,0,0,0,0,0,0,0,0,0,64,128,128,21,128,128,256,21,10.81,9.42,1.38,0,7,45,0,41,1033,0,0,22110,10549,27499,4,42,21,0
14386198157400,970,2048,8192,16384,7151,512,4096,4096,975,4096,8192,16384,770,4096,16384,16384,217,8192,8192,8192,8,512,4096,8192,213,512,4096,8192,832,1024,4096,8192,134,0,0,0,0,512,65536,131072,10371,524288,524288,524288,41,262144,262144,262144,41,262144,524288,524288,41,256,512,512,41,64,128,65536,41,128,512,4096,1466,64,512,1024,1736,128,512,4096,64359,64,512,4096,6930,64,256,512,954,128,512,4096,1899,256,2048,4096,818,256,1024,2048,899,64,256,4096,11583,64,256,512,1071,64,256,512,147,64,256,256,117,128,256,4096,72,0,0,0,0,0,0,0,0,0,0,0,0,0,0,0,0,64,128,128,21,128,128,128,21,9.56,8.80,0.75,0,8,27,0,29,987,30,9,21211,10337,26799,0,41,21,0
14387233065300,970,2048,8192,16384,6956,512,4096,8192,969,4096,8192,16384,784,8192,16384,16384,214,8192,16384,16384,13,512,4096,8192,181,512,4096,8192,774,2048,8192,8192,136,0,0,0,1,1024,65536,131072,10079,524288,524288,524288,42,262144,262144,262144,42,262144,262144,524288,42,256,512,512,42,64,128,128,42,128,512,4096,1377,128,512,1024,1377,128,512,4096,62604,128,512,1024,7056,64,256,512,1061,128,512,2048,1710,256,1024,4096,999,128,1024,4096,909,64,256,4096,11187,64,256,4096,1314,64,256,512,201,64,256,512,108,128,512,4096,117,64,256,256,9,0,0,0,0,0,0,0,0,0,0,0,0,64,128,128,21,128,128,256,21,12.46,9.69,2.77,0,13,14,0,18,998,0,0,20864,10019,26375,0,42,21,0
14388267613700,1000,2048,8192,16384,7272,512,4096,8192,984,4096,8192,16384,822,4096,16384,16384,213,8192,8192,8192,15,512,4096,4096,213,512,4096,8192,819,1024,8192,8192,135,0,0,0,1,512,65536,131072,10534,524288,524288,524288,41,262144,262144,262144,41,262144,262144,262144,41,256,512,512,41,64,512,32768,41,64,512,1024,1578,128,512,4096,1308,128,512,4096,65448,128,512,2048,7398,64,256,512,1096,128,512,1024,1638,256,1024,4096,958,128,1024,2048,940,64,256,4096,11511,64,256,4096,1098,64,256,512,312,64,256,512,126,128,512,4096,135,64,256,256,9,16384,2097152,2097152,30,1024,2048,2048,30,64,64,128,60,64,128,128,20,128,65536,65536,20,10.43,8.67,1.76,30,15,9,0,25,1035,0,0,20994,10514,27282,0,41,20,0
14389302564200,1000,2048,8192,16384,7302,512,4096,8192,999,4096,8192,16384,830,8192,16384,16384,244,8192,8192,8192,10,512,4096,8192,182,512,4096,8192,815,1024,8192,8192,132,0,0,0,1,1024,65536,131072,10568,524288,524288,524288,41,131072,262144,262144,41,262144,524288,524288,41,256,512,512,41,64,128,128,41,128,512,4096,1176,128,512,4096,1176,128,512,4096,65718,128,512,4096,7470,64,256,512,1408,128,512,1024,1647,256,1024,4096,1087,128,1024,1024,1051,64,256,4096,11997,64,256,4096,1080,64,256,4096,207,64,512,1024,108,128,512,512,90,128,256,256,9,0,0,0,0,0,0,0,0,0,0,0,0,64,128,128,21,128,128,128,21,13.35,10.45,2.90,0,10,1,0,24,1074,0,0,21554,10490,27062,0,41,21,0
14390335690400,1000,2048,8192,16384,7117,512,4096,8192,998,4096,16384,16384,776,8192,16384,16384,224,8192,16384,16384,20,512,4096,8192,213,512,4096,8192,805,2048,8192,8192,131,2048,4096,4096,3,512,65536,131072,10361,524288,524288,524288,42,262144,262144,262144,42,262144,524288,524288,42,256,512,512,42,128,128,65536,42,128,512,4096,1274,128,512,4096,1274,128,512,4096,64053,128,512,4096,6984,64,256,512,1352,128,512,4096,1674,256,2048,4096,861,256,1024,4096,987,64,256,4096,11943,64,256,1024,1161,64,512,1024,174,128,256,4096,171,128,2048,4096,180,128,512,512,27,0,0,0,0,0,0,0,0,0,0,0,0,64,128,128,21,128,128,256,21,9.19,8.69,0.50,0,20,4,1,36,1000,0,0,21189,10300,26902,0,42,21,0
14391373710200,1000,2048,8192,16384,7525,512,4096,8192,1106,4096,8192,16384,835,8192,16384,16384,211,8192,8192,8192,16,512,4096,8192,234,512,4096,8192,835,2048,8192,8192,152,0,0,0,1,1024,65536,262144,11002,524288,524288,524288,41,262144,262144,262144,41,262144,524288,524288,41,256,512,1024,41,64,128,128,41,128,512,4096,1308,128,512,4096,1308,128,512,4096,67725,128,512,4096,7515,64,256,1024,1085,128,512,4096,1638,256,1024,2048,899,128,1024,2048,962,64,512,4096,11763,64,256,2048,963,64,512,512,174,64,256,512,126,128,512,512,144,128,256,256,9,0,0,0,0,0,0,0,0,0,0,0,0,64,128,128,20,128,128,128,20,10.92,9.16,1.76,0,16,7,0,37,1046,0,0,22017,10912,27174,0,41,20,0
14392409335700,1000,2048,8192,16384,7198,512,4096,8192,1007,4096,8192,16384,809,4096,16384,16384,181,8192,16384,16384,6,512,4096,8192,209,512,4096,8192,799,1024,4096,8192,137,2048,2048,2048,3,1024,65536,131072,10431,524288,524288,524288,42,262144,262144,262144,42,262144,524288,524288,42,256,1024,1024,42,64,128,32768,42,128,512,4096,1388,128,512,4096,1388,128,512,4096,64782,64,512,2048,7281,64,512,512,976,128,512,1024,1440,256,1024,4096,870,128,1024,1024,915,64,512,4096,11331,64,256,512,1188,64,512,512,171,128,256,4096,90,128,4096,4096,54,128,256,512,27,0,0,0,0,0,0,0,0,0,0,0,0,64,128,128,21,128,128,128,21,9.43,8.43,1.01,0,6,3,0,37,990,0,0,21714,10355,27244,0,42,21,0
14393443351800,1000,2048,8192,16384,7229,512,4096,8192,1003,4096,8192,16384,810,4096,16384,16384,212,8192,16384,16384,14,512,4096,8192,198,512,4096,8192,805,2048,4096,8192,141,2048,4096,4096,4,1024,65536,131072,10498,524288,524288,524288,41,131072,262144,262144,41,262144,524288,524288,41,512,512,1024,41,64,128,16384,41,64,512,4096,1302,128,512,4096,1302,128,512,4096,65061,64,512,1024,7290,64,256,512,1173,64,512,4096,1647,256,1024,4096,804,128,1024,1024,849,64,256,4096,10908,64,256,4096,1026,64,256,512,162,128,256,512,99,128,256,4096,126,128,512,512,36,0,0,0,0,0,0,0,0,0,0,0,0,64,128,128,21,128,128,128,21,12.07,9.43,2.64,0,14,1,0,26,1022,0,0,21504,10412,26816,0,41,21,0
14394479149000,1000,2048,8192,16384,7245,512,4096,8192,994,4096,8192,16384,790,4096,16384,16384,201,8192,8192,8192,10,512,4096,8192,206,512,4096,8192,795,2048,4096,8192,122,4096,4096,4096,2,2048,65536,131072,10460,524288,524288,524288,41,131072,262144,262144,41,262144,524288,524288,41,256,512,512,41,64,128,32768,42,64,512,4096,1079,128,512,4096,1079,128,512,4096,65205,64,512,4096,7110,64,256,512,1026,64,512,1024,1584,256,1024,4096,900,128,1024,2048,936,64,256,4096,10764,64,256,2048,954,64,512,4096,165,128,256,4096,99,128,512,4096,90,128,256,256,18,0,0,0,0,0,0,0,0,0,0,0,0,64,128,128,21,128,128,128,21,11.19,9.43,1.76,0,10,1,0,28,991,0,0,21833,10384,26609,0,41,21,0
14395514822700,970,2048,8192,16384,7410,512,4096,8192,993,4096,16384,16384,844,8192,16384,16384,183,8192,8192,8192,10,512,4096,8192,204,512,4096,8192,845,2048,8192,8192,139,4096,4096,4096,11,2048,65536,262144,10725,524288,524288,524288,42,262144,262144,262144,42,262144,262144,262144,42,256,512,512,42,64,128,32768,41,128,512,4096,1314,64,512,4096,1584,128,512,4096,66690,64,512,4096,7596,64,256,512,927,128,512,4096,1575,256,1024,4096,842,128,1024,1024,896,64,256,4096,11133,64,512,4096,1044,64,256,4096,162,64,512,4096,90,128,512,4096,90,128,512,4096,99,0,0,0,0,0,0,0,0,0,0,0,0,64,128,128,20,128,128,128,20,11.07,9.31,1.76,0,10,2,0,17,1027,30,61,21627,10652,26874,0,42,20,0
14396549363900,970,2048,8192,16384,7002,512,4096,8192,967,4096,8192,16384,803,4096,16384,16384,185,8192,8192,8192,11,512,8192,8192,216,512,4096,8192,790,2048,8192,8192,123,2048,4096,4096,3,1024,65536,131072,10191,524288,524288,524288,41,131072,262144,262144,41,262144,262144,262144,41,256,512,512,41,64,128,512,41,64,512,4096,1409,128,512,4096,1409,128,512,4096,63018,64,512,4096,7227,64,256,512,1194,128,256,4096,1485,256,1024,4096,906,128,1024,1024,879,64,256,4096,11151,64,256,2048,1080,64,256,4096,150,64,256,512,90,64,512,512,99,256,256,512,27,0,0,0,0,0,0,0,0,0,0,0,0,64,128,128,21,128,128,128,21,10.84,8.82,2.02,0,11,0,0,26,988,0,0,21069,10113,26348,0,41,21,0
14397584560400,970,2048,8192,16384,6933,512,4096,8192,966,4096,8192,16384,788,4096,16384,16384,200,8192,16384,16384,9,512,4096,8192,200,512,4096,8192,784,2048,4096,8192,130,2048,8192,8192,5,512,65536,131072,10088,524288,524288,524288,42,131072,262144,262144,42,262144,262144,524288,42,256,512,512,42,64,128,1024,42,64,512,4096,1430,128,512,4096,1430,128,512,4096,62397,64,256,2048,7092,64,256,4096,930,64,512,1024,1647,256,1024,4096,955,128,1024,2048,937,64,256,4096,11133,64,256,512,999,64,256,512,200,64,256,256,117,64,512,4096,81,128,256,512,45,16384,16384,16384,11,0,0,0,0,64,128,128,11,64,128,128,21,128,128,256,21,10.67,9.54,1.13,0,9,0,0,25,988,0,0,20737,10021,26461,0,42,21,0
14398619700400,1000,2048,8192,16384,7344,512,4096,8192,1139,4096,8192,16384,817,8192,16384,16384,200,8192,8192,8192,10,512,4096,8192,193,512,4096,8192,813,2048,8192,8192,144,2048,4096,4096,3,1024,65536,262144,10751,524288,524288,524288,41,131072,262144,262144,41,262144,262144,524288,41,128,512,512,41,64,128,32768,41,64,512,4096,1571,128,512,4096,1301,128,512,4096,66096,64,512,2048,7353,64,256,512,858,128,512,4096,1926,256,1024,4096,941,128,1024,1024,860,64,256,4096,11124,64,256,2048,1071,64,256,4096,231,64,256,256,45,64,256,512,90,128,512,4096,27,2097152,2097152,2097152,19,1024,2048,4096,30,64,128,128,49,64,128,128,20,128,65536,65536,20,11.71,9.19,2.52,30,10,0,0,21,1017,0,1,21925,10723,27331,0,41,20,0
14399653401800,1000,2048,8192,16384,7133,512,4096,8192,1030,4096,8192,16384,784,4096,16384,16384,183,8192,16384,16384,9,512,4096,8192,202,512,4096,8192,823,2048,4096,8192,156,2048,2048,2048,2,512,65536,131072,10397,524288,524288,524288,41,131072,262144,262144,41,262144,262144,524288,41,256,256,512,41,64,128,16384,41,128,512,4096,1274,128,512,2048,1274,128,512,4096,64197,64,512,4096,7056,64,256,512,899,128,512,1024,1692,256,1024,4096,891,128,1024,2048,873,64,256,4096,11367,64,256,2048,1026,64,256,512,225,64,512,4096,72,128,512,4096,81,128,256,256,18,0,0,0,0,0,0,0,0,0,0,0,0,64,128,128,21,128,128,128,21,11.82,9.56,2.26,0,9,1,0,22,967,0,0,21561,10336,27078,0,41,21,0
14400690203800,1000,2048,8192,16384,7285,512,4096,8192,1001,4096,8192,16384,813,8192,16384,16384,213,8192,16384,16384,13,512,4096,8192,228,512,4096,8192,832,2048,8192,8192,139,0,0,0,1,1024,65536,131072,10609,524288,524288,524288,42,262144,262144,262144,42,262144,524288,524288,42,128,512,512,42,64,128,128,42,128,512,4096,1254,128,512,1024,1254,128,512,4096,65565,64,512,4096,7317,64,256,512,1170,128,512,1024,1899,256,1024,4096,1016,128,1024,2048,953,64,256,2048,12114,64,256,512,1089,64,256,512,198,64,256,512,126,128,512,4096,117,0,256,256,9,0,0,0,0,0,0,0,0,0,0,0,0,64,128,128,21,128,128,128,21,11.56,9.17,2.39,0,13,1,0,31,1026,0,0,21770,10532,27010,0,42,21,0
14401725091400,1000,2048,8192,16384,7314,512,4096,8192,997,4096,8192,16384,836,4096,16384,16384,228,8192,16384,16384,10,512,4096,8192,214,512,4096,8192,821,1024,8192,8192,129,2048,2048,2048,3,128,65536,131072,10630,524288,524288,524288,41,262144,262144,262144,41,262144,262144,524288,41,256,512,512,41,64,128,2048,41,64,512,4096,1350,128,512,1024,1350,128,512,4096,65826,64,512,4096,7524,64,256,512,1179,128,512,1024,1980,256,1024,4096,843,128,1024,1024,825,64,256,1024,11241,64,512,1024,1179,64,256,512,174,64,256,4096,99,64,512,4096,90,128,512,512,27,0,0,0,0,0,0,0,0,0,0,0,0,64,128,128,20,128,128,128,20,12.33,10.06,2.26,0,10,1,0,24,1064,0,0,21303,10563,27090,0,41,20,0
14402760842400,1000,2048,8192,16384,7202,512,4096,8192,996,4096,8192,16384,818,4096,16384,16384,204,8192,16384,16384,8,512,4096,8192,186,512,4096,8192,802,1024,4096,8192,123,4096,4096,4096,4,256,65536,131072,10400,524288,524288,524288,42,262144,262144,262144,42,262144,524288,524288,42,256,256,512,42,64,256,16384,42,64,512,4096,1203,128,512,4096,1203,128,512,4096,64818,64,512,4096,7362,64,256,512,996,128,512,1024,1620,256,1024,2048,984,128,1024,1024,948,64,256,2048,12051,64,256,512,1098,64,256,4096,165,64,256,512,72,128,1024,4096,72,128,512,1024,36,0,0,0,0,0,0,0,0,0,0,0,0,64,128,128,21,64,128,128,21,9.68,8.55,1.13,0,8,0,0,25,1022,0,0,21255,10328,26623,0,42,21,0
14403795048700,1000,2048,8192,16384,7377,512,4096,8192,999,4096,8192,16384,826,4096,16384,16384,233,8192,8192,8192,10,512,4096,4096,216,512,4096,8192,809,1024,4096,8192,159,2048,4096,4096,7,256,65536,131072,10706,524288,524288,524288,41,131072,262144,262144,41,262144,524288,524288,41,256,512,512,41,64,128,16384,41,64,512,2048,1104,64,512,4096,1104,128,512,4096,66393,64,512,4096,7434,64,256,512,1185,128,512,1024,1764,256,1024,4096,933,128,1024,1024,897,64,256,4096,11529,64,256,512,1098,64,256,512,117,64,256,512,90,128,256,4096,90,128,512,512,63,0,0,0,0,0,0,0,0,0,0,0,0,64,128,128,21,128,128,128,21,12.97,9.57,3.40,0,10,0,0,24,1059,0,11,21383,10609,27029,0,41,21,0
14404829991900,1000,2048,8192,16384,7215,512,4096,8192,1085,4096,8192,16384,789,4096,16384,16384,239,8192,16384,16384,12,512,4096,8192,206,512,4096,8192,826,1024,8192,8192,126,2048,2048,2048,4,64,65536,131072,10562,524288,524288,524288,42,262144,262144,262144,42,262144,262144,262144,42,256,512,1024,42,64,128,8192,42,64,512,4096,1319,128,512,1024,1319,128,512,4096,64937,64,512,2048,7101,64,256,512,1343,128,512,1024,1773,256,1024,4096,831,128,1024,2048,858,64,256,4096,11322,64,256,2048,1242,64,256,512,144,64,256,512,126,128,512,4096,108,64,512,512,36,0,0,0,0,0,0,0,0,0,0,0,0,64,128,128,21,128,128,256,21,10.95,9.32,1.64,0,12,0,0,24,1028,0,8,21498,10487,26884,0,42,21,0
14405866190100,970,2048,8192,16384,7093,512,4096,8192,1132,4096,8192,16384,814,8192,16384,16384,192,8192,16384,16384,15,512,4096,8192,205,512,4096,8192,801,1024,8192,8192,139,2048,4096,4096,5,64,65536,131072,10475,524288,524288,524288,41,131072,262144,262144,41,262144,262144,524288,41,256,512,512,41,64,128,8192,41,128,512,4096,1022,64,512,4096,1292,128,512,4096,63835,64,512,1024,7326,64,256,512,1162,128,512,1024,1305,256,1024,4096,906,128,1024,1024,951,64,256,4096,10935,64,256,4096,1053,64,256,512,168,64,256,512,99,128,512,4096,135,128,256,512,45,0,0,0,0,0,0,0,0,0,0,0,0,64,256,256,20,128,256,256,20,11.93,9.79,2.13,0,15,0,0,25,1006,30,0,21008,10419,27320,0,41,20,0
14406901952100,970,2048,8192,16384,6942,512,4096,8192,960,4096,8192,16384,784,4096,16384,16384,189,8192,8192,8192,9,512,4096,8192,204,512,4096,8192,785,2048,8192,8192,126,2048,2048,2048,8,128,65536,131072,10095,524288,524288,524288,41,131072,262144,262144,41,262144,262144,524288,41,256,512,1024,41,128,128,128,41,128,512,4096,1452,128,512,4096,1452,64,512,4096,62478,64,512,4096,7056,64,256,512,1087,64,512,4096,1422,256,1024,4096,821,128,1024,1024,830,64,256,4096,11655,64,256,4096,1071,64,256,4096,156,64,512,1024,90,128,256,4096,81,128,256,1024,72,0,0,0,0,0,0,0,0,0,0,0,0,64,128,128,21,128,128,128,21,13.96,10.31,3.65,0,9,0,0,20,973,0,0,20929,10009,26081,0,41,21,0
14407938547500,992,2048,8192,16384,7073,512,4096,8192,967,4096,8192,16384,791,4096,16384,16384,205,8192,16384,16384,8,512,4096,8192,206,512,4096,8192,816,1024,4096,8192,148,4096,8192,8192,15,512,65536,131072,10291,524288,524288,524288,42,131072,262144,262144,42,262144,524288,524288,42,256,512,512,42,64,128,16384,42,64,512,4096,1404,128,512,2048,1206,128,512,4096,63657,64,512,4096,7119,64,256,512,1101,128,512,4096,1566,256,2048,4096,876,128,1024,1024,858,64,256,4096,11403,64,256,512,1125,64,256,512,225,64,256,256,81,128,512,8192,72,128,512,4096,135,8192,2097152,2097152,30,1024,1024,1024,22,64,64,64,52,64,128,128,21,128,32768,65536,21,9.92,9.04,0.88,22,8,0,0,28,996,0,0,21038,10241,26381,0,42,21,0
14408972213400,1000,2048,8192,16384,7206,512,4096,8192,993,4096,8192,16384,813,4096,16384,16384,211,8192,16384,16384,14,512,4096,8192,182,512,4096,8192,797,1024,8192,8192,145,2048,8192,8192,6,256,65536,131072,10461,524288,524288,524288,41,131072,262144,262144,41,262144,262144,524288,41,256,512,512,41,64,128,128,41,64,512,4096,1229,64,512,4096,1157,128,512,4096,64863,128,512,4096,7317,64,256,512,1225,64,512,512,1629,256,2048,4096,942,128,1024,2048,978,64,256,4096,10899,64,256,512,900,64,256,4096,183,128,512,512,108,128,512,1024,126,128,256,512,54,0,0,0,0,1024,1024,1024,8,64,64,64,8,64,128,128,20,128,256,256,20,11.34,9.20,2.14,8,14,0,0,19,1024,0,0,21452,10375,26950,0,41,20,0
14410008334400,1000,2048,8192,16384,7182,512,4096,8192,1004,4096,8192,16384,819,8192,16384,16384,169,8192,8192,8192,8,512,4096,8192,212,512,4096,8192,808,2048,4096,8192,147,4096,8192,8192,9,1024,65536,262144,10448,524288,524288,524288,42,262144,262144,262144,42,262144,262144,262144,42,256,512,512,42,128,8192,65536,42,64,512,4096,1422,128,512,2048,1422,128,512,4096,64629,64,512,4096,7371,64,256,512,842,128,512,1024,1530,256,1024,4096,915,128,1024,4096,879,64,256,2048,11403,64,256,1024,1107,128,512,1024,144,128,512,512,90,128,256,512,72,64,512,4096,81,0,0,0,0,0,0,0,0,0,0,0,0,64,128,128,21,128,128,128,21,9.68,8.80,0.88,0,8,0,0,18,987,0,0,20849,10338,26444,0,42,21,0
14411043723200,1000,2048,8192,16384,7250,512,4096,8192,1139,4096,8192,16384,823,4096,16384,16384,213,8192,16384,16384,8,512,4096,8192,232,512,4096,8192,799,2048,4096,8192,129,2048,2048,2048,4,64,65536,131072,10687,524288,524288,524288,41,131072,262144,262144,41,262144,262144,524288,41,256,256,512,41,64,128,128,41,128,512,4096,1311,128,512,1024,1311,128,512,4096,65250,64,512,4096,7407,64,256,512,1143,64,512,2048,1746,256,1024,4096,926,128,1024,1024,845,64,256,4096,11916,64,256,4096,999,64,256,512,177,128,512,512,54,128,1024,4096,72,64,512,512,36,0,0,0,0,0,0,0,0,0,0,0,0,64,128,128,21,128,128,128,21,10.83,9.06,1.76,0,8,0,0,32,1036,0,0,21540,10602,27111,0,41,21,0
14412076816200,1000,2048,8192,16384,7280,512,4096,8192,1005,4096,16384,16384,792,8192,16384,16384,201,8192,16384,16384,6,512,4096,8192,198,512,4096,8192,816,2048,8192,8192,143,2048,4096,4096,6,1024,65536,131072,10534,524288,524288,1048576,41,262144,262144,524288,41,262144,524288,524288,41,256,512,512,41,64,128,8192,41,128,512,4096,1341,128,512,4096,1341,128,512,4096,65520,128,512,4096,7128,64,256,1024,985,128,512,4096,1575,256,2048,4096,900,64,1024,2048,882,64,512,4096,11439,64,512,4096,1116,64,512,512,144,128,256,512,45,128,512,1024,54,128,512,1024,54,0,0,0,0,0,0,0,0,0,0,0,0,64,128,128,20,64,128,128,20,11.83,9.95,1.89,0,6,0,0,29,993,0,0,21557,10453,26945,0,41,20,0
14413112440900,1000,2048,8192,16384,7256,512,4096,8192,995,4096,8192,16384,831,8192,16384,32768,188,8192,8192,8192,5,512,4096,8192,186,512,4096,8192,811,2048,4096,8192,124,2048,4096,4096,5,64,65536,131072,10474,524288,524288,1048576,42,262144,262144,524288,42,262144,524288,524288,42,64,256,256,42,64,128,16384,42,128,512,2048,1302,128,512,4096,1302,128,512,4096,65304,128,512,1024,7479,64,256,512,1043,128,512,1024,1557,256,1024,2048,959,128,1024,2048,914,64,256,2048,12582,64,256,4096,1035,64,256,512,225,64,256,256,54,128,512,4096,45,128,256,512,45,0,0,0,0,0,0,0,0,0,0,0,0,64,128,128,21,128,128,128,21,9.42,8.54,0.88,0,5,0,0,31,1019,0,0,21235,10409,26629,0,42,21,0
14414147659700,1000,2048,8192,16384,7315,512,4096,8192,998,4096,8192,16384,817,4096,16384,16384,202,8192,16384,16384,9,512,4096,8192,214,512,4096,8192,834,1024,4096,8192,136,2048,2048,2048,5,64,65536,131072,10609,524288,524288,524288,41,131072,262144,262144,41,262144,524288,524288,41,128,256,256,41,64,4096,8192,41,128,512,4096,1146,128,512,4096,1146,128,512,4096,65835,64,512,4096,7353,64,256,512,942,128,512,2048,1818,256,1024,8192,885,128,1024,1024,912,64,256,2048,11619,64,256,2048,1089,64,256,512,240,64,256,256,81,128,2048,4096,81,128,512,1024,45,0,0,0,0,0,0,0,0,0,0,0,0,64,128,128,21,128,128,128,21,11.08,9.44,1.64,0,9,0,0,26,1019,0,0,20980,10535,26626,0,41,21,0
14415183222400,1000,2048,8192,16384,7100,512,4096,8192,999,4096,8192,16384,794,4096,16384,16384,209,8192,8192,8192,15,512,4096,8192,206,512,4096,8192,780,1024,8192,8192,134,2048,4096,4096,9,1024,65536,131072,10339,524288,524288,524288,42,131072,262144,262144,42,262144,524288,524288,42,256,512,512,42,64,128,128,42,128,512,4096,1285,128,512,4096,1285,128,512,4096,63900,128,512,4096,7146,64,256,512,915,128,512,512,1764,256,1024,4096,1050,128,1024,2048,1041,64,256,4096,11385,64,256,2048,1053,64,256,4096,128,64,256,512,153,128,512,4096,135,128,512,1024,81,0,0,0,0,0,0,0,0,0,0,0,0,64,128,128,21,128,128,128,21,10.82,9.06,1.76,0,15,0,0,17,1003,0,0,21323,10244,26854,0,42,21,0
14416218396200,970,2048,8192,16384,7148,512,4096,8192,1065,4096,8192,16384,792,4096,16384,16384,201,8192,16384,16384,8,512,4096,4096,218,512,4096,8192,790,1024,8192,8192,142,2048,2048,2048,2,512,65536,131072,10438,524288,524288,524288,41,131072,262144,262144,41,262144,262144,524288,41,128,256,256,41,64,128,128,41,128,512,4096,1299,64,512,4096,1569,128,512,4096,64332,64,512,4096,7128,64,256,512,995,128,512,1024,1656,256,1024,4096,1020,128,1024,2048,912,64,256,4096,10953,64,256,4096,1026,64,256,512,156,64,256,256,54,128,2048,4096,72,128,512,512,18,0,0,0,0,0,0,0,0,0,0,0,0,64,128,128,20,128,128,128,20,10.56,9.68,0.88,0,8,0,0,38,993,30,0,21055,10402,26911,0,41,20,0
14417253825700,970,2048,8192,16384,7142,512,4096,8192,969,4096,8192,16384,819,4096,16384,16384,195,8192,8192,8192,12,512,4096,8192,192,512,4096,8192,812,1024,4096,8192,137,2048,2048,2048,4,512,65536,131072,10344,524288,524288,524288,41,131072,262144,262144,41,262144,524288,524288,41,256,512,512,41,64,128,128,41,64,512,4096,1269,64,512,4096,1269,128,512,4096,64278,64,512,4096,7371,64,256,512,1035,128,512,4096,1458,256,1024,4096,882,128,1024,2048,999,64,256,2048,11106,64,256,1024,1098,64,256,512,258,64,256,512,126,128,512,4096,108,128,256,256,36,0,0,0,0,0,0,0,0,0,0,0,0,64,64,128,21,128,128,128,21,11.19,9.18,2.01,0,12,1,0,19,1014,0,0,21121,10263,25914,0,41,21,0
14418289320500,1000,2048,8192,16384,7185,512,4096,8192,967,4096,8192,16384,789,4096,16384,16384,234,8192,8192,8192,11,512,4096,8192,205,512,4096,8192,841,2048,4096,4096,137,2048,2048,2048,3,1024,65536,131072,10432,524288,524288,524288,42,131072,262144,262144,42,262144,524288,524288,42,256,512,512,42,64,128,2048,42,64,512,4096,1644,128,512,4096,1374,128,512,4096,64665,64,512,4096,7101,64,256,512,1247,64,512,2048,1647,256,2048,4096,933,128,1024,2048,924,64,256,4096,11430,64,256,4096,999,64,256,2048,192,64,256,256,90,128,512,4096,99,128,512,512,27,8192,2097152,2097152,30,1024,1024,1024,30,64,64,64,60,64,128,128,21,128,65536,65536,21,10.82,9.31,1.51,30,11,5,0,23,1023,0,0,20710,10420,26758,0,42,21,0
14419324213800,1000,2048,8192,16384,7071,512,4096,8192,996,4096,8192,16384,815,4096,16384,16384,223,8192,16384,16384,11,512,4096,8192,184,512,4096,8192,795,1024,4096,8192,147,2048,4096,4096,8,128,65536,131072,10319,524288,524288,524288,41,131072,262144,262144,41,262144,262144,262144,41,128,256,256,41,64,128,128,41,64,512,4096,1231,64,512,4096,1231,128,512,4096,63644,64,512,1024,7335,64,256,512,1109,128,512,4096,1791,256,1024,2048,944,128,1024,2048,944,64,256,4096,11520,64,256,2048,1152,64,256,512,156,64,256,512,108,128,512,4096,99,128,512,512,72,0,0,0,0,0,0,0,0,0,0,0,0,64,128,128,20,128,128,128,20,11.70,9.31,2.39,0,11,6,0,14,1038,0,0,21566,10203,27468,0,41,20,0
14420359043900,1000,2048,8192,16384,7279,512,4096,8192,998,4096,8192,16384,814,8192,16384,16384,216,8192,16384,16384,9,512,4096,8192,237,512,4096,8192,816,2048,8192,8192,130,4096,4096,4096,6,512,65536,262144,10563,524288,524288,524288,42,131072,262144,262144,42,262144,524288,524288,42,256,512,512,42,128,128,8192,42,64,512,4096,1125,128,512,4096,1125,128,512,4096,65506,64,512,4096,7326,64,256,512,1130,128,512,4096,1548,256,2048,8192,834,128,1024,1024,915,64,256,4096,12123,64,256,1024,1044,64,256,512,201,128,256,512,81,128,512,4096,81,128,512,4096,54,0,0,0,0,0,0,0,0,0,0,0,0,64,128,128,21,128,128,256,21,10.83,9.57,1.26,0,9,21,0,26,1030,0,0,21154,10485,26630,1,42,21,0
14421383220700,1000,2048,8192,16384,7144,512,4096,8192,994,4096,8192,16384,788,4096,16384,16384,193,8192,8192,8192,14,512,4096,8192,224,512,4096,8192,795,2048,8192,8192,125,2048,4096,4096,6,64,65536,131072,10356,524288,524288,524288,41,262144,262144,262144,41,262144,262144,524288,41,256,256,512,41,64,128,16384,41,64,512,4096,1277,128,512,1024,1277,128,512,4096,64296,64,512,2048,7092,64,256,512,1118,128,512,4096,1215,256,2048,4096,854,128,1024,2048,926,64,256,4096,11169,64,256,512,1035,64,256,512,156,64,512,512,117,128,512,1024,126,128,512,512,54,0,0,0,0,0,0,0,0,0,0,0,0,64,128,128,21,128,128,128,21,10.58,9.06,1.51,0,14,26,0,18,981,0,0,20718,10276,26843,1,41,21,0
14422401924400,1000,2048,8192,16384,7201,512,4096,8192,994,4096,8192,16384,812,4096,16384,16384,212,8192,16384,16384,8,512,8192,8192,187,512,4096,8192,799,1024,8192,8192,137,2048,8192,8192,9,256,65536,131072,10434,524288,524288,524288,40,131072,262144,262144,40,262144,524288,524288,40,128,256,256,40,64,128,128,40,128,512,4096,1226,128,512,4096,1226,128,512,4096,64809,64,512,4096,7308,64,256,512,1088,64,512,4096,1512,128,1024,4096,908,128,1024,1024,935,64,256,4096,10287,128,256,1024,954,64,256,4096,180,64,256,256,63,128,512,4096,72,64,512,4096,81,0,0,0,0,0,0,0,0,0,0,0,0,64,128,128,20,128,128,128,20,12.74,9.30,3.44,0,8,32,0,18,1024,0,0,21718,10348,27242,0,40,20,0
14423420955600,1000,2048,8192,16384,7035,512,4096,8192,997,4096,8192,16384,811,4096,16384,16384,197,8192,8192,8192,10,512,4096,8192,186,512,4096,8192,817,1024,4096,8192,160,4096,4096,4096,7,128,65536,262144,10308,524288,524288,524288,41,131072,262144,262144,41,262144,262144,524288,41,128,512,512,41,64,128,32768,41,64,512,512,1359,64,512,4096,1359,128,512,4096,63315,64,512,4096,7299,64,256,512,1015,128,256,1024,1359,256,1024,2048,918,128,1024,2048,981,64,256,4096,11295,64,256,512,1116,64,256,512,174,64,256,256,90,128,512,1024,90,128,512,512,63,0,0,0,0,0,0,0,0,0,0,0,0,64,128,128,20,128,256,256,20,9.59,8.82,0.77,0,10,40,0,21,1008,0,0,20512,10220,26906,0,41,20,0
14424442302500,1000,2048,8192,16384,6995,512,4096,8192,1004,4096,8192,16384,780,4096,16384,16384,195,8192,16384,16384,6,512,4096,8192,210,512,4096,8192,777,2048,8192,8192,116,2048,4096,4096,6,256,65536,131072,10181,524288,524288,524288,41,262144,262144,262144,41,262144,262144,524288,41,256,256,512,41,64,128,128,41,128,512,4096,1412,128,512,4096,1412,128,512,4096,62955,64,512,4096,7020,64,256,512,1068,64,512,4096,1521,256,1024,4096,843,128,1024,1024,843,64,256,4096,10719,64,256,1024,1017,64,256,512,249,64,512,4096,72,64,1024,4096,54,128,256,512,54,0,0,0,0,0,0,0,0,0,0,0,0,64,128,128,21,128,128,128,21,11.72,9.55,2.17,0,6,31,0,25,975,0,0,20919,10118,26666,0,41,21,0
14425461407900,1000,2048,8192,16384,7120,512,4096,8192,990,4096,8192,16384,799,4096,16384,16384,172,8192,16384,16384,10,512,4096,8192,185,512,4096,8192,791,1024,8192,8192,140,2048,4096,4096,13,64,65536,131072,10300,524288,524288,524288,41,131072,262144,262144,41,262144,262144,524288,41,256,256,512,41,128,128,128,41,64,512,4096,1346,128,512,4096,1346,128,512,4096,64080,64,512,4096,7191,64,256,512,1011,64,512,4096,1152,256,2048,4096,951,128,1024,2048,933,64,256,2048,11313,64,256,4096,1080,64,256,512,180,64,256,256,90,128,256,4096,90,128,512,2048,117,0,0,0,0,0,0,0,0,0,0,0,0,64,128,128,20,128,128,128,20,9.96,8.43,1.53,0,10,33,0,19,971,0,0,20723,10181,26843,0,41,20,0
14426483314300,970,2048,8192,16384,6966,512,4096,8192,967,4096,8192,16384,781,4096,16384,16384,203,8192,8192,8192,5,512,4096,8192,222,512,4096,8192,786,1024,4096,8192,137,2048,4096,4096,8,512,65536,131072,10163,524288,524288,524288,41,131072,262144,262144,41,262144,524288,524288,41,128,512,512,41,64,128,128,41,64,512,4096,1298,64,512,1024,1568,128,512,4096,62703,64,512,4096,7029,64,256,512,950,64,512,4096,1431,256,1024,4096,900,64,1024,1024,909,64,256,4096,10512,64,256,1024,1134,64,256,4096,189,64,512,512,36,64,512,4096,45,128,512,512,72,0,0,0,0,0,0,0,0,0,0,0,0,64,128,128,21,128,128,128,21,11.86,10.07,1.79,0,5,35,0,28,984,30,1,21077,10100,26997,0,41,21,0
14427502104700,970,2048,8192,16384,6958,512,4096,8192,970,4096,8192,16384,787,4096,16384,16384,186,8192,16384,16384,5,512,4096,4096,200,512,4096,8192,785,1024,4096,8192,144,2048,4096,4096,7,256,65536,131072,10113,524288,524288,524288,40,131072,262144,262144,40,262144,524288,524288,40,64,256,256,40,64,128,128,40,64,512,4096,1253,128,512,4096,1253,128,512,4096,62613,64,512,4096,7083,64,256,512,940,128,512,1024,1305,256,1024,4096,1029,128,1024,2048,948,64,256,2048,11061,64,256,512,1107,64,256,512,180,64,256,256,45,128,512,4096,45,128,512,4096,63,0,0,0,0,0,0,0,0,0,0,0,0,64,128,128,20,128,128,128,20,10.35,9.20,1.15,0,5,39,0,19,973,0,0,20295,10019,26094,0,40,20,0
14428523187800,1000,2048,8192,16384,7133,512,4096,8192,987,4096,8192,16384,808,4096,16384,16384,208,8192,8192,8192,11,512,4096,8192,193,512,4096,8192,819,1024,4096,8192,112,2048,2048,2048,3,128,65536,131072,10348,524288,524288,524288,41,262144,262144,262144,41,262144,524288,524288,41,256,512,512,41,128,128,128,41,64,512,1024,1565,128,512,4096,1295,128,512,4096,64197,64,512,2048,7272,64,256,512,1097,64,512,1024,1548,256,1024,4096,915,128,1024,1024,978,64,256,4096,11673,64,256,512,1026,64,256,512,210,64,256,4096,117,128,512,512,99,128,256,256,27,8192,2097152,2097152,30,1024,1024,1024,30,64,64,128,60,64,128,128,20,128,65536,65536,20,10.46,9.18,1.28,30,11,42,0,18,1016,0,3,20868,10323,27306,0,41,20,0
14429542498200,1000,2048,8192,16384,7156,512,4096,8192,998,4096,8192,16384,787,4096,16384,16384,184,8192,16384,16384,6,512,4096,8192,202,512,4096,8192,786,1024,4096,8192,145,4096,4096,4096,3,128,65536,131072,10349,524288,524288,524288,41,262144,262144,262144,41,262144,524288,524288,41,64,256,256,41,64,128,256,41,64,512,4096,1328,128,512,4096,1328,128,512,4096,64404,64,512,4096,7083,64,256,512,892,128,512,512,1350,256,1024,4096,1022,128,1024,1024,905,64,256,2048,10701,128,256,4096,1188,64,256,512,222,64,512,4096,45,128,512,4096,54,128,512,512,27,0,0,0,0,0,0,0,0,0,0,0,0,64,128,128,21,128,128,128,21,9.58,8.81,0.77,0,6,41,0,11,971,0,0,20767,10289,26819,0,41,21,0
14430564175800,1000,2048,8192,16384,7139,512,4096,8192,1053,4096,8192,16384,799,4096,16384,16384,224,8192,16384,16384,12,512,4096,16384,183,512,4096,8192,794,1024,8192,8192,145,0,0,0,1,128,65536,131072,10420,524288,524288,524288,41,131072,262144,262144,41,262144,524288,524288,41,128,256,256,41,64,128,128,41,128,512,4096,1080,128,512,4096,1080,128,512,4096,64251,64,512,1024,7191,64,256,512,1009,128,512,4096,1557,256,1024,4096,1012,128,1024,1024,985,64,256,4096,10872,64,256,512,945,64,512,4096,168,64,256,512,90,128,512,512,108,64,256,256,9,0,0,0,0,0,0,0,0,0,0,0,0,64,128,128,20,128,128,128,20,12.50,9.56,2.93,0,12,35,0,13,1023,0,1,20829,10351,26688,0,41,20,0
14431582856500,1000,2048,8192,16384,7157,512,4096,8192,1013,4096,8192,16384,820,4096,16384,32768,184,8192,8192,8192,8,512,4096,8192,237,512,4096,8192,799,1024,4096,8192,123,2048,4096,4096,10,64,65536,131072,10432,524288,524288,524288,41,131072,262144,262144,41,262144,524288,524288,41,256,256,256,41,64,128,2048,41,64,512,1024,1002,128,512,4096,1002,128,512,4096,64413,64,512,2048,7380,64,256,512,1036,128,512,4096,1449,256,1024,4096,900,128,1024,1024,873,64,256,4096,10422,64,256,2048,945,64,256,1024,222,64,256,256,90,128,512,4096,72,128,512,512,90,0,0,0,0,0,0,0,0,0,0,0,0,64,128,128,21,128,128,128,21,9.33,8.69,0.64,0,8,21,0,17,1004,0,22,20748,10339,26660,0,41,21,0
14432604547900,1000,2048,8192,16384,7076,512,4096,8192,1015,4096,8192,16384,792,4096,16384,16384,228,8192,8192,8192,11,512,4096,4096,206,512,4096,8192,808,2048,8192,8192,134,2048,2048,2048,5,64,65536,131072,10335,524288,524288,524288,41,131072,262144,262144,41,262144,262144,262144,41,256,512,512,41,64,128,128,41,64,512,1024,1155,128,512,4096,1155,64,512,4096,63684,64,512,2048,7128,64,256,512,1299,128,512,512,1377,256,1024,4096,890,128,1024,2048,890,64,256,4096,10395,64,512,4096,1089,64,256,512,153,64,256,4096,81,128,512,4096,99,64,512,512,45,0,0,0,0,0,0,0,0,0,0,0,0,64,128,128,20,64,128,128,20,11.35,9.56,1.79,0,11,18,0,14,1020,0,0,20783,10240,27093,0,41,20,0
14433624317800,1000,2048,8192,16384,7095,512,4096,8192,995,4096,8192,16384,794,4096,16384,16384,217,8192,16384,16384,10,512,8192,8192,206,512,4096,8192,818,1024,8192,8192,139,2048,4096,4096,10,128,65536,131072,10329,524288,524288,524288,40,262144,262144,262144,40,262144,524288,524288,40,128,512,512,40,64,2048,8192,40,64,512,4096,1209,64,512,4096,1209,64,512,4096,63855,64,512,4096,7146,64,256,512,1107,64,512,1024,1260,256,2048,4096,817,128,1024,2048,844,64,256,4096,10512,64,256,2048,1053,64,512,1024,231,64,512,1024,99,128,512,4096,90,128,256,512,90,0,0,0,0,0,0,0,0,0,0,0,0,64,128,128,20,128,128,128,20,10.47,9.32,1.15,0,10,9,0,16,1011,0,5,20976,10227,26837,0,40,20,0
14434644296900,1000,2048,8192,16384,7130,512,4096,8192,1004,4096,8192,16384,804,4096,16384,16384,207,8192,16384,16384,6,512,4096,8192,199,512,4096,8192,812,2048,8192,8192,136,4096,8192,8192,8,256,65536,131072,10378,524288,524288,524288,41,262144,262144,262144,41,262144,524288,524288,41,128,512,512,41,64,16384,65536,41,64,512,1024,1194,64,512,4096,1194,128,512,4096,64170,64,512,4096,7236,64,256,1024,1148,128,512,4096,1350,256,1024,4096,951,128,1024,2048,879,64,256,2048,11934,64,256,2048,1044,64,512,2048,183,64,256,512,54,128,512,4096,54,128,512,4096,72,0,0,0,0,0,0,0,0,0,0,0,0,64,128,128,21,128,128,128,21,10.48,8.69,1.79,0,6,2,0,19,1011,0,2,20836,10320,26864,0,41,21,0
14435663638800,970,2048,8192,16384,7089,512,4096,8192,994,4096,8192,16384,810,4096,16384,16384,211,8192,8192,8192,9,512,4096,8192,190,512,4096,8192,781,2048,4096,8192,136,4096,4096,4096,6,1024,65536,131072,10285,524288,524288,524288,41,131072,262144,262144,41,262144,524288,524288,41,256,256,512,41,64,128,16384,41,128,512,4096,1232,64,512,4096,1502,128,512,4096,63801,64,512,4096,7290,64,256,512,1063,64,512,4096,1287,256,1024,2048,936,128,1024,2048,945,64,256,4096,12807,64,256,4096,1251,64,256,512,183,128,512,512,99,64,512,4096,81,128,512,1024,54,0,0,0,0,0,0,0,0,0,0,0,0,64,128,128,20,128,128,128,20,11.37,9.20,2.17,0,9,2,0,34,1021,30,72,21175,10220,26911,0,41,20,0
14436685696100,970,2048,8192,16384,6764,512,4096,8192,962,4096,8192,16384,769,4096,16384,16384,214,8192,8192,8192,10,512,4096,8192,200,512,4096,8192,765,1024,8192,8192,132,4096,4096,4096,8,64,65536,131072,9904,524288,524288,524288,41,131072,262144,262144,41,262144,262144,262144,41,128,512,512,41,64,128,128,41,64,512,1024,1123,128,512,4096,1123,128,512,4096,60876,64,512,512,6921,64,256,512,1287,128,256,512,1395,256,1024,4096,900,128,1024,2048,936,64,256,2048,12330,64,256,1024,1215,64,256,512,174,64,256,512,63,128,256,1024,90,128,512,4096,72,0,0,0,0,0,0,0,0,0,0,0,0,64,128,128,21,128,128,128,21,12.99,9.68,3.31,0,10,1,0,18,983,0,0,19812,9817,26177,0,41,21,0
14437703583100,970,2048,8192,16384,6799,512,4096,8192,958,4096,8192,16384,748,4096,16384,16384,172,8192,16384,16384,10,512,4096,8192,203,512,4096,8192,776,1024,4096,8192,125,2048,8192,8192,8,1024,65536,131072,9878,524288,524288,524288,40,131072,262144,262144,40,262144,262144,524288,40,128,512,512,40,64,128,32768,41,64,512,4096,1153,128,512,4096,1153,128,512,4096,61191,64,512,4096,6732,64,256,512,1072,64,512,4096,1179,256,1024,4096,893,128,1024,2048,911,64,256,2048,10422,64,256,512,1197,64,256,512,204,64,512,2048,99,128,512,1024,90,128,256,4096,72,0,0,0,0,0,0,0,0,0,0,0,0,64,128,128,20,128,128,128,20,11.64,9.46,2.17,0,10,0,0,26,920,0,0,20654,9805,26051,0,40,20,0
14438725577800,1000,2048,8192,16384,7037,512,4096,8192,982,4096,16384,16384,808,8192,16384,16384,209,8192,16384,16384,14,512,4096,4096,207,512,4096,8192,798,1024,4096,8192,130,2048,4096,4096,11,128,65536,131072,10275,524288,524288,524288,41,131072,262144,262144,41,262144,524288,524288,41,256,256,512,41,64,8192,8192,40,64,512,4096,1590,128,512,512,1320,128,512,4096,63333,64,512,4096,7272,64,256,512,1220,128,512,4096,1368,256,1024,4096,981,128,1024,2048,1026,64,256,4096,10809,64,256,1024,990,64,256,4096,264,64,256,4096,135,128,512,4096,126,64,512,4096,99,16384,2097152,2097152,30,1024,2048,4096,30,64,64,256,60,64,262144,262144,20,128,65536,65536,20,13.37,10.32,3.06,30,14,0,0,19,1017,0,0,21073,10230,27344,0,41,20,0
14439745982500,1000,2048,8192,16384,7238,512,4096,8192,1026,4096,8192,16384,804,8192,16384,16384,183,8192,8192,8192,11,512,4096,8192,196,512,4096,8192,809,2048,8192,8192,144,2048,8192,8192,12,1024,65536,131072,10528,524288,524288,524288,41,262144,262144,262144,41,262144,524288,524288,41,256,512,512,41,64,128,2048,41,128,512,4096,1341,128,512,4096,1341,128,512,4096,65142,64,512,4096,7236,64,256,512,1159,64,512,4096,1359,256,1024,4096,789,128,1024,2048,852,64,256,4096,10809,64,512,4096,1116,64,256,512,201,64,256,512,99,128,512,512,99,128,512,4096,108,0,0,0,0,0,0,0,0,0,0,0,0,64,128,128,21,128,128,128,21,10.59,8.93,1.66,0,11,0,0,20,987,0,0,21281,10422,26928,0,41,21,0
14440766351700,1000,2048,8192,16384,7006,512,4096,8192,1056,4096,8192,32768,798,4096,16384,16384,211,8192,16384,16384,10,512,4096,8192,209,512,4096,8192,796,2048,4096,8192,133,2048,4096,4096,8,512,65536,131072,10314,524288,524288,524288,41,131072,262144,262144,41,262144,262144,524288,41,256,512,512,41,64,128,32768,41,64,512,4096,1235,64,512,4096,1235,128,512,4096,63054,64,512,4096,7182,64,256,512,1121,64,512,1024,1665,256,1024,4096,836,128,1024,2048,836,64,256,4096,11619,64,256,2048,1170,64,256,512,192,64,256,512,63,128,512,4096,90,128,512,4096,72,0,0,0,0,0,0,0,0,0,0,0,0,64,128,128,20,128,128,128,20,10.85,9.32,1.53,0,10,1,0,17,1009,0,0,20655,10218,26589,0,41,20,0
14441786067700,1000,2048,8192,16384,7280,512,4096,8192,1001,4096,16384,16384,824,4096,16384,16384,185,8192,16384,16384,8,512,4096,8192,201,512,4096,8192,821,2048,4096,8192,140,2048,8192,8192,9,1024,65536,131072,10546,524288,524288,1048576,41,262144,262144,262144,41,262144,524288,524288,41,256,256,256,41,64,128,16384,41,128,512,4096,1298,128,512,4096,1298,128,512,4096,65520,64,512,4096,7416,64,256,512,1044,128,512,4096,1278,256,1024,4096,999,128,1024,1024,945,64,512,2048,11691,64,512,4096,1089,64,512,512,228,64,512,512,99,128,256,512,72,64,512,1024,81,0,0,0,0,0,0,0,0,0,0,0,0,64,128,128,21,128,128,128,21,10.48,9.20,1.28,0,8,1,0,20,1010,0,1,21481,10454,27200,0,41,21,0
14442806714500,1000,2048,8192,16384,7029,512,4096,8192,990,4096,8192,16384,793,4096,16384,16384,200,8192,8192,8192,12,512,4096,8192,196,512,4096,8192,820,1024,8192,8192,134,2048,4096,4096,6,128,65536,131072,10268,524288,524288,524288,41,131072,262144,262144,41,262144,262144,524288,41,256,512,512,41,64,128,128,41,128,512,4096,1452,128,512,4096,1452,128,512,4096,63261,64,512,4096,7137,64,256,512,1237,64,512,4096,1449,256,1024,2048,897,128,1024,1024,951,64,256,4096,11151,64,256,2048,1197,64,256,512,240,64,256,512,99,128,512,4096,108,128,512,512,54,0,0,0,0,0,0,0,0,0,0,0,0,64,128,128,20,128,128,128,20,11.60,9.56,2.04,0,12,0,0,22,992,0,0,20085,10151,26384,0,41,20,0
14443826609700,1000,2048,8192,16384,7041,512,4096,8192,993,4096,8192,16384,783,4096,16384,16384,208,8192,16384,16384,10,512,8192,8192,200,512,4096,8192,787,1024,8192,8192,144,4096,8192,8192,11,256,65536,262144,10261,524288,524288,524288,40,131072,262144,262144,40,262144,524288,524288,40,256,512,512,40,64,128,128,40,64,512,4096,1178,128,512,4096,1178,128,512,4096,63369,64,512,2048,7047,64,256,512,1046,128,512,512,1575,256,1024,4096,885,64,1024,1024,921,64,256,2048,11205,64,256,2048,981,64,256,4096,237,64,256,4096,99,128,256,4096,90,64,512,4096,99,0,0,0,0,0,0,0,0,0,0,0,0,64,128,128,20,128,128,128,20,10.59,9.19,1.40,0,10,2,0,41,991,0,0,20671,10147,26466,0,40,20,0
14444847258800,1000,2048,8192,16384,7272,512,4096,8192,998,4096,8192,16384,817,4096,8192,16384,203,8192,8192,8192,4,512,4096,8192,230,512,4096,8192,804,1024,4096,8192,148,2048,4096,4096,5,64,65536,131072,10561,524288,524288,524288,41,131072,262144,262144,41,262144,262144,262144,41,64,256,512,41,64,8192,16384,41,64,512,4096,1342,64,512,4096,1342,64,512,4096,65448,64,512,4096,7353,64,256,512,969,128,512,1024,1539,256,1024,4096,935,128,1024,1024,890,64,256,4096,10998,64,256,2048,918,64,512,4096,192,64,256,256,18,64,512,512,36,128,512,4096,45,0,0,0,0,0,0,0,0,0,0,0,0,64,128,128,21,128,128,128,21,11.10,8.68,2.42,0,4,2,0,26,1020,0,0,21252,10469,27279,0,41,21,0
14445865204200,970,2048,8192,16384,6902,512,4096,8192,984,4096,8192,16384,770,4096,16384,16384,185,8192,8192,8192,8,512,4096,8192,190,512,4096,8192,766,2048,4096,8192,125,2048,4096,4096,8,1024,65536,262144,10006,524288,524288,524288,41,262144,262144,262144,41,262144,524288,524288,41,256,256,512,41,64,128,128,41,64,512,4096,1272,64,512,4096,1542,128,512,4096,62118,64,512,4096,6930,64,256,512,912,128,512,1024,1332,256,1024,4096,932,128,1024,1024,905,64,256,4096,11718,64,256,2048,1179,64,256,512,153,64,256,512,63,128,256,4096,72,128,512,512,72,0,0,0,0,0,0,0,0,0,0,0,0,64,128,128,20,128,128,128,20,10.87,8.82,2.05,0,8,1,0,35,955,30,0,20912,9941,27190,0,41,20,0
14446887977700,970,2048,8192,16384,6948,512,4096,8192,968,4096,8192,16384,790,4096,8192,16384,191,8192,8192,8192,4,512,4096,8192,193,512,4096,8192,782,1024,8192,8192,126,2048,2048,2048,7,512,65536,131072,10079,524288,524288,524288,41,131072,262144,262144,41,262144,524288,524288,41,128,256,512,41,64,128,16384,41,128,512,4096,1178,128,512,4096,1178,64,512,4096,62532,64,512,4096,7110,64,256,512,944,128,512,4096,1395,256,1024,4096,963,64,1024,4096,900,64,256,4096,11124,64,256,4096,1125,64,256,2048,237,64,256,512,45,128,256,512,36,128,256,256,63,0,0,0,0,0,0,0,0,0,0,0,0,64,128,128,21,128,128,128,21,11.21,9.68,1.53,0,4,0,0,40,981,0,0,20746,9991,26027,0,41,21,0
14447907217600,981,2048,8192,16384,6861,512,4096,8192,961,4096,8192,16384,776,4096,16384,16384,218,8192,16384,16384,9,512,4096,8192,195,512,4096,8192,781,1024,4096,8192,118,2048,8192,8192,4,512,65536,131072,9991,524288,524288,524288,41,131072,262144,262144,41,262144,262144,524288,41,128,256,512,41,64,128,128,41,64,512,4096,1318,128,512,4096,1219,64,512,4096,61749,64,512,4096,6984,64,256,512,1075,64,256,512,1449,256,1024,4096,909,128,1024,1024,873,64,256,4096,11286,64,256,512,1107,64,256,4096,207,64,256,256,81,128,512,4096,81,64,512,512,36,8192,16384,16384,11,1024,1024,1024,11,64,64,64,22,64,128,128,20,128,16384,16384,20,12.52,9.58,2.94,11,9,0,0,28,994,0,0,20449,9949,26460,0,41,20,0
14448928185400,1000,2048,8192,16384,7099,512,4096,4096,988,4096,16384,16384,807,4096,16384,16384,212,4096,16384,16384,5,512,4096,8192,207,512,4096,8192,813,2048,8192,8192,149,2048,4096,4096,7,1024,65536,131072,10339,524288,524288,524288,40,262144,262144,262144,40,262144,524288,524288,40,128,256,256,40,64,128,8192,41,64,512,4096,1353,64,512,4096,1182,128,512,4096,63891,64,512,4096,7263,64,256,512,1211,128,512,1024,1368,256,1024,4096,924,128,1024,1024,888,64,256,4096,12294,64,256,2048,1098,64,512,2048,189,64,512,1024,45,64,512,4096,45,64,256,512,63,8192,2097152,2097152,19,1024,1024,1024,19,64,128,128,38,64,128,128,21,128,16384,65536,21,8.80,8.29,0.51,19,5,0,0,29,1019,0,0,21085,10313,27086,0,40,21,0
14449947029800,1000,2048,8192,16384,7152,512,4096,8192,1018,4096,8192,16384,788,4096,16384,16384,228,8192,8192,8192,10,512,4096,8192,212,512,4096,8192,777,2048,8192,8192,137,2048,2048,2048,7,256,65536,131072,10389,524288,524288,524288,41,262144,262144,262144,41,262144,262144,524288,41,256,512,512,41,64,128,2048,40,128,512,4096,1371,128,512,4096,1371,64,512,4096,64368,64,512,2048,7092,64,256,512,1175,128,256,512,1476,256,1024,4096,975,128,1024,2048,930,64,256,2048,11430,64,256,512,1170,64,256,512,194,64,512,1024,99,128,256,4096,90,128,256,512,63,0,0,0,0,0,0,0,0,0,0,0,0,64,128,128,20,128,256,256,20,11.11,9.33,1.79,0,10,0,0,22,1016,0,0,20702,10314,26870,0,41,20,0
14450968679400,1000,2048,8192,16384,7135,512,4096,8192,990,4096,8192,16384,804,4096,16384,32768,210,8192,16384,16384,18,512,4096,8192,191,512,4096,8192,818,1024,8192,8192,119,2048,4096,4096,8,256,65536,131072,10368,524288,524288,524288,41,131072,262144,262144,41,262144,262144,262144,41,256,512,512,41,128,128,4096,41,128,512,4096,1215,128,512,1024,1215,128,512,4096,64215,64,512,4096,7236,64,256,512,1193,128,512,1024,1287,256,1024,2048,953,128,1024,2048,1088,64,256,4096,11853,64,512,2048,1053,64,512,1024,204,64,256,512,162,64,512,4096,162,128,512,1024,72,0,0,0,0,0,0,0,0,0,0,0,0,64,128,128,20,128,256,256,20,10.46,8.93,1.53,0,18,1,0,22,1014,0,0,20876,10278,26755,0,41,20,0
14451985649800,1000,2048,8192,16384,7205,512,4096,8192,994,4096,8192,16384,813,4096,16384,16384,208,8192,16384,16384,9,512,4096,8192,211,512,4096,8192,810,2048,8192,8192,164,2048,2048,2048,8,128,65536,131072,10501,524288,524288,524288,41,262144,262144,262144,41,262144,524288,524288,41,256,512,512,41,128,128,32768,41,64,512,4096,1361,128,512,4096,1361,128,512,4096,64845,64,512,4096,7317,64,256,512,1172,64,512,4096,1557,256,1024,4096,970,128,1024,2048,970,64,256,4096,11394,64,256,4096,1125,64,256,4096,153,64,512,512,90,128,1024,4096,81,128,256,512,72,0,0,0,0,0,0,0,0,0,0,0,0,64,128,128,21,128,128,128,21,12.67,10.11,2.56,0,9,0,0,20,1021,0,0,21654,10414,27420,0,41,21,0
14453008151800,1000,2048,8192,16384,7211,512,4096,8192,995,4096,8192,16384,818,4096,16384,16384,178,8192,8192,8192,12,512,4096,8192,228,512,4096,8192,802,2048,8192,8192,133,2048,4096,4096,8,512,65536,131072,10469,524288,524288,524288,41,262144,262144,262144,41,262144,524288,524288,41,128,512,512,41,64,256,32768,41,128,512,4096,1085,128,512,4096,1085,128,512,4096,64899,64,512,4096,7362,64,256,512,987,64,512,512,1116,256,1024,4096,1035,128,1024,2048,1098,64,256,4096,11169,64,256,2048,1269,64,512,4096,210,64,256,512,99,128,512,2048,108,128,512,512,72,0,0,0,0,0,0,0,0,0,0,0,0,64,128,128,20,128,256,256,20,10.57,8.92,1.66,0,12,0,0,24,996,0,0,20838,10381,26715,0,41,20,0
14454028909100,1000,2048,8192,16384,6920,512,4096,8192,994,4096,8192,16384,765,4096,16384,16384,222,8192,16384,16384,8,512,4096,8192,197,512,4096,8192,765,1024,4096,4096,126,2048,4096,4096,7,512,65536,131072,10096,524288,524288,524288,41,131072,262144,262144,41,262144,262144,524288,41,128,256,256,41,64,32768,65536,41,64,512,4096,1209,128,512,4096,1209,128,512,4096,62280,64,512,4096,6885,64,256,512,1209,64,512,4096,1395,256,2048,4096,918,128,1024,1024,873,64,256,4096,10773,64,512,4096,999,64,256,512,129,128,512,512,54,128,512,4096,72,128,512,4096,63,0,0,0,0,0,0,0,0,0,0,0,0,64,128,128,21,128,128,128,21,11.35,9.31,2.04,0,8,0,0,26,987,0,0,20992,10020,26312,0,41,21,0
14455047726800,1000,2048,8192,16384,7197,512,4096,8192,992,4096,8192,16384,831,4096,16384,16384,185,8192,8192,8192,11,512,4096,8192,196,512,4096,8192,830,1024,4096,8192,149,4096,8192,8192,8,512,65536,262144,10476,524288,524288,524288,40,131072,262144,262144,40,262144,524288,524288,40,128,256,256,40,64,8192,16384,40,128,512,4096,1068,128,512,4096,1068,64,512,4096,64773,64,512,4096,7479,64,256,512,1100,64,512,2048,1251,256,1024,4096,843,256,1024,1024,978,64,256,4096,11232,64,256,4096,1044,64,256,256,81,64,256,512,117,128,512,4096,99,128,4096,8192,72,0,0,0,0,0,0,0,0,0,0,0,0,64,128,128,20,128,128,128,20,10.61,9.46,1.15,0,11,0,0,26,1016,0,0,20808,10391,26919,0,40,20,0
14456069099700,970,2048,8192,16384,7016,512,4096,8192,990,4096,8192,16384,792,4096,8192,16384,200,8192,8192,8192,6,512,4096,4096,196,512,4096,8192,792,1024,4096,8192,114,2048,4096,4096,8,256,65536,131072,10184,524288,524288,524288,41,131072,262144,262144,41,262144,262144,524288,41,64,256,512,41,128,128,128,41,128,512,4096,1383,128,512,4096,1653,64,512,4096,63144,64,512,1024,7128,64,256,512,1029,64,512,4096,1503,256,2048,4096,900,128,1024,1024,918,64,256,4096,11448,64,256,1024,1071,64,256,512,120,64,256,256,54,64,512,2048,54,128,512,512,72,0,0,0,0,0,0,0,0,0,0,0,0,64,128,128,20,128,256,256,20,9.81,8.79,1.02,0,6,0,0,34,992,30,0,20626,10120,26749,0,41,20,0
14457088454500,970,2048,8192,16384,6984,512,4096,8192,965,4096,8192,16384,776,4096,16384,16384,185,8192,16384,16384,12,512,4096,8192,208,512,4096,8192,795,2048,4096,8192,133,2048,2048,2048,2,2048,65536,131072,10143,524288,524288,524288,41,131072,262144,262144,41,262144,262144,262144,41,256,256,512,41,64,128,1024,41,64,512,4096,1276,64,512,4096,1276,128,512,4096,62856,64,512,4096,6984,64,256,512,976,64,512,2048,1359,256,1024,4096,768,128,1024,2048,867,64,256,4096,10332,64,256,4096,1044,64,256,4096,198,64,256,512,108,128,512,4096,108,64,256,256,18,0,0,0,0,0,0,0,0,0,0,0,0,64,128,128,21,128,128,128,21,10.23,8.95,1.28,0,12,0,0,22,961,0,0,20869,10077,25866,0,41,21,0
14458111029900,994,2048,8192,16384,6822,512,4096,8192,962,4096,8192,16384,764,4096,16384,16384,189,8192,8192,8192,9,512,4096,8192,189,512,4096,8192,763,1024,4096,8192,127,2048,4096,4096,6,512,65536,131072,9910,524288,524288,524288,41,131072,262144,262144,41,262144,524288,524288,41,256,512,512,41,64,128,128,41,64,512,4096,1405,128,512,4096,1189,128,512,4096,61398,64,512,4096,6876,64,256,512,904,128,512,4096,1323,256,1024,2048,1025,128,1024,1024,989,64,256,4096,11781,64,256,4096,963,128,512,512,141,64,512,512,81,128,256,512,81,128,256,256,54,16384,2097152,2097152,30,1024,2048,2048,29,64,64,128,59,64,128,128,20,128,131072,131072,20,11.07,8.91,2.16,29,9,0,0,24,953,0,2,20249,9895,26452,0,41,20,0
14459129509300,1000,2048,8192,16384,7177,512,4096,8192,996,4096,8192,16384,806,4096,8192,16384,197,8192,8192,8192,4,512,4096,8192,231,512,4096,8192,806,2048,4096,8192,142,2048,8192,8192,12,256,65536,262144,10447,524288,524288,524288,41,262144,262144,262144,41,262144,524288,524288,41,256,256,512,41,128,8192,65536,41,64,512,4096,1498,128,512,4096,1444,128,512,4096,64593,128,512,4096,7254,64,256,512,1092,128,512,1024,1602,256,1024,2048,923,128,1024,1024,887,64,256,4096,10917,64,256,1024,1062,64,256,1024,186,64,256,256,36,128,512,512,36,64,512,512,108,0,0,0,0,0,0,0,1,0,0,0,1,64,128,128,21,128,128,128,21,9.85,8.82,1.02,1,4,0,0,32,1003,0,2,20924,10333,26812,0,41,21,0
14460150816100,1000,2048,8192,16384,7013,512,4096,8192,998,4096,8192,16384,791,4096,16384,16384,192,8192,16384,16384,8,512,4096,8192,178,512,4096,8192,803,2048,8192,8192,149,4096,8192,8192,5,64,65536,131072,10215,524288,524288,524288,40,131072,262144,262144,40,262144,262144,524288,40,128,256,256,40,64,128,4096,40,128,512,4096,1077,128,512,1024,1077,128,512,4096,63117,64,512,2048,7119,64,256,512,1011,128,512,1024,1494,256,1024,2048,906,128,1024,4096,897,64,256,4096,10710,64,512,512,1044,64,256,512,150,128,256,512,81,128,512,4096,72,128,512,2048,45,0,0,0,0,0,0,0,0,0,0,0,0,64,128,128,20,128,128,128,20,9.69,8.80,0.89,0,8,0,0,15,983,0,0,20835,10126,26753,0,40,20,0
14461168787600,1000,2048,8192,16384,7101,512,4096,8192,996,4096,8192,16384,786,4096,16384,16384,205,8192,8192,8192,7,512,4096,8192,211,512,4096,8192,816,2048,8192,8192,128,2048,2048,2048,6,512,65536,131072,10343,524288,524288,524288,41,262144,262144,262144,41,262144,524288,524288,41,256,256,512,41,64,128,128,41,128,512,4096,1251,128,512,4096,1251,128,512,4096,63909,64,512,4096,7074,64,256,512,1038,128,512,4096,1692,256,1024,4096,957,128,1024,1024,867,64,256,4096,11259,64,256,1024,1035,64,256,512,141,64,256,512,63,128,512,1024,63,128,256,256,54,0,0,0,0,0,0,0,0,0,0,0,0,64,128,128,20,128,128,128,20,12.02,9.59,2.43,0,7,0,0,23,991,0,0,20987,10251,26814,0,41,20,0
14462191669000,1000,2048,8192,16384,7153,512,4096,8192,997,4096,8192,16384,813,4096,16384,16384,214,8192,8192,8192,7,512,4096,8192,199,512,4096,8192,806,1024,4096,8192,134,2048,2048,2048,3,256,65536,131072,10385,524288,524288,524288,41,131072,262144,262144,41,262144,524288,524288,41,128,256,512,41,64,128,16384,41,128,512,4096,1203,128,512,2048,1203,128,512,4096,64377,64,512,4096,7317,64,256,512,972,128,512,1024,1476,256,1024,4096,1017,128,1024,2048,945,64,256,2048,11529,64,256,4096,1260,64,256,1024,141,128,256,512,81,128,256,4096,63,128,256,256,27,0,0,0,0,0,0,0,0,0,0,0,0,64,128,128,21,128,128,128,21,11.46,9.55,1.91,0,7,0,0,28,1027,0,0,21088,10311,26665,0,41,21,0
14463210042400,1000,2048,8192,16384,7297,512,4096,8192,996,4096,8192,16384,812,4096,16384,16384,201,8192,32768,32768,14,512,4096,8192,213,512,4096,8192,810,1024,4096,8192,143,2048,8192,8192,5,1024,65536,131072,10565,524288,524288,524288,41,262144,262144,262144,41,262144,524288,524288,41,256,512,512,41,64,128,128,41,128,512,4096,1218,128,512,4096,1218,128,512,4096,65673,64,512,4096,7308,64,256,512,1127,128,512,512,1260,256,1024,4096,920,128,1024,2048,902,64,256,4096,12006,64,256,512,1125,64,256,512,210,64,512,4096,99,128,512,1024,126,128,512,4096,45,0,0,0,0,0,0,0,0,0,0,0,0,64,128,128,20,128,128,128,20,9.71,8.81,0.89,0,14,4,0,19,1013,0,0,21378,10467,27185,0,41,20,0
14464231844400,1000,2048,8192,16384,7050,512,4096,8192,999,4096,8192,16384,806,8192,16384,16384,218,8192,16384,16384,15,512,4096,8192,206,512,4096,8192,781,1024,8192,8192,139,2048,2048,2048,4,2048,65536,262144,10278,524288,524288,524288,41,262144,262144,262144,41,262144,524288,524288,41,256,512,512,41,64,128,128,41,128,512,4096,1376,128,512,1024,1376,128,512,4096,63450,64,512,4096,7254,64,256,512,1235,64,512,4096,1467,256,1024,4096,948,128,1024,2048,1047,64,256,4096,10863,64,256,2048,1161,64,256,2048,189,64,256,512,135,128,512,1024,135,64,256,256,36,0,0,0,0,0,0,0,0,0,0,0,0,64,128,128,21,128,128,128,21,11.09,9.18,1.91,0,15,8,0,22,1024,0,0,21055,10206,26718,0,41,21,0
14465252427600,1000,2048,8192,16384,7111,512,4096,8192,1019,4096,8192,16384,813,4096,16384,16384,234,8192,8192,8192,10,512,4096,8192,194,512,4096,8192,805,2048,4096,8192,141,2048,2048,2048,5,1024,65536,131072,10385,524288,524288,524288,40,131072,262144,262144,40,262144,524288,524288,40,256,512,512,40,64,8192,32768,40,64,512,4096,1173,64,512,1024,1173,128,512,4096,63999,64,512,4096,7317,64,256,512,1286,128,512,4096,1359,256,1024,2048,1056,64,1024,2048,1029,64,256,4096,11655,64,256,512,1017,64,256,256,171,64,256,512,135,128,256,512,90,128,256,256,45,0,0,0,0,0,0,0,0,0,0,0,0,64,128,128,20,128,256,256,20,10.08,8.81,1.28,0,10,9,0,25,1047,0,0,21484,10312,26820,0,40,20,0
14466271703200,970,2048,8192,16384,7124,512,4096,8192,1077,4096,8192,16384,784,4096,16384,16384,204,8192,8192,8192,17,512,4096,8192,208,512,4096,8192,807,2048,4096,8192,114,2048,2048,2048,5,256,65536,131072,10413,524288,524288,1048576,41,262144,262144,262144,41,262144,524288,524288,41,512,1024,1024,41,64,128,8192,41,128,512,2048,1313,128,512,2048,1583,128,512,4096,64116,64,512,4096,7056,64,256,1024,1108,128,512,4096,1260,256,1024,4096,921,128,1024,1024,993,64,256,4096,11223,128,512,4096,1098,64,512,1024,258,64,256,512,108,128,512,1024,153,128,256,256,45,0,0,0,0,0,0,0,0,0,0,0,0,64,128,128,20,128,256,256,20,11.10,9.57,1.53,0,17,15,0,18,988,30,0,20754,10364,27209,0,41,20,0
14467291119900,970,2048,8192,16384,6862,512,4096,8192,969,4096,8192,16384,759,4096,16384,16384,189,8192,8192,8192,10,512,4096,8192,189,512,4096,8192,783,1024,4096,8192,137,2048,8192,8192,7,256,65536,131072,9976,524288,524288,524288,41,131072,262144,262144,41,262144,262144,524288,41,256,512,512,41,64,128,2048,41,128,512,4096,1032,128,512,4096,1032,128,512,4096,61758,64,512,4096,6831,64,256,512,927,128,512,1024,1287,256,1024,2048,953,128,1024,1024,935,64,256,4096,11277,64,256,4096,1035,64,256,512,138,64,256,4096,99,128,512,4096,90,128,512,4096,63,0,0,0,0,0,0,0,0,0,0,0,0,64,128,128,21,128,128,128,21,10.48,8.94,1.53,0,10,19,0,29,948,0,2,20526,9885,26265,0,41,21,0
14468312219600,1000,2048,8192,16384,6915,512,4096,8192,979,4096,8192,16384,789,4096,16384,16384,207,8192,8192,8192,9,512,4096,8192,222,512,4096,8192,788,2048,8192,8192,133,2048,4096,4096,14,128,65536,131072,10138,524288,524288,524288,41,131072,262144,262144,41,262144,262144,262144,41,256,512,512,41,64,128,8192,41,128,512,2048,1437,128,512,4096,1167,128,512,4096,62235,128,512,4096,7101,64,256,512,1154,128,512,2048,1467,256,1024,4096,924,128,1024,1024,960,64,256,2048,11493,64,256,2048,1062,64,256,4096,183,128,256,256,99,128,512,4096,81,128,512,512,126,8192,16384,16384,30,1024,1024,1024,30,64,64,128,60,64,128,128,20,128,65536,65536,20,11.73,9.56,2.17,30,9,28,0,36,996,0,0,20934,10089,27144,0,41,20,0
14469333059600,1000,2048,8192,16384,7156,512,4096,8192,1007,4096,8192,16384,803,4096,16384,16384,189,8192,16384,16384,14,512,4096,8192,200,512,4096,8192,800,1024,8192,16384,145,4096,8192,8192,7,1024,65536,131072,10413,524288,524288,524288,41,262144,262144,262144,41,262144,262144,262144,41,256,512,512,41,64,128,32768,41,128,512,4096,1290,128,512,1024,1290,128,512,4096,64404,128,512,4096,7227,64,256,512,992,64,512,4096,1386,256,1024,2048,768,128,1024,1024,912,64,256,4096,10575,64,256,512,846,64,512,1024,156,64,512,2048,99,128,512,4096,126,128,512,2048,63,0,0,0,0,0,0,0,0,0,0,0,0,64,128,128,21,128,128,256,21,10.34,9.19,1.15,0,14,23,0,27,992,0,0,21291,10322,27055,0,41,21,0
14470351128100,1000,2048,8192,16384,7033,512,4096,8192,996,4096,16384,16384,799,4096,16384,16384,185,8192,8192,8192,8,512,4096,8192,194,512,4096,8192,775,1024,4096,8192,146,2048,4096,4096,5,64,65536,131072,10217,524288,524288,524288,40,262144,262144,262144,40,262144,262144,524288,40,256,512,512,40,64,128,128,40,128,512,4096,1260,128,512,4096,1260,128,512,4096,63297,128,512,1024,7191,64,256,512,801,128,512,2048,1278,256,1024,4096,843,128,1024,4096,798,64,256,2048,10656,64,256,4096,864,128,256,256,102,64,256,512,90,128,256,512,72,128,512,512,45,0,0,0,0,0,0,0,0,0,0,0,0,64,128,128,20,128,256,256,20,10.36,8.82,1.53,0,8,33,0,22,984,0,0,20590,10144,26900,0,40,20,0
14471373206700,1000,2048,8192,16384,7135,512,4096,8192,1075,4096,8192,16384,803,4096,16384,16384,183,8192,16384,16384,9,512,4096,8192,195,512,4096,8192,813,1024,8192,8192,131,2048,2048,2048,5,512,65536,131072,10435,524288,524288,524288,41,262144,262144,262144,41,262144,524288,524288,41,256,512,512,41,128,16384,16384,41,64,512,4096,1220,128,512,4096,1220,128,512,4096,64215,64,512,1024,7227,64,256,512,824,128,512,1024,1413,256,1024,8192,867,128,1024,1024,840,64,256,4096,9972,64,256,1024,1026,64,256,512,207,64,256,512,63,128,512,4096,81,128,256,256,45,0,0,0,0,0,0,0,0,0,0,0,0,64,128,128,20,128,256,256,20,10.32,8.53,1.78,0,9,44,0,23,986,0,4,21129,10378,26984,0,41,20,0
14472393269100,1000,2048,8192,16384,7217,512,4096,8192,1087,4096,8192,16384,797,4096,16384,16384,217,8192,8192,8192,16,512,4096,8192,220,512,4096,8192,818,1024,4096,8192,122,4096,8192,8192,10,1024,65536,131072,10601,524288,524288,524288,41,262144,262144,262144,41,262144,262144,524288,41,256,512,512,41,128,128,32768,41,64,512,4096,1197,128,512,4096,1197,128,512,4096,64953,64,512,4096,7173,64,256,512,1145,128,512,2048,1467,256,1024,2048,855,128,1024,1024,900,64,256,4096,11151,64,512,1024,891,64,512,4096,129,64,256,512,135,128,512,512,144,128,512,4096,90,0,0,0,0,0,0,0,0,0,0,0,0,64,128,128,21,128,128,128,21,11.49,9.32,2.17,0,16,34,0,23,1014,0,12,21118,10482,27042,0,41,21,0
14473413163800,1000,2048,8192,16384,7046,512,4096,8192,991,4096,8192,16384,800,4096,16384,16384,205,8192,16384,16384,11,512,4096,8192,211,512,4096,8192,791,1024,4096,4096,130,2048,4096,4096,9,128,65536,131072,10271,524288,524288,1048576,41,131072,262144,262144,41,262144,524288,524288,41,256,512,512,41,64,128,128,41,128,512,4096,1047,128,512,4096,1047,128,512,4096,63414,64,512,4096,7200,64,256,512,1046,64,512,512,1476,256,1024,4096,1026,128,1024,1024,990,64,256,4096,11052,64,512,4096,1053,128,512,512,159,64,256,512,117,128,512,8192,99,128,512,512,81,0,0,0,0,0,0,0,0,0,0,0,0,64,128,128,20,128,128,128,20,10.48,9.45,1.02,0,11,43,0,26,1005,0,13,21016,10164,26944,0,41,20,0
14474431233100,1000,2048,8192,16384,6971,512,4096,8192,992,4096,8192,16384,778,4096,16384,16384,198,8192,16384,16384,13,512,4096,8192,191,512,4096,8192,777,2048,8192,8192,136,2048,4096,4096,9,128,65536,131072,10137,524288,524288,524288,41,262144,262144,262144,41,262144,262144,524288,41,256,1024,1024,41,64,128,256,41,64,512,4096,1223,64,512,4096,1223,128,512,4096,62739,64,512,4096,7002,64,256,512,972,128,512,4096,1458,256,1024,4096,1019,64,1024,1024,965,64,256,4096,11070,64,256,4096,954,64,256,256,144,64,256,4096,99,128,512,4096,117,128,512,512,81,0,0,0,0,0,0,0,0,0,0,0,0,64,128,128,21,128,128,128,21,9.72,8.82,0.90,0,13,29,0,21,976,0,0,20928,10045,26681,0,41,21,0
14475452248100,1000,2048,8192,16384,7116,512,4096,8192,995,4096,8192,16384,806,4096,16384,16384,193,8192,8192,8192,2,512,4096,8192,202,512,4096,8192,825,1024,4096,8192,157,2048,8192,8192,10,128,65536,131072,10390,524288,524288,524288,40,131072,262144,262144,40,262144,524288,524288,40,256,512,512,40,64,4096,8192,40,128,512,4096,1179,128,512,4096,1179,128,512,4096,64044,64,512,4096,7254,64,256,512,896,64,256,512,1413,256,1024,4096,939,128,1024,1024,831,64,256,2048,10890,64,256,4096,945,64,256,512,147,64,128,128,18,128,512,512,18,64,256,2048,90,0,0,0,0,0,0,0,0,0,0,0,0,64,128,128,20,128,256,256,20,11.99,9.31,2.68,0,2,38,0,26,999,0,0,20945,10274,26724,0,40,20,0
14476472912100,970,2048,8192,16384,7120,512,4096,8192,992,4096,8192,16384,792,4096,16384,16384,200,8192,8192,8192,9,512,4096,8192,198,512,4096,8192,776,1024,8192,8192,114,4096,4096,4096,4,256,65536,131072,10280,524288,524288,524288,41,131072,262144,262144,41,262144,262144,262144,41,256,512,512,41,64,128,8192,41,128,512,4096,1299,64,512,1024,1569,128,512,4096,64080,64,256,4096,7128,64,256,1024,947,128,512,4096,1575,256,1024,4096,930,128,1024,1024,831,64,256,4096,11457,64,256,512,1017,128,256,512,174,64,256,512,72,128,512,4096,81,128,1024,2048,36,0,0,0,0,0,0,0,0,0,0,0,0,64,128,128,20,128,128,128,20,12.24,9.44,2.81,0,9,36,0,14,992,30,0,20800,10233,27182,0,41,20,0
14477493548100,970,2048,8192,16384,6886,512,4096,8192,968,4096,8192,16384,764,4096,16384,16384,198,8192,16384,16384,7,512,4096,8192,199,512,4096,8192,759,1024,4096,8192,144,2048,2048,2048,3,128,65536,131072,10009,524288,524288,524288,41,131072,262144,262144,41,262144,262144,524288,41,128,512,512,41,64,128,128,41,64,256,2048,1128,64,512,1024,1128,128,512,4096,61974,128,512,4096,6876,64,256,512,960,128,512,1024,1503,256,1024,2048,1008,128,1024,1024,999,64,256,4096,11439,64,256,512,954,64,256,512,201,64,512,1024,81,128,256,4096,63,64,256,512,27,0,0,0,0,0,0,0,0,0,0,0,0,64,128,128,21,128,128,128,21,12.00,9.06,2.94,0,7,27,0,19,962,0,1,20519,9963,26172,0,41,21,0
14478514337900,1000,2048,8192,16384,6954,512,4096,8192,978,4096,8192,16384,805,4096,16384,16384,206,8192,16384,16384,8,512,4096,8192,213,512,4096,8192,821,1024,4096,8192,150,2048,4096,4096,6,256,65536,131072,10207,524288,524288,524288,41,131072,262144,262144,41,262144,262144,262144,41,256,256,512,41,64,128,128,41,64,512,4096,1491,128,512,4096,1221,128,512,4096,62586,128,512,2048,7245,64,256,512,1087,128,256,1024,1440,256,1024,2048,918,128,1024,1024,819,64,256,2048,10953,128,256,512,1152,64,256,256,141,64,256,512,81,128,512,8192,72,128,512,512,54,8192,16384,16384,30,1024,1024,2048,30,64,64,128,60,64,128,128,20,128,65536,65536,20,12.25,10.47,1.79,30,8,28,0,22,1011,0,0,20568,10176,27108,0,41,20,0
14479535215300,1000,2048,8192,16384,7259,512,4096,8192,986,4096,8192,16384,814,4096,16384,16384,226,8192,8192,8192,10,512,4096,8192,196,512,4096,8192,806,1024,8192,8192,109,2048,2048,2048,7,128,65536,131072,10481,524288,524288,524288,41,131072,262144,262144,41,262144,524288,524288,41,256,512,512,41,64,128,2048,41,128,512,4096,1176,128,512,4096,1176,128,512,4096,65331,128,256,1024,7326,64,256,512,1243,128,512,2048,1575,256,1024,4096,957,128,1024,2048,975,64,256,4096,11709,64,256,2048,1035,64,256,512,219,64,512,1024,99,128,256,4096,90,64,256,512,63,0,0,0,0,0,0,0,0,0,0,0,0,64,128,128,21,128,128,128,21,11.48,9.95,1.53,0,10,6,0,27,1040,0,0,21082,10396,26995,0,41,21,0
14480554978800,1000,2048,8192,16384,7172,512,4096,8192,1005,4096,8192,16384,810,4096,16384,16384,213,8192,8192,8192,7,512,4096,8192,200,512,4096,8192,780,1024,4096,8192,123,4096,4096,4096,11,128,65536,131072,10384,524288,524288,524288,41,131072,262144,262144,41,262144,262144,524288,41,128,256,512,41,64,128,128,41,128,512,1024,1207,128,512,2048,1207,128,512,4096,64548,64,512,2048,7290,64,256,512,1093,128,256,512,1413,256,1024,2048,908,128,1024,4096,881,64,256,4096,11691,64,256,512,1143,64,256,4096,156,64,512,512,36,128,512,4096,63,128,512,4096,99,0,0,0,0,0,0,0,0,0,0,0,0,64,128,128,20,128,128,128,20,9.83,8.81,1.02,0,7,2,0,25,1023,0,0,21236,10297,27062,0,41,20,0
14481575226300,1000,2048,8192,16384,7089,512,4096,8192,997,4096,8192,16384,774,4096,16384,16384,202,8192,32768,32768,6,512,4096,8192,199,512,4096,8192,818,2048,8192,8192,130,2048,2048,2048,6,128,65536,131072,10291,524288,524288,524288,40,262144,262144,262144,40,262144,262144,524288,40,256,256,256,40,128,128,16384,40,64,512,4096,1287,128,512,4096,1287,128,512,4096,63801,64,512,4096,6966,64,256,512,965,128,512,4096,1314,256,2048,4096,858,128,1024,1024,849,64,256,4096,11790,64,256,512,1089,64,256,512,129,64,256,512,63,128,512,4096,54,128,256,256,54,0,0,0,0,0,0,0,0,0,0,0,0,64,128,128,20,128,128,128,20,10.34,9.19,1.15,0,6,0,0,24,976,0,0,20960,10216,26676,0,40,20,0
14482595001200,1000,2048,8192,16384,7200,512,4096,8192,989,4096,8192,16384,796,4096,16384,16384,212,8192,8192,8192,13,512,4096,8192,214,512,4096,8192,790,2048,8192,8192,159,2048,4096,4096,7,512,65536,131072,10459,524288,524288,524288,41,131072,262144,262144,41,262144,524288,524288,41,256,256,256,41,64,128,1024,41,64,512,4096,1248,128,512,4096,1248,128,512,4096,64800,64,512,4096,7164,64,256,512,1131,64,512,1024,1431,256,2048,4096,897,128,1024,2048,906,64,256,4096,11934,64,256,512,1359,64,512,4096,216,128,512,512,117,128,512,4096,117,64,512,512,63,0,0,0,0,0,0,0,0,0,0,0,0,64,128,128,21,128,128,128,21,11.63,9.33,2.30,0,13,0,0,11,1008,0,3,21385,10365,27220,0,41,21,0
14483615645100,1000,2048,8192,16384,7021,512,4096,8192,997,4096,8192,16384,803,4096,16384,16384,187,8192,8192,8192,8,512,4096,8192,217,512,4096,8192,800,1024,8192,8192,149,2048,8192,8192,11,512,65536,131072,10277,524288,524288,524288,41,262144,262144,262144,41,262144,524288,524288,41,128,256,512,41,64,128,128,41,128,512,4096,1322,128,512,4096,1322,64,512,4096,63189,64,512,4096,7227,64,256,512,1121,128,512,2048,1242,256,1024,2048,951,128,1024,1024,951,64,256,4096,12204,64,256,2048,1098,64,512,512,204,128,512,4096,72,128,512,1024,72,128,512,4096,99,0,0,0,0,0,0,0,0,0,0,0,0,64,128,128,20,128,128,128,20,11.86,9.69,2.17,0,8,0,0,23,990,0,3,21006,10192,26797,0,41,20,0
14484635329500,1000,2048,8192,16384,7118,512,4096,8192,994,4096,8192,16384,815,4096,16384,16384,212,8192,8192,8192,10,512,4096,8192,183,512,4096,8192,803,1024,4096,8192,127,2048,4096,4096,7,512,65536,262144,10347,524288,524288,524288,41,262144,262144,262144,41,262144,524288,524288,41,128,256,256,41,64,2048,32768,41,64,512,4096,1227,128,512,1024,1227,64,512,4096,64062,64,256,4096,7335,64,256,512,1222,128,512,1024,1521,256,1024,4096,996,128,1024,1024,1050,64,256,2048,12015,64,256,4096,1215,64,256,512,108,64,256,1024,117,128,256,512,90,128,256,512,63,0,0,0,0,0,0,0,0,0,0,0,0,64,128,128,21,64,128,256,21,11.11,8.82,2.30,0,10,0,0,24,1027,0,19,20838,10251,26629,0,41,21,0
14485656116700,1000,2048,8192,16384,7082,512,4096,8192,994,4096,8192,16384,805,4096,16384,16384,188,8192,16384,16384,14,512,4096,8192,200,512,4096,8192,785,1024,4096,8192,135,4096,8192,8192,6,256,65536,131072,10279,524288,524288,524288,41,131072,262144,262144,41,262144,524288,524288,41,256,256,512,41,64,4096,32768,41,128,512,4096,1287,128,512,1024,1287,128,512,4096,63738,64,512,2048,7245,64,256,512,1088,64,512,1024,1233,256,1024,2048,857,256,1024,4096,920,64,256,4096,10944,64,256,2048,1089,64,256,512,282,128,256,512,90,128,512,4096,126,128,512,512,54,0,0,0,0,0,0,0,0,0,0,0,0,64,128,128,20,128,128,128,20,10.46,9.31,1.15,0,14,0,0,28,993,0,0,20837,10185,26874,0,41,20,0
14486676530500,970,2048,8192,16384,6974,512,4096,8192,1117,4096,8192,16384,763,4096,16384,16384,182,8192,8192,8192,10,512,4096,8192,198,512,4096,8192,796,1024,4096,8192,139,2048,2048,2048,5,256,65536,131072,10279,524288,524288,524288,40,131072,262144,262144,40,262144,262144,524288,40,256,1024,1024,40,128,128,128,40,128,512,4096,1302,64,512,1024,1572,128,512,4096,62766,64,512,2048,6867,64,256,512,1034,128,512,2048,1377,256,1024,4096,869,128,1024,1024,914,64,256,2048,10998,64,256,512,927,64,256,512,195,64,256,512,99,128,512,4096,90,64,256,512,45,0,0,0,0,0,0,0,0,0,0,0,0,64,128,128,20,128,256,256,20,11.10,9.06,2.04,0,10,0,0,21,945,30,0,20960,10227,26630,0,40,20,0
14487696572800,970,2048,8192,16384,7016,512,4096,8192,967,4096,8192,16384,775,4096,16384,16384,201,8192,8192,8192,8,512,4096,8192,208,512,4096,8192,771,2048,4096,4096,116,2048,8192,8192,6,128,65536,131072,10164,524288,524288,524288,41,131072,262144,262144,41,262144,262144,524288,41,256,512,512,41,64,128,128,41,64,512,4096,1151,128,512,1024,1151,128,512,4096,63144,64,256,4096,6975,64,256,512,975,128,512,1024,1521,256,1024,8192,920,128,1024,1024,947,64,256,4096,10809,64,256,512,1161,64,256,512,222,128,256,256,90,128,256,512,72,128,256,512,54,0,0,0,0,0,0,0,0,0,0,0,0,64,128,128,21,128,128,256,21,10.47,9.19,1.28,0,8,0,0,26,976,0,0,20381,10070,25982,0,41,21,0
14488716082700,1000,2048,8192,16384,6976,512,4096,8192,976,4096,8192,16384,802,4096,16384,16384,184,8192,8192,8192,7,512,4096,8192,204,512,4096,8192,803,2048,8192,8192,131,4096,8192,8192,10,1024,65536,131072,10173,524288,524288,524288,41,262144,262144,262144,41,262144,524288,524288,41,256,512,512,41,64,128,32768,41,64,512,4096,1644,128,512,4096,1374,128,512,4096,62784,64,512,4096,7218,64,256,512,1048,128,512,1024,1359,256,1024,4096,969,128,1024,2048,969,64,256,4096,11034,64,256,2048,1035,64,256,256,126,128,512,4096,81,128,256,512,63,128,512,512,90,8192,2097152,2097152,30,1024,2048,2048,30,64,128,128,60,64,128,128,20,128,65536,65536,20,11.11,9.58,1.53,30,7,0,0,23,986,0,27,20356,10138,26789,0,41,20,0
14489737060300,1000,2048,8192,16384,7188,512,4096,8192,988,4096,8192,16384,817,4096,16384,16384,218,8192,16384,16384,13,512,8192,8192,207,512,4096,8192,808,1024,8192,8192,136,2048,8192,8192,11,512,65536,262144,10466,524288,524288,524288,41,131072,262144,262144,41,262144,524288,524288,41,256,512,512,41,64,128,16384,41,128,512,4096,1236,128,512,4096,1236,128,512,4096,64692,64,512,4096,7353,64,256,512,1012,128,512,2048,1656,256,1024,4096,1043,128,1024,2048,1016,64,256,4096,10566,64,256,4096,927,64,256,512,189,64,512,4096,99,128,512,512,117,128,256,512,99,0,0,0,0,0,0,0,0,0,0,0,0,64,128,128,21,128,128,128,21,11.73,9.31,2.42,0,13,0,0,18,1035,0,5,20950,10370,26935,0,41,21,0
14490757517400,1000,2048,8192,16384,7094,512,4096,8192,997,4096,8192,16384,767,4096,16384,16384,204,8192,16384,16384,9,512,4096,8192,189,512,4096,8192,795,2048,4096,8192,135,2048,4096,4096,11,512,65536,131072,10274,524288,524288,524288,41,262144,262144,262144,41,262144,262144,262144,41,256,512,512,41,64,8192,32768,41,128,512,4096,1275,128,512,2048,1275,128,512,4096,63846,64,512,4096,6903,64,256,512,976,128,512,2048,1503,256,1024,4096,854,128,1024,1024,863,64,256,4096,11502,64,256,512,909,64,256,512,135,64,256,512,72,64,512,4096,81,128,512,512,99,0,0,0,0,0,0,0,0,0,0,0,0,64,128,128,20,128,256,256,20,9.32,8.93,0.38,0,9,1,0,13,971,0,0,21587,10168,26832,0,41,20,0
14491777722500,1000,2048,8192,16384,7154,512,4096,8192,998,4096,8192,16384,802,8192,16384,16384,197,8192,16384,16384,11,512,4096,8192,208,512,4096,8192,807,2048,8192,8192,156,2048,2048,2048,3,1024,65536,131072,10408,524288,524288,524288,40,262144,262144,262144,40,262144,262144,524288,40,256,512,1024,40,64,128,128,40,64,512,4096,1266,128,512,4096,1266,128,512,4096,64386,64,512,4096,7218,64,256,512,987,128,512,1024,1584,256,1024,4096,867,128,1024,1024,903,64,256,4096,10332,64,256,2048,1008,64,512,2048,210,64,256,2048,108,64,512,2048,99,64,256,256,27,0,0,0,0,0,0,0,0,0,0,0,0,64,128,128,20,128,128,128,20,9.19,8.42,0.77,0,11,1,0,15,999,0,2,21106,10317,27163,0,40,20,0
14492797662500,1000,2048,8192,16384,7248,512,4096,8192,997,4096,8192,16384,807,8192,16384,16384,200,8192,16384,16384,9,512,8192,8192,215,512,4096,8192,800,1024,8192,8192,149,4096,4096,4096,2,1024,65536,131072,10504,524288,524288,524288,41,131072,262144,262144,41,262144,524288,524288,41,256,512,512,41,64,128,128,41,64,512,2048,1200,128,512,4096,1200,128,512,4096,65232,64,512,4096,7263,64,256,512,1213,128,512,1024,1431,256,1024,4096,942,128,1024,4096,933,64,256,4096,11367,64,256,4096,1053,64,256,4096,162,64,256,512,99,128,512,4096,81,256,512,512,18,0,0,0,0,0,0,0,0,0,0,0,0,64,128,128,21,128,128,128,21,11.74,9.44,2.30,0,9,1,0,16,1007,0,0,21346,10437,26966,0,41,21,0
14493819144000,1000,2048,8192,16384,7085,512,4096,8192,990,4096,8192,16384,820,4096,16384,16384,209,8192,16384,16384,12,512,4096,8192,205,512,4096,8192,783,1024,4096,8192,130,2048,2048,2048,5,1024,65536,131072,10322,524288,524288,524288,41,131072,262144,262144,41,262144,524288,524288,41,256,512,512,41,64,128,16384,41,128,512,4096,1152,128,512,4096,1152,128,512,4096,63765,64,512,2048,7380,64,256,512,1066,128,512,4096,1521,256,1024,4096,1016,128,1024,1024,989,64,256,4096,11277,64,256,512,1215,64,256,4096,180,64,256,1024,90,128,1024,4096,108,128,256,512,45,0,0,0,0,0,0,0,0,0,0,0,0,64,128,128,20,128,128,128,20,10.46,8.80,1.66,0,12,1,0,16,1029,0,5,20907,10242,26787,0,41,20,0
14494837799500,1000,2048,8192,16384,7115,512,4096,8192,994,4096,8192,16384,795,4096,16384,16384,220,8192,32768,32768,16,512,4096,8192,210,512,4096,8192,803,1024,8192,8192,120,2048,8192,8192,10,128,65536,131072,10357,524288,524288,524288,41,262144,262144,262144,41,262144,524288,524288,41,256,512,512,41,64,128,65536,41,128,512,4096,1251,128,512,4096,1251,128,512,4096,64035,64,512,2048,7155,64,256,512,1143,64,256,512,1440,256,1024,2048,996,128,1024,2048,1041,64,256,4096,11871,64,512,4096,1053,64,256,512,144,64,256,512,144,128,256,512,144,128,512,4096,90,0,0,0,0,0,0,0,0,0,0,0,0,64,128,128,21,128,128,256,21,12.28,9.34,2.94,0,16,1,0,16,1015,0,0,21039,10269,27000,0,41,21,0
14495858790200,970,2048,8192,16384,7070,512,4096,8192,995,4096,8192,16384,801,4096,16384,16384,217,8192,8192,8192,9,512,4096,8192,189,512,4096,8192,805,1024,4096,8192,123,2048,4096,4096,7,256,65536,131072,10277,524288,524288,524288,41,131072,262144,262144,41,262144,524288,524288,41,256,512,512,41,64,128,32768,41,128,512,4096,1229,128,512,4096,1499,128,512,4096,63630,64,512,4096,7209,64,256,512,1295,128,256,512,1368,256,1024,4096,861,128,1024,2048,924,64,256,4096,11637,64,512,2048,1260,64,256,512,159,64,512,4096,72,128,512,1024,81,128,512,512,63,0,0,0,0,0,0,0,0,0,0,0,0,64,128,128,20,128,128,128,20,11.09,9.31,1.79,0,9,0,0,28,1018,30,86,21100,10225,26940,0,41,20,0
14496878080600,970,2048,8192,16384,6816,512,4096,8192,964,4096,8192,16384,779,4096,16384,16384,190,8192,16384,16384,8,512,4096,8192,195,512,4096,8192,776,1024,8192,8192,131,4096,4096,4096,4,128,65536,131072,9940,524288,524288,524288,40,131072,262144,262144,40,262144,524288,524288,40,256,512,512,40,64,2048,32768,40,64,512,4096,1185,64,512,1024,1185,64,512,4096,61344,64,512,4096,7011,64,256,512,1011,64,512,4096,1449,256,1024,4096,879,128,1024,2048,861,64,256,4096,10764,64,512,4096,990,64,256,512,207,64,256,256,81,64,512,4096,72,256,512,512,36,0,0,0,0,0,0,0,0,0,0,0,0,64,128,128,20,128,128,128,20,12.14,9.58,2.56,0,8,0,0,25,969,0,0,20382,9840,26633,0,40,20,0
14497899240400,970,2048,8192,16384,6891,512,4096,8192,960,4096,8192,16384,761,4096,16384,16384,194,8192,16384,16384,12,512,4096,8192,221,512,4096,8192,782,2048,8192,8192,138,2048,4096,4096,8,64,65536,131072,10041,524288,524288,524288,41,131072,262144,262144,41,262144,524288,524288,41,256,512,512,41,64,128,128,41,128,512,4096,1228,128,512,512,1228,64,512,4096,62019,64,256,4096,6849,64,256,512,1048,64,512,1024,1350,256,1024,2048,867,128,1024,1024,912,64,256,4096,10908,64,256,512,981,64,256,512,93,64,256,512,99,128,512,4096,108,128,512,512,72,8192,16384,16384,6,0,0,0,0,64,64,64,6,64,128,128,21,64,128,128,21,10.71,9.44,1.28,0,12,0,0,31,955,0,0,20249,9961,25987,0,41,21,0
14498919158300,1000,2048,8192,16384,7183,512,4096,8192,1041,4096,8192,16384,802,4096,16384,16384,208,8192,8192,8192,14,512,4096,8192,191,512,4096,8192,792,1024,8192,8192,149,2048,4096,4096,6,512,65536,262144,10463,524288,524288,524288,41,262144,262144,262144,41,262144,262144,524288,41,256,1024,1024,41,64,128,32768,41,64,512,4096,1560,64,512,1024,1290,64,512,4096,64647,64,512,4096,7218,64,256,512,1093,64,512,4096,1296,256,1024,4096,909,128,1024,2048,990,64,256,4096,10017,64,256,2048,873,64,256,512,192,128,256,512,117,128,512,512,126,128,512,512,54,8192,2097152,2097152,24,1024,1024,1024,30,64,64,128,54,64,128,128,20,128,65536,65536,20,11.61,9.32,2.30,30,14,2,0,29,1010,0,0,21120,10420,27590,1,41,20,0
14499939057400,1000,2048,8192,16384,7063,512,4096,8192,1010,4096,8192,16384,786,4096,16384,16384,213,8192,16384,16384,16,512,8192,8192,210,512,4096,8192,780,2048,8192,8192,139,2048,4096,4096,6,1024,65536,131072,10304,524288,524288,1048576,41,262144,262144,262144,41,262144,524288,524288,41,512,1024,1024,41,128,128,8192,41,128,512,4096,1350,128,512,4096,1350,128,512,4096,63567,64,512,4096,7074,64,256,512,1115,64,512,2048,1485,256,1024,4096,909,128,1024,1024,1008,64,512,2048,10593,64,512,1024,909,64,512,512,126,64,256,2048,162,128,512,4096,144,128,256,512,54,0,0,0,0,0,0,0,0,0,0,0,0,64,128,128,21,128,128,128,21,10.98,9.19,1.79,0,16,1,0,31,999,0,0,21098,10198,26870,0,41,21,0
14500959957300,1000,2048,8192,16384,7159,512,4096,8192,996,4096,8192,16384,810,8192,16384,16384,190,8192,8192,8192,7,512,4096,8192,193,512,4096,8192,806,2048,8192,8192,142,2048,2048,2048,6,128,65536,131072,10394,524288,524288,524288,41,262144,262144,262144,41,262144,524288,524288,41,256,512,512,41,64,128,128,41,64,512,2048,1307,64,512,4096,1307,128,512,4096,64431,64,512,4096,7290,64,256,512,901,128,512,4096,1458,256,1024,2048,951,64,1024,1024,942,64,256,4096,10692,64,256,4096,1107,64,256,512,180,64,256,256,54,128,512,512,63,128,256,512,54,0,0,0,0,0,0,0,0,0,0,0,0,64,128,128,20,128,128,128,20,10.34,9.06,1.28,0,7,0,0,24,1000,0,0,20993,10310,26793,0,41,20,0
14501979032300,1000,2048,8192,16384,7188,512,4096,8192,991,4096,8192,16384,816,4096,16384,16384,174,8192,8192,8192,5,512,4096,8192,201,512,4096,8192,826,2048,8192,8192,137,4096,4096,4096,11,128,65536,131072,10430,524288,524288,524288,41,131072,262144,262144,41,262144,262144,524288,41,256,512,512,41,64,128,16384,41,64,512,4096,1269,128,512,4096,1269,128,512,4096,64692,64,512,1024,7344,64,256,512,910,128,512,1024,1359,256,1024,4096,939,128,1024,1024,894,64,256,4096,11097,64,256,512,873,64,512,2048,177,64,256,512,54,128,512,1024,45,64,512,1024,99,0,0,0,0,0,0,0,0,0,0,0,0,64,128,128,21,128,128,128,21,11.88,9.45,2.43,0,5,0,0,15,990,0,3,21201,10325,26732,0,41,21,0
14503000545500,1000,2048,8192,16384,7109,512,4096,8192,991,4096,8192,16384,797,4096,16384,16384,210,8192,8192,8192,11,512,4096,8192,208,512,4096,8192,776,2048,4096,8192,121,2048,4096,4096,9,512,65536,131072,10322,524288,524288,524288,40,131072,262144,262144,40,262144,262144,262144,40,256,512,512,40,64,128,2048,40,128,512,1024,1172,128,512,4096,1172,128,512,4096,63981,64,512,2048,7173,64,256,512,1062,128,512,1024,1584,256,1024,4096,891,256,1024,2048,927,64,256,4096,10215,64,512,1024,1134,64,256,512,192,64,256,512,99,128,512,4096,99,128,512,1024,81,0,0,0,0,0,0,0,0,0,0,0,0,64,128,128,20,128,128,128,20,11.60,9.69,1.91,0,11,0,0,25,1007,0,0,20691,10220,26942,0,40,20,0
14504019632400,1000,2048,8192,16384,7068,512,4096,8192,990,4096,8192,16384,786,4096,8192,16384,207,8192,16384,16384,8,512,4096,8192,188,512,4096,8192,820,1024,4096,8192,143,2048,4096,4096,7,512,65536,131072,10305,524288,524288,524288,41,262144,262144,262144,41,262144,262144,524288,41,256,512,512,41,64,128,128,41,128,512,4096,1358,128,512,1024,1358,128,512,4096,63612,64,512,1024,7074,64,256,512,1104,128,512,2048,1503,256,1024,2048,962,128,1024,2048,899,64,256,4096,11331,64,256,2048,1035,64,256,4096,177,128,256,512,54,128,256,4096,72,128,256,1024,63,0,0,0,0,0,0,0,0,0,0,0,0,64,128,128,20,128,128,128,20,10.22,9.07,1.15,0,8,1,0,19,993,0,0,20890,10230,26837,0,41,20,0
14505040776800,1000,2048,8192,16384,7218,512,4096,4096,991,4096,8192,16384,803,4096,16384,16384,197,8192,8192,8192,4,512,4096,8192,225,512,4096,8192,783,1024,4096,8192,134,2048,4096,4096,9,512,65536,131072,10423,524288,524288,524288,41,262144,262144,262144,41,262144,524288,524288,41,256,512,512,41,64,128,128,41,128,512,4096,1374,128,512,4096,1374,128,512,4096,64962,64,512,4096,7227,64,256,512,915,64,512,1024,1377,256,1024,4096,1056,128,1024,1024,930,64,256,4096,10701,64,256,4096,1035,64,256,512,162,128,256,256,54,128,256,256,36,64,512,512,81,0,0,0,0,0,0,0,0,0,0,0,0,64,128,128,21,128,128,128,21,10.58,8.93,1.66,0,4,1,0,16,1000,0,0,21424,10314,26876,0,41,21,0
14506061985500,970,2048,8192,16384,7259,512,4096,8192,1002,4096,8192,16384,812,8192,16384,16384,205,8192,8192,8192,6,512,4096,8192,210,512,4096,8192,829,2048,4096,8192,146,4096,8192,8192,10,1024,65536,262144,10544,524288,524288,1048576,41,262144,262144,262144,41,262144,524288,524288,41,256,512,512,41,64,128,32768,41,128,512,4096,1257,128,512,4096,1527,128,512,4096,65331,128,512,4096,7308,64,256,512,949,128,512,4096,1539,256,1024,4096,1020,128,1024,2048,948,64,512,4096,10170,128,512,2048,1098,128,512,1024,156,64,256,256,18,64,512,512,54,256,512,1024,90,0,0,0,0,0,0,0,0,0,0,0,0,64,128,128,20,128,128,128,20,10.84,8.80,2.04,0,6,2,0,24,1017,30,0,21348,10486,27518,0,41,20,0
14507082177700,970,2048,8192,16384,6891,512,4096,8192,972,4096,8192,16384,774,8192,16384,16384,199,8192,16384,16384,6,512,4096,8192,175,512,4096,8192,754,2048,4096,8192,140,0,0,0,0,64,65536,131072,10001,524288,524288,524288,41,262144,262144,262144,41,262144,524288,524288,41,128,512,512,41,64,128,8192,41,128,512,4096,1334,128,512,4096,1334,128,512,4096,62019,128,512,2048,6966,64,256,512,921,128,512,4096,1710,256,2048,4096,834,128,1024,1024,780,64,512,4096,11367,64,512,2048,1071,64,256,512,267,128,256,4096,54,128,512,4096,54,0,0,0,0,0,0,0,0,0,0,0,0,0,0,0,0,64,128,128,21,128,128,128,21,10.08,8.30,1.79,0,6,0,0,27,973,0,0,20103,9937,25973,0,41,21,0
14508101599000,992,2048,8192,16384,6745,512,4096,8192,964,4096,8192,16384,769,4096,16384,16384,183,8192,8192,8192,7,512,4096,8192,214,512,4096,8192,797,2048,4096,4096,114,2048,2048,2048,5,512,65536,131072,9867,524288,524288,524288,40,131072,262144,262144,40,262144,524288,524288,40,256,512,512,40,64,128,8192,40,64,512,4096,1502,64,512,1024,1304,128,512,4096,60705,128,512,2048,6921,64,256,4096,971,128,512,4096,1314,256,1024,4096,963,128,1024,1024,936,64,256,2048,11601,64,256,512,1125,64,256,512,225,64,512,512,108,128,512,4096,63,128,256,512,45,8192,16384,16384,22,1024,2048,4096,22,64,128,128,44,64,128,128,20,128,65536,65536,20,10.86,9.58,1.28,22,7,1,0,26,952,0,0,20401,9834,26254,0,40,20,0
14509121567200,1000,2048,8192,16384,7101,512,4096,8192,994,4096,8192,16384,798,4096,16384,16384,205,8192,16384,16384,12,512,4096,8192,184,512,4096,8192,779,1024,8192,8192,144,2048,4096,4096,9,512,65536,131072,10283,524288,524288,524288,41,131072,262144,262144,41,262144,524288,524288,41,256,256,512,41,64,128,16384,41,128,512,4096,1193,128,512,4096,1121,128,512,4096,63909,128,512,2048,7182,64,256,512,1188,128,512,1024,1314,256,1024,4096,948,128,1024,2048,912,64,256,2048,11853,128,256,1024,1071,64,256,512,165,64,256,512,63,64,256,512,108,128,512,2048,81,8192,2097152,2097152,8,1024,1024,1024,8,64,64,64,16,64,128,128,20,128,32768,32768,20,12.00,9.44,2.55,8,12,6,0,23,1003,0,0,21092,10211,27014,0,41,20,0
14510141547900,1000,2048,8192,16384,7130,512,4096,8192,994,4096,8192,16384,792,4096,16384,16384,218,8192,8192,8192,6,512,4096,8192,223,512,4096,8192,783,2048,8192,8192,128,2048,2048,2048,5,64,65536,131072,10351,524288,524288,524288,41,131072,262144,262144,41,262144,524288,524288,41,128,256,256,41,64,128,4096,41,128,512,4096,1229,128,512,4096,1229,128,512,4096,64170,128,512,4096,7128,64,256,512,1109,128,512,1024,1602,256,1024,4096,918,128,1024,4096,882,64,256,2048,11241,64,256,512,1089,64,256,4096,207,64,256,256,81,128,512,512,54,128,256,256,45,0,0,0,0,0,0,0,0,0,0,0,0,64,128,128,21,128,128,128,21,10.98,9.19,1.79,0,6,7,0,36,1010,0,0,20984,10273,26834,0,41,21,0
14511161390100,1000,2048,8192,16384,7180,512,4096,8192,1008,4096,16384,16384,806,4096,16384,16384,217,8192,8192,8192,11,512,4096,8192,210,512,4096,8192,815,2048,4096,8192,125,2048,4096,4096,6,512,65536,131072,10440,524288,524288,524288,41,131072,262144,262144,41,262144,262144,524288,41,256,512,512,41,64,128,32768,41,64,512,4096,1236,128,512,4096,1236,128,512,4096,64620,64,512,4096,7254,64,256,512,1062,128,512,2048,1575,256,1024,2048,894,128,1024,4096,903,64,256,2048,11583,64,256,512,1125,64,256,256,138,64,256,512,90,128,512,512,99,128,256,512,54,0,0,0,0,0,0,0,0,0,0,0,0,64,128,128,20,128,128,128,20,12.01,9.33,2.68,0,11,4,0,30,1023,0,0,21122,10365,27192,0,41,20,0
14512181892500,1000,2048,8192,16384,7125,512,4096,8192,995,4096,16384,16384,808,4096,16384,16384,209,8192,16384,16384,13,512,4096,8192,197,512,4096,8192,822,2048,8192,8192,147,4096,8192,8192,15,256,65536,131072,10414,524288,524288,524288,41,131072,262144,262144,41,262144,262144,524288,41,256,256,512,41,64,128,8192,41,128,512,4096,1077,128,512,2048,1077,128,512,4096,64125,128,512,4096,7272,64,512,512,1087,128,512,1024,1386,256,1024,2048,912,128,1024,1024,939,64,256,2048,11583,64,256,4096,1134,64,256,4096,189,128,512,512,99,128,512,512,117,128,512,1024,135,0,0,0,0,0,0,0,0,0,0,0,0,64,64,128,21,128,128,128,21,9.70,9.06,0.64,0,13,13,0,27,1017,0,0,21126,10312,27086,0,41,21,0
14513200922600,1000,2048,8192,16384,7047,512,4096,8192,990,4096,8192,16384,810,4096,16384,16384,184,8192,16384,16384,8,512,4096,8192,193,512,4096,8192,800,1024,4096,8192,135,2048,2048,2048,6,256,65536,131072,10253,524288,524288,524288,40,131072,262144,262144,40,262144,262144,524288,40,128,256,256,40,64,128,128,40,64,512,4096,1203,128,512,1024,1203,128,512,4096,63423,64,512,2048,7290,64,256,512,1117,128,512,512,1305,256,1024,4096,888,128,1024,1024,906,64,256,4096,11601,64,256,1024,1197,64,256,256,195,64,256,512,108,128,512,512,72,128,512,512,54,0,0,0,0,0,0,0,0,0,0,0,0,64,128,128,20,128,256,256,20,10.09,9.33,0.77,0,8,22,0,27,994,0,10,21020,10168,26754,0,40,20,0
14514223061900,1000,2048,8192,16384,7114,512,4096,8192,988,4096,8192,16384,793,4096,16384,16384,211,8192,8192,8192,15,512,4096,8192,215,512,4096,8192,783,1024,4096,8192,149,4096,8192,8192,6,256,65536,131072,10356,524288,524288,524288,41,131072,262144,262144,41,262144,262144,524288,41,256,512,512,41,64,128,128,41,128,512,4096,1184,64,512,1024,1184,128,512,4096,64026,64,512,4096,7137,64,256,512,1211,128,512,1024,1539,256,1024,2048,855,128,1024,1024,981,64,256,2048,11592,64,256,4096,1071,64,256,512,222,64,256,512,126,64,256,2048,135,128,512,1024,54,0,0,0,0,0,0,0,0,0,0,0,0,64,128,128,20,128,128,128,20,12.36,10.19,2.17,0,15,31,0,24,1004,0,0,21323,10261,27070,0,41,20,0
14515242507700,1000,2048,8192,16384,7300,512,4096,8192,996,4096,8192,16384,824,4096,16384,16384,222,8192,8192,8192,13,512,4096,4096,209,512,4096,8192,824,2048,8192,8192,129,2048,4096,4096,12,128,65536,131072,10610,524288,524288,524288,41,131072,262144,262144,41,262144,262144,524288,41,256,512,512,41,64,128,128,41,128,512,4096,1328,64,512,2048,1328,128,512,4096,65707,64,512,2048,7416,64,256,512,1187,64,512,4096,1413,256,1024,2048,924,128,1024,1024,915,64,256,2048,11664,64,256,2048,1008,64,256,512,237,128,512,512,117,128,256,512,117,128,512,512,108,0,0,0,0,0,0,0,0,0,0,0,0,64,128,128,21,128,128,128,21,10.22,9.45,0.77,0,13,32,0,24,1046,0,11,21424,10503,27281,0,41,21,0
14516263521600,971,2048,8192,16384,6922,512,4096,8192,983,4096,8192,16384,758,4096,16384,16384,179,8192,8192,8192,9,512,4096,8192,202,512,4096,8192,778,1024,4096,8192,129,4096,4096,4096,10,128,65536,131072,10044,524288,524288,524288,41,131072,262144,262144,41,262144,262144,524288,41,256,512,512,41,128,2048,8192,41,128,512,1024,1225,64,512,4096,1486,128,512,4096,62291,64,512,1024,6822,64,256,512,1105,128,512,1024,1332,256,1024,4096,942,128,1024,1024,1014,64,256,2048,11385,64,256,512,1044,64,512,512,147,64,256,256,81,128,256,512,81,128,512,4096,90,0,0,0,0,0,0,0,0,0,0,0,0,64,128,128,20,128,256,256,20,11.09,9.05,2.04,0,9,32,0,23,937,29,6,20813,9985,26661,1,41,20,0
14517282913500,971,2048,8192,16384,6956,512,4096,8192,970,4096,8192,16384,779,4096,8192,16384,185,8192,8192,8192,8,512,4096,8192,185,512,4096,8192,792,1024,4096,8192,128,2048,2048,2048,3,64,65536,131072,10089,524288,524288,524288,41,262144,262144,262144,41,262144,524288,524288,41,256,512,512,41,64,128,32768,41,64,512,4096,1293,64,512,4096,1293,128,512,4096,62604,64,512,4096,7011,64,256,512,999,128,512,1024,1485,256,1024,4096,791,128,1024,2048,836,64,256,4096,10323,64,256,512,1161,64,256,512,225,64,256,256,81,128,256,4096,72,128,256,256,27,0,0,0,0,0,0,0,0,0,0,0,0,64,128,128,21,128,128,128,21,9.96,8.81,1.15,0,8,38,0,30,964,0,0,20051,9989,26180,1,41,21,0
14518303889800,993,2048,8192,16384,6918,512,4096,8192,974,4096,8192,16384,802,4096,16384,16384,186,8192,8192,8192,6,512,4096,8192,207,512,4096,8192,787,2048,8192,8192,131,2048,2048,2048,6,512,65536,131072,10091,524288,524288,524288,40,262144,262144,262144,40,262144,262144,524288,40,256,512,512,40,128,128,1024,41,128,512,1024,1401,128,512,512,1203,128,512,4096,62262,64,512,4096,7218,64,256,512,1088,128,512,1024,1269,256,2048,4096,918,64,1024,1024,837,64,512,4096,11214,128,512,4096,1062,64,512,4096,213,64,256,512,45,128,512,4096,54,64,256,256,54,8192,2097152,2097152,30,1024,1024,1024,26,64,64,64,56,64,128,128,20,128,65536,65536,20,11.09,9.05,2.04,26,6,36,0,27,988,0,11,20592,10065,26886,1,40,20,0
14519322895200,1001,2048,8192,16384,6975,512,4096,8192,989,4096,16384,16384,779,8192,16384,16384,214,8192,8192,8192,7,512,4096,8192,201,512,4096,8192,789,2048,8192,8192,147,2048,4096,4096,11,128,65536,131072,10196,524288,524288,524288,41,131072,262144,262144,41,262144,524288,524288,41,256,512,512,41,64,128,16384,40,128,512,4096,1149,128,512,1024,1077,128,512,4096,62775,64,512,4096,7011,64,256,512,1213,128,512,1024,1692,256,2048,4096,1014,128,1024,1024,1005,64,256,4096,11655,64,512,4096,918,64,256,2048,231,64,256,256,63,128,512,512,63,128,256,512,99,0,0,0,0,1024,1024,1024,4,64,64,64,4,64,128,128,20,128,16384,16384,20,9.96,8.69,1.28,4,7,37,0,30,993,0,0,20776,10099,26939,0,41,20,0
14520344567400,1001,2048,8192,16384,7200,512,4096,8192,994,4096,8192,16384,801,8192,16384,16384,189,8192,8192,8192,10,512,4096,8192,206,512,4096,8192,804,1024,8192,8192,142,2048,8192,8192,8,512,65536,131072,10448,524288,524288,524288,41,131072,262144,262144,41,262144,262144,524288,41,256,512,512,41,64,128,4096,41,128,512,2048,1146,128,512,4096,1146,128,512,4096,64800,64,512,4096,7209,64,256,512,1169,128,512,1024,1593,256,1024,2048,948,128,1024,2048,903,64,256,4096,11655,64,512,4096,1296,64,512,512,114,128,256,512,81,128,512,4096,90,128,256,512,72,0,0,0,0,0,0,0,0,0,0,0,0,64,128,128,21,128,128,256,21,10.84,9.31,1.53,0,10,32,0,28,990,0,0,21105,10353,27159,0,41,21,0
14521362649800,1001,2048,8192,16384,6999,512,4096,8192,995,4096,8192,16384,812,4096,16384,16384,207,8192,8192,8192,7,512,4096,8192,189,512,4096,8192,799,2048,4096,8192,135,4096,8192,8192,10,512,65536,131072,10220,524288,524288,524288,41,262144,262144,262144,41,262144,262144,524288,41,256,512,512,41,128,8192,32768,41,64,512,4096,1251,128,512,4096,1251,128,512,4096,62991,128,512,2048,7308,64,256,512,983,128,512,4096,1566,256,1024,2048,975,128,1024,1024,975,64,256,2048,11205,128,256,512,963,64,256,512,246,64,512,4096,72,128,512,512,63,128,512,4096,90,0,0,0,0,0,0,0,0,0,0,0,0,64,128,128,20,128,128,128,20,10.49,9.59,0.90,0,7,24,0,24,1019,0,0,20885,10112,26849,1,41,20,0
14522385006700,1001,2048,8192,16384,7084,512,4096,8192,996,4096,8192,16384,795,4096,16384,16384,193,8192,8192,8192,8,512,4096,8192,214,512,4096,8192,782,2048,4096,8192,133,2048,8192,8192,9,256,65536,131072,10301,524288,524288,524288,41,131072,262144,262144,41,262144,262144,524288,41,128,256,512,41,128,512,8192,41,64,512,4096,1263,128,512,4096,1263,128,512,4096,63756,128,512,4096,7155,64,256,512,1142,128,512,1024,1395,256,2048,4096,858,128,1024,1024,849,64,256,4096,10935,64,256,512,1188,64,256,8192,153,64,256,512,63,64,256,512,72,128,256,512,81,0,0,0,0,0,0,0,0,0,0,0,0,64,128,128,21,128,128,256,21,9.43,9.04,0.38,0,8,24,0,17,988,0,0,21025,10186,26685,0,41,21,0
14523403172400,1001,2048,8192,16384,6964,512,4096,8192,990,4096,8192,16384,795,4096,16384,16384,207,8192,8192,8192,9,512,4096,8192,207,512,4096,8192,810,1024,4096,8192,144,4096,4096,4096,7,256,65536,131072,10218,524288,524288,524288,40,262144,262144,262144,40,262144,262144,524288,40,256,256,256,40,64,4096,16384,40,64,512,1024,1256,128,512,4096,1256,128,512,4096,62676,64,512,2048,7155,64,256,512,923,128,512,2048,1692,256,1024,2048,876,128,1024,2048,822,64,256,2048,11223,64,256,512,819,64,256,512,147,128,512,512,72,128,512,512,81,128,512,1024,63,0,0,0,0,0,0,0,0,0,0,0,0,64,128,128,20,64,128,128,20,10.61,9.21,1.41,0,9,26,0,22,1002,0,0,20794,10129,26865,0,40,20,0
14524424946600,1001,2048,8192,16384,7014,512,4096,8192,988,4096,8192,16384,788,4096,16384,16384,208,8192,8192,8192,6,512,4096,8192,205,512,4096,8192,796,1024,4096,8192,124,2048,4096,4096,11,64,65536,131072,10203,524288,524288,524288,41,131072,262144,262144,41,262144,262144,524288,41,256,512,512,41,64,128,4096,41,64,512,1024,1238,64,512,1024,1238,128,512,4096,63126,64,512,4096,7092,64,256,512,1064,64,512,4096,1323,256,1024,2048,1014,128,1024,2048,942,64,256,4096,11142,64,256,4096,1206,128,256,512,120,128,256,512,81,128,256,512,54,64,512,4096,99,0,0,0,0,0,0,0,0,0,0,0,0,64,128,128,20,128,128,128,20,11.21,9.30,1.91,0,6,23,0,24,996,0,0,21561,10111,26910,0,41,20,0
14525445196500,1001,2048,8192,16384,7195,512,4096,8192,997,4096,8192,16384,811,4096,16384,16384,216,8192,16384,16384,11,512,4096,4096,196,512,4096,8192,787,2048,4096,8192,133,2048,4096,4096,13,256,65536,131072,10426,524288,524288,524288,41,262144,262144,262144,41,262144,262144,524288,41,256,256,512,41,64,128,16384,41,64,512,4096,1329,128,512,1024,1329,128,512,4096,64755,64,512,4096,7299,64,256,512,1071,64,512,1024,1440,256,1024,4096,828,128,1024,2048,891,64,256,2048,11601,64,512,4096,999,64,256,4096,135,64,256,512,90,128,512,8192,99,128,256,512,117,0,0,0,0,0,0,0,0,0,0,0,0,64,128,128,21,128,128,128,21,12.64,9.70,2.94,0,11,8,0,21,1027,0,0,21270,10330,27158,1,41,21,0
14526465847300,971,2048,8192,16384,7045,512,4096,8192,978,4096,8192,16384,807,4096,16384,16384,221,8192,8192,8192,7,512,4096,8192,194,512,4096,8192,789,2048,8192,8192,119,8192,8192,8192,6,256,65536,131072,10233,524288,524288,524288,41,131072,262144,262144,41,262144,262144,524288,41,128,256,256,41,64,8192,16384,41,64,512,4096,1110,64,512,1024,1380,128,512,4096,63405,128,512,2048,7263,64,256,512,1123,128,512,4096,1557,256,1024,4096,987,128,1024,2048,978,64,256,4096,11088,64,256,4096,1080,64,256,2048,201,64,256,512,72,128,512,4096,63,128,4096,4096,54,0,0,0,0,0,0,0,0,0,0,0,0,64,128,128,20,128,256,256,20,12.00,10.21,1.79,0,7,10,0,16,1028,30,0,21159,10186,27430,0,41,20,0
14527485411200,971,2048,8192,16384,6864,512,4096,8192,966,4096,8192,16384,769,4096,16384,16384,200,8192,8192,8192,9,512,4096,8192,210,512,4096,8192,787,1024,8192,8192,149,2048,4096,4096,6,128,65536,131072,10030,524288,524288,524288,41,131072,262144,262144,41,262144,262144,524288,41,64,256,256,41,64,128,128,41,128,512,2048,1074,128,512,4096,1074,128,512,4096,61776,128,512,4096,6921,64,256,1024,989,128,512,1024,1386,256,1024,4096,855,128,1024,4096,882,64,256,4096,10872,64,256,4096,1044,64,256,512,210,128,256,512,54,128,512,4096,81,128,512,512,54,0,0,0,0,0,0,0,0,0,0,0,0,64,128,128,21,128,128,128,21,10.47,9.06,1.40,0,9,2,0,22,969,0,0,20782,9946,26125,0,41,21,0
14528506198200,1001,2048,8192,16384,7122,512,4096,8192,973,4096,8192,16384,800,4096,16384,16384,188,8192,8192,8192,7,512,4096,8192,207,512,4096,8192,821,2048,4096,8192,129,2048,4096,4096,7,128,65536,131072,10333,524288,524288,524288,41,131072,262144,262144,41,262144,262144,262144,41,128,256,256,41,64,128,128,41,64,512,4096,1560,128,512,1024,1290,128,512,4096,64098,128,512,4096,7200,64,256,512,1134,64,512,2048,1377,256,1024,4096,831,128,1024,1024,867,64,256,4096,11475,64,256,2048,1170,64,256,256,213,64,256,512,90,128,512,512,63,128,512,4096,63,16384,2097152,2097152,30,1024,2048,2048,30,64,128,128,60,64,128,128,20,128,65536,65536,20,10.21,9.32,0.89,30,7,1,0,24,988,0,0,20945,10320,26902,0,41,20,0
14529526500100,1001,2048,8192,16384,7057,512,4096,8192,994,4096,8192,16384,809,4096,16384,16384,213,8192,16384,16384,13,512,4096,8192,212,512,4096,8192,796,2048,8192,8192,137,2048,2048,2048,4,512,65536,131072,10318,524288,524288,524288,40,262144,262144,262144,40,262144,524288,524288,40,256,512,512,40,64,128,4096,40,64,512,4096,1316,128,512,4096,1316,128,512,4096,63517,128,512,4096,7281,64,256,512,1230,128,512,1024,1503,256,2048,4096,891,128,1024,2048,954,64,256,4096,11097,64,512,4096,1008,64,256,512,249,64,256,256,135,64,512,4096,117,64,256,512,36,0,0,0,0,0,0,0,0,0,0,0,0,64,128,128,20,128,128,128,20,12.14,9.33,2.81,0,13,2,0,32,1022,0,3,21426,10225,27094,0,40,20,0
14530546739100,1001,2048,8192,16384,6962,512,4096,8192,992,4096,8192,16384,786,4096,16384,16384,192,8192,16384,16384,13,512,4096,8192,191,512,4096,8192,768,2048,8192,8192,132,2048,4096,4096,7,512,65536,131072,10137,524288,524288,524288,41,131072,262144,262144,41,262144,524288,524288,41,256,512,1024,41,64,128,128,41,64,512,4096,1240,128,512,1024,1240,128,512,4096,62654,64,512,4096,7074,64,256,512,1128,128,512,512,1233,256,1024,4096,1004,128,1024,2048,1022,64,256,4096,11970,64,256,1024,972,64,512,1024,204,64,256,512,90,128,512,512,117,64,512,512,63,0,0,0,0,0,0,0,0,0,0,0,0,64,128,128,21,64,128,128,21,10.33,9.31,1.02,0,13,1,0,22,978,0,3,20827,10036,26372,0,41,21,0
14531565454000,1001,2048,8192,16384,7277,512,4096,8192,994,4096,8192,16384,821,4096,16384,16384,216,8192,16384,16384,9,512,4096,4096,208,512,4096,8192,819,2048,8192,8192,145,2048,2048,2048,8,512,65536,131072,10577,524288,524288,524288,41,262144,262144,262144,41,262144,524288,524288,41,256,512,512,41,64,128,2048,41,128,512,1024,1202,128,512,4096,1202,128,512,4096,65493,128,512,4096,7389,64,256,512,1023,128,512,4096,1620,256,1024,4096,897,128,1024,1024,924,64,512,4096,11727,64,256,512,1035,64,256,512,153,64,512,512,99,128,512,4096,81,128,256,512,72,0,0,0,0,0,0,0,0,0,0,0,0,64,128,128,20,128,128,128,20,11.50,9.96,1.53,0,9,1,0,21,1037,0,0,20909,10488,27048,0,41,20,0
14532587559000,1001,2048,8192,16384,7097,512,4096,8192,1001,4096,8192,16384,805,8192,16384,16384,181,8192,8192,8192,7,1024,4096,8192,208,512,4096,8192,827,2048,8192,8192,123,4096,4096,4096,9,1024,65536,131072,10342,524288,524288,524288,41,262144,262144,262144,41,262144,524288,524288,41,256,512,1024,41,64,128,8192,41,128,512,4096,1296,128,512,2048,1296,128,512,4096,63873,128,512,4096,7245,64,512,2048,881,128,512,4096,1296,256,1024,4096,846,128,1024,2048,882,64,512,4096,11664,64,512,4096,1197,64,512,4096,192,64,512,512,72,128,512,512,63,128,512,4096,81,0,0,0,0,0,0,0,0,0,0,0,0,64,128,128,21,128,128,128,21,10.84,9.18,1.66,0,7,0,0,23,986,0,4,20731,10231,26523,0,41,21,0
14533606876000,1001,2048,8192,16384,6930,512,4096,8192,995,4096,16384,16384,792,8192,16384,16384,202,8192,16384,16384,9,1024,8192,8192,201,512,4096,8192,779,2048,8192,8192,131,2048,2048,2048,3,2048,65536,262144,10131,524288,1048576,1048576,41,262144,262144,524288,41,262144,524288,524288,41,256,512,512,41,64,128,1024,41,128,512,2048,1287,128,1024,4096,1287,128,512,4096,62370,128,512,4096,7128,64,512,512,1099,128,512,1024,1539,256,2048,4096,966,128,1024,1024,966,64,512,4096,11205,128,512,2048,972,64,512,4096,186,64,512,1024,72,64,512,1024,81,128,256,256,27,0,0,0,0,0,0,0,0,0,0,0,0,64,128,128,20,128,128,128,20,10.98,9.44,1.53,0,9,0,0,22,994,0,0,21092,10053,26365,0,41,20,0
14534627510800,1001,2048,8192,16384,7186,512,4096,8192,1157,4096,8192,16384,793,4096,16384,16384,212,8192,16384,16384,13,512,4096,8192,205,512,4096,8192,792,1024,8192,8192,157,2048,8192,8192,8,1024,65536,131072,10614,524288,524288,524288,40,131072,262144,262144,40,262144,524288,524288,40,128,256,512,40,64,32768,32768,40,64,512,4096,1321,128,512,4096,1321,128,512,4096,64674,64,512,4096,7137,64,256,512,1008,128,512,1024,1647,256,1024,4096,894,128,1024,2048,876,64,256,4096,10512,64,256,4096,1134,64,256,512,204,64,256,256,81,128,512,4096,117,128,256,4096,72,0,0,0,0,0,0,0,0,0,0,0,0,64,128,128,20,128,128,128,20,8.93,8.55,0.38,0,13,0,0,25,1005,0,11,20649,10521,26404,0,40,20,0
14535647427400,1000,2048,8192,16384,7039,512,4096,8192,1040,4096,8192,16384,805,4096,16384,16384,177,8192,8192,8192,10,512,4096,8192,204,512,4096,8192,803,1024,4096,8192,144,2048,8192,8192,6,1024,65536,131072,10308,524288,524288,524288,41,131072,262144,262144,41,262144,262144,524288,41,256,512,512,41,64,128,128,41,64,512,4096,1017,128,512,1024,1026,128,512,4096,63351,64,512,4096,7245,64,256,512,940,64,512,1024,1359,256,1024,4096,927,256,1024,2048,936,64,256,4096,10692,64,256,512,774,64,256,4096,183,64,256,512,108,128,256,512,90,128,512,4096,54,0,0,0,0,0,0,0,0,0,0,0,0,64,128,128,21,128,256,256,21,10.72,9.32,1.40,0,10,0,0,19,982,1,0,20981,10197,26661,0,41,21,0
14536667842700,970,2048,8192,16384,7026,512,4096,8192,969,4096,8192,16384,785,4096,16384,16384,191,8192,16384,16384,13,512,4096,4096,202,512,4096,8192,798,2048,8192,8192,118,4096,8192,8192,10,64,65536,131072,10182,524288,524288,524288,41,131072,262144,262144,41,262144,262144,524288,41,256,256,512,41,64,128,1024,41,64,512,4096,1269,64,512,4096,1539,64,512,4096,63234,64,256,1024,7065,64,256,512,1007,64,512,1024,1341,256,1024,4096,1001,128,1024,2048,992,64,256,4096,11187,64,256,1024,891,64,256,512,171,64,256,256,117,64,512,4096,117,128,512,512,90,0,0,0,0,0,0,0,0,0,0,0,0,64,128,128,20,64,128,128,20,9.32,8.93,0.38,0,13,0,0,32,976,30,8,20491,10120,26603,0,41,20,0
14537687285400,970,2048,8192,16384,6914,512,4096,8192,970,4096,8192,16384,769,4096,16384,16384,206,8192,8192,8192,11,512,4096,8192,191,512,4096,8192,774,1024,4096,8192,125,2048,4096,4096,9,256,65536,131072,10058,524288,524288,524288,41,131072,262144,262144,41,262144,262144,524288,41,256,256,512,41,128,128,1024,41,64,512,4096,1328,128,512,4096,1328,64,512,4096,62226,64,512,4096,6921,64,256,512,983,128,512,2048,1665,256,1024,2048,888,128,1024,2048,906,64,256,4096,10269,64,512,4096,1035,64,256,4096,195,128,512,512,72,256,512,1024,99,128,512,512,81,0,0,0,0,0,0,0,0,0,0,0,0,64,128,128,21,128,256,256,21,11.63,9.58,2.04,0,11,0,0,28,975,0,0,19952,9964,25678,0,41,21,0
14538708807400,1000,2048,8192,16384,7035,512,4096,8192,976,4096,8192,16384,792,8192,16384,16384,209,8192,8192,8192,10,512,4096,8192,222,512,4096,8192,802,1024,4096,8192,130,2048,2048,2048,5,512,65536,262144,10257,524288,524288,524288,41,131072,262144,262144,41,262144,262144,524288,41,256,512,512,41,64,128,16384,41,64,512,4096,1480,64,512,2048,1210,64,512,4096,63315,64,512,4096,7128,64,256,512,1183,64,512,2048,1584,256,1024,4096,936,128,1024,2048,918,64,256,4096,10548,64,256,4096,954,64,256,512,231,128,512,4096,99,128,512,1024,90,128,256,512,45,8192,16384,16384,30,512,1024,1024,30,64,128,128,60,64,128,128,20,128,65536,65536,20,10.33,9.05,1.28,30,10,0,0,22,1001,0,6,20632,10236,26714,0,41,20,0
14539728942200,1000,2048,8192,16384,7054,512,4096,8192,982,4096,8192,16384,790,4096,16384,16384,189,8192,8192,8192,9,512,4096,8192,203,512,4096,8192,795,2048,8192,8192,143,4096,4096,4096,4,512,65536,131072,10223,524288,524288,524288,40,262144,262144,262144,40,262144,262144,262144,40,256,256,512,40,64,128,16384,41,64,512,4096,1422,128,512,4096,1422,128,512,4096,63486,64,512,2048,7110,64,256,512,902,128,512,1024,1386,256,1024,2048,962,128,1024,1024,890,64,256,4096,10263,64,256,2048,963,64,256,4096,240,128,256,512,90,128,512,4096,81,256,512,512,36,0,0,0,0,0,0,0,0,0,0,0,0,64,128,128,21,128,256,256,21,10.98,8.93,2.04,0,9,0,0,22,979,0,0,20684,10139,26393,0,40,21,0
14540749349300,1000,2048,8192,16384,7247,512,4096,8192,999,4096,8192,16384,799,4096,16384,16384,215,8192,8192,8192,12,512,4096,8192,206,512,4096,8192,804,2048,8192,8192,121,2048,4096,4096,14,256,65536,131072,10496,524288,524288,524288,41,262144,262144,262144,41,262144,262144,524288,41,256,512,512,41,64,128,128,40,64,512,4096,1410,128,512,4096,1410,128,512,4096,65223,64,512,2048,7191,64,256,512,954,64,512,1024,1467,256,1024,4096,978,64,1024,2048,960,64,256,4096,10824,64,256,512,972,64,256,512,138,64,256,512,90,128,512,512,108,128,512,512,126,0,0,0,0,0,0,0,0,0,0,0,0,64,128,128,20,128,256,256,20,9.95,8.93,1.02,0,12,0,0,21,1014,0,0,20784,10395,26746,0,41,20,0
14541768052200,1000,2048,8192,16384,6945,512,4096,8192,994,4096,8192,16384,814,4096,16384,16384,247,8192,16384,16384,14,512,4096,8192,179,512,4096,8192,804,2048,8192,8192,138,4096,8192,8192,6,512,65536,131072,10212,524288,524288,524288,41,262144,262144,262144,41,262144,524288,524288,41,256,512,512,41,128,128,2048,41,128,512,4096,1269,128,512,4096,1269,128,512,4096,62505,64,512,4096,7326,64,256,512,1297,128,512,1024,1728,256,1024,4096,924,128,1024,1024,996,64,512,4096,11412,64,512,4096,1089,64,512,8192,180,64,512,512,153,128,512,4096,126,128,512,4096,54,0,0,0,0,0,0,0,0,0,0,0,0,64,128,128,20,128,128,128,20,12.14,10.35,1.79,0,14,0,0,22,1061,0,0,20596,10116,26771,0,41,20,0
14542789245700,1000,2048,8192,16384,6994,512,4096,8192,995,4096,8192,16384,770,8192,16384,16384,184,8192,16384,16384,12,512,4096,8192,220,512,4096,8192,778,2048,8192,8192,159,4096,4096,4096,8,512,65536,131072,10181,524288,524288,524288,41,131072,262144,262144,41,262144,262144,524288,41,256,512,512,41,64,4096,32768,41,128,512,4096,1017,128,512,4096,1017,128,512,4096,62946,64,512,4096,6930,64,256,512,1046,64,512,4096,1260,256,1024,4096,921,128,1024,1024,975,64,256,2048,11070,64,512,4096,1170,64,512,4096,216,64,256,256,90,128,512,512,108,128,512,1024,72,0,0,0,0,0,0,0,0,0,0,0,0,64,128,128,21,128,128,128,21,10.33,8.93,1.40,0,12,1,0,26,954,0,0,20835,10079,26373,0,41,21,0
14543809757900,1000,2048,8192,16384,7369,512,4096,8192,999,4096,8192,16384,812,8192,16384,16384,205,8192,16384,16384,13,512,4096,8192,211,512,4096,8192,841,1024,4096,8192,145,2048,4096,4096,5,1024,65536,131072,10680,524288,524288,524288,41,262144,262144,262144,41,262144,262144,524288,41,256,512,512,41,64,128,16384,41,64,512,4096,1295,128,512,4096,1295,128,512,4096,66321,64,512,2048,7308,64,256,1024,1169,64,512,2048,1413,256,1024,2048,912,256,1024,4096,984,64,256,4096,11358,64,256,4096,1035,64,512,4096,183,128,256,512,117,128,512,4096,117,128,512,512,45,0,0,0,0,0,0,0,0,0,0,0,0,64,128,128,20,128,256,256,20,12.51,10.47,2.04,0,13,1,0,25,1017,0,0,21831,10599,27249,0,41,20,0
14544829798900,1000,2048,8192,16384,7154,512,4096,8192,997,4096,8192,16384,820,4096,16384,32768,216,8192,8192,8192,9,512,4096,8192,195,512,4096,8192,797,2048,8192,8192,122,2048,4096,4096,6,1024,65536,131072,10400,524288,524288,524288,41,131072,262144,262144,41,262144,524288,524288,41,256,512,512,41,64,128,128,41,128,512,4096,1076,128,512,4096,1076,128,512,4096,64386,128,512,4096,7380,64,256,512,1137,128,512,2048,1593,256,1024,4096,984,128,1024,4096,975,64,256,2048,11277,128,256,4096,1062,64,512,4096,183,128,512,512,117,128,512,1024,81,128,256,512,54,0,0,0,0,0,0,0,0,0,0,0,0,64,128,128,21,128,128,128,21,10.59,9.32,1.28,0,9,0,0,22,1036,0,0,20917,10309,27272,0,41,21,0
14545849975900,1000,2048,8192,16384,7151,512,4096,8192,1000,4096,8192,16384,832,4096,16384,16384,204,8192,16384,16384,15,512,4096,8192,208,512,4096,8192,807,2048,8192,8192,130,2048,4096,4096,5,512,65536,131072,10437,524288,524288,524288,40,131072,262144,262144,40,262144,524288,524288,40,256,1024,1024,40,128,2048,16384,40,128,512,4096,1236,128,512,4096,1236,128,512,4096,64359,64,512,4096,7488,64,256,512,1053,128,512,2048,1539,256,1024,4096,1005,128,1024,4096,960,64,256,4096,10962,64,256,512,1008,64,256,2048,231,64,256,512,126,128,512,4096,135,128,256,256,45,0,0,0,0,0,0,0,0,0,0,0,0,64,64,64,20,128,128,128,20,10.34,9.32,1.02,0,15,1,0,16,1036,0,0,21311,10337,27187,0,40,20,0
14546870165900,970,2048,8192,16384,6920,512,4096,8192,976,4096,8192,16384,752,4096,16384,16384,183,8192,8192,8192,13,512,4096,4096,190,512,4096,8192,775,1024,4096,8192,125,4096,8192,8192,4,512,65536,262144,10019,524288,524288,524288,41,262144,262144,262144,41,262144,262144,524288,41,256,512,512,41,128,16384,32768,41,128,512,4096,1334,64,512,1024,1604,128,512,4096,62280,64,256,4096,6768,64,256,512,943,128,512,1024,1341,256,1024,2048,855,256,1024,2048,909,64,256,4096,11205,64,256,4096,1071,64,256,512,147,64,256,512,99,128,256,512,117,128,512,4096,36,0,0,0,0,0,0,0,0,0,0,0,0,64,128,128,20,128,128,128,20,10.59,8.81,1.79,0,13,0,0,25,935,30,0,20300,9966,26572,0,41,20,0
14547890165100,970,2048,8192,16384,6813,512,4096,8192,966,4096,8192,16384,771,8192,16384,16384,185,8192,8192,8192,5,512,4096,8192,214,512,4096,8192,772,1024,4096,8192,122,2048,4096,4096,4,1024,65536,131072,9926,524288,524288,524288,41,131072,262144,262144,41,262144,262144,262144,41,256,256,512,41,64,128,8192,41,128,256,1024,1164,128,512,4096,1164,128,512,4096,61317,64,512,4096,6939,64,256,512,847,128,512,4096,1431,256,1024,4096,968,128,1024,4096,887,64,256,4096,10899,64,256,512,999,64,256,512,216,64,256,512,72,64,256,4096,45,128,512,512,36,0,0,0,0,0,0,0,0,0,0,0,0,64,128,128,21,128,128,128,21,11.49,9.32,2.17,0,5,0,0,17,956,0,0,20570,9849,25727,0,41,21,0
14548910943800,1000,2048,8192,16384,7055,512,4096,8192,1011,4096,8192,16384,782,4096,16384,16384,183,8192,16384,16384,15,512,4096,8192,200,512,4096,8192,814,2048,8192,8192,130,2048,2048,2048,5,128,65536,131072,10290,524288,524288,524288,41,131072,262144,262144,41,262144,524288,524288,41,256,512,512,41,64,128,8192,41,64,512,4096,1540,64,512,4096,1270,128,512,4096,63495,64,512,4096,7038,64,256,512,892,128,512,1024,1467,256,1024,4096,917,128,1024,2048,917,64,256,4096,11007,64,256,2048,1035,64,256,4096,198,128,512,1024,90,128,512,4096,135,128,256,512,45,8192,16384,16384,30,1024,1024,2048,30,64,64,128,60,64,128,128,20,128,65536,65536,20,9.83,8.42,1.40,30,15,1,0,24,965,0,0,20849,10245,26942,0,41,20,0
14549929709200,1000,2048,8192,16384,6996,512,4096,8192,995,4096,8192,16384,785,4096,16384,16384,201,8192,8192,8192,8,512,4096,8192,206,512,4096,8192,815,1024,8192,8192,147,2048,4096,4096,8,512,65536,262144,10243,524288,524288,524288,40,262144,262144,262144,40,262144,524288,524288,40,256,256,256,40,64,512,32768,41,128,512,4096,1341,128,512,4096,1341,64,512,4096,62964,64,512,2048,7065,64,256,512,1118,128,512,2048,1503,256,1024,4096,945,128,1024,2048,927,64,256,4096,11961,64,256,2048,927,64,512,4096,189,128,256,512,90,128,512,4096,72,128,512,2048,72,0,0,0,0,0,0,0,0,0,0,0,0,64,64,128,21,128,128,128,21,11.37,9.45,1.92,0,8,0,0,16,986,0,0,20529,10139,26406,0,40,21,0
14550952346200,1000,2048,8192,16384,7261,512,4096,8192,993,4096,8192,16384,824,8192,16384,16384,212,8192,8192,8192,7,512,4096,8192,175,512,4096,8192,797,2048,4096,8192,149,4096,8192,8192,6,1024,65536,131072,10500,524288,524288,524288,41,131072,262144,262144,41,262144,262144,524288,41,256,256,256,41,64,16384,16384,40,128,512,1024,1150,128,512,4096,1150,64,512,4096,65349,64,512,4096,7416,64,256,512,1050,128,512,1024,1719,256,1024,4096,1011,128,1024,2048,1002,64,256,4096,10971,64,256,2048,1116,64,256,512,204,64,256,512,54,128,256,512,63,128,512,4096,54,0,0,0,0,0,0,0,0,0,0,0,0,64,128,128,20,128,256,256,20,10.20,8.54,1.66,0,7,0,0,21,1036,0,2,21084,10406,26680,0,41,20,0
14551970124700,1000,2048,8192,16384,6497,512,4096,8192,950,4096,8192,16384,722,4096,16384,16384,186,8192,8192,8192,7,512,4096,8192,213,512,4096,8192,728,2048,4096,8192,130,4096,8192,8192,10,256,65536,262144,9528,524288,524288,524288,41,131072,262144,262144,41,262144,524288,524288,41,256,512,512,41,64,128,2048,41,64,512,4096,1233,128,512,1024,1233,64,512,4096,58473,64,512,4096,6498,64,256,512,902,64,512,4096,1404,256,1024,4096,990,128,1024,1024,909,64,256,4096,11043,64,256,512,1026,64,256,4096,186,64,256,512,63,128,512,4096,63,128,512,4096,90,0,0,0,0,0,0,0,0,0,0,0,0,64,64,64,20,128,128,128,20,12.90,9.84,3.07,0,7,1,0,22,908,0,0,19482,9428,25260,0,41,20,0
14552992284100,1000,2048,8192,16384,7627,512,4096,8192,1030,4096,8192,16384,880,4096,16384,16384,216,8192,8192,8192,14,512,4096,8192,229,512,4096,8192,862,1024,4096,8192,142,2048,2048,2048,9,512,65536,131072,11100,524288,524288,524288,41,262144,262144,262144,41,262144,524288,524288,41,256,512,1024,41,64,128,65536,41,128,512,4096,1206,128,512,4096,1206,64,512,4096,68643,64,512,4096,7920,64,256,512,1064,64,512,512,1755,256,2048,4096,1083,128,1024,2048,1083,64,256,4096,11385,64,256,2048,1062,64,256,4096,249,64,256,512,144,128,512,512,126,128,256,512,81,0,0,0,0,0,0,0,0,0,0,0,0,64,128,128,21,128,128,128,21,12.61,10.44,2.17,0,14,3,0,20,1096,0,0,21123,10922,27435,0,41,21,0
14554011734400,1000,2048,8192,16384,6886,512,4096,8192,1014,4096,8192,16384,773,4096,16384,16384,209,8192,8192,8192,9,512,4096,8192,201,512,4096,8192,787,2048,8192,8192,137,2048,4096,4096,11,256,65536,262144,10096,524288,524288,524288,41,131072,262144,262144,41,262144,524288,524288,41,256,512,1024,41,64,2048,8192,41,128,512,4096,1128,128,512,4096,1128,64,512,4096,61974,64,512,4096,6957,64,256,512,1203,128,512,1024,1683,256,1024,4096,1050,128,1024,1024,1050,64,256,4096,10674,64,256,1024,1098,64,256,2048,144,64,256,512,108,128,512,4096,81,128,512,2048,99,0,0,0,0,0,0,0,0,0,0,0,0,64,128,128,20,128,128,128,20,11.24,9.96,1.28,0,9,2,0,19,982,0,0,20600,10008,26355,0,41,20,0
14555031071000,1000,2048,8192,16384,7217,512,4096,8192,1208,4096,8192,16384,811,4096,16384,16384,218,8192,8192,8192,13,512,4096,8192,191,512,4096,8192,808,2048,4096,8192,117,2048,2048,2048,3,64,65536,131072,10669,524288,524288,524288,41,131072,262144,262144,41,262144,524288,524288,41,256,512,1024,41,64,128,16384,41,64,512,4096,1266,64,512,4096,1266,64,512,4096,64953,64,512,4096,7299,64,256,512,1041,64,512,2048,1683,256,1024,2048,900,256,1024,2048,855,64,256,4096,11043,64,512,4096,1062,64,256,512,129,64,256,4096,81,128,256,512,117,128,256,256,27,0,0,0,0,0,0,0,0,0,0,0,0,64,128,128,21,128,128,128,21,10.73,9.07,1.66,0,13,6,0,21,1029,0,0,21063,10582,27057,0,41,21,0
14556056312600,1000,2048,8192,16384,7146,512,4096,8192,996,4096,8192,16384,789,4096,16384,16384,181,8192,8192,8192,9,512,4096,8192,208,512,4096,8192,813,2048,8192,8192,120,2048,8192,8192,10,1024,65536,262144,10339,524288,524288,524288,41,131072,262144,262144,41,262144,262144,524288,41,256,512,512,41,64,128,4096,41,64,512,4096,1288,64,512,4096,1288,128,512,4096,64314,64,512,4096,7101,64,256,1024,1013,128,512,4096,1314,256,1024,4096,960,128,1024,4096,915,64,256,4096,11340,64,256,512,1071,64,256,512,192,128,512,512,72,128,512,1024,81,128,512,4096,90,0,0,0,0,0,0,0,0,0,0,0,0,64,128,128,20,64,128,128,20,11.08,9.17,1.91,0,9,7,0,21,970,0,0,21346,10232,26661,0,41,20,0
14557071337000,970,2048,8192,16384,6903,512,4096,8192,966,4096,8192,16384,777,4096,16384,16384,212,8192,8192,8192,10,512,4096,8192,205,512,4096,8192,776,2048,4096,8192,154,2048,4096,4096,10,256,65536,262144,10079,524288,524288,524288,40,131072,262144,262144,40,262144,262144,262144,40,256,512,512,40,64,128,8192,40,64,512,4096,1199,64,512,1024,1469,64,512,4096,62127,64,512,4096,6993,64,256,512,1203,64,512,4096,1422,256,1024,4096,843,128,1024,2048,888,64,256,4096,10926,64,512,4096,945,64,512,512,126,64,256,512,90,128,256,512,90,64,256,512,90,0,0,0,0,0,0,0,0,0,0,0,0,64,128,128,20,128,128,128,20,10.23,8.95,1.28,0,10,13,0,16,989,30,0,20006,10004,26508,0,40,20,0
14558092614000,970,2048,8192,16384,6766,512,4096,8192,956,4096,8192,16384,778,4096,16384,16384,205,8192,8192,8192,7,512,4096,4096,198,512,4096,8192,768,1024,4096,8192,139,2048,4096,4096,6,64,65536,131072,9900,524288,524288,524288,41,131072,262144,262144,41,262144,262144,524288,41,128,256,256,41,64,128,8192,41,64,512,4096,1018,64,512,4096,1018,64,512,4096,60894,64,256,1024,7002,64,256,512,1006,64,512,1024,1575,256,1024,4096,969,128,1024,1024,897,64,256,2048,11475,64,256,4096,1107,64,256,512,213,64,256,256,54,128,256,512,63,64,256,4096,54,0,0,0,0,0,0,0,0,0,0,0,0,64,128,128,21,128,128,128,21,11.87,9.83,2.04,0,7,15,0,29,983,0,2,20334,9801,25656,0,41,21,0
14559113229900,1000,2048,8192,16384,6946,512,4096,8192,979,4096,16384,16384,800,4096,16384,16384,197,8192,8192,8192,10,512,4096,8192,193,512,4096,8192,809,2048,4096,8192,132,2048,8192,8192,14,1024,65536,131072,10150,524288,524288,524288,41,262144,262144,262144,41,262144,524288,524288,41,256,512,1024,41,128,128,2048,41,64,512,4096,1524,64,512,4096,1254,128,512,4096,62514,64,512,4096,7200,64,256,512,1136,128,512,4096,1305,256,2048,4096,981,128,1024,2048,1053,64,512,2048,11871,64,512,2048,1044,64,256,512,147,64,512,512,126,128,256,512,90,128,512,1024,126,8192,16384,16384,30,1024,1024,2048,30,64,64,64,60,64,128,128,20,128,65536,65536,20,11.99,10.07,1.91,30,10,32,0,28,997,0,0,20801,10080,27370,0,41,20,0
14560134271700,1000,4096,8192,16384,7239,512,4096,8192,994,4096,16384,16384,781,8192,16384,16384,206,8192,8192,8192,12,1024,4096,8192,209,512,4096,8192,802,2048,8192,8192,136,4096,4096,4096,11,4096,65536,262144,10470,524288,1048576,1048576,41,262144,262144,524288,41,524288,524288,524288,41,512,1024,1024,41,128,16384,131072,41,128,512,4096,1336,128,512,4096,1336,128,512,4096,65151,128,512,4096,7029,64,512,1024,1098,128,512,4096,1557,256,2048,4096,993,128,1024,4096,1020,64,512,4096,11061,128,512,1024,918,64,512,512,158,64,512,1024,99,128,512,1024,108,128,512,512,99,0,0,0,0,0,0,0,0,0,0,0,0,64,128,128,21,128,128,256,21,10.84,8.93,1.91,0,12,37,0,22,988,0,0,21130,10352,27040,0,41,21,0
14561153263500,1000,2048,8192,16384,6927,512,4096,8192,986,4096,16384,16384,819,8192,16384,16384,205,8192,16384,16384,9,1024,4096,8192,213,512,4096,8192,776,2048,4096,8192,137,4096,8192,8192,10,1024,65536,262144,10158,524288,1048576,1048576,40,262144,262144,262144,40,262144,524288,524288,40,512,1024,1024,40,128,128,16384,40,128,512,4096,1314,128,512,4096,1314,128,512,4096,62343,128,512,2048,7371,128,512,512,1113,128,512,1024,1431,256,2048,2048,826,128,1024,4096,799,64,512,4096,10080,128,512,1024,891,64,512,512,192,256,512,512,54,128,512,512,81,256,512,4096,90,0,0,0,0,0,0,0,0,0,0,0,0,64,128,128,20,128,128,128,20,12.78,10.09,2.68,0,9,38,0,23,1023,0,0,20057,10055,26629,0,40,20,0
14562174273800,1000,2048,8192,16384,7157,512,4096,8192,1131,4096,16384,16384,792,8192,16384,16384,200,8192,8192,8192,8,512,4096,8192,205,512,4096,8192,801,2048,4096,8192,134,2048,4096,4096,12,2048,65536,131072,10524,524288,1048576,1048576,41,262144,262144,524288,41,262144,524288,524288,41,512,1024,1024,41,128,128,16384,41,128,512,4096,1185,128,512,4096,1185,128,512,4096,64413,128,512,4096,7128,64,512,1024,998,128,512,4096,1494,256,2048,4096,954,128,1024,2048,954,64,512,4096,10134,128,512,4096,891,128,512,2048,156,64,256,512,81,128,512,512,72,128,512,512,108,0,0,0,0,0,0,0,0,0,0,0,0,64,128,128,20,128,256,256,20,11.48,9.31,2.17,0,8,22,0,18,992,0,2,21247,10428,26836,0,41,20,0
14563194514700,1000,2048,8192,16384,6988,512,4096,8192,1002,4096,16384,16384,790,4096,16384,16384,179,8192,16384,16384,5,512,4096,8192,197,512,4096,8192,791,2048,8192,8192,140,4096,8192,8192,9,512,65536,262144,10180,524288,524288,1048576,41,262144,262144,262144,41,262144,524288,524288,41,256,512,512,41,64,128,256,41,128,512,4096,1211,128,512,1024,1211,128,512,4096,62893,128,512,4096,7110,64,256,512,906,128,512,4096,1386,256,2048,4096,1077,128,1024,2048,1005,64,512,4096,11196,128,512,4096,936,64,256,512,168,64,512,512,45,128,512,8192,45,128,512,4096,81,0,0,0,0,0,0,0,0,0,0,0,0,64,64,128,21,128,128,256,21,12.39,9.96,2.43,0,5,29,0,25,969,0,0,20812,10101,26346,0,41,21,0
14564214145000,1000,2048,8192,16384,7206,512,4096,8192,999,4096,16384,16384,805,4096,16384,32768,203,8192,8192,8192,9,512,4096,8192,193,512,4096,8192,820,2048,8192,8192,124,2048,4096,4096,6,1024,65536,262144,10448,524288,524288,1048576,41,262144,262144,524288,41,262144,524288,524288,41,256,512,512,41,64,32768,65536,41,128,512,4096,1169,128,512,4096,1169,128,512,4096,64853,128,512,4096,7245,64,256,512,1012,128,512,2048,1656,256,1024,4096,884,128,1024,2048,857,64,512,4096,10719,64,512,4096,909,64,512,1024,135,128,512,4096,81,128,512,512,81,128,512,512,54,0,0,0,0,0,0,0,0,0,0,0,0,64,128,128,20,128,256,256,20,11.10,9.44,1.66,0,9,30,0,28,1008,0,0,20850,10377,26978,0,41,20,0
14565234860800,1000,2048,8192,16384,7219,512,4096,8192,987,4096,8192,16384,800,4096,16384,16384,199,8192,8192,8192,9,512,4096,4096,206,512,4096,8192,825,2048,4096,8192,142,2048,4096,4096,7,1024,65536,131072,10473,524288,524288,524288,41,262144,262144,262144,41,262144,524288,524288,41,128,512,512,41,64,2048,32768,41,128,512,4096,1217,128,512,4096,1217,128,512,4096,64971,64,512,4096,7200,64,256,512,1118,128,512,1024,1494,256,1024,4096,794,128,1024,1024,830,64,256,4096,11493,64,256,512,1098,64,256,512,219,64,512,4096,72,64,512,4096,81,128,512,4096,63,0,0,0,0,0,0,0,0,0,0,0,0,64,64,64,21,128,128,128,21,11.87,9.57,2.30,0,9,36,0,29,999,0,0,21308,10392,27239,0,41,21,0
14566254850200,970,2048,8192,16384,7072,512,4096,8192,990,4096,8192,16384,796,4096,16384,16384,191,8192,8192,8192,8,512,4096,8192,231,512,4096,8192,784,1024,4096,8192,133,2048,4096,4096,10,128,65536,262144,10299,524288,524288,524288,41,262144,262144,262144,41,262144,262144,262144,41,256,256,512,41,64,128,1024,41,128,512,4096,1346,64,512,4096,1616,128,512,4096,63648,64,512,4096,7164,64,256,512,983,128,512,4096,1503,256,1024,4096,969,128,1024,4096,951,64,256,4096,11187,64,256,4096,990,64,256,512,174,64,256,512,81,128,512,4096,72,128,256,512,90,0,0,0,0,0,0,0,0,0,0,0,0,64,128,128,20,128,128,128,20,10.59,8.81,1.79,0,8,38,0,25,987,30,84,20676,10220,26676,0,41,20,0
14567274067900,970,2048,8192,16384,7001,512,4096,8192,965,4096,8192,16384,776,4096,16384,16384,209,8192,8192,8192,6,512,4096,8192,178,512,4096,8192,766,1024,4096,8192,131,2048,4096,4096,8,64,65536,262144,10110,524288,524288,524288,40,131072,262144,262144,40,262144,524288,524288,40,256,512,512,40,64,2048,16384,40,64,512,4096,1112,128,512,4096,1112,128,512,4096,63009,64,512,4096,6984,64,256,512,945,128,512,4096,1629,256,1024,2048,1038,64,1024,2048,1011,64,256,4096,11637,64,256,2048,1152,64,256,4096,162,128,256,512,99,64,256,512,54,128,256,512,72,0,0,0,0,0,0,0,0,0,0,0,0,64,128,128,20,64,128,128,20,11.75,9.45,2.30,0,6,29,0,27,985,0,13,20715,10015,27043,0,40,20,0
14568294991900,970,2048,8192,16384,6725,512,4096,8192,961,4096,8192,16384,770,4096,16384,16384,204,8192,8192,8192,9,512,4096,8192,189,512,4096,8192,775,2048,8192,8192,120,2048,2048,2048,3,256,65536,131072,9822,524288,524288,524288,41,262144,262144,262144,41,262144,524288,524288,41,128,512,512,41,64,128,8192,41,128,512,4096,1260,128,512,4096,1260,128,512,4096,60525,64,512,4096,6930,64,256,512,925,128,512,1024,1449,256,1024,4096,924,64,1024,4096,870,64,256,4096,11376,128,256,4096,1107,64,512,512,240,64,256,512,36,256,256,512,81,64,512,512,27,0,0,0,0,0,0,0,0,0,0,0,0,64,64,128,21,128,128,128,21,11.86,10.07,1.79,0,9,30,0,25,974,0,0,20449,9754,25818,0,41,21,0
14569315034800,1000,2048,8192,16384,7234,512,4096,8192,990,4096,8192,16384,822,4096,16384,16384,208,8192,8192,8192,20,512,4096,8192,211,512,4096,8192,813,2048,8192,8192,148,2048,2048,2048,8,128,65536,131072,10543,524288,524288,524288,41,262144,262144,262144,41,262144,524288,524288,41,512,1024,1024,41,64,128,128,41,64,512,4096,1515,128,512,4096,1245,128,512,4096,65106,64,512,1024,7398,64,256,512,1196,128,512,1024,1521,256,1024,4096,912,256,1024,1024,1020,64,256,4096,11682,64,256,4096,1161,64,256,4096,117,64,512,4096,225,128,512,512,180,128,256,512,72,8192,16384,16384,30,1024,1024,4096,30,64,64,128,60,64,128,128,20,128,65536,65536,20,11.49,9.19,2.30,30,20,24,0,26,1030,0,3,20541,10502,27751,0,41,20,0
14570335984100,1000,2048,8192,16384,6885,512,4096,8192,990,4096,8192,16384,771,4096,16384,16384,209,8192,16384,16384,14,512,4096,8192,213,512,4096,8192,781,2048,8192,8192,135,4096,8192,8192,7,512,65536,131072,10068,524288,524288,524288,41,131072,262144,262144,41,262144,524288,524288,41,256,512,512,41,64,128,128,41,128,512,4096,1197,128,512,4096,1197,128,512,4096,61965,128,512,2048,6939,64,256,512,963,128,512,4096,1467,256,1024,2048,927,128,1024,1024,918,64,256,4096,11520,128,256,512,1017,64,256,512,210,64,256,512,72,128,512,4096,126,128,512,4096,63,0,0,0,0,0,0,0,0,0,0,0,0,64,128,128,21,128,128,128,21,11.23,9.57,1.66,0,14,22,0,24,980,0,0,20768,9973,26777,0,41,21,0
14571355467900,1000,2048,8192,16384,7124,512,4096,8192,996,4096,16384,16384,825,4096,16384,16384,201,8192,8192,8192,7,512,4096,8192,209,512,4096,8192,821,1024,8192,8192,126,2048,8192,8192,16,512,65536,131072,10406,524288,524288,524288,41,262144,262144,262144,41,262144,262144,524288,41,128,256,512,41,64,128,128,41,128,512,512,1240,128,512,4096,1240,128,512,4096,64116,128,512,4096,7425,64,256,512,1076,128,512,1024,1503,256,1024,4096,921,128,1024,4096,840,64,256,4096,11142,128,256,4096,1080,64,256,4096,213,64,256,256,63,128,256,512,63,128,512,4096,144,0,0,0,0,0,0,0,0,0,0,0,0,64,128,128,20,128,128,128,20,11.49,8.42,3.06,0,7,13,0,27,1026,0,0,21123,10280,26968,0,41,20,0
14572374880800,1000,2048,8192,16384,7067,512,4096,8192,992,4096,8192,16384,787,4096,16384,16384,211,8192,16384,16384,9,512,4096,8192,203,512,4096,8192,791,1024,4096,8192,134,2048,4096,4096,10,256,65536,131072,10285,524288,524288,524288,40,262144,262144,262144,40,262144,524288,524288,40,256,512,512,40,64,128,2048,40,128,512,4096,1247,128,512,1024,1247,128,512,4096,63603,128,512,4096,7083,64,256,512,1090,128,512,1024,1674,256,2048,4096,909,128,1024,4096,918,64,512,4096,11304,64,512,4096,981,128,512,4096,153,64,256,256,90,128,1024,1024,81,64,512,1024,90,0,0,0,0,0,0,0,0,0,0,0,0,64,128,128,20,128,128,128,20,9.58,9.07,0.51,0,9,12,0,22,998,0,0,21266,10187,26769,0,40,20,0
14573395966500,1000,2048,8192,16384,7077,512,4096,8192,989,4096,8192,16384,808,4096,16384,16384,200,8192,8192,8192,10,512,4096,8192,203,512,4096,8192,788,1024,4096,8192,147,2048,4096,4096,7,512,65536,262144,10314,524288,524288,524288,41,131072,262144,262144,41,262144,262144,524288,41,256,512,512,41,128,8192,8192,41,64,512,4096,1220,128,512,4096,1220,128,512,4096,63693,64,512,4096,7272,64,256,512,1155,128,512,1024,1458,256,1024,4096,873,128,1024,1024,972,64,256,4096,11772,64,256,4096,1125,64,256,512,165,64,256,512,126,128,256,4096,90,128,512,4096,63,0,0,0,0,0,0,0,0,0,0,0,0,64,128,128,21,128,128,128,21,10.58,9.05,1.53,0,10,5,0,19,1008,0,0,20711,10225,26574,0,41,21,0
14574415071600,1000,2048,8192,16384,7101,512,4096,8192,987,4096,8192,16384,790,8192,16384,16384,194,8192,8192,8192,10,512,4096,8192,177,512,4096,8192,774,2048,8192,8192,135,2048,4096,4096,11,128,65536,131072,10258,524288,524288,524288,41,131072,262144,262144,41,262144,524288,524288,41,128,512,512,41,64,128,128,41,128,512,4096,1197,128,512,4096,1197,128,512,4096,63909,64,512,2048,7110,64,256,512,1140,128,512,1024,1476,256,2048,4096,888,128,1024,1024,879,64,512,4096,11520,128,256,2048,1089,128,256,512,153,64,256,512,72,256,512,512,90,128,512,1024,99,0,0,0,0,0,0,0,0,0,0,0,0,64,128,128,20,128,128,128,20,11.24,8.69,2.56,0,10,2,0,32,984,0,0,20837,10166,26718,0,41,20,0
14575437212800,1000,2048,8192,16384,7141,512,4096,8192,1003,4096,8192,16384,809,4096,16384,16384,194,8192,8192,8192,9,512,4096,4096,232,512,4096,8192,817,2048,4096,8192,132,2048,8192,8192,12,64,65536,262144,10426,524288,524288,1048576,41,131072,262144,262144,41,262144,524288,524288,41,256,512,512,41,64,128,128,41,64,512,4096,1196,64,512,4096,1196,128,512,4096,64269,64,512,4096,7281,64,256,512,1018,128,512,4096,1458,256,1024,4096,972,128,1024,1024,963,64,256,4096,11259,64,512,4096,1062,64,256,512,162,64,256,4096,63,64,256,512,81,64,256,512,108,0,0,0,0,0,0,0,0,0,0,0,0,64,128,128,21,128,128,128,21,9.56,8.93,0.64,0,9,1,0,23,1003,0,0,21119,10326,26972,0,41,21,0
14576455802700,970,2048,8192,16384,6984,512,4096,8192,977,4096,8192,16384,789,4096,16384,16384,223,8192,8192,8192,10,512,4096,8192,203,512,4096,8192,810,2048,4096,4096,138,2048,4096,4096,8,64,65536,131072,10207,524288,524288,524288,41,131072,262144,262144,41,262144,262144,524288,41,256,512,512,41,64,128,128,41,64,512,4096,1259,64,512,4096,1529,128,512,4096,62856,64,512,1024,7101,64,256,512,1087,64,512,1024,1593,128,1024,4096,974,128,1024,2048,1073,64,256,4096,11187,64,512,4096,963,64,256,512,138,64,256,512,99,128,512,512,90,128,512,512,72,0,0,0,0,0,0,0,0,0,0,0,0,64,128,128,20,128,128,128,20,11.63,9.45,2.17,0,10,0,0,21,1012,30,0,20550,10126,26899,0,41,20,0
14577476812200,970,2048,8192,16384,6822,512,4096,8192,955,4096,8192,16384,768,4096,16384,16384,176,8192,8192,8192,6,512,4096,8192,203,512,4096,8192,787,1024,8192,8192,110,4096,16384,16384,13,256,65536,131072,9922,524288,524288,524288,40,131072,262144,262144,40,262144,262144,262144,40,256,512,512,40,128,32768,32768,40,128,512,4096,1183,128,512,4096,1183,128,512,4096,61398,64,512,1024,6912,64,256,512,962,128,512,512,1386,256,1024,4096,903,128,1024,4096,903,64,256,4096,9810,64,256,512,936,64,256,512,171,64,256,512,99,128,256,512,54,128,512,4096,117,0,0,0,0,0,0,0,0,0,0,0,0,64,128,128,20,128,128,128,20,9.82,8.93,0.89,0,6,0,0,29,944,0,0,20573,9837,25950,0,40,20,0
14578495342200,981,2048,8192,16384,6997,512,4096,8192,963,4096,8192,16384,776,4096,16384,16384,205,8192,8192,8192,19,512,4096,8192,199,512,4096,8192,765,2048,4096,8192,144,2048,2048,2048,11,512,65536,131072,10175,524288,524288,524288,41,131072,262144,262144,41,262144,262144,262144,41,256,512,1024,41,64,128,128,41,64,512,4096,1308,64,512,4096,1209,128,512,4096,62973,64,512,4096,6984,64,256,512,1094,128,512,1024,1611,256,1024,4096,980,128,1024,4096,971,64,256,4096,10539,64,256,512,918,64,256,512,219,64,256,512,144,128,512,512,171,128,512,512,99,8192,16384,16384,22,1024,1024,1024,18,64,64,128,40,64,128,128,21,128,256,8192,21,11.38,9.59,1.79,18,19,0,0,28,981,0,12,20727,10100,26614,0,41,21,0
14579518846500,1000,2048,8192,16384,7182,512,4096,8192,990,4096,8192,16384,808,8192,16384,16384,194,8192,8192,8192,8,512,4096,8192,199,512,4096,8192,800,1024,8192,8192,138,4096,8192,8192,8,128,65536,131072,10405,524288,524288,524288,41,131072,262144,262144,41,262144,524288,524288,41,256,256,512,41,64,128,1024,41,64,512,4096,1392,64,512,4096,1221,128,512,4096,64638,64,512,4096,7272,64,256,512,976,128,512,2048,1503,256,1024,2048,935,128,1024,2048,935,64,256,4096,10359,64,256,4096,981,64,256,4096,171,64,256,256,81,128,256,512,72,128,512,4096,72,8192,16384,16384,8,512,1024,1024,12,64,1024,1024,20,64,128,128,20,128,65536,65536,20,12.73,10.18,2.55,12,8,0,0,21,1002,0,0,20962,10321,26992,0,41,20,0
14580537987100,1000,2048,8192,16384,6987,512,4096,8192,992,4096,16384,16384,789,4096,16384,32768,211,8192,8192,8192,11,512,4096,8192,194,512,4096,8192,795,2048,8192,8192,131,2048,4096,4096,9,256,65536,131072,10199,524288,524288,524288,41,262144,262144,262144,41,262144,262144,524288,41,256,256,256,41,64,128,8192,41,64,512,4096,1196,64,512,4096,1196,128,512,4096,62883,128,512,4096,7101,64,256,512,1041,64,512,1024,1728,256,1024,4096,830,128,1024,1024,803,64,256,4096,11394,64,256,512,963,64,256,512,189,64,256,256,63,128,512,4096,99,128,256,512,81,0,0,0,0,0,0,0,0,0,0,0,0,64,128,128,21,128,128,128,21,11.50,9.20,2.30,0,11,0,0,22,1000,0,0,21077,10094,26901,0,41,21,0
14581556859200,1000,2048,8192,16384,7064,512,4096,8192,992,4096,16384,16384,809,4096,16384,32768,191,8192,8192,8192,7,512,4096,8192,215,512,4096,8192,807,2048,8192,8192,137,2048,4096,4096,9,128,65536,131072,10309,524288,524288,524288,41,131072,262144,262144,41,262144,524288,524288,41,256,512,512,41,64,128,4096,41,64,512,4096,1017,128,512,4096,1017,128,512,4096,63576,128,512,4096,7281,64,256,512,902,128,512,1024,1575,256,1024,4096,891,128,1024,1024,936,64,256,4096,10917,64,256,2048,1098,64,256,512,159,128,512,512,72,128,512,2048,63,128,256,512,81,0,0,0,0,0,0,0,0,0,0,0,0,64,128,128,20,128,128,128,20,10.73,9.20,1.53,0,7,0,0,18,1000,0,0,20537,10225,26483,0,41,20,0
14582578035200,1000,2048,8192,16384,7217,512,4096,8192,994,4096,8192,16384,783,4096,16384,16384,195,8192,8192,8192,8,512,8192,8192,215,512,4096,8192,829,2048,4096,8192,135,2048,2048,2048,6,512,65536,262144,10451,524288,524288,524288,40,262144,262144,262144,40,262144,524288,524288,40,256,512,1024,40,64,16384,32768,40,128,512,4096,1236,128,512,4096,1236,128,512,4096,64953,128,512,2048,7047,64,256,512,1012,128,512,1024,1512,256,1024,2048,1023,128,1024,4096,987,64,256,4096,10908,128,256,4096,1098,64,512,512,120,128,256,1024,81,128,512,1024,72,128,256,512,54,0,0,0,0,0,0,0,0,0,0,0,0,64,128,128,20,128,256,256,20,10.97,9.31,1.66,0,8,0,0,25,978,0,0,21251,10356,26803,0,40,20,0
14583597121200,1000,2048,8192,16384,7026,512,4096,8192,991,4096,8192,16384,816,4096,16384,16384,209,8192,8192,8192,10,512,4096,8192,186,512,4096,8192,781,2048,8192,8192,139,2048,4096,4096,3,64,65536,131072,10243,524288,524288,524288,41,262144,262144,262144,41,262144,524288,524288,41,256,256,512,41,64,128,128,41,128,512,4096,1203,128,512,4096,1203,128,512,4096,63234,128,256,2048,7344,64,256,512,1058,128,256,512,1629,256,2048,4096,902,128,1024,1024,929,64,256,4096,10737,64,256,4096,1134,64,256,4096,183,64,256,512,108,128,256,512,90,128,256,256,27,0,0,0,0,0,0,0,0,0,0,0,0,64,128,128,21,128,128,128,21,9.71,9.07,0.64,0,10,0,0,23,1025,0,0,20713,10123,26736,0,41,21,0
14584618424900,1000,2048,8192,16384,7230,512,4096,8192,1037,4096,8192,16384,825,4096,16384,16384,222,8192,16384,16384,11,512,4096,8192,204,512,4096,8192,814,2048,4096,8192,139,2048,2048,2048,10,1024,65536,131072,10570,524288,524288,524288,41,262144,262144,262144,41,262144,262144,524288,41,256,512,512,41,64,16384,32768,41,128,512,4096,1421,128,512,4096,1421,128,512,4096,65070,64,256,2048,7425,64,256,512,1116,128,512,4096,1638,256,1024,2048,849,128,1024,2048,858,64,256,4096,11025,64,256,2048,972,64,256,4096,159,128,256,512,90,128,512,4096,99,128,256,512,90,0,0,0,0,0,0,0,0,0,0,0,0,128,128,128,20,128,256,256,20,11.22,9.18,2.04,0,11,0,0,33,1047,0,1,20642,10457,26413,0,41,20,0
14585638102200,1000,2048,8192,16384,7086,512,4096,8192,998,4096,8192,16384,806,4096,16384,16384,204,8192,8192,8192,10,512,4096,8192,205,512,4096,8192,773,1024,8192,8192,135,2048,2048,2048,5,256,65536,131072,10288,524288,524288,524288,41,262144,262144,262144,41,262144,262144,524288,41,256,512,512,41,64,128,256,41,64,512,4096,1406,128,512,4096,1406,64,512,4096,63774,64,512,1024,7254,64,256,512,1117,128,512,2048,1467,256,1024,2048,821,128,1024,4096,839,64,256,4096,10728,64,256,2048,1098,128,256,512,171,64,512,4096,81,128,256,512,90,64,256,512,45,0,0,0,0,0,0,0,0,0,0,0,0,64,128,128,21,128,128,128,21,11.37,9.45,1.92,0,10,0,0,24,1009,0,0,21029,10183,26998,0,41,21,0
14586660392500,970,2048,8192,16384,6955,512,4096,4096,993,4096,8192,16384,764,4096,16384,16384,191,8192,8192,8192,11,512,4096,4096,210,512,4096,8192,764,1024,4096,8192,132,2048,4096,4096,6,64,65536,131072,10099,524288,524288,524288,41,131072,262144,262144,41,262144,262144,524288,41,256,512,512,41,64,8192,32768,41,64,512,2048,1041,64,512,1024,1311,64,512,4096,62595,64,512,4096,6876,64,256,512,1151,128,512,4096,1404,256,1024,4096,1029,128,1024,2048,930,64,256,4096,11106,64,256,4096,999,64,256,512,147,64,256,512,90,128,512,4096,99,128,256,512,54,0,0,0,0,0,0,0,0,0,0,0,0,64,128,128,20,128,128,128,20,12.10,10.44,1.66,0,11,0,0,37,955,30,0,20508,10054,26903,0,41,20,0
14587677896600,970,2048,8192,16384,7129,512,4096,8192,974,4096,8192,16384,788,8192,16384,16384,217,8192,8192,8192,9,512,4096,8192,206,512,4096,8192,835,2048,8192,8192,125,4096,8192,8192,6,1024,65536,262144,10358,524288,1048576,1048576,40,262144,262144,262144,40,262144,524288,524288,40,256,512,512,40,64,8192,32768,40,64,512,4096,1232,64,512,4096,1232,128,512,4096,64161,64,512,4096,7092,64,256,512,1032,128,512,4096,1449,256,1024,4096,815,128,1024,2048,797,64,512,4096,10647,64,512,1024,1062,64,512,512,234,64,256,512,72,64,512,512,81,128,1024,4096,54,0,0,0,0,0,0,0,0,0,0,0,0,64,128,128,20,128,128,128,20,11.78,9.60,2.18,0,9,0,0,32,1005,0,0,20635,10258,26407,0,40,20,0
14588699971100,1000,2048,8192,16384,6832,512,4096,8192,963,4096,8192,16384,769,4096,16384,16384,203,8192,16384,16384,10,512,4096,8192,191,512,4096,8192,782,1024,4096,8192,153,2048,2048,2048,3,256,65536,131072,9990,524288,524288,524288,41,131072,262144,262144,41,262144,524288,524288,41,256,512,512,41,64,128,2048,41,64,512,4096,1355,64,512,1024,1085,128,512,4096,61488,64,256,2048,6921,64,256,512,1040,128,512,4096,1413,256,1024,2048,972,128,1024,1024,1026,64,256,4096,11448,64,256,4096,1044,64,512,2048,174,128,256,512,99,128,512,4096,90,128,512,512,27,8192,16384,16384,30,1024,2048,2048,30,64,64,64,60,64,128,128,21,128,65536,65536,21,10.83,9.81,1.02,30,10,0,0,19,972,0,0,20639,9979,26850,0,41,21,0
14589719748300,1000,2048,8192,16384,7305,512,4096,8192,997,4096,8192,16384,811,4096,16384,16384,197,8192,8192,8192,8,512,4096,8192,200,512,4096,8192,807,1024,4096,8192,122,2048,4096,4096,7,256,65536,262144,10535,524288,524288,524288,41,131072,262144,262144,41,262144,262144,524288,41,128,256,256,41,64,128,128,41,128,512,512,1245,128,512,4096,1245,128,512,4096,65745,64,512,4096,7299,64,256,512,1007,64,512,1024,1476,256,1024,4096,969,64,1024,1024,906,64,256,4096,11412,64,256,1024,1134,64,256,4096,186,128,512,4096,63,128,256,512,72,128,512,4096,63,0,0,0,0,0,0,0,0,0,0,0,0,64,128,128,20,128,128,128,20,10.59,9.57,1.02,0,8,0,0,19,1008,0,0,21174,10457,26911,0,41,20,0
14590740160500,1000,2048,8192,16384,7106,512,4096,8192,992,4096,8192,16384,804,4096,16384,16384,200,8192,8192,8192,8,512,4096,8192,218,512,4096,8192,794,1024,8192,8192,142,2048,4096,4096,7,512,65536,262144,10346,524288,524288,524288,41,262144,262144,262144,41,262144,524288,524288,41,256,512,512,41,64,128,128,41,128,512,4096,1305,128,512,4096,1305,128,512,4096,63954,64,512,4096,7236,64,256,512,1128,128,512,1024,1404,256,1024,2048,813,128,1024,1024,858,64,256,4096,11421,64,512,512,927,128,512,1024,165,64,256,256,81,128,512,4096,72,128,512,512,63,0,0,0,0,0,0,0,0,0,0,0,0,64,128,128,21,128,128,256,21,11.36,9.19,2.17,0,8,0,0,32,1004,0,0,20719,10249,26839,0,41,21,0
14591759544200,1000,2048,8192,16384,7121,512,4096,8192,992,4096,8192,16384,812,4096,16384,32768,208,8192,8192,8192,11,512,4096,8192,191,512,4096,8192,809,2048,4096,8192,135,4096,4096,4096,9,1024,65536,131072,10370,524288,524288,524288,41,262144,262144,262144,41,262144,524288,524288,41,256,512,512,41,64,128,4096,41,128,512,4096,1370,128,512,2048,1370,128,512,4096,64089,64,512,4096,7308,64,256,512,1074,128,512,1024,1503,256,1024,4096,866,128,1024,4096,911,64,256,4096,11187,64,256,4096,1098,64,256,4096,99,64,512,512,108,128,1024,1024,99,128,512,1024,81,0,0,0,0,0,0,0,0,0,0,0,0,64,128,128,20,128,128,128,20,9.33,8.30,1.02,0,11,0,0,23,1020,0,1,21189,10281,26612,0,41,20,0
14592780859600,1000,2048,8192,16384,7146,512,4096,8192,997,4096,8192,16384,784,4096,16384,16384,214,8192,8192,8192,11,512,4096,8192,189,512,4096,8192,804,2048,8192,8192,142,2048,4096,4096,5,512,65536,131072,10372,524288,524288,524288,41,131072,262144,262144,41,262144,262144,524288,41,256,512,512,41,128,16384,32768,41,128,512,4096,1184,128,512,4096,1184,128,512,4096,64314,128,512,2048,7056,64,256,512,989,128,512,4096,1503,256,1024,4096,952,128,1024,1024,1006,64,256,2048,10665,64,256,4096,963,64,256,512,147,128,256,512,126,128,512,512,99,64,512,512,45,0,0,0,0,0,0,0,0,0,0,0,0,64,64,128,21,64,128,128,21,10.84,9.31,1.53,0,11,0,0,15,998,0,0,20521,10282,26488,0,41,21,0
14593801001500,1000,2048,8192,16384,7097,512,4096,8192,992,4096,8192,16384,793,4096,16384,16384,168,8192,8192,8192,7,512,4096,8192,226,512,4096,8192,788,1024,4096,8192,141,4096,4096,4096,6,64,65536,131072,10297,524288,524288,524288,40,131072,262144,262144,40,262144,524288,524288,40,256,512,512,40,128,16384,32768,40,128,512,2048,1179,128,512,1024,1179,128,512,4096,63873,64,512,4096,7137,64,256,512,761,128,512,2048,1476,256,1024,4096,909,128,1024,1024,792,64,256,4096,10593,64,256,4096,882,128,256,512,147,64,256,256,18,64,512,4096,63,128,512,512,54,0,0,0,0,0,0,0,0,0,0,0,0,64,128,128,20,128,256,256,20,10.47,9.19,1.28,0,7,0,0,18,961,0,0,20824,10209,26338,0,40,20,0
14594820987400,1000,2048,8192,16384,7166,512,4096,8192,1076,4096,8192,16384,818,8192,16384,32768,200,8192,8192,8192,11,512,8192,8192,201,512,4096,8192,809,2048,4096,8192,143,2048,4096,4096,8,512,65536,131072,10512,524288,524288,524288,41,131072,262144,262144,41,262144,524288,524288,41,256,512,512,41,64,128,32768,41,128,512,4096,1212,128,512,4096,1212,128,512,4096,64494,64,512,4096,7362,64,256,512,1119,128,512,4096,1494,256,1024,4096,984,128,1024,1024,993,64,256,4096,11745,64,256,1024,1098,64,256,512,117,128,512,512,126,128,512,4096,99,128,512,512,72,0,0,0,0,0,0,0,0,0,0,0,0,64,128,128,20,128,128,128,20,10.59,9.57,1.02,0,11,0,0,15,1018,0,0,21766,10424,26994,0,41,20,0
14595840971300,1000,2048,8192,16384,7044,512,4096,8192,998,4096,8192,16384,799,4096,16384,16384,226,8192,16384,16384,15,512,4096,4096,209,512,4096,8192,822,1024,8192,8192,110,4096,8192,8192,3,512,65536,131072,10318,524288,524288,524288,41,131072,262144,262144,41,262144,524288,524288,41,256,512,512,41,64,128,2048,41,64,512,4096,1203,128,512,4096,1203,128,512,4096,63396,128,512,4096,7191,64,256,512,1223,128,512,1024,1800,256,1024,4096,861,128,1024,2048,978,64,256,4096,10368,128,256,4096,999,64,256,512,183,64,512,512,135,64,512,4096,135,128,2048,4096,27,0,0,0,0,0,0,0,0,0,0,0,0,64,128,128,21,128,128,128,21,9.96,8.56,1.41,0,15,0,0,17,1025,0,0,21098,10225,26799,0,41,21,0
14596860703500,970,2048,8192,16384,6620,512,4096,8192,886,4096,8192,16384,751,4096,16384,16384,161,8192,8192,8192,9,512,4096,4096,186,512,4096,8192,718,1024,4096,8192,132,2048,4096,4096,5,256,65536,131072,9528,524288,524288,524288,41,131072,262144,262144,41,262144,262144,524288,41,256,512,512,41,64,128,1024,41,64,512,4096,1336,64,512,1024,1606,128,512,4096,59580,64,512,1024,6759,64,256,512,849,128,512,2048,1251,256,1024,4096,879,128,1024,1024,861,64,256,2048,10431,64,512,512,774,64,256,1024,165,128,256,512,72,128,512,512,81,128,512,512,45,0,0,0,0,0,0,0,0,0,0,0,0,64,128,128,20,64,128,128,20,10.08,9.06,1.02,0,9,0,0,14,912,30,0,17487,9400,23732,0,41,20,0
14597880819900,970,2048,8192,16384,7144,512,1024,8192,1024,4096,8192,16384,788,4096,8192,16384,209,8192,8192,8192,6,512,4096,4096,199,512,4096,8192,813,1024,4096,8192,131,2048,4096,4096,7,1024,65536,131072,10402,524288,524288,524288,41,131072,262144,524288,41,262144,262144,524288,41,256,256,512,41,128,2048,16384,41,64,512,512,1407,64,512,1024,1407,128,512,1024,64296,64,512,512,7092,64,256,512,1018,128,512,512,1710,256,1024,2048,924,128,1024,1024,879,64,256,1024,10161,64,256,2048,1080,64,256,4096,144,64,256,256,45,256,256,512,54,128,512,512,63,0,0,0,0,0,0,0,0,0,0,0,0,64,128,128,21,128,128,256,21,11.23,9.57,1.66,0,6,0,0,18,997,0,0,14998,9967,21301,0,41,21,0
14598901099700,992,2048,8192,16384,7015,512,4096,8192,994,4096,8192,16384,788,4096,16384,32768,207,8192,8192,8192,8,512,4096,8192,212,512,4096,4096,800,1024,4096,4096,140,2048,2048,2048,5,1024,65536,131072,10261,524288,524288,524288,40,131072,262144,262144,40,262144,262144,262144,40,256,512,512,40,64,128,128,40,64,512,1024,1559,64,512,1024,1361,128,512,1024,63135,64,256,512,7092,64,256,512,996,64,512,512,1584,256,1024,2048,840,128,1024,1024,831,64,512,1024,10548,64,512,512,954,64,256,256,170,128,256,4096,90,64,256,512,72,128,256,512,45,16384,16384,16384,22,1024,4096,4096,22,64,1024,131072,44,64,128,128,20,128,65536,65536,20,11.61,9.32,2.30,22,8,3,0,27,995,0,0,13793,9421,19993,0,40,20,0
14599922167100,1000,2048,8192,16384,7060,512,4096,8192,991,4096,8192,16384,816,4096,8192,16384,206,8192,8192,8192,11,512,4096,4096,203,512,4096,8192,804,1024,2048,4096,154,2048,4096,4096,11,512,65536,131072,10328,524288,524288,524288,41,131072,262144,262144,41,262144,262144,524288,41,256,512,512,41,64,128,256,41,64,512,512,1447,64,512,1024,1375,128,512,4096,63540,64,512,1024,7344,64,256,512,975,64,512,512,1548,256,1024,4096,909,128,1024,1024,837,64,256,4096,10881,64,256,512,927,64,256,512,192,64,256,512,72,128,512,4096,99,128,256,512,99,8192,2097152,2097152,8,1024,1024,1024,8,64,64,64,16,64,128,128,20,128,32768,32768,20,10.97,8.93,2.04,8,11,1,0,22,1022,0,0,16604,9908,23044,0,41,20,0
14600942884200,1000,2048,8192,16384,7356,512,4096,8192,1011,4096,8192,16384,823,4096,16384,16384,202,8192,8192,8192,8,512,4096,8192,205,512,4096,8192,809,1024,8192,8192,120,2048,8192,8192,8,64,65536,131072,10597,524288,524288,524288,41,131072,262144,262144,41,262144,262144,524288,41,128,256,256,41,128,128,16384,41,64,512,4096,1215,128,512,1024,1215,128,512,4096,66204,64,512,2048,7407,64,256,512,1088,128,512,4096,1485,256,1024,4096,941,128,1024,1024,1004,64,256,4096,11331,64,256,1024,1026,64,256,512,177,64,256,512,72,128,512,4096,72,128,512,4096,72,0,0,0,0,0,0,0,0,0,0,0,0,64,128,128,21,128,128,128,21,12.89,9.57,3.32,0,8,1,0,17,1025,0,4,21279,10500,27037,0,41,21,0
14601962650900,1000,2048,8192,16384,6981,512,4096,8192,988,4096,16384,16384,774,4096,16384,16384,221,8192,8192,8192,16,512,4096,8192,199,512,4096,8192,799,1024,4096,8192,146,2048,4096,4096,5,512,65536,131072,10217,524288,524288,524288,41,131072,262144,262144,41,262144,524288,524288,41,256,256,512,41,64,128,128,41,64,512,4096,1254,128,512,1024,1254,128,512,4096,62829,128,512,4096,6966,64,256,512,1260,128,512,1024,1557,256,1024,4096,969,128,1024,2048,969,64,256,4096,11196,64,256,1024,936,64,256,1024,144,64,512,4096,153,128,512,1024,144,128,512,512,45,0,0,0,0,0,0,0,0,0,0,0,0,64,128,128,20,128,128,128,20,12.51,10.08,2.42,0,16,7,0,31,995,0,0,20835,10131,27004,0,41,20,0
14602981953700,1000,2048,8192,16384,7013,512,4096,8192,993,4096,16384,16384,786,4096,16384,16384,204,8192,8192,8192,13,512,4096,8192,195,512,4096,8192,792,2048,8192,8192,127,2048,8192,8192,15,1024,65536,262144,10220,524288,524288,524288,41,262144,262144,262144,41,262144,524288,524288,41,256,512,512,41,64,128,128,41,128,512,2048,1214,128,512,4096,1214,128,512,4096,63117,128,512,4096,7074,64,256,512,978,128,512,4096,1629,256,1024,4096,978,128,1024,2048,969,64,512,4096,10737,64,256,1024,909,64,512,512,186,64,256,512,108,128,512,512,117,128,512,4096,135,0,0,0,0,0,0,0,0,0,0,0,0,64,128,128,21,128,128,128,21,10.60,8.43,2.17,0,13,13,0,29,990,0,0,20957,10094,26780,0,41,21,0
14604003789700,1000,2048,8192,16384,7159,512,4096,8192,989,4096,8192,16384,789,4096,16384,16384,201,8192,8192,8192,6,512,8192,8192,220,512,4096,8192,798,2048,8192,8192,142,2048,4096,4096,7,128,65536,131072,10383,524288,524288,524288,40,262144,262144,262144,40,262144,262144,524288,40,128,256,512,40,64,128,128,41,128,512,4096,1218,128,512,4096,1218,128,512,4096,64431,128,512,4096,7101,64,256,512,1030,128,512,1024,1440,256,1024,2048,834,128,1024,2048,888,64,256,2048,10071,64,512,2048,945,64,256,256,126,64,256,512,81,128,512,512,54,128,256,512,63,0,0,0,0,0,0,0,0,0,0,0,0,64,128,128,20,128,128,128,20,12.75,10.07,2.68,0,6,14,0,21,990,0,0,20773,10303,26582,0,40,20,0
14605023446300,1000,2048,8192,16384,7186,512,4096,8192,997,4096,8192,16384,798,4096,16384,32768,192,8192,16384,16384,12,512,4096,8192,204,512,4096,8192,794,2048,8192,8192,128,2048,4096,4096,13,128,65536,131072,10404,524288,524288,1048576,41,262144,262144,524288,41,262144,524288,524288,41,256,512,512,41,64,128,128,40,128,512,4096,1162,128,512,1024,1162,128,512,4096,64674,64,512,2048,7182,64,256,512,1007,128,512,4096,1422,256,2048,4096,939,128,1024,2048,867,64,256,2048,11043,64,256,2048,819,128,256,512,90,64,512,1024,81,128,512,4096,108,128,512,512,117,0,0,0,0,0,0,0,0,0,0,0,0,64,64,64,20,128,128,128,20,11.87,9.95,1.91,0,12,24,0,38,990,0,0,21529,10301,27286,0,41,20,0
14606043283100,1000,2048,8192,16384,6991,512,4096,8192,993,4096,8192,16384,816,4096,16384,16384,216,8192,8192,8192,6,512,4096,8192,190,512,4096,8192,807,2048,8192,8192,118,4096,4096,4096,6,64,65536,262144,10212,524288,524288,524288,41,131072,262144,262144,41,262144,524288,524288,41,128,256,256,41,64,1024,32768,41,64,512,4096,1079,128,512,1024,1079,128,512,4096,62919,64,512,4096,7344,64,256,512,1020,128,512,2048,1746,256,1024,2048,957,128,1024,1024,885,64,256,4096,11007,64,256,512,1107,64,512,1024,108,64,256,256,54,256,512,1024,54,128,512,1024,54,0,0,0,0,0,0,0,0,0,0,0,0,64,64,128,21,128,128,128,21,11.36,9.57,1.79,0,6,34,0,28,1032,0,0,20614,10145,26778,0,41,21,0
14607063754000,970,2048,8192,16384,6969,512,4096,8192,983,4096,8192,16384,771,4096,16384,16384,202,8192,8192,8192,10,512,4096,8192,195,512,4096,8192,766,1024,4096,8192,142,2048,4096,4096,7,512,65536,131072,10130,524288,524288,524288,41,262144,262144,262144,41,262144,524288,524288,41,256,512,512,41,64,2048,16384,41,64,512,2048,1305,64,512,4096,1575,128,512,4096,62721,128,512,4096,6939,64,256,512,1123,128,512,4096,1602,256,1024,2048,924,128,1024,2048,1023,64,256,4096,10719,64,256,2048,999,64,512,512,120,128,512,512,108,256,512,512,90,128,512,512,63,0,0,0,0,0,0,0,0,0,0,0,0,64,128,128,20,128,256,256,20,12.12,9.32,2.81,0,10,29,0,26,973,30,0,20710,10074,26958,0,41,20,0
14608085260800,970,2048,8192,16384,7086,512,4096,8192,1010,4096,8192,16384,812,4096,16384,16384,168,8192,8192,8192,8,512,4096,8192,207,512,4096,8192,799,1024,8192,8192,140,2048,4096,4096,6,1024,65536,131072,10314,524288,524288,524288,41,131072,262144,262144,41,262144,524288,524288,41,256,512,512,41,64,128,8192,41,64,512,4096,1206,128,512,4096,1206,128,512,4096,63774,64,512,1024,7308,64,256,512,897,128,512,4096,1350,256,1024,2048,912,128,1024,2048,912,64,256,4096,10188,64,256,512,918,64,256,512,255,128,256,512,72,64,512,1024,72,256,512,2048,54,0,0,0,0,0,0,0,0,0,0,0,0,64,128,128,21,64,128,128,21,10.71,8.93,1.79,0,8,37,0,28,980,0,0,20612,10226,26507,0,41,21,0
14609102614900,1000,2048,8192,16384,6955,512,4096,8192,984,4096,8192,16384,766,4096,16384,16384,186,8192,16384,16384,13,512,4096,8192,204,512,4096,8192,805,1024,4096,8192,133,2048,2048,2048,5,64,65536,131072,10140,524288,524288,524288,40,131072,262144,262144,40,262144,262144,524288,40,256,512,512,40,64,2048,32768,40,64,512,4096,1316,128,512,2048,1046,128,512,4096,62595,64,512,4096,6894,64,256,512,957,64,512,1024,1476,256,1024,2048,926,128,1024,1024,971,64,256,2048,10467,64,512,4096,900,64,256,1024,255,64,256,512,126,128,512,1024,117,128,256,512,45,8192,32768,2097152,30,1024,1024,2048,30,64,64,128,60,64,128,128,20,128,65536,65536,20,10.88,9.73,1.15,30,13,28,0,15,952,0,11,20592,10109,26854,0,40,20,0
14610124785000,1000,2048,8192,16384,7063,512,4096,8192,1009,4096,8192,16384,786,4096,16384,16384,218,8192,8192,8192,10,512,4096,8192,201,512,4096,8192,786,2048,8192,8192,137,4096,8192,8192,10,256,65536,131072,10308,524288,524288,524288,41,262144,262144,262144,41,262144,524288,524288,41,256,512,512,41,64,16384,32768,41,64,512,4096,1284,64,512,4096,1284,128,512,4096,63567,64,512,4096,7074,64,256,512,1038,128,512,4096,1710,256,1024,2048,945,128,1024,1024,954,64,512,4096,11223,64,256,512,864,64,512,512,138,64,256,512,63,128,512,4096,90,128,512,4096,90,0,0,0,0,0,0,0,0,0,0,0,0,64,128,128,20,128,128,128,20,11.59,10.32,1.27,0,10,33,0,24,1004,0,0,20857,10207,27076,0,41,20,0
14611144311700,1000,2048,8192,16384,7100,512,4096,8192,982,4096,8192,16384,809,4096,16384,16384,220,8192,8192,8192,11,512,8192,8192,192,512,4096,8192,784,2048,4096,8192,134,2048,8192,8192,9,512,65536,131072,10305,524288,524288,524288,41,262144,262144,262144,41,262144,262144,524288,41,128,512,512,41,64,128,16384,41,128,512,4096,1477,128,512,4096,1477,128,512,4096,63900,64,512,4096,7281,64,256,512,1130,128,512,2048,1692,256,1024,4096,960,128,1024,2048,987,64,512,4096,10476,64,256,4096,1062,64,256,512,162,128,256,512,90,128,256,1024,99,128,512,4096,81,0,0,0,0,0,0,0,0,0,0,0,0,64,128,128,21,128,128,128,21,10.47,8.81,1.66,0,11,38,0,18,1029,0,0,20548,10210,26824,0,41,21,0
14612164933600,1000,2048,8192,16384,7086,512,4096,8192,1005,4096,8192,16384,803,4096,16384,16384,164,8192,8192,8192,10,512,4096,8192,218,512,4096,8192,806,2048,4096,8192,130,2048,4096,4096,6,128,65536,262144,10312,524288,524288,524288,41,262144,262144,262144,41,262144,524288,524288,41,256,256,512,41,128,128,4096,41,128,512,4096,1317,128,512,4096,1317,128,512,4096,63774,64,512,4096,7227,64,256,512,909,128,512,1024,1494,256,2048,4096,924,128,1024,2048,870,64,256,4096,10989,64,512,2048,972,64,256,512,135,64,256,512,99,128,512,1024,90,128,512,512,54,0,0,0,0,0,0,0,0,0,0,0,0,64,64,64,20,128,128,128,20,11.87,9.44,2.42,0,10,31,0,16,967,0,0,20969,10233,26553,0,41,20,0
14613185172300,1000,2048,8192,16384,7214,512,4096,8192,998,4096,8192,16384,807,4096,16384,16384,230,8192,8192,8192,12,512,4096,8192,211,512,4096,8192,809,1024,4096,8192,158,4096,4096,4096,12,512,65536,131072,10525,524288,524288,524288,41,131072,262144,262144,41,262144,262144,262144,41,256,256,512,41,64,128,65536,41,64,512,4096,1217,128,512,4096,1217,128,512,4096,64926,64,512,4096,7263,64,256,512,1202,128,512,2048,1656,256,1024,2048,855,128,1024,2048,972,64,256,4096,10395,64,256,512,891,64,256,512,177,64,256,512,144,64,512,512,108,128,512,512,108,0,0,0,0,0,0,0,0,0,0,0,0,64,128,128,21,128,128,128,21,11.36,9.44,1.91,0,12,43,0,24,1037,0,15,20964,10430,26998,0,41,21,0
14614205283900,1000,2048,8192,16384,7187,512,4096,8192,994,4096,8192,16384,792,4096,16384,16384,192,8192,8192,8192,11,512,4096,8192,191,512,4096,8192,798,1024,4096,8192,144,0,0,0,1,512,65536,131072,10392,524288,524288,524288,41,262144,262144,262144,41,262144,524288,524288,41,256,512,512,41,64,128,128,41,64,512,4096,1426,64,512,4096,1426,128,512,4096,64683,64,512,4096,7128,64,256,512,919,128,512,2048,1701,256,1024,4096,890,64,1024,1024,872,64,256,4096,10629,64,512,1024,981,64,256,512,108,64,256,256,72,128,256,512,99,64,256,256,9,0,0,0,0,0,0,0,0,0,0,0,0,64,128,128,20,128,128,128,20,12.00,10.08,1.91,0,11,38,0,13,984,0,0,20983,10321,26820,0,41,20,0
14615225919300,1000,2048,8192,16384,6905,512,4096,8192,990,4096,8192,16384,800,4096,16384,16384,201,8192,8192,8192,8,512,4096,8192,202,512,4096,8192,775,1024,4096,8192,110,2048,2048,2048,8,256,65536,131072,10056,524288,524288,524288,40,131072,262144,262144,40,262144,524288,524288,40,256,512,512,40,64,128,8192,40,128,512,4096,1164,128,512,4096,1164,64,512,4096,62145,64,512,1024,7200,64,256,512,1032,128,512,4096,1440,256,1024,4096,864,128,1024,1024,828,64,256,4096,10962,64,512,4096,918,64,256,512,126,64,256,256,72,128,256,512,72,128,512,512,72,0,0,0,0,0,0,0,0,0,0,0,0,64,128,128,20,128,128,128,20,10.08,8.93,1.15,0,8,22,0,18,1001,0,0,20703,9972,26382,0,40,20,0
14616245646200,1000,2048,8192,16384,7350,512,4096,8192,1014,4096,8192,16384,812,4096,16384,16384,227,8192,8192,8192,11,512,4096,8192,213,512,4096,8192,840,2048,4096,8192,141,2048,2048,2048,8,1024,65536,262144,10685,524288,524288,524288,41,262144,262144,262144,41,262144,262144,524288,41,256,256,256,41,64,128,128,41,128,512,4096,1242,128,512,4096,1242,128,512,4096,66150,64,512,4096,7308,64,256,512,998,64,512,4096,1620,256,1024,2048,945,128,1024,1024,972,64,256,4096,10755,64,256,1024,1116,64,256,4096,138,128,256,512,99,128,512,512,99,64,256,512,72,0,0,0,0,0,0,0,0,0,0,0,0,64,128,128,21,128,128,128,21,10.08,9.06,1.02,0,11,24,0,26,1039,0,0,21541,10590,27329,0,41,21,0
14617265873800,970,2048,8192,16384,6773,512,4096,8192,953,4096,8192,16384,751,4096,16384,16384,189,8192,16384,16384,8,512,4096,4096,204,512,4096,8192,764,2048,8192,8192,115,2048,4096,4096,8,512,65536,131072,9848,524288,524288,524288,41,131072,262144,262144,41,262144,524288,524288,41,256,256,256,41,64,128,8192,41,128,512,4096,1155,64,512,4096,1425,128,512,4096,60957,64,512,4096,6759,64,256,512,1021,128,512,4096,1431,256,1024,4096,971,64,1024,1024,881,64,256,4096,10521,64,256,2048,954,64,256,512,198,128,256,512,63,128,512,4096,72,128,512,512,72,0,0,0,0,0,0,0,0,0,0,0,0,64,128,128,20,128,128,128,20,12.51,10.08,2.42,0,8,5,0,25,940,30,0,20106,9798,25885,0,41,20,0
14618284738800,970,2048,8192,16384,6892,512,4096,8192,982,4096,8192,16384,782,4096,16384,16384,197,8192,16384,16384,10,512,4096,8192,194,512,4096,8192,783,1024,4096,8192,134,2048,2048,2048,8,64,65536,131072,10066,524288,524288,524288,41,131072,262144,262144,41,262144,262144,524288,41,256,512,512,41,64,128,32768,41,64,512,4096,1235,128,512,4096,1235,128,512,4096,62028,64,512,2048,7038,64,256,512,1066,64,512,1024,1431,256,1024,2048,891,256,1024,2048,909,64,256,2048,10521,64,256,4096,981,64,256,4096,216,64,512,4096,99,128,256,4096,90,128,512,1024,72,0,0,0,0,0,0,0,0,0,0,0,0,64,128,128,21,64,128,128,21,11.13,9.34,1.79,0,10,4,0,22,979,0,0,19825,9965,25982,0,41,21,0
14619305960300,1000,2048,8192,16384,6994,512,4096,8192,973,4096,8192,16384,803,4096,16384,16384,195,8192,8192,8192,6,512,4096,8192,197,512,4096,8192,793,1024,4096,8192,136,2048,8192,8192,10,512,65536,131072,10178,524288,524288,524288,41,131072,262144,262144,41,262144,262144,262144,41,128,256,512,41,64,128,128,41,64,512,4096,1497,128,512,4096,1227,128,512,4096,62946,64,512,1024,7227,64,256,512,1028,64,512,1024,1332,256,1024,4096,932,128,1024,2048,851,64,256,4096,10530,64,256,4096,882,64,256,512,150,64,256,512,45,128,256,512,54,128,512,4096,90,8192,2097152,2097152,30,1024,1024,1024,30,64,128,128,60,64,128,128,20,128,65536,65536,20,10.44,8.79,1.66,30,6,2,0,23,998,0,0,20179,10117,26340,0,41,20,0
14620324618500,1000,2048,8192,16384,7013,512,4096,8192,989,4096,8192,16384,782,4096,16384,16384,208,8192,8192,8192,7,512,4096,8192,195,512,4096,8192,775,1024,4096,8192,146,2048,4096,4096,5,512,65536,262144,10191,524288,524288,524288,40,131072,262144,262144,40,262144,524288,524288,40,256,256,512,40,64,128,32768,40,128,512,4096,1137,128,512,512,1137,128,512,4096,63117,64,512,4096,7038,64,256,512,1092,128,512,1024,1512,256,1024,4096,855,128,1024,2048,846,64,256,4096,10341,64,256,512,918,64,256,512,216,64,256,4096,72,64,512,4096,63,64,256,256,45,0,0,0,0,0,0,0,0,0,0,0,0,64,128,128,20,128,128,128,20,10.23,8.95,1.28,0,7,2,0,28,990,0,0,20162,10109,25921,0,40,20,0
14621347648000,1000,2048,8192,16384,7258,512,4096,8192,1016,4096,8192,16384,833,4096,16384,16384,208,8192,16384,16384,11,512,4096,8192,206,512,4096,8192,840,1024,8192,8192,156,2048,4096,4096,9,1024,65536,131072,10621,524288,524288,524288,41,262144,262144,262144,41,262144,262144,524288,41,128,256,512,41,64,256,16384,41,64,512,4096,1413,128,512,1024,1413,128,512,4096,65322,128,512,1024,7497,64,256,512,1010,128,512,2048,1674,256,1024,2048,957,128,1024,1024,930,64,256,4096,11250,64,256,512,999,64,256,256,129,128,256,512,90,128,256,1024,99,128,512,512,81,0,0,0,0,0,0,0,0,0,0,0,0,64,128,128,21,128,128,256,21,10.70,9.17,1.53,0,11,3,0,32,1041,0,0,20437,10478,26231,0,41,21,0
14622367932300,1000,2048,8192,16384,7142,512,4096,8192,995,4096,8192,16384,786,4096,16384,16384,201,8192,8192,8192,8,512,8192,8192,211,512,4096,8192,796,2048,8192,8192,129,4096,4096,4096,10,1024,65536,262144,10359,524288,524288,524288,41,262144,262144,262144,41,262144,262144,524288,41,256,512,512,41,64,128,8192,41,64,512,1024,1251,128,512,4096,1251,128,512,4096,64278,128,512,4096,7074,64,256,512,989,64,512,4096,1539,256,1024,2048,960,128,1024,4096,942,64,256,2048,11214,64,256,512,1089,64,256,4096,165,64,256,512,90,128,512,512,72,128,512,1024,90,0,0,0,0,0,0,0,0,0,0,0,0,64,128,128,20,128,128,128,20,9.69,8.42,1.28,0,8,3,0,27,987,0,0,20916,10245,26410,0,41,20,0
14623387401600,1000,2048,8192,16384,7216,512,4096,8192,1016,4096,8192,16384,809,4096,16384,16384,181,8192,16384,16384,11,512,4096,8192,198,512,4096,8192,811,2048,4096,8192,106,2048,4096,4096,4,512,65536,131072,10439,524288,524288,524288,41,262144,262144,262144,41,262144,262144,262144,41,256,512,512,41,64,128,128,41,64,512,4096,1343,128,512,1024,1343,128,512,4096,64944,64,512,1024,7281,64,256,512,938,128,512,512,1494,256,1024,4096,1011,128,1024,1024,894,64,256,2048,10872,64,256,4096,900,64,512,512,228,64,256,256,72,64,512,4096,99,128,512,512,36,0,0,0,0,0,0,0,0,0,0,0,0,64,128,128,21,128,128,128,21,10.60,9.07,1.53,0,11,2,0,26,990,0,0,20345,10358,26470,0,41,21,0
14624405637800,1000,2048,8192,16384,6786,512,4096,8192,973,4096,8192,16384,787,8192,16384,16384,195,8192,8192,8192,8,512,4096,8192,195,512,4096,8192,751,2048,8192,8192,142,2048,2048,2048,5,1024,65536,262144,9923,524288,524288,524288,41,131072,262144,262144,41,262144,262144,524288,41,256,512,512,41,64,16384,32768,41,128,512,4096,1248,128,512,4096,1248,128,512,4096,61074,64,512,4096,7083,64,256,512,948,128,512,4096,1521,256,1024,4096,878,128,1024,1024,950,64,256,4096,10800,64,512,4096,990,64,512,2048,198,64,256,512,117,128,512,4096,72,128,256,512,45,0,0,0,0,0,0,0,0,0,0,0,0,64,128,128,20,128,128,128,20,9.97,9.08,0.90,0,8,1,0,13,982,0,0,19842,9834,25441,0,41,20,0
14625427836400,1000,2048,8192,16384,7304,512,4096,8192,1024,4096,8192,16384,811,4096,16384,16384,212,8192,8192,8192,11,512,4096,8192,210,512,4096,8192,833,1024,4096,8192,121,4096,4096,4096,4,256,65536,262144,10616,524288,524288,524288,40,131072,262144,262144,40,262144,524288,524288,40,256,512,512,40,128,2048,8192,40,64,512,1024,1205,128,512,1024,1205,128,512,4096,65736,64,256,1024,7299,64,256,512,1112,128,512,512,1548,256,1024,4096,966,128,1024,4096,975,64,256,2048,10809,64,256,512,1080,64,512,512,204,128,256,1024,90,128,512,512,99,64,256,512,36,0,0,0,0,0,0,0,0,0,0,0,0,64,128,128,20,128,256,256,20,10.57,9.04,1.53,0,11,0,0,21,1023,0,0,19182,10433,24999,0,40,20,0
14626447904800,970,2048,8192,16384,7195,512,4096,8192,991,4096,8192,16384,814,4096,16384,16384,208,8192,8192,8192,7,512,4096,8192,209,512,4096,8192,809,1024,4096,8192,162,2048,8192,8192,8,2048,65536,262144,10473,524288,524288,524288,41,131072,262144,262144,41,262144,262144,262144,41,256,512,512,41,64,8192,32768,41,128,512,1024,1158,64,512,4096,1428,128,512,4096,64755,64,512,1024,7326,64,256,512,1179,64,512,1024,1593,256,1024,2048,1026,128,1024,1024,1044,64,256,4096,11196,64,256,2048,1035,64,512,4096,186,64,256,512,63,64,256,512,63,128,512,4096,72,0,0,0,0,0,0,0,0,0,0,0,0,64,128,128,21,128,128,128,21,9.95,8.93,1.02,0,7,0,0,15,1022,30,55,20635,10408,26407,0,41,21,0
14627468486500,970,2048,8192,16384,6921,512,4096,8192,963,4096,8192,16384,767,4096,16384,16384,194,8192,8192,8192,9,512,4096,8192,182,512,4096,8192,764,2048,8192,8192,140,4096,4096,4096,10,1024,65536,262144,10006,524288,524288,524288,41,262144,262144,262144,41,262144,262144,524288,41,256,512,1024,41,64,128,256,41,128,512,4096,1261,128,512,1024,1261,128,512,4096,62289,64,512,2048,6903,64,256,512,926,64,512,1024,1566,256,1024,4096,861,128,1024,2048,816,64,256,1024,10692,64,256,512,1170,64,256,4096,246,64,256,512,54,128,512,4096,81,128,512,4096,90,0,0,0,0,0,0,0,0,0,0,0,0,64,128,128,20,128,256,256,20,11.36,10.08,1.28,0,9,0,0,20,961,0,2,19499,9877,25487,0,41,20,0
14628488976800,970,2048,8192,16384,7034,512,4096,8192,966,4096,8192,16384,781,4096,16384,16384,203,8192,16384,16384,8,512,4096,4096,211,512,4096,8192,798,2048,8192,8192,136,2048,4096,4096,8,1024,65536,262144,10230,524288,524288,524288,41,131072,262144,262144,41,262144,524288,524288,41,256,512,512,41,128,128,128,41,64,512,4096,1245,128,512,1024,1245,128,512,4096,63306,64,512,4096,7029,64,256,512,1157,128,512,1024,1503,256,1024,2048,950,128,1024,2048,1004,64,256,4096,11115,64,256,4096,1143,64,256,512,177,128,256,512,81,128,512,8192,72,128,256,512,72,0,0,0,0,0,0,0,0,0,0,0,0,64,128,128,21,128,128,128,21,12.12,9.83,2.30,0,8,0,0,21,984,0,0,20413,10132,25789,0,41,21,0
14629509561600,1000,2048,8192,16384,6941,512,4096,8192,990,4096,8192,16384,780,4096,16384,16384,209,8192,8192,8192,9,512,4096,8192,210,512,4096,8192,801,1024,4096,8192,140,2048,4096,4096,7,512,65536,131072,10156,524288,524288,524288,41,262144,262144,262144,41,262144,524288,524288,41,256,256,256,41,64,128,128,41,64,512,4096,1526,128,512,4096,1256,128,512,4096,62469,64,512,1024,7020,64,256,512,1097,128,512,4096,1620,256,2048,4096,888,128,1024,1024,933,64,256,4096,11295,128,512,512,1053,64,256,512,183,64,512,512,72,128,512,4096,81,128,512,512,63,16384,32768,32768,30,1024,2048,2048,30,64,64,128,60,64,128,128,20,128,65536,65536,20,10.84,9.05,1.79,30,9,0,0,20,989,0,0,20426,10111,26610,0,41,20,0
14630527555900,1000,2048,8192,16384,7222,512,4096,8192,993,4096,8192,16384,825,4096,16384,16384,199,8192,16384,16384,13,512,4096,8192,206,512,4096,8192,789,2048,4096,8192,115,2048,4096,4096,4,1024,65536,262144,10447,524288,524288,524288,40,262144,262144,262144,40,262144,524288,524288,40,256,512,512,40,64,128,16384,40,128,512,4096,1374,128,512,1024,1374,128,512,4096,64998,64,512,4096,7425,64,256,512,1103,64,512,1024,1449,256,2048,4096,845,128,1024,1024,926,64,256,2048,10593,64,256,512,1026,64,256,4096,150,64,256,512,135,128,256,4096,117,128,256,256,36,0,0,0,0,0,0,0,0,0,0,0,0,64,128,128,20,128,128,128,20,11.90,9.60,2.30,0,13,0,0,17,1024,0,2,20690,10358,26577,0,40,20,0
14631548826700,1000,2048,8192,16384,6927,512,4096,8192,993,4096,16384,16384,776,8192,16384,16384,195,8192,8192,8192,7,512,4096,8192,207,512,4096,8192,790,1024,4096,8192,129,2048,4096,4096,8,512,65536,131072,10097,524288,524288,524288,41,262144,262144,262144,41,262144,524288,524288,41,256,512,512,41,64,128,128,41,128,512,4096,1283,128,512,4096,1283,128,512,4096,62343,64,512,2048,6984,64,256,512,978,128,512,4096,1395,256,1024,2048,873,64,1024,1024,873,64,512,4096,10692,64,256,512,918,64,256,4096,144,128,256,256,63,128,512,512,63,128,256,512,72,0,0,0,0,0,0,0,0,0,0,0,0,64,128,128,21,128,256,256,21,10.46,8.93,1.53,0,7,0,0,17,971,0,0,20047,9983,25727,0,41,21,0
14632569541300,1000,2048,8192,16384,7263,512,4096,8192,1012,4096,8192,16384,804,8192,16384,16384,210,8192,8192,8192,7,512,4096,8192,202,512,4096,8192,845,2048,8192,8192,126,2048,4096,4096,11,512,65536,262144,10557,524288,524288,524288,41,262144,262144,262144,41,262144,524288,524288,41,256,512,512,41,64,128,128,41,128,512,4096,1413,128,512,1024,1413,128,512,4096,65367,64,512,4096,7236,64,256,512,1063,128,512,1024,1647,256,2048,4096,954,128,1024,2048,981,64,256,4096,10422,64,256,512,1044,64,256,512,231,64,512,2048,63,128,512,512,63,128,512,512,99,0,0,0,0,0,0,0,0,0,0,0,0,64,128,128,20,128,128,128,20,10.33,9.18,1.15,0,7,0,0,34,1014,0,0,20460,10439,26661,0,41,20,0
14633589614800,1000,2048,8192,16384,7079,512,4096,8192,994,4096,8192,16384,822,4096,16384,16384,221,8192,8192,8192,11,512,4096,8192,195,512,4096,8192,805,2048,4096,8192,139,2048,4096,4096,7,512,65536,262144,10345,524288,524288,524288,41,262144,262144,262144,41,262144,524288,524288,41,128,256,512,41,64,128,4096,41,128,512,4096,1224,128,512,1024,1224,128,512,4096,63711,64,512,4096,7398,64,256,512,1073,128,512,4096,1746,256,1024,4096,907,128,1024,1024,988,64,256,2048,10674,64,256,4096,927,64,256,512,159,64,512,512,99,128,512,1024,99,128,512,1024,63,0,0,0,0,0,0,0,0,0,0,0,0,64,128,128,21,128,128,128,21,9.44,8.68,0.77,0,11,0,0,30,1043,0,19,20919,10255,26680,0,41,21,0
14634609528200,1000,2048,8192,16384,7098,512,4096,8192,995,4096,8192,16384,790,4096,16384,16384,211,8192,16384,16384,10,512,4096,4096,211,512,4096,8192,785,2048,8192,8192,163,2048,4096,4096,6,1024,65536,131072,10345,524288,524288,524288,41,131072,262144,262144,41,262144,262144,262144,41,128,256,512,41,128,128,65536,41,128,512,1024,1396,128,512,4096,1396,128,512,4096,63882,128,512,4096,7110,64,256,512,1259,64,512,4096,1512,256,1024,4096,911,128,1024,1024,812,64,256,4096,10998,64,256,512,1116,64,256,256,120,64,256,512,63,128,512,4096,90,128,512,1024,54,0,0,0,0,0,0,0,0,0,0,0,0,64,128,128,20,128,128,128,20,11.87,9.70,2.17,0,10,0,0,35,1001,0,0,20824,10264,26666,0,41,20,0
14635630512300,1000,2048,8192,16384,7051,512,4096,8192,992,4096,8192,16384,792,4096,16384,16384,173,8192,8192,8192,6,512,4096,8192,204,512,4096,8192,758,2048,8192,8192,134,2048,4096,4096,7,1024,65536,131072,10189,524288,524288,524288,41,262144,262144,262144,41,262144,524288,524288,41,64,256,512,41,64,128,128,41,128,512,512,1286,128,512,4096,1286,128,512,4096,63463,128,512,2048,7128,64,256,512,1047,128,512,1024,1251,256,1024,2048,851,128,1024,2048,878,64,256,4096,10656,64,256,1024,1134,64,256,512,186,128,512,512,81,128,512,512,54,128,256,512,63,0,0,0,0,0,0,0,0,0,0,0,0,64,128,128,21,128,128,128,21,12.12,9.32,2.81,0,6,0,0,27,965,0,0,20442,10093,25846,0,41,21,0
14636650284600,970,2048,8192,16384,7078,512,4096,8192,994,4096,8192,16384,766,4096,16384,16384,204,8192,16384,16384,11,512,4096,8192,197,512,4096,8192,800,2048,8192,8192,139,2048,4096,4096,5,512,65536,262144,10284,524288,524288,524288,40,131072,262144,262144,40,262144,524288,524288,40,256,512,512,40,64,128,1024,40,64,512,4096,1387,64,512,4096,1657,128,512,4096,63697,128,256,4096,6894,64,256,512,1085,128,512,2048,1593,256,1024,4096,879,128,1024,2048,897,64,256,2048,11763,64,256,2048,1080,64,256,256,90,128,256,512,108,128,512,4096,99,128,512,512,45,0,0,0,0,0,0,0,0,0,0,0,0,64,128,128,20,128,128,128,20,9.70,8.55,1.15,0,11,0,0,29,970,30,0,20407,10228,26765,0,40,20,0
14637668769800,970,2048,8192,16384,6914,512,4096,8192,1073,4096,8192,16384,800,4096,16384,16384,222,8192,8192,8192,14,512,4096,4096,197,512,4096,8192,798,2048,4096,8192,110,2048,4096,4096,7,1024,65536,262144,10207,524288,524288,524288,41,131072,262144,262144,41,262144,262144,262144,41,128,256,512,41,64,128,4096,41,128,256,4096,1356,128,512,4096,1356,128,512,4096,62226,128,256,2048,7200,64,256,512,1131,128,512,2048,1674,256,1024,2048,876,128,1024,1024,912,64,256,2048,11403,64,256,512,1071,64,256,512,213,64,256,512,99,128,512,4096,126,128,256,512,63,0,0,0,0,0,0,0,0,0,0,0,0,64,128,128,20,128,128,128,20,10.10,8.82,1.28,0,14,0,0,21,1022,0,0,20282,10112,26124,0,41,20,0
14638690394100,978,2048,8192,16384,6762,512,4096,8192,953,4096,8192,16384,774,4096,16384,16384,173,8192,8192,8192,13,512,4096,8192,199,512,4096,8192,752,2048,4096,8192,123,2048,4096,4096,10,512,65536,131072,9840,524288,524288,524288,41,131072,262144,262144,41,262144,262144,524288,41,256,512,512,41,64,128,128,41,64,512,4096,1244,128,512,4096,1172,128,512,4096,60858,128,512,4096,6966,64,256,512,841,128,512,1024,1413,256,1024,2048,849,128,1024,2048,876,64,256,4096,11016,64,256,1024,999,64,256,4096,144,64,256,512,108,128,512,512,117,128,256,512,90,8192,16384,16384,11,1024,1024,1024,9,64,64,64,20,64,128,128,21,128,128,128,21,10.71,9.31,1.40,9,13,0,0,30,947,0,1,19909,9763,25357,0,41,21,0
14639709113300,1000,2048,8192,16384,7291,512,4096,8192,1003,4096,8192,16384,825,4096,16384,16384,194,8192,8192,8192,6,512,4096,8192,201,512,4096,8192,818,1024,8192,8192,138,2048,4096,4096,9,2048,65536,262144,10559,524288,524288,524288,41,262144,262144,262144,41,262144,524288,524288,41,128,256,512,41,64,256,32768,41,128,512,4096,1520,128,512,1024,1322,128,512,4096,65619,128,512,2048,7425,64,256,512,990,128,512,4096,1530,256,1024,4096,1047,128,1024,4096,975,64,256,4096,10665,64,256,512,1215,64,256,512,180,64,256,256,72,128,512,4096,54,128,512,512,81,16384,2097152,2097152,19,1024,1024,2048,21,64,64,64,40,64,128,128,20,128,65536,65536,20,12.65,10.35,2.30,21,6,0,0,22,1019,0,0,21374,10490,27083,0,41,20,0
14640730387900,1000,2048,8192,16384,7172,512,4096,8192,989,4096,8192,16384,794,8192,16384,16384,233,8192,16384,16384,11,512,4096,8192,206,512,4096,8192,815,1024,4096,8192,150,0,0,0,1,1024,65536,131072,10445,524288,524288,524288,41,131072,262144,262144,41,262144,524288,524288,41,128,512,512,41,64,128,512,41,128,512,4096,1134,128,512,1024,1134,128,512,4096,64548,128,512,4096,7146,64,256,512,1166,128,512,4096,1764,256,1024,2048,927,128,1024,1024,927,64,256,4096,11745,64,256,1024,1044,64,256,512,216,128,256,512,108,128,512,8192,99,256,512,512,9,0,0,0,0,0,0,0,0,0,0,0,0,64,128,128,21,128,128,128,21,9.95,8.80,1.15,0,11,0,0,28,1027,0,0,20634,10360,26535,0,41,21,0
14641749660100,1000,2048,8192,16384,7019,512,4096,8192,991,4096,8192,16384,775,8192,16384,16384,183,8192,8192,8192,12,512,4096,8192,198,512,4096,8192,804,1024,4096,8192,137,2048,4096,4096,13,1024,65536,262144,10216,524288,524288,524288,40,262144,262144,262144,40,262144,524288,524288,40,256,512,512,40,128,4096,16384,40,128,512,4096,1292,128,512,1024,1292,128,512,4096,63171,128,512,1024,6975,64,256,512,1036,64,512,4096,1503,256,1024,4096,897,128,1024,1024,951,64,256,2048,11250,64,256,512,990,64,256,512,210,64,256,512,90,128,512,512,108,128,256,512,117,0,0,0,0,0,0,0,0,0,0,0,0,64,128,128,20,128,128,128,20,9.71,8.69,1.02,0,12,0,0,21,958,0,0,19477,10053,25261,0,40,20,0
14642771744400,1000,2048,8192,16384,7074,512,4096,8192,992,4096,8192,16384,833,4096,16384,16384,213,8192,8192,8192,5,512,4096,4096,219,512,4096,8192,791,2048,8192,8192,142,2048,4096,4096,12,1024,65536,131072,10350,524288,524288,524288,41,131072,262144,262144,41,262144,262144,262144,41,128,256,256,41,64,128,128,41,64,512,4096,1119,128,512,4096,1119,128,512,4096,63666,128,512,1024,7497,64,256,512,1112,128,512,1024,1620,256,1024,2048,929,128,1024,4096,875,64,256,2048,11853,64,256,2048,1008,128,256,512,147,64,256,512,63,128,256,512,45,128,512,1024,108,0,0,0,0,0,0,0,0,0,0,0,0,64,128,128,20,128,128,128,20,10.19,8.79,1.40,0,5,0,0,23,1046,0,0,20161,10225,25959,0,41,20,0
14643792783700,1000,2048,8192,16384,7254,512,4096,8192,1151,4096,8192,16384,777,4096,16384,16384,188,8192,8192,8192,9,512,4096,8192,185,512,4096,8192,800,2048,4096,8192,140,2048,4096,4096,6,512,65536,131072,10576,524288,524288,524288,41,131072,262144,262144,41,262144,524288,524288,41,128,256,512,41,64,128,16384,41,128,512,4096,1170,128,512,1024,1170,128,512,4096,65286,128,512,1024,6993,64,256,512,858,128,512,4096,1368,256,1024,4096,1044,128,1024,1024,963,64,256,2048,10719,64,256,512,963,64,512,512,153,64,256,256,54,128,256,512,81,128,512,512,54,0,0,0,0,0,0,0,0,0,0,0,0,64,128,128,21,128,128,128,21,11.48,9.18,2.30,0,9,0,0,18,965,0,0,20314,10468,25810,0,41,21,0
14644812113900,1000,2048,8192,16384,7079,512,4096,8192,1052,4096,8192,16384,771,4096,16384,16384,208,8192,8192,8192,7,512,4096,8192,202,512,4096,8192,784,1024,4096,4096,131,4096,8192,8192,8,512,65536,262144,10332,524288,524288,524288,41,131072,262144,262144,41,262144,262144,262144,41,64,256,512,41,128,8192,65536,41,64,512,4096,1215,128,512,4096,1215,128,512,4096,63711,128,512,4096,6939,64,256,512,1034,128,512,2048,1791,256,1024,4096,861,128,1024,2048,861,64,256,2048,10287,64,256,512,936,64,256,256,141,64,512,1024,63,128,256,1024,63,128,512,4096,72,0,0,0,0,0,0,0,0,0,0,0,0,64,128,128,20,128,128,128,20,10.73,9.33,1.41,0,7,1,0,24,979,0,2,20690,10232,26131,2,41,20,0
14645832651300,1000,2048,8192,16384,7125,512,4096,8192,997,4096,8192,16384,808,4096,16384,16384,215,8192,8192,8192,10,512,4096,8192,200,512,4096,8192,816,1024,4096,8192,122,2048,2048,2048,3,512,65536,131072,10364,524288,524288,1048576,41,131072,262144,262144,41,262144,524288,524288,41,256,512,512,41,64,128,4096,41,128,512,4096,1332,128,512,4096,1332,128,512,4096,64125,128,512,4096,7281,64,256,512,1000,128,512,1024,1665,256,1024,4096,912,128,1024,1024,885,64,256,4096,10521,64,256,2048,1017,64,256,4096,138,64,256,512,108,128,512,1024,90,128,256,512,27,0,0,0,0,0,0,0,0,0,0,0,0,64,128,128,21,128,128,128,21,10.98,9.70,1.28,0,10,3,0,30,1024,0,8,20687,10275,26673,0,41,21,0
14646852628200,970,2048,8192,16384,7015,512,4096,8192,957,4096,8192,16384,805,4096,16384,16384,188,8192,8192,8192,8,512,4096,4096,211,512,4096,8192,790,1024,8192,8192,139,2048,8192,8192,5,512,65536,131072,10185,524288,524288,524288,40,262144,262144,262144,40,262144,524288,524288,40,128,512,512,40,64,128,128,40,128,512,4096,1396,128,512,1024,1666,128,512,4096,63135,64,512,4096,7241,64,256,512,1024,128,512,2048,1260,256,1024,4096,846,128,1024,1024,828,64,256,2048,10746,64,256,4096,954,64,512,4096,195,64,256,512,54,64,512,4096,72,256,512,4096,45,0,0,0,0,0,0,0,0,0,0,0,0,64,128,128,20,128,128,128,20,10.08,9.19,0.89,0,8,2,0,26,993,30,0,20694,10113,26724,0,40,20,0
14647871947400,970,2048,8192,16384,7096,512,4096,8192,992,4096,8192,16384,793,4096,16384,16384,196,8192,8192,8192,7,512,4096,8192,210,512,4096,8192,783,1024,8192,8192,129,4096,4096,4096,2,512,65536,131072,10281,524288,524288,524288,41,131072,262144,262144,41,262144,262144,524288,41,128,256,512,41,128,128,8192,41,64,512,4096,1409,128,512,4096,1409,128,512,4096,63864,64,512,4096,7132,64,256,512,1064,128,512,512,1422,256,1024,4096,957,128,1024,1024,966,64,256,512,11592,64,256,512,981,64,256,512,156,128,256,512,99,128,256,512,63,128,512,512,18,0,0,0,0,0,0,0,0,0,0,0,0,64,128,128,20,128,256,256,20,11.24,9.20,2.04,0,7,10,0,27,988,0,0,18688,10060,25004,0,41,20,0
14648893458100,992,2048,8192,16384,6703,512,4096,8192,960,4096,8192,16384,762,4096,16384,16384,206,8192,8192,8192,9,512,4096,8192,179,512,4096,8192,797,1024,8192,8192,131,4096,8192,8192,8,1024,65536,131072,9820,524288,524288,524288,41,262144,262144,262144,41,262144,262144,524288,41,256,512,512,41,64,128,256,41,64,512,4096,1412,64,512,4096,1214,128,512,4096,60327,64,256,1024,6858,64,256,512,992,128,256,512,1476,256,1024,2048,930,128,1024,4096,840,64,256,4096,10278,64,256,2048,999,64,256,4096,156,64,256,1024,54,128,256,256,81,128,512,4096,72,8192,16384,16384,22,1024,4096,4096,22,64,64,128,44,64,128,128,21,128,32768,65536,21,10.33,9.44,0.89,22,9,8,0,30,968,0,0,19967,9780,25924,0,41,21,0
14649913085700,1000,2048,8192,16384,7224,512,4096,8192,994,4096,8192,16384,799,4096,16384,16384,214,8192,8192,8192,11,512,4096,8192,220,512,4096,8192,801,2048,8192,8192,139,2048,4096,4096,8,512,65536,131072,10479,524288,524288,524288,41,262144,262144,262144,41,262144,524288,524288,41,128,256,256,41,64,128,128,41,64,512,4096,1367,64,512,1024,1295,128,512,4096,65016,64,512,4096,7191,64,256,512,1168,128,512,1024,1584,256,1024,4096,922,64,1024,1024,940,64,256,1024,11259,64,256,4096,1017,64,256,512,159,64,256,512,90,128,256,1024,99,128,512,4096,72,16384,2097152,2097152,8,1024,2048,2048,8,64,64,64,16,64,128,128,20,128,16384,16384,20,10.34,8.81,1.53,8,11,16,0,30,1013,0,0,20641,10398,26802,0,41,20,0
14650933670700,1000,2048,8192,16384,7105,512,4096,8192,995,4096,8192,16384,790,8192,16384,16384,183,8192,8192,8192,9,512,4096,8192,194,512,4096,8192,786,2048,8192,8192,151,2048,4096,4096,8,2048,65536,131072,10306,524288,524288,1048576,41,131072,262144,262144,41,262144,524288,524288,41,256,512,512,41,128,128,128,41,64,512,4096,1131,64,512,1024,1131,128,512,4096,63945,64,512,1024,7110,64,256,512,981,128,512,4096,1584,256,1024,4096,1119,128,1024,2048,1083,64,256,4096,11196,64,256,4096,1017,64,256,512,144,64,256,256,99,64,512,1024,81,128,256,512,72,0,0,0,0,0,0,0,0,0,0,0,0,64,128,128,21,128,128,128,21,10.72,8.68,2.04,0,9,26,0,21,973,0,0,20903,10216,26429,0,41,21,0
14651953322400,1000,2048,8192,16384,7149,512,4096,8192,991,4096,8192,16384,801,4096,16384,16384,198,8192,8192,8192,10,512,4096,8192,220,512,4096,8192,813,2048,8192,8192,146,2048,4096,4096,7,1024,65536,262144,10410,524288,524288,524288,40,262144,262144,262144,40,262144,524288,524288,40,256,512,512,40,64,128,128,40,128,512,4096,1241,128,512,4096,1241,128,512,4096,64341,64,512,4096,7209,64,256,1024,962,128,512,512,1440,256,1024,2048,921,128,1024,2048,894,64,256,4096,10782,64,256,2048,963,64,256,4096,273,64,256,512,99,128,512,4096,90,128,256,512,63,0,0,0,0,0,0,0,0,0,0,0,0,64,128,128,20,64,128,128,20,9.84,8.43,1.41,0,10,28,0,25,999,0,0,21018,10318,26948,0,40,20,0
14652974091800,1000,2048,8192,16384,7295,512,4096,8192,995,4096,16384,16384,815,4096,16384,16384,230,8192,8192,8192,12,512,4096,8192,196,512,4096,8192,819,1024,4096,8192,124,4096,8192,8192,10,2048,65536,262144,10588,524288,524288,524288,41,131072,262144,262144,41,262144,262144,524288,41,256,512,512,41,64,128,32768,41,128,512,4096,1233,128,512,4096,1233,128,512,4096,65655,64,512,4096,7335,64,256,512,1217,64,512,4096,1656,256,1024,2048,864,128,1024,1024,882,64,256,4096,11088,64,256,4096,1053,64,256,4096,165,64,256,4096,99,128,256,512,108,128,1024,8192,90,0,0,0,0,0,0,0,0,0,0,0,0,64,128,128,20,128,128,128,20,13.13,10.84,2.30,0,12,31,0,30,1045,0,0,21732,10482,27293,0,41,20,0
14653994295700,1000,2048,8192,16384,6955,512,4096,8192,990,4096,8192,16384,804,8192,16384,16384,178,8192,8192,8192,6,512,4096,8192,196,512,4096,8192,786,2048,4096,8192,123,2048,4096,4096,5,64,65536,131072,10106,524288,524288,524288,41,131072,262144,262144,41,262144,524288,524288,41,256,512,512,41,64,2048,16384,41,64,512,1024,1202,64,512,1024,1202,128,512,4096,62595,64,512,4096,7236,64,256,512,1013,128,512,512,1305,256,1024,2048,968,128,1024,2048,1004,64,256,2048,11646,64,256,512,1116,64,256,512,183,64,256,256,63,128,256,256,54,64,512,512,45,0,0,0,0,0,0,0,0,0,0,0,0,64,128,128,21,128,128,128,21,9.83,9.06,0.77,0,6,33,0,19,982,0,0,20460,10011,26498,0,41,21,0
14655014849100,1000,2048,8192,16384,7156,512,4096,8192,1020,4096,8192,16384,809,4096,16384,16384,202,8192,16384,16384,11,512,4096,8192,206,512,4096,8192,812,1024,4096,8192,131,2048,8192,8192,10,128,65536,131072,10432,524288,524288,524288,41,131072,262144,262144,41,262144,524288,524288,41,256,256,512,41,64,128,128,41,128,512,4096,1284,128,512,4096,1284,128,512,4096,64404,64,512,4096,7281,64,256,512,1033,64,512,1024,1440,256,1024,4096,972,128,1024,4096,1017,64,256,4096,11484,64,256,4096,1143,128,256,512,153,64,256,512,108,64,512,4096,99,128,256,512,90,0,0,0,0,0,0,0,0,0,0,0,0,64,128,128,20,128,128,128,20,13.02,11.10,1.91,0,11,28,0,27,1011,0,0,21121,10332,26696,0,41,20,0
14656034445100,1000,2048,8192,16384,7230,512,4096,8192,1045,4096,8192,16384,806,4096,8192,16384,210,8192,8192,8192,6,512,8192,8192,219,512,4096,8192,828,2048,8192,8192,142,2048,4096,4096,5,1024,65536,262144,10572,524288,524288,524288,41,262144,262144,262144,41,262144,524288,524288,41,256,256,256,41,64,8192,65536,41,64,256,512,1221,128,512,4096,1221,64,512,4096,65070,64,512,2048,7254,64,256,512,1031,128,512,1024,1539,256,1024,4096,1005,64,1024,1024,987,64,256,4096,11628,64,256,1024,1089,64,256,4096,135,64,256,256,27,64,512,512,54,128,512,512,45,0,0,0,0,0,0,0,0,0,0,0,0,64,128,128,21,64,128,128,21,10.98,8.93,2.04,0,6,33,0,31,1016,0,16,21079,10491,26804,0,41,21,0
14657055192900,970,2048,8192,16384,6837,512,4096,8192,909,4096,8192,16384,777,4096,16384,16384,213,8192,8192,8192,9,512,4096,8192,189,512,4096,8192,751,1024,4096,8192,129,2048,4096,4096,5,1024,65536,131072,9884,524288,524288,524288,41,131072,262144,262144,41,262144,524288,524288,41,256,512,512,41,64,128,2048,41,128,512,4096,1256,64,512,1024,1526,128,512,4096,61533,64,512,4096,6993,64,256,512,1067,64,512,512,1620,256,1024,2048,999,128,1024,2048,1017,64,256,2048,11088,64,256,512,1215,64,256,1024,252,128,512,512,90,128,256,512,81,128,512,512,45,0,0,0,0,0,0,0,0,0,0,0,0,64,128,128,20,128,128,128,20,8.81,8.04,0.77,0,9,28,0,21,990,30,0,18810,9789,25497,0,41,20,0
14658074551500,970,2048,8192,16384,6977,512,4096,8192,1058,4096,8192,16384,791,4096,16384,16384,173,8192,8192,8192,12,512,4096,8192,197,512,4096,8192,789,1024,4096,8192,134,2048,8192,8192,5,512,65536,131072,10219,524288,524288,524288,40,131072,262144,262144,40,262144,524288,524288,40,256,512,512,40,64,128,2048,40,128,512,1024,1179,128,512,4096,1179,128,512,4096,62793,64,256,2048,7119,64,256,512,1081,128,512,2048,1404,256,1024,4096,1031,128,1024,1024,1022,64,256,4096,11538,64,256,512,1044,64,256,512,228,64,256,4096,99,128,512,512,108,64,512,512,45,0,0,0,0,0,0,0,0,0,0,0,0,64,128,128,20,128,128,128,20,9.71,8.94,0.77,0,12,38,0,20,964,0,0,19514,10099,25326,0,40,20,0
14659095416500,998,2048,8192,16384,7049,512,4096,8192,980,4096,8192,16384,775,4096,16384,16384,193,8192,8192,8192,8,512,4096,8192,201,512,4096,8192,806,1024,4096,8192,148,2048,8192,8192,9,512,65536,262144,10243,524288,524288,524288,41,131072,262144,262144,41,262144,262144,524288,41,256,256,512,41,64,2048,8192,41,64,512,1024,1679,128,512,4096,1427,128,512,4096,63441,64,512,2048,6975,64,256,512,1046,128,512,1024,1467,256,1024,4096,942,128,1024,1024,978,64,256,4096,11421,64,256,512,1251,64,256,512,207,64,256,256,81,64,512,4096,72,128,256,512,81,8192,16384,16384,30,1024,2048,4096,30,64,128,128,60,64,128,128,21,128,65536,65536,21,12.11,10.20,1.91,30,8,31,0,21,968,0,0,20351,10200,26557,0,41,21,0
14660115535000,1000,2048,8192,16384,7218,512,4096,8192,995,4096,8192,16384,826,4096,16384,16384,217,8192,8192,8192,10,512,4096,8192,207,512,4096,8192,800,2048,4096,8192,122,2048,2048,2048,5,1024,65536,262144,10484,524288,524288,524288,41,262144,262144,262144,41,262144,262144,524288,41,256,512,512,41,128,128,2048,41,64,512,4096,1219,128,512,4096,1201,128,512,4096,64962,64,512,4096,7434,64,256,512,1128,128,512,4096,1692,256,1024,2048,894,128,1024,2048,912,64,256,4096,11376,64,256,512,972,64,256,1024,210,64,256,256,99,128,256,512,90,128,256,256,45,0,0,0,0,0,0,0,0,0,0,0,0,64,128,128,20,128,128,128,20,11.36,9.44,1.91,0,10,30,0,18,1043,0,2,20299,10383,26673,0,41,20,0
14661135337100,1000,2048,8192,16384,7150,512,4096,8192,991,4096,8192,16384,808,4096,16384,16384,213,8192,8192,8192,17,512,4096,8192,203,512,4096,8192,796,1024,4096,8192,140,2048,2048,2048,3,1024,65536,131072,10392,524288,524288,524288,41,262144,262144,262144,41,262144,262144,524288,41,256,512,512,41,64,128,128,41,64,512,1024,1308,64,512,512,1308,128,512,4096,64350,64,512,512,7272,64,256,512,1157,64,512,1024,1593,256,1024,2048,942,128,1024,1024,1023,64,256,1024,11871,64,512,1024,1107,64,512,1024,72,128,256,4096,153,128,512,4096,153,128,256,256,27,0,0,0,0,0,0,0,0,0,0,0,0,64,128,128,21,128,128,128,21,10.99,9.07,1.92,0,17,23,0,19,1021,0,22,18157,10164,23925,0,41,21,0
14662156327100,1000,2048,8192,16384,6805,512,4096,8192,993,4096,8192,16384,769,4096,16384,32768,190,8192,16384,16384,12,512,4096,8192,204,512,4096,8192,770,2048,8192,8192,129,2048,8192,8192,13,1024,65536,131072,9962,524288,524288,524288,41,131072,262144,262144,41,262144,262144,524288,41,256,512,512,41,64,128,16384,41,64,512,4096,1113,128,512,4096,1113,128,512,4096,61245,64,512,1024,6921,64,256,512,909,64,512,1024,1539,128,1024,2048,927,64,1024,1024,945,64,256,4096,11430,64,256,2048,999,64,512,512,153,128,256,1024,99,128,512,512,108,128,256,512,117,0,0,0,0,0,0,0,0,0,0,0,0,64,128,128,20,128,128,128,20,12.00,9.70,2.30,0,12,19,0,18,959,0,0,19266,9832,25006,0,41,20,0
14663174883300,1000,2048,8192,16384,7279,512,4096,8192,997,4096,8192,16384,790,4096,16384,16384,208,8192,16384,16384,9,512,4096,8192,192,512,4096,8192,813,1024,8192,8192,130,2048,2048,2048,3,1024,65536,131072,10491,524288,524288,524288,40,262144,262144,262144,40,262144,262144,262144,40,256,512,512,40,64,128,2048,40,128,512,4096,1239,128,512,1024,1239,128,512,4096,65511,64,512,2048,7110,64,256,512,1104,128,512,4096,1647,256,1024,2048,849,128,1024,2048,894,64,256,4096,10782,64,256,4096,918,128,256,512,201,64,256,512,90,128,512,4096,81,64,512,512,27,0,0,0,0,0,0,0,0,0,0,0,0,64,128,128,20,128,128,128,20,10.85,9.57,1.28,0,9,11,0,25,998,0,0,21216,10416,26682,0,40,20,0
14664196650800,1000,2048,8192,16384,7136,512,4096,8192,991,4096,8192,16384,799,8192,16384,16384,200,8192,16384,16384,10,512,4096,8192,221,512,4096,8192,816,1024,8192,8192,149,4096,8192,8192,7,2048,65536,262144,10410,524288,524288,524288,41,262144,262144,262144,41,262144,524288,524288,41,256,512,512,41,64,128,16384,41,128,512,4096,1328,128,512,4096,1328,128,512,4096,64224,64,512,2048,7191,64,256,512,974,64,512,1024,1566,256,1024,4096,939,128,1024,1024,930,64,256,4096,10737,64,256,4096,1044,64,512,4096,165,64,512,4096,81,64,512,4096,90,128,512,4096,63,0,0,0,0,0,0,0,0,0,0,0,0,64,128,128,21,128,128,128,21,12.11,9.05,3.06,0,10,12,0,21,999,0,6,21074,10308,26792,0,41,21,0
14665215414400,1000,2048,8192,16384,6981,512,4096,8192,993,4096,8192,16384,800,8192,16384,16384,195,8192,16384,16384,9,512,4096,8192,201,512,4096,8192,790,2048,4096,8192,120,2048,4096,4096,9,1024,65536,131072,10174,524288,524288,524288,41,262144,262144,524288,41,262144,524288,524288,41,256,512,512,41,128,2048,32768,41,128,512,4096,1298,128,512,4096,1298,128,512,4096,62829,64,512,4096,7200,64,256,512,952,128,512,1024,1638,256,1024,2048,1020,128,1024,2048,948,64,256,4096,11682,64,256,512,1134,64,256,512,144,64,256,256,81,128,256,8192,81,128,512,4096,81,0,0,0,0,0,0,0,0,0,0,0,0,64,128,128,20,128,128,128,20,12.02,9.46,2.56,0,9,7,0,12,995,0,0,20545,10059,25961,0,41,20,0
14666237134300,1000,2048,8192,16384,7324,512,4096,8192,1047,4096,8192,16384,818,4096,16384,16384,218,8192,16384,16384,12,512,4096,8192,210,512,4096,8192,822,1024,4096,8192,137,2048,4096,4096,12,512,65536,131072,10674,524288,524288,524288,41,131072,262144,262144,41,262144,262144,524288,41,256,512,512,41,64,128,128,41,128,512,4096,1230,128,512,4096,1230,128,512,4096,65916,64,512,4096,7362,64,256,512,1279,64,256,1024,1566,256,1024,2048,915,128,1024,1024,1005,64,256,4096,11430,64,256,512,1152,64,256,256,153,64,512,4096,135,128,512,4096,108,128,512,512,108,0,0,0,0,0,0,0,0,0,0,0,0,64,64,64,21,128,128,128,21,11.46,9.17,2.29,0,12,1,0,18,1036,0,0,21050,10583,27295,0,41,21,0
14667256658800,970,2048,8192,16384,6860,512,4096,8192,981,4096,8192,16384,780,4096,16384,16384,187,8192,16384,16384,10,512,4096,8192,207,512,4096,8192,768,2048,4096,8192,138,2048,4096,4096,8,2048,65536,262144,10018,524288,524288,524288,41,131072,262144,262144,41,262144,262144,524288,41,128,256,512,41,64,128,32768,41,64,512,4096,1054,64,512,4096,1324,128,512,4096,61740,128,512,4096,7020,64,256,512,792,128,512,4096,1485,256,1024,4096,869,128,1024,1024,851,64,256,4096,11475,64,256,1024,1134,64,256,512,177,128,256,4096,54,128,512,4096,90,128,512,4096,72,0,0,0,0,0,0,0,0,0,0,0,0,64,128,128,20,128,128,128,20,10.60,9.33,1.28,0,10,0,0,13,967,30,0,20480,9966,26048,0,41,20,0
14668277581500,970,2048,8192,16384,6777,512,4096,8192,959,4096,8192,16384,764,4096,16384,16384,187,8192,8192,8192,8,512,4096,4096,180,512,4096,8192,776,2048,4096,8192,124,2048,4096,4096,7,1024,65536,262144,9857,524288,524288,524288,40,131072,262144,262144,40,262144,262144,524288,40,256,512,512,40,64,128,8192,40,64,256,4096,1078,128,512,4096,1078,128,512,4096,60993,128,512,4096,6876,64,256,512,819,128,512,4096,1539,256,1024,4096,900,128,1024,1024,828,64,256,4096,10710,64,256,2048,1026,64,256,512,183,64,256,512,81,128,256,512,72,128,256,512,63,0,0,0,0,0,0,0,0,0,0,0,0,64,128,128,20,128,128,128,20,9.31,8.80,0.51,0,8,1,0,31,951,0,0,19792,9777,25121,0,40,20,0
14669297294000,1000,2048,8192,16384,7028,512,4096,8192,974,4096,8192,16384,796,4096,16384,16384,204,8192,16384,16384,12,512,4096,8192,198,512,4096,8192,815,1024,4096,8192,143,2048,4096,4096,9,512,65536,131072,10266,524288,524288,524288,41,131072,262144,262144,41,262144,262144,524288,41,256,512,512,41,64,128,2048,41,64,512,4096,1616,128,512,1024,1346,128,512,4096,63252,64,512,4096,7164,64,256,512,1015,128,512,1024,1656,256,1024,2048,876,128,1024,1024,930,64,256,2048,11889,64,256,512,1008,64,256,512,144,64,256,512,117,128,512,4096,108,128,512,512,81,8192,16384,32768,30,1024,2048,2048,30,64,128,128,60,64,64,64,21,128,65536,65536,21,9.71,8.81,0.89,30,12,0,0,23,1000,0,0,20495,10226,26910,0,41,21,0
14670318396100,1000,2048,8192,16384,7116,512,4096,8192,992,4096,8192,16384,805,4096,16384,16384,205,8192,16384,16384,15,512,4096,8192,226,512,4096,8192,802,2048,8192,8192,149,2048,4096,4096,7,1024,65536,262144,10393,524288,524288,524288,41,131072,262144,262144,41,262144,262144,524288,41,256,512,512,41,64,128,128,41,128,512,4096,1468,128,512,4096,1468,128,512,4096,64044,64,512,4096,7245,64,256,512,1094,128,512,512,1458,256,1024,4096,1011,128,1024,1024,1002,64,256,2048,11277,64,256,2048,1107,64,256,512,174,64,256,512,108,128,512,4096,135,128,256,512,63,0,0,0,0,0,0,0,0,0,0,0,0,64,128,128,20,128,128,128,20,10.97,9.18,1.79,0,15,1,0,25,1010,0,0,20951,10293,26876,0,41,20,0
14671338347400,1000,2048,8192,16384,7243,512,4096,8192,997,4096,16384,16384,813,4096,16384,16384,199,8192,8192,8192,6,512,4096,8192,187,512,4096,8192,795,1024,4096,8192,122,2048,4096,4096,13,1024,65536,131072,10441,524288,524288,524288,41,262144,262144,262144,41,262144,524288,524288,41,256,512,512,41,128,128,16384,41,64,512,1024,1172,128,512,2048,1172,128,512,4096,65187,128,512,4096,7317,64,256,512,998,128,512,4096,1638,256,1024,2048,968,128,1024,1024,896,64,256,4096,11349,64,256,4096,1017,64,256,512,147,64,256,512,72,128,256,512,54,128,512,512,117,0,0,0,0,0,0,0,0,0,0,0,0,64,128,128,21,128,128,128,21,10.59,9.06,1.53,0,6,0,0,24,1012,0,0,20817,10332,26756,0,41,21,0
14672358148400,1000,2048,8192,16384,7017,512,4096,8192,996,4096,16384,16384,789,4096,16384,16384,210,8192,16384,16384,16,512,4096,8192,212,512,4096,8192,794,2048,8192,8192,129,4096,4096,4096,6,2048,65536,262144,10241,524288,524288,524288,41,131072,262144,262144,41,262144,524288,524288,41,256,512,512,41,128,256,16384,41,128,512,4096,1149,128,512,1024,1149,128,512,4096,63153,128,512,4096,7101,64,256,512,1100,128,512,4096,1521,256,1024,4096,969,128,1024,1024,996,64,256,4096,10953,64,256,512,936,128,512,2048,126,64,256,512,153,128,512,1024,144,128,512,512,54,0,0,0,0,0,0,0,0,0,0,0,0,64,128,128,20,128,256,256,20,10.59,9.32,1.28,0,16,1,0,14,999,0,3,21114,10151,26539,0,41,20,0
14673378126300,1000,2048,8192,16384,6966,512,4096,8192,996,4096,8192,16384,780,4096,16384,16384,198,8192,16384,16384,14,512,4096,8192,202,512,4096,8192,797,2048,4096,8192,136,2048,2048,2048,4,512,65536,262144,10172,524288,524288,524288,40,262144,262144,262144,40,262144,262144,524288,40,128,256,512,40,64,65536,65536,40,128,512,4096,1119,128,512,1024,1119,128,512,4096,62694,64,512,2048,7020,64,256,512,1051,128,512,2048,1494,256,1024,4096,879,256,1024,2048,915,64,256,2048,10926,64,256,512,927,64,256,4096,162,128,512,512,117,128,512,512,126,128,512,512,36,0,0,0,0,0,0,0,0,0,0,0,0,64,128,128,20,128,128,128,20,12.78,9.96,2.81,0,14,0,0,15,978,0,0,20467,10077,26345,0,40,20,0
14674399114400,1000,2048,8192,16384,7297,512,4096,8192,1016,4096,8192,16384,815,4096,16384,32768,192,8192,8192,8192,9,512,4096,8192,200,512,4096,8192,808,1024,4096,8192,137,4096,4096,4096,6,256,65536,131072,10576,524288,524288,524288,41,131072,262144,262144,41,262144,524288,524288,41,128,512,512,41,128,128,32768,41,128,512,4096,1428,128,512,4096,1428,128,512,4096,65673,64,512,512,7335,64,256,512,956,128,512,4096,1692,256,2048,4096,932,256,1024,1024,905,64,256,4096,10755,64,256,4096,1008,64,256,4096,186,64,256,4096,81,128,512,4096,81,64,256,512,54,0,0,0,0,0,0,0,0,0,0,0,0,64,128,128,21,128,128,128,21,9.82,9.05,0.77,0,9,1,0,20,1007,0,0,19738,10398,25263,0,41,21,0
14675419132700,1000,2048,8192,16384,7148,512,4096,8192,1052,4096,8192,16384,811,4096,16384,16384,216,8192,16384,16384,8,512,4096,8192,204,512,4096,8192,804,2048,4096,4096,146,2048,4096,4096,8,2048,65536,131072,10465,524288,524288,1048576,41,131072,262144,262144,41,262144,524288,524288,41,256,256,256,41,64,128,128,41,128,512,1024,1292,128,512,1024,1292,128,512,4096,64332,128,512,4096,7299,64,256,512,1046,64,512,512,1629,256,1024,4096,879,128,1024,1024,870,64,256,4096,11385,64,256,512,1044,64,256,512,204,64,256,4096,90,128,512,4096,72,128,512,1024,72,0,0,0,0,0,0,0,0,0,0,0,0,64,128,128,20,128,128,128,20,12.25,10.21,2.04,0,8,0,0,28,1027,0,0,20287,10322,26279,2,41,20,0
14676439508100,1000,2048,8192,16384,7096,512,4096,8192,990,4096,8192,16384,831,4096,16384,16384,202,8192,8192,8192,10,512,4096,8192,208,512,4096,8192,790,2048,4096,8192,129,2048,8192,8192,10,512,65536,131072,10343,524288,524288,1048576,41,262144,262144,262144,41,262144,524288,524288,41,256,256,512,41,64,2048,32768,41,128,512,4096,1290,128,512,2048,1290,128,512,4096,63864,64,512,4096,7479,64,256,512,1043,128,512,2048,1503,256,1024,4096,965,128,1024,1024,920,64,256,4096,11016,64,256,1024,1089,128,256,512,195,64,256,512,72,128,512,4096,90,128,512,4096,90,0,0,0,0,0,0,0,0,0,0,0,0,64,64,128,21,128,128,128,21,11.23,8.81,2.42,0,10,0,0,23,1033,0,0,20844,10220,26540,1,41,21,0
14677458965700,970,2048,8192,16384,6991,512,4096,8192,993,4096,8192,16384,758,4096,16384,16384,209,8192,8192,8192,12,512,4096,8192,174,512,4096,8192,819,1024,8192,8192,134,2048,4096,4096,6,2048,65536,262144,10171,524288,524288,524288,41,262144,262144,262144,41,262144,262144,262144,41,256,512,512,41,64,1024,32768,41,128,512,4096,1234,64,512,4096,1504,128,512,4096,62919,64,512,4096,6822,64,256,512,1008,128,512,1024,1638,256,1024,2048,909,128,1024,1024,900,64,256,4096,11025,64,256,512,1170,64,256,512,201,64,256,512,99,128,256,512,108,128,512,512,54,0,0,0,0,0,0,0,0,0,0,0,0,64,128,128,20,128,128,128,20,11.24,9.71,1.53,0,12,0,0,23,967,30,1,20934,10112,26486,0,41,20,0
14678480152600,970,2048,8192,16384,6892,512,4096,8192,966,4096,8192,16384,769,4096,16384,16384,196,8192,8192,8192,11,512,4096,8192,219,512,4096,8192,755,1024,8192,8192,118,2048,4096,4096,6,1024,65536,131072,9993,524288,524288,524288,41,131072,262144,262144,41,262144,262144,262144,41,256,512,512,41,64,128,128,41,128,512,4096,1190,128,512,4096,1190,128,512,4096,62028,64,512,4096,6921,64,256,512,1152,128,512,1024,1368,256,1024,2048,963,128,1024,1024,1017,64,256,4096,10584,64,256,2048,873,64,512,4096,258,128,256,512,108,128,512,512,99,64,512,512,54,0,0,0,0,0,0,0,0,0,0,0,0,64,128,128,21,64,128,128,21,9.69,8.67,1.02,0,11,0,0,23,965,0,0,20082,9891,25550,12,41,21,0
14679498811700,1000,2048,8192,16384,6962,512,4096,8192,975,4096,8192,16384,784,4096,16384,16384,189,8192,16384,16384,18,512,4096,8192,199,512,4096,8192,816,2048,8192,8192,136,2048,4096,4096,7,256,65536,131072,10176,524288,524288,524288,40,131072,262144,262144,40,262144,262144,524288,40,256,512,512,40,64,128,16384,40,64,512,4096,1425,128,512,1024,1155,128,512,4096,62658,64,512,1024,7056,64,256,512,948,128,512,1024,1449,256,2048,2048,801,256,1024,2048,882,64,256,4096,10917,64,256,2048,918,64,256,512,168,64,256,512,162,128,512,4096,162,128,256,512,63,8192,16384,16384,30,1024,2048,4096,30,64,128,128,60,64,128,128,20,128,65536,65536,20,10.73,9.58,1.15,30,18,0,0,20,973,0,0,19647,10112,26082,0,40,20,0
14680520711400,1000,2048,8192,16384,7157,512,4096,8192,994,4096,8192,16384,797,4096,16384,16384,233,8192,8192,8192,12,512,4096,8192,218,512,4096,8192,808,2048,8192,8192,127,2048,8192,8192,13,1024,65536,262144,10444,524288,524288,524288,41,131072,262144,262144,41,262144,524288,524288,41,256,512,512,41,64,128,8192,41,128,512,1024,1116,128,512,1024,1116,128,512,4096,64413,64,512,4096,7173,64,256,512,1246,64,512,4096,1881,256,1024,4096,1017,128,1024,2048,1008,64,256,4096,10242,64,256,512,864,64,256,512,129,64,256,256,108,128,512,512,108,128,512,1024,117,0,0,0,0,0,0,0,0,0,0,0,0,64,128,128,20,128,128,128,20,12.62,10.46,2.17,0,12,0,0,31,1030,0,0,20793,10325,26482,0,41,20,0
14681539904800,1000,2048,8192,16384,7105,512,4096,8192,988,4096,8192,16384,806,8192,16384,16384,184,8192,16384,16384,10,512,4096,8192,185,512,4096,8192,769,2048,8192,8192,143,2048,2048,2048,3,1024,65536,131072,10261,524288,524288,524288,41,131072,262144,262144,41,262144,262144,524288,41,256,256,256,41,64,128,8192,41,64,512,4096,1124,128,512,1024,1124,128,512,4096,63945,64,512,2048,7254,64,256,512,1004,128,512,4096,1431,256,1024,4096,864,128,1024,2048,873,64,256,4096,10647,64,256,512,954,64,256,256,162,64,256,4096,90,64,512,4096,90,128,256,512,27,0,0,0,0,0,0,0,0,0,0,0,0,64,128,128,21,128,128,128,21,11.63,8.81,2.81,0,10,0,0,36,990,0,0,20360,10164,26339,0,41,21,0
14682561077200,1000,2048,8192,16384,6910,512,4096,8192,958,4096,8192,16384,777,4096,16384,16384,183,8192,8192,8192,9,512,4096,8192,209,512,4096,8192,766,2048,8192,8192,134,2048,4096,4096,9,1024,65536,131072,10028,524288,524288,524288,41,131072,262144,262144,41,262144,524288,524288,41,256,256,512,41,64,128,65536,41,64,512,4096,1071,128,512,2048,1071,128,512,4096,62190,64,512,1024,6993,64,256,512,899,128,512,2048,1386,256,1024,4096,984,128,1024,1024,939,64,256,4096,10422,64,256,512,1053,64,256,512,183,64,512,512,81,128,256,512,81,128,512,512,81,0,0,0,0,0,0,0,0,0,0,0,0,64,128,128,20,128,128,128,20,10.46,9.31,1.15,0,9,0,0,25,960,0,0,19596,9927,25186,0,41,20,0
14683581312700,1000,2048,8192,16384,7297,512,4096,8192,1030,4096,8192,16384,824,4096,16384,16384,227,8192,8192,8192,10,512,4096,8192,206,512,4096,8192,835,2048,4096,8192,158,2048,4096,4096,6,1024,65536,131072,10676,524288,524288,524288,41,131072,262144,262144,41,262144,262144,524288,41,256,256,512,41,64,128,128,41,64,512,4096,1086,64,512,4096,1086,128,512,4096,65673,64,512,1024,7416,64,256,512,1060,128,512,4096,1728,256,1024,4096,876,128,1024,2048,831,64,256,4096,10935,64,256,2048,954,64,256,512,135,128,512,512,72,128,256,512,90,64,256,256,54,0,0,0,0,0,0,0,0,0,0,0,0,64,128,128,21,128,128,128,21,9.95,8.55,1.40,0,10,0,0,31,1051,0,0,20468,10551,26425,0,41,21,0
14684601162300,1000,2048,8192,16384,7052,512,4096,8192,987,4096,8192,16384,780,4096,16384,32768,183,8192,8192,8192,12,512,4096,8192,217,512,4096,8192,801,2048,4096,8192,132,2048,2048,2048,6,1024,65536,131072,10245,524288,524288,524288,40,131072,262144,262144,40,262144,262144,524288,40,256,512,512,40,64,128,16384,40,128,512,2048,1326,128,512,4096,1326,128,512,4096,63468,64,512,2048,7020,64,256,512,939,128,512,1024,1422,256,1024,4096,834,256,1024,2048,933,64,256,2048,11025,64,256,4096,1089,64,256,512,215,64,256,4096,135,128,256,512,108,128,256,256,54,0,0,0,0,0,0,0,0,0,0,0,0,64,128,128,20,128,128,128,20,10.72,9.57,1.15,0,12,0,0,19,963,0,0,20082,10145,25727,0,40,20,0
14685621281300,1000,2048,8192,16384,7279,512,4096,8192,1023,4096,8192,16384,820,4096,16384,16384,215,8192,16384,16384,13,512,4096,8192,199,512,4096,8192,806,1024,4096,8192,136,2048,4096,4096,11,1024,65536,262144,10595,524288,524288,524288,41,131072,262144,262144,41,262144,262144,524288,41,256,512,512,41,64,128,128,41,128,512,4096,1407,128,512,1024,1407,128,512,4096,65511,64,256,512,7380,64,256,512,1069,128,512,512,1710,256,1024,2048,845,128,1024,2048,881,64,512,2048,10341,64,256,512,1179,64,512,4096,183,64,256,512,99,128,512,4096,117,128,512,512,99,0,0,0,0,0,0,0,0,0,0,0,0,64,128,128,20,128,128,128,20,11.36,9.57,1.79,0,13,0,0,23,1035,0,0,17889,9970,23589,0,41,20,0
14686641554300,1000,2048,8192,16384,7074,512,4096,8192,987,4096,8192,16384,795,4096,16384,16384,194,8192,8192,8192,9,512,4096,8192,190,512,4096,8192,795,2048,8192,8192,113,2048,4096,4096,5,256,65536,131072,10226,524288,524288,524288,41,262144,262144,262144,41,262144,262144,524288,41,256,256,512,41,64,128,4096,41,128,512,4096,1395,128,512,1024,1395,64,512,4096,63666,64,512,2048,7155,64,256,512,1113,128,512,4096,1395,256,1024,4096,899,256,1024,2048,917,64,256,4096,10710,64,256,1024,837,64,512,2048,225,64,256,512,81,128,512,4096,81,64,256,512,45,0,0,0,0,0,0,0,0,0,0,0,0,64,128,128,21,128,128,128,21,12.25,9.95,2.30,0,9,0,0,30,989,0,0,19939,10141,25757,0,41,21,0
14687660697700,970,2048,8192,16384,6920,512,4096,8192,957,4096,8192,16384,780,4096,16384,16384,199,8192,8192,8192,9,512,4096,8192,195,512,4096,8192,759,2048,4096,8192,156,2048,4096,4096,8,1024,65536,262144,10060,524288,524288,524288,41,131072,262144,262144,41,262144,524288,524288,41,256,512,1024,41,64,128,2048,41,64,512,4096,1227,64,512,4096,1497,128,512,4096,62280,64,512,4096,7020,64,256,512,987,64,512,1024,1449,256,2048,4096,925,128,1024,1024,961,64,256,4096,9945,64,256,4096,972,64,256,512,213,64,256,512,126,128,256,512,81,128,512,512,72,0,0,0,0,0,0,0,0,0,0,0,0,64,128,128,20,128,256,256,20,11.24,9.20,2.04,0,9,0,0,18,979,30,6,20434,10003,26302,0,41,20,0
14688681938400,970,2048,8192,16384,6878,512,4096,8192,974,4096,8192,16384,772,4096,16384,32768,190,8192,16384,16384,19,512,4096,8192,206,512,4096,8192,797,2048,8192,8192,103,4096,4096,4096,8,512,65536,131072,10037,524288,524288,524288,41,131072,262144,262144,41,262144,524288,524288,41,256,512,1024,41,64,128,16384,41,128,512,4096,1196,128,512,4096,1196,128,512,4096,61902,64,512,4096,6948,64,256,512,894,64,512,1024,1557,256,1024,4096,936,128,1024,2048,945,64,256,4096,10593,64,256,4096,918,64,512,512,201,64,256,512,126,64,512,4096,171,128,512,512,72,0,0,0,0,0,0,0,0,0,0,0,0,64,128,128,21,128,128,128,21,10.33,9.05,1.28,0,19,1,0,23,962,0,0,20030,9918,25839,0,41,21,0
14689702176000,1000,2048,8192,16384,7180,512,4096,8192,1030,4096,8192,16384,801,4096,16384,16384,215,8192,8192,8192,8,512,4096,8192,210,512,4096,8192,818,2048,4096,8192,145,2048,4096,4096,7,1024,65536,131072,10491,524288,524288,524288,40,262144,262144,262144,40,262144,524288,524288,40,256,256,512,40,64,2048,16384,40,64,512,4096,1541,128,512,1024,1271,128,512,4096,64620,64,512,4096,7209,64,256,512,1110,128,512,4096,1773,256,1024,4096,1002,64,1024,2048,876,64,256,4096,10431,64,256,512,900,64,512,4096,162,64,256,4096,63,64,512,512,72,128,512,512,63,16384,16384,16384,30,1024,1024,2048,30,64,64,64,60,64,128,128,20,128,65536,65536,20,12.38,10.34,2.04,30,8,3,0,29,1016,0,0,20523,10463,27071,0,40,20,0
14690722770900,1000,2048,8192,16384,7093,512,4096,8192,1018,4096,8192,16384,801,4096,16384,16384,188,8192,8192,8192,7,512,4096,8192,219,512,4096,8192,796,2048,4096,8192,140,2048,4096,4096,9,1024,65536,131072,10341,524288,524288,524288,41,131072,262144,262144,41,262144,524288,524288,41,128,512,512,41,64,128,32768,41,128,512,4096,1246,128,512,2048,1246,128,512,4096,63837,64,512,4096,7209,64,256,512,916,128,256,4096,1521,256,1024,4096,1014,128,1024,4096,978,64,256,4096,11421,64,256,512,1125,64,256,512,156,128,256,512,90,128,256,512,63,128,256,512,81,0,0,0,0,0,0,0,0,0,0,0,0,64,128,128,20,128,128,128,20,11.61,9.44,2.17,0,7,1,0,22,989,0,7,20534,10239,25827,0,41,20,0
14691741645000,1000,2048,8192,16384,7020,512,4096,8192,1010,4096,8192,16384,784,4096,16384,16384,210,8192,16384,16384,12,512,4096,8192,189,512,4096,8192,790,2048,8192,8192,144,2048,4096,4096,5,1024,65536,131072,10237,524288,524288,524288,41,131072,262144,262144,41,262144,262144,524288,41,256,512,512,41,64,128,128,41,128,512,1024,1212,128,512,4096,1212,128,512,4096,63180,128,512,2048,7056,64,256,512,972,128,512,2048,1629,256,1024,4096,843,128,1024,1024,861,64,256,4096,10755,64,256,512,909,64,256,4096,183,64,512,1024,90,128,512,512,108,128,512,512,45,0,0,0,0,0,0,0,0,0,0,0,0,64,128,128,21,128,128,128,21,11.88,8.81,3.07,0,12,2,0,22,994,0,0,20956,10169,26752,0,41,21,0
14692761131000,1000,2048,8192,16384,7025,512,4096,8192,991,4096,16384,16384,801,4096,16384,16384,206,8192,8192,8192,10,512,4096,8192,180,512,4096,8192,797,2048,8192,8192,147,2048,2048,2048,6,2048,65536,262144,10233,524288,524288,1048576,41,262144,262144,262144,41,262144,524288,524288,41,256,512,512,41,64,128,16384,41,128,512,4096,1335,128,512,4096,1335,128,512,4096,63225,128,512,2048,7209,64,256,512,996,128,512,1024,1656,256,1024,4096,917,256,1024,1024,971,64,256,4096,10998,64,256,512,918,64,256,4096,150,64,256,256,108,128,512,4096,90,128,256,512,54,0,0,0,0,0,0,0,0,0,0,0,0,64,128,128,20,128,128,128,20,10.48,9.45,1.02,0,10,3,0,23,1007,0,0,20075,10103,25811,0,41,20,0
14693783203300,1000,2048,8192,16384,7294,512,4096,8192,994,4096,8192,16384,804,4096,16384,16384,208,8192,8192,8192,10,512,4096,4096,221,512,4096,8192,835,2048,4096,8192,130,2048,2048,2048,11,1024,65536,131072,10575,524288,524288,524288,41,131072,262144,262144,41,262144,262144,262144,41,256,512,512,41,128,128,32768,41,64,256,4096,1140,64,512,4096,1140,128,512,4096,65646,128,256,4096,7236,64,256,512,1031,128,256,1024,1629,256,1024,4096,948,128,1024,1024,939,64,256,4096,10584,64,256,512,936,64,256,512,234,64,256,256,72,128,256,4096,90,128,256,512,99,0,0,0,0,0,0,0,0,0,0,0,0,64,128,128,21,128,128,128,21,12.10,9.68,2.42,0,10,6,0,28,1012,0,4,21028,10477,26940,0,41,21,0
14694803071900,1000,2048,8192,16384,6990,512,4096,8192,997,4096,8192,16384,806,4096,16384,16384,210,8192,8192,8192,11,512,4096,8192,203,512,4096,8192,793,1024,8192,8192,130,2048,2048,2048,4,1024,65536,131072,10217,524288,524288,524288,40,131072,262144,262144,40,262144,262144,524288,40,256,512,512,40,64,128,2048,40,128,512,4096,1264,128,512,4096,1264,128,512,4096,62910,128,512,2048,7254,64,256,512,1104,64,512,512,1602,256,1024,4096,933,128,1024,1024,951,64,256,2048,10512,64,256,512,891,128,256,1024,177,64,256,256,117,128,256,512,99,128,256,256,36,0,0,0,0,0,0,0,0,0,0,0,0,64,128,128,20,128,128,128,20,11.24,9.58,1.66,0,11,15,0,20,1016,0,0,20255,10122,26327,0,40,20,0
14695823710300,1000,2048,8192,16384,7195,512,4096,8192,1017,4096,8192,16384,814,4096,16384,16384,215,8192,8192,8192,11,512,4096,8192,204,512,4096,8192,809,1024,8192,8192,130,2048,4096,4096,5,1024,65536,131072,10479,524288,524288,524288,41,131072,262144,262144,41,262144,524288,524288,41,256,512,512,41,64,256,2048,41,64,512,4096,1022,128,512,4096,1022,128,512,4096,64755,64,512,4096,7326,64,256,512,1055,128,256,1024,1620,256,1024,4096,1113,128,1024,2048,1113,64,256,4096,10737,64,256,1024,918,64,256,512,129,128,512,512,126,128,512,4096,99,128,512,512,45,0,0,0,0,0,0,0,0,0,0,0,0,64,128,128,20,128,128,128,20,10.71,9.44,1.28,0,11,21,0,32,1029,0,10,20096,10370,25872,1,41,20,0
14696843846500,970,2048,8192,16384,7047,512,4096,8192,997,4096,8192,16384,781,4096,16384,16384,197,8192,8192,8192,17,512,4096,8192,200,512,4096,8192,779,1024,8192,8192,141,2048,4096,4096,6,1024,65536,131072,10235,524288,524288,524288,41,131072,262144,262144,41,262144,262144,262144,41,256,512,512,41,64,128,1024,41,64,256,4096,1281,64,512,1024,1551,128,512,4096,63423,64,512,4096,7029,64,256,512,985,64,512,1024,1440,256,1024,4096,981,128,1024,2048,1026,64,256,4096,10161,64,256,512,801,64,256,512,81,64,256,512,108,128,256,512,153,128,256,512,54,0,0,0,0,0,0,0,0,0,0,0,0,64,128,128,21,128,128,128,21,10.85,9.19,1.66,0,17,28,0,23,978,30,66,20593,10156,26029,0,41,21,0
14697864241100,970,2048,8192,16384,6959,512,4096,8192,971,4096,8192,16384,767,4096,8192,16384,189,8192,8192,8192,8,512,4096,8192,195,512,4096,8192,789,1024,4096,8192,145,2048,4096,4096,8,1024,65536,262144,10107,524288,524288,524288,41,131072,262144,262144,41,262144,262144,524288,41,256,256,512,41,128,8192,16384,41,128,512,4096,1221,64,512,4096,1221,128,512,4096,62631,64,512,4096,6903,64,256,512,973,128,512,2048,1422,256,1024,4096,911,128,1024,2048,821,64,256,4096,9954,64,256,512,873,64,256,512,93,64,256,512,63,128,256,512,72,128,512,4096,72,0,0,0,0,0,0,0,0,0,0,0,0,64,128,128,20,128,128,128,20,11.10,8.93,2.17,0,8,36,0,19,956,0,0,20104,9995,26397,0,41,20,0
14698884653200,970,2048,8192,16384,7076,512,4096,8192,1039,4096,8192,16384,785,4096,16384,16384,197,8192,8192,8192,7,512,4096,8192,196,512,4096,8192,755,2048,8192,8192,117,2048,4096,4096,5,512,65536,131072,10239,524288,524288,524288,41,131072,262144,262144,41,262144,262144,524288,41,256,256,256,41,64,2048,32768,41,64,512,4096,1162,64,512,2048,1162,128,512,4096,63684,64,512,4096,7065,64,256,512,807,128,512,4096,1548,256,1024,2048,1056,128,1024,2048,975,64,256,4096,10503,64,256,4096,1035,64,256,512,153,64,256,256,63,64,256,512,63,64,256,512,45,8192,16384,16384,6,0,0,0,0,64,64,64,6,64,128,128,21,128,128,128,21,12.00,9.44,2.55,0,7,32,0,24,982,0,0,20392,10177,25933,0,41,21,0
14699904881800,1000,2048,8192,16384,7078,512,4096,8192,1002,4096,8192,16384,802,4096,16384,16384,224,8192,8192,8192,10,512,8192,8192,208,512,4096,8192,801,1024,4096,8192,139,2048,4096,4096,4,1024,65536,131072,10355,524288,524288,524288,41,262144,262144,262144,41,262144,524288,524288,41,256,512,512,41,64,128,2048,41,64,512,4096,1578,128,512,4096,1308,128,512,4096,63702,64,512,4096,7218,64,256,512,1171,128,512,1024,1701,256,1024,4096,837,128,1024,1024,927,64,512,4096,10836,64,512,4096,909,64,256,512,198,64,256,256,126,128,512,4096,90,128,512,512,36,8192,16384,32768,24,1024,2048,2048,30,64,64,128,54,64,128,128,20,128,65536,65536,20,11.61,10.08,1.53,30,10,32,0,22,1026,0,4,20452,10319,27021,0,41,20,0
14700924101400,1000,2048,8192,16384,7100,512,4096,8192,1001,4096,8192,16384,801,4096,16384,16384,182,8192,16384,16384,12,512,4096,4096,212,512,4096,8192,815,2048,4096,8192,138,2048,4096,4096,4,256,65536,131072,10357,524288,524288,524288,40,262144,262144,262144,40,262144,262144,524288,40,256,512,512,40,64,8192,16384,40,128,512,1024,1411,128,512,1024,1411,128,512,4096,63900,64,512,1024,7209,64,256,512,887,128,512,1024,1611,256,1024,4096,909,128,1024,2048,855,64,256,2048,10188,128,256,512,936,64,512,4096,192,64,256,256,72,128,512,4096,108,128,256,512,36,0,0,0,0,0,0,0,0,0,0,0,0,64,128,128,20,128,128,128,20,10.72,8.55,2.17,0,12,41,0,20,983,0,2,20401,10261,26373,5,40,20,0
14701944165800,1000,2048,8192,16384,7018,512,4096,8192,1022,4096,8192,16384,817,4096,16384,16384,179,8192,16384,16384,6,512,4096,8192,208,512,4096,8192,812,2048,4096,4096,136,2048,4096,4096,6,2048,65536,131072,10272,524288,524288,524288,41,262144,262144,262144,41,262144,262144,524288,41,64,256,256,41,64,256,65536,41,128,512,1024,1308,128,512,1024,1308,128,512,4096,63162,128,512,1024,7353,64,256,512,962,128,512,1024,1386,256,1024,2048,834,128,1024,1024,771,64,512,1024,10467,128,256,512,819,64,256,512,159,64,256,256,54,64,4096,4096,54,128,512,512,54,0,0,0,0,0,0,0,0,0,0,0,0,64,128,128,21,128,128,128,21,11.88,9.20,2.68,0,6,40,0,28,996,0,0,19527,10143,25567,0,41,21,0
14702965559800,1000,2048,8192,16384,7364,512,4096,8192,998,4096,8192,16384,808,4096,16384,16384,224,8192,8192,8192,6,512,4096,8192,195,512,4096,8192,818,2048,4096,16384,128,2048,4096,4096,5,512,65536,131072,10614,524288,524288,524288,41,131072,262144,262144,41,262144,524288,524288,41,256,256,256,41,64,128,16384,41,128,512,1024,1191,128,512,1024,1191,128,512,4096,66276,64,512,4096,7272,64,256,512,1182,128,512,4096,1593,256,1024,2048,999,128,1024,2048,954,64,256,2048,10674,64,256,4096,1026,64,256,512,177,128,256,512,81,128,512,512,54,128,512,512,45,0,0,0,0,0,0,0,0,0,0,0,0,64,128,128,20,128,128,128,20,11.60,9.31,2.30,0,6,32,0,24,1032,0,0,20905,10515,27194,0,41,20,0
14703985039300,1000,2048,8192,16384,7115,512,4096,8192,993,4096,8192,16384,788,4096,16384,16384,220,8192,8192,8192,15,512,4096,8192,198,512,4096,8192,777,1024,4096,8192,144,2048,2048,2048,5,1024,65536,262144,10331,524288,524288,524288,41,131072,262144,262144,41,262144,262144,524288,41,256,512,512,41,64,128,32768,41,128,512,4096,1292,128,512,1024,1292,128,512,4096,64035,64,512,1024,7092,64,256,512,1029,128,512,1024,1764,256,1024,4096,1080,128,1024,4096,1098,64,256,2048,10971,64,256,512,945,64,256,4096,180,64,256,512,126,64,256,512,135,64,256,512,45,0,0,0,0,0,0,0,0,0,0,0,0,64,128,128,21,128,128,128,21,11.50,9.07,2.43,0,15,48,0,30,1008,0,0,19424,10197,25593,39,41,21,0
14705005428800,1000,2048,8192,16384,7095,512,4096,8192,992,4096,8192,16384,809,8192,16384,16384,193,8192,8192,8192,15,512,4096,8192,207,512,4096,8192,815,1024,8192,8192,136,4096,8192,8192,7,512,65536,131072,10354,524288,524288,524288,41,131072,262144,262144,41,262144,262144,524288,41,256,512,1024,41,64,128,8192,41,128,512,4096,1357,128,512,1024,1357,128,512,4096,63855,128,512,4096,7281,64,256,512,1126,128,512,1024,1629,256,1024,4096,966,256,1024,2048,1002,64,256,4096,11664,64,256,512,1080,64,256,512,156,64,256,512,162,128,512,4096,135,128,512,4096,63,0,0,0,0,0,0,0,0,0,0,0,0,64,128,128,20,128,128,128,20,9.83,9.44,0.38,0,15,27,0,23,1002,0,0,20903,10273,26727,0,41,20,0
14706024813300,1000,2048,8192,16384,7053,512,4096,8192,993,4096,8192,16384,800,4096,16384,16384,193,8192,8192,8192,11,512,4096,8192,215,512,4096,8192,814,2048,4096,8192,139,2048,2048,2048,3,1024,65536,131072,10310,524288,524288,524288,40,131072,262144,262144,40,262144,524288,524288,40,256,512,512,40,64,16384,16384,40,128,512,4096,1154,128,512,4096,1154,128,512,4096,63477,128,512,4096,7200,64,256,512,1073,128,512,1024,1485,256,1024,4096,945,128,1024,2048,891,64,256,4096,11610,64,256,512,1062,64,256,512,174,128,256,512,81,128,512,512,99,128,256,256,27,0,0,0,0,0,0,0,0,0,0,0,0,64,128,128,20,128,256,256,20,9.83,8.42,1.40,0,11,31,0,20,993,0,0,21124,10228,26579,3,40,20,0
14707046112300,970,2048,8192,16384,7117,512,4096,8192,988,4096,8192,16384,785,4096,16384,16384,189,8192,8192,8192,6,512,4096,4096,185,512,4096,8192,764,1024,4096,8192,134,2048,4096,4096,7,512,65536,131072,10248,524288,524288,524288,41,131072,262144,262144,41,262144,262144,524288,41,256,512,512,41,64,128,16384,41,128,512,4096,1334,128,512,1024,1604,128,512,4096,64053,128,512,4096,7065,64,256,512,983,128,512,1024,1512,256,1024,2048,963,64,1024,1024,855,64,256,2048,11835,64,256,1024,1053,64,256,512,243,64,256,256,54,128,512,512,54,64,512,512,63,0,0,0,0,0,0,0,0,0,0,0,0,64,128,128,21,128,128,128,21,11.73,9.82,1.91,0,6,22,0,20,974,30,0,21216,10181,27305,0,41,21,0
14708064689100,970,2048,8192,16384,6914,512,4096,8192,1007,4096,8192,16384,788,4096,16384,16384,210,8192,8192,8192,6,512,4096,8192,209,512,4096,8192,789,2048,8192,8192,123,2048,8192,8192,9,256,65536,262144,10123,524288,524288,524288,41,131072,262144,262144,41,262144,262144,524288,41,256,512,512,41,64,128,16384,41,128,512,4096,1215,128,512,4096,1215,128,512,4096,62226,64,512,4096,7092,64,256,512,1037,128,512,1024,1719,256,1024,4096,867,128,1024,2048,867,64,256,4096,11331,64,256,4096,1125,64,512,2048,144,128,256,256,45,64,512,512,54,64,256,512,81,0,0,0,0,0,0,0,0,0,0,0,0,64,128,128,20,64,128,128,20,11.25,8.70,2.56,0,6,22,0,16,998,0,0,20274,10032,25993,0,41,20,0
14709087277100,981,2048,8192,16384,7005,512,4096,8192,962,4096,8192,16384,798,8192,16384,16384,192,8192,8192,8192,8,512,4096,8192,196,512,4096,8192,794,1024,4096,8192,129,2048,4096,4096,3,1024,65536,131072,10152,524288,524288,524288,41,131072,262144,262144,41,262144,524288,524288,41,256,256,512,41,128,128,16384,41,64,512,4096,1382,64,512,4096,1283,128,512,4096,63045,64,512,4096,7182,64,256,512,1123,128,512,4096,1368,256,1024,4096,981,128,1024,1024,981,64,256,4096,12114,64,256,2048,1161,64,256,512,177,64,512,512,72,64,256,512,72,128,256,512,27,16384,16384,16384,22,1024,4096,4096,11,64,64,64,33,64,128,128,21,128,128,128,21,10.83,9.04,1.78,11,8,14,0,20,990,0,4,20597,10094,26333,0,41,21,0
14710105349200,1000,2048,8192,16384,6921,512,4096,8192,985,4096,8192,16384,787,4096,16384,16384,204,8192,8192,8192,6,512,4096,8192,190,512,4096,8192,773,2048,4096,8192,146,2048,4096,4096,7,2048,65536,262144,10097,524288,524288,524288,41,131072,262144,262144,41,262144,262144,524288,41,256,512,1024,41,64,32768,65536,41,64,512,2048,1518,64,512,4096,1347,128,512,4096,62289,64,512,2048,7083,64,256,512,1069,128,512,512,1620,256,1024,2048,962,128,1024,2048,953,64,256,4096,11709,64,256,1024,1215,64,256,512,183,64,512,512,99,128,512,512,54,128,256,512,63,8192,16384,16384,8,1024,2048,2048,19,64,64,64,27,64,128,128,20,128,65536,65536,20,12.66,9.21,3.45,19,6,7,0,30,991,0,8,20348,10029,26569,0,41,20,0
14711127334200,1000,2048,8192,16384,7180,512,4096,8192,1002,4096,8192,16384,790,4096,16384,16384,202,8192,8192,8192,11,512,4096,4096,213,512,4096,8192,816,2048,4096,8192,116,2048,8192,8192,10,2048,65536,131072,10412,524288,524288,524288,40,262144,262144,262144,40,262144,524288,524288,40,256,512,512,40,64,128,128,40,128,512,4096,1257,128,512,1024,1257,128,512,4096,64620,64,512,4096,7110,64,256,512,1060,128,512,4096,1548,256,1024,2048,936,128,1024,1024,963,64,256,4096,11286,64,256,2048,1035,64,256,512,174,128,512,4096,54,128,512,512,99,128,512,512,90,0,0,0,0,0,0,0,0,0,0,0,0,64,128,128,20,128,128,128,20,13.50,9.94,3.57,0,11,5,0,26,992,0,0,21426,10303,26936,0,40,20,0
14712145989400,1000,2048,8192,16384,7233,512,4096,8192,1006,4096,8192,16384,803,4096,16384,16384,219,8192,16384,16384,11,512,4096,8192,213,512,4096,8192,825,2048,4096,8192,158,2048,2048,2048,2,1024,65536,131072,10551,524288,524288,524288,41,131072,262144,262144,41,262144,262144,524288,41,256,512,1024,41,64,16384,32768,41,128,512,4096,1170,128,512,4096,1170,128,512,4096,65097,128,512,1024,7227,64,256,512,1095,128,512,512,1584,256,1024,4096,813,128,1024,1024,858,64,256,2048,11871,64,256,512,1206,64,256,512,183,64,256,512,108,128,512,4096,99,128,256,256,18,0,0,0,0,0,0,0,0,0,0,0,0,64,128,128,21,64,128,128,21,9.46,8.95,0.51,0,11,3,0,33,1022,0,0,20174,10444,25853,0,41,21,0
14713167658900,1000,2048,8192,16384,7124,512,4096,8192,998,4096,8192,16384,818,4096,16384,16384,208,8192,16384,16384,11,512,4096,8192,201,512,4096,8192,811,2048,4096,8192,136,2048,4096,4096,9,512,65536,131072,10390,524288,524288,524288,41,131072,262144,262144,41,262144,524288,524288,41,512,512,1024,41,64,128,256,41,64,512,1024,1218,128,512,1024,1218,128,512,4096,64116,128,512,2048,7362,64,256,512,1182,128,256,1024,1665,256,1024,2048,990,128,1024,2048,1062,64,256,1024,11277,64,256,512,1260,64,256,512,219,64,512,512,99,128,512,4096,99,128,256,2048,81,0,0,0,0,0,0,0,0,0,0,0,0,64,128,128,20,128,128,128,20,10.95,9.30,1.66,0,11,2,0,31,1026,0,0,20449,10281,26218,0,41,20,0
14714187372900,1000,2048,8192,16384,7127,512,4096,8192,996,4096,8192,16384,786,4096,16384,16384,192,8192,8192,8192,9,512,4096,8192,192,512,4096,8192,790,2048,4096,8192,126,2048,2048,2048,2,256,65536,131072,10281,524288,524288,524288,41,131072,262144,262144,41,262144,262144,524288,41,256,512,512,41,64,128,128,41,64,512,1024,1256,128,512,2048,1256,128,512,4096,64143,64,512,1024,7074,64,256,512,1083,64,256,4096,1377,256,1024,2048,954,128,1024,2048,945,64,256,4096,11682,64,256,512,1161,64,256,4096,156,64,256,512,81,128,512,512,81,128,256,256,18,0,0,0,0,0,0,0,0,0,0,0,0,64,128,128,21,128,128,128,21,11.37,9.20,2.17,0,9,1,0,27,978,0,0,20559,10206,26326,0,41,21,0
14715207141400,1000,2048,8192,16384,7188,512,4096,8192,995,4096,8192,16384,806,4096,16384,16384,203,8192,8192,8192,9,512,4096,8192,209,512,4096,8192,809,1024,4096,8192,140,2048,4096,4096,7,512,65536,262144,10452,524288,524288,524288,41,262144,262144,262144,41,262144,524288,524288,41,256,512,512,41,64,128,2048,41,64,512,4096,1362,64,512,1024,1362,128,512,4096,64692,64,512,4096,7254,64,256,512,1089,128,512,1024,1539,256,1024,4096,1005,128,1024,2048,978,64,256,4096,11349,64,256,2048,1134,64,256,512,144,64,512,512,81,128,512,512,81,128,512,1024,63,0,0,0,0,0,0,0,0,0,0,0,0,64,128,128,20,128,128,128,20,10.08,9.19,0.89,0,9,1,0,30,1009,0,0,21331,10361,27020,0,41,20,0
14716227165400,1000,2048,8192,16384,7274,512,4096,8192,991,4096,8192,16384,802,4096,16384,16384,219,8192,8192,8192,10,512,4096,8192,230,512,4096,8192,813,1024,4096,8192,135,2048,2048,2048,5,512,65536,131072,10557,524288,524288,524288,40,131072,262144,262144,40,262144,524288,524288,40,256,512,512,40,128,128,128,40,64,512,4096,1296,128,512,2048,1296,128,512,4096,65466,64,512,2048,7218,64,256,512,1085,64,512,4096,1593,256,1024,2048,872,128,1024,1024,917,64,256,4096,11151,64,256,1024,1035,64,512,4096,162,64,256,256,81,128,512,4096,90,64,256,256,45,0,0,0,0,0,0,0,0,0,0,0,0,64,128,128,20,128,256,256,20,10.34,9.70,0.64,0,10,0,0,23,1021,0,0,21232,10472,26866,0,40,20,0
14717248006800,970,2048,8192,16384,6947,512,4096,8192,998,4096,8192,16384,806,4096,16384,16384,190,8192,8192,8192,6,512,4096,8192,184,512,4096,8192,790,2048,8192,8192,144,2048,2048,2048,2,256,65536,131072,10135,524288,524288,524288,41,262144,262144,262144,41,262144,262144,262144,41,256,512,512,41,128,128,8192,41,64,512,4096,1227,64,512,4096,1497,128,512,4096,62523,64,512,4096,7254,64,256,512,1058,128,512,1024,1368,128,1024,2048,807,64,1024,1024,825,64,256,4096,11367,64,256,512,1161,64,256,512,132,64,512,2048,54,128,256,2048,54,64,256,256,18,0,0,0,0,0,0,0,0,0,0,0,0,64,128,128,21,128,256,256,21,11.36,9.32,2.04,0,6,0,0,21,996,30,0,20642,10080,26675,0,41,21,0
14718267594600,970,2048,8192,16384,6959,512,4096,8192,973,4096,8192,16384,797,4096,16384,16384,198,8192,8192,8192,6,512,4096,8192,196,512,4096,8192,792,1024,4096,8192,144,0,0,0,1,512,65536,131072,10143,524288,524288,524288,41,131072,262144,262144,41,262144,262144,262144,41,256,512,512,41,64,128,16384,41,128,512,1024,1158,128,512,1024,1158,128,512,4096,62631,128,256,2048,7173,64,256,512,988,128,512,1024,1557,256,1024,2048,936,128,1024,1024,918,64,256,4096,11142,64,256,512,972,64,256,4096,231,64,256,256,54,128,256,512,54,128,512,512,9,0,0,0,0,0,0,0,0,0,0,0,0,64,128,128,20,128,256,256,20,10.34,9.19,1.15,0,6,0,0,26,995,0,0,20281,10061,26059,0,41,20,0
14719288822000,992,2048,8192,16384,6921,512,4096,8192,966,4096,8192,16384,751,4096,16384,16384,185,8192,16384,16384,11,512,4096,8192,181,512,4096,8192,788,2048,8192,8192,121,2048,4096,4096,8,256,65536,131072,10013,524288,524288,524288,41,262144,262144,262144,41,262144,262144,524288,41,256,512,512,41,64,128,128,41,64,512,4096,1476,128,512,1024,1278,128,512,4096,62289,128,512,4096,6759,64,256,512,979,128,512,2048,1503,256,1024,2048,906,128,1024,4096,978,64,256,4096,11439,64,256,512,1107,64,256,2048,201,128,512,2048,117,128,512,4096,99,128,512,4096,72,8192,16384,16384,30,1024,1024,1024,22,64,64,128,52,64,128,128,21,128,32768,131072,21,11.22,8.93,2.30,22,11,2,0,25,936,0,0,20317,9987,26211,0,41,21,0
14720307834900,1000,2048,8192,16384,7172,512,4096,8192,995,4096,8192,16384,816,8192,16384,16384,206,8192,8192,8192,11,512,4096,8192,221,512,4096,8192,821,2048,8192,8192,129,4096,4096,4096,7,512,65536,131072,10459,524288,524288,1048576,41,262144,262144,524288,41,262144,524288,524288,41,256,512,1024,41,64,128,8192,41,128,512,1024,1726,128,512,1024,1654,128,512,4096,64548,128,512,1024,7344,64,256,512,1133,128,512,1024,1656,256,2048,4096,948,128,1024,2048,975,64,256,4096,11286,128,256,512,819,64,256,512,216,64,256,512,99,128,256,512,99,128,512,512,63,0,0,0,0,512,1024,1024,8,64,64,64,8,64,128,128,20,128,256,256,20,11.51,8.95,2.56,8,11,0,0,20,1022,0,0,21020,10387,27361,0,41,20,0
14721329421100,1000,2048,8192,16384,7036,512,4096,8192,994,4096,8192,16384,788,4096,16384,32768,172,8192,16384,16384,11,512,4096,8192,216,512,4096,8192,780,2048,8192,8192,143,2048,4096,4096,5,256,65536,131072,10236,524288,524288,524288,41,262144,262144,262144,41,262144,262144,524288,41,256,512,512,41,128,128,128,41,128,512,4096,1323,128,512,1024,1323,128,512,4096,63324,64,512,4096,7092,64,256,512,939,128,512,4096,1458,256,1024,4096,972,128,1024,1024,990,64,256,4096,11502,64,256,512,1125,64,256,512,111,64,256,256,81,128,256,512,99,128,256,256,45,0,0,0,0,0,0,0,0,0,0,0,0,64,128,128,21,128,128,128,21,11.08,9.55,1.53,0,11,3,0,14,960,0,0,21008,10153,26570,0,41,21,0
14722348587600,1000,2048,8192,16384,7176,512,4096,8192,1002,4096,8192,16384,809,4096,16384,16384,226,8192,16384,16384,16,512,4096,8192,200,512,4096,8192,808,1024,4096,8192,124,2048,8192,8192,9,128,65536,131072,10441,524288,524288,524288,40,131072,262144,262144,40,262144,262144,524288,40,256,1024,1024,40,64,128,128,40,128,512,4096,1188,128,512,4096,1188,128,512,4096,64584,64,512,4096,7281,64,256,512,1176,64,512,512,1638,256,1024,4096,852,256,1024,1024,1005,64,256,4096,11061,64,256,512,882,64,256,512,120,64,256,256,207,128,512,4096,144,128,512,8192,81,0,0,0,0,0,0,0,0,0,0,0,0,64,128,128,20,128,128,128,20,9.33,8.81,0.51,0,16,1,0,20,1035,0,0,20649,10353,27021,0,40,20,0
14723368740400,1000,2048,8192,16384,7096,512,4096,8192,992,4096,8192,16384,785,8192,16384,16384,202,8192,8192,8192,14,1024,4096,8192,188,512,4096,8192,805,2048,8192,8192,152,4096,4096,4096,7,256,65536,131072,10321,524288,524288,524288,41,131072,262144,262144,41,262144,524288,524288,41,256,512,1024,41,64,8192,32768,41,128,512,1024,1164,128,512,4096,1164,128,512,4096,63864,128,512,4096,7065,64,256,512,1000,128,512,2048,1611,256,2048,4096,971,128,1024,2048,854,64,256,4096,11070,64,256,1024,972,64,256,512,90,64,256,256,63,128,512,1024,126,64,512,4096,63,0,0,0,0,0,0,0,0,0,0,0,0,64,128,128,20,128,128,128,20,9.95,9.06,0.89,0,14,0,0,16,987,0,0,20846,10224,26887,0,41,20,0
14724389931700,1000,2048,8192,16384,7059,512,4096,8192,993,4096,8192,16384,790,4096,16384,16384,202,8192,16384,16384,5,512,4096,8192,199,512,4096,8192,796,2048,4096,8192,136,2048,2048,2048,8,2048,65536,262144,10259,524288,524288,524288,41,131072,262144,262144,41,262144,262144,524288,41,256,256,256,41,64,128,256,41,128,512,4096,1041,128,512,4096,1041,128,512,4096,63531,64,512,2048,7110,64,256,512,885,64,512,1024,1611,256,1024,2048,942,64,1024,1024,888,64,256,4096,11205,64,256,4096,1017,64,256,512,198,64,256,256,45,128,512,8192,45,64,256,256,72,0,0,0,0,0,0,0,0,0,0,0,0,64,128,128,21,128,128,128,21,11.09,9.31,1.79,0,5,0,0,26,992,0,0,20959,10155,26420,0,41,21,0
14725410476000,1000,2048,8192,16384,7399,512,4096,8192,1050,4096,8192,16384,846,4096,16384,16384,221,8192,8192,8192,8,512,4096,8192,224,512,4096,8192,811,1024,4096,8192,115,2048,4096,4096,7,1024,65536,131072,10753,524288,524288,524288,41,131072,262144,262144,41,262144,524288,524288,41,256,256,512,41,64,128,128,41,64,512,4096,1203,64,512,4096,1203,128,512,4096,66591,64,512,4096,7614,64,256,512,1148,64,512,4096,1710,256,1024,2048,918,128,1024,2048,891,64,256,4096,11772,64,256,512,1062,64,256,4096,282,64,256,512,81,128,256,512,72,128,256,256,63,0,0,0,0,0,0,0,0,0,0,0,0,64,128,128,20,128,128,128,20,9.70,8.55,1.15,0,8,0,0,18,1067,0,6,21369,10655,27294,0,41,20,0
14726429924100,1000,2048,8192,16384,7025,512,4096,8192,1026,4096,8192,16384,776,4096,16384,16384,203,8192,8192,8192,9,512,4096,8192,207,512,4096,8192,791,2048,8192,8192,149,2048,2048,2048,3,1024,65536,262144,10263,524288,524288,524288,41,131072,262144,262144,41,262144,262144,524288,41,256,512,512,41,128,128,128,41,64,512,4096,1128,128,512,512,1128,128,512,4096,63225,128,512,4096,6984,64,256,512,1002,128,512,2048,1521,256,1024,2048,969,128,1024,1024,915,64,256,4096,11331,64,256,2048,1233,64,256,512,159,128,256,512,63,128,256,512,81,64,256,512,27,0,0,0,0,0,0,0,0,0,0,0,0,64,128,128,21,128,128,256,21,11.24,9.07,2.17,0,9,0,0,24,979,0,0,20980,10171,26457,0,41,21,0
14727450501900,970,2048,8192,16384,6979,512,4096,8192,981,4096,8192,16384,796,8192,16384,16384,199,8192,8192,8192,11,512,4096,8192,180,512,4096,8192,783,1024,4096,8192,124,4096,4096,4096,8,1024,65536,131072,10133,524288,524288,524288,40,131072,262144,262144,40,262144,262144,524288,40,256,512,512,40,128,32768,65536,40,64,512,1024,1350,64,512,1024,1620,128,512,4096,62811,64,512,4096,7164,64,256,512,1180,128,512,2048,1557,256,1024,2048,885,128,1024,2048,939,64,256,2048,11754,64,256,4096,1044,64,256,4096,213,128,512,512,108,128,512,1024,99,128,512,512,72,0,0,0,0,0,0,0,0,0,0,0,0,64,128,128,20,64,128,128,20,11.09,9.05,2.04,0,11,0,0,16,995,30,0,20341,10073,26758,0,40,20,0
14728471768700,970,2048,8192,16384,7111,512,4096,8192,967,4096,8192,16384,792,4096,16384,16384,187,8192,8192,8192,8,512,4096,8192,209,512,4096,8192,801,2048,4096,8192,124,2048,4096,4096,5,1024,65536,131072,10271,524288,524288,524288,41,131072,262144,262144,41,262144,262144,262144,41,256,512,512,41,64,32768,65536,41,128,512,4096,1320,128,512,1024,1320,128,512,4096,63999,128,512,4096,7128,64,256,512,1160,128,512,1024,1494,256,1024,4096,867,128,1024,2048,903,64,256,4096,11115,64,256,4096,1089,64,256,512,249,128,256,4096,90,128,512,4096,72,128,512,512,45,0,0,0,0,0,0,0,0,0,0,0,0,64,128,128,20,128,128,128,20,9.95,8.93,1.02,0,8,0,0,25,979,0,6,20666,10189,25922,0,41,20,0
14729489567300,1000,2048,8192,16384,6883,512,4096,8192,981,4096,8192,16384,786,8192,16384,16384,204,8192,8192,8192,16,512,4096,8192,195,512,4096,8192,813,2048,8192,8192,138,2048,2048,2048,4,1024,65536,131072,10095,524288,524288,524288,41,131072,262144,262144,41,262144,262144,524288,41,512,512,1024,41,128,128,32768,41,64,256,4096,1464,128,512,2048,1194,128,512,4096,61947,128,512,4096,7074,64,256,1024,1062,128,512,2048,1584,256,1024,2048,978,128,1024,1024,1041,64,256,2048,11610,64,256,2048,1197,64,512,512,243,64,256,2048,126,128,512,4096,144,128,256,256,36,8192,2097152,2097152,30,1024,2048,2048,30,64,64,128,60,64,128,128,21,128,32768,65536,21,11.89,9.46,2.43,30,16,1,0,17,990,0,0,20414,10065,27029,0,41,21,0
14730511503400,1000,2048,8192,16384,7155,512,4096,8192,1001,4096,8192,16384,795,8192,16384,16384,210,8192,8192,8192,12,512,4096,8192,221,512,4096,8192,790,2048,4096,8192,130,2048,2048,2048,3,2048,65536,131072,10398,524288,524288,524288,41,262144,262144,262144,41,262144,524288,524288,41,256,512,512,41,64,128,8192,41,128,512,4096,1445,64,512,4096,1445,128,512,4096,64395,128,512,4096,7155,64,256,512,1088,128,512,4096,1404,256,1024,4096,900,256,1024,1024,918,64,256,4096,11313,64,256,4096,1125,64,256,4096,246,64,512,1024,135,128,512,4096,108,128,512,512,27,0,0,0,0,0,0,0,0,0,0,0,0,64,128,128,20,64,128,128,20,11.21,9.04,2.17,0,12,0,0,31,1005,0,0,21862,10337,27160,0,41,20,0
14731531865500,1000,2048,8192,16384,7115,512,4096,8192,990,4096,8192,16384,797,4096,16384,16384,210,8192,8192,8192,12,512,4096,8192,190,512,4096,8192,815,2048,8192,8192,149,2048,4096,4096,8,512,65536,131072,10362,524288,524288,524288,41,262144,262144,262144,41,262144,524288,524288,41,256,512,512,41,64,128,128,41,128,512,512,1360,128,512,4096,1360,128,512,4096,64035,64,512,2048,7173,64,256,512,1099,128,512,4096,1620,256,1024,4096,1002,128,1024,1024,948,64,256,2048,12051,128,256,512,1008,64,256,512,144,64,512,512,99,128,512,1024,108,128,512,1024,72,0,0,0,0,0,0,0,0,0,0,0,0,64,128,128,21,64,256,256,21,11.36,9.19,2.17,0,12,0,0,25,1007,0,0,21005,10274,26691,0,41,21,0
14732552157400,1000,2048,8192,16384,6992,512,4096,8192,988,4096,8192,16384,791,8192,16384,16384,184,8192,8192,8192,8,512,4096,8192,213,512,4096,8192,784,2048,8192,8192,119,2048,4096,4096,10,2048,65536,131072,10171,524288,524288,524288,40,262144,262144,262144,40,262144,524288,524288,40,256,512,512,40,64,16384,16384,40,128,512,1024,1236,64,512,512,1236,128,512,4096,62928,128,512,4096,7119,64,256,512,948,128,512,1024,1530,256,1024,2048,1020,128,1024,4096,921,64,256,4096,11349,64,256,512,1017,64,256,512,156,64,256,256,72,128,512,1024,72,128,512,512,90,0,0,0,0,0,0,0,0,0,0,0,0,64,128,128,20,128,128,128,20,10.85,9.32,1.53,0,8,1,0,24,975,0,0,20840,10079,26411,0,40,20,0
14733571459000,1000,2048,8192,16384,7192,512,4096,8192,1000,4096,8192,16384,815,8192,16384,16384,205,8192,8192,8192,14,512,4096,8192,194,512,4096,8192,823,2048,8192,8192,147,2048,4096,4096,10,1024,65536,131072,10491,524288,524288,524288,41,262144,262144,262144,41,262144,262144,524288,41,256,512,512,41,64,128,65536,41,128,512,4096,1333,128,512,4096,1333,128,512,4096,64728,64,512,4096,7335,64,256,512,1136,64,512,1024,1602,256,1024,4096,857,128,1024,2048,929,64,256,4096,11331,64,256,2048,1080,64,256,2048,108,64,512,4096,135,128,256,512,126,128,512,1024,90,0,0,0,0,0,0,0,0,0,0,0,0,64,128,128,20,128,128,128,20,10.73,9.20,1.53,0,14,0,0,20,1020,0,0,21575,10374,27140,0,41,20,0
14734592661700,1000,2048,8192,16384,7095,512,4096,8192,993,4096,8192,16384,804,4096,16384,16384,198,4096,8192,8192,7,512,4096,8192,205,512,4096,8192,788,1024,4096,8192,150,2048,4096,4096,7,512,65536,131072,10321,524288,524288,524288,41,131072,262144,262144,41,262144,524288,524288,41,128,256,512,41,64,128,128,41,64,256,4096,1351,128,512,4096,1351,128,512,4096,63855,64,512,4096,7236,64,256,512,966,64,512,4096,1611,256,1024,2048,888,128,1024,2048,897,64,256,4096,10827,64,256,2048,1035,64,256,512,153,64,256,256,27,128,256,512,63,128,512,512,63,0,0,0,0,0,0,0,0,0,0,0,0,64,128,128,21,128,128,256,21,12.88,10.33,2.55,0,7,2,0,16,1002,0,2,21423,10228,26893,0,41,21,0
14735612910100,1000,2048,8192,16384,7162,512,4096,8192,1021,4096,8192,16384,810,8192,16384,16384,210,8192,8192,8192,14,512,4096,8192,211,512,4096,8192,809,2048,4096,8192,129,2048,4096,4096,7,1024,65536,262144,10459,524288,524288,524288,41,131072,262144,262144,41,262144,262144,524288,41,256,512,512,41,64,128,32768,41,64,512,4096,1309,64,512,4096,1309,128,512,4096,64458,64,512,4096,7290,64,256,512,1142,128,512,2048,1710,256,1024,4096,927,128,1024,2048,981,64,256,4096,10143,64,256,4096,1071,64,256,512,246,64,512,512,153,128,256,4096,126,128,512,512,63,0,0,0,0,0,0,0,0,0,0,0,0,64,128,128,20,128,128,128,20,12.25,9.32,2.94,0,14,3,0,23,1020,0,0,21347,10378,26867,0,41,20,0
14736632818300,1000,2048,8192,16384,6971,512,4096,8192,1004,4096,8192,16384,795,4096,16384,16384,192,8192,8192,8192,10,512,4096,8192,199,512,4096,8192,794,1024,4096,8192,122,4096,8192,8192,9,1024,65536,131072,10178,524288,524288,524288,41,131072,262144,262144,41,262144,262144,524288,41,64,256,256,41,128,8192,32768,41,128,512,4096,1212,128,512,4096,1212,128,512,4096,62739,64,512,4096,7155,64,256,512,782,128,512,4096,1602,256,1024,4096,836,128,1024,1024,863,64,256,4096,10575,64,256,2048,990,64,256,256,168,128,512,512,54,128,512,512,90,128,512,4096,81,0,0,0,0,0,0,0,0,0,0,0,0,64,128,128,21,128,128,128,21,10.72,9.19,1.53,0,10,4,0,16,987,0,0,21046,10071,26779,0,41,21,0
14737652915700,970,2048,8192,16384,7091,512,4096,8192,974,4096,8192,16384,774,4096,16384,16384,204,8192,8192,8192,9,512,4096,4096,213,512,4096,8192,794,1024,4096,8192,152,2048,8192,8192,7,512,65536,262144,10289,524288,524288,524288,40,262144,262144,262144,40,262144,524288,524288,40,128,512,512,40,64,128,16384,40,128,512,4096,1304,64,512,1024,1574,128,512,4096,63819,128,512,4096,6966,64,256,512,1016,128,512,1024,1746,256,2048,2048,960,128,1024,2048,897,64,512,4096,10629,64,256,2048,963,64,256,512,120,64,256,512,90,128,512,4096,81,128,256,512,63,0,0,0,0,0,0,0,0,0,0,0,0,64,128,128,20,128,256,256,20,10.22,8.81,1.41,0,9,3,0,29,978,30,0,20171,10225,26534,0,40,20,0
14738673322200,970,2048,8192,16384,6947,512,4096,8192,966,4096,16384,16384,793,8192,16384,16384,199,8192,16384,16384,12,512,4096,8192,193,512,4096,8192,777,2048,4096,8192,125,2048,2048,2048,2,2048,65536,131072,10077,524288,524288,1048576,41,131072,262144,524288,41,262144,524288,524288,41,512,1024,1024,41,64,8192,32768,41,128,512,4096,1235,128,512,2048,1235,128,512,4096,62523,128,512,4096,7137,64,256,512,1140,128,512,4096,1557,256,1024,4096,843,128,1024,4096,960,64,256,4096,11061,64,256,1024,1134,64,256,512,141,64,256,256,117,128,512,512,108,64,256,256,18,0,0,0,0,0,0,0,0,0,0,0,0,64,128,128,20,128,128,128,20,11.99,10.33,1.66,0,12,9,0,31,992,0,0,20819,10005,26127,0,41,20,0
14739693850400,1000,2048,8192,16384,7074,512,4096,8192,978,4096,8192,16384,817,4096,16384,16384,204,8192,8192,8192,10,512,4096,8192,204,512,4096,8192,800,2048,4096,8192,126,2048,4096,4096,4,1024,65536,131072,10294,524288,524288,524288,41,131072,262144,262144,41,262144,524288,524288,41,128,256,512,41,64,128,256,41,64,512,4096,1534,128,512,2048,1264,128,512,4096,63666,64,512,4096,7353,64,256,512,1082,64,512,2048,1440,256,1024,4096,1044,128,1024,1024,990,64,256,4096,11898,64,256,512,990,64,512,1024,258,64,256,4096,90,128,512,512,90,64,256,256,36,8192,16384,16384,30,1024,2048,4096,30,64,64,128,60,64,128,128,21,128,65536,65536,21,10.47,8.55,1.91,30,10,9,0,25,1021,0,0,21044,10282,27097,0,41,21,0
14740712911700,1000,2048,8192,16384,7085,512,4096,8192,992,4096,8192,16384,776,4096,16384,16384,218,8192,8192,8192,6,512,4096,8192,194,512,4096,8192,807,2048,8192,8192,144,2048,2048,2048,6,1024,65536,131072,10289,524288,524288,524288,41,262144,262144,262144,41,262144,524288,524288,41,256,256,256,41,128,128,8192,41,128,512,4096,1205,128,512,1024,1205,128,512,4096,63765,128,512,4096,6984,64,256,512,1052,128,512,4096,1737,256,1024,4096,1011,128,1024,2048,939,64,256,4096,12015,64,512,4096,1251,64,256,512,117,64,256,256,45,128,512,512,54,128,256,512,54,0,0,0,0,0,0,0,0,0,0,0,0,64,128,128,20,128,128,128,20,11.11,9.58,1.53,0,6,14,0,15,994,0,0,21111,10207,26698,0,41,20,0
14741733661500,1000,2048,8192,16384,7075,512,4096,8192,987,4096,8192,16384,803,4096,16384,16384,207,8192,8192,8192,7,512,4096,8192,208,512,4096,8192,798,2048,4096,8192,128,2048,4096,4096,9,1024,65536,131072,10295,524288,524288,524288,41,262144,262144,262144,41,262144,524288,524288,41,256,512,512,41,64,128,16384,41,64,256,512,1292,64,512,4096,1292,128,512,4096,63675,128,512,4096,7227,64,256,512,986,128,512,1024,1584,256,1024,4096,945,64,1024,1024,846,64,256,4096,11520,64,512,4096,1044,64,256,512,222,128,256,512,63,128,256,512,63,128,512,512,81,0,0,0,0,0,0,0,0,0,0,0,0,64,128,128,21,128,128,128,21,11.35,9.18,2.17,0,7,18,0,26,1010,0,0,21177,10190,26939,0,41,21,0
14742753774800,1000,2048,8192,16384,7140,512,4096,8192,1141,4096,8192,16384,808,8192,16384,16384,176,8192,8192,8192,11,512,4096,4096,201,512,4096,8192,794,1024,8192,8192,146,2048,4096,4096,13,512,65536,131072,10494,524288,524288,524288,40,131072,262144,262144,40,262144,262144,262144,40,256,512,512,40,64,128,1024,41,128,512,4096,1406,128,512,1024,1406,128,512,4096,64260,128,512,1024,7272,64,256,512,1043,128,512,1024,1368,256,1024,2048,866,128,1024,1024,947,64,256,4096,10683,64,256,1024,1008,128,256,512,171,64,256,256,108,128,512,512,99,128,512,4096,117,0,0,0,0,0,0,0,0,0,0,0,0,64,128,128,20,128,128,128,20,10.86,9.71,1.15,0,11,28,0,23,984,0,14,21434,10388,26772,0,40,20,0
14743774641200,1000,2048,8192,16384,7143,512,4096,8192,1030,4096,8192,16384,799,4096,16384,16384,222,8192,8192,8192,11,512,4096,8192,226,512,4096,8192,796,2048,4096,8192,135,2048,4096,4096,4,256,65536,262144,10466,524288,524288,524288,41,131072,262144,262144,41,262144,262144,524288,41,256,256,512,41,64,128,16384,40,128,512,4096,1317,128,512,4096,1317,128,512,4096,64287,64,256,4096,7191,64,256,512,1234,128,512,4096,1764,256,1024,4096,885,128,1024,2048,903,64,256,4096,10908,64,256,4096,999,64,256,2048,147,64,256,512,126,128,512,1024,99,128,256,512,36,0,0,0,0,0,0,0,0,0,0,0,0,64,128,128,20,128,128,128,20,11.60,9.56,2.04,0,11,23,0,21,1021,0,0,21089,10380,27042,0,41,20,0
14744793598700,1000,2048,8192,16384,7062,512,4096,8192,1047,4096,8192,16384,792,4096,16384,16384,218,8192,16384,16384,12,512,4096,8192,179,512,8192,8192,797,2048,4096,8192,139,4096,8192,8192,4,512,65536,131072,10333,524288,524288,524288,41,131072,262144,262144,41,262144,262144,524288,41,256,512,512,41,64,128,128,41,128,512,4096,1224,128,512,4096,1224,128,512,4096,63558,128,512,4096,7128,64,256,512,1243,128,512,1024,1575,256,1024,2048,981,128,1024,1024,1008,64,256,4096,11943,64,256,1024,1071,64,256,512,180,64,256,512,81,128,512,4096,108,256,4096,4096,36,0,0,0,0,0,0,0,0,0,0,0,0,64,128,128,21,128,128,128,21,12.26,9.84,2.43,0,12,24,0,21,1010,0,0,20724,10232,26671,0,41,21,0
14745815291900,1000,2048,8192,16384,7079,512,4096,8192,990,4096,8192,16384,798,4096,8192,16384,169,8192,16384,16384,8,512,4096,8192,201,512,4096,8192,803,2048,4096,8192,123,2048,2048,2048,5,64,65536,131072,10247,524288,524288,524288,41,131072,262144,262144,41,262144,262144,262144,41,256,256,256,41,64,128,32768,41,128,512,4096,1116,128,512,4096,1116,128,512,4096,63711,64,512,4096,7182,64,256,512,896,128,512,4096,1296,256,1024,4096,984,128,1024,1024,894,64,256,4096,11727,64,256,512,1080,64,256,512,207,0,256,256,63,64,1024,4096,72,64,256,2048,45,0,0,0,0,0,0,0,0,0,0,0,0,64,128,128,20,128,128,128,20,10.97,8.93,2.04,0,8,25,0,19,967,0,0,21391,10147,26635,0,41,20,0
14746833937000,1000,2048,8192,16384,7168,512,4096,8192,995,4096,8192,16384,800,4096,16384,16384,212,8192,8192,8192,13,512,4096,8192,199,512,4096,8192,792,1024,4096,8192,151,2048,4096,4096,9,512,65536,131072,10410,524288,524288,524288,41,262144,262144,262144,41,262144,524288,524288,41,256,512,1024,41,128,128,128,41,128,512,4096,1386,128,512,4096,1386,128,512,4096,64512,64,512,2048,7200,64,256,512,1049,64,512,512,1440,128,1024,4096,978,128,1024,1024,1077,64,256,4096,11718,64,256,4096,1017,64,256,512,162,64,256,512,117,128,256,512,117,128,512,512,81,0,0,0,0,0,0,0,0,0,0,0,0,64,128,128,21,64,128,128,21,10.60,9.45,1.15,0,13,36,0,33,1012,0,0,20618,10327,27010,0,41,21,0
14747855739600,970,2048,8192,16384,6988,512,4096,8192,1004,4096,8192,16384,786,4096,16384,16384,196,8192,8192,8192,15,512,4096,8192,207,512,4096,8192,790,1024,4096,8192,131,4096,8192,8192,8,1024,65536,131072,10222,524288,524288,524288,41,131072,262144,262144,41,262144,262144,524288,41,128,512,512,41,64,128,1024,41,128,512,4096,1136,128,512,4096,1406,128,512,4096,62892,64,512,4096,7074,64,256,512,1019,64,512,1024,1602,256,1024,2048,1008,128,1024,1024,972,64,256,4096,11088,64,256,512,1026,64,512,512,198,128,256,512,135,128,512,4096,135,128,512,4096,72,0,0,0,0,0,0,0,0,0,0,0,0,64,128,128,20,64,128,128,20,11.48,9.56,1.91,0,15,41,0,28,982,30,17,20837,10158,26848,0,41,20,0
14748875331900,970,2048,8192,16384,6828,512,4096,8192,996,4096,8192,16384,780,4096,16384,16384,186,8192,8192,8192,6,512,4096,8192,223,512,4096,8192,767,1024,8192,8192,126,2048,4096,4096,8,2048,65536,131072,10000,524288,524288,524288,40,131072,262144,262144,40,262144,262144,524288,40,128,256,256,40,64,16384,16384,40,128,512,512,1155,64,512,512,1155,128,512,4096,61452,64,512,4096,7020,64,256,512,932,128,512,4096,1620,256,1024,2048,924,64,1024,1024,861,64,256,4096,10296,64,256,2048,909,64,512,512,219,64,256,512,45,128,512,512,54,128,256,1024,72,0,0,0,0,0,0,0,0,0,0,0,0,64,128,128,20,128,128,128,20,10.35,9.45,0.89,0,6,38,0,26,966,0,0,20398,9890,26115,0,40,20,0
14749896049700,1000,2048,8192,16384,7027,512,4096,8192,990,4096,8192,16384,780,8192,16384,16384,190,8192,8192,8192,3,512,4096,8192,174,512,4096,8192,809,2048,4096,8192,132,4096,4096,4096,4,2048,65536,262144,10177,524288,524288,524288,41,131072,262144,262144,41,262144,524288,524288,41,64,256,256,41,64,16384,32768,41,64,512,4096,1485,128,512,1024,1215,128,512,4096,63243,64,512,4096,7020,64,256,512,1009,128,512,4096,1512,256,2048,4096,957,128,1024,1024,948,64,256,4096,11088,64,256,2048,1026,64,512,1024,156,64,256,512,45,128,512,512,27,128,512,512,36,8192,16384,32768,30,1024,2048,2048,30,64,128,128,60,64,64,128,21,128,65536,65536,21,11.73,9.69,2.04,30,3,32,0,26,970,0,0,20918,10159,27212,0,41,21,0
14750915777700,1000,2048,8192,16384,7328,512,4096,8192,999,4096,8192,16384,819,4096,16384,16384,215,8192,8192,8192,11,512,4096,8192,204,512,4096,8192,828,1024,4096,8192,142,2048,4096,4096,3,1024,65536,131072,10630,524288,524288,524288,41,262144,262144,262144,41,262144,262144,524288,41,256,512,512,41,64,128,128,41,128,512,4096,1373,128,512,4096,1373,128,512,4096,65952,64,512,2048,7371,64,256,512,1047,64,512,4096,1665,256,1024,2048,939,128,1024,1024,966,64,256,4096,10683,64,256,1024,954,64,256,1024,174,64,256,512,90,128,512,512,99,128,512,512,27,0,0,0,0,0,0,0,0,0,0,0,0,64,128,128,20,128,256,256,20,9.06,8.68,0.38,0,11,22,0,24,1034,0,0,21170,10547,27304,0,41,20,0
14751936299900,1000,2048,8192,16384,7146,512,4096,8192,993,4096,8192,16384,806,4096,16384,16384,212,8192,8192,8192,7,512,4096,8192,201,512,4096,8192,786,2048,8192,8192,125,2048,2048,2048,4,256,65536,131072,10357,524288,524288,524288,41,131072,262144,262144,41,262144,262144,262144,41,128,256,256,41,64,128,32768,41,64,512,4096,1320,128,512,4096,1320,128,512,4096,64314,64,512,4096,7254,64,256,512,1044,64,512,2048,1782,256,1024,2048,839,128,1024,2048,866,64,256,2048,11547,64,256,512,1143,64,512,512,117,64,256,256,63,64,256,256,63,128,256,256,36,0,0,0,0,0,0,0,0,0,0,0,0,64,128,128,21,128,128,128,21,11.87,9.95,1.91,0,7,28,0,32,1018,0,0,21032,10265,26746,0,41,21,0
14752956395200,1000,2048,8192,16384,7202,512,4096,8192,1035,4096,8192,16384,821,4096,16384,16384,200,8192,16384,16384,12,512,4096,8192,224,512,4096,8192,818,2048,8192,8192,136,2048,4096,4096,6,1024,65536,131072,10512,524288,524288,524288,41,262144,262144,262144,41,262144,524288,524288,41,256,512,512,41,128,128,8192,41,64,512,4096,1361,64,512,4096,1361,128,512,4096,64818,64,512,4096,7389,64,256,512,988,128,512,4096,1638,256,1024,4096,923,128,1024,1024,941,64,256,4096,11304,64,256,4096,882,64,256,1024,159,64,256,512,99,128,512,4096,108,128,512,512,54,0,0,0,0,0,0,0,0,0,0,0,0,64,128,128,20,128,128,128,20,12.76,10.34,2.42,0,12,27,0,26,1021,0,4,21571,10435,27308,0,41,20,0
14753977106200,1000,2048,8192,16384,7124,512,4096,8192,998,4096,8192,16384,779,4096,16384,16384,187,8192,16384,16384,9,512,4096,8192,209,512,4096,8192,778,2048,4096,8192,155,2048,4096,4096,6,1024,65536,262144,10315,524288,524288,524288,40,131072,262144,262144,40,262144,262144,524288,40,128,256,512,40,64,32768,65536,40,128,512,4096,1204,128,512,4096,1204,128,512,4096,64116,64,512,2048,7011,64,256,512,863,128,512,4096,1350,256,1024,4096,1026,128,1024,4096,963,64,256,4096,10422,64,256,512,1026,64,256,512,150,64,256,512,81,128,256,4096,81,64,256,512,54,0,0,0,0,0,0,0,0,0,0,0,0,64,128,128,20,128,128,128,20,10.08,9.06,1.02,0,9,15,0,22,966,0,0,20920,10217,26728,0,40,20,0
14754996750300,1000,2048,8192,16384,7126,512,4096,8192,993,4096,8192,16384,801,4096,16384,16384,227,8192,16384,16384,11,512,4096,8192,196,512,4096,8192,823,2048,4096,8192,129,2048,2048,2048,4,512,65536,131072,10394,524288,524288,524288,41,131072,262144,262144,41,262144,524288,524288,41,256,256,512,41,64,4096,32768,41,128,512,2048,1082,128,512,4096,1082,128,512,4096,64134,64,512,1024,7209,64,256,512,1116,64,512,4096,1818,256,1024,2048,993,128,1024,1024,1038,64,256,2048,11151,64,256,512,765,64,256,512,165,128,256,512,117,128,4096,4096,99,64,512,512,36,0,0,0,0,0,0,0,0,0,0,0,0,64,128,128,21,128,128,128,21,10.98,8.81,2.17,0,11,14,0,29,1028,0,1,20892,10322,26886,0,41,21,0
14756017053100,1000,2048,8192,16384,7069,512,4096,8192,992,4096,8192,16384,801,8192,16384,16384,227,8192,8192,8192,11,512,4096,8192,176,512,4096,8192,788,1024,4096,8192,126,8192,8192,8192,6,4096,65536,131072,10251,524288,524288,524288,41,131072,262144,262144,41,262144,262144,262144,41,256,512,512,41,128,128,128,41,64,512,4096,1303,128,512,1024,1303,128,512,4096,63621,128,512,4096,7209,64,256,512,1268,128,512,1024,1539,256,1024,2048,873,128,1024,2048,999,64,256,4096,10224,64,256,4096,1134,64,512,4096,147,64,256,512,117,64,512,4096,99,128,512,4096,54,0,0,0,0,0,0,0,0,0,0,0,0,64,128,128,20,128,128,128,20,9.32,8.93,0.38,0,11,12,0,24,1028,0,0,21001,10163,26441,0,41,20,0
14757037941900,970,2048,8192,16384,7091,512,4096,8192,998,4096,8192,16384,792,4096,16384,16384,173,8192,16384,16384,12,512,4096,8192,215,512,4096,8192,802,2048,4096,8192,147,4096,4096,4096,6,1024,65536,131072,10313,524288,524288,524288,41,131072,262144,262144,41,262144,262144,262144,41,256,512,512,41,64,128,128,41,64,512,4096,1373,64,512,4096,1643,128,512,4096,63819,64,512,4096,7128,64,256,512,855,128,512,2048,1404,256,1024,2048,1035,128,1024,2048,936,64,256,4096,11034,64,256,2048,1017,64,256,4096,195,64,256,512,81,128,256,4096,108,128,512,512,54,0,0,0,0,0,0,0,0,0,0,0,0,64,128,128,21,128,128,128,21,11.87,9.32,2.55,0,12,4,0,22,965,30,71,21366,10269,26714,0,41,21,0
14758058213500,970,2048,8192,16384,7058,512,4096,8192,968,4096,8192,16384,784,4096,16384,16384,223,8192,8192,8192,11,512,4096,8192,216,512,4096,8192,782,1024,4096,8192,135,2048,4096,4096,3,512,65536,131072,10244,524288,524288,524288,41,131072,262144,262144,41,262144,262144,524288,41,256,512,512,41,64,128,8192,41,64,256,512,1110,128,512,512,1110,128,512,4096,63522,64,256,2048,7056,64,256,512,1058,128,512,2048,1620,256,1024,2048,994,128,1024,1024,949,64,256,4096,11124,64,256,512,1044,64,256,4096,168,64,256,512,108,128,512,512,99,128,256,512,27,0,0,0,0,0,0,0,0,0,0,0,0,64,128,128,20,128,128,128,20,10.34,8.93,1.40,0,11,2,0,24,1007,0,0,20685,10156,26691,0,41,20,0
14759077700000,970,2048,8192,16384,6781,512,4096,8192,964,4096,8192,16384,750,4096,16384,16384,191,8192,8192,8192,7,512,4096,4096,196,512,4096,8192,776,1024,4096,8192,126,2048,2048,2048,3,1024,65536,131072,9871,524288,524288,524288,40,131072,262144,262144,40,262144,524288,524288,40,256,512,512,40,64,128,128,40,128,512,4096,1234,128,512,1024,1234,64,512,4096,61029,64,512,4096,6750,64,256,512,1047,128,256,1024,1548,256,1024,2048,831,128,1024,2048,831,64,256,4096,10602,64,256,4096,1044,64,256,2048,219,64,512,1024,63,64,512,4096,63,64,512,512,27,8192,16384,16384,11,512,4096,4096,11,64,128,16384,22,64,128,128,20,128,128,128,20,12.25,9.95,2.30,11,7,0,0,21,941,0,0,20490,9823,25981,0,40,20,0
14760097304100,1000,2048,8192,16384,7212,512,4096,8192,991,4096,8192,16384,843,4096,16384,16384,191,8192,16384,16384,13,512,4096,8192,190,512,4096,8192,811,1024,4096,8192,133,2048,2048,2048,3,128,65536,131072,10461,524288,524288,524288,41,262144,262144,262144,41,262144,262144,262144,41,256,512,1024,41,64,2048,8192,41,64,512,4096,1563,128,512,4096,1293,64,512,4096,64908,64,512,1024,7587,64,256,512,943,64,512,2048,1476,256,1024,4096,871,128,1024,1024,934,64,256,4096,11880,64,256,512,810,64,256,4096,237,64,256,256,117,128,512,1024,117,128,256,512,27,8192,16384,16384,19,1024,1024,1024,19,64,128,1024,38,64,128,128,21,128,65536,65536,21,10.48,9.07,1.41,19,13,1,0,24,1034,0,2,20923,10421,27064,0,41,21,0
14761118381800,1000,2048,8192,16384,7153,512,4096,8192,998,4096,8192,16384,805,8192,16384,16384,214,8192,16384,16384,12,512,4096,8192,181,512,4096,8192,800,1024,8192,8192,137,4096,4096,4096,5,2048,65536,131072,10382,524288,524288,524288,41,262144,262144,262144,41,262144,524288,524288,41,256,1024,1024,41,64,128,128,41,128,512,4096,1239,128,512,4096,1239,128,512,4096,64377,64,512,4096,7245,64,256,512,1309,64,512,4096,1593,256,1024,2048,861,128,1024,2048,924,64,256,4096,10854,64,256,512,936,64,512,512,153,128,512,1024,126,128,512,4096,108,256,512,1024,45,0,0,0,0,0,0,0,0,0,0,0,0,64,128,128,20,128,128,128,20,8.93,8.42,0.51,0,12,2,0,27,1019,0,0,20702,10287,26718,0,41,20,0
14762137845900,1000,2048,8192,16384,7100,512,4096,8192,994,4096,16384,16384,779,8192,16384,32768,206,8192,8192,8192,14,512,4096,8192,223,512,4096,8192,796,1024,4096,8192,140,2048,2048,2048,4,512,65536,131072,10342,524288,524288,1048576,41,262144,262144,262144,41,262144,524288,524288,41,256,512,1024,41,64,256,2048,41,64,512,4096,1179,64,512,2048,1179,128,512,4096,63900,64,512,4096,7011,64,256,512,1114,128,512,2048,1638,256,1024,2048,969,128,1024,1024,951,64,512,2048,10764,64,512,512,972,64,256,512,198,64,512,4096,108,128,512,512,126,64,512,512,36,0,0,0,0,0,0,0,0,0,0,0,0,64,128,128,21,128,128,256,21,12.14,9.96,2.17,0,14,1,0,30,985,0,0,20999,10243,26612,0,41,21,0
14763159057300,1000,2048,8192,16384,7108,512,4096,8192,994,4096,8192,16384,776,4096,16384,16384,199,8192,16384,16384,9,512,4096,8192,212,512,4096,8192,799,2048,4096,8192,133,2048,4096,4096,6,2048,65536,131072,10317,524288,524288,524288,41,262144,262144,262144,41,262144,524288,524288,41,512,512,512,41,64,128,65536,41,128,512,4096,1244,128,512,4096,1244,128,512,4096,63972,64,512,4096,6984,64,256,512,1095,128,512,1024,1602,256,1024,2048,1002,128,1024,2048,1020,64,256,4096,11448,64,256,1024,1206,64,256,2048,171,64,256,512,99,128,512,4096,81,128,512,512,54,0,0,0,0,0,0,0,0,0,0,0,0,64,128,128,20,64,128,128,20,11.09,9.18,1.91,0,9,0,0,24,975,0,0,21390,10212,26467,0,41,20,0
14764178200800,1000,2048,8192,16384,7196,512,4096,8192,1001,4096,8192,16384,811,8192,16384,16384,170,8192,8192,8192,7,512,4096,4096,217,512,4096,8192,835,2048,4096,8192,144,2048,4096,4096,6,1024,65536,131072,10470,524288,524288,524288,40,131072,262144,262144,40,262144,262144,262144,40,256,512,512,40,64,128,128,41,64,256,512,1204,64,512,4096,1204,64,512,4096,64764,64,512,4096,7299,64,256,512,949,64,512,2048,1512,256,1024,2048,843,128,1024,2048,888,64,256,4096,11223,64,256,512,1035,64,256,512,156,64,256,256,63,64,256,512,63,64,256,512,54,0,0,0,0,0,0,0,0,0,0,0,0,64,128,128,21,128,128,128,21,11.50,9.84,1.66,0,7,0,0,20,981,0,0,21211,10372,26619,0,40,21,0
14765200990900,1000,2048,8192,16384,7386,512,4096,8192,995,4096,8192,16384,818,4096,16384,16384,219,8192,8192,8192,6,512,4096,8192,194,512,4096,8192,797,2048,4096,8192,142,2048,4096,4096,4,1024,65536,131072,10652,524288,524288,524288,41,262144,262144,262144,41,262144,262144,524288,41,256,512,512,41,64,128,32768,40,128,512,4096,1328,128,512,4096,1328,64,512,4096,66474,64,512,4096,7362,64,256,512,1088,64,512,4096,1800,256,1024,2048,930,128,1024,2048,840,64,256,4096,11232,64,256,512,1161,64,256,512,201,128,256,256,27,128,512,512,54,64,512,512,36,0,0,0,0,0,0,0,0,0,0,0,0,64,128,128,20,128,128,128,20,11.60,9.31,2.30,0,6,0,0,25,1037,0,9,21267,10561,26392,0,41,20,0
14766218307600,1000,2048,8192,16384,7154,512,4096,8192,999,4096,8192,16384,824,4096,16384,16384,201,8192,8192,8192,8,512,4096,8192,193,512,4096,8192,804,2048,8192,8192,125,2048,2048,2048,5,1024,65536,131072,10389,524288,524288,524288,41,131072,262144,262144,41,262144,262144,524288,41,256,512,512,41,64,128,65536,41,128,512,4096,1285,64,512,4096,1285,64,512,4096,64386,64,512,4096,7416,64,256,512,969,64,512,1024,1611,256,1024,4096,915,128,1024,2048,906,64,256,4096,11250,64,256,2048,1161,64,256,512,180,128,256,512,108,128,512,1024,72,64,256,256,45,0,0,0,0,0,0,0,0,0,0,0,0,64,128,128,20,128,256,256,20,11.13,9.21,1.92,0,8,1,0,19,1025,0,0,21242,10302,27261,0,41,20,0
14767239872200,970,2048,8192,16384,6978,512,4096,8192,991,4096,8192,16384,780,4096,16384,16384,207,8192,8192,8192,11,512,4096,8192,210,512,4096,8192,789,1024,4096,8192,122,0,0,0,1,1024,65536,131072,10160,524288,524288,524288,41,262144,262144,262144,41,262144,524288,524288,41,256,512,512,41,64,128,128,41,64,512,4096,1295,64,512,4096,1565,128,512,4096,62802,64,512,4096,7020,64,256,512,1103,64,512,4096,1656,256,1024,4096,960,128,1024,1024,942,64,256,4096,11169,64,256,512,1008,64,512,512,162,64,256,512,72,64,512,512,99,64,256,256,9,0,0,0,0,0,0,0,0,0,0,0,0,64,128,128,21,128,256,256,21,11.85,9.94,1.91,0,11,0,0,17,987,30,0,20562,10128,26727,0,41,21,0
14768259871000,970,2048,8192,16384,6900,512,4096,8192,967,4096,8192,16384,750,4096,16384,16384,181,8192,16384,16384,10,512,4096,4096,227,512,4096,8192,785,1024,4096,8192,149,2048,4096,4096,8,128,65536,131072,10029,524288,524288,524288,41,131072,262144,262144,41,262144,262144,524288,41,256,512,512,41,64,128,2048,41,64,512,4096,1178,64,512,4096,1178,128,512,4096,62100,64,512,4096,6750,64,256,512,982,128,512,2048,1323,256,1024,2048,908,64,1024,2048,899,64,256,4096,10863,64,256,2048,1170,64,256,4096,243,64,256,512,90,128,512,512,90,128,256,512,72,0,0,0,0,0,0,0,0,0,0,0,0,64,128,128,20,128,128,128,20,10.59,9.19,1.40,0,10,0,0,24,931,0,0,20546,9940,25591,0,41,20,0
14769280506200,981,2048,8192,16384,6931,512,4096,8192,962,4096,8192,16384,784,4096,16384,16384,214,8192,16384,16384,14,512,4096,8192,168,512,4096,8192,786,2048,4096,8192,126,2048,2048,2048,4,128,65536,131072,10079,524288,524288,524288,41,131072,262144,262144,41,262144,524288,524288,41,256,512,512,41,64,128,8192,41,64,512,4096,1344,64,512,4096,1245,128,512,4096,62379,64,512,4096,7056,64,256,4096,1053,128,512,1024,1602,256,1024,4096,927,128,1024,2048,1035,64,256,4096,10665,64,256,512,909,64,256,4096,162,64,512,512,162,128,512,4096,126,128,256,512,36,8192,16384,16384,22,1024,1024,1024,11,64,64,128,33,64,128,128,21,128,256,32768,21,10.85,9.57,1.28,11,14,1,0,25,998,0,12,20218,10035,26228,0,41,21,0
14770300220800,1000,2048,8192,16384,7085,512,4096,8192,990,4096,8192,16384,804,4096,16384,16384,205,8192,16384,16384,14,512,8192,8192,217,512,4096,8192,807,2048,4096,8192,123,2048,2048,2048,7,128,65536,131072,10323,524288,524288,524288,40,131072,262144,262144,40,262144,524288,524288,40,256,512,512,40,64,128,8192,40,64,512,4096,1368,64,512,4096,1197,64,512,4096,63765,64,512,1024,7236,64,256,512,1082,64,256,512,1548,256,2048,4096,899,128,1024,1024,881,64,256,2048,10539,64,256,2048,1017,64,256,512,204,64,512,512,108,128,512,1024,126,128,512,512,63,8192,16384,16384,8,1024,1024,1024,19,64,64,64,27,64,128,128,20,128,65536,65536,20,11.23,9.19,2.04,19,14,1,0,21,1009,0,0,20716,10263,27164,0,40,20,0
14771320873700,1000,2048,8192,16384,7064,512,4096,8192,995,4096,8192,16384,799,4096,16384,32768,214,8192,8192,8192,13,512,4096,8192,169,512,4096,8192,789,1024,8192,8192,151,2048,2048,2048,7,256,65536,131072,10268,524288,524288,524288,41,131072,262144,262144,41,262144,262144,262144,41,256,512,512,41,64,128,128,41,128,512,4096,1241,128,512,4096,1241,128,512,4096,63576,64,512,1024,7191,64,256,512,970,128,512,4096,1548,256,1024,4096,987,128,1024,2048,1023,64,256,4096,10710,64,256,4096,1008,128,256,512,165,64,256,512,144,128,512,2048,117,128,256,512,63,0,0,0,0,0,0,0,0,0,0,0,0,64,128,128,20,128,128,128,20,11.87,9.95,1.91,0,13,0,0,20,1013,0,0,20594,10181,26603,0,41,20,0
14772340649600,1000,2048,8192,16384,7084,512,4096,8192,987,4096,8192,16384,796,4096,16384,16384,206,8192,16384,16384,13,512,4096,8192,222,512,4096,8192,793,2048,8192,8192,148,4096,4096,4096,8,512,65536,131072,10332,524288,524288,524288,41,131072,262144,262144,41,262144,262144,524288,41,256,256,512,41,64,128,128,41,128,512,4096,1238,128,512,4096,1238,128,512,4096,63756,64,512,2048,7164,64,256,512,952,128,512,512,1557,256,1024,4096,915,128,1024,4096,870,64,256,4096,11340,64,256,4096,954,64,256,512,192,64,256,512,63,128,512,4096,117,128,512,512,72,0,0,0,0,0,0,0,0,0,0,0,0,64,128,128,21,128,128,128,21,12.00,9.06,2.94,0,13,2,0,21,1002,0,0,20856,10275,26598,0,41,21,0
14773361027600,1000,2048,8192,16384,7098,512,4096,8192,997,4096,8192,16384,787,8192,16384,16384,211,8192,16384,16384,13,512,4096,8192,214,512,4096,8192,804,1024,4096,8192,128,4096,4096,4096,11,128,65536,131072,10347,524288,524288,524288,41,131072,262144,262144,41,262144,262144,524288,41,256,512,512,41,64,128,2048,41,64,512,4096,1307,64,512,1024,1307,128,512,4096,63882,64,512,1024,7083,64,256,512,1344,128,512,4096,1512,256,1024,2048,924,128,1024,1024,996,64,256,4096,11529,64,256,512,1116,64,256,4096,129,64,256,512,126,128,256,512,117,128,512,4096,99,0,0,0,0,0,0,0,0,0,0,0,0,64,128,128,20,128,128,128,20,12.12,10.08,2.04,0,13,1,0,20,998,0,0,20665,10239,26705,0,41,20,0
14774380998800,1000,2048,8192,16384,7332,512,4096,8192,1091,4096,8192,16384,814,8192,16384,16384,188,8192,8192,8192,10,512,4096,8192,203,512,4096,8192,806,2048,4096,8192,127,0,0,0,1,512,65536,131072,10651,524288,524288,524288,41,131072,262144,262144,41,262144,524288,524288,41,256,512,512,41,64,128,128,41,64,512,1024,1230,64,512,1024,1230,128,512,4096,65988,64,512,4096,7326,64,256,512,819,64,512,1024,1503,256,1024,2048,959,128,1024,1024,941,64,256,4096,10773,64,256,512,1035,64,256,8192,96,64,256,512,90,128,512,1024,90,64,256,256,9,0,0,0,0,0,0,0,0,0,0,0,0,64,128,128,21,128,128,128,21,10.99,9.71,1.28,0,10,1,0,35,1002,0,14,21035,10549,26690,0,41,21,0
14775401413800,1000,2048,8192,16384,6949,512,4096,8192,1002,4096,8192,16384,803,8192,16384,16384,198,8192,8192,8192,10,512,4096,8192,193,512,4096,8192,793,2048,4096,8192,142,2048,2048,2048,7,64,65536,131072,10178,524288,524288,524288,40,131072,262144,262144,40,262144,262144,524288,40,256,512,512,40,64,128,128,40,64,512,4096,1109,64,512,4096,1109,64,512,4096,62541,64,512,1024,7227,64,256,512,1065,64,512,4096,1404,256,1024,4096,954,128,1024,1024,981,64,256,4096,10539,64,256,4096,999,64,512,512,126,128,256,256,108,128,512,4096,90,128,256,512,63,0,0,0,0,0,0,0,0,0,0,0,0,64,128,128,20,128,128,128,20,11.35,9.44,1.91,0,10,1,0,17,1001,0,0,20512,10089,26550,0,40,20,0
14776420682100,1000,2048,8192,16384,7091,512,4096,8192,989,4096,8192,16384,792,4096,16384,16384,206,8192,8192,8192,16,512,4096,4096,176,512,4096,8192,794,2048,4096,8192,131,2048,2048,2048,5,128,65536,262144,10282,524288,524288,524288,41,131072,262144,262144,41,262144,262144,524288,41,256,512,512,41,64,128,128,41,64,512,4096,1254,64,512,1024,1254,64,512,4096,63819,64,512,4096,7128,64,256,512,1163,64,512,4096,1404,256,1024,4096,840,128,1024,1024,894,64,256,4096,11358,64,256,512,1026,64,256,4096,171,64,256,512,135,128,512,512,144,128,256,512,45,0,0,0,0,0,0,0,0,0,0,0,0,64,128,128,20,128,128,128,20,10.35,9.45,0.89,0,16,0,0,19,998,0,0,20638,10206,26685,0,41,20,0
14777442294000,970,2048,8192,16384,7196,512,4096,8192,1070,4096,8192,16384,813,4096,16384,16384,205,8192,8192,8192,12,512,4096,8192,219,512,4096,8192,807,1024,4096,8192,129,2048,8192,8192,13,128,65536,131072,10541,524288,524288,524288,41,131072,262144,262144,41,262144,262144,524288,41,256,512,512,41,64,128,128,41,64,512,4096,1265,64,512,1024,1535,64,512,4096,64764,64,512,2048,7317,64,256,512,912,128,512,1024,1575,256,1024,2048,896,128,1024,1024,905,64,256,4096,10368,64,256,512,1035,64,256,1024,198,128,256,512,99,128,256,512,108,128,512,4096,117,0,0,0,0,0,0,0,0,0,0,0,0,64,128,128,21,128,128,128,21,11.35,9.69,1.66,0,12,0,0,25,1018,30,0,20876,10458,27202,0,41,21,0
14778462257400,970,2048,8192,16384,6984,512,4096,8192,967,4096,8192,16384,770,4096,16384,16384,200,8192,8192,8192,10,512,4096,8192,223,512,4096,8192,773,2048,8192,8192,124,4096,4096,4096,4,128,65536,131072,10136,524288,524288,524288,41,131072,262144,262144,41,262144,262144,262144,41,256,512,512,41,64,128,128,41,64,256,512,1023,64,512,1024,1023,64,512,4096,62856,64,512,4096,6930,64,256,512,986,64,512,4096,1521,256,1024,4096,930,128,1024,1024,894,64,256,4096,11169,64,256,2048,900,64,256,512,201,64,512,512,117,128,512,512,90,128,512,512,36,0,0,0,0,0,0,0,0,0,0,0,0,64,128,128,20,128,128,128,20,10.34,9.06,1.28,0,10,0,0,15,970,0,0,20978,10043,26262,0,41,20,0
14779481316800,992,2048,8192,16384,6869,512,4096,8192,974,4096,8192,16384,765,4096,16384,16384,188,8192,8192,8192,11,512,4096,8192,194,512,4096,8192,788,1024,4096,8192,154,2048,4096,4096,8,64,65536,131072,10037,524288,524288,524288,41,131072,262144,262144,41,262144,262144,524288,41,256,512,512,41,64,128,1024,41,64,512,4096,1524,128,512,4096,1326,64,512,4096,61821,64,256,1024,6885,64,256,512,946,64,512,512,1719,256,1024,2048,873,64,1024,4096,792,64,256,4096,11682,64,256,1024,1044,64,256,512,216,64,256,256,81,128,512,512,99,64,256,4096,72,16384,16384,16384,22,1024,1024,1024,22,64,64,64,44,64,128,128,21,128,32768,65536,21,10.61,9.21,1.41,22,11,0,0,29,953,0,4,20603,9988,26247,0,41,21,0
14780502544900,1000,2048,8192,16384,7080,512,4096,8192,993,4096,8192,16384,811,4096,16384,16384,190,8192,8192,8192,11,512,4096,4096,191,512,4096,8192,775,1024,8192,8192,129,2048,2048,2048,4,128,65536,131072,10268,524288,524288,524288,40,131072,262144,262144,40,262144,262144,524288,40,128,512,512,40,64,128,16384,40,64,512,4096,1272,128,512,1024,1200,64,512,4096,63720,64,512,4096,7299,64,256,512,849,64,512,1024,1629,256,1024,4096,993,64,1024,2048,939,64,256,4096,10494,64,256,1024,990,64,256,512,201,64,256,4096,90,128,512,512,99,128,512,512,36,16384,16384,16384,8,1024,1024,1024,8,64,128,128,16,64,128,128,20,128,128,128,20,12.24,9.18,3.06,8,11,2,0,20,1001,0,0,20875,10190,27206,0,40,20,0
14781522133400,1000,2048,8192,16384,7303,512,4096,8192,1016,4096,8192,16384,803,4096,16384,16384,208,8192,8192,8192,11,512,4096,8192,185,512,4096,8192,812,2048,4096,8192,125,2048,4096,4096,3,1024,65536,131072,10540,524288,524288,524288,41,131072,262144,262144,41,262144,262144,524288,41,256,512,512,41,64,128,128,41,64,512,4096,1205,128,512,4096,1205,128,512,4096,65727,64,512,4096,7227,64,256,512,1091,128,512,4096,1557,256,1024,2048,924,256,1024,1024,960,64,256,4096,11025,64,256,2048,972,64,256,512,195,64,512,512,117,128,512,512,99,64,256,256,27,0,0,0,0,0,0,0,0,0,0,0,0,64,128,128,20,128,128,128,20,11.36,9.44,1.91,0,11,3,0,24,1011,0,20,21099,10461,26602,0,41,20,0
14782542861400,1000,2048,8192,16384,7041,512,4096,8192,993,4096,8192,16384,780,4096,16384,16384,180,8192,8192,8192,8,512,4096,8192,220,512,4096,8192,815,2048,8192,8192,147,2048,4096,4096,10,1024,65536,131072,10269,524288,524288,524288,41,131072,262144,262144,41,262144,262144,524288,41,256,512,512,41,64,128,128,41,64,512,4096,1262,64,512,1024,1262,128,512,4096,63369,64,512,2048,7020,64,256,512,891,64,512,2048,1593,256,1024,4096,972,128,1024,4096,909,64,256,4096,10512,64,256,4096,1071,64,256,4096,213,64,256,256,63,128,512,512,72,128,256,256,90,0,0,0,0,0,0,0,0,0,0,0,0,64,128,128,21,128,128,128,21,13.13,10.58,2.55,0,8,2,0,30,960,0,0,21204,10154,26540,0,41,21,0
14783562609200,1000,2048,8192,16384,7088,512,4096,8192,999,4096,8192,16384,816,4096,16384,16384,239,8192,8192,8192,10,512,4096,8192,227,512,4096,8192,795,2048,4096,8192,140,2048,8192,8192,7,2048,65536,131072,10384,524288,524288,524288,41,131072,262144,262144,41,262144,524288,524288,41,128,512,512,41,128,1024,65536,41,64,512,4096,1163,128,512,1024,1163,128,512,4096,63792,64,512,2048,7344,64,256,512,1094,128,512,1024,1836,256,1024,4096,996,128,1024,2048,906,64,256,4096,11367,64,256,512,1134,64,512,2048,186,64,512,512,63,128,512,4096,90,128,256,4096,63,0,0,0,0,0,0,0,0,0,0,0,0,64,128,128,20,128,128,128,20,11.24,9.45,1.79,0,10,3,0,22,1055,0,0,21130,10302,26778,0,41,20,0
14784583842300,1000,2048,8192,16384,7198,512,4096,8192,997,4096,8192,16384,824,4096,16384,16384,200,8192,8192,8192,5,512,8192,8192,205,512,4096,8192,812,1024,4096,8192,148,2048,2048,2048,4,2048,65536,131072,10463,524288,524288,524288,41,131072,262144,262144,41,262144,262144,524288,41,128,256,256,41,64,128,128,41,64,512,1024,1412,64,512,1024,1412,128,512,4096,64782,64,512,4096,7416,64,256,512,1007,64,512,2048,1584,256,1024,4096,825,128,1024,1024,816,64,256,4096,11520,64,256,1024,1134,64,512,512,168,64,512,1024,54,64,256,512,45,64,256,512,36,0,0,0,0,0,0,0,0,0,0,0,0,64,64,128,21,128,128,128,21,11.22,9.56,1.66,0,5,7,0,31,1024,0,0,21657,10389,26811,1,41,21,0
14785603784200,1000,2048,8192,16384,7017,512,4096,8192,994,4096,8192,16384,776,4096,16384,16384,188,8192,8192,8192,6,512,4096,8192,166,512,4096,8192,803,2048,8192,8192,115,2048,4096,4096,7,1024,65536,262144,10147,524288,524288,524288,40,131072,262144,262144,40,262144,262144,524288,40,128,256,256,40,64,128,65536,41,64,512,4096,1183,64,512,4096,1183,128,512,4096,63153,64,512,4096,6984,64,256,512,1060,128,512,512,1440,256,1024,4096,951,128,1024,2048,861,64,256,4096,11712,64,256,4096,1152,64,256,512,192,64,256,512,45,128,512,1024,54,128,256,512,63,0,0,0,0,0,0,0,0,0,0,0,0,64,128,128,20,128,256,256,20,12.12,9.95,2.17,0,6,13,0,23,964,0,0,20517,10051,26433,1,40,20,0
14786623767200,1000,2048,8192,16384,7070,512,4096,8192,993,4096,8192,16384,775,4096,16384,16384,188,8192,16384,16384,6,512,4096,8192,195,512,4096,8192,795,2048,4096,8192,154,2048,4096,4096,7,128,65536,131072,10250,524288,524288,524288,41,262144,262144,262144,41,262144,262144,262144,41,256,256,512,41,64,128,8192,40,64,512,4096,1293,64,512,4096,1293,64,512,4096,63630,64,512,4096,6975,64,256,512,1219,128,512,1024,1485,256,1024,4096,927,128,1024,1024,864,64,256,2048,10923,64,256,1024,1026,64,256,512,207,64,512,512,90,128,512,1024,54,64,256,512,63,0,0,0,0,0,0,0,0,0,0,0,0,64,128,128,20,128,256,256,20,10.22,9.71,0.51,0,6,12,0,26,963,0,0,21063,10171,26655,0,41,20,0
14787643575100,970,2048,8192,16384,6992,512,4096,8192,981,4096,8192,16384,790,4096,16384,16384,239,8192,8192,8192,13,512,4096,8192,227,512,4096,8192,768,2048,8192,8192,117,2048,4096,4096,7,512,65536,131072,10207,524288,524288,524288,41,131072,262144,262144,41,262144,524288,524288,41,256,512,512,41,64,128,128,41,128,512,4096,1193,64,512,1024,1463,64,512,4096,62928,64,256,2048,7110,64,256,512,1241,128,256,1024,1683,256,1024,2048,918,128,1024,1024,936,64,256,4096,11907,64,256,512,1116,64,256,4096,144,64,256,256,90,128,256,1024,117,128,512,2048,63,0,0,0,0,0,0,0,0,0,0,0,0,64,128,128,21,128,128,128,21,11.49,9.44,2.04,0,13,17,0,30,1029,30,0,20604,10142,27001,0,41,21,0
14788664330900,970,2048,8192,16384,7110,512,4096,8192,1017,4096,8192,16384,818,4096,16384,16384,191,8192,16384,16384,11,512,4096,8192,229,512,4096,8192,800,2048,4096,8192,134,4096,4096,4096,11,4096,65536,131072,10400,524288,524288,524288,41,131072,262144,262144,41,262144,262144,524288,41,128,512,512,41,64,128,256,41,128,512,4096,972,128,512,4096,972,128,512,4096,63999,128,512,4096,7362,64,256,512,933,128,512,4096,1512,256,1024,4096,825,128,1024,2048,870,64,256,4096,11475,64,256,512,1107,64,256,512,153,64,256,512,117,128,512,4096,99,128,512,1024,99,0,0,0,0,0,0,0,0,0,0,0,0,64,128,128,20,128,128,128,20,11.60,10.20,1.40,0,11,23,0,22,1009,0,12,21203,10304,25981,0,41,20,0
14789684244300,1000,2048,8192,16384,6923,512,4096,8192,1027,4096,8192,16384,782,4096,16384,16384,187,8192,8192,8192,12,512,8192,8192,194,512,4096,8192,813,2048,8192,8192,116,2048,2048,2048,5,1024,65536,262144,10139,524288,524288,524288,41,131072,262144,262144,41,262144,262144,524288,41,128,512,512,41,128,16384,65536,41,64,512,4096,1332,128,512,4096,1062,128,512,4096,62298,64,512,4096,7038,64,256,1024,1041,64,512,4096,1467,128,1024,2048,885,64,1024,1024,921,64,256,2048,11727,64,512,4096,1188,64,256,4096,186,64,256,512,81,64,512,1024,108,64,256,256,45,8192,16384,16384,30,1024,2048,2048,30,64,64,128,60,64,128,128,21,128,32768,65536,21,11.50,9.58,1.92,30,12,31,0,24,969,0,6,20816,10131,26911,0,41,21,0
14790705353700,1000,2048,8192,16384,7202,512,4096,8192,995,4096,8192,16384,798,4096,16384,32768,199,8192,8192,8192,2,512,4096,8192,164,512,4096,8192,789,1024,8192,8192,157,2048,4096,4096,6,1024,65536,262144,10375,524288,524288,524288,41,131072,262144,262144,41,262144,262144,524288,41,64,256,256,41,64,128,32768,41,64,512,4096,1306,64,512,1024,1306,64,512,4096,64818,64,512,2048,7182,64,256,512,1061,64,512,1024,1647,256,1024,2048,1025,64,1024,1024,935,64,256,4096,11169,64,256,2048,954,64,256,512,138,0,512,512,18,64,512,512,18,128,512,512,54,0,0,0,0,0,0,0,0,0,0,0,0,64,128,128,20,128,128,128,20,11.35,8.80,2.55,0,2,28,0,29,997,0,14,20643,10300,26795,0,41,20,0
14791725244000,1000,2048,8192,16384,7098,512,4096,8192,997,4096,8192,16384,773,4096,16384,16384,228,8192,8192,8192,13,512,4096,8192,223,512,4096,8192,803,2048,4096,8192,144,2048,4096,4096,6,512,65536,131072,10385,524288,524288,524288,40,262144,262144,262144,40,262144,524288,524288,40,256,512,512,40,64,128,128,40,64,512,4096,1301,128,512,1024,1301,64,512,4096,63882,64,512,1024,6957,64,256,512,1232,64,512,4096,1629,256,1024,4096,933,128,1024,1024,996,64,256,2048,11133,64,512,4096,1053,64,512,4096,81,64,256,512,153,128,512,512,117,128,512,512,54,0,0,0,0,0,0,0,0,0,0,0,0,64,128,128,20,128,128,128,20,10.85,9.83,1.02,0,13,37,0,28,1001,0,0,20688,10269,27229,0,40,20,0
14792745609800,1000,2048,8192,16384,7067,512,4096,8192,992,4096,8192,16384,819,8192,16384,16384,190,8192,8192,8192,7,512,4096,8192,219,512,4096,8192,801,1024,8192,16384,150,8192,8192,8192,4,512,65536,131072,10300,524288,524288,524288,41,262144,262144,262144,41,262144,524288,524288,41,256,512,512,41,64,128,4096,41,128,512,4096,1362,128,512,4096,1362,128,512,4096,63603,64,512,4096,7371,64,512,512,940,128,512,1024,1341,256,2048,4096,999,128,1024,4096,972,64,256,4096,11160,64,256,2048,1116,64,512,512,222,64,512,4096,63,64,256,512,63,64,4096,4096,36,0,0,0,0,0,0,0,0,0,0,0,0,64,128,128,21,128,128,128,21,10.34,9.06,1.28,0,7,32,0,19,1009,0,0,21061,10206,26745,0,41,21,0
14793764666800,1000,2048,8192,16384,7244,512,4096,8192,1045,4096,8192,16384,818,8192,16384,16384,194,8192,8192,8192,12,512,4096,8192,192,512,4096,8192,799,1024,4096,8192,131,2048,4096,4096,8,64,65536,131072,10519,524288,524288,524288,41,131072,262144,262144,41,262144,524288,524288,41,256,512,512,41,64,128,128,41,64,512,4096,1093,128,512,4096,1093,128,512,4096,65196,64,512,2048,7362,64,256,512,923,128,512,4096,1647,256,1024,2048,882,128,1024,2048,936,64,256,4096,11520,64,256,4096,1062,128,256,4096,198,128,256,512,108,128,256,512,108,128,512,512,72,0,0,0,0,0,0,0,0,0,0,0,0,64,128,128,20,128,128,128,20,12.14,9.71,2.43,0,12,27,0,23,1012,0,0,20668,10427,26725,0,41,20,0
14794786012200,1000,2048,8192,16384,7187,512,4096,8192,998,4096,8192,16384,799,4096,16384,16384,192,8192,8192,8192,8,512,4096,8192,186,512,4096,8192,811,2048,4096,8192,116,4096,4096,4096,2,512,65536,262144,10377,524288,524288,524288,41,262144,262144,262144,41,262144,524288,524288,41,256,512,512,41,64,128,16384,41,128,512,4096,1295,128,512,4096,1295,128,512,4096,64683,64,512,2048,7191,64,256,512,957,128,512,1024,1521,128,1024,2048,948,64,1024,1024,966,64,256,4096,11088,64,512,4096,1071,64,512,4096,135,128,256,256,63,128,512,4096,72,256,512,512,18,0,0,0,0,0,0,0,0,0,0,0,0,64,128,128,21,128,128,128,21,10.97,9.56,1.40,0,8,36,0,17,991,0,0,20715,10288,26648,0,41,21,0
14795805504100,1000,2048,8192,16384,7117,512,4096,8192,1002,4096,8192,16384,800,4096,16384,16384,220,8192,8192,8192,11,512,4096,8192,196,512,4096,8192,810,1024,4096,8192,136,2048,2048,2048,2,128,65536,131072,10402,524288,524288,524288,41,131072,262144,262144,41,262144,262144,524288,41,256,512,512,41,64,128,512,41,64,512,4096,1152,128,512,1024,1152,128,512,4096,64053,64,512,4096,7200,64,256,512,986,128,512,4096,2007,256,1024,4096,858,128,1024,2048,921,64,256,2048,11043,64,256,4096,1089,64,256,512,141,64,256,512,99,128,256,512,99,128,512,512,18,0,0,0,0,0,0,0,0,0,0,0,0,64,128,128,20,128,128,128,20,10.35,9.20,1.15,0,11,39,0,23,1020,0,0,20914,10309,27308,0,41,20,0
14796826851800,1000,2048,8192,16384,7258,512,4096,8192,1007,4096,8192,16384,812,4096,16384,16384,166,8192,8192,8192,7,512,4096,8192,221,512,4096,8192,815,2048,8192,8192,143,0,0,0,1,512,65536,262144,10498,524288,524288,524288,40,131072,262144,262144,40,262144,524288,524288,40,256,512,512,40,64,128,128,40,64,512,4096,1230,64,512,4096,1230,128,512,4096,65322,64,512,2048,7308,64,256,512,1002,128,512,1024,1215,256,1024,2048,993,64,1024,1024,948,64,256,4096,11358,64,256,1024,981,128,256,512,186,64,256,256,63,128,256,256,63,0,256,256,9,0,0,0,0,0,0,0,0,0,0,0,0,64,128,128,20,128,128,128,20,9.69,8.67,1.02,0,7,29,0,23,978,0,0,20944,10413,26767,0,40,20,0
14797845209000,970,2048,8192,16384,6977,512,4096,8192,970,4096,8192,16384,771,4096,16384,16384,202,8192,8192,8192,10,512,4096,4096,208,512,4096,8192,768,1024,8192,8192,126,2048,2048,2048,4,512,65536,131072,10099,524288,524288,524288,41,131072,262144,262144,41,262144,262144,524288,41,256,512,512,41,64,128,16384,41,64,512,4096,1445,64,512,1024,1715,128,512,4096,62793,64,512,4096,6939,64,256,512,1061,128,512,1024,1521,256,1024,4096,960,128,1024,1024,969,64,256,4096,11466,64,256,2048,1044,64,256,512,141,64,256,512,99,128,512,4096,90,128,256,512,36,0,0,0,0,0,0,0,0,0,0,0,0,64,128,128,21,64,128,256,21,12.92,10.36,2.56,0,10,27,0,22,973,30,1,20448,10055,26729,0,41,21,0
14798866949100,970,2048,8192,16384,6973,512,4096,8192,967,4096,8192,16384,790,4096,16384,16384,227,8192,16384,16384,16,512,4096,4096,212,512,4096,8192,779,1024,8192,8192,158,2048,4096,4096,6,1024,65536,262144,10211,524288,524288,524288,41,131072,262144,262144,41,262144,524288,524288,41,256,512,1024,41,64,128,2048,41,128,512,4096,1284,128,512,4096,1284,128,512,4096,62757,64,512,1024,7110,64,256,512,1278,128,512,1024,1872,256,1024,4096,966,128,1024,2048,930,64,256,4096,11277,64,256,1024,1062,64,256,1024,225,64,256,512,117,128,512,4096,144,128,512,512,54,0,0,0,0,0,0,0,0,0,0,0,0,64,128,128,20,128,128,128,20,12.87,9.81,3.06,0,16,16,0,18,1017,0,0,20775,10122,26369,0,41,20,0
14799886918600,1000,2048,8192,16384,6980,512,4096,8192,971,4096,16384,16384,779,4096,16384,16384,201,8192,8192,8192,12,512,4096,8192,176,512,4096,8192,797,2048,8192,8192,118,2048,4096,4096,6,1024,65536,131072,10107,524288,524288,524288,41,131072,262144,262144,41,262144,262144,524288,41,256,512,512,41,64,128,1024,41,64,512,4096,1322,64,512,1024,1052,128,512,4096,62820,64,512,2048,7011,64,256,512,867,128,512,1024,1584,256,1024,4096,854,128,1024,1024,908,64,256,4096,11187,64,256,512,972,64,256,512,198,64,256,512,108,128,512,512,108,128,256,512,54,8192,16384,16384,30,512,2048,2048,30,64,64,128,60,64,128,128,21,128,65536,65536,21,10.98,8.93,2.04,30,12,23,0,11,980,0,0,20105,10067,26280,0,41,21,0
14800907378400,1000,2048,8192,16384,7263,512,4096,8192,1026,4096,8192,16384,821,4096,16384,16384,196,8192,16384,16384,12,512,4096,8192,189,512,4096,8192,828,1024,4096,8192,132,4096,4096,4096,4,1024,65536,131072,10560,524288,524288,524288,41,131072,262144,262144,41,262144,262144,262144,41,256,512,512,41,64,128,128,41,64,256,4096,1251,64,512,4096,1251,128,512,4096,65367,64,512,4096,7389,64,256,512,1058,128,512,1024,1566,256,1024,2048,792,128,1024,2048,783,64,256,2048,11574,64,256,512,990,64,256,2048,159,64,256,512,99,128,512,4096,108,128,512,512,36,0,0,0,0,0,0,0,0,0,0,0,0,64,128,128,20,128,128,128,20,11.36,9.32,2.04,0,12,27,0,16,1017,0,0,21017,10433,27040,0,41,20,0
14801927587900,1000,2048,8192,16384,7071,512,4096,8192,994,4096,8192,16384,793,4096,16384,16384,185,8192,8192,8192,5,512,4096,8192,223,512,4096,8192,781,2048,8192,8192,132,2048,4096,4096,6,1024,65536,262144,10258,524288,524288,524288,40,262144,262144,262144,40,262144,262144,524288,40,128,256,512,40,64,128,16384,40,64,512,4096,1359,128,512,1024,1359,128,512,4096,63639,128,512,2048,7137,64,256,512,1000,128,512,512,1377,256,1024,4096,1008,128,1024,1024,945,64,256,2048,10485,64,256,512,846,64,256,512,189,64,512,1024,45,64,256,4096,45,128,512,512,54,0,0,0,0,0,0,0,0,0,0,0,0,64,128,128,20,128,128,128,20,10.72,9.32,1.40,0,5,14,0,28,978,0,0,20288,10158,25898,0,40,20,0
14802947690700,1000,2048,8192,16384,7196,512,4096,8192,999,4096,8192,16384,825,4096,16384,32768,231,8192,8192,8192,7,512,4096,8192,214,512,4096,8192,813,2048,4096,8192,142,2048,4096,4096,6,1024,65536,131072,10512,524288,524288,524288,41,131072,262144,262144,41,262144,262144,262144,41,256,512,512,41,64,2048,16384,41,64,512,4096,1133,64,512,2048,1133,128,512,4096,64764,64,512,1024,7425,64,256,512,1179,128,512,4096,1683,256,1024,4096,932,128,1024,2048,959,64,256,4096,10656,64,256,512,1008,64,256,512,126,64,256,512,99,64,256,4096,63,128,256,512,54,0,0,0,0,0,0,0,0,0,0,0,0,64,128,128,21,128,128,128,21,9.44,8.93,0.51,0,7,6,0,27,1056,0,0,20472,10387,26365,0,41,21,0
14803967823900,1000,2048,8192,16384,7198,512,4096,8192,993,4096,8192,16384,814,4096,16384,16384,195,8192,8192,8192,13,512,4096,4096,207,512,4096,8192,789,1024,4096,8192,124,2048,4096,4096,6,128,65536,131072,10414,524288,524288,524288,41,131072,262144,262144,41,262144,262144,524288,41,256,512,512,41,64,128,128,41,64,512,4096,1313,128,512,4096,1313,128,512,4096,64782,64,512,4096,7326,64,256,512,1104,128,256,1024,1503,256,1024,4096,906,128,1024,1024,942,64,256,4096,11880,64,256,2048,1134,64,256,256,180,64,256,512,99,128,512,512,117,64,256,512,54,0,0,0,0,0,0,0,0,0,0,0,0,64,128,128,20,128,256,256,20,13.66,10.34,3.32,0,13,3,0,26,1009,0,0,20996,10337,26786,0,41,20,0
14804986977600,1000,2048,8192,16384,7019,512,4096,8192,994,4096,8192,16384,786,4096,16384,16384,192,8192,16384,16384,8,512,8192,8192,178,512,4096,8192,808,1024,8192,8192,158,2048,4096,4096,7,512,65536,131072,10219,524288,524288,524288,41,262144,262144,262144,41,262144,262144,524288,41,256,256,512,41,128,128,2048,41,128,512,1024,1362,128,512,4096,1362,128,512,4096,63171,64,512,4096,7074,64,256,512,1070,128,512,1024,1548,256,1024,2048,867,128,1024,1024,858,64,256,2048,11322,64,256,512,1071,64,256,4096,237,64,512,512,54,128,512,4096,72,128,512,512,63,0,0,0,0,0,0,0,0,0,0,0,0,64,128,128,21,128,128,128,21,12.66,9.59,3.07,0,8,1,0,25,978,0,0,20516,10129,26256,0,41,21,0
14806007371300,1000,2048,8192,16384,7177,512,4096,8192,1001,4096,8192,16384,800,4096,16384,16384,206,8192,16384,16384,6,512,4096,8192,215,512,4096,8192,813,1024,4096,8192,142,4096,8192,8192,5,1024,65536,131072,10447,524288,524288,524288,41,131072,262144,262144,41,262144,524288,524288,41,64,256,256,41,128,128,65536,41,128,512,4096,1224,128,512,1024,1224,128,512,4096,64593,64,512,4096,7200,64,256,512,1059,128,512,1024,1521,256,1024,2048,935,128,1024,2048,935,64,256,2048,11547,64,256,2048,1098,64,256,512,117,64,256,512,63,128,512,512,54,128,512,4096,45,0,0,0,0,0,0,0,0,0,0,0,0,64,128,128,20,128,256,256,20,11.60,9.69,1.91,0,6,0,0,24,1006,0,2,21064,10359,26378,0,41,20,0
14807027132600,1000,2048,8192,16384,7098,512,4096,8192,986,4096,8192,16384,787,4096,16384,16384,203,8192,8192,8192,13,512,4096,8192,199,512,4096,8192,781,1024,4096,4096,123,4096,8192,8192,5,512,65536,131072,10272,524288,524288,524288,40,131072,262144,262144,40,262144,524288,524288,40,256,512,512,40,64,128,128,40,64,512,1024,1199,64,512,4096,1199,128,512,4096,63882,64,512,1024,7083,64,256,512,1144,64,512,1024,1503,256,1024,2048,912,128,1024,2048,921,64,256,4096,11682,64,512,1024,936,64,256,2048,147,64,256,256,135,128,512,4096,117,128,4096,4096,45,0,0,0,0,0,0,0,0,0,0,0,0,128,128,128,20,128,256,256,20,11.24,9.84,1.41,0,13,1,0,30,990,0,0,20864,10159,26439,0,40,20,0
14808047491000,970,2048,8192,16384,6854,512,4096,8192,973,4096,8192,16384,773,4096,16384,16384,195,8192,16384,16384,11,512,4096,4096,232,512,4096,8192,787,2048,8192,8192,127,2048,4096,4096,11,1024,65536,131072,10038,524288,524288,524288,41,262144,262144,262144,41,262144,262144,524288,41,256,512,512,41,64,128,128,41,64,512,4096,1277,64,512,4096,1547,64,512,4096,61686,64,512,2048,6957,64,256,512,966,64,512,4096,1503,256,1024,2048,939,128,1024,2048,948,64,256,4096,11097,64,256,512,1044,64,256,512,138,128,512,4096,81,128,512,512,99,128,512,512,99,0,0,0,0,0,0,0,0,0,0,0,0,64,128,128,21,128,128,128,21,9.95,8.81,1.15,0,11,0,0,23,968,30,0,20800,9944,26667,0,41,21,0
14809067488900,970,2048,8192,16384,6933,512,4096,8192,962,4096,8192,16384,793,4096,16384,16384,195,8192,16384,16384,7,512,4096,8192,163,512,4096,8192,759,1024,8192,8192,140,4096,4096,4096,9,512,65536,131072,10032,524288,524288,524288,41,131072,262144,262144,41,262144,262144,262144,41,64,256,512,41,64,128,32768,41,64,512,4096,1222,64,512,4096,1222,64,512,4096,62397,64,512,4096,7137,64,256,512,1013,64,512,4096,1530,256,1024,4096,891,128,1024,1024,882,64,256,4096,10341,64,512,4096,801,64,256,512,201,128,256,512,63,128,512,512,63,128,512,4096,81,0,0,0,0,0,0,0,0,0,0,0,0,64,128,128,20,128,128,128,20,9.83,8.68,1.15,0,7,0,0,23,988,0,0,20607,9939,26047,0,41,20,0
14810089552100,1000,2048,8192,16384,7155,512,4096,8192,977,4096,8192,16384,798,4096,16384,16384,194,8192,8192,8192,10,512,4096,8192,206,512,4096,8192,819,2048,8192,8192,124,2048,4096,4096,6,512,65536,131072,10379,524288,524288,524288,41,131072,262144,262144,41,262144,524288,524288,41,256,512,512,41,64,128,8192,41,64,512,4096,1424,128,512,1024,1154,128,512,4096,64395,64,512,4096,7182,64,256,512,865,64,512,2048,1647,256,1024,2048,999,128,1024,2048,1008,64,256,4096,10773,64,256,4096,990,64,256,512,147,64,512,512,90,64,512,4096,90,128,512,1024,54,16384,2097152,2097152,30,1024,2048,2048,30,64,128,512,60,64,128,128,21,128,65536,131072,21,9.81,8.53,1.27,30,10,0,0,24,992,0,0,20935,10342,27191,0,41,21,0
14811109040500,1000,2048,8192,16384,7077,512,4096,8192,1054,4096,8192,16384,803,4096,16384,16384,196,8192,8192,8192,6,512,4096,8192,195,512,4096,8192,803,2048,8192,8192,142,2048,4096,4096,9,2048,65536,262144,10358,524288,524288,524288,41,131072,262144,262144,41,262144,524288,524288,41,128,256,512,41,64,128,128,41,64,512,4096,1215,128,512,2048,1215,128,512,4096,63693,64,512,1024,7227,64,256,512,1065,128,512,4096,1674,256,1024,2048,873,128,1024,2048,873,64,256,2048,11097,64,256,512,1071,128,256,4096,156,64,256,256,72,128,512,1024,54,128,512,512,81,0,0,0,0,0,0,0,0,0,0,0,0,64,128,128,20,128,128,128,20,11.75,9.45,2.30,0,6,0,0,22,999,0,0,20443,10260,25919,0,41,20,0
14812129744900,1000,2048,8192,16384,7266,512,4096,8192,1046,4096,8192,16384,809,4096,16384,16384,205,8192,16384,16384,15,512,4096,8192,210,512,4096,8192,817,2048,8192,8192,125,0,0,0,1,1024,65536,131072,10580,524288,524288,524288,41,262144,262144,262144,41,262144,262144,524288,41,256,512,512,41,64,128,2048,41,128,512,4096,1349,64,512,4096,1349,128,512,4096,65394,64,512,4096,7281,64,256,512,1016,128,512,1024,1638,256,1024,2048,843,128,1024,1024,915,64,256,4096,11133,64,256,2048,990,64,512,4096,183,64,256,512,126,128,512,4096,135,128,256,256,9,0,0,0,0,0,0,0,0,0,0,0,0,64,128,128,21,128,128,128,21,11.87,9.32,2.55,0,15,0,0,16,1014,0,0,20834,10483,26849,0,41,21,0
14813149859400,1000,2048,8192,16384,7008,512,4096,8192,987,4096,8192,16384,778,4096,16384,16384,213,8192,8192,8192,13,512,4096,8192,226,512,4096,8192,750,1024,8192,8192,151,4096,8192,8192,8,512,65536,131072,10201,524288,524288,524288,40,262144,262144,262144,40,262144,262144,524288,40,256,512,512,40,64,128,128,40,128,512,1024,1253,128,512,4096,1253,128,512,4096,63072,128,512,1024,7002,64,256,1024,1003,128,512,1024,1539,256,1024,2048,942,128,1024,2048,996,64,256,4096,10602,64,256,4096,954,64,512,4096,141,64,512,512,108,128,512,1024,117,128,512,4096,72,0,0,0,0,0,0,0,0,0,0,0,0,64,128,128,20,128,256,256,20,10.46,9.44,1.02,0,13,0,0,26,991,0,0,20337,10112,26076,0,40,20,0
14814170349400,1000,2048,8192,16384,7198,512,4096,8192,996,4096,8192,16384,828,4096,16384,16384,196,8192,8192,8192,10,512,4096,8192,196,512,4096,8192,829,2048,8192,8192,133,2048,4096,4096,8,512,65536,131072,10474,524288,524288,524288,41,131072,262144,262144,41,262144,524288,524288,41,256,512,512,41,64,128,2048,41,64,512,1024,1222,128,512,1024,1222,128,512,4096,64782,128,512,4096,7452,64,256,512,1152,128,512,1024,1602,256,1024,2048,1014,128,1024,2048,933,64,256,1024,10548,64,256,1024,1089,64,512,1024,90,64,512,512,90,128,2048,4096,90,128,512,512,72,0,0,0,0,0,0,0,0,0,0,0,0,64,128,128,20,128,128,128,20,12.00,9.32,2.68,0,10,0,0,31,1024,0,0,20927,10369,26823,0,41,20,0
14815189362300,1000,2048,8192,16384,7110,512,4096,8192,999,4096,8192,16384,804,4096,16384,16384,211,8192,16384,16384,13,512,4096,8192,180,512,4096,8192,808,1024,8192,8192,150,2048,4096,4096,8,512,65536,131072,10356,524288,524288,524288,41,262144,262144,262144,41,262144,262144,262144,41,256,256,256,41,64,128,8192,41,128,512,4096,1210,128,512,4096,1210,128,512,4096,63990,128,256,1024,7236,64,256,512,1107,128,512,1024,1647,256,1024,2048,798,128,1024,1024,834,64,256,4096,10989,64,256,512,1125,64,256,1024,201,64,256,256,108,128,256,4096,117,128,512,512,72,0,0,0,0,0,0,0,0,0,0,0,0,64,128,128,21,128,128,128,21,11.24,9.20,2.04,0,13,1,0,16,1015,0,0,20683,10272,26654,0,41,21,0
14816210767000,1000,2048,8192,16384,7115,512,4096,8192,996,4096,8192,16384,801,4096,16384,16384,199,8192,8192,8192,10,512,4096,8192,211,512,4096,8192,805,1024,8192,8192,130,2048,2048,2048,2,512,65536,131072,10337,524288,524288,524288,41,131072,262144,262144,41,262144,262144,262144,41,256,512,512,41,64,128,2048,41,64,512,4096,1110,128,512,4096,1110,128,512,4096,64035,64,512,2048,7209,64,256,512,1028,128,512,1024,1575,256,1024,4096,930,128,1024,1024,939,64,256,4096,11304,64,256,512,1008,64,256,512,237,64,256,512,126,128,512,1024,90,128,512,512,18,0,0,0,0,0,0,0,0,0,0,0,0,64,128,128,20,128,128,128,20,11.48,9.82,1.66,0,10,0,0,29,1000,0,0,20509,10248,26242,0,41,20,0
14817231854800,1000,2048,8192,16384,7173,512,4096,8192,999,4096,8192,16384,809,8192,16384,16384,201,8192,8192,8192,12,512,4096,8192,215,512,4096,8192,797,2048,4096,8192,134,2048,2048,2048,4,256,65536,131072,10420,524288,524288,524288,41,262144,262144,262144,41,262144,262144,262144,41,256,512,512,41,64,128,128,41,64,512,4096,1509,64,512,4096,1509,128,512,4096,64557,64,512,2048,7281,64,256,512,1104,128,512,4096,1503,256,1024,2048,936,128,1024,2048,927,64,256,4096,11295,64,256,512,1098,64,256,512,204,64,256,256,99,128,512,512,108,128,256,256,36,0,0,0,0,0,0,0,0,0,0,0,0,64,128,128,21,128,128,256,21,11.86,9.18,2.68,0,12,0,0,21,1010,0,5,21312,10346,26863,0,41,21,0
14818250908700,970,2048,8192,16384,6935,512,4096,8192,967,4096,8192,16384,787,4096,16384,16384,197,8192,8192,8192,12,512,4096,8192,190,512,4096,8192,749,2048,4096,8192,125,2048,2048,2048,3,1024,65536,131072,10028,524288,524288,524288,40,131072,262144,262144,40,262144,524288,524288,40,256,512,512,40,64,128,512,40,128,512,4096,1292,64,512,1024,1562,128,512,4096,62415,64,512,4096,7083,64,256,512,1094,128,512,2048,1458,256,1024,4096,852,128,1024,2048,888,64,256,1024,11025,64,256,4096,963,64,256,512,126,64,256,256,81,128,512,512,108,64,256,256,27,0,0,0,0,0,0,0,0,0,0,0,0,64,128,128,20,64,128,128,20,11.89,9.72,2.17,0,12,0,0,15,984,30,0,20038,9957,25979,6,40,20,0
14819271844700,970,2048,8192,16384,7021,512,4096,8192,974,4096,8192,16384,785,4096,16384,16384,213,8192,8192,8192,5,512,4096,4096,206,512,4096,8192,787,2048,4096,8192,120,2048,8192,8192,11,1024,65536,131072,10191,524288,524288,524288,41,131072,262144,262144,41,262144,262144,262144,41,64,256,256,41,64,128,256,41,64,512,1024,1222,64,512,4096,1222,128,512,4096,63189,64,512,4096,7065,64,256,512,1052,128,512,512,1674,256,1024,4096,825,128,1024,1024,852,64,256,4096,10548,64,256,4096,1071,64,512,4096,219,128,256,256,54,64,256,512,45,128,512,4096,99,0,0,0,0,0,0,0,0,0,0,0,0,64,128,128,20,128,128,128,20,10.71,8.54,2.17,0,5,0,0,22,998,0,0,20638,10088,25936,1,41,20,0
14820290212600,1000,2048,8192,16384,7120,512,4096,8192,990,4096,8192,16384,765,4096,16384,16384,205,8192,8192,8192,12,512,4096,8192,189,512,4096,8192,841,1024,8192,8192,140,2048,2048,2048,2,1024,65536,131072,10347,524288,524288,524288,41,131072,262144,262144,41,262144,262144,524288,41,256,256,512,41,64,128,32768,41,64,512,4096,1569,64,512,4096,1299,128,512,4096,64080,64,512,4096,6885,64,256,512,1056,64,512,512,1611,256,1024,2048,1056,128,1024,2048,1038,64,256,2048,11520,64,256,512,918,64,256,512,201,64,256,1024,108,128,512,1024,108,64,512,512,18,8192,16384,16384,30,1024,1024,1024,30,64,64,128,60,64,128,128,21,128,65536,65536,21,11.13,9.34,1.79,30,12,0,0,23,970,0,0,19849,10305,26013,0,41,21,0
14821311946700,1000,2048,8192,16384,7106,512,4096,8192,993,4096,8192,16384,812,8192,16384,16384,186,8192,16384,16384,12,512,4096,8192,220,512,4096,8192,785,2048,4096,8192,143,2048,2048,2048,2,1024,65536,262144,10345,524288,524288,524288,41,131072,262144,262144,41,262144,524288,524288,41,256,512,512,41,64,128,16384,41,64,256,1024,1223,64,512,4096,1223,128,512,4096,63954,64,512,4096,7308,64,256,512,1085,128,512,4096,1413,256,1024,2048,943,128,1024,1024,979,64,256,2048,11295,64,256,4096,1080,64,256,1024,144,64,256,256,99,128,512,4096,108,128,256,256,18,0,0,0,0,0,0,0,0,0,0,0,0,64,128,128,20,128,128,128,20,11.46,9.04,2.42,0,12,0,0,28,998,0,0,21185,10259,26756,0,41,20,0
14822331702600,1000,2048,8192,16384,7062,512,4096,8192,993,4096,8192,16384,803,8192,16384,16384,205,8192,8192,8192,5,512,4096,8192,201,512,4096,8192,788,1024,4096,8192,145,2048,4096,4096,4,512,65536,262144,10280,524288,524288,524288,41,131072,262144,262144,41,262144,262144,262144,41,256,512,512,41,64,128,32768,41,64,512,1024,1296,128,512,1024,1296,128,512,4096,63558,64,512,1024,7227,64,256,512,1155,128,512,2048,1548,256,1024,4096,879,64,1024,1024,834,64,256,4096,11367,64,256,4096,855,64,256,512,255,128,256,512,72,64,256,256,45,128,256,1024,36,0,0,0,0,0,0,0,0,0,0,0,0,64,128,128,21,128,128,128,21,10.22,9.20,1.02,0,5,1,0,30,1008,0,4,20420,10200,26314,0,41,21,0
14823352099000,1000,2048,8192,16384,7124,512,4096,8192,990,4096,8192,16384,792,4096,16384,16384,210,8192,8192,8192,7,512,4096,8192,205,512,4096,8192,792,2048,8192,8192,133,2048,4096,4096,11,512,65536,262144,10337,524288,524288,524288,40,131072,262144,262144,40,262144,524288,524288,40,256,512,512,40,64,128,128,40,64,512,4096,1239,128,512,4096,1239,128,512,4096,64116,64,512,2048,7128,64,256,512,1053,128,512,1024,1449,256,1024,2048,999,128,1024,1024,918,64,256,4096,10728,64,256,2048,1161,64,512,4096,120,64,256,256,90,64,512,512,63,128,256,512,99,0,0,0,0,0,0,0,0,0,0,0,0,64,128,128,20,128,128,128,20,10.84,8.80,2.04,0,7,3,0,27,1002,0,0,20713,10237,26622,0,40,20,0
14824372129600,1000,2048,8192,16384,7091,512,4096,8192,996,4096,8192,16384,796,8192,16384,16384,178,8192,16384,16384,12,512,4096,8192,203,512,4096,8192,813,2048,4096,8192,122,2048,2048,2048,8,256,65536,131072,10293,524288,524288,524288,41,131072,262144,262144,41,262144,262144,524288,41,256,512,1024,41,64,128,128,41,64,512,4096,1265,64,512,4096,1265,64,512,4096,63819,64,512,4096,7164,64,256,512,936,64,512,1024,1485,256,1024,2048,921,128,1024,1024,1002,64,256,4096,11511,64,256,2048,954,64,512,2048,117,64,256,512,126,128,512,1024,108,128,256,512,72,0,0,0,0,0,0,0,0,0,0,0,0,64,128,128,20,128,256,256,20,11.11,8.81,2.30,0,12,2,0,25,974,0,0,20980,10196,26559,0,41,20,0
14825393363800,1000,2048,8192,16384,7208,512,4096,8192,995,4096,8192,16384,795,8192,16384,16384,220,8192,16384,16384,13,512,4096,8192,189,512,4096,8192,820,2048,4096,8192,152,2048,4096,4096,5,1024,65536,262144,10481,524288,524288,524288,41,131072,262144,262144,41,262144,262144,262144,41,256,512,1024,41,64,128,65536,41,64,512,4096,1183,64,512,4096,1183,128,512,4096,64872,64,512,4096,7155,64,256,512,1267,128,512,4096,1791,256,1024,4096,920,128,1024,2048,938,64,256,2048,10575,64,256,2048,963,64,512,4096,189,64,512,4096,99,128,512,4096,117,128,512,512,45,0,0,0,0,0,0,0,0,0,0,0,0,64,128,128,21,128,128,128,21,10.58,8.80,1.79,0,13,0,0,25,1015,0,0,20569,10389,26343,0,41,21,0
14826413043800,1000,2048,8192,16384,7138,512,4096,8192,1001,4096,8192,16384,812,4096,16384,16384,193,8192,8192,8192,12,512,4096,8192,220,512,4096,8192,798,1024,4096,4096,143,2048,4096,4096,6,512,65536,131072,10426,524288,524288,524288,41,131072,262144,262144,41,262144,262144,524288,41,256,1024,1024,41,64,128,32768,41,128,512,4096,1152,128,512,4096,1152,64,512,4096,64251,64,512,4096,7308,64,256,512,959,64,512,1024,1584,256,1024,4096,942,128,1024,1024,915,64,256,4096,10746,64,256,512,1071,64,256,1024,165,64,256,512,108,128,512,4096,108,128,256,4096,54,0,0,0,0,0,0,0,0,0,0,0,0,64,128,128,20,128,256,256,20,10.35,8.43,1.92,0,12,1,0,15,1005,0,0,20942,10335,26935,0,41,20,0
14827433172500,1000,2048,8192,16384,7137,512,4096,8192,989,4096,8192,16384,792,4096,16384,16384,173,8192,8192,8192,16,512,4096,8192,210,512,4096,8192,774,1024,4096,4096,117,2048,2048,2048,6,1024,65536,262144,10288,524288,524288,524288,41,131072,262144,262144,41,262144,262144,524288,41,256,512,1024,41,64,128,2048,41,64,512,4096,1328,128,512,1024,1328,64,512,4096,64224,64,512,2048,7128,64,256,512,973,64,512,1024,1449,256,1024,4096,1026,128,1024,2048,1044,64,256,4096,10611,64,256,512,1026,64,512,2048,132,64,256,512,135,128,512,512,144,64,256,512,54,0,0,0,0,0,0,0,0,0,0,0,0,64,128,128,21,128,128,256,21,12.11,9.44,2.68,0,16,4,0,20,965,0,0,20210,10189,26236,0,41,21,0
14828453958400,970,2048,8192,16384,7084,512,4096,8192,1046,4096,8192,16384,808,8192,16384,16384,215,8192,16384,16384,16,512,4096,8192,203,512,4096,8192,814,2048,4096,8192,130,4096,4096,4096,4,1024,65536,262144,10387,524288,524288,524288,40,131072,262144,262144,40,262144,524288,524288,40,256,512,512,40,128,32768,65536,41,64,512,1024,1323,64,512,1024,1593,64,512,4096,63756,64,512,2048,7272,64,256,512,1103,64,512,1024,1566,256,1024,4096,831,128,1024,2048,867,64,256,4096,10575,64,512,4096,1071,64,256,4096,180,64,256,256,126,128,512,4096,144,64,512,512,36,0,0,0,0,0,0,0,0,0,0,0,0,64,128,128,20,128,128,128,20,10.85,8.93,1.91,0,16,1,0,27,1023,30,0,19703,10288,26052,0,40,20,0
14829471456100,970,2048,8192,16384,6590,512,4096,8192,889,4096,8192,16384,731,4096,16384,16384,210,8192,8192,8192,6,512,4096,8192,169,512,4096,8192,749,1024,4096,8192,126,2048,4096,4096,3,1024,65536,131072,9532,524288,524288,524288,41,262144,262144,262144,41,262144,524288,524288,41,256,512,512,41,64,128,128,40,128,512,4096,1343,128,512,1024,1343,128,512,4096,59310,64,256,1024,6579,64,256,512,946,128,512,2048,1602,256,1024,2048,968,128,1024,1024,968,64,256,4096,10494,128,512,4096,810,64,256,512,228,64,256,256,63,128,512,512,54,64,512,1024,27,0,0,0,0,0,0,0,0,0,0,0,0,64,128,128,20,128,256,256,20,12.80,10.50,2.30,0,6,8,0,25,941,0,0,19725,9448,24922,0,41,20,0
14830493800800,1000,2048,8192,16384,7394,512,4096,8192,1071,4096,8192,16384,826,4096,16384,16384,217,8192,16384,16384,10,512,4096,8192,209,512,4096,8192,821,2048,8192,8192,150,2048,4096,4096,5,1024,65536,131072,10780,524288,524288,524288,41,262144,262144,262144,41,262144,524288,524288,41,256,256,256,41,64,128,128,41,64,512,1024,1607,64,512,1024,1337,128,512,4096,66546,64,512,1024,7434,64,256,512,993,128,512,1024,1602,256,1024,2048,1077,128,1024,1024,978,64,256,2048,11034,64,256,1024,1044,64,512,512,108,64,256,512,72,128,512,2048,90,128,256,512,45,16384,2097152,2097152,30,1024,1024,1024,30,64,64,64,60,64,128,128,21,128,65536,131072,21,10.69,9.16,1.53,30,10,7,0,21,1043,0,1,20518,10727,26874,0,41,21,0
14831515457900,1000,2048,8192,16384,7109,512,4096,8192,998,4096,8192,16384,795,4096,16384,16384,193,8192,8192,8192,8,512,4096,8192,220,512,4096,8192,808,1024,4096,8192,150,2048,2048,2048,6,1024,65536,131072,10359,524288,524288,524288,41,131072,262144,262144,41,262144,262144,524288,41,256,512,512,41,64,128,256,41,128,512,1024,1257,128,512,1024,1257,128,512,4096,63981,64,512,1024,7155,64,256,512,1039,128,512,4096,1494,256,1024,2048,851,128,1024,2048,824,64,512,2048,10980,128,512,1024,963,64,256,512,234,64,512,1024,72,128,512,4096,72,64,256,512,54,0,0,0,0,0,0,0,0,0,0,0,0,64,128,128,20,128,256,256,20,10.85,8.68,2.17,0,8,11,0,34,988,0,0,18942,10191,24590,0,41,20,0
14832535915500,1000,4096,8192,16384,7191,512,4096,8192,1007,4096,16384,16384,809,8192,16384,16384,211,8192,16384,16384,14,1024,4096,8192,219,512,4096,8192,806,2048,8192,8192,123,4096,4096,4096,4,2048,65536,131072,10466,524288,1048576,1048576,41,262144,524288,524288,41,262144,524288,524288,41,256,1024,1024,41,64,128,8192,41,128,512,4096,1441,128,1024,2048,1441,128,1024,4096,64725,128,512,4096,7281,128,512,1024,1067,128,512,4096,1746,256,2048,2048,843,128,1024,2048,924,64,512,2048,10845,128,512,1024,846,128,512,1024,144,128,512,4096,117,128,1024,1024,126,128,512,512,36,0,0,0,0,0,0,0,0,0,0,0,0,64,128,128,21,128,128,128,21,11.99,9.69,2.30,0,14,16,0,34,1020,0,4,20782,10360,26819,0,41,21,0
14833555364300,1000,4096,8192,16384,7163,512,4096,8192,997,4096,16384,16384,816,8192,16384,16384,215,8192,8192,8192,11,512,4096,8192,197,512,4096,8192,801,2048,8192,8192,144,4096,8192,8192,5,2048,65536,262144,10418,524288,1048576,1048576,41,262144,262144,262144,41,262144,524288,524288,41,256,512,1024,41,64,128,128,41,128,512,4096,1309,128,512,4096,1309,128,512,4096,64461,128,512,4096,7344,64,512,1024,1202,128,512,2048,1665,256,1024,2048,996,128,1024,1024,978,64,512,4096,10629,128,512,1024,1116,128,512,512,144,128,512,512,99,128,512,1024,99,128,1024,8192,45,0,0,0,0,0,0,0,0,0,0,0,0,64,128,128,20,128,128,128,20,9.06,8.93,0.13,0,11,23,0,27,1031,0,1,20840,10318,27126,0,41,20,0
14834575271900,1000,4096,8192,16384,7080,512,4096,8192,1000,4096,16384,16384,791,8192,16384,32768,178,8192,16384,16384,7,1024,4096,4096,184,512,8192,8192,795,2048,8192,8192,121,4096,4096,4096,4,4096,65536,262144,10243,524288,1048576,1048576,40,262144,262144,524288,40,262144,524288,524288,40,256,512,512,40,128,16384,65536,40,128,512,4096,1299,128,1024,4096,1299,128,512,4096,63720,128,512,4096,7119,64,512,1024,824,128,512,4096,1449,256,2048,2048,927,256,1024,2048,909,64,512,4096,10206,128,512,4096,981,128,512,512,162,64,512,512,63,128,512,1024,63,256,512,512,36,0,0,0,0,0,0,0,0,0,0,0,0,64,128,128,20,128,128,128,20,10.60,8.81,1.79,0,7,21,0,20,969,0,0,20917,10156,26527,0,40,20,0
14835595348800,1000,4096,8192,16384,6973,512,4096,8192,985,4096,16384,16384,766,8192,16384,16384,191,8192,8192,8192,8,1024,4096,8192,199,512,4096,8192,784,2048,8192,8192,132,2048,2048,2048,2,2048,65536,131072,10112,524288,1048576,1048576,41,262144,262144,524288,41,262144,524288,524288,41,256,512,512,41,64,256,32768,41,128,512,1024,1335,128,512,1024,1335,128,512,4096,62757,128,512,4096,6894,64,512,1024,975,128,512,4096,1530,256,2048,2048,899,128,1024,2048,854,64,512,1024,11160,128,512,1024,1134,128,512,1024,159,64,512,4096,81,128,512,512,72,256,512,512,18,0,0,0,0,0,0,0,0,0,0,0,0,64,128,128,21,128,128,128,21,11.36,9.32,2.04,0,8,23,0,21,957,0,0,19741,10034,25335,0,41,21,0
14836615599000,1000,2048,8192,16384,7221,512,4096,8192,996,4096,8192,16384,818,8192,16384,16384,226,8192,8192,8192,19,1024,4096,8192,217,512,4096,8192,817,2048,8192,8192,133,4096,8192,8192,5,2048,65536,262144,10544,524288,524288,1048576,41,262144,262144,262144,41,262144,524288,524288,41,512,512,1024,41,64,128,256,41,128,512,1024,1333,128,512,4096,1333,128,512,4096,64989,128,512,1024,7362,64,512,1024,1394,128,512,2048,1701,256,2048,4096,990,256,1024,2048,1044,64,512,4096,10917,64,512,4096,1071,64,512,512,147,128,512,1024,207,128,256,512,171,128,1024,1024,45,0,0,0,0,0,0,0,0,0,0,0,0,64,128,128,20,128,256,256,20,10.21,9.32,0.89,0,19,22,0,25,1044,0,0,21034,10443,26942,0,41,20,0
14837635360900,970,2048,8192,16384,7123,512,4096,8192,985,4096,8192,16384,805,4096,16384,16384,213,8192,8192,8192,16,512,4096,8192,211,512,4096,8192,799,1024,4096,8192,129,2048,8192,8192,12,512,65536,131072,10355,524288,524288,524288,41,131072,262144,262144,41,262144,262144,524288,41,256,512,1024,41,64,128,128,41,128,512,1024,1308,64,512,1024,1578,128,512,4096,64107,64,512,2048,7245,64,256,512,1214,64,512,1024,1503,256,1024,2048,953,128,1024,1024,926,64,256,1024,11502,64,256,512,1053,64,256,512,129,64,256,512,117,128,512,4096,144,128,512,512,108,0,0,0,0,0,0,0,0,0,0,0,0,64,128,128,21,128,256,256,21,12.14,10.35,1.79,0,16,36,0,22,1018,30,0,19253,10250,25906,0,41,21,0
14838655697700,970,2048,8192,16384,7044,512,4096,8192,968,4096,8192,16384,804,4096,16384,16384,189,8192,8192,8192,7,512,4096,8192,193,512,4096,8192,790,1024,4096,8192,139,2048,8192,8192,10,512,65536,131072,10230,524288,524288,524288,41,131072,262144,262144,41,262144,262144,524288,41,128,256,512,41,64,128,128,41,128,512,4096,1244,128,512,4096,1244,128,512,4096,63396,64,512,2048,7236,64,256,512,990,128,512,4096,1503,256,1024,4096,879,128,1024,1024,861,64,256,2048,11259,64,256,2048,945,64,256,512,234,64,512,512,54,128,512,512,63,128,512,4096,90,0,0,0,0,0,0,0,0,0,0,0,0,64,128,128,20,128,128,128,20,11.09,9.44,1.66,0,7,33,0,32,993,0,0,20255,10137,25901,0,41,20,0
14839678461900,981,2048,8192,16384,6959,512,4096,4096,968,4096,8192,16384,790,4096,16384,16384,175,8192,8192,8192,7,512,4096,8192,175,512,4096,8192,794,1024,4096,8192,153,0,0,0,1,1024,65536,131072,10092,524288,524288,524288,40,131072,262144,262144,40,262144,524288,524288,40,64,256,256,40,64,4096,16384,41,128,512,4096,1290,128,512,1024,1191,128,512,4096,62631,64,512,4096,7110,64,256,512,1000,128,512,2048,1323,256,1024,4096,941,128,1024,1024,950,64,256,2048,10962,64,256,2048,1062,64,256,4096,156,64,512,4096,54,128,512,1024,63,64,256,256,9,2097152,2097152,2097152,22,512,1024,1024,11,64,128,128,33,64,128,128,21,128,128,32768,21,11.97,9.94,2.04,11,7,31,0,27,965,0,8,20065,10045,25781,0,40,21,0
14840695438900,1000,2048,8192,16384,7111,512,4096,8192,990,4096,8192,16384,782,4096,16384,16384,213,8192,8192,8192,13,512,4096,8192,223,512,4096,8192,791,1024,4096,8192,134,2048,4096,4096,7,2048,65536,131072,10369,524288,524288,524288,41,262144,262144,262144,41,262144,524288,524288,41,256,512,512,41,128,128,128,40,64,512,4096,1491,128,512,1024,1320,128,512,4096,63999,128,512,2048,7038,64,256,512,1281,128,512,1024,1809,256,2048,4096,996,256,1024,2048,1032,64,256,2048,11367,64,512,1024,945,64,512,4096,183,128,512,512,126,128,512,512,117,128,512,512,63,8192,16384,16384,8,1024,4096,4096,19,64,64,256,27,64,128,128,20,128,65536,65536,20,11.01,8.83,2.18,19,13,30,0,21,995,0,0,21015,10312,26910,0,41,20,0
14841716784600,1000,2048,8192,16384,7039,512,4096,8192,1019,4096,8192,16384,778,4096,16384,16384,213,8192,16384,16384,10,512,4096,8192,193,512,4096,8192,809,2048,4096,8192,120,2048,8192,8192,13,1024,65536,131072,10264,524288,524288,1048576,41,262144,262144,262144,41,262144,524288,524288,41,256,512,512,41,128,4096,65536,41,128,512,1024,1356,128,512,4096,1356,128,512,4096,63351,64,512,4096,7002,64,256,512,1064,128,512,1024,1647,256,1024,2048,876,128,1024,1024,984,64,256,4096,10746,64,256,512,972,64,256,512,189,64,512,512,90,128,512,4096,90,128,512,1024,117,0,0,0,0,0,0,0,0,0,0,0,0,64,128,128,20,128,128,128,20,11.36,8.93,2.42,0,10,25,0,24,991,0,0,21149,10169,26477,0,41,20,0
14842736036800,1000,2048,8192,16384,7146,512,4096,8192,1104,4096,8192,16384,812,4096,16384,16384,162,8192,16384,16384,8,512,8192,8192,217,512,4096,8192,791,2048,4096,8192,143,2048,4096,4096,5,1024,65536,131072,10465,524288,524288,524288,41,131072,262144,262144,41,262144,262144,524288,41,256,256,256,41,64,512,8192,41,64,512,512,1131,128,512,4096,1131,128,512,4096,64314,128,512,4096,7308,64,256,512,827,128,512,2048,1503,256,2048,4096,960,64,1024,1024,843,64,256,2048,10728,64,256,2048,999,64,256,4096,171,64,256,512,63,128,512,8192,72,128,512,512,45,0,0,0,0,0,0,0,0,0,0,0,0,64,128,128,21,128,128,128,21,9.70,9.06,0.64,0,8,32,0,27,974,0,1,20761,10392,26553,0,41,21,0
14843756688300,1000,2048,8192,16384,7164,512,4096,8192,1072,4096,8192,16384,828,4096,16384,16384,229,8192,8192,8192,13,512,4096,8192,222,512,4096,8192,811,2048,8192,8192,129,4096,4096,4096,4,1024,65536,131072,10551,524288,524288,524288,41,131072,262144,262144,41,262144,524288,524288,41,256,512,512,41,64,128,32768,41,64,512,4096,1191,128,512,4096,1191,128,512,4096,64484,64,512,1024,7452,64,256,512,1276,128,512,512,1746,256,1024,4096,864,128,1024,2048,891,64,256,2048,11898,64,256,4096,1116,64,256,512,138,128,512,512,117,128,512,512,117,128,1024,4096,36,0,0,0,0,0,0,0,0,0,0,0,0,64,128,128,20,128,128,128,20,10.46,9.05,1.40,0,13,39,0,19,1057,0,26,21490,10461,27325,0,41,20,0
14844776357900,1000,2048,8192,16384,7042,512,4096,8192,996,4096,8192,16384,778,4096,16384,16384,204,8192,8192,8192,11,512,4096,4096,188,512,4096,8192,793,1024,8192,8192,124,4096,4096,4096,6,512,65536,131072,10210,524288,524288,524288,40,131072,262144,262144,40,262144,524288,524288,40,256,512,512,40,128,128,2048,40,64,512,2048,1170,128,512,4096,1170,128,512,4096,63370,64,512,2048,7002,64,256,512,1003,128,512,4096,1620,256,1024,4096,858,128,1024,2048,885,64,256,4096,10845,64,256,512,1071,64,256,4096,219,64,256,512,108,128,512,4096,99,128,512,512,54,0,0,0,0,0,0,0,0,0,0,0,0,64,128,128,20,128,128,128,20,11.24,9.20,2.04,0,11,32,0,21,982,0,0,20575,10114,26616,0,40,20,0
14845797722900,1000,2048,8192,16384,7133,512,4096,8192,997,4096,8192,16384,781,4096,16384,16384,223,8192,8192,8192,8,512,4096,8192,195,512,4096,8192,829,1024,4096,8192,159,2048,8192,8192,7,512,65536,131072,10405,524288,524288,524288,41,131072,262144,262144,41,262144,262144,262144,41,128,256,256,41,64,128,8192,41,64,512,4096,1259,128,512,4096,1259,128,512,4096,64197,64,512,4096,7029,64,256,512,1204,128,512,1024,1629,128,1024,2048,843,128,1024,1024,888,64,256,4096,10800,64,256,512,1026,64,256,512,108,64,256,4096,81,128,512,2048,72,128,256,512,63,0,0,0,0,0,0,0,0,0,0,0,0,64,128,128,21,128,128,256,21,9.95,9.18,0.77,0,8,24,0,22,1004,0,0,20966,10318,26805,0,41,21,0
14846817250700,1000,2048,8192,16384,7182,512,4096,8192,997,4096,8192,16384,819,4096,16384,32768,192,8192,8192,8192,11,512,4096,8192,198,512,4096,8192,788,1024,8192,8192,146,2048,4096,4096,7,1024,65536,131072,10408,524288,524288,524288,41,131072,262144,262144,41,262144,262144,524288,41,256,256,512,41,64,128,128,41,64,512,4096,1277,64,512,1024,1277,128,512,4096,64638,64,512,4096,7371,64,256,512,872,128,512,1024,1440,256,1024,2048,1116,128,1024,1024,999,64,256,4096,10566,64,256,2048,837,64,256,512,162,128,256,4096,99,128,256,512,99,64,512,512,63,0,0,0,0,0,0,0,0,0,0,0,0,64,128,128,20,128,128,128,20,11.50,9.33,2.17,0,11,17,0,22,1011,0,0,20945,10323,26616,0,41,20,0
14847838187000,970,2048,8192,16384,7111,512,4096,8192,996,4096,8192,16384,805,4096,16384,16384,213,8192,16384,16384,9,512,4096,8192,227,512,4096,8192,803,2048,8192,8192,129,2048,2048,2048,8,2048,65536,262144,10375,524288,524288,524288,41,131072,262144,262144,41,262144,262144,524288,41,128,256,512,41,64,128,128,41,64,512,4096,1131,64,512,1024,1401,128,512,4096,64005,64,512,1024,7245,64,256,512,1047,128,512,1024,1674,256,1024,2048,957,128,1024,1024,912,64,256,4096,10854,64,256,512,1071,64,256,512,141,64,256,512,54,128,256,512,81,64,512,512,72,0,0,0,0,0,0,0,0,0,0,0,0,64,128,128,21,128,128,128,21,10.07,8.80,1.28,0,9,10,0,29,1018,30,0,20815,10304,26856,1,41,21,0
14848856849200,970,2048,8192,16384,6849,512,4096,8192,957,4096,8192,16384,768,4096,16384,16384,197,8192,8192,8192,5,512,4096,8192,183,512,4096,8192,762,1024,8192,8192,116,2048,2048,2048,4,512,65536,131072,9908,524288,524288,524288,41,131072,262144,262144,41,262144,262144,262144,41,64,256,256,41,64,128,128,41,64,512,512,1217,128,512,4096,1217,128,512,4096,61635,64,512,4096,6912,64,256,512,942,128,512,1024,1647,256,1024,4096,810,128,1024,2048,864,64,256,4096,11151,64,256,512,954,64,256,4096,168,64,256,256,63,128,512,512,45,128,256,256,36,0,0,0,0,0,0,0,0,0,0,0,0,64,128,128,20,128,256,256,20,10.35,9.45,0.89,0,5,5,0,20,965,0,0,20611,9834,26232,0,41,20,0
14849878254400,992,2048,8192,16384,6905,512,4096,8192,965,4096,8192,16384,755,8192,16384,16384,177,8192,8192,8192,9,512,4096,4096,184,512,4096,8192,808,2048,8192,8192,139,0,0,0,1,1024,65536,131072,10045,524288,524288,524288,40,131072,262144,262144,40,262144,524288,524288,40,128,256,256,40,64,128,8192,40,64,512,4096,1427,64,512,4096,1229,128,512,4096,62145,64,512,4096,6795,64,256,512,980,128,512,4096,1593,256,1024,4096,986,128,1024,2048,959,64,256,4096,9693,64,256,512,927,64,256,512,171,128,256,512,72,128,512,4096,81,64,256,256,9,8192,16384,16384,30,1024,2048,2048,24,64,128,128,54,64,128,128,20,128,131072,131072,20,10.20,8.93,1.28,24,9,1,0,18,932,0,0,20515,10025,26039,0,40,20,0
14850896997100,1000,2048,8192,16384,7311,512,4096,8192,1005,4096,8192,16384,818,8192,16384,16384,192,8192,16384,16384,11,512,4096,8192,205,512,4096,8192,808,2048,4096,8192,149,2048,4096,4096,8,1024,65536,131072,10575,524288,524288,524288,41,262144,262144,262144,41,262144,262144,524288,41,256,256,256,41,64,256,16384,41,64,512,1024,1494,128,512,4096,1422,128,512,4096,65799,64,512,2048,7362,64,256,512,879,64,512,4096,1539,256,1024,2048,957,128,1024,2048,921,64,256,4096,10485,64,256,2048,972,64,512,4096,159,64,512,4096,99,128,512,4096,99,128,512,1024,72,0,0,0,0,1024,1024,1024,6,64,128,128,6,64,128,128,21,128,128,16384,21,10.74,9.34,1.41,6,11,4,0,25,1010,0,0,21527,10484,27313,0,41,21,0
14851919608300,1000,2048,8192,16384,7049,512,4096,8192,995,4096,8192,16384,813,4096,16384,32768,231,8192,16384,16384,17,512,4096,8192,200,512,4096,8192,801,2048,4096,8192,118,2048,8192,8192,7,1024,65536,131072,10312,524288,524288,524288,41,131072,262144,262144,41,262144,262144,524288,41,256,512,1024,41,64,128,128,41,128,512,4096,1167,128,512,4096,1167,128,512,4096,63441,64,512,4096,7317,64,256,512,1331,128,512,4096,1701,256,2048,4096,1061,256,1024,2048,1115,64,256,2048,10962,64,256,512,1026,64,512,1024,165,64,512,512,189,128,512,4096,153,128,256,512,63,0,0,0,0,0,0,0,0,0,0,0,0,64,128,128,20,128,256,256,20,10.57,8.41,2.17,0,17,2,0,24,1044,0,0,20948,10213,27029,0,41,20,0
14852939277300,1000,2048,8192,16384,7209,512,4096,8192,1039,4096,8192,16384,790,4096,16384,16384,219,8192,16384,16384,8,512,8192,8192,222,512,4096,8192,785,2048,8192,8192,126,2048,4096,4096,7,2048,65536,131072,10475,524288,524288,524288,41,262144,262144,262144,41,262144,262144,262144,41,256,512,512,41,64,128,128,41,128,512,4096,1347,128,512,1024,1347,128,512,4096,64881,64,512,4096,7110,64,256,512,1019,128,512,4096,1575,256,1024,4096,786,128,1024,1024,831,64,256,2048,10845,64,256,512,1098,64,512,2048,231,64,256,1024,45,128,512,4096,72,128,512,512,63,0,0,0,0,0,0,0,0,0,0,0,0,64,128,128,21,128,128,128,21,10.85,9.44,1.40,0,8,2,0,23,1009,0,2,21472,10391,26711,0,41,21,0
14853959426000,1000,2048,8192,16384,7067,512,4096,8192,1030,4096,8192,16384,796,8192,16384,16384,196,8192,16384,16384,9,512,4096,8192,207,512,4096,8192,795,2048,8192,8192,145,2048,2048,2048,6,2048,65536,262144,10313,524288,524288,1048576,41,262144,262144,262144,41,262144,524288,524288,41,256,512,512,41,64,128,32768,41,128,512,4096,1334,128,512,4096,1334,128,512,4096,63603,128,512,4096,7164,64,256,512,1015,128,512,2048,1584,256,1024,4096,942,128,1024,1024,870,64,256,4096,11529,64,512,4096,981,128,256,1024,192,64,256,512,63,128,512,4096,81,128,256,256,54,0,0,0,0,0,0,0,0,0,0,0,0,64,128,128,20,64,128,128,20,12.76,10.08,2.68,0,9,0,0,20,992,0,0,21181,10220,26965,0,41,20,0
14854978325200,1000,2048,8192,16384,7119,512,4096,8192,991,4096,8192,16384,811,8192,16384,16384,193,8192,8192,8192,7,512,4096,8192,207,512,4096,8192,801,1024,4096,8192,147,4096,4096,4096,4,1024,65536,131072,10359,524288,524288,524288,40,262144,262144,262144,40,262144,524288,524288,40,128,256,256,40,64,128,128,40,128,512,4096,1292,128,512,1024,1292,128,512,4096,64071,128,256,1024,7299,64,256,4096,1002,128,256,1024,1386,256,1024,4096,849,128,1024,1024,831,64,256,4096,11466,64,256,4096,1161,64,512,4096,189,64,256,512,90,128,512,512,63,128,256,512,36,0,0,0,0,0,0,0,0,0,0,0,0,64,128,128,20,128,128,128,20,11.75,9.96,1.79,0,7,0,0,21,1004,0,0,21223,10264,26943,0,40,20,0
14856000079500,1000,2048,8192,16384,7199,512,4096,8192,999,4096,8192,16384,812,4096,16384,16384,196,8192,8192,8192,9,512,4096,8192,193,512,4096,8192,797,2048,4096,8192,139,4096,4096,4096,6,1024,65536,131072,10444,524288,524288,524288,41,131072,262144,262144,41,262144,262144,524288,41,128,256,256,41,64,128,32768,41,128,512,4096,1254,128,512,4096,1254,128,512,4096,64791,128,512,4096,7308,64,256,512,1049,128,512,4096,1692,256,1024,2048,1004,128,1024,2048,995,64,256,2048,11367,64,256,4096,1188,64,256,2048,189,64,256,256,54,128,256,512,81,256,512,512,54,0,0,0,0,0,0,0,0,0,0,0,0,64,128,128,21,128,128,128,21,11.60,9.05,2.55,0,9,0,0,11,1008,0,0,21364,10346,27075,0,41,21,0
14857020061500,1000,2048,8192,16384,7095,512,4096,8192,993,4096,8192,16384,770,4096,16384,16384,194,8192,8192,8192,15,512,4096,4096,201,512,4096,8192,807,2048,4096,8192,123,2048,2048,2048,7,512,65536,131072,10291,524288,524288,524288,41,131072,262144,262144,41,262144,524288,524288,41,256,256,512,41,64,128,128,41,128,512,4096,1116,128,512,1024,1116,128,512,4096,63855,64,512,4096,6930,64,256,512,1027,128,512,2048,1665,256,1024,4096,939,256,1024,1024,1020,64,256,2048,10728,64,256,4096,1134,64,256,512,195,128,256,512,153,128,512,512,135,128,256,512,63,0,0,0,0,0,0,0,0,0,0,0,0,64,128,128,20,128,128,128,20,12.00,9.57,2.42,0,15,0,0,32,964,0,0,21140,10193,26498,0,41,20,0
14858040255200,970,2048,8192,16384,7044,512,4096,8192,982,4096,8192,16384,808,4096,16384,16384,196,8192,8192,8192,8,512,4096,8192,215,512,4096,8192,803,1024,4096,8192,144,2048,4096,4096,7,128,65536,131072,10286,524288,524288,524288,41,131072,262144,262144,41,262144,524288,524288,41,256,512,512,41,64,128,8192,41,64,512,2048,1299,64,512,4096,1569,128,512,4096,63396,64,512,4096,7272,64,256,512,955,128,512,4096,1602,256,1024,4096,882,128,1024,2048,918,64,256,4096,10980,64,256,4096,1098,64,256,2048,183,64,256,512,90,128,256,512,72,128,256,4096,63,0,0,0,0,0,0,0,0,0,0,0,0,64,128,128,21,128,128,128,21,11.36,8.81,2.55,0,8,0,0,19,1004,30,0,20444,10215,26743,0,41,21,0
14859060087100,970,2048,8192,16384,6952,512,4096,8192,967,4096,8192,16384,800,4096,16384,16384,198,8192,16384,16384,6,512,4096,8192,202,512,4096,8192,770,2048,4096,8192,121,0,0,0,1,512,65536,131072,10091,524288,524288,524288,41,131072,262144,262144,41,262144,524288,524288,41,256,512,512,41,64,1024,16384,41,64,512,4096,1296,128,512,1024,1296,128,512,4096,62568,64,512,4096,7200,64,256,512,963,128,512,1024,1566,256,1024,4096,846,128,1024,2048,792,64,256,4096,10773,64,256,4096,963,64,256,2048,234,128,256,256,63,64,512,4096,54,128,256,256,9,0,0,0,0,0,0,0,0,0,0,0,0,64,128,128,20,128,128,128,20,10.09,8.94,1.15,0,6,0,0,27,998,0,5,20339,10025,26018,0,41,20,0
14860080803300,1000,2048,8192,16384,6988,512,4096,8192,971,4096,8192,16384,756,4096,16384,16384,217,8192,8192,8192,17,512,4096,8192,192,512,4096,8192,788,1024,4096,4096,129,2048,4096,4096,4,512,65536,262144,10140,524288,524288,524288,41,131072,262144,262144,41,262144,524288,524288,41,256,512,1024,41,64,128,16384,41,64,512,4096,1491,128,512,4096,1221,128,512,4096,62892,64,512,2048,6804,64,256,512,1106,128,512,1024,1449,256,1024,4096,1007,128,1024,2048,1034,64,256,2048,10944,64,256,4096,1035,64,256,512,167,64,256,512,117,128,256,512,153,64,256,1024,36,8192,16384,16384,30,1024,1024,1024,30,64,64,64,60,64,128,128,21,128,65536,65536,21,11.48,9.56,1.91,30,17,0,0,20,973,0,0,20474,10116,26642,0,41,21,0
14861100852900,1000,2048,8192,16384,7085,512,4096,8192,994,4096,8192,16384,796,4096,16384,16384,201,8192,8192,8192,6,512,4096,8192,190,512,4096,8192,814,1024,4096,8192,139,2048,4096,4096,8,256,65536,131072,10296,524288,524288,524288,40,262144,262144,262144,40,262144,524288,524288,40,256,256,256,40,64,8192,8192,40,128,512,4096,1305,128,512,1024,1305,128,512,4096,63765,64,512,1024,7164,64,256,512,980,128,512,4096,1521,256,1024,4096,905,128,1024,4096,905,64,256,4096,11106,64,256,512,1134,64,256,4096,174,64,256,512,54,64,512,512,54,128,512,512,72,0,0,0,0,0,0,0,0,0,0,0,0,64,128,128,20,128,256,256,20,9.70,8.42,1.28,0,6,0,0,19,997,0,0,21203,10202,26750,0,40,20,0
14862120048500,1000,2048,8192,16384,7315,512,4096,8192,1003,4096,8192,16384,842,4096,16384,16384,217,8192,8192,8192,11,512,4096,8192,210,512,4096,8192,810,1024,4096,8192,149,4096,4096,4096,5,1024,65536,262144,10642,524288,524288,524288,41,131072,262144,262144,41,262144,262144,524288,41,256,512,512,41,64,128,2048,41,128,512,4096,1360,128,512,1024,1360,128,512,4096,65835,128,512,4096,7578,64,256,512,1098,128,512,4096,1620,256,1024,4096,1122,128,1024,2048,1005,64,256,2048,11169,64,256,4096,954,64,512,4096,258,64,256,512,117,128,512,512,99,256,512,512,45,0,0,0,0,0,0,0,0,0,0,0,0,128,128,128,20,128,128,128,20,10.36,8.70,1.66,0,11,0,0,12,1059,0,25,21358,10552,27036,0,41,20,0
14863141883300,1000,2048,8192,16384,7146,512,4096,8192,991,4096,8192,16384,791,4096,16384,16384,208,8192,8192,8192,9,512,4096,8192,226,512,4096,8192,781,2048,8192,8192,127,2048,2048,2048,3,1024,65536,131072,10364,524288,524288,524288,41,131072,262144,262144,41,262144,262144,262144,41,256,512,512,41,64,256,8192,41,128,512,4096,1172,128,512,4096,1172,128,512,4096,64314,128,512,4096,7119,64,256,512,929,128,512,4096,1674,256,1024,4096,890,128,1024,1024,926,64,256,4096,11232,64,256,512,1071,64,512,512,99,64,256,4096,81,128,512,512,81,64,512,512,27,0,0,0,0,0,0,0,0,0,0,0,0,64,64,128,21,128,128,128,21,11.59,9.17,2.42,0,9,0,0,16,999,0,0,21200,10270,26899,0,41,21,0
14864160036300,1000,2048,8192,16384,6995,512,4096,8192,1000,4096,8192,16384,815,4096,16384,16384,188,8192,16384,16384,10,512,4096,8192,190,512,4096,8192,827,2048,4096,8192,150,2048,2048,2048,6,256,65536,131072,10263,524288,524288,524288,41,131072,262144,262144,41,262144,262144,524288,41,256,512,512,41,64,128,128,41,128,512,4096,1132,128,512,512,1132,128,512,4096,62955,64,512,4096,7335,64,256,512,989,128,512,512,1449,256,1024,4096,936,128,1024,2048,999,64,256,4096,10656,64,256,4096,990,64,256,512,171,128,512,1024,108,128,512,512,90,128,256,512,54,0,0,0,0,0,0,0,0,0,0,0,0,64,128,128,20,128,128,128,20,12.39,9.71,2.68,0,10,0,0,19,1003,0,0,20960,10170,26698,0,41,20,0
14865181592600,1000,2048,8192,16384,7190,512,4096,8192,1008,4096,8192,16384,778,8192,16384,16384,190,8192,16384,16384,10,512,4096,8192,207,512,4096,8192,800,2048,8192,8192,127,2048,2048,2048,3,128,65536,131072,10389,524288,524288,524288,41,131072,262144,262144,41,262144,262144,262144,41,256,512,512,41,64,128,128,41,128,512,512,1320,128,512,2048,1320,128,512,4096,64710,64,512,2048,7002,64,256,512,899,64,512,4096,1593,256,2048,2048,926,128,1024,2048,899,64,256,4096,10845,64,256,4096,981,128,256,512,111,128,256,512,81,128,512,4096,90,64,512,512,27,0,0,0,0,0,0,0,0,0,0,0,0,64,128,128,21,128,128,128,21,10.34,9.32,1.02,0,10,0,0,25,968,0,0,20598,10325,26241,0,41,21,0
14866201020600,1000,2048,8192,16384,7191,512,4096,8192,1003,4096,8192,16384,815,4096,16384,16384,201,8192,8192,8192,9,512,4096,8192,195,512,4096,8192,797,1024,4096,8192,138,2048,4096,4096,6,512,65536,131072,10443,524288,524288,524288,40,131072,262144,262144,40,262144,524288,524288,40,256,512,512,40,64,128,16384,40,128,512,4096,1287,128,512,1024,1287,128,512,4096,64719,64,512,2048,7335,64,256,512,971,128,512,4096,1656,256,1024,2048,999,128,1024,2048,918,64,256,4096,10602,64,256,512,1017,64,256,512,102,64,256,4096,81,128,512,4096,81,128,256,512,54,0,0,0,0,0,0,0,0,0,0,0,0,64,128,128,20,128,128,128,20,11.10,9.32,1.79,0,9,0,0,28,1016,0,1,20816,10367,26625,0,40,20,0
14867222038800,1000,2048,8192,16384,7068,512,4096,8192,997,4096,8192,16384,792,4096,16384,16384,221,8192,8192,8192,11,512,4096,8192,195,512,4096,8192,801,1024,4096,8192,126,2048,4096,4096,3,512,65536,131072,10276,524288,524288,524288,41,131072,262144,262144,41,262144,262144,262144,41,128,512,512,41,64,128,128,41,128,512,4096,1284,128,512,4096,1284,128,512,4096,63612,64,512,4096,7128,64,256,512,1138,128,256,512,1539,256,1024,4096,999,128,1024,4096,936,64,256,2048,11430,64,256,2048,1071,64,256,512,162,64,256,512,72,128,512,4096,99,64,512,512,27,0,0,0,0,0,0,0,0,0,0,0,0,64,128,128,20,128,128,128,20,11.35,9.69,1.66,0,11,0,0,26,1013,0,0,20906,10206,27122,0,41,20,0
14868241862900,970,2048,8192,16384,6971,512,4096,8192,975,4096,8192,16384,794,4096,16384,16384,203,8192,8192,8192,11,512,8192,8192,201,512,4096,8192,785,1024,4096,8192,135,2048,4096,4096,4,512,65536,131072,10147,524288,524288,524288,41,131072,262144,262144,41,262144,262144,524288,41,128,256,256,41,128,128,2048,41,128,512,4096,1323,64,512,1024,1593,128,512,4096,62739,64,512,2048,7146,64,256,512,1090,128,512,1024,1449,256,1024,2048,873,128,1024,1024,909,64,256,4096,11250,64,256,4096,1224,64,256,512,225,128,256,512,126,128,512,1024,99,128,256,512,36,0,0,0,0,0,0,0,0,0,0,0,0,64,128,128,21,128,256,256,21,11.63,9.45,2.17,0,11,0,0,24,997,30,0,20630,10087,26857,0,41,21,0
14869262371000,970,2048,8192,16384,7003,512,4096,8192,1079,4096,8192,16384,771,4096,16384,16384,196,8192,8192,8192,12,512,4096,8192,212,512,4096,8192,768,1024,8192,8192,131,2048,2048,2048,3,256,65536,131072,10236,524288,524288,524288,41,131072,262144,262144,41,262144,262144,524288,41,256,512,512,41,64,128,128,41,64,512,4096,1327,64,512,1024,1327,128,512,4096,63027,64,512,4096,6939,64,256,512,1028,128,512,512,1368,256,1024,2048,882,128,1024,2048,900,64,256,4096,11034,64,256,2048,972,64,256,512,285,64,256,512,81,128,256,512,108,128,256,256,27,0,0,0,0,0,0,0,0,0,0,0,0,64,128,128,20,128,128,128,20,8.93,8.67,0.26,0,12,0,0,21,967,0,0,20408,10150,26164,0,41,20,0
14870281764600,1000,2048,8192,16384,6853,512,4096,8192,999,4096,8192,16384,791,8192,16384,16384,184,8192,16384,16384,11,512,8192,8192,187,512,4096,8192,798,2048,4096,4096,140,4096,4096,4096,8,128,65536,131072,10061,524288,524288,524288,41,131072,262144,262144,41,262144,524288,524288,41,256,512,512,41,64,128,128,41,64,512,4096,1475,64,512,1024,1205,128,512,4096,61677,64,512,4096,7119,64,256,512,1143,64,512,1024,1620,256,1024,4096,1032,128,1024,1024,1023,64,256,4096,10629,64,256,4096,1026,64,512,4096,192,64,256,256,144,128,512,4096,99,128,512,512,72,8192,16384,16384,30,1024,1024,1024,30,64,64,128,60,64,128,128,21,128,32768,65536,21,12.92,9.46,3.45,30,11,1,0,22,975,0,0,20503,10031,26465,0,41,21,0
14871304506000,1000,2048,8192,16384,7218,512,4096,8192,1004,4096,16384,16384,798,4096,16384,16384,212,8192,8192,8192,12,512,4096,8192,206,512,4096,8192,819,1024,8192,8192,138,2048,4096,4096,9,1024,65536,131072,10523,524288,524288,524288,41,131072,262144,262144,41,262144,524288,524288,41,256,512,512,41,128,128,32768,41,64,512,4096,1307,64,512,1024,1307,128,512,4096,64962,64,512,4096,7182,64,256,512,987,128,512,4096,1791,256,1024,2048,953,128,1024,2048,998,64,256,4096,10890,64,256,512,792,64,256,4096,165,128,512,512,81,128,512,512,108,64,512,512,81,0,0,0,0,0,0,0,0,0,0,0,0,64,128,128,20,128,128,128,20,10.43,9.03,1.40,0,12,2,0,27,1010,0,0,21215,10433,27044,0,41,20,0
14872322604200,1000,2048,8192,16384,7172,512,4096,8192,1004,4096,8192,16384,819,8192,16384,16384,191,8192,8192,8192,14,512,4096,8192,209,512,4096,8192,815,1024,8192,8192,139,2048,4096,4096,5,512,65536,131072,10438,524288,524288,524288,40,262144,262144,262144,40,262144,524288,524288,40,256,512,512,40,128,128,16384,40,64,512,1024,1315,128,512,1024,1315,128,512,4096,64548,64,512,2048,7371,64,256,512,1026,128,512,2048,1557,256,1024,2048,924,128,1024,2048,906,64,256,4096,11457,64,256,1024,1143,64,256,512,108,64,256,512,117,128,512,4096,126,128,512,512,45,0,0,0,0,0,0,0,0,0,0,0,0,64,128,128,20,128,128,128,20,9.59,8.70,0.90,0,14,0,0,28,1010,0,0,21159,10336,26913,0,40,20,0
14873343163200,1000,2048,8192,16384,7246,512,4096,8192,996,4096,8192,16384,813,4096,8192,16384,183,8192,8192,8192,7,512,4096,8192,206,512,4096,8192,814,2048,4096,8192,137,2048,2048,2048,2,512,65536,131072,10492,524288,524288,1048576,41,262144,262144,262144,41,262144,524288,524288,41,256,512,512,41,64,128,1024,41,128,512,4096,1498,128,512,4096,1498,128,512,4096,65214,128,512,2048,7317,64,256,512,873,128,512,1024,1539,256,1024,2048,933,128,1024,1024,933,64,256,2048,10836,128,256,512,972,64,256,512,240,64,256,1024,72,64,512,4096,63,64,256,256,18,0,0,0,0,0,0,0,0,0,0,0,0,64,128,128,21,128,128,256,21,10.47,9.19,1.28,0,7,1,0,28,996,0,0,20916,10436,26784,0,41,21,0
14874363709800,1000,2048,8192,16384,7167,512,4096,8192,994,4096,8192,16384,802,8192,16384,16384,221,8192,8192,8192,13,512,4096,8192,202,512,4096,8192,784,1024,4096,8192,125,4096,4096,4096,4,128,65536,131072,10392,524288,524288,524288,41,131072,262144,262144,41,262144,524288,524288,41,256,512,512,41,64,128,8192,41,128,512,4096,1325,128,512,1024,1325,128,512,4096,64503,64,512,4096,7218,64,256,512,1040,128,512,1024,1755,256,2048,4096,972,128,1024,1024,963,64,256,4096,10872,64,256,512,1026,64,256,512,129,64,512,512,117,128,512,512,117,128,1024,4096,36,0,0,0,0,0,0,0,0,0,0,0,0,64,128,128,20,128,128,128,20,12.00,9.44,2.55,0,13,2,0,25,1023,0,0,21120,10308,26934,0,41,20,0
14875384186900,1000,2048,8192,16384,7132,512,4096,8192,994,4096,8192,16384,799,4096,16384,16384,212,8192,8192,8192,9,512,4096,4096,204,512,4096,8192,800,1024,4096,8192,146,2048,2048,2048,7,2048,65536,131072,10372,524288,524288,524288,41,131072,262144,262144,41,262144,262144,524288,41,256,512,512,41,128,128,128,41,64,512,4096,1281,64,512,4096,1281,128,512,4096,64188,64,512,4096,7191,64,256,512,943,128,512,4096,1611,256,2048,4096,924,128,1024,1024,942,64,256,4096,11556,64,256,512,1125,64,256,512,156,128,256,256,72,128,256,512,81,64,256,256,63,0,0,0,0,0,0,0,0,0,0,0,0,64,128,128,21,128,128,128,21,11.99,9.05,2.93,0,9,7,0,24,1011,0,0,21614,10292,27102,0,41,21,0
14876403354900,1000,2048,8192,16384,7118,512,4096,8192,994,4096,8192,16384,803,4096,16384,16384,206,8192,8192,8192,11,512,4096,8192,200,512,4096,8192,819,1024,4096,8192,135,2048,4096,4096,6,256,65536,131072,10361,524288,524288,524288,40,131072,262144,262144,40,262144,262144,524288,40,256,512,512,40,64,2048,32768,40,128,512,4096,1235,128,512,4096,1235,128,512,4096,64062,64,512,4096,7227,64,256,512,1138,128,512,2048,1530,256,1024,4096,834,128,1024,1024,987,64,256,4096,10134,64,256,4096,963,64,256,512,210,64,256,512,108,128,256,512,99,128,256,512,54,0,0,0,0,0,0,0,0,0,0,0,0,64,64,64,20,128,128,128,20,9.84,8.81,1.02,0,11,10,0,25,1009,0,0,20817,10255,26697,0,40,20,0
14877424730600,1000,2048,8192,16384,6967,512,4096,8192,995,4096,8192,16384,781,4096,16384,16384,202,8192,8192,8192,12,512,4096,8192,214,512,4096,8192,781,1024,4096,8192,129,2048,2048,2048,6,1024,65536,131072,10149,524288,524288,524288,41,131072,262144,262144,41,262144,262144,262144,41,256,512,1024,41,64,128,2048,41,128,512,4096,1179,128,512,1024,1179,128,512,4096,62703,64,512,4096,7029,64,256,512,953,64,512,4096,1467,256,1024,2048,900,128,1024,1024,882,64,256,4096,10611,64,256,2048,990,64,256,512,159,64,256,512,99,128,256,512,108,128,256,512,54,0,0,0,0,0,0,0,0,0,0,0,0,64,128,128,20,128,256,256,20,11.48,8.80,2.68,0,12,8,0,33,983,0,0,19644,10049,25688,0,41,20,0
14878444688600,970,2048,8192,16384,7088,512,4096,8192,971,4096,8192,16384,792,8192,16384,16384,222,8192,8192,8192,7,512,4096,4096,183,512,4096,8192,804,1024,4096,8192,144,2048,4096,4096,4,1024,65536,131072,10295,524288,524288,524288,41,131072,262144,262144,41,262144,524288,524288,41,256,256,512,41,64,16384,32768,41,128,512,4096,1208,64,512,4096,1478,128,512,4096,63792,64,512,4096,7128,64,256,512,1123,64,512,1024,1782,256,1024,4096,996,128,1024,1024,978,64,256,2048,10980,64,256,512,972,64,512,512,111,128,512,512,72,128,256,4096,63,128,512,512,36,0,0,0,0,0,0,0,0,0,0,0,0,64,128,128,21,128,128,128,21,11.87,9.57,2.30,0,7,23,0,24,1014,30,0,20766,10234,26787,0,41,21,0
14879464980500,970,2048,8192,16384,7047,512,4096,8192,987,4096,8192,16384,796,4096,16384,16384,174,8192,8192,8192,8,512,4096,4096,210,512,4096,8192,774,2048,4096,8192,139,2048,4096,4096,4,1024,65536,131072,10220,524288,524288,524288,41,131072,262144,262144,41,262144,262144,524288,41,64,256,256,41,64,128,128,41,128,512,1024,1263,128,512,1024,1263,128,512,4096,63423,64,512,1024,7164,64,256,512,961,128,512,4096,1503,256,1024,2048,840,128,1024,1024,849,64,256,2048,10602,64,256,2048,909,64,256,4096,201,64,256,512,45,128,256,4096,72,128,512,2048,36,0,0,0,0,0,0,0,0,0,0,0,0,64,128,128,20,128,256,256,20,12.00,8.30,3.70,0,8,19,0,24,970,0,0,19223,10118,24924,0,41,20,0
14880485222100,1000,2048,8192,16384,7073,512,4096,8192,1032,4096,8192,16384,796,4096,16384,16384,193,8192,8192,8192,8,512,4096,8192,182,512,4096,8192,820,1024,4096,4096,116,2048,2048,2048,4,1024,65536,131072,10312,524288,524288,524288,41,262144,262144,262144,41,262144,524288,524288,41,256,512,512,41,64,128,128,41,128,512,4096,1757,128,512,1024,1487,128,512,4096,63657,64,512,1024,7164,64,256,512,906,64,512,1024,1638,256,1024,2048,998,128,1024,1024,944,64,512,4096,10512,128,256,512,1044,64,256,512,219,64,256,512,81,128,512,512,72,128,512,512,36,16384,2097152,2097152,30,1024,4096,4096,30,64,128,32768,60,64,128,128,21,128,65536,65536,21,13.67,10.99,2.68,30,8,21,0,27,989,0,7,19246,10206,25705,0,41,21,0
14881505679800,1000,2048,8192,16384,7049,512,4096,8192,1069,4096,8192,16384,814,4096,16384,16384,190,8192,16384,16384,14,512,4096,8192,201,512,4096,8192,803,2048,8192,8192,133,2048,2048,2048,2,1024,65536,131072,10351,524288,524288,524288,41,131072,262144,262144,41,262144,262144,524288,41,256,512,512,41,64,128,1024,41,128,512,4096,1287,128,512,1024,1287,128,512,4096,63441,64,512,1024,7326,64,256,512,1092,128,256,1024,1467,256,1024,2048,978,64,1024,1024,996,64,256,2048,10647,64,256,1024,999,64,512,512,192,64,256,4096,117,128,512,4096,126,128,256,256,18,0,0,0,0,0,0,0,0,0,0,0,0,64,128,128,20,128,128,128,20,11.99,9.56,2.42,0,14,31,0,25,1004,0,0,19133,10144,25220,0,41,20,0
14882525646800,1000,2048,8192,16384,7201,512,4096,8192,1040,4096,8192,16384,778,4096,16384,16384,225,8192,8192,8192,6,512,4096,8192,223,512,4096,8192,793,1024,8192,8192,144,2048,8192,8192,10,512,65536,131072,10494,524288,524288,524288,40,262144,262144,262144,40,262144,524288,524288,40,128,512,512,40,64,128,128,40,128,512,4096,1290,128,512,4096,1290,128,512,4096,64809,64,512,2048,7002,64,256,512,1084,128,512,1024,1683,256,1024,4096,957,128,1024,2048,876,64,256,4096,10746,64,256,1024,882,64,256,512,159,64,256,4096,63,64,512,1024,54,128,512,4096,90,0,0,0,0,0,0,0,0,0,0,0,0,64,128,128,20,128,128,128,20,11.10,8.68,2.42,0,6,33,0,25,1003,0,0,20972,10390,26804,0,40,20,0
14883545148300,0,2048,8192,16384,3095,512,4096,8192,274,4096,8192,16384,365,4096,16384,16384,96,8192,8192,8192,3,512,4096,8192,100,512,4096,8192,355,2048,4096,8192,45,2048,2048,2048,2,1024,65536,262144,4370,262144,524288,524288,41,256,262144,262144,41,262144,262144,524288,41,256,256,512,41,128,128,128,41,64,512,4096,591,64,256,512,9591,128,512,4096,27855,64,512,1024,3285,64,256,512,431,128,512,1024,855,128,1024,2048,873,64,1024,1024,774,64,256,512,7965,0,256,256,1674,64,256,512,180,64,128,512,27,64,512,512,27,128,512,512,18,0,0,0,0,0,0,0,0,0,0,0,0,64,128,128,21,128,128,256,21,9.58,8.81,0.77,0,3,16,0,15,461,1000,870,10262,5331,14315,0,41,21,0
14884566311400,0,0,0,0,0,0,0,0,0,0,0,0,0,0,0,0,0,0,0,0,0,0,0,0,0,0,0,0,0,0,0,0,0,0,0,0,0,0,0,0,0,262144,262144,262144,41,256,256,256,41,262144,262144,262144,41,128,256,512,41,128,128,128,41,0,0,0,0,0,0,0,0,0,0,0,0,0,0,0,0,0,0,0,0,0,0,0,0,64,256,512,834,64,128,256,636,0,64,64,3114,0,64,64,468,0,64,64,1785,0,0,0,0,0,0,0,0,0,0,0,0,0,0,0,0,0,0,0,0,0,0,0,0,128,128,128,20,128,256,256,20,8.54,8.42,0.13,0,0,0,0,0,0,0,622,0,0,3730,0,41,20,0
14885585884700,0,0,0,0,0,0,0,0,0,0,0,0,0,0,0,0,0,0,0,0,0,0,0,0,0,0,0,0,0,0,0,0,0,0,0,0,0,0,0,0,0,262144,262144,262144,41,256,256,256,41,262144,262144,262144,41,128,256,512,41,128,128,128,41,0,0,0,0,0,0,0,0,0,0,0,0,0,0,0,0,0,0,0,0,0,0,0,0,64,256,512,795,64,128,256,687,0,64,64,3699,0,0,0,0,0,64,64,1125,0,0,0,0,0,0,0,0,0,0,0,0,0,0,0,0,0,0,0,0,0,0,0,0,64,128,128,21,64,128,128,21,8.56,8.43,0.13,0,0,0,0,0,0,0,367,0,0,3868,0,41,21,0
14886604741200,0,0,0,0,0,0,0,0,0,0,0,0,0,0,0,0,0,0,0,0,0,0,0,0,0,0,0,0,0,0,0,0,0,0,0,0,0,0,0,0,0,262144,262144,262144,41,256,256,256,41,262144,262144,262144,41,128,256,256,41,128,128,128,41,0,0,0,0,0,0,0,0,0,0,0,0,0,0,0,0,0,0,0,0,0,0,0,0,64,256,512,834,64,64,512,609,0,64,64,3204,0,0,0,0,0,64,64,1098,0,0,0,0,0,0,0,0,0,0,0,0,0,0,0,0,0,0,0,0,0,0,0,0,128,128,128,20,128,256,256,20,8.69,8.43,0.26,0,0,0,0,0,0,0,119,0,0,3824,0,41,20,0
14887625452700,0,0,0,0,0,0,0,0,0,0,0,0,0,0,0,0,0,0,0,0,0,0,0,0,0,0,0,0,0,0,0,0,0,0,0,0,0,0,0,0,0,262144,262144,262144,40,256,256,256,40,262144,262144,262144,40,128,256,512,40,128,128,128,40,0,0,0,0,0,0,0,0,0,0,0,0,0,0,0,0,0,0,0,0,0,0,0,0,64,256,512,762,64,64,256,582,0,64,64,2871,0,0,0,0,0,64,64,1725,0,0,0,0,0,0,0,0,0,0,0,0,0,0,0,0,0,0,0,0,0,0,0,0,64,128,128,20,128,128,128,20,8.81,8.68,0.13,0,0,0,0,0,0,0,0,0,0,1823,0,40,20,0
14888644538700,0,0,0,0,0,0,0,0,0,0,0,0,0,0,0,0,0,0,0,0,0,0,0,0,0,0,0,0,0,0,0,0,0,0,0,0,0,0,0,0,0,262144,262144,262144,41,256,256,256,41,262144,262144,262144,41,128,256,512,41,128,128,128,41,0,0,0,0,0,0,0,0,0,0,0,0,0,0,0,0,0,0,0,0,0,0,0,0,128,256,512,762,64,128,512,627,0,64,64,3132,0,0,0,0,0,64,64,1137,0,0,0,0,0,0,0,0,0,0,0,0,0,0,0,0,0,0,0,0,0,0,0,0,128,128,128,21,64,256,256,21,8.30,8.30,0.00,0,0,0,0,0,0,0,0,0,0,0,0,41,21,0
14889666297300,0,0,0,0,0,0,0,0,0,0,0,0,0,0,0,0,0,0,0,0,0,0,0,0,0,0,0,0,0,0,0,0,0,0,0,0,0,0,0,0,0,262144,262144,262144,41,256,256,256,41,262144,262144,262144,41,128,512,512,41,128,256,256,41,0,0,0,0,0,0,0,0,0,0,0,0,0,0,0,0,0,0,0,0,0,0,0,0,64,256,512,780,64,128,512,663,0,64,64,3150,0,0,0,0,0,64,64,942,0,0,0,0,0,0,0,0,0,0,0,0,0,0,0,0,0,0,0,0,0,0,0,0,128,256,256,20,64,256,256,20,8.28,8.28,0.00,0,0,0,0,0,0,0,0,0,0,0,0,41,20,0
14890683544600,0,0,0,0,0,0,0,0,0,0,0,0,0,0,0,0,0,0,0,0,0,0,0,0,0,0,0,0,0,0,0,0,0,0,0,0,0,0,0,0,0,262144,262144,524288,41,256,256,512,41,262144,262144,524288,41,128,512,1024,41,128,256,256,41,0,0,0,0,0,0,0,0,0,0,0,0,0,0,0,0,0,0,0,0,0,0,0,0,64,256,512,735,64,128,1024,582,0,64,64,3402,0,0,0,0,0,64,64,1506,0,0,0,0,0,0,0,0,0,0,0,0,0,0,0,0,0,0,0,0,0,0,0,0,64,256,256,21,128,256,256,21,8.19,7.81,0.38,0,0,0,0,0,0,0,0,0,0,29,0,41,21,0
