timestampNs,users,fRecv_Move_p50,fRecv_Move_p95,fRecv_Move_p99,fRecv_Move_cnt,fRecv_RTT_p50,fRecv_RTT_p95,fRecv_RTT_p99,fRecv_RTT_cnt,fRecv_Swing_p50,fRecv_Swing_p95,fRecv_Swing_p99,fRecv_Swing_cnt,fRecv_Skill_p50,fRecv_Skill_p95,fRecv_Skill_p99,fRecv_Skill_cnt,fRecv_Pickup_p50,fRecv_Pickup_p95,fRecv_Pickup_p99,fRecv_Pickup_cnt,fRecv_UseItem_p50,fRecv_UseItem_p95,fRecv_UseItem_p99,fRecv_UseItem_cnt,fRecv_DelItem_p50,fRecv_DelItem_p95,fRecv_DelItem_p99,fRecv_DelItem_cnt,fRecv_Swap_p50,fRecv_Swap_p95,fRecv_Swap_p99,fRecv_Swap_cnt,fRecv_Respawn_p50,fRecv_Respawn_p95,fRecv_Respawn_p99,fRecv_Respawn_cnt,fRecv_Lock_p50,fRecv_Lock_p95,fRecv_Lock_p99,fRecv_Lock_cnt,fUpd_Whole_p50,fUpd_Whole_p95,fUpd_Whole_p99,fUpd_Whole_cnt,fUpd_User_p50,fUpd_User_p95,fUpd_User_p99,fUpd_User_cnt,fUpd_Monster_p50,fUpd_Monster_p95,fUpd_Monster_p99,fUpd_Monster_cnt,fUpd_Drop_p50,fUpd_Drop_p95,fUpd_Drop_p99,fUpd_Drop_cnt,fUpd_Lock_p50,fUpd_Lock_p95,fUpd_Lock_p99,fUpd_Lock_cnt,bc_CreateChar_p50,bc_CreateChar_p95,bc_CreateChar_p99,bc_CreateChar_cnt,bc_DelChar_p50,bc_DelChar_p95,bc_DelChar_p99,bc_DelChar_cnt,bc_MoveInput_p50,bc_MoveInput_p95,bc_MoveInput_p99,bc_MoveInput_cnt,bc_Swing_p50,bc_Swing_p95,bc_Swing_p99,bc_Swing_cnt,bc_HitResult_p50,bc_HitResult_p95,bc_HitResult_p99,bc_HitResult_cnt,bc_Skill_p50,bc_Skill_p95,bc_Skill_p99,bc_Skill_cnt,bc_CreateMon_p50,bc_CreateMon_p95,bc_CreateMon_p99,bc_CreateMon_cnt,bc_DelMon_p50,bc_DelMon_p95,bc_DelMon_p99,bc_DelMon_cnt,bc_MoveMon_p50,bc_MoveMon_p95,bc_MoveMon_p99,bc_MoveMon_cnt,bc_StopMon_p50,bc_StopMon_p95,bc_StopMon_p99,bc_StopMon_cnt,bc_MonHitPlayer_p50,bc_MonHitPlayer_p95,bc_MonHitPlayer_p99,bc_MonHitPlayer_cnt,bc_CreateDrop_p50,bc_CreateDrop_p95,bc_CreateDrop_p99,bc_CreateDrop_cnt,bc_DelDrop_p50,bc_DelDrop_p95,bc_DelDrop_p99,bc_DelDrop_cnt,bc_Respawn_p50,bc_Respawn_p95,bc_Respawn_p99,bc_Respawn_cnt,aRecv_Login_p50,aRecv_Login_p95,aRecv_Login_p99,aRecv_Login_cnt,aRecv_CharSelect_p50,aRecv_CharSelect_p95,aRecv_CharSelect_p99,aRecv_CharSelect_cnt,aRecv_Lock_p50,aRecv_Lock_p95,aRecv_Lock_p99,aRecv_Lock_cnt,aUpd_Lock_p50,aUpd_Lock_p95,aUpd_Lock_p99,aUpd_Lock_cnt,aUpd_Whole_p50,aUpd_Whole_p95,aUpd_Whole_p99,aUpd_Whole_cnt,cpuTotal,cpuUser,cpuKernel,db_CharSelect,db_InsertItem,db_DelItem,db_ItemCount,db_ItemSlot,db_CharProgress,db_LogOut,db_CharSelect_q_p50,db_CharSelect_q_p95,db_CharSelect_q_p99,db_CharSelect_q_p999,db_CharSelect_q_max,db_CharSelect_q_cnt,db_InsertItem_q_p50,db_InsertItem_q_p95,db_InsertItem_q_p99,db_InsertItem_q_p999,db_InsertItem_q_max,db_InsertItem_q_cnt,db_DelItem_q_p50,db_DelItem_q_p95,db_DelItem_q_p99,db_DelItem_q_p999,db_DelItem_q_max,db_DelItem_q_cnt,db_ItemCount_q_p50,db_ItemCount_q_p95,db_ItemCount_q_p99,db_ItemCount_q_p999,db_ItemCount_q_max,db_ItemCount_q_cnt,db_ItemSlot_q_p50,db_ItemSlot_q_p95,db_ItemSlot_q_p99,db_ItemSlot_q_p999,db_ItemSlot_q_max,db_ItemSlot_q_cnt,db_CharProgress_q_p50,db_CharProgress_q_p95,db_CharProgress_q_p99,db_CharProgress_q_p999,db_CharProgress_q_max,db_CharProgress_q_cnt,db_LogOut_q_p50,db_LogOut_q_p95,db_LogOut_q_p99,db_LogOut_q_p999,db_LogOut_q_max,db_LogOut_q_cnt,dbp_Block_p50,dbp_Block_p95,dbp_Block_p99,dbp_Block_p999,dbp_Block_max,dbp_Block_cnt,dbp_Dequeue_p50,dbp_Dequeue_p95,dbp_Dequeue_p99,dbp_Dequeue_p999,dbp_Dequeue_max,dbp_Dequeue_cnt,dbp_Execute_p50,dbp_Execute_p95,dbp_Execute_p99,dbp_Execute_p999,dbp_Execute_max,dbp_Execute_cnt,dbp_Enqueue_p50,dbp_Enqueue_p95,dbp_Enqueue_p99,dbp_Enqueue_p999,dbp_Enqueue_max,dbp_Enqueue_cnt,dbp_DeleteJob_p50,dbp_DeleteJob_p95,dbp_DeleteJob_p99,dbp_DeleteJob_p999,dbp_DeleteJob_max,dbp_DeleteJob_cnt,dbQueue,storeQueue,sendIOTPS,recvIOTPS,tcpSeg,tcpRetx,fieldFrame,authFrame,syncCount
3.6407E+13,0,0,0,0,0,0,0,0,0,0,0,0,0,0,0,0,0,0,0,0,0,0,0,0,0,0,0,0,0,0,0,0,0,0,0,0,0,0,0,0,0,131072,262144,524288,41,256,512,2048,41,131072,262144,524288,41,128,256,256,41,128,256,262144,41,0,0,0,0,0,0,0,0,0,0,0,0,0,0,0,0,0,0,0,0,0,0,0,0,0,0,0,0,0,0,0,0,0,0,0,0,0,0,0,0,0,0,0,0,0,0,0,0,0,0,0,0,0,0,0,0,0,0,0,0,0,0,0,0,0,0,0,0,128,256,256,20,256,256,256,20,7.91,3.86,4.05,0,0,0,0,0,0,0,0,0,0,0,0,0,0,0,0,0,0,0,0,0,0,0,0,0,0,0,0,0,0,0,0,0,0,0,0,0,0,0,0,0,0,0,0,0,0,0,0,0,0,0,0,0,512,1,0,0,0,0,256,1,0,0,0,0,8388608,1,0,0,0,0,0,0,0,0,0,0,32768,1,0,0,0,0,0,0,41,20,0
3.6408E+13,0,0,0,0,0,0,0,0,0,0,0,0,0,0,0,0,0,0,0,0,0,0,0,0,0,0,0,0,0,0,0,0,0,0,0,0,0,0,0,0,0,131072,131072,262144,41,256,256,512,41,131072,131072,262144,41,64,128,256,41,128,256,256,41,0,0,0,0,0,0,0,0,0,0,0,0,0,0,0,0,0,0,0,0,0,0,0,0,0,0,0,0,0,0,0,0,0,64,64,306,0,0,0,0,0,0,0,0,0,0,0,0,0,0,0,0,0,0,0,0,0,0,0,0,0,0,0,0,0,0,0,0,128,128,256,21,128,256,256,21,8.57,5.5,3.07,0,0,0,0,0,0,0,0,0,0,0,0,0,0,0,0,0,0,0,0,0,0,0,0,0,0,0,0,0,0,0,0,0,0,0,0,0,0,0,0,0,0,0,0,0,0,0,0,0,0,0,0,0,0,0,0,0,0,0,0,0,0,0,0,0,0,0,0,0,0,0,0,0,0,0,0,0,0,0,0,0,0,0,23,0,41,21,0
3.6409E+13,0,0,0,0,0,0,0,0,0,0,0,0,0,0,0,0,0,0,0,0,0,0,0,0,0,0,0,0,0,0,0,0,0,0,0,0,0,0,0,0,0,131072,262144,262144,41,256,512,512,41,131072,262144,262144,41,64,128,256,41,128,128,128,41,0,0,0,0,0,0,0,0,0,0,0,0,0,0,0,0,0,0,0,0,0,0,0,0,128,256,256,156,64,128,256,156,0,64,64,6444,0,0,0,0,0,0,0,0,0,0,0,0,0,0,0,0,0,0,0,0,0,0,0,0,0,0,0,0,0,0,0,0,128,128,128,20,128,256,256,20,8.32,5.17,3.15,0,0,0,0,0,0,0,0,0,0,0,0,0,0,0,0,0,0,0,0,0,0,0,0,0,0,0,0,0,0,0,0,0,0,0,0,0,0,0,0,0,0,0,0,0,0,0,0,0,0,0,0,0,0,0,0,0,0,0,0,0,0,0,0,0,0,0,0,0,0,0,0,0,0,0,0,0,0,0,0,0,0,0,3,0,41,20,0
3.64101E+13,0,0,0,0,0,0,0,0,0,0,0,0,0,0,0,0,0,0,0,0,0,0,0,0,0,0,0,0,0,0,0,0,0,0,0,0,0,0,0,0,0,262144,262144,262144,41,256,256,512,41,262144,262144,262144,41,64,64,128,41,128,128,256,41,0,0,0,0,0,0,0,0,0,0,0,0,0,0,0,0,0,0,0,0,0,0,0,0,128,256,256,522,64,128,256,522,0,64,64,5922,0,0,0,0,0,0,0,0,0,0,0,0,0,0,0,0,0,0,0,0,0,0,0,0,0,0,0,0,0,0,0,0,128,256,512,21,128,256,256,21,8.3,5.03,3.27,0,0,0,0,0,0,0,0,0,0,0,0,0,0,0,0,0,0,0,0,0,0,0,0,0,0,0,0,0,0,0,0,0,0,0,0,0,0,0,0,0,0,0,0,0,0,0,0,0,0,0,0,0,0,0,0,0,0,0,0,0,0,0,0,0,0,0,0,0,0,0,0,0,0,0,0,0,0,0,0,0,0,0,4,0,41,21,0
3.64111E+13,0,0,0,0,0,0,0,0,0,0,0,0,0,0,0,0,0,0,0,0,0,0,0,0,0,0,0,0,0,0,0,0,0,0,0,0,0,0,0,0,0,262144,262144,262144,42,256,256,256,42,262144,262144,262144,42,64,64,128,42,128,256,256,42,0,0,0,0,0,0,0,0,0,0,0,0,0,0,0,0,0,0,0,0,0,0,0,0,128,256,256,902,64,128,256,902,0,64,64,5580,0,0,0,0,0,0,0,0,0,0,0,0,0,0,0,0,0,0,0,0,0,0,0,0,0,0,0,0,0,0,0,0,128,128,256,21,64,128,128,21,8.51,5.88,2.63,0,0,0,0,0,0,0,0,0,0,0,0,0,0,0,0,0,0,0,0,0,0,0,0,0,0,0,0,0,0,0,0,0,0,0,0,0,0,0,0,0,0,0,0,0,0,0,0,0,0,0,0,0,0,0,0,0,0,0,0,0,0,0,0,0,0,0,0,0,0,0,0,0,0,0,0,0,0,0,0,0,0,0,0,0,42,21,0
3.64121E+13,0,0,0,0,0,0,0,0,0,0,0,0,0,0,0,0,0,0,0,0,0,0,0,0,0,0,0,0,0,0,0,0,0,0,0,0,0,0,0,0,0,262144,262144,262144,41,256,256,512,41,262144,262144,262144,41,64,64,128,41,128,128,256,41,0,0,0,0,0,0,0,0,0,0,0,0,0,0,0,0,0,0,0,0,0,0,0,0,128,256,256,1035,64,128,256,1035,0,64,64,4545,0,0,0,0,0,0,0,0,0,0,0,0,0,0,0,0,0,0,0,0,0,0,0,0,0,0,0,0,0,0,0,0,128,256,256,20,64,128,128,20,8.24,5.58,2.66,0,0,0,0,0,0,0,0,0,0,0,0,0,0,0,0,0,0,0,0,0,0,0,0,0,0,0,0,0,0,0,0,0,0,0,0,0,0,0,0,0,0,0,0,0,0,0,0,0,0,0,0,0,0,0,0,0,0,0,0,0,0,0,0,0,0,0,0,0,0,0,0,0,0,0,0,0,0,0,0,0,0,0,0,0,41,20,0
3.64132E+13,0,0,0,0,0,0,0,0,0,0,0,0,0,0,0,0,0,0,0,0,0,0,0,0,0,0,0,0,0,0,0,0,0,0,0,0,0,0,0,0,0,262144,262144,262144,42,256,512,512,42,262144,262144,262144,42,64,64,128,42,128,128,2048,42,0,0,0,0,0,0,0,0,0,0,0,0,0,0,0,0,0,0,0,0,0,0,0,0,128,256,256,1100,64,128,512,1100,0,0,0,0,0,0,0,0,0,0,0,0,0,0,0,0,0,0,0,0,0,0,0,0,0,0,0,0,0,0,0,0,0,0,0,0,64,128,128,21,64,256,256,21,8.31,5.29,3.02,0,0,0,0,0,0,0,0,0,0,0,0,0,0,0,0,0,0,0,0,0,0,0,0,0,0,0,0,0,0,0,0,0,0,0,0,0,0,0,0,0,0,0,0,0,0,0,0,0,0,0,0,0,0,0,0,0,0,0,0,0,0,0,0,0,0,0,0,0,0,0,0,0,0,0,0,0,0,0,0,0,0,0,0,0,42,21,0
3.64142E+13,0,0,0,0,0,0,0,0,0,0,0,0,0,0,0,0,0,0,0,0,0,0,0,0,0,0,0,0,0,0,0,0,0,0,0,0,0,0,0,0,0,262144,262144,262144,41,256,256,512,41,262144,262144,262144,41,64,64,64,41,128,128,128,41,0,0,0,0,0,0,0,0,0,0,0,0,0,0,0,0,0,0,0,0,0,0,0,0,128,256,256,567,64,256,512,567,0,0,0,0,0,0,0,0,0,0,0,0,0,0,0,0,0,0,0,0,0,0,0,0,0,0,0,0,0,0,0,0,0,0,0,0,64,256,256,21,128,256,256,21,8.43,5.66,2.77,0,0,0,0,0,0,0,0,0,0,0,0,0,0,0,0,0,0,0,0,0,0,0,0,0,0,0,0,0,0,0,0,0,0,0,0,0,0,0,0,0,0,0,0,0,0,0,0,0,0,0,0,0,0,0,0,0,0,0,0,0,0,0,0,0,0,0,0,0,0,0,0,0,0,0,0,0,0,0,0,0,0,0,0,0,41,21,0
3.64152E+13,0,0,0,0,0,0,0,0,0,0,0,0,0,0,0,0,0,0,0,0,0,0,0,0,0,0,0,0,0,0,0,0,0,0,0,0,0,0,0,0,0,131072,262144,262144,42,256,256,256,42,131072,262144,262144,42,64,128,128,42,128,128,128,42,0,0,0,0,0,0,0,0,0,0,0,0,0,0,0,0,0,0,0,0,0,0,0,0,128,256,256,396,64,256,512,396,0,64,64,1989,0,0,0,0,0,0,0,0,0,0,0,0,0,0,0,0,0,0,0,0,0,0,0,0,0,0,0,0,0,0,0,0,128,128,128,21,64,256,256,21,8.25,5.5,2.75,0,0,0,0,0,0,0,0,0,0,0,0,0,0,0,0,0,0,0,0,0,0,0,0,0,0,0,0,0,0,0,0,0,0,0,0,0,0,0,0,0,0,0,0,0,0,0,0,0,0,0,0,0,0,0,0,0,0,0,0,0,0,0,0,0,0,0,0,0,0,0,0,0,0,0,0,0,0,0,0,0,0,0,17,0,42,21,0
3.64163E+13,0,0,0,0,0,0,0,0,0,0,0,0,0,0,0,0,0,0,0,0,0,0,0,0,0,0,0,0,0,0,0,0,0,0,0,0,0,0,0,0,0,131072,262144,262144,41,256,256,512,41,131072,262144,262144,41,64,64,128,41,128,128,128,41,0,0,0,0,0,0,0,0,0,0,0,0,0,0,0,0,0,0,0,0,0,0,0,0,128,256,256,417,64,128,256,417,0,64,64,6309,0,0,0,0,0,0,0,0,0,0,0,0,0,0,0,0,0,0,0,0,0,0,0,0,0,0,0,0,0,0,0,0,128,256,256,20,64,256,256,20,8.39,5.34,3.05,0,0,0,0,0,0,0,0,0,0,0,0,0,0,0,0,0,0,0,0,0,0,0,0,0,0,0,0,0,0,0,0,0,0,0,0,0,0,0,0,0,0,0,0,0,0,0,0,0,0,0,0,0,0,0,0,0,0,0,0,0,0,0,0,0,0,0,0,0,0,0,0,0,0,0,0,0,0,0,0,0,0,0,0,0,41,20,0
3.64173E+13,100,2048,16384,32768,529,512,8192,16384,72,8192,65536,65536,71,0,0,0,0,0,0,0,0,4096,65536,65536,19,512,1024,4096,100,2048,2048,2048,14,0,0,0,0,64,65536,131072,833,262144,262144,262144,41,8192,32768,65536,41,262144,262144,262144,41,64,128,128,41,128,128,128,41,64,256,512,1002,128,512,2048,102,128,512,8192,4761,64,256,8192,639,0,0,0,0,128,256,8192,252,128,256,512,705,64,256,512,705,0,64,128,6156,64,256,256,18,0,0,0,0,0,0,0,0,0,0,0,0,0,0,0,0,1024,524288,524288,100,1024,65536,131072,100,64,262144,524288,200,64,128,128,21,64,262144,262144,21,9.06,5.16,3.9,100,0,0,19,0,71,0,262144,262144,524288,524288,524288,100,0,0,0,0,0,0,0,0,0,0,0,0,524288,2097152,2097152,2097152,2097152,19,0,0,0,0,0,0,131072,131072,262144,262144,262144,71,0,0,0,0,0,0,262144,16777216,33554432,33554432,8589934592,91,64,128,256,256,256,190,262144,524288,1048576,2097152,2097152,190,64,128,256,256,256,100,256,256,1024,1024,65536,90,0,0,1846,1029,3985,0,41,21,0
3.64183E+13,200,2048,16384,32768,1136,512,8192,16384,165,4096,16384,16384,140,0,0,0,0,0,0,0,0,2048,16384,16384,35,512,8192,16384,200,2048,8192,8192,23,0,0,0,0,64,65536,131072,1753,262144,262144,524288,41,32768,65536,65536,41,262144,262144,262144,41,64,128,128,41,128,128,128,41,64,256,512,1110,128,512,1024,210,128,512,8192,10224,64,256,8192,1260,128,256,256,18,128,256,4096,486,128,256,512,1003,64,256,512,1003,0,64,256,5715,0,128,128,9,0,0,0,0,0,0,0,0,0,0,0,0,0,0,0,0,1024,2048,4096,100,1024,1024,2048,100,64,128,8192,200,64,128,128,20,64,262144,262144,20,9.81,5.79,4.02,100,0,0,35,0,140,0,262144,262144,524288,524288,524288,100,0,0,0,0,0,0,0,0,0,0,0,0,524288,1048576,1048576,1048576,1048576,35,0,0,0,0,0,0,65536,131072,262144,262144,262144,140,0,0,0,0,0,0,524288,16777216,16777216,16777216,16777216,153,128,256,256,256,256,275,131072,524288,1048576,1048576,1048576,275,64,128,256,256,256,100,256,256,512,512,512,175,0,0,4007,1942,6427,0,41,20,0
3.64194E+13,300,2048,16384,32768,1797,512,8192,16384,246,8192,16384,32768,194,0,0,0,0,0,0,0,0,2048,16384,16384,67,512,8192,16384,288,2048,16384,16384,41,0,0,0,0,64,65536,131072,2728,262144,524288,524288,42,65536,65536,65536,42,262144,262144,524288,42,64,128,128,42,64,128,512,42,64,256,512,1230,128,512,1024,330,128,512,8192,16173,128,512,8192,1746,64,256,256,27,128,512,8192,855,128,512,512,1248,64,256,256,1248,0,256,512,4257,64,512,8192,108,64,128,128,9,0,0,0,0,0,0,0,0,0,0,0,0,1024,2048,4096,100,1024,1024,2048,100,64,64,512,200,64,128,128,21,128,262144,262144,21,9.57,5.54,4.03,100,0,0,67,0,194,0,262144,262144,524288,524288,524288,100,0,0,0,0,0,0,0,0,0,0,0,0,524288,1048576,1048576,1048576,1048576,67,0,0,0,0,0,0,65536,131072,262144,262144,262144,194,0,0,0,0,0,0,262144,16777216,16777216,16777216,16777216,172,64,256,256,256,256,361,131072,524288,1048576,1048576,1048576,361,64,128,128,128,256,100,256,256,256,512,512,261,0,0,6139,2911,8897,0,42,21,0
3.64204E+13,400,2048,16384,32768,2392,512,8192,16384,326,4096,16384,16384,275,4096,8192,8192,10,0,0,0,0,2048,16384,16384,95,512,8192,16384,331,2048,16384,16384,72,0,0,0,0,256,131072,262144,3572,262144,524288,524288,41,65536,131072,131072,41,262144,262144,262144,41,64,128,128,41,64,2048,8192,41,64,256,4096,1278,128,512,8192,378,128,512,8192,21528,128,256,8192,2475,64,256,256,63,128,512,8192,729,128,512,512,876,64,256,512,876,64,256,4096,2628,128,512,8192,333,64,256,256,54,0,0,0,0,0,0,0,0,0,0,0,0,1024,2048,2048,100,1024,1024,1024,100,64,128,1024,200,128,128,128,21,128,262144,262144,21,9.39,5.51,3.88,100,0,0,95,0,285,0,262144,262144,524288,524288,524288,100,0,0,0,0,0,0,0,0,0,0,0,0,524288,1048576,1048576,1048576,1048576,92,0,0,0,0,0,0,65536,131072,262144,262144,262144,280,0,0,0,0,0,0,262144,16777216,16777216,16777216,16777216,209,64,256,256,256,256,473,131072,524288,1048576,1048576,1048576,472,64,128,128,128,128,100,256,256,256,512,32768,372,7,0,8219,3753,11618,0,41,21,0
3.64214E+13,480,2048,16384,32768,2968,512,8192,8192,419,4096,16384,32768,344,8192,16384,32768,32,0,0,0,0,2048,8192,16384,88,512,8192,16384,314,2048,8192,16384,77,0,0,0,0,1024,131072,262144,4317,262144,524288,524288,41,65536,131072,131072,41,262144,262144,262144,41,64,128,128,41,128,128,128,41,64,256,512,1242,128,512,4096,522,128,512,8192,26712,128,256,4096,3096,64,256,256,216,128,512,8192,963,128,512,1024,615,64,256,512,615,64,256,512,7839,64,256,512,540,64,256,512,90,0,0,0,0,0,0,0,0,0,0,0,0,1024,2048,2048,100,1024,1024,1024,100,64,64,1024,200,64,128,128,20,64,131072,131072,20,11.02,7.09,3.93,100,0,0,88,0,376,0,262144,262144,524288,524288,524288,100,0,0,0,0,0,0,0,0,0,0,0,0,524288,1048576,1048576,1048576,2097152,91,0,0,0,0,0,0,65536,131072,262144,262144,262144,381,0,0,0,0,0,0,262144,16777216,16777216,16777216,16777216,234,64,256,256,256,512,571,131072,524288,1048576,1048576,2097152,572,64,128,256,256,256,100,256,256,512,512,1024,472,0,0,9615,4501,13639,0,41,20,0
3.64225E+13,510,2048,16384,16384,3715,512,8192,8192,510,4096,16384,16384,442,8192,16384,16384,68,0,0,0,0,2048,8192,16384,116,512,8192,8192,344,2048,8192,8192,83,0,0,0,0,1024,65536,131072,5366,524288,524288,524288,42,131072,131072,131072,42,262144,524288,524288,42,64,128,128,42,128,128,32768,42,64,256,512,1032,128,512,4096,762,128,512,8192,33435,128,512,1024,3978,64,256,256,333,128,512,512,1404,128,1024,1024,522,64,512,512,522,64,256,4096,10251,64,256,4096,900,64,512,4096,153,0,0,0,0,0,0,0,0,0,0,0,0,1024,2048,2048,49,1024,1024,1024,28,64,64,64,77,64,128,128,21,64,256,131072,21,12.18,6.91,5.27,28,0,0,116,0,510,0,262144,262144,262144,262144,524288,20,0,0,0,0,0,0,0,0,0,0,0,0,524288,1048576,1048576,1048576,1048576,116,0,0,0,0,0,0,65536,131072,262144,262144,524288,510,0,0,0,0,0,0,262144,16777216,16777216,16777216,16777216,228,64,256,256,256,256,647,65536,524288,1048576,1048576,1048576,646,128,256,256,256,256,20,256,256,512,512,1024,626,7,0,11328,5410,14543,0,42,21,0
3.64235E+13,600,2048,8192,16384,4351,512,8192,8192,610,4096,16384,16384,496,8192,16384,16384,96,0,0,0,0,2048,8192,8192,139,512,8192,8192,541,2048,8192,8192,90,0,0,0,0,1024,65536,131072,6418,524288,524288,524288,41,131072,262144,262144,41,262144,524288,524288,41,64,128,128,41,128,256,16384,41,64,256,512,1586,128,512,8192,776,128,512,4096,39159,64,256,1024,4464,64,256,256,360,128,512,1024,1719,128,512,1024,519,64,256,512,519,64,256,1024,11763,64,256,4096,1188,64,256,256,153,0,0,0,0,0,0,0,0,0,0,0,0,1024,2048,2048,51,1024,1024,2048,72,64,128,1024,123,64,128,128,21,64,262144,262144,21,8.6,5.69,2.91,72,0,0,139,0,592,0,262144,262144,262144,262144,1048576,80,0,0,0,0,0,0,0,0,0,0,0,0,524288,1048576,1048576,1048576,1048576,139,0,0,0,0,0,0,65536,131072,262144,262144,262144,592,0,0,0,0,0,0,262144,8388608,16777216,16777216,16777216,265,64,128,256,256,256,810,65536,524288,1048576,1048576,1048576,811,64,128,128,128,128,80,128,256,256,512,512,731,0,0,13160,6510,18501,0,41,21,0
3.64245E+13,700,2048,8192,16384,4927,512,8192,8192,694,4096,16384,16384,545,8192,16384,16384,86,0,0,0,0,2048,8192,16384,160,512,4096,8192,666,2048,8192,8192,103,0,0,0,0,64,65536,262144,7282,524288,524288,524288,42,131072,262144,262144,42,262144,524288,524288,42,64,128,128,42,128,512,65536,42,64,512,1024,1823,128,512,4096,923,128,512,4096,44343,128,512,1024,4905,64,256,256,414,128,512,1024,1683,128,1024,1024,735,64,512,1024,735,64,256,1024,13419,64,256,4096,1188,64,256,4096,198,0,0,0,0,0,0,0,0,0,0,0,0,1024,2048,2048,100,1024,1024,1024,100,64,128,1024,200,64,128,128,21,64,262144,262144,21,9.44,5.67,3.78,100,0,0,160,0,631,0,262144,262144,524288,524288,524288,100,0,0,0,0,0,0,0,0,0,0,0,0,524288,1048576,1048576,1048576,2097152,160,0,0,0,0,0,0,65536,131072,262144,262144,524288,631,0,0,0,0,0,0,262144,8388608,16777216,16777216,16777216,280,64,256,256,256,256,891,65536,524288,1048576,1048576,2097152,891,64,128,256,256,256,100,256,256,512,512,512,791,0,0,14657,7444,20913,0,42,21,0
3.64256E+13,800,2048,8192,16384,5572,512,4096,8192,771,4096,16384,16384,614,4096,8192,16384,129,0,0,0,0,2048,8192,8192,149,512,4096,8192,723,2048,8192,8192,112,0,0,0,0,64,65536,131072,8153,524288,524288,524288,41,131072,262144,262144,41,262144,524288,524288,41,64,128,256,41,64,128,128,41,64,256,512,1788,128,512,4096,888,128,512,4096,50148,64,512,1024,5526,64,256,256,519,128,512,1024,1908,128,512,1024,696,64,512,512,696,64,256,4096,12969,64,256,4096,1359,64,256,512,78,0,0,0,0,0,0,0,0,0,0,0,0,1024,2048,4096,100,1024,1024,1024,100,64,64,128,200,64,128,128,20,128,131072,131072,20,9.88,5.75,4.13,100,0,0,149,0,743,0,262144,262144,524288,524288,524288,100,0,0,0,0,0,0,0,0,0,0,0,0,524288,1048576,1048576,1048576,1048576,149,0,0,0,0,0,0,65536,131072,262144,262144,262144,743,0,0,0,0,0,0,262144,8388608,16777216,16777216,16777216,313,64,128,256,256,256,992,65536,524288,1048576,1048576,1048576,992,64,128,256,256,256,100,128,256,256,512,512,892,0,0,16164,8310,23069,0,41,20,0
3.64266E+13,900,2048,8192,16384,6016,512,4096,8192,839,4096,16384,16384,676,4096,16384,16384,165,0,0,0,0,2048,8192,8192,167,512,8192,8192,747,2048,8192,16384,116,0,0,0,0,64,65536,131072,8801,524288,524288,524288,41,131072,262144,262144,41,262144,524288,524288,41,64,64,128,41,128,128,1024,41,64,256,512,1842,128,512,1024,942,128,512,4096,54144,64,512,1024,6084,64,256,512,744,128,512,1024,2160,256,512,4096,810,64,512,512,810,64,256,4096,13248,64,256,512,1287,64,256,512,222,0,0,0,0,0,0,0,0,0,0,0,0,1024,2048,2048,100,1024,1024,1024,100,64,64,1024,200,64,128,128,21,128,262144,262144,21,10.95,5.79,5.16,100,0,0,167,0,841,0,262144,262144,262144,262144,524288,100,0,0,0,0,0,0,0,0,0,0,0,0,524288,1048576,1048576,1048576,1048576,167,0,0,0,0,0,0,65536,131072,131072,262144,262144,841,0,0,0,0,0,0,131072,8388608,16777216,16777216,16777216,355,64,128,256,256,256,1108,65536,524288,1048576,1048576,1048576,1108,64,128,256,256,256,100,128,256,256,512,512,1008,0,0,17539,8927,25388,0,41,21,0
3.64276E+13,979,2048,8192,16384,6593,512,4096,8192,944,4096,16384,16384,745,4096,8192,16384,199,0,0,0,0,2048,8192,8192,207,512,4096,8192,720,1024,8192,8192,123,0,0,0,0,64,65536,131072,9608,524288,524288,524288,42,262144,262144,262144,42,262144,524288,524288,42,64,128,128,42,128,128,256,42,64,512,1024,1884,128,512,4096,1173,128,512,4096,59337,64,512,1024,6705,64,256,256,816,128,512,1024,2457,256,512,1024,783,64,256,512,783,64,256,1024,14553,64,256,2048,1341,64,256,512,135,0,0,0,0,0,0,0,0,0,0,0,0,1024,2048,2048,100,1024,1024,2048,79,64,128,256,179,64,128,128,21,64,131072,262144,21,12.27,6.71,5.57,79,0,0,207,0,944,0,262144,262144,524288,524288,524288,79,0,0,0,0,0,0,0,0,0,0,0,0,524288,1048576,1048576,1048576,1048576,207,0,0,0,0,0,0,65536,131072,131072,262144,262144,942,0,0,0,0,0,0,131072,8388608,16777216,16777216,16777216,353,64,128,256,256,256,1229,65536,524288,1048576,1048576,1048576,1228,64,128,256,256,256,79,128,256,256,512,512,1149,1,0,19536,9735,26905,0,42,21,0
3.64287E+13,1000,2048,8192,16384,7356,512,4096,8192,1033,4096,16384,16384,842,4096,8192,16384,175,0,0,0,0,2048,8192,16384,232,512,4096,8192,702,2048,8192,8192,150,0,0,0,0,64,65536,262144,10575,524288,1048576,1048576,41,262144,262144,262144,41,262144,524288,524288,41,64,64,128,41,128,128,128,41,128,512,4096,1419,128,512,4096,1230,128,512,4096,66213,64,512,2048,7578,64,256,512,740,128,512,1024,2259,256,1024,1024,891,128,512,512,891,64,256,1024,15678,64,256,512,1314,64,512,8192,117,0,0,0,0,0,0,0,0,0,0,0,0,1024,1024,1024,10,512,1024,1024,21,64,64,64,31,64,128,128,20,64,32768,32768,20,10.49,6.12,4.37,21,0,0,232,0,1017,0,262144,262144,262144,262144,262144,21,0,0,0,0,0,0,0,0,0,0,0,0,524288,1048576,1048576,1048576,4194304,231,0,0,0,0,0,0,65536,131072,131072,262144,262144,1019,0,0,0,0,0,0,131072,8388608,16777216,16777216,16777216,406,64,128,256,256,256,1271,65536,524288,1048576,1048576,4194304,1271,64,128,128,128,256,21,128,256,256,512,512,1250,0,0,21215,10526,28119,0,41,20,0
3.64297E+13,1100,2048,8192,16384,7942,512,4096,8192,1110,4096,16384,16384,918,4096,8192,16384,223,0,0,0,0,2048,8192,8192,225,512,4096,8192,955,1024,8192,8192,153,0,0,0,0,64,65536,131072,11596,524288,524288,524288,42,262144,262144,262144,42,262144,524288,524288,42,64,128,128,42,64,8192,32768,42,64,512,2048,2281,128,512,4096,1381,128,512,4096,71469,64,512,1024,8262,64,256,512,1083,128,512,1024,2412,256,1024,1024,1007,128,512,512,1007,64,256,1024,14031,64,256,1024,1332,64,256,512,162,0,0,0,0,0,0,0,0,0,0,0,0,1024,2048,65536,90,1024,1024,1024,100,64,64,512,190,128,128,128,21,128,131072,262144,21,10.69,6.49,4.2,100,0,0,225,0,1141,0,262144,262144,524288,524288,524288,100,0,0,0,0,0,0,0,0,0,0,0,0,524288,1048576,1048576,1048576,1048576,226,0,0,0,0,0,0,65536,131072,131072,262144,262144,1141,0,0,0,0,0,0,131072,8388608,16777216,16777216,16777216,426,64,128,256,256,1024,1466,65536,524288,1048576,1048576,1048576,1467,128,128,256,256,512,100,256,256,256,512,512,1367,0,0,22686,11706,31899,11,42,21,0
3.64307E+13,1200,2048,8192,16384,8418,512,4096,8192,1165,4096,16384,16384,943,8192,16384,16384,266,0,0,0,0,2048,8192,8192,240,512,4096,8192,1091,1024,4096,8192,158,0,0,0,0,64,65536,262144,12369,524288,1048576,1048576,41,262144,262144,262144,41,262144,524288,524288,41,64,128,128,41,64,8192,131072,41,64,512,512,2311,128,512,4096,1411,128,512,4096,75762,64,512,1024,8487,64,256,512,1429,128,512,1024,2835,256,1024,2048,1032,128,512,512,1032,64,512,2048,13716,64,512,1024,1377,64,256,4096,180,0,0,0,0,0,0,0,0,0,0,0,0,1024,2048,4096,100,1024,1024,2048,100,64,128,512,200,64,128,128,21,128,131072,262144,21,10.3,6.91,3.39,100,0,0,240,0,1209,0,262144,262144,524288,524288,524288,100,0,0,0,0,0,0,0,0,0,0,0,0,524288,1048576,1048576,1048576,1048576,240,0,0,0,0,0,0,65536,131072,131072,262144,524288,1209,0,0,0,0,0,0,131072,8388608,8388608,16777216,16777216,429,64,128,256,256,32768,1549,65536,524288,1048576,1048576,1048576,1549,128,256,256,256,256,100,256,256,256,512,1024,1449,0,0,23848,12496,33856,0,41,21,0
3.64318E+13,1281,2048,8192,16384,8895,512,4096,8192,1235,4096,16384,16384,935,8192,8192,16384,266,0,0,0,0,2048,8192,16384,243,512,4096,8192,1087,1024,8192,8192,208,0,0,0,0,64,65536,262144,12938,524288,524288,1048576,42,262144,262144,262144,42,262144,524288,524288,42,64,256,256,42,128,2048,32768,42,64,512,512,2219,128,512,1024,1490,128,512,4096,80055,64,512,1024,8415,64,256,512,1388,128,512,1024,2727,256,1024,1024,873,128,512,512,882,64,256,2048,14715,64,256,512,1629,64,256,512,147,128,256,256,9,0,0,0,0,0,0,0,0,1024,2048,2048,100,1024,1024,2048,87,64,64,512,187,64,128,128,21,128,131072,131072,21,10.82,5.79,5.03,87,0,0,243,0,1201,0,262144,262144,524288,524288,524288,87,0,0,0,0,0,0,0,0,0,0,0,0,524288,1048576,1048576,1048576,1048576,243,0,0,0,0,0,0,65536,131072,131072,262144,1048576,1201,0,0,0,0,0,0,131072,8388608,8388608,16777216,16777216,515,64,128,256,256,16384,1531,65536,524288,1048576,1048576,1048576,1531,128,256,256,256,256,87,256,256,256,512,512,1444,0,0,25321,13021,34660,0,42,21,0
3.64328E+13,1300,2048,8192,16384,9569,512,4096,8192,1331,4096,8192,16384,1103,8192,16384,16384,234,0,0,0,1,2048,8192,16384,289,512,4096,8192,974,2048,8192,8192,214,0,0,0,0,64,65536,262144,13835,524288,1048576,1048576,40,262144,262144,524288,40,262144,524288,524288,40,256,256,256,40,64,2048,16384,40,64,512,1024,1709,128,512,4096,1538,128,512,4096,86121,64,512,1024,9927,64,256,512,1393,128,512,1024,2655,256,1024,1024,806,128,512,512,815,64,256,2048,15642,64,256,512,1629,64,256,512,252,64,256,256,9,64,64,64,9,0,0,0,0,0,0,0,1,1024,1024,1024,13,64,64,64,14,64,128,128,20,128,32768,32768,20,12.36,7.56,4.79,13,1,0,289,0,1337,0,262144,262144,262144,262144,524288,13,0,0,0,0,524288,1,0,0,0,0,0,0,524288,1048576,1048576,1048576,1048576,286,0,0,0,0,0,0,65536,131072,131072,262144,524288,1336,0,0,0,0,0,0,131072,8388608,16777216,16777216,16777216,369,64,128,256,256,1024,1637,65536,524288,1048576,1048576,1048576,1636,128,128,128,128,128,13,256,256,256,512,32768,1623,3,0,27266,13737,36024,0,40,20,0
3.64338E+13,1400,2048,8192,16384,9810,512,4096,8192,1412,4096,16384,16384,1140,8192,16384,16384,251,0,0,0,0,2048,8192,16384,304,512,4096,8192,1108,2048,8192,16384,184,0,0,0,0,1024,65536,262144,14352,524288,1048576,1048576,42,262144,524288,524288,42,524288,524288,524288,42,256,512,512,42,64,16384,65536,42,64,512,1024,2757,128,512,4096,1857,128,512,4096,88290,128,512,4096,10260,64,256,512,1514,128,512,1024,2745,256,1024,1024,876,128,512,1024,876,64,512,2048,19197,64,512,512,2187,64,256,512,201,0,0,0,0,0,0,0,0,0,0,0,0,1024,2048,8192,99,1024,1024,2048,100,64,64,512,199,64,128,128,21,128,262144,262144,21,11.01,7.26,3.75,100,0,0,304,0,1391,0,262144,262144,524288,524288,524288,100,0,0,0,0,0,0,0,0,0,0,0,0,524288,1048576,1048576,1048576,2097152,305,0,0,0,0,0,0,65536,131072,262144,262144,524288,1385,0,0,0,0,0,0,131072,8388608,8388608,16777216,16777216,325,64,128,256,256,256,1790,65536,524288,1048576,1048576,2097152,1790,64,256,256,256,256,100,256,256,256,512,32768,1690,8,0,29296,14456,38601,0,42,21,0
3.64349E+13,1491,2048,8192,16384,9967,512,4096,8192,1434,4096,8192,16384,1145,8192,8192,16384,245,0,0,0,0,2048,8192,8192,293,512,4096,8192,1253,1024,4096,8192,210,0,0,0,0,256,65536,131072,14697,524288,1048576,1048576,41,262144,262144,524288,41,524288,524288,524288,41,256,256,512,41,128,16384,65536,41,64,512,512,2482,128,512,4096,1663,128,512,4096,89703,128,512,1024,10305,64,256,512,1622,128,512,1024,2745,256,1024,1024,905,128,512,4096,905,64,256,1024,19971,64,256,512,2214,64,256,512,203,0,0,0,0,0,0,0,0,0,0,0,0,1024,2048,2048,100,1024,1024,2048,97,64,128,2048,197,64,128,128,20,16384,131072,131072,20,12.93,7.98,4.94,97,0,0,293,0,1390,0,262144,262144,262144,262144,524288,96,0,0,0,0,0,0,0,0,0,0,0,0,524288,1048576,1048576,1048576,8388608,293,0,0,0,0,0,0,65536,131072,131072,262144,524288,1396,0,0,0,0,0,0,131072,8388608,8388608,16777216,16777216,370,64,128,256,512,512,1785,65536,524288,1048576,1048576,8388608,1785,64,128,256,256,256,96,256,256,256,512,32768,1689,3,0,30346,14768,40278,0,41,20,0
3.64359E+13,1500,2048,8192,16384,10588,512,4096,8192,1500,4096,16384,16384,1223,8192,16384,16384,254,0,0,0,1,2048,8192,8192,308,512,4096,8192,1246,1024,8192,16384,184,0,0,0,0,512,65536,131072,15445,1048576,1048576,1048576,42,262144,524288,524288,42,524288,524288,524288,42,256,512,512,42,128,128,8192,42,128,512,4096,2133,128,512,2048,2052,128,512,4096,95292,128,512,1024,11007,64,256,512,1523,128,512,1024,2898,256,1024,2048,975,256,512,1024,993,64,512,4096,20997,64,512,1024,2520,64,256,512,387,64,256,256,9,0,512,512,9,0,0,0,0,1024,2048,2048,8,512,512,512,3,64,64,64,11,64,128,128,21,64,256,32768,21,12.58,6.79,5.79,3,1,0,308,0,1477,0,262144,262144,262144,262144,262144,4,0,0,0,0,524288,1,0,0,0,0,0,0,524288,1048576,1048576,1048576,2097152,310,0,0,0,0,0,0,65536,131072,262144,524288,1048576,1478,0,0,0,0,0,0,131072,8388608,16777216,16777216,16777216,368,64,128,256,256,512,1792,65536,524288,1048576,1048576,2097152,1793,128,128,128,128,256,4,128,256,256,512,1024,1789,0,0,31323,15345,39964,0,42,21,0
3.64369E+13,1600,2048,8192,16384,11026,512,4096,8192,1615,4096,16384,16384,1307,8192,16384,16384,290,0,0,0,0,2048,8192,8192,320,512,4096,8192,1347,2048,8192,16384,218,0,0,0,0,512,65536,131072,16279,1048576,1048576,1048576,41,262144,524288,524288,41,524288,524288,524288,41,256,256,512,41,128,16384,131072,41,64,512,2048,2784,128,512,4096,1884,128,512,4096,99234,128,512,4096,11763,64,256,512,1663,128,512,1024,3123,256,1024,4096,1014,128,512,1024,1023,64,512,4096,20286,64,512,512,2556,64,512,1024,354,0,0,0,0,0,0,0,0,0,0,0,0,1024,2048,2048,92,1024,1024,2048,100,64,64,128,192,64,128,128,21,65536,131072,131072,21,13.88,7.88,6,100,0,0,320,0,1597,0,262144,524288,524288,524288,524288,100,0,0,0,0,0,0,0,0,0,0,0,0,524288,1048576,1048576,1048576,2097152,320,0,0,0,0,0,0,65536,131072,262144,524288,524288,1597,0,0,0,0,0,0,131072,4194304,8388608,8388608,16777216,386,64,128,256,256,256,2017,65536,524288,1048576,1048576,2097152,2017,128,256,256,256,256,100,128,256,256,512,1024,1917,0,0,33340,16345,43682,0,41,21,0
3.6438E+13,1658,2048,8192,16384,11383,512,4096,8192,1639,4096,8192,16384,1296,8192,16384,16384,288,0,0,0,0,2048,8192,8192,355,512,4096,8192,1337,2048,8192,8192,243,0,0,0,0,2048,65536,262144,16682,1048576,1048576,1048576,42,262144,524288,524288,42,524288,524288,524288,42,256,256,512,42,128,128,128,42,128,512,1024,2762,128,512,4096,2240,128,512,4096,102447,64,512,4096,11664,64,256,512,1673,128,512,4096,3177,256,1024,1024,920,256,512,1024,920,64,512,4096,20043,64,512,1024,2646,64,256,512,453,0,0,0,0,0,0,0,0,0,0,0,0,2048,2048,2048,66,1024,2048,2048,58,64,64,128,124,64,128,128,21,128,131072,131072,21,13.68,6.97,6.71,58,0,0,355,0,1584,0,262144,524288,524288,524288,524288,58,0,0,0,0,0,0,0,0,0,0,0,0,524288,1048576,1048576,1048576,1048576,354,0,0,0,0,0,0,65536,131072,131072,262144,524288,1575,0,0,0,0,0,0,131072,8388608,8388608,16777216,16777216,311,64,128,256,256,256,1988,65536,524288,1048576,1048576,1048576,1987,128,256,256,256,256,58,128,256,256,512,512,1929,9,0,34390,16704,43623,0,42,21,0
3.6439E+13,1700,2048,8192,16384,11668,512,4096,8192,1747,4096,16384,16384,1365,8192,16384,16384,342,0,0,0,1,2048,8192,16384,354,512,4096,8192,1337,1024,8192,8192,255,0,0,0,1,512,65536,131072,17240,1048576,1048576,1048576,41,262144,524288,524288,41,524288,524288,524288,41,256,256,512,41,128,65536,65536,41,64,512,1024,2673,128,512,1024,2295,128,512,4096,105012,128,512,1024,12285,64,256,512,1857,128,512,1024,3762,256,1024,4096,816,256,512,1024,825,64,512,4096,21663,64,512,1024,2556,64,512,1024,228,0,256,256,9,0,128,128,9,0,256,256,9,2048,2048,16384,34,1024,1024,2048,42,64,64,1024,76,64,128,128,20,128,131072,131072,20,16.39,7.69,8.7,42,1,0,354,0,1707,0,262144,262144,524288,524288,524288,42,0,0,0,0,524288,1,0,0,0,0,0,0,524288,1048576,1048576,1048576,2097152,355,0,0,0,0,0,0,65536,131072,262144,524288,524288,1716,0,0,0,0,0,0,131072,8388608,8388608,16777216,16777216,307,64,128,256,256,256,2113,65536,524288,1048576,1048576,2097152,2114,128,256,256,256,256,42,128,256,256,512,1024,2072,0,0,35088,17172,45316,0,41,20,0
3.64401E+13,1786,2048,8192,16384,12124,512,4096,8192,1800,4096,16384,16384,1434,8192,16384,16384,319,0,0,0,1,2048,8192,8192,383,512,4096,8192,1445,2048,8192,8192,232,0,0,0,1,512,65536,131072,17891,1048576,1048576,1048576,41,262144,524288,524288,41,524288,524288,524288,41,256,512,512,41,128,16384,32768,41,64,512,1024,2988,128,512,2048,2214,128,512,4096,109116,128,512,4096,12906,64,256,512,1781,128,512,1024,3501,256,1024,4096,798,256,512,1024,816,64,512,4096,20727,64,512,1024,2781,64,512,512,303,128,512,512,18,64,256,256,9,0,512,512,9,1024,2048,2048,95,1024,1024,2048,89,64,64,128,184,64,128,128,21,32768,131072,131072,21,12.47,6.98,5.49,89,1,0,383,0,1753,0,262144,524288,524288,524288,524288,89,0,0,0,0,524288,1,0,0,0,0,0,0,524288,1048576,1048576,1048576,2097152,383,0,0,0,0,0,0,65536,131072,262144,262144,524288,1753,0,0,0,0,0,0,131072,4194304,8388608,16777216,16777216,282,64,128,256,256,256,2226,65536,524288,1048576,1048576,2097152,2226,128,256,256,256,256,89,128,256,256,512,512,2137,0,0,36876,17944,46959,0,41,21,0
3.64411E+13,1800,2048,8192,16384,12305,512,4096,8192,1796,4096,8192,16384,1442,8192,16384,16384,343,16384,65536,65536,4,2048,8192,8192,342,512,4096,8192,1470,2048,8192,8192,257,2048,2048,2048,2,1024,65536,262144,18092,1048576,1048576,1048576,41,524288,524288,524288,41,524288,524288,524288,41,256,512,512,41,128,128,32768,41,128,512,1024,2545,128,512,1024,2419,128,512,4096,110745,128,512,2048,12978,64,256,512,1798,128,512,1024,3654,256,1024,4096,807,256,512,4096,843,64,512,1024,21843,64,512,1024,2538,64,512,1024,342,64,256,256,27,64,256,512,36,128,512,512,18,1024,2048,2048,5,512,1024,1024,11,64,64,64,16,64,128,128,20,128,65536,65536,20,12.96,7.5,5.47,11,4,0,342,0,1785,0,262144,262144,262144,262144,262144,11,524288,524288,524288,524288,524288,4,0,0,0,0,0,0,524288,1048576,1048576,2097152,4194304,342,0,0,0,0,0,0,65536,131072,131072,524288,524288,1785,0,0,0,0,0,0,65536,4194304,8388608,8388608,16777216,383,64,128,256,256,512,2142,65536,524288,1048576,1048576,4194304,2142,128,128,128,128,256,11,256,256,256,512,1024,2131,0,0,37492,17984,46785,0,41,20,0
3.64421E+13,1900,2048,8192,16384,12956,512,4096,8192,1861,4096,16384,16384,1566,8192,16384,16384,383,8192,16384,16384,4,2048,8192,8192,387,512,4096,8192,1600,2048,8192,8192,267,0,0,0,0,256,65536,131072,19170,1048576,1048576,1048576,42,524288,524288,524288,42,524288,524288,524288,42,256,512,512,42,128,65536,131072,42,64,512,1024,3144,128,512,4096,2244,128,512,4096,116604,128,512,4096,14094,64,256,512,2089,128,512,1024,3807,256,1024,2048,959,256,512,1024,995,64,512,4096,22545,64,512,1024,2844,64,512,512,303,128,256,512,36,256,1024,4096,36,0,0,0,0,1024,2048,4096,100,1024,2048,2048,100,64,64,1024,200,64,128,128,21,65536,131072,131072,21,13.73,7.12,6.62,100,4,0,387,0,1949,0,262144,524288,524288,524288,524288,100,524288,524288,524288,524288,1048576,4,0,0,0,0,0,0,524288,1048576,1048576,1048576,1048576,384,0,0,0,0,0,0,65536,131072,131072,524288,524288,1938,0,0,0,0,0,0,65536,4194304,8388608,16777216,16777216,417,64,128,256,256,256,2427,65536,524288,1048576,1048576,1048576,2426,64,256,256,256,256,100,256,256,256,512,512,2326,13,0,38992,19217,50163,0,42,21,0
3.64432E+13,1912,2048,8192,16384,13199,512,4096,8192,1908,4096,16384,16384,1565,4096,16384,16384,408,8192,8192,8192,3,2048,8192,8192,425,512,4096,8192,1530,1024,4096,8192,256,0,0,0,1,1024,65536,262144,19449,1048576,1048576,1048576,41,524288,524288,524288,41,524288,524288,524288,41,256,512,512,41,64,16384,65536,42,128,512,4096,2641,128,512,4096,2533,128,512,4096,118791,128,512,4096,14085,64,256,512,2087,128,512,1024,4095,256,1024,1024,915,256,512,2048,978,64,512,4096,20322,64,512,1024,2862,64,512,512,447,64,512,1024,36,64,512,1024,27,256,512,512,9,1024,2048,2048,20,1024,1024,1024,13,64,64,64,33,64,128,128,21,64,256,65536,21,13.6,7.81,5.79,13,3,0,425,0,1973,0,262144,524288,524288,524288,524288,13,524288,524288,524288,524288,1048576,3,0,0,0,0,0,0,524288,1048576,1048576,1048576,2097152,427,0,0,0,0,0,0,65536,131072,262144,524288,524288,1984,0,0,0,0,0,0,131072,4194304,8388608,8388608,16777216,360,64,128,256,256,512,2427,65536,524288,1048576,1048576,2097152,2427,128,128,128,128,256,13,128,256,256,512,1024,2414,0,0,39338,19294,49533,0,41,21,0
3.64442E+13,2000,2048,8192,16384,13191,512,4096,8192,1966,4096,8192,16384,1563,8192,16384,16384,404,8192,8192,8192,3,2048,8192,8192,407,512,4096,8192,1598,1024,4096,8192,270,0,0,0,0,1024,65536,262144,19517,1048576,1048576,1048576,42,524288,524288,524288,42,524288,524288,524288,42,256,512,512,42,128,32768,32768,41,64,512,1024,3512,128,512,4096,2720,128,512,4096,118719,128,512,1024,14067,64,256,512,2275,128,512,1024,3618,256,1024,4096,959,256,512,512,1022,64,512,1024,22572,64,512,1024,2700,64,512,4096,348,64,256,256,36,128,256,512,27,0,0,0,0,1024,2048,4096,80,1024,1024,2048,87,64,64,1024,167,64,128,128,21,65536,131072,131072,21,15,8.77,6.23,87,3,0,407,0,1967,0,262144,524288,524288,524288,524288,87,524288,524288,524288,524288,524288,3,0,0,0,0,0,0,524288,1048576,1048576,1048576,2097152,407,0,0,0,0,0,0,65536,131072,262144,524288,1048576,1952,0,0,0,0,0,0,131072,4194304,8388608,16777216,16777216,393,64,128,256,256,512,2449,65536,524288,1048576,1048576,2097152,2449,128,256,512,512,512,87,128,256,256,512,16384,2362,15,0,38381,19465,50578,0,42,21,0
3.64452E+13,2030,2048,8192,16384,13558,512,4096,8192,2029,4096,8192,16384,1612,8192,16384,16384,412,8192,8192,8192,5,2048,8192,8192,425,512,4096,8192,1644,1024,4096,8192,305,2048,4096,4096,3,1024,65536,262144,20117,1048576,1048576,1048576,41,524288,524288,524288,41,524288,524288,524288,41,256,512,512,41,64,2048,16384,41,128,512,1024,2857,128,512,2048,2587,128,512,4096,122022,128,512,4096,14508,64,256,512,2460,128,512,1024,3780,256,1024,4096,1053,256,512,1024,1125,64,512,1024,22419,64,512,512,3123,64,512,512,357,64,256,256,27,128,512,4096,45,64,512,512,27,1024,2048,2048,39,1024,1024,1024,34,64,64,128,73,128,128,128,20,128,131072,131072,20,14.61,7.49,7.12,34,5,0,425,0,2024,0,262144,524288,524288,524288,524288,33,524288,524288,524288,524288,524288,5,0,0,0,0,0,0,524288,1048576,1048576,1048576,1048576,420,0,0,0,0,0,0,65536,131072,262144,524288,524288,2026,0,0,0,0,0,0,131072,4194304,8388608,8388608,8388608,386,64,128,256,256,512,2484,65536,524288,1048576,1048576,1048576,2484,128,128,128,128,256,33,128,256,256,512,512,2451,19,0,39006,19950,51235,0,41,20,0
3.64463E+13,2100,2048,8192,16384,13800,512,4096,8192,2075,4096,8192,16384,1688,4096,16384,16384,449,8192,16384,16384,7,2048,8192,8192,406,512,4096,8192,1690,1024,4096,8192,279,0,0,0,1,512,65536,262144,20557,1048576,1048576,1048576,42,524288,524288,524288,42,524288,524288,524288,42,512,512,512,42,64,32768,65536,42,64,512,2048,3525,128,512,1024,2895,128,512,4096,124209,128,512,1024,15192,64,256,512,2457,128,512,1024,4041,256,1024,1024,933,256,512,1024,1068,64,512,1024,24156,64,512,512,2997,128,512,1024,486,128,256,512,72,128,512,4096,63,256,4096,4096,9,1024,2048,4096,61,1024,1024,2048,66,64,64,256,127,64,128,128,21,65536,65536,65536,21,17.14,9.52,7.62,66,7,0,406,0,2137,0,262144,524288,524288,524288,524288,67,524288,524288,524288,524288,1048576,7,0,0,0,0,0,0,524288,1048576,1048576,2097152,4194304,412,0,0,0,0,0,0,65536,131072,262144,524288,524288,2149,0,0,0,0,0,0,65536,4194304,4194304,8388608,8388608,364,64,128,256,256,32768,2635,65536,524288,1048576,1048576,4194304,2635,128,256,256,256,512,67,128,256,256,512,1024,2568,0,0,40372,20438,53726,0,42,21,0
3.64473E+13,2120,2048,8192,16384,14495,512,4096,8192,2206,4096,8192,16384,1747,4096,8192,16384,434,8192,16384,16384,8,2048,8192,8192,472,512,4096,8192,1739,1024,4096,8192,307,0,0,0,1,512,65536,262144,21540,1048576,1048576,1048576,41,524288,524288,524288,41,524288,524288,524288,41,256,512,512,41,64,2048,16384,41,128,512,4096,3067,128,512,4096,2887,128,512,4096,130446,128,512,1024,15723,64,256,512,2422,128,512,1024,3726,256,1024,2048,960,256,512,512,1050,64,512,1024,23103,64,512,1024,3474,64,512,512,384,64,512,4096,72,128,512,4096,72,0,256,256,9,2048,2048,2048,26,1024,1024,1024,20,64,64,64,46,64,128,128,21,128,65536,65536,21,12.37,6.62,5.75,20,8,0,472,9,2181,0,262144,262144,262144,262144,262144,20,524288,524288,524288,524288,524288,8,0,0,0,0,0,0,524288,1048576,1048576,1048576,2097152,471,65536,131072,131072,131072,1048576,9,65536,131072,262144,524288,524288,2182,0,0,0,0,0,0,131072,4194304,8388608,8388608,8388608,342,64,128,256,256,512,2690,65536,524288,1048576,1048576,2097152,2690,128,256,256,256,256,20,256,256,256,1024,1024,2670,0,0,40415,21313,52597,0,41,21,0
3.64483E+13,2192,2048,8192,16384,14051,512,4096,8192,2156,4096,8192,16384,1688,8192,16384,16384,398,8192,8192,8192,7,2048,8192,8192,462,512,4096,8192,1734,1024,8192,8192,307,0,0,0,1,1024,65536,131072,20976,1048576,1048576,1048576,41,524288,524288,524288,41,524288,524288,524288,41,256,512,512,41,64,16384,32768,41,64,512,4096,3610,128,512,1024,2962,128,512,4096,126459,128,512,1024,15192,64,256,512,2509,128,512,1024,3618,256,1024,1024,888,256,512,1024,1014,128,512,1024,24093,64,512,512,3213,64,512,512,432,128,256,512,72,128,512,1024,63,128,256,256,9,2048,2048,2048,71,1024,1024,2048,73,64,64,128,144,64,128,128,20,65536,131072,131072,20,16.22,8.55,7.67,73,7,0,462,14,2086,0,262144,524288,524288,524288,524288,73,524288,524288,524288,524288,1048576,7,0,0,0,0,0,0,524288,1048576,1048576,1048576,2097152,459,131072,524288,524288,524288,524288,14,65536,131072,262144,524288,1048576,2051,0,0,0,0,0,0,131072,4194304,8388608,8388608,8388608,362,64,128,256,256,512,2604,65536,524288,1048576,1048576,2097152,2604,128,256,256,256,256,73,128,256,256,1024,1024,2531,38,0,39575,20846,53669,0,41,20,0
3.64494E+13,2200,2048,8192,16384,14728,512,4096,8192,2223,4096,8192,16384,1753,4096,16384,16384,422,8192,8192,8192,8,2048,4096,8192,440,512,4096,8192,1776,1024,4096,8192,295,4096,8192,8192,3,512,65536,262144,21842,1048576,1048576,1048576,41,524288,524288,524288,41,524288,524288,524288,41,512,512,512,41,64,32768,32768,41,128,512,1024,3006,128,512,1024,2934,128,512,4096,132552,64,512,1024,15777,64,256,512,2612,128,512,1024,4023,512,1024,4096,923,256,512,1024,1022,128,512,2048,23607,64,512,512,3285,128,512,512,405,128,256,512,54,64,512,512,72,128,512,4096,27,1024,2048,2048,3,512,1024,1024,7,0,64,64,10,64,128,128,21,128,16384,32768,21,15.23,8.63,6.6,7,8,0,440,13,2175,0,262144,262144,262144,262144,524288,7,524288,524288,524288,524288,524288,8,0,0,0,0,0,0,524288,1048576,1048576,1048576,2097152,444,131072,1048576,1048576,1048576,1048576,13,65536,131072,262144,524288,1048576,2210,0,0,0,0,0,0,65536,2097152,8388608,8388608,16777216,413,64,128,256,256,512,2681,65536,524288,1048576,1048576,2097152,2682,128,256,256,256,256,7,128,256,256,1024,32768,2675,0,0,40486,21496,54064,1,41,21,0
3.64504E+13,2251,2048,8192,16384,15005,512,4096,8192,2168,4096,8192,16384,1815,4096,16384,16384,474,8192,8192,8192,7,2048,8192,8192,432,512,4096,8192,1839,1024,4096,8192,302,2048,2048,2048,2,512,65536,262144,22237,1048576,1048576,1048576,42,524288,524288,524288,42,524288,524288,524288,42,256,512,512,42,128,16384,32768,42,128,512,4096,3384,128,512,1024,2925,128,512,4096,135045,64,512,1024,16335,64,256,512,2653,128,512,1024,4446,256,1024,4096,987,256,512,1024,1131,128,512,1024,23940,64,512,512,3573,64,512,1024,474,128,512,4096,63,128,512,512,63,64,256,256,18,2048,2048,2048,54,1024,1024,2048,51,64,64,256,105,64,128,128,21,32768,65536,65536,21,12.35,6.98,5.36,51,7,0,432,16,2289,0,262144,262144,524288,524288,524288,51,524288,524288,524288,524288,524288,7,0,0,0,0,0,0,524288,1048576,1048576,2097152,4194304,432,131072,524288,524288,524288,524288,16,65536,131072,262144,524288,1048576,2289,0,0,0,0,0,0,131072,4194304,4194304,8388608,16777216,358,64,128,256,256,1024,2795,65536,524288,1048576,1048576,4194304,2795,128,256,256,256,256,51,128,256,256,1024,2048,2744,0,0,40109,21977,55267,0,42,21,0
3.64514E+13,2300,2048,8192,16384,15178,512,4096,8192,2256,4096,8192,16384,1875,8192,16384,16384,420,8192,8192,8192,7,2048,8192,8192,480,512,4096,8192,1892,1024,4096,16384,300,0,0,0,1,128,65536,262144,22594,1048576,1048576,1048576,41,524288,524288,1048576,41,524288,524288,524288,41,512,512,512,41,64,128,32768,41,128,512,1024,3282,128,512,4096,2841,128,512,4096,136602,128,512,1024,16875,64,256,512,2685,128,512,1024,4203,512,1024,4096,972,256,512,1024,1089,128,512,1024,25002,64,512,512,3402,64,512,1024,357,64,256,512,90,128,256,512,63,64,128,128,9,1024,2048,2048,46,1024,1024,2048,49,64,64,128,95,64,128,128,20,32768,131072,131072,20,14.36,9.28,5.08,49,7,0,480,17,2295,0,262144,262144,524288,524288,524288,49,524288,524288,524288,524288,1048576,7,0,0,0,0,0,0,524288,1048576,1048576,2097152,8388608,476,131072,1048576,1048576,1048576,1048576,17,65536,131072,262144,524288,1048576,2287,0,0,0,0,0,0,131072,2097152,4194304,8388608,8388608,352,64,128,256,256,512,2837,65536,524288,1048576,1048576,8388608,2836,128,256,256,256,512,49,128,256,512,1024,4096,2787,11,0,40381,22303,55025,252,41,20,0
3.64525E+13,2313,2048,8192,16384,15231,512,4096,8192,2359,4096,8192,16384,1867,4096,8192,16384,432,8192,8192,8192,8,2048,8192,8192,509,512,4096,8192,1854,1024,4096,8192,354,0,0,0,0,128,65536,262144,22794,1048576,1048576,1048576,42,524288,524288,524288,42,524288,524288,524288,42,512,512,1024,42,64,8192,8192,42,128,512,1024,3341,128,512,1024,3224,128,512,4096,137079,128,512,1024,16803,64,256,512,2420,128,512,1024,4203,512,1024,2048,1004,256,512,1024,1049,128,512,1024,24777,64,512,512,3717,128,512,512,495,64,256,512,72,64,512,512,72,0,0,0,0,1024,2048,2048,17,1024,1024,1024,15,64,64,64,32,64,128,128,21,128,32768,32768,21,13.22,8.23,4.99,15,8,0,509,22,2299,0,262144,524288,524288,524288,524288,14,524288,524288,524288,524288,1048576,8,0,0,0,0,0,0,524288,1048576,1048576,1048576,1048576,510,131072,524288,524288,524288,524288,22,65536,131072,262144,524288,1048576,2292,0,0,0,0,0,0,65536,2097152,4194304,8388608,8388608,356,64,128,256,256,1024,2846,65536,524288,1048576,1048576,1048576,2846,128,256,256,256,256,14,256,256,256,1024,1024,2832,18,0,40852,22461,55515,0,42,21,0
3.64535E+13,2361,2048,8192,16384,15358,512,4096,8192,2351,4096,8192,16384,1851,8192,8192,16384,441,8192,8192,8192,8,2048,4096,8192,495,512,1024,8192,1888,1024,2048,4096,323,0,0,0,0,512,65536,262144,22914,1048576,1048576,1048576,41,524288,524288,1048576,41,524288,524288,524288,41,256,512,1024,41,64,32768,65536,41,128,512,2048,3700,128,512,2048,3268,128,512,4096,138222,128,512,1024,16659,64,256,512,2424,128,512,1024,4374,512,1024,2048,972,256,512,2048,999,128,512,1024,25362,64,512,512,3294,64,512,512,456,64,256,512,81,256,512,1024,72,0,0,0,0,1024,2048,2048,47,1024,1024,2048,47,64,64,512,94,64,128,128,21,32768,131072,131072,21,12.72,6.74,5.98,47,8,0,495,29,2292,0,262144,524288,524288,524288,524288,47,524288,524288,524288,524288,524288,8,0,0,0,0,0,0,524288,1048576,1048576,2097152,2097152,495,131072,524288,1048576,1048576,1048576,29,65536,131072,262144,1048576,1048576,2271,0,0,0,0,0,0,65536,2097152,4194304,8388608,8388608,328,64,128,256,256,512,2850,65536,524288,1048576,1048576,2097152,2850,128,256,256,256,256,47,128,256,512,1024,16384,2803,39,0,40001,22621,55476,0,41,21,0
3.64545E+13,2400,2048,8192,16384,16055,512,4096,8192,2443,4096,8192,16384,1926,4096,16384,16384,487,8192,8192,8192,15,2048,4096,8192,490,512,2048,8192,1919,1024,4096,8192,320,2048,2048,2048,2,256,65536,262144,23898,1048576,1048576,1048576,41,524288,524288,524288,41,524288,524288,524288,41,512,1024,1024,41,64,32768,32768,41,128,512,1024,3838,128,512,1024,3487,128,512,4096,144495,128,512,1024,17334,64,256,512,2839,128,512,1024,4716,512,1024,4096,1029,256,512,1024,1110,128,512,1024,23985,64,512,512,3600,64,512,1024,447,128,256,512,108,128,512,1024,135,256,512,512,18,2048,2048,2048,36,1024,1024,1024,38,64,64,128,74,64,128,128,20,32768,65536,65536,20,15.23,8.61,6.62,38,15,0,490,28,2413,0,262144,524288,524288,524288,524288,39,524288,524288,524288,524288,1048576,15,0,0,0,0,0,0,524288,1048576,1048576,1048576,4194304,490,131072,1048576,1048576,1048576,1048576,28,65536,131072,262144,524288,2097152,2443,0,0,0,0,0,0,65536,2097152,4194304,4194304,8388608,351,64,128,256,256,512,3015,65536,524288,1048576,1048576,4194304,3015,128,256,256,256,256,39,128,256,512,1024,1024,2976,8,0,40455,23534,56301,0,41,20,0
3.64556E+13,2405,2048,8192,16384,15095,512,4096,8192,2250,4096,8192,16384,1857,4096,16384,16384,451,8192,8192,8192,15,2048,8192,8192,424,512,4096,8192,1839,1024,4096,8192,328,0,0,0,0,128,65536,262144,22432,1048576,1048576,1048576,42,524288,524288,1048576,42,524288,524288,524288,42,512,1024,1024,42,64,2048,65536,42,128,512,4096,3341,128,512,1024,3296,128,512,4096,135855,128,512,1024,16713,64,256,512,2254,128,512,1024,4194,512,1024,4096,980,256,512,1024,1097,128,512,1024,25686,64,512,512,3402,64,512,512,510,128,256,512,135,128,512,512,135,0,0,0,0,1024,2048,2048,10,1024,1024,1024,6,64,64,64,16,64,128,128,21,64,256,16384,21,11.72,6.18,5.54,6,15,0,424,31,2308,0,262144,262144,262144,262144,262144,6,524288,1048576,1048576,1048576,1048576,15,0,0,0,0,0,0,524288,1048576,1048576,1048576,2097152,426,524288,524288,1048576,1048576,1048576,31,65536,131072,262144,524288,524288,2314,0,0,0,0,0,0,131072,2097152,4194304,8388608,8388608,393,64,128,256,256,512,2792,65536,524288,1048576,1048576,2097152,2792,128,256,256,256,256,6,256,256,512,1024,1024,2786,0,0,41033,22096,55652,0,42,21,0
3.64566E+13,2452,2048,8192,16384,16224,512,4096,8192,2592,4096,8192,16384,2035,8192,16384,16384,499,8192,8192,8192,15,2048,4096,8192,522,512,1024,8192,2067,1024,4096,8192,347,2048,2048,2048,3,256,65536,262144,24474,1048576,1048576,2097152,41,524288,524288,1048576,41,524288,524288,524288,41,512,1024,1024,41,128,32768,65536,41,128,512,1024,3472,128,512,1024,3049,128,512,4096,146016,128,512,1024,18315,64,256,512,3080,128,512,1024,4572,512,1024,4096,1091,256,512,1024,1145,128,512,1024,24165,64,512,512,3663,64,512,512,540,128,512,512,144,128,512,1024,135,128,256,256,27,2048,2048,2048,45,1024,1024,1024,46,64,64,64,91,64,128,128,21,32768,65536,65536,21,16.16,8.71,7.45,46,15,0,522,36,2534,0,262144,262144,524288,524288,524288,46,524288,524288,524288,524288,524288,14,0,0,0,0,0,0,524288,1048576,1048576,1048576,2097152,519,131072,524288,524288,524288,1048576,36,65536,131072,262144,524288,1048576,2521,0,0,0,0,0,0,65536,2097152,4194304,8388608,8388608,285,64,128,256,256,256,3136,65536,524288,1048576,1048576,2097152,3136,128,256,256,256,1024,46,128,256,512,1024,1024,3090,17,0,41049,24023,57316,0,41,21,0
3.64576E+13,2486,2048,8192,16384,16064,512,1024,4096,2520,4096,8192,16384,1950,4096,8192,16384,515,8192,16384,16384,13,2048,4096,8192,545,512,1024,4096,1978,1024,2048,8192,333,0,0,0,0,512,65536,131072,24103,1048576,1048576,1048576,41,524288,524288,1048576,41,524288,524288,524288,41,512,1024,1024,41,64,128,65536,41,128,512,1024,3532,128,512,1024,3226,128,512,1024,144576,128,512,1024,17550,64,256,512,2986,128,512,1024,4662,512,1024,1024,908,256,512,1024,1007,128,512,1024,24534,64,512,512,3699,128,512,512,447,64,256,512,126,128,512,1024,117,0,0,0,0,2048,2048,2048,35,1024,1024,2048,35,64,64,64,70,64,128,128,20,32768,65536,65536,20,13.02,7.84,5.18,35,13,0,545,27,2465,0,262144,524288,524288,524288,524288,35,524288,1048576,1048576,1048576,1048576,14,0,0,0,0,0,0,524288,1048576,1048576,2097152,4194304,541,524288,524288,524288,524288,1048576,27,65536,131072,262144,524288,1048576,2463,0,0,0,0,0,0,65536,2097152,4194304,4194304,8388608,259,64,128,256,256,32768,3080,65536,524288,1048576,1048576,4194304,3080,128,256,256,256,256,35,128,256,512,1024,2048,3045,22,0,37887,23566,56325,0,41,20,0
3.64587E+13,2500,2048,8192,16384,16604,512,1024,4096,2549,4096,8192,16384,2049,4096,8192,16384,579,8192,8192,8192,15,2048,4096,8192,535,512,1024,8192,2069,1024,4096,8192,334,0,0,0,0,128,65536,262144,24940,1048576,1048576,1048576,42,524288,524288,1048576,42,524288,524288,524288,42,512,1024,1024,42,64,32768,65536,42,128,512,1024,3259,128,512,1024,3133,128,512,1024,149436,128,512,1024,18441,64,256,512,3134,128,512,1024,5364,512,1024,1024,1029,256,512,1024,1155,128,512,1024,25344,64,512,512,3708,64,512,512,641,64,512,1024,144,128,512,1024,135,0,0,0,0,1024,2048,2048,10,512,1024,1024,13,64,64,128,23,64,128,128,21,128,32768,65536,21,15.34,7.67,7.67,13,15,0,535,29,2628,0,262144,262144,262144,262144,524288,13,524288,1048576,1048576,1048576,1048576,15,0,0,0,0,0,0,524288,1048576,1048576,1048576,1048576,538,262144,1048576,1048576,1048576,1048576,29,65536,131072,262144,524288,2097152,2630,0,0,0,0,0,0,65536,2097152,4194304,4194304,4194304,284,64,128,256,256,256,3225,65536,524288,1048576,1048576,2097152,3225,128,256,256,256,256,13,128,256,512,1024,1024,3212,17,0,39060,24326,57794,0,42,21,0
3.64597E+13,2425,2048,8192,16384,16000,512,4096,8192,2438,4096,8192,16384,1908,4096,8192,16384,467,8192,8192,8192,11,2048,4096,8192,472,512,4096,8192,1876,1024,4096,8192,345,0,0,0,0,128,65536,262144,23673,1048576,1048576,1048576,41,524288,524288,1048576,41,524288,524288,524288,41,256,512,1024,41,64,16384,16384,41,128,512,2048,3256,128,512,1024,3931,128,512,4096,144000,128,512,1024,17172,64,256,512,2536,128,512,1024,4113,512,1024,4096,1026,256,512,1024,1017,128,512,1024,25155,64,512,512,3627,64,512,512,459,128,512,512,63,128,256,512,99,0,0,0,0,0,0,0,0,0,0,0,0,0,0,0,0,64,128,128,21,128,128,128,21,14.5,7.44,7.06,0,11,0,472,45,2375,75,0,0,0,0,0,0,524288,524288,524288,524288,1048576,11,0,0,0,0,0,0,524288,1048576,1048576,1048576,1048576,476,524288,524288,524288,524288,1048576,45,65536,131072,262144,524288,1048576,2386,1048576,1048576,1048576,1048576,1048576,75,65536,2097152,4194304,4194304,8388608,252,64,128,256,512,1024,2993,65536,524288,1048576,1048576,1048576,2993,0,0,0,0,0,0,256,256,512,1024,1024,2993,2,0,40869,23339,57110,0,41,21,0
3.64607E+13,2425,2048,8192,16384,15686,512,4096,8192,2419,4096,8192,16384,1952,4096,16384,16384,468,8192,8192,8192,10,2048,4096,8192,487,512,2048,8192,1935,1024,4096,8192,341,0,0,0,1,128,65536,262144,23437,1048576,1048576,1048576,41,524288,524288,524288,41,524288,524288,524288,41,512,512,1024,41,64,32768,131072,41,128,512,1024,3329,128,512,1024,3329,128,512,4096,141174,128,512,1024,17568,64,256,512,2751,128,512,1024,3825,512,1024,2048,1104,256,512,1024,1185,128,512,1024,25137,64,512,512,3582,64,512,512,540,64,256,512,126,64,512,1024,90,64,512,512,9,0,0,0,0,0,0,0,0,0,0,0,0,64,128,128,20,64,128,128,20,16.17,7.83,8.34,0,10,0,487,43,2420,0,0,0,0,0,0,0,524288,524288,524288,524288,1048576,10,0,0,0,0,0,0,524288,1048576,1048576,2097152,4194304,481,524288,1048576,1048576,1048576,1048576,43,65536,131072,262144,524288,1048576,2408,0,0,0,0,0,0,65536,2097152,4194304,8388608,8388608,394,64,128,256,256,256,2942,65536,524288,1048576,1048576,4194304,2942,0,0,0,0,0,0,256,256,256,512,1024,2942,20,0,40200,23070,55799,0,41,20,0
3.64618E+13,2447,2048,8192,16384,15644,512,1024,4096,2428,4096,8192,16384,1971,4096,8192,16384,608,8192,16384,16384,15,2048,4096,8192,517,512,4096,8192,2031,1024,4096,8192,315,4096,4096,4096,6,128,65536,262144,23683,1048576,1048576,1048576,42,524288,524288,524288,42,524288,524288,524288,42,512,1024,1024,42,64,16384,32768,42,128,512,1024,3385,128,512,1024,3187,128,512,4096,140796,64,512,1024,17739,64,256,512,3411,128,512,1024,4671,512,1024,1024,966,256,512,1024,1074,128,512,1024,23517,64,512,512,3744,64,512,512,678,64,256,512,117,128,512,512,135,128,512,1024,54,1024,2048,2048,23,1024,1024,1024,22,64,64,64,45,64,128,128,21,16384,65536,65536,21,13.13,7.88,5.25,22,15,2,517,36,2579,0,262144,262144,524288,524288,524288,22,524288,524288,524288,524288,1048576,15,524288,524288,524288,524288,524288,2,524288,1048576,1048576,1048576,2097152,522,131072,524288,524288,524288,1048576,36,65536,131072,524288,524288,1048576,2593,0,0,0,0,0,0,65536,2097152,4194304,4194304,4194304,271,64,128,256,256,256,3190,65536,524288,1048576,1048576,2097152,3190,256,256,256,256,256,22,128,256,256,512,2048,3168,1,0,39848,23224,57442,0,42,21,0
3.64628E+13,2474,2048,8192,16384,15202,512,4096,8192,2460,4096,8192,16384,2025,4096,8192,16384,523,8192,8192,8192,14,2048,4096,8192,518,512,1024,8192,1975,1024,4096,8192,363,4096,4096,4096,3,1024,65536,262144,23249,1048576,1048576,1048576,41,524288,524288,1048576,41,524288,524288,524288,41,512,1024,1024,41,64,1024,8192,41,128,512,4096,3605,128,512,4096,3362,128,512,4096,136818,128,512,1024,18225,64,256,512,2820,128,512,1024,4410,512,1024,4096,990,256,512,4096,1080,128,512,4096,21807,64,512,1024,3645,128,512,1024,561,64,256,512,144,128,512,512,126,256,512,1024,27,2048,2048,2048,30,1024,1024,1024,28,64,64,64,58,64,128,128,21,16384,65536,65536,21,10.98,6.44,4.54,28,14,5,518,43,2548,0,262144,524288,524288,524288,524288,28,524288,524288,524288,524288,1048576,14,524288,524288,524288,524288,1048576,5,524288,1048576,1048576,1048576,2097152,515,131072,1048576,1048576,1048576,1048576,43,65536,131072,262144,524288,1048576,2539,0,0,0,0,0,0,65536,2097152,4194304,4194304,4194304,265,64,128,256,256,2048,3144,65536,524288,1048576,1048576,2097152,3144,128,256,256,256,256,28,128,256,256,512,512,3116,13,0,40252,22724,56883,0,41,21,0
3.64638E+13,2500,2048,8192,16384,15794,512,1024,8192,2485,4096,8192,16384,1993,4096,8192,16384,501,8192,8192,8192,17,2048,4096,8192,518,512,1024,8192,2027,1024,2048,8192,337,0,0,0,0,512,65536,262144,23836,1048576,1048576,2097152,42,524288,524288,1048576,42,524288,524288,524288,42,512,1024,1024,42,64,16384,65536,42,128,512,1024,3617,128,512,1024,3383,128,512,4096,142146,128,512,1024,17937,64,256,512,2996,128,512,1024,4203,512,1024,4096,1062,256,512,4096,1161,128,512,1024,24759,128,512,512,3312,64,512,1024,465,128,256,512,171,128,512,1024,153,0,0,0,0,2048,2048,2048,22,1024,1024,1024,25,64,128,256,47,64,128,128,21,16384,65536,65536,21,15.36,8.18,7.17,25,17,14,518,40,2494,0,262144,524288,524288,524288,524288,25,524288,524288,524288,524288,1048576,17,524288,524288,524288,524288,1048576,14,524288,1048576,1048576,2097152,8388608,519,131072,524288,1048576,1048576,1048576,40,65536,131072,262144,524288,1048576,2480,0,0,0,0,0,0,65536,2097152,4194304,4194304,8388608,259,64,128,256,256,256,3095,65536,524288,1048576,1048576,8388608,3095,128,256,256,256,256,25,256,256,256,512,4096,3070,26,0,38914,23313,57168,0,42,21,0
3.64649E+13,2500,2048,8192,16384,15718,512,1024,4096,2499,4096,8192,16384,1949,4096,8192,16384,496,8192,16384,32768,26,2048,4096,8192,497,512,1024,8192,1913,1024,2048,8192,330,0,0,0,1,256,65536,262144,23627,1048576,1048576,1048576,41,524288,524288,524288,41,524288,524288,524288,41,512,1024,1024,41,64,16384,32768,41,128,512,1024,2933,128,512,1024,2933,128,512,4096,141462,128,512,1024,17541,64,256,512,2829,128,512,1024,4005,512,1024,2048,999,256,512,1024,1125,128,512,1024,22923,64,512,512,3591,64,512,1024,636,128,512,512,216,128,512,1024,234,256,512,512,9,0,0,0,0,0,0,0,0,0,0,0,0,64,128,128,20,64,256,256,20,14.37,7.82,6.56,0,26,14,497,41,2445,0,0,0,0,0,0,0,524288,1048576,1048576,1048576,1048576,26,524288,524288,524288,524288,1048576,14,524288,1048576,1048576,2097152,4194304,501,524288,1048576,1048576,1048576,1048576,41,65536,131072,524288,524288,1048576,2467,0,0,0,0,0,0,131072,2097152,4194304,4194304,4194304,255,64,128,256,256,1024,3049,65536,524288,1048576,1048576,4194304,3049,0,0,0,0,0,0,128,256,256,512,16384,3049,0,0,39152,23098,56480,0,41,20,0
3.64659E+13,2500,2048,8192,16384,16224,512,1024,8192,2524,4096,8192,16384,2024,4096,8192,16384,545,8192,8192,8192,22,2048,4096,8192,512,512,1024,4096,2011,1024,2048,8192,339,4096,8192,8192,4,128,65536,262144,24430,1048576,1048576,1048576,42,524288,524288,524288,42,524288,524288,524288,42,1024,1024,2048,42,64,65536,65536,42,128,512,1024,3338,128,512,1024,3338,128,512,1024,146016,128,512,1024,18216,64,256,512,3352,128,512,1024,4320,256,1024,2048,999,256,512,1024,1197,128,512,1024,23850,64,256,512,3204,64,512,1024,486,64,256,512,252,128,512,1024,198,128,1024,1024,36,0,0,0,0,0,0,0,0,0,0,0,0,64,128,128,21,64,128,128,21,15.86,8.24,7.62,0,22,19,512,51,2569,0,0,0,0,0,0,0,524288,524288,524288,524288,1048576,22,524288,1048576,1048576,1048576,1048576,19,524288,1048576,1048576,1048576,2097152,511,131072,524288,1048576,1048576,1048576,49,65536,131072,524288,1048576,1048576,2562,0,0,0,0,0,0,65536,2097152,4194304,4194304,4194304,284,64,128,256,256,512,3163,65536,524288,1048576,1048576,2097152,3163,0,0,0,0,0,0,128,256,256,512,4096,3163,10,0,37854,23704,57128,0,42,21,0
3.64669E+13,2500,2048,8192,16384,15012,512,1024,8192,2484,4096,8192,16384,1973,4096,8192,16384,455,8192,8192,8192,18,2048,4096,8192,513,512,4096,8192,2010,1024,4096,8192,357,4096,4096,4096,4,128,65536,262144,23030,1048576,1048576,1048576,41,524288,524288,1048576,41,524288,524288,524288,41,1024,1024,1024,41,128,32768,65536,41,128,512,2048,3249,128,512,1024,3249,128,512,4096,135108,128,512,1024,17757,64,256,512,2465,128,512,1024,4023,512,1024,1024,1074,256,512,4096,1191,128,512,4096,23751,64,512,1024,3276,64,512,512,501,64,256,512,126,128,512,1024,162,128,512,512,36,0,0,0,0,0,0,0,0,0,0,0,0,64,128,128,21,64,128,128,21,14.24,8.01,6.23,0,18,19,513,38,2428,0,0,0,0,0,0,0,524288,524288,524288,524288,1048576,18,524288,524288,524288,524288,1048576,19,524288,1048576,1048576,1048576,2097152,514,131072,1048576,1048576,1048576,1048576,40,65536,131072,524288,1048576,1048576,2436,0,0,0,0,0,0,65536,4194304,4194304,8388608,8388608,211,64,128,256,256,512,3026,65536,524288,1048576,1048576,2097152,3027,0,0,0,0,0,0,256,256,256,512,16384,3027,0,0,40538,22444,56556,0,41,21,0
3.6468E+13,2500,2048,8192,16384,14901,512,4096,8192,2491,4096,8192,16384,2044,4096,8192,16384,507,8192,8192,8192,22,2048,4096,8192,523,512,4096,8192,2048,1024,2048,8192,362,2048,4096,4096,3,1024,65536,262144,23136,1048576,1048576,1048576,41,524288,524288,524288,41,524288,524288,524288,41,1024,1024,1024,41,64,128,32768,41,128,512,4096,3304,128,512,4096,3304,128,512,4096,134109,64,512,1024,18396,64,256,512,2901,128,512,1024,4419,256,1024,4096,1029,256,512,1024,1164,128,512,4096,19656,64,512,512,3843,128,512,512,654,128,512,512,234,128,512,1024,198,128,512,4096,27,0,0,0,0,0,0,0,0,0,0,0,0,64,64,64,20,128,128,128,20,12.22,6.8,5.42,0,22,22,523,54,2551,0,0,0,0,0,0,0,524288,524288,1048576,1048576,1048576,22,524288,1048576,1048576,1048576,1048576,22,524288,1048576,1048576,2097152,4194304,509,524288,524288,1048576,1048576,1048576,53,65536,131072,524288,524288,1048576,2507,0,0,0,0,0,0,65536,2097152,4194304,4194304,4194304,217,64,128,256,256,65536,3114,65536,524288,1048576,1048576,4194304,3113,0,0,0,0,0,0,128,256,256,512,2048,3113,58,0,39816,22499,56466,0,41,20,0
3.6469E+13,2425,2048,8192,16384,17138,512,1024,8192,2620,4096,8192,16384,2017,4096,8192,32768,457,8192,8192,8192,16,2048,4096,8192,540,512,4096,8192,2018,1024,4096,8192,346,2048,4096,4096,4,64,65536,262144,25409,1048576,1048576,1048576,41,524288,524288,1048576,41,524288,524288,524288,41,512,1024,1024,41,64,32768,65536,41,128,512,1024,3292,64,512,1024,3967,128,512,1024,154242,128,512,1024,18153,64,256,512,2626,128,512,512,4248,256,1024,1024,1074,256,512,512,1110,64,512,512,24093,64,256,512,2898,64,512,512,551,128,512,512,99,128,512,1024,144,128,512,1024,36,0,0,0,0,0,0,0,0,0,0,0,0,64,128,128,21,64,128,256,21,12.24,6.99,5.24,0,16,16,540,69,2474,75,0,0,0,0,0,0,524288,1048576,1048576,1048576,1048576,16,524288,524288,524288,524288,524288,16,524288,1048576,1048576,1048576,2097152,550,131072,1048576,1048576,1048576,1048576,70,65536,131072,524288,524288,1048576,2485,1048576,1048576,1048576,1048576,1048576,11,65536,2097152,4194304,4194304,4194304,234,64,128,256,256,512,3148,65536,524288,1048576,1048576,2097152,3148,0,0,0,0,0,0,128,256,256,512,1024,3148,100,0,38403,24981,56420,0,41,21,0
3.647E+13,2425,2048,8192,16384,16389,512,4096,8192,2465,4096,8192,16384,1993,4096,16384,16384,495,8192,8192,8192,23,2048,4096,8192,502,512,4096,8192,1975,1024,4096,8192,371,0,0,0,0,64,65536,524288,24424,1048576,1048576,1048576,42,524288,524288,524288,42,524288,524288,524288,42,512,1024,1024,42,64,256,65536,42,128,512,2048,3087,128,512,1024,3087,128,512,4096,147510,64,512,1024,17937,64,256,512,2874,128,512,1024,4428,512,1024,2048,1070,256,512,1024,1160,128,512,1024,23364,64,512,512,3357,64,512,512,591,64,256,512,189,128,512,512,207,0,0,0,0,0,0,0,0,0,0,0,0,0,0,0,0,64,128,128,21,64,128,256,21,14.85,8.43,6.42,0,23,19,502,52,2488,0,0,0,0,0,0,0,524288,524288,1048576,1048576,1048576,22,524288,524288,524288,524288,524288,19,524288,1048576,1048576,1048576,2097152,502,262144,524288,1048576,1048576,1048576,52,65536,131072,524288,524288,1048576,2503,1048576,1048576,1048576,1048576,1048576,64,32768,2097152,4194304,4194304,4194304,198,64,128,256,256,1024,3162,65536,524288,1048576,1048576,2097152,3162,0,0,0,0,0,0,256,256,256,512,512,3162,22,0,42244,24032,57864,0,42,21,0
3.64711E+13,2425,2048,8192,16384,16322,512,4096,8192,2483,4096,8192,16384,1948,4096,16384,16384,475,8192,8192,8192,15,2048,8192,8192,460,512,4096,8192,1954,1024,4096,8192,309,0,0,0,0,64,65536,131072,24142,1048576,1048576,1048576,41,524288,524288,524288,41,524288,524288,524288,41,512,1024,1024,41,64,32768,32768,41,128,512,1024,3190,128,512,1024,3190,128,512,4096,146889,64,512,1024,17532,64,256,512,2534,128,512,1024,3888,256,1024,4096,1080,256,512,1024,1089,64,512,1024,23517,64,256,512,3348,64,256,1024,564,128,256,512,135,128,512,1024,135,0,0,0,0,0,0,0,0,0,0,0,0,0,0,0,0,64,128,128,20,128,256,256,20,13.83,7.74,6.09,0,15,19,460,64,2423,0,0,0,0,0,0,0,524288,524288,524288,524288,1048576,16,524288,1048576,1048576,1048576,1048576,19,524288,1048576,1048576,1048576,4194304,458,524288,524288,1048576,1048576,1048576,64,65536,131072,524288,524288,1048576,2434,0,0,0,0,0,0,65536,2097152,4194304,4194304,4194304,377,64,128,256,256,256,2991,65536,524288,1048576,1048576,4194304,2991,0,0,0,0,0,0,128,256,256,512,1024,2991,12,0,41321,23828,56088,0,41,20,0
3.64721E+13,2450,2048,8192,16384,16617,512,4096,8192,2431,4096,8192,16384,1998,4096,8192,16384,508,8192,8192,8192,14,2048,4096,8192,527,512,4096,8192,1991,1024,4096,8192,312,0,0,0,1,128,65536,262144,24578,1048576,1048576,1048576,42,524288,524288,524288,42,524288,524288,524288,42,512,1024,1024,42,64,16384,65536,42,64,512,1024,3472,128,512,1024,3247,128,512,1024,149553,128,512,1024,17982,64,256,512,2501,128,512,1024,4293,512,1024,1024,1068,256,512,512,1176,64,512,1024,23616,64,512,512,3303,64,512,1024,627,64,256,512,144,128,512,1024,126,64,256,256,9,1024,2048,2048,30,1024,1024,1024,26,64,64,128,56,64,128,128,21,16384,65536,65536,21,14.61,8.61,5.99,26,14,20,527,65,2506,0,262144,262144,262144,262144,524288,26,524288,524288,524288,524288,524288,14,524288,524288,524288,524288,1048576,20,524288,1048576,1048576,1048576,2097152,529,524288,1048576,1048576,1048576,1048576,65,65536,131072,524288,524288,1048576,2507,0,0,0,0,0,0,131072,2097152,4194304,4194304,4194304,226,64,128,256,256,512,3161,65536,524288,1048576,1048576,2097152,3161,128,256,256,256,256,26,128,256,256,512,2048,3135,9,0,40013,24184,57084,165,42,21,0
3.64731E+13,2480,2048,8192,16384,16305,512,4096,8192,2497,4096,8192,16384,1953,4096,16384,32768,523,8192,16384,16384,17,2048,4096,8192,513,512,4096,8192,2005,1024,4096,8192,333,0,0,0,1,128,65536,262144,24319,1048576,1048576,1048576,41,524288,524288,524288,41,524288,524288,524288,41,1024,1024,1024,41,64,128,2048,41,128,512,1024,3397,128,512,1024,3127,128,512,4096,146745,128,512,1024,17577,64,256,512,2652,128,512,1024,4554,512,1024,2048,975,256,512,1024,1074,128,512,1024,22122,64,512,512,3051,64,512,512,363,64,512,1024,171,128,512,1024,153,256,512,512,9,1024,2048,2048,29,1024,1024,1024,29,64,64,64,58,64,128,128,21,32768,65536,65536,21,14.7,8.37,6.34,29,17,22,513,71,2476,0,262144,524288,524288,524288,524288,29,524288,1048576,1048576,1048576,1048576,17,524288,524288,1048576,1048576,1048576,22,524288,1048576,1048576,1048576,1048576,514,131072,524288,1048576,1048576,1048576,71,65536,131072,524288,524288,1048576,2479,0,0,0,0,0,0,65536,2097152,4194304,4194304,4194304,224,64,128,256,256,512,3132,65536,524288,1048576,1048576,1048576,3132,128,256,256,256,256,29,128,256,256,512,512,3103,5,0,41778,23968,57653,0,41,21,0
3.64742E+13,2500,2048,8192,16384,16721,512,4096,8192,2492,4096,8192,16384,2056,4096,16384,32768,511,8192,8192,8192,19,2048,4096,8192,517,512,4096,8192,2032,1024,4096,8192,341,2048,2048,2048,2,128,65536,262144,24879,1048576,1048576,1048576,41,524288,524288,1048576,41,524288,524288,524288,41,512,1024,1024,41,64,2048,2048,41,128,512,1024,3467,128,512,1024,3287,128,512,4096,150489,128,512,1024,18504,64,256,512,2460,128,512,1024,4194,256,1024,1024,1170,256,512,1024,1080,128,512,1024,22014,64,256,512,3123,64,256,512,564,128,512,512,189,128,512,1024,171,128,512,512,18,1024,2048,2048,16,1024,1024,1024,20,64,64,64,36,64,128,128,20,8192,65536,65536,20,14.49,7.43,7.06,20,19,24,517,64,2567,0,262144,262144,262144,262144,262144,20,524288,524288,524288,524288,1048576,19,524288,524288,524288,524288,524288,24,524288,1048576,1048576,4194304,8388608,520,524288,524288,1048576,1048576,1048576,64,65536,131072,262144,524288,524288,2570,0,0,0,0,0,0,65536,2097152,4194304,4194304,4194304,207,64,128,256,256,1024,3216,65536,524288,1048576,1048576,8388608,3217,128,256,256,256,256,20,128,256,256,512,512,3197,0,0,40416,24479,56770,0,41,20,0
3.64752E+13,2500,2048,8192,16384,16372,512,4096,8192,2499,4096,8192,16384,2017,4096,16384,16384,530,8192,8192,16384,29,2048,8192,8192,505,512,4096,8192,1987,1024,2048,4096,357,0,0,0,1,256,65536,524288,24484,1048576,1048576,1048576,42,524288,524288,1048576,42,524288,524288,524288,42,1024,1024,2048,42,64,32768,32768,42,128,512,1024,3134,128,512,1024,3134,128,512,4096,147348,128,512,1024,18153,64,256,512,2698,128,512,1024,4491,256,1024,1024,1329,256,512,1024,1410,128,512,1024,23625,64,512,512,3402,128,512,1024,510,128,512,4096,252,128,512,1024,261,0,256,256,9,0,0,0,0,0,0,0,0,0,0,0,0,64,128,128,21,64,128,256,21,15.84,8.61,7.23,0,29,24,505,76,2547,0,0,0,0,0,0,0,524288,524288,524288,524288,524288,29,524288,1048576,1048576,1048576,1048576,24,524288,1048576,1048576,1048576,1048576,504,131072,524288,1048576,1048576,1048576,76,65536,131072,524288,524288,1048576,2538,0,0,0,0,0,0,65536,2097152,4194304,4194304,4194304,230,64,128,256,256,131072,3172,65536,524288,1048576,1048576,1048576,3171,0,0,0,0,0,0,256,256,256,512,2048,3171,9,0,40698,24062,56929,0,42,21,0
3.64762E+13,2500,2048,8192,16384,16623,512,1024,4096,2498,4096,8192,16384,1978,4096,16384,16384,551,8192,16384,16384,21,2048,4096,8192,515,512,4096,8192,2010,1024,2048,8192,388,0,0,0,1,128,65536,262144,24745,1048576,1048576,1048576,41,524288,524288,1048576,41,524288,524288,524288,41,1024,1024,1024,41,128,65536,65536,41,128,512,1024,3308,128,512,1024,3308,128,512,1024,149607,128,512,1024,17802,64,256,512,2995,128,512,1024,4356,256,1024,1024,1218,256,512,1024,1164,128,512,1024,22644,64,512,512,3141,64,512,1024,651,64,256,512,207,128,512,1024,189,128,256,256,9,0,0,0,0,0,0,0,0,0,0,0,0,64,128,128,21,128,128,128,21,16.16,8.78,7.38,0,21,19,515,55,2529,0,0,0,0,0,0,0,524288,524288,524288,524288,524288,21,524288,1048576,1048576,1048576,1048576,19,524288,1048576,1048576,1048576,2097152,514,524288,1048576,1048576,1048576,1048576,55,65536,131072,524288,524288,1048576,2535,0,0,0,0,0,0,65536,2097152,4194304,8388608,8388608,252,64,128,256,256,256,3144,65536,524288,1048576,1048576,2097152,3144,0,0,0,0,0,0,256,256,256,512,2048,3144,4,0,37887,24178,56296,0,41,21,0
3.64773E+13,2500,2048,8192,16384,17211,512,2048,8192,2499,4096,8192,16384,2095,4096,8192,16384,571,8192,8192,16384,34,2048,8192,8192,514,512,4096,8192,2076,1024,4096,8192,354,4096,4096,4096,2,128,65536,262144,25522,1048576,1048576,1048576,41,524288,524288,524288,41,524288,524288,524288,41,1024,2048,2048,41,64,32768,65536,41,64,512,1024,3341,64,512,1024,3341,128,512,1024,154899,128,512,1024,18855,64,256,512,2980,128,512,1024,4320,256,1024,4096,1074,256,512,512,1209,64,512,512,23463,64,256,512,2988,64,512,512,495,64,512,512,279,128,512,1024,306,256,512,512,18,0,0,0,0,0,0,0,0,0,0,0,0,64,128,128,20,64,128,128,20,14.5,8.25,6.25,0,34,15,514,77,2666,0,0,0,0,0,0,0,524288,2097152,2097152,2097152,2097152,27,524288,524288,524288,524288,2097152,12,524288,2097152,2097152,4194304,4194304,369,524288,2097152,2097152,2097152,2097152,54,65536,131072,524288,2097152,2097152,1947,0,0,0,0,0,0,65536,2097152,4194304,4194304,4194304,226,64,128,256,256,1024,2409,65536,524288,2097152,2097152,4194304,2409,0,0,0,0,0,0,256,256,256,512,512,2409,901,0,39676,25000,54049,0,41,20,0
3.64783E+13,2500,2048,8192,16384,16626,512,1024,8192,2498,4096,8192,16384,1985,4096,16384,16384,509,8192,8192,8192,13,2048,8192,8192,516,512,1024,4096,1982,1024,2048,8192,331,2048,2048,2048,2,64,65536,262144,24609,1048576,1048576,1048576,42,524288,524288,524288,42,524288,524288,524288,42,1024,1024,1024,42,64,8192,65536,42,128,512,1024,3389,128,512,1024,3389,128,512,1024,149634,128,512,512,17865,64,256,512,2727,128,512,512,4014,256,1024,1024,1287,256,512,512,1314,64,512,512,24192,64,256,512,3510,64,512,512,483,64,256,512,144,128,512,1024,117,128,256,256,18,0,0,0,0,0,0,0,0,0,0,0,0,64,128,128,21,128,128,128,21,13.83,7.61,6.22,0,13,19,516,86,2494,0,0,0,0,0,0,0,2097152,2097152,2097152,2097152,2097152,10,2097152,2097152,2097152,2097152,2097152,6,2097152,4194304,4194304,4194304,4194304,191,131072,2097152,4194304,4194304,4194304,28,65536,131072,262144,2097152,4194304,898,0,0,0,0,0,0,0,0,0,0,0,0,128,256,256,512,512,1133,65536,2097152,4194304,4194304,4194304,1133,0,0,0,0,0,0,256,256,512,512,512,1133,2896,0,38262,24128,48542,0,42,21,0
3.64793E+13,2425,2048,8192,16384,16926,512,1024,4096,2648,4096,8192,16384,2005,4096,16384,16384,519,8192,8192,8192,30,2048,4096,8192,514,512,4096,4096,2022,1024,4096,8192,325,4096,4096,4096,4,64,65536,131072,25199,1048576,1048576,1048576,41,524288,524288,524288,41,524288,524288,524288,41,1024,1024,2048,41,64,2048,16384,41,128,512,1024,3193,64,512,1024,3868,128,512,1024,152334,128,512,1024,18045,64,256,512,2949,128,512,1024,4167,256,1024,1024,1182,256,512,512,1281,64,512,512,23643,64,256,512,2970,64,512,512,522,128,512,1024,243,128,512,4096,270,256,512,1024,36,0,0,0,0,0,0,0,0,0,0,0,0,64,128,128,21,64,128,128,21,14.57,7.66,6.91,0,30,22,514,80,2524,75,0,0,0,0,0,0,0,0,0,0,2097152,1,2097152,2097152,2097152,2097152,2097152,9,2097152,4194304,4194304,4194304,4194304,204,131072,2097152,4194304,4194304,4194304,32,65536,131072,2097152,2097152,2097152,945,0,0,0,0,0,0,0,0,0,0,0,0,128,256,256,512,512,1191,65536,2097152,4194304,4194304,4194304,1191,0,0,0,0,0,0,256,256,512,512,512,1191,4950,0,38801,24733,48566,0,41,21,0
3.64804E+13,2425,2048,8192,16384,16694,512,1024,4096,2520,4096,8192,16384,1978,4096,16384,16384,494,8192,16384,16384,26,2048,4096,8192,499,512,4096,4096,1945,1024,4096,8192,323,2048,2048,2048,2,128,65536,262144,24667,1048576,1048576,1048576,42,524288,524288,524288,42,524288,524288,524288,42,512,1024,1024,42,64,4096,32768,42,128,512,1024,3192,128,512,1024,3192,128,512,1024,150246,64,512,1024,17802,64,256,512,2891,128,512,1024,3843,256,1024,1024,1139,256,512,512,1184,64,512,512,23139,64,256,512,3267,64,256,512,636,128,512,512,207,128,512,1024,234,64,512,512,18,0,0,0,0,0,0,0,0,0,0,0,0,64,128,128,21,64,128,128,21,13,6.87,6.12,0,26,17,499,76,2472,0,0,0,0,0,0,0,2097152,2097152,2097152,2097152,2097152,7,2097152,2097152,2097152,2097152,2097152,4,2097152,4194304,4194304,4194304,4194304,198,131072,2097152,4194304,4194304,4194304,41,65536,131072,2097152,2097152,4194304,1023,0,0,0,0,0,0,0,0,0,0,0,0,128,256,256,512,512,1273,65536,2097152,4194304,4194304,4194304,1273,0,0,0,0,0,0,256,256,512,512,512,1273,6767,0,39136,24249,49386,0,42,21,0
3.64814E+13,2425,2048,8192,16384,16683,512,4096,4096,2680,4096,8192,16384,1962,4096,16384,16384,474,8192,8192,8192,27,2048,4096,8192,481,512,4096,8192,1957,1024,4096,8192,316,2048,2048,2048,2,64,65536,262144,24782,1048576,1048576,1048576,41,524288,524288,1048576,41,524288,524288,524288,41,512,1024,2048,41,64,32768,65536,41,128,512,1024,3236,128,512,1024,3236,128,512,1024,150147,64,512,1024,17658,64,256,512,2719,128,512,512,3429,256,1024,1024,1257,256,512,512,1284,64,512,512,23112,64,256,512,3231,64,256,512,504,128,512,512,225,128,512,1024,243,128,512,512,18,1024,2048,2048,12,1024,1024,1024,11,64,64,64,23,64,128,128,20,128,256,256,20,13.73,8.64,5.08,11,27,13,481,58,2436,0,0,0,0,0,0,0,2097152,2097152,2097152,2097152,2097152,11,2097152,2097152,2097152,2097152,2097152,8,2097152,4194304,4194304,4194304,4194304,192,131072,2097152,2097152,2097152,4194304,32,65536,131072,2097152,2097152,2097152,980,0,0,0,0,0,0,0,0,0,0,0,0,128,256,256,512,8192,1223,65536,2097152,2097152,4194304,4194304,1223,0,0,0,0,0,0,256,256,512,512,1024,1223,8570,0,40512,24431,49668,0,41,20,0
3.64825E+13,2425,2048,8192,16384,16539,512,4096,4096,2545,4096,8192,16384,1937,4096,8192,16384,513,8192,16384,16384,22,2048,4096,8192,501,512,4096,4096,1997,1024,4096,8192,365,2048,4096,4096,5,256,65536,262144,24633,1048576,1048576,1048576,41,524288,524288,524288,41,524288,524288,524288,41,512,1024,1024,41,64,128,128,41,128,512,1024,3218,128,512,1024,3218,128,512,1024,148851,128,512,1024,17433,64,256,512,2933,128,512,1024,4176,512,1024,1024,1020,256,512,512,1173,64,512,512,23256,64,512,512,2997,64,512,512,585,64,512,1024,207,128,512,4096,198,128,256,256,45,2048,2048,2048,29,1024,1024,1024,27,64,64,128,56,64,128,128,21,64,128,128,21,15.48,9.49,5.99,27,22,12,501,70,2450,0,0,0,0,0,0,0,2097152,2097152,2097152,2097152,2097152,13,2097152,2097152,2097152,2097152,2097152,9,2097152,4194304,4194304,4194304,8388608,189,65536,2097152,2097152,2097152,4194304,28,65536,131072,2097152,2097152,4194304,956,0,0,0,0,0,0,0,0,0,0,0,0,128,256,256,512,512,1195,65536,2097152,4194304,4194304,8388608,1195,0,0,0,0,0,0,128,256,512,512,512,1195,10457,0,39450,24215,49102,0,41,21,0
3.64835E+13,2425,2048,8192,16384,16870,512,4096,8192,2423,4096,8192,16384,1991,4096,16384,16384,499,8192,8192,16384,24,2048,4096,8192,520,512,4096,4096,1947,1024,4096,8192,338,2048,2048,2048,5,256,65536,524288,24825,1048576,1048576,1048576,42,524288,524288,1048576,42,524288,524288,524288,42,512,1024,1024,42,64,65536,65536,42,128,512,1024,3449,128,512,1024,3449,128,512,1024,151830,128,512,1024,17919,64,256,512,2864,128,512,1024,3897,256,1024,1024,1281,256,512,4096,1353,64,512,1024,22653,64,512,512,3177,64,512,4096,612,128,256,512,216,128,512,4096,216,128,512,512,45,2048,2048,2048,27,1024,1024,1024,28,64,64,128,55,64,128,128,21,64,64,64,21,12.83,7.24,5.59,28,24,21,520,61,2490,0,0,0,0,0,0,0,2097152,4194304,4194304,4194304,4194304,6,2097152,2097152,2097152,2097152,2097152,3,2097152,4194304,4194304,4194304,4194304,132,131072,2097152,2097152,2097152,2097152,13,65536,131072,2097152,2097152,2097152,643,2097152,4194304,4194304,4194304,4194304,75,0,0,0,0,0,0,128,256,256,512,512,872,65536,4194304,4194304,4194304,4194304,872,0,0,0,0,0,0,256,256,512,512,1024,872,12729,0,40783,24495,49596,0,42,21,0
3.64845E+13,2425,2048,8192,16384,16333,512,4096,4096,2425,4096,8192,16384,1917,4096,16384,16384,440,8192,8192,8192,28,2048,4096,8192,495,512,4096,4096,1913,1024,2048,4096,314,0,0,0,0,512,65536,262144,24088,1048576,1048576,1048576,41,524288,524288,1048576,41,524288,524288,524288,41,512,1024,1024,41,64,8192,16384,41,128,512,1024,3252,128,512,1024,3252,128,512,1024,147002,128,512,1024,17253,64,256,512,2362,128,512,1024,3969,256,1024,1024,1167,256,512,1024,1311,64,512,1024,21825,64,512,512,2799,64,256,512,552,64,512,512,270,128,512,4096,252,0,0,0,0,2048,2048,2048,7,1024,1024,1024,9,64,128,128,16,64,128,128,20,64,128,128,20,16.98,8.74,8.24,9,28,13,495,77,2357,0,0,0,0,0,0,0,2097152,2097152,2097152,2097152,2097152,8,2097152,2097152,2097152,2097152,2097152,8,2097152,4194304,4194304,4194304,4194304,198,2097152,2097152,2097152,2097152,4194304,29,65536,131072,2097152,2097152,2097152,894,0,0,0,0,0,0,0,0,0,0,0,0,128,256,256,512,512,1137,65536,2097152,4194304,4194304,4194304,1137,0,0,0,0,0,0,256,256,512,1024,2048,1137,14571,0,39330,23729,48563,0,41,20,0
3.64856E+13,2425,2048,8192,16384,16799,512,4096,4096,2426,4096,8192,16384,1997,4096,8192,16384,465,8192,8192,16384,25,2048,8192,16384,482,512,4096,4096,1983,1024,4096,8192,367,0,0,0,0,64,65536,262144,24743,1048576,1048576,1048576,41,524288,524288,524288,41,524288,524288,524288,41,512,1024,1024,41,64,32768,65536,42,128,512,1024,3103,128,512,1024,3103,128,512,1024,151186,128,512,1024,17973,64,256,512,2518,128,512,1024,3933,256,1024,1024,1284,256,512,512,1230,64,512,512,22194,64,256,512,2763,64,256,512,510,128,512,512,198,128,512,512,225,0,0,0,0,0,0,0,0,0,0,0,0,0,0,0,0,64,128,128,21,64,128,512,21,14.1,7.43,6.67,0,25,11,482,72,2462,0,0,0,0,0,0,0,2097152,2097152,2097152,2097152,2097152,9,2097152,2097152,2097152,2097152,2097152,8,2097152,4194304,4194304,4194304,8388608,192,131072,2097152,2097152,2097152,2097152,32,65536,131072,2097152,2097152,4194304,962,0,0,0,0,0,0,0,0,0,0,0,0,128,256,256,512,512,1203,65536,2097152,4194304,4194304,8388608,1203,0,0,0,0,0,0,256,256,512,512,512,1203,16420,0,39815,24320,49214,0,41,21,0
3.64866E+13,2425,2048,8192,16384,16439,512,4096,4096,2424,4096,8192,16384,1979,4096,8192,16384,481,8192,8192,8192,23,2048,4096,8192,499,512,4096,4096,1985,1024,4096,8192,331,2048,2048,2048,3,64,65536,262144,24386,1048576,1048576,1048576,42,524288,524288,1048576,42,524288,524288,524288,42,512,1024,1024,42,128,8192,32768,41,128,512,1024,3275,128,512,1024,3275,128,512,4096,147951,128,512,1024,17811,64,256,512,2378,128,512,1024,4419,256,1024,1024,1178,256,512,1024,1142,64,512,512,20979,64,256,512,2817,64,256,4096,675,64,256,1024,198,128,512,1024,207,128,256,256,27,0,0,0,0,0,0,0,0,0,0,0,0,64,128,128,21,64,128,256,21,12.57,7.11,5.46,0,23,15,499,69,2460,0,0,0,0,0,0,0,2097152,2097152,2097152,2097152,2097152,10,2097152,4194304,4194304,4194304,4194304,6,2097152,4194304,4194304,8388608,8388608,178,2097152,4194304,4194304,4194304,4194304,28,65536,131072,2097152,2097152,4194304,900,0,0,0,0,0,0,0,0,0,0,0,0,128,256,256,512,32768,1122,65536,2097152,4194304,4194304,8388608,1122,0,0,0,0,0,0,256,256,512,512,1024,1122,18364,0,42537,24043,49083,0,42,21,0
3.64876E+13,2425,2048,8192,16384,15243,512,4096,4096,2465,4096,8192,16384,1832,4096,16384,16384,503,8192,8192,8192,21,2048,4096,8192,493,512,4096,4096,1924,1024,4096,8192,304,2048,2048,2048,3,128,65536,131072,22955,1048576,1048576,1048576,41,524288,524288,524288,41,524288,524288,524288,41,512,1024,1024,41,64,128,8192,41,128,512,1024,3057,128,512,1024,3057,128,512,4096,137187,128,512,1024,16488,64,256,512,2688,128,512,512,4248,256,1024,4096,1188,256,512,1024,1161,64,512,1024,21312,64,512,512,3141,64,512,512,639,128,256,512,234,128,512,1024,189,128,256,512,27,0,0,0,0,0,0,0,0,0,0,0,0,64,128,128,20,64,128,128,20,11.43,7.66,3.77,0,21,11,493,62,2335,0,0,0,0,0,0,0,2097152,2097152,2097152,2097152,2097152,7,2097152,2097152,2097152,2097152,2097152,7,2097152,4194304,4194304,4194304,8388608,205,131072,2097152,2097152,2097152,4194304,23,65536,131072,2097152,2097152,2097152,983,0,0,0,0,0,0,0,0,0,0,0,0,128,256,256,512,512,1225,65536,2097152,4194304,4194304,8388608,1225,0,0,0,0,0,0,256,256,512,512,1024,1225,20061,0,39067,22550,48974,0,41,20,0
3.64887E+13,2431,2048,8192,16384,16883,512,2048,4096,2472,4096,8192,16384,2023,4096,8192,16384,513,8192,8192,8192,23,2048,4096,8192,522,512,4096,4096,2003,1024,4096,8192,339,2048,4096,4096,3,64,65536,262144,24962,1048576,1048576,1048576,42,524288,524288,524288,42,524288,524288,524288,42,512,1024,1024,42,64,4096,32768,42,128,512,1024,3040,128,512,1024,2986,128,512,1024,151947,128,512,1024,18207,64,256,512,2548,128,512,1024,4347,256,1024,1024,1149,256,512,1024,1077,64,512,512,23643,64,256,512,2916,64,512,512,477,64,512,512,198,128,512,1024,207,64,256,512,27,0,0,0,0,0,0,0,0,0,0,0,0,64,128,128,21,128,16384,16384,21,12.84,7.55,5.29,0,23,14,522,61,2536,0,262144,524288,524288,524288,524288,6,2097152,4194304,4194304,4194304,4194304,11,2097152,2097152,2097152,2097152,4194304,6,2097152,2097152,4194304,4194304,4194304,194,131072,2097152,2097152,2097152,2097152,25,65536,131072,2097152,2097152,4194304,1067,0,0,0,0,0,0,0,0,0,0,0,0,128,256,256,512,512,1309,65536,2097152,2097152,4194304,4194304,1309,128,256,256,256,512,6,256,256,512,512,512,1303,21908,0,39235,24483,49902,0,42,21,0
3.64897E+13,2370,2048,8192,16384,14772,512,4096,4096,2456,4096,8192,16384,1940,4096,8192,16384,493,8192,8192,8192,24,2048,4096,8192,489,512,4096,4096,1907,1024,4096,8192,337,2048,4096,4096,3,64,65536,262144,22602,1048576,1048576,1048576,41,524288,524288,524288,41,524288,524288,524288,41,512,1024,1024,41,64,128,32768,41,128,512,1024,3244,64,512,1024,3793,128,512,4096,132948,64,512,1024,17460,64,256,512,2528,128,512,1024,4185,256,1024,2048,1290,256,512,1024,1245,64,512,4096,22356,64,256,512,3123,64,512,1024,474,64,512,512,198,128,512,1024,216,128,256,512,27,0,0,0,0,0,0,0,0,0,0,0,0,64,128,128,21,256,32768,65536,21,15.38,8.45,6.93,0,24,18,489,79,2433,73,262144,524288,524288,524288,524288,12,2097152,4194304,4194304,4194304,4194304,12,0,0,0,0,0,0,2097152,2097152,4194304,4194304,8388608,199,131072,2097152,4194304,4194304,4194304,33,65536,131072,2097152,4194304,4194304,936,0,0,0,0,0,0,0,0,0,0,0,0,128,256,256,512,512,1192,65536,2097152,4194304,4194304,8388608,1192,256,256,256,256,256,12,256,256,512,512,1024,1180,23833,0,40885,22191,48873,0,41,21,0
3.64907E+13,2379,2048,8192,16384,15962,512,4096,8192,2381,4096,8192,16384,1936,4096,8192,16384,536,8192,8192,8192,19,2048,4096,8192,494,512,1024,4096,1992,1024,2048,4096,341,2048,4096,4096,3,256,65536,262144,23851,1048576,1048576,1048576,41,524288,524288,524288,41,524288,524288,524288,41,512,1024,1024,41,64,2048,16384,41,128,512,2048,3328,128,512,1024,3247,128,512,4096,143658,128,512,1024,17424,64,256,512,2850,128,512,1024,4419,256,1024,4096,1152,256,512,1024,1179,128,512,1024,20547,64,512,512,3105,64,512,1024,537,64,512,1024,198,128,512,1024,171,128,256,512,27,0,0,0,0,0,0,0,0,0,0,0,0,64,128,128,20,128,32768,32768,20,13.71,7.8,5.91,0,19,16,494,66,2471,0,262144,524288,524288,524288,524288,9,2097152,2097152,2097152,2097152,4194304,6,2097152,2097152,2097152,2097152,4194304,5,2097152,4194304,4194304,4194304,8388608,192,2097152,2097152,4194304,4194304,4194304,29,65536,131072,2097152,4194304,4194304,968,0,0,0,0,0,0,0,0,0,0,0,0,128,256,256,512,1024,1209,65536,2097152,4194304,4194304,8388608,1209,128,256,256,256,256,9,128,256,512,512,1024,1200,25690,0,40436,23407,49716,0,41,20,0
3.64918E+13,2389,2048,8192,16384,16359,512,4096,8192,2358,4096,8192,16384,1933,4096,16384,16384,500,8192,16384,16384,25,2048,8192,16384,489,512,4096,8192,1911,1024,4096,8192,324,4096,4096,4096,2,1024,65536,524288,24063,1048576,1048576,1048576,42,524288,524288,524288,42,524288,524288,1048576,42,1024,2048,2048,42,64,1024,65536,42,128,512,1024,3306,128,512,1024,3216,128,512,4096,147231,128,512,1024,17397,64,512,512,2732,128,512,1024,3789,256,1024,1024,1281,256,512,1024,1254,128,512,1024,22554,128,512,1024,2853,64,512,512,546,64,512,1024,261,128,512,4096,234,128,1024,1024,18,1024,2048,2048,24,1024,1024,1024,22,64,128,256,46,64,128,128,21,128,16384,32768,21,12.25,7.12,5.12,22,25,8,489,58,2433,0,262144,524288,524288,524288,524288,11,2097152,2097152,2097152,2097152,4194304,14,2097152,2097152,2097152,2097152,2097152,7,2097152,4194304,4194304,8388608,8388608,187,131072,2097152,2097152,2097152,2097152,20,65536,131072,2097152,2097152,4194304,913,0,0,0,0,0,0,0,0,0,0,0,0,128,256,256,512,512,1152,65536,2097152,4194304,4194304,8388608,1152,256,256,256,256,256,11,256,256,512,1024,1024,1141,27573,0,40771,23762,49317,0,42,21,0
3.64928E+13,2399,2048,8192,16384,16083,512,4096,8192,2420,4096,8192,16384,1912,4096,16384,32768,536,8192,16384,16384,29,2048,8192,8192,484,512,4096,8192,1936,1024,4096,8192,340,0,0,0,0,512,65536,262144,23886,1048576,1048576,1048576,41,524288,524288,524288,41,524288,524288,524288,41,512,1024,2048,41,64,32768,65536,41,128,512,1024,3232,128,512,1024,3142,128,512,2048,144747,128,512,1024,17208,64,512,512,2783,128,512,1024,4149,512,1024,2048,1278,256,512,2048,1179,128,512,1024,23085,64,512,512,2925,64,512,512,413,64,256,512,198,128,1024,4096,261,0,0,0,0,2048,2048,2048,32,1024,1024,2048,33,64,64,128,65,64,128,128,21,128,32768,65536,21,13.09,7.37,5.72,33,29,14,484,67,2448,0,262144,262144,262144,262144,524288,10,2097152,2097152,2097152,2097152,4194304,7,2097152,2097152,2097152,2097152,2097152,10,2097152,2097152,4194304,4194304,4194304,197,2097152,2097152,4194304,4194304,4194304,21,65536,131072,2097152,2097152,2097152,936,0,0,0,0,0,0,0,0,0,0,0,0,128,256,512,512,1024,1181,65536,2097152,4194304,4194304,4194304,1181,256,256,256,256,256,10,256,256,512,512,8192,1171,29467,0,40606,23555,49427,118,41,21,0
3.64938E+13,2411,2048,8192,16384,16392,512,4096,8192,2408,4096,8192,16384,1962,4096,16384,16384,520,8192,8192,8192,25,2048,8192,8192,518,512,4096,8192,1963,1024,4096,8192,334,0,0,0,1,512,65536,262144,24280,1048576,1048576,1048576,41,524288,524288,1048576,41,524288,524288,524288,41,512,1024,1024,41,64,16384,32768,41,128,512,1024,3326,128,512,1024,3218,128,512,4096,147528,128,512,1024,17658,64,256,512,3007,128,512,1024,3861,256,1024,2048,1245,256,512,1024,1308,128,512,1024,22428,128,512,1024,2961,64,512,512,462,64,512,1024,279,128,512,1024,225,64,512,512,9,2048,2048,2048,17,1024,1024,1024,18,64,64,64,35,64,128,128,20,256,32768,32768,20,13.19,7.04,6.16,18,25,8,518,47,2482,0,262144,524288,524288,524288,524288,12,2097152,2097152,2097152,2097152,4194304,7,2097152,2097152,2097152,2097152,2097152,6,2097152,4194304,4194304,4194304,4194304,207,131072,2097152,2097152,2097152,4194304,21,65536,131072,262144,2097152,4194304,976,0,0,0,0,0,0,0,0,0,0,0,0,128,256,256,512,512,1229,65536,2097152,4194304,4194304,4194304,1229,256,256,256,256,256,12,256,256,512,512,2048,1217,31336,0,41025,23930,49495,0,41,20,0
3.64949E+13,2421,2048,8192,16384,16016,512,4096,8192,2413,4096,8192,16384,1938,4096,16384,16384,519,8192,8192,16384,32,2048,8192,16384,471,512,4096,8192,1887,1024,4096,8192,316,2048,2048,2048,2,1024,65536,524288,23802,1048576,1048576,1048576,42,524288,524288,1048576,42,524288,524288,524288,42,512,1024,1024,42,64,32768,65536,42,128,512,1024,3156,128,512,1024,3066,128,512,4096,144144,128,512,1024,17442,64,512,512,2802,128,512,1024,4086,256,1024,2048,1262,256,512,1024,1289,128,512,1024,21609,64,512,512,2889,64,512,1024,549,64,512,512,270,128,512,4096,288,128,256,256,18,0,0,0,0,0,0,0,0,0,0,0,0,64,128,128,21,128,32768,65536,21,14.37,8.25,6.12,0,32,11,471,69,2457,0,262144,262144,262144,262144,262144,9,2097152,4194304,4194304,4194304,4194304,11,2097152,2097152,2097152,2097152,2097152,6,2097152,4194304,4194304,4194304,8388608,169,2097152,2097152,4194304,4194304,8388608,28,65536,131072,2097152,4194304,4194304,858,0,0,0,0,0,0,0,0,0,0,0,0,128,256,256,512,512,1081,65536,2097152,4194304,4194304,8388608,1081,128,256,256,256,256,9,256,256,512,1024,2048,1072,33295,0,41927,23421,49422,0,42,21,0
3.64959E+13,2427,2048,8192,16384,16264,512,4096,4096,2424,4096,8192,16384,2005,4096,8192,16384,466,8192,8192,16384,33,2048,8192,16384,515,512,4096,8192,2040,1024,4096,8192,312,2048,2048,2048,2,512,65536,262144,24269,1048576,1048576,2097152,41,524288,1048576,1048576,41,524288,524288,524288,41,512,1024,1024,41,64,2048,65536,41,128,512,1024,3346,128,512,1024,3292,128,512,4096,146376,64,512,1024,18045,64,256,512,2563,128,512,1024,3708,256,1024,2048,1109,256,512,1024,1217,128,512,1024,22635,64,512,1024,2880,64,512,512,474,64,256,512,279,128,512,4096,297,128,256,256,18,0,0,0,0,0,0,0,0,0,0,0,0,64,64,128,21,64,32768,65536,21,14.74,7.5,7.25,0,33,8,515,60,2472,0,262144,262144,262144,262144,262144,6,2097152,4194304,4194304,4194304,4194304,7,2097152,4194304,4194304,4194304,4194304,6,2097152,4194304,4194304,4194304,4194304,195,2097152,4194304,4194304,4194304,4194304,22,65536,131072,2097152,4194304,4194304,855,0,0,0,0,0,0,0,0,0,0,0,0,128,256,256,512,4096,1091,65536,2097152,4194304,4194304,4194304,1091,256,256,256,256,256,6,256,256,512,512,32768,1085,35292,0,40156,23759,48908,0,41,21,0
3.64969E+13,2427,2048,8192,16384,15273,512,4096,8192,2423,4096,8192,16384,1967,4096,16384,16384,479,8192,8192,16384,29,2048,4096,8192,523,512,4096,8192,1968,1024,4096,8192,341,0,0,0,1,256,65536,262144,23201,1048576,1048576,1048576,41,524288,524288,1048576,41,524288,524288,524288,41,1024,1024,1024,41,64,8192,65536,41,128,512,4096,3060,128,512,4096,3060,128,512,4096,137457,128,512,1024,17703,64,256,512,2761,128,512,1024,3600,256,1024,4096,1065,256,512,1024,1245,128,512,1024,20745,64,512,512,3177,64,512,512,579,64,256,4096,342,128,512,2048,261,128,256,256,9,0,0,0,0,0,0,0,0,0,0,0,0,64,128,128,20,128,256,256,20,13.48,6.87,6.62,0,29,12,523,55,2445,0,0,0,0,0,0,0,2097152,2097152,2097152,2097152,4194304,15,2097152,2097152,2097152,2097152,2097152,5,2097152,4194304,4194304,4194304,8388608,193,131072,2097152,2097152,2097152,4194304,33,65536,131072,2097152,2097152,4194304,883,0,0,0,0,0,0,0,0,0,0,0,0,128,256,256,512,512,1129,65536,2097152,4194304,4194304,8388608,1129,0,0,0,0,0,0,256,256,512,512,2048,1129,37227,0,40886,22758,49371,0,41,20,0
3.6498E+13,2427,2048,8192,16384,14567,512,4096,4096,2425,4096,8192,16384,1834,4096,16384,16384,509,8192,8192,8192,38,2048,4096,8192,479,512,4096,4096,1813,1024,4096,8192,323,4096,4096,4096,3,512,65536,262144,22210,1048576,1048576,1048576,42,524288,524288,524288,42,524288,524288,524288,42,1024,1024,1024,42,64,128,128,42,128,512,4096,3197,128,512,1024,3197,128,512,4096,131103,64,512,1024,16506,64,256,512,2867,128,512,1024,3978,256,1024,4096,1326,256,512,1024,1380,128,512,4096,21258,64,512,512,3006,64,512,512,510,128,512,512,288,128,512,1024,342,64,1024,1024,27,0,0,0,0,0,0,0,0,0,0,0,0,64,128,128,21,64,128,128,21,11.83,6.92,4.91,0,38,9,479,61,2343,0,0,0,0,0,0,0,2097152,2097152,2097152,2097152,2097152,8,2097152,2097152,2097152,2097152,2097152,2,2097152,4194304,4194304,4194304,4194304,206,131072,2097152,2097152,2097152,2097152,32,65536,131072,2097152,2097152,16777216,1014,0,0,0,0,0,0,0,0,0,0,0,0,128,256,256,512,1024,1262,65536,2097152,4194304,4194304,16777216,1262,0,0,0,0,0,0,256,256,512,512,1024,1262,38895,0,40066,21671,49575,0,42,21,0
3.6499E+13,2427,2048,8192,16384,14867,512,4096,8192,2427,4096,8192,16384,1980,4096,8192,16384,463,8192,8192,8192,26,2048,4096,8192,480,512,4096,8192,2004,1024,8192,8192,376,0,0,0,1,512,65536,262144,22847,1048576,1048576,1048576,41,524288,524288,524288,41,524288,524288,524288,41,512,1024,1024,41,64,16384,65536,41,128,512,4096,3347,128,512,4096,3347,128,512,4096,133803,64,512,1024,17820,64,256,512,2468,128,512,1024,3978,256,1024,4096,1032,256,512,4096,1077,128,512,4096,18018,64,512,512,3177,64,512,4096,512,128,256,512,207,128,512,4096,234,256,512,512,9,0,0,0,0,0,0,0,0,0,0,0,0,64,128,128,21,64,128,128,21,13.68,7.35,6.33,0,26,9,480,44,2443,0,0,0,0,0,0,0,2097152,4194304,4194304,4194304,4194304,14,2097152,2097152,2097152,2097152,4194304,8,2097152,4194304,4194304,4194304,4194304,184,131072,2097152,4194304,4194304,4194304,32,65536,131072,2097152,4194304,4194304,992,0,0,0,0,0,0,0,0,0,0,0,0,128,256,512,512,512,1230,65536,2097152,4194304,4194304,4194304,1230,0,0,0,0,0,0,128,256,512,512,512,1230,40667,0,40545,22335,49149,0,41,21,0
3.65E+13,2355,2048,8192,16384,14985,512,4096,4096,2353,4096,8192,16384,2011,4096,8192,16384,465,8192,8192,8192,14,2048,4096,8192,525,512,4096,4096,1981,1024,4096,8192,351,0,0,0,1,128,65536,262144,22894,1048576,1048576,1048576,41,524288,524288,524288,41,524288,524288,524288,41,512,512,1024,41,64,16384,32768,41,128,512,4096,2995,64,512,4096,3643,128,512,4096,134865,64,512,1024,18099,64,256,512,2473,64,512,1024,3879,256,1024,4096,1253,256,512,4096,1199,128,512,4096,19548,64,512,512,2943,64,512,4096,468,128,256,512,126,128,512,512,126,64,256,256,9,0,0,0,0,0,0,0,0,0,0,0,0,64,128,128,20,64,128,128,20,13.24,7.06,6.18,0,14,3,525,58,2476,72,0,0,0,0,0,0,2097152,2097152,2097152,2097152,2097152,9,2097152,2097152,2097152,2097152,2097152,5,2097152,4194304,4194304,4194304,4194304,190,131072,4194304,4194304,4194304,4194304,30,65536,131072,262144,2097152,4194304,1039,0,0,0,0,0,0,0,0,0,0,0,0,128,256,256,512,2048,1273,65536,2097152,4194304,4194304,4194304,1273,0,0,0,0,0,0,256,256,512,512,512,1273,42542,0,41359,22442,49060,0,41,20,0
3.65011E+13,2355,2048,8192,16384,15698,512,4096,8192,2394,4096,8192,16384,1839,4096,8192,16384,475,8192,32768,32768,18,2048,8192,8192,451,512,4096,8192,1823,1024,4096,8192,309,2048,2048,2048,2,256,65536,262144,23219,1048576,1048576,1048576,42,524288,524288,524288,42,524288,524288,524288,42,512,1024,1024,42,64,16384,65536,42,64,512,1024,3283,128,512,1024,3283,128,512,4096,141282,64,512,1024,16551,64,256,512,2536,128,512,1024,3861,256,1024,4096,1122,256,512,1024,1167,64,512,1024,20808,64,512,512,2709,64,256,512,639,64,256,512,189,128,512,4096,162,128,512,512,18,0,0,0,0,0,0,0,0,0,0,0,0,64,128,128,21,64,128,128,21,14.46,7.67,6.79,0,18,9,451,51,2314,0,0,0,0,0,0,0,2097152,2097152,2097152,2097152,2097152,9,2097152,2097152,2097152,2097152,2097152,4,2097152,4194304,4194304,4194304,4194304,198,131072,2097152,2097152,2097152,4194304,27,65536,131072,2097152,2097152,4194304,962,0,0,0,0,0,0,0,0,0,0,0,0,128,256,256,512,1024,1200,65536,2097152,4194304,4194304,4194304,1200,0,0,0,0,0,0,128,256,512,512,1024,1200,44185,0,41477,22930,49879,0,42,21,0
3.65021E+13,2355,2048,8192,16384,15878,512,4096,8192,2671,4096,8192,16384,1863,4096,16384,32768,468,8192,8192,16384,23,2048,8192,8192,495,512,4096,4096,1896,1024,4096,4096,282,0,0,0,1,128,65536,262144,23774,1048576,1048576,1048576,41,524288,524288,524288,41,524288,524288,524288,41,512,512,1024,41,64,256,16384,41,128,512,1024,3263,128,512,4096,3263,128,512,4096,142902,64,512,1024,16767,64,256,512,2374,128,512,1024,4023,256,1024,2048,1344,256,512,1024,1254,64,512,1024,21501,64,512,512,2781,64,512,512,654,64,512,1024,171,128,512,1024,207,128,512,512,9,2048,2048,2048,33,1024,2048,2048,33,64,64,64,66,64,128,128,21,64,128,128,21,12.18,6.66,5.53,33,23,2,495,50,2331,0,0,0,0,0,0,0,2097152,4194304,4194304,4194304,4194304,10,2097152,2097152,2097152,2097152,2097152,5,2097152,2097152,4194304,4194304,8388608,207,131072,2097152,2097152,2097152,4194304,29,65536,131072,2097152,2097152,4194304,997,0,0,0,0,0,0,0,0,0,0,0,0,128,256,256,512,512,1248,65536,2097152,2097152,4194304,8388608,1248,0,0,0,0,0,0,256,256,512,512,1024,1248,45871,0,41635,23491,49370,0,41,21,0
3.65031E+13,2355,2048,8192,16384,16019,512,4096,4096,2500,4096,8192,16384,1951,4096,8192,16384,467,8192,8192,8192,18,2048,4096,8192,490,512,4096,8192,1950,1024,4096,8192,312,2048,4096,4096,3,256,65536,262144,23878,1048576,1048576,1048576,42,524288,524288,1048576,42,524288,524288,524288,42,512,1024,1024,42,64,32768,65536,42,128,512,1024,3313,128,512,1024,3313,128,512,4096,144171,64,512,1024,17559,64,256,512,2568,128,512,1024,3753,256,1024,2048,1119,256,512,1024,1119,128,512,1024,22815,64,512,1024,3024,64,512,512,570,64,512,512,162,128,512,512,162,128,512,512,27,1024,2048,2048,33,1024,2048,2048,33,64,128,128,66,64,128,128,21,64,128,128,21,11.18,6.41,4.77,33,18,7,490,48,2418,0,0,0,0,0,0,0,2097152,2097152,2097152,2097152,4194304,5,2097152,2097152,2097152,2097152,2097152,7,2097152,4194304,4194304,4194304,4194304,200,131072,2097152,2097152,2097152,4194304,22,65536,131072,262144,2097152,2097152,946,0,0,0,0,0,0,0,0,0,0,0,0,128,256,512,512,1024,1180,65536,2097152,4194304,4194304,4194304,1180,0,0,0,0,0,0,256,256,512,512,512,1180,47705,0,40416,23543,49093,0,42,21,0
3.65042E+13,2355,2048,8192,16384,15732,512,4096,4096,2361,4096,8192,16384,1909,4096,8192,16384,498,8192,8192,8192,16,2048,8192,8192,477,512,4096,8192,1883,1024,4096,8192,341,0,0,0,1,64,65536,524288,23385,1048576,1048576,1048576,41,524288,524288,524288,41,524288,524288,524288,41,512,1024,1024,41,64,32768,131072,41,128,512,4096,2995,128,512,2048,2995,128,512,4096,141588,64,512,1024,17181,64,256,512,2634,128,512,1024,4338,256,1024,1024,1289,256,512,1024,1145,64,512,2048,21807,64,256,512,2925,64,512,512,546,64,256,512,135,128,512,512,144,256,512,512,9,2048,2048,2048,6,1024,1024,1024,6,64,64,64,12,64,128,128,20,64,256,256,20,14.08,7.67,6.41,6,16,5,477,54,2407,0,0,0,0,0,0,0,2097152,2097152,2097152,2097152,4194304,10,2097152,2097152,2097152,2097152,2097152,3,2097152,4194304,4194304,8388608,8388608,194,2097152,2097152,2097152,2097152,2097152,16,65536,131072,2097152,4194304,4194304,937,0,0,0,0,0,0,0,0,0,0,0,0,128,256,256,512,1024,1160,65536,2097152,4194304,4194304,8388608,1160,0,0,0,0,0,0,128,256,512,512,512,1160,49510,0,41492,23026,49234,0,41,20,0
3.65052E+13,2355,2048,8192,16384,16251,512,4096,4096,2359,4096,8192,16384,1894,4096,8192,16384,508,8192,8192,8192,26,2048,4096,8192,501,512,4096,4096,1911,1024,4096,8192,342,2048,2048,2048,2,256,65536,262144,23991,1048576,1048576,1048576,41,524288,524288,1048576,41,524288,524288,524288,41,1024,1024,2048,41,64,65536,65536,41,128,512,4096,3263,128,512,1024,3263,128,512,1024,146259,128,512,1024,17046,64,256,512,2627,128,512,512,4221,256,1024,1024,1308,256,512,1024,1290,64,512,1024,23157,64,256,512,2997,64,256,512,717,64,256,512,288,128,512,512,234,128,256,256,18,0,0,0,0,0,0,0,0,0,0,0,0,64,128,256,21,64,128,128,21,12.34,7.3,5.04,0,26,3,501,46,2402,0,0,0,0,0,0,0,2097152,2097152,2097152,2097152,2097152,9,2097152,2097152,2097152,2097152,2097152,4,2097152,4194304,4194304,4194304,4194304,193,2097152,2097152,2097152,2097152,4194304,31,65536,131072,2097152,2097152,2097152,938,0,0,0,0,0,0,0,0,0,0,0,0,128,256,256,512,512,1175,65536,2097152,4194304,4194304,4194304,1175,0,0,0,0,0,0,256,256,512,512,1024,1175,51313,0,39955,23616,49206,0,41,21,0
3.65062E+13,2355,2048,8192,16384,16238,512,4096,4096,2354,4096,8192,16384,1890,4096,16384,32768,483,8192,8192,16384,24,2048,8192,8192,496,512,4096,4096,1886,1024,4096,8192,315,2048,2048,2048,2,128,65536,262144,23869,1048576,1048576,1048576,42,524288,524288,1048576,42,524288,524288,524288,42,1024,1024,1024,42,64,2048,16384,42,128,512,1024,3387,128,512,1024,3387,128,512,1024,146142,128,512,1024,17010,64,256,512,2397,128,512,1024,4185,256,1024,1024,1316,256,512,1024,1190,64,512,512,22608,64,512,512,3150,64,256,512,510,64,256,512,207,128,512,1024,216,64,256,256,18,0,0,0,0,0,0,0,0,0,0,0,0,64,128,128,21,64,256,256,21,16.1,7.1,9,0,24,0,496,44,2373,0,0,0,0,0,0,0,2097152,2097152,2097152,2097152,4194304,15,2097152,4194304,4194304,4194304,4194304,9,2097152,2097152,4194304,4194304,4194304,193,262144,2097152,2097152,2097152,4194304,24,65536,131072,2097152,2097152,2097152,1017,0,0,0,0,0,0,0,0,0,0,0,0,128,256,256,512,512,1258,65536,2097152,4194304,4194304,4194304,1258,0,0,0,0,0,0,256,256,512,512,512,1258,52992,0,39683,23520,49111,0,42,21,0
3.65073E+13,2355,2048,8192,16384,15784,512,4096,4096,2354,4096,8192,16384,1912,4096,8192,16384,498,8192,16384,16384,18,2048,4096,8192,461,512,4096,8192,1919,1024,4096,8192,319,0,0,0,1,256,65536,262144,23426,1048576,1048576,1048576,41,524288,524288,524288,41,524288,524288,524288,41,512,1024,1024,41,64,32768,65536,41,128,512,1024,2925,128,512,1024,2925,128,512,4096,142056,64,512,1024,17208,64,256,512,2648,128,512,1024,3852,256,1024,4096,1250,256,512,1024,1205,64,512,1024,22347,64,256,512,2898,64,512,512,450,64,256,1024,153,128,512,2048,162,256,512,512,9,0,0,0,0,0,0,0,0,0,0,0,0,64,128,128,20,64,128,128,20,13.69,6.91,6.78,0,18,0,461,44,2410,0,0,0,0,0,0,0,2097152,2097152,2097152,2097152,2097152,7,2097152,2097152,2097152,2097152,2097152,4,2097152,4194304,4194304,4194304,4194304,211,131072,2097152,2097152,2097152,2097152,21,65536,131072,2097152,2097152,2097152,935,0,0,0,0,0,0,0,0,0,0,0,0,128,256,512,512,512,1178,65536,2097152,4194304,4194304,4194304,1178,0,0,0,0,0,0,256,256,512,512,512,1178,54747,0,40278,23015,48998,0,41,20,0
3.65083E+13,2355,2048,8192,16384,16188,512,4096,4096,2354,4096,8192,16384,1905,4096,16384,16384,508,8192,8192,8192,30,2048,4096,8192,481,512,4096,4096,1900,1024,4096,8192,337,0,0,0,0,512,65536,131072,23864,1048576,1048576,1048576,41,524288,524288,524288,41,524288,524288,524288,41,1024,1024,2048,41,64,1024,65536,41,64,512,512,3033,128,512,1024,3033,128,512,1024,145692,64,512,1024,17145,64,256,512,2921,128,512,1024,3843,256,1024,1024,1377,256,512,512,1251,64,512,1024,21780,64,256,512,2646,64,256,512,509,64,256,512,234,128,512,4096,270,0,0,0,0,0,0,0,0,0,0,0,0,0,0,0,0,64,128,128,21,64,128,128,21,14.53,8.34,6.19,0,30,3,481,51,2413,0,0,0,0,0,0,0,2097152,2097152,2097152,2097152,4194304,3,2097152,4194304,4194304,4194304,4194304,4,2097152,4194304,4194304,4194304,8388608,189,2097152,2097152,2097152,2097152,4194304,28,65536,131072,2097152,2097152,4194304,920,0,0,0,0,0,0,0,0,0,0,0,0,128,256,256,512,512,1144,65536,2097152,4194304,4194304,8388608,1144,0,0,0,0,0,0,256,256,512,512,1024,1144,56581,0,39101,23475,48424,0,41,21,0
3.65093E+13,2285,2048,8192,16384,16061,512,4096,4096,2333,4096,8192,16384,1930,4096,8192,16384,517,8192,32768,32768,20,2048,8192,8192,483,512,4096,8192,1986,1024,2048,4096,327,0,0,0,1,256,65536,262144,23833,1048576,1048576,1048576,42,524288,524288,524288,42,524288,524288,524288,42,512,1024,1024,42,64,16384,32768,42,128,512,1024,3122,64,512,1024,3752,128,512,2048,144549,128,512,1024,17370,64,256,512,2774,64,512,1024,4041,256,1024,1024,1203,256,512,1024,1221,64,512,1024,22050,64,512,512,3240,64,512,1024,372,128,512,512,234,256,1024,4096,180,256,512,512,9,0,0,0,0,0,0,0,0,0,0,0,0,64,128,128,21,64,128,128,21,13.38,7.38,6,0,20,6,483,47,2447,70,0,0,0,0,0,0,2097152,4194304,4194304,4194304,4194304,11,2097152,2097152,2097152,2097152,2097152,2,2097152,2097152,4194304,4194304,4194304,133,131072,2097152,2097152,2097152,2097152,26,65536,131072,2097152,2097152,4194304,732,2097152,4194304,4194304,4194304,4194304,73,0,0,0,0,0,0,128,256,512,512,512,977,65536,2097152,4194304,4194304,4194304,977,0,0,0,0,0,0,256,256,512,1024,1024,977,58677,0,39657,23418,48792,0,42,21,0
3.65104E+13,2285,2048,8192,16384,15721,512,4096,8192,2284,4096,8192,16384,1850,4096,16384,16384,476,8192,8192,8192,19,2048,8192,8192,515,512,4096,8192,1816,1024,4096,8192,292,0,0,0,0,1024,65536,262144,23127,1048576,1048576,1048576,41,524288,524288,524288,41,524288,524288,524288,41,512,1024,1024,41,128,65536,65536,41,128,512,1024,2991,128,512,1024,2991,128,512,4096,141489,128,512,1024,16650,64,256,512,2688,128,512,1024,3465,256,1024,2048,1087,256,512,1024,1150,64,512,1024,22230,64,512,1024,2790,64,512,512,582,64,512,512,171,128,512,1024,171,0,0,0,0,0,0,0,0,0,0,0,0,0,0,0,0,64,128,128,20,64,128,128,20,15.72,7.54,8.17,0,19,6,515,43,2326,0,0,0,0,0,0,0,2097152,2097152,2097152,2097152,4194304,9,2097152,2097152,2097152,2097152,2097152,8,2097152,4194304,4194304,4194304,4194304,196,131072,2097152,2097152,2097152,4194304,35,65536,131072,2097152,2097152,2097152,927,0,0,0,0,0,0,0,0,0,0,0,0,128,256,256,512,512,1175,65536,2097152,4194304,4194304,4194304,1175,0,0,0,0,0,0,256,256,512,512,1024,1175,60411,0,40396,22850,49154,0,41,20,0
3.65114E+13,2285,2048,8192,16384,15838,512,4096,8192,2280,4096,8192,16384,1854,4096,16384,16384,467,8192,16384,16384,25,2048,8192,8192,456,512,4096,8192,1828,1024,4096,8192,318,2048,2048,2048,2,512,65536,524288,23244,1048576,1048576,1048576,42,524288,524288,1048576,42,524288,524288,524288,42,1024,1024,2048,42,128,32768,131072,42,128,512,1024,2900,128,512,1024,2900,128,512,4096,142542,128,512,1024,16686,64,256,512,2660,128,512,1024,3537,256,1024,2048,1317,256,512,1024,1290,128,512,1024,21186,64,512,512,2943,64,512,512,444,128,512,512,207,128,512,1024,225,64,256,256,18,1024,2048,2048,10,512,1024,1024,6,64,64,64,16,64,128,128,21,64,128,128,21,12.45,7.75,4.7,6,25,18,456,54,2321,0,0,0,0,0,0,0,2097152,4194304,4194304,4194304,4194304,5,2097152,2097152,2097152,2097152,4194304,6,2097152,4194304,8388608,8388608,8388608,161,2097152,4194304,4194304,4194304,4194304,23,65536,131072,2097152,4194304,8388608,796,0,0,0,0,0,0,0,0,0,0,0,0,128,256,512,512,512,991,65536,4194304,4194304,8388608,8388608,991,0,0,0,0,0,0,256,256,512,512,1024,991,62300,0,40811,22935,47934,0,42,21,0
3.65124E+13,2285,2048,8192,16384,15199,512,4096,8192,2283,4096,8192,16384,1825,4096,16384,16384,474,8192,8192,16384,22,2048,8192,8192,462,512,4096,4096,1845,1024,4096,4096,328,4096,4096,4096,2,64,65536,524288,22635,1048576,1048576,1048576,41,524288,524288,524288,41,524288,524288,524288,41,1024,1024,1024,41,64,2048,32768,41,128,512,1024,2757,128,512,1024,2757,128,512,4096,136791,64,512,1024,16425,64,256,512,2723,128,512,1024,3645,256,1024,1024,1026,256,512,1024,1107,64,512,1024,20655,64,512,512,2574,64,256,1024,513,128,512,512,234,128,512,4096,198,256,512,512,18,1024,2048,2048,34,1024,2048,2048,37,64,64,128,71,64,128,128,21,64,128,128,21,15.2,9.05,6.16,37,22,35,462,54,2299,0,0,0,0,0,0,0,2097152,4194304,4194304,4194304,8388608,7,2097152,4194304,4194304,4194304,4194304,6,2097152,4194304,4194304,4194304,8388608,186,2097152,4194304,4194304,4194304,4194304,18,65536,131072,2097152,4194304,4194304,833,0,0,0,0,0,0,0,0,0,0,0,0,128,256,256,512,512,1050,65536,4194304,4194304,4194304,8388608,1050,0,0,0,0,0,0,256,256,512,512,512,1050,64159,0,41576,22406,48549,0,41,21,0
3.65135E+13,2285,2048,8192,16384,15998,512,4096,4096,2288,4096,8192,16384,1881,4096,16384,16384,465,8192,8192,8192,30,2048,8192,8192,461,512,4096,8192,1872,1024,4096,8192,329,4096,4096,4096,3,512,65536,262144,23526,1048576,1048576,1048576,41,524288,524288,524288,41,524288,524288,524288,41,512,1024,2048,41,64,32768,32768,41,128,512,1024,2991,128,512,1024,2991,128,512,4096,143982,128,512,1024,16929,64,256,512,2582,128,512,1024,3663,256,1024,1024,1074,256,512,1024,1164,64,512,1024,19899,64,256,512,2547,64,256,1024,510,64,256,512,216,128,512,2048,270,256,512,1024,27,1024,2048,2048,26,1024,1024,2048,27,64,64,64,53,64,128,128,20,64,128,128,20,12.77,7.39,5.38,27,30,40,461,48,2346,0,0,0,0,0,0,0,2097152,4194304,4194304,4194304,4194304,9,2097152,2097152,2097152,2097152,2097152,9,2097152,4194304,4194304,4194304,8388608,193,2097152,2097152,4194304,4194304,4194304,28,65536,131072,2097152,2097152,2097152,1061,0,0,0,0,0,0,0,0,0,0,0,0,128,256,256,512,1024,1300,65536,2097152,4194304,4194304,8388608,1300,0,0,0,0,0,0,256,256,512,512,512,1300,65811,0,39492,23197,49132,0,41,20,0
3.65145E+13,2288,2048,8192,16384,15539,512,4096,8192,2285,4096,8192,16384,1853,4096,8192,16384,432,8192,8192,8192,21,2048,4096,8192,500,512,4096,8192,1887,1024,4096,8192,286,0,0,0,1,64,65536,131072,23011,1048576,1048576,1048576,42,524288,524288,524288,42,524288,524288,524288,42,512,1024,1024,42,64,2048,32768,42,128,512,1024,3259,128,512,1024,3232,128,512,4096,139851,64,512,1024,16677,64,256,512,2446,128,512,1024,3645,256,1024,4096,1260,256,512,1024,1341,64,512,1024,22131,64,256,512,2682,64,256,512,405,64,256,512,207,128,512,4096,189,128,256,256,9,0,0,0,0,0,0,0,0,0,0,0,0,64,128,128,21,64,16384,16384,21,13.04,8.36,4.68,0,21,39,500,45,2285,0,262144,262144,262144,262144,262144,4,2097152,2097152,2097152,2097152,2097152,7,2097152,2097152,2097152,2097152,2097152,4,2097152,4194304,4194304,4194304,4194304,204,131072,2097152,4194304,4194304,4194304,23,65536,131072,2097152,2097152,4194304,1061,0,0,0,0,0,0,0,0,0,0,0,0,128,256,256,512,512,1303,65536,2097152,4194304,4194304,4194304,1303,256,256,256,256,256,4,128,256,512,512,1024,1299,67398,0,39901,22504,48695,307,42,21,0
3.65156E+13,2305,2048,8192,16384,16095,512,4096,8192,2294,4096,8192,16384,1877,4096,16384,16384,454,8192,8192,8192,21,2048,8192,8192,486,512,4096,4096,1880,1024,4096,8192,305,0,0,0,1,512,65536,262144,23618,1048576,1048576,1048576,41,524288,524288,1048576,41,524288,524288,524288,41,1024,1024,1024,41,64,65536,65536,42,64,512,1024,3244,128,512,1024,3091,128,512,4096,144855,128,512,1024,16893,64,512,512,2687,128,512,1024,3600,256,1024,1024,1197,256,512,1024,1215,128,512,1024,21681,64,512,512,2511,64,256,512,474,64,256,512,252,128,512,1024,189,256,256,256,9,0,0,0,0,0,0,0,0,0,0,0,0,64,128,128,21,128,65536,65536,21,17.01,8.88,8.13,0,21,37,486,53,2331,0,262144,262144,262144,262144,524288,17,2097152,2097152,2097152,2097152,4194304,15,2097152,2097152,2097152,2097152,2097152,3,2097152,4194304,4194304,4194304,8388608,198,131072,2097152,2097152,2097152,2097152,18,65536,131072,2097152,2097152,2097152,999,0,0,0,0,0,0,0,0,0,0,0,0,128,256,512,512,512,1250,65536,2097152,4194304,4194304,8388608,1250,256,256,256,256,256,17,256,256,512,512,1024,1233,69076,0,40010,23239,49481,0,41,21,0
3.65166E+13,2313,2048,8192,16384,15108,512,4096,4096,2302,4096,8192,16384,1802,4096,16384,16384,439,8192,16384,16384,16,2048,8192,8192,440,512,4096,8192,1799,1024,4096,8192,310,0,0,0,1,1024,65536,262144,22409,1048576,1048576,1048576,41,524288,524288,1048576,41,524288,524288,524288,41,1024,2048,2048,41,64,16384,65536,40,128,512,1024,2963,128,512,2048,2891,128,512,4096,135972,128,512,1024,16218,64,512,512,2409,128,512,1024,3771,256,1024,2048,1188,256,512,1024,1134,128,512,1024,20466,64,512,1024,2790,64,512,512,516,64,512,512,153,128,512,4096,144,256,512,512,9,0,0,0,0,0,0,0,0,0,0,0,0,64,128,128,20,128,32768,32768,20,12.59,7.68,4.91,0,16,41,440,63,2241,0,262144,262144,262144,262144,262144,8,2097152,2097152,2097152,2097152,2097152,9,2097152,2097152,2097152,2097152,4194304,3,2097152,4194304,4194304,8388608,8388608,194,2097152,2097152,2097152,2097152,4194304,32,65536,131072,262144,4194304,4194304,857,0,0,0,0,0,0,0,0,0,0,0,0,128,256,256,512,1024,1103,65536,2097152,4194304,4194304,8388608,1103,256,256,256,256,256,8,256,256,512,1024,1024,1095,70774,0,41027,22126,49113,0,41,20,0
3.65176E+13,2325,2048,8192,16384,15921,512,4096,4096,2315,4096,8192,16384,1927,4096,16384,16384,475,8192,16384,16384,27,2048,8192,8192,478,512,4096,8192,1933,1024,4096,8192,335,0,0,0,0,512,65536,262144,23635,1048576,1048576,1048576,42,524288,524288,524288,42,524288,524288,524288,42,1024,2048,2048,42,64,32768,65536,42,64,512,4096,2996,128,512,1024,2888,128,512,4096,143289,128,512,1024,17343,64,256,512,2384,128,512,1024,4185,256,1024,1024,1377,256,512,4096,1341,128,512,1024,20529,64,512,512,2628,64,512,1024,504,64,256,512,216,128,512,4096,243,0,0,0,0,0,0,0,0,0,0,0,0,0,0,0,0,64,128,128,21,128,65536,65536,21,12.44,7.36,5.08,0,27,42,478,63,2402,0,262144,262144,262144,262144,262144,11,2097152,4194304,4194304,4194304,4194304,15,2097152,4194304,4194304,4194304,4194304,8,2097152,4194304,4194304,4194304,8388608,179,2097152,2097152,4194304,4194304,4194304,23,65536,131072,2097152,2097152,2097152,935,0,0,0,0,0,0,0,0,0,0,0,0,128,256,256,512,1024,1171,65536,2097152,4194304,4194304,8388608,1171,128,256,256,256,512,11,128,256,512,1024,1024,1160,72615,0,40733,23243,49185,0,42,21,0
3.65186E+13,2340,2048,8192,16384,15736,512,4096,8192,2342,4096,8192,16384,1820,4096,16384,16384,453,8192,8192,8192,28,2048,8192,8192,454,512,4096,8192,1867,1024,4096,8192,317,0,0,0,0,256,65536,262144,23189,1048576,1048576,1048576,41,524288,524288,1048576,41,524288,524288,524288,41,1024,1024,1024,41,64,256,32768,41,128,512,1024,3178,128,512,1024,3043,128,512,4096,141624,64,512,1024,16380,64,256,512,2332,64,512,1024,3798,256,1024,1024,1301,256,512,512,1301,64,512,1024,22095,64,512,512,2871,64,256,512,408,64,512,512,252,64,512,4096,252,0,0,0,0,0,0,0,0,0,0,0,0,0,0,0,0,64,128,128,21,128,65536,65536,21,13,7.25,5.75,0,28,34,454,61,2273,0,262144,262144,262144,262144,524288,15,2097152,2097152,2097152,2097152,2097152,8,2097152,2097152,2097152,2097152,4194304,4,2097152,4194304,4194304,4194304,4194304,206,131072,2097152,2097152,2097152,2097152,29,65536,131072,2097152,2097152,2097152,1061,0,0,0,0,0,0,0,0,0,0,0,0,128,256,256,256,512,1323,65536,2097152,4194304,4194304,4194304,1323,128,256,256,256,256,15,256,256,512,512,1024,1308,74142,0,40292,22867,49864,0,41,21,0
3.65197E+13,2281,2048,8192,16384,14994,512,4096,8192,2311,4096,8192,16384,1908,4096,16384,16384,495,8192,8192,8192,22,2048,4096,8192,524,512,4096,4096,1903,1024,4096,8192,322,0,0,0,1,256,65536,262144,22696,1048576,1048576,1048576,42,524288,524288,524288,42,524288,524288,524288,42,512,1024,1024,42,64,512,32768,42,64,512,1024,3370,64,512,1024,3901,128,512,4096,134946,64,512,1024,17172,64,256,512,2674,128,512,1024,4437,256,1024,4096,1205,256,512,4096,1142,64,512,4096,21285,64,512,512,3132,64,512,1024,507,128,512,512,189,128,512,1024,198,64,512,512,9,0,0,0,0,0,0,0,0,0,0,0,0,64,128,128,21,128,32768,65536,21,13.14,7.96,5.18,0,22,36,524,55,2403,70,262144,262144,262144,262144,262144,11,2097152,2097152,2097152,2097152,2097152,7,2097152,2097152,2097152,2097152,2097152,3,2097152,4194304,4194304,4194304,8388608,199,131072,2097152,2097152,2097152,8388608,20,65536,131072,2097152,4194304,4194304,996,0,0,0,0,0,0,0,0,0,0,0,0,128,256,256,512,512,1236,65536,2097152,4194304,4194304,8388608,1236,128,256,256,256,256,11,128,256,512,512,1024,1225,76016,0,39166,22294,49173,0,42,21,0
3.65207E+13,2288,2048,8192,16384,15680,512,4096,8192,2290,4096,8192,16384,1868,4096,8192,16384,462,8192,8192,16384,23,2048,8192,8192,463,512,4096,8192,1850,1024,4096,8192,337,0,0,0,1,128,65536,131072,23143,1048576,1048576,1048576,41,524288,524288,524288,41,524288,524288,524288,41,1024,1024,1024,41,128,32768,65536,41,64,512,4096,3083,128,512,1024,3020,128,512,4096,141120,64,512,1024,16812,64,256,512,2318,128,512,1024,3780,256,1024,1024,1206,256,512,512,1224,64,512,1024,22491,64,512,512,2763,64,512,512,614,64,256,512,207,128,512,4096,207,128,256,256,9,0,0,0,0,0,0,0,0,0,0,0,0,64,128,128,20,128,16384,16384,20,11.49,6.82,4.67,0,23,29,463,53,2330,0,262144,262144,262144,262144,524288,7,2097152,4194304,4194304,4194304,8388608,12,2097152,2097152,2097152,2097152,4194304,4,2097152,4194304,4194304,8388608,8388608,187,2097152,2097152,2097152,2097152,8388608,18,65536,131072,2097152,2097152,4194304,919,0,0,0,0,0,0,0,0,0,0,0,0,128,256,256,512,1024,1147,65536,2097152,4194304,8388608,8388608,1147,128,256,256,256,256,7,128,256,512,512,1024,1140,77767,0,41476,22793,49025,0,41,20,0
3.65217E+13,2288,2048,8192,16384,15751,512,4096,4096,2383,4096,8192,16384,1827,4096,8192,16384,490,8192,8192,8192,22,2048,8192,8192,466,512,4096,8192,1819,1024,4096,8192,302,0,0,0,0,256,65536,262144,23212,1048576,1048576,1048576,41,524288,524288,524288,41,524288,524288,524288,41,512,1024,1024,41,64,4096,16384,41,128,512,1024,3108,128,512,1024,3108,128,512,4096,141759,128,512,1024,16443,64,256,512,2662,128,512,1024,3942,256,1024,1024,1212,256,512,1024,1176,64,512,1024,21591,64,512,512,2547,64,512,512,555,64,256,512,171,128,512,1024,198,0,0,0,0,2048,2048,2048,16,1024,1024,1024,13,64,64,64,29,64,128,128,21,64,128,128,21,12.59,7.05,5.54,13,22,28,466,41,2317,0,0,0,0,0,0,0,2097152,2097152,2097152,2097152,2097152,8,2097152,2097152,2097152,2097152,2097152,4,2097152,4194304,4194304,4194304,4194304,194,2097152,2097152,4194304,4194304,4194304,22,65536,131072,2097152,4194304,4194304,932,0,0,0,0,0,0,0,0,0,0,0,0,128,256,256,512,512,1160,65536,2097152,4194304,4194304,4194304,1160,0,0,0,0,0,0,256,256,512,1024,1024,1160,79494,0,40155,22952,48261,0,41,21,0
3.65228E+13,2288,2048,8192,16384,15664,512,4096,8192,2446,4096,8192,16384,1894,4096,16384,16384,501,8192,8192,8192,29,2048,8192,8192,457,512,4096,8192,1880,1024,4096,8192,321,0,0,0,0,1024,65536,262144,23364,1048576,1048576,1048576,42,524288,524288,524288,42,524288,524288,524288,42,1024,1024,1024,42,64,512,65536,42,128,512,1024,3122,128,512,2048,3122,128,512,4096,140976,128,512,1024,17046,64,256,512,2628,128,512,1024,3960,256,1024,4096,1302,256,512,1024,1239,128,512,1024,20502,128,512,512,2709,64,512,512,477,64,512,1024,261,128,512,4096,261,0,0,0,0,2048,2048,2048,33,1024,1024,2048,32,64,64,64,65,64,64,128,21,64,128,128,21,15.64,9.38,6.25,32,29,27,457,52,2395,0,0,0,0,0,0,0,2097152,2097152,2097152,2097152,4194304,19,0,0,0,0,2097152,1,2097152,4194304,4194304,4194304,4194304,193,2097152,2097152,2097152,2097152,4194304,30,65536,131072,2097152,2097152,2097152,888,0,0,0,0,0,0,0,0,0,0,0,0,128,256,256,512,512,1131,65536,2097152,4194304,4194304,4194304,1131,0,0,0,0,0,0,256,256,512,512,512,1131,81355,0,41211,23112,48734,0,42,21,0
3.65238E+13,2288,2048,8192,16384,15290,512,4096,4096,2424,4096,8192,16384,1838,4096,8192,16384,500,8192,8192,8192,25,2048,8192,8192,457,512,4096,8192,1835,1024,4096,8192,294,0,0,0,1,128,65536,262144,22809,1048576,1048576,1048576,41,524288,524288,524288,41,524288,524288,524288,41,512,1024,1024,41,64,16384,65536,41,128,512,1024,3150,128,512,1024,3150,128,512,4096,137610,64,512,1024,16542,64,256,512,2612,128,512,1024,3861,256,1024,2048,1371,256,512,1024,1353,64,512,1024,21213,64,256,512,2700,64,256,512,624,64,256,512,198,128,512,4096,225,128,256,256,9,1024,2048,2048,21,1024,1024,1024,25,64,64,128,46,64,128,128,20,64,128,128,20,15.84,7.98,7.86,25,25,32,457,60,2338,0,0,0,0,0,0,0,2097152,2097152,2097152,2097152,4194304,11,2097152,2097152,2097152,2097152,2097152,7,2097152,2097152,4194304,4194304,4194304,189,2097152,2097152,2097152,2097152,4194304,24,65536,131072,2097152,2097152,2097152,1070,0,0,0,0,0,0,0,0,0,0,0,0,128,256,256,512,32768,1301,65536,2097152,2097152,4194304,4194304,1301,0,0,0,0,0,0,256,256,512,512,512,1301,82991,0,41199,22567,49958,0,41,20,0
3.65249E+13,2288,2048,8192,16384,16056,512,4096,8192,2290,4096,8192,16384,1866,4096,16384,16384,463,8192,16384,16384,26,2048,8192,8192,507,512,4096,8192,1880,1024,4096,8192,303,2048,2048,2048,2,1024,65536,262144,23560,1048576,1048576,2097152,41,524288,524288,1048576,41,524288,524288,524288,41,512,1024,1024,41,64,16384,32768,41,128,512,4096,3144,128,512,4096,3144,128,512,2048,144513,128,512,1024,16794,64,256,512,2560,128,512,1024,3564,256,1024,4096,1311,256,512,2048,1266,128,512,1024,22104,128,512,512,2781,64,512,512,498,128,512,1024,225,128,512,1024,234,0,512,512,18,0,0,0,0,0,0,0,0,0,0,0,0,64,128,128,21,128,128,256,21,15.13,9.08,6.05,0,26,31,507,41,2329,0,0,0,0,0,0,0,2097152,8388608,8388608,8388608,8388608,12,2097152,2097152,2097152,2097152,4194304,2,2097152,4194304,4194304,4194304,4194304,194,2097152,4194304,4194304,4194304,4194304,20,65536,131072,2097152,2097152,2097152,926,0,0,0,0,0,0,0,0,0,0,0,0,128,256,512,512,512,1154,65536,2097152,4194304,4194304,8388608,1154,0,0,0,0,0,0,256,256,512,1024,2048,1154,84771,0,40263,23254,49366,0,41,21,0
3.65259E+13,2288,2048,8192,16384,15690,512,4096,8192,2289,4096,8192,16384,1826,4096,8192,16384,511,8192,8192,8192,26,2048,4096,8192,483,512,4096,8192,1842,1024,4096,8192,337,0,0,0,1,256,65536,262144,23176,1048576,1048576,1048576,42,524288,524288,524288,42,524288,524288,524288,42,512,512,1024,42,64,2048,32768,42,128,512,4096,2950,128,512,2048,2950,128,512,4096,141201,64,512,1024,16434,64,256,512,2841,128,512,1024,3798,256,1024,1024,1209,256,512,1024,1263,64,512,1024,21474,64,512,512,2970,64,256,512,642,64,512,512,207,128,512,1024,234,128,256,256,9,0,0,0,0,0,0,0,0,0,0,0,0,64,128,128,21,128,256,256,21,11.25,6.12,5.12,0,26,35,483,55,2337,0,0,0,0,0,0,0,2097152,2097152,2097152,2097152,2097152,12,0,0,0,0,2097152,1,2097152,4194304,4194304,8388608,16777216,188,131072,2097152,2097152,2097152,4194304,26,65536,131072,2097152,2097152,4194304,858,0,0,0,0,0,0,0,0,0,0,0,0,128,256,512,512,512,1085,65536,2097152,4194304,4194304,16777216,1085,0,0,0,0,0,0,256,256,512,1024,2048,1085,86622,0,39904,22835,48757,0,42,21,0
3.65269E+13,2288,2048,8192,16384,15418,512,4096,8192,2285,4096,8192,16384,1833,8192,16384,16384,460,8192,16384,16384,17,2048,8192,8192,458,512,4096,8192,1890,1024,4096,8192,317,2048,2048,2048,2,1024,65536,524288,22842,1048576,1048576,2097152,41,524288,1048576,1048576,41,524288,524288,1048576,41,512,1024,1024,41,64,32768,65536,42,128,1024,2048,2922,128,1024,2048,2922,128,512,4096,138762,128,512,1024,16497,64,512,1024,2798,128,512,1024,3447,512,1024,4096,1092,256,512,4096,1110,128,512,4096,20529,128,512,1024,2547,64,512,4096,531,64,512,512,198,128,512,4096,153,64,256,256,18,0,0,0,0,0,0,0,0,0,0,0,0,64,128,128,21,64,128,128,21,14.83,7.16,7.67,0,17,32,458,72,2293,0,0,0,0,0,0,0,2097152,2097152,2097152,2097152,4194304,9,2097152,2097152,2097152,2097152,2097152,5,2097152,4194304,4194304,4194304,4194304,189,131072,4194304,4194304,4194304,8388608,20,65536,131072,2097152,4194304,4194304,1000,0,0,0,0,0,0,0,0,0,0,0,0,128,256,512,512,1024,1223,65536,2097152,4194304,4194304,8388608,1223,0,0,0,0,0,0,256,256,512,1024,1024,1223,88271,0,41734,22520,49606,0,41,21,0
3.6528E+13,2288,2048,8192,16384,15124,512,4096,8192,2286,4096,8192,16384,1821,8192,16384,32768,480,8192,8192,16384,22,2048,8192,8192,475,512,4096,8192,1783,1024,4096,8192,317,2048,4096,4096,3,1024,65536,524288,22493,1048576,1048576,1048576,41,524288,524288,524288,41,524288,524288,1048576,41,1024,1024,1024,41,64,65536,65536,40,128,512,4096,2887,128,512,1024,2887,128,512,4096,136116,128,512,1024,16389,64,512,1024,2498,128,512,1024,3582,512,1024,2048,1242,256,512,1024,1251,128,512,1024,20628,128,512,1024,2736,64,512,1024,528,64,512,512,216,128,512,2048,198,256,256,512,27,0,0,0,0,0,0,0,0,0,0,0,0,64,128,128,20,64,128,128,20,12.88,7.01,5.86,0,22,33,475,52,2301,0,0,0,0,0,0,0,2097152,2097152,2097152,2097152,4194304,16,2097152,2097152,2097152,2097152,2097152,5,2097152,4194304,4194304,8388608,8388608,179,2097152,2097152,4194304,4194304,4194304,24,65536,131072,2097152,4194304,4194304,831,0,0,0,0,0,0,0,0,0,0,0,0,128,256,512,512,2048,1055,65536,2097152,4194304,4194304,8388608,1055,0,0,0,0,0,0,256,256,512,512,1024,1055,90099,0,40329,22199,48320,0,41,20,0
3.6529E+13,2288,2048,8192,16384,15410,512,4096,4096,2287,4096,8192,16384,1894,4096,8192,16384,444,8192,8192,8192,15,2048,4096,8192,466,512,4096,8192,1839,1024,4096,4096,311,2048,2048,2048,2,128,65536,262144,22856,1048576,1048576,1048576,42,524288,524288,524288,42,524288,524288,524288,42,512,1024,1024,42,64,16384,65536,42,128,512,1024,2789,128,512,1024,2789,128,512,4096,138690,64,512,1024,17046,64,256,512,2404,128,512,1024,3582,256,1024,4096,1224,256,512,4096,1125,64,512,1024,22923,64,256,512,2925,64,256,1024,606,64,512,512,135,128,512,1024,135,128,256,256,18,0,0,0,0,0,0,0,0,0,0,0,0,64,128,128,21,128,128,128,21,15.03,8.14,6.89,0,15,25,466,59,2338,0,0,0,0,0,0,0,2097152,4194304,4194304,4194304,4194304,6,2097152,2097152,2097152,2097152,2097152,3,2097152,4194304,4194304,4194304,8388608,195,131072,2097152,2097152,2097152,4194304,17,65536,131072,262144,2097152,16777216,849,0,0,0,0,0,0,0,0,0,0,0,0,128,256,512,512,512,1070,65536,2097152,4194304,4194304,16777216,1070,0,0,0,0,0,0,256,256,512,512,512,1070,91932,0,40582,22542,49115,0,42,21,0
3.653E+13,2220,2048,8192,16384,15357,512,4096,8192,2324,4096,8192,16384,1813,4096,16384,16384,423,8192,8192,8192,25,2048,4096,8192,462,512,4096,8192,1794,1024,4096,8192,303,2048,2048,2048,2,1024,65536,262144,22723,1048576,1048576,1048576,41,524288,524288,524288,41,524288,524288,524288,41,512,1024,1024,41,64,65536,65536,41,128,512,1024,3055,64,512,1024,3667,128,512,4096,138213,64,512,1024,16317,64,256,512,2468,128,512,1024,3591,256,1024,1024,1170,256,512,1024,1251,64,512,4096,20907,64,512,512,2871,64,256,512,687,64,256,512,189,128,512,1024,225,256,512,512,18,0,0,0,0,0,0,0,0,0,0,0,0,128,256,256,20,128,128,128,20,13.26,7.58,5.68,0,25,33,462,57,2236,68,0,0,0,0,0,0,2097152,2097152,2097152,2097152,2097152,20,2097152,2097152,2097152,2097152,2097152,7,2097152,4194304,4194304,4194304,4194304,183,65536,2097152,2097152,2097152,2097152,23,65536,131072,2097152,4194304,4194304,986,0,0,0,0,0,0,0,0,0,0,0,0,128,256,512,512,512,1219,65536,2097152,4194304,4194304,4194304,1219,0,0,0,0,0,0,256,256,512,1024,1024,1219,93594,0,40783,22485,48228,0,41,20,0
3.65311E+13,2220,2048,8192,16384,15346,512,4096,8192,2440,4096,8192,16384,1842,4096,16384,32768,449,8192,8192,8192,28,2048,8192,8192,476,512,4096,4096,1861,1024,4096,4096,275,0,0,0,1,128,65536,262144,22927,1048576,1048576,1048576,41,524288,524288,524288,41,524288,524288,524288,41,512,1024,1024,41,128,16384,65536,41,128,512,1024,3040,128,512,1024,3040,128,512,4096,138114,64,512,1024,16578,64,256,512,2512,128,512,1024,3474,256,1024,1024,1110,256,512,1024,1191,64,512,2048,21600,64,512,512,2619,64,512,4096,702,64,256,512,243,128,512,512,252,0,256,256,9,0,0,0,0,0,0,0,0,0,0,0,0,64,128,128,21,64,128,256,21,14.33,8.04,6.28,0,28,28,476,58,2291,0,0,0,0,0,0,0,2097152,2097152,2097152,2097152,2097152,6,2097152,2097152,2097152,2097152,2097152,5,2097152,4194304,8388608,8388608,16777216,194,131072,2097152,2097152,2097152,4194304,23,65536,131072,2097152,2097152,4194304,927,0,0,0,0,0,0,0,0,0,0,0,0,128,256,256,512,512,1155,65536,2097152,4194304,8388608,16777216,1155,0,0,0,0,0,0,256,256,512,512,1024,1155,95320,0,41655,22661,49308,0,41,21,0
3.65321E+13,2220,2048,8192,16384,14916,512,4096,4096,2223,4096,8192,16384,1747,8192,16384,16384,436,8192,8192,8192,30,2048,8192,8192,437,512,4096,8192,1759,1024,4096,8192,318,0,0,0,0,128,65536,262144,22109,1048576,1048576,1048576,42,524288,524288,524288,42,524288,524288,524288,42,512,1024,1024,42,64,32768,65536,42,128,512,2048,3074,128,512,1024,3074,128,512,4096,134244,64,512,1024,15723,64,256,512,2354,128,512,1024,3798,256,1024,1024,1287,256,512,1024,1323,64,512,1024,21204,64,512,512,2862,64,512,4096,513,128,512,512,279,128,512,4096,270,0,0,0,0,1024,2048,2048,31,1024,2048,2048,27,64,64,64,58,64,128,128,21,64,128,128,21,12.27,7.26,5.01,27,30,16,437,57,2183,0,0,0,0,0,0,0,2097152,16777216,16777216,16777216,16777216,18,0,0,0,0,0,0,2097152,4194304,4194304,4194304,8388608,190,131072,2097152,2097152,2097152,2097152,23,65536,131072,2097152,2097152,4194304,861,0,0,0,0,0,0,0,0,0,0,0,0,128,256,256,512,512,1092,65536,2097152,4194304,8388608,16777216,1092,0,0,0,0,0,0,256,256,512,512,512,1092,96978,0,41009,21892,48689,0,42,21,0
3.65331E+13,2220,2048,8192,16384,15685,512,4096,4096,2219,4096,8192,16384,1852,4096,16384,16384,432,8192,8192,16384,26,2048,8192,8192,459,512,4096,4096,1850,1024,4096,8192,315,4096,4096,4096,5,64,65536,262144,23023,1048576,1048576,1048576,41,524288,524288,524288,41,524288,524288,524288,41,256,1024,1024,41,64,2048,65536,41,64,512,4096,2521,128,512,1024,2521,128,512,4096,141165,64,512,1024,16668,64,256,512,2378,128,512,4096,3636,256,1024,2048,1191,256,512,512,1227,64,512,2048,20556,64,512,1024,2466,64,256,512,522,64,512,512,198,128,512,512,234,128,512,512,45,1024,2048,2048,37,1024,1024,2048,39,64,64,64,76,64,128,128,20,64,128,128,20,15.47,7.8,7.67,39,26,25,459,55,2284,0,0,0,0,0,0,0,2097152,2097152,2097152,2097152,2097152,9,2097152,2097152,2097152,2097152,2097152,2,2097152,4194304,4194304,8388608,8388608,198,131072,2097152,2097152,2097152,2097152,12,65536,131072,2097152,2097152,4194304,1031,0,0,0,0,0,0,0,0,0,0,0,0,128,256,512,512,32768,1252,65536,2097152,4194304,4194304,8388608,1252,0,0,0,0,0,0,128,256,512,512,1024,1252,98614,0,42574,22866,49824,0,41,20,0
3.65342E+13,2220,2048,8192,16384,15061,512,4096,8192,2222,4096,8192,16384,1774,4096,8192,16384,458,8192,8192,8192,12,2048,8192,8192,454,512,4096,8192,1765,1024,4096,8192,323,0,0,0,1,512,65536,262144,22254,1048576,1048576,1048576,41,524288,524288,1048576,41,524288,524288,524288,41,256,1024,1024,41,64,2048,32768,41,64,512,1024,2914,128,512,1024,2914,128,512,4096,135549,128,512,1024,15966,64,256,512,2383,128,512,1024,4041,256,1024,2048,1332,256,512,1024,1197,64,512,1024,20196,64,512,512,2637,64,512,4096,633,64,256,512,153,128,512,512,108,256,1024,1024,9,0,0,0,0,1024,1024,1024,2,64,64,64,2,64,128,128,21,128,128,128,21,12.05,7.61,4.44,2,12,20,454,55,2232,0,0,0,0,0,0,0,2097152,8388608,8388608,8388608,8388608,13,2097152,2097152,2097152,2097152,4194304,6,2097152,4194304,4194304,4194304,8388608,180,2097152,4194304,4194304,4194304,4194304,20,65536,131072,2097152,2097152,4194304,944,0,0,0,0,0,0,0,0,0,0,0,0,128,256,256,512,512,1163,65536,2097152,4194304,8388608,8388608,1163,0,0,0,0,0,0,256,256,512,512,2048,1163,100226,0,40364,21972,49029,0,41,21,0
3.65352E+13,2220,2048,8192,16384,15354,512,4096,4096,2220,4096,8192,16384,1819,4096,16384,16384,436,8192,8192,16384,23,2048,4096,8192,468,512,4096,8192,1800,1024,4096,8192,303,0,0,0,0,1024,65536,524288,22612,1048576,1048576,1048576,42,524288,524288,524288,42,524288,524288,524288,42,512,1024,1024,42,64,16384,32768,42,64,512,4096,3198,128,512,1024,3198,128,512,4096,138186,64,512,1024,16371,64,256,512,2349,128,512,1024,3852,256,1024,2048,1224,256,512,1024,1251,64,512,1024,21204,64,512,512,2763,64,512,4096,582,64,256,256,216,128,512,1024,207,0,0,0,0,0,0,0,0,0,0,0,0,0,0,0,0,64,128,128,21,64,128,128,21,15.22,9.85,5.36,0,23,22,468,67,2255,0,0,0,0,0,0,0,2097152,2097152,2097152,2097152,2097152,5,2097152,2097152,2097152,2097152,2097152,2,2097152,2097152,4194304,4194304,8388608,162,131072,2097152,2097152,2097152,2097152,15,65536,131072,131072,2097152,2097152,760,2097152,2097152,2097152,2097152,4194304,64,0,0,0,0,0,0,128,256,256,512,4096,1008,65536,2097152,2097152,4194304,8388608,1008,0,0,0,0,0,0,256,256,512,1024,8192,1008,102053,0,39571,22287,48684,234,42,21,0
3.65362E+13,2220,2048,8192,16384,15569,512,4096,8192,2219,4096,8192,16384,1786,4096,16384,16384,468,8192,16384,16384,22,2048,8192,8192,474,512,4096,8192,1807,1024,4096,8192,306,0,0,0,0,512,65536,262144,22823,1048576,1048576,1048576,41,524288,524288,524288,41,524288,524288,524288,41,512,1024,1024,41,64,256,131072,41,128,512,1024,2752,128,512,1024,2752,128,512,4096,140121,64,512,1024,16074,64,256,512,2342,128,512,1024,3960,256,1024,4096,1305,256,512,4096,1341,64,512,1024,21132,64,512,512,2547,64,512,1024,414,64,512,1024,189,128,512,4096,198,0,0,0,0,0,0,0,0,0,0,0,0,0,0,0,0,64,128,128,20,128,128,128,20,13.74,7.12,6.62,0,22,23,474,56,2254,0,0,0,0,0,0,0,2097152,2097152,2097152,2097152,4194304,9,0,0,0,0,0,0,2097152,4194304,4194304,4194304,16777216,190,131072,4194304,4194304,4194304,8388608,22,65536,131072,2097152,4194304,4194304,844,2097152,2097152,2097152,2097152,4194304,8,0,0,0,0,0,0,128,256,256,512,1024,1073,65536,2097152,4194304,4194304,16777216,1073,0,0,0,0,0,0,256,256,512,1024,4096,1073,103809,0,40260,22405,48369,255,41,20,0
3.65373E+13,2220,2048,8192,16384,15135,512,4096,4096,2220,4096,8192,16384,1821,4096,16384,16384,487,8192,8192,16384,26,2048,4096,8192,446,512,4096,8192,1835,1024,4096,8192,310,0,0,0,1,256,65536,262144,22462,1048576,1048576,1048576,42,524288,524288,524288,42,524288,524288,524288,42,512,1024,1024,42,64,2048,2048,42,64,512,1024,3097,64,512,4096,3097,128,512,4096,136215,64,512,1024,16389,64,256,512,2633,64,512,1024,4023,256,1024,1024,1252,256,512,1024,1279,64,512,2048,20421,64,512,1024,2736,64,256,1024,510,64,256,512,234,128,512,4096,234,64,256,256,9,0,0,0,0,0,0,0,0,0,0,0,0,64,128,128,21,128,128,128,21,13.71,6.79,6.92,0,26,31,446,65,2308,0,0,0,0,0,0,0,2097152,2097152,2097152,2097152,4194304,5,0,0,0,0,2097152,1,2097152,4194304,4194304,8388608,8388608,201,65536,2097152,2097152,2097152,4194304,21,65536,131072,262144,2097152,4194304,965,0,0,0,0,0,0,0,0,0,0,0,0,128,256,256,512,512,1193,65536,2097152,4194304,8388608,8388608,1193,0,0,0,0,0,0,256,256,512,512,1024,1193,105492,0,40651,22171,48793,0,42,21,0
3.65383E+13,2220,2048,8192,16384,15070,512,4096,4096,2220,4096,8192,16384,1814,4096,8192,16384,478,8192,16384,16384,21,2048,8192,8192,463,512,4096,8192,1808,1024,4096,8192,263,0,0,0,1,512,65536,262144,22270,1048576,1048576,1048576,41,524288,524288,524288,41,524288,524288,524288,41,512,1024,1024,41,64,2048,32768,41,64,512,1024,3154,64,512,1024,3154,128,512,4096,135630,64,512,1024,16326,64,256,512,2518,64,512,1024,3690,256,1024,2048,1203,256,512,1024,1113,64,512,1024,20853,64,256,512,2511,64,256,2048,423,64,256,1024,162,128,512,4096,189,128,256,256,9,0,0,0,0,0,0,0,0,0,0,0,0,64,128,128,21,128,128,128,21,11.49,6.74,4.74,0,21,36,463,50,2292,0,0,0,0,0,0,0,2097152,2097152,2097152,2097152,2097152,4,2097152,2097152,2097152,2097152,2097152,5,2097152,4194304,4194304,4194304,8388608,209,131072,2097152,2097152,2097152,4194304,24,65536,131072,2097152,2097152,2097152,1048,0,0,0,0,0,0,0,0,0,0,0,0,128,256,256,512,512,1290,65536,2097152,4194304,4194304,8388608,1290,0,0,0,0,0,0,256,256,512,512,1024,1290,107064,0,40602,21930,48447,0,41,21,0
3.65393E+13,2154,2048,8192,16384,14753,512,4096,8192,2219,4096,8192,16384,1777,4096,16384,16384,481,8192,16384,16384,17,2048,4096,8192,450,512,4096,4096,1749,1024,2048,8192,309,0,0,0,0,128,65536,131072,21898,1048576,1048576,1048576,42,524288,524288,524288,42,524288,524288,524288,42,512,1024,1024,42,128,32768,65536,42,128,512,1024,2638,64,512,1024,3232,128,512,4096,132786,64,512,1024,15993,64,256,512,2558,128,512,1024,3744,256,1024,1024,1225,256,512,1024,1279,64,512,4096,21150,64,512,512,2601,64,256,1024,423,64,512,512,171,128,512,4096,153,0,0,0,0,0,0,0,0,0,0,0,0,0,0,0,0,64,128,128,21,128,256,256,21,13.98,7.63,6.35,0,17,27,450,55,2258,66,0,0,0,0,0,0,2097152,2097152,2097152,2097152,4194304,5,2097152,2097152,2097152,2097152,2097152,2,2097152,4194304,4194304,4194304,4194304,211,262144,2097152,2097152,2097152,2097152,27,65536,131072,2097152,2097152,2097152,980,0,0,0,0,0,0,0,0,0,0,0,0,128,256,512,512,512,1225,65536,2097152,4194304,4194304,4194304,1225,0,0,0,0,0,0,256,256,512,1024,1024,1225,108712,0,41061,21665,48263,0,42,21,0
3.65404E+13,2155,2048,8192,16384,14975,512,4096,4096,2157,4096,8192,16384,1758,4096,16384,16384,480,8192,16384,16384,18,2048,8192,8192,442,512,4096,8192,1741,1024,4096,8192,321,0,0,0,1,256,65536,131072,22018,1048576,1048576,1048576,41,524288,524288,524288,41,524288,524288,524288,41,512,1024,1024,41,64,32768,65536,41,128,512,1024,3001,128,512,1024,2992,128,512,4096,134766,64,512,2048,15822,64,256,512,2624,128,512,4096,3447,256,1024,2048,1247,256,512,1024,1220,64,512,2048,18972,64,256,512,2403,64,512,1024,576,64,512,1024,243,128,512,4096,162,0,256,256,9,0,0,0,0,0,0,0,0,0,0,0,0,64,128,128,20,64,256,256,20,13.7,7.79,5.91,0,18,23,442,51,2238,0,0,0,0,0,262144,1,2097152,2097152,2097152,2097152,2097152,14,2097152,2097152,2097152,2097152,2097152,4,2097152,4194304,4194304,8388608,8388608,194,131072,4194304,4194304,4194304,4194304,20,65536,131072,2097152,2097152,4194304,1037,0,0,0,0,0,0,0,0,0,0,0,0,128,256,256,512,1024,1270,65536,2097152,4194304,4194304,8388608,1270,0,0,0,0,256,1,256,256,512,512,1024,1269,110214,0,42145,21790,49287,0,41,20,0
3.65414E+13,2171,2048,8192,16384,15195,512,4096,4096,2161,4096,8192,16384,1803,4096,16384,32768,463,8192,8192,8192,24,2048,8192,8192,459,512,4096,8192,1782,1024,4096,8192,302,0,0,0,0,64,65536,262144,22385,1048576,1048576,1048576,41,524288,524288,524288,41,524288,524288,524288,41,512,1024,1024,41,64,8192,32768,41,64,512,4096,2727,128,512,1024,2583,128,512,4096,136755,64,512,1024,16227,64,256,512,2664,64,512,1024,3474,256,1024,4096,1268,256,512,1024,1223,64,512,1024,19359,64,512,512,2394,64,256,4096,567,64,512,4096,135,128,512,4096,216,0,0,0,0,1024,1024,1024,2,0,0,0,0,64,64,64,2,64,128,128,21,128,65536,65536,21,12.99,7.24,5.74,0,24,19,459,49,2266,0,262144,524288,524288,524288,524288,16,2097152,2097152,2097152,2097152,4194304,8,2097152,2097152,2097152,2097152,2097152,2,2097152,4194304,4194304,4194304,8388608,196,131072,2097152,2097152,2097152,2097152,11,65536,131072,2097152,2097152,4194304,905,0,0,0,0,0,0,0,0,0,0,0,0,128,256,256,512,512,1138,65536,2097152,4194304,4194304,8388608,1138,256,256,256,256,256,16,256,256,512,512,512,1122,111893,0,41184,22165,49135,0,41,21,0
3.65424E+13,2185,2048,8192,16384,14613,512,4096,8192,2174,4096,8192,16384,1745,8192,8192,16384,462,8192,8192,16384,21,2048,8192,8192,438,512,4096,8192,1778,1024,4096,8192,320,0,0,0,0,1024,65536,262144,21710,1048576,1048576,1048576,42,524288,524288,1048576,42,524288,524288,524288,42,512,512,1024,42,64,65536,131072,42,64,512,4096,3171,128,512,4096,3045,128,512,4096,131517,64,512,1024,15705,64,512,512,2542,128,512,4096,3375,256,1024,2048,1299,256,512,1024,1182,128,512,1024,20808,64,512,512,2358,64,512,512,675,64,256,512,189,128,512,4096,189,0,0,0,0,1024,2048,2048,42,1024,1024,1024,43,64,64,128,85,64,128,128,21,256,32768,65536,21,14.16,8.21,5.94,43,21,18,438,51,2207,0,262144,262144,262144,262144,524288,14,2097152,2097152,2097152,2097152,4194304,8,0,0,0,0,0,0,2097152,4194304,4194304,8388608,8388608,202,131072,2097152,2097152,2097152,4194304,26,65536,131072,2097152,4194304,8388608,978,0,0,0,0,0,0,0,0,0,0,0,0,128,256,512,512,262144,1228,65536,2097152,4194304,8388608,8388608,1228,256,256,256,256,256,14,256,256,512,512,1024,1214,113443,0,41426,21594,48171,0,42,21,0
3.65435E+13,2198,2048,8192,16384,15179,512,4096,8192,2399,4096,8192,16384,1749,4096,16384,16384,453,8192,8192,8192,17,2048,8192,8192,438,512,4096,8192,1774,1024,8192,8192,287,4096,4096,4096,4,512,65536,262144,22456,1048576,1048576,1048576,41,524288,524288,524288,41,524288,524288,524288,41,512,1024,1024,41,64,16384,65536,41,64,512,4096,3067,128,512,1024,2950,128,512,4096,136611,64,512,1024,15741,64,256,512,2789,128,512,1024,3384,256,1024,4096,1242,256,512,1024,1242,64,512,2048,19845,64,512,512,2736,64,512,4096,597,64,512,1024,162,128,512,4096,153,256,512,1024,36,1024,2048,2048,22,1024,2048,2048,23,64,64,128,45,64,128,128,20,16384,32768,32768,20,13.05,7.86,5.2,23,17,25,438,62,2202,0,262144,262144,262144,262144,524288,13,2097152,4194304,4194304,4194304,4194304,9,2097152,2097152,2097152,2097152,4194304,4,2097152,4194304,4194304,4194304,4194304,197,65536,2097152,2097152,2097152,4194304,25,65536,131072,2097152,2097152,2097152,1020,0,0,0,0,0,0,0,0,0,0,0,0,128,256,256,512,512,1268,65536,2097152,4194304,4194304,4194304,1268,128,256,256,256,256,13,256,256,512,512,1024,1255,114942,0,40362,22241,48904,0,41,20,0
3.65445E+13,2209,2048,8192,16384,14990,512,4096,8192,2444,4096,8192,16384,1775,4096,16384,16384,409,8192,8192,16384,24,2048,8192,16384,458,512,4096,8192,1761,1024,4096,16384,295,0,0,0,1,512,65536,262144,22365,1048576,1048576,1048576,41,524288,524288,524288,41,524288,524288,524288,41,512,1024,1024,41,64,2048,65536,42,128,512,1024,3084,128,512,1024,2985,128,512,4096,134910,128,512,1024,15975,64,256,512,2334,128,512,1024,3240,256,1024,2048,1253,256,512,1024,1217,64,512,1024,21006,64,512,512,2376,64,256,512,669,128,512,4096,225,128,512,4096,216,64,256,256,9,0,0,0,0,0,0,0,0,0,0,0,0,64,128,128,21,128,32768,32768,21,14.7,9.1,5.61,0,24,10,458,45,2184,0,262144,262144,262144,262144,262144,12,2097152,2097152,2097152,2097152,4194304,4,2097152,2097152,2097152,2097152,2097152,2,2097152,4194304,8388608,8388608,8388608,180,131072,8388608,8388608,8388608,8388608,19,65536,131072,262144,4194304,8388608,891,0,0,0,0,0,0,0,0,0,0,0,0,128,256,256,512,512,1108,65536,4194304,4194304,8388608,8388608,1108,128,256,256,256,256,12,256,256,512,1024,1024,1096,116555,0,39333,22065,48009,0,41,21,0
3.65455E+13,2220,2048,8192,16384,14378,512,4096,8192,2302,4096,8192,16384,1740,4096,8192,16384,428,8192,16384,16384,29,2048,8192,8192,444,512,4096,8192,1689,1024,4096,8192,277,0,0,0,0,256,65536,262144,21505,1048576,1048576,1048576,42,524288,524288,524288,42,524288,524288,524288,42,512,1024,1024,42,64,8192,32768,41,128,512,4096,2870,128,512,4096,2771,128,512,4096,129402,64,512,1024,15660,64,256,512,2383,128,512,1024,3501,256,1024,4096,1329,256,512,1024,1365,64,512,4096,20412,64,512,1024,2583,64,256,512,516,64,256,1024,216,128,512,4096,261,0,0,0,0,0,0,0,0,0,0,0,0,0,0,0,0,64,128,256,21,128,16384,16384,21,13.21,7.67,5.53,0,29,9,444,62,2168,0,262144,524288,524288,524288,524288,10,2097152,2097152,2097152,2097152,4194304,7,0,0,0,0,4194304,1,2097152,4194304,4194304,4194304,4194304,201,65536,4194304,4194304,4194304,4194304,13,65536,131072,2097152,4194304,8388608,918,0,0,0,0,0,0,0,0,0,0,0,0,128,256,256,512,1024,1150,65536,2097152,4194304,4194304,8388608,1150,256,256,256,256,512,10,256,256,512,512,8192,1140,118117,0,40192,21198,48353,0,42,21,0
3.65466E+13,2226,2048,16384,32768,9167,512,4096,8192,1680,4096,8192,8192,1693,4096,8192,16384,434,4096,8192,8192,8,2048,4096,16384,452,512,1024,4096,1726,1024,2048,8192,284,0,0,0,0,512,65536,524288,15630,1048576,2097152,2097152,41,524288,524288,1048576,41,524288,1048576,1048576,41,512,1024,1024,41,64,128,128,41,128,4096,8192,3134,128,4096,8192,3080,64,512,8192,82503,64,256,512,15237,64,256,512,2275,64,256,512,3618,512,4096,8192,1220,256,4096,8192,1220,128,4096,8192,15858,64,512,8192,3348,64,4096,8192,690,64,256,256,189,64,256,256,72,0,0,0,0,0,0,0,0,0,0,0,0,0,0,0,0,64,512,512,20,64,32768,32768,20,11.66,6.34,5.32,0,8,12,452,59,2127,0,262144,262144,262144,262144,524288,6,2097152,2097152,2097152,2097152,2097152,7,2097152,2097152,2097152,2097152,4194304,3,2097152,2097152,4194304,4194304,8388608,202,131072,4194304,4194304,4194304,4194304,20,65536,131072,2097152,2097152,4194304,1031,0,0,0,0,0,0,0,0,0,0,0,0,128,256,256,512,512,1269,65536,2097152,4194304,4194304,8388608,1269,128,256,256,256,256,6,256,256,512,512,1024,1263,119506,0,34763,13927,41736,0,41,20,0
3.65476E+13,2226,2048,8192,16384,15128,512,4096,8192,2220,4096,8192,16384,1666,4096,16384,16384,456,8192,16384,16384,30,2048,4096,8192,457,512,4096,8192,1700,1024,4096,8192,334,2048,2048,2048,3,128,65536,262144,22251,1048576,1048576,1048576,41,524288,524288,524288,41,524288,524288,524288,41,512,1024,1024,41,64,4096,65536,41,128,512,4096,2920,128,512,4096,2920,128,512,4096,136152,64,512,1024,14994,64,256,512,2444,128,512,1024,3987,256,1024,4096,1188,256,512,4096,1197,64,512,4096,18216,64,256,1024,1935,64,512,8192,486,64,512,512,234,128,512,4096,270,64,256,256,27,0,0,0,0,0,0,0,0,0,0,0,0,64,128,128,21,64,128,128,21,13.27,7.46,5.81,0,30,9,457,73,2122,0,0,0,0,0,0,0,2097152,2097152,2097152,2097152,4194304,8,2097152,2097152,2097152,2097152,2097152,2,2097152,4194304,4194304,4194304,4194304,209,2097152,2097152,2097152,2097152,4194304,30,65536,131072,262144,2097152,2097152,1042,0,0,0,0,0,0,0,0,0,0,0,0,128,256,256,512,512,1291,65536,2097152,4194304,4194304,4194304,1291,0,0,0,0,0,0,256,256,512,512,2048,1291,120906,0,41032,21673,48359,0,41,21,0
3.65486E+13,2226,2048,8192,16384,14528,512,4096,8192,2225,4096,8192,16384,1847,4096,8192,16384,420,8192,16384,16384,18,2048,8192,16384,482,512,4096,8192,1834,1024,4096,8192,325,2048,8192,8192,7,256,65536,262144,21894,1048576,1048576,1048576,42,524288,524288,524288,42,524288,524288,524288,42,512,1024,1024,42,64,128,2048,42,128,512,4096,3024,128,512,1024,3024,128,512,4096,130752,64,512,2048,16623,64,256,512,2298,64,512,2048,3609,256,1024,2048,1313,256,512,1024,1241,64,512,4096,20529,64,512,512,3060,64,512,512,603,128,256,512,153,128,512,4096,162,128,512,4096,63,0,0,0,0,0,0,0,0,0,0,0,0,64,128,128,21,128,128,128,21,13.62,8.12,5.5,0,18,8,482,52,2267,0,0,0,0,0,0,0,2097152,4194304,4194304,4194304,8388608,9,2097152,2097152,2097152,2097152,2097152,2,2097152,4194304,4194304,4194304,4194304,207,131072,2097152,2097152,2097152,4194304,14,65536,131072,2097152,2097152,4194304,1045,0,0,0,0,0,0,0,0,0,0,0,0,128,256,256,512,512,1277,65536,2097152,4194304,4194304,8388608,1277,0,0,0,0,0,0,256,256,512,512,1024,1277,122456,0,40150,21451,48994,0,42,21,0
3.65497E+13,2160,2048,8192,16384,13092,512,4096,8192,2214,4096,8192,16384,1813,4096,16384,16384,417,8192,8192,8192,17,2048,8192,8192,433,512,4096,8192,1803,1024,4096,8192,301,0,0,0,1,512,65536,262144,20272,1048576,1048576,1048576,41,524288,524288,524288,41,524288,524288,524288,41,512,1024,1024,41,64,32768,65536,41,128,512,4096,3005,64,512,4096,3599,128,512,4096,117828,64,512,1024,16320,64,256,512,2168,64,512,1024,3672,256,1024,4096,1236,256,512,4096,1146,128,512,4096,20241,64,256,512,2970,64,256,4096,597,64,256,512,162,128,512,512,153,64,256,256,9,0,0,0,0,0,0,0,0,0,0,0,0,64,128,128,20,128,128,128,20,13.08,7.24,5.84,0,17,11,433,64,2231,66,0,0,0,0,0,0,2097152,4194304,4194304,4194304,4194304,10,0,0,0,0,2097152,1,2097152,4194304,4194304,4194304,8388608,195,2097152,4194304,4194304,4194304,8388608,19,65536,131072,2097152,2097152,4194304,884,0,0,0,0,0,0,0,0,0,0,0,0,128,256,256,512,1024,1109,65536,2097152,4194304,4194304,8388608,1109,0,0,0,0,0,0,256,256,512,512,512,1109,124169,0,39165,19916,46421,0,41,20,0
3.65507E+13,2160,2048,8192,16384,14715,512,4096,8192,2158,4096,8192,16384,1813,4096,8192,16384,491,8192,16384,16384,16,2048,4096,8192,462,512,4096,8192,1791,1024,4096,8192,315,0,0,0,1,64,65536,262144,21948,1048576,1048576,1048576,41,524288,524288,524288,41,524288,524288,524288,41,512,1024,1024,41,64,128,16384,41,128,512,1024,2765,128,512,1024,2765,128,512,4096,132435,64,512,1024,16314,64,256,512,2357,64,512,1024,4329,256,1024,2048,1292,256,512,4096,1274,64,512,4096,18414,64,256,512,2394,64,512,512,549,64,256,512,180,128,512,4096,144,64,256,256,9,0,0,0,0,0,0,0,0,0,0,0,0,64,128,128,21,128,256,256,21,13.95,7.54,6.41,0,16,13,462,52,2303,0,0,0,0,0,0,0,2097152,4194304,4194304,4194304,4194304,8,0,0,0,0,0,0,2097152,2097152,4194304,4194304,8388608,191,2097152,2097152,2097152,2097152,4194304,27,65536,131072,2097152,2097152,4194304,1037,0,0,0,0,0,0,0,0,0,0,0,0,128,256,256,512,16384,1263,65536,2097152,4194304,4194304,8388608,1263,0,0,0,0,0,0,128,256,512,512,1024,1263,125752,0,39399,21604,47753,0,41,21,0
3.65517E+13,2160,2048,8192,16384,14473,512,4096,8192,2397,4096,8192,16384,1716,4096,16384,16384,435,8192,8192,8192,25,2048,8192,8192,431,512,4096,8192,1711,1024,4096,8192,298,2048,2048,2048,2,64,65536,262144,21677,1048576,1048576,1048576,42,524288,524288,524288,42,524288,524288,524288,42,1024,1024,2048,42,64,32768,65536,42,128,512,1024,2724,128,512,2048,2724,128,512,4096,130257,64,512,1024,15444,64,256,512,2203,128,512,2048,3780,256,1024,2048,1412,256,512,1024,1331,64,512,2048,21771,64,512,1024,2466,64,512,512,539,64,512,1024,180,128,512,1024,225,64,512,512,18,1024,2048,2048,22,512,1024,2048,21,64,64,128,43,64,128,128,21,64,128,128,21,12.17,6.77,5.39,21,25,6,431,60,2151,0,0,0,0,0,0,0,2097152,2097152,2097152,2097152,2097152,13,0,0,0,0,0,0,2097152,4194304,4194304,4194304,4194304,216,131072,2097152,2097152,2097152,2097152,12,65536,131072,2097152,2097152,2097152,1000,0,0,0,0,0,0,0,0,0,0,0,0,128,256,256,512,1024,1241,65536,2097152,4194304,4194304,4194304,1241,0,0,0,0,0,0,256,256,512,1024,4096,1241,127205,0,41106,21480,48594,0,42,21,0
3.65528E+13,2160,2048,8192,16384,14799,512,4096,8192,2133,4096,8192,16384,1710,4096,16384,16384,464,8192,16384,16384,19,2048,8192,8192,463,512,4096,8192,1732,1024,4096,8192,257,0,0,0,1,256,65536,262144,21742,1048576,1048576,1048576,41,524288,524288,524288,41,524288,524288,524288,41,512,1024,1024,41,64,256,65536,41,128,512,1024,2750,128,512,2048,2750,128,512,4096,133191,64,512,1024,15390,64,256,512,2370,128,512,1024,3645,256,1024,2048,1224,256,512,4096,1269,64,512,2048,20241,64,512,1024,2475,64,256,512,516,64,256,512,162,128,512,4096,171,128,512,512,9,1024,2048,2048,43,1024,1024,1024,40,64,64,128,83,64,128,128,20,64,256,256,20,10.93,5.91,5.03,40,19,0,463,49,2174,0,0,0,0,0,0,0,2097152,2097152,2097152,2097152,8388608,11,0,0,0,0,0,0,2097152,4194304,4194304,8388608,8388608,203,131072,2097152,2097152,2097152,2097152,19,65536,131072,2097152,2097152,8388608,940,0,0,0,0,0,0,0,0,0,0,0,0,128,256,256,512,512,1173,65536,2097152,4194304,8388608,8388608,1173,0,0,0,0,0,0,128,256,512,512,512,1173,128777,0,41208,21595,48782,0,41,20,0
3.65538E+13,2160,2048,8192,16384,14822,512,4096,8192,2670,4096,8192,16384,1783,4096,16384,16384,466,8192,16384,16384,28,2048,4096,8192,442,512,4096,4096,1768,1024,4096,8192,283,0,0,0,0,64,65536,262144,22473,1048576,1048576,1048576,42,524288,524288,524288,42,524288,524288,524288,42,512,1024,2048,42,64,16384,16384,42,128,512,4096,2929,128,512,1024,2929,128,512,4096,133398,64,512,1024,16047,64,256,512,2228,128,512,1024,3717,256,1024,2048,1269,256,512,4096,1197,64,512,2048,20637,64,256,512,2610,64,256,512,504,64,256,512,198,128,512,4096,252,0,0,0,0,0,0,0,1,1024,1024,1024,5,64,64,64,6,64,128,128,21,128,128,128,21,12.56,7.1,5.45,5,28,1,442,57,2249,0,0,0,0,0,0,0,2097152,2097152,2097152,2097152,4194304,9,0,0,0,0,0,0,2097152,4194304,8388608,8388608,8388608,193,131072,4194304,4194304,4194304,4194304,17,65536,131072,131072,2097152,2097152,1000,0,0,0,0,0,0,0,0,0,0,0,0,128,256,256,512,1024,1219,65536,2097152,4194304,8388608,8388608,1219,0,0,0,0,0,0,256,256,256,512,512,1219,130340,0,41420,22166,48504,0,42,21,0
3.65548E+13,2160,2048,8192,16384,14923,512,4096,4096,2231,4096,8192,16384,1759,4096,16384,16384,493,8192,16384,16384,23,2048,8192,8192,457,512,4096,8192,1770,1024,4096,8192,295,0,0,0,1,128,65536,262144,22132,1048576,1048576,1048576,41,524288,524288,524288,41,524288,524288,524288,41,512,1024,2048,41,64,16384,65536,41,128,512,2048,3022,128,512,1024,3022,128,512,4096,134307,64,512,4096,15831,64,256,512,2468,128,512,1024,3915,256,1024,2048,1257,256,512,1024,1293,64,512,4096,19917,64,256,512,2439,64,256,512,438,64,256,512,243,128,512,4096,207,64,256,256,9,0,0,0,0,0,0,0,0,0,0,0,0,64,128,128,21,64,128,128,21,14.83,7.41,7.41,0,23,0,457,57,2252,0,0,0,0,0,0,0,2097152,2097152,2097152,2097152,2097152,8,0,0,0,0,0,0,2097152,4194304,4194304,4194304,16777216,206,131072,2097152,2097152,2097152,4194304,22,65536,131072,2097152,2097152,2097152,1095,0,0,0,0,0,0,0,0,0,0,0,0,128,256,256,512,512,1331,65536,2097152,4194304,4194304,16777216,1331,0,0,0,0,0,0,256,256,512,512,1024,1331,131798,0,41570,21843,49181,0,41,21,0
3.65559E+13,2160,2048,8192,16384,14795,512,4096,8192,2155,4096,8192,16384,1763,4096,16384,16384,472,8192,16384,16384,28,2048,8192,8192,429,512,4096,8192,1745,1024,4096,8192,337,0,0,0,1,512,65536,262144,21907,1048576,1048576,1048576,41,524288,524288,524288,41,524288,524288,524288,41,512,1024,2048,41,64,4096,16384,42,64,512,2048,2712,128,512,1024,2712,128,512,4096,133155,64,512,1024,15867,64,256,512,2488,128,512,1024,3681,256,1024,4096,1307,256,512,1024,1379,64,512,2048,20691,64,256,512,2376,64,256,512,435,64,256,512,207,128,512,4096,252,64,256,256,9,0,0,0,0,0,0,0,0,0,0,0,0,64,128,128,21,128,128,128,21,12.56,7.79,4.77,0,28,1,429,64,2235,0,0,0,0,0,0,0,2097152,2097152,2097152,2097152,2097152,5,0,0,0,0,2097152,1,2097152,2097152,4194304,4194304,4194304,207,2097152,2097152,2097152,2097152,4194304,19,65536,131072,2097152,2097152,4194304,973,0,0,0,0,0,0,0,0,0,0,0,0,128,256,256,512,512,1205,65536,2097152,2097152,4194304,4194304,1205,0,0,0,0,0,0,128,256,512,512,512,1205,133350,0,40742,21663,48526,4,41,21,0
3.65569E+13,2160,2048,8192,16384,12980,512,4096,8192,2156,4096,8192,16384,1701,4096,16384,16384,422,8192,16384,16384,16,2048,8192,8192,453,512,4096,8192,1690,1024,4096,8192,293,0,0,0,0,512,65536,524288,19916,1048576,1048576,1048576,42,524288,524288,524288,42,524288,524288,524288,42,512,1024,1024,42,64,256,32768,41,128,512,4096,2773,128,512,4096,2773,128,512,4096,116820,64,512,1024,15309,64,256,512,2397,128,512,1024,3456,256,1024,4096,1230,256,512,4096,1203,64,512,4096,18927,64,256,1024,2691,64,512,4096,594,64,512,1024,180,128,1024,4096,144,0,0,0,0,0,0,0,0,0,0,0,0,0,0,0,0,64,128,128,20,128,256,256,20,13.03,7.59,5.44,0,16,6,453,56,2123,0,0,0,0,0,0,0,2097152,2097152,4194304,4194304,4194304,22,0,0,0,0,0,0,2097152,4194304,4194304,4194304,8388608,192,131072,2097152,2097152,2097152,2097152,17,65536,131072,2097152,2097152,2097152,1042,0,0,0,0,0,0,0,0,0,0,0,0,128,256,256,512,512,1273,65536,2097152,4194304,4194304,8388608,1273,0,0,0,0,0,0,128,256,512,512,512,1273,134731,0,40478,19599,47911,0,42,20,0
3.6558E+13,2160,2048,8192,16384,14640,512,4096,8192,2161,4096,8192,16384,1706,4096,16384,16384,441,8192,8192,8192,28,2048,4096,8192,440,512,4096,8192,1716,1024,4096,8192,302,2048,2048,2048,2,256,65536,262144,21649,1048576,1048576,1048576,41,524288,524288,524288,41,524288,524288,524288,41,1024,1024,1024,41,64,256,32768,41,128,512,4096,3031,128,512,4096,3031,128,512,4096,131760,64,512,2048,15354,64,256,512,2504,128,512,1024,3312,256,1024,4096,1217,256,512,4096,1253,64,512,4096,19755,64,256,1024,2421,64,512,512,405,64,256,512,243,128,512,4096,252,128,256,256,18,0,0,0,0,0,0,0,0,0,0,0,0,64,128,128,21,64,128,128,21,14.07,8.54,5.53,0,28,10,440,49,2147,0,0,0,0,0,0,0,2097152,2097152,2097152,2097152,2097152,4,2097152,2097152,2097152,2097152,2097152,3,2097152,4194304,4194304,4194304,4194304,203,2097152,2097152,4194304,4194304,4194304,25,65536,131072,2097152,4194304,4194304,991,0,0,0,0,0,0,0,0,0,0,0,0,128,256,256,512,1024,1226,65536,2097152,4194304,4194304,4194304,1226,0,0,0,0,0,0,256,256,512,512,4096,1226,136179,0,40931,21379,47724,0,41,21,0
3.6559E+13,2160,2048,8192,16384,13302,512,4096,4096,2158,4096,8192,16384,1727,4096,8192,16384,443,8192,8192,16384,22,2048,4096,8192,443,512,4096,8192,1737,1024,4096,4096,287,2048,2048,2048,3,64,65536,262144,20321,1048576,1048576,1048576,42,524288,524288,524288,42,524288,524288,524288,42,512,1024,1024,42,64,2048,65536,42,64,512,4096,3292,128,512,4096,3292,64,512,4096,119718,64,512,1024,15543,64,256,512,2431,64,512,1024,3663,256,1024,4096,1266,256,512,1024,1266,64,512,4096,21348,64,256,512,3159,64,256,512,426,64,256,512,180,128,256,4096,198,64,256,256,27,0,0,0,0,0,0,0,0,0,0,0,0,64,128,128,21,64,128,128,21,12.62,6.12,6.5,0,22,26,443,62,2170,0,0,0,0,0,0,0,2097152,2097152,2097152,2097152,2097152,8,0,0,0,0,2097152,1,2097152,4194304,4194304,4194304,8388608,194,131072,2097152,2097152,2097152,4194304,17,65536,131072,2097152,2097152,2097152,951,0,0,0,0,0,0,0,0,0,0,0,0,128,256,512,512,512,1171,65536,2097152,2097152,4194304,8388608,1171,0,0,0,0,0,0,256,256,512,512,1024,1171,137731,0,38485,19890,46355,0,42,21,0
3.656E+13,2096,2048,8192,16384,13972,512,4096,4096,2127,4096,8192,16384,1799,4096,16384,16384,452,8192,16384,16384,21,2048,8192,8192,443,512,4096,8192,1777,1024,4096,8192,290,0,0,0,1,512,65536,262144,21105,1048576,1048576,1048576,41,524288,524288,524288,41,524288,524288,524288,41,512,1024,1024,41,64,32768,32768,41,128,512,4096,2843,64,512,4096,3419,128,512,4096,125748,64,512,1024,16191,64,256,512,2502,128,512,1024,3825,256,1024,2048,1197,256,512,512,1215,64,512,4096,19989,64,512,512,2736,64,512,512,522,64,256,512,189,128,512,4096,189,64,256,256,9,0,0,0,0,0,0,0,0,0,0,0,0,64,128,128,20,128,512,512,20,13.08,7.04,6.04,0,21,20,443,54,2251,64,0,0,0,0,0,0,2097152,2097152,2097152,2097152,2097152,10,2097152,2097152,2097152,2097152,4194304,4,2097152,4194304,4194304,4194304,8388608,146,131072,2097152,2097152,2097152,2097152,13,65536,131072,2097152,2097152,2097152,760,2097152,4194304,4194304,4194304,4194304,69,0,0,0,0,0,0,128,256,256,512,512,1002,65536,2097152,4194304,4194304,8388608,1002,0,0,0,0,0,0,256,256,512,1024,1024,1002,139582,0,39556,20906,46855,0,41,20,0
3.6561E+13,2096,2048,8192,16384,13847,512,4096,4096,2096,4096,8192,16384,1675,4096,16384,16384,388,8192,8192,8192,22,2048,4096,8192,442,512,4096,8192,1621,1024,4096,8192,261,4096,4096,4096,2,128,65536,131072,20575,1048576,1048576,1048576,41,524288,524288,524288,41,524288,524288,524288,41,1024,1024,1024,41,64,128,128,41,128,512,4096,2859,128,512,2048,2859,128,512,4096,124623,64,512,1024,15075,64,256,512,2165,128,512,1024,3240,256,1024,4096,1200,256,512,4096,1263,64,512,2048,19089,64,512,1024,2772,64,256,4096,555,64,256,512,225,128,512,4096,198,256,512,512,18,0,0,0,0,0,0,0,0,0,0,0,0,64,128,128,21,128,256,512,21,10.81,6.23,4.58,0,22,29,442,50,2063,0,0,0,0,0,0,0,2097152,2097152,2097152,2097152,8388608,10,2097152,2097152,2097152,2097152,2097152,2,2097152,4194304,4194304,4194304,4194304,204,131072,2097152,2097152,2097152,2097152,24,65536,131072,262144,4194304,4194304,965,0,0,0,0,2097152,1,0,0,0,0,0,0,128,256,256,512,512,1206,65536,2097152,4194304,4194304,8388608,1206,0,0,0,0,0,0,256,256,512,1024,1024,1206,140982,0,38035,20297,46057,0,41,21,0
3.65621E+13,2096,2048,8192,16384,14091,512,4096,8192,2094,4096,8192,16384,1680,4096,16384,16384,404,8192,16384,16384,24,2048,8192,8192,424,512,4096,8192,1715,1024,4096,4096,289,0,0,0,0,64,65536,131072,20942,1048576,1048576,1048576,41,524288,524288,524288,41,524288,524288,524288,41,512,1024,1024,41,64,2048,8192,41,128,512,1024,2776,128,512,1024,2776,128,512,4096,126819,64,512,1024,15120,64,256,512,2357,128,512,1024,3339,256,1024,1024,1199,256,512,4096,1334,64,512,4096,18459,64,256,2048,2376,64,256,512,519,64,256,512,216,128,512,4096,216,0,0,0,0,1024,2048,2048,33,1024,1024,1024,31,64,64,64,64,64,128,128,20,64,128,128,20,12.24,7.12,5.12,31,24,38,424,51,2084,0,0,0,0,0,0,0,2097152,2097152,2097152,2097152,4194304,5,2097152,2097152,2097152,2097152,2097152,2,2097152,4194304,4194304,4194304,8388608,201,131072,4194304,4194304,4194304,4194304,12,65536,131072,2097152,4194304,4194304,865,0,0,0,0,0,0,0,0,0,0,0,0,128,256,256,512,1024,1085,65536,2097152,4194304,4194304,8388608,1085,0,0,0,0,0,0,128,256,512,512,1024,1085,142549,0,38724,20758,46573,0,41,20,0
3.65631E+13,2096,2048,8192,16384,14033,512,4096,8192,2092,4096,8192,16384,1739,4096,16384,16384,416,8192,8192,8192,19,2048,8192,8192,433,512,4096,8192,1756,1024,4096,8192,322,0,0,0,1,256,65536,262144,21029,1048576,1048576,1048576,42,524288,524288,524288,42,524288,524288,524288,42,512,1024,2048,42,128,32768,65536,42,128,512,2048,2599,128,512,2048,2599,128,512,4096,126297,64,512,1024,15651,64,256,512,2421,128,512,4096,3618,256,1024,4096,1284,256,512,512,1239,128,512,4096,19926,64,512,512,2430,64,512,512,483,64,256,512,180,128,512,4096,171,128,256,256,9,1024,2048,2048,31,1024,1024,2048,33,64,64,128,64,64,128,128,21,64,128,128,21,15.7,9.5,6.21,33,19,39,433,33,2155,0,0,0,0,0,0,0,2097152,2097152,2097152,2097152,2097152,6,2097152,2097152,2097152,2097152,2097152,2,2097152,4194304,4194304,4194304,8388608,206,131072,2097152,2097152,2097152,4194304,24,65536,131072,2097152,2097152,2097152,1011,0,0,0,0,0,0,0,0,0,0,0,0,128,256,512,512,2048,1249,65536,2097152,4194304,4194304,8388608,1249,0,0,0,0,0,0,256,256,512,512,8192,1249,144012,0,40995,20863,47704,0,42,21,0
3.65642E+13,2096,2048,8192,16384,14475,512,4096,4096,2096,4096,8192,16384,1665,4096,8192,16384,421,8192,8192,8192,12,2048,4096,8192,427,512,4096,8192,1685,1024,4096,8192,285,4096,4096,4096,4,64,65536,262144,21235,1048576,1048576,1048576,41,524288,524288,524288,41,524288,524288,524288,41,512,1024,1024,41,64,256,256,41,128,512,1024,2828,128,512,1024,2828,128,512,4096,130275,64,512,1024,14985,64,256,512,2320,64,512,1024,3744,256,1024,1024,1041,256,512,512,978,64,512,1024,18153,64,256,512,2439,64,512,512,648,64,256,256,117,128,512,512,108,256,512,512,36,0,0,0,0,0,0,0,0,0,0,0,0,64,128,128,21,128,128,256,21,13.01,8.38,4.63,0,12,30,427,43,2086,0,0,0,0,0,0,0,2097152,2097152,2097152,2097152,4194304,12,2097152,2097152,2097152,2097152,2097152,6,2097152,4194304,4194304,4194304,4194304,200,131072,2097152,2097152,2097152,2097152,22,65536,131072,2097152,2097152,2097152,1034,0,0,0,0,0,0,0,0,0,0,0,0,128,256,512,512,512,1274,65536,2097152,4194304,4194304,4194304,1274,0,0,0,0,0,0,256,256,512,512,1024,1274,145336,0,34500,20217,41366,0,41,21,0
3.65652E+13,2097,2048,8192,16384,14063,512,4096,4096,2096,4096,8192,16384,1724,4096,8192,16384,404,8192,8192,8192,17,2048,8192,8192,435,512,4096,4096,1709,1024,4096,4096,287,0,0,0,0,64,65536,262144,20926,1048576,1048576,1048576,42,524288,524288,524288,42,524288,524288,524288,42,512,1024,1024,42,64,32768,65536,42,64,512,1024,2900,128,512,4096,2891,128,512,4096,126567,64,512,1024,15516,64,256,512,2139,64,512,1024,3699,256,1024,4096,1275,256,512,1024,1158,64,512,4096,20844,64,256,512,2646,64,512,1024,500,64,256,512,162,128,512,1024,153,0,0,0,0,0,0,0,0,0,0,0,0,0,0,0,0,64,128,128,21,128,256,512,21,12.96,6.79,6.16,0,17,47,435,66,2128,0,0,0,0,0,262144,1,2097152,2097152,2097152,2097152,4194304,13,2097152,2097152,2097152,2097152,2097152,8,2097152,4194304,4194304,4194304,4194304,192,262144,2097152,2097152,2097152,2097152,25,65536,131072,2097152,4194304,4194304,952,0,0,0,0,0,0,0,0,0,0,0,0,128,256,256,512,512,1191,65536,2097152,4194304,4194304,4194304,1191,0,0,0,0,256,1,256,256,512,512,1024,1190,146838,0,38326,20587,45581,0,42,21,0
3.65662E+13,2113,2048,8192,16384,14457,512,4096,4096,2103,4096,8192,16384,1710,4096,16384,16384,437,8192,8192,8192,18,2048,8192,8192,445,512,4096,8192,1675,1024,8192,8192,306,0,0,0,0,512,65536,262144,21359,1048576,1048576,1048576,41,524288,524288,524288,41,524288,524288,524288,41,512,2048,2048,41,64,4096,32768,41,64,512,4096,2750,128,512,1024,2606,128,512,4096,130113,64,512,1024,15390,64,256,512,2128,64,512,1024,3762,256,1024,2048,1382,256,512,4096,1292,64,512,1024,21240,64,256,512,2484,64,256,1024,504,64,512,512,153,128,512,4096,162,0,0,0,0,0,0,0,0,0,0,0,0,0,0,0,0,64,128,128,20,16384,65536,65536,20,13.47,6.86,6.61,0,18,37,444,42,2147,0,262144,262144,262144,262144,262144,16,2097152,2097152,2097152,2097152,2097152,7,2097152,4194304,4194304,4194304,4194304,14,2097152,2097152,4194304,4194304,4194304,200,131072,4194304,4194304,4194304,4194304,19,65536,131072,2097152,2097152,2097152,937,0,0,0,0,0,0,0,0,0,0,0,0,128,256,256,512,512,1193,65536,2097152,4194304,4194304,4194304,1193,128,256,256,256,256,16,256,256,512,512,1024,1177,148334,0,39823,21071,47755,0,41,20,0
3.65673E+13,2128,2048,8192,16384,14014,512,4096,8192,2118,4096,8192,16384,1715,4096,16384,16384,446,8192,16384,16384,17,2048,8192,16384,431,512,4096,8192,1744,1024,4096,8192,268,2048,2048,2048,2,512,65536,262144,20934,1048576,1048576,1048576,41,524288,524288,524288,41,524288,524288,524288,41,512,1024,1024,41,128,32768,65536,41,64,512,4096,2985,128,512,1024,2850,128,512,4096,126126,64,512,1024,15435,64,256,512,2271,64,512,1024,4068,256,1024,4096,1239,256,512,1024,1158,64,512,4096,19485,64,512,512,2970,64,512,4096,594,64,512,512,126,128,512,8192,153,128,512,512,18,0,0,0,0,0,0,0,0,0,0,0,0,64,128,128,21,128,32768,32768,21,11.37,6.25,5.12,0,17,35,431,34,2161,0,262144,262144,262144,262144,524288,16,2097152,2097152,2097152,2097152,4194304,10,2097152,2097152,2097152,2097152,4194304,9,2097152,4194304,4194304,8388608,8388608,185,131072,2097152,2097152,2097152,4194304,20,65536,131072,2097152,2097152,2097152,933,0,0,0,0,0,0,0,0,0,0,0,0,128,256,256,512,512,1173,65536,2097152,4194304,4194304,8388608,1173,256,256,256,256,512,16,256,256,512,1024,1024,1157,149839,0,38730,20683,45639,0,41,21,0
3.65683E+13,2140,2048,8192,16384,14116,512,4096,8192,2131,4096,8192,16384,1623,4096,16384,16384,456,8192,16384,16384,21,2048,8192,8192,428,512,4096,8192,1684,1024,4096,8192,269,2048,2048,2048,2,512,65536,524288,20911,1048576,1048576,1048576,42,524288,524288,524288,42,524288,524288,524288,42,512,1024,1024,42,64,32768,65536,42,64,512,2048,2962,128,512,1024,2854,128,512,4096,127044,64,512,1024,14607,64,256,512,2297,128,512,1024,3825,256,1024,4096,1242,256,512,2048,1296,64,512,4096,20484,64,512,512,2538,64,512,4096,513,64,256,512,198,128,512,4096,189,128,256,256,18,0,0,0,0,0,0,0,0,0,0,0,0,64,128,128,21,128,32768,32768,21,14.97,7.61,7.36,0,21,39,428,53,2079,0,262144,524288,524288,524288,524288,11,2097152,2097152,2097152,2097152,2097152,6,2097152,2097152,4194304,4194304,4194304,21,2097152,4194304,4194304,4194304,4194304,172,131072,2097152,2097152,2097152,2097152,25,65536,131072,2097152,2097152,4194304,1040,0,0,0,0,0,0,0,0,0,0,0,0,128,256,512,512,512,1275,65536,2097152,4194304,4194304,4194304,1275,256,256,256,256,256,11,256,256,512,512,1024,1264,151184,0,40350,20658,48003,0,42,21,0
3.65693E+13,2154,2048,8192,16384,15032,512,4096,8192,2178,4096,8192,16384,1798,4096,16384,32768,457,8192,8192,8192,24,2048,8192,8192,454,512,4096,8192,1776,1024,8192,8192,313,0,0,0,0,256,65536,262144,22216,1048576,1048576,1048576,41,524288,524288,524288,41,524288,524288,524288,41,512,1024,1024,41,64,128,32768,41,64,512,1024,2879,128,512,1024,2753,128,512,4096,135297,64,512,1024,16182,64,256,512,2449,64,512,1024,3825,256,1024,2048,1272,256,512,4096,1281,64,512,2048,20169,64,256,512,2394,64,256,512,381,64,512,512,243,128,512,4096,216,0,0,0,0,0,0,0,0,0,0,0,0,0,0,0,0,64,128,128,20,16384,32768,32768,20,14.07,7.41,6.66,0,24,31,454,54,2255,0,262144,524288,524288,524288,524288,15,2097152,4194304,4194304,4194304,4194304,18,2097152,2097152,2097152,2097152,2097152,14,2097152,4194304,4194304,4194304,4194304,190,131072,2097152,2097152,2097152,4194304,20,65536,131072,2097152,2097152,2097152,914,0,0,0,0,0,0,0,0,0,0,0,0,128,256,256,512,512,1171,65536,2097152,4194304,4194304,4194304,1171,256,256,256,256,256,15,256,256,512,512,1024,1156,152831,0,38870,21857,47179,0,41,20,0
3.65704E+13,2101,2048,8192,16384,13880,512,4096,8192,2072,4096,8192,16384,1722,4096,8192,16384,460,8192,8192,16384,22,2048,8192,8192,434,512,4096,8192,1696,1024,4096,8192,294,2048,4096,4096,3,512,65536,262144,20756,1048576,1048576,1048576,41,524288,524288,524288,41,524288,524288,524288,41,1024,1024,2048,41,128,1024,32768,41,64,512,4096,2525,64,512,1024,3002,128,512,4096,124911,64,512,1024,15498,64,256,512,2543,64,512,1024,3816,256,1024,4096,1161,256,512,2048,1206,64,512,4096,19188,64,256,512,2583,64,512,4096,522,64,256,512,171,128,512,8192,198,128,256,512,27,0,0,0,0,0,0,0,0,0,0,0,0,64,128,128,21,128,32768,32768,21,12.46,7.05,5.41,0,22,26,434,47,2182,64,262144,262144,262144,262144,262144,10,2097152,4194304,4194304,4194304,4194304,11,2097152,2097152,2097152,2097152,4194304,16,2097152,4194304,8388608,8388608,8388608,172,65536,2097152,2097152,2097152,2097152,16,65536,131072,2097152,4194304,4194304,890,0,0,0,0,0,0,0,0,0,0,0,0,128,256,256,512,8192,1115,65536,2097152,4194304,8388608,8388608,1115,256,256,256,256,512,10,256,256,512,512,1024,1105,154491,0,37034,20464,44595,0,41,21,0
3.65714E+13,2102,2048,8192,16384,14675,512,4096,4096,2252,4096,8192,16384,1770,4096,16384,32768,464,8192,8192,8192,15,2048,8192,8192,451,512,4096,8192,1731,1024,4096,8192,278,0,0,0,1,512,65536,262144,21816,1048576,1048576,1048576,42,524288,524288,524288,42,524288,524288,524288,42,512,1024,1024,42,64,32768,65536,42,64,512,4096,2997,64,512,2048,2988,128,512,4096,132075,64,512,4096,15930,64,256,512,2602,128,512,4096,3798,256,1024,4096,1290,256,512,4096,1245,64,512,4096,19854,64,256,512,2304,64,256,512,597,64,256,512,144,128,512,1024,135,128,256,256,9,0,0,0,0,0,0,0,0,0,0,0,0,64,128,128,21,128,256,512,21,11.76,7,4.75,0,15,26,451,60,2234,0,0,0,0,0,262144,1,2097152,2097152,2097152,2097152,4194304,4,2097152,2097152,4194304,4194304,4194304,22,2097152,4194304,4194304,8388608,8388608,185,2097152,2097152,2097152,2097152,4194304,22,65536,131072,2097152,2097152,2097152,846,0,0,0,0,0,0,0,0,0,0,0,0,128,256,256,512,512,1080,65536,2097152,4194304,4194304,8388608,1080,0,0,0,0,128,1,256,256,512,512,512,1079,156197,0,40614,21582,47912,0,42,21,0
3.65724E+13,2102,2048,8192,16384,14851,512,4096,8192,2124,4096,8192,16384,1712,4096,16384,16384,436,8192,16384,16384,26,2048,4096,8192,427,512,4096,8192,1728,1024,4096,8192,331,4096,4096,4096,3,512,65536,262144,21814,1048576,1048576,1048576,41,524288,524288,524288,41,524288,524288,524288,41,1024,2048,2048,41,64,128,16384,41,64,512,1024,3000,128,512,1024,3000,128,512,4096,133659,64,512,1024,15408,64,256,512,2299,64,512,1024,3537,256,1024,1024,1292,256,512,1024,1337,64,512,1024,19080,64,256,512,2547,64,512,512,576,128,512,512,252,128,512,4096,234,128,512,512,27,1024,2048,2048,39,1024,1024,1024,33,64,64,128,72,64,128,128,20,64,128,128,20,12.44,6.85,5.58,33,26,27,427,40,2148,0,0,0,0,0,0,0,2097152,2097152,2097152,2097152,2097152,11,2097152,2097152,2097152,2097152,2097152,9,2097152,4194304,4194304,4194304,4194304,201,131072,2097152,2097152,2097152,2097152,16,65536,131072,2097152,4194304,4194304,897,0,0,0,0,0,0,0,0,0,0,0,0,128,256,256,512,512,1134,65536,2097152,4194304,4194304,4194304,1134,0,0,0,0,0,0,128,256,512,512,512,1134,157764,0,39656,21646,46462,0,41,20,0
3.65735E+13,2102,2048,8192,16384,14248,512,4096,8192,2102,4096,8192,16384,1657,4096,8192,16384,448,8192,8192,8192,13,2048,8192,16384,417,512,4096,8192,1683,1024,4096,8192,299,0,0,0,1,1024,65536,262144,21025,1048576,1048576,1048576,42,524288,524288,524288,42,524288,524288,524288,42,512,1024,1024,42,64,32768,65536,42,64,512,2048,2821,128,512,1024,2821,128,512,4096,128232,64,512,1024,14913,64,256,512,2486,128,512,1024,3789,256,1024,1024,1155,256,512,1024,1236,64,512,4096,19728,64,512,512,2124,64,256,1024,558,64,256,256,162,64,512,512,117,0,128,128,9,2048,2048,2048,25,1024,2048,16384,31,64,64,128,56,64,128,128,21,64,128,128,21,13.51,8.01,5.5,31,13,26,417,44,2105,0,0,0,0,0,0,0,2097152,2097152,2097152,2097152,4194304,6,2097152,4194304,4194304,4194304,4194304,17,2097152,4194304,4194304,4194304,4194304,207,131072,2097152,2097152,2097152,2097152,15,65536,131072,2097152,2097152,4194304,885,0,0,0,0,0,0,0,0,0,0,0,0,128,256,256,512,512,1130,65536,2097152,4194304,4194304,4194304,1130,0,0,0,0,0,0,256,256,512,512,1024,1130,159270,0,39708,20874,46724,0,42,21,0
3.65745E+13,2102,2048,8192,16384,14763,512,4096,8192,2099,4096,8192,16384,1705,4096,8192,16384,435,8192,8192,16384,24,2048,8192,8192,430,512,4096,8192,1729,1024,4096,8192,255,0,0,0,0,64,65536,131072,21660,1048576,1048576,1048576,41,524288,524288,524288,41,524288,524288,524288,41,1024,1024,1024,41,64,128,2048,41,64,512,1024,2642,128,512,4096,2642,128,512,4096,132867,64,512,1024,15345,64,256,512,2210,64,512,1024,3636,256,1024,1024,1143,256,512,1024,1224,64,512,1024,19701,64,512,1024,2394,64,512,1024,567,64,256,512,162,128,512,4096,216,0,0,0,0,0,0,0,0,0,0,0,0,0,0,0,0,64,128,128,21,128,128,128,21,15.22,8.12,7.1,0,24,34,430,38,2140,0,0,0,0,0,0,0,2097152,2097152,2097152,2097152,2097152,14,2097152,2097152,2097152,2097152,2097152,13,2097152,4194304,4194304,4194304,4194304,185,131072,2097152,2097152,2097152,4194304,23,65536,131072,2097152,2097152,4194304,957,0,0,0,0,0,0,0,0,0,0,0,0,128,256,256,512,512,1192,65536,2097152,4194304,4194304,4194304,1192,0,0,0,0,0,0,128,256,512,512,2048,1192,160744,0,39298,21420,47082,0,41,21,0
3.65755E+13,2102,2048,8192,16384,14725,512,4096,8192,2100,4096,8192,16384,1714,4096,8192,16384,404,8192,8192,8192,24,2048,8192,8192,477,512,4096,8192,1690,1024,4096,8192,274,0,0,0,1,256,65536,262144,21614,1048576,1048576,1048576,41,524288,524288,524288,41,524288,524288,524288,41,512,1024,1024,41,64,128,1024,41,64,512,1024,2897,128,512,2048,2897,128,512,4096,132525,64,512,1024,15426,64,256,512,2339,64,512,1024,3537,256,1024,1024,1221,256,512,1024,1302,64,512,4096,19656,64,512,512,2241,64,512,4096,525,64,256,512,207,128,512,4096,216,64,256,256,9,0,0,0,0,0,0,0,0,0,0,0,0,64,128,128,20,128,128,128,20,13.71,7.3,6.41,0,24,26,477,40,2118,0,0,0,0,0,0,0,2097152,2097152,2097152,2097152,4194304,7,2097152,2097152,2097152,2097152,4194304,13,2097152,4194304,4194304,4194304,8388608,189,131072,2097152,2097152,2097152,4194304,19,65536,131072,2097152,2097152,2097152,856,0,0,0,0,0,0,0,0,0,0,0,0,128,256,256,512,512,1084,65536,2097152,4194304,4194304,8388608,1084,0,0,0,0,0,0,256,256,512,512,1024,1084,162345,0,39411,21343,46410,4,41,20,0
3.65766E+13,2102,2048,8192,16384,14233,512,4096,8192,2101,4096,8192,16384,1703,8192,16384,16384,383,8192,8192,16384,24,2048,8192,16384,404,512,4096,8192,1677,1024,4096,8192,299,2048,2048,2048,4,256,65536,262144,21026,1048576,1048576,1048576,42,524288,524288,524288,42,524288,524288,524288,42,1024,1024,1024,42,64,128,128,42,64,512,1024,2744,128,512,1024,2744,128,512,4096,128097,64,512,1024,15327,64,256,512,2280,128,512,2048,3555,256,1024,4096,1239,256,512,1024,1320,64,512,4096,20160,64,512,1024,2286,64,512,512,507,64,256,512,252,128,512,4096,216,64,512,512,36,0,0,0,0,0,0,0,0,0,0,0,0,64,128,128,21,64,128,128,21,12.7,6.54,6.16,0,24,26,404,47,2086,0,0,0,0,0,0,0,2097152,2097152,2097152,2097152,2097152,9,2097152,2097152,2097152,2097152,4194304,23,2097152,4194304,4194304,4194304,4194304,191,131072,2097152,2097152,2097152,2097152,22,65536,131072,262144,2097152,4194304,931,0,0,0,0,0,0,0,0,0,0,0,0,128,256,256,512,512,1176,65536,2097152,4194304,4194304,4194304,1176,0,0,0,0,0,0,256,256,512,1024,1024,1176,163756,0,39358,20787,46913,0,42,21,0
3.65776E+13,2102,2048,8192,16384,14791,256,4096,4096,2101,4096,8192,16384,1719,4096,8192,16384,451,8192,8192,8192,19,2048,4096,8192,413,512,4096,8192,1737,1024,4096,8192,280,0,0,0,1,512,65536,262144,21726,1048576,1048576,1048576,41,524288,524288,524288,41,524288,524288,524288,41,256,1024,1024,41,128,128,32768,41,128,512,1024,2942,128,512,1024,2942,128,512,4096,133119,64,512,1024,15471,64,256,512,2254,64,512,1024,4077,256,1024,4096,1251,256,512,2048,1188,64,512,1024,18468,64,512,1024,2331,64,256,512,426,64,256,512,108,128,512,4096,171,64,256,256,9,0,0,0,0,0,0,0,0,0,0,0,0,64,128,256,21,128,128,256,21,12.12,6.12,6,0,19,30,413,43,2170,0,0,0,0,0,0,0,2097152,2097152,2097152,2097152,2097152,7,2097152,2097152,2097152,2097152,4194304,16,2097152,4194304,4194304,4194304,8388608,201,131072,2097152,2097152,2097152,4194304,31,65536,131072,262144,2097152,2097152,1012,0,0,0,0,0,0,0,0,0,0,0,0,128,256,256,512,512,1267,65536,2097152,4194304,4194304,8388608,1267,0,0,0,0,0,0,128,256,512,512,32768,1267,165164,0,38580,21358,45639,3,41,21,0
3.65786E+13,2102,2048,8192,16384,14537,512,4096,4096,2103,4096,8192,16384,1723,4096,8192,16384,405,8192,16384,16384,16,2048,8192,8192,459,512,4096,8192,1719,1024,8192,8192,295,2048,2048,2048,2,128,65536,262144,21468,1048576,1048576,1048576,41,524288,524288,524288,41,524288,524288,524288,41,512,1024,1024,41,64,16384,32768,41,64,512,4096,2784,128,512,1024,2784,128,512,4096,130833,64,512,1024,15507,64,256,512,2118,64,512,1024,3672,256,1024,2048,1326,256,512,1024,1200,64,512,2048,18837,64,256,512,2205,64,256,512,417,64,256,512,162,128,512,4096,144,128,512,512,18,0,0,0,0,0,0,0,0,0,0,0,0,64,128,128,20,128,128,128,20,11.29,6.47,4.82,0,16,30,459,52,2128,0,0,0,0,0,0,0,2097152,2097152,2097152,2097152,4194304,4,2097152,2097152,2097152,2097152,4194304,11,2097152,4194304,4194304,4194304,8388608,180,131072,2097152,4194304,4194304,4194304,25,65536,131072,2097152,2097152,4194304,958,0,0,0,0,0,0,0,0,0,0,0,0,128,256,256,512,32768,1178,65536,2097152,4194304,4194304,8388608,1178,0,0,0,0,0,0,128,256,512,512,1024,1178,166671,0,40136,21125,47640,0,41,20,0
3.65797E+13,2039,2048,8192,16384,14061,512,4096,8192,2097,4096,8192,16384,1668,4096,16384,16384,403,8192,16384,16384,15,2048,8192,8192,435,512,4096,8192,1676,1024,4096,8192,314,2048,2048,2048,4,256,65536,262144,20854,1048576,1048576,1048576,42,524288,524288,524288,42,524288,524288,524288,42,256,1024,1024,42,64,128,8192,42,128,512,1024,2823,64,512,2048,3390,128,512,4096,126549,64,512,1024,15012,64,256,512,2137,128,512,1024,3645,256,1024,4096,1224,256,512,1024,1278,64,512,2048,18918,64,512,512,2403,64,512,2048,537,128,256,512,162,128,512,4096,135,128,256,512,36,0,0,0,0,0,0,0,0,0,0,0,0,64,64,128,21,64,128,256,21,14.69,7.53,7.16,0,15,22,435,50,2071,63,0,0,0,0,0,0,2097152,2097152,2097152,2097152,4194304,12,2097152,2097152,2097152,2097152,2097152,19,2097152,4194304,4194304,4194304,4194304,178,131072,2097152,2097152,2097152,4194304,23,65536,131072,2097152,4194304,4194304,884,0,0,0,0,0,0,0,0,0,0,0,0,128,256,512,512,2048,1116,65536,2097152,4194304,4194304,4194304,1116,0,0,0,0,0,0,256,256,512,512,1024,1116,168211,0,37756,20631,44986,0,42,21,0
3.65807E+13,2039,2048,8192,16384,13484,512,4096,4096,2033,4096,8192,16384,1552,4096,8192,16384,400,8192,32768,32768,20,2048,8192,8192,393,512,4096,8192,1567,1024,4096,8192,264,0,0,0,0,512,65536,262144,19920,1048576,1048576,1048576,41,524288,524288,524288,41,524288,524288,524288,41,512,1024,1024,41,128,512,32768,41,64,512,4096,2537,128,512,1024,2537,128,512,4096,121356,64,512,1024,13968,64,256,512,1986,64,512,4096,3645,256,1024,4096,1244,256,512,1024,1199,64,512,2048,18792,64,512,512,2259,64,256,1024,405,64,256,512,180,128,512,4096,180,0,0,0,0,0,0,0,0,0,0,0,0,0,0,0,0,64,128,128,21,64,128,128,21,13.13,7.2,5.93,0,20,19,393,57,1952,0,0,0,0,0,0,0,2097152,2097152,2097152,2097152,2097152,11,2097152,2097152,2097152,2097152,2097152,16,2097152,4194304,4194304,4194304,4194304,189,131072,2097152,4194304,4194304,4194304,28,65536,131072,2097152,2097152,2097152,915,0,0,0,0,0,0,0,0,0,0,0,0,128,256,256,512,512,1159,65536,2097152,4194304,4194304,4194304,1159,0,0,0,0,0,0,256,256,512,1024,1024,1159,169493,0,36955,19725,43882,0,41,21,0
3.65817E+13,2039,2048,8192,16384,15000,256,4096,4096,2044,4096,8192,16384,1745,4096,16384,16384,430,8192,8192,8192,22,2048,8192,8192,426,512,4096,8192,1731,1024,4096,8192,296,0,0,0,1,64,65536,131072,21879,1048576,1048576,1048576,42,524288,524288,524288,42,524288,524288,524288,42,512,512,1024,42,64,2048,16384,42,128,512,1024,2693,128,512,1024,2693,128,512,4096,135000,64,512,1024,15705,64,256,512,2203,64,512,2048,3744,256,1024,4096,1260,256,512,512,1224,64,512,1024,19152,64,256,512,2268,64,256,512,402,64,256,512,162,128,512,4096,198,64,128,128,9,1024,2048,2048,11,1024,1024,1024,11,64,64,64,22,64,128,128,21,64,128,256,21,12.42,7.03,5.4,11,22,22,426,49,2175,0,0,0,0,0,0,0,2097152,2097152,2097152,2097152,2097152,11,2097152,4194304,4194304,4194304,4194304,17,2097152,2097152,4194304,4194304,8388608,196,65536,2097152,2097152,2097152,2097152,15,65536,131072,2097152,2097152,4194304,1006,0,0,0,0,0,0,0,0,0,0,0,0,128,256,256,512,512,1245,65536,2097152,4194304,4194304,8388608,1245,0,0,0,0,0,0,256,256,512,1024,1024,1245,170953,0,38858,21560,46066,0,42,21,0
3.65828E+13,2039,2048,8192,16384,14435,512,4096,8192,2038,4096,8192,16384,1679,4096,16384,16384,420,8192,8192,8192,15,2048,8192,8192,427,512,4096,8192,1687,1024,4096,8192,279,0,0,0,1,512,65536,131072,21130,1048576,1048576,1048576,41,524288,524288,524288,41,524288,524288,524288,41,256,512,512,41,64,2048,32768,41,128,512,1024,2768,128,512,2048,2768,128,512,4096,129915,64,512,1024,15111,64,256,512,2061,128,512,1024,3969,256,1024,1024,1250,256,512,4096,1133,64,512,1024,20196,64,512,512,2340,64,256,512,531,64,256,512,153,128,512,4096,135,0,256,256,9,2048,2048,2048,44,1024,1024,2048,44,64,64,256,88,64,128,128,20,64,128,128,20,13.61,6.93,6.68,44,15,23,427,38,2099,0,0,0,0,0,0,0,2097152,2097152,2097152,2097152,4194304,15,2097152,4194304,4194304,4194304,4194304,13,2097152,4194304,4194304,4194304,16777216,183,131072,2097152,2097152,2097152,2097152,26,65536,131072,2097152,2097152,2097152,961,0,0,0,0,0,0,0,0,0,0,0,0,128,256,256,512,512,1198,65536,2097152,4194304,4194304,16777216,1198,0,0,0,0,0,0,256,256,512,1024,1024,1198,172401,0,39362,21023,46100,0,41,20,0
3.65838E+13,2039,2048,8192,16384,14303,512,4096,4096,2037,4096,8192,16384,1669,4096,16384,16384,462,8192,16384,16384,17,2048,8192,8192,440,512,4096,8192,1651,1024,4096,8192,252,0,0,0,1,256,65536,262144,20981,1048576,1048576,1048576,41,524288,524288,524288,41,524288,524288,524288,41,512,1024,1024,41,64,1024,32768,41,64,512,4096,2437,128,512,1024,2437,128,512,4096,128727,64,512,2048,15021,64,256,512,2342,128,512,1024,3933,256,1024,4096,1221,256,512,512,1248,64,512,2048,19143,64,256,512,2187,64,256,512,393,64,256,256,171,128,2048,4096,153,64,256,256,9,1024,2048,2048,8,1024,1024,1024,8,64,64,64,16,64,128,128,21,64,128,128,21,14.14,7.45,6.69,8,17,19,440,50,2131,0,0,0,0,0,0,0,2097152,2097152,2097152,2097152,4194304,11,2097152,2097152,2097152,2097152,2097152,11,2097152,4194304,4194304,4194304,4194304,187,131072,2097152,4194304,4194304,8388608,34,65536,131072,2097152,2097152,4194304,904,0,0,0,0,0,0,0,0,0,0,0,0,128,256,256,512,512,1147,65536,2097152,4194304,4194304,8388608,1147,0,0,0,0,0,0,128,256,512,512,1024,1147,173919,0,39775,20791,46598,0,41,21,0
3.65848E+13,2039,2048,8192,16384,14365,256,4096,4096,2389,4096,8192,16384,1662,4096,8192,16384,432,8192,16384,16384,27,2048,8192,8192,418,512,4096,8192,1688,1024,4096,8192,305,4096,4096,4096,2,64,65536,262144,21472,1048576,1048576,1048576,42,524288,524288,524288,42,524288,524288,524288,42,512,1024,2048,42,128,4096,65536,42,128,512,1024,2915,128,512,1024,2915,128,512,4096,129285,64,512,1024,14958,64,256,512,2131,128,512,1024,3852,256,1024,4096,1275,256,512,1024,1185,64,512,1024,19161,64,256,512,2448,64,256,512,561,64,256,512,234,128,512,4096,243,256,512,512,18,0,0,0,0,0,0,0,0,0,0,0,0,64,128,128,21,128,128,128,21,13.06,7.16,5.9,0,27,21,418,55,2094,0,0,0,0,0,0,0,2097152,2097152,2097152,2097152,2097152,8,2097152,4194304,4194304,4194304,4194304,17,2097152,4194304,4194304,4194304,4194304,182,131072,2097152,2097152,2097152,2097152,15,65536,131072,262144,2097152,4194304,937,2097152,2097152,2097152,2097152,2097152,15,0,0,0,0,0,0,128,256,512,512,512,1174,65536,2097152,4194304,4194304,4194304,1174,0,0,0,0,0,0,128,256,512,512,1024,1174,175360,0,36909,21073,43905,0,42,21,0
3.65859E+13,2039,2048,8192,16384,14334,512,4096,8192,2255,4096,8192,16384,1652,4096,16384,16384,422,8192,8192,8192,23,2048,8192,8192,397,512,4096,8192,1628,1024,4096,8192,250,0,0,0,0,64,65536,131072,21132,1048576,1048576,1048576,41,524288,524288,524288,41,524288,524288,524288,41,512,1024,1024,41,64,32768,65536,41,64,512,4096,2611,128,512,4096,2611,128,512,4096,129006,64,512,1024,14868,64,256,512,2185,128,512,1024,3627,256,1024,4096,1227,256,512,1024,1137,64,512,4096,19269,64,512,512,2061,64,256,512,552,64,256,512,162,128,512,1024,207,0,0,0,0,0,0,0,0,0,0,0,0,0,0,0,0,64,128,128,20,128,128,128,20,14.79,8.09,6.7,0,23,15,397,37,2074,0,0,0,0,0,0,0,2097152,2097152,2097152,2097152,2097152,5,2097152,2097152,2097152,2097152,2097152,10,2097152,4194304,4194304,4194304,4194304,157,131072,2097152,2097152,2097152,4194304,17,65536,131072,2097152,2097152,4194304,698,2097152,4194304,4194304,4194304,4194304,55,0,0,0,0,0,0,128,256,512,512,512,942,65536,2097152,4194304,4194304,4194304,942,0,0,0,0,0,0,256,512,512,1024,1024,942,176964,0,40069,20957,46473,0,41,20,0
3.65869E+13,2039,2048,8192,16384,14083,512,4096,8192,2174,4096,8192,16384,1638,4096,16384,16384,456,8192,16384,32768,30,2048,8192,8192,421,512,4096,8192,1643,1024,4096,8192,282,4096,4096,4096,2,256,65536,262144,20902,1048576,1048576,1048576,41,524288,524288,524288,41,524288,524288,524288,41,512,1024,2048,41,128,128,512,42,128,512,4096,2493,128,512,1024,2493,128,512,4096,126747,128,512,4096,14742,64,256,512,2351,128,512,1024,3825,256,1024,2048,1245,256,512,1024,1281,64,512,4096,19962,64,512,1024,2592,64,512,4096,495,64,512,4096,297,128,512,4096,270,128,512,512,18,0,0,0,0,0,0,0,0,0,0,0,0,64,64,128,21,128,256,256,21,11.48,6.74,4.74,0,30,21,421,53,2094,0,0,0,0,0,0,0,2097152,2097152,2097152,2097152,2097152,8,2097152,2097152,2097152,2097152,2097152,9,2097152,4194304,4194304,8388608,8388608,195,131072,2097152,2097152,2097152,2097152,21,65536,131072,2097152,4194304,4194304,816,0,0,0,0,0,0,0,0,0,0,0,0,128,256,256,512,512,1049,65536,2097152,4194304,4194304,8388608,1049,0,0,0,0,0,0,256,256,512,512,1024,1049,178534,0,39285,20696,45703,0,41,21,0
3.65879E+13,2039,2048,8192,16384,14036,512,4096,8192,2288,4096,8192,16384,1665,8192,16384,16384,428,8192,16384,32768,26,2048,8192,8192,414,512,4096,8192,1635,1024,4096,8192,310,0,0,0,0,256,65536,131072,21017,1048576,1048576,1048576,42,524288,524288,524288,42,524288,524288,524288,42,512,1024,1024,42,128,512,16384,41,128,512,1024,2533,128,512,4096,2533,128,512,4096,126324,64,512,1024,14985,64,256,512,2458,128,512,1024,3393,256,1024,2048,1083,256,512,1024,1236,64,512,2048,19449,64,256,512,2115,64,512,512,462,64,256,512,207,128,512,4096,234,0,0,0,0,0,0,0,0,0,0,0,0,0,0,0,0,64,128,128,21,128,128,256,21,14.25,7.25,7,0,26,10,414,60,2093,0,0,0,0,0,0,0,2097152,2097152,2097152,2097152,2097152,9,2097152,4194304,4194304,4194304,4194304,16,2097152,4194304,8388608,8388608,8388608,183,131072,2097152,4194304,4194304,4194304,23,65536,131072,2097152,2097152,4194304,885,0,0,0,0,0,0,0,0,0,0,0,0,128,256,256,512,512,1116,65536,2097152,4194304,8388608,8388608,1116,0,0,0,0,0,0,256,256,512,512,1024,1116,180021,0,39403,20790,46111,0,42,21,0
3.6589E+13,2039,2048,8192,16384,13554,512,4096,8192,2154,4096,8192,16384,1645,4096,8192,16384,414,8192,8192,8192,21,2048,8192,8192,435,512,4096,4096,1637,1024,4096,8192,279,0,0,0,0,256,65536,262144,20317,1048576,1048576,1048576,41,524288,524288,524288,41,524288,524288,524288,41,512,1024,1024,41,64,32768,65536,41,128,512,4096,2366,128,512,4096,2366,128,512,4096,121986,64,512,4096,14805,64,256,512,2139,128,512,1024,3456,256,1024,4096,1335,256,512,512,1245,64,512,4096,19053,64,512,512,2691,64,256,4096,399,64,256,512,171,128,512,4096,189,0,0,0,0,0,0,0,0,0,0,0,0,0,0,0,0,64,128,128,20,128,128,128,20,13.33,7.42,5.91,0,21,21,435,50,2059,0,0,0,0,0,0,0,2097152,2097152,2097152,2097152,2097152,6,2097152,2097152,2097152,2097152,4194304,11,2097152,2097152,4194304,4194304,4194304,199,131072,2097152,2097152,2097152,2097152,23,65536,131072,2097152,2097152,2097152,1063,0,0,0,0,0,0,0,0,0,0,0,0,128,256,256,512,512,1302,65536,2097152,2097152,4194304,4194304,1302,0,0,0,0,0,0,256,256,512,512,16384,1302,181305,0,39512,20072,46632,0,41,20,0
3.659E+13,1978,2048,8192,16384,14216,512,4096,4096,2007,4096,8192,16384,1639,4096,16384,16384,413,8192,8192,8192,18,2048,8192,8192,443,512,4096,4096,1645,1024,4096,8192,283,0,0,0,1,128,65536,262144,20834,1048576,1048576,1048576,41,524288,524288,524288,41,524288,524288,524288,41,512,1024,1024,41,64,256,32768,41,128,512,4096,2647,64,512,1024,3196,128,512,4096,127944,64,512,1024,14751,64,256,512,2232,64,512,1024,3402,256,1024,4096,1253,256,512,1024,1334,64,512,2048,19350,64,256,512,2295,64,256,1024,540,64,256,512,180,128,512,1024,162,256,512,512,9,0,0,0,0,0,0,0,0,0,0,0,0,64,128,128,21,128,128,128,21,14.76,7.13,7.63,0,18,14,443,58,2052,61,0,0,0,0,0,0,2097152,2097152,2097152,2097152,2097152,11,2097152,2097152,2097152,2097152,2097152,8,2097152,4194304,4194304,4194304,4194304,211,131072,2097152,2097152,2097152,2097152,17,65536,131072,262144,2097152,2097152,924,0,0,0,0,0,0,0,0,0,0,0,0,128,256,256,512,512,1171,65536,2097152,4194304,4194304,4194304,1171,0,0,0,0,0,0,256,256,512,512,32768,1171,182780,0,37360,20643,44154,0,41,21,0
3.6591E+13,1988,2048,8192,16384,14109,512,4096,4096,1986,4096,8192,16384,1613,4096,16384,16384,410,8192,8192,8192,24,2048,8192,8192,393,512,4096,8192,1627,1024,4096,8192,272,0,0,0,1,256,65536,131072,20653,1048576,1048576,1048576,42,524288,524288,524288,42,524288,524288,524288,42,512,1024,1024,42,64,128,32768,42,64,512,1024,2468,128,512,1024,2378,128,512,4096,126981,64,512,1024,14517,64,256,512,2264,64,512,1024,3438,256,1024,2048,1197,256,512,512,1278,64,512,2048,19980,64,256,512,2331,64,512,4096,522,64,256,512,234,128,512,4096,216,64,256,256,9,0,0,0,0,0,0,0,0,0,0,0,0,64,128,128,21,128,65536,65536,21,12.81,7.61,5.2,0,24,12,393,40,2023,0,262144,524288,524288,524288,524288,10,2097152,2097152,2097152,2097152,4194304,9,2097152,4194304,4194304,4194304,4194304,15,2097152,2097152,4194304,4194304,8388608,197,65536,4194304,4194304,4194304,4194304,16,65536,131072,2097152,2097152,2097152,1073,0,0,0,0,0,0,0,0,0,0,0,0,128,256,512,512,512,1320,65536,2097152,4194304,4194304,8388608,1320,128,256,256,256,256,10,128,256,512,1024,1024,1310,183952,0,38830,20415,46171,0,42,21,0
3.65921E+13,2000,2048,8192,16384,13839,512,4096,8192,1985,4096,8192,16384,1614,4096,16384,16384,378,8192,16384,16384,19,2048,8192,8192,404,512,4096,8192,1631,1024,4096,8192,242,0,0,0,1,512,65536,131072,20296,1048576,1048576,1048576,41,524288,524288,524288,41,524288,524288,524288,41,512,1024,1024,41,64,32768,32768,41,64,512,4096,2668,128,512,2048,2560,128,512,4096,124551,64,512,1024,14526,64,256,512,2010,128,512,1024,3366,256,1024,1024,1194,256,512,1024,1230,64,512,1024,18558,64,256,512,2277,64,512,4096,473,64,512,512,135,128,512,4096,171,64,512,512,9,2048,2048,2048,22,1024,2048,2048,18,64,64,128,40,64,128,128,20,128,65536,65536,20,12.09,6.55,5.54,18,19,16,404,37,1992,0,262144,262144,262144,262144,262144,12,2097152,2097152,2097152,2097152,2097152,6,2097152,2097152,2097152,2097152,4194304,17,2097152,4194304,4194304,4194304,4194304,178,131072,4194304,4194304,4194304,4194304,26,65536,131072,2097152,4194304,8388608,890,0,0,0,0,0,0,0,0,0,0,0,0,128,256,256,512,512,1129,65536,2097152,4194304,4194304,8388608,1129,128,256,256,256,256,12,256,256,512,512,1024,1117,185309,0,38004,20118,45355,0,41,20,0
3.65931E+13,2011,2048,8192,16384,14069,512,4096,8192,2015,4096,8192,16384,1667,4096,16384,16384,384,8192,16384,16384,13,2048,8192,8192,412,512,4096,8192,1640,1024,4096,8192,282,0,0,0,1,512,65536,262144,20674,1048576,1048576,1048576,42,524288,524288,524288,42,524288,524288,524288,42,512,512,1024,42,64,8192,32768,42,64,512,1024,2763,128,512,1024,2664,128,512,4096,126621,64,512,2048,15003,64,256,512,1919,128,512,1024,3510,256,1024,4096,1143,256,512,1024,1125,64,512,4096,19539,64,256,512,2340,64,512,4096,498,64,256,512,153,128,512,4096,117,0,256,256,9,1024,2048,2048,39,1024,1024,2048,42,64,64,128,81,64,128,128,21,128,16384,32768,21,15.22,8.98,6.24,42,13,11,412,63,2051,0,262144,524288,524288,524288,524288,11,2097152,2097152,2097152,2097152,2097152,16,2097152,2097152,2097152,2097152,8388608,8,2097152,4194304,4194304,4194304,4194304,181,2097152,4194304,4194304,4194304,4194304,20,65536,131072,2097152,2097152,4194304,1016,0,0,0,0,0,0,0,0,0,0,0,0,128,256,256,512,512,1252,65536,2097152,4194304,4194304,8388608,1252,256,256,256,256,256,11,256,256,512,512,1024,1241,186649,0,38467,20500,46348,0,42,21,0
3.65941E+13,2027,2048,8192,16384,14199,512,4096,8192,2023,4096,8192,16384,1666,4096,16384,16384,405,8192,16384,16384,22,2048,8192,8192,446,512,4096,8192,1677,1024,4096,8192,274,0,0,0,0,512,65536,262144,20933,1048576,1048576,1048576,41,524288,524288,524288,41,524288,524288,524288,41,512,1024,1024,41,64,8192,65536,41,64,512,4096,2920,128,512,1024,2776,128,512,4096,127791,64,512,4096,14994,64,256,512,1977,64,512,1024,3663,256,1024,4096,1143,256,512,1024,1224,64,512,4096,19287,64,256,1024,2358,64,256,4096,456,64,256,1024,234,128,512,4096,198,0,0,0,0,0,0,0,0,0,0,0,1,0,0,0,1,64,128,128,21,16384,32768,32768,21,13.98,6.74,7.24,1,22,12,446,50,2071,0,262144,524288,524288,524288,524288,16,2097152,2097152,2097152,2097152,2097152,13,2097152,2097152,2097152,2097152,2097152,10,2097152,4194304,4194304,4194304,4194304,199,65536,2097152,2097152,2097152,2097152,15,65536,131072,2097152,2097152,4194304,1030,0,0,0,0,0,0,0,0,0,0,0,0,128,256,256,512,512,1283,65536,2097152,2097152,4194304,4194304,1283,256,256,256,256,256,16,256,256,512,512,1024,1267,187968,0,39486,20718,46445,0,41,21,0
3.65952E+13,2041,2048,8192,16384,13980,512,4096,8192,2032,4096,8192,16384,1625,4096,16384,16384,413,8192,16384,16384,24,2048,8192,16384,417,512,4096,8192,1672,1024,4096,8192,283,2048,4096,4096,3,512,65536,262144,20689,1048576,1048576,1048576,41,524288,524288,524288,41,524288,524288,524288,41,1024,1024,1024,41,64,16384,32768,41,128,512,1024,2798,128,512,1024,2672,128,512,4096,125820,64,512,1024,14625,64,256,512,1944,64,512,1024,3915,256,1024,4096,1215,256,512,1024,1188,64,512,4096,19746,64,256,512,2223,64,512,1024,507,64,256,512,180,128,512,512,216,256,512,512,27,0,0,0,0,0,0,0,0,0,0,0,0,64,128,128,20,16384,65536,65536,20,12.33,7.04,5.28,0,24,13,417,44,2038,0,262144,262144,262144,262144,262144,15,2097152,2097152,2097152,2097152,2097152,5,2097152,4194304,4194304,4194304,4194304,12,2097152,4194304,4194304,4194304,8388608,190,131072,2097152,2097152,2097152,2097152,21,65536,131072,2097152,2097152,4194304,923,0,0,0,0,0,0,0,0,0,0,0,0,128,256,256,512,512,1166,65536,2097152,4194304,4194304,8388608,1166,128,256,256,256,256,15,256,256,512,512,512,1151,189338,0,37573,20464,44800,0,41,20,0
3.65962E+13,2048,2048,8192,16384,14094,512,4096,8192,2046,4096,8192,16384,1651,4096,16384,16384,406,8192,16384,16384,16,2048,8192,8192,410,512,4096,8192,1655,1024,4096,8192,324,0,0,0,1,1024,65536,262144,20774,1048576,1048576,1048576,42,524288,524288,524288,42,524288,524288,524288,42,512,1024,1024,42,64,16384,65536,42,64,512,2048,2897,128,512,4096,2834,128,512,4096,126846,64,512,1024,14859,64,256,512,1995,128,512,1024,3780,256,1024,4096,1158,256,512,4096,1131,64,512,4096,20025,64,512,512,2205,64,512,4096,528,64,256,512,126,128,512,1024,144,128,256,256,9,0,0,0,0,0,0,0,0,0,0,0,0,64,128,128,21,128,16384,16384,21,13.61,7.62,5.99,0,16,7,410,55,2057,0,262144,524288,524288,524288,524288,6,2097152,4194304,4194304,4194304,4194304,8,2097152,4194304,4194304,4194304,4194304,12,2097152,4194304,4194304,8388608,8388608,170,131072,4194304,4194304,4194304,4194304,31,65536,131072,2097152,4194304,4194304,970,0,0,0,0,0,0,0,0,0,0,0,0,128,256,256,512,512,1197,65536,2097152,4194304,4194304,8388608,1197,128,256,256,256,256,6,256,256,512,1024,1024,1191,190686,0,40339,20590,47142,0,42,21,0
3.65972E+13,2048,2048,8192,16384,13999,512,4096,8192,2047,4096,8192,16384,1664,4096,16384,16384,375,8192,16384,16384,16,2048,8192,8192,428,512,4096,8192,1666,1024,8192,8192,282,0,0,0,1,512,65536,262144,20662,1048576,1048576,1048576,41,524288,524288,524288,41,524288,524288,524288,41,512,1024,1024,41,64,128,8192,41,128,512,4096,2727,128,512,1024,2727,128,512,4096,125991,64,512,1024,14976,64,256,512,1765,64,512,4096,3627,256,1024,4096,1383,256,512,4096,1194,64,512,4096,20124,64,512,512,2538,64,256,512,462,64,256,512,171,128,512,4096,144,128,256,256,9,0,0,0,0,0,0,0,0,0,0,0,0,64,128,128,21,64,256,256,21,12.32,7.11,5.21,0,16,7,428,42,2039,0,0,0,0,0,0,0,2097152,4194304,4194304,4194304,4194304,11,2097152,2097152,2097152,2097152,2097152,10,2097152,4194304,4194304,4194304,4194304,203,131072,2097152,2097152,2097152,2097152,16,65536,131072,2097152,4194304,4194304,882,0,0,0,0,0,0,0,0,0,0,0,0,128,256,256,512,512,1122,65536,2097152,4194304,4194304,4194304,1122,0,0,0,0,0,0,256,256,512,512,1024,1122,192096,0,40077,20418,46621,0,41,21,0
3.65983E+13,2048,2048,8192,16384,14002,512,4096,8192,2047,4096,8192,16384,1684,4096,16384,16384,476,8192,8192,8192,22,2048,8192,8192,419,512,4096,8192,1636,1024,4096,8192,288,0,0,0,0,512,65536,262144,20753,1048576,1048576,1048576,41,524288,524288,524288,41,524288,524288,524288,41,512,1024,1024,41,64,512,32768,41,64,512,4096,2604,64,512,4096,2604,128,512,4096,126018,64,512,4096,15156,64,256,512,2357,64,512,4096,4077,256,1024,4096,1251,256,512,4096,1170,64,512,4096,19233,64,256,512,2367,64,256,1024,498,64,256,256,180,128,512,4096,198,0,0,0,0,0,0,0,0,0,0,0,0,0,0,0,0,64,128,128,20,128,128,128,20,13.26,7.13,6.13,0,22,2,419,52,2160,0,0,0,0,0,0,0,2097152,4194304,4194304,4194304,4194304,16,2097152,2097152,2097152,2097152,4194304,11,2097152,2097152,4194304,4194304,8388608,199,131072,2097152,2097152,2097152,2097152,14,65536,131072,2097152,2097152,2097152,915,0,0,0,0,0,0,0,0,0,0,0,0,128,256,512,512,512,1155,65536,2097152,4194304,4194304,8388608,1155,0,0,0,0,0,0,256,256,512,1024,16384,1155,193596,0,40634,20525,46428,0,41,20,0
3.65993E+13,2048,2048,8192,16384,14182,512,4096,8192,2051,4096,8192,16384,1685,4096,16384,16384,458,8192,16384,16384,20,2048,8192,8192,467,512,4096,8192,1652,1024,4096,8192,262,0,0,0,0,512,65536,262144,20949,1048576,1048576,1048576,42,524288,524288,524288,42,524288,524288,524288,42,512,1024,1024,42,128,128,1024,42,64,512,4096,2582,128,512,4096,2582,128,512,4096,127638,64,512,4096,15165,64,256,512,2395,64,512,4096,3861,256,1024,4096,1242,256,512,1024,1314,64,512,4096,20232,64,256,512,2331,64,256,4096,381,64,256,1024,252,128,1024,4096,180,0,0,0,0,0,0,0,0,0,0,0,0,0,0,0,0,64,128,128,21,128,128,256,21,12.69,6.28,6.41,0,20,3,467,40,2143,0,0,0,0,0,0,0,2097152,2097152,2097152,2097152,2097152,7,2097152,4194304,4194304,4194304,4194304,20,2097152,4194304,4194304,4194304,4194304,200,131072,2097152,2097152,2097152,2097152,21,65536,131072,2097152,4194304,4194304,941,0,0,0,0,0,0,0,0,0,0,0,0,128,256,256,512,512,1189,65536,2097152,4194304,4194304,4194304,1189,0,0,0,0,0,0,256,256,512,1024,1024,1189,195080,0,40868,20727,47222,0,42,21,0
3.66003E+13,1987,2048,8192,16384,13994,512,4096,8192,2022,4096,8192,16384,1619,4096,16384,16384,387,8192,8192,8192,19,2048,8192,8192,394,512,4096,8192,1643,1024,4096,8192,263,2048,2048,2048,2,512,65536,131072,20506,1048576,1048576,1048576,41,524288,524288,524288,41,524288,524288,524288,41,512,1024,2048,41,64,128,65536,41,128,512,4096,2548,64,512,1024,3097,128,512,4096,125946,64,512,2048,14571,64,256,512,2136,64,512,1024,3393,256,1024,2048,1268,256,512,1024,1133,64,512,4096,19566,64,256,512,2493,64,512,4096,441,64,512,1024,144,64,512,4096,171,128,256,256,18,0,0,0,0,0,0,0,0,0,0,0,0,64,128,128,21,128,128,256,21,11.81,6.09,5.71,0,19,1,394,48,2006,61,0,0,0,0,0,0,2097152,2097152,2097152,2097152,2097152,13,2097152,2097152,2097152,2097152,2097152,8,2097152,4194304,4194304,4194304,4194304,191,131072,2097152,2097152,2097152,2097152,21,65536,131072,2097152,4194304,4194304,891,0,0,0,0,0,0,0,0,0,0,0,0,128,256,256,512,4096,1124,65536,2097152,4194304,4194304,4194304,1124,0,0,0,0,0,0,256,256,512,512,1024,1124,196485,0,39694,20338,46250,0,41,21,0
3.66014E+13,1987,2048,8192,16384,13643,512,4096,8192,1985,4096,8192,16384,1582,4096,16384,16384,464,8192,8192,8192,15,2048,4096,8192,373,512,4096,8192,1627,1024,4096,8192,257,0,0,0,0,512,65536,262144,20081,1048576,1048576,1048576,41,524288,524288,524288,41,524288,524288,524288,41,512,1024,1024,41,64,128,65536,41,64,512,4096,2698,128,512,4096,2698,128,512,4096,122787,64,512,4096,14238,64,256,512,2361,128,512,1024,3609,256,1024,4096,1233,256,512,1024,1161,64,512,2048,20250,64,256,1024,2205,64,256,4096,537,64,256,512,135,128,512,4096,135,0,0,0,0,0,0,0,0,0,0,0,0,0,0,0,0,64,128,128,20,128,128,128,20,12.96,7.17,5.79,0,15,0,373,57,2046,0,0,0,0,0,0,0,2097152,2097152,2097152,2097152,2097152,8,2097152,2097152,2097152,2097152,2097152,13,2097152,4194304,4194304,4194304,8388608,184,2097152,2097152,4194304,4194304,4194304,22,65536,131072,2097152,2097152,2097152,943,0,0,0,0,0,0,0,0,0,0,0,0,128,256,256,512,512,1170,65536,2097152,4194304,4194304,8388608,1170,0,0,0,0,0,0,256,256,512,512,512,1170,197806,0,40131,19885,46297,0,41,20,0
3.66024E+13,1987,2048,8192,16384,13755,512,4096,8192,1986,4096,8192,16384,1632,4096,8192,16384,444,8192,16384,16384,23,2048,8192,8192,403,512,4096,8192,1593,1024,4096,8192,285,2048,2048,2048,2,512,65536,131072,20300,1048576,1048576,1048576,42,524288,524288,524288,42,524288,524288,524288,42,1024,1024,2048,42,64,1024,32768,42,64,512,1024,2831,64,512,4096,2831,128,512,4096,123795,64,512,4096,14688,64,256,512,2400,64,512,1024,3420,256,1024,4096,1187,256,512,4096,1259,64,512,4096,20781,64,512,1024,2421,64,256,512,567,64,256,512,207,128,512,4096,207,128,512,512,18,1024,2048,2048,44,1024,1024,1024,33,64,64,64,77,64,128,128,21,64,128,128,21,13.44,7.28,6.15,33,23,0,403,55,2076,0,0,0,0,0,0,0,2097152,2097152,2097152,2097152,2097152,6,2097152,4194304,4194304,4194304,4194304,16,2097152,4194304,4194304,4194304,4194304,197,2097152,2097152,2097152,2097152,4194304,25,65536,131072,262144,4194304,4194304,973,0,0,0,0,0,0,0,0,0,0,0,0,128,256,512,512,512,1217,65536,2097152,4194304,4194304,4194304,1217,0,0,0,0,0,0,256,256,512,512,512,1217,199179,0,39181,20156,46258,0,42,21,0
3.66034E+13,1987,2048,8192,16384,13967,512,4096,8192,1987,4096,8192,16384,1585,4096,16384,16384,395,8192,16384,16384,18,2048,8192,8192,448,512,4096,8192,1572,1024,4096,8192,305,2048,2048,2048,5,1024,65536,262144,20449,1048576,1048576,1048576,41,524288,524288,524288,41,524288,524288,524288,41,1024,1024,1024,41,64,128,4096,41,128,512,2048,2626,128,512,1024,2626,128,512,4096,125703,64,512,1024,14265,64,256,512,2275,128,512,1024,3339,256,1024,4096,1160,256,512,1024,1295,64,512,1024,19098,64,256,1024,2358,64,256,512,582,64,256,512,243,128,1024,4096,162,128,256,512,45,1024,2048,2048,17,1024,1024,2048,28,64,64,64,45,64,128,128,21,64,128,128,21,11.12,6.07,5.05,28,18,3,448,52,1980,0,0,0,0,0,0,0,2097152,2097152,2097152,2097152,2097152,8,2097152,2097152,2097152,2097152,2097152,13,2097152,4194304,4194304,4194304,4194304,192,65536,4194304,4194304,4194304,4194304,31,65536,131072,2097152,2097152,4194304,953,0,0,0,0,0,0,0,0,0,0,0,0,128,256,256,512,512,1197,65536,2097152,4194304,4194304,4194304,1197,0,0,0,0,0,0,128,256,512,512,512,1197,200511,0,38385,20290,44175,0,41,21,0
3.66045E+13,1987,2048,8192,16384,14278,512,4096,8192,1984,4096,8192,16384,1635,4096,8192,16384,409,8192,16384,16384,24,2048,8192,8192,420,512,4096,8192,1650,1024,4096,8192,303,0,0,0,0,512,65536,262144,20888,1048576,1048576,1048576,42,524288,524288,524288,42,524288,524288,524288,42,512,2048,2048,42,64,32768,65536,42,128,512,1024,2665,128,512,1024,2665,128,512,4096,128502,64,512,1024,14715,64,256,512,2168,128,512,1024,3159,256,1024,4096,1269,256,512,1024,1287,64,512,4096,19053,64,256,512,2457,64,256,4096,444,64,512,4096,180,128,512,4096,216,0,0,0,0,0,0,0,0,0,0,0,0,0,0,0,0,64,128,128,21,128,128,128,21,13.11,7.74,5.37,0,24,5,420,59,2044,0,0,0,0,0,0,0,2097152,4194304,4194304,4194304,4194304,8,2097152,2097152,2097152,2097152,4194304,13,2097152,4194304,4194304,4194304,8388608,174,131072,2097152,2097152,2097152,4194304,27,65536,131072,2097152,2097152,4194304,896,0,0,0,0,0,0,0,0,0,0,0,0,128,256,256,512,512,1118,65536,2097152,4194304,4194304,8388608,1118,0,0,0,0,0,0,256,256,512,512,1024,1118,201945,0,38876,20690,45151,0,42,21,0
3.66055E+13,1987,2048,8192,16384,13978,512,4096,8192,1986,4096,8192,16384,1613,4096,8192,16384,407,8192,8192,16384,25,2048,8192,8192,416,512,4096,4096,1637,1024,4096,8192,262,2048,2048,2048,4,512,65536,262144,20537,1048576,1048576,1048576,41,524288,524288,524288,41,524288,524288,524288,41,512,2048,2048,41,128,32768,32768,41,128,512,1024,2577,128,512,1024,2577,128,512,4096,125802,64,512,1024,14517,64,256,512,2189,128,512,512,3213,256,1024,1024,1140,256,512,1024,1203,64,512,2048,20025,64,512,512,2205,64,256,512,462,64,256,512,216,128,1024,1024,225,128,256,512,36,0,0,0,0,0,0,0,0,0,0,0,0,64,128,128,20,128,128,128,20,13.49,7.31,6.18,0,25,10,416,59,2020,0,0,0,0,0,0,0,2097152,2097152,2097152,2097152,2097152,8,2097152,2097152,2097152,2097152,4194304,13,2097152,4194304,4194304,4194304,4194304,196,131072,2097152,2097152,2097152,2097152,23,65536,131072,2097152,2097152,4194304,1010,0,0,0,0,0,0,0,0,0,0,0,0,128,256,512,512,512,1250,65536,2097152,4194304,4194304,4194304,1250,0,0,0,0,0,0,128,256,512,512,512,1250,203225,0,38792,20357,45410,0,41,20,0
3.66066E+13,1987,2048,8192,16384,13838,512,4096,4096,1987,4096,8192,16384,1619,4096,16384,16384,402,8192,8192,8192,26,2048,8192,8192,367,512,4096,8192,1613,1024,4096,8192,229,2048,2048,2048,2,1024,65536,262144,20295,1048576,1048576,1048576,41,524288,524288,524288,41,524288,524288,524288,41,512,1024,2048,41,64,128,32768,41,128,512,4096,2368,128,512,4096,2368,128,512,4096,124542,64,512,1024,14571,64,256,512,2095,64,512,1024,3357,256,1024,1024,1056,256,512,1024,1119,64,512,4096,18270,64,256,1024,2043,64,256,512,546,64,256,512,207,128,512,4096,234,64,256,256,18,0,0,0,0,0,0,0,0,0,0,0,0,64,128,128,21,128,128,128,21,12.59,6.93,5.67,0,26,14,367,47,2021,0,0,0,0,0,0,0,2097152,2097152,2097152,2097152,2097152,7,2097152,4194304,4194304,4194304,4194304,11,2097152,4194304,4194304,4194304,4194304,198,2097152,2097152,2097152,2097152,2097152,20,65536,131072,2097152,4194304,4194304,928,0,0,0,0,0,0,0,0,0,0,0,0,128,256,512,512,1024,1164,65536,2097152,4194304,4194304,4194304,1164,0,0,0,0,0,0,256,256,512,1024,32768,1164,204536,0,39818,20074,46504,0,41,21,0
3.66076E+13,1987,2048,8192,16384,13512,512,4096,8192,1989,4096,8192,16384,1602,4096,16384,16384,379,8192,16384,16384,20,2048,4096,8192,417,512,4096,8192,1572,1024,4096,8192,251,0,0,0,1,1024,65536,262144,19937,1048576,1048576,1048576,42,524288,524288,524288,42,524288,524288,524288,42,512,1024,1024,42,64,128,65536,42,128,512,4096,2629,128,512,4096,2629,128,512,4096,121608,64,512,1024,14418,64,256,512,2070,128,512,2048,3213,256,1024,1024,1196,256,512,1024,1295,64,512,4096,18180,64,256,512,2277,64,256,512,432,64,256,512,198,128,4096,4096,180,128,512,512,9,0,0,0,0,0,0,0,0,0,0,0,0,64,128,128,21,64,128,128,21,14.23,7.55,6.67,0,20,19,417,51,1981,0,0,0,0,0,0,0,2097152,4194304,4194304,4194304,4194304,19,2097152,4194304,4194304,4194304,4194304,17,2097152,4194304,4194304,4194304,4194304,178,131072,2097152,2097152,2097152,2097152,30,65536,131072,2097152,2097152,2097152,937,0,0,0,0,0,0,0,0,0,0,0,0,128,256,256,512,1024,1181,65536,2097152,4194304,4194304,4194304,1181,0,0,0,0,0,0,256,256,512,512,1024,1181,205843,0,39048,19696,45447,0,42,21,0
3.66086E+13,1987,2048,8192,16384,14010,512,4096,8192,1986,4096,8192,16384,1645,4096,16384,16384,377,8192,16384,16384,25,2048,4096,8192,432,512,4096,8192,1627,1024,4096,8192,264,0,0,0,1,1024,65536,262144,20577,1048576,1048576,1048576,41,524288,524288,524288,41,524288,524288,524288,41,512,1024,2048,41,128,8192,32768,41,128,512,4096,2561,128,512,4096,2561,128,512,4096,126090,64,512,1024,14805,64,256,512,2057,128,512,1024,3123,256,1024,4096,1269,256,512,1024,1314,64,512,2048,19602,64,256,2048,2196,64,256,512,528,64,256,512,270,128,512,4096,225,128,256,256,9,0,0,0,0,0,0,0,0,0,0,0,0,64,128,128,20,128,128,128,20,12.5,6.31,6.19,0,25,39,432,52,2022,0,0,0,0,0,0,0,2097152,2097152,2097152,2097152,2097152,2,2097152,2097152,2097152,2097152,4194304,12,2097152,4194304,4194304,8388608,8388608,208,65536,2097152,2097152,2097152,4194304,22,65536,131072,131072,2097152,2097152,1060,0,0,0,0,0,0,0,0,0,0,0,0,128,256,256,512,8192,1304,65536,2097152,4194304,8388608,8388608,1304,0,0,0,0,0,0,256,256,512,512,512,1304,207109,0,39882,20326,46342,0,41,20,0
3.66097E+13,1928,2048,8192,16384,13509,512,4096,4096,1986,4096,8192,16384,1585,4096,8192,16384,405,8192,8192,8192,22,2048,4096,8192,421,512,4096,8192,1611,1024,4096,8192,288,2048,2048,2048,2,512,65536,262144,20025,1048576,1048576,1048576,41,524288,524288,524288,41,524288,524288,524288,41,512,2048,2048,41,64,128,128,41,64,512,1024,2571,64,512,4096,3102,128,512,4096,121581,64,512,4096,14265,64,256,512,2103,128,512,4096,3645,256,1024,4096,1173,256,512,4096,1101,64,512,4096,19107,64,256,512,2322,64,256,512,432,64,256,512,162,128,512,4096,198,256,512,512,18,0,0,0,0,0,0,0,0,0,0,0,0,64,128,128,21,64,128,128,21,13.26,6.69,6.57,0,22,36,421,61,1990,59,0,0,0,0,0,0,2097152,2097152,2097152,2097152,2097152,6,2097152,2097152,2097152,2097152,8388608,8,2097152,2097152,4194304,4194304,8388608,200,131072,4194304,4194304,4194304,4194304,20,65536,131072,2097152,2097152,2097152,832,0,0,0,0,0,0,0,0,0,0,0,0,128,256,256,512,512,1066,65536,2097152,4194304,4194304,8388608,1066,0,0,0,0,0,0,256,256,512,512,1024,1066,208632,0,39596,19887,44975,0,41,21,0
3.66107E+13,1928,2048,8192,16384,13411,512,4096,8192,1927,4096,8192,16384,1534,4096,8192,16384,365,8192,8192,8192,16,2048,8192,8192,387,512,4096,4096,1578,1024,4096,8192,303,0,0,0,1,1024,65536,262144,19710,1048576,1048576,1048576,42,524288,524288,524288,42,524288,524288,524288,42,512,1024,1024,42,64,8192,16384,42,128,512,4096,2718,128,512,1024,2718,128,512,4096,120699,64,512,1024,13806,64,256,512,1805,128,512,1024,3222,256,1024,1024,1254,256,512,512,1146,64,512,2048,18432,64,256,512,2169,64,512,2048,507,64,256,512,99,64,512,4096,144,64,256,256,9,0,0,0,0,0,0,0,0,0,0,0,0,64,128,128,21,128,128,256,21,12.84,7.05,5.79,0,16,32,387,58,1899,0,0,0,0,0,0,0,2097152,2097152,2097152,2097152,4194304,7,2097152,4194304,4194304,4194304,4194304,11,2097152,4194304,4194304,4194304,4194304,135,131072,4194304,4194304,4194304,4194304,18,65536,131072,2097152,2097152,16777216,637,2097152,4194304,4194304,4194304,4194304,68,0,0,0,0,0,0,128,256,512,512,512,876,65536,2097152,4194304,4194304,16777216,876,0,0,0,0,0,0,256,256,512,1024,1024,876,210148,0,37355,19523,43651,0,42,21,0
3.66117E+13,1928,2048,8192,16384,14025,512,4096,8192,1924,4096,8192,16384,1601,4096,16384,16384,395,8192,16384,16384,9,2048,8192,8192,378,512,4096,8192,1554,1024,4096,4096,267,2048,2048,2048,2,64,65536,131072,20324,1048576,1048576,1048576,41,524288,524288,524288,41,524288,524288,524288,41,512,1024,2048,41,64,32768,32768,41,128,512,1024,2518,128,512,4096,2518,128,512,4096,126225,64,512,1024,14409,64,256,512,2084,64,512,1024,3429,256,1024,4096,1179,256,512,1024,1143,64,512,2048,18549,64,256,512,2133,64,256,512,555,64,256,512,144,256,512,4096,81,64,256,256,18,1024,2048,2048,3,0,0,0,0,64,64,64,3,64,128,128,20,128,128,128,20,14.12,7.94,6.18,0,9,40,378,58,1996,0,0,0,0,0,0,0,2097152,2097152,2097152,2097152,2097152,7,2097152,2097152,2097152,2097152,4194304,11,2097152,4194304,4194304,4194304,8388608,195,131072,2097152,2097152,2097152,4194304,25,65536,131072,2097152,2097152,4194304,1017,0,0,0,0,0,0,0,0,0,0,0,0,128,256,512,512,512,1255,65536,2097152,4194304,4194304,8388608,1255,0,0,0,0,0,0,256,256,512,512,1024,1255,211374,0,38705,20137,45154,0,41,20,0
3.66128E+13,1928,2048,8192,16384,13617,512,4096,4096,1929,4096,8192,16384,1581,4096,16384,16384,411,8192,8192,8192,19,2048,8192,8192,411,512,4096,8192,1587,1024,4096,8192,264,2048,2048,2048,3,256,65536,262144,19989,1048576,1048576,1048576,41,524288,524288,524288,41,524288,524288,524288,41,512,1024,1024,41,64,16384,65536,41,128,512,4096,2449,128,512,1024,2449,128,512,4096,122553,64,512,1024,14229,64,256,512,2057,128,512,2048,3798,256,1024,4096,1224,256,512,512,1170,64,512,4096,19215,64,512,512,2187,64,512,1024,564,64,256,512,162,128,512,1024,171,128,256,256,27,1024,2048,2048,52,1024,1024,1024,55,64,64,128,107,64,128,128,21,64,128,128,21,14.12,8.62,5.5,55,19,39,411,61,1992,0,0,0,0,0,0,0,2097152,2097152,2097152,2097152,4194304,8,2097152,2097152,2097152,2097152,4194304,11,2097152,4194304,4194304,8388608,8388608,176,2097152,4194304,4194304,4194304,4194304,24,65536,131072,2097152,4194304,4194304,786,0,0,0,0,0,0,0,0,0,0,0,0,128,256,256,512,16384,1005,65536,2097152,4194304,4194304,8388608,1005,0,0,0,0,0,0,256,256,512,512,1024,1005,212946,0,38925,19931,45194,0,41,21,0
3.66138E+13,1928,2048,8192,16384,13690,512,4096,8192,2420,4096,8192,16384,1601,4096,8192,16384,421,8192,8192,16384,30,2048,8192,8192,400,512,4096,8192,1575,1024,4096,8192,263,0,0,0,0,128,65536,131072,20568,1048576,1048576,1048576,42,262144,524288,524288,42,524288,524288,524288,42,512,1024,1024,42,128,65536,131072,42,128,512,4096,2476,128,512,4096,2476,128,512,4096,123210,64,512,1024,14409,64,256,512,2354,128,512,2048,3546,256,1024,4096,1299,256,512,4096,1146,64,512,4096,19287,64,256,512,2196,64,256,1024,465,64,256,512,198,128,512,4096,270,0,0,0,0,2048,2048,2048,4,1024,1024,1024,4,0,64,64,8,64,128,128,21,128,128,128,21,12.44,6.73,5.71,4,30,30,400,46,2022,0,0,0,0,0,0,0,2097152,4194304,4194304,4194304,4194304,14,2097152,4194304,4194304,4194304,4194304,11,2097152,2097152,4194304,4194304,4194304,196,131072,2097152,2097152,2097152,2097152,24,65536,131072,2097152,2097152,2097152,936,0,0,0,0,0,0,0,0,0,0,0,0,128,256,256,512,512,1181,65536,2097152,4194304,4194304,4194304,1181,0,0,0,0,0,0,256,256,512,512,1024,1181,214297,0,39526,20388,45161,0,42,21,0
3.66148E+13,1928,2048,8192,16384,13636,512,4096,8192,1998,4096,8192,16384,1518,4096,16384,16384,368,8192,16384,16384,27,2048,8192,8192,407,512,4096,8192,1542,1024,4096,8192,246,2048,2048,2048,4,128,65536,262144,19899,1048576,1048576,1048576,41,262144,524288,524288,41,524288,524288,1048576,41,512,1024,2048,41,128,16384,32768,41,64,512,4096,2425,128,512,4096,2425,128,512,4096,122724,64,512,1024,13662,64,256,512,1930,64,512,1024,3033,256,1024,4096,1269,256,512,1024,1242,64,512,4096,20178,64,256,512,2295,64,256,512,546,128,256,512,234,128,512,4096,243,128,512,512,36,0,0,0,0,0,0,0,0,0,0,0,0,64,128,128,20,128,128,128,20,14.37,7.37,7,0,27,29,407,44,1886,0,0,0,0,0,0,0,2097152,4194304,4194304,4194304,8388608,12,2097152,2097152,2097152,2097152,2097152,13,2097152,4194304,4194304,4194304,4194304,188,2097152,2097152,2097152,2097152,4194304,20,65536,131072,2097152,2097152,4194304,938,0,0,0,0,0,0,0,0,0,0,0,0,128,256,256,512,512,1171,65536,2097152,4194304,4194304,8388608,1171,0,0,0,0,0,0,256,256,512,512,1024,1171,215519,0,37828,19718,44430,0,41,20,0
3.66159E+13,1935,2048,8192,16384,13248,512,4096,8192,2037,4096,8192,16384,1538,4096,16384,16384,404,8192,16384,16384,12,2048,8192,8192,370,512,4096,8192,1545,1024,4096,8192,242,0,0,0,0,256,65536,262144,19552,1048576,1048576,1048576,42,524288,524288,524288,42,524288,524288,524288,42,512,512,1024,42,128,4096,32768,42,64,512,4096,2371,128,512,4096,2308,128,512,4096,119232,64,512,4096,13842,64,256,512,2019,64,512,1024,3348,256,1024,1024,1146,256,512,1024,1047,64,512,4096,20151,64,256,1024,2223,64,256,512,639,64,256,512,99,128,512,4096,108,0,0,0,0,0,0,0,0,0,0,0,0,0,0,0,0,64,128,128,21,128,16384,16384,21,12.82,7.29,5.53,0,12,32,370,41,1942,0,262144,262144,262144,262144,524288,7,2097152,2097152,2097152,2097152,2097152,8,2097152,2097152,2097152,2097152,2097152,9,2097152,4194304,4194304,4194304,4194304,195,2097152,2097152,2097152,2097152,2097152,24,65536,131072,2097152,4194304,4194304,915,0,0,0,0,0,0,0,0,0,0,0,0,128,256,256,512,512,1158,65536,2097152,4194304,4194304,4194304,1158,128,256,256,256,256,7,256,256,512,512,1024,1151,216758,0,39326,19403,45289,0,42,21,0
3.66169E+13,1950,2048,8192,16384,13778,512,4096,8192,1943,4096,8192,16384,1596,4096,16384,16384,477,8192,8192,16384,23,2048,8192,8192,394,512,4096,8192,1622,1024,4096,8192,280,0,0,0,1,256,65536,131072,20257,1048576,1048576,1048576,41,524288,524288,524288,41,524288,524288,524288,41,512,1024,1024,41,64,4096,32768,41,64,512,4096,2679,128,512,4096,2544,128,512,4096,124002,64,512,4096,14364,64,256,512,2306,128,512,4096,3798,256,1024,2048,1203,256,512,1024,1167,64,512,4096,19089,64,256,512,2448,64,512,4096,429,64,256,512,180,128,512,4096,207,64,256,256,9,0,0,0,0,0,0,0,0,0,0,0,0,64,128,128,21,128,32768,32768,21,12.58,6.73,5.84,0,23,29,394,40,2073,0,262144,524288,524288,524288,524288,15,2097152,2097152,2097152,2097152,2097152,17,2097152,2097152,2097152,2097152,2097152,4,2097152,4194304,4194304,4194304,4194304,187,131072,2097152,2097152,2097152,2097152,20,65536,131072,2097152,4194304,4194304,974,0,0,0,0,0,0,0,0,0,0,0,0,128,256,256,512,512,1217,65536,2097152,4194304,4194304,4194304,1217,128,256,256,256,512,15,256,256,512,512,512,1202,218100,0,39319,20072,45527,0,41,21,0
3.66179E+13,1965,2048,8192,16384,13346,512,4096,8192,1753,4096,8192,16384,1536,4096,16384,32768,383,8192,8192,8192,15,2048,8192,8192,394,512,4096,8192,1534,1024,4096,8192,287,0,0,0,1,1024,65536,262144,19372,1048576,1048576,1048576,41,524288,524288,524288,41,524288,524288,524288,41,512,1024,1024,41,64,128,256,41,64,512,4096,2648,128,512,4096,2513,128,512,4096,120114,64,512,4096,13824,64,256,512,2191,128,512,4096,2790,256,1024,4096,1218,256,512,4096,1137,64,512,4096,18882,64,256,512,2079,64,256,512,402,64,256,512,162,128,512,4096,135,64,256,256,9,0,0,0,0,0,0,0,0,0,0,0,0,64,128,128,20,16384,65536,65536,20,12.75,6.38,6.38,0,15,29,394,46,1919,0,262144,524288,524288,524288,524288,15,2097152,2097152,2097152,2097152,2097152,11,2097152,2097152,2097152,2097152,4194304,11,2097152,4194304,4194304,4194304,8388608,180,2097152,2097152,2097152,2097152,4194304,24,65536,131072,2097152,2097152,2097152,846,0,0,0,0,0,0,0,0,0,0,0,0,128,256,256,512,1024,1087,65536,2097152,4194304,4194304,8388608,1087,128,256,256,256,512,15,256,256,512,512,1024,1072,219416,0,38238,19239,45126,0,41,20,0
3.66189E+13,1983,2048,8192,16384,13138,512,4096,8192,2058,4096,8192,16384,1584,4096,16384,16384,406,8192,8192,8192,20,2048,8192,8192,422,512,4096,8192,1570,1024,4096,8192,271,2048,2048,2048,2,128,65536,262144,19641,1048576,1048576,1048576,40,524288,524288,524288,40,524288,524288,524288,40,512,1024,1024,40,64,32768,65536,40,64,512,4096,2826,64,512,1024,2664,128,512,4096,118242,64,512,1024,14256,64,256,512,2403,64,512,512,3186,256,1024,1024,1209,256,512,4096,1182,64,512,4096,18396,64,512,1024,2214,64,256,4096,441,64,256,1024,180,128,512,4096,180,64,256,256,18,0,0,0,0,0,0,0,0,0,0,0,0,64,128,128,20,256,65536,65536,20,13.67,7.48,6.19,0,20,41,422,53,1990,0,262144,524288,524288,524288,524288,18,2097152,2097152,2097152,2097152,4194304,10,2097152,2097152,2097152,2097152,2097152,10,2097152,4194304,4194304,4194304,4194304,186,131072,2097152,2097152,2097152,4194304,29,65536,131072,2097152,4194304,4194304,939,0,0,0,0,0,0,0,0,0,0,0,0,128,256,256,512,512,1192,65536,2097152,4194304,4194304,4194304,1192,128,256,256,256,512,18,128,256,512,512,1024,1174,220750,0,36398,19341,44618,0,40,20,0
3.66199E+13,1937,2048,8192,16384,13253,512,4096,8192,2002,4096,8192,16384,1567,4096,8192,16384,410,8192,8192,8192,21,2048,4096,8192,401,512,4096,8192,1599,1024,8192,16384,270,2048,2048,2048,4,512,65536,262144,19696,1048576,1048576,1048576,41,524288,524288,524288,41,524288,524288,524288,41,512,1024,1024,41,64,8192,32768,41,128,512,4096,2824,64,512,1024,3238,128,512,4096,119277,64,512,1024,14103,64,256,512,2187,64,512,1024,3339,256,1024,4096,1071,256,512,1024,1188,64,512,4096,19746,64,512,1024,2430,64,512,4096,450,64,512,1024,162,128,512,4096,189,128,512,512,36,0,0,0,0,0,0,0,0,0,0,0,0,64,128,128,21,128,32768,32768,21,12.45,6.98,5.46,0,21,29,401,35,1977,59,262144,262144,262144,262144,524288,13,2097152,2097152,2097152,2097152,4194304,10,2097152,2097152,2097152,2097152,2097152,7,2097152,4194304,4194304,4194304,4194304,189,131072,2097152,2097152,2097152,2097152,26,65536,131072,2097152,2097152,2097152,1006,0,0,0,0,0,0,0,0,0,0,0,0,128,256,512,512,1024,1251,65536,2097152,4194304,4194304,4194304,1251,256,256,256,256,512,13,128,256,512,512,1024,1238,222021,0,36568,19492,45065,0,41,21,0
3.6621E+13,1937,2048,8192,16384,13453,256,4096,4096,2021,4096,8192,16384,1557,4096,16384,16384,389,8192,8192,8192,16,2048,8192,8192,401,512,4096,8192,1535,1024,4096,8192,277,2048,2048,2048,2,1024,65536,131072,19849,1048576,1048576,1048576,41,262144,524288,524288,41,524288,524288,524288,41,512,1024,1024,41,64,128,1024,41,64,512,4096,2416,64,512,4096,2416,128,512,4096,121077,64,512,1024,14013,64,256,512,2107,128,512,1024,2952,256,1024,2048,1092,256,512,4096,1281,64,512,2048,19764,64,256,512,2403,64,256,512,318,64,256,512,144,128,512,1024,144,128,256,256,18,0,0,0,0,0,0,0,0,0,0,0,0,64,128,128,20,128,128,128,20,11.38,6.52,4.86,0,16,23,401,45,1946,0,0,0,0,0,0,0,2097152,2097152,2097152,2097152,2097152,5,2097152,4194304,4194304,4194304,4194304,9,2097152,4194304,4194304,8388608,8388608,178,2097152,4194304,4194304,4194304,4194304,21,65536,131072,2097152,2097152,4194304,878,0,0,0,0,0,0,0,0,0,0,0,0,128,256,256,512,512,1091,65536,2097152,4194304,4194304,8388608,1091,0,0,0,0,0,0,128,256,512,1024,8192,1091,223361,0,36517,19623,44122,0,41,20,0
3.6622E+13,1937,2048,8192,16384,13785,512,4096,8192,1937,4096,8192,16384,1588,4096,16384,16384,385,8192,8192,16384,21,2048,8192,16384,391,512,4096,8192,1599,1024,8192,8192,272,0,0,0,0,256,65536,262144,20150,1048576,1048576,1048576,41,524288,524288,524288,41,524288,524288,524288,41,512,1024,2048,41,64,8192,65536,41,128,512,4096,2624,128,512,1024,2624,128,512,4096,124065,64,512,1024,14292,64,256,512,2213,64,512,1024,3051,256,1024,2048,1182,256,512,1024,1254,64,512,2048,19323,64,512,1024,2196,64,256,4096,513,64,512,4096,234,128,512,4096,189,0,0,0,0,1024,2048,2048,22,1024,1024,1024,17,64,64,128,39,64,64,64,21,128,128,256,21,14.97,7.55,7.42,17,21,26,391,37,1973,0,0,0,0,0,0,0,2097152,2097152,2097152,2097152,2097152,7,2097152,2097152,2097152,2097152,2097152,9,2097152,4194304,4194304,4194304,4194304,192,131072,2097152,2097152,2097152,2097152,20,65536,131072,2097152,4194304,4194304,964,0,0,0,0,0,0,0,0,0,0,0,0,128,256,256,512,512,1192,65536,2097152,4194304,4194304,4194304,1192,0,0,0,0,0,0,256,256,512,1024,4096,1192,224634,0,38335,20040,45910,0,41,21,0
3.6623E+13,1937,2048,8192,16384,13341,512,4096,8192,1934,4096,8192,16384,1523,4096,16384,16384,379,8192,8192,8192,20,2048,8192,8192,374,512,4096,8192,1513,1024,4096,8192,222,2048,2048,2048,4,512,65536,262144,19480,1048576,1048576,1048576,40,524288,524288,524288,40,524288,524288,524288,40,512,1024,2048,40,64,16384,32768,40,128,512,4096,2432,128,512,4096,2432,128,512,4096,120069,64,512,2048,13707,64,256,512,2123,128,512,1024,2997,256,1024,2048,1107,256,512,1024,1188,64,512,4096,18396,64,512,512,2115,64,256,4096,432,64,512,512,180,128,512,4096,180,128,256,256,36,1024,2048,2048,37,1024,1024,1024,42,64,256,1024,79,64,128,128,20,64,128,128,20,14.33,8.52,5.81,42,20,19,374,45,1902,0,0,0,0,0,0,0,2097152,2097152,2097152,2097152,4194304,9,2097152,2097152,2097152,2097152,2097152,7,2097152,2097152,4194304,4194304,4194304,193,131072,2097152,2097152,2097152,2097152,28,65536,131072,2097152,2097152,4194304,950,0,0,0,0,0,0,0,0,0,0,0,0,128,256,256,512,512,1187,65536,2097152,2097152,4194304,4194304,1187,0,0,0,0,0,0,256,256,512,1024,2048,1187,225849,0,36857,19373,44770,0,40,20,0
3.6624E+13,1937,2048,8192,16384,13673,512,4096,8192,1938,4096,8192,16384,1581,4096,16384,16384,376,8192,8192,8192,19,2048,8192,8192,418,512,4096,8192,1615,1024,4096,8192,272,0,0,0,1,1024,65536,262144,20077,1048576,1048576,1048576,41,524288,524288,524288,41,524288,524288,524288,41,512,1024,2048,41,128,8192,32768,41,64,512,1024,2418,128,512,1024,2418,128,512,4096,123057,64,512,1024,14229,64,256,512,2086,64,512,1024,3042,256,1024,1024,1149,256,512,1024,1149,64,512,1024,18603,64,256,512,2151,64,256,512,390,128,256,512,162,128,512,1024,171,128,256,256,9,0,0,0,0,0,0,0,0,0,0,0,0,64,128,128,20,128,128,128,20,13.7,8.63,5.07,0,19,23,418,44,1957,0,0,0,0,0,0,0,2097152,2097152,2097152,2097152,4194304,8,2097152,2097152,2097152,2097152,4194304,10,2097152,4194304,4194304,4194304,4194304,191,2097152,2097152,2097152,2097152,2097152,28,65536,131072,2097152,2097152,4194304,910,0,0,0,0,0,0,0,0,0,0,0,0,128,256,512,512,512,1147,65536,2097152,4194304,4194304,4194304,1147,0,0,0,0,0,0,256,256,512,1024,1024,1147,227163,0,35995,19846,43408,0,41,20,0
3.6625E+13,1937,2048,8192,16384,13711,512,4096,8192,1936,4096,8192,16384,1539,4096,16384,16384,408,8192,8192,8192,20,2048,8192,8192,403,512,4096,8192,1536,1024,4096,8192,257,2048,2048,2048,2,256,65536,262144,20009,1048576,1048576,1048576,41,524288,524288,524288,41,524288,524288,524288,41,1024,1024,1024,41,64,32768,32768,41,128,512,4096,2685,128,512,1024,2685,128,512,4096,123399,64,512,1024,13851,64,256,512,2133,64,512,1024,3528,256,1024,2048,1219,256,512,2048,1210,64,512,4096,18639,64,256,1024,1917,64,256,4096,489,64,256,1024,198,128,512,4096,180,128,512,512,18,0,0,0,0,0,0,0,0,0,0,0,0,64,128,128,21,128,256,256,21,13.31,6.53,6.78,0,20,24,403,43,1947,0,0,0,0,0,0,0,2097152,2097152,2097152,2097152,2097152,11,2097152,2097152,2097152,2097152,2097152,10,2097152,4194304,4194304,4194304,4194304,192,2097152,2097152,2097152,2097152,4194304,20,65536,131072,2097152,2097152,2097152,913,0,0,0,0,0,0,0,0,0,0,0,0,128,256,256,512,512,1146,65536,2097152,4194304,4194304,4194304,1146,0,0,0,0,0,0,256,256,512,512,512,1146,228454,0,37963,19822,45151,0,41,21,0
3.66261E+13,1937,2048,8192,16384,13900,512,4096,8192,1934,4096,8192,16384,1558,4096,8192,16384,342,8192,8192,16384,22,2048,8192,8192,378,512,4096,8192,1557,1024,8192,8192,280,0,0,0,1,1024,65536,262144,20158,1048576,1048576,1048576,41,524288,524288,524288,41,524288,524288,524288,41,1024,1024,1024,41,64,8192,65536,41,64,512,1024,2578,128,512,1024,2578,128,512,4096,125100,64,512,1024,14022,64,256,512,1870,128,512,1024,2943,256,1024,1024,1092,256,512,1024,1137,64,512,1024,18459,64,256,512,2079,64,256,4096,411,64,256,512,189,128,512,4096,198,128,256,256,9,0,0,0,0,0,0,0,0,0,0,0,0,64,128,128,20,128,256,256,20,12.43,6.92,5.51,0,22,25,378,41,1900,0,0,0,0,0,0,0,2097152,2097152,2097152,2097152,2097152,3,2097152,2097152,2097152,2097152,4194304,9,2097152,4194304,4194304,8388608,8388608,192,2097152,2097152,2097152,2097152,4194304,22,65536,131072,2097152,2097152,2097152,858,0,0,0,0,0,0,0,0,0,0,0,0,128,256,256,512,512,1084,65536,2097152,4194304,4194304,8388608,1084,0,0,0,0,0,0,128,256,512,1024,1024,1084,229736,0,37123,19918,44262,0,41,20,0
3.66271E+13,1937,2048,8192,16384,13340,512,4096,8192,1934,4096,8192,16384,1556,4096,8192,16384,375,8192,16384,16384,17,2048,4096,8192,381,512,4096,8192,1512,1024,4096,8192,273,2048,2048,2048,4,1024,65536,262144,19574,1048576,1048576,1048576,40,524288,524288,524288,40,524288,524288,524288,40,512,1024,1024,40,64,32768,32768,40,64,512,1024,2544,128,512,1024,2544,128,512,4096,120060,64,512,1024,14004,64,256,512,1872,128,512,1024,3312,256,1024,1024,1164,256,512,1024,1092,64,512,1024,18477,64,256,512,1917,64,256,512,447,64,256,512,117,128,512,4096,153,128,512,512,36,0,0,0,0,0,0,0,0,0,0,0,0,64,64,64,20,64,256,256,20,12.24,7.86,4.38,0,17,28,381,39,1931,0,0,0,0,0,0,0,2097152,2097152,2097152,2097152,4194304,14,2097152,4194304,4194304,4194304,4194304,11,2097152,4194304,4194304,8388608,8388608,187,65536,2097152,2097152,2097152,4194304,25,65536,131072,2097152,2097152,2097152,933,0,0,0,0,0,0,0,0,0,0,0,0,128,256,256,512,512,1170,65536,2097152,4194304,4194304,8388608,1170,0,0,0,0,0,0,256,256,512,512,512,1170,230962,0,35889,19401,43017,0,40,20,0
3.66281E+13,1937,2048,8192,16384,13734,512,4096,4096,1938,4096,8192,16384,1590,4096,16384,16384,413,8192,16384,16384,17,2048,8192,8192,382,512,4096,8192,1593,1024,4096,8192,259,2048,2048,2048,2,512,65536,262144,20095,1048576,1048576,1048576,41,524288,524288,524288,41,524288,524288,524288,41,512,2048,2048,41,64,32768,65536,41,64,512,1024,2490,128,512,1024,2490,128,512,4096,123606,64,512,1024,14310,64,256,512,2012,64,512,2048,3465,256,1024,1024,1209,256,512,2048,1209,64,512,4096,18747,64,256,512,2322,64,512,4096,360,128,256,1024,171,128,512,8192,153,128,512,512,18,0,0,0,0,0,0,0,0,0,0,0,0,64,128,128,21,128,128,128,21,13.64,6.63,7.01,0,17,23,382,54,2003,0,0,0,0,0,0,0,2097152,4194304,4194304,4194304,4194304,9,2097152,2097152,2097152,2097152,2097152,15,2097152,4194304,4194304,4194304,4194304,181,131072,2097152,2097152,2097152,2097152,36,65536,131072,2097152,2097152,4194304,935,0,0,0,0,0,0,0,0,0,0,0,0,128,256,512,512,1024,1176,65536,2097152,4194304,4194304,4194304,1176,0,0,0,0,0,0,256,256,512,512,512,1176,232265,0,38265,19924,45388,0,41,21,0
3.66291E+13,1937,2048,8192,16384,13098,512,4096,8192,1936,4096,8192,16384,1516,4096,16384,16384,419,8192,8192,8192,17,2048,8192,8192,450,512,4096,8192,1520,1024,4096,8192,275,0,0,0,0,64,65536,131072,19372,1048576,1048576,1048576,40,524288,524288,524288,40,524288,524288,524288,40,512,1024,1024,40,64,128,16384,40,128,512,4096,2355,128,512,4096,2355,128,512,4096,117882,64,512,1024,13644,64,256,512,1990,128,512,1024,3564,256,1024,4096,1146,256,512,512,1227,64,512,4096,18171,64,256,1024,1998,64,512,1024,417,64,256,512,171,128,512,4096,153,0,0,0,0,0,0,0,0,0,0,0,0,0,0,0,0,64,128,128,20,128,128,128,20,11.18,5.78,5.4,0,17,19,450,49,1935,0,0,0,0,0,0,0,2097152,2097152,2097152,2097152,4194304,12,2097152,2097152,2097152,2097152,4194304,12,2097152,4194304,4194304,4194304,8388608,182,131072,2097152,2097152,2097152,2097152,22,65536,131072,2097152,2097152,4194304,981,0,0,0,0,0,0,0,0,0,0,0,0,128,256,256,512,512,1209,65536,2097152,4194304,4194304,8388608,1209,0,0,0,0,0,0,256,256,512,512,512,1209,233526,0,37526,19195,44758,0,40,20,0
3.66301E+13,1879,2048,8192,16384,13534,512,4096,4096,1911,4096,8192,16384,1549,4096,8192,32768,394,8192,16384,16384,18,2048,8192,8192,381,512,4096,8192,1575,1024,4096,8192,235,0,0,0,0,512,65536,131072,19750,1048576,1048576,1048576,41,262144,524288,524288,41,524288,524288,524288,41,512,1024,1024,41,64,16384,65536,41,64,512,4096,2342,64,512,1024,2864,128,512,4096,121806,64,512,4096,13941,64,256,512,1888,128,512,1024,3060,256,1024,1024,1173,256,512,1024,1128,64,512,2048,18072,64,512,512,2034,64,512,512,474,64,256,512,135,128,512,4096,162,0,0,0,0,0,0,0,0,0,0,0,0,0,0,0,0,64,128,128,20,128,128,128,20,14.72,7.11,7.61,0,18,20,381,51,1943,58,0,0,0,0,0,0,2097152,2097152,2097152,2097152,2097152,10,2097152,2097152,2097152,2097152,4194304,9,2097152,4194304,4194304,4194304,8388608,181,131072,2097152,2097152,2097152,8388608,18,65536,131072,2097152,4194304,4194304,926,0,0,0,0,0,0,0,0,0,0,0,0,128,256,256,512,512,1144,65536,2097152,4194304,4194304,8388608,1144,0,0,0,0,0,0,256,256,512,512,4096,1144,234853,0,37615,19654,44085,0,41,20,0
3.66311E+13,1879,2048,8192,16384,12943,512,4096,8192,1877,4096,8192,16384,1487,4096,8192,16384,388,8192,16384,16384,17,2048,8192,8192,360,512,4096,8192,1478,1024,4096,8192,254,0,0,0,0,512,65536,131072,18930,1048576,1048576,1048576,41,524288,524288,524288,41,524288,524288,524288,41,512,1024,1024,41,64,16384,32768,41,128,512,4096,2488,128,512,4096,2488,128,512,4096,116487,64,512,1024,13383,64,256,512,2050,128,512,4096,3042,256,1024,1024,1263,256,512,1024,1200,64,512,4096,17847,64,256,512,2061,64,256,512,429,64,256,512,207,128,512,4096,153,0,0,0,0,0,0,0,0,0,0,0,0,0,0,0,0,64,128,128,21,64,128,128,21,14.23,7.11,7.11,0,17,16,360,49,1875,0,0,0,0,0,0,0,2097152,2097152,2097152,2097152,2097152,6,2097152,2097152,2097152,2097152,4194304,16,2097152,2097152,4194304,4194304,4194304,195,131072,2097152,4194304,4194304,4194304,27,65536,131072,2097152,2097152,4194304,884,0,0,0,0,0,0,0,0,0,0,0,0,128,256,256,512,512,1128,65536,2097152,4194304,4194304,4194304,1128,0,0,0,0,0,0,256,256,512,512,512,1128,236042,0,36447,18787,43184,0,41,21,0
3.66322E+13,1879,2048,8192,16384,13249,512,4096,8192,1879,4096,8192,16384,1489,4096,16384,16384,399,8192,8192,8192,21,2048,8192,8192,360,512,4096,8192,1483,1024,4096,8192,238,2048,2048,2048,2,1024,65536,262144,19285,1048576,1048576,1048576,40,524288,524288,524288,40,524288,524288,524288,40,512,1024,1024,40,64,16384,65536,40,64,512,1024,2544,128,512,1024,2544,128,512,4096,119241,64,512,2048,13401,64,256,512,2036,128,512,1024,3087,256,1024,2048,1275,256,512,512,1212,64,512,2048,17847,64,256,2048,1926,64,256,1024,402,64,256,1024,135,128,512,1024,189,128,512,512,18,2048,2048,2048,16,1024,1024,1024,13,64,64,64,29,64,256,256,20,128,128,128,20,12.12,7.65,4.46,13,21,21,360,39,1888,0,0,0,0,0,0,0,2097152,4194304,4194304,4194304,8388608,10,2097152,4194304,4194304,4194304,4194304,15,2097152,4194304,4194304,4194304,4194304,195,131072,2097152,2097152,2097152,4194304,13,65536,131072,2097152,2097152,4194304,1013,0,0,0,0,0,0,0,0,0,0,0,0,128,256,512,512,512,1246,65536,2097152,4194304,4194304,8388608,1246,0,0,0,0,0,0,128,256,512,512,512,1246,237138,0,35764,19153,43459,0,40,20,0
3.66332E+13,1879,2048,8192,16384,13504,512,4096,8192,2034,4096,8192,16384,1545,4096,16384,16384,428,8192,8192,8192,15,2048,8192,8192,383,512,4096,8192,1556,1024,4096,8192,264,0,0,0,1,1024,65536,262144,19870,1048576,1048576,1048576,41,524288,524288,524288,41,524288,524288,524288,41,512,1024,1024,41,64,128,16384,41,64,512,4096,2531,128,512,1024,2531,128,512,4096,121536,64,512,1024,13905,64,256,512,2109,64,512,1024,3159,256,1024,1024,1212,256,512,1024,1176,64,512,2048,18783,64,256,1024,2007,64,256,512,366,64,512,1024,171,128,512,4096,135,128,256,256,9,1024,2048,2048,42,1024,1024,2048,45,64,64,256,87,64,128,128,20,64,128,128,20,12.31,6.67,5.64,45,15,21,383,42,1973,0,0,0,0,0,0,0,2097152,2097152,2097152,2097152,4194304,9,2097152,2097152,2097152,2097152,2097152,11,2097152,4194304,4194304,4194304,4194304,194,2097152,2097152,2097152,2097152,2097152,24,65536,131072,2097152,2097152,4194304,917,0,0,0,0,0,0,0,0,0,0,0,0,128,256,512,512,512,1155,65536,2097152,4194304,4194304,4194304,1155,0,0,0,0,0,0,128,256,512,512,512,1155,238462,0,36866,19764,44091,0,41,20,0
3.66342E+13,1879,2048,8192,16384,13350,512,4096,8192,1874,4096,8192,16384,1503,4096,16384,16384,364,8192,16384,16384,23,2048,8192,8192,424,512,4096,8192,1512,1024,4096,8192,259,0,0,0,0,1024,65536,262144,19480,1048576,1048576,1048576,41,524288,524288,524288,41,524288,524288,524288,41,512,1024,2048,41,64,65536,65536,41,64,512,4096,2430,64,512,1024,2430,128,512,4096,120150,64,512,1024,13527,64,256,512,1957,128,512,4096,2871,256,1024,1024,1215,256,512,1024,1197,64,512,2048,17919,64,256,512,2052,64,256,1024,483,64,256,512,207,128,512,4096,207,0,0,0,0,0,0,0,0,0,0,0,0,0,0,0,0,64,128,128,21,64,128,128,21,11.79,6.72,5.07,0,23,26,424,43,1867,0,0,0,0,0,0,0,2097152,2097152,2097152,2097152,4194304,8,2097152,4194304,4194304,4194304,4194304,12,2097152,2097152,4194304,4194304,4194304,183,2097152,4194304,4194304,4194304,4194304,22,65536,131072,2097152,2097152,2097152,956,0,0,0,0,0,0,0,0,0,0,0,0,128,256,256,512,512,1181,65536,2097152,4194304,4194304,4194304,1181,0,0,0,0,0,0,128,256,512,512,2048,1181,239664,0,36923,19326,44145,0,41,21,0
3.66352E+13,1879,2048,8192,16384,13163,512,4096,8192,1750,4096,8192,16384,1488,4096,16384,16384,359,8192,8192,16384,23,2048,8192,8192,374,512,4096,8192,1486,1024,4096,8192,264,2048,2048,2048,2,512,65536,262144,19077,524288,1048576,1048576,40,262144,524288,524288,40,524288,524288,524288,40,1024,1024,1024,40,64,16384,32768,40,64,512,4096,2315,128,512,1024,2315,128,512,4096,118467,64,512,2048,13392,64,256,512,1933,128,512,1024,2988,256,1024,2048,1107,128,512,512,1152,64,256,2048,17676,64,256,512,1908,64,256,512,360,64,512,2048,171,128,512,4096,207,128,256,256,18,0,0,0,0,0,0,0,0,0,0,0,0,64,128,128,20,128,256,256,20,12.27,6.46,5.81,0,23,22,374,42,1847,0,0,0,0,0,0,0,2097152,2097152,2097152,2097152,2097152,4,2097152,2097152,2097152,2097152,2097152,9,2097152,2097152,4194304,4194304,4194304,138,2097152,2097152,2097152,2097152,2097152,18,65536,131072,2097152,2097152,4194304,682,2097152,4194304,8388608,8388608,8388608,66,0,0,0,0,0,0,128,256,256,512,512,917,65536,2097152,4194304,8388608,8388608,917,0,0,0,0,0,0,256,256,512,1024,1024,917,241055,0,36518,18889,43331,0,40,20,0
3.66362E+13,1879,2048,8192,16384,13282,512,4096,8192,1949,4096,8192,16384,1527,4096,8192,16384,407,8192,16384,16384,19,2048,8192,8192,398,512,4096,8192,1515,1024,4096,8192,260,0,0,0,0,1024,65536,262144,19548,1048576,1048576,1048576,42,262144,524288,524288,42,524288,524288,524288,42,512,1024,1024,42,64,128,128,42,64,512,1024,2442,128,512,1024,2442,128,512,4096,119538,64,512,2048,13743,64,256,512,2265,128,512,1024,3141,256,1024,2048,1142,256,512,512,1241,64,512,2048,18675,64,256,512,2187,64,256,512,309,64,256,512,171,128,512,4096,171,0,0,0,0,0,0,0,0,0,0,0,0,0,0,0,0,64,128,128,21,64,128,128,21,11.55,6.34,5.2,0,19,20,398,39,1934,0,0,0,0,0,0,0,2097152,2097152,2097152,2097152,2097152,8,2097152,2097152,2097152,2097152,4194304,12,2097152,4194304,4194304,4194304,4194304,188,2097152,2097152,2097152,2097152,2097152,20,65536,131072,2097152,4194304,4194304,970,0,0,0,0,0,0,0,0,0,0,0,0,128,256,512,512,512,1198,65536,2097152,4194304,4194304,4194304,1198,0,0,0,0,0,0,256,256,512,512,512,1198,242267,0,36147,19359,43332,0,42,21,0
3.66372E+13,1879,2048,8192,16384,12780,512,4096,8192,1785,4096,8192,16384,1490,4096,16384,16384,362,8192,16384,16384,20,2048,8192,8192,330,512,4096,8192,1502,1024,4096,8192,233,0,0,0,1,64,65536,262144,18678,1048576,1048576,1048576,40,524288,524288,524288,40,524288,524288,524288,40,512,2048,2048,40,128,65536,65536,40,128,512,4096,2399,128,512,1024,2399,128,512,4096,115020,64,512,2048,13410,64,256,512,1996,128,512,1024,2970,256,1024,4096,1073,256,512,1024,1217,64,512,4096,17298,64,256,1024,1836,64,512,4096,354,64,512,1024,216,128,512,4096,180,0,256,256,9,0,0,0,0,0,0,0,0,0,0,0,0,64,128,128,20,64,128,128,20,11.81,6.62,5.19,0,20,15,330,39,1852,0,0,0,0,0,0,0,2097152,2097152,2097152,2097152,2097152,6,2097152,2097152,2097152,2097152,2097152,6,2097152,4194304,4194304,4194304,4194304,185,2097152,4194304,4194304,4194304,4194304,22,65536,131072,2097152,2097152,2097152,921,0,0,0,0,0,0,0,0,0,0,0,0,128,256,512,512,512,1140,65536,2097152,4194304,4194304,4194304,1140,0,0,0,0,0,0,256,256,512,512,2048,1140,243383,0,36666,18555,43871,0,40,20,0
3.66383E+13,1879,2048,8192,16384,13337,512,4096,8192,2043,4096,8192,16384,1524,4096,16384,16384,376,8192,16384,16384,20,2048,8192,8192,393,512,4096,8192,1521,1024,4096,8192,258,0,0,0,1,256,65536,262144,19647,524288,1048576,1048576,41,262144,524288,524288,41,524288,524288,524288,41,512,1024,1024,41,64,256,8192,41,128,512,4096,2380,128,512,4096,2380,128,512,4096,120033,64,512,1024,13716,64,256,512,1934,64,512,4096,2943,256,1024,1024,1323,256,512,1024,1314,64,512,4096,16938,64,256,512,1998,64,256,512,315,64,256,256,144,128,512,4096,180,64,256,256,9,0,0,0,0,0,0,0,0,0,0,0,0,64,256,256,20,64,128,128,20,14.15,7.71,6.44,0,20,10,393,38,1900,0,0,0,0,0,0,0,2097152,4194304,4194304,4194304,4194304,16,2097152,2097152,2097152,2097152,4194304,9,2097152,4194304,4194304,4194304,4194304,181,65536,2097152,2097152,2097152,4194304,18,65536,131072,2097152,4194304,4194304,838,0,0,0,0,0,0,0,0,0,0,0,0,128,256,256,512,32768,1062,65536,2097152,4194304,4194304,4194304,1062,0,0,0,0,0,0,256,256,512,512,32768,1062,244682,0,37671,19463,43701,0,41,20,0
3.66393E+13,1879,2048,8192,16384,12819,512,4096,8192,1839,4096,8192,16384,1485,4096,8192,16384,349,8192,8192,8192,13,2048,8192,8192,412,512,4096,8192,1463,1024,4096,8192,246,0,0,0,1,512,65536,262144,18795,1048576,1048576,1048576,41,524288,524288,524288,41,524288,524288,524288,41,512,1024,1024,41,64,32768,65536,41,64,512,4096,2325,128,512,4096,2325,128,512,4096,115371,64,512,4096,13365,64,256,512,1833,128,512,1024,2988,256,1024,4096,1272,256,512,512,1110,64,512,4096,17793,64,256,512,2232,64,256,1024,378,64,512,512,117,128,1024,4096,117,64,512,512,9,0,0,0,0,0,0,0,0,0,0,0,0,64,128,128,21,64,128,256,21,13.14,7.78,5.36,0,13,15,412,41,1834,0,0,0,0,0,0,0,2097152,4194304,4194304,4194304,4194304,8,2097152,2097152,2097152,2097152,4194304,7,2097152,4194304,4194304,4194304,16777216,195,2097152,2097152,2097152,2097152,4194304,22,65536,131072,2097152,2097152,4194304,1015,0,0,0,0,0,0,0,0,0,0,0,0,128,256,512,512,512,1247,65536,2097152,4194304,4194304,16777216,1247,0,0,0,0,0,0,256,256,512,512,1024,1247,245750,0,37347,18631,44397,0,41,21,0
3.66403E+13,1834,2048,8192,16384,12970,512,4096,8192,1905,4096,8192,16384,1484,4096,8192,16384,381,8192,8192,8192,15,2048,8192,8192,382,512,4096,8192,1518,1024,4096,8192,251,4096,4096,4096,2,256,65536,131072,19088,524288,1048576,1048576,40,262144,524288,524288,40,524288,524288,524288,40,256,1024,1024,40,64,131072,131072,40,64,512,4096,2305,64,512,1024,2710,128,512,4096,116730,64,512,4096,13356,64,256,512,2009,128,512,1024,3051,256,1024,4096,1260,256,512,512,1233,64,512,2048,18396,64,256,512,1944,64,256,512,375,64,256,512,135,128,512,4096,135,256,256,256,18,0,0,0,0,0,0,0,0,0,0,0,0,64,128,128,20,128,131072,131072,20,14.71,6.71,8,0,15,9,382,38,1865,56,262144,524288,524288,524288,524288,11,2097152,2097152,2097152,2097152,2097152,4,2097152,2097152,2097152,2097152,2097152,6,2097152,4194304,4194304,4194304,4194304,192,2097152,2097152,2097152,2097152,2097152,21,65536,131072,2097152,4194304,4194304,1022,0,0,0,0,0,0,0,0,0,0,0,0,128,256,256,512,16384,1256,65536,2097152,4194304,4194304,4194304,1256,128,256,256,256,256,11,256,256,512,1024,1024,1245,246859,0,36349,18777,43899,113,40,20,0
3.66413E+13,1856,2048,8192,16384,13030,512,4096,8192,1843,4096,8192,16384,1509,4096,8192,16384,361,8192,16384,16384,16,2048,8192,8192,361,512,4096,4096,1490,1024,4096,8192,257,0,0,0,1,64,65536,262144,19031,1048576,1048576,1048576,41,524288,524288,524288,41,524288,524288,524288,41,512,1024,1024,41,64,512,32768,41,64,512,4096,2547,128,512,1024,2349,128,512,4096,117270,64,512,4096,13581,64,256,512,1762,64,512,1024,2997,256,1024,4096,1272,256,512,4096,1245,64,512,4096,17856,64,256,2048,2106,64,256,512,408,64,256,256,144,128,512,4096,144,128,2048,2048,9,0,0,0,0,0,0,0,0,0,0,0,0,64,128,128,20,16384,65536,65536,20,12.03,6.52,5.5,0,16,7,361,38,1870,0,262144,524288,524288,524288,524288,22,2097152,2097152,2097152,2097152,2097152,16,2097152,2097152,2097152,2097152,4194304,10,2097152,4194304,4194304,4194304,8388608,187,131072,2097152,2097152,2097152,4194304,23,65536,131072,2097152,2097152,4194304,913,0,0,0,0,0,0,0,0,0,0,0,0,128,256,512,512,1024,1171,65536,2097152,4194304,4194304,8388608,1171,128,256,256,256,256,22,256,256,512,512,1024,1149,247980,0,37085,18879,44235,0,41,20,0
3.66423E+13,1868,2048,8192,16384,12939,512,4096,8192,1856,4096,8192,16384,1493,4096,16384,32768,364,8192,8192,8192,22,2048,8192,16384,360,512,4096,8192,1486,1024,4096,8192,283,0,0,0,1,128,65536,131072,18996,1048576,1048576,1048576,40,262144,524288,524288,40,524288,524288,524288,40,512,1024,1024,40,64,4096,32768,40,64,512,1024,2430,128,512,1024,2322,128,512,4096,116451,64,512,4096,13437,64,256,512,1918,64,512,4096,3168,256,1024,4096,1121,256,512,512,1256,64,512,4096,18243,64,256,512,1836,64,256,512,279,64,256,512,216,128,512,4096,198,64,512,512,9,1024,2048,2048,31,1024,1024,2048,27,64,64,64,58,64,128,128,20,128,32768,32768,20,11.39,6.91,4.48,27,22,8,360,36,1857,0,262144,262144,262144,262144,262144,13,2097152,2097152,2097152,2097152,2097152,4,2097152,2097152,2097152,2097152,2097152,6,2097152,4194304,4194304,4194304,4194304,201,2097152,2097152,2097152,2097152,2097152,26,65536,131072,131072,2097152,2097152,1000,0,0,0,0,0,0,0,0,0,0,0,0,128,256,256,512,512,1250,65536,2097152,4194304,4194304,4194304,1250,128,256,256,256,256,13,256,256,512,512,1024,1237,249040,0,36960,18915,44370,0,40,20,0
3.66434E+13,1889,2048,8192,16384,13160,512,4096,8192,1882,4096,8192,16384,1520,4096,16384,16384,377,8192,8192,8192,10,2048,8192,8192,397,512,4096,8192,1540,1024,8192,8192,260,0,0,0,1,1024,65536,131072,19316,1048576,1048576,1048576,41,524288,524288,524288,41,524288,524288,524288,41,512,512,1024,41,64,65536,65536,41,64,512,4096,2543,128,512,4096,2354,128,512,4096,118440,64,512,4096,13680,64,256,512,1717,64,512,1024,3330,256,1024,4096,1133,256,512,4096,1025,64,512,4096,18027,64,512,512,2052,64,512,4096,390,64,256,512,81,128,512,512,90,64,256,256,9,2048,2048,2048,25,1024,2048,2048,29,64,64,128,54,64,128,128,21,128,65536,65536,21,14.93,7.15,7.79,29,10,12,397,49,1897,0,262144,262144,262144,262144,524288,20,2097152,2097152,2097152,2097152,2097152,6,2097152,2097152,2097152,2097152,4194304,12,2097152,4194304,4194304,8388608,8388608,175,2097152,2097152,2097152,2097152,2097152,24,65536,131072,2097152,2097152,2097152,919,0,0,0,0,0,0,0,0,0,0,0,0,128,256,256,512,512,1156,65536,2097152,4194304,4194304,8388608,1156,256,256,256,256,256,20,256,256,512,512,1024,1136,250278,0,37424,19205,44503,0,41,21,0
3.66444E+13,1889,2048,8192,16384,12954,512,4096,8192,1888,4096,8192,16384,1481,4096,16384,16384,384,8192,8192,8192,14,2048,8192,16384,390,512,4096,8192,1491,1024,4096,8192,239,2048,2048,2048,2,1024,65536,262144,18987,1048576,1048576,1048576,41,262144,524288,524288,41,524288,524288,524288,41,512,1024,1024,41,64,128,2048,41,128,512,4096,2189,128,512,4096,2189,128,512,4096,116586,64,512,4096,13329,64,256,512,1730,64,512,1024,3420,256,1024,4096,1227,256,512,4096,1137,64,512,4096,18846,64,256,1024,1989,64,512,4096,393,64,512,512,153,128,512,2048,126,128,512,512,18,0,0,0,0,0,0,0,0,0,0,0,0,64,128,128,20,128,512,512,20,12.63,7.53,5.1,0,14,1,390,49,1865,0,0,0,0,0,0,0,2097152,2097152,2097152,2097152,2097152,6,2097152,2097152,2097152,2097152,2097152,11,2097152,4194304,4194304,4194304,4194304,192,131072,2097152,2097152,2097152,4194304,27,65536,131072,2097152,2097152,4194304,923,0,0,0,0,0,0,0,0,0,0,0,0,128,256,512,512,16384,1159,65536,2097152,4194304,4194304,4194304,1159,0,0,0,0,0,0,256,256,512,512,512,1159,251438,0,37934,18843,44683,0,41,20,0
3.66454E+13,1889,2048,8192,16384,12811,512,4096,8192,1884,4096,8192,16384,1500,4096,16384,16384,404,8192,16384,16384,23,2048,8192,8192,398,512,4096,8192,1483,1024,4096,8192,225,0,0,0,0,1024,65536,262144,18894,1048576,1048576,1048576,41,262144,524288,524288,41,524288,524288,524288,41,512,1024,1024,41,64,2048,65536,41,64,512,4096,2286,64,512,4096,2286,128,512,4096,115299,64,512,4096,13500,64,256,512,2070,64,512,4096,3285,256,1024,4096,1191,256,512,1024,1164,64,512,4096,17883,64,256,2048,2241,64,512,4096,366,128,512,1024,171,256,512,4096,207,0,0,0,0,0,0,0,0,0,0,0,0,0,0,0,0,64,128,128,21,128,128,128,21,11.55,7.06,4.49,0,23,4,398,48,1904,0,0,0,0,0,0,0,2097152,2097152,2097152,2097152,2097152,9,2097152,4194304,4194304,4194304,4194304,7,2097152,4194304,4194304,4194304,4194304,203,131072,2097152,2097152,2097152,4194304,21,65536,131072,2097152,2097152,4194304,919,0,0,0,0,0,0,0,0,0,0,0,0,128,256,512,512,1024,1159,65536,2097152,4194304,4194304,4194304,1159,0,0,0,0,0,0,256,256,512,512,512,1159,252656,0,37610,18714,44358,0,41,21,0
3.66464E+13,1889,2048,8192,16384,12985,512,4096,8192,1886,4096,8192,16384,1533,4096,16384,16384,392,8192,16384,16384,17,2048,8192,8192,367,512,4096,8192,1522,1024,4096,8192,267,0,0,0,1,1024,65536,131072,19124,1048576,1048576,1048576,41,524288,524288,524288,41,524288,524288,524288,41,512,1024,2048,41,64,128,8192,41,128,512,4096,2586,64,512,4096,2586,64,512,4096,116865,64,512,4096,13797,64,256,512,2142,64,512,4096,3195,256,1024,4096,1289,256,512,4096,1226,64,512,4096,18657,64,256,1024,1908,64,512,4096,411,64,256,512,180,128,512,4096,153,256,256,256,9,0,0,0,0,0,0,0,0,0,0,0,0,64,128,128,20,128,256,256,20,12.88,7.53,5.36,0,17,2,367,42,1925,0,0,0,0,0,0,0,2097152,4194304,4194304,4194304,4194304,13,2097152,2097152,2097152,2097152,2097152,3,2097152,4194304,4194304,4194304,4194304,185,2097152,4194304,4194304,4194304,4194304,15,65536,131072,2097152,4194304,4194304,879,0,0,0,0,0,0,0,0,0,0,0,0,128,256,256,512,512,1095,65536,2097152,4194304,4194304,4194304,1095,0,0,0,0,0,0,256,256,512,512,512,1095,253914,0,37813,18931,44435,0,41,20,0
3.66474E+13,1889,2048,8192,16384,13293,512,4096,8192,1888,4096,8192,16384,1515,4096,16384,16384,373,8192,8192,8192,17,2048,8192,8192,343,512,4096,8192,1511,1024,8192,8192,242,2048,2048,2048,2,512,65536,262144,19334,1048576,1048576,1048576,40,524288,524288,524288,40,524288,524288,524288,40,512,1024,1024,40,64,8192,16384,40,64,512,4096,2475,64,512,4096,2475,128,512,4096,119637,64,512,2048,13635,64,256,512,1930,64,512,1024,3024,256,1024,2048,1291,256,512,1024,1210,64,512,4096,18423,64,256,1024,2151,64,256,4096,327,64,256,256,144,128,512,4096,153,128,256,256,18,0,0,0,0,0,0,0,0,0,0,0,0,64,128,128,20,128,128,128,20,14.56,7.73,6.83,0,17,0,343,43,1888,0,0,0,0,0,0,0,2097152,2097152,2097152,2097152,4194304,7,2097152,2097152,2097152,2097152,2097152,4,2097152,4194304,4194304,8388608,8388608,199,131072,2097152,2097152,2097152,2097152,26,65536,131072,2097152,2097152,4194304,979,0,0,0,0,0,0,0,0,0,0,0,0,128,256,256,512,512,1215,65536,2097152,4194304,4194304,8388608,1215,0,0,0,0,0,0,256,256,512,1024,32768,1215,254990,0,36962,19190,44145,0,40,20,0
3.66484E+13,1889,2048,8192,16384,12893,512,4096,8192,1887,4096,8192,16384,1533,4096,16384,16384,419,8192,16384,16384,18,2048,8192,8192,426,512,4096,8192,1546,1024,4096,8192,282,0,0,0,1,1024,65536,262144,19154,1048576,1048576,1048576,41,262144,524288,524288,41,524288,524288,524288,41,512,1024,1024,41,64,16384,65536,41,64,512,4096,2406,64,512,4096,2406,128,512,4096,116037,64,512,4096,13797,64,256,512,2273,128,512,1024,3069,256,1024,4096,1065,256,512,512,1182,64,512,4096,18027,64,256,1024,2286,64,256,4096,438,64,256,512,216,128,1024,4096,162,64,256,256,9,0,0,0,0,0,0,0,0,0,0,0,0,64,128,128,21,128,128,256,21,12.01,6.77,5.24,0,18,1,426,37,1952,0,0,0,0,0,0,0,2097152,4194304,4194304,4194304,4194304,15,2097152,2097152,2097152,2097152,2097152,4,2097152,4194304,4194304,4194304,4194304,198,131072,2097152,2097152,2097152,4194304,28,65536,131072,2097152,4194304,4194304,987,0,0,0,0,0,0,0,0,0,0,0,0,128,256,512,512,512,1232,65536,2097152,4194304,4194304,4194304,1232,0,0,0,0,0,0,256,256,512,1024,1024,1232,256192,0,36648,18946,44214,0,41,21,0
3.66495E+13,1889,2048,8192,16384,13006,512,4096,8192,1899,4096,8192,16384,1506,4096,16384,16384,415,8192,8192,8192,23,2048,8192,8192,383,512,4096,8192,1509,1024,4096,8192,244,4096,4096,4096,2,1024,65536,262144,19161,1048576,1048576,1048576,40,524288,524288,524288,40,524288,524288,524288,40,512,1024,1024,40,64,32768,32768,40,64,512,4096,2649,64,512,4096,2649,128,512,4096,117054,64,512,4096,13554,64,256,512,2152,64,512,4096,3348,256,1024,4096,1011,256,512,4096,1083,64,512,4096,17631,64,512,1024,1980,64,512,4096,444,64,512,512,135,64,512,4096,207,256,256,256,18,0,0,0,0,0,0,0,0,0,0,0,0,64,128,128,20,128,128,128,20,12.69,7.18,5.51,0,23,2,383,35,1921,0,0,0,0,0,0,0,2097152,2097152,2097152,2097152,4194304,11,2097152,2097152,2097152,2097152,2097152,2,2097152,2097152,4194304,4194304,16777216,192,2097152,2097152,2097152,2097152,4194304,30,65536,131072,2097152,2097152,2097152,873,0,0,0,0,0,0,0,0,0,0,0,0,128,256,256,512,512,1108,65536,2097152,2097152,4194304,16777216,1108,0,0,0,0,0,0,256,256,512,1024,1024,1108,257448,0,37528,18993,43750,0,40,20,0
3.66505E+13,1833,2048,8192,16384,12803,512,4096,4096,1852,4096,8192,16384,1476,4096,16384,16384,351,8192,8192,8192,13,2048,8192,8192,402,512,4096,8192,1486,1024,4096,8192,272,0,0,0,0,256,65536,131072,18787,1048576,1048576,1048576,41,262144,524288,524288,41,524288,524288,524288,41,512,1024,1024,41,64,65536,65536,41,64,512,4096,2427,64,512,4096,2931,128,512,4096,115227,64,512,4096,13284,64,256,512,1818,128,512,4096,2655,256,1024,4096,1206,256,512,4096,1188,64,512,4096,18072,64,256,512,2250,64,256,4096,408,128,512,512,144,128,512,1024,117,0,0,0,0,0,0,0,0,0,0,0,0,0,0,0,0,64,128,128,20,128,128,128,20,12.71,6.61,6.1,0,13,0,402,37,1827,56,0,0,0,0,0,0,2097152,2097152,2097152,2097152,2097152,5,2097152,2097152,2097152,2097152,2097152,3,2097152,4194304,4194304,4194304,4194304,191,131072,2097152,2097152,2097152,2097152,39,65536,131072,2097152,4194304,4194304,970,0,0,0,0,0,0,0,0,0,0,0,0,128,256,256,512,512,1208,65536,2097152,4194304,4194304,4194304,1208,0,0,0,0,0,0,128,256,512,1024,1024,1208,258575,0,37659,18693,44684,0,41,20,0
3.66515E+13,1833,2048,8192,16384,12920,512,4096,8192,1832,4096,8192,16384,1450,4096,16384,16384,349,8192,8192,16384,21,2048,8192,8192,352,512,4096,8192,1473,1024,4096,8192,243,0,0,0,0,64,65536,131072,18815,1048576,1048576,1048576,41,262144,524288,524288,41,524288,524288,524288,41,512,1024,1024,41,64,8192,32768,41,64,512,4096,2396,128,512,1024,2396,128,512,4096,116280,64,512,2048,13050,64,256,512,2148,64,512,2048,2745,256,1024,4096,1158,128,512,1024,1257,64,256,4096,19026,64,256,1024,2061,64,256,4096,480,64,256,512,234,128,512,4096,189,0,0,0,0,0,0,0,0,0,0,0,0,0,0,0,0,64,128,128,21,64,128,128,21,13.43,5.68,7.75,0,21,2,352,45,1799,0,0,0,0,0,0,0,2097152,2097152,2097152,2097152,2097152,3,2097152,2097152,2097152,2097152,2097152,9,2097152,4194304,4194304,4194304,8388608,196,65536,2097152,2097152,2097152,2097152,9,65536,131072,2097152,2097152,2097152,931,0,0,0,0,0,0,0,0,0,0,0,0,128,256,256,512,512,1148,65536,2097152,4194304,4194304,8388608,1148,0,0,0,0,0,0,256,256,256,512,1024,1148,259646,0,36238,18670,43013,0,41,21,0
3.66525E+13,1833,2048,8192,16384,12576,512,4096,8192,1831,4096,8192,16384,1480,4096,8192,16384,408,8192,8192,8192,21,2048,8192,8192,346,512,4096,8192,1460,1024,4096,8192,236,0,0,0,1,256,65536,262144,18540,1048576,1048576,1048576,41,524288,524288,524288,41,524288,524288,524288,41,512,1024,1024,41,64,2048,32768,41,128,512,4096,2105,128,512,4096,2105,128,512,4096,113184,64,512,2048,13320,64,256,512,2368,128,512,1024,3159,256,1024,4096,1359,256,512,4096,1305,64,512,4096,18531,64,256,2048,2151,64,256,512,468,64,512,512,162,128,512,4096,189,64,256,256,9,1024,2048,2048,33,1024,1024,2048,33,64,64,64,66,64,128,128,20,64,128,128,20,13.56,6.84,6.72,33,21,5,346,45,1888,0,0,0,0,0,0,0,2097152,2097152,2097152,2097152,4194304,14,2097152,2097152,2097152,2097152,2097152,3,2097152,4194304,4194304,4194304,4194304,192,131072,2097152,2097152,2097152,2097152,23,65536,131072,2097152,4194304,4194304,932,0,0,0,0,0,0,0,0,0,0,0,0,128,256,256,512,512,1164,65536,2097152,4194304,4194304,4194304,1164,0,0,0,0,0,0,256,256,512,1024,1024,1164,260820,0,36720,18414,43527,0,41,20,0
3.66535E+13,1833,2048,8192,16384,12839,512,4096,8192,1833,4096,8192,16384,1453,4096,16384,16384,339,8192,16384,16384,19,2048,8192,8192,397,512,4096,8192,1463,1024,8192,8192,219,0,0,0,1,64,65536,262144,18745,1048576,1048576,1048576,40,262144,524288,524288,40,524288,524288,524288,40,512,1024,1024,40,128,32768,32768,40,64,512,4096,2284,128,512,4096,2284,128,512,4096,115551,64,512,1024,13077,64,256,512,1846,128,512,4096,2664,256,1024,4096,1008,256,512,512,1116,64,512,4096,17280,64,256,512,2043,64,256,512,441,64,256,512,162,128,4096,4096,171,256,256,256,9,1024,2048,2048,23,1024,1024,2048,23,64,64,128,46,64,128,128,20,128,128,128,20,12.38,6.32,6.06,23,19,10,397,44,1792,0,0,0,0,0,0,0,2097152,2097152,2097152,2097152,2097152,15,2097152,2097152,2097152,2097152,2097152,5,2097152,4194304,4194304,4194304,8388608,193,2097152,2097152,2097152,2097152,2097152,31,65536,131072,2097152,2097152,2097152,799,0,0,0,0,0,0,0,0,0,0,0,0,128,256,512,512,512,1043,65536,2097152,4194304,4194304,8388608,1043,0,0,0,0,0,0,256,256,512,512,512,1043,262062,0,36340,18634,42818,0,40,20,0
3.66545E+13,1833,2048,8192,16384,12981,512,4096,8192,1831,4096,8192,16384,1482,4096,8192,16384,343,8192,8192,8192,8,2048,8192,8192,356,512,4096,8192,1472,1024,4096,8192,259,0,0,0,1,1024,65536,131072,18887,524288,1048576,1048576,41,262144,524288,524288,41,524288,524288,524288,41,512,1024,1024,41,64,512,65536,41,64,512,4096,2241,64,512,1024,2241,128,512,4096,116829,64,512,1024,13338,64,256,512,1818,64,512,1024,2853,256,1024,4096,1176,256,512,512,1104,64,256,4096,17325,64,256,512,1917,64,256,512,507,128,512,512,108,128,512,1024,72,0,256,256,9,0,0,0,0,0,0,0,0,0,0,0,0,64,128,128,21,128,128,512,21,11.66,7.23,4.44,0,8,21,356,40,1825,0,0,0,0,0,0,0,2097152,2097152,2097152,2097152,2097152,10,2097152,2097152,2097152,2097152,2097152,3,2097152,4194304,8388608,8388608,8388608,175,131072,2097152,4194304,4194304,4194304,31,65536,131072,2097152,2097152,4194304,967,0,0,0,0,0,0,0,0,0,0,0,0,128,256,256,512,512,1186,65536,2097152,4194304,8388608,8388608,1186,0,0,0,0,0,0,256,256,512,512,1024,1186,263126,0,35939,18737,43061,4,41,21,0
3.66556E+13,1833,2048,8192,16384,12300,512,4096,8192,1976,4096,8192,16384,1443,4096,16384,16384,339,8192,8192,8192,18,2048,8192,8192,391,512,4096,8192,1436,1024,4096,8192,228,2048,2048,2048,2,512,65536,262144,18301,1048576,1048576,1048576,40,524288,524288,524288,40,524288,524288,524288,40,512,1024,1024,40,128,32768,32768,40,64,512,4096,2416,128,512,4096,2416,128,512,4096,110700,64,512,4096,12987,64,256,512,1719,64,512,4096,2691,256,1024,4096,1025,256,512,4096,998,64,512,4096,17100,64,256,512,2061,64,512,4096,489,64,512,4096,153,128,512,4096,165,128,512,512,18,0,0,0,0,0,0,0,0,0,0,0,0,64,128,128,20,128,128,128,20,13.71,7.89,5.82,0,19,25,391,42,1782,0,0,0,0,0,0,0,2097152,4194304,4194304,4194304,4194304,9,2097152,2097152,2097152,2097152,4194304,5,2097152,4194304,4194304,4194304,4194304,186,131072,2097152,2097152,2097152,4194304,22,65536,131072,2097152,2097152,4194304,917,0,0,0,0,0,0,0,0,0,0,0,0,128,256,256,512,512,1139,65536,2097152,4194304,4194304,4194304,1139,0,0,0,0,0,0,256,256,512,512,1024,1139,264246,0,36214,18158,42884,0,40,20,0
3.66566E+13,1833,2048,8192,16384,12430,512,4096,4096,1869,4096,8192,16384,1444,4096,8192,16384,397,8192,16384,16384,24,2048,4096,8192,360,512,4096,8192,1463,1024,4096,8192,276,0,0,0,0,1024,65536,262144,18453,1048576,1048576,1048576,42,262144,524288,524288,42,524288,524288,524288,42,512,1024,1024,42,64,16384,131072,42,64,512,2048,2433,128,512,1024,2433,64,512,4096,111870,64,512,4096,12996,64,256,512,1900,64,512,2048,3402,256,1024,4096,1215,256,512,1024,1161,64,512,4096,17685,64,256,1024,2016,64,512,4096,408,64,256,512,162,128,512,4096,213,0,0,0,0,0,0,0,0,0,0,0,0,0,0,0,0,64,128,256,21,128,128,128,21,13.45,7.36,6.09,0,23,26,360,39,1841,0,0,0,0,0,0,0,0,0,0,0,0,0,2097152,2097152,2097152,2097152,2097152,3,2097152,2097152,4194304,4194304,4194304,218,131072,2097152,4194304,4194304,4194304,23,65536,131072,2097152,4194304,8388608,855,0,0,0,0,0,0,0,0,0,0,0,0,128,256,512,512,512,1099,65536,2097152,4194304,4194304,8388608,1099,0,0,0,0,0,0,256,256,512,512,512,1099,265436,0,36694,18286,42860,0,42,21,0
3.66576E+13,1833,2048,8192,16384,12527,512,4096,8192,2004,4096,8192,16384,1475,4096,8192,16384,350,8192,8192,8192,12,2048,8192,8192,358,512,4096,8192,1485,1024,4096,8192,282,0,0,0,0,256,65536,262144,18633,1048576,1048576,1048576,40,262144,524288,524288,40,524288,524288,524288,40,256,1024,1024,40,64,32768,32768,40,64,512,4096,2117,64,512,4096,2117,64,512,4096,112743,64,512,4096,13275,64,256,512,1775,64,512,2048,2907,256,1024,4096,1179,256,512,4096,1134,64,512,4096,17064,64,256,512,2061,64,256,2048,429,128,256,512,81,128,256,512,108,0,0,0,0,0,0,0,0,0,0,0,0,0,0,0,0,64,128,128,20,128,256,256,20,10.46,6.71,3.74,0,12,27,358,47,1825,0,0,0,0,0,0,0,2097152,2097152,2097152,2097152,2097152,12,2097152,2097152,2097152,2097152,2097152,3,2097152,4194304,4194304,4194304,4194304,197,131072,2097152,2097152,2097152,4194304,31,65536,131072,2097152,2097152,2097152,1036,0,0,0,0,0,0,0,0,0,0,0,0,128,256,256,512,512,1279,65536,2097152,4194304,4194304,4194304,1279,0,0,0,0,0,0,128,256,512,512,2048,1279,266426,0,36462,18469,43977,0,40,20,0
3.66586E+13,1833,2048,8192,16384,12470,512,4096,8192,1572,4096,8192,16384,1483,4096,16384,16384,355,8192,8192,8192,11,2048,8192,8192,382,512,4096,8192,1451,1024,4096,8192,242,2048,2048,2048,2,128,65536,131072,18092,1048576,1048576,1048576,41,262144,524288,524288,41,524288,524288,524288,41,512,1024,1024,41,64,128,32768,41,64,512,4096,2336,128,512,1024,2336,64,512,4096,112230,64,512,4096,13347,64,256,512,1950,64,512,1024,2952,256,1024,2048,1137,256,512,512,1101,64,512,4096,16956,64,256,2048,2016,64,256,4096,492,64,256,512,135,128,512,512,99,128,512,512,18,0,0,0,0,0,0,0,0,0,0,0,0,64,128,128,20,128,256,256,20,12.19,6.99,5.21,0,11,24,382,57,1838,0,0,0,0,0,0,0,2097152,2097152,2097152,2097152,8388608,5,2097152,2097152,2097152,2097152,4194304,5,2097152,4194304,4194304,4194304,4194304,147,131072,2097152,2097152,2097152,4194304,24,65536,131072,262144,2097152,2097152,806,2097152,2097152,4194304,4194304,4194304,66,0,0,0,0,0,0,128,256,512,512,2048,1053,65536,2097152,4194304,4194304,8388608,1053,0,0,0,0,0,0,256,256,512,512,1024,1053,267685,0,36356,17938,43273,0,41,20,0
3.66596E+13,1833,2048,8192,16384,12254,512,4096,8192,1741,4096,8192,16384,1480,4096,16384,16384,422,8192,8192,8192,17,2048,8192,8192,390,512,4096,8192,1475,1024,4096,8192,231,0,0,0,1,128,65536,262144,18169,1048576,1048576,1048576,40,262144,524288,524288,40,524288,524288,524288,40,512,1024,1024,40,64,4096,4096,40,64,512,4096,2237,128,512,1024,2237,64,512,4096,110286,64,512,2048,13320,64,256,512,2216,64,512,2048,3546,256,1024,4096,1191,128,512,4096,1245,64,512,4096,17595,64,256,512,2187,64,256,512,351,64,512,4096,189,128,512,4096,153,128,256,256,9,0,0,0,0,0,0,0,0,0,0,0,0,64,128,128,20,128,128,128,20,11.72,7.34,4.38,0,17,39,390,47,1902,0,0,0,0,0,0,0,2097152,2097152,2097152,2097152,2097152,10,2097152,2097152,2097152,2097152,4194304,4,2097152,4194304,4194304,4194304,8388608,194,131072,2097152,2097152,2097152,2097152,17,65536,131072,2097152,2097152,4194304,841,0,0,0,0,0,0,0,0,0,0,0,0,128,256,256,512,512,1066,65536,2097152,4194304,4194304,8388608,1066,0,0,0,0,0,0,256,256,512,1024,1024,1066,269014,0,35863,17975,42680,0,40,20,0
3.66606E+13,1779,2048,8192,16384,12276,512,4096,8192,1895,4096,8192,16384,1386,4096,8192,16384,350,8192,16384,16384,19,2048,4096,8192,376,512,4096,8192,1412,1024,4096,8192,233,0,0,0,1,512,65536,131072,18115,524288,1048576,1048576,41,262144,524288,524288,41,524288,524288,524288,41,512,1024,1024,41,64,16384,32768,41,64,512,4096,2280,64,512,1024,2766,128,512,4096,110484,64,512,4096,12474,64,256,512,1869,64,512,1024,2826,256,1024,4096,1179,128,512,512,1152,64,512,4096,17415,64,256,2048,2142,64,256,4096,561,64,256,256,135,128,512,4096,171,64,256,256,9,0,0,0,0,0,0,0,0,0,0,0,0,64,128,128,21,64,128,128,21,11.76,7.54,4.22,0,19,29,376,46,1736,54,0,0,0,0,0,0,2097152,2097152,2097152,2097152,2097152,5,2097152,2097152,2097152,2097152,2097152,6,2097152,2097152,4194304,4194304,4194304,189,65536,2097152,2097152,2097152,2097152,30,65536,131072,2097152,4194304,8388608,1108,0,0,0,0,0,0,0,0,0,0,0,0,128,256,256,512,512,1338,65536,2097152,2097152,4194304,8388608,1338,0,0,0,0,0,0,128,256,256,512,1024,1338,269936,0,35405,17997,42723,0,41,21,0
3.66617E+13,1779,2048,8192,16384,12585,512,4096,8192,2023,4096,8192,16384,1442,4096,16384,16384,349,8192,8192,8192,18,2048,8192,8192,363,512,4096,8192,1463,1024,4096,8192,229,0,0,0,0,256,65536,131072,18613,1048576,1048576,1048576,41,262144,524288,524288,41,524288,524288,524288,41,512,1024,1024,41,64,256,8192,41,64,512,4096,2299,128,512,2048,2299,128,512,4096,113268,64,512,4096,12978,64,256,512,1802,128,512,1024,2799,256,1024,4096,1377,256,512,1024,1341,64,512,4096,17811,64,256,2048,1944,64,512,4096,375,64,256,512,171,64,512,4096,162,0,0,0,0,0,0,0,0,0,0,0,0,0,0,0,0,64,128,128,20,64,128,128,20,12.55,7.3,5.25,0,18,36,363,44,1791,0,0,0,0,0,0,0,2097152,2097152,2097152,2097152,2097152,13,2097152,2097152,2097152,2097152,2097152,4,2097152,2097152,4194304,4194304,8388608,203,131072,2097152,2097152,2097152,4194304,22,65536,131072,2097152,2097152,2097152,944,0,0,0,0,0,0,0,0,0,0,0,0,128,256,256,512,1024,1186,65536,2097152,2097152,4194304,8388608,1186,0,0,0,0,0,0,256,256,512,512,1024,1186,271002,0,35904,18457,43047,0,41,20,0
3.66627E+13,1779,2048,8192,16384,12612,512,4096,8192,1671,4096,8192,16384,1437,4096,8192,16384,366,8192,8192,16384,22,2048,8192,8192,333,512,4096,8192,1430,1024,4096,8192,252,2048,4096,4096,3,128,65536,131072,18270,1048576,1048576,1048576,41,262144,524288,524288,41,524288,524288,524288,41,512,1024,1024,41,64,128,128,41,64,512,1024,2154,128,512,4096,2154,128,512,4096,113505,64,512,1024,12933,64,256,512,1856,128,512,1024,2943,256,1024,4096,1281,128,512,1024,1263,64,512,4096,17541,64,256,512,1989,64,256,512,306,64,512,512,225,128,512,4096,198,64,512,512,27,1024,2048,2048,44,1024,1024,1024,41,64,64,128,85,64,128,128,21,64,256,256,21,12.72,6.87,5.85,41,22,25,333,54,1803,0,0,0,0,0,0,0,2097152,2097152,2097152,2097152,4194304,8,2097152,2097152,2097152,2097152,4194304,3,2097152,4194304,4194304,4194304,8388608,195,2097152,2097152,4194304,4194304,4194304,26,65536,131072,2097152,2097152,4194304,952,0,0,0,0,0,0,0,0,0,0,0,0,128,256,256,512,512,1184,65536,2097152,4194304,4194304,8388608,1184,0,0,0,0,0,0,256,256,512,512,1024,1184,272096,0,35574,18208,43022,0,41,21,0
3.66637E+13,1800,2048,8192,16384,12600,512,4096,8192,1779,4096,8192,16384,1415,8192,16384,16384,405,8192,8192,8192,26,2048,8192,8192,374,512,4096,8192,1431,1024,8192,8192,240,0,0,0,0,2048,65536,131072,18430,1048576,1048576,1048576,40,524288,524288,524288,40,524288,524288,524288,40,1024,2048,2048,40,64,8192,16384,40,64,512,4096,2417,128,512,1024,2228,128,512,4096,113400,64,512,4096,12735,64,512,1024,2115,64,512,4096,2979,256,1024,2048,1185,256,512,1024,1275,64,512,4096,17712,64,512,1024,1737,64,512,2048,405,64,512,512,216,128,512,4096,234,0,0,0,0,1024,2048,2048,10,1024,1024,1024,13,64,64,64,23,64,128,128,20,128,65536,65536,20,11.21,6.44,4.77,13,26,24,374,59,1820,0,262144,524288,524288,524288,524288,22,2097152,4194304,4194304,4194304,4194304,7,2097152,2097152,2097152,2097152,4194304,3,2097152,4194304,4194304,8388608,8388608,182,131072,2097152,2097152,2097152,2097152,20,65536,131072,262144,4194304,4194304,913,0,0,0,0,0,0,0,0,0,0,0,0,128,256,512,512,512,1147,65536,4194304,4194304,4194304,8388608,1147,128,256,256,256,256,22,128,256,512,512,1024,1125,273265,0,36428,18324,43302,0,40,20,0
3.66647E+13,1812,2048,8192,16384,12701,512,4096,8192,2211,4096,8192,16384,1442,4096,16384,16384,382,8192,16384,16384,22,2048,8192,8192,366,512,4096,8192,1453,1024,4096,8192,273,0,0,0,0,1024,65536,131072,19020,1048576,1048576,1048576,41,524288,524288,524288,41,524288,524288,524288,41,1024,1024,2048,41,128,32768,131072,41,64,512,4096,2564,128,512,4096,2456,128,512,4096,114309,64,512,1024,12978,64,256,512,1947,128,512,4096,2961,256,1024,4096,1134,256,512,4096,1251,64,512,4096,15813,64,512,1024,1674,64,256,4096,438,64,256,512,180,256,1024,4096,198,0,0,0,0,0,0,0,0,0,0,0,0,0,0,0,0,64,128,128,20,128,32768,32768,20,14.69,8.86,5.83,0,22,37,366,49,1824,0,262144,262144,262144,262144,262144,11,2097152,4194304,4194304,4194304,4194304,8,0,0,0,0,0,0,2097152,4194304,4194304,4194304,4194304,207,131072,2097152,2097152,2097152,2097152,21,65536,131072,262144,4194304,4194304,905,0,0,0,0,0,0,0,0,0,0,0,0,128,256,512,512,512,1152,65536,2097152,4194304,4194304,4194304,1152,128,256,256,256,256,11,256,256,512,1024,1024,1141,274411,0,36232,18848,43344,0,41,20,0
3.66657E+13,1834,2048,8192,16384,12707,512,4096,8192,2100,4096,8192,16384,1447,8192,16384,16384,333,8192,8192,16384,25,2048,8192,16384,385,512,4096,8192,1451,1024,4096,8192,244,2048,2048,2048,2,1024,65536,131072,18857,1048576,1048576,1048576,41,524288,524288,524288,41,524288,524288,524288,41,512,1024,1024,41,64,128,512,41,64,512,4096,2533,128,512,4096,2335,128,512,4096,114363,64,512,4096,13023,64,256,512,1802,128,512,1024,2781,256,1024,2048,1227,256,512,1024,1263,64,512,4096,18135,64,512,1024,1953,64,512,512,309,128,256,512,216,128,512,512,225,64,256,256,18,0,0,0,0,0,0,0,0,0,0,0,0,64,128,128,21,16384,65536,65536,21,13.05,6.85,6.2,0,25,27,385,47,1780,0,262144,262144,524288,524288,524288,22,2097152,2097152,2097152,2097152,2097152,6,0,0,0,0,0,0,2097152,4194304,4194304,4194304,4194304,203,131072,2097152,2097152,2097152,2097152,19,65536,131072,2097152,2097152,4194304,959,0,0,0,0,0,0,0,0,0,0,0,0,128,256,512,512,512,1209,65536,2097152,4194304,4194304,4194304,1209,256,256,256,256,256,22,256,256,512,512,1024,1187,275466,0,36312,18705,43674,0,41,21,0
3.66668E+13,1845,2048,8192,16384,12685,512,4096,8192,1534,4096,8192,16384,1467,8192,16384,32768,375,8192,16384,16384,14,2048,8192,8192,368,512,4096,8192,1468,1024,4096,8192,244,0,0,0,0,2048,65536,262144,18319,1048576,1048576,1048576,40,524288,524288,524288,40,524288,524288,524288,40,1024,1024,2048,40,64,32768,65536,40,64,512,4096,2217,128,512,1024,2118,128,512,4096,114165,64,512,4096,13203,64,512,1024,2125,128,512,4096,2826,256,1024,4096,1086,256,512,1024,1167,64,512,4096,16533,128,512,4096,1881,64,512,1024,423,64,512,2048,171,128,1024,8192,126,0,0,0,0,0,0,0,0,0,0,0,0,0,0,0,0,64,128,128,20,128,65536,65536,20,14.69,7.79,6.9,0,14,21,368,47,1842,0,262144,262144,262144,262144,524288,11,2097152,4194304,4194304,4194304,4194304,10,0,0,0,0,2097152,1,2097152,4194304,4194304,4194304,4194304,186,2097152,2097152,2097152,2097152,2097152,22,65536,131072,2097152,2097152,4194304,1072,0,0,0,0,0,0,0,0,0,0,0,0,128,256,512,512,4096,1302,65536,2097152,4194304,4194304,4194304,1302,128,256,256,256,256,11,256,256,512,512,512,1291,276456,0,36669,18190,43757,0,40,20,0
3.66678E+13,1845,2048,8192,16384,12750,512,4096,8192,2158,4096,8192,16384,1479,8192,8192,16384,383,8192,8192,8192,18,2048,8192,8192,356,512,4096,8192,1512,1024,4096,8192,225,0,0,0,1,2048,65536,262144,19079,1048576,1048576,1048576,41,524288,524288,524288,41,524288,524288,524288,41,512,1024,1024,41,64,32768,65536,41,128,512,4096,2463,128,512,4096,2463,128,512,4096,114750,64,512,4096,13311,64,256,1024,2089,128,512,1024,3186,256,1024,4096,1108,256,512,4096,1117,64,512,4096,16911,64,512,1024,1962,64,512,4096,522,64,512,512,108,128,512,4096,162,256,512,512,9,0,0,0,0,0,0,0,0,0,0,0,0,64,128,128,20,128,256,256,20,13.6,7.44,6.16,0,18,31,356,50,1862,0,0,0,0,0,0,0,2097152,4194304,4194304,4194304,4194304,15,0,0,0,0,0,0,2097152,4194304,4194304,8388608,8388608,188,2097152,4194304,4194304,4194304,4194304,24,65536,131072,1048576,4194304,16777216,892,0,0,0,0,0,0,0,0,0,0,0,0,128,256,512,512,512,1119,65536,2097152,4194304,8388608,16777216,1119,0,0,0,0,0,0,256,256,512,1024,32768,1119,277654,0,37234,18893,43876,0,41,20,0
3.66688E+13,1845,2048,8192,16384,12849,512,4096,8192,1841,4096,8192,16384,1455,4096,16384,16384,348,8192,8192,8192,13,2048,8192,8192,372,512,4096,8192,1457,1024,8192,8192,234,4096,4096,4096,2,1024,65536,262144,18727,1048576,1048576,1048576,41,524288,524288,524288,41,524288,524288,524288,41,512,1024,1024,41,64,128,128,41,64,512,4096,2364,128,512,1024,2364,128,512,4096,115641,64,512,4096,13095,64,256,512,1827,128,512,1024,2916,256,1024,4096,1205,256,512,4096,1097,64,512,4096,17811,64,512,512,1998,64,512,512,351,64,512,4096,108,128,512,4096,117,256,512,512,18,0,0,0,0,0,0,0,0,0,0,0,0,64,128,128,21,128,128,256,21,13.02,6.13,6.89,0,13,24,372,46,1803,0,0,0,0,0,0,0,2097152,2097152,2097152,2097152,2097152,6,0,0,0,0,0,0,2097152,4194304,4194304,4194304,8388608,196,131072,2097152,2097152,2097152,4194304,28,65536,131072,2097152,2097152,2097152,965,0,0,0,0,0,0,0,0,0,0,0,0,128,256,256,512,1024,1195,65536,2097152,4194304,4194304,8388608,1195,0,0,0,0,0,0,128,256,512,512,1024,1195,278717,0,36085,18556,43303,0,41,21,0
3.66698E+13,1845,2048,8192,16384,12781,512,4096,8192,1850,4096,8192,16384,1521,4096,16384,16384,365,8192,8192,8192,13,2048,8192,8192,401,512,4096,8192,1484,1024,4096,16384,264,2048,2048,2048,2,512,65536,262144,18837,1048576,1048576,1048576,40,524288,524288,524288,40,524288,524288,524288,40,256,512,512,40,64,8192,131072,40,64,512,1024,2316,128,512,1024,2316,128,512,4096,115029,64,512,4096,13689,64,256,512,1927,64,512,4096,3123,256,1024,2048,1191,256,512,1024,1182,64,512,4096,17685,64,512,1024,1899,64,512,4096,345,64,256,512,126,128,512,4096,117,128,256,256,18,0,0,0,0,0,0,0,0,0,0,0,0,64,128,128,20,128,256,256,20,10.38,6.66,3.72,0,13,21,401,54,1886,0,0,0,0,0,0,0,2097152,2097152,2097152,2097152,4194304,9,0,0,0,0,0,0,2097152,4194304,4194304,4194304,4194304,202,131072,2097152,2097152,2097152,2097152,27,65536,131072,2097152,2097152,4194304,970,0,0,0,0,0,0,0,0,0,0,0,0,128,256,512,512,512,1208,65536,2097152,4194304,4194304,4194304,1208,0,0,0,0,0,0,128,256,512,512,1024,1208,279884,0,36374,18698,43359,0,40,20,0
3.66708E+13,1790,2048,8192,16384,12790,512,4096,8192,1806,4096,8192,16384,1425,4096,8192,16384,353,8192,8192,8192,14,2048,8192,8192,384,512,4096,8192,1439,1024,4096,8192,282,2048,2048,2048,2,256,65536,131072,18660,1048576,1048576,1048576,41,262144,524288,524288,41,524288,524288,524288,41,512,1024,1024,41,128,8192,32768,41,128,512,4096,2237,64,512,1024,2732,128,512,4096,115110,64,512,4096,12825,64,256,512,1847,64,512,1024,3096,256,1024,4096,1212,256,512,512,1122,64,512,4096,17406,64,256,1024,1989,64,256,512,303,64,512,4096,144,128,512,4096,126,128,512,512,18,0,0,0,0,0,0,0,0,0,0,0,0,64,128,128,20,128,128,128,20,11.22,6.25,4.97,0,14,20,384,40,1778,55,0,0,0,0,0,0,2097152,4194304,4194304,4194304,4194304,14,0,0,0,0,0,0,2097152,2097152,4194304,4194304,4194304,191,2097152,2097152,2097152,2097152,4194304,24,65536,131072,2097152,4194304,4194304,1000,0,0,0,0,0,0,0,0,0,0,0,0,128,256,512,512,2048,1229,65536,2097152,4194304,4194304,4194304,1229,0,0,0,0,0,0,256,256,512,512,1024,1229,280946,0,36127,18560,42899,0,41,20,0
3.66718E+13,1790,2048,8192,16384,12513,512,4096,8192,1790,4096,8192,16384,1443,4096,16384,32768,370,8192,8192,8192,19,2048,8192,8192,353,512,4096,8192,1426,1024,4096,8192,237,0,0,0,1,1024,65536,524288,18298,524288,1048576,1048576,41,262144,524288,524288,41,524288,524288,524288,41,512,1024,1024,41,64,16384,65536,41,64,512,4096,2136,128,512,1024,2136,128,512,4096,112617,64,512,4096,12987,64,256,512,1987,128,512,512,2898,256,1024,4096,1242,256,512,1024,1233,64,512,4096,17676,64,256,512,1791,64,256,2048,399,64,512,1024,144,128,512,1024,171,128,256,256,9,0,0,0,0,0,0,0,0,0,0,0,0,64,128,128,21,128,128,256,21,13.1,6.68,6.42,0,19,27,353,36,1813,0,0,0,0,0,0,0,2097152,2097152,2097152,2097152,2097152,11,0,0,0,0,0,0,2097152,4194304,4194304,4194304,8388608,179,131072,2097152,2097152,2097152,2097152,32,65536,131072,2097152,4194304,4194304,962,0,0,0,0,0,0,0,0,0,0,0,0,128,256,256,512,512,1184,65536,2097152,4194304,4194304,8388608,1184,0,0,0,0,0,0,128,256,512,512,512,1184,282010,0,35496,18166,42419,0,41,21,0
3.66729E+13,1790,2048,8192,16384,12611,512,4096,8192,1790,4096,8192,16384,1426,4096,16384,16384,330,8192,8192,8192,16,2048,8192,8192,327,512,4096,8192,1438,1024,4096,8192,272,0,0,0,0,128,65536,131072,18373,1048576,1048576,1048576,40,262144,524288,524288,40,524288,524288,524288,40,512,2048,2048,40,64,32768,65536,40,64,512,4096,2308,128,512,1024,2308,128,512,4096,113499,64,512,2048,12834,64,256,512,1684,64,512,4096,2808,256,1024,4096,1299,256,512,4096,1164,64,512,2048,16767,64,256,512,1764,64,256,512,435,64,512,1024,144,128,512,4096,144,0,0,0,0,1024,2048,2048,45,1024,1024,1024,44,64,64,256,89,64,128,128,20,64,128,128,20,14.83,7.16,7.67,44,16,28,327,44,1756,0,0,0,0,0,0,0,0,0,0,0,0,0,0,0,0,0,2097152,1,2097152,4194304,4194304,4194304,4194304,195,131072,2097152,2097152,2097152,2097152,26,65536,131072,2097152,4194304,4194304,960,0,0,0,0,0,0,0,0,0,0,0,0,128,256,256,512,512,1182,65536,2097152,4194304,4194304,4194304,1182,0,0,0,0,0,0,256,256,512,512,512,1182,283043,0,35517,18321,42763,0,40,20,0
3.66739E+13,1790,2048,8192,16384,12688,512,4096,8192,1786,4096,8192,16384,1407,4096,16384,16384,365,8192,8192,8192,13,2048,8192,8192,366,512,4096,8192,1423,1024,4096,8192,215,0,0,0,0,128,65536,131072,18395,1048576,1048576,1048576,41,262144,524288,524288,41,524288,524288,524288,41,512,1024,1024,41,64,128,65536,41,128,512,4096,2359,128,512,4096,2359,128,512,4096,114192,64,512,2048,12663,64,256,512,2001,64,512,2048,2979,256,1024,4096,1221,256,512,1024,1176,64,512,4096,17757,64,512,1024,1962,64,512,512,348,128,512,4096,117,128,512,512,117,0,0,0,0,1024,2048,2048,10,1024,2048,2048,11,64,64,64,21,64,128,128,20,64,128,128,20,11.14,6.78,4.35,11,13,21,366,55,1772,0,0,0,0,0,0,0,2097152,2097152,2097152,2097152,2097152,17,2097152,2097152,2097152,2097152,4194304,2,2097152,4194304,4194304,4194304,4194304,198,131072,2097152,2097152,2097152,2097152,15,65536,131072,2097152,2097152,2097152,941,0,0,0,0,0,0,0,0,0,0,0,0,128,256,512,512,512,1173,65536,2097152,4194304,4194304,4194304,1173,0,0,0,0,0,0,256,256,512,512,1024,1173,284108,0,36254,18266,42440,0,41,20,0
3.66749E+13,1790,2048,8192,16384,12749,512,4096,8192,1794,4096,8192,16384,1487,4096,8192,16384,384,8192,16384,16384,13,2048,8192,8192,392,512,4096,8192,1479,1024,4096,8192,233,0,0,0,1,64,65536,262144,18680,524288,1048576,1048576,41,262144,524288,524288,41,524288,524288,524288,41,256,512,1024,41,64,512,32768,41,64,512,4096,2147,128,512,1024,2147,128,512,4096,114741,64,512,4096,13383,64,256,512,1829,128,512,4096,3384,256,1024,4096,1133,256,512,512,1088,64,512,4096,16803,64,256,1024,1872,64,256,2048,525,128,256,512,126,128,512,4096,117,64,256,256,9,0,0,0,0,0,0,0,0,0,0,0,0,64,128,128,21,64,128,128,21,12.58,7.11,5.46,0,13,19,392,45,1871,0,0,0,0,0,0,0,2097152,2097152,2097152,2097152,4194304,12,2097152,2097152,2097152,2097152,2097152,3,2097152,2097152,4194304,4194304,4194304,195,2097152,2097152,2097152,2097152,2097152,34,65536,131072,2097152,2097152,8388608,923,0,0,0,0,0,0,0,0,0,0,0,0,128,256,256,512,512,1167,65536,2097152,2097152,4194304,8388608,1167,0,0,0,0,0,0,256,256,512,512,1024,1167,285281,0,36088,18545,42929,0,41,21,0
3.66759E+13,1790,2048,8192,16384,12853,512,4096,8192,1786,4096,8192,16384,1446,4096,16384,16384,363,8192,8192,8192,17,2048,8192,8192,386,512,4096,8192,1443,1024,4096,8192,231,0,0,0,0,64,65536,131072,18686,1048576,1048576,1048576,40,262144,524288,524288,40,524288,524288,524288,40,256,1024,1024,40,128,16384,16384,40,64,512,4096,2234,128,512,1024,2234,128,512,4096,115677,64,512,1024,13014,64,256,512,1775,64,512,2048,3033,256,1024,1024,1128,256,512,512,1065,64,256,4096,17469,64,512,4096,1791,64,256,512,372,128,256,512,135,128,512,4096,153,0,0,0,0,0,0,0,0,0,0,0,0,0,0,0,0,64,128,128,20,64,128,128,20,11.89,6.59,5.3,0,17,23,386,42,1809,0,0,0,0,0,0,0,2097152,2097152,2097152,2097152,2097152,7,2097152,2097152,2097152,2097152,2097152,3,2097152,4194304,4194304,4194304,8388608,193,131072,2097152,2097152,2097152,2097152,25,65536,131072,2097152,4194304,4194304,982,0,0,0,0,0,0,0,0,0,0,0,0,128,256,256,512,512,1210,65536,2097152,4194304,4194304,8388608,1210,0,0,0,0,0,0,128,256,512,512,1024,1210,286348,0,35067,18519,42810,0,40,20,0
3.66769E+13,1790,2048,8192,16384,12477,256,4096,8192,1788,4096,8192,16384,1421,4096,8192,16384,351,8192,16384,16384,9,2048,8192,8192,349,512,4096,8192,1388,1024,4096,8192,223,2048,2048,2048,2,64,65536,262144,18144,1048576,1048576,1048576,41,262144,524288,524288,41,524288,524288,524288,41,256,512,512,41,64,128,32768,41,64,512,4096,2267,128,512,4096,2267,128,512,4096,112293,64,512,1024,12789,64,256,512,1796,64,512,1024,2871,256,1024,2048,1316,256,512,1024,1226,64,512,2048,18279,64,256,1024,2142,64,256,512,321,64,256,512,99,128,512,4096,81,64,256,256,18,0,0,0,0,0,0,0,0,0,0,0,0,64,128,128,20,128,256,256,20,13.15,7.53,5.62,0,9,17,349,36,1772,0,0,0,0,0,0,0,2097152,2097152,2097152,2097152,2097152,14,2097152,2097152,2097152,2097152,4194304,2,2097152,4194304,4194304,4194304,4194304,184,131072,2097152,2097152,2097152,2097152,19,65536,131072,2097152,4194304,8388608,863,0,0,0,0,0,0,0,0,0,0,0,0,128,256,256,512,1024,1082,65536,2097152,4194304,4194304,8388608,1082,0,0,0,0,0,0,256,256,512,512,16384,1082,287449,0,35856,18023,42257,0,41,20,0
3.66779E+13,1790,2048,8192,16384,12858,512,4096,8192,1791,4096,8192,16384,1437,4096,8192,16384,395,8192,16384,16384,18,2048,4096,8192,364,512,4096,8192,1449,1024,4096,8192,264,0,0,0,1,64,65536,131072,18724,1048576,1048576,1048576,41,262144,524288,524288,41,524288,524288,524288,41,512,1024,1024,41,64,32768,65536,41,128,512,4096,2282,128,512,1024,2282,128,512,4096,115722,64,512,4096,12933,64,256,512,2245,128,512,1024,3060,256,1024,2048,1217,256,512,1024,1298,64,256,2048,18288,64,256,512,1818,64,256,2048,393,64,512,512,180,128,512,4096,162,0,256,256,9,0,0,0,0,0,0,0,0,0,0,0,0,64,128,128,21,128,128,128,21,13.31,7.04,6.27,0,18,21,364,40,1832,0,0,0,0,0,0,0,2097152,2097152,2097152,2097152,4194304,11,2097152,4194304,4194304,4194304,4194304,7,2097152,4194304,4194304,4194304,4194304,195,2097152,2097152,2097152,2097152,4194304,22,65536,131072,2097152,2097152,2097152,946,0,0,0,0,0,0,0,0,0,0,0,0,128,256,512,512,1024,1181,65536,2097152,4194304,4194304,4194304,1181,0,0,0,0,0,0,256,256,512,512,512,1181,288543,0,35943,18571,42849,0,41,21,0
3.6679E+13,1790,2048,8192,16384,12181,512,4096,8192,1783,4096,8192,16384,1402,4096,16384,16384,409,8192,8192,8192,19,2048,8192,8192,342,512,4096,8192,1434,1024,4096,8192,245,0,0,0,1,512,65536,262144,17934,1048576,1048576,1048576,41,262144,524288,524288,41,524288,524288,524288,41,512,1024,1024,41,64,256,2048,41,64,512,1024,2423,128,512,4096,2423,128,512,4096,109629,64,512,4096,12618,64,256,1024,1974,64,512,4096,2952,256,1024,4096,1143,256,512,512,1260,64,256,4096,17982,64,256,512,1962,64,256,512,435,64,256,4096,162,128,512,4096,171,128,256,256,9,0,0,0,0,0,0,0,0,0,0,0,0,64,128,128,20,64,128,128,20,13.21,7.05,6.16,0,19,22,342,46,1811,0,0,0,0,0,0,0,2097152,2097152,2097152,2097152,2097152,12,2097152,2097152,2097152,2097152,2097152,11,2097152,4194304,4194304,4194304,4194304,194,131072,2097152,2097152,2097152,2097152,18,65536,131072,2097152,2097152,2097152,992,0,0,0,0,0,0,0,0,0,0,0,0,128,256,256,512,16384,1227,65536,2097152,2097152,4194304,4194304,1227,0,0,0,0,0,0,128,256,512,512,1024,1227,289556,0,36023,17794,42827,0,41,20,0
3.668E+13,1790,2048,8192,16384,12745,256,4096,4096,1792,4096,8192,16384,1498,4096,8192,16384,353,8192,8192,8192,9,2048,8192,8192,398,512,4096,8192,1487,1024,4096,8192,268,2048,2048,2048,2,512,65536,262144,18688,1048576,1048576,1048576,40,524288,524288,524288,40,524288,524288,524288,40,512,1024,1024,40,64,128,65536,40,128,512,4096,2356,128,512,1024,2356,128,512,4096,114705,64,512,2048,13482,64,256,512,1780,64,512,1024,2871,256,1024,4096,1251,256,512,2048,1188,64,512,2048,17127,64,512,512,1899,64,512,512,348,128,256,512,90,128,512,4096,81,64,256,256,18,0,0,0,0,0,0,0,0,0,0,0,0,64,128,128,20,64,128,128,20,12.51,6.38,6.13,0,9,17,398,45,1851,0,0,0,0,0,0,0,2097152,2097152,2097152,2097152,2097152,6,2097152,4194304,4194304,4194304,4194304,12,2097152,4194304,4194304,4194304,4194304,180,2097152,2097152,4194304,4194304,8388608,32,65536,131072,2097152,2097152,2097152,888,0,0,0,0,0,0,0,0,0,0,0,0,128,256,512,512,1024,1118,65536,2097152,4194304,4194304,8388608,1118,0,0,0,0,0,0,256,256,512,512,1024,1118,290758,0,36232,18557,42550,0,40,20,0
3.6681E+13,1737,2048,8192,16384,12300,512,4096,4096,1740,4096,8192,16384,1388,4096,8192,16384,332,8192,16384,16384,18,2048,8192,8192,334,512,4096,8192,1370,1024,4096,8192,231,0,0,0,1,256,65536,131072,17869,524288,1048576,1048576,41,262144,524288,524288,41,524288,524288,524288,41,512,1024,1024,41,64,128,16384,41,64,512,1024,2020,64,512,1024,2497,128,512,4096,110700,64,512,4096,12492,64,256,512,1768,128,512,4096,2574,256,1024,4096,1247,128,512,512,1265,64,256,4096,17865,64,256,512,1854,64,256,512,426,64,256,512,153,128,512,4096,162,0,512,512,9,0,0,0,0,0,0,0,0,0,0,0,0,64,128,128,21,128,128,128,21,10.39,6.03,4.36,0,18,14,334,51,1720,53,0,0,0,0,0,0,2097152,2097152,2097152,2097152,4194304,5,2097152,2097152,2097152,2097152,4194304,7,2097152,4194304,8388608,8388608,8388608,185,131072,4194304,4194304,4194304,4194304,28,65536,131072,2097152,2097152,4194304,870,0,0,0,0,0,0,0,0,0,0,0,0,128,256,256,512,512,1095,65536,2097152,4194304,8388608,8388608,1095,0,0,0,0,0,0,256,256,512,512,1024,1095,291853,0,35895,17802,42290,0,41,21,0
3.6682E+13,1737,2048,8192,16384,12599,512,4096,8192,1736,4096,8192,16384,1427,4096,16384,16384,379,8192,8192,16384,25,2048,8192,8192,386,512,4096,8192,1400,1024,4096,8192,228,0,0,0,0,256,65536,131072,18359,524288,1048576,1048576,41,262144,524288,524288,41,524288,524288,524288,41,1024,1024,1024,41,128,128,8192,41,128,512,4096,2079,128,512,1024,2079,128,512,4096,113397,64,512,1024,12843,64,256,512,2003,128,512,1024,2853,256,1024,1024,1278,128,512,1024,1305,64,512,2048,17712,64,256,512,1881,64,256,4096,384,64,512,512,234,128,512,4096,225,0,0,0,0,0,0,0,0,0,0,0,0,0,0,0,0,64,128,128,20,128,256,256,20,13.3,8.1,5.19,0,25,16,386,51,1806,0,0,0,0,0,0,0,2097152,2097152,2097152,2097152,4194304,12,2097152,4194304,4194304,4194304,4194304,8,2097152,4194304,4194304,4194304,8388608,135,131072,2097152,2097152,2097152,2097152,20,65536,131072,2097152,2097152,2097152,835,2097152,2097152,4194304,4194304,4194304,64,0,0,0,0,0,0,128,256,512,512,512,1074,65536,2097152,4194304,4194304,8388608,1074,0,0,0,0,0,0,256,256,512,512,1024,1074,293063,0,35192,18224,42105,0,41,20,0
3.6683E+13,1737,2048,8192,16384,12128,512,4096,8192,1737,4096,8192,16384,1355,4096,16384,16384,367,8192,16384,16384,16,2048,8192,8192,323,512,4096,8192,1397,1024,4096,8192,229,0,0,0,1,128,65536,262144,17706,1048576,1048576,1048576,40,262144,524288,524288,40,524288,524288,524288,40,512,1024,1024,40,64,256,16384,40,128,512,4096,2463,128,512,4096,2463,128,512,4096,109146,64,512,2048,12195,64,256,512,1875,64,512,4096,2988,256,1024,4096,1131,128,512,512,1203,64,512,1024,17028,64,256,512,1719,64,256,1024,405,64,512,4096,153,128,512,4096,144,128,256,256,9,1024,2048,2048,53,1024,1024,2048,53,64,64,64,106,64,128,128,20,64,256,256,20,13.16,6.32,6.84,53,16,16,323,35,1722,0,0,0,0,0,0,0,2097152,4194304,4194304,4194304,4194304,9,2097152,2097152,2097152,2097152,2097152,13,2097152,2097152,4194304,4194304,4194304,203,2097152,4194304,4194304,4194304,4194304,15,65536,131072,2097152,2097152,2097152,819,0,0,0,0,0,0,0,0,0,0,0,0,128,256,512,512,512,1059,65536,2097152,4194304,4194304,4194304,1059,0,0,0,0,0,0,256,256,512,512,1024,1059,294169,0,35010,17666,41582,0,40,20,0
3.66841E+13,1737,2048,8192,16384,12164,512,4096,8192,1737,4096,8192,16384,1374,4096,16384,16384,314,8192,16384,16384,13,2048,8192,8192,338,512,4096,8192,1381,1024,4096,8192,216,0,0,0,0,256,65536,262144,17672,524288,1048576,1048576,41,262144,524288,524288,41,262144,524288,524288,41,512,1024,1024,41,64,1024,65536,42,64,512,4096,2426,128,512,4096,2426,128,512,4096,109476,64,512,1024,12366,64,256,512,1587,128,512,4096,2592,256,1024,4096,1257,128,512,1024,1185,64,512,4096,17118,64,256,1024,1868,64,512,1024,408,64,256,512,108,128,1024,4096,117,0,0,0,0,0,0,0,0,0,0,0,0,0,0,0,0,64,128,128,21,64,128,128,21,11.56,6.48,5.08,0,13,15,338,35,1688,0,0,0,0,0,0,0,2097152,2097152,2097152,2097152,4194304,9,2097152,2097152,2097152,2097152,4194304,8,2097152,4194304,4194304,4194304,8388608,199,65536,2097152,2097152,2097152,2097152,17,65536,131072,2097152,2097152,2097152,994,0,0,0,0,0,0,0,0,0,0,0,0,128,256,256,512,512,1227,65536,2097152,4194304,4194304,8388608,1227,0,0,0,0,0,0,256,256,512,512,512,1227,295031,0,35204,17533,42286,0,41,21,0
3.66851E+13,1737,2048,8192,16384,12597,512,4096,4096,1735,4096,8192,16384,1415,4096,8192,16384,340,8192,8192,8192,12,2048,8192,8192,368,512,4096,8192,1417,1024,4096,8192,229,0,0,0,0,1024,65536,262144,18258,524288,1048576,1048576,41,262144,524288,524288,41,262144,524288,524288,41,512,1024,1024,41,64,65536,65536,40,64,512,2048,2074,128,512,4096,2074,128,512,4096,113373,64,512,4096,12735,64,256,512,1881,128,512,4096,2853,256,1024,1024,1077,256,512,1024,1032,64,256,2048,16209,64,256,512,1768,64,256,512,509,64,512,4096,99,128,512,1024,108,0,0,0,0,0,0,0,0,0,0,0,0,0,0,0,0,64,128,128,20,64,128,128,20,12.51,6.45,6.06,0,12,9,368,36,1755,0,0,0,0,0,0,0,2097152,2097152,2097152,2097152,4194304,12,2097152,2097152,2097152,2097152,4194304,13,2097152,4194304,4194304,8388608,8388608,179,131072,2097152,2097152,2097152,4194304,30,65536,131072,2097152,4194304,4194304,801,0,0,0,0,0,0,0,0,0,0,0,0,128,256,256,512,2048,1035,65536,2097152,4194304,4194304,8388608,1035,0,0,0,0,0,0,256,256,512,1024,1024,1035,296176,0,35012,18145,41409,0,41,20,0
3.66861E+13,1737,2048,8192,16384,12366,512,4096,8192,1750,4096,8192,16384,1420,4096,16384,32768,361,8192,8192,8192,11,2048,8192,8192,363,512,4096,8192,1386,1024,8192,8192,259,0,0,0,1,1024,65536,262144,18081,1048576,1048576,1048576,41,262144,524288,524288,41,524288,524288,524288,41,256,1024,1024,41,64,16384,65536,41,64,512,4096,2105,128,512,4096,2105,128,512,4096,111294,64,512,4096,12780,64,256,512,1737,64,512,1024,3060,256,1024,2048,1152,256,512,1024,1134,64,512,2048,16830,64,256,512,1908,64,256,512,399,64,256,512,108,128,2048,4096,99,128,256,256,9,0,0,0,0,0,0,0,0,0,0,0,0,64,128,128,21,128,128,128,21,14.29,7.65,6.63,0,11,9,363,39,1781,0,0,0,0,0,0,0,2097152,2097152,2097152,2097152,2097152,5,2097152,2097152,2097152,2097152,4194304,14,2097152,4194304,4194304,4194304,8388608,186,2097152,2097152,2097152,2097152,2097152,18,65536,131072,2097152,2097152,4194304,879,0,0,0,0,0,0,0,0,0,0,0,0,128,256,256,512,16384,1102,65536,2097152,4194304,4194304,8388608,1102,0,0,0,0,0,0,256,256,512,512,1024,1102,297277,0,35632,17979,42133,0,41,21,0
3.66871E+13,1759,2048,8192,16384,12203,512,4096,8192,1750,4096,8192,16384,1372,4096,16384,16384,354,8192,16384,16384,27,2048,8192,8192,353,512,4096,8192,1418,1024,4096,8192,248,2048,2048,2048,2,128,65536,262144,17885,1048576,1048576,1048576,40,262144,524288,524288,40,524288,524288,524288,40,512,1024,1024,40,128,128,128,41,64,512,4096,2339,64,512,4096,2141,128,512,4096,109827,64,512,4096,12348,64,256,512,1850,64,512,1024,2799,256,1024,4096,1073,256,512,4096,1145,64,512,4096,17235,64,256,1024,1953,64,256,512,327,64,256,512,207,128,512,4096,243,128,512,512,18,0,0,0,0,0,0,0,0,0,0,0,0,64,128,128,20,16384,65536,65536,20,11.23,6.89,4.34,0,27,10,353,30,1726,0,262144,524288,524288,524288,524288,22,2097152,2097152,2097152,2097152,2097152,5,2097152,2097152,4194304,4194304,4194304,21,2097152,4194304,4194304,4194304,4194304,180,131072,2097152,2097152,2097152,2097152,23,65536,131072,2097152,2097152,2097152,923,0,0,0,0,0,0,0,0,0,0,0,0,128,256,256,512,512,1174,65536,2097152,4194304,4194304,4194304,1174,128,256,256,256,256,22,128,256,512,512,1024,1152,298249,0,35559,17746,42528,0,40,20,0
3.66881E+13,1780,2048,8192,16384,12291,512,4096,8192,1754,4096,8192,16384,1395,4096,16384,16384,326,8192,8192,8192,10,2048,8192,8192,344,512,4096,8192,1387,1024,8192,8192,229,0,0,0,1,1024,65536,262144,17865,1048576,1048576,1048576,41,262144,524288,524288,41,524288,524288,524288,41,256,512,512,41,64,2048,4096,40,64,512,4096,2154,64,512,1024,1965,64,512,4096,110619,64,512,4096,12555,64,256,512,1695,64,512,2048,2808,256,1024,4096,1241,256,512,4096,1079,64,512,4096,17721,64,256,2048,1890,64,256,4096,294,64,256,256,117,128,512,4096,90,64,256,256,9,0,0,0,0,0,0,0,0,0,0,0,0,64,128,128,20,16384,65536,65536,20,11.09,6.19,4.9,0,10,6,344,34,1721,0,262144,262144,524288,524288,524288,21,2097152,4194304,4194304,4194304,4194304,16,2097152,4194304,4194304,4194304,4194304,12,2097152,4194304,4194304,4194304,8388608,175,131072,2097152,4194304,4194304,4194304,23,65536,131072,2097152,4194304,4194304,906,0,0,0,0,0,0,0,0,0,0,0,0,128,256,512,512,2048,1153,65536,2097152,4194304,4194304,8388608,1153,128,256,256,256,256,21,128,256,512,1024,1024,1132,299211,0,36069,17758,42658,0,41,20,0
3.66891E+13,1792,2048,8192,16384,12629,512,4096,8192,1790,4096,8192,16384,1442,4096,16384,16384,348,8192,16384,16384,13,2048,8192,8192,369,512,4096,8192,1485,1024,4096,8192,249,0,0,0,1,2048,65536,262144,18472,1048576,1048576,1048576,41,262144,524288,524288,41,524288,524288,524288,41,256,512,1024,41,64,2048,32768,41,64,512,4096,2595,64,512,4096,2487,64,512,4096,113661,64,512,4096,12978,64,256,512,1756,64,512,4096,3330,256,1024,4096,1158,256,512,1024,1149,64,512,4096,18297,64,256,1024,2052,64,256,512,371,64,256,512,108,128,1024,4096,117,128,512,512,9,0,0,0,0,0,0,0,0,0,0,0,0,64,128,128,21,128,65536,65536,21,12.8,7.48,5.32,0,13,6,369,43,1790,0,262144,524288,524288,524288,524288,12,4194304,4194304,4194304,4194304,8388608,8,4194304,4194304,4194304,4194304,4194304,12,4194304,8388608,8388608,8388608,8388608,140,65536,131072,131072,131072,4194304,7,65536,131072,2097152,4194304,4194304,636,0,0,0,0,0,0,0,0,0,0,0,0,128,256,512,512,512,815,65536,4194304,8388608,8388608,8388608,815,128,256,256,256,256,12,256,256,512,512,32768,803,300617,0,36591,18340,41395,0,41,21,0
3.66902E+13,1801,2048,8192,16384,12695,512,4096,8192,1808,4096,8192,16384,1475,4096,16384,16384,400,8192,8192,8192,17,2048,8192,8192,366,512,4096,8192,1401,1024,4096,8192,234,0,0,0,0,512,65536,131072,18564,524288,1048576,1048576,40,262144,524288,524288,40,524288,524288,524288,40,512,1024,1024,40,64,128,16384,40,64,512,4096,2314,128,512,4096,2233,64,512,4096,114255,64,512,4096,13275,64,256,512,2083,64,512,1024,3384,256,1024,4096,1109,256,512,512,1181,64,256,4096,17829,64,256,4096,1710,64,256,1024,420,64,256,4096,171,64,256,512,153,0,0,0,0,0,0,0,0,0,0,0,0,0,0,0,0,128,128,128,20,128,65536,65536,20,13.68,7.36,6.32,0,17,7,366,36,1875,0,262144,524288,524288,524288,524288,9,2097152,2097152,2097152,2097152,2097152,9,2097152,4194304,4194304,4194304,4194304,20,2097152,4194304,4194304,4194304,8388608,183,2097152,2097152,2097152,2097152,2097152,12,65536,131072,2097152,2097152,4194304,971,0,0,0,0,0,0,0,0,0,0,0,0,128,256,512,512,512,1204,65536,2097152,4194304,4194304,8388608,1204,128,256,256,256,256,9,256,256,256,512,1024,1195,301714,0,36180,18438,43167,0,40,20,0
3.66912E+13,1747,2048,8192,16384,12418,256,4096,8192,1740,4096,8192,16384,1395,4096,16384,16384,342,8192,16384,16384,17,2048,8192,8192,347,512,4096,8192,1398,1024,4096,8192,213,0,0,0,0,128,65536,262144,17994,524288,1048576,1048576,41,262144,524288,524288,41,524288,524288,524288,41,512,1024,1024,41,64,8192,65536,41,64,512,4096,2053,64,512,4096,2539,64,512,4096,111762,64,512,4096,12555,64,256,512,1762,64,512,1024,2826,256,1024,1024,1326,128,512,1024,1281,64,512,4096,17892,64,256,1024,1872,64,256,512,330,64,256,512,189,64,512,1024,153,0,0,0,0,0,0,0,0,0,0,0,0,0,0,0,0,64,128,128,20,128,256,256,20,11.12,6.26,4.86,0,17,7,347,37,1737,54,0,0,0,0,0,0,4194304,4194304,4194304,4194304,4194304,8,2097152,4194304,4194304,4194304,4194304,7,2097152,4194304,8388608,8388608,8388608,166,131072,4194304,4194304,4194304,4194304,23,65536,131072,262144,4194304,8388608,821,0,0,0,0,0,0,0,0,0,0,0,0,128,256,512,512,2048,1025,65536,4194304,4194304,8388608,8388608,1025,0,0,0,0,0,0,256,256,512,512,1024,1025,302888,0,34991,17924,41425,0,41,20,0
3.66922E+13,1747,2048,8192,16384,12659,512,4096,8192,1754,4096,8192,16384,1444,4096,16384,16384,348,8192,16384,16384,23,2048,8192,8192,373,512,4096,8192,1430,1024,4096,8192,256,0,0,0,0,512,65536,131072,18447,524288,1048576,1048576,41,262144,524288,524288,41,524288,524288,524288,41,512,1024,2048,41,64,128,2048,41,64,512,4096,2234,64,512,4096,2234,64,512,4096,113931,64,512,2048,12996,64,256,512,1769,64,512,1024,2970,256,1024,4096,1299,128,512,1024,1344,64,256,2048,17379,64,256,2048,1854,64,256,512,444,64,256,512,189,128,512,4096,207,0,0,0,0,0,0,0,0,0,0,0,0,0,0,0,0,64,128,128,21,128,128,128,21,13.32,5.64,7.69,0,23,3,373,31,1792,0,0,0,0,0,0,0,2097152,2097152,2097152,2097152,4194304,4,2097152,4194304,4194304,4194304,4194304,20,2097152,4194304,4194304,8388608,8388608,190,131072,2097152,2097152,2097152,4194304,16,65536,131072,262144,4194304,4194304,928,0,0,0,0,0,0,0,0,0,0,0,0,128,256,256,512,512,1158,65536,2097152,4194304,4194304,8388608,1158,0,0,0,0,0,0,256,256,512,512,1024,1158,303952,0,35320,18312,41913,0,41,21,0
3.66932E+13,1747,2048,8192,16384,12458,512,4096,8192,1744,4096,8192,16384,1404,4096,16384,16384,379,8192,8192,8192,19,2048,8192,8192,372,512,4096,8192,1404,1024,4096,8192,246,0,0,0,1,512,65536,131072,18157,1048576,1048576,1048576,40,262144,524288,524288,40,524288,524288,524288,40,512,1024,1024,40,64,256,1024,40,64,512,1024,2153,64,512,1024,2153,128,512,4096,112122,64,512,2048,12636,64,256,512,1748,128,512,4096,2997,256,1024,4096,1197,128,512,1024,1206,64,512,4096,16614,64,256,512,1818,64,256,4096,447,64,256,512,162,128,512,4096,171,128,256,256,9,1024,2048,2048,54,1024,1024,2048,54,64,64,128,108,64,128,128,20,64,128,128,20,12.53,6.9,5.62,54,19,0,372,32,1783,0,0,0,0,0,0,0,2097152,2097152,2097152,2097152,2097152,5,2097152,2097152,2097152,2097152,2097152,16,2097152,4194304,4194304,4194304,8388608,198,131072,2097152,2097152,2097152,2097152,26,65536,131072,2097152,2097152,4194304,958,0,0,0,0,0,0,0,0,0,0,0,0,128,256,256,512,512,1203,65536,2097152,4194304,4194304,8388608,1203,0,0,0,0,0,0,256,256,512,512,512,1203,305009,0,35419,18120,42385,0,40,20,0
3.66942E+13,1747,2048,8192,16384,12189,512,4096,8192,1745,4096,8192,16384,1385,4096,16384,16384,389,8192,16384,16384,19,2048,8192,8192,336,512,4096,8192,1404,1024,4096,8192,269,0,0,0,1,256,65536,131072,17867,524288,1048576,1048576,41,262144,524288,524288,41,524288,524288,524288,41,512,1024,1024,41,128,2048,8192,41,64,512,4096,2332,128,512,1024,2332,64,512,4096,109701,64,512,4096,12465,64,256,512,2077,128,512,1024,3123,256,1024,4096,1152,128,512,2048,1143,64,256,4096,16767,64,256,2048,1836,64,256,512,315,64,256,4096,171,64,512,4096,171,128,256,256,9,0,0,0,0,0,0,0,0,0,0,0,0,64,128,128,20,128,256,256,20,12.82,6.92,5.9,0,19,0,336,36,1774,0,0,0,0,0,0,0,2097152,2097152,2097152,2097152,2097152,6,2097152,2097152,2097152,2097152,4194304,20,2097152,4194304,4194304,8388608,8388608,177,131072,2097152,2097152,2097152,2097152,27,65536,131072,2097152,2097152,2097152,840,0,0,0,0,0,0,0,0,0,0,0,0,128,256,512,512,512,1070,65536,2097152,4194304,4194304,8388608,1070,0,0,0,0,0,0,128,256,512,512,1024,1070,306104,0,35197,17734,41201,0,41,20,0
3.66952E+13,1747,2048,8192,16384,12381,512,4096,8192,1746,4096,8192,16384,1395,4096,16384,32768,354,8192,16384,16384,19,2048,8192,8192,347,512,4096,8192,1389,1024,4096,8192,204,2048,2048,2048,2,256,65536,262144,17990,524288,1048576,1048576,41,262144,524288,524288,41,524288,524288,524288,41,512,1024,1024,41,64,16384,32768,41,64,512,1024,2153,64,512,2048,2153,128,512,4096,111429,64,512,4096,12555,64,256,512,1784,64,512,4096,2979,256,1024,4096,1078,256,512,1024,1150,64,256,2048,18387,64,256,512,1692,64,256,512,432,64,512,4096,171,128,512,1024,171,128,512,512,18,0,0,0,0,0,0,0,0,0,0,0,0,64,128,128,21,128,256,256,21,14.34,7.74,6.6,0,19,0,347,51,1749,0,0,0,0,0,0,0,2097152,2097152,2097152,2097152,2097152,7,2097152,4194304,4194304,4194304,8388608,18,2097152,4194304,4194304,8388608,8388608,183,2097152,2097152,2097152,2097152,4194304,20,65536,131072,2097152,2097152,2097152,818,0,0,0,0,0,0,0,0,0,0,0,0,128,256,256,512,512,1046,65536,2097152,4194304,8388608,8388608,1046,0,0,0,0,0,0,256,256,512,512,1024,1046,307224,0,35360,17858,41771,0,41,21,0
3.66963E+13,1747,2048,8192,16384,12339,512,4096,8192,1747,4096,8192,16384,1407,4096,16384,16384,335,8192,16384,16384,12,2048,8192,8192,356,512,4096,8192,1406,1024,4096,8192,231,0,0,0,1,256,65536,262144,17955,524288,1048576,1048576,41,262144,524288,524288,41,524288,524288,524288,41,512,1024,1024,41,64,128,65536,41,64,512,4096,2438,128,512,4096,2438,64,512,4096,111051,64,512,1024,12663,64,256,512,1562,64,512,1024,2808,256,1024,4096,1107,256,512,512,1107,64,512,4096,17325,64,256,512,2124,64,256,512,372,64,256,256,90,128,512,1024,108,128,256,256,9,0,0,0,0,0,0,0,0,0,0,0,0,64,128,128,20,128,128,128,20,13.43,7.93,5.5,0,12,0,356,46,1742,0,0,0,0,0,0,0,2097152,2097152,2097152,2097152,2097152,12,2097152,2097152,2097152,2097152,16777216,14,2097152,4194304,4194304,4194304,8388608,193,131072,2097152,2097152,2097152,2097152,19,65536,131072,2097152,2097152,2097152,809,0,0,0,0,0,0,0,0,0,0,0,0,128,256,256,512,512,1047,65536,2097152,4194304,4194304,16777216,1047,0,0,0,0,0,0,256,256,512,512,1024,1047,308333,0,35205,17817,41471,0,41,20,0
3.66973E+13,1747,2048,8192,16384,12360,512,4096,8192,1745,4096,8192,16384,1416,4096,16384,16384,367,8192,8192,8192,11,2048,8192,8192,362,512,4096,8192,1411,1024,4096,8192,241,0,0,0,0,512,65536,131072,18055,524288,1048576,1048576,40,262144,524288,524288,40,524288,524288,524288,40,512,1024,1024,40,64,32768,32768,40,128,512,4096,1989,128,512,4096,1989,128,512,4096,111240,64,512,4096,12744,64,256,512,1839,64,512,4096,2988,256,1024,1024,1111,256,512,1024,1183,64,512,4096,16866,64,512,2048,1782,64,256,4096,467,64,256,512,162,64,256,4096,99,0,0,0,0,0,0,0,0,0,0,0,0,0,0,0,0,64,128,128,20,128,128,128,20,13.92,8.12,5.8,0,11,0,362,31,1783,0,0,0,0,0,0,0,2097152,2097152,2097152,2097152,2097152,5,2097152,4194304,4194304,4194304,4194304,16,2097152,4194304,4194304,4194304,4194304,181,131072,4194304,4194304,4194304,8388608,20,65536,131072,2097152,2097152,4194304,1048,0,0,0,0,0,0,0,0,0,0,0,0,128,256,512,512,16384,1270,65536,2097152,4194304,4194304,8388608,1270,0,0,0,0,0,0,256,256,512,1024,1024,1270,309250,0,35117,17911,42196,0,40,20,0
3.66983E+13,1747,2048,8192,16384,12128,512,4096,8192,1747,4096,8192,16384,1356,4096,8192,16384,349,8192,8192,8192,14,2048,8192,8192,358,512,4096,8192,1379,1024,4096,8192,207,2048,2048,2048,2,256,65536,131072,17692,524288,1048576,1048576,41,262144,524288,524288,41,524288,524288,524288,41,1024,1024,1024,41,64,128,128,41,64,512,1024,2255,64,512,1024,2255,128,512,4096,109152,64,512,1024,12204,64,256,512,1960,64,512,1024,3069,256,1024,1024,1140,256,512,1024,1095,64,512,2048,17604,64,256,512,2214,64,512,4096,462,64,256,512,99,128,512,4096,126,128,256,256,18,0,0,0,0,0,0,0,0,0,0,0,0,64,128,128,21,128,256,256,21,12.74,6.5,6.24,0,14,3,358,37,1705,0,0,0,0,0,0,0,2097152,4194304,4194304,4194304,8388608,8,2097152,4194304,4194304,4194304,4194304,16,2097152,4194304,4194304,4194304,8388608,181,131072,2097152,2097152,2097152,4194304,16,65536,131072,2097152,2097152,4194304,896,0,0,0,0,0,0,0,0,0,0,0,0,128,256,512,512,512,1117,65536,2097152,4194304,4194304,8388608,1117,0,0,0,0,0,0,256,256,512,512,1024,1117,310250,0,31057,17246,37838,0,41,21,0
3.66993E+13,1747,2048,8192,16384,12028,512,4096,8192,1742,4096,8192,16384,1325,4096,8192,16384,303,8192,16384,16384,19,2048,4096,8192,339,512,2048,4096,1324,1024,4096,8192,228,0,0,0,0,1024,65536,262144,17455,524288,1048576,1048576,41,262144,524288,524288,41,524288,524288,524288,41,512,1024,1024,41,64,128,1024,41,64,512,512,2300,128,512,512,2300,128,512,1024,108252,64,512,512,11925,64,256,512,1457,64,512,512,2673,256,1024,2048,1200,256,512,512,1146,64,256,512,17802,64,256,512,2052,64,256,512,378,64,256,512,153,128,512,8192,171,0,0,0,0,0,0,0,0,0,0,0,0,0,0,0,0,64,128,128,20,128,128,128,20,10.94,6.44,4.5,0,19,2,339,44,1628,0,0,0,0,0,0,0,2097152,2097152,2097152,2097152,2097152,8,2097152,2097152,2097152,2097152,4194304,14,2097152,4194304,4194304,4194304,8388608,195,65536,2097152,2097152,2097152,2097152,16,65536,131072,2097152,2097152,4194304,970,0,0,0,0,0,0,0,0,0,0,0,0,128,256,256,512,512,1203,65536,2097152,4194304,4194304,8388608,1203,0,0,0,0,0,0,128,256,512,512,512,1203,311079,0,24551,16827,32907,0,41,20,0
3.67003E+13,1695,2048,8192,16384,12040,512,4096,8192,1735,4096,8192,16384,1368,4096,8192,16384,352,8192,8192,8192,18,2048,4096,8192,317,512,1024,4096,1386,1024,2048,4096,241,0,0,0,0,512,65536,131072,17621,524288,1048576,1048576,40,262144,524288,524288,40,262144,524288,524288,40,512,1024,1024,40,64,128,1024,40,64,512,512,2285,64,512,512,2753,128,512,1024,108360,64,512,512,12312,64,256,512,1859,64,512,512,3015,256,1024,1024,1149,128,512,512,1176,64,256,512,16821,64,256,512,1908,64,256,512,363,64,256,512,135,128,512,512,162,0,0,0,0,0,0,0,0,0,0,0,0,0,0,0,0,64,128,128,20,128,256,256,20,12.66,6.65,6.01,0,18,8,317,28,1720,52,0,0,0,0,0,0,2097152,2097152,2097152,2097152,2097152,2,2097152,2097152,2097152,2097152,4194304,16,2097152,4194304,4194304,4194304,4194304,193,131072,2097152,2097152,2097152,2097152,17,65536,131072,2097152,2097152,2097152,1080,0,0,0,0,0,0,0,0,0,0,0,0,128,256,256,512,1024,1308,65536,2097152,4194304,4194304,4194304,1308,0,0,0,0,0,0,128,256,512,512,1024,1308,311914,0,23177,16745,32208,0,40,20,0
3.67013E+13,1695,2048,8192,16384,13167,256,4096,8192,1705,4096,8192,16384,1503,4096,16384,16384,362,8192,8192,8192,16,2048,8192,8192,402,512,4096,8192,1474,1024,4096,8192,253,2048,2048,2048,3,64,65536,262144,19049,524288,1048576,1048576,41,262144,524288,524288,41,262144,524288,524288,41,512,1024,1024,41,64,128,32768,41,128,512,1024,2292,128,512,1024,2292,64,512,4096,118503,64,512,1024,13527,64,256,512,1819,64,512,1024,3213,256,512,1024,1203,128,512,4096,1284,64,256,2048,18720,64,256,512,1980,64,256,256,429,64,256,512,162,128,512,4096,144,128,256,512,27,0,0,0,0,0,0,0,0,0,0,0,0,64,128,128,21,128,128,128,21,14.25,6.61,7.63,0,16,12,402,41,1865,0,0,0,0,0,0,0,2097152,2097152,2097152,2097152,2097152,10,2097152,2097152,2097152,2097152,4194304,14,2097152,4194304,4194304,4194304,4194304,198,2097152,2097152,2097152,2097152,4194304,20,65536,131072,2097152,2097152,2097152,794,0,0,0,0,0,0,0,0,0,0,0,0,128,256,256,512,1024,1036,65536,2097152,4194304,4194304,4194304,1036,0,0,0,0,0,0,256,256,512,512,1024,1036,313214,0,33459,18738,40288,0,41,21,0
3.67024E+13,1695,2048,8192,16384,12014,512,4096,4096,1694,4096,8192,16384,1358,4096,8192,16384,363,8192,16384,16384,13,2048,8192,8192,333,512,4096,8192,1343,1024,4096,8192,226,0,0,0,1,128,65536,262144,17493,524288,1048576,1048576,41,262144,524288,524288,41,524288,524288,524288,41,256,1024,1024,41,64,512,32768,41,64,512,4096,2001,128,512,4096,2001,64,512,4096,108126,64,512,1024,12222,64,256,512,1962,64,512,1024,3141,256,1024,1024,1278,128,512,1024,1134,64,256,2048,17154,64,256,4096,1899,64,256,512,407,64,512,512,117,128,512,4096,117,128,256,256,9,1024,2048,2048,11,1024,1024,1024,10,64,64,64,21,64,128,128,20,128,512,512,20,11.26,6.65,4.6,10,13,16,333,32,1721,0,0,0,0,0,0,0,2097152,4194304,4194304,4194304,4194304,13,2097152,2097152,4194304,4194304,4194304,22,2097152,4194304,4194304,4194304,4194304,163,2097152,2097152,2097152,2097152,4194304,24,65536,131072,2097152,4194304,4194304,935,0,0,0,0,0,0,0,0,0,0,0,0,128,256,256,512,512,1157,65536,2097152,4194304,4194304,4194304,1157,0,0,0,0,0,0,256,256,512,1024,1024,1157,314182,0,34207,17421,41197,0,41,20,0
3.67034E+13,1695,2048,8192,16384,12141,512,4096,4096,1694,4096,8192,16384,1383,4096,16384,16384,299,8192,16384,16384,15,2048,8192,8192,357,512,4096,8192,1374,1024,4096,8192,249,0,0,0,1,128,65536,262144,17647,1048576,1048576,1048576,40,262144,524288,524288,40,524288,524288,524288,40,512,1024,1024,40,64,1024,4096,40,64,512,1024,2271,64,512,1024,2271,128,512,4096,109269,64,512,2048,12447,64,256,512,1555,64,512,4096,2682,256,1024,1024,1229,128,512,512,1193,64,512,4096,17154,64,256,512,1854,64,512,512,459,64,256,512,135,128,512,4096,135,64,512,512,9,1024,2048,2048,41,1024,1024,2048,42,64,64,64,83,64,128,128,20,64,128,128,20,12.51,6.83,5.67,42,15,20,357,46,1682,0,0,0,0,0,0,0,2097152,2097152,2097152,2097152,2097152,14,2097152,4194304,4194304,4194304,4194304,16,2097152,4194304,4194304,4194304,4194304,167,131072,2097152,2097152,2097152,4194304,29,65536,131072,2097152,2097152,2097152,950,0,0,0,0,0,0,0,0,0,0,0,0,128,256,256,512,2048,1176,65536,2097152,4194304,4194304,4194304,1176,0,0,0,0,0,0,256,256,512,512,1024,1176,315168,0,34262,17594,41221,0,40,20,0
3.67044E+13,1695,2048,8192,16384,11999,512,4096,8192,1693,4096,8192,16384,1350,4096,8192,16384,378,4096,8192,8192,9,2048,8192,8192,343,512,4096,8192,1370,1024,4096,8192,231,0,0,0,1,128,65536,131072,17519,524288,1048576,1048576,41,262144,524288,524288,41,524288,524288,524288,41,256,512,1024,41,64,128,65536,42,64,512,4096,2180,128,512,2048,2180,64,512,4096,107991,64,512,4096,12150,64,256,512,1800,64,512,2048,3267,256,1024,1024,1227,256,512,512,1254,64,512,2048,17253,64,256,512,1800,64,256,512,408,64,256,512,72,64,256,512,81,128,256,256,9,0,0,0,0,0,0,0,0,0,0,0,0,64,128,128,21,64,128,128,21,12.19,6.98,5.21,0,9,31,343,40,1728,0,0,0,0,0,0,0,2097152,2097152,2097152,2097152,2097152,6,2097152,2097152,2097152,2097152,2097152,7,2097152,2097152,4194304,4194304,4194304,210,131072,2097152,2097152,2097152,2097152,17,65536,131072,2097152,2097152,4194304,930,0,0,0,0,0,0,0,0,0,0,0,0,128,256,512,512,512,1170,65536,2097152,2097152,4194304,4194304,1170,0,0,0,0,0,0,256,256,512,512,1024,1170,316149,0,34063,17399,40939,0,41,21,0
3.67054E+13,1695,2048,8192,16384,12172,512,4096,8192,1694,4096,8192,16384,1375,4096,16384,16384,341,8192,8192,8192,13,2048,8192,8192,349,512,4096,8192,1355,1024,4096,8192,215,2048,2048,2048,2,1024,65536,262144,17662,524288,1048576,1048576,41,262144,524288,524288,41,524288,524288,524288,41,512,1024,1024,41,64,8192,32768,40,64,512,4096,1961,64,512,1024,1961,64,512,4096,109548,64,512,4096,12375,64,256,512,1873,64,512,2048,3159,256,1024,4096,1125,128,512,512,1125,64,256,4096,16722,64,256,512,1926,64,512,512,426,64,512,4096,126,128,512,512,117,64,256,256,18,0,0,0,0,0,0,0,0,0,0,0,0,64,128,128,20,128,128,128,20,16.53,7.56,8.97,0,13,25,349,33,1716,0,0,0,0,0,0,0,2097152,2097152,2097152,2097152,2097152,6,2097152,2097152,2097152,2097152,2097152,10,2097152,4194304,4194304,4194304,4194304,143,131072,4194304,4194304,4194304,4194304,17,65536,131072,2097152,2097152,4194304,680,2097152,2097152,4194304,4194304,4194304,64,0,0,0,0,0,0,128,256,256,512,512,920,65536,2097152,4194304,4194304,4194304,920,0,0,0,0,0,0,256,256,512,1024,1024,920,317365,0,34127,17521,40804,0,41,20,0
3.67064E+13,1695,2048,8192,16384,12191,512,4096,8192,1696,4096,8192,16384,1345,4096,16384,16384,324,8192,16384,16384,19,2048,8192,8192,307,512,4096,8192,1347,1024,4096,8192,217,0,0,0,1,512,65536,262144,17619,524288,1048576,1048576,41,262144,524288,524288,41,262144,524288,524288,41,512,1024,1024,41,128,65536,65536,41,64,512,4096,2143,128,512,4096,2143,64,512,4096,109719,64,512,4096,12105,64,256,512,1852,64,512,4096,2997,256,1024,1024,1205,256,512,1024,1142,64,256,2048,16398,64,256,512,1683,64,256,1024,441,64,256,512,144,128,1024,4096,171,256,256,256,9,0,0,0,0,0,0,0,0,0,0,0,0,64,128,128,21,128,128,128,21,14.4,8.75,5.66,0,19,28,307,48,1669,0,0,0,0,0,0,0,2097152,2097152,2097152,2097152,8388608,8,2097152,2097152,2097152,2097152,4194304,13,2097152,4194304,4194304,4194304,8388608,183,65536,2097152,2097152,2097152,2097152,15,65536,131072,2097152,2097152,4194304,868,0,0,0,0,0,0,0,0,0,0,0,0,128,256,256,512,1024,1087,65536,2097152,4194304,4194304,8388608,1087,0,0,0,0,0,0,256,256,512,512,1024,1087,318349,0,34227,17486,41109,0,41,21,0
3.67075E+13,1695,2048,8192,16384,12126,512,4096,8192,1694,4096,8192,16384,1349,4096,16384,16384,376,8192,16384,16384,16,2048,8192,8192,382,512,4096,8192,1386,1024,4096,8192,224,0,0,0,0,512,65536,131072,17702,524288,1048576,1048576,40,262144,524288,524288,40,262144,524288,524288,40,512,1024,1024,40,64,128,16384,40,64,512,4096,2040,64,512,4096,2040,64,512,4096,109134,64,512,1024,12141,64,256,512,1857,64,512,1024,3393,256,1024,4096,1023,256,512,1024,1077,64,256,4096,15921,64,256,512,1935,64,256,512,399,64,256,1024,189,128,512,4096,144,0,0,0,0,0,0,0,0,0,0,0,0,0,0,0,0,64,128,128,20,128,256,256,20,11.03,6.54,4.49,0,16,27,382,38,1725,0,0,0,0,0,0,0,2097152,2097152,2097152,2097152,2097152,10,2097152,2097152,2097152,2097152,2097152,8,2097152,4194304,4194304,4194304,4194304,201,131072,2097152,2097152,2097152,2097152,24,65536,131072,2097152,2097152,4194304,980,0,0,0,0,0,0,0,0,0,0,0,0,128,256,256,512,512,1223,65536,2097152,4194304,4194304,4194304,1223,0,0,0,0,0,0,128,256,512,512,1024,1223,319314,0,34013,17550,41254,0,40,20,0
3.67085E+13,1695,2048,8192,16384,11951,512,4096,8192,1696,4096,8192,16384,1384,4096,16384,16384,337,8192,16384,16384,16,2048,8192,8192,335,512,4096,8192,1365,1024,4096,8192,250,2048,2048,2048,2,512,65536,262144,17496,524288,1048576,1048576,41,262144,524288,524288,41,262144,524288,524288,41,512,1024,1024,41,128,128,32768,41,64,512,4096,2104,128,512,4096,2104,128,512,4096,107559,64,512,4096,12456,64,256,512,1879,128,512,4096,2961,256,1024,4096,1080,128,512,512,1116,64,512,4096,16317,64,256,512,1746,64,512,1024,330,64,256,512,144,128,512,4096,144,64,512,512,18,0,0,0,0,0,0,0,0,0,0,0,0,64,128,128,20,64,128,128,20,12.8,7.23,5.58,0,16,37,335,43,1721,0,0,0,0,0,0,0,2097152,2097152,2097152,2097152,2097152,6,2097152,4194304,4194304,4194304,4194304,16,2097152,4194304,4194304,4194304,4194304,188,131072,2097152,2097152,2097152,2097152,27,65536,131072,2097152,4194304,4194304,991,0,0,0,0,0,0,0,0,0,0,0,0,128,256,256,512,512,1228,65536,2097152,4194304,4194304,4194304,1228,0,0,0,0,0,0,256,256,512,512,1024,1228,320238,0,35062,17346,41253,0,41,20,0
3.67095E+13,1695,2048,8192,16384,11553,512,4096,8192,1694,4096,8192,16384,1345,4096,16384,16384,360,8192,8192,8192,21,2048,8192,8192,344,512,4096,8192,1357,1024,8192,8192,237,0,0,0,0,512,65536,131072,17048,524288,1048576,1048576,41,262144,524288,524288,41,524288,524288,524288,41,512,1024,1024,41,64,128,8192,41,128,512,4096,2015,128,512,4096,2015,64,512,4096,103977,64,512,4096,12105,64,256,512,1896,64,512,1024,3006,256,1024,4096,1149,128,512,512,1104,64,512,4096,16182,64,256,512,1782,64,256,512,354,64,256,512,207,64,512,512,189,0,0,0,0,0,0,0,0,0,0,0,0,0,0,0,0,64,128,128,21,128,128,128,21,13.16,6.58,6.58,0,21,37,344,47,1705,0,0,0,0,0,0,0,2097152,2097152,2097152,2097152,2097152,8,2097152,2097152,2097152,2097152,2097152,8,2097152,4194304,4194304,4194304,4194304,200,131072,2097152,2097152,2097152,4194304,26,65536,131072,2097152,4194304,4194304,980,0,0,0,0,0,0,0,0,0,0,0,0,128,256,256,512,4096,1222,65536,2097152,4194304,4194304,4194304,1222,0,0,0,0,0,0,256,256,512,512,512,1222,321170,0,34000,16866,41256,0,41,21,0
3.67105E+13,1656,2048,8192,16384,11888,512,4096,8192,1690,4096,8192,16384,1364,4096,8192,16384,319,8192,16384,16384,18,2048,8192,8192,336,512,4096,8192,1341,1024,4096,8192,238,0,0,0,1,1024,65536,262144,17347,524288,1048576,1048576,41,262144,524288,524288,41,262144,524288,524288,41,512,1024,1024,41,64,32768,65536,41,64,512,4096,2324,64,512,1024,2675,128,512,4096,106992,64,512,2048,12276,64,256,512,1559,64,512,2048,3006,256,1024,1024,1167,128,512,4096,1194,64,512,4096,15804,64,256,2048,2052,64,256,512,369,64,256,1024,126,128,512,4096,162,256,512,512,9,0,0,0,0,0,0,0,0,0,0,0,0,64,128,128,20,128,65536,65536,20,13.08,6.73,6.35,0,18,28,336,48,1683,50,262144,262144,262144,262144,524288,11,2097152,2097152,2097152,2097152,4194304,8,2097152,2097152,2097152,2097152,4194304,10,2097152,4194304,4194304,4194304,8388608,186,2097152,2097152,2097152,2097152,2097152,17,65536,131072,2097152,2097152,4194304,934,0,0,0,0,0,0,0,0,0,0,0,0,128,256,256,512,512,1166,65536,2097152,4194304,4194304,8388608,1166,128,256,256,256,256,11,256,256,512,512,1024,1155,322167,0,33945,17252,40972,0,41,20,0
3.67115E+13,1672,2048,8192,16384,11932,512,4096,8192,1661,4096,8192,16384,1339,4096,16384,16384,358,8192,16384,16384,14,2048,8192,8192,320,512,4096,8192,1329,1024,4096,8192,220,0,0,0,0,64,65536,131072,17306,524288,1048576,1048576,40,262144,524288,524288,40,524288,524288,524288,40,512,512,512,40,64,65536,65536,40,64,512,2048,2130,64,512,1024,1986,64,512,4096,107388,64,512,4096,12051,64,256,512,2046,64,512,1024,3141,256,1024,4096,1275,128,512,1024,1329,64,256,4096,16236,64,256,1024,1611,64,512,2048,477,64,256,512,171,64,512,4096,126,0,0,0,0,0,0,0,0,0,0,0,0,0,0,0,0,64,128,128,20,128,65536,65536,20,14.31,7.22,7.09,0,14,31,320,35,1697,0,262144,262144,262144,262144,524288,17,2097152,2097152,2097152,2097152,2097152,16,2097152,2097152,2097152,2097152,2097152,15,2097152,4194304,4194304,8388608,8388608,171,131072,2097152,2097152,2097152,2097152,19,65536,131072,2097152,2097152,4194304,867,0,0,0,0,0,0,0,0,0,0,0,0,128,256,256,512,512,1105,65536,2097152,4194304,4194304,8388608,1105,256,256,256,256,256,17,256,256,512,512,1024,1088,323159,0,33109,17163,40170,0,40,20,0
3.67125E+13,1694,2048,8192,16384,11885,512,4096,8192,1681,4096,8192,16384,1353,4096,16384,32768,332,8192,8192,8192,23,2048,8192,8192,359,512,4096,8192,1375,1024,4096,8192,211,0,0,0,0,2048,65536,262144,17366,524288,1048576,1048576,41,262144,524288,524288,41,524288,524288,524288,41,512,1024,1024,41,128,32768,32768,41,64,512,4096,2440,128,512,4096,2242,64,512,4096,106965,64,512,4096,12177,64,256,512,1768,64,512,1024,2979,256,1024,4096,1074,256,512,512,1209,64,512,4096,17325,64,256,1024,1656,64,256,512,375,64,256,512,189,128,512,512,207,0,0,0,0,2048,2048,2048,22,512,1024,1024,13,64,64,64,35,64,128,128,21,128,32768,65536,21,11.43,6.99,4.45,13,23,25,359,52,1685,0,262144,524288,524288,524288,524288,21,2097152,2097152,2097152,2097152,2097152,9,2097152,2097152,2097152,2097152,2097152,10,2097152,4194304,4194304,4194304,4194304,196,131072,2097152,2097152,2097152,4194304,20,65536,131072,2097152,2097152,4194304,1006,0,0,0,0,0,0,0,0,0,0,0,0,128,256,256,512,512,1262,65536,2097152,4194304,4194304,4194304,1262,128,256,256,256,256,21,256,256,512,512,1024,1241,324054,0,33986,17273,41230,0,41,21,0
3.67136E+13,1709,2048,8192,16384,12201,512,4096,8192,1701,4096,8192,16384,1367,4096,16384,16384,354,8192,8192,8192,15,2048,8192,8192,367,512,4096,8192,1381,1024,4096,8192,235,4096,4096,4096,3,1024,65536,131072,17784,524288,1048576,1048576,40,262144,524288,524288,40,524288,524288,524288,40,512,1024,1024,40,64,32768,32768,40,64,512,4096,2386,64,512,4096,2251,64,512,4096,109809,64,512,4096,12303,64,256,512,1742,64,512,1024,3177,256,1024,4096,1170,128,512,4096,1089,64,512,4096,16551,64,256,512,1746,64,256,4096,456,128,256,512,72,128,512,1024,135,256,512,512,27,1024,2048,2048,28,1024,2048,2048,37,64,64,64,65,64,128,128,20,128,65536,65536,20,11.75,6.71,5.03,37,15,21,367,41,1721,0,262144,524288,524288,524288,524288,15,2097152,2097152,2097152,2097152,2097152,3,2097152,4194304,4194304,4194304,4194304,14,2097152,4194304,4194304,4194304,4194304,196,131072,2097152,2097152,2097152,2097152,16,65536,131072,2097152,2097152,2097152,973,0,0,0,0,0,0,0,0,0,0,0,0,128,256,256,512,512,1217,65536,2097152,4194304,4194304,4194304,1217,128,256,256,256,256,15,256,256,512,512,1024,1202,325039,0,34277,17714,41687,0,40,20,0
3.67146E+13,1709,2048,8192,16384,12136,512,4096,8192,1710,4096,8192,16384,1346,4096,16384,16384,338,8192,16384,16384,9,2048,8192,16384,348,512,4096,8192,1358,1024,8192,8192,232,0,0,0,0,1024,65536,131072,17617,524288,1048576,1048576,41,262144,524288,524288,41,524288,524288,524288,41,256,512,1024,41,64,2048,32768,41,64,512,4096,2208,64,512,2048,2208,64,512,4096,109224,64,512,2048,12114,64,256,512,1643,64,512,1024,3087,256,1024,1024,1200,256,512,4096,1209,64,256,4096,16722,64,256,512,1818,64,512,4096,363,64,256,512,135,128,512,4096,81,0,0,0,0,0,0,0,0,0,0,0,0,0,0,0,0,64,128,128,20,64,256,256,20,12.94,7.1,5.84,0,9,26,348,37,1684,0,0,0,0,0,0,0,2097152,4194304,4194304,4194304,4194304,4,2097152,2097152,2097152,2097152,2097152,12,2097152,4194304,4194304,8388608,16777216,178,2097152,2097152,2097152,2097152,4194304,19,65536,131072,2097152,4194304,4194304,889,0,0,0,0,0,0,0,0,0,0,0,0,128,256,512,512,512,1102,65536,2097152,4194304,4194304,16777216,1102,0,0,0,0,0,0,128,256,512,1024,1024,1102,326041,0,34085,17487,41068,0,41,20,0
3.67156E+13,1709,2048,8192,16384,12126,512,4096,8192,1708,4096,8192,16384,1359,4096,16384,16384,335,8192,16384,16384,20,2048,8192,8192,315,512,4096,8192,1346,1024,4096,16384,246,0,0,0,1,256,65536,131072,17600,524288,1048576,1048576,41,262144,524288,524288,41,524288,524288,524288,41,512,1024,2048,41,128,128,256,41,128,512,2048,2202,128,512,4096,2202,64,512,4096,109134,64,512,4096,12231,64,256,512,1746,64,512,4096,2907,256,1024,4096,1118,256,512,4096,1226,64,512,4096,15399,64,512,4096,1602,64,512,4096,425,64,256,512,180,64,512,4096,180,128,256,256,9,0,0,0,0,0,0,0,0,0,0,0,0,64,128,128,21,128,128,128,21,11.61,6.96,4.64,0,20,22,315,44,1694,0,0,0,0,0,0,0,2097152,4194304,4194304,4194304,4194304,12,2097152,2097152,2097152,2097152,2097152,10,2097152,4194304,4194304,4194304,8388608,187,2097152,2097152,2097152,2097152,4194304,12,65536,131072,2097152,2097152,2097152,906,0,0,0,0,0,0,0,0,0,0,0,0,128,256,512,512,512,1127,65536,2097152,4194304,4194304,8388608,1127,0,0,0,0,0,0,256,256,512,512,1024,1127,327009,0,34620,17462,41272,0,41,21,0
3.67166E+13,1709,2048,8192,16384,12246,512,4096,8192,1733,4096,8192,16384,1393,4096,16384,16384,368,8192,8192,8192,16,2048,8192,16384,372,512,4096,8192,1412,1024,4096,8192,224,0,0,0,1,2048,65536,262144,17905,1048576,1048576,1048576,41,262144,524288,524288,41,524288,524288,524288,41,512,1024,1024,41,64,32768,65536,41,64,512,4096,2304,128,512,4096,2304,64,512,4096,110214,64,512,2048,12537,64,256,512,1666,64,512,4096,3420,256,1024,4096,1179,256,512,4096,1134,64,512,4096,16047,64,512,1024,1710,0,256,4096,348,64,256,512,144,128,512,4096,144,64,256,256,9,0,0,0,0,0,0,0,0,0,0,0,0,64,128,128,20,128,128,128,20,13.09,7.5,5.59,0,16,25,372,40,1761,0,0,0,0,0,0,0,2097152,2097152,2097152,2097152,4194304,11,2097152,2097152,2097152,2097152,2097152,17,2097152,4194304,4194304,4194304,4194304,190,131072,2097152,2097152,2097152,2097152,22,65536,131072,2097152,4194304,4194304,961,0,0,0,0,0,0,0,0,0,0,0,0,128,256,256,512,512,1201,65536,2097152,4194304,4194304,4194304,1201,0,0,0,0,0,0,256,256,512,512,1024,1201,328022,0,34764,17774,40956,0,41,20,0
3.67176E+13,1709,2048,8192,16384,11885,512,4096,8192,1717,4096,8192,16384,1360,4096,16384,16384,341,8192,8192,8192,21,2048,8192,8192,335,512,4096,8192,1377,1024,4096,8192,233,0,0,0,0,512,65536,131072,17409,524288,1048576,1048576,41,262144,524288,524288,41,524288,524288,524288,41,512,1024,1024,41,128,4096,32768,41,128,512,4096,2252,128,512,4096,2252,64,512,4096,106965,64,512,4096,12240,64,256,512,1751,64,512,2048,2970,256,1024,4096,1125,256,512,4096,1071,64,512,4096,15507,64,256,2048,1674,64,512,2048,369,64,256,4096,171,128,512,4096,189,0,0,0,0,0,0,0,0,0,0,0,0,0,0,0,0,64,128,128,21,128,128,256,21,12.41,6.4,6.01,0,21,24,335,51,1701,0,0,0,0,0,0,0,2097152,2097152,2097152,2097152,2097152,15,2097152,2097152,2097152,2097152,2097152,8,2097152,4194304,4194304,4194304,4194304,199,131072,2097152,2097152,2097152,2097152,13,65536,131072,2097152,2097152,2097152,898,0,0,0,0,0,0,0,0,0,0,0,0,128,256,512,512,512,1133,65536,2097152,4194304,4194304,4194304,1133,0,0,0,0,0,0,256,256,512,512,512,1133,329021,0,33891,17279,40462,0,41,21,0
3.67186E+13,1709,2048,8192,16384,12156,512,4096,8192,1707,4096,8192,16384,1351,4096,16384,16384,328,8192,8192,8192,20,2048,8192,8192,353,512,4096,8192,1363,1024,4096,8192,232,0,0,0,1,1024,65536,262144,17672,1048576,1048576,1048576,40,262144,524288,524288,40,524288,524288,524288,40,512,1024,1024,40,64,16384,16384,40,64,512,1024,1848,64,512,4096,1848,64,512,4096,109404,64,512,2048,12159,64,256,512,1632,64,512,1024,3006,256,1024,2048,1172,256,512,4096,1244,64,256,4096,16722,64,256,2048,1782,64,256,512,261,64,256,256,207,128,512,4096,180,64,512,512,9,0,0,0,0,0,0,0,0,0,0,0,0,64,128,128,20,64,128,128,20,12.42,6.66,5.76,0,20,23,353,39,1679,0,0,0,0,0,0,0,2097152,2097152,2097152,2097152,2097152,5,2097152,2097152,2097152,2097152,4194304,15,2097152,4194304,4194304,4194304,4194304,191,2097152,2097152,2097152,2097152,2097152,21,65536,131072,2097152,4194304,4194304,841,0,0,0,0,0,0,0,0,0,0,0,0,128,256,512,512,512,1073,65536,2097152,4194304,4194304,4194304,1073,0,0,0,0,0,0,256,256,512,1024,1024,1073,330062,0,34180,17513,40662,0,40,20,0
3.67197E+13,1709,2048,8192,16384,11949,512,4096,8192,1709,4096,8192,16384,1410,4096,16384,16384,360,8192,8192,8192,14,2048,8192,8192,370,512,4096,8192,1383,1024,4096,8192,238,2048,2048,2048,2,1024,65536,262144,17572,524288,1048576,1048576,41,262144,524288,524288,41,524288,524288,524288,41,512,1024,1024,41,64,2048,4096,41,64,512,4096,2030,64,512,1024,2030,64,512,4096,107541,64,512,4096,12690,64,256,512,1984,64,512,4096,3330,256,1024,4096,1098,128,512,4096,1080,64,512,4096,16974,64,256,1024,1953,64,512,2048,417,64,256,512,126,128,256,512,126,64,512,512,18,0,0,0,0,0,0,0,0,0,0,0,0,64,128,128,20,128,128,128,20,13.26,6.69,6.56,0,14,19,370,42,1770,0,0,0,0,0,0,0,2097152,2097152,2097152,2097152,2097152,10,2097152,4194304,4194304,4194304,4194304,16,2097152,4194304,4194304,4194304,4194304,181,131072,2097152,2097152,2097152,2097152,15,65536,131072,2097152,2097152,2097152,934,0,0,0,0,0,0,0,0,0,0,0,0,128,256,256,512,512,1156,65536,2097152,4194304,4194304,4194304,1156,0,0,0,0,0,0,256,256,512,512,1024,1156,331121,0,34307,17372,41048,0,41,20,0
3.67207E+13,1658,2048,8192,16384,12088,512,4096,8192,1686,4096,8192,16384,1340,4096,16384,16384,337,8192,8192,8192,16,2048,8192,8192,318,512,4096,8192,1332,1024,4096,8192,222,0,0,0,1,512,65536,131072,17477,524288,1048576,1048576,41,262144,524288,524288,41,262144,524288,524288,41,512,1024,1024,41,64,128,2048,41,64,512,4096,2028,64,512,1024,2487,128,512,4096,108792,64,512,4096,12060,64,256,512,1658,64,512,4096,2979,256,1024,4096,1116,256,512,512,1188,64,256,4096,16803,64,256,512,1692,64,256,512,342,128,256,512,153,128,512,4096,144,128,256,256,9,0,0,0,0,0,0,0,0,0,0,0,0,64,128,128,21,128,256,256,21,12.71,6.99,5.72,0,16,18,318,36,1677,51,0,0,0,0,0,0,2097152,2097152,2097152,2097152,2097152,11,2097152,2097152,2097152,2097152,2097152,9,2097152,4194304,4194304,4194304,4194304,188,131072,4194304,4194304,4194304,4194304,27,65536,131072,2097152,4194304,8388608,906,0,0,0,0,0,0,0,0,0,0,0,0,128,256,512,512,512,1141,65536,2097152,4194304,4194304,8388608,1141,0,0,0,0,0,0,256,256,512,1024,2048,1141,332096,0,34360,17400,40789,0,41,21,0
3.67217E+13,1658,2048,8192,16384,11812,512,4096,8192,1658,4096,8192,16384,1343,4096,16384,16384,346,8192,8192,8192,14,2048,8192,16384,356,512,4096,8192,1343,1024,4096,8192,227,2048,2048,2048,2,512,65536,262144,17237,524288,1048576,1048576,40,262144,524288,524288,40,262144,524288,524288,40,512,1024,1024,40,64,65536,65536,40,64,512,4096,2192,128,512,4096,2192,128,512,4096,106308,64,512,4096,12087,64,256,512,1739,64,512,1024,3060,256,1024,4096,1282,128,512,512,1165,64,256,2048,15426,64,256,2048,1701,64,256,512,375,64,256,512,135,128,512,512,126,64,512,512,18,0,0,0,0,0,0,0,0,0,0,0,0,64,128,128,20,128,256,256,20,11.23,6.71,4.52,0,14,16,356,39,1689,0,0,0,0,0,0,0,2097152,2097152,2097152,2097152,4194304,17,2097152,2097152,2097152,2097152,2097152,12,2097152,4194304,4194304,4194304,4194304,188,131072,2097152,2097152,2097152,2097152,17,65536,131072,2097152,2097152,2097152,984,0,0,0,0,0,0,0,0,0,0,0,0,128,256,256,512,512,1218,65536,2097152,4194304,4194304,4194304,1218,0,0,0,0,0,0,128,256,512,512,1024,1218,332992,0,33671,17103,40200,0,40,20,0
3.67227E+13,1658,2048,8192,16384,11765,512,4096,8192,1658,4096,8192,16384,1323,4096,16384,16384,316,8192,8192,8192,18,2048,8192,8192,323,512,4096,8192,1327,1024,4096,8192,221,0,0,0,0,1024,65536,262144,17087,524288,1048576,1048576,41,262144,524288,524288,41,524288,524288,524288,41,512,1024,1024,41,64,128,16384,41,64,512,4096,2009,128,512,2048,2009,128,512,4096,105885,64,512,4096,11907,64,256,512,1565,64,512,1024,2889,256,1024,4096,1341,256,512,1024,1224,64,512,4096,16794,64,512,1024,1629,64,256,1024,378,64,512,512,126,128,512,1024,162,0,0,0,0,1024,2048,2048,23,1024,1024,1024,22,64,64,64,45,64,128,128,20,64,128,128,20,11.95,7.12,4.83,22,18,22,323,44,1639,0,0,0,0,0,0,0,2097152,2097152,2097152,2097152,4194304,6,2097152,2097152,2097152,2097152,4194304,15,2097152,4194304,4194304,8388608,8388608,188,131072,4194304,4194304,4194304,4194304,19,65536,131072,2097152,2097152,4194304,981,0,0,0,0,0,0,0,0,0,0,0,0,128,256,256,512,512,1209,65536,2097152,4194304,4194304,8388608,1209,0,0,0,0,0,0,256,256,512,512,1024,1209,333851,0,33387,17003,40567,0,41,20,0
3.67237E+13,1658,2048,8192,16384,11771,512,4096,8192,1663,4096,8192,16384,1323,4096,16384,16384,349,8192,8192,8192,19,2048,8192,16384,359,512,4096,8192,1361,1024,4096,8192,214,0,0,0,0,1024,65536,131072,17202,524288,1048576,1048576,40,262144,524288,524288,40,524288,524288,524288,40,512,1024,1024,40,64,8192,65536,40,64,512,4096,2017,128,512,4096,2017,128,512,4096,105939,64,512,1024,11907,64,256,512,1923,128,512,4096,3033,256,1024,1024,1029,128,512,512,1155,64,256,2048,16344,64,256,1024,1773,64,256,512,297,64,256,512,171,64,512,4096,171,0,0,0,0,1024,2048,2048,28,1024,1024,1024,29,64,64,64,57,64,128,128,20,64,256,256,20,11.2,6.69,4.51,29,19,16,359,41,1672,0,0,0,0,0,0,0,2097152,4194304,4194304,4194304,4194304,4,2097152,2097152,2097152,2097152,4194304,8,2097152,4194304,4194304,4194304,4194304,187,131072,4194304,4194304,4194304,4194304,23,65536,131072,2097152,2097152,4194304,893,0,0,0,0,0,0,0,0,0,0,0,0,128,256,256,512,1024,1115,65536,2097152,4194304,4194304,4194304,1115,0,0,0,0,0,0,256,256,512,512,512,1115,334872,0,32744,17122,39677,0,40,20,0
3.67247E+13,1658,2048,8192,16384,11934,512,4096,8192,1658,4096,8192,16384,1337,4096,16384,16384,353,8192,8192,8192,10,2048,8192,8192,314,512,4096,8192,1317,1024,4096,8192,237,0,0,0,1,128,65536,262144,17298,524288,1048576,1048576,41,262144,524288,524288,41,524288,524288,524288,41,512,512,512,41,64,2048,8192,41,64,512,4096,1923,128,512,1024,1923,64,512,4096,107406,64,512,2048,12033,64,256,512,1887,64,512,4096,3033,256,1024,4096,1177,128,512,512,1051,64,512,4096,17100,64,256,2048,1755,64,256,4096,333,64,256,512,99,128,512,4096,90,128,128,128,9,0,0,0,0,0,0,0,0,0,0,0,0,64,128,128,21,64,128,128,21,12.52,6.65,5.88,0,10,14,314,39,1690,0,0,0,0,0,0,0,2097152,2097152,2097152,2097152,2097152,2,2097152,4194304,4194304,4194304,4194304,14,2097152,2097152,4194304,4194304,16777216,196,2097152,4194304,4194304,4194304,4194304,18,65536,131072,2097152,2097152,4194304,917,0,0,0,0,0,0,0,0,0,0,0,0,128,256,256,512,512,1147,65536,2097152,4194304,4194304,16777216,1147,0,0,0,0,0,0,256,256,512,512,1024,1147,335792,0,32801,17066,40153,145,41,21,0
3.67258E+13,1658,2048,8192,16384,11727,512,4096,8192,1659,4096,8192,16384,1330,4096,8192,16384,335,8192,8192,8192,15,2048,8192,8192,335,512,4096,8192,1309,1024,4096,8192,224,0,0,0,0,64,65536,131072,17056,524288,1048576,1048576,41,262144,524288,524288,41,524288,524288,524288,41,512,512,512,41,64,128,2048,41,64,512,4096,2125,64,512,1024,2125,64,512,4096,105543,64,512,4096,11970,64,256,512,1586,64,512,4096,2763,256,1024,1024,1203,128,512,4096,1194,64,256,4096,17235,64,256,2048,1800,64,256,2048,354,64,256,256,144,128,512,4096,135,0,0,0,0,0,0,0,0,0,0,0,0,0,0,0,0,64,128,128,20,128,128,128,20,11.02,6.53,4.48,0,15,14,335,38,1665,0,0,0,0,0,0,0,2097152,4194304,4194304,4194304,4194304,13,2097152,2097152,2097152,2097152,4194304,14,2097152,4194304,4194304,4194304,4194304,190,131072,2097152,2097152,2097152,2097152,26,65536,131072,2097152,4194304,4194304,931,0,0,0,0,0,0,0,0,0,0,0,0,128,256,512,512,512,1174,65536,2097152,4194304,4194304,4194304,1174,0,0,0,0,0,0,256,256,512,512,1024,1174,336685,0,33812,16936,40503,0,41,20,0
3.67268E+13,1658,2048,8192,16384,11834,256,4096,8192,1656,4096,8192,16384,1328,4096,16384,16384,356,8192,8192,8192,18,2048,8192,8192,357,512,4096,8192,1316,1024,4096,8192,231,0,0,0,0,256,65536,262144,17236,524288,1048576,1048576,41,262144,524288,524288,41,262144,524288,524288,41,512,1024,1024,41,64,256,8192,41,64,512,4096,2145,64,512,2048,2145,64,512,4096,106506,64,512,2048,11952,64,256,512,1823,64,512,4096,3132,256,512,1024,1110,128,512,512,1110,64,512,4096,16245,64,256,512,1746,64,256,1024,366,64,256,4096,162,64,512,1024,162,0,0,0,0,0,0,0,0,0,0,0,0,0,0,0,0,64,128,128,21,64,128,256,21,11.86,6.76,5.1,0,18,23,357,38,1684,0,0,0,0,0,0,0,2097152,2097152,2097152,2097152,4194304,8,2097152,2097152,2097152,2097152,2097152,8,2097152,2097152,4194304,4194304,4194304,196,2097152,2097152,4194304,4194304,4194304,25,65536,131072,2097152,2097152,2097152,984,0,0,0,0,0,0,0,0,0,0,0,0,128,256,256,512,512,1221,65536,2097152,2097152,4194304,4194304,1221,0,0,0,0,0,0,256,256,512,1024,8192,1221,337584,0,33434,17127,40695,0,41,21,0
3.67278E+13,1658,2048,8192,16384,11883,512,4096,8192,1657,4096,8192,16384,1343,4096,8192,16384,326,8192,8192,8192,17,2048,8192,8192,355,512,4096,8192,1365,1024,4096,8192,228,2048,2048,2048,2,1024,65536,131072,17328,524288,1048576,1048576,41,262144,524288,524288,41,524288,524288,524288,41,256,1024,1024,41,64,8192,16384,41,64,512,4096,2245,64,512,4096,2245,64,512,4096,106947,64,512,4096,12087,64,256,512,1807,64,512,1024,2952,256,1024,4096,1206,128,512,1024,1161,64,512,4096,15426,64,512,4096,1665,64,256,512,354,64,256,512,171,128,512,4096,153,64,512,512,18,0,0,0,0,0,0,0,0,0,0,0,0,64,128,128,20,128,256,256,20,11.72,6.5,5.22,0,17,13,355,41,1669,0,0,0,0,0,0,0,2097152,2097152,2097152,2097152,2097152,4,2097152,2097152,2097152,2097152,4194304,8,2097152,4194304,4194304,4194304,8388608,169,131072,2097152,2097152,2097152,2097152,16,65536,131072,2097152,4194304,4194304,783,2097152,4194304,4194304,4194304,4194304,28,0,0,0,0,0,0,128,256,512,512,512,1008,65536,2097152,4194304,4194304,8388608,1008,0,0,0,0,0,0,256,256,512,1024,1024,1008,338671,0,33567,17208,39969,0,41,20,0
3.67288E+13,1658,2048,8192,16384,11647,512,4096,8192,1662,4096,8192,16384,1318,4096,16384,16384,353,8192,8192,8192,15,2048,8192,8192,320,512,4096,8192,1331,1024,8192,8192,209,0,0,0,1,64,65536,131072,17005,524288,1048576,1048576,40,262144,524288,524288,40,524288,524288,524288,40,256,1024,1024,40,64,128,32768,40,64,512,4096,2166,128,512,1024,2166,128,512,4096,104823,64,512,1024,11862,64,256,512,1694,128,512,4096,3141,256,1024,4096,1032,256,512,1024,1059,64,512,4096,15930,64,256,1024,1593,64,512,4096,336,128,256,512,81,128,512,4096,135,64,256,256,9,0,0,0,0,0,0,0,0,0,0,0,0,64,128,128,20,128,128,128,20,12.63,7.09,5.54,0,15,19,320,40,1671,0,0,0,0,0,0,0,2097152,4194304,4194304,4194304,4194304,13,2097152,2097152,2097152,2097152,2097152,9,2097152,4194304,4194304,4194304,8388608,157,2097152,4194304,4194304,4194304,4194304,16,65536,131072,2097152,2097152,2097152,706,2097152,4194304,4194304,4194304,4194304,35,0,0,0,0,0,0,128,256,512,512,512,936,65536,2097152,4194304,4194304,8388608,936,0,0,0,0,0,0,256,256,512,1024,1024,936,339800,0,32925,16843,39863,0,40,20,0
3.67298E+13,1658,2048,8192,16384,11902,512,4096,8192,1668,4096,8192,16384,1315,4096,8192,16384,302,8192,8192,8192,8,2048,8192,8192,315,512,4096,8192,1310,1024,4096,8192,220,2048,2048,2048,2,128,65536,262144,17175,524288,1048576,1048576,41,262144,524288,524288,41,524288,524288,524288,41,512,1024,1024,41,64,16384,32768,41,64,512,4096,2073,128,512,1024,2073,64,512,4096,107118,64,512,2048,11835,64,256,512,1618,64,512,4096,2610,256,512,1024,1208,128,512,1024,1154,64,256,2048,16803,64,256,1024,1701,64,512,4096,270,64,256,512,108,128,1024,4096,72,128,256,256,18,0,0,0,0,0,0,0,0,0,0,0,0,64,64,128,21,64,128,128,21,13.06,6.66,6.4,0,8,14,315,45,1617,0,0,0,0,0,0,0,2097152,4194304,4194304,4194304,4194304,8,2097152,2097152,2097152,2097152,2097152,9,2097152,4194304,4194304,4194304,4194304,194,2097152,2097152,2097152,2097152,4194304,32,65536,131072,262144,2097152,2097152,1002,0,0,0,0,0,0,0,0,0,0,0,0,128,256,512,512,512,1245,65536,2097152,4194304,4194304,4194304,1245,0,0,0,0,0,0,256,256,512,512,512,1245,340554,0,32838,17057,40044,0,41,21,0
3.67309E+13,1609,2048,8192,16384,11811,512,4096,8192,1642,4096,8192,16384,1356,4096,16384,16384,352,8192,8192,8192,19,2048,8192,8192,328,512,4096,8192,1332,1024,4096,8192,246,0,0,0,1,256,65536,131072,17223,524288,1048576,1048576,40,262144,524288,524288,40,262144,524288,524288,40,512,1024,1024,40,64,128,8192,40,64,512,4096,1899,64,512,1024,2340,64,512,4096,106299,64,512,2048,12204,64,256,512,1946,64,512,4096,2880,256,1024,1024,1221,128,512,2048,1194,64,256,4096,15750,64,256,512,1719,64,256,512,366,64,256,512,180,128,512,4096,171,64,512,512,9,0,0,0,0,0,0,0,0,0,0,0,0,64,128,128,20,128,128,128,20,12.31,6.28,6.03,0,19,6,328,43,1708,49,0,0,0,0,0,0,2097152,2097152,2097152,2097152,2097152,10,2097152,2097152,2097152,2097152,2097152,11,2097152,4194304,4194304,4194304,4194304,188,131072,2097152,2097152,2097152,4194304,24,65536,131072,2097152,4194304,4194304,935,0,0,0,0,0,0,0,0,0,0,0,0,128,256,256,512,512,1168,65536,2097152,4194304,4194304,4194304,1168,0,0,0,0,0,0,256,256,512,512,4096,1168,341539,0,33521,17161,39856,0,40,20,0
3.67319E+13,1609,2048,8192,16384,11338,512,4096,8192,1608,4096,8192,16384,1287,4096,8192,16384,315,8192,8192,8192,15,2048,8192,8192,353,512,4096,8192,1265,1024,4096,8192,189,2048,2048,2048,3,512,65536,131072,16510,524288,1048576,1048576,41,262144,524288,524288,41,524288,524288,524288,41,512,1024,1024,41,128,4096,65536,41,64,512,1024,2050,128,512,1024,2050,64,512,4096,102042,64,256,1024,11583,64,256,512,1600,64,512,1024,2727,256,1024,4096,1109,256,512,1024,1109,64,256,4096,16092,64,256,512,1638,64,256,512,363,64,256,256,90,128,512,4096,135,64,256,512,27,0,0,0,0,0,0,0,0,0,0,0,0,64,128,128,20,64,128,128,20,11.56,5.97,5.59,0,15,12,353,42,1602,0,0,0,0,0,0,0,2097152,2097152,2097152,2097152,8388608,5,2097152,4194304,4194304,4194304,4194304,10,2097152,4194304,4194304,8388608,8388608,182,2097152,4194304,4194304,4194304,4194304,18,65536,131072,2097152,2097152,4194304,886,0,0,0,0,0,0,0,0,0,0,0,0,128,256,256,512,512,1101,65536,2097152,4194304,8388608,8388608,1101,0,0,0,0,0,0,256,256,512,512,512,1101,342462,0,32626,16389,39184,0,41,20,0
3.67329E+13,1620,2048,8192,16384,11651,512,4096,8192,1610,4096,8192,16384,1271,4096,16384,16384,327,8192,8192,8192,14,2048,8192,8192,331,512,4096,8192,1304,1024,8192,8192,209,0,0,0,1,256,65536,262144,16858,524288,1048576,1048576,41,262144,524288,524288,41,524288,524288,524288,41,256,512,512,41,128,16384,65536,41,128,512,4096,2178,128,512,4096,2079,128,512,4096,104859,64,512,1024,11439,64,256,512,1619,64,512,1024,2808,256,1024,4096,1148,128,512,512,1148,64,256,4096,16029,64,256,512,1575,64,256,512,411,64,512,512,135,128,256,512,126,128,128,128,9,1024,2048,2048,33,1024,2048,2048,33,64,64,64,66,64,128,128,21,128,32768,32768,21,12.28,6.78,5.5,33,14,10,331,43,1598,0,262144,524288,524288,524288,524288,11,2097152,2097152,2097152,2097152,2097152,9,2097152,2097152,2097152,2097152,2097152,8,2097152,2097152,4194304,4194304,4194304,195,131072,2097152,2097152,2097152,4194304,26,65536,131072,2097152,2097152,2097152,1016,0,0,0,0,0,0,0,0,0,0,0,0,128,256,512,512,512,1265,65536,2097152,2097152,4194304,4194304,1265,128,128,128,128,256,11,256,256,512,512,1024,1254,343226,0,33013,16809,40353,0,41,21,0
3.67339E+13,1641,2048,8192,16384,11558,512,4096,8192,1628,4096,8192,16384,1302,4096,16384,16384,324,8192,16384,16384,10,2048,8192,8192,327,512,4096,8192,1304,1024,8192,8192,252,0,0,0,0,1024,65536,131072,16828,524288,1048576,1048576,40,262144,524288,524288,40,524288,524288,524288,40,256,512,512,40,64,8192,32768,40,64,512,4096,2242,128,512,2048,2053,64,512,4096,104022,64,512,4096,11718,64,256,512,1577,64,512,1024,2808,256,1024,4096,1131,128,512,2048,1086,64,512,4096,15885,64,512,2048,1863,64,256,512,396,64,256,512,117,128,1024,4096,90,0,0,0,0,1024,2048,2048,16,1024,1024,1024,16,64,64,64,32,64,128,128,20,8192,65536,65536,20,11.2,6.44,4.76,16,10,8,327,47,1626,0,262144,524288,524288,524288,524288,21,2097152,2097152,2097152,2097152,2097152,5,2097152,2097152,2097152,2097152,4194304,11,2097152,4194304,4194304,4194304,4194304,204,2097152,2097152,2097152,2097152,2097152,12,65536,131072,262144,2097152,2097152,976,0,0,0,0,0,0,0,0,0,0,0,0,128,256,512,512,512,1229,65536,2097152,4194304,4194304,4194304,1229,128,256,256,256,512,21,128,256,256,512,2048,1208,344031,0,32666,16727,40380,0,40,20,0
3.67349E+13,1662,2048,8192,16384,12033,512,4096,8192,1650,4096,8192,16384,1360,4096,16384,16384,326,8192,16384,16384,15,2048,4096,8192,316,512,4096,8192,1380,1024,4096,8192,238,0,0,0,0,1024,65536,262144,17478,1048576,1048576,1048576,41,262144,524288,524288,41,524288,524288,524288,41,512,1024,1024,41,128,32768,131072,41,64,512,4096,2394,64,512,4096,2205,64,512,4096,108297,64,512,4096,12240,64,256,512,1772,64,512,4096,2781,256,1024,4096,1142,256,512,1024,1151,64,512,4096,16884,64,256,2048,1791,64,256,512,423,64,256,1024,144,128,512,8192,135,0,0,0,0,0,0,0,0,0,0,0,0,0,0,0,0,64,128,128,20,256,65536,65536,20,11.02,5.77,5.26,0,15,8,316,33,1686,0,262144,262144,524288,524288,524288,22,2097152,2097152,2097152,2097152,2097152,10,2097152,2097152,2097152,2097152,4194304,11,2097152,2097152,4194304,4194304,4194304,192,131072,2097152,2097152,2097152,4194304,23,65536,131072,2097152,4194304,4194304,1001,0,0,0,0,0,0,0,0,0,0,0,0,128,256,256,512,1024,1259,65536,2097152,2097152,4194304,4194304,1259,128,256,256,256,256,22,128,256,512,1024,1024,1237,344830,0,33691,17343,40740,0,41,20,0
3.67359E+13,1672,2048,8192,16384,11729,512,4096,8192,1674,4096,8192,16384,1357,4096,16384,16384,352,8192,16384,16384,16,2048,8192,16384,342,512,4096,8192,1363,1024,4096,8192,227,8192,8192,8192,2,1024,65536,262144,17210,524288,1048576,1048576,41,262144,524288,524288,41,524288,524288,524288,41,256,1024,2048,41,64,32768,65536,41,64,512,4096,2188,128,512,4096,2098,64,512,4096,105561,64,512,2048,12213,64,256,512,1627,64,512,1024,3213,256,1024,4096,1250,128,512,512,1241,64,512,4096,16479,64,256,2048,1746,64,256,2048,396,64,512,1024,171,128,512,4096,144,128,4096,4096,18,0,0,0,0,0,0,0,0,0,0,0,0,64,64,128,21,128,32768,65536,21,10.77,7.48,3.3,0,16,4,342,40,1709,0,262144,262144,262144,262144,262144,9,2097152,2097152,2097152,2097152,2097152,8,2097152,2097152,2097152,2097152,2097152,10,2097152,4194304,4194304,4194304,4194304,191,131072,2097152,2097152,2097152,2097152,26,65536,131072,2097152,2097152,4194304,977,0,0,0,0,0,0,0,0,0,0,0,0,128,256,256,512,512,1221,65536,2097152,4194304,4194304,4194304,1221,128,256,256,256,256,9,256,256,512,512,1024,1212,345720,0,33259,17059,40112,0,41,21,0
3.6737E+13,1672,2048,8192,16384,11731,512,4096,8192,1666,4096,8192,16384,1301,4096,16384,16384,343,8192,16384,16384,18,2048,8192,16384,362,512,4096,8192,1258,1024,8192,8192,216,0,0,0,1,512,65536,131072,17057,1048576,1048576,1048576,41,262144,524288,524288,41,524288,524288,524288,41,512,1024,1024,41,64,2048,16384,41,64,512,4096,2073,64,512,4096,2073,64,512,4096,105579,64,512,4096,11709,64,256,512,1805,64,512,4096,2988,256,1024,2048,1173,128,512,1024,1227,64,256,4096,17019,64,256,1024,1710,64,256,512,366,64,256,512,153,128,512,4096,162,0,256,256,9,0,0,0,0,0,0,0,0,0,0,0,0,64,128,128,20,64,128,128,20,11.49,6.97,4.52,0,18,2,362,30,1644,0,0,0,0,0,0,0,2097152,2097152,2097152,2097152,4194304,8,2097152,4194304,4194304,4194304,4194304,7,2097152,4194304,4194304,4194304,8388608,190,131072,2097152,2097152,2097152,2097152,20,65536,131072,2097152,2097152,4194304,920,0,0,0,0,0,0,0,0,0,0,0,0,128,256,256,512,512,1145,65536,2097152,4194304,4194304,8388608,1145,0,0,0,0,0,0,256,256,512,512,1024,1145,346631,0,33093,16919,39942,0,41,20,0
3.6738E+13,1672,2048,8192,16384,11582,512,4096,8192,1679,4096,8192,16384,1361,4096,16384,16384,336,8192,16384,16384,19,2048,8192,16384,370,512,4096,8192,1393,1024,8192,8192,236,0,0,0,0,1024,65536,131072,17116,524288,1048576,1048576,40,262144,524288,524288,40,524288,524288,524288,40,512,1024,1024,40,64,256,65536,40,64,512,4096,2120,128,512,4096,2120,64,512,4096,104238,64,512,4096,12249,64,256,512,1736,64,512,4096,2808,256,1024,4096,1140,256,512,1024,1122,64,512,4096,15795,64,256,512,1737,64,256,512,360,64,256,512,198,128,512,4096,171,0,0,0,0,0,0,0,0,0,0,0,0,0,0,0,0,64,128,128,20,128,128,128,20,13.17,7.54,5.63,0,19,0,370,44,1697,0,0,0,0,0,0,0,2097152,2097152,2097152,2097152,4194304,9,2097152,2097152,2097152,2097152,2097152,5,2097152,4194304,4194304,4194304,4194304,205,131072,2097152,2097152,2097152,4194304,20,65536,131072,2097152,2097152,2097152,851,0,0,0,0,0,0,0,0,0,0,0,0,128,256,512,512,512,1090,65536,2097152,4194304,4194304,4194304,1090,0,0,0,0,0,0,256,256,512,1024,1024,1090,347671,0,33811,16971,40017,0,40,20,0
3.6739E+13,1672,2048,8192,16384,11667,512,4096,8192,1671,4096,8192,16384,1341,4096,16384,16384,344,8192,16384,16384,26,2048,8192,8192,301,512,4096,8192,1319,1024,4096,8192,217,0,0,0,0,1024,65536,262144,17043,524288,1048576,1048576,41,262144,524288,524288,41,524288,524288,524288,41,512,1024,1024,41,64,16384,65536,41,64,512,4096,2127,128,512,4096,2127,64,512,4096,105003,64,512,4096,12069,64,256,512,1763,64,512,4096,2862,256,1024,4096,1194,128,512,1024,1275,64,512,4096,16011,64,256,512,1836,64,256,512,375,64,256,512,216,128,512,4096,234,0,0,0,0,0,0,0,0,0,0,0,0,0,0,0,0,64,128,128,21,128,128,256,21,11.4,6.79,4.61,0,26,0,301,39,1685,0,0,0,0,0,0,0,2097152,2097152,2097152,2097152,2097152,13,2097152,2097152,2097152,2097152,2097152,11,2097152,4194304,4194304,4194304,8388608,186,131072,2097152,2097152,2097152,4194304,24,65536,131072,2097152,4194304,4194304,994,0,0,0,0,0,0,0,0,0,0,0,0,128,256,512,512,1024,1228,65536,2097152,4194304,4194304,8388608,1228,0,0,0,0,0,0,256,256,512,512,512,1228,348494,0,32723,16894,39733,0,41,21,0
3.674E+13,1672,2048,8192,16384,11859,512,4096,8192,1672,4096,8192,16384,1337,4096,16384,16384,349,8192,8192,8192,23,2048,8192,8192,339,512,4096,8192,1330,1024,8192,8192,205,0,0,0,1,2048,65536,262144,17268,524288,1048576,1048576,41,262144,524288,524288,41,524288,524288,524288,41,256,1024,1024,41,128,32768,32768,41,64,512,4096,2202,64,512,4096,2202,128,512,4096,106731,64,512,4096,12033,64,256,512,1735,128,512,4096,2979,256,1024,4096,1089,128,512,1024,1125,64,512,4096,17019,64,256,2048,1665,64,512,1024,360,64,512,512,153,64,512,4096,207,256,512,512,9,0,0,0,0,0,0,0,0,0,0,0,0,64,128,128,20,128,128,128,20,10.99,6.26,4.73,0,23,0,339,49,1686,0,0,0,0,0,0,0,2097152,2097152,2097152,2097152,4194304,12,2097152,2097152,2097152,2097152,4194304,11,2097152,4194304,4194304,4194304,8388608,173,2097152,4194304,4194304,4194304,4194304,23,65536,131072,524288,4194304,4194304,928,0,0,0,0,0,0,0,0,0,0,0,0,128,256,512,512,512,1147,65536,2097152,4194304,4194304,8388608,1147,0,0,0,0,0,0,256,256,512,1024,1024,1147,349444,0,33628,17151,40538,0,41,20,0
3.6741E+13,1622,2048,8192,16384,11439,512,4096,8192,1639,4096,8192,16384,1295,4096,16384,16384,335,8192,8192,8192,12,2048,8192,8192,314,512,4096,8192,1299,1024,4096,8192,229,0,0,0,0,1024,65536,262144,16688,524288,1048576,1048576,40,262144,524288,524288,40,524288,524288,524288,40,256,512,1024,40,128,8192,65536,40,64,512,4096,1864,64,512,4096,2314,128,512,4096,102951,64,512,4096,11655,64,256,512,1856,64,512,4096,2574,256,1024,1024,1161,256,512,1024,1080,64,256,4096,16776,64,256,1024,1890,64,256,2048,351,128,256,512,126,128,512,512,108,0,0,0,0,0,0,0,0,0,0,0,0,0,0,0,0,64,128,128,20,128,128,128,20,13.72,7.31,6.41,0,12,0,314,36,1630,50,0,0,0,0,0,0,2097152,2097152,2097152,2097152,2097152,9,2097152,2097152,2097152,2097152,4194304,6,2097152,4194304,4194304,4194304,4194304,196,2097152,2097152,2097152,2097152,4194304,13,65536,131072,2097152,4194304,4194304,921,0,0,0,0,0,0,0,0,0,0,0,0,128,256,512,512,1024,1145,65536,2097152,4194304,4194304,4194304,1145,0,0,0,0,0,0,256,256,512,1024,1024,1145,350341,0,32837,16613,39576,0,40,20,0
3.67421E+13,1622,2048,8192,16384,11879,256,4096,8192,1623,4096,8192,16384,1324,4096,16384,16384,313,8192,16384,16384,17,2048,8192,8192,336,512,4096,8192,1329,1024,4096,8192,231,0,0,0,1,64,65536,131072,17190,524288,1048576,1048576,41,262144,524288,524288,41,262144,524288,524288,41,512,1024,1024,41,64,128,32768,41,64,512,4096,2023,128,512,4096,2023,64,512,4096,106911,64,512,2048,11916,64,256,512,1584,64,256,1024,2718,256,1024,4096,1172,128,512,512,1235,64,256,2048,17307,64,256,2048,1692,64,256,2048,393,64,256,4096,171,128,512,4096,153,0,256,256,9,0,0,0,0,0,0,0,0,0,0,0,0,64,128,128,21,64,128,256,21,13.56,7.23,6.34,0,17,0,336,44,1637,0,0,0,0,0,0,0,2097152,2097152,2097152,2097152,4194304,9,2097152,2097152,2097152,2097152,2097152,10,2097152,4194304,4194304,4194304,4194304,188,2097152,2097152,4194304,4194304,4194304,28,65536,131072,2097152,2097152,4194304,1056,0,0,0,0,0,0,0,0,0,0,0,0,128,256,512,512,512,1291,65536,2097152,4194304,4194304,4194304,1291,0,0,0,0,0,0,128,256,512,512,1024,1291,351084,0,32669,17063,40356,0,41,21,0
3.67431E+13,1622,2048,8192,16384,11561,512,4096,8192,1622,4096,8192,16384,1312,4096,16384,16384,353,8192,16384,16384,16,2048,8192,8192,346,512,4096,8192,1288,1024,4096,8192,219,0,0,0,0,512,65536,262144,16845,524288,1048576,1048576,41,262144,524288,524288,41,524288,524288,524288,41,256,512,1024,41,64,128,128,41,64,512,2048,2045,64,512,2048,2045,128,512,4096,104049,64,512,4096,11808,64,256,512,1828,64,512,4096,2853,256,1024,4096,1211,128,512,512,1211,64,256,4096,16686,64,256,1024,1530,64,256,512,402,64,256,512,81,64,512,4096,144,0,0,0,0,1024,2048,2048,33,1024,1024,1024,33,64,64,64,66,64,128,128,20,64,128,128,20,12.42,6.08,6.34,33,16,0,346,37,1665,0,0,0,0,0,0,0,2097152,2097152,2097152,2097152,4194304,8,2097152,2097152,2097152,2097152,2097152,9,2097152,2097152,4194304,4194304,4194304,198,131072,2097152,2097152,2097152,2097152,19,65536,131072,2097152,2097152,2097152,1053,0,0,0,0,0,0,0,0,0,0,0,0,128,256,256,512,512,1287,65536,2097152,2097152,4194304,4194304,1287,0,0,0,0,0,0,128,256,512,512,1024,1287,351894,0,33274,16797,40402,0,41,20,0
3.67441E+13,1622,2048,8192,16384,11765,512,4096,8192,1621,4096,8192,16384,1322,4096,16384,16384,308,8192,8192,8192,9,2048,8192,8192,338,512,4096,8192,1295,1024,4096,8192,225,0,0,0,0,512,65536,262144,17026,524288,1048576,1048576,41,262144,524288,524288,41,524288,524288,524288,41,512,512,1024,41,64,128,8192,41,128,512,1024,2162,128,512,4096,2162,128,512,4096,105885,64,512,4096,11898,64,256,512,1462,64,512,4096,2763,256,1024,2048,1143,128,512,512,1188,64,256,4096,16200,64,256,4096,1692,64,256,512,210,64,512,4096,135,128,512,4096,81,0,0,0,0,1024,2048,2048,17,1024,1024,1024,17,64,64,64,34,64,128,128,21,64,256,256,21,12.29,7.35,4.94,17,9,0,338,39,1630,0,0,0,0,0,0,0,2097152,2097152,2097152,2097152,4194304,25,2097152,2097152,2097152,2097152,2097152,8,2097152,2097152,4194304,4194304,4194304,178,131072,2097152,4194304,4194304,4194304,26,65536,131072,2097152,4194304,4194304,828,0,0,0,0,0,0,0,0,0,0,0,0,128,256,512,512,512,1065,65536,2097152,2097152,4194304,4194304,1065,0,0,0,0,0,0,256,256,512,512,1024,1065,352862,0,32624,16941,39319,0,41,21,0
3.67451E+13,1622,2048,8192,16384,11425,512,4096,8192,1630,4096,8192,16384,1266,4096,16384,16384,315,8192,16384,16384,16,2048,8192,8192,323,512,4096,8192,1299,1024,4096,8192,210,0,0,0,1,1024,65536,262144,16617,524288,1048576,1048576,40,262144,524288,524288,40,262144,524288,524288,40,512,1024,1024,40,64,32768,32768,40,64,512,4096,2024,64,512,4096,2024,64,512,4096,102825,64,512,2048,11394,64,256,512,1544,64,512,2048,2574,256,1024,4096,1143,128,512,512,1134,64,512,4096,14832,64,256,2048,1575,64,256,512,381,64,256,512,144,64,512,4096,144,128,256,256,9,0,0,0,0,0,0,0,0,0,0,0,0,64,128,128,20,128,256,256,20,14.18,8.12,6.06,0,16,1,323,42,1581,0,0,0,0,0,0,0,2097152,2097152,2097152,2097152,4194304,9,2097152,2097152,2097152,2097152,2097152,4,2097152,4194304,4194304,4194304,4194304,186,2097152,2097152,2097152,2097152,4194304,27,65536,131072,2097152,2097152,4194304,849,0,0,0,0,0,0,0,0,0,0,0,0,128,256,256,512,512,1075,65536,2097152,4194304,4194304,4194304,1075,0,0,0,0,0,0,256,256,512,1024,1024,1075,353750,0,32562,16488,38970,0,40,20,0
3.67461E+13,1622,2048,8192,16384,11794,512,4096,8192,2073,4096,8192,16384,1313,4096,16384,16384,342,8192,8192,8192,20,2048,8192,8192,325,512,4096,8192,1341,1024,4096,8192,218,2048,2048,2048,2,512,65536,131072,17565,524288,1048576,1048576,41,262144,524288,524288,41,262144,524288,524288,41,512,1024,1024,41,64,8192,8192,41,64,512,4096,2283,128,512,1024,2283,128,512,4096,106146,64,512,1024,11817,64,256,512,1679,64,512,4096,2646,256,1024,1024,1155,128,512,1024,1110,64,256,4096,16452,64,256,512,1692,64,256,512,348,64,256,512,108,128,512,4096,180,64,256,256,18,0,0,0,0,0,0,0,0,0,0,0,0,64,128,128,20,128,128,128,20,10.68,6.23,4.45,0,20,6,325,46,1655,0,0,0,0,0,0,0,2097152,2097152,2097152,2097152,4194304,3,2097152,2097152,2097152,2097152,2097152,4,2097152,4194304,4194304,4194304,4194304,187,2097152,2097152,2097152,2097152,4194304,27,65536,131072,2097152,4194304,4194304,1057,0,0,0,0,0,0,0,0,0,0,0,0,128,256,256,512,512,1278,65536,2097152,4194304,4194304,4194304,1278,0,0,0,0,0,0,256,256,512,512,1024,1278,354524,0,33057,17445,40449,0,41,20,0
3.67471E+13,1622,2048,8192,16384,11387,512,4096,8192,1676,4096,8192,16384,1268,4096,16384,16384,317,8192,16384,16384,14,2048,8192,8192,326,512,4096,8192,1293,1024,4096,8192,201,0,0,0,0,1024,65536,131072,16631,1048576,1048576,1048576,41,262144,524288,524288,41,524288,524288,524288,41,256,1024,1024,41,64,1024,16384,41,64,512,4096,2138,128,512,4096,2138,128,512,4096,102483,64,512,4096,11412,64,256,512,1662,128,512,1024,2538,256,1024,4096,1278,128,512,4096,1287,64,512,4096,17055,64,512,4096,1854,64,512,512,327,128,512,4096,135,128,512,4096,126,0,0,0,0,0,0,0,0,0,0,0,0,0,0,0,0,64,128,128,21,128,128,256,21,11.85,7.6,4.25,0,14,9,326,36,1585,0,0,0,0,0,0,0,2097152,2097152,2097152,2097152,2097152,10,2097152,2097152,2097152,2097152,2097152,10,2097152,4194304,4194304,4194304,4194304,192,2097152,4194304,4194304,4194304,4194304,21,65536,131072,2097152,2097152,2097152,884,0,0,0,0,0,0,0,0,0,0,0,0,128,256,512,512,4096,1117,65536,2097152,4194304,4194304,4194304,1117,0,0,0,0,0,0,256,256,512,1024,1024,1117,355377,0,33105,16514,39633,0,41,21,0
3.67482E+13,1622,2048,8192,16384,11837,512,4096,8192,1624,4096,8192,16384,1320,4096,8192,16384,354,8192,16384,16384,18,2048,8192,8192,337,512,4096,8192,1270,1024,4096,8192,245,0,0,0,0,512,65536,262144,17154,524288,1048576,1048576,41,262144,524288,524288,41,262144,524288,524288,41,512,512,1024,41,128,128,32768,41,64,512,4096,2094,128,512,4096,2094,64,512,4096,106535,64,512,2048,11880,64,256,512,1870,64,512,2048,2925,256,1024,4096,1155,128,512,512,1209,64,256,4096,17154,64,256,512,1692,64,256,512,435,64,256,512,162,128,512,1024,162,0,0,0,0,0,0,0,0,0,0,0,0,0,0,0,0,64,128,128,20,128,256,256,20,12.32,6.1,6.22,0,18,13,337,42,1674,0,0,0,0,0,0,0,2097152,2097152,2097152,2097152,4194304,11,2097152,2097152,2097152,2097152,4194304,9,2097152,4194304,4194304,4194304,4194304,191,131072,2097152,2097152,2097152,8388608,21,65536,131072,262144,2097152,2097152,895,0,0,0,0,0,0,0,0,0,0,0,0,128,256,512,512,512,1127,65536,2097152,4194304,4194304,8388608,1127,0,0,0,0,0,0,256,256,512,512,8192,1127,356334,0,33456,17046,39849,0,41,20,0
3.67492E+13,1622,2048,8192,16384,11412,512,4096,8192,1627,4096,8192,16384,1326,4096,8192,16384,315,8192,16384,16384,14,2048,8192,8192,346,512,4096,8192,1314,1024,4096,8192,209,0,0,0,1,1024,65536,262144,16705,524288,1048576,1048576,40,262144,524288,524288,40,524288,524288,524288,40,256,1024,1024,40,64,1024,8192,40,128,512,4096,2098,128,512,1024,2098,128,512,4096,102706,64,512,4096,11934,64,256,512,1658,128,512,4096,2736,256,1024,1024,1188,256,512,4096,1089,64,256,4096,16920,64,256,1024,1935,64,256,512,351,64,256,512,126,128,512,4096,126,64,256,256,9,0,0,0,0,0,0,0,0,0,0,0,0,64,128,128,20,128,128,128,20,10.97,6.32,4.65,0,14,15,346,32,1641,0,0,0,0,0,0,0,2097152,4194304,4194304,4194304,8388608,10,2097152,2097152,2097152,2097152,4194304,6,2097152,4194304,4194304,4194304,8388608,182,2097152,4194304,4194304,4194304,4194304,22,65536,131072,2097152,4194304,4194304,863,0,0,0,0,0,0,0,0,0,0,0,0,128,256,256,512,512,1083,65536,2097152,4194304,4194304,8388608,1083,0,0,0,0,0,0,128,256,512,1024,1024,1083,357299,0,33274,16590,39516,0,40,20,0
3.67502E+13,1622,2048,8192,16384,11604,512,4096,4096,1622,4096,8192,16384,1308,4096,16384,16384,323,8192,16384,16384,19,2048,8192,8192,327,512,4096,8192,1283,1024,4096,8192,232,0,0,0,0,1024,65536,262144,16887,524288,1048576,1048576,41,262144,524288,524288,41,524288,524288,524288,41,256,1024,1024,41,64,256,16384,41,64,512,4096,2340,128,512,4096,2340,64,512,4096,104437,64,512,1024,11772,64,256,512,1725,64,512,4096,2790,256,1024,4096,1212,128,512,1024,1248,64,256,4096,16992,64,256,512,1575,64,256,4096,387,64,256,512,189,128,512,1024,171,0,0,0,0,0,0,0,0,0,0,0,0,0,0,0,0,64,128,128,21,128,128,128,21,13.69,7.22,6.46,0,19,27,327,30,1631,0,0,0,0,0,0,0,2097152,2097152,2097152,2097152,2097152,10,2097152,2097152,2097152,2097152,2097152,4,2097152,4194304,4194304,4194304,4194304,168,131072,2097152,2097152,2097152,2097152,19,65536,131072,2097152,4194304,4194304,779,2097152,2097152,2097152,2097152,2097152,38,0,0,0,0,0,0,128,256,512,512,1024,1018,65536,2097152,4194304,4194304,4194304,1018,0,0,0,0,0,0,256,256,512,512,512,1018,358315,0,33494,16765,39617,0,41,21,0
3.67512E+13,1574,2048,8192,16384,11106,512,4096,4096,1577,4096,8192,16384,1219,4096,8192,16384,305,8192,16384,16384,13,2048,8192,8192,292,512,4096,8192,1269,1024,4096,8192,229,0,0,0,1,256,65536,262144,16153,524288,1048576,1048576,40,262144,524288,524288,40,262144,524288,524288,40,512,1024,1024,40,64,32768,32768,40,64,512,4096,1966,64,512,1024,2398,64,512,4096,99953,64,512,4096,10971,64,256,512,1437,64,512,4096,2700,256,1024,4096,1095,128,512,1024,1041,64,256,4096,15363,64,256,512,1728,64,256,512,276,64,256,512,90,128,4096,4096,117,128,512,512,9,0,0,0,0,0,0,0,0,0,0,0,0,64,128,128,20,128,256,256,20,11.89,6.33,5.56,0,13,27,292,31,1524,48,0,0,0,0,0,0,2097152,2097152,2097152,2097152,2097152,8,2097152,2097152,2097152,2097152,4194304,8,2097152,2097152,4194304,4194304,4194304,176,2097152,2097152,2097152,2097152,4194304,30,65536,131072,2097152,4194304,4194304,815,2097152,2097152,2097152,2097152,2097152,23,0,0,0,0,0,0,128,256,512,512,512,1060,65536,2097152,2097152,4194304,4194304,1060,0,0,0,0,0,0,128,256,512,512,512,1060,359190,0,32110,16069,38763,0,40,20,0
3.67522E+13,1574,2048,8192,16384,11400,256,4096,4096,1571,4096,8192,16384,1294,4096,16384,16384,331,4096,8192,8192,14,2048,8192,8192,338,512,4096,8192,1310,1024,4096,8192,199,0,0,0,0,256,65536,131072,16596,524288,1048576,1048576,41,262144,524288,524288,41,262144,524288,524288,41,512,512,1024,41,64,128,65536,41,64,512,4096,2133,128,512,2048,2133,128,512,4096,102600,64,512,2048,11646,64,256,512,1649,64,512,2048,2691,256,1024,4096,1275,128,512,2048,1248,64,512,2048,15921,64,512,2048,1764,64,256,512,431,64,256,512,162,128,512,512,126,0,0,0,0,0,0,0,0,0,0,0,0,0,0,0,0,64,128,128,20,128,512,512,20,12.43,7.11,5.33,0,14,36,338,34,1625,0,0,0,0,0,0,0,2097152,2097152,2097152,2097152,2097152,16,2097152,2097152,2097152,2097152,4194304,5,2097152,4194304,4194304,8388608,16777216,183,2097152,4194304,4194304,4194304,4194304,17,65536,131072,2097152,4194304,4194304,951,0,0,0,0,0,0,0,0,0,0,0,0,128,256,256,512,512,1172,65536,2097152,4194304,4194304,16777216,1172,0,0,0,0,0,0,256,256,512,512,512,1172,360065,0,32273,16458,39250,0,41,20,0
3.67532E+13,1574,2048,8192,16384,11273,512,4096,8192,1650,4096,8192,16384,1281,4096,16384,16384,327,8192,16384,16384,17,2048,8192,16384,336,512,4096,8192,1251,1024,4096,8192,206,2048,4096,4096,3,64,65536,131072,16474,524288,1048576,1048576,41,262144,524288,524288,41,262144,524288,524288,41,512,1024,1024,41,64,128,8192,41,64,512,4096,1991,128,512,1024,1991,64,512,4096,101457,64,512,4096,11529,64,256,512,1541,64,512,1024,2682,256,1024,1024,1071,128,512,512,1044,64,256,2048,16200,64,256,512,1620,64,512,2048,417,64,256,512,126,128,512,1024,153,128,512,512,27,1024,2048,2048,48,1024,1024,2048,47,64,64,128,95,64,128,128,21,64,128,256,21,12.11,6.7,5.41,47,17,23,336,33,1608,0,0,0,0,0,0,0,2097152,2097152,2097152,2097152,4194304,5,2097152,2097152,2097152,2097152,2097152,5,2097152,2097152,4194304,8388608,8388608,191,2097152,2097152,2097152,2097152,4194304,20,65536,131072,2097152,2097152,8388608,969,0,0,0,0,0,0,0,0,0,0,0,0,128,256,512,512,512,1190,65536,2097152,2097152,8388608,8388608,1190,0,0,0,0,0,0,128,256,512,512,1024,1190,360939,0,31822,16441,39252,0,41,21,0
3.67543E+13,1574,2048,8192,16384,11025,512,4096,8192,1644,4096,8192,16384,1275,4096,16384,16384,327,8192,8192,8192,7,2048,8192,8192,314,512,4096,8192,1258,1024,4096,8192,209,0,0,0,0,128,65536,262144,16161,524288,1048576,1048576,40,262144,524288,524288,40,524288,524288,524288,40,256,512,512,40,64,65536,65536,40,64,512,4096,1860,128,512,1024,1860,64,512,4096,99225,64,512,2048,11475,64,256,512,1743,64,512,1024,2502,256,1024,4096,1136,128,512,1024,1082,64,256,4096,15957,64,256,512,1620,64,256,512,312,64,256,512,63,128,512,512,63,0,0,0,0,0,0,0,0,0,0,0,1,0,0,0,1,64,128,128,20,128,128,128,20,10.89,6.79,4.1,1,7,28,314,39,1602,0,0,0,0,0,0,0,2097152,2097152,2097152,2097152,2097152,15,2097152,2097152,2097152,2097152,4194304,12,2097152,4194304,4194304,4194304,8388608,177,131072,2097152,2097152,2097152,2097152,21,65536,131072,2097152,4194304,4194304,1017,0,0,0,0,0,0,0,0,0,0,0,0,128,256,512,512,512,1242,65536,2097152,4194304,4194304,8388608,1242,0,0,0,0,0,0,256,256,512,512,1024,1242,361688,0,31781,16041,39342,0,40,20,0
3.67553E+13,1585,2048,8192,16384,10955,512,4096,8192,1578,4096,8192,16384,1237,4096,16384,16384,323,8192,16384,16384,17,2048,8192,8192,314,512,4096,8192,1233,1024,4096,4096,208,4096,4096,4096,2,128,65536,131072,16028,524288,1048576,1048576,41,262144,524288,524288,41,524288,524288,524288,41,512,512,1024,41,64,256,8192,42,64,512,1024,2058,64,512,4096,1959,64,512,4096,98595,64,512,4096,11133,64,256,512,1726,64,512,1024,2646,256,1024,1024,1152,128,512,1024,1188,64,512,4096,16002,64,256,512,1755,64,512,512,414,64,256,512,162,128,512,4096,153,256,512,512,18,0,0,0,0,0,0,0,0,0,0,0,0,64,128,128,21,128,16384,32768,21,12.57,7.24,5.33,0,17,28,314,27,1560,0,262144,262144,262144,262144,524288,13,2097152,2097152,2097152,2097152,2097152,2,2097152,2097152,2097152,2097152,2097152,6,2097152,4194304,4194304,4194304,4194304,210,131072,2097152,2097152,2097152,4194304,18,65536,131072,2097152,2097152,2097152,953,0,0,0,0,0,0,0,0,0,0,0,0,128,256,256,512,2048,1202,65536,2097152,4194304,4194304,4194304,1202,128,256,256,256,256,13,256,256,512,512,512,1189,362432,0,31853,15903,39066,0,41,21,0
3.67563E+13,1607,2048,8192,16384,11187,512,4096,8192,1597,4096,8192,16384,1264,4096,16384,16384,335,4096,8192,8192,13,2048,8192,8192,291,512,4096,8192,1299,1024,8192,16384,223,0,0,0,1,256,65536,262144,16311,524288,1048576,1048576,41,262144,524288,524288,41,262144,524288,524288,41,512,512,1024,41,128,16384,16384,40,64,512,4096,2092,128,512,4096,1894,64,512,4096,100683,64,512,4096,11376,64,256,512,1848,64,512,2048,2457,256,1024,4096,1109,128,512,512,1109,64,512,4096,15552,64,256,512,1611,64,256,512,420,64,256,512,126,64,512,512,117,64,256,256,9,0,0,0,0,0,0,0,0,0,0,0,0,64,128,128,20,16384,32768,32768,20,10.33,6.07,4.26,0,13,36,291,48,1599,0,262144,524288,524288,524288,524288,20,2097152,2097152,2097152,2097152,2097152,12,2097152,2097152,2097152,2097152,4194304,5,2097152,4194304,4194304,4194304,8388608,185,131072,2097152,2097152,2097152,2097152,21,65536,131072,2097152,2097152,4194304,914,0,0,0,0,0,0,0,0,0,0,0,0,128,256,256,512,512,1157,65536,2097152,4194304,4194304,8388608,1157,128,512,512,512,512,20,256,256,512,512,512,1137,363262,0,32326,16161,39027,0,41,20,0
3.67573E+13,1626,2048,8192,16384,11566,512,4096,8192,1613,4096,8192,16384,1347,4096,16384,16384,323,8192,8192,8192,18,2048,8192,8192,351,512,4096,8192,1341,1024,4096,8192,241,8192,8192,8192,2,1024,65536,262144,16965,524288,1048576,1048576,41,262144,524288,524288,41,524288,524288,524288,41,512,1024,1024,41,128,128,32768,41,64,512,4096,2173,128,512,4096,2002,64,512,4096,104094,64,512,2048,12123,64,256,512,1625,64,256,2048,2907,256,1024,4096,1307,128,512,1024,1253,64,256,4096,16605,64,256,1024,1701,64,512,4096,366,64,256,1024,162,64,256,512,162,256,8192,8192,18,0,0,0,0,0,0,0,0,0,0,0,0,64,128,128,20,16384,32768,32768,20,12.42,7.23,5.2,0,18,22,351,28,1670,0,262144,262144,524288,524288,524288,22,2097152,2097152,2097152,2097152,2097152,2,2097152,2097152,2097152,2097152,2097152,4,2097152,4194304,4194304,8388608,8388608,192,131072,2097152,4194304,4194304,4194304,30,65536,131072,262144,2097152,4194304,949,0,0,0,0,0,0,0,0,0,0,0,0,128,256,512,512,1024,1199,65536,2097152,4194304,4194304,8388608,1199,128,256,256,256,256,22,128,256,512,1024,1024,1177,364152,0,32372,16830,39656,0,41,20,0
3.67583E+13,1635,2048,8192,16384,11515,512,4096,8192,1633,4096,8192,16384,1315,4096,16384,16384,327,8192,16384,16384,20,2048,8192,16384,358,512,4096,8192,1313,1024,4096,8192,224,0,0,0,1,256,65536,131072,16867,524288,1048576,1048576,40,262144,524288,524288,40,524288,524288,524288,40,512,1024,1024,40,128,128,128,40,64,512,4096,2082,64,512,4096,2001,64,512,4096,103635,64,512,4096,11835,64,256,512,1662,64,512,2048,2736,256,1024,4096,1110,128,512,1024,1074,64,512,4096,15678,64,256,4096,1692,64,512,2048,276,64,256,512,162,128,512,4096,180,128,256,256,9,0,0,0,0,0,0,0,0,0,0,0,0,64,128,128,20,128,32768,32768,20,12.64,6.96,5.67,0,20,27,358,27,1642,0,262144,262144,262144,262144,524288,6,2097152,2097152,2097152,2097152,4194304,5,2097152,2097152,2097152,2097152,2097152,6,2097152,4194304,4194304,4194304,4194304,200,131072,2097152,2097152,2097152,4194304,22,65536,131072,2097152,2097152,4194304,934,0,0,0,0,0,0,0,0,0,0,0,0,128,256,256,512,512,1173,65536,2097152,4194304,4194304,4194304,1173,128,256,256,256,256,6,256,256,512,512,512,1167,365053,0,33050,16721,40017,0,40,20,0
3.67593E+13,1635,2048,8192,16384,11496,512,4096,8192,1640,4096,8192,16384,1307,4096,16384,16384,318,8192,8192,8192,13,2048,8192,16384,330,512,4096,8192,1312,1024,4096,8192,217,0,0,0,1,1024,65536,262144,16787,524288,1048576,1048576,41,262144,524288,524288,41,524288,524288,524288,41,256,512,1024,41,64,128,32768,41,64,512,4096,2133,128,512,4096,2133,64,512,4096,103464,64,512,4096,11763,64,256,512,1532,64,512,4096,2700,256,1024,4096,1152,256,512,4096,1161,64,512,4096,16398,64,256,512,1890,64,256,512,399,64,512,1024,135,128,256,512,117,0,512,512,9,0,0,0,0,0,0,0,0,0,0,0,0,64,128,128,21,128,128,128,21,12.46,6.74,5.72,0,13,24,330,34,1625,0,0,0,0,0,0,0,2097152,2097152,2097152,2097152,2097152,11,2097152,2097152,2097152,2097152,2097152,8,2097152,4194304,4194304,4194304,8388608,200,2097152,2097152,2097152,2097152,2097152,22,65536,131072,2097152,2097152,2097152,917,0,0,0,0,0,0,0,0,0,0,0,0,128,256,256,512,512,1158,65536,2097152,2097152,4194304,8388608,1158,0,0,0,0,0,0,256,256,512,512,1024,1158,365921,0,33075,16623,39489,0,41,21,0
3.67604E+13,1635,2048,8192,16384,11626,512,4096,8192,1636,4096,8192,16384,1303,4096,8192,16384,322,8192,8192,8192,12,2048,8192,8192,327,512,4096,8192,1289,1024,4096,8192,216,0,0,0,0,512,65536,262144,16880,524288,1048576,1048576,41,262144,524288,524288,41,524288,524288,524288,41,256,512,512,41,128,2048,32768,41,128,512,4096,2143,128,512,1024,2143,64,512,4096,104637,64,512,4096,11727,64,256,512,1538,64,512,1024,2673,256,1024,4096,1140,128,512,1024,1086,64,512,4096,17514,64,256,2048,1818,64,512,4096,429,64,256,256,99,128,512,512,108,0,0,0,0,0,0,0,0,0,0,0,0,0,0,0,0,64,128,128,20,128,256,256,20,12.25,6.32,5.93,0,12,18,327,37,1625,0,0,0,0,0,0,0,2097152,2097152,2097152,2097152,4194304,10,2097152,2097152,2097152,2097152,2097152,6,2097152,2097152,4194304,4194304,4194304,196,131072,2097152,2097152,2097152,4194304,27,65536,131072,2097152,2097152,2097152,906,0,0,0,0,0,0,0,0,0,0,0,0,128,256,256,512,512,1145,65536,2097152,2097152,4194304,4194304,1145,0,0,0,0,0,0,256,256,512,512,1024,1145,366795,0,32961,16771,39370,0,41,20,0
3.67614E+13,1586,2048,8192,16384,11467,512,4096,8192,1595,4096,8192,16384,1269,4096,16384,16384,327,8192,8192,8192,14,2048,8192,8192,308,512,4096,8192,1282,1024,4096,8192,208,0,0,0,1,512,65536,262144,16589,524288,1048576,1048576,40,262144,524288,524288,40,262144,524288,524288,40,512,512,1024,40,64,1024,32768,40,128,512,4096,2259,64,512,1024,2700,128,512,4096,103200,64,512,4096,11421,64,256,512,1867,64,512,512,2421,256,1024,4096,1071,128,512,2048,1062,64,256,4096,16092,64,256,512,1782,64,256,512,276,64,256,512,144,128,512,4096,126,64,512,512,9,0,0,0,0,0,0,0,0,0,0,0,0,64,128,128,20,64,256,256,20,14.19,7.8,6.39,0,14,27,308,30,1596,49,0,0,0,0,0,0,2097152,4194304,4194304,4194304,4194304,15,2097152,2097152,2097152,2097152,2097152,2,2097152,4194304,4194304,4194304,8388608,185,2097152,2097152,2097152,2097152,2097152,22,65536,131072,2097152,2097152,4194304,899,0,0,0,0,0,0,0,0,0,0,0,0,128,256,512,512,512,1123,65536,2097152,4194304,4194304,8388608,1123,0,0,0,0,0,0,256,256,512,512,512,1123,367696,0,32062,16514,39222,0,40,20,0
3.67624E+13,1586,2048,8192,16384,11257,512,4096,8192,1588,4096,8192,16384,1282,4096,16384,16384,324,8192,8192,8192,15,2048,8192,8192,335,512,4096,8192,1259,1024,4096,8192,200,0,0,0,0,512,65536,131072,16408,524288,1048576,1048576,41,262144,524288,524288,41,262144,524288,524288,41,256,512,1024,41,128,32768,65536,41,64,512,4096,1959,64,512,4096,1959,64,512,4096,101313,64,512,1024,11538,64,256,512,1748,64,512,4096,2736,256,1024,2048,1158,128,512,1024,1140,64,256,4096,17208,64,256,512,1620,64,256,512,498,64,512,512,117,128,512,1024,135,0,0,0,0,0,0,0,0,0,0,0,0,0,0,0,0,64,128,128,21,64,128,256,21,13.06,6.91,6.14,0,15,31,335,30,1606,0,0,0,0,0,0,0,2097152,2097152,2097152,2097152,4194304,10,2097152,2097152,2097152,2097152,2097152,5,2097152,4194304,4194304,8388608,8388608,197,131072,2097152,2097152,2097152,2097152,19,65536,131072,262144,2097152,2097152,992,0,0,0,0,0,0,0,0,0,0,0,0,128,256,256,512,8192,1223,65536,2097152,2097152,4194304,8388608,1223,0,0,0,0,0,0,256,256,512,512,512,1223,368490,0,32505,16293,39196,0,41,21,0
3.67634E+13,1586,2048,8192,16384,11494,512,4096,8192,1596,4096,8192,16384,1278,4096,16384,16384,315,8192,8192,8192,12,2048,8192,8192,325,512,4096,8192,1296,1024,4096,8192,219,0,0,0,0,512,65536,131072,16667,524288,1048576,1048576,41,262144,524288,524288,41,524288,524288,524288,41,256,512,512,41,64,16384,65536,41,64,512,1024,2160,64,512,1024,2160,128,512,4096,103446,64,512,2048,11502,64,256,512,1819,64,512,4096,2529,256,1024,4096,1158,128,512,2048,1257,64,512,4096,16371,64,256,512,1863,64,256,1024,360,64,512,512,135,128,512,4096,108,0,0,0,0,1024,2048,2048,49,1024,2048,2048,49,64,64,128,98,64,128,128,20,64,128,128,20,13.22,7.24,5.97,49,12,23,325,33,1593,0,0,0,0,0,0,0,2097152,2097152,2097152,2097152,2097152,8,2097152,2097152,2097152,2097152,2097152,2,2097152,4194304,4194304,4194304,4194304,201,2097152,2097152,4194304,4194304,4194304,23,65536,131072,2097152,2097152,2097152,987,0,0,0,0,0,0,0,0,0,0,0,0,128,256,512,512,512,1221,65536,2097152,4194304,4194304,4194304,1221,0,0,0,0,0,0,256,256,512,512,1024,1221,369304,0,32239,16666,39564,0,41,20,0
3.67644E+13,1586,2048,8192,16384,11553,512,4096,8192,1587,4096,8192,16384,1299,4096,16384,16384,318,8192,8192,8192,19,2048,8192,8192,312,512,4096,8192,1280,1024,4096,8192,232,0,0,0,0,512,65536,262144,16755,524288,1048576,1048576,40,262144,524288,524288,40,262144,524288,524288,40,512,1024,1024,40,64,16384,32768,40,64,512,4096,1927,128,512,2048,1927,128,512,4096,103977,64,512,4096,11691,64,256,512,1630,64,512,4096,2754,256,1024,1024,1074,128,512,2048,1137,64,256,2048,16695,64,256,512,1620,64,256,2048,285,64,256,512,153,128,512,4096,171,0,0,0,0,0,0,0,0,0,0,0,0,0,0,0,0,64,128,128,20,128,256,256,20,12.5,7.48,5.03,0,19,23,312,46,1617,0,0,0,0,0,0,0,2097152,2097152,2097152,2097152,2097152,7,2097152,2097152,2097152,2097152,2097152,6,2097152,4194304,4194304,4194304,4194304,197,131072,2097152,2097152,2097152,4194304,32,65536,131072,131072,2097152,2097152,1048,0,0,0,0,0,0,0,0,0,0,0,0,128,256,256,512,512,1290,65536,2097152,4194304,4194304,4194304,1290,0,0,0,0,0,0,256,256,512,512,1024,1290,370031,0,32444,16608,39826,0,40,20,0
3.67655E+13,1586,2048,8192,16384,11353,512,4096,8192,1586,4096,8192,16384,1290,4096,16384,16384,323,8192,8192,8192,17,2048,8192,8192,344,512,4096,8192,1284,1024,4096,8192,235,0,0,0,1,128,65536,262144,16601,524288,1048576,1048576,41,262144,524288,524288,41,524288,524288,524288,41,512,1024,1024,41,64,2048,16384,42,64,512,4096,1907,64,512,2048,1907,64,512,4096,102177,64,512,4096,11610,64,256,512,1726,64,512,4096,2592,256,1024,4096,1281,128,512,1024,1245,64,256,4096,17289,64,256,2048,1962,64,256,4096,594,64,256,512,162,128,512,4096,153,0,256,256,9,0,0,0,0,0,0,0,0,0,0,0,0,64,128,128,21,64,128,128,21,12.07,7.12,4.96,0,17,24,344,27,1613,0,0,0,0,0,0,0,2097152,2097152,2097152,2097152,4194304,5,2097152,2097152,2097152,2097152,4194304,5,2097152,4194304,4194304,8388608,8388608,189,131072,2097152,2097152,2097152,2097152,17,65536,131072,2097152,2097152,4194304,853,0,0,0,0,0,0,0,0,0,0,0,0,128,256,512,512,1024,1069,65536,2097152,4194304,4194304,8388608,1069,0,0,0,0,0,0,256,256,512,512,1024,1069,370987,0,32667,16476,38853,0,41,21,0
3.67665E+13,1586,2048,8192,16384,11275,512,4096,8192,1587,4096,8192,16384,1205,4096,16384,16384,307,8192,8192,8192,18,2048,8192,8192,302,512,4096,8192,1241,1024,4096,8192,207,0,0,0,0,64,65536,131072,16260,524288,1048576,1048576,41,262144,524288,524288,41,524288,524288,524288,41,512,1024,1024,41,64,8192,16384,40,64,512,4096,1934,64,512,4096,1934,64,512,4096,101475,64,512,2048,10845,64,256,512,1657,64,512,1024,2502,256,1024,4096,1206,128,512,512,1269,64,256,4096,16569,64,256,512,1647,64,256,4096,459,64,256,512,162,128,512,2048,162,0,0,0,0,0,0,0,0,0,0,0,0,0,0,0,0,64,128,128,20,128,256,256,20,13.04,7.74,5.29,0,18,26,302,26,1512,0,0,0,0,0,0,0,2097152,2097152,2097152,2097152,2097152,11,0,0,0,0,2097152,1,2097152,4194304,4194304,8388608,8388608,205,131072,2097152,2097152,2097152,4194304,19,65536,131072,262144,2097152,4194304,976,0,0,0,0,0,0,0,0,0,0,0,0,128,256,512,512,512,1212,65536,2097152,4194304,4194304,8388608,1212,0,0,0,0,0,0,256,256,512,512,1024,1212,371659,0,31631,16159,38589,0,41,20,0
3.67675E+13,1586,2048,8192,16384,11349,512,4096,8192,1587,4096,8192,16384,1314,4096,16384,16384,326,8192,8192,8192,17,2048,8192,8192,324,512,4096,8192,1281,1024,4096,8192,198,0,0,0,0,128,65536,262144,16532,524288,1048576,1048576,41,262144,524288,524288,41,524288,524288,524288,41,512,512,1024,41,64,2048,32768,41,128,512,4096,2005,128,512,4096,2005,64,512,4096,102141,64,512,4096,11826,64,256,512,1833,64,512,2048,2646,256,1024,4096,1197,128,512,1024,1224,64,256,4096,16947,64,256,512,1908,64,512,4096,315,64,256,512,180,128,512,4096,153,0,0,0,0,0,0,0,0,0,0,0,0,0,0,0,0,64,128,128,21,64,128,128,21,13.8,7.47,6.33,0,17,15,324,32,1640,0,0,0,0,0,0,0,2097152,2097152,2097152,2097152,4194304,7,0,0,0,0,2097152,1,2097152,4194304,4194304,4194304,4194304,199,131072,2097152,2097152,2097152,4194304,30,65536,131072,2097152,2097152,4194304,1104,0,0,0,0,0,0,0,0,0,0,0,0,128,256,256,512,512,1341,65536,2097152,4194304,4194304,4194304,1341,0,0,0,0,0,0,256,256,512,512,512,1341,372346,0,31999,16409,39532,0,41,21,0
3.67685E+13,1586,2048,8192,16384,11503,512,4096,8192,1585,4096,8192,16384,1289,4096,16384,16384,352,8192,8192,16384,24,2048,8192,8192,347,512,4096,8192,1303,1024,4096,8192,218,0,0,0,0,512,65536,131072,16777,524288,1048576,1048576,40,262144,524288,524288,40,262144,524288,524288,40,512,1024,1024,40,64,2048,8192,40,128,512,4096,1843,128,512,2048,1843,128,512,4096,103527,64,512,2048,11601,64,256,512,1784,64,512,2048,2691,256,1024,4096,1038,256,512,2048,1209,64,256,4096,16146,64,256,2048,1674,64,512,512,354,64,256,4096,216,128,512,4096,216,0,0,0,0,0,0,0,0,0,0,0,0,0,0,0,0,64,128,128,20,128,128,128,20,13.57,7.88,5.69,0,24,25,347,42,1641,0,0,0,0,0,0,0,2097152,2097152,2097152,2097152,2097152,15,0,0,0,0,2097152,1,2097152,2097152,4194304,4194304,4194304,203,131072,2097152,2097152,2097152,4194304,21,65536,131072,2097152,2097152,2097152,990,0,0,0,0,0,0,0,0,0,0,0,0,128,256,512,512,4096,1230,65536,2097152,2097152,4194304,4194304,1230,0,0,0,0,0,0,256,256,512,512,512,1230,373195,0,33144,16653,39711,0,40,20,0
3.67695E+13,1586,2048,8192,16384,10981,512,4096,8192,1583,4096,8192,16384,1249,4096,8192,16384,308,8192,8192,8192,13,2048,8192,8192,298,512,4096,8192,1234,1024,4096,8192,191,2048,2048,2048,2,512,65536,262144,15984,524288,1048576,1048576,41,262144,524288,524288,41,524288,524288,524288,41,256,1024,1024,41,128,1024,8192,41,128,512,4096,1863,128,512,4096,1863,128,512,4096,98829,64,512,4096,11241,64,256,512,1557,128,512,1024,2529,256,1024,4096,1131,128,512,1024,1023,64,256,4096,16614,64,256,2048,1719,64,256,2048,339,64,256,512,63,128,512,512,117,128,256,256,18,0,0,0,0,0,0,0,0,0,0,0,0,64,128,128,20,128,128,128,20,13.3,8.31,4.99,0,13,25,298,41,1557,0,0,0,0,0,0,0,2097152,2097152,2097152,2097152,2097152,8,2097152,2097152,2097152,2097152,2097152,2,2097152,4194304,4194304,4194304,8388608,203,131072,2097152,2097152,2097152,4194304,19,65536,131072,2097152,2097152,4194304,979,0,0,0,0,0,0,0,0,0,0,0,0,128,256,256,512,1024,1211,65536,2097152,4194304,4194304,8388608,1211,0,0,0,0,0,0,128,256,512,512,1024,1211,373918,0,31679,15858,39076,0,41,20,0
3.67705E+13,1539,2048,8192,16384,11534,512,4096,8192,1586,4096,8192,16384,1286,4096,16384,16384,316,8192,8192,8192,19,2048,8192,8192,339,512,4096,8192,1270,1024,8192,8192,211,2048,2048,2048,2,512,65536,262144,16680,524288,1048576,1048576,41,262144,524288,524288,41,262144,524288,524288,41,512,512,1024,41,64,128,256,41,64,512,4096,1913,64,512,4096,2336,128,512,4096,103806,64,512,4096,11574,64,256,512,1593,64,512,4096,2556,256,1024,4096,1158,128,512,1024,1230,64,256,2048,15993,64,256,512,1809,64,256,512,363,64,256,512,216,128,256,512,171,128,512,512,18,0,0,0,0,0,0,0,0,0,0,0,0,64,128,128,21,128,128,256,21,10.56,6.36,4.2,0,19,21,339,43,1602,47,0,0,0,0,0,0,2097152,2097152,2097152,2097152,2097152,12,0,0,0,0,2097152,1,2097152,4194304,4194304,8388608,8388608,195,131072,2097152,2097152,2097152,2097152,16,65536,131072,2097152,2097152,2097152,885,0,0,0,0,0,0,0,0,0,0,0,0,128,256,512,512,512,1109,65536,2097152,4194304,4194304,8388608,1109,0,0,0,0,0,0,256,256,512,512,512,1109,374880,0,32017,16613,38688,0,41,21,0
3.67716E+13,1539,2048,8192,16384,10948,512,4096,8192,1537,4096,8192,16384,1238,4096,8192,16384,339,8192,16384,16384,10,2048,8192,8192,291,512,4096,8192,1235,1024,4096,8192,203,0,0,0,0,512,65536,131072,15930,524288,1048576,1048576,40,262144,262144,524288,40,262144,524288,524288,40,256,1024,1024,40,128,65536,65536,40,64,512,1024,1781,64,512,4096,1781,128,512,4096,98532,64,512,4096,11142,64,256,512,1723,64,512,1024,2646,256,1024,2048,1074,128,512,1024,1065,64,256,4096,14967,64,256,512,1638,64,512,512,438,64,256,512,99,128,512,4096,90,0,0,0,0,0,0,0,0,0,0,0,0,0,0,0,0,64,128,128,20,128,128,128,20,13.78,6.57,7.21,0,10,13,291,57,1577,0,0,0,0,0,0,0,2097152,2097152,2097152,2097152,2097152,10,0,0,0,0,0,0,2097152,4194304,4194304,4194304,8388608,182,2097152,2097152,2097152,2097152,4194304,17,65536,131072,2097152,2097152,2097152,799,2097152,2097152,2097152,2097152,2097152,18,0,0,0,0,0,0,128,256,512,512,512,1026,65536,2097152,4194304,4194304,8388608,1026,0,0,0,0,0,0,256,256,512,512,1024,1026,375802,0,31231,15827,37898,0,40,20,0
3.67726E+13,1539,2048,8192,16384,11069,512,4096,8192,1538,4096,8192,16384,1223,4096,16384,16384,305,8192,16384,16384,13,2048,8192,8192,358,512,4096,8192,1218,1024,4096,8192,242,4096,4096,4096,3,512,65536,131072,16105,524288,1048576,1048576,41,262144,524288,524288,41,524288,524288,524288,41,256,1024,1024,41,64,128,8192,41,128,512,1024,2039,128,512,1024,2039,128,512,4096,99621,64,512,1024,11007,64,256,512,1531,64,512,4096,2448,256,1024,4096,1179,128,512,1024,1269,64,256,4096,15615,64,256,512,1530,64,256,512,342,64,256,512,144,128,512,4096,117,256,512,512,27,0,0,0,0,0,0,0,0,0,0,0,0,64,128,128,20,128,256,256,20,10.46,6,4.47,0,13,14,358,37,1528,0,0,0,0,0,0,0,2097152,2097152,2097152,2097152,4194304,2,0,0,0,0,0,0,2097152,2097152,4194304,4194304,4194304,172,2097152,2097152,2097152,2097152,4194304,22,65536,131072,2097152,4194304,4194304,823,2097152,4194304,8388608,8388608,8388608,43,0,0,0,0,0,0,128,256,256,512,512,1062,65536,2097152,4194304,4194304,8388608,1062,0,0,0,0,0,0,256,256,512,512,1024,1062,376690,0,30863,15964,38367,0,41,20,0
3.67736E+13,1539,2048,8192,16384,10954,512,4096,8192,1540,4096,8192,16384,1215,4096,16384,16384,295,8192,8192,16384,22,2048,8192,8192,293,512,4096,8192,1258,1024,4096,8192,223,0,0,0,0,64,65536,262144,15935,524288,1048576,1048576,41,262144,524288,524288,41,262144,524288,524288,41,512,1024,1024,41,64,32768,32768,41,64,512,4096,1967,128,512,4096,1967,64,512,4096,98586,64,512,4096,10935,64,256,512,1571,64,512,1024,2448,256,1024,4096,1308,128,512,1024,1245,64,256,4096,15849,64,256,4096,1611,64,256,512,417,64,256,512,153,128,512,4096,198,0,0,0,0,1024,2048,2048,47,1024,1024,2048,47,64,64,64,94,64,128,128,21,64,128,256,21,11.16,6.8,4.36,47,22,14,293,41,1510,0,0,0,0,0,0,0,2097152,2097152,2097152,2097152,4194304,7,0,0,0,0,2097152,1,2097152,4194304,4194304,4194304,8388608,194,131072,2097152,2097152,2097152,4194304,18,65536,131072,2097152,4194304,4194304,1036,0,0,0,0,0,0,0,0,0,0,0,0,128,256,256,512,512,1256,65536,2097152,4194304,4194304,8388608,1256,0,0,0,0,0,0,128,256,512,512,512,1256,377361,0,31729,15912,38698,0,41,21,0
3.67746E+13,1539,2048,8192,16384,11076,512,4096,8192,1539,4096,8192,16384,1256,4096,8192,16384,305,8192,8192,8192,19,2048,8192,8192,324,512,4096,8192,1254,1024,4096,8192,201,0,0,0,0,256,65536,262144,16117,524288,1048576,1048576,40,262144,524288,524288,40,262144,524288,524288,40,512,1024,1024,40,64,128,32768,40,128,512,1024,2070,128,512,4096,2070,64,512,4096,99684,64,256,4096,11304,64,256,512,1657,64,512,1024,2556,256,1024,4096,1107,128,512,1024,1161,64,256,4096,15534,64,256,512,1503,64,256,4096,318,64,256,512,162,128,512,4096,171,0,0,0,0,0,0,0,0,0,0,0,0,0,0,0,0,64,128,128,20,64,128,128,20,11.52,6.53,4.99,0,19,12,324,30,1561,0,0,0,0,0,0,0,2097152,2097152,2097152,2097152,2097152,10,0,0,0,0,0,0,2097152,4194304,4194304,4194304,8388608,188,131072,2097152,2097152,2097152,4194304,33,65536,131072,2097152,2097152,2097152,1030,0,0,0,0,0,0,0,0,0,0,0,0,128,256,256,512,512,1261,65536,2097152,4194304,4194304,8388608,1261,0,0,0,0,0,0,128,256,512,1024,1024,1261,378046,0,31172,15994,38607,0,40,20,0
3.67756E+13,1539,2048,8192,16384,11016,512,4096,8192,1539,4096,8192,16384,1236,4096,8192,16384,330,8192,8192,8192,14,2048,8192,8192,291,512,4096,8192,1233,1024,8192,8192,192,0,0,0,0,256,65536,262144,15990,524288,1048576,1048576,41,262144,262144,524288,41,262144,524288,524288,41,256,512,1024,41,64,8192,16384,41,64,512,4096,1895,64,512,4096,1895,128,512,4096,99144,64,512,2048,11124,64,256,512,1773,128,512,1024,2484,256,1024,4096,1173,128,512,512,1254,64,256,4096,16245,64,256,2048,1593,64,256,512,327,64,512,512,153,128,512,512,126,0,0,0,0,0,0,0,0,0,0,0,0,0,0,0,0,64,128,128,20,128,256,256,20,12.67,7.68,4.99,0,14,14,291,37,1566,0,0,0,0,0,0,0,2097152,4194304,4194304,4194304,4194304,12,0,0,0,0,0,0,2097152,2097152,4194304,4194304,4194304,190,131072,2097152,4194304,4194304,4194304,36,65536,131072,2097152,2097152,2097152,1093,0,0,0,0,0,0,0,0,0,0,0,0,128,256,256,512,512,1331,65536,2097152,2097152,4194304,4194304,1331,0,0,0,0,0,0,128,256,512,512,1024,1331,378638,0,30717,15862,38351,0,41,20,0
3.67766E+13,1560,2048,8192,16384,11174,512,4096,8192,1551,4096,8192,16384,1280,4096,16384,16384,331,8192,16384,16384,19,2048,8192,8192,307,512,4096,8192,1244,1024,4096,8192,195,0,0,0,0,64,65536,131072,16251,524288,1048576,1048576,41,262144,524288,524288,41,262144,524288,524288,41,512,1024,1024,41,64,8192,16384,41,64,512,4096,2316,128,512,4096,2127,128,512,4096,100566,64,512,2048,11520,64,256,512,1870,64,512,4096,2574,256,1024,4096,1137,128,512,1024,1200,64,256,4096,16263,64,256,2048,1755,64,256,4096,393,64,256,1024,198,128,512,4096,171,0,0,0,0,0,0,0,0,0,0,0,0,0,0,0,0,64,128,128,21,64,65536,65536,21,12.83,6.54,6.29,0,19,7,307,51,1611,0,262144,524288,524288,524288,524288,21,2097152,2097152,2097152,2097152,2097152,6,0,0,0,0,0,0,2097152,4194304,4194304,4194304,4194304,204,131072,2097152,2097152,2097152,2097152,20,65536,131072,2097152,2097152,2097152,928,0,0,0,0,0,0,0,0,0,0,0,0,128,256,512,512,512,1179,65536,2097152,4194304,4194304,4194304,1179,128,256,256,256,256,21,128,256,512,512,1024,1158,379453,0,31556,16116,39226,0,41,21,0
3.67777E+13,1583,2048,8192,16384,11167,512,4096,8192,1565,4096,8192,16384,1246,4096,16384,16384,287,8192,8192,16384,25,2048,8192,8192,349,512,4096,8192,1277,1024,8192,8192,202,0,0,0,0,256,65536,262144,16265,524288,1048576,1048576,41,262144,524288,524288,41,524288,524288,524288,41,512,1024,2048,41,64,128,16384,41,64,512,4096,2303,128,512,4096,2096,128,512,4096,100503,64,512,4096,11214,64,256,512,1428,64,512,4096,2286,256,1024,4096,1241,128,512,512,1223,64,512,4096,15876,64,256,1024,1548,64,256,512,323,64,256,512,189,128,512,4096,225,0,0,0,0,0,0,0,0,0,0,0,0,0,0,0,0,64,128,128,20,128,65536,65536,20,13.91,7.4,6.51,0,25,8,349,37,1533,0,262144,262144,262144,262144,262144,23,2097152,4194304,4194304,4194304,4194304,14,0,0,0,0,0,0,2097152,4194304,4194304,4194304,4194304,186,2097152,2097152,2097152,2097152,4194304,28,65536,131072,2097152,2097152,4194304,1091,0,0,0,0,0,0,0,0,0,0,0,0,128,256,512,512,512,1342,65536,2097152,4194304,4194304,4194304,1342,128,256,256,256,256,23,256,256,512,512,1024,1319,380063,0,31735,16151,39656,1,41,20,0
3.67787E+13,1600,2048,8192,16384,11381,512,4096,8192,1591,4096,8192,16384,1299,4096,16384,16384,339,8192,8192,8192,11,2048,8192,8192,319,512,4096,8192,1285,1024,8192,16384,241,4096,4096,4096,2,1024,65536,131072,16602,524288,1048576,1048576,41,262144,524288,524288,41,262144,524288,524288,41,512,512,1024,41,128,8192,65536,41,64,512,4096,2049,128,512,1024,1896,128,512,4096,102429,64,512,4096,11691,64,256,512,1687,64,512,4096,2826,256,1024,4096,1251,128,512,1024,1143,64,256,4096,15768,64,256,512,1701,64,256,512,348,128,256,512,99,64,512,4096,99,128,512,512,18,0,0,0,0,0,0,0,0,0,0,0,0,64,128,128,21,256,65536,65536,21,12.83,6.48,6.35,0,11,8,319,47,1638,0,262144,262144,262144,262144,262144,17,2097152,4194304,4194304,4194304,4194304,7,2097152,2097152,2097152,2097152,2097152,2,2097152,4194304,4194304,4194304,4194304,192,131072,2097152,2097152,2097152,4194304,27,65536,131072,2097152,2097152,2097152,833,0,0,0,0,0,0,0,0,0,0,0,0,128,256,256,512,512,1078,65536,2097152,4194304,4194304,4194304,1078,128,256,256,256,256,17,256,256,256,512,512,1061,381008,0,32470,16459,38619,1,41,21,0
3.67797E+13,1600,2048,8192,16384,11183,512,4096,8192,1599,4096,8192,16384,1234,4096,16384,16384,326,8192,8192,8192,16,2048,8192,8192,315,512,4096,8192,1256,1024,8192,8192,235,0,0,0,1,1024,65536,131072,16331,524288,1048576,1048576,40,262144,524288,524288,40,262144,524288,524288,40,512,1024,1024,40,64,128,128,40,64,512,4096,1960,128,512,4096,1960,64,512,4096,100647,64,512,1024,11106,64,256,512,1524,64,512,4096,3042,256,1024,4096,1140,128,512,1024,1176,64,256,4096,15444,64,256,2048,1656,64,256,512,432,64,256,512,135,128,512,4096,144,64,512,512,9,0,0,0,0,0,0,0,0,0,0,0,0,64,128,128,20,128,128,128,20,13.09,6.93,6.16,0,16,15,315,40,1560,0,0,0,0,0,0,0,2097152,2097152,2097152,2097152,4194304,7,0,0,0,0,2097152,1,2097152,4194304,4194304,4194304,16777216,191,2097152,2097152,2097152,2097152,2097152,16,65536,131072,2097152,2097152,4194304,804,0,0,0,0,0,0,0,0,0,0,0,0,128,256,256,512,512,1019,65536,2097152,4194304,4194304,16777216,1019,0,0,0,0,0,0,256,256,512,512,1024,1019,381935,0,31896,16187,38382,1,40,20,0
3.67807E+13,1552,2048,8192,16384,11312,512,4096,8192,1592,4096,8192,16384,1277,4096,16384,16384,329,8192,16384,16384,16,2048,8192,8192,342,512,4096,8192,1296,1024,8192,8192,226,0,0,0,1,2048,65536,262144,16533,524288,1048576,1048576,41,262144,524288,524288,41,524288,524288,524288,41,512,1024,1024,41,128,128,65536,41,64,512,4096,2256,64,512,4096,2688,128,512,4096,101808,64,512,4096,11493,64,256,512,1767,64,512,4096,2547,256,1024,4096,1158,256,512,1024,1158,64,512,4096,16164,64,256,1024,1656,64,256,512,270,64,256,512,162,128,512,4096,144,128,256,256,9,0,0,0,0,0,0,0,0,0,0,0,0,64,128,128,20,128,128,128,20,12.61,7.59,5.02,0,16,9,342,39,1606,48,0,0,0,0,0,0,2097152,2097152,2097152,2097152,4194304,19,0,0,0,0,2097152,1,2097152,4194304,4194304,8388608,16777216,191,65536,2097152,2097152,2097152,2097152,31,65536,131072,2097152,2097152,2097152,955,0,0,0,0,0,0,0,0,0,0,0,0,128,256,512,512,512,1197,65536,2097152,4194304,4194304,16777216,1197,0,0,0,0,0,0,128,256,512,512,4096,1197,382798,0,32548,16435,39049,0,41,20,0
3.67817E+13,1552,2048,8192,16384,10972,512,4096,8192,1552,4096,8192,16384,1224,4096,8192,16384,250,8192,16384,16384,12,2048,8192,8192,307,512,4096,8192,1227,1024,4096,8192,227,0,0,0,0,512,65536,262144,15896,524288,1048576,1048576,41,262144,524288,524288,41,262144,524288,524288,41,128,1024,1024,41,64,128,32768,41,64,512,4096,2088,64,512,4096,2088,64,512,4096,98748,64,512,2048,11016,64,256,512,1256,64,512,2048,2214,256,1024,1024,1121,128,512,1024,1031,64,256,4096,15678,64,256,512,1719,64,256,4096,390,64,256,512,54,128,512,1024,108,0,0,0,0,0,0,0,0,0,0,0,0,0,0,0,0,64,128,128,21,64,128,256,21,12.05,6.85,5.2,0,12,3,307,45,1474,0,0,0,0,0,0,0,2097152,2097152,2097152,2097152,2097152,5,2097152,2097152,2097152,2097152,4194304,3,2097152,4194304,4194304,4194304,8388608,190,2097152,2097152,2097152,2097152,8388608,28,65536,131072,2097152,4194304,4194304,904,0,0,0,0,0,0,0,0,0,0,0,0,128,256,256,512,512,1130,65536,2097152,4194304,4194304,8388608,1130,0,0,0,0,0,0,128,256,512,512,1024,1130,383509,0,31277,15790,38282,1,41,21,0
3.67827E+13,1552,2048,8192,16384,11219,512,4096,8192,1551,4096,8192,16384,1280,4096,16384,16384,355,8192,8192,8192,11,2048,8192,8192,332,512,4096,8192,1258,1024,4096,8192,211,0,0,0,0,1024,65536,131072,16349,524288,1048576,1048576,40,262144,524288,524288,40,524288,524288,524288,40,256,512,512,40,64,8192,32768,40,64,512,4096,1792,64,512,1024,1792,64,512,4096,100971,64,512,1024,11520,64,256,512,1818,64,512,4096,2790,256,1024,2048,1233,128,512,4096,1125,64,256,4096,15372,64,256,512,1638,64,256,512,360,64,256,1024,99,128,512,4096,99,0,0,0,0,1024,2048,2048,11,1024,1024,1024,11,64,64,64,22,64,128,128,20,128,256,256,20,12.8,7.37,5.43,11,11,3,332,41,1635,0,0,0,0,0,0,0,2097152,2097152,2097152,2097152,4194304,15,2097152,2097152,2097152,2097152,8388608,4,2097152,4194304,4194304,4194304,8388608,181,131072,2097152,2097152,2097152,2097152,19,65536,131072,2097152,4194304,4194304,868,0,0,0,0,0,0,0,0,0,0,0,0,128,256,256,512,512,1087,65536,2097152,4194304,4194304,8388608,1087,0,0,0,0,0,0,256,256,512,1024,1024,1087,384455,0,31434,16254,37961,0,40,20,0
3.67838E+13,1552,2048,8192,16384,11329,512,4096,8192,1551,4096,8192,16384,1249,8192,16384,16384,343,8192,8192,8192,15,2048,8192,8192,292,512,4096,8192,1248,1024,4096,8192,170,2048,2048,2048,2,512,65536,262144,16323,524288,1048576,1048576,41,262144,524288,524288,41,262144,524288,524288,41,256,1024,1024,41,64,128,1024,41,128,512,2048,1866,64,512,4096,1866,64,512,4096,101961,64,512,4096,11241,64,256,512,1921,64,512,4096,2790,256,1024,2048,1226,128,512,4096,1280,64,512,4096,15921,64,512,2048,1719,64,512,2048,396,64,512,512,180,128,512,1024,135,128,512,512,18,1024,2048,2048,37,1024,2048,2048,37,64,64,64,74,64,256,256,20,64,128,128,20,12.63,7.27,5.36,37,15,1,292,38,1592,0,0,0,0,0,0,0,2097152,2097152,2097152,2097152,2097152,10,2097152,2097152,2097152,2097152,2097152,3,2097152,4194304,4194304,4194304,4194304,196,2097152,2097152,2097152,2097152,8388608,30,65536,131072,2097152,2097152,2097152,975,0,0,0,0,0,0,0,0,0,0,0,0,128,256,256,512,512,1214,65536,2097152,2097152,4194304,8388608,1214,0,0,0,0,0,0,128,256,512,1024,1024,1214,385216,0,32096,16312,39275,0,41,20,0
3.67848E+13,1552,2048,8192,16384,11136,512,4096,8192,1551,4096,8192,16384,1263,4096,8192,16384,311,8192,16384,16384,14,2048,8192,8192,338,512,4096,8192,1270,1024,4096,8192,214,0,0,0,1,512,65536,262144,16222,524288,1048576,1048576,40,262144,524288,524288,40,262144,524288,524288,40,256,512,512,40,64,2048,16384,40,64,512,4096,1974,64,512,1024,1974,64,512,4096,100224,64,512,4096,11367,64,256,512,1483,64,512,1024,2484,256,512,4096,1095,128,512,4096,1041,64,256,4096,15030,64,256,512,1683,64,256,4096,387,64,256,512,126,128,256,512,126,64,256,256,9,0,0,0,0,0,0,0,0,0,0,0,0,64,128,128,20,128,256,256,20,13.34,7.05,6.28,0,14,0,338,40,1574,0,0,0,0,0,0,0,2097152,2097152,2097152,2097152,2097152,13,2097152,2097152,2097152,2097152,2097152,7,2097152,4194304,4194304,4194304,4194304,191,2097152,4194304,4194304,4194304,4194304,23,65536,131072,2097152,2097152,4194304,967,0,0,0,0,0,0,0,0,0,0,0,0,128,256,256,512,512,1201,65536,2097152,4194304,4194304,4194304,1201,0,0,0,0,0,0,256,256,512,1024,2048,1201,385981,0,31356,16090,38570,0,40,20,0
3.67858E+13,1552,2048,8192,16384,11172,512,4096,8192,1552,4096,8192,16384,1226,4096,16384,16384,299,8192,8192,8192,7,2048,8192,8192,309,512,4096,8192,1217,1024,4096,8192,209,0,0,0,1,256,65536,262144,16110,524288,1048576,1048576,42,262144,524288,524288,42,262144,524288,524288,42,256,512,512,42,64,2048,32768,42,64,512,4096,2031,64,512,4096,2031,64,512,4096,100548,64,512,1024,11034,64,256,512,1429,64,512,4096,2367,256,1024,4096,1168,128,512,2048,1024,64,256,4096,16155,64,256,2048,1584,64,256,512,384,64,256,256,63,128,512,512,63,128,256,256,9,0,0,0,0,0,0,0,0,0,0,0,0,64,128,128,21,128,128,128,21,13.82,7.73,6.08,0,7,0,309,36,1525,0,0,0,0,0,0,0,2097152,2097152,2097152,2097152,4194304,13,2097152,2097152,2097152,2097152,2097152,5,2097152,2097152,4194304,4194304,4194304,191,131072,2097152,2097152,2097152,4194304,26,65536,131072,2097152,2097152,2097152,1092,0,0,0,0,0,0,0,0,0,0,0,0,128,256,256,512,512,1327,65536,2097152,2097152,4194304,4194304,1327,0,0,0,0,0,0,256,256,512,1024,1024,1327,386531,0,31584,15988,38848,0,42,21,0
3.67868E+13,1552,2048,8192,16384,10961,512,4096,8192,1549,4096,8192,16384,1271,4096,16384,16384,319,8192,8192,8192,16,2048,8192,8192,312,512,4096,8192,1239,1024,4096,8192,208,0,0,0,0,1024,65536,131072,16027,524288,1048576,1048576,40,262144,524288,524288,40,524288,524288,524288,40,512,1024,1024,40,64,128,32768,40,64,512,4096,1995,64,512,4096,1995,128,512,4096,98649,64,512,4096,11439,64,256,512,1621,128,512,1024,2601,256,1024,2048,1248,128,512,512,1140,64,256,4096,15876,64,256,512,1710,0,256,512,384,64,256,512,153,128,512,4096,144,0,0,0,0,0,0,0,0,0,0,0,0,0,0,0,0,64,128,128,20,64,256,256,20,12.52,7.74,4.78,0,16,0,312,42,1590,0,0,0,0,0,0,0,2097152,2097152,2097152,2097152,2097152,8,2097152,2097152,2097152,2097152,2097152,10,2097152,4194304,8388608,8388608,8388608,190,131072,2097152,2097152,2097152,4194304,18,65536,131072,2097152,4194304,4194304,883,0,0,0,0,0,0,0,0,0,0,0,0,128,256,256,512,512,1109,65536,2097152,4194304,8388608,8388608,1109,0,0,0,0,0,0,128,256,512,512,1024,1109,387382,0,31429,15909,37784,1,40,20,0
3.67878E+13,1552,2048,8192,16384,11051,512,4096,8192,1551,4096,8192,16384,1232,4096,16384,16384,341,8192,16384,16384,23,2048,8192,8192,319,512,4096,8192,1237,1024,4096,8192,224,2048,4096,4096,3,1024,65536,131072,16117,524288,1048576,1048576,41,262144,524288,524288,41,524288,524288,524288,41,512,1024,2048,41,64,128,256,41,64,512,4096,1923,64,512,1024,1923,128,512,4096,99459,64,512,4096,11088,64,256,512,1798,64,512,1024,2619,256,1024,4096,1236,128,512,2048,1299,64,256,4096,16056,64,256,1024,1629,64,256,512,354,64,256,512,225,128,512,4096,207,64,512,512,27,0,0,0,0,0,0,0,0,0,0,0,0,64,128,128,21,128,128,128,21,11.28,5.7,5.58,0,23,0,319,57,1573,0,0,0,0,0,0,0,2097152,2097152,2097152,2097152,2097152,10,2097152,2097152,2097152,2097152,4194304,6,2097152,4194304,4194304,4194304,4194304,187,131072,2097152,4194304,4194304,4194304,22,65536,131072,2097152,2097152,2097152,921,0,0,0,0,0,0,0,0,0,0,0,0,128,256,256,512,8192,1146,65536,2097152,4194304,4194304,4194304,1146,0,0,0,0,0,0,128,256,512,512,1024,1146,388208,0,31746,15980,38475,0,41,21,0
3.67889E+13,1552,2048,8192,16384,11198,512,4096,8192,1550,4096,8192,16384,1263,4096,8192,16384,291,8192,8192,8192,15,2048,8192,8192,317,512,4096,8192,1278,1024,4096,8192,210,0,0,0,1,256,65536,262144,16265,524288,1048576,1048576,40,262144,524288,524288,40,524288,524288,524288,40,256,1024,1024,40,64,32768,65536,40,64,512,1024,1831,64,512,4096,1831,128,512,4096,100782,64,512,1024,11367,64,256,512,1614,128,512,1024,2250,256,1024,4096,1220,128,512,1024,1139,64,256,4096,15570,64,256,1024,1611,64,256,512,432,128,256,512,90,128,512,4096,135,64,256,256,9,0,0,0,0,0,0,0,0,0,0,0,0,64,128,128,20,128,256,256,20,12.15,8.01,4.14,0,15,0,317,38,1554,0,0,0,0,0,0,0,2097152,4194304,4194304,4194304,4194304,14,2097152,2097152,2097152,2097152,2097152,17,2097152,2097152,4194304,4194304,4194304,182,131072,2097152,2097152,2097152,4194304,31,65536,131072,2097152,2097152,4194304,871,0,0,0,0,0,0,0,0,0,0,0,0,128,256,512,512,16384,1115,65536,2097152,2097152,4194304,4194304,1115,0,0,0,0,0,0,128,256,512,1024,2048,1115,389017,0,31708,16145,38469,0,40,20,0
3.67899E+13,1552,2048,8192,16384,10845,512,4096,8192,1548,4096,8192,16384,1226,4096,16384,16384,320,8192,8192,8192,14,2048,8192,8192,310,512,4096,8192,1227,1024,4096,8192,215,2048,2048,2048,2,512,65536,131072,15853,524288,1048576,1048576,41,262144,524288,524288,41,524288,524288,524288,41,512,1024,1024,41,128,16384,131072,41,64,512,4096,2154,128,512,4096,2154,64,512,4096,97605,64,512,4096,11034,64,256,512,1722,64,512,4096,2628,256,1024,1024,1188,128,512,512,1305,64,256,4096,15183,64,256,1024,1917,64,256,512,363,128,256,512,198,128,512,4096,126,128,512,512,18,0,0,0,0,0,0,0,0,0,0,0,0,64,128,128,20,128,256,256,20,12.4,7.16,5.24,0,14,0,310,38,1546,0,0,0,0,0,0,0,2097152,2097152,2097152,2097152,2097152,13,2097152,2097152,2097152,2097152,8388608,16,2097152,4194304,4194304,4194304,8388608,182,131072,2097152,4194304,4194304,4194304,27,65536,131072,2097152,2097152,4194304,862,0,0,0,0,0,0,0,0,0,0,0,0,128,256,256,512,1024,1100,65536,2097152,4194304,4194304,8388608,1100,0,0,0,0,0,0,256,256,512,512,512,1100,389825,0,31326,15723,37951,0,41,20,0
3.67909E+13,1506,2048,8192,16384,11180,512,4096,8192,1545,4096,8192,16384,1226,4096,16384,16384,310,8192,8192,8192,20,2048,8192,8192,309,512,4096,8192,1229,1024,4096,8192,214,4096,4096,4096,4,1024,65536,131072,16192,524288,1048576,1048576,41,262144,524288,524288,41,262144,524288,524288,41,256,1024,1024,41,64,128,8192,41,64,512,4096,1969,64,512,1024,2383,64,512,4096,100620,64,512,2048,11034,64,256,512,1811,64,512,4096,2394,256,1024,4096,1116,128,512,512,1197,64,256,4096,15543,64,256,512,1620,64,256,4096,410,64,256,512,180,128,256,1024,180,128,512,512,36,0,0,0,0,0,0,0,0,0,0,0,0,64,128,128,21,64,128,128,21,11.2,6.11,5.09,0,20,2,309,30,1536,46,0,0,0,0,0,0,0,0,0,0,0,0,2097152,4194304,4194304,4194304,8388608,16,2097152,4194304,4194304,4194304,8388608,184,131072,2097152,2097152,2097152,2097152,15,65536,131072,2097152,2097152,8388608,852,0,0,0,0,0,0,0,0,0,0,0,0,128,256,256,512,512,1067,65536,2097152,4194304,8388608,8388608,1067,0,0,0,0,0,0,128,256,256,512,512,1067,390701,0,31642,16099,37778,0,41,21,0
3.67919E+13,1506,2048,8192,16384,10667,512,4096,8192,1505,4096,8192,16384,1176,4096,8192,16384,297,8192,16384,16384,15,2048,8192,8192,306,512,4096,8192,1187,1024,4096,8192,191,0,0,0,1,1024,65536,131072,15466,524288,1048576,1048576,40,262144,524288,524288,40,262144,524288,524288,40,512,1024,1024,40,64,2048,8192,40,64,512,4096,1992,64,512,4096,1992,64,512,4096,96003,64,512,1024,10584,64,256,512,1473,64,512,1024,2349,256,1024,2048,963,128,512,512,999,64,256,2048,15768,64,256,1024,1512,64,256,512,348,64,256,512,90,64,512,4096,135,256,1024,1024,9,0,0,0,0,0,0,0,0,0,0,0,0,64,128,128,20,128,256,256,20,11.7,6.56,5.15,0,15,1,306,45,1473,0,0,0,0,0,0,0,2097152,2097152,2097152,2097152,4194304,18,2097152,2097152,2097152,2097152,4194304,15,2097152,4194304,4194304,4194304,8388608,193,131072,2097152,2097152,2097152,4194304,18,65536,131072,262144,2097152,2097152,820,0,0,0,0,0,0,0,0,0,0,0,0,128,256,256,512,512,1064,65536,2097152,4194304,4194304,8388608,1064,0,0,0,0,0,0,256,256,512,512,1024,1064,391477,0,30720,15372,37143,0,40,20,0
3.67929E+13,1506,2048,8192,16384,11030,512,4096,8192,1506,4096,8192,16384,1252,4096,8192,16384,296,8192,16384,16384,14,2048,8192,8192,327,512,4096,8192,1235,1024,8192,8192,188,2048,2048,2048,2,64,65536,131072,15990,524288,1048576,1048576,41,262144,524288,524288,41,262144,524288,524288,41,512,1024,1024,41,64,16384,32768,41,128,512,4096,1956,128,512,4096,1956,64,512,4096,99270,64,512,2048,11268,64,256,512,1591,64,256,512,2484,256,1024,4096,1154,128,512,1024,1154,64,256,2048,16128,64,256,512,1566,64,256,2048,309,64,256,256,126,128,512,1024,126,128,512,512,18,1024,2048,2048,22,1024,2048,2048,22,64,64,128,44,128,128,128,20,128,128,128,20,13.85,7.44,6.41,22,14,6,327,39,1548,0,0,0,0,0,0,0,2097152,2097152,2097152,2097152,2097152,4,2097152,2097152,2097152,2097152,4194304,16,2097152,4194304,4194304,4194304,4194304,192,131072,2097152,2097152,2097152,2097152,36,65536,131072,262144,2097152,2097152,977,0,0,0,0,0,0,0,0,0,0,0,0,128,256,256,512,1024,1225,65536,2097152,4194304,4194304,4194304,1225,0,0,0,0,0,0,256,256,512,512,65536,1225,392208,0,30786,15932,38404,0,41,20,0
3.67939E+13,1506,2048,8192,16384,10792,512,4096,8192,1508,4096,8192,16384,1213,4096,16384,16384,321,8192,8192,8192,15,2048,8192,8192,290,512,4096,8192,1239,1024,4096,8192,201,0,0,0,0,64,65536,131072,15715,524288,1048576,1048576,41,262144,262144,524288,41,524288,524288,524288,41,512,1024,1024,41,64,128,16384,41,64,512,4096,1921,64,512,4096,1921,64,512,4096,97128,64,512,1024,10917,64,256,512,1723,64,512,1024,2439,256,1024,4096,1256,128,512,2048,1220,64,256,2048,16938,64,256,2048,1719,0,256,512,339,64,512,512,135,128,512,1024,135,0,0,0,0,1024,2048,2048,24,1024,1024,1024,24,64,64,128,48,64,128,128,21,128,128,256,21,11.04,5.71,5.33,24,15,9,290,38,1534,0,0,0,0,0,0,0,2097152,2097152,2097152,2097152,2097152,12,2097152,2097152,2097152,2097152,4194304,14,2097152,4194304,4194304,4194304,4194304,136,131072,2097152,2097152,2097152,4194304,24,65536,131072,2097152,2097152,2097152,819,2097152,2097152,4194304,4194304,4194304,59,0,0,0,0,0,0,128,256,256,512,512,1064,65536,2097152,4194304,4194304,4194304,1064,0,0,0,0,0,0,256,256,512,512,512,1064,393054,0,30669,15659,37894,0,41,21,0
3.6795E+13,1506,2048,8192,16384,10822,512,4096,4096,1505,4096,8192,16384,1224,4096,8192,16384,288,8192,8192,8192,10,2048,8192,8192,308,512,4096,8192,1198,1024,8192,8192,218,0,0,0,1,256,65536,262144,15701,524288,1048576,1048576,40,262144,524288,524288,40,524288,524288,524288,40,256,512,512,40,64,32768,32768,40,64,512,4096,2061,128,512,4096,2061,64,512,4096,97398,64,512,4096,11016,64,256,512,1340,64,512,1024,2511,256,1024,1024,1137,128,512,4096,1092,64,256,4096,15300,64,256,512,1494,64,256,512,429,64,256,256,72,128,512,4096,90,0,128,128,9,0,0,0,0,0,0,0,0,0,0,0,0,64,128,128,20,64,512,512,20,12.64,7.61,5.03,0,10,9,308,29,1512,0,0,0,0,0,0,0,2097152,2097152,2097152,2097152,2097152,4,2097152,4194304,4194304,4194304,4194304,18,2097152,4194304,4194304,4194304,4194304,192,131072,2097152,2097152,2097152,4194304,29,65536,131072,2097152,2097152,2097152,864,0,0,0,0,0,0,0,0,0,0,0,0,128,256,512,512,512,1107,65536,2097152,4194304,4194304,4194304,1107,0,0,0,0,0,0,256,256,512,512,1024,1107,393815,0,30910,15600,37558,0,40,20,0
3.6796E+13,1506,2048,8192,16384,10829,512,4096,8192,1505,4096,8192,16384,1178,4096,8192,16384,295,8192,8192,8192,10,2048,8192,8192,282,512,4096,8192,1193,1024,4096,8192,201,0,0,0,0,512,65536,131072,15640,524288,1048576,1048576,42,262144,524288,524288,42,262144,524288,524288,42,256,1024,1024,42,128,2048,65536,42,64,512,1024,1888,64,512,2048,1888,64,512,4096,97461,64,512,4096,10602,64,256,512,1685,64,512,2048,2565,256,1024,1024,1137,128,512,1024,1146,64,256,4096,15417,64,256,512,1557,64,256,4096,365,128,256,512,126,128,512,4096,90,0,0,0,0,0,0,0,0,0,0,0,0,0,0,0,0,64,128,128,21,128,128,128,21,11.41,6.72,4.69,0,10,16,282,35,1473,0,0,0,0,0,0,0,2097152,2097152,2097152,2097152,2097152,5,2097152,4194304,4194304,4194304,4194304,12,2097152,4194304,4194304,4194304,4194304,192,131072,4194304,4194304,4194304,4194304,25,65536,131072,131072,2097152,4194304,960,0,0,0,0,0,0,0,0,0,0,0,0,128,256,512,512,512,1194,65536,2097152,4194304,4194304,4194304,1194,0,0,0,0,0,0,128,256,512,512,1024,1194,394437,0,30686,15542,37497,0,42,21,0
3.6797E+13,1506,2048,8192,16384,10867,512,4096,8192,1595,4096,8192,16384,1211,4096,8192,16384,318,8192,16384,16384,20,2048,8192,8192,322,512,4096,8192,1198,1024,4096,8192,225,2048,2048,2048,2,1024,65536,262144,15905,524288,1048576,1048576,40,262144,524288,524288,40,262144,524288,524288,40,512,1024,1024,40,128,8192,32768,40,64,512,4096,1851,128,512,4096,1851,64,512,4096,97803,64,512,4096,10899,64,256,512,1621,64,512,1024,2628,256,1024,4096,1063,128,512,1024,1009,64,256,4096,14418,64,256,512,1440,64,256,512,363,64,256,512,135,128,1024,4096,180,128,512,512,18,0,0,0,0,0,0,0,0,0,0,0,0,64,128,128,20,128,128,128,20,12.65,6.84,5.81,0,20,20,322,34,1529,0,0,0,0,0,0,0,2097152,2097152,2097152,2097152,2097152,4,2097152,4194304,4194304,4194304,4194304,20,2097152,4194304,4194304,4194304,4194304,184,131072,2097152,2097152,2097152,2097152,30,65536,131072,2097152,4194304,4194304,911,0,0,0,0,0,0,0,0,0,0,0,0,128,256,256,512,512,1149,65536,2097152,4194304,4194304,4194304,1149,0,0,0,0,0,0,256,256,512,1024,1024,1149,395213,0,31030,15795,37856,0,40,20,0
3.6798E+13,1517,2048,8192,16384,10675,512,4096,8192,1419,4096,8192,16384,1221,4096,8192,16384,312,8192,8192,8192,8,2048,8192,8192,314,512,4096,8192,1234,1024,4096,8192,190,0,0,0,1,128,65536,131072,15499,524288,1048576,1048576,41,262144,524288,524288,41,262144,524288,524288,41,256,512,512,41,128,16384,32768,41,64,512,4096,2130,64,512,4096,2031,64,512,4096,96075,64,512,2048,10989,64,256,512,1648,64,512,1024,2583,256,1024,4096,1311,128,512,1024,1194,64,256,4096,16020,64,256,2048,1530,64,256,4096,393,64,256,512,81,128,512,1024,72,128,256,256,9,0,0,0,0,0,0,0,0,0,0,0,0,64,128,128,20,128,32768,32768,20,12.4,7.41,4.98,0,8,25,314,30,1533,0,262144,262144,262144,262144,524288,11,2097152,2097152,2097152,2097152,4194304,14,2097152,2097152,2097152,2097152,2097152,18,2097152,4194304,4194304,4194304,4194304,175,2097152,2097152,2097152,2097152,4194304,36,65536,131072,2097152,2097152,4194304,934,0,0,0,0,0,0,0,0,0,0,0,0,128,256,512,512,2048,1188,65536,2097152,4194304,4194304,4194304,1188,128,256,256,256,512,11,256,256,512,512,1024,1177,395935,0,30631,15400,37593,0,41,20,0
3.6799E+13,1539,2048,8192,16384,10269,512,4096,8192,1573,4096,8192,16384,1217,4096,16384,16384,317,8192,8192,8192,13,2048,8192,8192,314,512,4096,8192,1257,1024,4096,8192,218,0,0,0,0,1024,65536,262144,15298,524288,1048576,1048576,40,262144,524288,524288,40,524288,524288,524288,40,512,1024,1024,40,64,2048,2048,40,64,512,4096,2238,64,512,4096,2040,64,512,4096,92421,64,512,4096,10953,64,256,512,1710,64,512,4096,2538,256,1024,4096,1152,128,512,4096,1206,64,512,4096,15930,64,512,512,1845,64,256,4096,288,64,256,512,144,128,512,4096,117,0,0,0,0,0,0,0,0,0,0,0,0,0,0,0,0,64,128,128,20,128,65536,65536,20,11.52,6.78,4.74,0,13,39,314,22,1534,0,262144,262144,262144,262144,524288,22,2097152,2097152,2097152,2097152,2097152,4,2097152,4194304,4194304,4194304,4194304,17,2097152,4194304,4194304,8388608,8388608,176,2097152,2097152,2097152,2097152,4194304,22,65536,131072,262144,4194304,8388608,857,0,0,0,0,0,0,0,0,0,0,0,0,128,256,512,512,1024,1098,65536,2097152,4194304,8388608,8388608,1098,128,256,256,256,256,22,128,256,512,512,16384,1076,396759,0,31291,15191,37243,0,40,20,0
3.68E+13,1561,2048,8192,16384,11108,512,4096,8192,2174,4096,8192,16384,1254,4096,16384,16384,328,8192,16384,16384,19,2048,8192,16384,317,512,4096,8192,1244,1024,4096,8192,200,0,0,0,1,1024,65536,262144,16783,524288,1048576,1048576,41,262144,524288,524288,41,524288,524288,524288,41,256,1024,1024,41,128,2048,32768,41,64,512,4096,2102,128,512,4096,1904,64,512,4096,99972,64,512,1024,11286,64,256,512,1625,64,512,4096,2556,256,1024,4096,1281,256,512,4096,1119,64,512,4096,17001,64,512,512,1665,64,256,4096,348,64,512,512,117,128,1024,4096,171,64,256,256,9,0,0,0,0,0,0,0,0,0,0,0,0,64,128,128,21,128,65536,65536,21,11.68,7.11,4.57,0,19,40,317,35,1582,0,262144,262144,524288,524288,524288,22,2097152,4194304,4194304,4194304,4194304,11,2097152,4194304,4194304,4194304,4194304,17,2097152,4194304,4194304,4194304,4194304,179,131072,2097152,2097152,2097152,2097152,20,65536,131072,2097152,4194304,4194304,801,0,0,0,0,0,0,0,0,0,0,0,0,128,256,512,512,1024,1050,65536,2097152,4194304,4194304,4194304,1050,128,256,256,256,512,22,256,256,512,512,2048,1028,397702,0,31672,16644,38044,0,41,21,0
3.68011E+13,1519,2048,8192,16384,11278,512,4096,8192,1592,4096,8192,16384,1219,4096,16384,16384,329,8192,8192,8192,14,2048,8192,8192,301,512,4096,8192,1234,1024,8192,8192,194,0,0,0,1,512,65536,131072,16285,524288,1048576,1048576,41,262144,524288,524288,41,524288,524288,524288,41,256,512,512,41,64,256,16384,41,64,512,4096,2062,64,512,4096,2440,64,512,4096,101502,64,512,2048,10979,64,256,512,1688,64,512,2048,2673,256,1024,2048,1230,128,512,4096,1140,64,256,4096,18171,64,256,2048,1926,64,256,512,306,64,256,512,117,128,512,2048,126,128,512,512,9,0,0,0,0,0,0,0,0,0,0,0,0,64,128,128,20,128,32768,32768,20,12.65,6.84,5.81,0,14,40,301,27,1549,46,262144,262144,262144,262144,524288,4,2097152,2097152,2097152,2097152,2097152,12,2097152,2097152,2097152,2097152,2097152,15,2097152,4194304,4194304,4194304,8388608,181,2097152,2097152,4194304,4194304,4194304,25,65536,131072,2097152,2097152,2097152,936,0,0,0,0,0,0,0,0,0,0,0,0,128,256,512,512,512,1173,65536,2097152,4194304,4194304,8388608,1173,256,256,256,256,512,4,128,256,512,512,1024,1169,398506,0,31615,16224,38368,0,41,20,0
3.68021E+13,1519,2048,8192,16384,10873,512,4096,8192,1534,4096,8192,16384,1229,4096,8192,16384,314,8192,8192,8192,5,2048,8192,8192,302,512,4096,8192,1206,1024,4096,8192,193,0,0,0,1,1024,65536,262144,15765,524288,1048576,1048576,40,262144,524288,524288,40,524288,524288,524288,40,128,256,512,40,128,32768,65536,40,64,512,1024,1864,128,512,4096,1864,64,512,4096,97857,64,512,2048,11053,64,256,512,1692,64,512,1024,2448,256,1024,1024,1104,128,512,512,1113,64,256,4096,16272,64,256,512,1836,64,256,512,417,64,512,512,63,64,512,512,45,64,128,128,9,0,0,0,0,0,0,0,0,0,0,0,0,64,128,128,20,64,128,128,20,11.38,6.14,5.24,0,5,28,302,35,1542,0,0,0,0,0,0,0,2097152,2097152,2097152,2097152,2097152,8,2097152,4194304,4194304,4194304,4194304,14,2097152,4194304,4194304,4194304,4194304,194,131072,2097152,2097152,2097152,4194304,19,65536,131072,2097152,2097152,2097152,1003,0,0,0,0,0,0,0,0,0,0,0,0,128,256,256,512,512,1238,65536,2097152,4194304,4194304,4194304,1238,0,0,0,0,0,0,128,256,256,1024,8192,1238,399180,0,30725,15651,38287,0,40,20,0
3.68031E+13,1519,2048,8192,16384,10887,512,4096,8192,1512,4096,8192,16384,1225,4096,8192,16384,311,8192,8192,8192,16,2048,8192,8192,332,512,4096,8192,1272,1024,4096,8192,214,0,0,0,0,64,65536,262144,15913,524288,1048576,1048576,41,262144,524288,524288,41,524288,524288,524288,41,512,1024,1024,41,64,16384,32768,41,64,512,4096,1914,128,512,4096,1914,64,512,4096,97983,64,512,2048,11025,64,256,512,1804,64,512,2048,2475,256,1024,4096,1164,128,512,1024,1182,64,256,4096,15642,64,512,4096,1611,64,512,512,324,64,256,512,126,128,512,4096,144,0,0,0,0,1024,2048,2048,33,1024,1024,2048,33,64,64,256,66,64,128,128,21,64,128,128,21,14.5,8.27,6.23,33,16,21,332,27,1536,0,0,0,0,0,0,0,2097152,2097152,2097152,2097152,2097152,9,2097152,2097152,2097152,2097152,2097152,14,2097152,4194304,4194304,4194304,4194304,195,131072,2097152,4194304,4194304,4194304,22,65536,131072,2097152,4194304,4194304,902,0,0,0,0,0,0,0,0,0,0,0,0,128,256,512,512,512,1142,65536,2097152,4194304,4194304,4194304,1142,0,0,0,0,0,0,256,256,512,512,1024,1142,400003,0,30684,15833,37779,0,41,21,0
3.68041E+13,1519,2048,8192,16384,10868,512,4096,8192,1524,4096,8192,16384,1198,4096,8192,16384,295,8192,8192,8192,12,2048,8192,8192,306,512,4096,8192,1200,1024,4096,8192,213,0,0,0,0,256,65536,131072,15745,524288,1048576,1048576,41,262144,524288,524288,41,262144,524288,524288,41,256,1024,1024,41,64,128,8192,41,64,512,2048,2065,64,512,2048,2065,64,512,4096,97812,64,512,4096,10782,64,256,512,1638,64,512,4096,2349,256,1024,4096,1182,128,512,2048,1254,64,256,4096,16281,64,256,2048,1701,64,256,512,326,64,256,256,108,64,512,1024,108,0,0,0,0,1024,2048,2048,13,1024,1024,1024,13,64,64,64,26,64,128,128,20,128,256,256,20,10.17,6.95,3.22,13,12,18,306,43,1493,0,0,0,0,0,0,0,2097152,2097152,2097152,2097152,2097152,2,2097152,4194304,4194304,4194304,4194304,13,2097152,4194304,4194304,8388608,8388608,188,131072,2097152,2097152,2097152,2097152,18,65536,131072,2097152,2097152,2097152,874,0,0,0,0,0,0,0,0,0,0,0,0,128,256,512,512,1024,1095,65536,2097152,4194304,4194304,8388608,1095,0,0,0,0,0,0,256,256,512,512,512,1095,400793,0,30363,15636,37120,0,41,20,0
3.68051E+13,1519,2048,8192,16384,10942,512,4096,8192,1521,4096,8192,16384,1252,4096,16384,32768,315,8192,8192,8192,16,2048,8192,8192,312,512,4096,8192,1224,1024,4096,8192,211,0,0,0,0,128,65536,262144,15920,524288,1048576,1048576,41,262144,262144,524288,41,524288,524288,524288,41,256,512,512,41,64,1024,32768,41,64,512,4096,1881,128,512,4096,1881,64,512,4096,98478,64,512,4096,11268,64,256,512,1706,64,512,1024,2484,256,1024,4096,1129,256,512,1024,1246,64,256,4096,16623,64,256,1024,1845,64,256,512,423,128,256,512,153,128,512,512,144,0,0,0,0,0,0,0,0,0,0,0,0,0,0,0,0,64,128,128,21,64,128,128,21,10.59,5.62,4.98,0,16,28,312,32,1567,0,0,0,0,0,0,0,2097152,2097152,2097152,2097152,4194304,23,2097152,2097152,2097152,2097152,2097152,18,2097152,4194304,4194304,4194304,4194304,173,131072,2097152,2097152,2097152,2097152,22,65536,131072,131072,2097152,4194304,979,0,0,0,0,0,0,0,0,0,0,0,0,128,256,512,512,512,1215,65536,2097152,4194304,4194304,4194304,1215,0,0,0,0,0,0,256,256,512,512,1024,1215,401533,0,30734,15774,38280,0,41,21,0
3.68062E+13,1519,2048,8192,16384,11065,512,4096,8192,1523,4096,8192,16384,1236,4096,16384,16384,296,8192,16384,16384,16,2048,8192,8192,290,512,4096,8192,1202,1024,4096,8192,217,0,0,0,0,128,65536,262144,16000,524288,1048576,1048576,40,262144,262144,524288,40,524288,524288,524288,40,256,1024,1024,40,64,128,256,40,64,512,4096,1829,128,512,1024,1829,64,512,4096,99585,64,512,4096,11124,64,256,512,1477,64,512,2048,2475,256,1024,2048,1176,128,512,4096,1185,64,256,4096,16164,64,256,2048,1593,64,256,256,273,64,256,512,144,128,512,1024,144,0,0,0,0,0,0,0,0,0,0,0,0,0,0,0,0,64,128,128,20,128,128,128,20,11.93,6.8,5.13,0,16,21,290,34,1532,0,0,0,0,0,0,0,0,0,0,0,2097152,1,2097152,2097152,2097152,2097152,4194304,16,2097152,4194304,4194304,4194304,4194304,203,131072,2097152,2097152,2097152,2097152,20,65536,131072,2097152,2097152,2097152,1030,0,0,0,0,0,0,0,0,0,0,0,0,128,256,256,512,512,1270,65536,2097152,4194304,4194304,4194304,1270,0,0,0,0,0,0,128,256,512,512,1024,1270,402156,0,30961,15887,38454,0,40,20,0
3.68072E+13,1519,2048,8192,16384,10954,512,4096,8192,1520,4096,8192,16384,1213,4096,16384,16384,311,8192,8192,8192,18,2048,8192,8192,309,512,4096,8192,1245,1024,4096,8192,208,0,0,0,0,1024,65536,262144,15925,524288,1048576,1048576,41,262144,524288,524288,41,524288,524288,524288,41,512,1024,1024,41,64,128,4096,41,128,512,4096,1779,128,512,4096,1779,64,512,4096,98586,64,512,4096,10917,64,256,512,1679,64,512,4096,2439,256,1024,4096,1040,128,512,1024,1238,64,512,4096,15732,64,256,512,1701,64,256,512,318,64,512,512,198,128,512,1024,162,0,0,0,0,0,0,0,0,0,0,0,0,0,0,0,0,64,128,128,20,128,128,128,20,11.52,7.17,4.35,0,18,24,309,40,1524,0,0,0,0,0,0,0,2097152,2097152,2097152,2097152,2097152,15,2097152,8388608,8388608,8388608,8388608,10,2097152,4194304,4194304,8388608,8388608,179,131072,2097152,2097152,2097152,2097152,19,65536,131072,2097152,4194304,4194304,804,0,0,0,0,0,0,0,0,0,0,0,0,128,256,512,512,16384,1027,65536,2097152,4194304,8388608,8388608,1027,0,0,0,0,0,0,256,256,512,512,1024,1027,403044,0,30752,15815,37082,0,41,20,0
3.68082E+13,1519,2048,8192,16384,10735,512,4096,8192,1519,4096,8192,16384,1194,4096,16384,16384,305,8192,8192,8192,28,2048,8192,8192,305,512,4096,8192,1181,1024,4096,8192,211,0,0,0,1,128,65536,524288,15660,524288,1048576,1048576,41,262144,524288,524288,41,262144,524288,524288,41,512,1024,1024,41,64,128,512,41,64,512,4096,1812,128,512,1024,1812,64,512,4096,96615,64,512,1024,10746,64,256,512,1675,64,512,2048,2439,256,1024,4096,1189,128,512,512,1342,64,512,4096,15795,64,256,512,1467,64,256,512,291,64,256,1024,243,128,512,4096,252,0,256,256,9,0,0,0,0,0,0,0,0,0,0,0,0,64,128,128,21,128,128,256,21,12.04,6.41,5.64,0,28,24,305,41,1499,0,0,0,0,0,0,0,2097152,2097152,2097152,2097152,2097152,2,2097152,4194304,4194304,4194304,4194304,16,2097152,4194304,4194304,8388608,8388608,179,131072,8388608,8388608,8388608,16777216,17,65536,131072,131072,2097152,2097152,1029,0,0,0,0,0,0,0,0,0,0,0,0,128,256,512,512,512,1243,65536,2097152,4194304,8388608,16777216,1243,0,0,0,0,0,0,128,256,512,512,1024,1243,403698,0,30956,15517,38170,0,41,21,0
3.68092E+13,1519,2048,8192,16384,10945,512,4096,8192,1518,4096,8192,16384,1220,4096,8192,16384,297,8192,16384,16384,15,2048,8192,8192,323,512,4096,8192,1228,1024,4096,8192,164,4096,4096,4096,2,512,65536,131072,15846,524288,1048576,1048576,40,262144,262144,524288,40,262144,524288,524288,40,512,1024,1024,40,64,128,16384,40,64,512,4096,1820,64,512,4096,1820,128,512,4096,98505,64,512,4096,10980,64,256,512,1655,64,512,1024,2385,256,1024,4096,1071,128,512,512,1008,64,256,4096,14886,64,256,2048,1548,64,256,512,291,64,256,4096,99,128,1024,4096,135,64,512,512,18,0,0,0,0,0,0,0,0,0,0,0,0,64,128,128,20,128,256,256,20,11.35,6.37,4.97,0,15,25,323,27,1517,0,0,0,0,0,0,0,2097152,2097152,2097152,2097152,4194304,13,2097152,2097152,2097152,2097152,2097152,15,2097152,4194304,4194304,4194304,4194304,194,131072,2097152,2097152,2097152,2097152,20,65536,131072,262144,2097152,4194304,1011,0,0,0,0,0,0,0,0,0,0,0,0,128,256,256,512,1024,1253,65536,2097152,4194304,4194304,4194304,1253,0,0,0,0,0,0,128,256,512,512,1024,1253,404352,0,30563,15718,37603,0,40,20,0
3.68102E+13,1519,2048,8192,16384,10913,512,4096,8192,1519,4096,8192,16384,1216,4096,16384,16384,295,8192,8192,8192,10,2048,8192,8192,294,512,4096,8192,1254,1024,4096,8192,205,0,0,0,1,256,65536,262144,15853,524288,1048576,1048576,41,262144,524288,524288,41,524288,524288,524288,41,256,512,1024,41,128,256,8192,41,64,512,4096,2030,64,512,1024,2030,64,512,4096,98217,64,512,2048,10944,64,256,512,1382,64,512,4096,2583,256,1024,4096,1131,128,512,2048,1077,64,256,4096,15939,64,256,512,1368,64,256,512,324,64,256,512,99,128,512,512,90,64,512,512,9,0,0,0,0,0,0,0,0,0,0,0,0,64,128,128,20,128,128,128,20,11.73,6.88,4.84,0,10,28,294,38,1511,0,0,0,0,0,0,0,0,0,0,0,2097152,1,2097152,4194304,4194304,4194304,4194304,12,2097152,4194304,4194304,4194304,4194304,200,262144,2097152,2097152,2097152,4194304,26,65536,131072,2097152,2097152,2097152,922,0,0,0,0,0,0,0,0,0,0,0,0,128,256,256,512,1024,1161,65536,2097152,4194304,4194304,4194304,1161,0,0,0,0,0,0,128,256,512,512,1024,1161,405072,0,31221,15714,37787,0,41,20,0
3.68112E+13,1474,2048,8192,16384,10790,512,4096,8192,1499,4096,8192,16384,1235,4096,16384,16384,309,8192,16384,16384,17,2048,8192,8192,309,512,4096,8192,1183,1024,4096,8192,225,0,0,0,1,1024,65536,262144,15723,524288,1048576,1048576,41,262144,262144,524288,41,262144,524288,524288,41,512,1024,1024,41,64,1024,32768,41,64,512,4096,1921,64,512,1024,2326,64,512,4096,97110,64,512,1024,11115,64,256,512,1513,64,512,1024,2646,256,1024,1024,950,128,512,1024,1058,64,256,4096,15561,64,256,2048,1521,64,256,512,225,64,256,1024,171,128,512,4096,153,64,512,512,9,0,0,0,0,0,0,0,0,0,0,0,0,64,128,128,21,64,128,128,21,12.26,7.23,5.03,0,17,22,309,32,1544,45,0,0,0,0,0,0,2097152,4194304,4194304,4194304,4194304,20,2097152,2097152,2097152,2097152,4194304,15,2097152,2097152,4194304,4194304,4194304,181,131072,2097152,2097152,2097152,2097152,26,65536,131072,2097152,2097152,4194304,896,0,0,0,0,0,0,0,0,0,0,0,0,128,256,512,512,1024,1138,65536,2097152,4194304,4194304,4194304,1138,0,0,0,0,0,0,256,256,512,512,1024,1138,405903,0,30679,15658,37332,0,41,21,0
3.68123E+13,1474,2048,8192,16384,10431,512,4096,8192,1473,4096,8192,32768,1154,4096,16384,16384,295,8192,8192,8192,22,2048,8192,8192,302,512,4096,8192,1184,1024,4096,8192,183,0,0,0,1,1024,65536,131072,15181,524288,1048576,1048576,40,262144,524288,524288,40,262144,524288,524288,40,512,1024,1024,40,128,128,256,40,64,512,1024,2007,64,512,1024,2007,64,512,4096,93879,64,512,4096,10386,64,256,512,1450,64,512,2048,2340,256,1024,4096,1104,128,512,512,1185,64,256,4096,15030,64,256,2048,1548,64,256,2048,279,64,256,512,207,128,512,1024,198,128,256,256,9,0,0,0,0,0,0,0,0,0,0,0,0,64,128,128,20,128,256,256,20,11.62,6.26,5.36,0,22,20,302,37,1449,0,0,0,0,0,0,0,2097152,2097152,2097152,2097152,2097152,4,2097152,4194304,4194304,4194304,4194304,19,2097152,2097152,4194304,4194304,8388608,186,65536,2097152,2097152,2097152,2097152,21,65536,131072,2097152,2097152,4194304,834,0,0,0,0,0,0,0,0,0,0,0,0,128,256,512,512,512,1064,65536,2097152,4194304,4194304,8388608,1064,0,0,0,0,0,0,256,256,512,512,1024,1064,406669,0,30109,15053,36448,0,40,20,0
3.68133E+13,1474,2048,8192,16384,10748,512,4096,8192,1473,4096,8192,16384,1208,4096,16384,32768,296,8192,8192,8192,22,2048,8192,8192,303,512,4096,8192,1197,1024,4096,8192,229,0,0,0,0,512,65536,131072,15632,524288,1048576,1048576,41,262144,524288,524288,41,262144,524288,524288,41,512,1024,1024,41,128,4096,32768,41,64,512,4096,1931,64,512,4096,1931,64,512,4096,96732,64,512,2048,10872,64,256,512,1582,64,512,4096,2502,256,1024,4096,1166,128,512,512,1283,64,256,4096,15219,64,256,1024,1449,64,256,512,228,64,256,512,171,128,512,4096,198,0,0,0,0,1024,2048,2048,43,1024,1024,1024,33,64,64,64,76,64,128,128,20,64,128,128,20,10.25,6.53,3.71,33,22,26,303,37,1504,0,0,0,0,0,0,0,2097152,2097152,2097152,2097152,2097152,10,2097152,4194304,4194304,4194304,4194304,16,2097152,4194304,4194304,4194304,8388608,184,131072,2097152,4194304,4194304,4194304,22,65536,131072,2097152,2097152,2097152,891,0,0,0,0,0,0,0,0,0,0,0,0,128,256,512,512,32768,1123,65536,2097152,4194304,4194304,8388608,1123,0,0,0,0,0,0,256,256,512,512,512,1123,407471,0,29680,15564,36384,0,41,20,0
3.68143E+13,1474,2048,8192,16384,10501,512,4096,8192,1472,4096,8192,16384,1165,4096,16384,16384,307,8192,8192,8192,19,2048,8192,8192,300,512,4096,8192,1201,1024,4096,8192,192,0,0,0,1,128,65536,262144,15282,524288,1048576,1048576,41,262144,262144,524288,41,262144,524288,524288,41,256,512,1024,41,64,4096,65536,41,64,512,4096,1763,64,512,4096,1763,64,512,4096,94509,64,512,4096,10485,64,256,512,1526,64,512,4096,2403,256,1024,4096,1197,128,512,512,1143,64,256,4096,14742,64,256,1024,1512,64,256,512,324,64,512,4096,162,128,512,2048,171,64,256,256,9,1024,1024,1024,2,1024,1024,1024,12,64,64,64,14,64,128,128,21,64,128,128,21,11.25,6.14,5.11,12,19,24,300,35,1472,0,0,0,0,0,0,0,2097152,2097152,2097152,2097152,2097152,7,2097152,2097152,2097152,2097152,2097152,13,2097152,4194304,4194304,4194304,4194304,202,131072,2097152,2097152,2097152,2097152,15,65536,131072,2097152,4194304,4194304,952,0,0,0,0,0,0,0,0,0,0,0,0,128,256,512,512,512,1189,65536,2097152,4194304,4194304,4194304,1189,0,0,0,0,0,0,256,256,512,512,1024,1189,408144,0,30450,15190,36942,0,41,21,0
3.68153E+13,1474,2048,8192,16384,10538,512,4096,8192,1474,4096,8192,16384,1176,4096,16384,16384,303,4096,8192,8192,11,2048,8192,8192,314,512,4096,8192,1163,1024,4096,8192,206,2048,2048,2048,2,1024,65536,262144,15308,524288,1048576,1048576,41,262144,262144,524288,41,262144,524288,524288,41,256,1024,1024,41,128,8192,32768,41,64,512,4096,1922,64,512,512,1922,64,512,4096,94842,64,512,4096,10584,64,256,512,1561,64,512,1024,2592,256,1024,1024,1209,128,512,1024,1218,64,256,2048,14382,64,256,512,1440,64,256,256,297,64,512,4096,180,64,512,512,99,128,256,256,18,0,0,0,0,0,0,0,0,0,0,0,0,64,128,128,20,128,128,128,20,12.83,6.86,5.97,0,11,23,314,40,1479,0,0,0,0,0,0,0,2097152,2097152,2097152,2097152,4194304,11,2097152,4194304,4194304,4194304,4194304,12,2097152,4194304,4194304,4194304,4194304,135,131072,2097152,2097152,2097152,2097152,12,65536,131072,2097152,2097152,4194304,729,2097152,2097152,4194304,4194304,4194304,59,0,0,0,0,0,0,128,256,256,512,512,958,65536,2097152,4194304,4194304,4194304,958,0,0,0,0,0,0,256,256,512,1024,1024,958,409053,0,30088,15188,36450,0,41,20,0
3.68163E+13,1474,2048,8192,16384,10815,512,4096,4096,1497,4096,8192,16384,1208,4096,8192,16384,299,8192,16384,16384,19,2048,8192,8192,295,512,4096,8192,1200,1024,4096,8192,174,0,0,0,0,256,65536,262144,15638,524288,1048576,1048576,40,262144,524288,524288,40,262144,524288,524288,40,256,1024,1024,40,128,2048,8192,40,64,512,4096,1936,64,512,1024,1936,64,512,4096,97335,64,512,4096,10872,64,256,512,1459,64,512,1024,2547,256,1024,4096,1197,128,512,1024,1116,64,256,2048,13851,64,256,4096,1476,64,256,512,339,64,512,1024,90,64,512,4096,171,0,0,0,0,0,0,0,0,0,0,0,0,0,0,0,0,64,128,128,20,128,256,256,20,10.98,5.94,5.04,0,19,13,295,24,1507,0,0,0,0,0,0,0,2097152,4194304,4194304,4194304,4194304,5,2097152,4194304,4194304,4194304,4194304,14,2097152,4194304,8388608,8388608,8388608,176,131072,4194304,4194304,4194304,4194304,13,65536,131072,2097152,4194304,4194304,907,0,0,0,0,0,0,0,0,0,0,0,0,128,256,256,512,512,1115,65536,2097152,4194304,8388608,8388608,1115,0,0,0,0,0,0,256,256,512,512,2048,1115,409796,0,30267,15497,37103,0,40,20,0
3.68173E+13,1474,2048,8192,16384,10478,512,4096,8192,1475,4096,8192,16384,1171,4096,16384,16384,304,8192,16384,16384,16,2048,8192,8192,287,512,4096,8192,1168,1024,8192,8192,205,0,0,0,1,64,65536,131072,15229,524288,1048576,1048576,41,262144,262144,524288,41,262144,524288,524288,41,512,512,1024,41,64,4096,32768,41,64,512,4096,1806,64,512,4096,1806,64,512,4096,94302,64,512,4096,10539,64,256,512,1484,64,512,1024,2520,256,1024,2048,1260,128,512,1024,1116,64,256,4096,15075,64,256,2048,1368,64,256,256,348,64,256,256,153,128,512,4096,144,64,256,256,9,0,0,0,0,0,0,0,0,0,0,0,0,64,128,128,21,64,128,256,21,14.21,7.61,6.6,0,16,16,287,36,1475,0,0,0,0,0,0,0,2097152,2097152,2097152,2097152,2097152,6,2097152,2097152,2097152,2097152,2097152,8,2097152,4194304,4194304,4194304,4194304,201,131072,2097152,2097152,2097152,4194304,30,65536,131072,2097152,2097152,2097152,948,0,0,0,0,0,0,0,0,0,0,0,0,128,256,256,512,1024,1193,65536,2097152,4194304,4194304,4194304,1193,0,0,0,0,0,0,128,256,512,512,1024,1193,410433,0,30281,15116,37287,0,41,21,0
3.68184E+13,1474,2048,8192,16384,10521,256,4096,4096,1478,4096,8192,16384,1185,4096,8192,16384,311,8192,8192,8192,13,2048,8192,8192,309,512,4096,8192,1178,1024,4096,8192,197,2048,2048,2048,3,512,65536,131072,15336,524288,1048576,1048576,41,262144,524288,524288,41,262144,524288,524288,41,512,1024,1024,41,64,1024,65536,41,64,512,1024,1832,64,512,1024,1832,64,512,4096,94689,64,512,4096,10665,64,256,512,1726,64,512,2048,2538,256,1024,4096,1220,128,512,512,1130,64,256,4096,15084,64,256,512,1503,64,256,512,333,64,256,512,180,128,512,2048,117,64,256,512,27,0,0,0,0,0,0,0,0,0,0,0,0,64,128,128,20,64,128,128,20,11.47,6.06,5.41,0,13,15,309,43,1496,0,0,0,0,0,0,0,2097152,2097152,2097152,2097152,2097152,10,2097152,2097152,2097152,2097152,2097152,15,2097152,4194304,4194304,4194304,4194304,189,131072,2097152,2097152,2097152,2097152,25,65536,131072,2097152,2097152,2097152,993,0,0,0,0,0,0,0,0,0,0,0,0,128,256,256,512,512,1232,65536,2097152,4194304,4194304,4194304,1232,0,0,0,0,0,0,128,256,512,512,1024,1232,411077,0,29768,15231,36771,0,41,20,0
3.68194E+13,1485,2048,8192,16384,10588,512,4096,8192,1483,4096,8192,16384,1201,4096,16384,32768,297,8192,8192,8192,19,2048,8192,8192,291,512,4096,8192,1198,1024,4096,8192,215,0,0,0,0,512,65536,262144,15435,524288,1048576,1048576,40,262144,524288,524288,40,524288,524288,524288,40,512,1024,1024,40,64,32768,65536,40,64,512,4096,1767,128,512,4096,1668,64,512,4096,95292,64,512,4096,10809,64,256,512,1570,64,512,4096,2430,256,1024,4096,1151,128,512,1024,1124,64,256,4096,14895,64,256,4096,1404,64,256,512,291,64,256,512,108,128,512,4096,171,0,0,0,0,0,0,0,0,0,0,0,0,0,0,0,0,64,128,128,20,128,32768,32768,20,11.6,6.88,4.72,0,19,19,291,33,1498,0,262144,524288,524288,524288,524288,12,2097152,2097152,2097152,2097152,2097152,11,2097152,2097152,2097152,2097152,4194304,12,2097152,4194304,4194304,4194304,4194304,196,131072,2097152,2097152,2097152,2097152,11,65536,131072,2097152,2097152,4194304,905,0,0,0,0,0,0,0,0,0,0,0,0,128,256,512,512,2048,1147,65536,2097152,4194304,4194304,4194304,1147,128,256,256,256,256,12,256,256,512,1024,1024,1135,411790,0,30642,15331,37223,0,40,20,0
3.68204E+13,1507,2048,8192,16384,10343,512,4096,8192,1494,4096,8192,16384,1190,4096,16384,32768,290,8192,16384,16384,10,2048,8192,8192,318,512,4096,8192,1213,1024,8192,8192,196,0,0,0,0,2048,65536,131072,15164,524288,1048576,1048576,41,262144,262144,524288,41,262144,524288,524288,41,256,512,1024,41,128,8192,32768,41,64,512,4096,2364,64,512,4096,2166,64,512,4096,93087,64,512,4096,10710,64,256,1024,1585,64,512,2048,2313,256,1024,1024,1038,128,512,512,1038,64,256,4096,15012,64,256,512,1521,64,256,256,168,64,256,512,126,128,512,4096,90,0,0,0,0,0,0,0,0,0,0,0,0,0,0,0,0,64,128,128,21,16384,32768,32768,21,12.73,7.71,5.01,0,10,16,318,36,1480,0,262144,524288,524288,524288,524288,21,2097152,2097152,2097152,2097152,2097152,11,2097152,2097152,2097152,2097152,2097152,6,2097152,4194304,4194304,4194304,4194304,186,131072,2097152,2097152,2097152,2097152,21,65536,131072,2097152,2097152,2097152,953,0,0,0,0,0,0,0,0,0,0,0,0,128,256,512,1024,8192,1198,65536,2097152,4194304,4194304,4194304,1198,128,256,256,256,256,21,256,256,512,512,512,1177,412452,0,30532,15065,37127,0,41,21,0
3.68214E+13,1485,2048,8192,16384,10712,512,4096,8192,1486,4096,8192,16384,1195,4096,16384,16384,319,8192,8192,8192,21,2048,8192,8192,300,512,4096,8192,1205,1024,4096,8192,203,0,0,0,0,1024,65536,262144,15599,524288,1048576,1048576,41,262144,262144,524288,41,262144,524288,524288,41,512,1024,1024,41,64,16384,65536,41,64,512,4096,2230,64,512,2048,2428,64,512,4096,96408,64,512,4096,10755,64,256,512,1651,64,512,1024,2628,256,1024,1024,1243,128,512,2048,1297,64,256,4096,15372,64,256,512,1458,64,256,512,228,64,512,4096,171,64,512,4096,189,0,0,0,0,0,0,0,0,0,0,0,0,0,0,0,0,64,128,128,20,128,65536,65536,20,12.59,6.99,5.59,0,21,10,300,26,1514,45,262144,524288,524288,524288,524288,23,2097152,2097152,2097152,2097152,4194304,10,2097152,4194304,4194304,4194304,4194304,10,2097152,4194304,4194304,4194304,8388608,183,131072,2097152,2097152,2097152,2097152,21,65536,131072,2097152,2097152,4194304,930,0,0,0,0,0,0,0,0,0,0,0,0,128,256,512,512,2048,1177,65536,2097152,4194304,4194304,8388608,1177,128,256,256,256,512,23,256,256,512,512,1024,1154,413191,0,30385,15500,37508,0,41,20,0
3.68224E+13,1488,2048,8192,16384,10610,512,4096,8192,1488,4096,8192,16384,1194,4096,16384,16384,304,8192,8192,8192,7,2048,8192,8192,278,512,4096,8192,1190,1024,8192,8192,219,2048,2048,2048,3,256,65536,131072,15419,524288,1048576,1048576,40,262144,524288,524288,40,262144,524288,524288,40,256,512,512,40,64,128,16384,40,64,512,4096,1895,64,512,4096,1868,64,512,4096,95490,64,512,4096,10746,64,256,512,1407,64,512,4096,2682,256,1024,4096,1191,128,512,1024,1002,64,256,4096,14292,64,256,1024,1377,0,256,4096,264,128,256,256,63,128,256,512,63,128,256,256,27,0,0,0,0,0,0,0,0,0,0,0,0,64,128,128,20,128,16384,16384,20,11.34,6.44,4.9,0,7,10,278,36,1498,0,262144,262144,262144,262144,524288,3,2097152,2097152,2097152,2097152,2097152,10,2097152,2097152,2097152,2097152,2097152,10,2097152,4194304,4194304,4194304,4194304,195,131072,2097152,4194304,4194304,4194304,23,65536,131072,2097152,2097152,2097152,926,0,0,0,0,0,0,0,0,0,0,0,0,128,256,256,512,1024,1167,65536,2097152,4194304,4194304,4194304,1167,128,256,256,256,256,3,256,256,512,512,4096,1164,413853,0,29767,15275,36838,0,40,20,0
3.68234E+13,1488,2048,8192,16384,10655,512,4096,8192,1488,4096,8192,16384,1180,4096,16384,16384,296,4096,8192,8192,12,2048,8192,8192,324,512,4096,8192,1176,1024,8192,8192,183,0,0,0,1,128,65536,131072,15444,524288,1048576,1048576,41,262144,524288,524288,41,262144,524288,524288,41,256,512,1024,41,64,128,16384,41,64,512,4096,1897,64,512,4096,1897,64,512,4096,95895,64,512,2048,10620,64,256,512,1523,64,512,4096,2502,256,1024,4096,1274,128,512,4096,1076,64,256,4096,14751,64,256,2048,1368,64,256,512,255,64,256,512,81,128,256,512,108,128,256,256,9,1024,2048,2048,45,1024,2048,8192,44,64,64,256,89,64,128,128,21,128,128,128,21,10.87,5.62,5.24,44,12,8,324,32,1476,0,0,0,0,0,0,0,0,0,0,0,2097152,1,2097152,2097152,2097152,2097152,4194304,15,2097152,4194304,4194304,4194304,8388608,195,2097152,2097152,2097152,2097152,2097152,22,65536,131072,2097152,2097152,2097152,931,0,0,0,0,0,0,0,0,0,0,0,0,128,256,512,512,512,1164,65536,2097152,2097152,4194304,8388608,1164,0,0,0,0,0,0,256,256,512,512,1024,1164,414585,0,29934,15402,37545,0,41,21,0
3.68245E+13,1488,2048,8192,16384,10859,512,4096,8192,1487,4096,8192,16384,1216,4096,16384,16384,298,8192,8192,8192,9,2048,8192,8192,313,512,4096,8192,1222,1024,4096,8192,211,0,0,0,0,64,65536,262144,15742,524288,1048576,1048576,41,262144,524288,524288,41,262144,524288,524288,41,256,512,1024,41,64,128,2048,41,64,512,4096,1879,64,512,4096,1879,64,512,4096,97731,64,512,4096,10944,64,256,512,1409,64,512,1024,2628,256,1024,4096,1167,128,256,1024,1122,64,256,4096,15282,64,256,512,1476,64,256,4096,369,64,256,256,99,64,512,4096,81,0,0,0,0,0,0,0,0,0,0,0,1,0,0,0,1,64,128,128,20,128,128,128,20,11.27,6.41,4.87,1,9,8,313,37,1514,0,0,0,0,0,0,0,2097152,2097152,2097152,2097152,4194304,19,2097152,2097152,2097152,2097152,4194304,7,2097152,4194304,4194304,8388608,16777216,180,2097152,4194304,4194304,4194304,4194304,18,65536,131072,262144,4194304,4194304,829,0,0,0,0,0,0,0,0,0,0,0,0,128,256,256,512,512,1053,65536,2097152,4194304,4194304,16777216,1053,0,0,0,0,0,0,256,256,512,512,512,1053,415414,0,30569,15629,37257,0,41,20,0
3.68255E+13,1488,2048,8192,16384,10402,512,4096,8192,1485,4096,8192,16384,1176,4096,16384,16384,291,8192,16384,16384,9,2048,8192,8192,290,512,4096,8192,1171,1024,4096,8192,194,2048,2048,2048,2,1024,65536,262144,15136,524288,1048576,1048576,40,262144,262144,262144,40,524288,524288,524288,40,256,512,512,40,64,32768,32768,40,64,512,4096,1735,128,512,1024,1735,64,512,4096,93618,64,512,4096,10584,64,256,512,1310,64,512,4096,2358,256,1024,4096,1176,128,512,1024,1140,64,256,4096,15057,64,256,4096,1377,64,256,512,417,64,256,512,63,128,512,4096,81,128,2048,2048,18,0,0,0,0,0,0,0,0,0,0,0,0,64,128,128,20,128,512,512,20,15,8.46,6.54,0,9,9,290,35,1467,0,0,0,0,0,0,0,0,0,0,0,0,0,2097152,2097152,2097152,2097152,2097152,15,2097152,4194304,4194304,4194304,8388608,191,131072,2097152,2097152,2097152,8388608,23,65536,131072,2097152,4194304,4194304,999,0,0,0,0,0,0,0,0,0,0,0,0,128,256,256,512,512,1228,65536,2097152,4194304,4194304,8388608,1228,0,0,0,0,0,0,256,256,256,512,1024,1228,415996,0,30322,15044,37151,0,40,20,0
3.68265E+13,1488,2048,8192,16384,11003,512,4096,8192,1488,4096,8192,16384,1218,4096,16384,16384,319,8192,8192,8192,11,2048,8192,8192,309,512,4096,8192,1188,1024,4096,8192,192,4096,4096,4096,3,1024,65536,262144,15866,524288,1048576,1048576,41,262144,524288,524288,41,262144,524288,524288,41,256,512,512,41,64,128,8192,41,64,512,2048,1608,64,512,4096,1608,64,512,4096,99027,64,512,4096,10962,64,256,512,1515,64,512,1024,2853,256,512,1024,1125,128,512,4096,1161,64,256,4096,15723,64,256,2048,1782,64,256,512,288,64,256,512,117,128,512,4096,99,256,512,512,27,0,0,0,0,0,0,0,0,0,0,0,0,64,128,128,21,128,128,256,21,12.39,6.9,5.49,0,11,4,309,34,1537,0,0,0,0,0,0,0,2097152,2097152,2097152,2097152,4194304,19,2097152,2097152,2097152,2097152,2097152,10,2097152,4194304,4194304,4194304,4194304,191,131072,2097152,2097152,2097152,2097152,18,65536,131072,2097152,2097152,2097152,890,0,0,0,0,0,0,0,0,0,0,0,0,128,256,256,512,512,1128,65536,2097152,4194304,4194304,4194304,1128,0,0,0,0,0,0,256,256,512,512,512,1128,416763,0,30453,15730,37109,0,41,21,0
3.68275E+13,1488,2048,8192,16384,10544,512,4096,8192,1486,4096,8192,16384,1178,4096,8192,16384,289,8192,8192,8192,10,2048,8192,8192,280,512,4096,8192,1191,1024,4096,8192,204,0,0,0,0,1024,65536,131072,15288,524288,1048576,1048576,41,262144,524288,524288,41,262144,524288,524288,41,256,512,512,41,64,128,8192,41,64,512,4096,1891,64,512,4096,1891,64,512,4096,94896,64,512,4096,10602,64,256,512,1367,64,512,4096,2475,256,1024,1024,1176,128,512,512,1104,64,256,4096,15795,64,256,1024,1521,64,256,2048,384,64,256,512,90,64,512,4096,90,0,0,0,0,0,0,0,0,0,0,0,0,0,0,0,0,64,128,128,20,128,128,128,20,12.78,7.41,5.37,0,10,2,280,37,1467,0,0,0,0,0,0,0,2097152,2097152,2097152,2097152,4194304,2,2097152,2097152,2097152,2097152,4194304,14,2097152,4194304,4194304,4194304,4194304,199,131072,2097152,2097152,2097152,4194304,17,65536,131072,2097152,2097152,4194304,1032,0,0,0,0,0,0,0,0,0,0,0,0,128,256,256,512,512,1264,65536,2097152,4194304,4194304,4194304,1264,0,0,0,0,0,0,256,256,512,1024,1024,1264,417295,0,30163,15189,37621,0,41,20,0
3.68285E+13,1488,2048,8192,16384,10715,512,4096,8192,1488,4096,8192,16384,1188,4096,16384,16384,304,8192,8192,8192,13,2048,8192,8192,312,512,4096,8192,1213,1024,4096,8192,211,0,0,0,1,1024,65536,262144,15569,524288,1048576,1048576,41,262144,524288,524288,41,524288,524288,524288,41,512,512,512,41,64,256,8192,41,64,512,4096,1959,128,512,4096,1959,128,512,4096,96435,64,512,4096,10699,64,256,512,1541,64,512,2048,2700,256,1024,4096,1137,128,512,4096,1128,64,512,4096,16038,64,512,4096,1602,64,256,512,387,64,256,256,117,64,512,4096,117,256,512,512,9,0,0,0,0,0,0,0,0,0,0,0,0,64,128,128,21,128,256,512,21,11.53,5.89,5.64,0,13,3,312,48,1493,0,0,0,0,0,0,0,2097152,4194304,4194304,4194304,4194304,19,2097152,4194304,4194304,4194304,4194304,11,2097152,4194304,4194304,4194304,8388608,168,2097152,2097152,2097152,2097152,4194304,23,65536,131072,2097152,4194304,4194304,784,0,0,0,0,0,0,0,0,0,0,0,0,128,256,512,512,512,1005,65536,2097152,4194304,4194304,8388608,1005,0,0,0,0,0,0,256,256,512,512,1024,1005,418159,0,30561,15469,36906,0,41,21,0
3.68296E+13,1488,2048,8192,16384,10652,512,4096,8192,1488,4096,8192,16384,1171,4096,16384,16384,300,8192,8192,8192,10,2048,8192,8192,318,512,4096,8192,1192,1024,8192,8192,220,0,0,0,1,1024,65536,131072,15484,524288,1048576,1048576,40,262144,524288,524288,40,262144,524288,524288,40,512,1024,1024,40,64,512,1024,40,64,512,1024,1993,128,512,4096,1993,64,512,4096,95868,64,512,4096,10532,64,256,512,1736,64,512,4096,2439,256,1024,4096,1097,128,512,1024,1187,64,256,4096,14922,64,256,512,1701,64,256,512,369,64,256,512,135,128,512,4096,90,0,256,256,9,0,0,0,0,0,0,0,0,0,0,0,0,64,128,128,20,128,128,128,20,11.47,6.75,4.72,0,10,2,318,38,1470,0,0,0,0,0,0,0,0,0,0,0,2097152,1,2097152,2097152,2097152,2097152,4194304,16,2097152,4194304,4194304,4194304,4194304,186,131072,2097152,2097152,2097152,4194304,19,65536,131072,262144,2097152,4194304,980,0,0,0,0,0,0,0,0,0,0,0,0,128,256,256,512,512,1202,65536,2097152,4194304,4194304,4194304,1202,0,0,0,0,0,0,256,256,512,512,512,1202,418795,0,29711,15353,36370,0,40,20,0
3.68306E+13,1488,2048,8192,16384,10667,512,4096,8192,1487,4096,8192,16384,1195,4096,16384,16384,322,8192,8192,8192,17,2048,8192,8192,274,512,4096,8192,1195,1024,4096,8192,206,0,0,0,1,1024,65536,131072,15497,524288,1048576,1048576,41,262144,262144,524288,41,262144,524288,524288,41,512,1024,1024,41,64,128,32768,41,64,512,4096,1860,64,512,4096,1860,64,512,4096,96003,64,512,4096,10755,64,256,512,1479,64,512,4096,2745,256,1024,1024,1077,128,512,1024,1140,64,256,4096,15399,64,256,4096,1512,64,256,512,330,64,512,512,162,128,512,1024,153,256,256,256,9,0,0,0,0,0,0,0,0,0,0,0,0,64,128,128,20,128,128,128,20,12.22,6.95,5.27,0,17,1,274,28,1517,0,0,0,0,0,0,0,2097152,2097152,2097152,2097152,2097152,14,2097152,2097152,2097152,2097152,4194304,10,2097152,2097152,4194304,4194304,16777216,191,131072,2097152,2097152,2097152,2097152,21,65536,131072,2097152,2097152,4194304,969,0,0,0,0,0,0,0,0,0,0,0,0,128,256,256,512,512,1205,65536,2097152,2097152,4194304,16777216,1205,0,0,0,0,0,0,128,256,512,512,1024,1205,419427,0,29808,15378,36904,0,41,20,0
3.68316E+13,1444,2048,8192,16384,10428,512,4096,8192,1455,4096,8192,16384,1197,4096,16384,16384,290,8192,8192,8192,22,2048,8192,8192,323,512,4096,8192,1147,1024,4096,8192,181,0,0,0,0,512,65536,131072,15181,524288,1048576,1048576,41,262144,524288,524288,41,524288,524288,524288,41,512,1024,1024,41,64,128,65536,41,64,512,4096,1883,64,512,1024,2279,64,512,4096,93852,64,512,1024,10773,64,256,512,1422,64,512,1024,2502,256,1024,1024,1152,128,512,1024,1134,64,256,4096,15138,64,256,1024,1566,0,256,512,321,64,256,512,189,128,512,4096,198,0,0,0,0,0,0,0,0,0,0,0,0,0,0,0,0,64,128,128,21,128,128,128,21,11.58,6.62,4.96,0,22,1,323,31,1487,44,0,0,0,0,0,0,0,0,0,0,0,0,2097152,2097152,2097152,2097152,4194304,7,2097152,4194304,4194304,4194304,4194304,205,131072,2097152,2097152,2097152,2097152,23,65536,131072,2097152,2097152,2097152,1034,0,0,0,0,0,0,0,0,0,0,0,0,128,256,256,512,512,1269,65536,2097152,4194304,4194304,4194304,1269,0,0,0,0,0,0,128,256,512,1024,8192,1269,420066,0,29286,15114,36401,0,41,21,0
3.68326E+13,1444,2048,8192,16384,10494,512,4096,8192,1444,4096,8192,16384,1177,4096,16384,16384,296,8192,16384,16384,16,2048,8192,8192,288,512,4096,8192,1176,1024,4096,8192,175,0,0,0,1,128,65536,131072,15184,524288,1048576,1048576,40,262144,524288,524288,40,262144,524288,524288,40,512,1024,1024,40,64,8192,32768,40,64,512,4096,1815,128,512,4096,1815,64,512,4096,94446,64,512,1024,10593,64,256,512,1409,64,512,1024,2475,256,512,1024,1064,128,512,1024,1136,64,256,4096,13824,64,256,2048,1530,64,256,512,416,64,256,512,117,128,512,4096,144,0,256,256,9,0,0,0,0,0,0,0,0,0,0,0,0,64,128,128,20,64,256,256,20,12.23,6.69,5.53,0,16,1,288,41,1473,0,0,0,0,0,0,0,2097152,4194304,4194304,4194304,4194304,17,2097152,2097152,2097152,2097152,2097152,16,2097152,4194304,4194304,4194304,4194304,171,131072,2097152,2097152,2097152,4194304,27,65536,131072,2097152,2097152,4194304,854,0,0,0,0,0,0,0,0,0,0,0,0,128,256,256,512,512,1085,65536,2097152,4194304,4194304,4194304,1085,0,0,0,0,0,0,256,256,256,512,512,1085,420800,0,29668,15079,36458,0,40,20,0
3.68336E+13,1444,2048,8192,16384,10269,512,4096,8192,1444,4096,8192,16384,1142,4096,16384,16384,292,8192,16384,16384,12,2048,8192,8192,313,512,4096,8192,1166,1024,4096,8192,219,0,0,0,0,64,65536,131072,14989,524288,1048576,1048576,41,262144,524288,524288,41,524288,524288,524288,41,512,1024,1024,41,64,16384,32768,41,64,512,1024,1848,64,512,1024,1848,128,512,4096,92421,64,512,2048,10278,64,256,512,1570,64,512,1024,2628,256,1024,4096,1184,128,512,2048,1193,64,256,4096,14508,64,256,2048,1296,64,256,512,366,64,256,512,135,128,512,4096,108,0,0,0,0,1024,2048,2048,44,1024,2048,2048,44,64,64,128,88,64,128,128,20,64,128,128,20,11.92,5.96,5.96,44,12,0,313,30,1434,0,0,0,0,0,0,0,2097152,2097152,2097152,2097152,2097152,5,2097152,2097152,2097152,2097152,4194304,5,2097152,4194304,4194304,8388608,8388608,194,2097152,4194304,4194304,4194304,4194304,19,65536,131072,2097152,4194304,4194304,786,0,0,0,0,0,0,0,0,0,0,0,0,128,256,512,512,512,1009,65536,2097152,4194304,4194304,8388608,1009,0,0,0,0,0,0,256,256,512,512,16384,1009,421624,0,29317,14977,36112,0,41,20,0
3.68346E+13,1444,2048,8192,16384,10483,512,4096,4096,1444,4096,8192,16384,1170,4096,8192,16384,300,8192,8192,8192,11,2048,8192,8192,284,512,4096,8192,1172,1024,4096,8192,177,0,0,0,1,64,65536,262144,15158,524288,1048576,1048576,41,262144,524288,524288,41,262144,524288,524288,41,256,1024,1024,41,64,128,256,41,64,512,4096,1773,128,512,1024,1773,64,512,4096,94347,64,512,4096,10530,64,256,512,1477,64,256,512,2628,256,512,1024,1056,128,512,1024,1065,64,256,4096,15273,64,256,1024,1530,64,256,512,384,64,256,256,117,128,512,4096,99,0,128,128,9,0,0,0,0,0,0,0,0,0,0,0,0,64,128,128,21,64,128,128,21,13.17,6.71,6.45,0,11,1,284,36,1470,0,0,0,0,0,0,0,2097152,2097152,2097152,2097152,4194304,11,2097152,2097152,2097152,2097152,2097152,9,2097152,4194304,4194304,4194304,8388608,192,131072,2097152,2097152,2097152,2097152,27,65536,131072,2097152,4194304,4194304,900,0,0,0,0,0,0,0,0,0,0,0,0,128,256,512,512,512,1139,65536,2097152,4194304,4194304,8388608,1139,0,0,0,0,0,0,256,256,512,512,8192,1139,422287,0,29359,15046,37095,0,41,21,0
3.68357E+13,1444,2048,8192,16384,10228,512,4096,8192,1455,4096,8192,16384,1133,4096,16384,16384,277,8192,8192,8192,19,2048,8192,8192,261,512,4096,8192,1115,1024,4096,8192,189,0,0,0,0,1024,65536,262144,14801,524288,1048576,1048576,40,262144,524288,524288,40,262144,524288,524288,40,512,1024,1024,40,64,128,512,40,64,512,4096,1760,128,512,2048,1760,64,512,4096,92052,64,512,4096,10197,64,256,512,1399,64,512,4096,2421,256,1024,4096,1140,128,512,512,1149,64,256,2048,15336,64,256,512,1512,0,256,512,330,64,256,256,144,64,512,512,171,0,0,0,0,0,0,0,0,0,0,0,0,0,0,0,0,64,128,128,20,128,256,256,20,12.53,7.03,5.5,0,19,0,261,34,1410,0,0,0,0,0,0,0,2097152,2097152,2097152,2097152,2097152,5,2097152,4194304,4194304,4194304,4194304,11,2097152,4194304,4194304,4194304,4194304,195,2097152,2097152,2097152,2097152,4194304,27,65536,131072,2097152,2097152,2097152,996,0,0,0,0,0,0,0,0,0,0,0,0,128,256,256,512,2048,1234,65536,2097152,4194304,4194304,4194304,1234,0,0,0,0,0,0,128,256,512,512,1024,1234,422777,0,29474,14709,36156,0,40,20,0
3.68367E+13,1444,2048,8192,16384,10372,512,4096,8192,1432,4096,8192,16384,1161,4096,16384,16384,305,8192,8192,8192,18,2048,8192,8192,302,512,4096,8192,1181,1024,4096,8192,216,0,0,0,0,2048,65536,262144,15109,524288,1048576,1048576,41,262144,524288,524288,41,524288,524288,524288,41,256,512,512,41,64,8192,65536,41,64,512,4096,1895,64,512,4096,1895,128,512,4096,93348,64,512,2048,10449,64,256,512,1767,64,512,1024,2754,256,1024,1024,1091,128,512,512,1136,64,256,4096,15786,64,256,512,1683,64,256,512,429,64,256,512,162,128,512,1024,162,0,0,0,0,0,0,0,0,0,0,0,0,0,0,0,0,64,128,128,20,64,128,128,20,10.38,5.89,4.48,0,18,0,302,41,1466,0,0,0,0,0,0,0,2097152,2097152,2097152,2097152,2097152,11,2097152,2097152,2097152,2097152,2097152,8,2097152,4194304,4194304,4194304,4194304,142,131072,2097152,2097152,2097152,2097152,19,65536,131072,2097152,2097152,2097152,721,2097152,4194304,4194304,4194304,16777216,58,0,0,0,0,0,0,128,256,512,512,512,959,65536,2097152,4194304,4194304,16777216,959,0,0,0,0,0,0,256,256,512,1024,1024,959,423645,0,29455,15005,35447,0,41,20,0
3.68377E+13,1444,2048,8192,16384,10348,512,4096,8192,1444,4096,8192,16384,1184,4096,16384,16384,269,8192,8192,8192,16,2048,8192,8192,303,512,4096,8192,1167,1024,4096,8192,195,4096,4096,4096,2,256,65536,131072,15058,524288,1048576,1048576,41,262144,262144,262144,41,262144,524288,524288,41,256,512,512,41,64,128,65536,41,64,512,1024,1682,64,512,4096,1682,64,512,4096,93132,64,512,4096,10656,64,256,512,1434,64,512,4096,2367,256,1024,4096,1071,128,512,512,1107,64,256,4096,14958,64,256,4096,1512,64,256,512,405,64,256,512,126,128,512,512,144,64,512,512,18,0,0,0,0,0,0,0,0,0,0,0,0,64,128,128,21,128,128,128,21,11.16,7.18,3.98,0,16,2,303,47,1453,0,0,0,0,0,0,0,2097152,2097152,2097152,2097152,4194304,7,2097152,2097152,2097152,2097152,2097152,8,2097152,4194304,4194304,4194304,4194304,181,2097152,2097152,4194304,4194304,4194304,23,65536,131072,2097152,2097152,2097152,877,0,0,0,0,0,0,0,0,0,0,0,0,128,256,256,512,512,1096,65536,2097152,4194304,4194304,4194304,1096,0,0,0,0,0,0,128,256,512,1024,1024,1096,424370,0,29543,14920,36370,0,41,21,0
3.68387E+13,1444,2048,8192,16384,10361,512,4096,8192,1444,4096,8192,16384,1184,4096,16384,16384,303,8192,16384,16384,16,2048,8192,8192,314,512,4096,8192,1166,1024,8192,8192,208,0,0,0,0,1024,65536,262144,15126,524288,1048576,1048576,41,262144,262144,262144,41,262144,524288,524288,41,256,512,512,41,128,8192,32768,41,64,512,4096,1587,64,512,4096,1587,64,512,4096,93249,64,512,4096,10656,64,256,512,1589,64,512,2048,2574,256,512,4096,960,128,512,4096,1050,64,256,4096,15255,64,256,4096,1440,64,256,512,330,64,256,512,153,128,512,4096,144,0,0,0,0,0,0,0,0,0,0,0,0,0,0,0,0,64,128,128,20,128,256,256,20,13.79,7.41,6.38,0,16,2,314,52,1487,0,0,0,0,0,0,0,2097152,2097152,2097152,2097152,4194304,10,2097152,2097152,2097152,2097152,2097152,9,2097152,4194304,4194304,8388608,8388608,187,131072,2097152,2097152,2097152,2097152,24,65536,131072,2097152,2097152,4194304,1049,0,0,0,0,0,0,0,0,0,0,0,0,128,256,512,512,512,1279,65536,2097152,4194304,4194304,8388608,1279,0,0,0,0,0,0,128,256,256,512,512,1279,424962,0,29642,15022,36685,0,41,20,0
3.68397E+13,1444,2048,8192,16384,10281,512,4096,8192,1444,4096,8192,16384,1125,4096,8192,16384,299,8192,16384,16384,11,2048,8192,8192,276,512,4096,8192,1149,1024,4096,8192,185,0,0,0,0,256,65536,262144,14898,524288,1048576,1048576,41,262144,524288,524288,41,262144,524288,524288,41,256,512,512,41,64,128,128,41,64,512,4096,1776,128,512,1024,1776,64,512,4096,92529,64,512,2048,10125,64,256,512,1413,64,512,1024,2727,256,1024,2048,1209,128,512,512,1110,64,256,4096,15696,64,256,1024,1521,64,256,4096,360,128,256,512,72,128,512,4096,99,0,0,0,0,0,0,0,0,0,0,0,0,0,0,0,0,64,128,128,21,128,128,8192,21,11.29,7.11,4.19,0,11,4,276,28,1424,0,0,0,0,0,0,0,2097152,2097152,2097152,2097152,2097152,14,2097152,2097152,2097152,2097152,4194304,7,2097152,2097152,4194304,4194304,4194304,200,2097152,2097152,2097152,2097152,2097152,16,65536,131072,2097152,2097152,4194304,968,0,0,0,0,0,0,0,0,0,0,0,0,128,256,512,512,512,1205,65536,2097152,2097152,4194304,4194304,1205,0,0,0,0,0,0,256,256,512,512,1024,1205,425500,0,29640,14765,36534,0,41,21,0
3.68407E+13,1457,2048,8192,16384,10571,512,4096,8192,1445,4096,8192,16384,1182,4096,8192,16384,304,8192,8192,8192,6,2048,8192,16384,306,512,4096,8192,1206,1024,4096,8192,210,0,0,0,0,64,65536,131072,15332,524288,1048576,1048576,40,262144,262144,524288,40,262144,524288,524288,40,256,1024,1024,40,64,128,128,40,64,256,4096,1905,128,512,4096,1788,64,512,4096,95139,64,512,1024,10638,64,256,512,1480,64,512,512,2682,256,1024,4096,1158,128,512,512,1095,64,256,4096,15408,64,256,1024,1584,64,256,512,279,64,256,256,99,128,256,512,54,0,0,0,0,0,0,0,0,0,0,0,0,0,0,0,0,64,128,128,20,128,65536,65536,20,13.17,6.32,6.84,0,6,10,306,34,1486,0,262144,262144,262144,262144,262144,13,2097152,2097152,2097152,2097152,2097152,7,2097152,2097152,2097152,2097152,4194304,15,2097152,4194304,4194304,4194304,4194304,179,131072,2097152,4194304,4194304,4194304,27,65536,131072,2097152,4194304,4194304,1000,0,0,0,0,0,0,0,0,0,0,0,0,128,256,512,512,512,1241,65536,2097152,4194304,4194304,4194304,1241,128,256,256,256,256,13,256,256,512,512,512,1228,426101,0,29510,15216,37214,0,40,20,0
3.68418E+13,1433,2048,8192,16384,10047,512,4096,8192,1430,4096,8192,16384,1126,4096,8192,16384,267,8192,16384,16384,15,2048,8192,8192,264,512,4096,8192,1160,1024,8192,8192,170,4096,4096,4096,2,256,65536,131072,14601,524288,1048576,1048576,41,262144,262144,524288,41,262144,524288,524288,41,256,1024,1024,41,128,128,8192,41,64,512,4096,1871,64,512,4096,2087,64,512,4096,90423,64,512,2048,10134,64,256,512,1484,64,512,4096,2493,256,512,4096,1260,128,512,512,1152,64,256,4096,15372,64,256,2048,1656,64,256,512,450,64,256,512,126,64,512,4096,135,256,256,256,18,0,0,0,0,0,0,0,0,0,0,0,0,64,128,128,20,16384,65536,65536,20,13.12,6.11,7.01,0,15,14,264,38,1393,43,262144,524288,524288,524288,524288,20,2097152,2097152,2097152,2097152,4194304,3,2097152,4194304,4194304,4194304,4194304,9,2097152,4194304,4194304,4194304,8388608,179,2097152,4194304,4194304,4194304,4194304,22,65536,131072,2097152,2097152,4194304,963,0,0,0,0,0,0,0,0,0,0,0,0,128,256,256,512,1024,1196,65536,2097152,4194304,4194304,8388608,1196,128,256,256,256,512,20,128,256,512,512,65536,1176,426672,0,28666,14519,36408,0,41,20,0
3.68428E+13,1457,2048,8192,16384,10321,512,4096,8192,1446,4096,8192,16384,1162,4096,16384,32768,282,8192,16384,16384,16,2048,8192,8192,307,512,4096,8192,1137,1024,8192,16384,206,0,0,0,1,1024,65536,131072,15033,524288,1048576,1048576,41,262144,524288,524288,41,524288,524288,524288,41,256,1024,1024,41,64,256,32768,41,64,512,4096,2179,64,512,4096,1963,64,512,4096,92889,64,256,2048,10458,64,256,512,1442,64,512,4096,2709,256,1024,4096,1125,128,512,1024,1143,64,256,4096,15552,64,256,2048,1701,64,256,512,387,64,256,512,144,128,512,4096,144,64,256,256,9,0,0,0,0,0,0,0,0,0,0,0,0,64,128,128,21,128,32768,32768,21,11.99,6.51,5.49,0,16,18,307,41,1444,0,262144,262144,524288,524288,524288,23,2097152,2097152,2097152,2097152,4194304,12,2097152,2097152,2097152,2097152,4194304,11,2097152,4194304,4194304,4194304,4194304,191,131072,2097152,2097152,2097152,2097152,17,65536,131072,2097152,2097152,4194304,951,0,0,0,0,0,0,0,0,0,0,0,0,128,256,256,512,512,1205,65536,2097152,4194304,4194304,4194304,1205,128,256,256,256,256,23,128,256,512,1024,1024,1182,427293,0,29323,14904,36524,0,41,21,0
3.68438E+13,1459,2048,8192,16384,10505,512,4096,8192,1458,4096,8192,16384,1176,4096,16384,16384,315,8192,8192,8192,15,2048,8192,8192,307,512,4096,8192,1166,1024,8192,8192,212,2048,2048,2048,3,1024,65536,131072,15302,524288,1048576,1048576,40,262144,524288,524288,40,524288,524288,524288,40,256,1024,1024,40,128,128,128,40,64,512,4096,1805,64,512,4096,1787,64,512,4096,94545,64,512,4096,10584,64,256,512,1614,64,512,1024,2844,256,1024,4096,1081,128,512,4096,1189,64,512,4096,15858,64,256,512,1620,64,256,512,324,64,512,512,144,128,512,4096,135,64,512,1024,27,1024,2048,2048,43,1024,1024,1024,43,64,64,64,86,64,128,128,20,128,256,256,20,10.94,6.31,4.63,43,15,26,307,24,1491,0,262144,262144,262144,262144,524288,2,2097152,2097152,2097152,2097152,4194304,8,2097152,2097152,2097152,2097152,2097152,9,2097152,4194304,4194304,4194304,4194304,199,2097152,2097152,2097152,2097152,4194304,20,65536,131072,2097152,2097152,2097152,833,0,0,0,0,0,0,0,0,0,0,0,0,128,256,256,512,512,1071,65536,2097152,4194304,4194304,4194304,1071,64,64,64,64,256,2,256,256,512,512,1024,1069,428128,0,29521,15252,36292,0,40,20,0
3.68448E+13,1459,2048,8192,16384,10577,512,4096,8192,1753,4096,8192,16384,1164,4096,16384,16384,281,8192,16384,32768,23,2048,8192,8192,307,512,4096,8192,1171,1024,4096,8192,188,0,0,0,0,128,65536,262144,15572,524288,1048576,1048576,41,262144,524288,524288,41,262144,524288,524288,41,512,1024,1024,41,64,256,8192,41,64,512,4096,1923,64,512,4096,1923,64,512,4096,95193,64,256,4096,10476,64,256,512,1409,64,512,1024,2421,256,1024,4096,1197,128,512,4096,1242,64,256,4096,16443,64,256,2048,1692,64,256,2048,306,64,256,512,189,128,256,4096,207,0,0,0,0,0,0,0,0,0,0,0,0,0,0,0,0,64,128,128,20,128,128,128,20,12.31,7.18,5.13,0,23,28,307,40,1445,0,0,0,0,0,0,0,2097152,2097152,2097152,2097152,4194304,15,2097152,2097152,2097152,2097152,2097152,15,2097152,2097152,4194304,4194304,4194304,187,2097152,4194304,4194304,4194304,4194304,20,65536,131072,2097152,2097152,4194304,860,0,0,0,0,0,0,0,0,0,0,0,0,128,256,512,512,1024,1097,65536,2097152,4194304,4194304,4194304,1097,0,0,0,0,0,0,256,256,512,512,512,1097,428874,0,29644,15448,36612,1,41,20,0
3.68458E+13,1459,2048,8192,16384,10370,512,4096,8192,1627,4096,8192,16384,1161,4096,16384,16384,301,8192,16384,16384,22,2048,8192,8192,286,512,4096,8192,1195,1024,8192,8192,180,0,0,0,0,512,65536,131072,15296,524288,1048576,1048576,41,262144,262144,524288,41,524288,524288,524288,41,512,1024,1024,41,64,128,128,41,64,512,4096,1813,64,512,4096,1813,64,512,4096,93330,64,512,4096,10449,64,256,512,1563,64,256,4096,2763,256,1024,4096,1160,128,512,512,1178,64,512,4096,15687,64,256,2048,1494,64,256,4096,426,64,256,512,171,64,512,4096,198,0,0,0,0,0,0,0,0,0,0,0,0,0,0,0,0,64,128,256,21,128,128,128,21,12.11,7.52,4.59,0,22,26,286,42,1462,0,0,0,0,0,0,0,2097152,2097152,2097152,2097152,2097152,9,2097152,2097152,2097152,2097152,2097152,10,2097152,4194304,4194304,4194304,4194304,186,131072,2097152,2097152,2097152,2097152,23,65536,131072,2097152,4194304,4194304,877,0,0,0,0,0,0,0,0,0,0,0,0,128,256,256,512,512,1105,65536,2097152,4194304,4194304,4194304,1105,0,0,0,0,0,0,256,256,512,512,1024,1105,429607,0,29615,15156,36376,0,41,21,0
3.68469E+13,1459,2048,8192,16384,10496,512,4096,8192,1468,4096,8192,16384,1148,4096,16384,16384,303,8192,8192,8192,22,2048,8192,8192,301,512,4096,8192,1157,1024,4096,8192,220,0,0,0,0,1024,65536,131072,15248,524288,1048576,1048576,40,262144,524288,524288,40,262144,524288,524288,40,512,1024,1024,40,64,128,256,41,64,512,2048,1707,64,512,4096,1707,64,512,4096,94464,64,512,4096,10332,64,256,512,1659,64,512,1024,2718,256,1024,4096,1011,128,512,1024,1101,64,256,4096,13851,64,256,512,1458,64,256,4096,363,64,512,4096,198,128,512,4096,198,0,0,0,0,0,0,0,0,0,0,0,0,0,0,0,0,64,128,128,20,128,256,256,20,11.09,6.25,4.84,0,22,19,301,28,1451,0,0,0,0,0,0,0,2097152,2097152,2097152,2097152,4194304,5,2097152,2097152,2097152,2097152,2097152,12,2097152,4194304,4194304,4194304,8388608,186,2097152,2097152,2097152,2097152,2097152,19,65536,131072,2097152,2097152,4194304,923,0,0,0,0,0,0,0,0,0,0,0,0,128,256,512,512,1024,1145,65536,2097152,4194304,4194304,8388608,1145,0,0,0,0,0,0,128,256,512,1024,1024,1145,430283,0,29360,15103,36567,0,40,20,0
3.68479E+13,1459,2048,8192,16384,10492,512,4096,8192,1471,4096,8192,16384,1203,4096,16384,16384,300,8192,16384,16384,15,2048,8192,8192,265,512,4096,8192,1178,1024,8192,8192,194,0,0,0,1,2048,65536,262144,15242,524288,1048576,1048576,41,262144,524288,524288,41,524288,524288,524288,41,512,512,1024,41,128,32768,65536,40,64,512,4096,1741,128,512,4096,1741,64,512,4096,94428,64,512,4096,10827,64,256,512,1403,64,512,4096,2655,256,1024,4096,1109,128,512,4096,1118,64,256,4096,14409,64,256,4096,1314,64,512,4096,285,64,256,512,117,128,256,4096,135,128,256,256,9,0,0,0,0,0,0,0,0,0,0,0,0,64,128,128,20,64,128,128,20,13.06,7.94,5.12,0,15,26,265,24,1503,0,0,0,0,0,0,0,2097152,2097152,2097152,2097152,4194304,15,2097152,2097152,2097152,2097152,2097152,8,2097152,4194304,4194304,4194304,4194304,194,262144,2097152,2097152,2097152,2097152,21,65536,131072,2097152,2097152,2097152,929,0,0,0,0,0,0,0,0,0,0,0,0,128,256,256,512,512,1167,65536,2097152,2097152,4194304,4194304,1167,0,0,0,0,0,0,256,256,512,512,1024,1167,430949,0,29574,15148,36449,0,41,20,0
3.68489E+13,1459,2048,8192,16384,10435,512,4096,8192,1460,4096,8192,16384,1216,4096,16384,16384,280,8192,16384,16384,12,2048,8192,16384,330,512,4096,8192,1171,1024,4096,8192,204,0,0,0,0,2048,65536,131072,15229,524288,1048576,1048576,41,262144,524288,524288,41,524288,524288,524288,41,256,512,1024,41,64,256,2048,41,64,512,4096,1706,64,512,4096,1706,64,512,4096,93915,64,512,4096,10944,64,256,512,1512,64,512,4096,2628,256,1024,4096,1134,128,512,4096,1071,64,512,4096,15228,64,256,512,1692,64,256,1024,303,64,256,512,99,64,512,8192,108,0,0,0,0,0,0,0,0,0,0,0,0,0,0,0,0,64,128,128,21,128,128,128,21,12.74,6.82,5.92,0,12,29,330,37,1496,0,0,0,0,0,0,0,2097152,2097152,2097152,2097152,2097152,3,2097152,4194304,4194304,4194304,8388608,13,2097152,4194304,4194304,4194304,8388608,189,2097152,2097152,2097152,2097152,4194304,18,65536,131072,2097152,2097152,2097152,982,0,0,0,0,0,0,0,0,0,0,0,0,128,256,512,512,1024,1205,65536,2097152,4194304,4194304,8388608,1205,0,0,0,0,0,0,256,256,512,1024,16384,1205,431648,0,30084,15127,36743,0,41,21,0
3.68499E+13,1459,2048,8192,16384,9903,512,4096,8192,1457,4096,8192,16384,1104,4096,16384,16384,307,8192,8192,8192,10,2048,8192,8192,295,512,4096,8192,1148,1024,8192,8192,183,0,0,0,0,2048,65536,262144,14519,524288,1048576,1048576,41,262144,524288,524288,41,524288,524288,524288,41,256,512,512,41,64,128,8192,41,64,512,4096,1698,128,512,1024,1698,64,512,4096,89127,64,512,4096,9936,64,256,512,1630,64,512,4096,2835,256,1024,4096,1079,128,512,4096,1151,64,512,4096,14616,64,256,512,1404,64,256,512,339,64,256,256,135,64,256,256,90,0,0,0,0,0,0,0,0,0,0,0,0,0,0,0,0,64,128,128,20,128,128,128,20,10.44,6.36,4.07,0,10,31,295,32,1411,0,0,0,0,0,0,0,2097152,4194304,4194304,4194304,4194304,15,2097152,2097152,2097152,2097152,2097152,5,2097152,4194304,4194304,8388608,8388608,173,131072,4194304,4194304,4194304,4194304,20,65536,131072,2097152,4194304,4194304,875,0,0,0,0,0,0,0,0,0,0,0,0,128,256,512,512,1024,1088,65536,2097152,4194304,4194304,8388608,1088,0,0,0,0,0,0,256,256,512,512,1024,1088,432339,0,29139,14393,35059,0,41,20,0
3.68509E+13,1416,2048,8192,16384,10542,512,4096,8192,1459,4096,8192,16384,1210,4096,16384,16384,300,8192,16384,16384,24,2048,8192,8192,294,512,4096,8192,1189,1024,4096,8192,207,0,0,0,1,2048,65536,262144,15377,524288,1048576,1048576,40,262144,524288,524288,40,262144,524288,524288,40,1024,1024,1024,40,128,32768,65536,40,64,512,4096,1837,64,512,4096,2224,64,512,4096,94878,64,512,4096,10890,64,256,512,1658,64,512,1024,2619,256,1024,4096,948,128,512,1024,1101,64,256,4096,14481,64,256,1024,1377,64,256,512,192,64,256,256,198,64,512,4096,216,0,256,256,9,0,0,0,0,0,0,0,0,0,0,0,0,64,128,128,20,128,128,128,20,10.81,6.05,4.76,0,24,23,294,29,1510,43,0,0,0,0,0,0,2097152,4194304,4194304,4194304,8388608,15,2097152,2097152,2097152,2097152,2097152,7,2097152,4194304,4194304,4194304,4194304,182,131072,2097152,2097152,2097152,4194304,20,65536,131072,2097152,2097152,2097152,1018,0,0,0,0,0,0,0,0,0,0,0,0,128,256,256,512,512,1242,65536,2097152,4194304,4194304,8388608,1242,0,0,0,0,0,0,128,256,512,512,1024,1242,433020,0,30194,15290,36454,0,40,20,0
3.68519E+13,1416,2048,8192,16384,10193,512,4096,8192,1416,4096,8192,16384,1147,4096,16384,16384,285,8192,8192,8192,10,2048,8192,8192,275,512,4096,8192,1143,1024,4096,8192,185,0,0,0,0,1024,65536,262144,14779,524288,1048576,1048576,41,262144,262144,524288,41,262144,524288,524288,41,512,512,1024,41,64,16384,65536,41,64,512,4096,1674,64,512,1024,1674,64,512,4096,91737,64,512,4096,10323,64,256,512,1365,64,512,1024,2592,256,1024,4096,1127,128,512,512,1154,64,256,4096,14364,64,256,512,1404,64,256,512,288,64,256,512,90,128,512,1024,90,0,0,0,0,0,0,0,0,0,0,0,0,0,0,0,0,64,128,128,21,128,128,256,21,12.57,6.99,5.59,0,10,28,275,41,1432,0,0,0,0,0,0,0,2097152,2097152,2097152,2097152,2097152,7,2097152,2097152,2097152,2097152,4194304,7,2097152,4194304,4194304,4194304,8388608,197,131072,2097152,2097152,2097152,4194304,15,65536,131072,2097152,2097152,4194304,1050,0,0,0,0,0,0,0,0,0,0,0,0,128,256,512,512,512,1276,65536,2097152,4194304,4194304,8388608,1276,0,0,0,0,0,0,128,256,512,512,1024,1276,433530,0,28755,14670,35884,0,41,21,0
3.6853E+13,1416,2048,8192,16384,9930,512,4096,8192,1416,4096,8192,16384,1151,4096,16384,16384,279,8192,16384,16384,10,2048,8192,8192,299,512,4096,8192,1129,1024,4096,4096,202,0,0,0,0,1024,65536,131072,14531,524288,1048576,1048576,40,262144,524288,524288,40,262144,524288,524288,40,256,1024,1024,40,64,128,128,40,64,512,4096,1735,64,512,4096,1735,64,512,4096,89370,64,512,4096,10359,64,256,512,1480,64,512,4096,2430,256,1024,4096,1083,128,512,512,1038,64,512,4096,13518,64,256,512,1431,0,256,512,426,64,256,512,135,128,512,4096,90,0,0,0,0,1024,2048,2048,4,0,0,0,0,64,64,64,4,64,128,128,20,128,128,128,20,11.21,6.32,4.9,0,10,17,299,38,1430,0,0,0,0,0,0,0,2097152,4194304,4194304,4194304,8388608,12,2097152,2097152,2097152,2097152,2097152,6,2097152,4194304,4194304,4194304,4194304,196,131072,2097152,2097152,2097152,4194304,21,65536,131072,2097152,4194304,4194304,921,0,0,0,0,0,0,0,0,0,0,0,0,128,256,256,512,1024,1156,65536,2097152,4194304,4194304,8388608,1156,0,0,0,0,0,0,128,256,512,512,1024,1156,434168,0,29044,14431,35628,0,40,20,0
3.6854E+13,1416,2048,8192,16384,9998,512,4096,8192,1415,4096,8192,16384,1108,4096,16384,16384,291,8192,8192,8192,14,2048,8192,8192,275,512,4096,8192,1134,1024,8192,8192,183,0,0,0,0,1024,65536,262144,14555,524288,1048576,1048576,41,262144,524288,524288,41,262144,524288,524288,41,256,1024,1024,41,64,256,32768,41,64,512,4096,1946,64,512,4096,1946,64,512,4096,89982,64,512,4096,9972,64,256,512,1447,64,512,4096,2511,256,1024,4096,1149,128,512,1024,1149,64,256,4096,13878,64,256,1024,1287,0,256,1024,357,64,256,256,90,128,512,4096,126,0,0,0,0,1024,2048,2048,39,1024,1024,2048,43,64,64,128,82,64,128,128,20,64,256,256,20,10.98,5.62,5.36,43,14,22,275,27,1399,0,0,0,0,0,0,0,2097152,2097152,2097152,2097152,2097152,4,2097152,2097152,2097152,2097152,4194304,6,2097152,4194304,4194304,4194304,8388608,199,2097152,2097152,2097152,2097152,4194304,20,65536,131072,2097152,2097152,4194304,942,0,0,0,0,0,0,0,0,0,0,0,0,128,256,256,512,512,1171,65536,2097152,4194304,4194304,8388608,1171,0,0,0,0,0,0,256,256,512,512,1024,1171,434777,0,29257,14528,35805,0,41,20,0
3.6855E+13,1416,2048,8192,16384,10148,512,4096,8192,1415,4096,8192,16384,1122,4096,16384,16384,278,8192,16384,16384,15,2048,8192,8192,296,512,4096,8192,1140,1024,4096,8192,178,0,0,0,0,256,65536,131072,14719,524288,1048576,1048576,41,262144,524288,524288,41,262144,524288,524288,41,512,1024,1024,41,64,128,8192,41,64,512,4096,1803,64,512,1024,1803,64,512,4096,91332,64,512,2048,10098,64,256,512,1443,64,512,4096,2349,256,1024,2048,1172,128,512,512,1109,64,512,4096,13140,64,256,2048,1206,64,256,512,405,64,256,512,153,128,512,4096,135,0,0,0,0,0,0,0,0,0,0,0,0,0,0,0,0,64,128,128,21,128,128,128,21,11.42,6.29,5.13,0,15,27,296,33,1400,0,0,0,0,0,0,0,2097152,2097152,2097152,2097152,4194304,10,2097152,2097152,2097152,2097152,2097152,8,2097152,4194304,4194304,8388608,8388608,191,2097152,2097152,2097152,2097152,2097152,20,65536,131072,131072,2097152,4194304,789,0,0,0,0,0,0,0,0,0,0,0,0,128,256,256,512,512,1018,65536,2097152,4194304,4194304,8388608,1018,0,0,0,0,0,0,256,256,512,512,512,1018,435530,0,28658,14611,35319,0,41,21,0
3.6856E+13,1416,2048,8192,16384,10283,256,4096,8192,1414,4096,8192,16384,1169,4096,8192,16384,283,8192,8192,8192,11,2048,8192,8192,285,512,4096,8192,1130,1024,4096,8192,216,0,0,0,1,512,65536,131072,14910,524288,1048576,1048576,41,262144,262144,524288,41,262144,524288,524288,41,1024,1024,1024,41,64,32768,32768,41,64,512,4096,1863,64,512,1024,1863,64,512,4096,92547,64,512,1024,10521,64,256,512,1203,64,512,1024,2682,256,1024,4096,1170,128,512,512,1062,64,256,4096,14400,64,256,4096,1377,0,256,512,393,64,256,2048,72,64,256,512,99,0,256,256,9,0,0,0,0,0,0,0,0,0,0,0,0,64,128,128,20,128,128,128,20,11.24,6,5.24,0,11,20,285,30,1452,0,0,0,0,0,0,0,2097152,2097152,2097152,2097152,2097152,5,2097152,2097152,2097152,2097152,2097152,5,2097152,4194304,4194304,8388608,8388608,206,131072,2097152,2097152,2097152,4194304,15,65536,131072,262144,4194304,4194304,997,0,0,0,0,0,0,0,0,0,0,0,0,128,256,512,512,512,1228,65536,2097152,4194304,4194304,8388608,1228,0,0,0,0,0,0,256,256,512,512,1024,1228,436100,0,28640,14781,36096,0,41,20,0
3.6857E+13,1416,2048,8192,16384,10255,512,4096,8192,1416,4096,8192,16384,1130,4096,16384,16384,290,8192,8192,8192,8,2048,8192,8192,294,512,4096,8192,1163,1024,4096,8192,199,2048,2048,2048,2,512,65536,131072,14869,524288,1048576,1048576,40,262144,524288,524288,40,262144,524288,524288,40,512,1024,1024,40,128,1024,32768,40,64,512,4096,1734,128,512,2048,1734,64,512,4096,92295,64,512,4096,10170,64,256,512,1642,64,512,512,2340,256,512,4096,1137,128,512,512,1056,64,256,4096,14472,64,256,4096,1350,0,256,512,375,64,256,1024,90,128,512,4096,72,128,512,512,18,0,0,0,0,0,0,0,0,0,0,0,0,64,128,128,20,64,128,128,20,11.16,6.8,4.36,0,8,23,294,33,1420,0,0,0,0,0,0,0,0,0,0,0,0,0,2097152,2097152,2097152,2097152,2097152,2,2097152,4194304,4194304,4194304,8388608,158,131072,2097152,2097152,2097152,2097152,19,65536,131072,2097152,4194304,4194304,782,2097152,2097152,4194304,4194304,4194304,56,0,0,0,0,0,0,128,256,256,512,1024,1017,65536,2097152,4194304,4194304,8388608,1017,0,0,0,0,0,0,256,256,512,1024,2048,1017,436861,0,29089,14756,36255,0,40,20,0
3.6858E+13,1416,2048,8192,16384,10160,512,4096,4096,1416,4096,8192,16384,1134,4096,16384,16384,294,8192,8192,8192,12,2048,8192,8192,272,512,4096,8192,1136,1024,4096,8192,172,0,0,0,0,128,65536,131072,14724,524288,1048576,1048576,41,262144,262144,524288,41,262144,524288,524288,41,512,1024,1024,41,128,256,16384,41,64,512,4096,1678,128,512,4096,1678,64,512,4096,91440,64,512,1024,10206,64,256,512,1404,64,512,4096,2691,256,1024,4096,1065,128,512,512,1011,64,256,4096,13770,64,256,4096,1323,64,256,4096,369,64,256,512,108,128,512,4096,108,0,0,0,0,0,0,0,0,0,0,0,0,0,0,0,0,64,128,128,21,64,128,128,21,11.13,6.52,4.6,0,12,24,272,35,1428,0,0,0,0,0,0,0,2097152,4194304,4194304,4194304,4194304,13,2097152,4194304,4194304,4194304,8388608,5,2097152,4194304,4194304,8388608,8388608,176,131072,4194304,4194304,4194304,4194304,19,65536,131072,2097152,4194304,4194304,878,0,0,0,0,0,0,0,0,0,0,0,0,128,256,256,512,512,1091,65536,2097152,4194304,8388608,8388608,1091,0,0,0,0,0,0,128,256,512,512,1024,1091,437541,0,28606,14613,35943,0,41,21,0
3.68591E+13,1416,2048,8192,16384,10347,512,4096,8192,1578,4096,8192,16384,1139,4096,16384,16384,291,8192,8192,8192,11,2048,8192,8192,318,512,4096,8192,1141,1024,4096,8192,206,0,0,0,0,128,65536,262144,15140,524288,1048576,1048576,40,262144,524288,524288,40,262144,524288,524288,40,512,1024,1024,40,128,1024,8192,40,64,512,2048,1940,64,512,4096,1940,64,512,4096,93123,64,512,4096,10251,64,256,512,1250,64,512,4096,2583,256,512,1024,1029,128,512,512,1011,64,256,4096,14301,64,256,2048,1269,64,256,1024,312,64,256,256,99,128,512,2048,99,0,0,0,0,0,0,0,0,0,0,0,0,0,0,0,0,64,128,128,20,128,128,128,20,11.66,6.79,4.87,0,11,19,318,39,1430,0,0,0,0,0,0,0,2097152,2097152,2097152,2097152,2097152,10,2097152,2097152,2097152,2097152,2097152,4,2097152,4194304,4194304,4194304,4194304,190,131072,2097152,2097152,2097152,4194304,21,65536,131072,2097152,2097152,2097152,1017,0,0,0,0,0,0,0,0,0,0,0,0,128,256,256,512,512,1242,65536,2097152,4194304,4194304,4194304,1242,0,0,0,0,0,0,128,256,512,512,1024,1242,438116,0,29051,15028,36256,0,40,20,0
3.68601E+13,1416,2048,8192,16384,9981,512,4096,8192,1425,4096,8192,16384,1144,8192,16384,16384,291,8192,16384,16384,19,2048,8192,8192,286,512,4096,8192,1122,1024,4096,8192,181,0,0,0,0,512,65536,131072,14558,524288,1048576,1048576,41,262144,524288,524288,41,262144,524288,524288,41,1024,1024,1024,41,64,128,128,42,64,512,4096,1827,64,512,4096,1827,64,512,4096,89829,64,512,4096,10296,64,256,512,1613,64,512,4096,2457,256,1024,4096,1208,128,512,1024,1181,64,512,4096,13680,64,512,4096,1485,64,256,512,372,128,256,512,162,128,512,4096,171,0,0,0,0,0,0,0,0,0,0,0,0,0,0,0,0,64,128,128,21,128,128,128,21,10.81,6.1,4.7,0,19,24,286,39,1435,0,0,0,0,0,0,0,2097152,2097152,2097152,2097152,4194304,8,2097152,2097152,2097152,2097152,2097152,4,2097152,4194304,4194304,4194304,8388608,204,131072,2097152,2097152,2097152,2097152,19,65536,131072,2097152,2097152,4194304,925,0,0,0,0,0,0,0,0,0,0,0,0,128,256,512,512,512,1160,65536,2097152,4194304,4194304,8388608,1160,0,0,0,0,0,0,128,256,512,512,512,1160,438759,0,28943,14449,35810,0,41,21,0
3.68611E+13,1394,2048,8192,16384,10418,512,4096,8192,1417,4096,8192,16384,1164,4096,16384,16384,291,8192,16384,16384,14,2048,8192,8192,272,512,4096,8192,1161,1024,4096,8192,218,0,0,0,1,1024,65536,262144,15079,524288,1048576,1048576,41,262144,262144,524288,41,262144,524288,524288,41,512,1024,1024,41,128,32768,65536,40,64,256,4096,1949,64,512,4096,2147,64,512,4096,93762,64,512,4096,10476,64,256,512,1454,64,512,4096,2529,256,1024,1024,1149,128,512,1024,1149,64,256,4096,14202,64,256,1024,1467,64,512,4096,270,64,256,4096,180,128,512,4096,126,64,256,256,9,0,0,0,0,0,0,0,0,0,0,0,0,64,128,128,20,128,32768,32768,20,13.68,7.03,6.65,0,14,20,272,35,1455,42,262144,262144,262144,262144,524288,20,2097152,2097152,2097152,2097152,2097152,15,2097152,2097152,2097152,2097152,2097152,4,2097152,2097152,4194304,4194304,4194304,187,2097152,2097152,2097152,2097152,4194304,22,65536,131072,2097152,4194304,4194304,1006,0,0,0,0,0,0,0,0,0,0,0,0,128,256,256,512,512,1254,65536,2097152,4194304,4194304,4194304,1254,128,256,256,256,256,20,256,256,512,512,512,1234,439343,0,29112,15013,36176,0,41,20,0
3.68621E+13,1421,2048,8192,16384,9943,512,4096,8192,1403,4096,8192,16384,1102,4096,16384,16384,279,8192,8192,8192,16,2048,8192,8192,286,512,4096,8192,1140,1024,8192,8192,178,0,0,0,0,1024,65536,131072,14473,524288,1048576,1048576,40,262144,262144,524288,40,262144,524288,524288,40,512,1024,1024,40,128,32768,65536,40,64,512,4096,2193,64,512,1024,1950,64,512,4096,89487,64,512,2048,9918,64,256,512,1357,64,512,1024,2763,256,1024,4096,1161,128,512,512,1161,64,256,4096,14256,64,256,1024,1296,64,256,512,330,64,256,512,126,64,512,1024,144,0,0,0,0,0,0,0,0,0,0,0,0,0,0,0,0,64,128,128,20,128,131072,131072,20,11.39,6.99,4.4,0,16,23,286,26,1381,0,262144,262144,524288,524288,524288,30,2097152,2097152,2097152,2097152,2097152,7,2097152,2097152,2097152,2097152,2097152,5,2097152,4194304,4194304,4194304,4194304,191,2097152,2097152,2097152,2097152,4194304,25,65536,131072,2097152,2097152,4194304,1072,0,0,0,0,0,0,0,0,0,0,0,0,128,256,512,512,2048,1330,65536,2097152,4194304,4194304,4194304,1330,128,256,256,256,256,30,128,256,512,512,1024,1300,439745,0,28572,14354,36476,0,40,20,0
3.68631E+13,1430,2048,8192,16384,10468,512,4096,8192,1426,4096,8192,16384,1156,4096,16384,16384,302,8192,16384,16384,27,2048,8192,8192,293,512,4096,8192,1153,1024,8192,16384,193,2048,2048,2048,2,2048,65536,262144,15157,524288,1048576,1048576,42,262144,524288,524288,42,524288,524288,524288,42,512,1024,1024,42,64,256,32768,42,64,512,4096,1863,128,512,1024,1782,64,512,4096,94215,64,512,2048,10404,64,256,512,1558,64,512,4096,2583,256,1024,4096,1143,128,512,4096,1170,64,512,4096,14337,64,512,4096,1593,64,256,512,378,64,512,4096,198,128,1024,4096,243,64,256,256,18,1024,2048,2048,11,1024,1024,1024,11,64,64,64,22,64,128,128,21,128,32768,65536,21,13.14,6.32,6.82,11,27,18,293,35,1458,0,262144,524288,524288,524288,524288,6,2097152,2097152,2097152,2097152,2097152,5,2097152,2097152,2097152,2097152,2097152,5,2097152,4194304,4194304,4194304,4194304,201,131072,2097152,2097152,2097152,4194304,24,65536,131072,262144,2097152,2097152,839,0,0,0,0,0,0,0,0,0,0,0,0,128,256,512,512,512,1080,65536,2097152,4194304,4194304,4194304,1080,128,256,256,256,512,6,256,256,512,512,1024,1074,440507,0,29327,15060,35633,0,42,21,0
3.68642E+13,1430,2048,8192,16384,10268,512,4096,8192,1434,4096,16384,16384,1154,8192,16384,16384,285,8192,8192,8192,10,2048,8192,16384,302,512,4096,8192,1159,2048,8192,8192,182,0,0,0,1,4096,131072,262144,14895,1048576,1048576,1048576,40,262144,524288,524288,40,524288,524288,524288,40,512,1024,1024,40,64,128,16384,40,64,512,4096,1899,128,512,4096,1899,128,512,4096,92409,64,512,4096,10386,64,256,512,1440,128,512,4096,2403,256,1024,4096,1100,128,512,4096,1073,64,512,4096,14832,128,512,4096,1413,64,512,4096,381,64,512,512,108,128,512,4096,90,128,256,256,9,1024,2048,2048,31,1024,1024,2048,31,64,64,128,62,64,128,128,20,64,128,128,20,13.17,6.97,6.2,31,10,16,302,30,1439,0,0,0,0,0,0,0,2097152,2097152,2097152,2097152,2097152,5,2097152,2097152,2097152,2097152,2097152,4,2097152,4194304,4194304,4194304,4194304,195,2097152,2097152,2097152,2097152,2097152,24,65536,131072,2097152,2097152,2097152,958,0,0,0,0,0,0,0,0,0,0,0,0,128,256,512,512,2048,1186,65536,2097152,4194304,4194304,4194304,1186,0,0,0,0,0,0,256,256,512,1024,1024,1186,441149,0,29020,14839,36161,0,40,20,0
3.68652E+13,1430,2048,8192,16384,10264,512,4096,8192,1429,4096,16384,16384,1138,4096,16384,16384,303,8192,16384,16384,12,2048,8192,8192,292,512,4096,8192,1134,1024,8192,8192,205,0,0,0,1,1024,65536,262144,14901,524288,1048576,1048576,41,262144,524288,524288,41,524288,524288,524288,41,512,1024,1024,41,64,4096,131072,41,128,512,4096,1823,128,512,4096,1823,64,512,4096,92376,64,512,4096,10242,64,256,512,1608,64,512,4096,2628,256,1024,4096,1086,128,512,1024,1014,64,512,4096,14733,64,512,4096,1566,64,256,8192,291,64,256,512,108,128,1024,4096,108,128,256,256,9,0,0,0,0,0,0,0,0,0,0,0,0,64,128,128,20,128,128,128,20,13.58,7.1,6.47,0,12,19,292,29,1441,0,0,0,0,0,0,0,2097152,2097152,2097152,2097152,2097152,9,0,0,0,0,2097152,1,2097152,4194304,4194304,4194304,16777216,203,131072,2097152,2097152,2097152,2097152,24,65536,131072,2097152,2097152,2097152,899,0,0,0,0,0,0,0,0,0,0,0,0,128,256,512,512,1024,1136,65536,2097152,4194304,4194304,16777216,1136,0,0,0,0,0,0,256,256,512,512,1024,1136,441806,0,29337,14818,36530,0,41,20,0
3.68662E+13,1430,2048,8192,16384,10123,512,4096,8192,1430,4096,8192,16384,1147,4096,16384,16384,281,8192,8192,8192,16,2048,8192,16384,280,512,4096,8192,1151,1024,8192,8192,198,0,0,0,1,1024,65536,131072,14740,524288,1048576,1048576,40,262144,262144,524288,40,262144,524288,524288,40,512,512,1024,40,128,2048,32768,40,64,512,4096,1644,64,512,4096,1644,64,512,4096,91107,64,512,1024,10323,64,256,512,1528,64,512,1024,2268,256,1024,4096,900,128,512,1024,1026,64,512,4096,14616,64,256,1024,1458,64,256,4096,375,64,256,1024,126,64,512,512,144,64,256,256,9,0,0,0,0,0,0,0,0,0,0,0,0,64,128,128,20,64,128,128,20,11.88,6.33,5.55,0,16,19,280,41,1428,0,0,0,0,0,0,0,2097152,2097152,2097152,2097152,2097152,8,2097152,2097152,2097152,2097152,2097152,3,2097152,4194304,8388608,8388608,8388608,188,131072,2097152,2097152,2097152,2097152,21,65536,131072,2097152,2097152,2097152,912,0,0,0,0,0,0,0,0,0,0,0,0,128,256,256,512,1024,1132,65536,2097152,4194304,8388608,8388608,1132,0,0,0,0,0,0,256,256,512,512,1024,1132,442458,0,28660,14620,35687,0,40,20,0
3.68672E+13,1430,2048,8192,16384,10389,512,4096,8192,1430,4096,8192,16384,1163,4096,16384,16384,300,8192,8192,8192,14,2048,8192,8192,295,512,4096,8192,1133,1024,4096,8192,199,0,0,0,1,256,65536,524288,15061,524288,1048576,1048576,41,262144,262144,524288,41,262144,524288,524288,41,512,1024,1024,41,64,4096,16384,41,64,512,4096,1697,64,512,4096,1697,64,512,4096,93501,64,512,4096,10467,64,256,512,1517,64,512,1024,2700,256,1024,1024,1146,128,512,1024,1128,64,256,4096,14832,64,256,4096,1458,64,256,4096,384,64,256,512,144,64,256,512,126,0,256,256,9,0,0,0,0,0,0,0,0,0,0,0,0,64,64,128,21,128,128,128,21,12.43,7.11,5.33,0,14,13,295,23,1463,0,0,0,0,0,0,0,2097152,4194304,4194304,4194304,4194304,14,0,0,0,0,2097152,1,2097152,4194304,4194304,4194304,8388608,181,131072,2097152,2097152,2097152,2097152,24,65536,131072,2097152,4194304,4194304,899,0,0,0,0,0,0,0,0,0,0,0,0,128,256,256,512,512,1119,65536,2097152,4194304,4194304,8388608,1119,0,0,0,0,0,0,256,256,512,512,1024,1119,443147,0,28997,14911,36031,0,41,21,0
3.68682E+13,1430,2048,8192,16384,10211,512,4096,8192,1428,4096,8192,16384,1153,8192,16384,16384,289,8192,16384,16384,19,2048,8192,8192,282,512,4096,8192,1172,1024,4096,8192,205,0,0,0,0,256,65536,262144,14888,524288,1048576,1048576,41,262144,524288,524288,41,262144,524288,524288,41,512,1024,1024,41,64,128,256,41,64,512,4096,1999,64,512,4096,1999,64,512,4096,91907,64,512,4096,10377,64,256,512,1377,64,512,1024,2448,256,1024,4096,1053,128,512,4096,1089,64,512,4096,14922,64,256,4096,1692,64,256,512,243,64,256,512,144,128,1024,4096,171,0,0,0,0,0,0,0,0,0,0,0,0,0,0,0,0,64,128,128,20,128,128,128,20,12.65,6.71,5.94,0,19,9,282,30,1442,0,0,0,0,0,0,0,2097152,2097152,2097152,2097152,2097152,6,0,0,0,0,2097152,1,2097152,4194304,4194304,4194304,4194304,210,131072,2097152,2097152,2097152,2097152,17,65536,131072,2097152,4194304,4194304,1035,0,0,0,0,0,0,0,0,0,0,0,0,128,256,512,512,512,1269,65536,2097152,4194304,4194304,4194304,1269,0,0,0,0,0,0,128,256,512,1024,1024,1269,443660,0,29141,14799,36349,0,41,20,0
3.68692E+13,1430,2048,8192,16384,10286,512,4096,8192,1431,4096,8192,16384,1149,4096,16384,16384,300,8192,8192,8192,13,2048,8192,8192,308,512,4096,8192,1141,1024,8192,8192,192,0,0,0,1,512,65536,131072,14934,524288,1048576,1048576,41,262144,524288,524288,41,524288,524288,524288,41,512,1024,1024,41,64,8192,16384,41,64,512,4096,1622,64,512,4096,1622,64,512,4096,92566,64,512,4096,10341,64,256,512,1497,64,512,4096,2439,256,1024,4096,1107,128,512,4096,1197,64,256,4096,14850,64,256,512,1305,64,256,2048,288,64,256,512,171,128,512,2048,117,128,256,256,9,0,0,0,0,0,0,0,0,0,0,0,0,64,128,128,21,128,128,128,21,11.79,6.85,4.95,0,13,6,308,29,1449,0,0,0,0,0,0,0,2097152,4194304,4194304,4194304,4194304,11,0,0,0,0,4194304,1,2097152,4194304,4194304,4194304,8388608,195,131072,2097152,2097152,2097152,4194304,29,65536,131072,2097152,2097152,4194304,1071,0,0,0,0,0,0,0,0,0,0,0,0,128,256,256,512,1024,1307,65536,2097152,4194304,4194304,8388608,1307,0,0,0,0,0,0,128,256,512,512,1024,1307,444158,0,28964,14813,36411,0,41,21,0
3.68703E+13,1430,2048,8192,16384,10206,512,4096,8192,1430,4096,8192,16384,1149,4096,16384,16384,255,8192,16384,16384,19,2048,8192,8192,277,512,4096,8192,1149,1024,4096,16384,183,0,0,0,0,512,65536,262144,14808,524288,1048576,1048576,40,262144,262144,524288,40,262144,524288,524288,40,256,1024,1024,40,64,32768,32768,40,64,512,4096,1596,64,512,1024,1596,64,512,4096,91854,64,512,4096,10341,64,256,512,1295,64,512,4096,2475,256,1024,1024,1124,128,512,4096,1025,64,256,4096,14382,64,256,4096,1485,64,256,1024,401,64,256,512,108,64,512,4096,171,0,0,0,0,0,0,0,0,0,0,0,0,0,0,0,0,64,128,128,20,128,256,256,20,12.92,6.59,6.33,0,19,11,277,36,1404,0,0,0,0,0,0,0,2097152,2097152,2097152,2097152,2097152,8,0,0,0,0,0,0,2097152,4194304,4194304,4194304,4194304,192,2097152,2097152,2097152,2097152,4194304,25,65536,131072,2097152,2097152,4194304,1097,0,0,0,0,0,0,0,0,0,0,0,0,128,256,256,512,512,1322,65536,2097152,4194304,4194304,4194304,1322,0,0,0,0,0,0,128,256,512,512,512,1322,444583,0,29177,14703,37011,0,40,20,0
3.68713E+13,1388,2048,8192,16384,10379,512,4096,8192,1417,4096,8192,16384,1127,4096,16384,16384,310,8192,8192,8192,7,2048,8192,8192,305,512,4096,8192,1147,1024,4096,8192,177,0,0,0,0,2048,65536,262144,14979,524288,1048576,1048576,41,262144,262144,262144,41,262144,524288,524288,41,256,512,512,41,64,2048,16384,41,64,512,4096,1710,64,512,1024,2088,64,512,4096,93411,64,512,4096,10143,64,256,512,1427,64,512,1024,2574,256,1024,1024,1176,128,512,512,1167,64,256,4096,14454,64,256,512,1395,64,256,4096,240,64,256,256,135,64,512,4096,63,0,0,0,0,0,0,0,0,0,0,0,0,0,0,0,0,64,128,128,20,64,256,256,20,12.83,7.75,5.08,0,7,6,305,33,1437,42,0,0,0,0,0,0,2097152,2097152,2097152,2097152,4194304,10,0,0,0,0,0,0,2097152,4194304,4194304,4194304,8388608,190,131072,2097152,2097152,2097152,4194304,23,65536,131072,2097152,2097152,4194304,1003,0,0,0,0,0,0,0,0,0,0,0,0,128,256,256,512,1024,1226,65536,2097152,4194304,4194304,8388608,1226,0,0,0,0,0,0,128,256,512,512,512,1226,445187,0,29567,14923,36184,0,41,20,0
3.68723E+13,1388,2048,8192,16384,9938,512,4096,8192,1386,4096,8192,16384,1104,4096,16384,16384,288,8192,8192,8192,19,2048,8192,8192,282,512,4096,8192,1109,1024,4096,8192,202,2048,2048,2048,2,64,65536,131072,14458,524288,1048576,1048576,41,262144,262144,524288,41,262144,524288,524288,41,512,1024,1024,41,64,8192,32768,41,64,256,4096,1788,128,512,1024,1788,64,512,4096,89448,64,512,2048,9936,64,256,512,1503,64,512,4096,2322,256,1024,1024,1136,128,512,1024,1118,64,256,4096,15129,64,256,4096,1620,64,256,512,357,64,256,512,144,64,256,4096,171,128,512,512,18,0,0,0,0,0,0,0,0,0,0,0,0,64,128,128,21,128,128,128,21,13.17,8.13,5.03,0,19,5,282,37,1392,0,0,0,0,0,0,0,2097152,2097152,2097152,2097152,4194304,7,0,0,0,0,2097152,1,2097152,2097152,4194304,4194304,8388608,198,2097152,2097152,2097152,2097152,4194304,20,65536,131072,2097152,2097152,2097152,868,0,0,0,0,0,0,0,0,0,0,0,0,128,256,256,512,512,1094,65536,2097152,2097152,4194304,8388608,1094,0,0,0,0,0,0,256,256,512,512,1024,1094,445828,0,28360,14308,34881,0,41,21,0
3.68733E+13,1388,2048,8192,16384,9851,512,4096,8192,1388,4096,8192,16384,1114,4096,16384,16384,259,8192,8192,8192,14,2048,8192,8192,272,512,4096,8192,1108,1024,4096,8192,185,2048,2048,2048,2,1024,65536,131072,14325,524288,1048576,1048576,41,262144,262144,524288,41,262144,524288,524288,41,256,1024,1024,41,64,128,256,41,64,512,4096,1916,64,512,4096,1916,64,512,4096,88653,64,512,1024,10026,64,256,512,1256,64,512,4096,2295,256,512,1024,1178,128,512,512,1106,64,256,4096,14364,64,256,512,1422,64,256,2048,348,64,256,512,90,128,512,512,126,128,512,512,18,1024,2048,2048,22,1024,2048,2048,18,64,64,64,40,64,128,128,20,64,256,256,20,11.15,6.84,4.31,18,14,6,272,38,1373,0,0,0,0,0,0,0,2097152,4194304,4194304,4194304,4194304,11,0,0,0,0,0,0,2097152,2097152,4194304,4194304,8388608,202,131072,2097152,2097152,2097152,2097152,14,65536,131072,2097152,2097152,2097152,977,0,0,0,0,0,0,0,0,0,0,0,0,128,256,256,512,512,1204,65536,2097152,2097152,4194304,8388608,1204,0,0,0,0,0,0,256,256,256,512,512,1204,446345,0,28427,14256,35283,0,41,20,0
3.68743E+13,1388,2048,8192,16384,10003,512,4096,8192,1389,4096,8192,16384,1095,4096,16384,16384,301,8192,16384,16384,9,2048,8192,8192,287,512,4096,8192,1105,1024,4096,8192,189,0,0,0,0,512,65536,131072,14484,524288,1048576,1048576,40,262144,524288,524288,40,262144,524288,524288,40,256,512,1024,40,128,8192,32768,40,64,512,4096,1840,128,512,4096,1840,64,512,4096,90027,64,512,2048,9855,64,256,512,1627,64,512,1024,2493,256,1024,4096,1128,128,512,4096,1128,64,256,2048,14760,64,256,1024,1359,0,256,512,327,64,256,512,117,128,512,8192,81,0,0,0,0,1024,2048,2048,20,1024,2048,2048,24,64,128,128,44,64,128,128,20,64,256,256,20,11.81,6.93,4.88,24,9,3,287,33,1396,0,0,0,0,0,0,0,2097152,4194304,4194304,4194304,4194304,12,0,0,0,0,0,0,2097152,4194304,4194304,4194304,4194304,196,2097152,4194304,4194304,4194304,4194304,18,65536,131072,2097152,2097152,4194304,1010,0,0,0,0,0,0,0,0,0,0,0,0,128,256,256,512,512,1236,65536,2097152,4194304,4194304,4194304,1236,0,0,0,0,0,0,128,256,512,512,1024,1236,446861,0,28242,14432,35852,0,40,20,0
3.68753E+13,1388,2048,8192,16384,10152,512,4096,8192,1388,4096,8192,16384,1123,4096,16384,16384,291,8192,16384,16384,13,2048,8192,8192,289,512,4096,8192,1119,1024,4096,8192,212,0,0,0,0,128,65536,131072,14695,524288,1048576,1048576,41,262144,262144,262144,41,262144,524288,524288,41,512,1024,1024,41,64,128,128,41,64,512,4096,1853,64,512,1024,1853,64,512,4096,91368,64,256,2048,10107,64,256,512,1587,64,512,4096,2259,256,1024,4096,1101,128,512,512,1083,64,256,4096,15507,64,256,2048,1368,64,256,512,363,64,256,512,108,128,1024,4096,117,0,0,0,0,0,0,0,0,0,0,0,0,0,0,0,0,64,128,128,21,128,128,128,21,11.06,5.53,5.53,0,13,0,289,33,1414,0,0,0,0,0,0,0,2097152,4194304,4194304,4194304,4194304,11,0,0,0,0,2097152,1,2097152,4194304,4194304,4194304,4194304,183,131072,2097152,2097152,2097152,4194304,18,65536,131072,2097152,4194304,8388608,895,0,0,0,0,0,0,0,0,0,0,0,0,128,256,256,512,512,1108,65536,2097152,4194304,4194304,8388608,1108,0,0,0,0,0,0,256,256,512,512,512,1108,447502,0,28757,14589,35067,0,41,21,0
3.68764E+13,1388,2048,8192,16384,9781,512,4096,8192,1386,4096,8192,16384,1109,4096,16384,16384,271,8192,16384,16384,13,2048,8192,8192,263,512,4096,8192,1097,1024,4096,8192,161,2048,2048,2048,3,64,65536,262144,14201,524288,1048576,1048576,41,262144,262144,524288,41,262144,524288,524288,41,512,1024,1024,41,64,128,32768,41,64,512,4096,1719,64,512,4096,1719,64,512,4096,88029,64,256,1024,9981,64,256,512,1274,64,256,512,2295,256,1024,4096,1146,128,512,1024,1200,64,256,2048,14535,64,256,4096,1557,64,256,4096,342,64,256,512,126,64,4096,4096,117,128,256,256,27,0,0,0,0,0,0,0,0,0,0,0,0,64,128,128,20,64,128,128,20,11.09,6.5,4.59,0,13,1,263,45,1380,0,0,0,0,0,0,0,2097152,2097152,2097152,2097152,2097152,2,0,0,0,0,2097152,1,2097152,4194304,4194304,4194304,8388608,192,2097152,2097152,2097152,2097152,2097152,13,65536,131072,2097152,2097152,2097152,751,2097152,4194304,4194304,4194304,4194304,25,0,0,0,0,0,0,128,256,256,512,512,984,65536,2097152,4194304,4194304,8388608,984,0,0,0,0,0,0,128,256,512,512,1024,984,448220,0,28073,14073,35262,0,41,20,0
3.68774E+13,1388,2048,8192,16384,9926,512,4096,8192,1388,4096,8192,16384,1155,4096,8192,16384,261,8192,16384,16384,14,2048,8192,16384,295,512,4096,8192,1128,1024,8192,8192,215,2048,2048,2048,2,128,65536,131072,14504,524288,1048576,1048576,40,262144,262144,524288,40,262144,524288,524288,40,512,1024,1024,40,64,2048,16384,40,64,512,4096,1758,128,512,4096,1758,64,512,4096,89334,64,256,2048,10395,64,256,512,1329,64,512,1024,2178,256,1024,2048,1199,128,512,512,1127,64,256,4096,13887,64,256,2048,1485,64,256,512,375,64,512,512,99,128,1024,4096,126,64,512,512,18,0,0,0,0,0,0,0,0,0,0,0,0,64,128,128,20,128,128,128,20,11.55,6.93,4.62,0,14,1,295,26,1416,0,0,0,0,0,0,0,2097152,2097152,2097152,2097152,2097152,11,0,0,0,0,0,0,2097152,4194304,4194304,4194304,4194304,178,131072,2097152,2097152,2097152,2097152,20,65536,131072,2097152,2097152,4194304,880,2097152,2097152,2097152,2097152,2097152,31,0,0,0,0,0,0,128,256,256,512,512,1120,65536,2097152,4194304,4194304,4194304,1120,0,0,0,0,0,0,128,256,512,1024,32768,1120,448852,0,28424,14392,35719,0,40,20,0
3.68784E+13,1388,2048,8192,16384,9982,512,4096,8192,1389,4096,8192,16384,1091,4096,16384,16384,312,8192,8192,8192,12,2048,8192,8192,283,512,4096,8192,1133,1024,4096,8192,176,0,0,0,0,64,65536,262144,14495,524288,1048576,1048576,41,262144,262144,524288,41,262144,524288,524288,41,512,1024,1024,41,64,256,32768,41,64,512,1024,1812,64,512,4096,1812,64,512,4096,89838,64,256,4096,9819,64,256,512,1680,64,512,512,2430,256,1024,4096,1104,128,512,4096,1158,64,256,4096,14400,64,256,512,1359,64,256,512,336,64,512,4096,144,128,512,4096,108,0,0,0,0,0,0,0,0,0,0,0,0,0,0,0,0,64,128,128,21,128,128,256,21,11.05,6.35,4.7,0,12,0,283,31,1403,0,0,0,0,0,0,0,2097152,2097152,2097152,2097152,4194304,7,0,0,0,0,2097152,1,2097152,4194304,4194304,4194304,4194304,194,2097152,4194304,4194304,4194304,4194304,25,65536,131072,2097152,2097152,4194304,1047,0,0,0,0,0,0,0,0,0,0,0,0,128,256,256,512,2048,1274,65536,2097152,4194304,4194304,4194304,1274,0,0,0,0,0,0,128,256,512,512,1024,1274,449307,0,28783,14401,35856,0,41,21,0
3.68794E+13,1388,2048,8192,16384,10164,512,4096,8192,1389,4096,8192,16384,1118,4096,16384,16384,280,8192,8192,8192,20,2048,8192,8192,277,512,4096,8192,1128,1024,4096,8192,187,0,0,0,1,256,65536,262144,14713,524288,1048576,1048576,41,262144,262144,262144,41,262144,524288,524288,41,512,1024,1024,41,64,128,128,41,64,512,4096,1619,64,512,4096,1619,128,512,4096,91476,64,512,2048,10062,64,256,512,1310,64,512,2048,2475,256,1024,4096,1194,128,512,1024,1176,64,256,4096,13977,64,256,512,1476,64,256,512,312,128,256,4096,162,128,512,512,180,64,128,128,9,0,0,0,0,0,0,0,0,0,0,0,0,64,128,128,20,128,128,128,20,10.71,6.32,4.39,0,20,0,277,27,1398,0,0,0,0,0,0,0,2097152,2097152,2097152,2097152,2097152,13,0,0,0,0,2097152,1,2097152,4194304,4194304,4194304,4194304,198,2097152,2097152,2097152,2097152,2097152,20,65536,131072,2097152,2097152,2097152,948,0,0,0,0,0,0,0,0,0,0,0,0,128,256,512,512,512,1180,65536,2097152,4194304,4194304,4194304,1180,0,0,0,0,0,0,256,256,512,512,4096,1180,449849,0,28706,14593,35565,0,41,20,0
3.68804E+13,1388,2048,8192,16384,9823,512,4096,8192,1390,4096,8192,16384,1116,4096,16384,16384,270,8192,8192,8192,13,2048,8192,8192,305,512,4096,8192,1079,1024,8192,8192,182,0,0,0,0,64,65536,262144,14288,524288,1048576,1048576,41,262144,262144,524288,41,262144,524288,524288,41,512,512,512,41,64,16384,65536,41,64,512,4096,1574,128,512,4096,1574,64,512,4096,88407,64,512,1024,10044,64,256,512,1324,64,512,4096,2124,256,1024,4096,963,128,512,1024,972,64,256,4096,14409,64,256,4096,1431,64,256,4096,360,64,256,512,126,128,512,512,117,0,0,0,0,0,0,0,0,0,0,0,0,0,0,0,0,64,128,128,21,128,128,128,21,12.72,7.76,4.96,0,13,0,305,38,1386,0,0,0,0,0,0,0,2097152,2097152,2097152,2097152,2097152,10,2097152,2097152,2097152,2097152,2097152,2,2097152,4194304,4194304,4194304,8388608,180,2097152,2097152,2097152,2097152,2097152,27,65536,131072,2097152,2097152,4194304,1012,0,0,0,0,0,0,0,0,0,0,0,0,128,256,256,512,512,1231,65536,2097152,4194304,4194304,8388608,1231,0,0,0,0,0,0,128,256,512,1024,8192,1231,450360,0,27843,14181,35538,1,41,21,0
3.68814E+13,1379,2048,8192,16384,10113,512,4096,8192,1390,4096,8192,16384,1122,4096,16384,16384,284,8192,8192,8192,26,2048,8192,8192,263,512,4096,8192,1148,1024,4096,8192,192,0,0,0,0,64,65536,131072,14655,524288,1048576,1048576,40,262144,262144,524288,40,262144,524288,524288,40,512,1024,2048,40,64,4096,32768,40,64,512,1024,2039,64,512,1024,2120,64,512,4096,91017,64,512,4096,10098,64,256,512,1457,64,512,1024,2268,256,1024,2048,1061,128,512,512,1133,64,256,4096,14283,64,256,2048,1476,64,256,512,408,64,256,512,216,64,512,4096,234,0,0,0,0,0,0,0,0,0,0,0,0,0,0,0,0,64,128,128,20,16384,65536,65536,20,11.85,7.21,4.64,0,26,0,263,37,1406,42,262144,262144,262144,262144,524288,33,2097152,2097152,2097152,2097152,2097152,12,2097152,2097152,2097152,2097152,2097152,3,2097152,4194304,4194304,4194304,8388608,182,131072,2097152,4194304,4194304,4194304,23,65536,131072,2097152,2097152,2097152,989,0,0,0,0,0,0,0,0,0,0,0,0,128,256,512,512,512,1242,65536,2097152,4194304,4194304,8388608,1242,128,256,256,256,512,33,256,256,512,512,512,1209,450892,0,28673,14597,36524,0,40,20,0
3.68825E+13,1402,2048,8192,16384,9880,512,4096,8192,1391,4096,8192,16384,1114,4096,16384,16384,295,8192,8192,8192,15,2048,8192,16384,288,512,4096,8192,1136,1024,8192,8192,187,0,0,0,1,64,65536,262144,14432,524288,1048576,1048576,41,262144,262144,262144,41,262144,524288,524288,41,512,512,1024,41,128,512,16384,41,64,512,4096,1877,128,512,1024,1670,128,512,4096,88920,64,256,4096,10026,64,256,512,1535,64,512,4096,2412,256,1024,4096,1155,128,512,1024,1119,64,256,4096,15093,64,256,512,1377,0,256,256,300,64,512,1024,135,128,512,4096,135,64,128,128,9,0,0,0,0,0,0,0,0,0,0,0,0,64,128,128,20,128,65536,65536,20,11.93,5.71,6.22,0,15,0,288,44,1409,0,262144,524288,524288,524288,524288,23,2097152,2097152,2097152,2097152,2097152,5,0,0,0,0,2097152,1,2097152,2097152,4194304,4194304,4194304,209,131072,2097152,2097152,2097152,4194304,21,65536,131072,2097152,4194304,4194304,929,0,0,0,0,0,0,0,0,0,0,0,0,128,256,512,512,512,1188,65536,2097152,4194304,4194304,4194304,1188,128,256,256,256,256,23,256,256,512,512,512,1165,451460,0,28035,14302,36157,0,41,20,0
3.68835E+13,1402,2048,8192,16384,10180,512,4096,8192,1404,4096,8192,16384,1157,4096,16384,16384,296,8192,16384,16384,15,2048,8192,8192,284,512,4096,8192,1143,1024,4096,8192,196,0,0,0,0,64,65536,262144,14780,524288,1048576,1048576,40,262144,262144,524288,40,262144,524288,524288,40,512,1024,1024,40,64,128,2048,40,64,512,4096,1719,128,512,2048,1719,64,512,4096,91620,64,512,4096,10413,64,256,512,1489,64,512,1024,2439,256,1024,4096,1011,128,512,4096,1137,64,256,4096,13752,64,256,2048,1476,64,256,512,330,64,256,512,153,128,512,4096,135,0,0,0,0,1024,2048,2048,29,1024,2048,2048,22,64,128,128,51,64,128,128,20,128,256,256,20,9.8,6.32,3.48,22,15,1,284,31,1453,0,0,0,0,0,0,0,2097152,2097152,2097152,2097152,4194304,14,2097152,2097152,2097152,2097152,8388608,9,2097152,4194304,4194304,8388608,8388608,185,131072,2097152,2097152,2097152,2097152,23,65536,131072,131072,2097152,2097152,827,0,0,0,0,0,0,0,0,0,0,0,0,128,256,512,512,512,1058,65536,2097152,4194304,8388608,8388608,1058,0,0,0,0,0,0,256,256,512,1024,1024,1058,452208,0,28664,14718,35652,0,40,20,0
3.68845E+13,1402,2048,8192,16384,9953,512,4096,8192,1402,4096,8192,16384,1120,4096,16384,16384,258,8192,8192,8192,9,2048,8192,16384,297,512,4096,8192,1096,1024,4096,8192,208,0,0,0,0,128,65536,131072,14445,524288,1048576,1048576,41,262144,262144,524288,41,262144,524288,524288,41,512,1024,1024,41,64,128,128,41,64,512,4096,1857,64,512,4096,1857,64,512,4096,89577,64,256,4096,10080,64,256,512,1245,64,512,1024,2007,256,512,2048,1055,128,512,4096,1064,64,256,4096,14679,64,256,4096,1467,64,256,4096,303,64,256,512,90,128,512,4096,81,0,0,0,0,2048,2048,2048,13,1024,2048,2048,20,64,64,64,33,64,128,128,21,128,256,256,21,9.15,5.34,3.81,20,9,2,297,49,1378,0,0,0,0,0,0,0,2097152,2097152,2097152,2097152,2097152,2,2097152,2097152,2097152,2097152,4194304,14,2097152,4194304,4194304,8388608,8388608,191,2097152,2097152,4194304,4194304,4194304,22,65536,131072,524288,2097152,4194304,943,0,0,0,0,0,0,0,0,0,0,0,0,128,256,512,512,512,1172,65536,2097152,4194304,4194304,8388608,1172,0,0,0,0,0,0,128,256,512,512,4096,1172,452791,0,28886,14376,35976,0,41,21,0
3.68855E+13,1402,2048,8192,16384,10239,512,4096,8192,1403,4096,8192,16384,1127,4096,16384,16384,292,8192,16384,16384,13,2048,8192,16384,283,512,4096,8192,1155,1024,8192,8192,195,0,0,0,0,64,65536,262144,14830,524288,1048576,1048576,41,262144,262144,262144,41,262144,524288,524288,41,512,1024,1024,41,128,4096,8192,41,64,512,4096,1821,128,512,4096,1821,64,512,4096,92151,64,512,4096,10143,64,256,512,1329,64,512,4096,2592,256,1024,4096,1193,128,512,1024,1148,64,256,2048,15390,64,256,4096,1548,64,256,1024,405,64,256,256,153,128,1024,4096,117,0,0,0,0,0,0,0,0,0,0,0,0,0,0,0,0,64,128,128,20,128,128,128,20,12.01,6.07,5.94,0,13,5,283,35,1419,0,0,0,0,0,0,0,2097152,4194304,4194304,4194304,4194304,14,2097152,2097152,2097152,2097152,4194304,11,2097152,4194304,4194304,4194304,4194304,189,131072,2097152,2097152,2097152,2097152,24,65536,131072,2097152,2097152,4194304,1024,0,0,0,0,0,0,0,0,0,0,0,0,128,256,512,512,512,1262,65536,2097152,4194304,4194304,4194304,1262,0,0,0,0,0,0,128,256,512,512,4096,1262,453284,0,28351,14729,36322,0,41,20,0
3.68865E+13,1402,2048,8192,16384,10136,512,4096,8192,1404,4096,8192,16384,1131,4096,16384,16384,296,8192,8192,8192,24,2048,8192,8192,278,512,4096,8192,1111,1024,8192,16384,175,0,0,0,1,64,65536,131072,14709,524288,1048576,1048576,40,262144,524288,524288,40,262144,524288,524288,40,512,1024,1024,40,128,16384,32768,40,64,512,4096,1803,64,512,4096,1803,64,512,4096,91224,64,512,4096,10179,64,256,512,1480,64,512,4096,2574,256,1024,4096,1133,128,512,4096,1250,64,512,4096,14103,64,512,2048,1476,64,256,512,375,64,256,512,243,128,512,512,216,64,128,128,9,0,0,0,0,0,0,0,0,0,0,0,0,64,128,128,20,128,128,128,20,12.64,6.64,6,0,24,6,278,29,1427,0,0,0,0,0,0,0,2097152,2097152,2097152,2097152,2097152,2,2097152,2097152,2097152,2097152,2097152,12,2097152,4194304,4194304,4194304,4194304,212,2097152,2097152,2097152,2097152,2097152,17,65536,131072,262144,2097152,4194304,834,0,0,0,0,0,0,0,0,0,0,0,0,128,256,256,512,1024,1077,65536,2097152,4194304,4194304,4194304,1077,0,0,0,0,0,0,256,256,512,1024,1024,1077,453971,0,28701,14605,35660,0,40,20,0
3.68876E+13,1402,2048,8192,16384,10036,512,4096,8192,1400,4096,8192,16384,1113,4096,16384,16384,279,8192,8192,16384,21,2048,8192,8192,284,512,4096,8192,1128,1024,8192,8192,195,0,0,0,0,128,65536,131072,14594,524288,1048576,1048576,41,262144,262144,262144,41,262144,524288,524288,41,512,1024,1024,41,128,2048,8192,41,64,512,4096,1707,128,512,4096,1707,64,512,4096,90324,64,512,4096,10017,64,256,512,1493,64,512,4096,2259,256,1024,4096,963,128,512,512,1053,64,256,4096,14823,64,256,2048,1431,64,256,4096,372,128,256,256,117,128,512,4096,189,0,0,0,0,0,0,0,0,0,0,0,0,0,0,0,0,64,128,128,21,128,128,128,21,12.21,6.99,5.21,0,21,11,284,28,1392,0,0,0,0,0,0,0,2097152,4194304,4194304,4194304,4194304,16,2097152,2097152,2097152,2097152,2097152,11,2097152,4194304,4194304,4194304,4194304,182,2097152,2097152,2097152,2097152,4194304,25,65536,131072,2097152,4194304,4194304,925,0,0,0,0,0,0,0,0,0,0,0,0,128,256,256,512,1024,1159,65536,2097152,4194304,4194304,4194304,1159,0,0,0,0,0,0,256,256,512,512,512,1159,454548,0,28743,14492,35640,0,41,21,0
3.68886E+13,1402,2048,8192,16384,10080,512,4096,8192,1401,4096,8192,16384,1150,4096,16384,16384,284,8192,16384,16384,12,2048,8192,8192,283,512,4096,8192,1118,1024,4096,8192,184,2048,2048,2048,2,64,65536,131072,14629,524288,1048576,1048576,41,262144,262144,524288,41,262144,524288,524288,41,512,1024,1024,41,128,2048,32768,41,128,512,4096,1755,128,512,4096,1755,64,512,4096,90720,64,256,4096,10350,64,256,512,1571,64,512,1024,2331,256,1024,4096,1203,128,512,4096,1104,64,256,4096,14751,64,256,512,1503,64,256,512,369,64,512,1024,99,128,512,4096,108,64,256,256,18,0,0,0,0,0,0,0,0,0,0,0,0,64,128,128,20,128,128,128,20,12.22,6.56,5.66,0,12,18,283,25,1434,0,0,0,0,0,0,0,0,0,0,0,2097152,1,2097152,2097152,2097152,2097152,4194304,9,2097152,4194304,4194304,8388608,8388608,189,131072,2097152,2097152,2097152,2097152,15,65536,131072,2097152,2097152,4194304,949,0,0,0,0,0,0,0,0,0,0,0,0,128,256,256,512,512,1163,65536,2097152,4194304,4194304,8388608,1163,0,0,0,0,0,0,256,256,512,512,1024,1163,455157,0,28288,14507,35672,0,41,20,0
3.68896E+13,1402,2048,8192,16384,10154,512,4096,8192,1402,4096,8192,16384,1106,4096,16384,16384,288,8192,16384,16384,8,2048,8192,8192,300,512,4096,8192,1145,1024,4096,8192,181,0,0,0,1,256,65536,262144,14680,524288,1048576,1048576,41,262144,524288,524288,41,262144,524288,524288,41,256,512,1024,41,128,16384,65536,41,64,512,4096,1740,64,512,4096,1740,64,512,4096,91386,64,512,2048,9954,64,256,512,1359,64,512,512,2340,256,1024,4096,1047,128,512,512,984,64,256,4096,14823,64,256,512,1458,64,256,512,294,64,256,512,90,128,512,4096,72,64,128,128,9,0,0,0,0,0,0,0,0,0,0,0,0,64,128,128,21,128,128,128,21,10.72,6.64,4.08,0,8,22,300,33,1394,0,0,0,0,0,0,0,2097152,2097152,2097152,2097152,2097152,17,2097152,2097152,2097152,2097152,4194304,16,2097152,4194304,4194304,8388608,16777216,177,131072,2097152,2097152,2097152,4194304,20,65536,131072,2097152,4194304,4194304,965,0,0,0,0,0,0,0,0,0,0,0,0,128,256,256,512,512,1195,65536,2097152,4194304,4194304,16777216,1195,0,0,0,0,0,0,256,256,512,512,1024,1195,455719,0,28666,14546,35684,0,41,21,0
3.68906E+13,1402,2048,8192,16384,9947,512,4096,8192,1402,4096,8192,16384,1128,4096,16384,16384,299,8192,8192,8192,15,2048,8192,8192,283,512,4096,8192,1125,1024,4096,8192,207,0,0,0,1,128,65536,131072,14548,524288,1048576,1048576,40,262144,262144,524288,40,262144,524288,524288,40,512,1024,1024,40,64,128,128,40,64,512,4096,1773,64,512,4096,1773,64,512,4096,89523,64,512,4096,10152,64,256,512,1395,64,512,4096,2502,256,1024,4096,1023,128,512,1024,1086,64,256,4096,14778,64,256,1024,1629,64,256,512,344,128,512,512,144,64,512,1024,135,256,256,256,9,0,0,0,0,0,0,0,0,0,0,0,0,64,128,128,20,128,128,128,20,11.29,6.16,5.13,0,15,20,283,35,1427,0,0,0,0,0,0,0,2097152,2097152,2097152,2097152,2097152,2,2097152,2097152,2097152,2097152,4194304,19,2097152,4194304,4194304,4194304,4194304,188,131072,2097152,2097152,2097152,4194304,33,65536,131072,2097152,2097152,4194304,970,0,0,0,0,0,0,0,0,0,0,0,0,128,256,256,512,512,1212,65536,2097152,4194304,4194304,4194304,1212,0,0,0,0,0,0,256,256,512,512,1024,1212,456287,0,28309,14429,35688,0,40,20,0
3.68916E+13,1360,2048,8192,16384,9764,512,4096,8192,1382,4096,8192,16384,1100,4096,16384,16384,281,8192,8192,8192,14,2048,8192,8192,274,512,4096,8192,1096,1024,4096,8192,187,0,0,0,0,256,65536,131072,14206,524288,1048576,1048576,41,262144,262144,524288,41,262144,524288,524288,41,512,1024,1024,41,64,128,2048,41,64,512,4096,1852,64,512,4096,2230,64,512,4096,87876,64,512,2048,9900,64,256,512,1456,64,512,4096,2295,256,1024,4096,1155,128,512,512,1119,64,256,4096,14958,64,256,1024,1629,64,256,512,294,64,256,512,135,128,512,512,126,0,0,0,0,0,0,0,0,0,0,0,0,0,0,0,0,64,128,128,20,128,128,128,20,11.06,5.85,5.21,0,14,32,274,28,1381,42,0,0,0,0,0,0,2097152,4194304,4194304,4194304,4194304,8,2097152,4194304,4194304,4194304,4194304,12,2097152,4194304,4194304,4194304,4194304,191,2097152,2097152,2097152,2097152,4194304,23,65536,131072,131072,2097152,2097152,945,0,0,0,0,0,0,0,0,0,0,0,0,128,256,256,512,512,1179,65536,2097152,4194304,4194304,4194304,1179,0,0,0,0,0,0,128,256,512,512,1024,1179,456879,0,28272,14129,35577,0,41,20,0
3.68926E+13,1360,2048,8192,16384,9574,512,4096,8192,1376,4096,8192,16384,1061,4096,16384,16384,242,8192,8192,8192,16,2048,8192,8192,247,512,4096,8192,1068,1024,4096,4096,185,4096,4096,4096,2,64,65536,131072,13900,524288,1048576,1048576,41,262144,262144,524288,41,262144,524288,524288,41,512,1024,1024,41,64,256,32768,41,64,512,4096,1588,128,512,4096,1588,64,512,4096,86166,64,512,4096,9549,64,256,512,1356,64,512,1024,2097,256,512,1024,1063,128,512,512,1054,64,256,4096,15318,64,256,512,1548,64,256,512,285,64,256,512,108,128,512,1024,144,256,1024,1024,18,0,0,0,0,0,0,0,0,0,0,0,0,64,128,128,21,128,256,256,21,12.8,6.53,6.27,0,16,25,247,39,1303,0,0,0,0,0,0,0,2097152,2097152,2097152,2097152,2097152,2,2097152,2097152,2097152,2097152,2097152,12,2097152,4194304,8388608,8388608,16777216,177,131072,2097152,4194304,4194304,4194304,27,65536,131072,2097152,2097152,4194304,850,0,0,0,0,0,0,0,0,0,0,0,0,128,256,256,512,1024,1068,65536,2097152,4194304,8388608,16777216,1068,0,0,0,0,0,0,128,256,512,1024,1024,1068,457441,0,27644,13781,33897,0,41,21,0
3.68937E+13,1360,2048,8192,16384,9847,512,4096,8192,1528,4096,8192,16384,1104,4096,16384,16384,285,8192,8192,8192,11,2048,4096,8192,269,512,4096,8192,1114,1024,4096,8192,161,0,0,0,0,128,65536,131072,14434,524288,524288,524288,41,262144,262144,262144,41,262144,524288,524288,41,512,1024,1024,41,128,128,65536,41,64,512,1024,1619,128,512,1024,1619,64,512,4096,88623,64,512,2048,9936,64,256,512,1588,64,512,4096,2196,256,512,4096,1197,128,512,512,1125,64,256,2048,14814,64,256,2048,1530,64,512,4096,339,64,256,4096,99,128,512,4096,99,0,0,0,0,1024,2048,2048,33,1024,1024,1024,33,64,64,256,66,64,256,256,20,128,128,128,20,10.87,6.14,4.73,33,11,33,269,27,1389,0,0,0,0,0,0,0,2097152,2097152,2097152,2097152,4194304,14,2097152,2097152,2097152,2097152,2097152,8,2097152,4194304,4194304,4194304,4194304,195,131072,2097152,2097152,2097152,4194304,22,65536,131072,2097152,4194304,4194304,889,0,0,0,0,0,0,0,0,0,0,0,0,128,256,256,512,512,1128,65536,2097152,4194304,4194304,4194304,1128,0,0,0,0,0,0,256,256,512,512,512,1128,458075,0,28055,14389,34983,0,41,20,0
3.68947E+13,1360,2048,8192,16384,9710,512,4096,8192,1772,4096,8192,16384,1096,4096,8192,16384,282,8192,8192,8192,14,2048,8192,8192,305,512,4096,8192,1092,1024,8192,8192,199,2048,2048,2048,2,64,65536,262144,14604,524288,1048576,1048576,40,262144,524288,524288,40,262144,524288,524288,40,512,1024,1024,40,64,512,16384,40,64,512,4096,1575,64,512,4096,1575,64,512,4096,87390,64,512,4096,9864,64,256,1024,1128,64,512,1024,2268,256,1024,1024,1032,128,512,2048,1005,64,256,4096,13707,64,256,1024,1269,64,256,256,279,64,256,512,90,128,512,512,126,0,512,512,18,1024,2048,2048,9,1024,1024,1024,9,64,64,64,18,128,128,128,20,64,128,128,20,9.94,5.81,4.13,9,14,22,305,34,1378,0,0,0,0,0,0,0,0,0,0,0,2097152,1,2097152,4194304,4194304,4194304,4194304,23,2097152,4194304,4194304,4194304,4194304,194,131072,2097152,2097152,2097152,4194304,23,65536,131072,2097152,2097152,4194304,925,0,0,0,0,0,0,0,0,0,0,0,0,128,256,256,512,512,1166,65536,2097152,4194304,4194304,4194304,1166,0,0,0,0,0,0,256,256,512,512,512,1166,458671,0,28036,14474,34917,0,40,20,0
3.68957E+13,1360,2048,8192,16384,9806,512,4096,8192,1403,4096,8192,16384,1083,4096,16384,16384,265,8192,8192,8192,12,2048,8192,8192,300,512,4096,8192,1102,1024,4096,8192,179,0,0,0,1,64,65536,131072,14256,524288,524288,1048576,41,262144,262144,262144,41,262144,524288,524288,41,256,1024,1024,41,64,512,8192,41,64,512,4096,1676,64,512,4096,1676,64,512,4096,88254,64,512,1024,9747,64,256,512,1342,64,512,4096,2142,256,1024,4096,1128,128,512,1024,1164,64,256,4096,14877,64,256,512,1395,0,256,512,207,128,256,512,144,128,512,1024,108,64,256,256,9,0,0,0,0,0,0,0,0,0,0,0,0,64,128,128,21,64,256,256,21,11.62,6.26,5.36,0,12,28,300,29,1348,0,0,0,0,0,0,0,2097152,2097152,2097152,2097152,4194304,18,2097152,2097152,2097152,2097152,4194304,19,2097152,2097152,4194304,4194304,8388608,181,131072,2097152,4194304,4194304,4194304,28,65536,131072,2097152,2097152,4194304,965,0,0,0,0,0,0,0,0,0,0,0,0,128,256,256,512,1024,1211,65536,2097152,2097152,4194304,8388608,1211,0,0,0,0,0,0,256,256,512,1024,1024,1211,459177,0,28080,14149,35238,0,41,21,0
3.68967E+13,1360,2048,8192,16384,9929,512,4096,8192,1370,4096,8192,16384,1135,4096,16384,16384,298,8192,8192,8192,20,2048,8192,8192,273,512,4096,8192,1084,1024,4096,8192,182,0,0,0,1,64,65536,131072,14433,524288,1048576,1048576,41,262144,524288,524288,41,262144,524288,524288,41,512,1024,1024,41,128,8192,32768,41,64,512,4096,1811,128,512,4096,1811,64,512,4096,89361,64,256,1024,10215,64,256,512,1742,64,512,1024,2412,256,1024,4096,1203,128,512,512,1131,64,256,2048,14139,64,256,2048,1296,64,256,512,321,64,256,512,162,128,512,1024,180,64,512,512,9,0,0,0,0,0,0,0,0,0,0,0,0,64,128,128,20,128,256,256,20,10.94,5.47,5.47,0,20,18,273,31,1433,0,0,0,0,0,0,0,0,0,0,0,0,0,2097152,4194304,4194304,4194304,4194304,11,2097152,4194304,4194304,4194304,4194304,151,131072,2097152,2097152,2097152,2097152,19,65536,131072,2097152,2097152,4194304,621,2097152,4194304,4194304,4194304,4194304,54,0,0,0,0,0,0,128,256,512,512,512,856,65536,2097152,4194304,4194304,4194304,856,0,0,0,0,0,0,256,256,512,1024,2048,856,460096,0,28213,14312,35065,0,41,20,0
3.68977E+13,1360,2048,8192,16384,9875,512,4096,8192,1358,4096,8192,16384,1114,4096,16384,16384,279,8192,16384,16384,18,2048,8192,16384,253,512,4096,8192,1109,1024,4096,8192,203,0,0,0,0,64,65536,262144,14348,524288,1048576,1048576,40,262144,524288,524288,40,262144,524288,524288,40,512,1024,1024,40,64,2048,32768,41,64,512,4096,1876,64,512,4096,1876,64,512,4096,88875,64,512,4096,10026,64,256,512,1504,64,512,1024,2304,256,1024,1024,1059,128,512,512,1050,64,256,4096,13932,64,256,4096,1341,0,256,256,282,128,256,512,144,128,512,4096,162,0,0,0,0,0,0,0,0,0,0,0,0,0,0,0,0,64,128,256,21,128,128,128,21,13.17,7.29,5.88,0,18,19,253,28,1393,0,0,0,0,0,0,0,2097152,2097152,2097152,2097152,2097152,12,2097152,2097152,2097152,2097152,4194304,14,2097152,4194304,4194304,4194304,4194304,182,131072,2097152,2097152,2097152,2097152,17,65536,131072,2097152,4194304,8388608,861,0,0,0,0,0,0,0,0,0,0,0,0,128,256,256,512,512,1086,65536,2097152,4194304,4194304,8388608,1086,0,0,0,0,0,0,256,256,512,1024,32768,1086,460721,0,28179,14234,34849,0,40,21,0
3.68987E+13,1360,2048,8192,16384,9665,512,4096,4096,1359,4096,8192,16384,1064,4096,16384,16384,270,8192,8192,8192,17,2048,8192,8192,262,512,4096,8192,1085,1024,4096,8192,170,0,0,0,1,64,65536,131072,14007,524288,1048576,1048576,41,262144,262144,524288,41,262144,524288,524288,41,512,1024,2048,41,128,128,128,40,64,512,2048,1890,64,512,4096,1890,64,512,4096,86985,64,512,1024,9576,64,256,512,1509,64,512,4096,2133,256,1024,1024,1191,128,512,512,1236,64,256,4096,14409,64,256,4096,1395,64,256,512,306,64,256,512,162,128,512,4096,153,0,256,256,9,0,0,0,0,0,0,0,0,0,0,0,0,64,128,128,20,128,128,128,20,11.12,6.73,4.4,0,17,27,262,43,1334,0,0,0,0,0,0,0,2097152,2097152,2097152,2097152,2097152,6,2097152,4194304,4194304,4194304,4194304,12,2097152,4194304,4194304,4194304,4194304,191,131072,2097152,2097152,2097152,4194304,24,65536,131072,2097152,2097152,4194304,975,0,0,0,0,0,0,0,0,0,0,0,0,128,256,256,512,512,1208,65536,2097152,4194304,4194304,4194304,1208,0,0,0,0,0,0,256,256,512,1024,1024,1208,461196,0,27816,13894,35355,0,41,20,0
3.68998E+13,1360,2048,8192,16384,9603,512,4096,8192,1360,4096,8192,16384,1085,4096,16384,16384,258,8192,16384,16384,9,2048,8192,8192,309,512,4096,8192,1094,1024,8192,8192,175,0,0,0,1,128,65536,131072,14009,524288,1048576,1048576,41,262144,262144,524288,41,262144,524288,524288,41,256,512,512,41,64,128,8192,41,64,512,4096,1849,64,512,4096,1849,128,512,4096,86427,64,512,4096,9765,64,256,512,1358,64,512,2048,2133,256,1024,2048,1145,128,512,1024,1127,64,512,4096,14895,64,256,512,1539,64,256,512,327,64,256,256,99,128,512,8192,81,128,256,256,9,0,0,0,0,0,0,0,0,0,0,0,0,64,128,128,20,128,256,256,20,10.19,6.24,3.95,0,9,25,309,24,1343,0,0,0,0,0,0,0,2097152,2097152,2097152,2097152,2097152,12,2097152,2097152,2097152,2097152,4194304,22,2097152,4194304,4194304,4194304,8388608,178,131072,2097152,2097152,2097152,4194304,20,65536,131072,2097152,4194304,8388608,870,0,0,0,0,0,0,0,0,0,0,0,0,128,256,256,512,512,1102,65536,2097152,4194304,4194304,8388608,1102,0,0,0,0,0,0,256,256,512,1024,1024,1102,461804,0,28560,13936,34418,0,41,20,0
3.69008E+13,1371,2048,8192,16384,9770,512,4096,8192,1359,4096,8192,16384,1094,4096,8192,16384,296,8192,16384,16384,19,2048,8192,16384,289,512,4096,8192,1078,1024,4096,8192,212,0,0,0,0,64,65536,131072,14270,524288,1048576,1048576,41,262144,262144,524288,41,262144,524288,524288,41,512,1024,1024,41,128,2048,8192,41,64,512,4096,1773,64,512,1024,1674,64,512,4096,87930,64,256,2048,9846,64,256,512,1511,64,512,4096,2358,256,1024,2048,1158,128,512,512,1176,64,256,4096,15408,64,256,4096,1440,64,256,512,444,64,256,512,144,128,512,4096,171,0,0,0,0,0,0,0,0,0,0,0,0,0,0,0,0,64,128,128,21,128,32768,32768,21,10.94,6.23,4.71,0,19,29,289,31,1390,0,262144,262144,262144,262144,262144,11,2097152,2097152,2097152,2097152,4194304,6,2097152,2097152,2097152,2097152,2097152,13,2097152,4194304,4194304,4194304,8388608,174,131072,4194304,4194304,4194304,8388608,23,65536,131072,2097152,4194304,4194304,906,0,0,0,0,0,0,0,0,0,0,0,0,128,256,512,512,512,1133,65536,2097152,4194304,4194304,8388608,1133,128,256,256,256,256,11,128,256,512,512,1024,1122,462429,0,27946,14175,34836,0,41,21,0
3.69018E+13,1359,2048,8192,16384,9743,512,4096,8192,1358,4096,8192,16384,1119,4096,8192,16384,281,8192,8192,8192,10,2048,8192,8192,263,512,4096,8192,1116,1024,4096,8192,181,0,0,0,0,64,65536,262144,14183,524288,1048576,1048576,40,262144,262144,262144,40,262144,524288,524288,40,512,1024,1024,40,64,16384,32768,40,64,512,4096,1975,64,512,1024,2083,64,512,4096,87687,64,512,2048,10071,64,256,512,1527,64,512,512,2169,256,1024,4096,1083,128,512,1024,1038,64,256,4096,14733,64,256,512,1575,64,256,512,315,64,256,512,126,128,512,4096,90,0,0,0,0,0,0,0,0,0,0,0,0,0,0,0,0,64,128,128,20,128,65536,65536,20,13.18,6.4,6.78,0,10,22,263,32,1400,41,262144,524288,524288,524288,524288,29,2097152,4194304,4194304,4194304,4194304,13,2097152,2097152,2097152,2097152,2097152,14,2097152,4194304,8388608,8388608,8388608,167,2097152,2097152,2097152,2097152,4194304,31,65536,131072,2097152,4194304,4194304,914,0,0,0,0,0,0,0,0,0,0,0,0,128,256,512,512,512,1168,65536,2097152,4194304,8388608,8388608,1168,128,256,256,256,256,29,256,256,512,1024,1024,1139,463029,0,27785,14120,35311,0,40,20,0
3.69028E+13,1373,2048,8192,16384,9883,512,4096,8192,1369,4096,8192,16384,1102,4096,8192,16384,265,8192,8192,8192,14,2048,8192,16384,270,512,4096,8192,1118,1024,4096,8192,176,2048,2048,2048,2,64,65536,131072,14320,524288,1048576,1048576,41,262144,524288,524288,41,262144,524288,524288,41,512,1024,1024,41,64,128,4096,41,64,512,1024,1845,128,512,4096,1719,64,512,4096,88947,64,512,4096,9926,64,256,512,1444,64,512,1024,2151,256,1024,4096,1158,128,512,4096,1185,64,256,4096,15849,64,256,4096,1575,0,256,512,315,64,256,512,126,128,256,512,126,64,1024,1024,18,0,0,0,0,0,0,0,0,0,0,0,0,64,128,128,20,128,65536,65536,20,11.59,6.18,5.41,0,14,25,270,31,1368,0,262144,524288,524288,524288,524288,14,2097152,2097152,2097152,2097152,4194304,11,2097152,2097152,2097152,2097152,4194304,9,2097152,4194304,4194304,4194304,8388608,189,131072,2097152,2097152,2097152,4194304,33,65536,131072,2097152,2097152,4194304,906,0,0,0,0,0,0,0,0,0,0,0,0,128,256,512,512,32768,1162,65536,2097152,4194304,4194304,8388608,1162,128,256,256,256,256,14,256,256,512,512,1024,1148,463575,0,27911,14204,35406,0,41,20,0
3.69038E+13,1373,2048,8192,16384,9922,512,4096,8192,1375,4096,8192,16384,1075,4096,16384,16384,288,8192,8192,8192,11,2048,8192,8192,277,512,4096,8192,1112,1024,8192,8192,190,0,0,0,0,64,65536,131072,14357,524288,1048576,1048576,40,262144,524288,524288,40,262144,524288,524288,40,512,512,512,40,128,256,512,40,64,512,4096,1806,128,512,4096,1806,64,512,4096,89298,64,512,4096,9667,64,256,512,1262,64,256,512,2439,256,512,4096,1119,128,512,4096,1146,64,256,4096,14535,64,256,4096,1494,64,256,4096,483,128,512,512,72,128,512,4096,99,0,0,0,0,1024,2048,2048,41,1024,2048,2048,37,64,128,128,78,64,128,128,20,64,256,256,20,11.63,6.39,5.24,37,11,19,277,26,1362,0,0,0,0,0,0,0,2097152,4194304,4194304,4194304,4194304,18,2097152,2097152,2097152,2097152,4194304,15,2097152,4194304,4194304,4194304,4194304,178,131072,2097152,2097152,2097152,4194304,27,65536,131072,2097152,2097152,2097152,864,0,0,0,0,0,0,0,0,0,0,0,0,128,256,256,512,512,1102,65536,2097152,4194304,4194304,4194304,1102,0,0,0,0,0,0,256,256,512,512,1024,1102,464205,0,28086,14332,35228,0,40,20,0
3.69048E+13,1373,2048,8192,16384,9879,512,4096,8192,1377,4096,8192,16384,1110,4096,16384,16384,300,8192,8192,8192,9,2048,8192,8192,291,512,4096,8192,1082,1024,8192,8192,173,0,0,0,0,512,65536,262144,14346,524288,1048576,1048576,41,262144,524288,524288,41,262144,524288,524288,41,256,1024,1024,41,64,2048,32768,41,64,512,4096,1694,64,512,1024,1694,128,512,4096,88911,64,512,4096,9990,64,256,512,1543,64,512,1024,2376,256,1024,4096,1104,128,512,4096,1122,64,256,4096,15282,64,256,1024,1458,64,256,512,363,64,256,256,108,64,256,4096,81,0,0,0,0,0,0,0,0,1024,1024,1024,4,64,64,64,4,64,128,128,21,128,128,128,21,10.88,6.53,4.35,4,9,20,291,29,1410,0,0,0,0,0,0,0,2097152,2097152,2097152,2097152,2097152,5,2097152,4194304,4194304,4194304,8388608,14,2097152,4194304,4194304,8388608,8388608,179,2097152,4194304,4194304,4194304,4194304,18,65536,131072,2097152,2097152,4194304,954,0,0,0,0,0,0,0,0,0,0,0,0,128,256,512,512,512,1170,65536,2097152,4194304,8388608,8388608,1170,0,0,0,0,0,0,256,256,512,1024,2048,1170,464798,0,28105,14246,35411,0,41,21,0
3.69059E+13,1373,2048,8192,16384,9937,512,4096,8192,1376,4096,8192,16384,1150,4096,16384,16384,252,8192,16384,16384,13,2048,8192,8192,304,512,4096,8192,1125,1024,4096,8192,189,2048,2048,2048,2,128,65536,131072,14467,524288,1048576,1048576,41,262144,262144,524288,41,262144,524288,524288,41,1024,1024,1024,41,128,128,16384,41,64,512,4096,1897,128,512,4096,1897,64,512,4096,89433,64,512,2048,10350,64,256,512,1483,64,512,1024,2052,256,1024,2048,1071,128,512,1024,1125,64,256,4096,15255,64,256,2048,1512,64,256,512,438,64,256,512,144,64,512,4096,117,64,256,256,18,0,0,0,0,0,0,0,0,0,0,0,0,128,128,128,20,128,512,512,20,10.93,6.87,4.07,0,13,23,304,37,1402,0,0,0,0,0,0,0,2097152,2097152,2097152,2097152,4194304,14,2097152,4194304,4194304,4194304,4194304,21,2097152,2097152,4194304,4194304,8388608,167,2097152,2097152,4194304,4194304,4194304,28,65536,131072,2097152,2097152,4194304,778,0,0,0,0,0,0,0,0,0,0,0,0,128,256,512,512,512,1008,65536,2097152,4194304,4194304,8388608,1008,0,0,0,0,0,0,256,256,512,512,1024,1008,465569,0,28248,14349,34759,0,41,20,0
3.69069E+13,1373,2048,8192,16384,9858,512,4096,8192,1373,4096,8192,16384,1106,4096,16384,16384,256,8192,8192,8192,15,2048,8192,16384,252,512,4096,8192,1114,1024,8192,8192,185,0,0,0,1,128,65536,131072,14292,524288,1048576,1048576,40,262144,524288,524288,40,524288,524288,524288,40,512,1024,1024,40,64,256,65536,40,128,512,4096,1611,128,512,4096,1611,64,512,4096,88722,64,512,4096,9954,64,256,512,1315,64,512,4096,2187,256,1024,4096,1188,128,512,512,1179,64,512,4096,14247,64,512,4096,1314,64,512,4096,381,64,512,512,162,64,512,1024,135,64,512,512,9,0,0,0,0,0,0,0,0,0,0,0,0,64,128,128,20,128,128,128,20,12.11,6.31,5.8,0,15,22,252,41,1362,0,0,0,0,0,0,0,2097152,2097152,2097152,2097152,2097152,6,2097152,2097152,2097152,2097152,4194304,14,2097152,4194304,4194304,4194304,8388608,194,131072,2097152,2097152,2097152,4194304,23,65536,131072,2097152,4194304,4194304,938,0,0,0,0,0,0,0,0,0,0,0,0,128,256,512,512,16384,1175,65536,2097152,4194304,4194304,8388608,1175,0,0,0,0,0,0,256,256,512,1024,32768,1175,466086,0,27801,14188,35408,0,40,20,0
3.69079E+13,1373,2048,8192,16384,9771,512,4096,8192,1372,4096,8192,16384,1053,4096,16384,16384,318,8192,8192,16384,22,2048,8192,8192,281,512,4096,8192,1087,1024,4096,8192,190,0,0,0,0,64,65536,131072,14230,524288,1048576,1048576,41,262144,262144,262144,41,262144,524288,524288,41,512,1024,2048,41,64,128,8192,42,64,512,4096,1616,64,512,1024,1616,64,512,4096,87939,64,512,2048,9477,64,256,512,1635,64,512,4096,2475,256,1024,4096,1086,128,512,1024,1149,64,256,4096,15102,64,256,4096,1359,0,256,512,258,64,256,4096,171,128,512,4096,198,0,0,0,0,0,0,0,0,0,0,0,0,0,0,0,0,64,128,128,21,64,128,128,21,11.83,5.98,5.85,0,22,26,281,36,1371,0,0,0,0,0,0,0,2097152,2097152,2097152,2097152,4194304,14,2097152,2097152,2097152,2097152,2097152,13,2097152,4194304,4194304,4194304,4194304,191,131072,2097152,2097152,2097152,2097152,20,65536,131072,2097152,2097152,2097152,838,0,0,0,0,0,0,0,0,0,0,0,0,128,256,512,512,512,1076,65536,2097152,4194304,4194304,4194304,1076,0,0,0,0,0,0,256,256,512,512,512,1076,466746,0,27866,14122,34678,0,41,21,0
3.69089E+13,1373,2048,8192,16384,9895,512,4096,8192,1372,4096,8192,16384,1105,4096,16384,16384,260,8192,8192,8192,15,2048,8192,8192,269,512,4096,8192,1108,1024,4096,8192,187,0,0,0,1,128,65536,131072,14340,524288,1048576,1048576,41,262144,524288,524288,41,262144,524288,524288,41,512,1024,1024,41,64,16384,16384,40,64,512,4096,1662,128,512,2048,1662,64,512,4096,89055,64,512,4096,9945,64,256,512,1481,64,512,4096,2223,256,1024,1024,1128,128,512,512,1092,64,256,4096,14436,64,256,1024,1575,64,256,512,345,64,256,512,99,128,256,4096,135,0,256,256,9,0,0,0,0,0,0,0,0,0,0,0,0,64,128,128,20,128,128,128,20,15.6,8.57,7.03,0,15,25,269,32,1365,0,0,0,0,0,0,0,2097152,2097152,2097152,2097152,2097152,9,2097152,2097152,2097152,2097152,2097152,14,2097152,4194304,4194304,4194304,8388608,178,2097152,2097152,2097152,2097152,4194304,21,65536,131072,2097152,4194304,4194304,850,0,0,0,0,0,0,0,0,0,0,0,0,128,256,512,512,512,1072,65536,2097152,4194304,4194304,8388608,1072,0,0,0,0,0,0,256,256,512,512,2048,1072,467380,0,28230,14238,35157,0,41,20,0
3.69099E+13,1373,2048,8192,16384,9799,512,4096,8192,1369,4096,8192,16384,1104,4096,16384,16384,265,8192,16384,16384,9,2048,8192,8192,296,512,4096,8192,1118,1024,4096,8192,204,0,0,0,0,64,65536,131072,14258,524288,1048576,1048576,41,262144,262144,524288,41,262144,524288,524288,41,512,1024,1024,41,64,128,16384,41,64,512,4096,1879,128,512,4096,1879,64,512,4096,88191,64,512,4096,9936,64,256,512,1468,64,512,2048,2142,256,1024,1024,1119,128,512,2048,1074,64,256,4096,14139,64,256,4096,1269,64,256,512,516,64,256,512,90,64,4096,4096,81,0,0,0,0,0,0,0,0,0,0,0,0,0,0,0,0,64,128,128,21,64,128,256,21,10.84,7.1,3.74,0,9,19,296,29,1369,0,0,0,0,0,0,0,2097152,2097152,2097152,2097152,2097152,6,2097152,2097152,2097152,2097152,4194304,6,2097152,4194304,4194304,4194304,8388608,182,262144,4194304,4194304,4194304,4194304,27,65536,131072,2097152,2097152,4194304,895,0,0,0,0,0,0,0,0,0,0,0,0,128,256,512,512,512,1116,65536,2097152,4194304,4194304,8388608,1116,0,0,0,0,0,0,256,256,512,512,1024,1116,467986,0,28191,14152,35178,0,41,21,0
3.6911E+13,1373,2048,8192,16384,9892,512,4096,8192,1371,4096,8192,16384,1148,4096,16384,16384,292,8192,8192,8192,13,2048,8192,8192,265,512,4096,8192,1091,1024,4096,8192,175,2048,2048,2048,3,256,65536,262144,14372,524288,1048576,1048576,40,262144,524288,524288,40,262144,524288,524288,40,512,1024,1024,40,128,256,8192,40,64,512,4096,1662,64,512,4096,1662,64,512,4096,89028,64,512,4096,10332,64,256,512,1409,64,512,4096,2394,256,1024,1024,1107,128,512,1024,1116,64,512,4096,14184,64,512,4096,1413,64,256,512,258,64,256,512,108,128,512,1024,117,64,256,512,27,0,0,0,0,0,0,0,0,0,0,0,0,64,128,128,20,128,128,128,20,11.88,6.51,5.36,0,13,14,265,31,1440,0,0,0,0,0,0,0,2097152,2097152,2097152,2097152,2097152,12,2097152,2097152,2097152,2097152,4194304,16,2097152,4194304,4194304,4194304,4194304,180,2097152,2097152,4194304,4194304,4194304,28,65536,131072,2097152,2097152,4194304,996,0,0,0,0,0,0,0,0,0,0,0,0,128,256,256,512,512,1232,65536,2097152,4194304,4194304,4194304,1232,0,0,0,0,0,0,256,256,512,512,1024,1232,468517,0,28319,14250,35459,0,40,20,0
3.6912E+13,1332,2048,8192,16384,9885,512,4096,8192,1344,4096,8192,16384,1072,4096,8192,16384,272,8192,8192,8192,10,2048,8192,8192,282,512,4096,8192,1104,1024,8192,8192,184,2048,2048,2048,2,64,65536,131072,14280,524288,1048576,1048576,41,262144,524288,524288,41,262144,524288,524288,41,512,1024,1024,41,128,128,1024,41,64,512,4096,1707,64,512,1024,2076,64,512,4096,88965,64,512,4096,9648,64,256,512,1598,64,512,1024,2196,256,1024,4096,1193,128,512,512,1157,64,256,4096,14004,64,256,4096,1683,64,256,512,333,128,512,4096,99,128,512,512,90,128,256,256,18,0,0,0,0,0,0,0,0,0,0,0,0,64,128,128,20,128,256,256,20,12.46,6.48,5.97,0,10,17,282,35,1344,41,0,0,0,0,0,0,2097152,2097152,2097152,2097152,4194304,8,2097152,2097152,2097152,2097152,4194304,17,2097152,4194304,4194304,4194304,4194304,187,131072,2097152,2097152,2097152,4194304,28,65536,131072,2097152,2097152,2097152,995,0,0,0,0,0,0,0,0,0,0,0,0,128,256,256,512,512,1235,65536,2097152,4194304,4194304,4194304,1235,0,0,0,0,0,0,128,256,512,512,1024,1235,469011,0,27641,14197,35100,0,41,20,0
3.6913E+13,1332,2048,8192,16384,9378,512,4096,8192,1332,4096,8192,16384,1050,4096,16384,16384,271,8192,8192,8192,15,2048,8192,8192,271,512,4096,8192,1054,1024,8192,8192,160,2048,2048,2048,2,64,65536,131072,13659,524288,524288,1048576,41,262144,262144,262144,41,262144,524288,524288,41,512,1024,1024,41,128,128,16384,41,64,512,4096,1742,64,512,4096,1742,64,512,4096,84402,64,512,4096,9450,64,256,512,1339,64,256,1024,2223,256,512,1024,1095,128,512,1024,1104,64,256,2048,14238,64,256,512,1449,64,256,512,426,128,256,512,117,128,256,1024,135,64,256,256,18,0,0,0,0,0,0,0,0,0,0,0,0,64,128,128,21,64,128,128,21,13.39,6.7,6.7,0,15,11,271,36,1321,0,0,0,0,0,0,0,2097152,2097152,2097152,2097152,4194304,6,2097152,2097152,2097152,2097152,4194304,12,2097152,2097152,4194304,4194304,4194304,204,131072,2097152,2097152,2097152,2097152,15,65536,131072,2097152,2097152,4194304,914,0,0,0,0,0,0,0,0,0,0,0,0,128,256,512,512,512,1151,65536,2097152,4194304,4194304,4194304,1151,0,0,0,0,0,0,256,256,512,512,1024,1151,469514,0,27030,13537,34405,0,41,21,0
3.6914E+13,1332,2048,8192,16384,9661,512,4096,8192,1331,4096,8192,16384,1068,4096,8192,16384,264,8192,8192,8192,6,2048,8192,8192,281,512,4096,8192,1060,1024,4096,8192,184,0,0,0,0,64,65536,131072,13960,524288,1048576,1048576,40,262144,262144,262144,40,262144,524288,524288,40,256,512,1024,40,64,8192,16384,40,64,512,4096,1773,128,512,1024,1773,64,512,4096,86954,64,512,1024,9612,64,256,512,1307,64,256,1024,2160,256,1024,1024,1092,128,512,2048,1002,64,256,2048,15219,64,256,2048,1494,64,256,512,318,64,256,256,63,128,1024,4096,54,0,0,0,0,1024,2048,2048,41,1024,1024,1024,41,64,64,128,82,64,128,128,20,64,128,128,20,12.51,6.77,5.75,41,6,11,281,34,1332,0,0,0,0,0,0,0,2097152,2097152,2097152,2097152,2097152,11,2097152,2097152,2097152,2097152,2097152,13,2097152,4194304,4194304,4194304,8388608,173,262144,2097152,2097152,2097152,4194304,28,65536,131072,2097152,2097152,4194304,936,0,0,0,0,0,0,0,0,0,0,0,0,128,256,256,512,512,1161,65536,2097152,4194304,4194304,8388608,1161,0,0,0,0,0,0,256,256,512,1024,1024,1161,470058,0,27572,13928,34666,0,40,20,0
3.6915E+13,1332,2048,8192,16384,9546,512,4096,8192,1331,4096,8192,16384,1085,4096,16384,16384,272,8192,8192,8192,16,2048,8192,8192,258,512,4096,8192,1074,1024,4096,8192,179,0,0,0,1,64,65536,131072,13893,524288,1048576,1048576,41,262144,262144,524288,41,262144,524288,524288,41,512,1024,1024,41,64,256,2048,41,64,512,4096,1904,128,512,1024,1904,64,512,4096,85909,64,256,4096,9765,64,256,512,1488,64,512,1024,2151,256,512,1024,1131,128,512,512,1212,64,256,2048,14913,64,256,512,1557,64,256,512,372,64,512,512,180,128,256,512,144,128,256,256,9,0,0,0,0,0,0,0,0,0,0,0,0,64,128,128,20,128,128,128,20,11.16,6.8,4.36,0,16,7,258,34,1357,0,0,0,0,0,0,0,2097152,2097152,2097152,2097152,2097152,2,2097152,2097152,2097152,2097152,4194304,10,2097152,4194304,4194304,4194304,8388608,198,131072,2097152,2097152,2097152,2097152,26,65536,131072,262144,2097152,8388608,972,0,0,0,0,0,0,0,0,0,0,0,0,128,256,256,512,512,1208,65536,2097152,4194304,4194304,8388608,1208,0,0,0,0,0,0,128,256,512,512,512,1208,470522,0,27204,13778,34775,0,41,20,0
3.6916E+13,1332,2048,8192,16384,9601,512,4096,8192,1332,4096,8192,16384,1079,4096,16384,16384,279,4096,8192,8192,19,2048,8192,8192,296,512,4096,8192,1075,1024,4096,8192,181,0,0,0,1,64,65536,131072,13993,524288,1048576,1048576,41,262144,262144,524288,41,262144,524288,524288,41,512,1024,1024,41,64,128,1024,41,64,512,1024,1813,128,512,4096,1813,64,512,4096,86409,64,256,2048,9711,64,256,1024,1403,64,512,1024,2187,256,1024,4096,1281,128,512,512,1317,64,256,2048,14463,64,512,2048,1377,64,256,1024,381,64,256,512,180,128,512,1024,171,256,256,256,9,0,0,0,0,0,0,0,0,0,0,0,0,64,128,128,21,64,128,256,21,12.59,6.23,6.36,0,19,6,296,36,1358,0,0,0,0,0,0,0,2097152,2097152,2097152,2097152,4194304,12,2097152,2097152,2097152,2097152,2097152,10,2097152,4194304,4194304,4194304,8388608,190,131072,2097152,2097152,2097152,2097152,32,65536,131072,2097152,2097152,4194304,871,0,0,0,0,0,0,0,0,0,0,0,0,128,256,256,512,512,1115,65536,2097152,4194304,4194304,8388608,1115,0,0,0,0,0,0,256,256,512,512,1024,1115,471122,0,27443,13859,34273,0,41,21,0
3.69171E+13,1332,2048,8192,16384,9621,512,4096,8192,1331,4096,8192,16384,1051,4096,16384,16384,272,8192,8192,8192,13,2048,4096,8192,243,512,4096,8192,1067,1024,4096,8192,202,0,0,0,0,128,65536,262144,13895,524288,1048576,1048576,41,262144,262144,262144,41,262144,524288,524288,41,512,1024,1024,41,64,1024,65536,41,64,512,4096,1772,64,512,4096,1772,64,512,4096,86589,64,256,1024,9459,64,256,512,1388,64,512,4096,2097,256,1024,1024,1149,128,512,1024,1086,64,256,2048,13995,64,256,512,1350,64,256,512,387,128,512,512,99,128,512,512,117,0,0,0,0,0,0,0,0,0,0,0,0,0,0,0,0,64,128,128,20,128,128,128,20,11.65,5.51,6.15,0,13,8,243,33,1323,0,0,0,0,0,0,0,0,0,0,0,2097152,1,2097152,2097152,2097152,2097152,2097152,10,2097152,4194304,4194304,4194304,8388608,150,131072,2097152,2097152,2097152,4194304,10,65536,131072,2097152,4194304,4194304,571,4194304,8388608,8388608,8388608,8388608,55,0,0,0,0,0,0,128,256,512,512,512,797,65536,4194304,4194304,8388608,8388608,797,0,0,0,0,0,0,256,512,512,1024,2048,797,471945,0,26889,13775,33677,0,41,20,0
3.69181E+13,1332,2048,8192,16384,9705,256,4096,8192,1333,4096,8192,16384,1097,4096,16384,16384,279,8192,16384,16384,15,2048,8192,8192,285,512,4096,8192,1070,1024,4096,8192,185,0,0,0,1,64,65536,131072,14102,524288,1048576,1048576,40,262144,262144,524288,40,262144,524288,524288,40,512,1024,1024,40,128,128,128,41,64,512,4096,1658,64,512,4096,1658,64,512,4096,87345,64,512,2048,9873,64,256,512,1393,64,512,1024,2259,256,1024,2048,1113,128,512,1024,1086,64,256,4096,13743,64,512,4096,1197,64,256,1024,255,64,256,512,135,128,512,4096,135,128,256,256,9,0,0,0,0,0,0,0,0,0,0,0,0,64,128,128,21,128,128,128,21,13.04,7.29,5.75,0,15,8,285,34,1376,0,0,0,0,0,0,0,2097152,2097152,2097152,2097152,4194304,7,2097152,2097152,2097152,2097152,2097152,10,2097152,4194304,4194304,4194304,4194304,191,131072,4194304,4194304,4194304,4194304,20,65536,131072,262144,4194304,4194304,928,0,0,0,0,0,0,0,0,0,0,0,0,128,256,512,512,512,1156,65536,2097152,4194304,4194304,4194304,1156,0,0,0,0,0,0,128,256,512,512,1024,1156,472507,0,27749,13994,34778,0,40,21,0
3.69191E+13,1332,2048,8192,16384,9586,512,4096,8192,1331,4096,8192,16384,1068,4096,16384,16384,271,4096,8192,8192,10,2048,4096,8192,262,512,4096,8192,1082,1024,8192,8192,182,0,0,0,0,64,65536,131072,13901,524288,1048576,1048576,41,262144,262144,262144,41,262144,524288,524288,41,512,1024,1024,41,64,16384,65536,40,64,512,4096,1524,64,512,4096,1524,64,512,4096,86274,64,256,4096,9612,64,256,512,1247,64,512,4096,2349,256,1024,1024,1221,128,512,4096,1140,64,256,4096,14157,64,256,512,1350,64,256,512,315,128,512,4096,117,128,512,512,90,0,0,0,0,0,0,0,0,0,0,0,0,0,0,0,0,64,128,128,20,128,128,128,20,13.43,7.68,5.76,0,10,4,262,39,1339,0,0,0,0,0,0,0,2097152,2097152,2097152,2097152,2097152,7,2097152,2097152,2097152,2097152,2097152,9,2097152,2097152,4194304,4194304,8388608,204,131072,2097152,2097152,2097152,4194304,20,65536,131072,2097152,2097152,4194304,966,0,0,0,0,0,0,0,0,0,0,0,0,128,256,512,512,512,1206,65536,2097152,2097152,4194304,8388608,1206,0,0,0,0,0,0,128,256,512,1024,4096,1206,472955,0,27318,13783,34554,0,41,20,0
3.69201E+13,1332,2048,8192,16384,9526,512,4096,8192,1333,4096,8192,16384,1067,4096,16384,16384,246,8192,8192,8192,14,2048,8192,8192,274,512,4096,8192,1071,1024,4096,8192,166,0,0,0,0,64,65536,131072,13813,524288,1048576,1048576,41,262144,524288,524288,41,262144,524288,524288,41,1024,1024,1024,41,128,256,32768,41,64,512,4096,1695,64,512,4096,1695,64,512,4096,85734,64,512,1024,9603,64,256,512,1474,64,512,1024,2088,256,1024,1024,1160,128,512,1024,1187,64,256,2048,14013,64,256,2048,1350,64,256,1024,351,128,512,512,108,128,512,512,126,0,0,0,0,0,0,0,0,0,0,0,0,0,0,0,0,128,128,128,20,64,128,128,20,11.87,6.45,5.42,0,14,1,274,29,1313,0,0,0,0,0,0,0,2097152,2097152,2097152,2097152,4194304,15,2097152,2097152,2097152,2097152,2097152,15,2097152,4194304,4194304,4194304,4194304,179,2097152,2097152,2097152,2097152,2097152,20,65536,131072,2097152,4194304,4194304,1009,0,0,0,0,0,0,0,0,0,0,0,0,128,256,512,512,16384,1238,65536,2097152,4194304,4194304,4194304,1238,0,0,0,0,0,0,256,256,512,1024,1024,1238,473348,0,27599,13709,35001,0,41,20,0
3.69211E+13,1343,2048,8192,16384,9435,512,4096,8192,1333,4096,8192,16384,1047,4096,16384,16384,257,8192,8192,8192,12,2048,8192,16384,290,512,4096,8192,1038,1024,4096,8192,171,0,0,0,0,64,65536,131072,13711,524288,1048576,1048576,41,262144,262144,524288,41,262144,524288,524288,41,512,1024,1024,41,128,16384,32768,41,64,512,4096,1834,64,512,2048,1735,64,512,4096,84915,64,512,2048,9423,64,256,512,1295,64,512,2048,1971,256,1024,2048,1133,128,512,512,1097,64,256,2048,13734,64,256,512,1305,64,256,512,246,64,512,1024,99,128,256,512,108,0,0,0,0,0,0,0,0,0,0,0,0,0,0,0,0,64,128,128,21,128,16384,65536,21,12.84,7.25,5.59,0,12,0,290,36,1304,0,262144,524288,524288,524288,524288,11,2097152,2097152,2097152,2097152,2097152,3,2097152,2097152,2097152,2097152,2097152,12,2097152,4194304,4194304,4194304,16777216,186,2097152,2097152,2097152,2097152,4194304,24,65536,131072,2097152,2097152,4194304,974,0,0,0,0,0,0,0,0,0,0,0,0,128,256,256,512,512,1210,65536,2097152,4194304,4194304,16777216,1210,128,256,256,256,256,11,128,256,512,1024,1024,1199,473780,0,26729,13596,34295,0,41,21,0
3.69221E+13,1336,2048,8192,16384,9595,512,4096,8192,1329,4096,8192,16384,1075,4096,16384,16384,280,8192,16384,16384,13,2048,8192,8192,253,512,4096,8192,1108,1024,8192,8192,201,0,0,0,1,64,65536,131072,13974,524288,1048576,1048576,40,262144,524288,524288,40,262144,524288,524288,40,512,1024,1024,40,64,16384,32768,40,64,512,4096,2021,64,512,4096,2084,64,512,4096,86355,64,256,1024,9675,64,256,512,1364,64,512,1024,2187,256,1024,4096,1128,128,512,1024,1083,64,256,4096,13581,64,256,512,1386,64,256,512,279,64,512,4096,126,128,512,512,117,128,256,256,9,0,0,0,0,0,0,0,0,0,0,0,0,64,128,128,20,16384,65536,65536,20,13.28,6.58,6.71,0,13,0,253,35,1355,40,262144,524288,524288,524288,524288,33,2097152,4194304,4194304,4194304,4194304,16,2097152,4194304,4194304,4194304,4194304,19,2097152,4194304,4194304,4194304,8388608,172,131072,2097152,4194304,4194304,4194304,26,65536,131072,131072,2097152,2097152,946,0,0,0,0,0,0,0,0,0,0,0,0,128,256,256,512,512,1212,65536,2097152,4194304,4194304,8388608,1212,128,256,256,256,512,33,128,256,512,1024,1024,1179,474264,0,27585,13900,34867,0,40,20,0
3.69232E+13,1347,2048,8192,16384,9601,512,4096,8192,1344,4096,8192,16384,1093,4096,16384,16384,288,8192,8192,8192,20,2048,8192,8192,289,512,4096,8192,1091,1024,8192,8192,170,0,0,0,0,64,65536,262144,14021,524288,1048576,1048576,41,262144,262144,524288,41,524288,524288,524288,41,512,1024,1024,41,64,128,256,41,64,512,4096,1676,64,512,4096,1577,64,512,4096,86409,64,512,4096,9837,64,256,512,1371,64,512,4096,2331,256,1024,1024,1059,128,512,512,1113,64,256,4096,14319,64,256,1024,1107,64,256,512,237,64,256,512,153,128,512,4096,189,0,0,0,0,0,0,0,0,0,0,0,0,0,0,0,0,64,128,128,20,128,65536,65536,20,9.88,5.58,4.31,0,20,1,289,25,1381,0,262144,524288,524288,524288,524288,11,0,0,0,0,2097152,1,2097152,2097152,2097152,2097152,4194304,11,2097152,4194304,4194304,4194304,4194304,198,131072,2097152,2097152,2097152,2097152,28,65536,131072,2097152,2097152,2097152,921,0,0,0,0,0,0,0,0,0,0,0,0,128,256,256,512,512,1170,65536,2097152,4194304,4194304,4194304,1170,128,256,256,256,256,11,128,256,512,512,1024,1159,474810,0,27479,13926,34594,0,41,20,0
3.69242E+13,1347,2048,8192,16384,9482,512,4096,8192,1341,4096,8192,16384,1054,4096,16384,16384,252,8192,8192,8192,16,2048,8192,8192,275,512,4096,8192,1072,1024,4096,8192,205,2048,2048,2048,2,64,65536,131072,13805,524288,1048576,1048576,40,262144,524288,524288,40,524288,524288,524288,40,512,1024,1024,40,64,128,128,40,64,512,4096,1791,128,512,4096,1791,64,512,4096,85338,64,512,4096,9486,64,256,512,1145,64,512,4096,2061,256,1024,1024,1146,128,512,512,1236,64,256,4096,13986,64,256,2048,1368,64,256,512,318,64,512,512,153,128,512,512,144,128,256,256,18,1024,2048,2048,40,1024,2048,2048,40,64,64,128,80,64,256,256,20,64,128,128,20,12.28,6.59,5.69,40,16,1,275,34,1306,0,0,0,0,0,0,0,2097152,2097152,2097152,2097152,2097152,12,2097152,2097152,2097152,2097152,2097152,11,2097152,4194304,4194304,4194304,4194304,188,131072,2097152,2097152,2097152,2097152,27,65536,131072,2097152,2097152,4194304,935,0,0,0,0,0,0,0,0,0,0,0,0,128,256,512,512,512,1173,65536,2097152,4194304,4194304,4194304,1173,0,0,0,0,0,0,256,256,512,512,512,1173,475309,0,27302,13775,34586,0,40,20,0
3.69252E+13,1347,2048,8192,16384,9915,512,4096,8192,1388,4096,8192,16384,1118,4096,16384,16384,286,8192,8192,8192,13,2048,8192,8192,277,512,4096,8192,1101,1024,4096,8192,179,0,0,0,1,64,65536,131072,14408,524288,1048576,1048576,41,262144,524288,524288,41,262144,524288,524288,41,512,512,1024,41,128,8192,32768,41,64,512,4096,1709,64,512,4096,1709,64,512,4096,89235,64,512,4096,10062,64,256,512,1386,64,512,1024,2385,256,512,1024,1322,128,512,512,1205,64,256,4096,14526,64,256,1024,1332,64,256,2048,333,64,512,1024,135,64,1024,4096,117,0,256,256,9,0,0,0,0,0,0,0,0,0,0,0,0,64,128,128,21,128,128,128,21,10.79,6.86,3.94,0,13,0,277,29,1404,0,0,0,0,0,0,0,0,0,0,0,2097152,1,2097152,2097152,2097152,2097152,4194304,13,2097152,4194304,4194304,8388608,8388608,198,131072,2097152,2097152,2097152,4194304,25,65536,131072,524288,2097152,4194304,916,0,0,0,0,0,0,0,0,0,0,0,0,128,256,512,512,2048,1153,65536,2097152,4194304,4194304,8388608,1153,0,0,0,0,0,0,256,256,512,512,1024,1153,475879,0,28001,14288,34771,0,41,21,0
3.69262E+13,1347,2048,8192,16384,9443,512,4096,8192,1346,4096,8192,16384,1069,4096,8192,16384,268,8192,8192,8192,15,2048,8192,8192,282,512,4096,8192,1053,1024,4096,8192,199,0,0,0,0,512,65536,262144,13796,524288,524288,1048576,41,262144,262144,262144,41,262144,524288,524288,41,512,1024,1024,41,128,16384,32768,41,64,512,4096,1791,64,512,4096,1791,64,512,4096,84987,64,512,4096,9621,64,256,512,1320,128,512,512,2322,256,1024,1024,1185,128,512,512,1086,64,256,4096,13905,64,256,512,1431,64,256,4096,315,64,256,512,108,64,512,4096,135,0,0,0,0,0,0,0,0,0,0,0,0,0,0,0,0,64,128,128,20,128,128,128,20,12.03,5.89,6.14,0,15,0,282,26,1337,0,0,0,0,0,0,0,2097152,2097152,2097152,2097152,4194304,12,2097152,2097152,2097152,2097152,4194304,6,2097152,4194304,8388608,8388608,8388608,180,131072,4194304,4194304,4194304,4194304,19,65536,131072,2097152,4194304,4194304,894,0,0,0,0,0,0,0,0,0,0,0,0,128,256,256,512,512,1111,65536,2097152,4194304,8388608,8388608,1111,0,0,0,0,0,0,256,256,512,512,1024,1111,476428,0,27667,13673,33814,0,41,20,0
3.69272E+13,1347,2048,8192,16384,9859,512,4096,8192,1349,4096,8192,16384,1084,4096,16384,16384,288,8192,16384,16384,9,2048,8192,8192,261,512,4096,8192,1092,1024,4096,8192,181,0,0,0,1,128,65536,262144,14219,524288,1048576,1048576,40,262144,524288,524288,40,262144,524288,524288,40,512,512,1024,40,64,2048,16384,40,64,512,4096,1587,64,512,4096,1587,64,512,4096,88731,64,512,4096,9756,64,256,512,1343,64,512,4096,2232,256,1024,2048,1158,128,512,1024,1077,64,256,4096,14427,64,256,2048,1431,64,256,4096,291,64,256,512,99,64,512,4096,81,128,512,512,9,0,0,0,0,0,0,0,0,0,0,0,0,64,128,128,20,64,256,256,20,13.39,6.69,6.69,0,9,0,261,38,1372,0,0,0,0,0,0,0,2097152,2097152,2097152,2097152,2097152,2,2097152,2097152,2097152,2097152,2097152,13,2097152,2097152,4194304,4194304,4194304,204,2097152,2097152,2097152,2097152,2097152,18,65536,131072,2097152,2097152,2097152,907,0,0,0,0,0,0,0,0,0,0,0,0,128,256,256,512,512,1144,65536,2097152,2097152,4194304,4194304,1144,0,0,0,0,0,0,256,256,512,1024,1024,1144,476964,0,27531,14133,34831,0,40,20,0
3.69283E+13,1347,2048,8192,16384,9694,512,4096,8192,1351,4096,8192,16384,1071,4096,16384,16384,263,8192,8192,8192,12,2048,8192,16384,290,512,4096,8192,1087,1024,4096,8192,173,0,0,0,0,64,65536,131072,14050,524288,1048576,1048576,41,262144,262144,262144,41,262144,524288,524288,41,512,1024,1024,41,64,8192,32768,41,64,512,4096,1534,64,512,1024,1534,64,512,4096,87246,64,256,1024,9639,64,256,512,1318,64,256,1024,2160,256,512,2048,1133,128,512,4096,1133,64,256,4096,15381,64,256,2048,1764,64,256,512,264,64,256,512,108,64,256,1024,108,0,0,0,0,0,0,0,0,0,0,0,0,0,0,0,0,64,64,128,21,64,128,128,21,11.8,6.28,5.51,0,12,0,290,28,1334,0,0,0,0,0,0,0,2097152,4194304,4194304,4194304,4194304,15,2097152,2097152,2097152,2097152,2097152,10,2097152,4194304,4194304,4194304,4194304,188,2097152,2097152,2097152,2097152,4194304,25,65536,131072,2097152,2097152,2097152,943,0,0,0,0,0,0,0,0,0,0,0,0,128,256,256,512,512,1181,65536,2097152,4194304,4194304,4194304,1181,0,0,0,0,0,0,128,256,512,512,512,1181,477447,0,27645,13940,35123,0,41,21,0
3.69293E+13,1347,2048,8192,16384,9780,512,4096,8192,1345,4096,8192,16384,1093,4096,8192,16384,293,8192,16384,16384,12,2048,8192,16384,262,512,4096,8192,1083,1024,4096,8192,144,0,0,0,1,64,65536,262144,14131,524288,1048576,1048576,41,262144,262144,524288,41,262144,524288,524288,41,512,1024,1024,41,64,8192,65536,41,64,512,4096,1761,64,512,4096,1761,64,512,4096,88020,64,512,4096,9837,64,256,512,1491,64,512,4096,2412,256,1024,4096,1032,128,512,512,1113,64,256,4096,15318,64,256,512,1539,64,256,512,386,128,256,256,108,128,512,512,108,64,256,256,9,0,0,0,0,0,0,0,0,0,0,0,0,64,128,128,20,128,128,128,20,14.46,7.93,6.53,0,12,1,262,31,1386,0,0,0,0,0,0,0,0,0,0,0,0,0,2097152,2097152,2097152,2097152,4194304,12,2097152,2097152,4194304,4194304,8388608,202,131072,2097152,2097152,2097152,4194304,24,65536,131072,2097152,2097152,4194304,1001,0,0,0,0,0,0,0,0,0,0,0,0,128,256,256,512,512,1239,65536,2097152,4194304,4194304,8388608,1239,0,0,0,0,0,0,256,256,512,1024,32768,1239,477900,0,27318,14030,35300,0,41,20,0
3.69303E+13,1347,2048,8192,16384,9648,512,4096,8192,1349,4096,8192,16384,1066,4096,16384,16384,266,8192,16384,16384,15,2048,8192,16384,255,512,4096,8192,1093,1024,4096,8192,204,0,0,0,0,64,65536,131072,14033,524288,1048576,1048576,41,262144,262144,262144,41,262144,524288,524288,41,512,1024,1024,41,64,8192,65536,41,64,512,4096,1560,128,512,4096,1560,64,512,4096,86832,64,512,4096,9594,64,256,512,1353,64,512,1024,2259,256,1024,4096,1062,128,512,1024,1152,64,256,4096,13635,64,256,512,1404,64,256,4096,444,64,256,512,135,128,512,512,135,0,0,0,0,0,0,0,0,0,0,0,0,0,0,0,0,64,128,128,21,128,128,256,21,12.17,6.59,5.58,0,15,0,255,38,1332,0,0,0,0,0,0,0,2097152,2097152,2097152,2097152,2097152,9,2097152,4194304,4194304,4194304,4194304,9,2097152,4194304,4194304,4194304,4194304,190,131072,2097152,4194304,4194304,4194304,22,65536,131072,262144,2097152,4194304,1048,0,0,0,0,0,0,0,0,0,0,0,0,128,256,256,512,512,1278,65536,2097152,4194304,4194304,4194304,1278,0,0,0,0,0,0,256,256,512,512,1024,1278,478262,0,27341,13927,35069,0,41,21,0
3.69313E+13,1347,2048,8192,16384,9725,512,4096,8192,1348,4096,8192,16384,1074,4096,16384,16384,269,4096,8192,8192,11,2048,8192,8192,288,512,4096,8192,1075,1024,8192,8192,203,0,0,0,0,64,65536,262144,14093,524288,1048576,1048576,40,262144,262144,262144,40,262144,524288,524288,40,512,1024,1024,40,64,65536,65536,40,64,512,4096,1593,64,512,1024,1593,64,512,4096,87525,64,512,2048,9666,64,256,512,1273,64,512,4096,2061,256,1024,4096,1137,128,512,4096,1164,64,256,4096,14076,64,256,512,1467,64,256,4096,291,64,256,512,117,128,512,1024,99,0,0,0,0,0,0,0,0,0,0,0,0,0,0,0,0,64,128,128,20,128,128,128,20,13.31,7.23,6.07,0,11,4,288,23,1343,0,0,0,0,0,0,0,2097152,2097152,2097152,2097152,4194304,8,2097152,4194304,4194304,4194304,16777216,13,2097152,4194304,4194304,4194304,4194304,183,131072,2097152,2097152,2097152,2097152,15,65536,131072,2097152,2097152,2097152,879,0,0,0,0,0,0,0,0,0,0,0,0,128,256,512,512,1024,1098,65536,2097152,4194304,4194304,16777216,1098,0,0,0,0,0,0,256,256,512,512,512,1098,478833,0,27196,13967,34359,4,40,20,0
3.69323E+13,1307,2048,8192,16384,9518,512,4096,8192,1307,4096,8192,16384,1065,4096,16384,16384,259,8192,8192,8192,11,2048,8192,8192,279,512,4096,8192,1053,1024,4096,8192,168,0,0,0,0,64,65536,131072,13754,524288,1048576,1048576,41,262144,262144,524288,41,262144,524288,524288,41,512,1024,1024,41,64,128,128,41,64,512,4096,1677,64,512,512,2037,64,512,4096,85662,64,256,4096,9585,64,256,512,1424,64,512,2048,1971,256,1024,4096,1110,128,512,1024,1056,64,256,2048,14400,64,256,512,1323,64,256,512,246,64,256,256,99,64,256,1024,99,0,0,0,0,0,0,0,0,0,0,0,0,0,0,0,0,64,128,128,20,128,128,128,20,10.77,6.21,4.56,0,11,2,279,34,1324,40,0,0,0,0,0,0,2097152,2097152,2097152,2097152,4194304,11,2097152,2097152,2097152,2097152,2097152,8,2097152,4194304,4194304,4194304,4194304,193,131072,2097152,2097152,2097152,2097152,18,65536,131072,2097152,4194304,8388608,931,0,0,0,0,0,0,0,0,0,0,0,0,128,256,256,512,512,1161,65536,2097152,4194304,4194304,8388608,1161,0,0,0,0,0,0,128,256,512,1024,1024,1161,479362,0,27285,13695,34325,0,41,20,0
3.69333E+13,1307,2048,8192,16384,9128,512,4096,8192,1306,4096,8192,16384,1034,4096,16384,16384,262,8192,8192,8192,11,2048,8192,8192,267,512,4096,8192,1030,1024,4096,8192,170,0,0,0,0,64,65536,262144,13310,524288,524288,1048576,41,262144,262144,262144,41,262144,524288,524288,41,512,1024,1024,41,64,1024,32768,41,64,512,4096,1587,64,512,4096,1587,64,512,4096,82152,64,256,4096,9306,64,256,512,1432,64,256,4096,2007,256,512,2048,1068,128,256,512,1032,64,256,2048,14472,64,256,512,1404,64,256,512,297,64,512,4096,108,128,512,4096,99,0,0,0,0,0,0,0,0,0,0,0,0,0,0,0,0,64,128,128,21,128,128,256,21,11.11,6.33,4.78,0,11,7,267,28,1296,0,0,0,0,0,0,0,2097152,2097152,2097152,2097152,4194304,13,2097152,2097152,2097152,2097152,2097152,15,2097152,4194304,4194304,4194304,4194304,184,131072,2097152,2097152,2097152,2097152,26,65536,131072,2097152,2097152,2097152,1052,0,0,0,0,0,0,0,0,0,0,0,0,128,256,256,512,512,1290,65536,2097152,4194304,4194304,4194304,1290,0,0,0,0,0,0,256,256,512,1024,1024,1290,479681,0,26717,13228,34070,0,41,21,0
3.69344E+13,1307,2048,8192,16384,9602,512,4096,8192,1308,4096,8192,16384,1072,4096,8192,16384,288,4096,8192,16384,22,2048,8192,8192,246,512,4096,8192,1064,1024,4096,8192,191,0,0,0,1,64,65536,262144,13936,524288,1048576,1048576,41,262144,262144,524288,41,262144,524288,524288,41,512,1024,2048,41,64,256,2048,41,64,512,4096,1635,64,512,1024,1635,64,512,4096,86418,64,256,1024,9648,64,256,512,1292,64,256,1024,2358,256,1024,1024,1128,128,512,512,1182,64,256,4096,14760,64,256,512,1449,64,256,4096,243,64,256,512,162,128,256,4096,198,0,256,256,9,1024,2048,2048,40,1024,1024,1024,40,64,64,64,80,64,128,128,20,64,256,256,20,10.15,5.84,4.31,40,22,10,246,37,1360,0,0,0,0,0,0,0,2097152,2097152,2097152,2097152,2097152,5,2097152,4194304,4194304,4194304,4194304,6,2097152,4194304,4194304,4194304,4194304,194,131072,2097152,2097152,2097152,4194304,21,65536,131072,2097152,4194304,4194304,889,0,0,0,0,0,0,0,0,0,0,0,0,128,256,512,512,512,1115,65536,2097152,4194304,4194304,4194304,1115,0,0,0,0,0,0,256,256,512,512,32768,1115,480281,0,26765,13883,33854,0,41,20,0
3.69354E+13,1307,2048,8192,16384,9409,512,4096,8192,1308,4096,8192,16384,1056,4096,8192,16384,257,8192,8192,8192,11,2048,8192,8192,281,512,4096,8192,1055,1024,8192,8192,172,0,0,0,0,64,65536,262144,13665,524288,1048576,1048576,40,262144,262144,262144,40,262144,524288,524288,40,512,1024,1024,40,64,256,2048,40,128,512,4096,1697,128,512,4096,1697,64,512,4096,84681,64,256,2048,9504,64,256,512,1221,64,512,1024,2196,256,1024,2048,1176,128,512,512,1203,64,256,2048,13761,64,256,2048,1377,64,256,512,375,64,256,512,126,128,1024,4096,99,0,0,0,0,0,0,0,0,0,0,0,0,0,0,0,0,128,128,128,20,128,128,128,20,11.91,5.89,6.02,0,11,18,281,34,1313,0,0,0,0,0,0,0,2097152,2097152,2097152,2097152,4194304,6,2097152,2097152,2097152,2097152,4194304,10,2097152,4194304,4194304,4194304,8388608,191,2097152,4194304,4194304,4194304,4194304,24,65536,131072,131072,4194304,4194304,976,0,0,0,0,0,0,0,0,0,0,0,0,128,256,256,512,512,1207,65536,2097152,4194304,4194304,8388608,1207,0,0,0,0,0,0,128,256,512,512,1024,1207,480731,0,26838,13544,34488,0,40,20,0
3.69364E+13,1307,2048,8192,16384,9477,256,4096,8192,1307,4096,8192,16384,1030,4096,8192,16384,251,8192,16384,16384,15,2048,8192,8192,258,512,4096,8192,1072,1024,4096,8192,154,0,0,0,0,64,65536,131072,13658,524288,1048576,1048576,41,262144,262144,262144,41,262144,524288,524288,41,512,1024,1024,41,64,128,128,41,64,512,4096,1719,128,512,4096,1719,64,512,4096,85293,64,256,4096,9270,64,256,512,1317,64,512,1024,1872,256,1024,4096,1133,128,512,512,1106,64,256,4096,14166,64,256,512,1413,64,256,512,246,64,256,256,135,64,512,4096,135,0,0,0,0,0,0,0,0,0,0,0,0,0,0,0,0,64,128,128,21,128,128,128,21,10.3,5.54,4.77,0,15,22,258,38,1281,0,0,0,0,0,0,0,2097152,2097152,2097152,2097152,2097152,3,2097152,2097152,2097152,2097152,4194304,6,2097152,4194304,4194304,4194304,4194304,158,131072,2097152,2097152,2097152,4194304,26,65536,131072,2097152,2097152,4194304,744,2097152,2097152,4194304,4194304,4194304,53,0,0,0,0,0,0,128,256,256,512,1024,990,65536,2097152,4194304,4194304,4194304,990,0,0,0,0,0,0,256,256,512,1024,4096,990,481355,0,26576,13573,33787,0,41,21,0
3.69374E+13,1307,2048,8192,16384,9296,512,4096,8192,1306,4096,8192,16384,1051,4096,16384,16384,258,8192,8192,8192,15,2048,8192,8192,292,512,4096,8192,1039,1024,4096,8192,182,0,0,0,0,128,65536,262144,13553,524288,1048576,1048576,40,262144,524288,524288,40,262144,524288,524288,40,512,1024,1024,40,128,32768,65536,40,128,512,4096,1756,128,512,4096,1756,64,512,4096,83664,64,256,2048,9459,64,256,512,1319,64,512,4096,2223,256,1024,1024,1083,128,512,512,1218,64,256,2048,13239,64,256,512,1341,64,256,512,336,64,256,512,144,128,256,512,135,0,0,0,0,0,0,0,0,0,0,0,0,0,0,0,0,64,128,128,20,128,256,256,20,13.59,6.92,6.67,0,15,25,292,19,1309,0,0,0,0,0,0,0,2097152,4194304,4194304,4194304,4194304,14,2097152,2097152,2097152,2097152,4194304,8,2097152,4194304,4194304,4194304,4194304,194,65536,2097152,2097152,2097152,2097152,22,65536,131072,2097152,4194304,4194304,917,0,0,0,0,0,0,0,0,0,0,0,0,128,256,256,512,512,1155,65536,2097152,4194304,4194304,4194304,1155,0,0,0,0,0,0,128,256,512,512,1024,1155,481860,0,26758,13449,33900,0,40,20,0
3.69384E+13,1307,2048,8192,16384,9464,512,4096,8192,1307,4096,8192,16384,1060,4096,8192,16384,297,8192,8192,8192,11,2048,8192,8192,243,512,4096,8192,1067,1024,4096,8192,190,0,0,0,1,64,65536,131072,13754,524288,524288,1048576,41,262144,262144,262144,41,262144,524288,524288,41,512,1024,1024,41,64,128,128,41,64,512,1024,1704,64,512,4096,1704,64,512,4096,85176,64,256,4096,9540,64,256,512,1390,64,512,4096,2439,256,512,1024,1108,128,256,512,1072,64,256,4096,13716,64,256,512,1503,64,256,512,282,64,256,512,99,128,512,1024,99,128,256,256,9,0,0,0,0,0,0,0,0,0,0,0,0,64,128,128,20,128,128,128,20,12,7.15,4.85,0,11,26,243,45,1357,0,0,0,0,0,0,0,2097152,2097152,2097152,2097152,2097152,4,2097152,2097152,2097152,2097152,4194304,7,2097152,4194304,4194304,4194304,4194304,199,131072,2097152,2097152,2097152,4194304,35,65536,131072,2097152,2097152,2097152,1007,0,0,0,0,0,0,0,0,0,0,0,0,128,256,512,512,512,1252,65536,2097152,4194304,4194304,4194304,1252,0,0,0,0,0,0,256,256,512,512,1024,1252,482290,0,26695,13654,34448,0,41,20,0
3.69394E+13,1307,2048,8192,16384,9370,512,4096,8192,1408,4096,8192,16384,1060,4096,16384,32768,254,8192,16384,16384,15,2048,8192,8192,268,512,4096,8192,1028,1024,4096,8192,184,0,0,0,0,64,65536,262144,13688,524288,1048576,1048576,41,262144,262144,524288,41,262144,524288,524288,41,512,1024,1024,41,64,128,16384,41,64,512,4096,1521,64,512,4096,1521,64,512,4096,84330,64,512,4096,9540,64,256,512,1227,64,512,2048,1998,256,1024,4096,1098,128,512,1024,1080,64,256,4096,13878,64,512,4096,1413,64,256,4096,363,64,256,512,117,128,512,4096,135,0,0,0,0,0,0,0,0,0,0,0,0,0,0,0,0,64,128,128,21,64,128,128,21,12.2,6.86,5.34,0,15,25,268,33,1314,0,0,0,0,0,0,0,2097152,2097152,2097152,2097152,4194304,16,2097152,2097152,2097152,2097152,2097152,7,2097152,4194304,4194304,4194304,8388608,181,131072,2097152,2097152,2097152,4194304,26,65536,131072,2097152,2097152,4194304,790,0,0,0,0,0,0,0,0,0,0,0,0,128,256,256,512,512,1020,65536,2097152,4194304,4194304,8388608,1020,0,0,0,0,0,0,256,256,512,512,512,1020,482925,0,26944,13576,33487,0,41,21,0
3.69405E+13,1310,2048,8192,16384,9331,512,4096,8192,1206,4096,8192,16384,1035,4096,16384,16384,233,8192,8192,8192,13,2048,4096,8192,260,512,4096,8192,1046,1024,4096,8192,185,0,0,0,0,64,65536,131072,13425,524288,1048576,1048576,41,262144,262144,524288,41,262144,524288,524288,41,512,1024,1024,41,64,1024,16384,41,64,512,4096,1816,64,512,4096,1789,64,512,4096,83979,64,256,1024,9315,64,256,512,1121,64,512,4096,1953,256,512,1024,1110,128,512,512,1047,64,256,2048,14319,64,256,4096,1395,64,256,1024,327,64,256,256,117,64,512,512,117,0,0,0,0,0,0,0,0,0,0,0,0,0,0,0,0,64,128,128,20,64,256,256,20,13.14,7.73,5.41,0,13,28,260,27,1268,0,262144,262144,262144,262144,524288,5,2097152,2097152,2097152,2097152,4194304,9,2097152,2097152,2097152,2097152,2097152,11,2097152,4194304,4194304,4194304,4194304,182,2097152,2097152,2097152,2097152,4194304,18,65536,131072,2097152,2097152,4194304,955,0,0,0,0,0,0,0,0,0,0,0,0,128,256,512,512,512,1180,65536,2097152,4194304,4194304,4194304,1180,128,256,256,256,256,5,256,256,512,512,1024,1175,483341,0,26424,13331,34072,0,41,20,0
3.69415E+13,1312,2048,8192,16384,9765,512,4096,8192,1514,4096,8192,16384,1076,4096,8192,16384,313,8192,16384,16384,15,2048,8192,8192,276,512,4096,8192,1093,1024,8192,8192,187,0,0,0,0,256,65536,131072,14347,524288,1048576,1048576,41,262144,524288,524288,41,262144,524288,524288,41,512,512,1024,41,64,256,512,41,64,512,4096,2127,64,512,2048,2109,64,512,4096,87885,64,512,1024,9684,64,256,512,1485,64,512,4096,2520,256,1024,4096,1028,128,512,512,1055,64,256,4096,14364,64,512,2048,1557,64,512,512,216,64,512,512,90,128,512,4096,135,0,0,0,0,0,0,0,0,0,0,0,0,0,0,0,0,64,128,128,21,256,131072,131072,21,12.06,7.36,4.7,0,15,25,276,29,1389,39,262144,262144,262144,262144,524288,39,2097152,2097152,2097152,2097152,4194304,10,2097152,2097152,2097152,2097152,2097152,7,2097152,2097152,4194304,4194304,16777216,192,131072,2097152,2097152,2097152,2097152,21,65536,131072,2097152,2097152,4194304,1020,0,0,0,0,0,0,0,0,0,0,0,0,128,256,256,512,2048,1289,65536,2097152,2097152,4194304,16777216,1289,64,256,256,256,256,39,128,256,512,512,512,1250,483825,0,27287,14283,35415,0,41,21,0
3.69425E+13,1321,2048,8192,16384,9376,512,4096,8192,1519,4096,8192,16384,1087,4096,16384,16384,286,8192,8192,8192,10,2048,8192,8192,275,512,4096,8192,1068,1024,4096,8192,170,0,0,0,0,128,65536,131072,13905,524288,1048576,1048576,40,262144,262144,262144,40,262144,524288,524288,40,512,1024,1024,40,64,32768,65536,40,64,512,4096,1738,64,512,4096,1657,64,512,4096,84384,64,512,4096,9783,64,256,512,1426,64,512,1024,2385,256,1024,4096,1071,128,512,512,1134,64,256,4096,13716,64,256,512,1530,64,256,512,324,64,256,512,108,128,512,4096,90,0,0,0,0,0,0,0,0,0,0,0,0,0,0,0,0,64,256,256,20,128,32768,32768,20,11.35,5.8,5.55,0,10,27,275,31,1373,0,262144,262144,262144,262144,262144,9,2097152,2097152,2097152,2097152,2097152,6,2097152,2097152,2097152,2097152,2097152,9,2097152,4194304,4194304,4194304,8388608,188,131072,2097152,2097152,2097152,2097152,17,65536,131072,2097152,2097152,2097152,1012,0,0,0,0,0,0,0,0,0,0,0,0,128,256,256,512,512,1241,65536,2097152,4194304,4194304,8388608,1241,128,256,256,256,256,9,256,256,512,1024,2048,1232,484300,0,26954,13787,34852,2,40,20,0
3.69435E+13,1321,2048,8192,16384,9553,512,4096,8192,1349,4096,8192,16384,1048,4096,16384,32768,238,8192,8192,8192,13,2048,8192,8192,289,512,4096,8192,1081,1024,4096,8192,160,0,0,0,1,64,65536,131072,13838,524288,1048576,1048576,41,262144,262144,262144,41,262144,524288,524288,41,512,1024,1024,41,64,128,256,41,128,512,4096,1699,128,512,4096,1699,64,512,4096,85977,64,512,4096,9432,64,256,512,1347,64,256,512,2052,256,1024,4096,1059,128,512,512,1005,64,256,4096,14382,64,256,2048,1359,64,256,512,369,64,256,512,99,64,512,4096,117,64,256,256,9,1024,2048,2048,11,1024,1024,1024,11,64,64,64,22,64,128,128,20,128,128,128,20,11.3,6.6,4.7,11,13,23,289,19,1286,0,0,0,0,0,0,0,2097152,8388608,8388608,8388608,8388608,13,2097152,4194304,4194304,4194304,4194304,6,2097152,4194304,4194304,4194304,4194304,189,131072,2097152,2097152,2097152,4194304,24,65536,131072,131072,4194304,4194304,931,0,0,0,0,0,0,0,0,0,0,0,0,128,256,256,512,512,1163,65536,2097152,4194304,4194304,8388608,1163,0,0,0,0,0,0,128,256,512,512,1024,1163,484778,0,27031,13743,33946,1,41,20,0
3.69445E+13,1321,2048,8192,16384,9596,512,4096,8192,1321,4096,8192,16384,1061,4096,16384,16384,248,8192,8192,8192,12,2048,8192,8192,256,512,4096,8192,1064,1024,4096,8192,162,0,0,0,0,64,65536,131072,13836,524288,1048576,1048576,40,262144,262144,524288,40,262144,524288,524288,40,512,512,512,40,64,128,8192,40,64,512,4096,1682,64,512,4096,1682,64,512,4096,86364,64,256,1024,9549,64,256,512,1356,64,512,1024,2187,256,1024,4096,1254,128,512,512,1218,64,256,4096,14283,64,256,2048,1449,64,256,4096,267,64,256,1024,117,128,512,512,108,0,0,0,0,1024,2048,2048,29,1024,1024,1024,29,64,64,64,58,64,128,128,20,128,128,128,20,11.49,6.33,5.16,29,12,23,256,29,1309,0,0,0,0,0,0,0,0,0,0,0,2097152,1,2097152,2097152,2097152,2097152,2097152,11,2097152,4194304,4194304,4194304,4194304,207,131072,2097152,2097152,2097152,2097152,22,65536,131072,2097152,2097152,4194304,919,0,0,0,0,0,0,0,0,0,0,0,0,128,256,256,512,8192,1160,65536,2097152,4194304,4194304,4194304,1160,0,0,0,0,0,0,256,256,512,512,1024,1160,485276,0,26870,13806,33978,0,40,20,0
3.69455E+13,1321,2048,8192,16384,9441,512,4096,8192,1315,4096,8192,16384,1067,4096,16384,16384,283,8192,8192,8192,15,2048,8192,8192,275,512,4096,8192,1076,1024,4096,8192,209,0,0,0,0,64,65536,131072,13798,524288,1048576,1048576,41,262144,262144,524288,41,262144,524288,524288,41,256,1024,1024,41,128,8192,32768,41,64,512,4096,1762,64,512,4096,1762,64,512,4096,84969,64,512,4096,9603,64,256,512,1457,64,512,4096,2340,256,1024,4096,1074,128,512,4096,1092,64,256,4096,14472,64,256,4096,1476,0,256,4096,330,64,256,512,117,128,256,512,135,0,0,0,0,0,0,0,0,0,0,0,0,0,0,0,0,64,128,128,21,64,128,128,21,11.58,5.85,5.73,0,15,32,275,34,1350,0,0,0,0,0,0,0,2097152,2097152,2097152,2097152,4194304,11,2097152,2097152,2097152,2097152,2097152,2,2097152,4194304,4194304,4194304,4194304,207,131072,2097152,2097152,2097152,2097152,16,65536,131072,2097152,2097152,2097152,1024,0,0,0,0,0,0,0,0,0,0,0,0,128,256,256,512,512,1260,65536,2097152,4194304,4194304,4194304,1260,0,0,0,0,0,0,256,256,512,1024,32768,1260,485722,0,26644,13713,34707,0,41,21,0
3.69466E+13,1321,2048,8192,16384,9371,512,4096,8192,1324,4096,8192,16384,1083,4096,8192,16384,275,8192,16384,16384,14,2048,8192,16384,262,512,4096,8192,1046,1024,4096,8192,202,0,0,0,1,1024,65536,262144,13699,524288,1048576,1048576,41,262144,262144,524288,41,262144,524288,524288,41,256,512,1024,41,64,16384,65536,41,128,512,4096,1637,128,512,1024,1637,64,512,4096,84339,64,256,4096,9747,64,256,512,1446,64,256,4096,2286,256,1024,4096,1133,128,512,4096,1124,64,256,4096,14553,64,256,512,1314,64,256,512,279,64,256,256,135,128,512,4096,126,64,4096,4096,9,0,0,0,0,0,0,0,0,0,0,0,0,64,128,128,20,128,128,128,20,11.71,6.69,5.02,0,14,27,262,25,1358,0,0,0,0,0,0,0,2097152,2097152,2097152,2097152,2097152,9,2097152,2097152,2097152,2097152,2097152,7,2097152,4194304,4194304,4194304,4194304,199,131072,2097152,2097152,2097152,2097152,25,65536,131072,2097152,2097152,4194304,972,0,0,0,0,0,0,0,0,0,0,0,0,128,256,512,512,1024,1212,65536,2097152,4194304,4194304,4194304,1212,0,0,0,0,0,0,256,256,512,1024,1024,1212,486196,0,27485,13605,34198,1,41,20,0
3.69476E+13,1321,2048,8192,16384,9532,512,4096,8192,1318,4096,8192,16384,1041,4096,16384,16384,254,8192,16384,16384,14,2048,8192,8192,283,512,4096,8192,1054,1024,4096,8192,172,0,0,0,0,128,65536,131072,13751,524288,1048576,1048576,40,262144,262144,262144,40,262144,524288,524288,40,512,1024,1024,40,64,256,8192,40,64,512,1024,1590,128,512,4096,1590,128,512,4096,85788,64,512,1024,9369,64,256,512,1345,64,512,1024,2088,256,1024,4096,1236,128,512,1024,1182,64,256,4096,13698,64,256,512,1413,64,256,512,315,64,256,512,117,128,512,4096,126,0,0,0,0,0,0,0,0,0,0,0,0,0,0,0,0,64,128,128,20,128,128,128,20,13.05,7.29,5.76,0,14,27,283,30,1295,0,0,0,0,0,0,0,2097152,2097152,2097152,2097152,2097152,2,2097152,2097152,2097152,2097152,2097152,4,2097152,4194304,4194304,4194304,4194304,203,131072,2097152,2097152,2097152,2097152,16,65536,131072,2097152,2097152,2097152,1023,0,0,0,0,0,0,0,0,0,0,0,0,128,256,512,512,512,1248,65536,2097152,2097152,4194304,4194304,1248,0,0,0,0,0,0,256,256,512,512,1024,1248,486597,0,27041,13654,34355,0,40,20,0
3.69486E+13,1321,2048,8192,16384,9521,512,4096,8192,1322,4096,8192,16384,1043,4096,16384,16384,288,8192,8192,8192,11,2048,8192,8192,261,512,4096,8192,1075,1024,4096,8192,174,0,0,0,0,128,65536,131072,13809,524288,524288,1048576,41,262144,262144,524288,41,262144,524288,524288,41,512,512,512,41,64,128,512,41,64,512,4096,1738,64,512,2048,1738,64,512,4096,85689,64,256,2048,9387,64,256,512,1544,64,512,4096,2358,256,1024,4096,1040,128,256,512,1049,64,256,2048,14562,64,256,2048,1341,64,256,512,312,64,512,4096,108,64,512,4096,99,0,0,0,0,0,0,0,0,0,0,0,0,0,0,0,0,64,128,128,21,64,128,128,21,10.99,6.01,4.99,0,11,30,261,29,1331,0,0,0,0,0,0,0,2097152,2097152,4194304,4194304,4194304,21,2097152,2097152,2097152,2097152,2097152,4,2097152,4194304,4194304,4194304,8388608,176,65536,2097152,2097152,2097152,4194304,16,65536,131072,2097152,4194304,4194304,842,0,0,0,0,0,0,0,0,0,0,0,0,128,256,512,512,512,1059,65536,2097152,4194304,4194304,8388608,1059,0,0,0,0,0,0,256,256,512,512,1024,1059,487200,0,26896,13705,33658,0,41,21,0
3.69496E+13,1321,2048,8192,16384,9346,512,4096,8192,1319,4096,8192,16384,1039,4096,16384,16384,280,8192,8192,8192,11,2048,8192,16384,253,512,4096,8192,1034,1024,4096,8192,169,0,0,0,0,256,65536,262144,13576,524288,1048576,1048576,41,262144,262144,524288,41,262144,524288,524288,41,512,1024,1024,41,128,128,8192,41,64,512,4096,1646,128,512,4096,1646,64,512,4096,84114,64,512,2048,9351,64,256,512,1269,64,256,512,2493,256,1024,4096,1032,128,512,512,1050,64,256,4096,13320,64,256,2048,1476,64,256,4096,342,64,256,512,99,128,512,4096,99,0,0,0,0,0,0,0,0,0,0,0,0,0,0,0,0,64,128,128,20,128,128,128,20,11.39,6.4,4.99,0,11,16,253,25,1319,0,0,0,0,0,0,0,2097152,2097152,2097152,2097152,16777216,7,2097152,2097152,2097152,2097152,2097152,4,2097152,2097152,4194304,4194304,8388608,209,2097152,2097152,2097152,2097152,4194304,18,65536,131072,131072,2097152,2097152,991,0,0,0,0,0,0,0,0,0,0,0,0,128,256,512,512,512,1229,65536,2097152,2097152,4194304,16777216,1229,0,0,0,0,0,0,128,256,512,512,1024,1229,487595,0,26684,13472,33873,0,41,20,0
3.69506E+13,1321,2048,8192,16384,9634,512,4096,8192,1483,4096,8192,16384,1112,4096,16384,16384,239,8192,16384,16384,18,2048,8192,16384,278,512,4096,8192,1074,1024,4096,8192,163,0,0,0,1,512,65536,262144,14129,524288,1048576,1048576,41,262144,262144,524288,41,262144,524288,524288,41,512,1024,1024,41,64,128,2048,41,64,512,4096,1629,128,512,4096,1629,64,512,4096,86706,64,256,1024,10008,64,256,512,1280,64,512,1024,2169,256,1024,4096,1107,128,512,512,1188,64,256,4096,14625,64,256,2048,1278,64,256,512,291,64,256,1024,171,128,512,4096,162,64,256,256,9,0,0,0,0,0,0,0,0,0,0,0,0,64,128,128,21,128,128,256,21,11.03,6.67,4.36,0,18,17,278,30,1351,0,0,0,0,0,0,0,2097152,2097152,2097152,2097152,2097152,9,2097152,2097152,2097152,2097152,2097152,3,2097152,4194304,4194304,4194304,4194304,195,131072,2097152,2097152,2097152,4194304,23,65536,131072,2097152,2097152,4194304,1066,0,0,0,0,0,0,0,0,0,0,0,0,128,256,512,512,512,1296,65536,2097152,4194304,4194304,4194304,1296,0,0,0,0,0,0,128,256,512,512,1024,1296,487993,0,26695,14012,34209,0,41,21,0
3.69517E+13,1282,2048,8192,16384,9592,512,4096,8192,1310,4096,8192,16384,1077,4096,16384,16384,256,4096,8192,8192,16,2048,4096,8192,262,512,4096,8192,1071,1024,4096,8192,180,0,0,0,0,512,65536,131072,13901,524288,1048576,1048576,40,262144,524288,524288,40,262144,524288,524288,40,512,1024,1024,40,64,2048,8192,40,64,512,4096,1573,64,512,1024,1924,64,512,4096,86328,64,512,4096,9693,64,256,512,1406,64,512,2048,2223,256,1024,1024,1107,128,512,4096,1080,64,256,4096,14238,64,256,2048,1530,64,256,256,189,64,256,512,135,128,256,512,144,0,0,0,0,0,0,0,0,0,0,0,0,0,0,0,0,64,128,128,20,128,128,128,20,11.89,6.65,5.24,0,16,23,262,29,1333,39,0,0,0,0,0,0,0,0,0,0,0,0,2097152,2097152,2097152,2097152,4194304,6,2097152,4194304,4194304,4194304,8388608,197,131072,4194304,4194304,4194304,4194304,16,65536,131072,2097152,4194304,4194304,981,0,0,0,0,0,0,0,0,0,0,0,0,128,256,512,512,2048,1200,65536,2097152,4194304,4194304,8388608,1200,0,0,0,0,0,0,128,256,512,512,1024,1200,488495,0,26717,13840,33819,1,40,20,0
3.69527E+13,1282,2048,8192,16384,9235,512,4096,8192,1285,4096,8192,16384,1002,4096,16384,32768,285,8192,8192,8192,19,2048,8192,8192,288,512,4096,8192,1014,1024,4096,8192,174,0,0,0,0,64,65536,131072,13434,524288,524288,524288,41,262144,262144,262144,41,262144,524288,524288,41,512,1024,1024,41,64,128,2048,41,64,512,4096,1750,64,512,512,1750,64,512,4096,83115,64,256,1024,9018,64,256,512,1429,64,256,1024,2367,256,512,1024,1092,128,512,2048,1155,64,256,4096,13806,64,256,2048,1512,0,256,512,291,64,256,512,171,128,512,4096,171,0,0,0,0,0,0,0,0,0,0,0,0,0,0,0,0,64,128,128,20,128,256,256,20,12.3,6.21,6.08,0,19,21,288,29,1287,0,0,0,0,0,0,0,2097152,4194304,4194304,4194304,4194304,13,2097152,2097152,2097152,2097152,4194304,3,2097152,4194304,4194304,4194304,4194304,197,131072,2097152,4194304,4194304,4194304,26,65536,131072,2097152,2097152,4194304,909,0,0,0,0,0,0,0,0,0,0,0,0,128,256,256,512,512,1148,65536,2097152,4194304,4194304,4194304,1148,0,0,0,0,0,0,256,256,512,1024,1024,1148,488991,0,26526,13318,33428,0,41,20,0
3.69537E+13,1282,2048,8192,16384,9114,512,4096,8192,1281,4096,8192,16384,976,4096,8192,16384,285,8192,16384,16384,13,2048,4096,8192,230,512,4096,8192,1049,1024,4096,8192,191,0,0,0,0,1024,65536,262144,13234,524288,1048576,1048576,41,262144,262144,524288,41,262144,524288,524288,41,256,512,512,41,64,8192,32768,41,64,512,4096,1746,64,512,4096,1746,64,512,4096,82026,64,256,1024,8784,64,256,512,1435,64,512,1024,2268,256,1024,2048,1077,128,512,512,1131,64,256,2048,13518,64,256,4096,1206,64,256,1024,336,64,256,256,108,128,512,4096,117,0,0,0,0,1024,2048,2048,11,1024,1024,1024,9,64,64,64,20,64,128,128,21,64,128,128,21,10.6,5.3,5.3,9,13,24,230,32,1261,0,0,0,0,0,0,0,2097152,2097152,2097152,2097152,2097152,3,2097152,2097152,2097152,2097152,2097152,4,2097152,4194304,4194304,4194304,4194304,207,131072,2097152,2097152,2097152,2097152,19,65536,131072,2097152,2097152,4194304,1042,0,0,0,0,0,0,0,0,0,0,0,0,128,256,512,512,512,1275,65536,2097152,4194304,4194304,4194304,1275,0,0,0,0,0,0,256,256,512,512,1024,1275,489285,0,25541,13150,33269,0,41,21,0
3.69547E+13,1282,2048,8192,16384,9316,512,4096,8192,1282,4096,8192,16384,1062,4096,16384,32768,233,8192,8192,8192,8,2048,8192,8192,264,512,4096,8192,1019,1024,4096,4096,159,0,0,0,0,4096,65536,131072,13420,524288,524288,1048576,41,262144,262144,262144,41,262144,524288,524288,41,256,512,512,41,64,32768,32768,41,64,512,2048,1688,64,512,4096,1688,64,512,4096,83844,64,512,1024,9558,64,256,512,1249,64,512,1024,1890,256,1024,4096,1164,128,512,512,1110,64,256,2048,13833,64,256,512,1314,64,256,512,237,64,256,256,81,128,512,2048,72,0,0,0,0,1024,2048,2048,28,1024,1024,2048,30,64,64,256,58,64,128,128,20,64,128,128,20,11.55,6.47,5.08,30,8,17,264,32,1295,0,0,0,0,0,0,0,2097152,2097152,2097152,2097152,2097152,14,2097152,2097152,2097152,2097152,2097152,4,2097152,4194304,4194304,4194304,4194304,182,65536,2097152,2097152,2097152,2097152,21,65536,131072,2097152,2097152,2097152,937,2097152,2097152,2097152,2097152,4194304,23,0,0,0,0,0,0,128,256,512,512,512,1181,65536,2097152,4194304,4194304,4194304,1181,0,0,0,0,0,0,256,256,512,512,1024,1181,489750,0,25928,13365,32713,0,41,20,0
3.69557E+13,1282,2048,8192,16384,9082,512,4096,8192,1281,4096,8192,16384,1016,4096,16384,16384,262,8192,8192,8192,11,2048,8192,16384,267,512,4096,8192,998,1024,4096,8192,183,0,0,0,1,1024,65536,131072,13222,524288,1048576,1048576,40,262144,262144,262144,40,262144,524288,524288,40,512,512,1024,40,64,128,1024,40,128,512,4096,1626,128,512,4096,1626,64,512,4096,81738,64,512,4096,9144,64,256,512,1277,64,512,1024,2196,256,1024,4096,1143,128,512,512,1107,64,256,4096,13248,64,256,1024,1197,64,256,512,330,64,256,512,117,64,256,512,99,64,256,256,9,0,0,0,0,0,0,0,0,0,0,0,0,64,128,128,20,128,256,256,20,10.08,5.81,4.26,0,11,7,267,45,1278,0,0,0,0,0,0,0,2097152,2097152,2097152,2097152,2097152,3,2097152,2097152,2097152,2097152,2097152,3,2097152,4194304,4194304,4194304,4194304,177,131072,2097152,2097152,2097152,2097152,22,65536,131072,2097152,2097152,2097152,874,2097152,2097152,2097152,2097152,4194304,31,0,0,0,0,0,0,128,256,512,512,512,1110,65536,2097152,4194304,4194304,4194304,1110,0,0,0,0,0,0,128,256,512,512,512,1110,490248,0,25824,13112,32185,0,40,20,0
3.69567E+13,1282,2048,8192,16384,9413,512,4096,8192,1280,4096,8192,16384,1046,4096,16384,16384,282,8192,8192,8192,18,2048,8192,8192,269,512,4096,8192,1072,1024,4096,8192,163,0,0,0,0,1024,65536,262144,13679,524288,1048576,1048576,41,262144,262144,524288,41,262144,524288,524288,41,512,1024,1024,41,64,128,2048,41,64,512,4096,1783,64,512,4096,1783,64,512,4096,84717,64,512,2048,9414,64,256,512,1547,64,512,4096,2412,256,1024,1024,1131,128,512,512,1230,64,256,2048,13284,64,256,4096,1224,64,256,512,240,64,256,512,153,64,512,4096,162,0,0,0,0,0,0,0,0,0,0,0,0,0,0,0,0,64,128,128,21,128,256,256,21,10.67,5.97,4.7,0,18,13,269,36,1328,0,0,0,0,0,0,0,2097152,4194304,4194304,4194304,4194304,14,2097152,2097152,2097152,2097152,2097152,3,2097152,4194304,4194304,4194304,8388608,186,131072,2097152,2097152,2097152,2097152,15,65536,131072,2097152,2097152,4194304,953,0,0,0,0,0,0,0,0,0,0,0,0,128,256,256,512,512,1171,65536,2097152,4194304,4194304,8388608,1171,0,0,0,0,0,0,256,256,512,1024,2048,1171,490741,0,26239,13560,33338,2,41,21,0
3.69578E+13,1282,2048,8192,16384,9066,512,4096,8192,1279,4096,8192,16384,1027,4096,8192,16384,250,8192,16384,16384,7,2048,8192,8192,279,512,4096,8192,1025,1024,8192,8192,184,0,0,0,0,128,65536,131072,13210,524288,524288,1048576,40,262144,262144,262144,40,262144,524288,524288,40,256,512,512,40,64,512,32768,40,64,512,1024,1571,128,512,4096,1571,64,512,4096,81594,64,256,2048,9243,64,256,512,1257,64,512,1024,2178,256,1024,1024,1059,128,512,512,1005,64,256,4096,12888,64,256,512,1197,64,256,512,297,64,256,256,45,128,512,4096,63,0,0,0,0,0,0,0,0,0,0,0,0,0,0,0,0,64,128,128,20,128,128,128,20,12.24,6.44,5.8,0,7,14,279,25,1277,0,0,0,0,0,0,0,2097152,2097152,2097152,2097152,4194304,16,2097152,2097152,2097152,2097152,2097152,3,2097152,4194304,4194304,4194304,4194304,196,131072,4194304,4194304,4194304,4194304,13,65536,131072,2097152,2097152,2097152,934,0,0,0,0,0,0,0,0,0,0,0,0,128,256,512,512,32768,1162,65536,2097152,4194304,4194304,4194304,1162,0,0,0,0,0,0,256,256,512,1024,16384,1162,491181,0,25940,13114,32504,0,40,20,0
3.69588E+13,1289,2048,8192,16384,9289,512,4096,8192,1281,4096,8192,16384,1008,4096,8192,16384,238,8192,16384,16384,7,2048,8192,8192,238,512,4096,8192,1016,1024,4096,8192,174,2048,2048,2048,2,64,65536,131072,13368,524288,524288,1048576,42,262144,262144,262144,42,262144,524288,524288,42,256,512,512,42,64,128,8192,42,64,512,4096,1583,64,512,4096,1520,64,512,4096,83610,64,256,2048,9072,64,256,256,1220,64,256,4096,2196,256,512,1024,1188,128,256,512,1161,64,256,2048,14049,64,256,2048,1269,64,256,512,333,64,256,512,72,128,4096,4096,63,64,256,256,18,0,0,0,0,0,0,0,0,0,0,0,0,64,128,128,21,128,256,512,21,10.64,6.08,4.56,0,7,11,238,41,1246,0,262144,262144,262144,262144,524288,7,2097152,2097152,2097152,2097152,2097152,7,0,0,0,0,0,0,2097152,4194304,4194304,4194304,8388608,202,131072,2097152,2097152,2097152,2097152,21,65536,131072,2097152,2097152,4194304,1005,0,0,0,0,0,0,0,0,0,0,0,0,128,256,512,512,1024,1242,65536,2097152,4194304,4194304,8388608,1242,64,128,128,128,128,7,256,256,512,512,1024,1235,491482,0,26618,13269,33867,0,42,21,0
3.69598E+13,1315,2048,8192,16384,9326,512,4096,8192,1296,4096,8192,16384,1052,4096,8192,16384,268,8192,8192,8192,8,2048,8192,8192,239,512,4096,8192,1049,1024,4096,8192,196,0,0,0,0,1024,65536,262144,13531,524288,1048576,1048576,40,262144,524288,524288,40,262144,524288,524288,40,256,512,1024,40,64,128,1024,40,64,512,4096,1887,64,512,2048,1653,64,512,4096,83925,64,512,4096,9468,64,256,512,1269,64,512,4096,2196,256,1024,4096,1086,128,512,1024,1059,64,512,4096,13293,64,512,4096,1206,64,512,4096,300,64,256,512,108,128,512,4096,72,0,0,0,0,0,0,0,0,0,0,0,0,0,0,0,0,64,128,128,20,128,131072,131072,20,10.42,5.92,4.5,0,8,11,239,32,1320,0,262144,262144,262144,262144,524288,27,2097152,2097152,2097152,2097152,2097152,12,0,0,0,0,0,0,2097152,4194304,8388608,8388608,8388608,184,2097152,4194304,4194304,4194304,4194304,18,65536,131072,2097152,2097152,4194304,813,0,0,0,0,0,0,0,0,0,0,0,0,128,256,512,512,1024,1054,65536,2097152,4194304,8388608,8388608,1054,128,256,256,256,256,27,256,256,512,1024,1024,1027,492038,0,26551,13430,33865,0,40,20,0
3.69608E+13,1335,2048,8192,16384,9617,512,4096,8192,1336,4096,16384,16384,1083,4096,16384,32768,291,8192,16384,16384,12,2048,8192,16384,288,512,4096,8192,1084,1024,8192,16384,187,0,0,0,1,2048,65536,131072,14020,524288,1048576,1048576,41,262144,262144,262144,41,524288,524288,524288,41,512,1024,1024,41,64,16384,65536,41,64,512,4096,1862,128,512,4096,1682,64,512,4096,86553,64,512,4096,9747,64,256,512,1519,64,512,4096,2475,256,1024,4096,1191,128,512,1024,1164,64,256,4096,13941,64,256,2048,1287,64,256,512,330,64,256,256,108,64,512,4096,108,64,256,256,9,0,0,0,0,0,0,0,0,0,0,0,0,64,256,256,20,128,65536,65536,20,13.09,7.19,5.9,0,12,4,288,31,1374,1,262144,262144,262144,262144,524288,20,2097152,2097152,2097152,2097152,2097152,8,0,0,0,0,0,0,2097152,4194304,4194304,8388608,8388608,197,131072,2097152,2097152,2097152,2097152,16,65536,131072,2097152,2097152,2097152,1006,0,0,0,0,0,0,0,0,0,0,0,0,128,256,256,512,512,1247,65536,2097152,4194304,4194304,8388608,1247,128,256,256,256,256,20,256,256,512,512,1024,1227,492501,0,27964,13918,34761,0,41,20,0
3.69618E+13,1295,2048,8192,16384,9385,512,4096,8192,1323,4096,8192,16384,1051,4096,16384,16384,249,8192,8192,8192,13,2048,8192,8192,309,512,4096,8192,1074,1024,8192,8192,165,0,0,0,0,64,65536,262144,13674,524288,524288,1048576,41,262144,262144,262144,41,262144,524288,524288,41,512,1024,1024,41,64,128,128,41,64,512,1024,1646,64,512,4096,2006,64,512,4096,84465,64,256,4096,9459,64,256,512,1227,64,512,4096,2223,256,1024,4096,1095,128,512,512,1068,64,256,4096,13824,64,256,1024,1260,64,256,4096,297,64,256,512,135,64,256,512,126,0,0,0,0,0,0,0,0,0,0,0,0,0,0,0,0,64,128,128,21,128,128,256,21,11.44,6.36,5.08,0,13,14,309,38,1300,40,0,0,0,0,0,0,2097152,2097152,2097152,2097152,4194304,15,0,0,0,0,0,0,2097152,4194304,4194304,4194304,8388608,200,131072,2097152,2097152,2097152,2097152,24,65536,131072,2097152,2097152,4194304,1126,0,0,0,0,0,0,0,0,0,0,0,0,128,256,256,512,512,1365,65536,2097152,4194304,4194304,8388608,1365,0,0,0,0,0,0,128,256,512,1024,1024,1365,492850,0,26935,13583,35098,0,41,21,0
3.69628E+13,1295,2048,8192,16384,9485,512,4096,8192,1296,4096,8192,16384,1071,4096,16384,16384,262,8192,16384,16384,20,2048,8192,16384,268,512,4096,8192,1050,1024,4096,8192,166,2048,2048,2048,2,64,65536,131072,13725,524288,1048576,1048576,40,262144,262144,262144,40,262144,524288,524288,40,512,1024,1024,40,64,128,128,40,64,512,4096,1629,128,512,4096,1629,64,512,4096,85365,64,256,2048,9639,64,256,512,1260,64,512,1024,2169,256,1024,2048,1155,128,512,4096,1110,64,256,4096,13617,64,256,1024,1224,64,256,1024,231,64,256,512,144,64,512,4096,180,256,256,256,18,0,0,0,0,0,0,0,0,0,0,0,0,64,128,128,20,128,256,256,20,10.62,5.38,5.25,0,20,11,268,33,1333,0,0,0,0,0,0,0,2097152,2097152,2097152,2097152,2097152,4,0,0,0,0,0,0,2097152,4194304,4194304,4194304,4194304,211,2097152,2097152,2097152,2097152,2097152,25,65536,131072,131072,2097152,4194304,1034,0,0,0,0,0,0,0,0,0,0,0,0,128,256,256,512,1024,1274,65536,2097152,2097152,4194304,4194304,1274,0,0,0,0,0,0,256,256,512,512,1024,1274,493241,0,26183,13599,34231,0,40,20,0
3.69639E+13,1295,2048,8192,16384,9216,512,4096,8192,1294,4096,8192,16384,1022,4096,16384,16384,277,8192,8192,8192,11,2048,8192,8192,224,512,4096,8192,1043,1024,8192,8192,174,0,0,0,0,64,65536,131072,13379,524288,1048576,1048576,41,262144,262144,524288,41,262144,524288,524288,41,512,512,1024,41,128,128,1024,41,128,512,4096,1721,128,512,4096,1721,64,512,4096,82944,64,512,4096,9198,64,256,512,1415,64,512,4096,2520,256,1024,2048,1122,128,512,4096,1104,64,512,4096,13437,64,256,1024,1368,64,256,4096,315,64,256,512,99,64,512,4096,99,0,0,0,0,1024,2048,2048,22,1024,1024,1024,22,64,128,256,44,64,128,128,20,64,128,128,20,12.71,6.42,6.29,22,11,5,224,22,1299,0,0,0,0,0,0,0,2097152,2097152,2097152,2097152,2097152,18,0,0,0,0,0,0,2097152,4194304,4194304,4194304,8388608,188,2097152,2097152,2097152,2097152,2097152,28,65536,131072,2097152,4194304,4194304,915,0,0,0,0,0,0,0,0,0,0,0,0,128,256,256,512,1024,1149,65536,2097152,4194304,4194304,8388608,1149,0,0,0,0,0,0,256,256,512,1024,1024,1149,493675,0,26292,13332,33834,0,41,20,0
3.69649E+13,1295,2048,8192,16384,9378,512,4096,8192,1295,4096,8192,16384,1030,4096,16384,16384,268,8192,8192,8192,12,2048,8192,8192,262,512,4096,8192,1038,1024,8192,8192,180,0,0,0,1,64,65536,131072,13578,524288,1048576,1048576,40,262144,262144,524288,40,262144,524288,524288,40,256,512,512,40,64,512,2048,40,64,512,4096,1687,128,512,4096,1687,64,512,4096,84402,64,256,4096,9270,64,256,512,1406,64,512,4096,2475,256,512,1024,1038,128,512,512,1065,64,256,4096,13392,64,256,2048,1341,64,256,512,300,64,256,512,81,128,512,4096,108,256,512,512,9,1024,2048,2048,18,1024,2048,2048,18,64,64,64,36,64,128,128,20,128,128,128,20,12.85,7.45,5.4,18,12,6,262,39,1298,0,0,0,0,0,0,0,0,0,0,0,4194304,1,0,0,0,0,0,0,2097152,4194304,4194304,8388608,8388608,195,131072,2097152,2097152,2097152,2097152,29,65536,131072,2097152,2097152,2097152,943,0,0,0,0,0,0,0,0,0,0,0,0,128,256,256,512,512,1168,65536,2097152,4194304,4194304,8388608,1168,0,0,0,0,0,0,256,256,512,512,1024,1168,494142,0,26350,13482,33742,0,40,20,0
3.69659E+13,1295,2048,8192,16384,9342,512,4096,8192,1295,4096,8192,16384,1032,4096,16384,16384,240,8192,8192,8192,6,2048,8192,8192,270,512,4096,8192,1029,1024,4096,8192,195,0,0,0,0,64,65536,131072,13490,524288,1048576,1048576,41,262144,262144,524288,41,262144,524288,524288,41,128,512,512,41,64,8192,65536,41,64,512,2048,1809,64,512,1024,1809,64,512,4096,84078,64,256,2048,9288,64,256,512,1114,64,512,1024,2079,256,512,2048,1188,128,512,1024,1170,64,256,2048,14652,64,256,512,1197,64,256,512,273,64,256,512,90,128,512,512,54,0,0,0,0,0,0,0,0,0,0,0,0,0,0,0,0,64,128,128,21,128,128,128,21,11.47,6.37,5.1,0,6,1,270,34,1272,0,0,0,0,0,0,0,2097152,2097152,2097152,2097152,8388608,11,0,0,0,0,0,0,2097152,4194304,4194304,4194304,4194304,196,131072,2097152,2097152,2097152,2097152,22,65536,131072,2097152,2097152,4194304,981,0,0,0,0,0,0,0,0,0,0,0,0,128,256,256,512,512,1210,65536,2097152,4194304,4194304,8388608,1210,0,0,0,0,0,0,256,256,512,512,1024,1210,494515,0,26290,13380,33949,0,41,21,0
3.69669E+13,1295,2048,8192,16384,9357,512,4096,8192,1295,4096,8192,16384,1052,4096,16384,16384,288,8192,16384,16384,19,2048,8192,8192,278,512,4096,8192,1058,1024,4096,8192,181,0,0,0,0,64,65536,131072,13673,524288,1048576,1048576,41,262144,524288,524288,41,262144,524288,524288,41,256,512,1024,41,128,512,32768,41,64,512,1024,1711,128,512,2048,1711,64,512,4096,84213,64,512,1024,9468,64,256,512,1571,64,256,1024,2619,256,1024,4096,1184,128,512,512,1211,64,256,4096,14076,64,256,2048,1467,64,256,512,309,64,256,512,144,128,512,4096,171,0,0,0,0,0,0,0,0,0,0,0,0,0,0,0,0,64,128,128,20,128,128,128,20,11.7,6.56,5.14,0,19,0,278,27,1340,0,0,0,0,0,0,0,2097152,2097152,2097152,2097152,4194304,8,0,0,0,0,0,0,2097152,4194304,4194304,4194304,4194304,203,2097152,4194304,4194304,4194304,4194304,18,65536,131072,2097152,2097152,4194304,1007,0,0,0,0,0,0,0,0,0,0,0,0,128,256,256,512,1024,1236,65536,2097152,4194304,4194304,4194304,1236,0,0,0,0,0,0,128,256,256,512,1024,1236,494943,0,26325,13550,33897,0,41,20,0
3.69679E+13,1295,2048,8192,16384,9481,512,4096,8192,1296,4096,8192,16384,1058,4096,16384,16384,272,8192,8192,8192,6,2048,8192,8192,263,512,4096,8192,1057,1024,4096,8192,169,0,0,0,0,64,65536,131072,13697,524288,1048576,1048576,40,262144,262144,524288,40,262144,524288,524288,40,256,512,512,40,64,128,1024,40,64,512,4096,1460,64,512,4096,1460,64,512,4096,85329,64,512,4096,9522,64,256,512,1442,64,256,512,2358,256,1024,4096,1026,128,512,1024,1035,64,256,4096,12591,64,256,512,1305,64,256,4096,393,64,512,512,99,64,256,512,54,0,0,0,0,0,0,0,0,0,0,0,0,0,0,0,0,64,128,128,20,128,256,256,20,10.61,6.52,4.09,0,6,0,263,29,1330,0,0,0,0,0,0,0,2097152,2097152,2097152,2097152,2097152,3,0,0,0,0,0,0,2097152,4194304,4194304,8388608,8388608,199,131072,2097152,2097152,2097152,2097152,16,65536,131072,2097152,4194304,4194304,921,0,0,0,0,0,0,0,0,0,0,0,0,128,256,256,512,512,1139,65536,2097152,4194304,4194304,8388608,1139,0,0,0,0,0,0,128,256,512,512,512,1139,495432,0,26856,13591,33745,0,40,20,0
3.6969E+13,1295,2048,8192,16384,9169,512,4096,8192,1295,4096,8192,16384,1030,4096,8192,16384,249,4096,8192,8192,13,2048,4096,8192,242,512,4096,8192,1011,1024,4096,8192,167,0,0,0,0,64,65536,262144,13281,524288,524288,1048576,41,262144,262144,262144,41,262144,524288,524288,41,256,512,1024,41,64,2048,16384,41,64,512,512,1429,64,512,4096,1429,64,512,4096,82521,64,256,1024,9270,64,256,512,1196,64,512,1024,2268,256,1024,4096,1083,128,512,1024,1038,64,256,4096,14355,64,256,512,1206,64,256,512,249,64,256,256,90,64,256,512,117,0,0,0,0,0,0,0,0,0,0,0,0,0,0,0,0,64,128,128,21,128,128,128,21,10.36,6.14,4.22,0,13,0,242,36,1279,0,0,0,0,0,0,0,2097152,2097152,2097152,2097152,4194304,12,2097152,2097152,2097152,2097152,2097152,2,2097152,4194304,4194304,8388608,8388608,193,2097152,4194304,4194304,4194304,4194304,20,65536,131072,131072,4194304,4194304,930,0,0,0,0,0,0,0,0,0,0,0,0,128,256,256,512,512,1157,65536,2097152,4194304,4194304,8388608,1157,0,0,0,0,0,0,256,256,512,1024,2048,1157,495845,0,26333,13164,33436,0,41,21,0
3.697E+13,1295,2048,8192,16384,9387,512,4096,8192,1302,4096,8192,16384,1042,4096,16384,16384,245,8192,8192,8192,11,2048,8192,8192,261,512,4096,8192,1056,1024,4096,8192,172,0,0,0,0,256,65536,262144,13598,524288,1048576,1048576,41,262144,262144,524288,41,262144,524288,524288,41,256,1024,1024,41,128,4096,65536,41,64,512,4096,1691,128,512,4096,1691,64,512,4096,84483,64,512,4096,9378,64,256,512,1375,128,512,4096,2169,256,1024,1024,1080,128,512,2048,1071,64,256,4096,14274,64,256,512,1458,64,256,512,303,64,512,1024,99,128,256,4096,99,0,0,0,0,0,0,0,0,0,0,0,0,0,0,0,0,64,128,128,20,128,128,128,20,13.12,7.77,5.35,0,11,0,261,29,1287,0,0,0,0,0,0,0,2097152,2097152,2097152,2097152,4194304,2,0,0,0,0,2097152,1,2097152,2097152,4194304,4194304,4194304,207,2097152,4194304,4194304,4194304,8388608,26,65536,131072,2097152,2097152,2097152,1019,0,0,0,0,0,0,0,0,0,0,0,0,128,256,256,512,1024,1255,65536,2097152,2097152,4194304,8388608,1255,0,0,0,0,0,0,256,256,512,512,32768,1255,496178,0,26920,13496,34305,0,41,20,0
3.6971E+13,1295,2048,8192,16384,9167,512,4096,8192,1297,4096,8192,16384,1027,4096,16384,16384,285,4096,8192,8192,16,2048,8192,8192,273,512,4096,8192,1008,1024,4096,8192,154,0,0,0,1,64,65536,131072,13335,524288,1048576,1048576,41,262144,262144,262144,41,262144,524288,524288,41,512,1024,1024,41,64,128,128,41,64,512,4096,1815,128,512,4096,1815,64,512,4096,82503,64,256,2048,9243,64,256,512,1431,64,512,4096,2547,256,1024,1024,1152,128,512,1024,1152,64,256,4096,14922,64,256,512,1395,64,256,512,336,64,256,512,162,128,512,512,144,128,256,256,9,0,0,0,0,0,0,0,0,0,0,0,0,64,128,128,21,128,128,128,21,9.72,5.24,4.47,0,16,0,273,37,1312,0,0,0,0,0,0,0,2097152,2097152,2097152,2097152,2097152,15,0,0,0,0,2097152,1,2097152,4194304,4194304,4194304,4194304,193,2097152,2097152,2097152,2097152,4194304,24,65536,131072,2097152,2097152,4194304,902,0,0,0,0,0,0,0,0,0,0,0,0,128,256,512,512,512,1135,65536,2097152,4194304,4194304,4194304,1135,0,0,0,0,0,0,256,256,512,1024,1024,1135,496681,0,26313,13224,33471,0,41,21,0
3.6972E+13,1257,2048,8192,16384,9342,512,4096,8192,1276,4096,8192,16384,1052,4096,16384,16384,256,8192,8192,8192,10,2048,8192,8192,269,512,4096,8192,1042,1024,4096,8192,179,0,0,0,0,64,65536,131072,13533,524288,1048576,1048576,41,262144,262144,524288,41,262144,524288,524288,41,512,512,1024,41,64,256,2048,41,64,512,4096,1544,64,512,4096,1886,64,512,4096,84078,64,512,4096,9468,64,256,512,1321,64,256,1024,2340,256,1024,4096,1071,128,512,512,1035,64,256,2048,13662,64,256,1024,1476,64,256,4096,258,64,256,256,72,64,256,512,90,0,0,0,0,0,0,0,0,0,0,0,0,0,0,0,0,64,128,128,20,128,128,128,20,12.26,6.77,5.49,0,10,0,269,28,1308,38,0,0,0,0,0,0,2097152,2097152,2097152,2097152,2097152,6,2097152,2097152,2097152,2097152,4194304,6,2097152,4194304,4194304,4194304,4194304,199,131072,2097152,2097152,2097152,4194304,19,65536,131072,2097152,2097152,4194304,1157,0,0,0,0,0,0,0,0,0,0,0,0,128,256,512,512,512,1387,65536,2097152,4194304,4194304,4194304,1387,0,0,0,0,0,0,256,256,512,512,1024,1387,496947,0,26540,13452,34596,0,41,20,0
3.6973E+13,1257,2048,8192,16384,8971,256,4096,8192,1253,4096,8192,16384,991,4096,16384,16384,240,8192,8192,8192,9,2048,8192,8192,234,512,4096,8192,1021,1024,8192,8192,204,4096,4096,4096,2,64,65536,262144,13021,524288,524288,1048576,40,262144,262144,262144,40,262144,524288,524288,40,256,512,512,40,64,2048,16384,40,64,512,4096,1492,128,512,4096,1492,64,512,4096,80739,64,512,2048,8919,64,256,512,1455,64,512,1024,2160,256,512,1024,1094,128,256,512,1085,64,256,2048,13761,64,256,512,1350,64,256,512,216,64,256,256,108,128,256,512,81,128,512,512,18,0,0,0,0,0,0,0,0,0,0,0,0,64,128,128,20,128,128,128,20,10.97,6.2,4.78,0,9,0,234,32,1231,0,0,0,0,0,0,0,2097152,2097152,2097152,2097152,4194304,16,2097152,2097152,2097152,2097152,2097152,2,2097152,4194304,4194304,4194304,4194304,155,131072,2097152,2097152,2097152,2097152,16,65536,131072,262144,2097152,2097152,740,2097152,4194304,8388608,8388608,8388608,43,0,0,0,0,0,0,128,256,256,512,512,972,65536,2097152,4194304,8388608,8388608,972,0,0,0,0,0,0,256,256,512,1024,1024,972,497481,0,25438,12934,32885,0,40,20,0
3.6974E+13,1257,2048,8192,16384,9167,512,4096,8192,1262,4096,8192,16384,1003,4096,16384,16384,274,4096,8192,8192,23,2048,8192,8192,256,512,4096,8192,1028,1024,4096,8192,171,0,0,0,1,64,65536,131072,13312,524288,1048576,1048576,41,262144,262144,262144,41,262144,524288,524288,41,512,1024,1024,41,64,128,256,41,64,512,4096,1599,64,512,4096,1599,64,512,4096,82503,64,512,4096,9027,64,256,512,1258,64,512,4096,2538,256,512,4096,1200,128,512,512,1236,64,256,4096,13842,64,256,2048,1161,64,256,512,324,64,256,256,171,128,512,512,207,128,256,256,9,1024,2048,2048,33,1024,2048,2048,23,64,64,128,56,64,128,128,21,128,256,256,21,10.23,5.5,4.73,23,23,0,256,21,1277,0,0,0,0,0,0,0,0,0,0,0,0,0,2097152,2097152,2097152,2097152,4194304,4,2097152,4194304,4194304,4194304,4194304,189,131072,2097152,2097152,2097152,2097152,15,65536,131072,2097152,4194304,4194304,877,2097152,4194304,4194304,4194304,4194304,9,0,0,0,0,0,0,128,256,512,512,2048,1094,65536,2097152,4194304,4194304,4194304,1094,0,0,0,0,0,0,256,256,512,512,1024,1094,497987,0,25709,13223,32901,0,41,21,0
3.69751E+13,1257,2048,8192,16384,8904,512,4096,4096,1259,4096,8192,16384,1014,4096,8192,16384,252,8192,8192,8192,9,2048,8192,8192,279,512,4096,8192,996,1024,4096,8192,154,0,0,0,1,512,65536,131072,12984,524288,1048576,1048576,40,262144,262144,262144,40,262144,524288,524288,40,256,512,512,40,64,8192,65536,40,64,512,4096,1517,128,512,4096,1517,64,512,4096,80136,64,512,4096,9126,64,256,512,1244,64,512,512,2286,256,512,1024,1155,128,512,4096,1101,64,256,4096,12978,64,256,2048,1206,64,256,2048,294,64,256,512,81,128,512,2048,81,64,256,256,9,1024,1024,1024,5,1024,2048,2048,15,64,64,64,20,64,128,128,20,128,256,256,20,11.39,6.4,4.99,15,9,0,279,34,1266,0,0,0,0,0,0,0,2097152,2097152,2097152,2097152,2097152,15,2097152,2097152,2097152,2097152,4194304,8,2097152,4194304,4194304,4194304,4194304,194,2097152,2097152,2097152,2097152,2097152,20,65536,131072,2097152,2097152,4194304,912,0,0,0,0,0,0,0,0,0,0,0,0,128,256,256,512,512,1149,65536,2097152,4194304,4194304,4194304,1149,0,0,0,0,0,0,256,256,512,512,1024,1149,498441,0,25788,12874,32134,0,40,20,0
3.69761E+13,1257,2048,8192,16384,9149,512,4096,8192,1257,4096,8192,16384,1040,4096,16384,16384,248,8192,8192,8192,12,2048,8192,8192,253,512,4096,8192,1019,1024,4096,8192,169,2048,2048,2048,2,128,65536,262144,13259,524288,1048576,1048576,41,262144,262144,262144,41,262144,524288,524288,41,256,512,512,41,64,128,32768,41,64,512,4096,1589,64,512,1024,1589,64,512,4096,82341,64,512,1024,9360,64,256,512,1274,64,256,1024,2160,256,1024,4096,1085,128,512,512,1139,64,256,4096,13383,64,256,512,1404,64,256,256,282,64,256,512,99,128,256,4096,108,64,512,512,18,0,0,0,0,0,0,0,0,0,0,0,0,64,128,128,20,128,128,128,20,11.49,6.25,5.23,0,12,0,253,32,1288,0,0,0,0,0,0,0,0,0,0,0,2097152,1,2097152,4194304,4194304,4194304,4194304,9,2097152,4194304,4194304,8388608,8388608,188,131072,2097152,4194304,4194304,4194304,22,65536,131072,2097152,2097152,2097152,959,0,0,0,0,0,0,0,0,0,0,0,0,128,256,512,512,32768,1179,65536,2097152,4194304,4194304,8388608,1179,0,0,0,0,0,0,128,256,512,512,1024,1179,498847,0,25867,13157,32887,0,41,20,0
3.69771E+13,1257,2048,8192,16384,8922,512,4096,8192,1255,4096,8192,16384,994,4096,8192,16384,237,8192,8192,8192,5,2048,8192,8192,243,512,4096,8192,993,1024,4096,4096,172,0,0,0,0,512,65536,262144,12921,524288,1048576,1048576,41,262144,262144,524288,41,262144,524288,524288,41,256,512,512,41,64,128,65536,41,128,512,4096,1622,128,512,2048,1622,64,512,4096,80298,64,256,1024,8946,64,256,512,1245,128,512,1024,2169,256,1024,4096,1164,128,512,512,1038,64,256,4096,13392,64,256,2048,1314,64,256,512,291,64,256,512,72,64,256,256,45,0,0,0,0,0,0,0,0,0,0,0,0,0,0,0,0,64,128,128,21,128,128,128,21,11.03,6.41,4.62,0,5,1,243,19,1231,0,0,0,0,0,0,0,4194304,4194304,4194304,4194304,8388608,13,4194304,4194304,4194304,4194304,4194304,8,4194304,4194304,8388608,8388608,8388608,129,2097152,4194304,4194304,4194304,8388608,13,65536,131072,2097152,4194304,4194304,681,0,0,0,0,0,0,0,0,0,0,0,0,128,256,256,512,512,844,65536,4194304,4194304,8388608,8388608,844,0,0,0,0,0,0,128,256,512,512,1024,844,499502,0,25852,12831,31380,0,41,21,0
3.69781E+13,1285,2048,8192,16384,9253,256,4096,8192,1272,4096,8192,16384,1047,4096,8192,16384,267,8192,16384,16384,16,2048,8192,8192,264,512,4096,8192,1052,1024,4096,8192,158,2048,2048,2048,2,1024,65536,131072,13456,524288,1048576,1048576,40,262144,262144,524288,40,262144,524288,524288,40,256,1024,1024,40,128,8192,8192,40,64,512,4096,1884,64,512,4096,1632,64,512,4096,83277,64,512,1024,9423,64,256,512,1317,64,512,512,2259,256,1024,1024,1062,128,512,1024,1161,64,256,2048,14040,64,256,512,1080,64,256,4096,264,64,256,1024,144,128,512,4096,144,64,256,256,18,0,0,0,0,0,0,0,0,0,0,0,0,64,128,128,20,128,65536,65536,20,11.67,5.9,5.77,0,16,3,264,34,1314,0,262144,262144,262144,262144,524288,32,0,0,0,0,0,0,2097152,2097152,2097152,2097152,2097152,10,2097152,4194304,4194304,4194304,16777216,200,131072,2097152,2097152,2097152,2097152,17,65536,131072,2097152,2097152,4194304,927,0,0,0,0,0,0,0,0,0,0,0,0,128,256,256,512,512,1186,65536,2097152,4194304,4194304,16777216,1186,128,256,256,256,256,32,128,256,512,512,1024,1154,499947,0,26067,13329,33023,0,40,20,0
3.69791E+13,1309,2048,8192,16384,9396,512,4096,8192,1302,4096,8192,16384,1019,4096,16384,16384,266,8192,8192,8192,13,2048,8192,16384,264,512,4096,8192,1071,1024,8192,16384,187,0,0,0,1,128,65536,131072,13647,524288,1048576,1048576,41,262144,262144,524288,41,262144,524288,524288,41,256,512,512,41,64,128,32768,41,64,512,4096,1644,64,512,1024,1428,64,512,4096,84564,64,256,2048,9171,64,256,512,1440,64,256,1024,2421,256,512,2048,1089,128,512,4096,1053,64,256,4096,13860,64,256,4096,1512,64,256,4096,300,64,256,512,126,128,512,4096,117,64,256,256,9,0,0,0,0,0,0,0,0,0,0,0,0,64,128,128,20,128,131072,131072,20,9.99,6.53,3.46,0,13,8,264,26,1285,0,262144,524288,524288,524288,524288,20,2097152,2097152,2097152,2097152,2097152,15,2097152,2097152,2097152,2097152,2097152,7,2097152,4194304,4194304,4194304,8388608,192,131072,2097152,2097152,2097152,2097152,23,65536,131072,2097152,2097152,2097152,891,0,0,0,0,0,0,0,0,0,0,0,0,128,256,256,512,512,1148,65536,2097152,2097152,4194304,8388608,1148,128,256,256,256,256,20,256,256,512,512,1024,1128,500395,0,26503,13550,34070,0,41,20,0
3.69801E+13,1309,2048,8192,16384,9270,512,4096,8192,1309,4096,8192,16384,1045,8192,16384,16384,265,8192,16384,16384,14,2048,8192,16384,277,512,4096,8192,1025,1024,8192,16384,172,0,0,0,0,64,65536,131072,13498,524288,1048576,1048576,41,262144,524288,524288,41,262144,524288,524288,41,256,512,512,41,64,128,2048,41,64,512,4096,1761,128,512,2048,1761,64,512,4096,83430,64,512,4096,9405,64,256,512,1357,64,512,1024,2385,256,1024,8192,1092,128,512,4096,1110,64,512,4096,14382,64,512,4096,1332,64,256,512,264,64,256,256,108,128,512,4096,126,0,0,0,0,0,0,0,0,0,0,0,0,0,0,0,0,64,128,128,21,128,128,128,21,11.66,6.85,4.82,0,14,11,277,32,1310,0,0,0,0,0,0,0,2097152,2097152,2097152,2097152,4194304,7,2097152,4194304,4194304,4194304,4194304,20,2097152,2097152,4194304,4194304,4194304,191,2097152,2097152,2097152,2097152,2097152,28,65536,131072,262144,2097152,2097152,930,0,0,0,0,0,0,0,0,0,0,0,0,128,256,256,512,512,1176,65536,2097152,2097152,4194304,4194304,1176,0,0,0,0,0,0,256,256,512,1024,1024,1176,500863,0,26796,13384,33591,0,41,21,0
3.69812E+13,1309,2048,8192,16384,9414,512,4096,8192,1309,4096,8192,16384,1055,4096,16384,16384,253,8192,8192,8192,8,2048,8192,8192,260,512,4096,8192,1043,1024,8192,16384,199,0,0,0,0,512,65536,262144,13646,524288,1048576,1048576,41,262144,262144,262144,41,262144,524288,524288,41,256,512,512,41,64,4096,32768,41,64,512,4096,1476,128,512,4096,1476,64,512,4096,84726,64,256,2048,9495,64,256,512,1317,64,512,2048,2286,256,1024,4096,1158,128,512,2048,1095,64,256,4096,14697,64,256,512,1278,64,256,4096,216,64,256,512,90,64,512,4096,72,0,0,0,0,0,0,0,0,0,0,0,0,0,0,0,0,64,128,128,20,64,128,128,20,11.63,6.2,5.43,0,8,12,260,35,1308,0,0,0,0,0,0,0,2097152,2097152,2097152,2097152,2097152,2,2097152,2097152,2097152,2097152,2097152,14,2097152,4194304,4194304,4194304,8388608,191,131072,2097152,2097152,2097152,4194304,23,65536,131072,2097152,2097152,4194304,1026,0,0,0,0,0,0,0,0,0,0,0,0,128,256,256,512,512,1256,65536,2097152,4194304,4194304,8388608,1256,0,0,0,0,0,0,256,256,512,512,2048,1256,501230,0,26254,13513,34111,0,41,20,0
3.69822E+13,1270,2048,8192,16384,9433,512,4096,8192,1283,4096,8192,16384,1041,4096,16384,16384,274,8192,8192,8192,12,2048,8192,8192,261,512,4096,8192,1033,1024,8192,8192,181,0,0,0,0,2048,65536,131072,13638,524288,1048576,1048576,41,262144,262144,262144,41,524288,524288,524288,41,512,1024,1024,41,64,512,32768,41,64,512,4096,1741,64,512,1024,2092,64,512,4096,84897,64,512,4096,9369,64,256,512,1505,64,512,2048,2457,256,1024,1024,1113,128,512,2048,1149,64,256,4096,14805,64,256,512,1620,64,256,512,246,64,256,512,153,128,512,4096,108,0,0,0,0,0,0,0,0,0,0,0,0,0,0,0,0,64,128,128,21,128,128,128,21,13.84,8.13,5.71,0,12,20,261,38,1315,39,0,0,0,0,0,0,2097152,2097152,2097152,2097152,2097152,8,2097152,2097152,2097152,2097152,4194304,11,2097152,4194304,4194304,4194304,8388608,185,2097152,2097152,2097152,2097152,2097152,17,65536,131072,2097152,2097152,2097152,937,0,0,0,0,0,0,0,0,0,0,0,0,128,256,256,512,1024,1158,65536,2097152,2097152,4194304,8388608,1158,0,0,0,0,0,0,256,256,256,512,1024,1158,501757,0,26969,13591,33045,0,41,21,0
3.69832E+13,1270,2048,8192,16384,9222,512,4096,8192,1270,4096,8192,16384,1041,4096,16384,16384,290,8192,16384,16384,17,2048,8192,8192,272,512,4096,8192,1025,1024,4096,8192,154,0,0,0,0,2048,65536,262144,13383,524288,1048576,1048576,40,262144,262144,262144,40,262144,524288,524288,40,256,1024,1024,40,128,1024,32768,40,128,512,1024,1563,128,512,4096,1563,64,512,4096,82998,64,512,4096,9369,64,256,512,1361,64,512,4096,2502,256,1024,2048,1032,128,512,512,1014,64,256,4096,13806,64,256,512,1323,64,256,2048,285,64,256,512,90,128,512,4096,153,0,0,0,0,0,0,0,0,0,0,0,0,0,0,0,0,64,128,128,20,128,256,256,20,13.42,7.16,6.26,0,17,21,272,29,1331,0,0,0,0,0,0,0,2097152,2097152,2097152,2097152,2097152,6,2097152,4194304,4194304,4194304,4194304,20,2097152,4194304,4194304,4194304,4194304,186,131072,2097152,2097152,2097152,2097152,24,65536,131072,2097152,2097152,4194304,926,0,0,0,0,0,0,0,0,0,0,0,0,128,256,256,512,512,1162,65536,2097152,4194304,4194304,4194304,1162,0,0,0,0,0,0,256,256,512,1024,1024,1162,502265,0,26510,13294,32829,0,40,20,0
3.69842E+13,1270,2048,8192,16384,8999,512,4096,8192,1270,4096,8192,16384,999,4096,16384,16384,229,8192,16384,16384,9,2048,8192,8192,239,512,4096,8192,1025,1024,8192,8192,177,0,0,0,0,1024,65536,131072,13050,524288,524288,1048576,41,262144,262144,262144,41,262144,524288,524288,41,256,512,512,41,128,128,128,41,128,512,4096,1433,128,512,4096,1433,64,512,4096,80991,64,512,2048,8991,64,256,512,1242,64,512,4096,2079,256,512,1024,1179,128,512,4096,1134,64,256,4096,14103,64,256,2048,1485,64,256,4096,309,64,256,256,117,128,512,4096,81,0,0,0,0,1024,2048,2048,39,1024,1024,1024,33,64,64,64,72,64,128,128,20,64,128,128,20,9.54,5.67,3.87,33,9,23,239,19,1228,0,0,0,0,0,0,0,2097152,2097152,2097152,2097152,4194304,17,2097152,4194304,4194304,4194304,4194304,14,2097152,4194304,4194304,4194304,4194304,176,131072,4194304,4194304,4194304,4194304,23,65536,131072,2097152,2097152,4194304,1007,0,0,0,0,0,0,0,0,0,0,0,0,128,256,256,512,512,1237,65536,2097152,4194304,4194304,4194304,1237,0,0,0,0,0,0,128,256,512,512,1024,1237,502579,0,25783,13019,33273,3,41,20,0
3.69852E+13,1270,2048,8192,16384,9222,512,4096,8192,1274,4096,8192,16384,1022,8192,16384,16384,255,8192,8192,8192,16,2048,8192,8192,270,512,4096,8192,1042,1024,4096,8192,178,0,0,0,0,512,65536,262144,13397,524288,1048576,1048576,41,262144,524288,524288,41,262144,524288,524288,41,512,1024,1024,41,64,128,128,41,64,512,4096,1767,64,512,4096,1767,64,512,4096,82998,64,512,2048,9198,64,256,512,1423,64,512,1024,2232,256,512,1024,1137,128,512,2048,1254,64,256,4096,13059,64,256,4096,1377,64,256,4096,273,64,256,256,162,64,256,512,144,0,0,0,0,0,0,0,0,1024,1024,1024,6,64,64,64,6,64,128,128,21,128,128,256,21,11.47,5.99,5.48,6,16,30,270,30,1277,0,0,0,0,0,0,0,0,0,0,0,2097152,1,2097152,2097152,2097152,2097152,2097152,16,2097152,4194304,4194304,4194304,4194304,183,131072,2097152,4194304,4194304,4194304,24,65536,131072,2097152,2097152,2097152,882,0,0,0,0,0,0,0,0,0,0,0,0,128,256,256,512,1024,1106,65536,2097152,4194304,4194304,4194304,1106,0,0,0,0,0,0,128,256,512,512,1024,1106,503102,0,25946,13292,32693,0,41,21,0
3.69862E+13,1270,2048,8192,16384,9137,512,4096,8192,1272,4096,8192,16384,1019,4096,8192,16384,267,8192,16384,16384,17,2048,8192,8192,272,512,4096,8192,1016,1024,4096,8192,148,0,0,0,0,128,65536,131072,13260,524288,1048576,1048576,40,262144,262144,262144,40,262144,524288,524288,40,256,1024,1024,40,64,128,128,40,128,512,4096,1620,128,512,1024,1620,64,512,4096,82233,64,256,2048,9171,64,256,512,1378,64,512,1024,2286,256,512,2048,1085,128,256,512,1049,64,256,4096,13806,64,256,4096,1332,64,256,512,309,64,256,512,117,128,512,4096,153,0,0,0,0,0,0,0,0,0,0,0,0,0,0,0,0,64,128,128,20,128,128,128,20,11.83,6.82,5.01,0,17,25,272,29,1286,0,0,0,0,0,0,0,2097152,2097152,2097152,2097152,2097152,16,2097152,2097152,2097152,2097152,4194304,9,2097152,4194304,4194304,4194304,4194304,182,131072,2097152,2097152,2097152,4194304,19,65536,131072,2097152,4194304,4194304,775,0,0,0,0,0,0,0,0,0,0,0,0,128,256,256,512,16384,1001,65536,2097152,4194304,4194304,4194304,1001,0,0,0,0,0,0,256,256,512,512,1024,1001,503730,0,25603,13142,32351,0,40,20,0
3.69873E+13,1270,2048,8192,16384,9021,512,4096,8192,1270,4096,8192,16384,1005,4096,16384,16384,259,8192,16384,16384,15,2048,4096,8192,225,512,4096,8192,997,1024,4096,8192,184,0,0,0,0,512,65536,262144,13084,524288,524288,1048576,41,262144,262144,262144,41,262144,524288,524288,41,256,512,1024,41,64,256,32768,41,64,512,4096,1652,64,512,4096,1652,64,512,4096,81189,64,512,4096,9045,64,256,512,1327,64,512,4096,2223,256,1024,1024,1098,128,512,2048,1134,64,256,4096,13644,64,256,512,1377,64,256,4096,321,64,256,4096,126,128,512,4096,135,0,0,0,0,0,0,0,0,0,0,0,0,0,0,0,0,64,128,128,20,64,256,256,20,11.36,5.62,5.75,0,15,18,225,24,1264,0,0,0,0,0,0,0,0,0,0,0,2097152,1,2097152,2097152,2097152,2097152,2097152,20,2097152,4194304,4194304,4194304,4194304,188,2097152,2097152,2097152,2097152,2097152,21,65536,131072,2097152,4194304,4194304,940,0,0,0,0,0,0,0,0,0,0,0,0,128,256,256,512,512,1170,65536,2097152,4194304,4194304,4194304,1170,0,0,0,0,0,0,128,256,256,512,512,1170,504106,0,25872,12983,33342,0,41,20,0
3.69883E+13,1270,2048,8192,16384,9295,512,4096,8192,1270,4096,8192,16384,1027,4096,16384,16384,258,8192,8192,8192,13,2048,8192,8192,257,512,4096,8192,1027,1024,4096,8192,186,0,0,0,0,512,65536,262144,13445,524288,1048576,1048576,40,262144,524288,524288,40,262144,524288,524288,40,512,1024,1024,40,64,16384,32768,40,64,512,4096,1436,64,512,4096,1436,64,512,4096,83655,64,256,2048,9243,64,256,512,1398,64,512,4096,2187,256,512,4096,1095,128,512,512,1104,64,256,4096,13734,64,256,2048,1368,64,256,512,225,64,256,512,162,128,512,2048,117,0,0,0,0,0,0,0,0,0,0,0,0,0,0,0,0,64,128,128,20,128,256,256,20,12.29,7.3,4.99,0,13,27,257,28,1285,0,0,0,0,0,0,0,2097152,2097152,2097152,2097152,4194304,15,2097152,4194304,4194304,4194304,4194304,19,2097152,4194304,4194304,4194304,4194304,186,2097152,2097152,2097152,2097152,2097152,24,65536,131072,262144,2097152,2097152,927,0,0,0,0,0,0,0,0,0,0,0,0,128,256,512,512,512,1171,65536,2097152,4194304,4194304,4194304,1171,0,0,0,0,0,0,256,256,512,512,512,1171,504545,0,26446,13349,33556,0,40,20,0
3.69893E+13,1270,2048,8192,16384,9177,512,4096,8192,1270,4096,8192,16384,1019,4096,16384,16384,259,8192,16384,16384,14,2048,8192,8192,271,512,4096,8192,1014,1024,4096,8192,180,0,0,0,0,256,65536,131072,13312,524288,1048576,1048576,42,262144,262144,524288,42,262144,524288,524288,42,512,1024,1024,42,64,128,2048,42,64,512,4096,1646,64,512,4096,1646,64,512,4096,82593,64,256,4096,9171,64,256,512,1335,64,256,1024,2133,256,1024,1024,1099,128,512,1024,1207,64,256,4096,13635,64,256,2048,1422,64,256,256,324,64,512,4096,171,128,512,4096,126,0,0,0,0,0,0,0,0,0,0,0,0,0,0,0,0,64,128,128,21,128,128,256,21,10.17,6.48,3.69,0,14,23,271,34,1278,0,0,0,0,0,0,0,2097152,2097152,2097152,2097152,4194304,3,2097152,2097152,2097152,2097152,2097152,20,2097152,2097152,4194304,4194304,8388608,189,131072,2097152,2097152,2097152,2097152,25,65536,131072,2097152,4194304,4194304,984,0,0,0,0,0,0,0,0,0,0,0,0,128,256,512,512,512,1221,65536,2097152,2097152,4194304,8388608,1221,0,0,0,0,0,0,128,256,256,512,2048,1221,504944,0,26037,13212,33379,0,42,21,0
3.69903E+13,1270,2048,8192,16384,9063,512,4096,8192,1270,4096,8192,16384,1024,4096,16384,16384,259,8192,8192,8192,18,2048,8192,8192,273,512,4096,8192,1023,1024,4096,8192,181,0,0,0,1,64,65536,131072,13254,524288,1048576,1048576,40,262144,262144,262144,40,262144,524288,524288,40,512,1024,1024,40,64,128,512,40,64,512,4096,1747,64,512,1024,1747,64,512,4096,81567,64,256,1024,9216,64,256,512,1427,64,512,1024,2331,256,1024,4096,1060,128,512,1024,1078,64,256,4096,14256,64,256,4096,1269,64,256,2048,279,64,256,512,117,128,512,4096,162,128,256,256,9,0,0,0,0,0,0,0,0,0,0,0,0,64,128,128,20,128,256,256,20,10.32,5.93,4.38,0,18,29,273,23,1283,0,0,0,0,0,0,0,2097152,2097152,2097152,2097152,2097152,18,2097152,2097152,2097152,2097152,2097152,20,2097152,4194304,4194304,8388608,8388608,170,131072,2097152,2097152,2097152,2097152,26,65536,131072,262144,2097152,2097152,844,0,0,0,0,0,0,0,0,0,0,0,0,128,256,256,512,1024,1078,65536,2097152,4194304,4194304,8388608,1078,0,0,0,0,0,0,128,256,512,512,1024,1078,505492,0,25920,13156,32658,0,40,20,0
3.69913E+13,1270,2048,8192,16384,8876,512,4096,8192,1324,4096,8192,16384,995,4096,16384,16384,250,8192,16384,16384,20,2048,8192,16384,250,512,4096,8192,1007,1024,4096,8192,153,0,0,0,1,512,65536,262144,13010,524288,524288,1048576,41,262144,262144,524288,41,524288,524288,524288,41,512,1024,1024,41,64,512,16384,41,64,512,4096,1512,64,512,1024,1512,64,512,4096,79884,64,512,4096,8955,64,256,512,1359,64,512,4096,2376,256,1024,4096,1122,128,512,4096,1158,64,512,4096,13842,64,256,512,1449,64,256,512,189,64,256,512,144,128,512,4096,180,0,256,256,9,0,0,0,0,0,0,0,0,0,0,0,0,64,128,128,21,128,128,128,21,11.8,6.73,5.08,0,20,24,250,36,1245,0,0,0,0,0,0,0,2097152,2097152,2097152,2097152,4194304,9,2097152,2097152,2097152,2097152,2097152,18,2097152,2097152,4194304,4194304,4194304,182,2097152,4194304,4194304,4194304,4194304,21,65536,131072,2097152,2097152,2097152,904,0,0,0,0,0,0,0,0,0,0,0,0,128,256,256,512,4096,1134,65536,2097152,4194304,4194304,4194304,1134,0,0,0,0,0,0,128,256,512,512,1024,1134,505933,0,26415,12930,32475,0,41,21,0
3.69924E+13,1232,2048,8192,16384,8883,512,4096,8192,1189,4096,8192,16384,985,4096,16384,16384,249,8192,8192,8192,12,2048,8192,8192,267,512,4096,8192,974,1024,4096,8192,153,0,0,0,1,256,65536,131072,12817,524288,524288,1048576,40,262144,262144,524288,40,262144,524288,524288,40,512,1024,1024,40,128,256,256,40,64,512,4096,1658,64,512,4096,2000,64,512,4096,79947,64,512,2048,8865,64,256,512,1437,64,512,1024,2232,256,1024,2048,1095,128,512,1024,1086,64,256,4096,12879,64,256,512,1251,64,256,4096,255,64,256,512,126,128,256,512,108,128,256,256,9,0,0,0,0,0,0,0,0,0,0,0,0,64,128,128,20,128,512,512,20,12.92,7.49,5.43,0,12,26,267,39,1234,38,0,0,0,0,0,0,2097152,2097152,2097152,2097152,2097152,9,2097152,2097152,2097152,2097152,2097152,10,2097152,4194304,4194304,4194304,4194304,155,131072,2097152,2097152,2097152,2097152,21,65536,131072,2097152,2097152,4194304,667,2097152,4194304,4194304,4194304,4194304,50,0,0,0,0,0,0,128,256,256,512,512,912,65536,2097152,4194304,4194304,4194304,912,0,0,0,0,0,0,256,256,512,1024,1024,912,506637,0,25286,12758,31704,0,40,20,0
3.69934E+13,1232,2048,8192,16384,9006,512,4096,4096,1612,4096,8192,16384,1015,4096,16384,16384,247,8192,16384,16384,20,2048,8192,8192,239,512,4096,8192,1010,1024,4096,8192,166,2048,2048,2048,2,64,65536,131072,13429,524288,1048576,1048576,41,262144,262144,262144,41,262144,524288,524288,41,512,512,1024,41,64,128,512,41,64,256,4096,1362,64,512,2048,1362,64,512,4096,81054,64,256,4096,9142,64,256,512,1278,64,512,1024,2133,256,1024,4096,992,128,512,512,1010,64,256,4096,13320,64,256,1024,1305,64,256,512,294,64,256,512,135,128,512,4096,180,64,512,512,18,0,0,0,0,0,0,0,0,0,0,0,0,64,128,128,20,64,128,128,20,13.54,7.02,6.51,0,20,27,239,39,1263,0,0,0,0,0,0,0,2097152,2097152,2097152,2097152,2097152,2,2097152,4194304,4194304,4194304,4194304,19,2097152,4194304,4194304,4194304,8388608,180,2097152,2097152,2097152,2097152,4194304,24,65536,131072,2097152,4194304,8388608,905,0,0,0,0,0,0,0,0,0,0,0,0,128,256,256,512,1024,1130,65536,2097152,4194304,4194304,8388608,1130,0,0,0,0,0,0,256,256,512,1024,16384,1130,507095,0,25940,13314,32892,0,41,20,0
3.69944E+13,1232,2048,8192,16384,8755,512,4096,8192,1390,4096,8192,16384,985,4096,8192,16384,256,8192,8192,8192,22,2048,8192,8192,246,512,4096,8192,1007,1024,4096,8192,172,0,0,0,0,64,65536,131072,12976,524288,1048576,1048576,41,262144,262144,262144,41,262144,524288,524288,41,256,1024,1024,41,64,128,128,41,64,512,4096,1493,64,512,4096,1493,64,512,4096,78795,64,512,2048,8858,64,256,512,1383,64,512,2048,2241,256,512,1024,1103,128,512,512,1166,64,256,4096,13374,64,256,1024,1404,64,256,512,291,64,256,512,189,128,256,4096,198,0,0,0,0,1024,2048,2048,38,1024,2048,2048,38,64,128,128,76,64,128,128,21,128,128,256,21,13.18,7.04,6.14,38,22,24,246,35,1240,0,0,0,0,0,0,0,2097152,4194304,4194304,4194304,4194304,12,2097152,4194304,4194304,4194304,4194304,14,2097152,4194304,4194304,4194304,8388608,167,131072,4194304,4194304,4194304,4194304,20,65536,131072,2097152,4194304,4194304,993,0,0,0,0,0,0,0,0,0,0,0,0,128,256,256,512,1024,1206,65536,2097152,4194304,4194304,8388608,1206,0,0,0,0,0,0,128,256,512,512,1024,1206,507494,0,25207,12941,32953,0,41,21,0
3.69954E+13,1232,2048,8192,16384,8706,512,4096,8192,1258,4096,8192,16384,991,4096,16384,16384,237,8192,8192,8192,20,2048,8192,8192,253,512,4096,8192,962,1024,4096,8192,173,0,0,0,1,64,65536,262144,12741,524288,524288,1048576,41,262144,262144,262144,41,262144,524288,524288,41,512,1024,1024,41,64,8192,65536,41,64,512,1024,1533,64,512,2048,1533,64,512,4096,78354,64,256,2048,8919,64,256,512,1446,64,512,512,2052,256,512,4096,1185,128,512,512,1221,64,256,2048,12834,64,256,1024,1296,64,256,512,354,64,256,512,198,128,512,4096,180,64,256,256,9,0,0,0,0,0,0,0,0,0,0,0,0,64,128,128,20,128,256,256,20,11.46,5.98,5.47,0,20,20,253,32,1228,0,0,0,0,0,0,0,2097152,2097152,2097152,2097152,2097152,18,2097152,2097152,2097152,2097152,2097152,14,2097152,4194304,4194304,4194304,4194304,181,2097152,2097152,2097152,2097152,4194304,22,65536,131072,2097152,2097152,2097152,908,0,0,0,0,0,0,0,0,0,0,0,0,128,256,256,512,512,1143,65536,2097152,4194304,4194304,4194304,1143,0,0,0,0,0,0,128,256,512,1024,32768,1143,507904,0,25224,12638,32161,0,41,20,0
3.69964E+13,1243,2048,8192,16384,9163,512,4096,4096,1240,4096,8192,16384,1010,4096,16384,16384,258,8192,8192,8192,19,2048,8192,8192,238,512,4096,8192,1016,1024,4096,8192,177,0,0,0,0,128,65536,262144,13247,524288,524288,524288,40,262144,262144,262144,40,262144,524288,524288,40,512,1024,1024,40,128,32768,65536,40,64,512,4096,1622,64,512,4096,1523,64,512,4096,82467,64,512,4096,9090,64,256,512,1434,64,512,4096,2070,256,1024,1024,1011,128,512,512,1146,64,256,4096,13077,64,256,512,1242,64,256,512,354,64,256,512,171,64,512,4096,171,0,0,0,0,0,0,0,0,0,0,0,0,0,0,0,0,64,128,128,20,128,65536,65536,20,14.58,8.44,6.14,0,19,26,238,28,1268,0,262144,262144,262144,262144,262144,11,2097152,2097152,2097152,2097152,2097152,5,2097152,2097152,2097152,2097152,2097152,11,2097152,4194304,4194304,4194304,8388608,196,131072,2097152,2097152,2097152,4194304,28,65536,131072,2097152,4194304,4194304,855,0,0,0,0,0,0,0,0,0,0,0,0,128,256,256,512,512,1106,65536,2097152,4194304,4194304,8388608,1106,64,256,256,256,256,11,128,256,512,1024,1024,1095,508377,0,25689,13147,32254,0,40,20,0
3.69974E+13,1266,2048,8192,16384,8865,512,4096,8192,1251,4096,8192,16384,999,4096,16384,16384,260,8192,16384,16384,14,2048,8192,8192,285,512,4096,8192,1006,1024,4096,8192,164,0,0,0,1,256,65536,131072,12956,524288,1048576,1048576,41,262144,262144,262144,41,262144,524288,524288,41,512,1024,1024,41,64,1024,32768,41,64,512,4096,1713,64,512,1024,1506,64,512,4096,79785,64,512,4096,8991,64,256,512,1272,64,512,2048,2223,256,1024,2048,1146,128,512,512,1209,64,256,4096,13194,64,256,1024,1206,64,256,4096,258,64,256,512,135,128,512,4096,126,128,512,512,9,0,0,0,0,0,0,0,0,0,0,0,0,64,128,128,21,256,65536,65536,21,12.25,6.58,5.67,0,14,16,285,35,1259,0,262144,262144,262144,262144,524288,24,2097152,4194304,4194304,4194304,4194304,9,2097152,4194304,4194304,4194304,4194304,8,4194304,4194304,8388608,8388608,8388608,142,2097152,4194304,4194304,4194304,8388608,20,65536,131072,4194304,4194304,8388608,700,0,0,0,0,0,0,0,0,0,0,0,0,128,256,256,512,512,903,65536,4194304,4194304,8388608,8388608,903,128,256,256,256,256,24,128,256,512,1024,1024,879,509083,0,25309,12829,31228,0,41,21,0
3.69985E+13,1282,2048,8192,16384,9331,512,4096,8192,1279,4096,8192,16384,1034,4096,16384,32768,256,8192,8192,8192,13,2048,8192,16384,273,512,4096,8192,1063,1024,4096,8192,176,2048,4096,4096,5,64,65536,131072,13539,524288,1048576,1048576,41,262144,262144,262144,41,262144,524288,524288,41,256,512,512,41,128,128,1024,41,64,512,1024,1635,64,512,1024,1491,64,512,4096,83979,64,512,4096,9306,64,256,512,1349,64,256,2048,2268,256,1024,4096,1008,128,512,4096,972,64,256,4096,13374,64,256,512,1350,64,256,4096,240,64,256,512,90,64,512,4096,117,128,256,512,45,0,0,0,0,0,0,0,0,0,0,0,0,64,128,128,20,128,65536,65536,20,9.9,5.96,3.93,0,13,22,273,36,1290,0,262144,262144,262144,262144,524288,15,2097152,2097152,2097152,2097152,4194304,6,2097152,4194304,4194304,4194304,4194304,15,2097152,4194304,4194304,4194304,4194304,194,131072,2097152,2097152,2097152,4194304,22,65536,131072,131072,2097152,4194304,921,0,0,0,0,0,0,0,0,0,0,0,0,128,256,512,512,512,1173,65536,2097152,4194304,4194304,4194304,1173,64,256,256,256,256,15,256,256,512,512,1024,1158,509544,0,26319,13402,33403,0,41,20,0
3.69995E+13,1282,2048,8192,16384,9219,512,4096,8192,1282,4096,8192,16384,1031,4096,16384,16384,266,8192,8192,8192,18,2048,8192,8192,255,512,4096,8192,1025,1024,8192,8192,184,0,0,0,0,64,65536,131072,13416,524288,1048576,1048576,40,262144,262144,524288,40,262144,524288,524288,40,512,1024,1024,40,64,128,1024,40,64,512,4096,1709,64,512,4096,1709,64,512,4096,82971,64,256,2048,9279,64,256,512,1314,64,512,1024,2439,256,1024,4096,1098,128,512,512,1017,64,256,4096,12465,64,256,4096,1152,64,512,4096,297,64,256,512,153,128,256,4096,162,0,0,0,0,0,0,0,0,0,0,0,0,0,0,0,0,64,128,128,20,128,128,128,20,11.99,6.19,5.8,0,18,23,255,28,1297,0,0,0,0,0,0,0,2097152,2097152,2097152,2097152,2097152,3,2097152,2097152,2097152,2097152,2097152,13,2097152,4194304,4194304,8388608,8388608,191,131072,2097152,2097152,2097152,4194304,19,65536,131072,2097152,2097152,4194304,945,0,0,0,0,0,0,0,0,0,0,0,0,128,256,256,512,512,1171,65536,2097152,4194304,4194304,8388608,1171,0,0,0,0,0,0,128,256,512,512,512,1171,509994,0,25510,13285,32908,0,40,20,0
3.70005E+13,1282,2048,8192,16384,9110,512,4096,8192,1282,4096,8192,16384,1033,4096,16384,16384,247,8192,8192,8192,15,2048,8192,8192,251,512,4096,8192,1022,1024,8192,8192,156,0,0,0,1,128,65536,131072,13251,524288,1048576,1048576,41,262144,262144,262144,41,262144,524288,524288,41,256,512,512,41,128,256,8192,41,64,512,2048,1527,64,512,4096,1527,64,512,4096,81990,64,512,4096,9297,64,256,512,1242,64,512,1024,2178,256,512,4096,1148,128,512,1024,1130,64,256,4096,13455,64,256,4096,1260,64,256,4096,252,64,256,256,135,128,512,4096,135,64,512,512,9,0,0,0,0,0,0,0,0,0,0,0,0,64,128,128,21,64,128,128,21,11.92,7.23,4.69,0,15,21,251,32,1280,0,0,0,0,0,0,0,2097152,2097152,2097152,2097152,2097152,6,2097152,2097152,2097152,2097152,4194304,14,2097152,4194304,4194304,4194304,4194304,200,131072,2097152,2097152,2097152,2097152,21,65536,131072,2097152,2097152,4194304,898,0,0,0,0,0,0,0,0,0,0,0,0,128,256,256,512,512,1139,65536,2097152,4194304,4194304,4194304,1139,0,0,0,0,0,0,256,256,512,512,512,1139,510454,0,26087,13136,33179,0,41,21,0
3.70015E+13,1282,2048,8192,16384,9337,512,4096,8192,1295,4096,8192,16384,1044,4096,16384,16384,249,8192,8192,8192,6,2048,8192,8192,258,512,4096,8192,1037,1024,8192,8192,190,0,0,0,0,512,65536,131072,13503,524288,1048576,1048576,41,262144,262144,524288,41,262144,524288,524288,41,256,512,512,41,64,128,8192,41,64,512,4096,1721,64,512,1024,1721,64,512,4096,84033,64,512,4096,9396,64,256,512,1284,64,512,1024,2034,256,1024,2048,1071,128,512,1024,1017,64,256,4096,13968,64,256,512,1215,64,512,4096,234,128,256,512,54,128,256,512,54,0,0,0,0,0,0,0,0,0,0,0,0,0,0,0,0,64,128,128,20,128,256,256,20,10.59,6.33,4.26,0,6,15,258,26,1293,0,0,0,0,0,0,0,2097152,4194304,4194304,4194304,4194304,16,2097152,2097152,2097152,2097152,2097152,13,2097152,4194304,4194304,4194304,4194304,175,131072,2097152,2097152,2097152,2097152,26,65536,131072,2097152,2097152,4194304,1094,0,0,0,0,0,0,0,0,0,0,0,0,128,256,256,512,512,1324,65536,2097152,4194304,4194304,4194304,1324,0,0,0,0,0,0,256,256,512,512,1024,1324,510728,0,25306,13217,33188,184,41,20,0
3.70025E+13,1244,2048,8192,16384,9010,512,4096,8192,1254,4096,8192,16384,1013,4096,16384,16384,267,8192,8192,8192,9,2048,8192,8192,258,512,4096,8192,985,1024,4096,8192,150,0,0,0,1,512,65536,262144,13055,524288,1048576,1048576,41,262144,262144,524288,41,262144,524288,524288,41,256,512,512,41,64,16384,65536,41,64,512,4096,1557,64,512,4096,1899,64,512,4096,81090,64,512,4096,9117,64,256,512,1299,64,512,512,2232,256,1024,4096,1080,128,512,1024,1017,64,256,4096,13725,64,512,1024,1323,64,256,4096,291,64,256,256,90,128,512,2048,81,128,256,256,9,0,0,0,0,0,0,0,0,0,0,0,0,64,128,128,21,128,128,256,21,11.93,7.61,4.31,0,9,19,258,33,1280,38,0,0,0,0,0,0,2097152,2097152,2097152,2097152,2097152,4,2097152,2097152,2097152,2097152,4194304,11,2097152,4194304,4194304,8388608,8388608,181,2097152,4194304,4194304,4194304,8388608,20,65536,131072,2097152,4194304,4194304,813,0,0,0,0,0,0,0,0,0,0,0,0,128,256,512,512,512,1029,65536,2097152,4194304,8388608,8388608,1029,0,0,0,0,0,0,256,256,512,512,1024,1029,511336,0,25961,13007,32147,0,41,21,0
3.70035E+13,1244,2048,8192,16384,8897,512,4096,8192,1246,4096,8192,16384,1011,4096,8192,16384,268,8192,8192,8192,9,2048,8192,8192,255,512,4096,8192,1049,1024,4096,8192,163,0,0,0,0,64,65536,131072,12991,524288,1048576,1048576,40,262144,262144,262144,40,262144,524288,524288,40,256,512,512,40,128,32768,65536,40,64,512,4096,1425,64,512,4096,1425,64,512,4096,80073,64,512,4096,9099,64,256,512,1278,64,512,1024,2169,256,1024,4096,990,128,512,4096,1035,64,256,4096,13365,64,256,1024,1359,64,256,512,273,64,256,512,90,128,512,4096,81,0,0,0,0,0,0,0,0,0,0,0,0,0,0,0,0,64,128,128,20,128,128,128,20,11.47,6.58,4.9,0,9,11,255,22,1279,0,0,0,0,0,0,0,2097152,4194304,4194304,4194304,4194304,10,2097152,2097152,2097152,2097152,2097152,12,2097152,4194304,4194304,4194304,4194304,188,2097152,2097152,2097152,2097152,2097152,20,65536,131072,262144,2097152,2097152,902,0,0,0,0,0,0,0,0,0,0,0,0,128,256,512,512,512,1132,65536,2097152,4194304,4194304,4194304,1132,0,0,0,0,0,0,256,256,512,512,32768,1132,511780,0,25755,12887,32815,0,40,20,0
3.70046E+13,1244,2048,8192,16384,8815,512,4096,8192,1244,4096,8192,16384,987,4096,16384,16384,249,8192,8192,8192,12,2048,8192,8192,251,512,4096,8192,963,1024,4096,8192,179,0,0,0,1,64,65536,131072,12811,524288,524288,1048576,41,262144,262144,262144,41,262144,524288,524288,41,256,512,512,41,64,128,256,41,64,512,4096,1485,64,512,4096,1485,64,512,4096,79335,64,512,2048,8883,64,256,512,1310,64,512,1024,2034,256,1024,1024,1188,128,512,512,1071,64,256,4096,14256,64,256,2048,1296,64,256,4096,291,64,256,512,108,128,512,4096,108,64,128,128,9,1024,2048,2048,38,1024,1024,1024,38,64,64,128,76,64,128,128,20,128,256,256,20,10.69,5.6,5.09,38,12,8,251,26,1236,0,0,0,0,0,0,0,2097152,2097152,2097152,2097152,2097152,7,2097152,2097152,2097152,2097152,2097152,15,2097152,4194304,4194304,4194304,4194304,193,131072,2097152,2097152,2097152,4194304,21,65536,131072,2097152,2097152,2097152,940,0,0,0,0,0,0,0,0,0,0,0,0,128,256,256,512,512,1176,65536,2097152,4194304,4194304,4194304,1176,0,0,0,0,0,0,256,256,512,512,512,1176,512175,0,25463,12776,32511,0,41,20,0
3.70056E+13,1244,2048,8192,16384,8852,512,4096,8192,1244,4096,8192,16384,977,4096,8192,16384,256,8192,8192,8192,13,2048,8192,8192,254,512,4096,8192,978,1024,4096,8192,182,0,0,0,0,64,65536,131072,12880,524288,1048576,1048576,41,262144,262144,262144,41,262144,524288,524288,41,256,1024,1024,41,64,128,32768,41,64,512,4096,1644,64,512,1024,1644,64,512,4096,79668,64,512,4096,8793,64,256,512,1322,64,512,512,2169,256,1024,4096,1265,128,512,1024,1193,64,256,4096,13905,64,256,512,1332,64,256,512,240,64,256,512,126,64,512,4096,117,0,0,0,0,0,0,0,0,0,0,0,0,0,0,0,0,64,128,128,21,64,128,128,21,12.15,5.88,6.27,0,13,15,254,25,1233,0,0,0,0,0,0,0,2097152,2097152,2097152,2097152,2097152,19,2097152,4194304,4194304,4194304,33554432,13,2097152,4194304,4194304,4194304,16777216,162,2097152,2097152,2097152,2097152,4194304,34,65536,131072,2097152,4194304,4194304,899,0,0,0,0,0,0,0,0,0,0,0,0,128,256,256,512,512,1127,65536,2097152,4194304,4194304,33554432,1127,0,0,0,0,0,0,256,256,512,512,512,1127,512588,0,25746,12788,32727,0,41,21,0
3.70066E+13,1244,2048,8192,16384,9097,512,4096,8192,1244,4096,8192,16384,1028,4096,16384,16384,241,8192,8192,8192,14,2048,8192,8192,237,512,4096,8192,1034,1024,4096,8192,177,0,0,0,0,64,65536,131072,13197,524288,1048576,1048576,40,262144,262144,524288,40,262144,524288,524288,40,512,1024,1024,40,64,2048,65536,40,64,512,4096,1530,64,512,2048,1530,64,512,4096,81873,64,256,4096,9252,64,256,512,1276,64,256,1024,2052,256,512,1024,1035,128,256,512,972,64,256,2048,13617,64,256,512,1260,64,256,512,315,64,256,512,144,128,512,4096,126,0,0,0,0,0,0,0,0,0,0,0,0,0,0,0,0,64,128,128,20,128,128,128,20,11.49,6.71,4.78,0,14,9,237,38,1269,0,0,0,0,0,0,0,2097152,2097152,2097152,2097152,2097152,2,2097152,2097152,2097152,2097152,2097152,12,2097152,4194304,4194304,4194304,4194304,200,2097152,2097152,2097152,2097152,2097152,22,65536,131072,2097152,4194304,4194304,866,0,0,0,0,0,0,0,0,0,0,0,0,128,256,512,512,1024,1102,65536,2097152,4194304,4194304,4194304,1102,0,0,0,0,0,0,256,256,512,512,1024,1102,513053,0,25404,13078,32655,0,40,20,0
3.70076E+13,1244,2048,8192,16384,8898,512,4096,8192,1243,4096,8192,16384,978,4096,16384,16384,241,8192,16384,16384,14,2048,8192,8192,290,512,4096,8192,992,1024,8192,8192,167,0,0,0,0,256,65536,262144,12932,524288,1048576,1048576,41,262144,262144,524288,41,262144,524288,524288,41,256,512,512,41,64,16384,32768,41,64,512,4096,1653,128,512,1024,1653,64,512,4096,80082,64,512,4096,8802,64,256,512,1311,64,512,1024,2124,256,1024,4096,1266,128,256,512,1194,64,256,4096,13779,64,256,2048,1377,64,256,1024,270,64,256,512,99,128,512,4096,126,0,0,0,0,0,0,0,0,0,0,0,0,0,0,0,0,64,128,128,20,128,128,128,20,10.44,6.75,3.69,0,14,6,290,19,1219,0,0,0,0,0,0,0,2097152,2097152,2097152,2097152,2097152,17,2097152,4194304,4194304,4194304,4194304,10,2097152,4194304,4194304,4194304,4194304,178,2097152,2097152,2097152,2097152,4194304,20,65536,131072,2097152,2097152,4194304,840,0,0,0,0,0,0,0,0,0,0,0,0,128,256,256,512,1024,1065,65536,2097152,4194304,4194304,4194304,1065,0,0,0,0,0,0,256,256,512,1024,4096,1065,513536,0,25782,12836,31958,0,41,20,0
3.70086E+13,1244,2048,8192,16384,8996,512,4096,8192,1244,4096,8192,16384,995,4096,16384,16384,239,8192,8192,8192,15,2048,8192,8192,237,512,4096,8192,986,1024,8192,8192,154,0,0,0,1,512,65536,131072,12986,524288,1048576,1048576,41,262144,262144,262144,41,262144,524288,524288,41,256,512,512,41,64,128,2048,41,64,512,4096,1399,64,512,4096,1399,64,512,4096,80964,64,256,1024,8955,64,256,512,1274,64,256,4096,1944,256,512,4096,1083,128,512,512,1083,64,256,2048,13293,64,512,4096,1242,64,256,512,309,64,256,512,135,128,512,512,135,128,256,256,9,0,0,0,0,0,0,0,0,0,0,0,0,64,128,128,21,128,128,128,21,9.3,5.09,4.2,0,15,1,237,27,1234,0,0,0,0,0,0,0,2097152,2097152,2097152,2097152,2097152,5,2097152,4194304,4194304,4194304,4194304,13,2097152,4194304,4194304,4194304,4194304,192,131072,2097152,2097152,2097152,4194304,20,65536,131072,2097152,4194304,4194304,939,0,0,0,0,0,0,0,0,0,0,0,0,128,256,512,512,512,1169,65536,2097152,4194304,4194304,4194304,1169,0,0,0,0,0,0,128,256,512,1024,1024,1169,513881,0,25641,12880,32341,0,41,21,0
3.70097E+13,1244,2048,8192,16384,8973,512,4096,8192,1244,4096,8192,16384,1007,4096,8192,16384,264,8192,8192,8192,13,2048,8192,8192,239,512,4096,8192,1015,1024,4096,8192,169,0,0,0,0,1024,65536,262144,13031,524288,1048576,1048576,40,262144,262144,262144,40,262144,524288,524288,40,256,512,512,40,64,4096,4096,40,64,512,4096,1456,128,512,1024,1456,64,512,4096,80757,64,256,1024,9063,64,256,512,1409,64,512,4096,2034,256,1024,1024,1062,128,512,512,1116,64,256,2048,12591,64,256,2048,1224,64,256,512,300,64,256,512,126,64,512,512,117,0,0,0,0,0,0,0,0,0,0,0,0,0,0,0,0,64,128,128,20,64,128,128,20,11.49,7.36,4.13,0,13,5,239,35,1271,0,0,0,0,0,0,0,2097152,2097152,2097152,2097152,4194304,8,2097152,2097152,2097152,2097152,4194304,9,2097152,4194304,4194304,4194304,4194304,204,2097152,4194304,4194304,4194304,4194304,23,65536,131072,262144,2097152,4194304,877,0,0,0,0,0,0,0,0,0,0,0,0,128,256,256,512,512,1121,65536,2097152,4194304,4194304,4194304,1121,0,0,0,0,0,0,128,256,512,512,512,1121,514323,0,25817,12942,32439,0,40,20,0
3.70107E+13,1244,2048,8192,16384,8992,512,4096,8192,1245,4096,8192,16384,1016,4096,16384,16384,255,8192,8192,8192,12,2048,8192,8192,241,512,4096,8192,996,1024,8192,8192,183,0,0,0,0,256,65536,131072,13039,524288,524288,1048576,41,262144,262144,524288,41,262144,524288,524288,41,256,512,512,41,64,128,128,41,64,512,4096,1657,64,512,4096,1657,64,512,4096,80928,64,256,2048,9144,64,256,512,1268,64,512,4096,2088,256,512,1024,1095,128,512,512,1050,64,256,4096,13446,64,256,512,1368,64,256,2048,192,64,256,256,108,64,256,512,108,0,0,0,0,0,0,0,0,0,0,0,0,0,0,0,0,64,128,128,20,128,128,128,20,9.69,5.74,3.95,0,12,5,241,26,1271,0,0,0,0,0,0,0,2097152,2097152,2097152,2097152,2097152,15,2097152,2097152,2097152,2097152,2097152,11,2097152,4194304,4194304,4194304,8388608,169,131072,2097152,2097152,2097152,2097152,23,65536,131072,2097152,4194304,4194304,985,0,0,0,0,0,0,0,0,0,0,0,0,128,256,512,512,512,1203,65536,2097152,4194304,4194304,8388608,1203,0,0,0,0,0,0,128,256,512,512,1024,1203,514675,0,25978,12952,32487,0,41,20,0
3.70117E+13,1244,2048,8192,16384,9073,512,4096,8192,1244,4096,8192,16384,1013,4096,16384,16384,260,4096,8192,8192,15,2048,8192,8192,268,512,4096,8192,1015,1024,4096,8192,151,0,0,0,0,64,65536,262144,13154,524288,524288,1048576,41,262144,262144,262144,41,262144,524288,524288,41,512,1024,1024,41,64,32768,65536,41,64,512,4096,1797,64,512,4096,1797,64,512,4096,81657,64,512,2048,9117,64,256,512,1419,64,512,2048,2124,256,1024,4096,1029,128,512,1024,1164,64,256,4096,12699,64,256,512,1278,64,256,512,345,64,256,512,162,64,256,512,135,0,0,0,0,0,0,0,0,0,0,0,0,0,0,0,0,64,128,128,21,64,256,256,21,11.29,6.54,4.75,0,15,3,268,30,1273,0,0,0,0,0,0,0,2097152,2097152,2097152,2097152,2097152,3,2097152,2097152,2097152,2097152,4194304,7,2097152,4194304,4194304,8388608,8388608,136,131072,2097152,2097152,2097152,8388608,16,65536,131072,2097152,4194304,4194304,801,4194304,4194304,4194304,4194304,4194304,51,0,0,0,0,0,0,128,256,256,512,512,1014,65536,4194304,4194304,8388608,8388608,1014,0,0,0,0,0,0,128,256,512,512,1024,1014,515250,0,25660,13068,33065,0,41,21,0
3.70127E+13,1207,2048,8192,16384,8667,512,4096,8192,1207,4096,8192,16384,957,4096,8192,16384,245,8192,8192,8192,12,2048,8192,8192,260,512,4096,8192,985,1024,4096,8192,164,0,0,0,1,128,65536,131072,12594,524288,524288,1048576,41,262144,262144,262144,41,262144,524288,524288,41,256,1024,1024,41,64,128,1024,41,64,512,4096,1575,64,512,4096,1908,64,512,4096,78003,64,256,1024,8613,64,256,512,1257,64,512,2048,1980,256,512,1024,1065,128,512,512,1047,64,256,2048,12681,64,256,512,1242,64,256,4096,279,64,256,256,90,64,256,256,108,64,256,256,9,0,0,0,0,0,0,0,0,0,0,0,0,64,128,128,20,64,128,128,20,11.8,5.96,5.84,0,12,1,260,21,1202,37,0,0,0,0,0,0,2097152,2097152,2097152,2097152,4194304,12,2097152,2097152,2097152,2097152,2097152,9,2097152,2097152,4194304,4194304,4194304,203,131072,2097152,2097152,2097152,4194304,13,65536,131072,2097152,2097152,4194304,954,0,0,0,0,0,0,0,0,0,0,0,0,128,256,256,512,1024,1191,65536,2097152,4194304,4194304,4194304,1191,0,0,0,0,0,0,128,256,256,512,1024,1191,515592,0,24786,12544,32118,0,41,20,0
3.70137E+13,1207,2048,8192,16384,8606,512,4096,8192,1208,4096,8192,16384,966,4096,16384,16384,252,8192,8192,8192,16,2048,8192,8192,242,512,4096,8192,942,1024,4096,8192,153,0,0,0,0,64,65536,262144,12498,524288,524288,1048576,40,262144,262144,262144,40,262144,524288,524288,40,256,512,512,40,128,8192,8192,40,64,512,4096,1532,128,512,4096,1532,64,512,4096,77454,64,256,2048,8694,64,256,512,1287,64,256,512,2169,256,1024,1024,1017,128,512,1024,1026,64,256,4096,12852,64,256,4096,1026,0,256,4096,240,64,256,512,144,64,512,4096,144,0,0,0,0,0,0,0,0,0,0,0,0,0,0,0,0,64,128,128,20,64,128,128,20,9.42,5.94,3.48,0,16,0,242,28,1218,0,0,0,0,0,0,0,2097152,2097152,2097152,2097152,2097152,2,2097152,4194304,4194304,4194304,4194304,9,2097152,4194304,4194304,4194304,4194304,203,131072,4194304,4194304,4194304,4194304,31,65536,131072,2097152,2097152,2097152,883,0,0,0,0,0,0,0,0,0,0,0,0,128,256,512,512,512,1128,65536,2097152,4194304,4194304,4194304,1128,0,0,0,0,0,0,256,256,512,512,1024,1128,515968,0,24602,12402,31655,0,40,20,0
3.70147E+13,1207,2048,8192,16384,8765,512,4096,8192,1210,4096,8192,16384,972,4096,8192,16384,234,8192,8192,8192,15,2048,8192,8192,238,512,4096,8192,972,1024,4096,8192,180,0,0,0,0,64,65536,131072,12687,524288,524288,1048576,41,262144,262144,262144,41,262144,524288,524288,41,512,512,1024,41,64,128,128,41,64,512,4096,1536,128,512,4096,1536,64,512,4096,78885,64,256,1024,8748,64,256,512,1295,64,512,1024,1935,256,1024,4096,1254,128,512,512,1272,64,256,2048,13284,64,256,1024,1188,0,256,512,303,64,256,512,144,128,512,4096,135,0,0,0,0,1024,2048,2048,37,1024,2048,2048,37,64,64,64,74,64,128,128,21,64,128,128,21,9.19,5.49,3.7,37,15,0,238,20,1206,0,0,0,0,0,0,0,2097152,4194304,4194304,4194304,4194304,17,2097152,4194304,4194304,4194304,4194304,12,2097152,4194304,4194304,4194304,4194304,185,131072,2097152,4194304,4194304,4194304,28,65536,131072,2097152,4194304,4194304,937,0,0,0,0,0,0,0,0,0,0,0,0,128,256,256,512,512,1179,65536,2097152,4194304,4194304,4194304,1179,0,0,0,0,0,0,128,256,512,512,512,1179,516305,0,24946,12659,32623,0,41,21,0
3.70158E+13,1229,2048,8192,16384,8586,512,4096,8192,1211,4096,8192,16384,962,4096,16384,16384,241,8192,8192,8192,17,2048,8192,8192,220,512,4096,8192,980,1024,4096,8192,167,2048,2048,2048,2,512,65536,262144,12504,524288,1048576,1048576,40,262144,262144,262144,40,262144,524288,524288,40,512,512,1024,40,128,1024,8192,40,64,512,4096,1690,128,512,4096,1492,64,512,4096,77274,64,512,4096,8658,64,256,512,1268,64,512,4096,2115,256,1024,1024,1070,128,512,512,1088,64,256,4096,13077,64,256,512,1152,64,256,2048,294,64,512,1024,135,128,256,4096,153,256,512,512,18,0,0,0,0,0,0,0,0,0,0,0,0,64,128,128,20,128,65536,65536,20,10.93,6.17,4.76,0,17,1,220,25,1203,0,262144,262144,262144,262144,262144,22,2097152,2097152,2097152,2097152,2097152,2,2097152,2097152,2097152,2097152,2097152,15,2097152,4194304,4194304,4194304,4194304,183,2097152,2097152,2097152,2097152,4194304,18,65536,131072,2097152,2097152,2097152,965,0,0,0,0,0,0,0,0,0,0,0,0,128,256,256,512,512,1205,65536,2097152,4194304,4194304,4194304,1205,128,256,256,256,256,22,128,256,512,512,1024,1183,516566,0,24706,12388,32302,0,40,20,0
3.70168E+13,1258,2048,8192,16384,5658,512,4096,8192,650,4096,8192,16384,653,4096,16384,16384,171,8192,8192,8192,5,2048,8192,8192,175,512,4096,8192,665,1024,8192,8192,108,0,0,0,1,2048,65536,131072,8137,524288,1048576,1048576,41,262144,524288,524288,41,262144,1048576,1048576,41,512,512,512,41,128,128,256,41,64,4096,8192,1524,128,4096,8192,1263,64,512,4096,50922,64,512,4096,5877,64,256,512,766,64,512,512,1359,256,4096,8192,1092,128,512,4096,1002,64,4096,8192,13752,64,2048,8192,1062,64,4096,8192,342,128,512,512,72,64,256,4096,45,0,512,512,9,0,0,0,0,0,0,0,0,0,0,0,0,128,128,128,20,128,65536,65536,20,10.91,5.58,5.33,0,5,0,175,28,824,100,262144,262144,524288,524288,524288,29,2097152,2097152,2097152,2097152,4194304,13,2097152,2097152,2097152,2097152,2097152,4,2097152,4194304,4194304,4194304,4194304,188,131072,2097152,2097152,2097152,2097152,26,65536,131072,2097152,2097152,2097152,857,0,0,0,0,0,0,0,0,0,0,0,0,128,256,512,512,512,1117,65536,2097152,4194304,4194304,4194304,1117,128,256,256,256,256,29,128,256,512,512,512,1088,516581,0,21474,8175,26884,0,41,20,0
3.70178E+13,1207,0,0,0,0,0,0,0,0,0,0,0,0,0,0,0,0,0,0,0,0,0,0,0,0,0,0,0,0,0,0,0,0,0,0,0,0,0,0,0,0,1048576,1048576,2097152,41,262144,524288,524288,41,1048576,1048576,1048576,41,512,1024,1024,41,64,128,128,41,128,8192,16384,1104,64,8192,16384,1563,0,0,0,0,0,0,0,0,0,0,0,0,0,0,0,0,256,8192,8192,1185,128,4096,8192,996,64,8192,8192,17154,64,8192,16384,387,0,4096,8192,282,0,0,0,0,0,0,0,0,0,0,0,0,0,0,0,0,0,0,0,0,0,0,0,0,64,128,128,21,64,128,128,21,9.04,5.42,3.61,0,0,0,0,32,0,100,0,0,0,0,0,0,2097152,2097152,2097152,2097152,4194304,7,2097152,2097152,2097152,2097152,4194304,12,2097152,4194304,4194304,4194304,4194304,200,131072,2097152,2097152,2097152,2097152,24,65536,131072,2097152,2097152,4194304,953,0,0,0,0,0,0,0,0,0,0,0,0,128,256,256,512,512,1196,65536,2097152,4194304,4194304,4194304,1196,0,0,0,0,0,0,128,256,512,512,1024,1196,515517,0,14003,100,18527,1,41,21,0
3.70188E+13,1207,0,0,0,0,0,0,0,0,0,0,0,0,0,0,0,0,0,0,0,0,0,0,0,0,0,0,0,0,0,0,0,0,0,0,0,0,0,0,0,0,1048576,1048576,1048576,41,262144,524288,524288,41,1048576,1048576,1048576,41,512,1024,1024,41,128,128,256,41,128,8192,16384,1014,128,8192,16384,1014,0,0,0,0,0,0,0,0,0,0,0,0,0,0,0,0,256,8192,8192,1311,64,4096,8192,1086,64,8192,8192,16326,64,4096,8192,531,0,4096,8192,300,0,0,0,0,0,0,0,0,0,0,0,0,0,0,0,0,0,0,0,0,0,0,0,0,64,128,128,20,128,128,128,20,8.64,4.95,3.68,0,0,0,0,32,0,100,0,0,0,0,0,0,2097152,4194304,4194304,4194304,4194304,9,2097152,2097152,2097152,2097152,2097152,10,2097152,4194304,4194304,4194304,4194304,187,2097152,2097152,2097152,2097152,4194304,20,65536,131072,2097152,2097152,2097152,1053,0,0,0,0,0,0,0,0,0,0,0,0,128,256,256,512,512,1279,65536,2097152,4194304,4194304,4194304,1279,0,0,0,0,0,0,128,256,512,512,512,1279,514370,0,13540,100,18343,0,41,20,0
3.70198E+13,1207,0,0,0,0,0,0,0,0,0,0,0,0,0,0,0,0,0,0,0,0,0,0,0,0,0,0,0,0,0,0,0,0,0,0,0,0,0,0,0,0,1048576,2097152,2097152,40,262144,524288,524288,40,1048576,1048576,1048576,40,512,1024,1024,40,64,128,128,40,128,8192,16384,1008,128,8192,16384,1008,0,0,0,0,0,0,0,0,0,0,0,0,0,0,0,0,256,4096,8192,1212,128,4096,8192,1032,64,8192,8192,15489,128,4096,8192,414,64,8192,8192,345,0,0,0,0,0,0,0,0,0,0,0,0,0,0,0,0,0,0,0,0,0,0,0,0,128,128,128,20,128,256,256,20,9.39,5.15,4.25,0,0,0,0,27,0,100,0,0,0,0,0,0,2097152,2097152,2097152,2097152,2097152,8,2097152,2097152,2097152,2097152,4194304,9,2097152,4194304,4194304,4194304,8388608,184,131072,2097152,2097152,2097152,2097152,17,65536,131072,2097152,2097152,4194304,895,0,0,0,0,0,0,0,0,0,0,0,0,128,256,256,512,512,1113,65536,2097152,4194304,4194304,8388608,1113,0,0,0,0,0,0,128,256,512,512,1024,1113,513384,0,13386,100,17394,0,40,20,0
3.70208E+13,1207,0,0,0,0,0,0,0,0,0,0,0,0,0,0,0,0,0,0,0,0,0,0,0,0,0,0,0,0,0,0,0,0,0,0,0,0,0,0,0,0,1048576,1048576,1048576,41,262144,524288,524288,41,524288,1048576,1048576,41,512,1024,1024,41,128,128,128,41,128,8192,16384,974,128,8192,16384,974,0,0,0,0,0,0,0,0,0,0,0,0,0,0,0,0,256,4096,8192,1080,128,4096,8192,945,64,8192,8192,15678,128,8192,8192,549,64,4096,8192,435,0,0,0,0,0,0,0,0,0,0,0,0,0,0,0,0,0,0,0,0,0,0,0,0,64,128,128,21,128,128,128,21,8.83,5.37,3.46,0,0,0,0,30,0,100,0,0,0,0,0,0,2097152,2097152,2097152,2097152,2097152,6,2097152,2097152,2097152,2097152,2097152,7,2097152,2097152,4194304,4194304,4194304,204,131072,2097152,4194304,4194304,4194304,23,65536,131072,2097152,2097152,2097152,1046,0,0,0,0,0,0,0,0,0,0,0,0,128,256,512,512,512,1286,65536,2097152,2097152,4194304,4194304,1286,0,0,0,0,0,0,128,256,512,512,8192,1286,512228,0,12741,100,17704,2,41,21,0
3.70219E+13,1207,0,0,0,0,0,0,0,0,0,0,0,0,0,0,0,0,0,0,0,0,0,0,0,0,0,0,0,0,0,0,0,0,0,0,0,0,0,0,0,0,1048576,1048576,1048576,41,262144,524288,524288,41,524288,1048576,1048576,41,512,1024,1024,41,128,128,128,41,128,8192,16384,972,128,8192,16384,972,0,0,0,0,0,0,0,0,0,0,0,0,0,0,0,0,256,8192,8192,1343,128,4096,8192,1019,64,8192,8192,16578,64,4096,8192,486,64,8192,8192,393,0,0,0,0,0,0,0,0,0,0,0,0,0,0,0,0,0,0,0,0,0,0,0,0,64,128,128,20,128,128,128,20,8.96,5.25,3.71,0,0,0,0,26,0,100,0,0,0,0,0,0,2097152,2097152,2097152,2097152,2097152,12,2097152,2097152,2097152,2097152,4194304,13,2097152,4194304,4194304,4194304,4194304,193,131072,4194304,4194304,4194304,4194304,21,65536,131072,2097152,2097152,2097152,895,0,0,0,0,0,0,0,0,0,0,0,0,128,256,512,512,2048,1134,65536,2097152,4194304,4194304,4194304,1134,0,0,0,0,0,0,128,256,512,512,1024,1134,511220,0,13795,100,17913,0,41,20,0
3.70229E+13,1207,0,0,0,0,0,0,0,0,0,0,0,0,0,0,0,0,0,0,0,0,0,0,0,0,0,0,0,0,0,0,0,0,0,0,0,0,0,0,0,0,1048576,1048576,1048576,40,262144,524288,524288,40,1048576,1048576,1048576,40,256,1024,1024,40,128,128,128,40,64,8192,16384,1111,128,8192,16384,1111,0,0,0,0,0,0,0,0,0,0,0,0,0,0,0,0,256,4096,8192,1038,64,4096,8192,921,64,8192,8192,17118,64,4096,8192,351,64,4096,8192,381,0,0,0,0,0,0,0,0,0,0,0,0,0,0,0,0,0,0,0,0,0,0,0,0,64,128,128,20,128,128,128,20,9.49,5.77,3.72,0,0,0,0,30,0,100,0,0,0,0,0,0,2097152,4194304,4194304,4194304,4194304,7,2097152,2097152,2097152,2097152,4194304,10,2097152,2097152,4194304,4194304,4194304,202,131072,2097152,2097152,2097152,2097152,26,65536,131072,2097152,4194304,4194304,999,0,0,0,0,0,0,0,0,0,0,0,0,128,256,256,512,512,1244,65536,2097152,4194304,4194304,4194304,1244,0,0,0,0,0,0,128,256,512,512,512,1244,510106,0,13854,100,18445,0,40,20,0
3.70239E+13,1207,0,0,0,0,0,0,0,0,0,0,0,0,0,0,0,0,0,0,0,0,0,0,0,0,0,0,0,0,0,0,0,0,0,0,0,0,0,0,0,0,1048576,1048576,1048576,41,262144,524288,524288,41,1048576,1048576,1048576,41,512,1024,1024,41,128,128,128,41,64,8192,16384,1034,128,8192,16384,1034,0,0,0,0,0,0,0,0,0,0,0,0,0,0,0,0,256,4096,8192,1221,128,4096,8192,1023,64,8192,8192,18018,64,4096,8192,396,64,4096,8192,426,0,0,0,0,0,0,0,0,0,0,0,0,0,0,0,0,0,0,0,0,0,0,0,0,128,128,128,21,64,128,128,21,9.38,5.19,4.18,0,0,0,0,34,0,100,0,0,0,0,0,0,2097152,2097152,2097152,2097152,2097152,15,2097152,2097152,2097152,2097152,4194304,8,2097152,4194304,4194304,4194304,4194304,194,131072,2097152,2097152,2097152,2097152,24,65536,131072,2097152,2097152,2097152,877,0,0,0,0,0,0,0,0,0,0,0,0,128,256,256,512,512,1118,65536,2097152,4194304,4194304,4194304,1118,0,0,0,0,0,0,128,256,512,512,512,1118,509122,0,13832,100,18056,0,41,21,0
3.70249E+13,1207,0,0,0,0,0,0,0,0,0,0,0,0,0,0,0,0,0,0,0,0,0,0,0,0,0,0,0,0,0,0,0,0,0,0,0,0,0,0,0,0,1048576,1048576,1048576,41,262144,524288,524288,41,524288,1048576,1048576,41,512,512,1024,41,128,128,128,41,64,8192,16384,1047,128,8192,16384,1047,0,0,0,0,0,0,0,0,0,0,0,0,0,0,0,0,256,4096,8192,1203,128,4096,8192,987,64,8192,8192,17955,64,4096,8192,369,64,4096,8192,399,0,0,0,0,0,0,0,0,0,0,0,0,0,0,0,0,0,0,0,0,0,0,0,0,128,128,128,20,128,256,256,20,9.94,5.68,4.26,0,0,0,0,40,0,100,0,0,0,0,0,0,4194304,4194304,4194304,4194304,4194304,2,2097152,2097152,2097152,2097152,2097152,11,2097152,4194304,4194304,4194304,8388608,192,131072,2097152,2097152,2097152,2097152,19,65536,131072,2097152,2097152,4194304,903,0,0,0,0,0,0,0,0,0,0,0,0,128,256,512,512,512,1127,65536,2097152,4194304,4194304,8388608,1127,0,0,0,0,0,0,128,256,512,512,1024,1127,508135,0,13759,100,17969,0,41,20,0
3.70259E+13,1207,0,0,0,0,0,0,0,0,0,0,0,0,0,0,0,0,0,0,0,0,0,0,0,0,0,0,0,0,0,0,0,0,0,0,0,0,0,0,0,0,1048576,1048576,1048576,41,262144,524288,524288,41,1048576,1048576,1048576,41,512,1024,1024,41,64,256,256,41,64,8192,8192,1035,128,8192,16384,1035,0,0,0,0,0,0,0,0,0,0,0,0,0,0,0,0,256,4096,8192,1374,128,4096,8192,1140,64,8192,8192,17289,64,8192,8192,351,64,8192,8192,444,0,0,0,0,0,0,0,0,0,0,0,0,0,0,0,0,0,0,0,0,0,0,0,0,64,128,128,21,128,512,512,21,8.92,4.84,4.08,0,0,0,0,27,0,100,0,0,0,0,0,0,2097152,2097152,2097152,2097152,2097152,14,2097152,2097152,2097152,2097152,4194304,10,2097152,4194304,4194304,4194304,4194304,193,131072,2097152,4194304,4194304,4194304,23,65536,131072,2097152,2097152,2097152,950,0,0,0,0,0,0,0,0,0,0,0,0,128,256,256,512,512,1190,65536,2097152,4194304,4194304,4194304,1190,0,0,0,0,0,0,128,256,512,512,512,1190,507072,0,13197,100,17569,0,41,21,0
3.7027E+13,1207,0,0,0,0,0,0,0,0,0,0,0,0,0,0,0,0,0,0,0,0,0,0,0,0,0,0,0,0,0,0,0,0,0,0,0,0,0,0,0,0,1048576,1048576,1048576,40,262144,524288,524288,40,1048576,1048576,1048576,40,512,1024,1024,40,128,128,128,40,64,8192,16384,1053,128,8192,16384,1053,0,0,0,0,0,0,0,0,0,0,0,0,0,0,0,0,256,8192,8192,1185,64,4096,8192,1104,64,8192,8192,15309,128,8192,8192,360,64,8192,8192,456,0,0,0,0,0,0,0,0,0,0,0,0,0,0,0,0,0,0,0,0,0,0,0,0,64,128,128,20,128,128,128,20,8.99,5.39,3.6,0,0,0,0,18,0,100,0,0,0,0,0,0,2097152,2097152,2097152,2097152,2097152,5,2097152,2097152,2097152,2097152,2097152,7,2097152,4194304,4194304,4194304,4194304,197,131072,2097152,2097152,2097152,2097152,26,65536,131072,2097152,2097152,2097152,1091,0,0,0,0,0,0,0,0,0,0,0,0,128,256,256,512,512,1326,65536,2097152,2097152,4194304,4194304,1326,0,0,0,0,0,0,128,256,512,512,1024,1326,505864,0,12598,100,17570,0,40,20,0
3.7028E+13,1207,0,0,0,0,0,0,0,0,0,0,0,0,0,0,0,0,0,0,0,0,0,0,0,0,0,0,0,0,0,0,0,0,0,0,0,0,0,0,0,0,1048576,1048576,2097152,41,262144,524288,524288,41,1048576,1048576,1048576,41,512,1024,1024,41,128,128,256,41,64,8192,16384,1017,128,8192,16384,1017,0,0,0,0,0,0,0,0,0,0,0,0,0,0,0,0,256,4096,8192,1128,128,4096,8192,1128,64,8192,8192,16749,64,4096,8192,495,64,8192,8192,447,0,0,0,0,0,0,0,0,0,0,0,0,0,0,0,0,0,0,0,0,0,0,0,0,128,128,128,20,128,128,128,20,10.56,5.6,4.96,0,0,0,0,29,0,100,0,0,0,0,0,0,2097152,2097152,2097152,2097152,4194304,2,2097152,2097152,2097152,2097152,4194304,10,2097152,4194304,4194304,4194304,8388608,178,131072,4194304,4194304,4194304,4194304,26,65536,131072,2097152,2097152,2097152,957,0,0,0,0,0,0,0,0,0,0,0,0,128,256,256,512,512,1173,65536,2097152,4194304,4194304,8388608,1173,0,0,0,0,0,0,128,256,512,512,1024,1173,504820,0,12784,100,17307,0,41,20,0
3.7029E+13,1200,0,0,0,0,0,0,0,0,0,0,0,0,0,0,0,0,0,0,0,0,0,0,0,0,0,0,0,0,0,0,0,0,0,0,0,0,0,0,0,0,1048576,1048576,2097152,40,262144,524288,524288,40,1048576,1048576,1048576,40,512,1024,1024,40,128,128,128,40,64,8192,16384,1007,64,8192,16384,1070,0,0,0,0,0,0,0,0,0,0,0,0,0,0,0,0,256,4096,8192,1034,128,4096,8192,1034,64,8192,8192,16821,64,4096,8192,432,64,8192,8192,423,0,0,0,0,0,0,0,0,0,0,0,0,0,0,0,0,0,0,0,0,0,0,0,0,128,128,128,20,128,128,128,20,8.64,5.16,3.48,0,0,0,0,34,0,100,0,0,0,0,0,0,2097152,4194304,4194304,4194304,4194304,14,2097152,2097152,2097152,2097152,2097152,4,2097152,4194304,4194304,4194304,4194304,174,2097152,2097152,4194304,4194304,8388608,29,65536,131072,2097152,2097152,2097152,939,2097152,2097152,2097152,2097152,4194304,11,0,0,0,0,0,0,128,256,512,512,1024,1171,65536,2097152,4194304,4194304,8388608,1171,0,0,0,0,0,0,128,256,512,512,512,1171,503783,0,13103,100,17450,0,40,20,0
3.703E+13,1100,0,0,0,0,0,0,0,0,0,0,0,0,0,0,0,0,0,0,0,0,0,0,0,0,0,0,0,0,0,0,0,0,0,0,0,0,0,0,0,0,1048576,1048576,1048576,41,262144,524288,524288,41,524288,1048576,1048576,41,512,1024,1024,41,64,128,128,41,64,8192,16384,984,64,8192,8192,1884,0,0,0,0,0,0,0,0,0,0,0,0,0,0,0,0,256,4096,8192,1038,128,4096,8192,1038,64,8192,8192,16875,64,4096,8192,504,64,4096,8192,513,0,0,0,0,0,0,0,0,0,0,0,0,0,0,0,0,0,0,0,0,0,0,0,0,64,128,128,21,64,128,128,21,8.55,5.36,3.19,0,0,0,0,25,0,100,0,0,0,0,0,0,2097152,2097152,2097152,2097152,2097152,7,2097152,2097152,2097152,2097152,2097152,2,2097152,2097152,4194304,4194304,4194304,172,2097152,2097152,2097152,2097152,2097152,20,65536,131072,2097152,4194304,4194304,840,2097152,4194304,4194304,4194304,8388608,38,0,0,0,0,0,0,128,256,512,512,1024,1079,65536,2097152,4194304,4194304,8388608,1079,0,0,0,0,0,0,128,256,512,512,512,1079,502829,0,12678,100,17085,0,41,21,0
3.7031E+13,1000,0,0,0,0,0,0,0,0,0,0,0,0,0,0,0,0,0,0,0,0,0,0,0,0,0,0,0,0,0,0,0,0,0,0,0,0,0,0,0,0,1048576,1048576,1048576,41,262144,262144,524288,41,524288,1048576,1048576,41,512,512,1024,41,128,128,256,41,64,8192,8192,927,64,4096,16384,1827,0,0,0,0,0,0,0,0,0,0,0,0,0,0,0,0,256,4096,8192,1068,128,4096,8192,1068,64,4096,8192,15660,64,4096,8192,738,64,4096,8192,618,0,0,0,0,0,0,0,0,0,0,0,0,0,0,0,0,0,0,0,0,0,0,0,0,64,128,128,20,64,256,256,20,9.29,5.85,3.43,0,0,0,0,35,0,100,0,0,0,0,0,0,2097152,4194304,4194304,4194304,4194304,14,2097152,2097152,2097152,2097152,2097152,8,2097152,4194304,4194304,4194304,4194304,197,131072,2097152,2097152,2097152,4194304,21,65536,131072,2097152,2097152,2097152,919,0,0,0,0,0,0,0,0,0,0,0,0,128,256,512,512,512,1159,65536,2097152,4194304,4194304,4194304,1159,0,0,0,0,0,0,128,256,512,512,1024,1159,501805,0,11531,100,15869,0,41,20,0
3.7032E+13,900,0,0,0,0,0,0,0,0,0,0,0,0,0,0,0,0,0,0,0,0,0,0,0,0,0,0,0,0,0,0,0,0,0,0,0,0,0,0,0,0,1048576,1048576,1048576,41,262144,262144,262144,41,524288,1048576,1048576,41,512,1024,1024,41,128,128,128,41,64,8192,16384,763,64,4096,8192,1663,0,0,0,0,0,0,0,0,0,0,0,0,0,0,0,0,128,4096,8192,1014,64,4096,8192,1014,64,4096,8192,15075,64,4096,8192,414,0,4096,8192,642,0,0,0,0,0,0,0,0,0,0,0,0,0,0,0,0,0,0,0,0,0,0,0,0,64,128,128,21,64,128,128,21,8.72,5.39,3.34,0,0,0,0,25,0,100,0,0,0,0,0,0,0,0,0,0,2097152,1,2097152,2097152,2097152,2097152,2097152,7,2097152,4194304,4194304,4194304,4194304,203,131072,2097152,4194304,4194304,8388608,24,65536,131072,2097152,2097152,2097152,910,0,0,0,0,0,0,0,0,0,0,0,0,128,256,512,512,512,1145,65536,2097152,4194304,4194304,8388608,1145,0,0,0,0,0,0,128,256,512,512,1024,1145,500785,0,10293,100,14651,0,41,21,0
3.70331E+13,800,0,0,0,0,0,0,0,0,0,0,0,0,0,0,0,0,0,0,0,0,0,0,0,0,0,0,0,0,0,0,0,0,0,0,0,0,0,0,0,0,1048576,1048576,1048576,40,262144,262144,262144,40,524288,1048576,1048576,40,512,1024,1024,40,128,128,128,40,64,8192,16384,752,64,4096,8192,1652,0,0,0,0,0,0,0,0,0,0,0,0,0,0,0,0,128,4096,8192,1023,64,4096,8192,1023,64,4096,8192,13464,64,4096,8192,405,0,4096,8192,771,0,0,0,0,0,0,0,0,0,0,0,0,0,0,0,0,0,0,0,0,0,0,0,0,64,128,128,20,64,4096,4096,20,8.57,5.24,3.33,0,0,0,0,23,0,100,262144,524288,524288,524288,524288,11,2097152,2097152,2097152,2097152,2097152,11,2097152,2097152,2097152,2097152,8388608,4,2097152,4194304,4194304,4194304,4194304,189,131072,2097152,2097152,2097152,4194304,27,65536,131072,2097152,2097152,4194304,859,0,0,0,0,0,0,0,0,0,0,0,0,128,256,512,512,512,1101,65536,2097152,4194304,4194304,8388608,1101,64,256,256,256,256,11,128,256,512,512,1024,1090,499807,0,9154,100,13303,0,40,20,0
3.70341E+13,700,0,0,0,0,0,0,0,0,0,0,0,0,0,0,0,0,0,0,0,0,0,0,0,0,0,0,0,0,0,0,0,0,0,0,0,0,0,0,0,0,524288,1048576,1048576,41,262144,262144,262144,41,524288,524288,1048576,41,512,1024,1024,41,128,128,256,41,64,8192,16384,678,64,8192,8192,1578,0,0,0,0,0,0,0,0,0,0,0,0,0,0,0,0,128,4096,8192,957,64,4096,8192,957,64,4096,8192,11718,64,4096,8192,351,0,4096,4096,972,0,0,0,0,0,0,0,0,0,0,0,0,0,0,0,0,0,0,0,0,0,0,0,0,128,128,128,20,128,4096,4096,20,9.25,5.52,3.72,0,0,0,0,26,0,100,262144,262144,262144,262144,262144,36,2097152,2097152,2097152,2097152,4194304,8,2097152,2097152,2097152,2097152,4194304,5,2097152,2097152,4194304,4194304,16777216,189,131072,2097152,2097152,2097152,4194304,25,65536,131072,2097152,2097152,2097152,1049,0,0,0,0,0,0,0,0,0,0,0,0,128,256,256,512,512,1312,65536,2097152,2097152,4194304,16777216,1312,128,256,256,256,256,36,128,256,512,512,1024,1276,498621,0,7678,100,12989,0,41,20,0
3.70351E+13,600,0,0,0,0,0,0,0,0,0,0,0,0,0,0,0,0,0,0,0,0,0,0,0,0,0,0,0,0,0,0,0,0,0,0,0,0,0,0,0,0,524288,1048576,1048576,41,131072,262144,262144,41,524288,524288,1048576,41,256,1024,1024,41,128,128,128,41,64,8192,16384,603,64,8192,16384,1503,0,0,0,0,0,0,0,0,0,0,0,0,0,0,0,0,128,4096,8192,975,64,4096,8192,975,64,4096,8192,10665,64,4096,8192,243,0,4096,8192,861,0,0,0,0,0,0,0,0,0,0,0,0,0,0,0,0,0,0,0,0,0,0,0,0,64,128,128,21,64,512,2048,21,8.4,4.58,3.82,0,0,0,0,28,0,100,262144,262144,262144,262144,524288,2,2097152,2097152,2097152,2097152,4194304,5,2097152,2097152,2097152,2097152,2097152,3,2097152,4194304,4194304,4194304,4194304,209,131072,2097152,4194304,4194304,8388608,33,65536,131072,131072,2097152,2097152,963,0,0,0,0,0,0,0,0,0,0,0,0,128,256,512,512,512,1215,65536,2097152,4194304,4194304,8388608,1215,64,64,64,64,256,2,128,256,512,512,1024,1213,497534,0,6700,100,11350,0,41,21,0
3.70361E+13,500,0,0,0,0,0,0,0,0,0,0,0,0,0,0,0,0,0,0,0,0,0,0,0,0,0,0,0,0,0,0,0,0,0,0,0,0,0,0,0,0,524288,1048576,1048576,40,131072,262144,262144,40,524288,524288,524288,40,256,1024,1024,40,128,128,128,40,64,8192,16384,402,64,4096,8192,1302,0,0,0,0,0,0,0,0,0,0,0,0,0,0,0,0,128,4096,8192,906,64,4096,8192,906,64,4096,8192,9666,64,4096,8192,405,0,256,4096,963,0,0,0,0,0,0,0,0,0,0,0,0,0,0,0,0,0,0,0,0,0,0,0,0,64,128,128,20,64,128,128,20,9.38,5.27,4.11,0,0,0,0,17,0,100,0,0,0,0,0,0,2097152,2097152,2097152,2097152,2097152,12,2097152,2097152,2097152,2097152,4194304,7,2097152,4194304,8388608,8388608,8388608,184,131072,2097152,2097152,2097152,2097152,24,65536,131072,2097152,2097152,2097152,996,0,0,0,0,0,0,0,0,0,0,0,0,128,256,512,512,512,1223,65536,2097152,2097152,8388608,8388608,1223,0,0,0,0,0,0,128,256,512,512,1024,1223,496428,0,5493,100,10143,0,40,20,0
3.70371E+13,400,0,0,0,0,0,0,0,0,0,0,0,0,0,0,0,0,0,0,0,0,0,0,0,0,0,0,0,0,0,0,0,0,0,0,0,0,0,0,0,0,524288,524288,1048576,41,131072,131072,262144,41,524288,524288,524288,41,512,1024,1024,41,64,128,256,41,64,8192,16384,378,64,8192,8192,1278,0,0,0,0,0,0,0,0,0,0,0,0,0,0,0,0,128,1024,4096,842,64,2048,8192,842,64,4096,8192,8496,64,4096,8192,279,0,256,4096,1083,0,0,0,0,0,0,0,0,0,0,0,0,0,0,0,0,0,0,0,0,0,0,0,0,64,128,128,20,128,128,128,20,8.59,5.26,3.33,0,0,0,0,14,0,100,0,0,0,0,0,0,2097152,2097152,2097152,2097152,2097152,4,2097152,2097152,2097152,2097152,2097152,5,2097152,4194304,4194304,4194304,8388608,196,2097152,2097152,2097152,2097152,2097152,16,65536,131072,2097152,2097152,4194304,1013,0,0,0,0,0,0,0,0,0,0,0,0,128,256,256,512,512,1234,65536,2097152,4194304,4194304,8388608,1234,0,0,0,0,0,0,128,256,512,512,512,1234,495308,0,4222,100,8960,0,41,20,0
3.70381E+13,300,0,0,0,0,0,0,0,0,0,0,0,0,0,0,0,0,0,0,0,0,0,0,0,0,0,0,0,0,0,0,0,0,0,0,0,0,0,0,0,0,524288,524288,524288,41,65536,131072,262144,41,524288,524288,524288,41,256,1024,1024,41,128,128,128,41,64,8192,16384,306,64,4096,8192,1206,0,0,0,0,0,0,0,0,0,0,0,0,0,0,0,0,128,4096,4096,933,64,4096,8192,933,0,4096,8192,6741,64,4096,8192,351,0,256,4096,1188,0,0,0,0,0,0,0,0,0,0,0,0,0,0,0,0,0,0,0,0,0,0,0,0,128,128,128,21,64,128,256,21,8.59,5.51,3.08,0,0,0,0,9,0,100,0,0,0,0,0,0,2097152,2097152,2097152,2097152,4194304,12,2097152,2097152,2097152,2097152,2097152,2,2097152,2097152,4194304,4194304,4194304,203,2097152,2097152,2097152,2097152,2097152,20,65536,131072,2097152,2097152,4194304,1028,0,0,0,0,0,0,0,0,0,0,0,0,128,256,512,512,512,1265,65536,2097152,2097152,4194304,4194304,1265,0,0,0,0,0,0,128,256,512,512,2048,1265,494152,0,2915,100,7765,0,41,21,0
3.70392E+13,200,0,0,0,0,0,0,0,0,0,0,0,0,0,0,0,0,0,0,0,0,0,0,0,0,0,0,0,0,0,0,0,0,0,0,0,0,0,0,0,0,524288,524288,524288,40,65536,131072,131072,40,262144,524288,524288,40,512,1024,1024,40,128,128,128,40,0,8192,8192,171,0,4096,8192,1071,0,0,0,0,0,0,0,0,0,0,0,0,0,0,0,0,128,1024,4096,903,64,4096,8192,903,0,4096,8192,6183,64,4096,8192,198,0,256,4096,1212,0,0,0,0,0,0,0,0,0,0,0,0,0,0,0,0,0,0,0,0,0,0,0,0,128,256,256,20,128,128,128,20,9.19,5.24,3.96,0,0,0,0,4,0,100,0,0,0,0,0,0,2097152,2097152,2097152,2097152,2097152,14,0,0,0,0,2097152,1,2097152,2097152,4194304,4194304,8388608,197,2097152,2097152,2097152,2097152,4194304,22,65536,131072,2097152,2097152,4194304,1001,0,0,0,0,0,0,0,0,0,0,0,0,128,256,512,512,8192,1235,65536,2097152,2097152,4194304,8388608,1235,0,0,0,0,0,0,128,256,512,512,1024,1235,493021,0,1781,100,6597,0,40,20,0
3.70402E+13,100,0,0,0,0,0,0,0,0,0,0,0,0,0,0,0,0,0,0,0,0,0,0,0,0,0,0,0,0,0,0,0,0,0,0,0,0,0,0,0,0,262144,524288,524288,41,32768,65536,131072,41,262144,524288,524288,41,256,1024,1024,41,128,128,128,41,0,8192,8192,141,0,4096,8192,1041,0,0,0,0,0,0,0,0,0,0,0,0,0,0,0,0,128,512,4096,845,64,256,4096,845,0,4096,8192,5292,0,4096,8192,225,0,64,4096,1362,0,0,0,0,0,0,0,0,0,0,0,0,0,0,0,0,0,0,0,0,0,0,0,0,64,128,128,20,128,256,256,20,8.79,5.86,2.93,0,0,0,0,1,0,100,0,0,0,0,0,0,2097152,2097152,2097152,2097152,4194304,7,2097152,2097152,2097152,2097152,2097152,2,2097152,4194304,4194304,4194304,4194304,210,131072,2097152,2097152,2097152,2097152,18,65536,131072,2097152,2097152,4194304,886,0,0,0,0,0,0,0,0,0,0,0,0,128,256,512,512,1024,1123,65536,2097152,4194304,4194304,4194304,1123,0,0,0,0,0,0,128,256,512,512,512,1123,491999,0,988,100,5366,0,41,20,0
3.70412E+13,0,0,0,0,0,0,0,0,0,0,0,0,0,0,0,0,0,0,0,0,0,0,0,0,0,0,0,0,0,0,0,0,0,0,0,0,0,0,0,0,0,262144,262144,524288,41,256,65536,65536,41,262144,262144,524288,41,256,1024,1024,41,128,128,128,41,0,64,64,45,0,256,8192,945,0,0,0,0,0,0,0,0,0,0,0,0,0,0,0,0,128,256,512,834,64,128,512,834,0,64,4096,4464,0,4096,8192,117,0,64,4096,1503,0,0,0,0,0,0,0,0,0,0,0,0,0,0,0,0,0,0,0,0,0,0,0,0,64,128,128,21,64,256,256,21,9.51,6.17,3.34,0,0,0,0,2,0,100,0,0,0,0,0,0,2097152,2097152,2097152,2097152,4194304,12,0,0,0,0,0,0,2097152,4194304,4194304,4194304,8388608,197,131072,2097152,2097152,2097152,2097152,20,65536,131072,2097152,2097152,2097152,964,0,0,0,0,0,0,0,0,0,0,0,0,128,256,256,512,512,1193,65536,2097152,4194304,4194304,8388608,1193,0,0,0,0,0,0,128,256,512,512,512,1193,490908,0,319,100,4952,0,41,21,0
3.70422E+13,0,0,0,0,0,0,0,0,0,0,0,0,0,0,0,0,0,0,0,0,0,0,0,0,0,0,0,0,0,0,0,0,0,0,0,0,0,0,0,0,0,262144,262144,262144,41,256,512,512,41,262144,262144,262144,41,256,512,1024,41,128,128,256,41,0,0,0,0,0,0,0,0,0,0,0,0,0,0,0,0,0,0,0,0,0,0,0,0,64,256,512,744,64,128,512,744,0,64,64,3834,0,64,64,99,0,64,64,1449,0,0,0,0,0,0,0,0,0,0,0,0,0,0,0,0,0,0,0,0,0,0,0,0,64,128,128,20,64,256,256,20,8.53,4.96,3.56,0,0,0,0,0,0,0,0,0,0,0,0,0,2097152,2097152,2097152,2097152,2097152,4,0,0,0,0,0,0,2097152,4194304,4194304,4194304,4194304,205,131072,2097152,2097152,2097152,2097152,27,65536,131072,2097152,2097152,2097152,824,0,0,0,0,0,0,0,0,0,0,0,0,128,256,256,512,512,1060,65536,2097152,4194304,4194304,4194304,1060,0,0,0,0,0,0,128,256,512,512,1024,1060,489848,0,0,0,4172,0,41,20,0
3.70432E+13,0,0,0,0,0,0,0,0,0,0,0,0,0,0,0,0,0,0,0,0,0,0,0,0,0,0,0,0,0,0,0,0,0,0,0,0,0,0,0,0,0,262144,262144,262144,40,256,256,256,40,262144,262144,262144,40,512,1024,1024,40,128,128,128,40,0,0,0,0,0,0,0,0,0,0,0,0,0,0,0,0,0,0,0,0,0,0,0,0,128,256,512,717,64,128,512,717,0,64,64,3780,0,0,0,0,0,64,64,1431,0,0,0,0,0,0,0,0,0,0,0,0,0,0,0,0,0,0,0,0,0,0,0,0,64,128,128,20,64,128,128,20,8.77,5.8,2.97,0,0,0,0,0,0,0,0,0,0,0,0,0,2097152,2097152,2097152,2097152,2097152,24,0,0,0,0,0,0,2097152,4194304,4194304,4194304,4194304,188,131072,2097152,2097152,2097152,2097152,18,65536,131072,2097152,2097152,4194304,1026,0,0,0,0,0,0,0,0,0,0,0,0,128,256,256,512,512,1256,65536,2097152,4194304,4194304,4194304,1256,0,0,0,0,0,0,128,256,512,1024,1024,1256,488592,0,0,0,4962,0,40,20,0
3.70442E+13,0,0,0,0,0,0,0,0,0,0,0,0,0,0,0,0,0,0,0,0,0,0,0,0,0,0,0,0,0,0,0,0,0,0,0,0,0,0,0,0,0,262144,262144,262144,41,256,256,512,41,262144,262144,262144,41,256,1024,1024,41,128,128,128,41,0,0,0,0,0,0,0,0,0,0,0,0,0,0,0,0,0,0,0,0,0,0,0,0,128,256,512,729,64,128,512,729,0,64,64,4068,0,0,0,0,0,64,64,1548,0,0,0,0,0,0,0,0,0,0,0,0,0,0,0,0,0,0,0,0,0,0,0,0,64,128,128,21,128,128,256,21,8.51,4.95,3.56,0,0,0,0,0,0,0,0,0,0,0,0,0,2097152,2097152,2097152,2097152,2097152,16,0,0,0,0,0,0,2097152,4194304,8388608,8388608,8388608,181,131072,4194304,4194304,4194304,4194304,32,65536,131072,2097152,4194304,4194304,1029,0,0,0,0,0,0,0,0,0,0,0,0,128,256,256,512,512,1258,65536,2097152,4194304,8388608,8388608,1258,0,0,0,0,0,0,128,256,512,512,1024,1258,487334,0,0,0,4934,0,41,21,0
3.70453E+13,0,0,0,0,0,0,0,0,0,0,0,0,0,0,0,0,0,0,0,0,0,0,0,0,0,0,0,0,0,0,0,0,0,0,0,0,0,0,0,0,0,262144,262144,262144,41,256,256,256,41,262144,262144,262144,41,512,1024,1024,41,128,256,512,41,0,0,0,0,0,0,0,0,0,0,0,0,0,0,0,0,0,0,0,0,0,0,0,0,64,256,256,771,64,128,512,771,0,64,64,4104,0,0,0,0,0,64,64,1371,0,0,0,0,0,0,0,0,0,0,0,0,0,0,0,0,0,0,0,0,0,0,0,0,64,256,256,20,64,128,128,20,9.08,4.99,4.09,0,0,0,0,0,0,0,0,0,0,0,0,0,2097152,2097152,2097152,2097152,2097152,10,0,0,0,0,0,0,2097152,4194304,4194304,8388608,8388608,188,131072,2097152,2097152,2097152,2097152,19,65536,131072,2097152,2097152,4194304,978,0,0,0,0,0,0,0,0,0,0,0,0,128,256,256,512,512,1195,65536,2097152,4194304,4194304,8388608,1195,0,0,0,0,0,0,128,256,512,1024,1024,1195,486139,0,0,0,4677,0,41,20,0
3.70463E+13,0,0,0,0,0,0,0,0,0,0,0,0,0,0,0,0,0,0,0,0,0,0,0,0,0,0,0,0,0,0,0,0,0,0,0,0,0,0,0,0,0,262144,262144,262144,40,256,512,512,40,262144,262144,262144,40,256,1024,1024,40,128,128,256,40,0,0,0,0,0,0,0,0,0,0,0,0,0,0,0,0,0,0,0,0,0,0,0,0,128,256,512,753,64,128,512,753,0,64,64,3870,0,0,0,0,0,64,64,1359,0,0,0,0,0,0,0,0,0,0,0,0,0,0,0,0,0,0,0,0,0,0,0,0,128,128,128,20,64,128,128,20,8.63,5.15,3.48,0,0,0,0,0,0,0,0,0,0,0,0,0,2097152,2097152,2097152,2097152,4194304,9,0,0,0,0,0,0,2097152,4194304,4194304,4194304,4194304,207,131072,2097152,2097152,2097152,2097152,32,65536,131072,131072,2097152,4194304,1009,0,0,0,0,0,0,0,0,0,0,0,0,128,256,256,256,512,1257,65536,2097152,4194304,4194304,4194304,1257,0,0,0,0,0,0,128,256,512,512,512,1257,484882,0,0,0,4963,0,40,20,0
3.70473E+13,0,0,0,0,0,0,0,0,0,0,0,0,0,0,0,0,0,0,0,0,0,0,0,0,0,0,0,0,0,0,0,0,0,0,0,0,0,0,0,0,0,262144,262144,262144,41,256,256,512,41,262144,262144,262144,41,256,1024,1024,41,64,128,128,41,0,0,0,0,0,0,0,0,0,0,0,0,0,0,0,0,0,0,0,0,0,0,0,0,128,256,512,825,64,128,512,825,0,64,64,4365,0,0,0,0,0,64,64,1467,0,0,0,0,0,0,0,0,0,0,0,0,0,0,0,0,0,0,0,0,0,0,0,0,64,128,128,21,64,128,256,21,8.51,5.08,3.43,0,0,0,0,0,0,0,0,0,0,0,0,0,2097152,2097152,2097152,2097152,2097152,3,0,0,0,0,0,0,2097152,4194304,4194304,4194304,4194304,161,2097152,2097152,4194304,4194304,4194304,22,65536,131072,2097152,2097152,2097152,884,2097152,2097152,4194304,4194304,4194304,50,0,0,0,0,0,0,128,256,256,512,512,1120,65536,2097152,4194304,4194304,4194304,1120,0,0,0,0,0,0,128,256,512,1024,1024,1120,483762,0,0,0,4976,0,41,21,0
3.70483E+13,0,0,0,0,0,0,0,0,0,0,0,0,0,0,0,0,0,0,0,0,0,0,0,0,0,0,0,0,0,0,0,0,0,0,0,0,0,0,0,0,0,262144,262144,262144,41,256,256,512,41,262144,262144,262144,41,256,1024,1024,41,128,128,256,41,0,0,0,0,0,0,0,0,0,0,0,0,0,0,0,0,0,0,0,0,0,0,0,0,128,256,512,866,64,128,512,866,0,64,64,3825,0,0,0,0,0,64,64,1278,0,0,0,0,0,0,0,0,0,0,0,0,0,0,0,0,0,0,0,0,0,0,0,0,64,128,128,20,64,256,256,20,8.77,5.16,3.61,0,0,0,0,0,0,0,0,0,0,0,0,0,2097152,2097152,2097152,2097152,4194304,9,0,0,0,0,0,0,2097152,2097152,4194304,4194304,4194304,203,2097152,2097152,2097152,2097152,4194304,22,65536,131072,2097152,2097152,4194304,1006,0,0,0,0,0,0,0,0,0,0,0,0,128,256,256,512,512,1240,65536,2097152,2097152,4194304,4194304,1240,0,0,0,0,0,0,128,256,512,1024,1024,1240,482522,0,0,0,4870,0,41,20,0
3.70493E+13,0,0,0,0,0,0,0,0,0,0,0,0,0,0,0,0,0,0,0,0,0,0,0,0,0,0,0,0,0,0,0,0,0,0,0,0,0,0,0,0,0,262144,262144,262144,41,256,256,256,41,262144,262144,262144,41,256,512,512,41,128,128,256,41,0,0,0,0,0,0,0,0,0,0,0,0,0,0,0,0,0,0,0,0,0,0,0,0,64,256,512,912,64,128,512,912,0,64,64,4248,0,0,0,0,0,64,64,1314,0,0,0,0,0,0,0,0,0,0,0,0,0,0,0,0,0,0,0,0,0,0,0,0,64,128,128,21,128,256,256,21,8.25,5.08,3.17,0,0,0,0,0,0,0,0,0,0,0,0,0,2097152,2097152,2097152,2097152,2097152,10,0,0,0,0,0,0,2097152,4194304,4194304,4194304,4194304,198,131072,2097152,2097152,2097152,2097152,25,65536,131072,2097152,2097152,4194304,906,0,0,0,0,0,0,0,0,0,0,0,0,128,256,256,512,512,1139,65536,2097152,4194304,4194304,4194304,1139,0,0,0,0,0,0,128,256,512,512,1024,1139,481383,0,0,0,4495,0,41,21,0
3.70503E+13,0,0,0,0,0,0,0,0,0,0,0,0,0,0,0,0,0,0,0,0,0,0,0,0,0,0,0,0,0,0,0,0,0,0,0,0,0,0,0,0,0,262144,262144,262144,40,256,256,512,40,262144,262144,262144,40,256,1024,1024,40,128,128,128,40,0,0,0,0,0,0,0,0,0,0,0,0,0,0,0,0,0,0,0,0,0,0,0,0,64,256,256,753,64,128,256,753,0,64,64,4149,0,0,0,0,0,64,64,1281,0,0,0,0,0,0,0,0,0,0,0,0,0,0,0,0,0,0,0,0,0,0,0,0,64,128,128,20,128,256,256,20,8.73,5.52,3.21,0,0,0,0,0,0,0,262144,262144,262144,262144,262144,6,2097152,2097152,2097152,2097152,2097152,15,0,0,0,0,0,0,2097152,4194304,4194304,4194304,4194304,190,131072,2097152,2097152,2097152,4194304,25,65536,131072,262144,4194304,4194304,927,0,0,0,0,0,0,0,0,0,0,0,0,128,256,256,512,512,1163,65536,2097152,4194304,4194304,4194304,1163,256,256,256,256,256,6,128,256,512,512,1024,1157,480220,0,0,0,4658,0,40,20,0
3.70514E+13,0,0,0,0,0,0,0,0,0,0,0,0,0,0,0,0,0,0,0,0,0,0,0,0,0,0,0,0,0,0,0,0,0,0,0,0,0,0,0,0,0,262144,262144,262144,41,256,256,256,41,262144,262144,262144,41,256,1024,1024,41,128,128,128,41,0,0,0,0,0,0,0,0,0,0,0,0,0,0,0,0,0,0,0,0,0,0,0,0,64,256,256,876,64,128,512,876,0,64,64,3915,0,0,0,0,0,64,64,1095,0,0,0,0,0,0,0,0,0,0,0,0,0,0,0,0,0,0,0,0,0,0,0,0,64,128,128,20,1024,4096,4096,20,8.48,5.27,3.21,0,0,0,0,0,0,0,262144,262144,262144,262144,262144,37,2097152,2097152,2097152,2097152,2097152,3,0,0,0,0,0,0,2097152,2097152,4194304,4194304,4194304,211,131072,2097152,2097152,2097152,4194304,19,65536,131072,2097152,4194304,4194304,967,0,0,0,0,0,0,0,0,0,0,0,0,128,256,256,512,2048,1237,65536,2097152,4194304,4194304,4194304,1237,128,256,256,256,256,37,128,256,512,512,1024,1200,478983,0,0,0,5281,0,41,20,0
3.70524E+13,0,0,0,0,0,0,0,0,0,0,0,0,0,0,0,0,0,0,0,0,0,0,0,0,0,0,0,0,0,0,0,0,0,0,0,0,0,0,0,0,0,262144,262144,262144,41,256,256,256,41,262144,262144,262144,41,256,512,512,41,128,128,256,41,0,0,0,0,0,0,0,0,0,0,0,0,0,0,0,0,0,0,0,0,0,0,0,0,128,256,512,776,64,128,512,776,0,64,64,4266,0,0,0,0,0,64,64,1080,0,0,0,0,0,0,0,0,0,0,0,0,0,0,0,0,0,0,0,0,0,0,0,0,64,128,128,21,64,2048,2048,21,8.54,5.61,2.93,0,0,0,0,0,0,0,262144,262144,262144,262144,262144,7,2097152,2097152,2097152,2097152,2097152,4,0,0,0,0,0,0,2097152,4194304,4194304,4194304,4194304,194,2097152,2097152,4194304,4194304,4194304,29,65536,131072,2097152,2097152,4194304,1006,0,0,0,0,0,0,0,0,0,0,0,0,128,256,256,512,512,1240,65536,2097152,4194304,4194304,4194304,1240,128,256,256,256,256,7,128,256,512,512,512,1233,477743,0,0,0,4976,0,41,21,0
3.70534E+13,0,0,0,0,0,0,0,0,0,0,0,0,0,0,0,0,0,0,0,0,0,0,0,0,0,0,0,0,0,0,0,0,0,0,0,0,0,0,0,0,0,262144,262144,262144,40,256,256,256,40,262144,262144,262144,40,512,512,512,40,128,128,128,40,0,0,0,0,0,0,0,0,0,0,0,0,0,0,0,0,0,0,0,0,0,0,0,0,128,256,256,857,64,128,512,857,0,64,64,3825,0,0,0,0,0,64,64,1068,0,0,0,0,0,0,0,0,0,0,0,0,0,0,0,0,0,0,0,0,0,0,0,0,128,128,128,20,128,256,256,20,8.62,5.79,2.83,0,0,0,0,0,0,0,0,0,0,0,0,0,2097152,2097152,2097152,2097152,4194304,11,0,0,0,0,0,0,2097152,4194304,4194304,8388608,8388608,194,131072,2097152,2097152,2097152,4194304,14,65536,131072,2097152,4194304,4194304,901,0,0,0,0,0,0,0,0,0,0,0,0,128,256,256,512,512,1120,65536,2097152,4194304,4194304,8388608,1120,0,0,0,0,0,0,128,256,512,1024,1024,1120,476623,0,0,0,4378,0,40,20,0
3.70544E+13,0,0,0,0,0,0,0,0,0,0,0,0,0,0,0,0,0,0,0,0,0,0,0,0,0,0,0,0,0,0,0,0,0,0,0,0,0,0,0,0,0,262144,262144,262144,41,256,256,2048,41,262144,262144,262144,41,256,1024,1024,41,128,128,256,41,0,0,0,0,0,0,0,0,0,0,0,0,0,0,0,0,0,0,0,0,0,0,0,0,128,256,512,747,64,128,512,747,0,64,64,4464,0,0,0,0,0,64,64,954,0,0,0,0,0,0,0,0,0,0,0,0,0,0,0,0,0,0,0,0,0,0,0,0,64,128,128,20,128,256,256,20,8.62,5.07,3.55,0,0,0,0,0,0,0,0,0,0,0,0,0,2097152,2097152,2097152,2097152,2097152,8,0,0,0,0,2097152,1,2097152,4194304,4194304,4194304,4194304,203,131072,2097152,2097152,2097152,4194304,28,65536,131072,2097152,2097152,4194304,1010,0,0,0,0,0,0,0,0,0,0,0,0,128,256,256,512,512,1250,65536,2097152,4194304,4194304,4194304,1250,0,0,0,0,0,0,128,256,512,512,1024,1250,475373,0,0,0,4921,0,41,20,0
3.70554E+13,0,0,0,0,0,0,0,0,0,0,0,0,0,0,0,0,0,0,0,0,0,0,0,0,0,0,0,0,0,0,0,0,0,0,0,0,0,0,0,0,0,262144,262144,262144,41,256,256,512,41,262144,262144,262144,41,256,1024,1024,41,128,128,128,41,0,0,0,0,0,0,0,0,0,0,0,0,0,0,0,0,0,0,0,0,0,0,0,0,128,256,256,863,64,128,512,863,0,64,64,4068,0,0,0,0,0,64,64,870,0,0,0,0,0,0,0,0,0,0,0,0,0,0,0,0,0,0,0,0,0,0,0,0,128,128,128,21,64,128,256,21,8.38,4.77,3.61,0,0,0,0,0,0,0,0,0,0,0,0,0,2097152,2097152,2097152,2097152,2097152,16,2097152,2097152,2097152,2097152,2097152,3,2097152,4194304,4194304,4194304,8388608,189,131072,2097152,4194304,4194304,4194304,28,65536,131072,2097152,2097152,4194304,996,0,0,0,0,0,0,0,0,0,0,0,0,128,256,512,512,512,1232,65536,2097152,4194304,4194304,8388608,1232,0,0,0,0,0,0,128,256,512,1024,1024,1232,474141,0,0,0,4859,0,41,21,0
3.70565E+13,0,0,0,0,0,0,0,0,0,0,0,0,0,0,0,0,0,0,0,0,0,0,0,0,0,0,0,0,0,0,0,0,0,0,0,0,0,0,0,0,0,262144,262144,262144,41,256,512,512,41,262144,262144,262144,41,256,1024,1024,41,128,128,128,41,0,0,0,0,0,0,0,0,0,0,0,0,0,0,0,0,0,0,0,0,0,0,0,0,128,256,256,848,64,128,512,848,0,64,64,4302,0,0,0,0,0,64,64,834,0,0,0,0,0,0,0,0,0,0,0,0,0,0,0,0,0,0,0,0,0,0,0,0,128,128,128,20,64,128,128,20,8.79,4.84,3.95,0,0,0,0,0,0,0,0,0,0,0,0,0,2097152,2097152,2097152,2097152,2097152,4,2097152,2097152,2097152,2097152,2097152,3,2097152,4194304,4194304,4194304,4194304,211,2097152,2097152,4194304,4194304,4194304,24,65536,131072,262144,2097152,4194304,976,0,0,0,0,0,0,0,0,0,0,0,0,128,256,256,512,512,1218,65536,2097152,4194304,4194304,4194304,1218,0,0,0,0,0,0,128,256,256,1024,1024,1218,472923,0,0,0,4798,0,41,20,0
3.70575E+13,0,0,0,0,0,0,0,0,0,0,0,0,0,0,0,0,0,0,0,0,0,0,0,0,0,0,0,0,0,0,0,0,0,0,0,0,0,0,0,0,0,262144,262144,262144,40,256,256,256,40,262144,262144,262144,40,512,1024,1024,40,128,256,256,40,0,0,0,0,0,0,0,0,0,0,0,0,0,0,0,0,0,0,0,0,0,0,0,0,128,256,512,783,64,128,512,783,0,64,64,4545,0,0,0,0,0,64,64,690,0,0,0,0,0,0,0,0,0,0,0,0,0,0,0,0,0,0,0,0,0,0,0,0,64,128,128,20,128,256,256,20,8.37,5.15,3.22,0,0,0,0,0,0,0,0,0,0,0,0,0,2097152,2097152,2097152,2097152,4194304,5,2097152,2097152,2097152,2097152,2097152,7,2097152,4194304,4194304,4194304,4194304,190,2097152,2097152,2097152,2097152,2097152,25,65536,131072,2097152,2097152,4194304,989,0,0,0,0,0,0,0,0,0,0,0,0,128,256,256,512,512,1216,65536,2097152,4194304,4194304,4194304,1216,0,0,0,0,0,0,128,256,512,1024,1024,1216,471707,0,0,0,4790,0,40,20,0
3.70585E+13,0,0,0,0,0,0,0,0,0,0,0,0,0,0,0,0,0,0,0,0,0,0,0,0,0,0,0,0,0,0,0,0,0,0,0,0,0,0,0,0,0,262144,262144,262144,41,256,256,256,41,262144,262144,262144,41,256,1024,1024,41,128,128,128,41,0,0,0,0,0,0,0,0,0,0,0,0,0,0,0,0,0,0,0,0,0,0,0,0,128,256,512,812,64,128,512,812,0,64,64,4356,0,0,0,0,0,64,64,537,0,0,0,0,0,0,0,0,0,0,0,0,0,0,0,0,0,0,0,0,0,0,0,0,128,128,128,21,128,256,256,21,8.5,5.07,3.42,0,0,0,0,0,0,0,0,0,0,0,0,0,2097152,4194304,4194304,4194304,4194304,11,2097152,2097152,2097152,2097152,2097152,6,2097152,4194304,4194304,4194304,4194304,187,131072,2097152,2097152,2097152,2097152,16,65536,131072,2097152,4194304,4194304,918,0,0,0,0,0,0,0,0,0,0,0,0,128,256,256,512,512,1138,65536,2097152,4194304,4194304,4194304,1138,0,0,0,0,0,0,128,256,512,512,1024,1138,470569,0,0,0,4454,0,41,21,0
3.70595E+13,0,0,0,0,0,0,0,0,0,0,0,0,0,0,0,0,0,0,0,0,0,0,0,0,0,0,0,0,0,0,0,0,0,0,0,0,0,0,0,0,0,262144,262144,262144,40,256,256,256,40,262144,262144,262144,40,256,1024,1024,40,128,128,128,40,0,0,0,0,0,0,0,0,0,0,0,0,0,0,0,0,0,0,0,0,0,0,0,0,64,256,256,891,64,128,512,891,0,64,64,4203,0,0,0,0,0,64,64,537,0,0,0,0,0,0,0,0,0,0,0,0,0,0,0,0,0,0,0,0,0,0,0,0,64,128,128,20,128,256,256,20,8.52,5.94,2.58,0,0,0,0,0,0,0,0,0,0,0,0,0,2097152,2097152,2097152,2097152,2097152,10,2097152,2097152,2097152,2097152,2097152,5,2097152,2097152,4194304,4194304,4194304,193,131072,2097152,2097152,2097152,4194304,29,65536,131072,2097152,2097152,4194304,989,0,0,0,0,0,0,0,0,0,0,0,0,128,256,256,512,512,1226,65536,2097152,2097152,4194304,4194304,1226,0,0,0,0,0,0,128,256,512,512,1024,1226,469343,0,0,0,4839,0,40,20,0
3.70605E+13,0,0,0,0,0,0,0,0,0,0,0,0,0,0,0,0,0,0,0,0,0,0,0,0,0,0,0,0,0,0,0,0,0,0,0,0,0,0,0,0,0,262144,262144,262144,41,256,256,512,41,262144,262144,262144,41,256,512,1024,41,128,128,128,42,0,0,0,0,0,0,0,0,0,0,0,0,0,0,0,0,0,0,0,0,0,0,0,0,64,256,256,930,64,128,256,930,0,64,64,4581,0,0,0,0,0,64,64,345,0,0,0,0,0,0,0,0,0,0,0,0,0,0,0,0,0,0,0,0,0,0,0,0,64,128,128,21,128,256,256,21,8.26,5.34,2.92,0,0,0,0,0,0,0,0,0,0,0,0,0,2097152,2097152,2097152,2097152,4194304,11,2097152,2097152,2097152,2097152,2097152,15,2097152,2097152,4194304,4194304,8388608,196,131072,4194304,4194304,4194304,4194304,17,65536,131072,2097152,2097152,2097152,908,0,0,0,0,0,0,0,0,0,0,0,0,128,256,512,512,512,1147,65536,2097152,4194304,4194304,8388608,1147,0,0,0,0,0,0,128,256,512,1024,1024,1147,468196,0,0,0,4505,0,41,21,0
3.70615E+13,0,0,0,0,0,0,0,0,0,0,0,0,0,0,0,0,0,0,0,0,0,0,0,0,0,0,0,0,0,0,0,0,0,0,0,0,0,0,0,0,0,262144,262144,262144,41,256,256,256,41,262144,262144,262144,41,256,512,512,41,64,128,128,40,0,0,0,0,0,0,0,0,0,0,0,0,0,0,0,0,0,0,0,0,0,0,0,0,64,128,256,921,64,128,512,921,0,64,64,4077,0,0,0,0,0,64,64,321,0,0,0,0,0,0,0,0,0,0,0,0,0,0,0,0,0,0,0,0,0,0,0,0,128,128,128,20,64,256,256,20,8.47,5.52,2.95,0,0,0,0,0,0,0,0,0,0,0,0,0,2097152,2097152,2097152,2097152,2097152,9,2097152,2097152,2097152,2097152,2097152,4,2097152,4194304,4194304,4194304,8388608,181,2097152,2097152,2097152,2097152,4194304,19,65536,131072,2097152,2097152,4194304,838,0,0,0,0,0,0,0,0,0,0,0,0,128,256,256,512,512,1051,65536,2097152,4194304,4194304,8388608,1051,0,0,0,0,0,0,128,256,512,512,1024,1051,467145,0,0,0,4138,0,41,20,0
3.70626E+13,0,0,0,0,0,0,0,0,0,0,0,0,0,0,0,0,0,0,0,0,0,0,0,0,0,0,0,0,0,0,0,0,0,0,0,0,0,0,0,0,0,262144,262144,262144,41,256,512,512,41,262144,262144,262144,41,256,1024,1024,41,128,128,256,41,0,0,0,0,0,0,0,0,0,0,0,0,0,0,0,0,0,0,0,0,0,0,0,0,64,256,512,804,64,128,512,804,0,64,64,4410,0,0,0,0,0,64,64,210,0,0,0,0,0,0,0,0,0,0,0,0,0,0,0,0,0,0,0,0,0,0,0,0,128,256,256,20,128,256,256,20,8.6,5.26,3.34,0,0,0,0,0,0,0,0,0,0,0,0,0,2097152,2097152,2097152,2097152,2097152,10,2097152,2097152,2097152,2097152,4194304,16,2097152,4194304,4194304,4194304,16777216,182,131072,2097152,2097152,2097152,2097152,21,65536,131072,2097152,2097152,2097152,946,0,0,0,0,0,0,0,0,0,0,0,0,128,256,256,512,512,1175,65536,2097152,4194304,4194304,16777216,1175,0,0,0,0,0,0,128,256,512,512,2048,1175,465970,0,0,0,4585,0,41,20,0
3.70636E+13,0,0,0,0,0,0,0,0,0,0,0,0,0,0,0,0,0,0,0,0,0,0,0,0,0,0,0,0,0,0,0,0,0,0,0,0,0,0,0,0,0,262144,262144,262144,40,256,256,256,40,262144,262144,262144,40,256,1024,1024,40,128,128,128,40,0,0,0,0,0,0,0,0,0,0,0,0,0,0,0,0,0,0,0,0,0,0,0,0,64,256,512,777,64,128,512,777,0,64,64,4068,0,0,0,0,0,64,64,126,0,0,0,0,0,0,0,0,0,0,0,0,0,0,0,0,0,0,0,0,0,0,0,0,128,128,128,20,64,256,256,20,8.32,5.63,2.69,0,0,0,0,0,0,0,0,0,0,0,0,0,2097152,2097152,2097152,2097152,4194304,10,2097152,4194304,4194304,4194304,4194304,17,2097152,2097152,4194304,4194304,4194304,190,131072,2097152,2097152,2097152,4194304,20,65536,131072,2097152,2097152,4194304,944,0,0,0,0,0,0,0,0,0,0,0,0,128,256,256,512,512,1181,65536,2097152,4194304,4194304,4194304,1181,0,0,0,0,0,0,128,256,512,1024,1024,1181,464789,0,0,0,4677,0,40,20,0
3.70646E+13,0,0,0,0,0,0,0,0,0,0,0,0,0,0,0,0,0,0,0,0,0,0,0,0,0,0,0,0,0,0,0,0,0,0,0,0,0,0,0,0,0,262144,262144,262144,41,256,256,256,41,262144,262144,262144,41,512,1024,1024,41,128,128,128,41,0,0,0,0,0,0,0,0,0,0,0,0,0,0,0,0,0,0,0,0,0,0,0,0,64,256,512,885,64,128,512,885,0,64,64,4698,0,0,0,0,0,64,64,102,0,0,0,0,0,0,0,0,0,0,0,0,0,0,0,0,0,0,0,0,0,0,0,0,128,128,128,21,64,256,256,21,8.64,4.95,3.68,0,0,0,0,0,0,0,0,0,0,0,0,0,2097152,2097152,2097152,2097152,2097152,4,2097152,2097152,2097152,2097152,2097152,15,2097152,4194304,4194304,4194304,8388608,160,2097152,2097152,2097152,2097152,4194304,13,65536,131072,2097152,2097152,2097152,791,2097152,2097152,2097152,2097152,2097152,48,0,0,0,0,0,0,128,256,256,512,512,1031,65536,2097152,4194304,4194304,8388608,1031,0,0,0,0,0,0,128,256,512,512,1024,1031,463758,0,0,0,4573,0,41,21,0
3.70656E+13,0,0,0,0,0,0,0,0,0,0,0,0,0,0,0,0,0,0,0,0,0,0,0,0,0,0,0,0,0,0,0,0,0,0,0,0,0,0,0,0,0,262144,262144,262144,41,256,256,256,41,262144,262144,262144,41,256,512,1024,41,128,128,256,41,0,0,0,0,0,0,0,0,0,0,0,0,0,0,0,0,0,0,0,0,0,0,0,0,128,256,256,966,64,128,512,966,0,64,64,4293,0,0,0,0,0,64,64,78,0,0,0,0,0,0,0,0,0,0,0,0,0,0,0,0,0,0,0,0,0,0,0,0,128,128,128,20,64,256,256,20,8.92,4.78,4.13,0,0,0,0,0,0,0,0,0,0,0,0,0,2097152,2097152,2097152,2097152,4194304,9,2097152,2097152,2097152,2097152,4194304,17,2097152,4194304,4194304,4194304,4194304,184,2097152,2097152,2097152,2097152,2097152,22,65536,131072,2097152,2097152,8388608,998,0,0,0,0,0,0,0,0,0,0,0,0,128,256,256,512,512,1230,65536,2097152,4194304,4194304,8388608,1230,0,0,0,0,0,0,128,256,512,512,512,1230,462528,0,0,0,4830,0,41,20,0
3.70666E+13,0,0,0,0,0,0,0,0,0,0,0,0,0,0,0,0,0,0,0,0,0,0,0,0,0,0,0,0,0,0,0,0,0,0,0,0,0,0,0,0,0,262144,262144,262144,41,256,256,256,41,262144,262144,262144,41,512,512,1024,41,128,128,128,41,0,0,0,0,0,0,0,0,0,0,0,0,0,0,0,0,0,0,0,0,0,0,0,0,128,256,256,848,64,128,512,848,0,64,64,4230,0,0,0,0,0,0,0,0,0,0,0,0,0,0,0,0,0,0,0,0,0,0,0,0,0,0,0,0,0,0,0,0,64,128,128,21,64,256,256,21,8.64,5.21,3.43,0,0,0,0,0,0,0,0,0,0,0,0,0,2097152,2097152,2097152,2097152,2097152,7,2097152,4194304,4194304,4194304,4194304,18,2097152,4194304,4194304,4194304,4194304,187,131072,2097152,2097152,2097152,2097152,14,65536,131072,2097152,2097152,2097152,884,0,0,0,0,0,0,0,0,0,0,0,0,128,256,256,512,512,1110,65536,2097152,4194304,4194304,4194304,1110,0,0,0,0,0,0,128,256,512,512,1024,1110,461418,0,0,0,4379,0,41,21,0
3.70676E+13,0,0,0,0,0,0,0,0,0,0,0,0,0,0,0,0,0,0,0,0,0,0,0,0,0,0,0,0,0,0,0,0,0,0,0,0,0,0,0,0,0,262144,262144,262144,40,256,256,256,40,262144,262144,262144,40,256,1024,1024,40,128,128,128,40,0,0,0,0,0,0,0,0,0,0,0,0,0,0,0,0,0,0,0,0,0,0,0,0,128,256,256,831,64,128,512,831,0,64,64,4554,0,0,0,0,0,64,64,9,0,0,0,0,0,0,0,0,0,0,0,0,0,0,0,0,0,0,0,0,0,0,0,0,64,128,128,20,64,2048,2048,20,8.9,5.54,3.35,0,0,0,0,0,0,0,262144,262144,262144,262144,262144,11,2097152,2097152,2097152,2097152,4194304,16,2097152,4194304,4194304,4194304,4194304,17,2097152,4194304,4194304,4194304,8388608,176,131072,2097152,4194304,4194304,4194304,21,65536,131072,2097152,2097152,4194304,962,0,0,0,0,0,0,0,0,0,0,0,0,128,256,256,512,512,1203,65536,2097152,4194304,4194304,8388608,1203,128,128,128,128,256,11,128,256,512,512,1024,1192,460215,0,0,0,4825,0,40,20,0
3.70687E+13,0,0,0,0,0,0,0,0,0,0,0,0,0,0,0,0,0,0,0,0,0,0,0,0,0,0,0,0,0,0,0,0,0,0,0,0,0,0,0,0,0,262144,262144,262144,41,256,256,256,41,262144,262144,262144,41,512,1024,1024,41,128,128,256,41,0,0,0,0,0,0,0,0,0,0,0,0,0,0,0,0,0,0,0,0,0,0,0,0,128,256,512,771,64,128,512,771,0,64,64,4338,0,0,0,0,0,0,0,0,0,0,0,0,0,0,0,0,0,0,0,0,0,0,0,0,0,0,0,0,0,0,0,0,64,128,128,20,128,4096,4096,20,8.51,5.33,3.18,0,0,0,0,0,0,0,262144,262144,262144,262144,524288,35,2097152,2097152,2097152,2097152,2097152,7,2097152,4194304,4194304,4194304,4194304,13,2097152,2097152,4194304,4194304,4194304,208,131072,4194304,4194304,4194304,4194304,18,65536,131072,2097152,2097152,4194304,841,0,0,0,0,0,0,0,0,0,0,0,0,128,256,256,512,1024,1122,65536,2097152,4194304,4194304,4194304,1122,128,256,256,256,256,35,128,256,512,1024,1024,1087,459093,0,0,0,4845,0,41,20,0
3.70697E+13,0,0,0,0,0,0,0,0,0,0,0,0,0,0,0,0,0,0,0,0,0,0,0,0,0,0,0,0,0,0,0,0,0,0,0,0,0,0,0,0,0,262144,262144,262144,40,256,256,256,40,262144,262144,262144,40,256,1024,1024,40,128,128,128,40,0,0,0,0,0,0,0,0,0,0,0,0,0,0,0,0,0,0,0,0,0,0,0,0,64,256,256,942,64,128,256,942,0,64,64,4302,0,0,0,0,0,0,0,0,0,0,0,0,0,0,0,0,0,0,0,0,0,0,0,0,0,0,0,0,0,0,0,0,64,128,128,20,128,2048,2048,20,8.36,5.28,3.09,0,0,0,0,0,0,0,262144,262144,262144,262144,262144,2,2097152,2097152,2097152,2097152,2097152,4,2097152,2097152,2097152,2097152,2097152,16,2097152,4194304,8388608,8388608,8388608,189,131072,2097152,2097152,2097152,4194304,23,65536,131072,131072,2097152,4194304,863,0,0,0,0,0,0,0,0,0,0,0,0,128,256,256,512,512,1097,65536,2097152,4194304,8388608,8388608,1097,128,128,128,128,128,2,128,256,512,512,512,1095,457996,0,0,0,4366,0,40,20,0
3.70707E+13,0,0,0,0,0,0,0,0,0,0,0,0,0,0,0,0,0,0,0,0,0,0,0,0,0,0,0,0,0,0,0,0,0,0,0,0,0,0,0,0,0,262144,262144,262144,41,256,256,512,41,262144,262144,262144,41,256,1024,1024,41,128,128,256,41,0,0,0,0,0,0,0,0,0,0,0,0,0,0,0,0,0,0,0,0,0,0,0,0,64,256,512,953,64,128,512,953,0,64,64,4338,0,0,0,0,0,0,0,0,0,0,0,0,0,0,0,0,0,0,0,0,0,0,0,0,0,0,0,0,0,0,0,0,64,128,128,21,64,256,256,21,8.45,5.25,3.2,0,0,0,0,0,0,0,0,0,0,0,0,0,2097152,2097152,2097152,2097152,2097152,3,2097152,2097152,2097152,2097152,2097152,14,2097152,4194304,4194304,8388608,8388608,185,131072,2097152,2097152,2097152,4194304,18,65536,131072,2097152,4194304,4194304,986,0,0,0,0,0,0,0,0,0,0,0,0,128,256,256,512,512,1206,65536,2097152,4194304,4194304,8388608,1206,0,0,0,0,0,0,128,256,512,512,1024,1206,456790,0,0,0,4706,0,41,21,0
3.70717E+13,0,0,0,0,0,0,0,0,0,0,0,0,0,0,0,0,0,0,0,0,0,0,0,0,0,0,0,0,0,0,0,0,0,0,0,0,0,0,0,0,0,262144,262144,262144,41,256,256,512,41,262144,262144,262144,41,256,1024,1024,41,128,128,128,41,0,0,0,0,0,0,0,0,0,0,0,0,0,0,0,0,0,0,0,0,0,0,0,0,64,256,256,963,64,128,512,963,0,64,64,4320,0,0,0,0,0,0,0,0,0,0,0,0,0,0,0,0,0,0,0,0,0,0,0,0,0,0,0,0,0,0,0,0,64,128,128,20,128,256,256,20,8.63,5.08,3.56,0,0,0,0,0,0,0,0,0,0,0,0,0,2097152,2097152,2097152,2097152,4194304,10,2097152,4194304,4194304,4194304,4194304,18,2097152,4194304,4194304,4194304,4194304,182,2097152,4194304,4194304,4194304,4194304,20,65536,131072,2097152,4194304,4194304,978,0,0,0,0,0,0,0,0,0,0,0,0,128,256,256,512,512,1208,65536,2097152,4194304,4194304,4194304,1208,0,0,0,0,0,0,128,256,256,512,1024,1208,455582,0,0,0,4736,0,41,20,0
3.70727E+13,0,0,0,0,0,0,0,0,0,0,0,0,0,0,0,0,0,0,0,0,0,0,0,0,0,0,0,0,0,0,0,0,0,0,0,0,0,0,0,0,0,262144,262144,262144,40,256,256,512,40,262144,262144,262144,40,256,512,1024,40,128,128,128,40,0,0,0,0,0,0,0,0,0,0,0,0,0,0,0,0,0,0,0,0,0,0,0,0,128,256,512,818,64,128,512,818,0,64,64,4050,0,0,0,0,0,0,0,0,0,0,0,0,0,0,0,0,0,0,0,0,0,0,0,0,0,0,0,0,0,0,0,0,128,128,128,20,128,256,256,20,8.65,5.42,3.23,0,0,0,0,0,0,0,0,0,0,0,0,0,2097152,2097152,2097152,2097152,4194304,11,2097152,2097152,4194304,4194304,4194304,23,2097152,4194304,4194304,4194304,8388608,180,131072,2097152,2097152,2097152,4194304,26,65536,131072,2097152,2097152,4194304,987,0,0,0,0,0,0,0,0,0,0,0,0,128,256,256,512,1024,1227,65536,2097152,4194304,4194304,8388608,1227,0,0,0,0,0,0,128,256,512,1024,1024,1227,454355,0,0,0,4870,0,40,20,0
3.70738E+13,0,0,0,0,0,0,0,0,0,0,0,0,0,0,0,0,0,0,0,0,0,0,0,0,0,0,0,0,0,0,0,0,0,0,0,0,0,0,0,0,0,262144,262144,262144,42,256,256,256,42,262144,262144,262144,42,256,512,1024,42,128,128,128,42,0,0,0,0,0,0,0,0,0,0,0,0,0,0,0,0,0,0,0,0,0,0,0,0,128,256,512,864,64,128,512,864,0,64,64,4482,0,0,0,0,0,0,0,0,0,0,0,0,0,0,0,0,0,0,0,0,0,0,0,0,0,0,0,0,0,0,0,0,128,128,128,21,64,256,256,21,9.02,5.85,3.18,0,0,0,0,0,0,0,0,0,0,0,0,0,2097152,2097152,2097152,2097152,2097152,9,2097152,2097152,2097152,2097152,4194304,21,2097152,2097152,4194304,4194304,4194304,186,2097152,2097152,2097152,2097152,4194304,27,65536,131072,2097152,4194304,4194304,964,0,0,0,0,0,0,0,0,0,0,0,0,128,256,512,512,512,1207,65536,2097152,2097152,4194304,4194304,1207,0,0,0,0,0,0,128,256,512,512,1024,1207,453148,0,0,0,4729,0,42,21,0
3.70748E+13,0,0,0,0,0,0,0,0,0,0,0,0,0,0,0,0,0,0,0,0,0,0,0,0,0,0,0,0,0,0,0,0,0,0,0,0,0,0,0,0,0,262144,262144,262144,40,256,512,512,40,262144,262144,262144,40,256,1024,1024,40,128,256,256,40,0,0,0,0,0,0,0,0,0,0,0,0,0,0,0,0,0,0,0,0,0,0,0,0,128,256,512,846,64,128,512,846,0,64,64,4410,0,0,0,0,0,0,0,0,0,0,0,0,0,0,0,0,0,0,0,0,0,0,0,0,0,0,0,0,0,0,0,0,128,128,128,20,64,256,256,20,8.42,5.1,3.32,0,0,0,0,0,0,0,0,0,0,0,0,0,2097152,2097152,2097152,2097152,2097152,7,2097152,2097152,2097152,2097152,4194304,11,2097152,4194304,4194304,4194304,4194304,190,131072,2097152,2097152,2097152,2097152,17,65536,131072,2097152,4194304,4194304,951,0,0,0,0,0,0,0,0,0,0,0,0,128,256,256,512,512,1176,65536,2097152,4194304,4194304,4194304,1176,0,0,0,0,0,0,128,256,512,512,512,1176,451972,0,0,0,4596,0,40,20,0
3.70758E+13,0,0,0,0,0,0,0,0,0,0,0,0,0,0,0,0,0,0,0,0,0,0,0,0,0,0,0,0,0,0,0,0,0,0,0,0,0,0,0,0,0,262144,262144,262144,41,256,256,256,41,262144,262144,262144,41,256,1024,1024,41,128,128,128,41,0,0,0,0,0,0,0,0,0,0,0,0,0,0,0,0,0,0,0,0,0,0,0,0,128,256,512,948,64,128,512,948,0,64,64,4257,0,0,0,0,0,0,0,0,0,0,0,0,0,0,0,9,0,0,0,0,0,0,0,0,0,0,0,0,0,0,0,0,64,128,128,21,64,256,256,21,8.53,4.91,3.62,0,0,0,0,0,0,0,0,0,0,0,0,0,2097152,2097152,2097152,2097152,4194304,11,2097152,2097152,2097152,2097152,4194304,13,2097152,4194304,4194304,4194304,4194304,189,131072,2097152,2097152,2097152,2097152,13,65536,131072,2097152,4194304,8388608,858,0,0,0,0,0,0,0,0,0,0,0,0,128,256,256,512,512,1084,65536,2097152,4194304,4194304,8388608,1084,0,0,0,0,0,0,128,256,512,512,1024,1084,450888,0,0,0,4291,0,41,21,0
3.70768E+13,0,0,0,0,0,0,0,0,0,0,0,0,0,0,0,0,0,0,0,0,0,0,0,0,0,0,0,0,0,0,0,0,0,0,0,0,0,0,0,0,0,262144,262144,262144,40,256,256,512,40,262144,262144,262144,40,128,2048,2048,40,128,128,256,40,0,0,0,0,0,0,0,0,0,0,0,0,0,0,0,0,0,0,0,0,0,0,0,0,64,256,256,807,64,128,512,807,0,64,64,4356,0,0,0,0,0,0,0,0,0,0,0,0,0,64,64,45,0,0,0,0,0,0,0,0,0,0,0,0,0,0,0,0,64,128,128,20,128,256,256,20,8.56,5.11,3.45,0,0,0,0,0,0,0,0,0,0,0,0,0,2097152,2097152,2097152,2097152,4194304,11,2097152,2097152,2097152,2097152,2097152,16,2097152,2097152,4194304,4194304,4194304,194,65536,2097152,2097152,2097152,4194304,17,65536,131072,2097152,2097152,2097152,860,0,0,0,0,0,0,0,0,0,0,0,0,128,256,512,512,512,1098,65536,2097152,2097152,4194304,4194304,1098,0,0,0,0,0,0,128,256,512,512,512,1098,449790,0,0,0,4319,0,40,20,0
3.70778E+13,0,0,0,0,0,0,0,0,0,0,0,0,0,0,0,0,0,0,0,0,0,0,0,0,0,0,0,0,0,0,0,0,0,0,0,0,0,0,0,0,0,262144,262144,262144,41,256,256,256,41,262144,262144,262144,41,64,64,64,41,128,128,128,41,0,0,0,0,0,0,0,0,0,0,0,0,0,0,0,0,0,0,0,0,0,0,0,0,64,256,512,879,64,128,512,879,0,64,64,4248,0,0,0,0,0,0,0,0,0,0,0,0,0,0,0,0,0,0,0,0,0,0,0,0,0,0,0,0,0,0,0,0,64,128,128,20,128,256,256,20,8.45,5.25,3.2,0,0,0,0,0,0,0,0,0,0,0,0,0,2097152,2097152,2097152,2097152,2097152,9,2097152,4194304,4194304,4194304,4194304,14,2097152,4194304,4194304,4194304,8388608,189,131072,4194304,4194304,4194304,4194304,15,65536,131072,131072,2097152,2097152,933,0,0,0,0,0,0,0,0,0,0,0,0,128,256,256,512,512,1160,65536,2097152,4194304,4194304,8388608,1160,0,0,0,0,0,0,128,256,512,512,1024,1160,448630,0,0,0,4575,0,41,20,0
3.70788E+13,0,0,0,0,0,0,0,0,0,0,0,0,0,0,0,0,0,0,0,0,0,0,0,0,0,0,0,0,0,0,0,0,0,0,0,0,0,0,0,0,0,262144,262144,262144,41,256,512,512,41,262144,262144,262144,41,64,64,128,41,128,128,128,41,0,0,0,0,0,0,0,0,0,0,0,0,0,0,0,0,0,0,0,0,0,0,0,0,64,256,512,810,64,128,512,810,0,64,64,4653,0,0,0,0,0,0,0,0,0,0,0,0,0,0,0,0,0,0,0,0,0,0,0,0,0,0,0,0,0,0,0,0,128,128,128,21,64,256,256,21,8.85,5.51,3.33,0,0,0,0,0,0,0,0,0,0,0,0,0,2097152,2097152,2097152,2097152,4194304,3,2097152,4194304,4194304,4194304,4194304,14,2097152,4194304,4194304,4194304,8388608,179,2097152,2097152,2097152,2097152,4194304,22,65536,131072,2097152,4194304,4194304,883,0,0,0,0,0,0,0,0,0,0,0,0,128,256,256,512,1024,1101,65536,2097152,4194304,4194304,8388608,1101,0,0,0,0,0,0,128,256,512,512,1024,1101,447529,0,0,0,4326,0,41,21,0
3.70799E+13,0,0,0,0,0,0,0,0,0,0,0,0,0,0,0,0,0,0,0,0,0,0,0,0,0,0,0,0,0,0,0,0,0,0,0,0,0,0,0,0,0,262144,262144,262144,40,256,512,512,40,262144,262144,262144,40,64,64,64,40,128,256,256,40,0,0,0,0,0,0,0,0,0,0,0,0,0,0,0,0,0,0,0,0,0,0,0,0,128,256,512,879,64,128,512,879,0,64,64,4068,0,0,0,0,0,0,0,0,0,0,0,0,0,0,0,0,0,0,0,0,0,0,0,0,0,0,0,0,0,0,0,0,64,128,128,20,128,256,256,20,8.81,5.87,2.94,0,0,0,0,0,0,0,0,0,0,0,0,0,2097152,2097152,2097152,2097152,2097152,11,2097152,2097152,2097152,2097152,4194304,8,2097152,4194304,4194304,4194304,4194304,202,2097152,2097152,2097152,2097152,4194304,19,65536,131072,2097152,2097152,4194304,969,0,0,0,0,0,0,0,0,0,0,0,0,128,256,256,512,1024,1209,65536,2097152,4194304,4194304,4194304,1209,0,0,0,0,0,0,128,256,512,1024,1024,1209,446320,0,0,0,4739,0,40,20,0
3.70809E+13,0,0,0,0,0,0,0,0,0,0,0,0,0,0,0,0,0,0,0,0,0,0,0,0,0,0,0,0,0,0,0,0,0,0,0,0,0,0,0,0,0,262144,262144,262144,41,256,256,512,41,262144,262144,262144,41,64,64,128,41,128,128,256,41,0,0,0,0,0,0,0,0,0,0,0,0,0,0,0,0,0,0,0,0,0,0,0,0,128,256,512,965,64,128,512,965,0,64,64,4509,0,0,0,0,0,0,0,0,0,0,0,0,0,0,0,0,0,0,0,0,0,0,0,0,0,0,0,0,0,0,0,0,128,128,128,20,128,256,256,20,8.83,5.12,3.71,0,0,0,0,0,0,0,0,0,0,0,0,0,2097152,2097152,2097152,2097152,2097152,10,2097152,4194304,4194304,4194304,4194304,13,2097152,4194304,4194304,4194304,4194304,191,2097152,2097152,2097152,2097152,2097152,20,65536,131072,2097152,4194304,4194304,958,0,0,0,0,0,0,0,0,0,0,0,0,128,256,256,512,512,1192,65536,2097152,4194304,4194304,4194304,1192,0,0,0,0,0,0,128,256,256,512,2048,1192,445128,0,0,0,4706,0,41,20,0
3.70819E+13,0,0,0,0,0,0,0,0,0,0,0,0,0,0,0,0,0,0,0,0,0,0,0,0,0,0,0,0,0,0,0,0,0,0,0,0,0,0,0,0,0,262144,262144,262144,41,256,512,512,41,262144,262144,262144,41,64,64,64,41,128,128,128,41,0,0,0,0,0,0,0,0,0,0,0,0,0,0,0,0,0,0,0,0,0,0,0,0,128,256,256,895,64,128,256,895,0,64,64,4293,0,0,0,0,0,0,0,0,0,0,0,0,0,0,0,0,0,0,0,0,0,0,0,0,0,0,0,0,0,0,0,0,128,128,128,21,128,256,512,21,8.41,4.72,3.7,0,0,0,0,0,0,0,0,0,0,0,0,0,2097152,2097152,2097152,2097152,4194304,9,2097152,2097152,2097152,2097152,4194304,19,2097152,4194304,4194304,4194304,4194304,151,131072,2097152,2097152,2097152,2097152,17,65536,131072,2097152,2097152,2097152,777,2097152,2097152,2097152,2097152,2097152,49,0,0,0,0,0,0,128,256,256,512,512,1022,65536,2097152,4194304,4194304,4194304,1022,0,0,0,0,0,0,128,256,512,1024,1024,1022,444106,0,0,0,4544,0,41,21,0
3.70829E+13,0,0,0,0,0,0,0,0,0,0,0,0,0,0,0,0,0,0,0,0,0,0,0,0,0,0,0,0,0,0,0,0,0,0,0,0,0,0,0,0,0,262144,262144,262144,41,256,256,512,41,262144,262144,262144,41,64,64,64,41,128,128,128,41,0,0,0,0,0,0,0,0,0,0,0,0,0,0,0,0,0,0,0,0,0,0,0,0,128,256,256,765,64,128,512,765,0,64,64,4293,0,0,0,0,0,0,0,0,0,0,0,0,0,0,0,0,0,0,0,0,0,0,0,0,0,0,0,0,0,0,0,0,64,128,128,20,128,128,128,20,8.61,5.53,3.09,0,0,0,0,0,0,0,0,0,0,0,0,0,2097152,2097152,2097152,2097152,2097152,6,2097152,4194304,4194304,4194304,4194304,10,2097152,4194304,4194304,4194304,4194304,194,131072,2097152,2097152,2097152,4194304,17,65536,131072,2097152,2097152,2097152,979,0,0,0,0,0,0,0,0,0,0,0,0,128,256,256,512,512,1206,65536,2097152,4194304,4194304,4194304,1206,0,0,0,0,0,0,128,256,512,512,1024,1206,442900,0,0,0,4747,0,41,20,0
3.70839E+13,0,0,0,0,0,0,0,0,0,0,0,0,0,0,0,0,0,0,0,0,0,0,0,0,0,0,0,0,0,0,0,0,0,0,0,0,0,0,0,0,0,262144,262144,262144,41,256,256,256,41,262144,262144,262144,41,64,64,64,41,128,128,512,41,0,0,0,0,0,0,0,0,0,0,0,0,0,0,0,0,0,0,0,0,0,0,0,0,64,256,512,828,64,128,512,828,0,64,64,4365,0,0,0,0,0,0,0,0,0,0,0,0,0,0,0,0,0,0,0,0,0,0,0,0,0,0,0,0,0,0,0,0,64,128,128,21,128,256,256,21,8.25,5.08,3.17,0,0,0,0,0,0,0,0,0,0,0,0,0,2097152,2097152,2097152,2097152,2097152,10,2097152,2097152,2097152,2097152,2097152,17,2097152,4194304,4194304,4194304,8388608,176,2097152,2097152,2097152,2097152,4194304,18,65536,131072,2097152,2097152,4194304,931,0,0,0,0,0,0,0,0,0,0,0,0,128,256,256,512,512,1152,65536,2097152,2097152,4194304,8388608,1152,0,0,0,0,0,0,128,256,256,512,1024,1152,441748,0,0,0,4523,0,41,21,0
3.70849E+13,0,0,0,0,0,0,0,0,0,0,0,0,0,0,0,0,0,0,0,0,0,0,0,0,0,0,0,0,0,0,0,0,0,0,0,0,0,0,0,0,0,262144,262144,262144,40,256,512,512,40,262144,262144,262144,40,64,64,64,40,128,128,128,40,0,0,0,0,0,0,0,0,0,0,0,0,0,0,0,0,0,0,0,0,0,0,0,0,128,256,256,893,64,128,512,893,0,64,64,4176,0,0,0,0,0,0,0,0,0,0,0,0,0,0,0,0,0,0,0,0,0,0,0,0,0,0,0,0,0,0,0,0,64,128,128,20,128,256,256,20,8.26,4.91,3.36,0,0,0,0,0,0,0,0,0,0,0,0,0,2097152,2097152,2097152,2097152,2097152,5,2097152,2097152,2097152,2097152,4194304,16,2097152,4194304,4194304,4194304,4194304,211,131072,2097152,2097152,2097152,2097152,15,65536,131072,131072,2097152,2097152,907,0,0,0,0,0,0,0,0,0,0,0,0,128,256,256,512,512,1154,65536,2097152,4194304,4194304,4194304,1154,0,0,0,0,0,0,128,256,512,512,1024,1154,440594,0,0,0,4533,0,40,20,0
3.7086E+13,0,0,0,0,0,0,0,0,0,0,0,0,0,0,0,0,0,0,0,0,0,0,0,0,0,0,0,0,0,0,0,0,0,0,0,0,0,0,0,0,0,262144,262144,262144,41,256,256,512,41,262144,262144,262144,41,64,64,128,41,128,128,128,41,0,0,0,0,0,0,0,0,0,0,0,0,0,0,0,0,0,0,0,0,0,0,0,0,128,256,256,890,64,128,512,890,0,64,64,4383,0,0,0,0,0,0,0,0,0,0,0,0,0,0,0,0,0,0,0,0,0,0,0,0,0,0,0,0,0,0,0,0,64,128,128,20,256,8192,8192,20,8.3,4.85,3.45,0,0,0,0,0,0,0,262144,262144,262144,262144,262144,33,2097152,2097152,2097152,2097152,2097152,5,2097152,4194304,4194304,4194304,4194304,12,2097152,4194304,4194304,4194304,8388608,189,131072,2097152,2097152,2097152,2097152,22,65536,131072,2097152,2097152,4194304,964,0,0,0,0,0,0,0,0,0,0,0,0,128,256,256,512,512,1225,65536,2097152,4194304,4194304,8388608,1225,128,256,256,256,256,33,128,256,512,512,1024,1192,439369,0,0,0,5221,0,41,20,0
3.7087E+13,0,0,0,0,0,0,0,0,0,0,0,0,0,0,0,0,0,0,0,0,0,0,0,0,0,0,0,0,0,0,0,0,0,0,0,0,0,0,0,0,0,262144,262144,262144,41,256,512,512,41,262144,262144,262144,41,64,64,64,41,128,128,128,41,0,0,0,0,0,0,0,0,0,0,0,0,0,0,0,0,0,0,0,0,0,0,0,0,64,256,512,902,64,128,256,902,0,64,64,4347,0,0,0,0,0,0,0,0,0,0,0,0,0,0,0,0,0,0,0,0,0,0,0,0,0,0,0,0,0,0,0,0,128,128,128,21,128,4096,16384,21,8.68,5.1,3.57,0,0,0,0,0,0,0,262144,262144,262144,262144,262144,16,2097152,2097152,2097152,2097152,2097152,14,2097152,2097152,2097152,2097152,2097152,14,2097152,4194304,4194304,4194304,4194304,165,131072,2097152,2097152,2097152,2097152,24,65536,131072,2097152,4194304,4194304,839,0,0,0,0,0,0,0,0,0,0,0,0,128,256,256,512,512,1072,65536,2097152,4194304,4194304,4194304,1072,128,256,256,256,256,16,128,256,512,512,512,1056,438297,0,0,0,4376,0,41,21,0
3.7088E+13,0,0,0,0,0,0,0,0,0,0,0,0,0,0,0,0,0,0,0,0,0,0,0,0,0,0,0,0,0,0,0,0,0,0,0,0,0,0,0,0,0,262144,262144,262144,40,256,512,512,40,262144,262144,262144,40,64,64,64,40,128,128,128,40,0,0,0,0,0,0,0,0,0,0,0,0,0,0,0,0,0,0,0,0,0,0,0,0,64,128,256,822,64,128,512,822,0,64,64,4212,0,0,0,0,0,0,0,0,0,0,0,0,0,0,0,0,0,0,0,0,0,0,0,0,0,0,0,0,0,0,0,0,64,128,128,20,128,512,512,20,8.61,5.14,3.47,0,0,0,0,0,0,0,0,0,0,0,0,0,2097152,2097152,2097152,2097152,2097152,9,2097152,2097152,2097152,2097152,2097152,13,2097152,4194304,4194304,4194304,4194304,187,2097152,2097152,2097152,2097152,2097152,27,65536,131072,2097152,2097152,2097152,977,0,0,0,0,0,0,0,0,0,0,0,0,128,256,512,512,512,1213,65536,2097152,2097152,4194304,4194304,1213,0,0,0,0,0,0,128,256,256,512,1024,1213,437084,0,0,0,4776,0,40,20,0
3.7089E+13,0,0,0,0,0,0,0,0,0,0,0,0,0,0,0,0,0,0,0,0,0,0,0,0,0,0,0,0,0,0,0,0,0,0,0,0,0,0,0,0,0,262144,262144,262144,41,256,512,2048,41,262144,262144,262144,41,64,64,128,41,128,128,128,41,0,0,0,0,0,0,0,0,0,0,0,0,0,0,0,0,0,0,0,0,0,0,0,0,128,256,256,891,64,128,256,891,0,64,64,4644,0,0,0,0,0,0,0,0,0,0,0,0,0,0,0,0,0,0,0,0,0,0,0,0,0,0,0,0,0,0,0,0,128,256,256,20,128,256,256,20,9.03,5.47,3.56,0,0,0,0,0,0,0,0,0,0,0,0,0,2097152,2097152,2097152,2097152,2097152,10,2097152,2097152,2097152,2097152,4194304,19,2097152,4194304,4194304,4194304,8388608,198,131072,2097152,2097152,2097152,2097152,17,65536,131072,2097152,2097152,2097152,863,0,0,0,0,0,0,0,0,0,0,0,0,128,256,256,512,512,1107,65536,2097152,4194304,4194304,8388608,1107,0,0,0,0,0,0,128,256,256,512,1024,1107,435977,0,0,0,4312,0,41,20,0
3.709E+13,0,0,0,0,0,0,0,0,0,0,0,0,0,0,0,0,0,0,0,0,0,0,0,0,0,0,0,0,0,0,0,0,0,0,0,0,0,0,0,0,0,262144,262144,262144,40,256,256,256,40,262144,262144,262144,40,64,128,256,40,128,128,256,40,0,0,0,0,0,0,0,0,0,0,0,0,0,0,0,0,0,0,0,0,0,0,0,0,64,256,256,899,64,128,256,899,0,64,64,4131,0,0,0,0,0,0,0,0,0,0,0,0,0,0,0,0,0,0,0,0,0,0,0,0,0,0,0,0,0,0,0,0,64,128,128,20,64,256,256,20,8.12,5.28,2.83,0,0,0,0,0,0,0,0,0,0,0,0,0,2097152,2097152,2097152,2097152,4194304,10,2097152,2097152,2097152,2097152,2097152,10,2097152,4194304,4194304,4194304,16777216,196,2097152,2097152,2097152,2097152,2097152,14,65536,131072,2097152,2097152,2097152,997,0,0,0,0,0,0,0,0,0,0,0,0,128,256,256,512,1024,1227,65536,2097152,4194304,4194304,16777216,1227,0,0,0,0,0,0,128,256,512,512,1024,1227,434750,0,0,0,4870,0,40,20,0
3.70911E+13,0,0,0,0,0,0,0,0,0,0,0,0,0,0,0,0,0,0,0,0,0,0,0,0,0,0,0,0,0,0,0,0,0,0,0,0,0,0,0,0,0,262144,262144,262144,42,256,256,512,42,262144,262144,262144,42,64,128,128,42,128,256,256,42,0,0,0,0,0,0,0,0,0,0,0,0,0,0,0,0,0,0,0,0,0,0,0,0,128,256,256,921,64,128,512,921,0,64,64,4662,0,0,0,0,0,0,0,0,0,0,0,0,0,0,0,0,0,0,0,0,0,0,0,0,0,0,0,0,0,0,0,0,128,128,128,21,64,256,256,21,8.63,5.71,2.92,0,0,0,0,0,0,0,0,0,0,0,0,0,2097152,2097152,2097152,2097152,2097152,7,2097152,4194304,4194304,4194304,4194304,18,2097152,4194304,4194304,4194304,4194304,189,131072,2097152,2097152,2097152,4194304,19,65536,131072,2097152,2097152,2097152,950,0,0,0,0,0,0,0,0,0,0,0,0,128,256,256,512,1024,1183,65536,2097152,4194304,4194304,4194304,1183,0,0,0,0,0,0,128,256,512,512,1024,1183,433567,0,0,0,4647,0,42,21,0
3.70921E+13,0,0,0,0,0,0,0,0,0,0,0,0,0,0,0,0,0,0,0,0,0,0,0,0,0,0,0,0,0,0,0,0,0,0,0,0,0,0,0,0,0,262144,262144,262144,40,256,512,512,40,262144,262144,262144,40,64,256,256,40,128,256,256,40,0,0,0,0,0,0,0,0,0,0,0,0,0,0,0,0,0,0,0,0,0,0,0,0,64,256,512,918,64,128,512,918,0,64,64,4248,0,0,0,0,0,0,0,0,0,0,0,0,0,0,0,0,0,0,0,0,0,0,0,0,0,0,0,0,0,0,0,0,128,256,256,20,128,256,256,20,8.15,4.97,3.18,0,0,0,0,0,0,0,0,0,0,0,0,0,2097152,2097152,2097152,2097152,4194304,11,2097152,4194304,4194304,4194304,4194304,11,2097152,4194304,4194304,8388608,8388608,174,2097152,2097152,2097152,2097152,4194304,14,65536,131072,2097152,4194304,4194304,942,0,0,0,0,0,0,0,0,0,0,0,0,128,256,512,512,4096,1152,65536,2097152,4194304,4194304,8388608,1152,0,0,0,0,0,0,128,256,512,1024,4096,1152,432415,0,0,0,4561,0,40,20,0
3.70931E+13,0,0,0,0,0,0,0,0,0,0,0,0,0,0,0,0,0,0,0,0,0,0,0,0,0,0,0,0,0,0,0,0,0,0,0,0,0,0,0,0,0,262144,262144,524288,41,256,512,1024,41,262144,262144,524288,41,64,128,128,41,128,128,128,41,0,0,0,0,0,0,0,0,0,0,0,0,0,0,0,0,0,0,0,0,0,0,0,0,64,256,512,893,64,128,512,893,0,64,64,4257,0,0,0,0,0,0,0,0,0,0,0,0,0,0,0,0,0,0,0,0,0,0,0,0,0,0,0,0,0,0,0,0,64,128,128,21,128,256,256,21,8.72,6.03,2.69,0,0,0,0,0,0,0,0,0,0,0,0,0,2097152,4194304,4194304,4194304,8388608,16,2097152,2097152,2097152,2097152,2097152,8,2097152,4194304,4194304,4194304,4194304,182,131072,2097152,4194304,4194304,4194304,21,65536,131072,2097152,4194304,4194304,886,0,0,0,0,0,0,0,0,0,0,0,0,128,256,256,512,512,1113,65536,2097152,4194304,4194304,8388608,1113,0,0,0,0,0,0,128,256,512,1024,1024,1113,431302,0,0,0,4337,0,41,21,0
3.70941E+13,0,0,0,0,0,0,0,0,0,0,0,0,0,0,0,0,0,0,0,0,0,0,0,0,0,0,0,0,0,0,0,0,0,0,0,0,0,0,0,0,0,262144,262144,262144,41,256,512,512,41,262144,262144,262144,41,128,256,256,41,128,128,256,41,0,0,0,0,0,0,0,0,0,0,0,0,0,0,0,0,0,0,0,0,0,0,0,0,64,256,512,837,64,128,1024,837,0,64,64,4329,0,0,0,0,0,0,0,0,0,0,0,0,0,0,0,0,0,0,0,0,0,0,0,0,0,0,0,0,0,0,0,0,128,128,128,20,256,256,256,20,8.51,5.72,2.8,0,0,0,0,0,0,0,0,0,0,0,0,0,2097152,2097152,2097152,2097152,4194304,4,2097152,4194304,4194304,4194304,4194304,14,4194304,4194304,8388608,8388608,8388608,155,2097152,4194304,4194304,4194304,4194304,12,65536,131072,2097152,4194304,4194304,717,0,0,0,0,0,0,0,0,0,0,0,0,256,256,512,512,1024,902,65536,4194304,4194304,8388608,8388608,902,0,0,0,0,0,0,128,256,512,512,1024,902,430400,0,0,0,3557,0,41,20,0
3.70951E+13,0,0,0,0,0,0,0,0,0,0,0,0,0,0,0,0,0,0,0,0,0,0,0,0,0,0,0,0,0,0,0,0,0,0,0,0,0,0,0,0,0,262144,262144,524288,41,256,512,512,41,262144,262144,524288,41,64,256,256,41,128,128,256,41,0,0,0,0,0,0,0,0,0,0,0,0,0,0,0,0,0,0,0,0,0,0,0,0,64,256,512,873,64,128,512,873,0,64,64,4221,0,0,0,0,0,0,0,0,0,0,0,0,0,0,0,0,0,0,0,0,0,0,0,0,0,0,0,0,0,0,0,0,64,128,256,21,256,256,256,21,8.32,4.74,3.58,0,0,0,0,0,0,0,0,0,0,0,0,0,2097152,4194304,4194304,4194304,8388608,15,2097152,4194304,4194304,4194304,4194304,8,2097152,4194304,4194304,4194304,4194304,164,2097152,4194304,4194304,4194304,8388608,21,65536,131072,2097152,4194304,4194304,748,0,0,0,0,0,0,0,0,0,0,0,0,256,256,512,512,512,956,65536,4194304,4194304,8388608,8388608,956,0,0,0,0,0,0,128,256,512,1024,1024,956,429444,0,0,0,3758,0,41,21,0
3.70962E+13,0,0,0,0,0,0,0,0,0,0,0,0,0,0,0,0,0,0,0,0,0,0,0,0,0,0,0,0,0,0,0,0,0,0,0,0,0,0,0,0,0,262144,262144,262144,40,256,256,256,40,262144,262144,262144,40,64,256,256,40,128,256,256,40,0,0,0,0,0,0,0,0,0,0,0,0,0,0,0,0,0,0,0,0,0,0,0,0,64,256,512,858,64,128,512,858,0,64,64,4473,0,0,0,0,0,0,0,0,0,0,0,0,0,0,0,0,0,0,0,0,0,0,0,0,0,0,0,0,0,0,0,0,128,128,128,20,64,128,128,20,8.58,5,3.59,0,0,0,0,0,0,0,0,0,0,0,0,0,2097152,4194304,4194304,4194304,4194304,15,2097152,2097152,2097152,2097152,8388608,12,2097152,4194304,4194304,4194304,8388608,190,131072,2097152,2097152,2097152,4194304,21,65536,131072,2097152,2097152,8388608,975,0,0,0,0,0,0,0,0,0,0,0,0,128,256,512,512,512,1213,65536,2097152,4194304,8388608,8388608,1213,0,0,0,0,0,0,128,256,512,1024,1024,1213,428231,0,0,0,4771,0,40,20,0
3.70972E+13,0,0,0,0,0,0,0,0,0,0,0,0,0,0,0,0,0,0,0,0,0,0,0,0,0,0,0,0,0,0,0,0,0,0,0,0,0,0,0,0,0,262144,262144,524288,41,256,256,512,41,262144,262144,524288,41,128,256,256,41,128,128,128,41,0,0,0,0,0,0,0,0,0,0,0,0,0,0,0,0,0,0,0,0,0,0,0,0,64,256,512,840,64,128,1024,840,0,64,64,4149,0,0,0,0,0,0,0,0,0,0,0,0,0,0,0,0,0,0,0,0,0,0,0,0,0,0,0,0,0,0,0,0,128,128,128,20,256,512,512,20,8.5,4.95,3.55,0,0,0,0,0,0,0,0,0,0,0,0,0,2097152,2097152,2097152,2097152,4194304,4,2097152,2097152,2097152,2097152,4194304,18,2097152,4194304,4194304,4194304,4194304,195,131072,2097152,2097152,2097152,2097152,29,65536,131072,131072,2097152,4194304,1008,0,0,0,0,0,0,0,0,0,0,0,0,128,256,512,512,512,1254,65536,2097152,4194304,4194304,4194304,1254,0,0,0,0,0,0,128,256,512,1024,4096,1254,426977,0,0,0,4919,0,41,20,0
3.70982E+13,0,0,0,0,0,0,0,0,0,0,0,0,0,0,0,0,0,0,0,0,0,0,0,0,0,0,0,0,0,0,0,0,0,0,0,0,0,0,0,0,0,262144,524288,524288,41,256,512,1024,41,262144,524288,524288,41,128,256,256,41,128,128,256,41,0,0,0,0,0,0,0,0,0,0,0,0,0,0,0,0,0,0,0,0,0,0,0,0,64,256,512,804,64,128,1024,804,0,64,64,4401,0,0,0,0,0,0,0,0,0,0,0,0,0,0,0,0,0,0,0,0,0,0,0,0,0,0,0,0,0,0,0,0,64,128,128,21,256,256,256,21,8.71,5.51,3.2,0,0,0,0,0,0,0,0,0,0,0,0,0,2097152,4194304,4194304,4194304,4194304,7,2097152,2097152,2097152,2097152,2097152,9,2097152,4194304,4194304,4194304,8388608,190,131072,2097152,4194304,4194304,4194304,22,65536,131072,2097152,2097152,4194304,906,0,0,0,0,0,0,0,0,0,0,0,0,128,256,512,512,4096,1134,65536,2097152,4194304,4194304,8388608,1134,0,0,0,0,0,0,128,256,512,1024,1024,1134,425843,0,0,0,4468,0,41,21,0
3.70992E+13,0,0,0,0,0,0,0,0,0,0,0,0,0,0,0,0,0,0,0,0,0,0,0,0,0,0,0,0,0,0,0,0,0,0,0,0,0,0,0,0,0,262144,262144,262144,41,256,512,4096,41,262144,262144,262144,41,64,256,256,41,128,128,256,41,0,0,0,0,0,0,0,0,0,0,0,0,0,0,0,0,0,0,0,0,0,0,0,0,64,256,512,897,64,128,512,897,0,64,64,4554,0,0,0,0,0,0,0,0,0,0,0,0,0,0,0,0,0,0,0,0,0,0,0,0,0,0,0,0,0,0,0,0,64,128,128,20,128,256,256,20,8.57,6.39,2.17,0,0,0,0,0,0,0,0,0,0,0,0,0,2097152,2097152,2097152,2097152,4194304,12,2097152,2097152,2097152,2097152,2097152,12,2097152,4194304,4194304,4194304,4194304,147,131072,2097152,2097152,2097152,4194304,20,65536,131072,2097152,2097152,4194304,702,2097152,4194304,8388608,8388608,8388608,47,0,0,0,0,0,0,128,256,512,512,512,940,65536,2097152,4194304,8388608,8388608,940,0,0,0,0,0,0,128,512,512,1024,1024,940,424903,0,0,0,4194,0,41,20,0
3.71002E+13,0,0,0,0,0,0,0,0,0,0,0,0,0,0,0,0,0,0,0,0,0,0,0,0,0,0,0,0,0,0,0,0,0,0,0,0,0,0,0,0,0,262144,524288,524288,41,256,512,512,41,262144,524288,524288,41,128,256,256,41,128,256,256,41,0,0,0,0,0,0,0,0,0,0,0,0,0,0,0,0,0,0,0,0,0,0,0,0,64,256,512,954,64,128,512,954,0,64,64,4455,0,0,0,0,0,0,0,0,0,0,0,0,0,0,0,0,0,0,0,0,0,0,0,0,0,0,0,0,0,0,0,0,128,256,256,21,256,256,256,21,8.68,6.26,2.43,0,0,0,0,0,0,0,0,0,0,0,0,0,2097152,2097152,2097152,2097152,4194304,9,2097152,2097152,2097152,2097152,4194304,9,2097152,4194304,4194304,4194304,4194304,176,2097152,4194304,4194304,4194304,4194304,28,65536,131072,262144,4194304,4194304,966,0,0,0,0,0,0,0,0,0,0,0,0,256,256,512,1024,2048,1188,65536,2097152,4194304,4194304,4194304,1188,0,0,0,0,0,0,128,512,1024,1024,2048,1188,423715,0,0,0,4703,0,41,21,0
3.71012E+13,0,0,0,0,0,0,0,0,0,0,0,0,0,0,0,0,0,0,0,0,0,0,0,0,0,0,0,0,0,0,0,0,0,0,0,0,0,0,0,0,0,262144,262144,262144,40,256,256,256,40,262144,262144,262144,40,64,256,256,40,128,128,128,40,0,0,0,0,0,0,0,0,0,0,0,0,0,0,0,0,0,0,0,0,0,0,0,0,64,256,512,930,64,128,512,930,0,64,64,4203,0,0,0,0,0,0,0,0,0,0,0,0,0,0,0,0,0,0,0,0,0,0,0,0,0,0,0,0,0,0,0,0,64,128,128,20,128,256,256,20,8.54,5.44,3.11,0,0,0,0,0,0,0,0,0,0,0,0,0,2097152,2097152,2097152,2097152,2097152,4,2097152,2097152,2097152,2097152,2097152,9,2097152,4194304,4194304,4194304,8388608,190,131072,2097152,2097152,2097152,2097152,40,65536,131072,2097152,2097152,4194304,996,0,0,0,0,0,0,0,0,0,0,0,0,128,256,512,512,1024,1239,65536,2097152,4194304,4194304,8388608,1239,0,0,0,0,0,0,128,256,512,1024,1024,1239,422476,0,0,0,4852,0,40,20,0
3.71023E+13,0,0,0,0,0,0,0,0,0,0,0,0,0,0,0,0,0,0,0,0,0,0,0,0,0,0,0,0,0,0,0,0,0,0,0,0,0,0,0,0,0,262144,524288,524288,41,256,512,512,41,262144,524288,524288,41,128,256,256,41,128,128,256,41,0,0,0,0,0,0,0,0,0,0,0,0,0,0,0,0,0,0,0,0,0,0,0,0,64,256,512,942,64,128,1024,942,0,64,64,4428,0,0,0,0,0,0,0,0,0,0,0,0,0,0,0,0,0,0,0,0,0,0,0,0,0,0,0,0,0,0,0,0,64,128,128,20,256,256,256,20,8.24,4.82,3.42,0,0,0,0,0,0,0,0,0,0,0,0,0,2097152,4194304,4194304,4194304,4194304,10,2097152,4194304,4194304,4194304,4194304,8,2097152,4194304,4194304,4194304,4194304,203,131072,2097152,2097152,2097152,4194304,19,65536,131072,2097152,2097152,4194304,857,0,0,0,0,0,0,0,0,0,0,0,0,256,256,512,512,512,1097,65536,2097152,4194304,4194304,4194304,1097,0,0,0,0,0,0,128,256,512,1024,1024,1097,421379,0,0,0,4341,0,41,20,0
3.71033E+13,0,0,0,0,0,0,0,0,0,0,0,0,0,0,0,0,0,0,0,0,0,0,0,0,0,0,0,0,0,0,0,0,0,0,0,0,0,0,0,0,0,262144,262144,262144,40,256,512,512,40,262144,262144,262144,40,64,256,256,40,128,256,1024,40,0,0,0,0,0,0,0,0,0,0,0,0,0,0,0,0,0,0,0,0,0,0,0,0,128,256,512,816,64,128,512,816,0,64,64,4032,0,0,0,0,0,0,0,0,0,0,0,0,0,0,0,0,0,0,0,0,0,0,0,0,0,0,0,0,0,0,0,0,64,128,128,20,128,2048,2048,20,8.65,6.59,2.07,0,0,0,0,0,0,0,262144,262144,262144,262144,262144,17,2097152,4194304,4194304,4194304,4194304,13,2097152,2097152,2097152,2097152,2097152,9,2097152,4194304,4194304,8388608,8388608,173,131072,2097152,4194304,4194304,4194304,24,65536,131072,2097152,4194304,4194304,786,0,0,0,0,0,0,0,0,0,0,0,0,128,256,512,512,512,1022,65536,2097152,4194304,4194304,8388608,1022,128,256,256,256,256,17,128,256,512,1024,1024,1005,420357,0,0,0,4207,0,40,20,0
3.71043E+13,0,0,0,0,0,0,0,0,0,0,0,0,0,0,0,0,0,0,0,0,0,0,0,0,0,0,0,0,0,0,0,0,0,0,0,0,0,0,0,0,0,262144,262144,262144,41,256,256,512,41,262144,262144,262144,41,64,128,128,41,128,128,128,41,0,0,0,0,0,0,0,0,0,0,0,0,0,0,0,0,0,0,0,0,0,0,0,0,128,256,512,825,64,128,512,825,0,64,64,4338,0,0,0,0,0,0,0,0,0,0,0,0,0,0,0,0,0,0,0,0,0,0,0,0,0,0,0,0,0,0,0,0,64,128,128,21,128,8192,16384,21,8.56,5.62,2.94,0,0,0,0,0,0,0,262144,262144,262144,262144,524288,30,2097152,2097152,2097152,2097152,2097152,9,2097152,2097152,2097152,2097152,4194304,7,2097152,4194304,4194304,4194304,4194304,181,2097152,2097152,2097152,2097152,4194304,21,65536,131072,2097152,4194304,4194304,892,0,0,0,0,0,0,0,0,0,0,0,0,128,256,512,512,512,1140,65536,2097152,4194304,4194304,4194304,1140,128,256,256,256,512,30,128,256,512,512,1024,1110,419217,0,0,0,4852,0,41,21,0
3.71053E+13,0,0,0,0,0,0,0,0,0,0,0,0,0,0,0,0,0,0,0,0,0,0,0,0,0,0,0,0,0,0,0,0,0,0,0,0,0,0,0,0,0,262144,262144,262144,41,256,256,512,41,262144,262144,262144,41,64,128,256,41,128,256,512,41,0,0,0,0,0,0,0,0,0,0,0,0,0,0,0,0,0,0,0,0,0,0,0,0,128,256,512,771,64,128,512,771,0,64,64,4257,0,0,0,0,0,0,0,0,0,0,0,0,0,0,0,0,0,0,0,0,0,0,0,0,0,0,0,0,0,0,0,0,64,128,128,20,128,256,256,20,8.64,5.21,3.43,0,0,0,0,0,0,0,0,0,0,0,0,0,2097152,2097152,2097152,2097152,2097152,9,2097152,2097152,2097152,2097152,2097152,6,2097152,2097152,4194304,4194304,4194304,197,131072,2097152,2097152,2097152,4194304,22,65536,131072,2097152,2097152,4194304,1070,0,0,0,0,0,0,0,0,0,0,0,0,128,256,512,512,512,1304,65536,2097152,2097152,4194304,4194304,1304,0,0,0,0,0,0,128,256,512,1024,1024,1304,417913,0,0,0,5102,0,41,20,0
3.71063E+13,0,0,0,0,0,0,0,0,0,0,0,0,0,0,0,0,0,0,0,0,0,0,0,0,0,0,0,0,0,0,0,0,0,0,0,0,0,0,0,0,0,262144,262144,262144,41,256,256,512,41,262144,262144,262144,41,64,128,256,41,128,128,128,41,0,0,0,0,0,0,0,0,0,0,0,0,0,0,0,0,0,0,0,0,0,0,0,0,128,256,512,870,64,128,512,870,0,64,64,4590,0,0,0,0,0,0,0,0,0,0,0,0,0,0,0,0,0,0,0,0,0,0,0,0,0,0,0,0,0,0,0,0,64,128,128,21,128,256,256,21,8.31,4.73,3.58,0,0,0,0,0,0,0,0,0,0,0,0,0,2097152,2097152,2097152,2097152,2097152,10,2097152,2097152,2097152,2097152,2097152,8,2097152,4194304,4194304,4194304,4194304,204,131072,2097152,2097152,2097152,4194304,17,65536,131072,2097152,2097152,2097152,875,0,0,0,0,0,0,0,0,0,0,0,0,128,256,512,512,512,1114,65536,2097152,4194304,4194304,4194304,1114,0,0,0,0,0,0,128,256,512,512,1024,1114,416799,0,0,0,4356,0,41,21,0
3.71074E+13,0,0,0,0,0,0,0,0,0,0,0,0,0,0,0,0,0,0,0,0,0,0,0,0,0,0,0,0,0,0,0,0,0,0,0,0,0,0,0,0,0,262144,262144,262144,40,256,512,512,40,262144,262144,262144,40,64,128,128,40,128,128,128,40,0,0,0,0,0,0,0,0,0,0,0,0,0,0,0,0,0,0,0,0,0,0,0,0,64,256,512,803,64,128,512,803,0,64,64,4167,0,0,0,0,0,0,0,0,0,0,0,0,0,0,0,0,0,0,0,0,0,0,0,0,0,0,0,0,0,0,0,0,128,128,128,20,128,256,256,20,8.52,6.46,2.07,0,0,0,0,0,0,0,0,0,0,0,0,0,2097152,2097152,2097152,2097152,2097152,14,2097152,4194304,4194304,4194304,4194304,9,2097152,4194304,4194304,4194304,4194304,179,131072,2097152,2097152,2097152,2097152,25,65536,131072,2097152,4194304,4194304,959,0,0,0,0,0,0,0,0,0,0,0,0,128,256,256,512,512,1186,65536,2097152,4194304,4194304,4194304,1186,0,0,0,0,0,0,128,256,512,1024,1024,1186,415613,0,0,0,4683,0,40,20,0
3.71084E+13,0,0,0,0,0,0,0,0,0,0,0,0,0,0,0,0,0,0,0,0,0,0,0,0,0,0,0,0,0,0,0,0,0,0,0,0,0,0,0,0,0,262144,262144,262144,41,256,256,512,41,262144,262144,262144,41,64,64,128,41,128,128,128,41,0,0,0,0,0,0,0,0,0,0,0,0,0,0,0,0,0,0,0,0,0,0,0,0,64,256,256,849,64,128,512,849,0,64,64,4230,0,0,0,0,0,0,0,0,0,0,0,0,0,0,0,0,0,0,0,0,0,0,0,0,0,0,0,0,0,0,0,0,64,128,128,20,128,256,256,20,8.39,6.99,1.4,0,0,0,0,0,0,0,0,0,0,0,0,0,2097152,2097152,2097152,2097152,4194304,8,2097152,2097152,2097152,2097152,2097152,6,2097152,4194304,4194304,4194304,4194304,181,2097152,2097152,4194304,4194304,8388608,24,65536,131072,2097152,4194304,4194304,953,0,0,0,0,0,0,0,0,0,0,0,0,128,256,512,512,512,1172,65536,2097152,4194304,4194304,8388608,1172,0,0,0,0,0,0,128,256,512,512,1024,1172,414441,0,0,0,4622,0,41,20,0
3.71094E+13,0,0,0,0,0,0,0,0,0,0,0,0,0,0,0,0,0,0,0,0,0,0,0,0,0,0,0,0,0,0,0,0,0,0,0,0,0,0,0,0,0,262144,262144,262144,41,256,256,512,41,262144,262144,262144,41,64,64,128,41,128,128,256,41,0,0,0,0,0,0,0,0,0,0,0,0,0,0,0,0,0,0,0,0,0,0,0,0,64,256,256,960,64,128,512,960,0,64,64,4662,0,0,0,0,0,0,0,0,0,0,0,0,0,0,0,0,0,0,0,0,0,0,0,0,0,0,0,0,0,0,0,0,64,128,128,21,128,256,256,21,8.55,6,2.55,0,0,0,0,0,0,0,0,0,0,0,0,0,2097152,2097152,2097152,2097152,2097152,11,2097152,2097152,2097152,2097152,4194304,5,2097152,4194304,4194304,4194304,4194304,182,131072,2097152,2097152,2097152,4194304,34,65536,131072,2097152,2097152,4194304,986,0,0,0,0,0,0,0,0,0,0,0,0,128,256,512,512,512,1218,65536,2097152,4194304,4194304,4194304,1218,0,0,0,0,0,0,128,256,512,512,1024,1218,413223,0,0,0,4792,0,41,21,0
3.71104E+13,0,0,0,0,0,0,0,0,0,0,0,0,0,0,0,0,0,0,0,0,0,0,0,0,0,0,0,0,0,0,0,0,0,0,0,0,0,0,0,0,0,262144,262144,262144,40,256,256,256,40,262144,262144,262144,40,64,64,128,40,128,128,128,40,0,0,0,0,0,0,0,0,0,0,0,0,0,0,0,0,0,0,0,0,0,0,0,0,64,256,256,822,64,128,512,822,0,64,64,4221,0,0,0,0,0,0,0,0,0,0,0,0,0,0,0,0,0,0,0,0,0,0,0,0,0,0,0,0,0,0,0,0,64,128,128,20,128,256,256,20,8.66,5.68,2.97,0,0,0,0,0,0,0,0,0,0,0,0,0,2097152,2097152,2097152,2097152,2097152,13,2097152,2097152,2097152,2097152,2097152,5,2097152,4194304,4194304,4194304,4194304,197,131072,2097152,2097152,2097152,2097152,22,65536,131072,2097152,4194304,4194304,828,0,0,0,0,0,0,0,0,0,0,0,0,128,256,512,512,512,1065,65536,2097152,4194304,4194304,4194304,1065,0,0,0,0,0,0,128,256,512,512,4096,1065,412158,0,0,0,4184,0,40,20,0
3.71114E+13,0,0,0,0,0,0,0,0,0,0,0,0,0,0,0,0,0,0,0,0,0,0,0,0,0,0,0,0,0,0,0,0,0,0,0,0,0,0,0,0,0,262144,262144,524288,41,256,256,256,41,262144,262144,524288,41,64,64,128,41,128,128,128,41,0,0,0,0,0,0,0,0,0,0,0,0,0,0,0,0,0,0,0,0,0,0,0,0,64,256,512,870,64,128,512,870,0,64,64,4383,0,0,0,0,0,0,0,0,0,0,0,0,0,0,0,0,0,0,0,0,0,0,0,0,0,0,0,0,0,0,0,0,64,128,128,20,128,256,256,20,8.34,5.13,3.21,0,0,0,0,0,0,0,0,0,0,0,0,0,2097152,2097152,2097152,2097152,4194304,12,2097152,2097152,2097152,2097152,2097152,3,2097152,4194304,4194304,4194304,8388608,185,2097152,4194304,4194304,4194304,4194304,20,65536,131072,2097152,2097152,2097152,882,0,0,0,0,0,0,0,0,0,0,0,0,128,256,512,512,1024,1102,65536,2097152,4194304,4194304,8388608,1102,0,0,0,0,0,0,128,256,512,1024,1024,1102,411056,0,0,0,4376,0,41,20,0
3.71124E+13,0,0,0,0,0,0,0,0,0,0,0,0,0,0,0,0,0,0,0,0,0,0,0,0,0,0,0,0,0,0,0,0,0,0,0,0,0,0,0,0,0,262144,262144,524288,41,256,512,512,41,262144,262144,524288,41,64,128,256,41,128,128,128,41,0,0,0,0,0,0,0,0,0,0,0,0,0,0,0,0,0,0,0,0,0,0,0,0,64,256,512,816,64,256,512,816,0,64,64,4383,0,0,0,0,0,0,0,0,0,0,0,0,0,0,0,0,0,0,0,0,0,0,0,0,0,0,0,0,0,0,0,0,128,128,256,21,128,256,256,21,8.41,5.1,3.31,0,0,0,0,0,0,0,0,0,0,0,0,0,2097152,2097152,2097152,2097152,2097152,7,2097152,2097152,2097152,2097152,2097152,6,2097152,4194304,4194304,4194304,8388608,185,131072,2097152,4194304,4194304,4194304,21,65536,131072,2097152,4194304,4194304,876,0,0,0,0,0,0,0,0,0,0,0,0,128,256,512,512,512,1095,65536,2097152,4194304,4194304,8388608,1095,0,0,0,0,0,0,128,256,512,1024,1024,1095,409961,0,0,0,4264,0,41,21,0
3.71135E+13,0,0,0,0,0,0,0,0,0,0,0,0,0,0,0,0,0,0,0,0,0,0,0,0,0,0,0,0,0,0,0,0,0,0,0,0,0,0,0,0,0,262144,262144,524288,40,256,512,2048,40,262144,262144,524288,40,64,256,256,40,128,256,512,40,0,0,0,0,0,0,0,0,0,0,0,0,0,0,0,0,0,0,0,0,0,0,0,0,128,256,512,963,64,128,512,963,0,64,64,4239,0,0,0,0,0,0,0,0,0,0,0,0,0,0,0,0,0,0,0,0,0,0,0,0,0,0,0,0,0,0,0,0,128,128,128,20,128,256,256,20,8.32,5.63,2.69,0,0,0,0,0,0,0,0,0,0,0,0,0,2097152,4194304,4194304,4194304,4194304,10,2097152,2097152,2097152,2097152,2097152,5,2097152,4194304,4194304,4194304,4194304,190,2097152,2097152,2097152,2097152,2097152,30,65536,131072,2097152,2097152,4194304,965,0,0,0,0,0,0,0,0,0,0,0,0,128,256,512,512,1024,1200,65536,2097152,4194304,4194304,4194304,1200,0,0,0,0,0,0,128,256,512,1024,1024,1200,408761,0,0,0,4738,0,40,20,0
3.71145E+13,0,0,0,0,0,0,0,0,0,0,0,0,0,0,0,0,0,0,0,0,0,0,0,0,0,0,0,0,0,0,0,0,0,0,0,0,0,0,0,0,0,262144,262144,524288,41,256,512,4096,41,262144,262144,524288,41,128,256,256,41,128,128,256,41,0,0,0,0,0,0,0,0,0,0,0,0,0,0,0,0,0,0,0,0,0,0,0,0,64,256,512,903,64,128,512,903,0,64,64,4185,0,0,0,0,0,0,0,0,0,0,0,0,0,0,0,0,0,0,0,0,0,0,0,0,0,0,0,0,0,0,0,0,128,256,256,20,256,256,256,20,8.76,5.58,3.17,0,0,0,0,0,0,0,0,0,0,0,0,0,2097152,4194304,4194304,4194304,4194304,10,2097152,2097152,2097152,2097152,2097152,11,2097152,4194304,4194304,4194304,4194304,193,131072,2097152,2097152,2097152,2097152,27,65536,131072,2097152,2097152,4194304,942,0,0,0,0,0,0,0,0,0,0,0,0,256,256,512,512,1024,1183,65536,2097152,4194304,4194304,4194304,1183,0,0,0,0,0,0,128,256,512,1024,1024,1183,407578,0,0,0,4651,0,41,20,0
3.71155E+13,0,0,0,0,0,0,0,0,0,0,0,0,0,0,0,0,0,0,0,0,0,0,0,0,0,0,0,0,0,0,0,0,0,0,0,0,0,0,0,0,0,262144,262144,262144,41,256,512,512,41,262144,262144,262144,41,64,128,128,41,128,128,256,41,0,0,0,0,0,0,0,0,0,0,0,0,0,0,0,0,0,0,0,0,0,0,0,0,128,256,512,820,64,128,256,820,0,64,64,4329,0,0,0,0,0,0,0,0,0,0,0,0,0,0,0,0,0,0,0,0,0,0,0,0,0,0,0,0,0,0,0,0,64,128,128,21,128,256,256,21,8.41,4.91,3.49,0,0,0,0,0,0,0,0,0,0,0,0,0,2097152,2097152,2097152,2097152,2097152,7,2097152,2097152,2097152,2097152,4194304,4,2097152,4194304,4194304,4194304,4194304,202,2097152,2097152,2097152,2097152,4194304,19,65536,131072,2097152,2097152,2097152,999,0,0,0,0,0,0,0,0,0,0,0,0,128,256,512,512,512,1231,65536,2097152,4194304,4194304,4194304,1231,0,0,0,0,0,0,128,256,512,1024,1024,1231,406347,0,0,0,4858,0,41,21,0
3.71165E+13,0,0,0,0,0,0,0,0,0,0,0,0,0,0,0,0,0,0,0,0,0,0,0,0,0,0,0,0,0,0,0,0,0,0,0,0,0,0,0,0,0,262144,262144,262144,41,256,256,512,41,262144,262144,262144,41,64,128,256,41,128,128,256,41,0,0,0,0,0,0,0,0,0,0,0,0,0,0,0,0,0,0,0,0,0,0,0,0,128,256,512,762,64,128,512,762,0,64,64,4509,0,0,0,0,0,0,0,0,0,0,0,0,0,0,0,0,0,0,0,0,0,0,0,0,0,0,0,0,0,0,0,0,64,128,128,20,64,256,256,20,8.89,5.33,3.56,0,0,0,0,0,0,0,0,0,0,0,0,0,2097152,2097152,2097152,2097152,2097152,9,2097152,2097152,2097152,2097152,2097152,5,2097152,2097152,4194304,4194304,4194304,152,131072,2097152,2097152,2097152,2097152,21,65536,131072,2097152,2097152,2097152,762,2097152,4194304,8388608,8388608,8388608,48,0,0,0,0,0,0,128,256,256,512,512,997,65536,2097152,4194304,8388608,8388608,997,0,0,0,0,0,0,128,256,512,1024,1024,997,405350,0,0,0,4422,0,41,20,0
3.71175E+13,0,0,0,0,0,0,0,0,0,0,0,0,0,0,0,0,0,0,0,0,0,0,0,0,0,0,0,0,0,0,0,0,0,0,0,0,0,0,0,0,0,262144,262144,262144,40,256,256,256,40,262144,262144,262144,40,64,128,128,40,128,128,256,40,0,0,0,0,0,0,0,0,0,0,0,0,0,0,0,0,0,0,0,0,0,0,0,0,128,256,512,822,64,128,512,822,0,64,64,4158,0,0,0,0,0,0,0,0,0,0,0,0,0,0,0,0,0,0,0,0,0,0,0,0,0,0,0,0,0,0,0,0,64,128,128,20,64,256,256,20,8.45,5,3.46,0,0,0,0,0,0,0,0,0,0,0,0,0,2097152,2097152,2097152,2097152,2097152,8,2097152,2097152,2097152,2097152,2097152,3,2097152,4194304,4194304,4194304,16777216,196,131072,2097152,2097152,2097152,4194304,33,65536,131072,131072,2097152,4194304,951,0,0,0,0,0,0,0,0,0,0,0,0,128,256,256,512,512,1191,65536,2097152,4194304,4194304,16777216,1191,0,0,0,0,0,0,128,256,512,1024,1024,1191,404159,0,0,0,4671,0,40,20,0
3.71185E+13,0,0,0,0,0,0,0,0,0,0,0,0,0,0,0,0,0,0,0,0,0,0,0,0,0,0,0,0,0,0,0,0,0,0,0,0,0,0,0,0,0,262144,262144,262144,41,256,256,512,41,262144,262144,262144,41,64,128,128,41,128,128,256,41,0,0,0,0,0,0,0,0,0,0,0,0,0,0,0,0,0,0,0,0,0,0,0,0,64,256,512,843,64,128,512,843,0,64,64,4365,0,0,0,0,0,0,0,0,0,0,0,0,0,0,0,0,0,0,0,0,0,0,0,0,0,0,0,0,0,0,0,0,128,128,128,21,128,512,512,21,8.42,6.25,2.17,0,0,0,0,0,0,0,0,0,0,0,0,0,2097152,2097152,2097152,2097152,4194304,8,0,0,0,0,4194304,1,2097152,4194304,4194304,4194304,4194304,207,131072,2097152,2097152,2097152,2097152,21,65536,131072,2097152,2097152,2097152,1000,0,0,0,0,0,0,0,0,0,0,0,0,128,256,512,512,1024,1237,65536,2097152,4194304,4194304,4194304,1237,0,0,0,0,0,0,128,256,512,1024,2048,1237,402922,0,0,0,4875,0,41,21,0
3.71196E+13,0,0,0,0,0,0,0,0,0,0,0,0,0,0,0,0,0,0,0,0,0,0,0,0,0,0,0,0,0,0,0,0,0,0,0,0,0,0,0,0,0,262144,262144,262144,41,256,256,512,41,262144,262144,262144,41,64,128,128,41,128,128,256,41,0,0,0,0,0,0,0,0,0,0,0,0,0,0,0,0,0,0,0,0,0,0,0,0,64,256,512,915,64,128,512,915,0,64,64,4374,0,0,0,0,0,0,0,0,0,0,0,0,0,0,0,0,0,0,0,0,0,0,0,0,0,0,0,0,0,0,0,0,128,128,128,20,64,256,256,20,8.7,6.27,2.43,0,0,0,0,0,0,0,0,0,0,0,0,0,2097152,4194304,4194304,4194304,4194304,7,2097152,2097152,2097152,2097152,2097152,3,2097152,4194304,4194304,4194304,4194304,195,2097152,2097152,2097152,2097152,4194304,28,65536,131072,2097152,2097152,4194304,963,0,0,0,0,0,0,0,0,0,0,0,0,128,256,256,512,512,1196,65536,2097152,4194304,4194304,4194304,1196,0,0,0,0,0,0,128,256,512,1024,1024,1196,401726,0,0,0,4690,0,41,20,0
3.71206E+13,0,0,0,0,0,0,0,0,0,0,0,0,0,0,0,0,0,0,0,0,0,0,0,0,0,0,0,0,0,0,0,0,0,0,0,0,0,0,0,0,0,262144,262144,262144,40,256,256,512,40,262144,262144,262144,40,64,128,128,40,128,128,256,40,0,0,0,0,0,0,0,0,0,0,0,0,0,0,0,0,0,0,0,0,0,0,0,0,64,256,512,864,64,128,512,864,0,64,64,4473,0,0,0,0,0,0,0,0,0,0,0,0,0,0,0,0,0,0,0,0,0,0,0,0,0,0,0,0,0,0,0,0,64,128,128,20,256,4096,4096,20,8.62,7.34,1.29,0,0,0,0,0,0,0,262144,262144,524288,524288,524288,33,2097152,2097152,2097152,2097152,4194304,4,0,0,0,0,0,0,2097152,4194304,4194304,8388608,8388608,187,131072,4194304,4194304,4194304,4194304,26,65536,131072,2097152,2097152,4194304,946,0,0,0,0,0,0,0,0,0,0,0,0,128,256,512,512,512,1196,65536,2097152,4194304,4194304,8388608,1196,128,256,256,256,512,33,128,256,512,512,1024,1163,400530,0,0,0,5093,0,40,20,0
3.71216E+13,0,0,0,0,0,0,0,0,0,0,0,0,0,0,0,0,0,0,0,0,0,0,0,0,0,0,0,0,0,0,0,0,0,0,0,0,0,0,0,0,0,262144,262144,262144,41,256,256,256,41,262144,262144,262144,41,64,128,256,41,128,128,256,41,0,0,0,0,0,0,0,0,0,0,0,0,0,0,0,0,0,0,0,0,0,0,0,0,64,256,512,966,64,128,1024,966,0,64,64,4185,0,0,0,0,0,0,0,0,0,0,0,0,0,0,0,0,0,0,0,0,0,0,0,0,0,0,0,0,0,0,0,0,64,128,128,21,256,4096,16384,21,8.67,7.26,1.4,0,0,0,0,0,0,0,262144,262144,262144,262144,262144,15,2097152,2097152,2097152,2097152,2097152,11,0,0,0,0,2097152,1,2097152,4194304,4194304,4194304,4194304,191,131072,2097152,2097152,2097152,2097152,22,65536,131072,2097152,2097152,4194304,1045,0,0,0,0,0,0,0,0,0,0,0,0,128,256,256,512,512,1285,65536,2097152,4194304,4194304,4194304,1285,128,256,256,256,256,15,128,256,512,1024,1024,1270,399245,0,0,0,5247,0,41,21,0
3.71226E+13,0,0,0,0,0,0,0,0,0,0,0,0,0,0,0,0,0,0,0,0,0,0,0,0,0,0,0,0,0,0,0,0,0,0,0,0,0,0,0,0,0,262144,262144,262144,41,256,512,512,41,262144,262144,262144,41,64,128,256,41,128,128,128,41,0,0,0,0,0,0,0,0,0,0,0,0,0,0,0,0,0,0,0,0,0,0,0,0,128,256,256,924,64,128,512,924,0,64,64,4491,0,0,0,0,0,0,0,0,0,0,0,0,0,0,0,0,0,0,0,0,0,0,0,0,0,0,0,0,0,0,0,0,128,256,256,20,64,256,256,20,8.71,5.38,3.33,0,0,0,0,0,0,0,0,0,0,0,0,0,2097152,2097152,2097152,2097152,2097152,13,0,0,0,0,0,0,2097152,2097152,4194304,4194304,8388608,207,131072,2097152,2097152,2097152,4194304,24,65536,131072,131072,2097152,4194304,997,0,0,0,0,0,0,0,0,0,0,0,0,128,256,512,512,1024,1241,65536,2097152,2097152,4194304,8388608,1241,0,0,0,0,0,0,128,256,512,512,1024,1241,398004,0,0,0,4890,0,41,20,0
3.71236E+13,0,0,0,0,0,0,0,0,0,0,0,0,0,0,0,0,0,0,0,0,0,0,0,0,0,0,0,0,0,0,0,0,0,0,0,0,0,0,0,0,0,262144,262144,262144,40,256,512,512,40,262144,262144,262144,40,64,256,256,40,128,256,256,40,0,0,0,0,0,0,0,0,0,0,0,0,0,0,0,0,0,0,0,0,0,0,0,0,128,256,512,873,64,128,512,873,0,64,64,4230,0,0,0,0,0,0,0,0,0,0,0,0,0,0,0,0,0,0,0,0,0,0,0,0,0,0,0,0,0,0,0,0,128,128,128,20,128,256,256,20,8.86,5.52,3.34,0,0,0,0,0,0,0,0,0,0,0,0,0,2097152,2097152,2097152,2097152,2097152,6,0,0,0,0,0,0,2097152,4194304,4194304,4194304,8388608,205,131072,2097152,2097152,2097152,2097152,27,65536,131072,2097152,2097152,4194304,954,0,0,0,0,0,0,0,0,0,0,0,0,128,256,512,512,512,1192,65536,2097152,4194304,4194304,8388608,1192,0,0,0,0,0,0,128,256,512,1024,1024,1192,396812,0,0,0,4695,0,40,20,0
3.71246E+13,0,0,0,0,0,0,0,0,0,0,0,0,0,0,0,0,0,0,0,0,0,0,0,0,0,0,0,0,0,0,0,0,0,0,0,0,0,0,0,0,0,262144,262144,262144,41,256,256,512,41,262144,262144,262144,41,64,128,128,41,128,128,256,41,0,0,0,0,0,0,0,0,0,0,0,0,0,0,0,0,0,0,0,0,0,0,0,0,128,256,512,849,64,128,512,849,0,64,64,4266,0,0,0,0,0,0,0,0,0,0,0,0,0,0,0,0,0,0,0,0,0,0,0,0,0,0,0,0,0,0,0,0,64,128,128,21,128,256,256,21,8.49,5.01,3.47,0,0,0,0,0,0,0,0,0,0,0,0,0,2097152,2097152,2097152,2097152,2097152,2,0,0,0,0,0,0,2097152,2097152,4194304,4194304,4194304,212,131072,2097152,2097152,2097152,2097152,20,65536,131072,2097152,2097152,4194304,1027,0,0,0,0,0,0,0,0,0,0,0,0,128,256,256,512,512,1261,65536,2097152,2097152,4194304,4194304,1261,0,0,0,0,0,0,128,256,512,1024,1024,1261,395551,0,0,0,4966,0,41,21,0
3.71257E+13,0,0,0,0,0,0,0,0,0,0,0,0,0,0,0,0,0,0,0,0,0,0,0,0,0,0,0,0,0,0,0,0,0,0,0,0,0,0,0,0,0,262144,262144,262144,41,256,256,512,41,262144,262144,262144,41,64,256,256,41,128,128,128,41,0,0,0,0,0,0,0,0,0,0,0,0,0,0,0,0,0,0,0,0,0,0,0,0,128,256,256,822,64,128,512,822,0,64,64,4266,0,0,0,0,0,0,0,0,0,0,0,0,0,0,0,0,0,0,0,0,0,0,0,0,0,0,0,0,0,0,0,0,128,128,128,20,128,256,256,20,8.75,5.07,3.68,0,0,0,0,0,0,0,0,0,0,0,0,0,2097152,2097152,2097152,2097152,4194304,16,0,0,0,0,0,0,2097152,4194304,4194304,8388608,8388608,180,131072,2097152,2097152,2097152,4194304,30,65536,131072,2097152,4194304,4194304,940,0,0,0,0,0,0,0,0,0,0,0,0,128,256,512,512,512,1166,65536,2097152,4194304,4194304,8388608,1166,0,0,0,0,0,0,128,256,512,1024,1024,1166,394385,0,0,0,4558,0,41,20,0
3.71267E+13,0,0,0,0,0,0,0,0,0,0,0,0,0,0,0,0,0,0,0,0,0,0,0,0,0,0,0,0,0,0,0,0,0,0,0,0,0,0,0,0,0,262144,262144,262144,40,256,256,512,40,262144,262144,262144,40,64,128,128,40,128,128,128,40,0,0,0,0,0,0,0,0,0,0,0,0,0,0,0,0,0,0,0,0,0,0,0,0,128,256,512,864,64,128,512,864,0,64,64,4293,0,0,0,0,0,0,0,0,0,0,0,0,0,0,0,0,0,0,0,0,0,0,0,0,0,0,0,0,0,0,0,0,64,128,128,20,128,256,256,20,8.92,5.56,3.36,0,0,0,0,0,0,0,0,0,0,0,0,0,2097152,2097152,2097152,2097152,2097152,6,0,0,0,0,0,0,2097152,4194304,4194304,4194304,4194304,206,131072,2097152,2097152,2097152,2097152,26,65536,131072,2097152,4194304,4194304,983,0,0,0,0,0,0,0,0,0,0,0,0,128,256,256,512,512,1221,65536,2097152,4194304,4194304,4194304,1221,0,0,0,0,0,0,128,256,512,512,1024,1221,393164,0,0,0,4832,0,40,20,0
3.71277E+13,0,0,0,0,0,0,0,0,0,0,0,0,0,0,0,0,0,0,0,0,0,0,0,0,0,0,0,0,0,0,0,0,0,0,0,0,0,0,0,0,0,262144,262144,262144,41,256,256,512,41,262144,262144,262144,41,64,128,128,41,128,128,128,41,0,0,0,0,0,0,0,0,0,0,0,0,0,0,0,0,0,0,0,0,0,0,0,0,64,256,512,816,64,128,512,816,0,64,64,4338,0,0,0,0,0,0,0,0,0,0,0,0,0,0,0,0,0,0,0,0,0,0,0,0,0,0,0,0,0,0,0,0,64,128,128,21,128,256,256,21,8.63,5.2,3.43,0,0,0,0,0,0,0,0,0,0,0,0,0,2097152,4194304,4194304,4194304,4194304,17,0,0,0,0,0,0,2097152,4194304,4194304,4194304,4194304,178,2097152,4194304,4194304,4194304,4194304,40,65536,131072,2097152,2097152,4194304,952,0,0,0,0,0,0,0,0,0,0,0,0,128,256,512,512,512,1187,65536,2097152,4194304,4194304,4194304,1187,0,0,0,0,0,0,128,256,512,1024,1024,1187,391977,0,0,0,4635,0,41,21,0
3.71287E+13,0,0,0,0,0,0,0,0,0,0,0,0,0,0,0,0,0,0,0,0,0,0,0,0,0,0,0,0,0,0,0,0,0,0,0,0,0,0,0,0,0,262144,262144,524288,41,256,512,512,41,262144,262144,524288,41,64,128,256,41,128,128,128,41,0,0,0,0,0,0,0,0,0,0,0,0,0,0,0,0,0,0,0,0,0,0,0,0,64,256,512,828,64,128,512,828,0,64,64,4419,0,0,0,0,0,0,0,0,0,0,0,0,0,0,0,0,0,0,0,0,0,0,0,0,0,0,0,0,0,0,0,0,128,128,128,20,128,256,256,20,8.57,4.99,3.58,0,0,0,0,0,0,0,0,0,0,0,0,0,2097152,4194304,4194304,4194304,4194304,9,0,0,0,0,0,0,2097152,4194304,4194304,4194304,8388608,192,131072,4194304,4194304,4194304,4194304,19,65536,131072,2097152,2097152,2097152,912,0,0,0,0,0,0,0,0,0,0,0,0,128,256,512,512,512,1132,65536,2097152,4194304,4194304,8388608,1132,0,0,0,0,0,0,128,256,512,512,1024,1132,390845,0,0,0,4466,0,41,20,0
3.71297E+13,0,0,0,0,0,0,0,0,0,0,0,0,0,0,0,0,0,0,0,0,0,0,0,0,0,0,0,0,0,0,0,0,0,0,0,0,0,0,0,0,0,262144,262144,262144,41,256,512,512,41,262144,262144,262144,41,64,256,256,41,128,128,256,41,0,0,0,0,0,0,0,0,0,0,0,0,0,0,0,0,0,0,0,0,0,0,0,0,128,256,512,933,64,128,256,933,0,64,64,4347,0,0,0,0,0,0,0,0,0,0,0,0,0,0,0,0,0,0,0,0,0,0,0,0,0,0,0,0,0,0,0,0,128,128,128,21,128,256,512,21,8.35,5.01,3.34,0,0,0,0,0,0,0,0,0,0,0,0,0,2097152,2097152,2097152,2097152,2097152,6,0,0,0,0,0,0,2097152,4194304,4194304,4194304,4194304,195,131072,4194304,4194304,4194304,4194304,27,65536,131072,2097152,2097152,2097152,978,0,0,0,0,0,0,0,0,0,0,0,0,128,256,512,512,512,1206,65536,2097152,4194304,4194304,4194304,1206,0,0,0,0,0,0,128,256,512,1024,1024,1206,389639,0,0,0,4768,0,41,21,0
3.71308E+13,0,0,0,0,0,0,0,0,0,0,0,0,0,0,0,0,0,0,0,0,0,0,0,0,0,0,0,0,0,0,0,0,0,0,0,0,0,0,0,0,0,262144,524288,524288,40,256,512,512,40,262144,524288,524288,40,64,256,256,40,128,256,256,40,0,0,0,0,0,0,0,0,0,0,0,0,0,0,0,0,0,0,0,0,0,0,0,0,128,256,512,798,64,128,1024,798,0,64,64,4500,0,0,0,0,0,0,0,0,0,0,0,0,0,0,0,0,0,0,0,0,0,0,0,0,0,0,0,0,0,0,0,0,128,256,256,20,256,256,256,20,8.63,5.66,2.96,0,0,0,0,0,0,0,0,0,0,0,0,0,2097152,4194304,4194304,4194304,4194304,12,0,0,0,0,0,0,2097152,4194304,4194304,8388608,8388608,186,131072,2097152,2097152,2097152,4194304,22,65536,131072,2097152,4194304,4194304,961,0,0,0,0,0,0,0,0,0,0,0,0,128,256,512,512,512,1181,65536,2097152,4194304,4194304,8388608,1181,0,0,0,0,0,0,128,256,512,1024,2048,1181,388458,0,0,0,4612,0,40,20,0
3.71318E+13,0,0,0,0,0,0,0,0,0,0,0,0,0,0,0,0,0,0,0,0,0,0,0,0,0,0,0,0,0,0,0,0,0,0,0,0,0,0,0,0,0,262144,524288,524288,41,256,512,2048,41,262144,524288,524288,41,128,256,256,41,128,128,256,41,0,0,0,0,0,0,0,0,0,0,0,0,0,0,0,0,0,0,0,0,0,0,0,0,64,256,512,921,64,128,512,921,0,64,64,4158,0,0,0,0,0,0,0,0,0,0,0,0,0,0,0,0,0,0,0,0,0,0,0,0,0,0,0,0,0,0,0,0,64,256,256,20,256,256,256,20,8.43,5.62,2.81,0,0,0,0,0,0,0,0,0,0,0,0,0,2097152,2097152,2097152,2097152,4194304,17,0,0,0,0,2097152,1,2097152,4194304,4194304,4194304,8388608,186,131072,4194304,4194304,4194304,4194304,22,65536,131072,2097152,4194304,4194304,877,0,0,0,0,0,0,0,0,0,0,0,0,256,256,512,512,512,1103,65536,2097152,4194304,4194304,8388608,1103,0,0,0,0,0,0,128,256,512,1024,1024,1103,387355,0,0,0,4344,0,41,20,0
3.71328E+13,0,0,0,0,0,0,0,0,0,0,0,0,0,0,0,0,0,0,0,0,0,0,0,0,0,0,0,0,0,0,0,0,0,0,0,0,0,0,0,0,0,262144,524288,524288,41,256,512,512,41,262144,524288,524288,41,128,256,256,41,128,256,512,41,0,0,0,0,0,0,0,0,0,0,0,0,0,0,0,0,0,0,0,0,0,0,0,0,128,256,512,987,64,128,1024,987,0,64,64,4563,0,0,0,0,0,0,0,0,0,0,0,0,0,0,0,0,0,0,0,0,0,0,0,0,0,0,0,0,0,0,0,0,64,128,128,21,256,512,2048,21,8.26,4.7,3.56,0,0,0,0,0,0,0,0,0,0,0,0,0,2097152,2097152,2097152,2097152,2097152,5,0,0,0,0,0,0,2097152,4194304,4194304,4194304,4194304,162,131072,2097152,2097152,2097152,2097152,16,65536,131072,2097152,2097152,2097152,793,4194304,4194304,4194304,4194304,16777216,46,0,0,0,0,0,0,256,256,512,512,512,1022,65536,2097152,4194304,4194304,16777216,1022,0,0,0,0,0,0,128,256,512,1024,1024,1022,386333,0,0,0,4551,0,41,21,0
3.71338E+13,0,0,0,0,0,0,0,0,0,0,0,0,0,0,0,0,0,0,0,0,0,0,0,0,0,0,0,0,0,0,0,0,0,0,0,0,0,0,0,0,0,262144,524288,524288,40,256,512,512,40,262144,524288,524288,40,64,256,256,40,128,128,256,40,0,0,0,0,0,0,0,0,0,0,0,0,0,0,0,0,0,0,0,0,0,0,0,0,128,256,512,978,64,256,1024,978,0,64,64,4320,0,0,0,0,0,0,0,0,0,0,0,0,0,0,0,0,0,0,0,0,0,0,0,0,0,0,0,0,0,0,0,0,128,128,128,20,256,256,256,20,8.94,5.7,3.24,0,0,0,0,0,0,0,0,0,0,0,0,0,2097152,2097152,2097152,2097152,2097152,9,0,0,0,0,2097152,1,2097152,4194304,4194304,4194304,4194304,183,131072,2097152,4194304,4194304,4194304,22,65536,131072,2097152,2097152,8388608,1015,0,0,0,0,0,0,0,0,0,0,0,0,256,256,512,512,512,1230,65536,2097152,4194304,4194304,8388608,1230,0,0,0,0,0,0,128,256,512,1024,1024,1230,385103,0,0,0,4827,0,40,20,0
3.71348E+13,0,0,0,0,0,0,0,0,0,0,0,0,0,0,0,0,0,0,0,0,0,0,0,0,0,0,0,0,0,0,0,0,0,0,0,0,0,0,0,0,0,262144,262144,524288,41,256,512,512,41,262144,262144,524288,41,64,256,256,41,128,256,256,41,0,0,0,0,0,0,0,0,0,0,0,0,0,0,0,0,0,0,0,0,0,0,0,0,64,256,512,897,64,128,512,897,0,64,64,4176,0,0,0,0,0,0,0,0,0,0,0,0,0,0,0,0,0,0,0,0,0,0,0,0,0,0,0,0,0,0,0,0,128,128,128,20,128,256,256,20,8.39,5.09,3.31,0,0,0,0,0,0,0,0,0,0,0,0,0,2097152,2097152,2097152,2097152,2097152,6,0,0,0,0,2097152,1,2097152,4194304,4194304,8388608,8388608,209,131072,2097152,2097152,2097152,2097152,29,65536,131072,262144,2097152,2097152,881,0,0,0,0,0,0,0,0,0,0,0,0,128,256,512,512,4096,1126,65536,2097152,4194304,4194304,8388608,1126,0,0,0,0,0,0,128,256,512,1024,4096,1126,383977,0,0,0,4435,0,41,20,0
3.71358E+13,0,0,0,0,0,0,0,0,0,0,0,0,0,0,0,0,0,0,0,0,0,0,0,0,0,0,0,0,0,0,0,0,0,0,0,0,0,0,0,0,0,262144,262144,524288,41,256,512,512,41,262144,262144,524288,41,64,256,256,41,128,256,256,41,0,0,0,0,0,0,0,0,0,0,0,0,0,0,0,0,0,0,0,0,0,0,0,0,128,256,512,774,64,128,512,774,0,64,64,4365,0,0,0,0,0,0,0,0,0,0,0,0,0,0,0,0,0,0,0,0,0,0,0,0,0,0,0,0,0,0,0,0,64,128,128,21,128,256,256,21,8.6,5.13,3.46,0,0,0,0,0,0,0,0,0,0,0,0,0,2097152,2097152,2097152,2097152,2097152,12,2097152,2097152,2097152,2097152,2097152,5,2097152,4194304,4194304,8388608,8388608,186,131072,2097152,4194304,4194304,4194304,25,65536,131072,2097152,2097152,4194304,1003,0,0,0,0,0,0,0,0,0,0,0,0,128,256,512,512,1024,1231,65536,2097152,4194304,4194304,8388608,1231,0,0,0,0,0,0,128,256,512,1024,1024,1231,382746,0,0,0,4809,0,41,21,0
3.71369E+13,0,0,0,0,0,0,0,0,0,0,0,0,0,0,0,0,0,0,0,0,0,0,0,0,0,0,0,0,0,0,0,0,0,0,0,0,0,0,0,0,0,262144,262144,262144,40,256,256,512,40,262144,262144,262144,40,64,256,256,40,128,128,128,40,0,0,0,0,0,0,0,0,0,0,0,0,0,0,0,0,0,0,0,0,0,0,0,0,128,256,512,945,64,128,512,945,0,64,64,4149,0,0,0,0,0,0,0,0,0,0,0,0,0,0,0,0,0,0,0,0,0,0,0,0,0,0,0,0,0,0,0,0,128,128,128,20,256,8192,8192,20,8.34,4.75,3.59,0,0,0,0,0,0,0,262144,262144,262144,262144,262144,27,2097152,4194304,4194304,4194304,4194304,8,2097152,2097152,2097152,2097152,2097152,2,2097152,4194304,4194304,8388608,8388608,189,131072,2097152,2097152,2097152,4194304,20,65536,131072,2097152,4194304,4194304,790,0,0,0,0,0,0,0,0,0,0,0,0,128,256,512,512,512,1036,65536,2097152,4194304,4194304,8388608,1036,128,256,256,256,256,27,128,256,512,1024,1024,1009,381710,0,0,0,4446,0,40,20,0
