timestampNs,users,fRecv_Move_p50,fRecv_Move_p95,fRecv_Move_p99,fRecv_Move_cnt,fRecv_RTT_p50,fRecv_RTT_p95,fRecv_RTT_p99,fRecv_RTT_cnt,fRecv_Swing_p50,fRecv_Swing_p95,fRecv_Swing_p99,fRecv_Swing_cnt,fRecv_Skill_p50,fRecv_Skill_p95,fRecv_Skill_p99,fRecv_Skill_cnt,fRecv_Pickup_p50,fRecv_Pickup_p95,fRecv_Pickup_p99,fRecv_Pickup_cnt,fRecv_UseItem_p50,fRecv_UseItem_p95,fRecv_UseItem_p99,fRecv_UseItem_cnt,fRecv_DelItem_p50,fRecv_DelItem_p95,fRecv_DelItem_p99,fRecv_DelItem_cnt,fRecv_Swap_p50,fRecv_Swap_p95,fRecv_Swap_p99,fRecv_Swap_cnt,fRecv_Respawn_p50,fRecv_Respawn_p95,fRecv_Respawn_p99,fRecv_Respawn_cnt,fRecv_Lock_p50,fRecv_Lock_p95,fRecv_Lock_p99,fRecv_Lock_cnt,fUpd_Whole_p50,fUpd_Whole_p95,fUpd_Whole_p99,fUpd_Whole_cnt,fUpd_User_p50,fUpd_User_p95,fUpd_User_p99,fUpd_User_cnt,fUpd_Monster_p50,fUpd_Monster_p95,fUpd_Monster_p99,fUpd_Monster_cnt,fUpd_Drop_p50,fUpd_Drop_p95,fUpd_Drop_p99,fUpd_Drop_cnt,fUpd_Lock_p50,fUpd_Lock_p95,fUpd_Lock_p99,fUpd_Lock_cnt,bc_CreateChar_p50,bc_CreateChar_p95,bc_CreateChar_p99,bc_CreateChar_cnt,bc_DelChar_p50,bc_DelChar_p95,bc_DelChar_p99,bc_DelChar_cnt,bc_MoveInput_p50,bc_MoveInput_p95,bc_MoveInput_p99,bc_MoveInput_cnt,bc_Swing_p50,bc_Swing_p95,bc_Swing_p99,bc_Swing_cnt,bc_HitResult_p50,bc_HitResult_p95,bc_HitResult_p99,bc_HitResult_cnt,bc_Skill_p50,bc_Skill_p95,bc_Skill_p99,bc_Skill_cnt,bc_CreateMon_p50,bc_CreateMon_p95,bc_CreateMon_p99,bc_CreateMon_cnt,bc_DelMon_p50,bc_DelMon_p95,bc_DelMon_p99,bc_DelMon_cnt,bc_MoveMon_p50,bc_MoveMon_p95,bc_MoveMon_p99,bc_MoveMon_cnt,bc_StopMon_p50,bc_StopMon_p95,bc_StopMon_p99,bc_StopMon_cnt,bc_MonHitPlayer_p50,bc_MonHitPlayer_p95,bc_MonHitPlayer_p99,bc_MonHitPlayer_cnt,bc_CreateDrop_p50,bc_CreateDrop_p95,bc_CreateDrop_p99,bc_CreateDrop_cnt,bc_DelDrop_p50,bc_DelDrop_p95,bc_DelDrop_p99,bc_DelDrop_cnt,bc_Respawn_p50,bc_Respawn_p95,bc_Respawn_p99,bc_Respawn_cnt,aRecv_Login_p50,aRecv_Login_p95,aRecv_Login_p99,aRecv_Login_cnt,aRecv_CharSelect_p50,aRecv_CharSelect_p95,aRecv_CharSelect_p99,aRecv_CharSelect_cnt,aRecv_Lock_p50,aRecv_Lock_p95,aRecv_Lock_p99,aRecv_Lock_cnt,aUpd_Lock_p50,aUpd_Lock_p95,aUpd_Lock_p99,aUpd_Lock_cnt,aUpd_Whole_p50,aUpd_Whole_p95,aUpd_Whole_p99,aUpd_Whole_cnt,cpuTotal,cpuUser,cpuKernel,db_CharSelect,db_InsertItem,db_DelItem,db_ItemCount,db_ItemSlot,db_CharProgress,db_LogOut,dbQueue,sendIOTPS,recvIOTPS,tcpSeg,tcpRetx,fieldFrame,authFrame,syncCount
16762478730200,0,0,0,0,0,0,0,0,0,0,0,0,0,0,0,0,0,0,0,0,0,0,0,0,0,0,0,0,0,0,0,0,0,0,0,0,0,0,0,0,0,131072,262144,262144,41,256,512,512,41,131072,262144,262144,41,256,256,256,41,128,512,131072,41,0,0,0,0,0,0,0,0,0,0,0,0,0,0,0,0,0,0,0,0,0,0,0,0,0,0,0,0,0,0,0,0,0,0,0,0,0,0,0,0,0,0,0,0,0,0,0,0,0,0,0,0,0,0,0,0,0,0,0,0,0,0,0,0,0,0,0,0,128,256,256,20,256,256,256,20,8.28,6.11,2.17,0,0,0,0,0,0,0,0,0,0,0,0,41,20,0
16763508240500,0,0,0,0,0,0,0,0,0,0,0,0,0,0,0,0,0,0,0,0,0,0,0,0,0,0,0,0,0,0,0,0,0,0,0,0,0,0,0,0,0,65536,131072,262144,41,256,256,512,41,65536,131072,262144,41,64,128,256,41,128,128,256,41,0,0,0,0,0,0,0,0,0,0,0,0,0,0,0,0,0,0,0,0,0,0,0,0,0,0,0,0,0,0,0,0,0,64,64,297,0,0,0,0,0,0,0,0,0,0,0,0,0,0,0,0,0,0,0,0,0,0,0,0,0,0,0,0,0,0,0,0,128,128,256,21,128,256,256,21,8.50,8.37,0.13,0,0,0,0,0,0,0,0,0,0,0,0,41,21,0
16764530948100,0,0,0,0,0,0,0,0,0,0,0,0,0,0,0,0,0,0,0,0,0,0,0,0,0,0,0,0,0,0,0,0,0,0,0,0,0,0,0,0,0,131072,131072,131072,41,256,256,512,41,131072,131072,131072,41,64,128,128,41,128,128,128,41,0,0,0,0,0,0,0,0,0,0,0,0,0,0,0,0,0,0,0,0,0,0,0,0,128,256,256,147,64,128,256,147,0,64,64,6336,0,0,0,0,0,0,0,0,0,0,0,0,0,0,0,0,0,0,0,0,0,0,0,0,0,0,0,0,0,0,0,0,128,128,128,20,64,256,256,20,8.42,8.16,0.26,0,0,0,0,0,0,0,0,0,0,0,0,41,20,0
16765572099500,0,0,0,0,0,0,0,0,0,0,0,0,0,0,0,0,0,0,0,0,0,0,0,0,0,0,0,0,0,0,0,0,0,0,0,0,0,0,0,0,0,262144,262144,262144,41,256,256,512,41,262144,262144,262144,41,128,256,256,41,128,128,256,41,0,0,0,0,0,0,0,0,0,0,0,0,0,0,0,0,0,0,0,0,0,0,0,0,128,256,256,513,64,128,512,513,0,64,64,5814,0,0,0,0,0,0,0,0,0,0,0,0,0,0,0,0,0,0,0,0,0,0,0,0,0,0,0,0,0,0,0,0,128,128,256,21,128,256,512,21,8.30,7.67,0.63,0,0,0,0,0,0,0,0,0,0,0,0,41,21,0
16766601372600,0,0,0,0,0,0,0,0,0,0,0,0,0,0,0,0,0,0,0,0,0,0,0,0,0,0,0,0,0,0,0,0,0,0,0,0,0,0,0,0,0,262144,262144,262144,41,256,256,256,41,262144,262144,262144,41,64,128,256,41,128,128,256,41,0,0,0,0,0,0,0,0,0,0,0,0,0,0,0,0,0,0,0,0,0,0,0,0,64,256,256,869,64,64,512,869,0,64,64,5391,0,0,0,0,0,0,0,0,0,0,0,0,0,0,0,0,0,0,0,0,0,0,0,0,0,0,0,0,0,0,0,0,128,128,128,20,64,256,256,20,8.31,8.31,0.00,0,0,0,0,0,0,0,0,0,0,1,0,41,20,0
16767637607700,0,0,0,0,0,0,0,0,0,0,0,0,0,0,0,0,0,0,0,0,0,0,0,0,0,0,0,0,0,0,0,0,0,0,0,0,0,0,0,0,0,262144,262144,262144,42,256,256,256,42,262144,262144,262144,42,64,128,128,42,128,128,256,42,0,0,0,0,0,0,0,0,0,0,0,0,0,0,0,0,0,0,0,0,0,0,0,0,128,128,256,1170,64,64,256,1170,0,64,64,4959,0,0,0,0,0,0,0,0,0,0,0,0,0,0,0,0,0,0,0,0,0,0,0,0,0,0,0,0,0,0,0,0,128,128,128,21,64,128,256,21,8.55,8.55,0.00,0,0,0,0,0,0,0,0,0,0,0,0,42,21,0
16768673486600,0,0,0,0,0,0,0,0,0,0,0,0,0,0,0,0,0,0,0,0,0,0,0,0,0,0,0,0,0,0,0,0,0,0,0,0,0,0,0,0,0,262144,262144,262144,41,256,256,256,41,262144,262144,262144,41,64,64,128,41,128,128,128,41,0,0,0,0,0,0,0,0,0,0,0,0,0,0,0,0,0,0,0,0,0,0,0,0,128,128,256,927,64,128,512,927,0,0,0,0,0,0,0,0,0,0,0,0,0,0,0,0,0,0,0,0,0,0,0,0,0,0,0,0,0,0,0,0,0,0,0,0,128,128,128,21,64,128,256,21,8.42,8.29,0.13,0,0,0,0,0,0,0,0,0,0,0,0,41,21,0
16769706868800,0,0,0,0,0,0,0,0,0,0,0,0,0,0,0,0,0,0,0,0,0,0,0,0,0,0,0,0,0,0,0,0,0,0,0,0,0,0,0,0,0,131072,262144,262144,42,256,256,256,42,131072,262144,262144,42,64,128,128,42,128,128,128,42,0,0,0,0,0,0,0,0,0,0,0,0,0,0,0,0,0,0,0,0,0,0,0,0,128,256,256,696,64,256,512,696,0,0,0,0,0,0,0,0,0,0,0,0,0,0,0,0,0,0,0,0,0,0,0,0,0,0,0,0,0,0,0,0,0,0,0,0,128,128,128,21,64,128,256,21,8.31,7.55,0.76,0,0,0,0,0,0,0,0,0,0,0,0,42,21,0
16770741717800,0,0,0,0,0,0,0,0,0,0,0,0,0,0,0,0,0,0,0,0,0,0,0,0,0,0,0,0,0,0,0,0,0,0,0,0,0,0,0,0,0,131072,262144,262144,41,256,256,512,41,131072,262144,262144,41,64,128,128,41,128,256,256,41,0,0,0,0,0,0,0,0,0,0,0,0,0,0,0,0,0,0,0,0,0,0,0,0,128,256,512,438,64,256,256,438,0,64,64,1710,0,0,0,0,0,0,0,0,0,0,0,0,0,0,0,0,0,0,0,0,0,0,0,0,0,0,0,0,0,0,0,0,128,128,128,20,64,512,512,20,8.30,8.30,0.00,0,0,0,0,0,0,0,0,0,0,0,0,41,20,0
16771777836800,0,0,0,0,0,0,0,0,0,0,0,0,0,0,0,0,0,0,0,0,0,0,0,0,0,0,0,0,0,0,0,0,0,0,0,0,0,0,0,0,0,131072,131072,262144,42,256,256,512,42,131072,131072,262144,42,64,128,128,42,128,256,256,42,0,0,0,0,0,0,0,0,0,0,0,0,0,0,0,0,0,0,0,0,0,0,0,0,128,256,256,360,64,128,256,360,0,64,64,6381,0,0,0,0,0,0,0,0,0,0,0,0,0,0,0,0,0,0,0,0,0,0,0,0,0,0,0,0,0,0,0,0,128,128,256,21,64,128,256,21,8.55,8.43,0.13,0,0,0,0,0,0,0,0,0,0,0,0,42,21,0
16772814847100,100,2048,16384,32768,292,512,8192,8192,30,8192,65536,131072,50,0,0,0,0,0,0,0,0,16384,65536,65536,9,512,1024,8192,100,1024,8192,8192,8,0,0,0,0,64,65536,131072,504,262144,262144,262144,41,256,32768,65536,41,262144,262144,262144,41,64,128,128,41,128,256,256,41,64,256,1024,942,128,512,512,42,128,512,8192,2628,64,256,8192,450,0,0,0,0,64,256,256,135,128,256,256,671,64,128,256,671,0,64,128,6129,0,0,0,0,0,0,0,0,0,0,0,0,0,0,0,0,0,0,0,0,1024,524288,524288,100,1024,65536,131072,100,64,2048,131072,200,128,128,256,21,64,262144,262144,21,8.54,8.41,0.13,100,0,0,9,0,50,0,0,1071,702,3104,0,41,21,0
16773851041200,200,2048,16384,32768,940,512,16384,16384,135,4096,16384,32768,100,0,0,0,0,0,0,0,0,4096,16384,16384,40,512,8192,16384,185,2048,8192,8192,21,0,0,0,0,64,65536,131072,1467,262144,262144,262144,41,16384,32768,65536,41,262144,262144,262144,41,64,128,128,41,128,128,128,41,64,256,256,1038,128,512,512,138,128,512,8192,8460,64,256,8192,900,64,256,256,27,64,256,4096,414,128,256,512,1118,64,256,256,1118,0,64,256,5580,64,256,256,27,0,0,0,0,0,0,0,0,0,0,0,0,0,0,0,0,1024,2048,131072,100,1024,1024,1024,100,64,128,2048,200,128,128,128,20,64,262144,262144,20,8.43,7.92,0.50,100,0,0,40,0,100,0,0,3308,1663,5593,0,41,20,0
16774886888900,300,2048,16384,16384,1577,512,8192,8192,216,8192,16384,32768,179,0,0,0,0,0,0,0,0,4096,16384,16384,51,512,8192,8192,193,2048,8192,16384,27,0,0,0,0,64,65536,131072,2311,262144,262144,524288,42,32768,65536,65536,42,262144,262144,262144,42,64,128,128,42,128,128,256,42,64,256,4096,1164,128,512,8192,264,128,512,8192,14193,64,256,8192,1611,64,128,128,27,64,256,8192,612,128,512,512,1203,64,256,256,1203,0,128,256,4500,64,256,8192,108,64,128,128,9,0,0,0,0,0,0,0,0,0,0,0,0,1024,2048,2048,100,1024,1024,2048,100,64,128,8192,200,128,128,512,21,64,262144,262144,21,8.54,8.29,0.25,100,0,0,51,0,179,0,2,5521,2502,8132,0,42,21,0
16775921911300,326,2048,16384,32768,2166,512,8192,16384,303,4096,16384,32768,257,8192,8192,8192,5,0,0,0,0,4096,16384,16384,71,512,8192,8192,193,2048,8192,8192,56,0,0,0,0,128,65536,131072,3142,262144,524288,524288,41,65536,65536,65536,41,262144,262144,262144,41,64,128,256,41,128,128,128,41,64,256,8192,621,128,512,1024,387,128,512,8192,19494,64,256,8192,2313,64,128,256,36,128,512,8192,864,128,512,512,996,64,256,512,996,64,256,8192,2799,64,256,256,297,64,256,256,63,0,0,0,0,0,0,0,0,0,0,0,0,1024,2048,2048,67,1024,1024,1024,34,64,64,64,101,128,128,128,21,64,128,128,21,9.07,8.57,0.50,34,0,0,71,0,262,0,0,7660,3226,9557,0,41,21,0
16776956042000,400,2048,16384,16384,2915,512,8192,8192,401,4096,16384,16384,344,8192,8192,8192,26,0,0,0,0,2048,16384,16384,100,512,8192,16384,350,2048,8192,8192,91,0,0,0,0,128,65536,131072,4307,262144,524288,524288,42,65536,131072,131072,42,262144,262144,262144,42,128,128,128,42,128,256,65536,42,64,256,4096,1155,128,512,8192,489,128,512,8192,26235,64,256,8192,3096,64,256,256,117,128,256,4096,954,128,512,1024,660,64,256,512,660,64,256,512,7821,64,256,4096,567,64,256,4096,111,0,0,0,0,0,0,0,0,0,0,0,0,1024,2048,2048,33,1024,1024,1024,66,64,128,1024,99,64,128,128,21,64,131072,262144,21,8.42,8.29,0.13,66,0,0,100,0,370,0,0,9545,4383,12972,0,42,21,0
16777990754500,500,2048,16384,16384,3508,512,8192,16384,489,4096,16384,16384,395,8192,16384,16384,51,0,0,0,0,2048,16384,16384,116,512,8192,8192,477,1024,8192,16384,84,0,0,0,0,512,131072,262144,5206,524288,524288,524288,41,65536,131072,131072,41,262144,262144,262144,41,128,128,256,41,128,512,4096,41,64,256,512,1572,128,512,1024,672,128,512,8192,31572,64,256,4096,3555,64,256,256,264,128,256,1024,1233,128,512,1024,561,64,256,512,561,64,256,512,10548,64,256,2048,855,64,256,512,192,0,0,0,0,0,0,0,0,0,0,0,0,1024,2048,2048,100,1024,1024,2048,100,64,128,2048,200,64,128,128,20,64,262144,262144,20,13.58,10.31,3.27,100,0,0,116,0,446,0,0,11111,5377,15800,0,41,20,0
16779026223400,600,2048,8192,16384,4108,512,8192,8192,576,4096,16384,32768,450,8192,16384,16384,84,0,0,0,0,2048,8192,8192,120,512,8192,8192,564,2048,8192,8192,92,0,0,0,0,512,65536,131072,6088,524288,524288,524288,41,131072,131072,131072,41,262144,262144,524288,41,128,128,128,41,128,128,128,41,64,256,2048,1587,128,512,1024,687,128,512,4096,36972,64,256,4096,4050,64,256,256,423,128,512,1024,1602,256,512,1024,560,64,256,512,560,64,256,4096,11709,64,256,4096,1071,64,256,512,186,0,0,0,0,0,0,0,0,0,0,0,0,1024,2048,2048,100,1024,1024,2048,100,64,64,1024,200,128,128,128,21,64,131072,131072,21,12.83,9.94,2.89,100,0,0,120,0,534,0,0,12839,6255,17965,0,41,21,0
16780062174900,700,2048,8192,16384,4736,512,8192,8192,654,4096,16384,16384,512,8192,16384,16384,113,0,0,0,0,2048,8192,16384,142,512,4096,8192,607,2048,8192,16384,83,0,0,0,0,128,65536,131072,6938,524288,524288,524288,42,131072,131072,131072,42,262144,524288,524288,42,64,128,256,42,128,128,128,42,64,256,512,1662,128,512,4096,762,128,512,4096,42624,64,256,1024,4608,64,256,256,531,128,512,4096,1836,128,512,1024,762,64,256,512,762,64,256,512,13419,64,256,512,1332,64,256,512,153,0,0,0,0,0,0,0,0,0,0,0,0,1024,2048,16384,100,1024,1024,1024,100,64,256,8192,200,64,128,128,21,64,131072,131072,21,10.57,8.93,1.64,100,0,0,142,0,625,0,0,14091,7103,20133,0,42,21,0
16781098289600,800,2048,8192,16384,5406,512,4096,8192,764,4096,16384,16384,599,4096,16384,16384,110,0,0,0,0,2048,8192,8192,165,512,4096,8192,651,1024,8192,8192,109,0,0,0,0,64,65536,131072,7891,524288,524288,524288,41,131072,131072,262144,41,262144,524288,524288,41,128,128,128,41,128,128,128,41,64,256,1024,1861,128,512,4096,961,128,512,4096,48654,64,256,512,5391,64,256,256,504,128,256,1024,1773,128,512,1024,785,64,256,512,785,64,256,512,12582,64,256,2048,1467,64,256,512,153,0,0,0,0,0,0,0,0,0,0,0,0,1024,2048,2048,100,1024,2048,2048,100,64,128,32768,200,128,128,128,20,64,262144,262144,20,13.08,10.19,2.89,100,0,0,165,0,709,0,6,15485,8048,22089,0,41,20,0
16782134778100,833,2048,8192,16384,5882,512,4096,8192,838,4096,16384,16384,681,4096,16384,16384,153,0,0,0,0,2048,8192,16384,190,512,4096,16384,592,2048,8192,8192,98,0,0,0,0,64,65536,131072,8508,524288,524288,524288,42,131072,262144,262144,42,262144,524288,524288,42,64,128,128,42,128,256,32768,42,64,512,8192,1319,128,512,1024,1022,128,512,4096,52938,64,512,512,6129,64,256,512,693,128,512,4096,2025,256,1024,4096,762,64,256,512,762,64,256,4096,12897,64,256,4096,1197,64,256,512,147,0,0,0,0,0,0,0,0,0,0,0,0,1024,2048,2048,67,512,1024,1024,46,64,64,256,113,128,128,128,21,64,128,65536,21,11.96,9.32,2.64,46,0,0,190,0,834,0,0,16876,8574,23714,0,42,21,0
16783168584200,900,2048,8192,16384,6574,512,4096,8192,934,4096,8192,16384,759,8192,8192,16384,181,0,0,0,0,2048,8192,8192,182,512,4096,8192,701,2048,8192,8192,135,0,0,0,0,64,65536,262144,9554,524288,524288,524288,41,131072,262144,262144,41,262144,524288,524288,41,128,128,256,41,128,128,256,41,64,256,1024,1734,128,512,512,1131,128,512,4096,59166,128,256,1024,6831,64,256,256,756,128,256,1024,2304,256,512,1024,800,128,512,512,800,64,256,512,13842,64,256,512,1413,64,256,8192,66,0,0,0,0,0,0,0,0,0,0,0,0,1024,2048,2048,33,1024,1024,1024,54,64,128,128,87,64,128,128,21,64,131072,131072,21,9.79,7.91,1.88,54,0,0,182,0,940,0,0,18914,9578,26519,0,41,21,0
16784202861300,1000,2048,8192,16384,7101,512,4096,8192,990,4096,16384,16384,809,4096,16384,16384,200,0,0,0,0,2048,8192,16384,186,512,4096,8192,892,2048,8192,8192,149,0,0,0,0,64,65536,131072,10422,524288,524288,524288,42,262144,262144,262144,42,262144,524288,524288,42,128,128,256,42,128,8192,16384,42,64,512,4096,2195,128,512,1024,1295,128,512,4096,63909,128,512,1024,7281,64,256,512,947,128,512,1024,2466,256,1024,1024,930,64,512,512,930,64,256,512,15480,64,256,1024,1314,64,256,512,144,0,0,0,0,0,0,0,0,0,0,0,0,1024,2048,2048,100,1024,1024,2048,100,64,64,256,200,64,128,128,21,64,131072,131072,21,12.72,9.95,2.77,100,0,0,186,0,1009,0,0,20263,10567,29341,0,42,21,0
16785238675600,1100,2048,8192,16384,7655,512,4096,8192,1075,4096,16384,16384,843,8192,16384,16384,198,0,0,0,0,2048,8192,8192,253,512,4096,8192,988,1024,8192,16384,162,0,0,0,0,64,65536,262144,11265,524288,524288,524288,41,262144,262144,262144,41,262144,524288,524288,41,128,128,128,41,64,128,4096,41,64,256,1024,2238,128,512,4096,1338,128,512,4096,68895,128,512,1024,7587,64,256,256,951,128,512,512,2466,128,1024,4096,918,64,512,1024,918,64,256,2048,13293,64,256,512,1251,64,256,512,180,0,0,0,0,0,0,0,0,0,0,0,0,1024,2048,2048,100,1024,1024,1024,100,64,64,512,200,64,128,128,20,64,131072,131072,20,12.19,9.93,2.26,100,0,0,253,0,1041,0,0,21983,11386,31221,0,41,20,0
16786273703100,1173,2048,8192,16384,8143,512,4096,8192,1140,4096,16384,16384,863,8192,16384,16384,241,0,0,0,0,2048,8192,16384,235,512,4096,8192,962,1024,4096,8192,180,0,0,0,1,64,65536,262144,11848,524288,524288,524288,41,262144,262144,262144,41,262144,524288,524288,41,128,128,256,41,128,128,4096,41,64,256,512,2243,128,512,1024,1586,128,512,4096,73287,64,512,1024,7767,64,256,512,1336,128,512,4096,2574,256,512,1024,972,128,512,512,972,64,256,1024,13923,64,256,2048,1593,64,256,4096,183,0,0,0,0,0,0,0,0,0,256,256,9,1024,2048,2048,92,1024,1024,1024,80,64,64,128,172,64,128,128,21,128,131072,131072,21,13.84,10.31,3.52,80,0,0,235,0,1104,0,0,23568,11929,32714,0,41,21,0
16787309071400,1200,2048,8192,16384,8772,512,4096,8192,1237,4096,16384,16384,1017,8192,16384,16384,268,0,0,0,0,2048,8192,16384,249,512,4096,8192,888,1024,8192,16384,161,0,0,0,0,64,65536,262144,12683,524288,524288,524288,42,262144,262144,262144,42,262144,524288,524288,42,128,256,256,42,128,128,128,42,64,512,512,1760,128,512,1024,1517,128,512,4096,78948,128,512,1024,9153,64,256,512,1543,128,512,1024,2700,256,512,1024,1037,128,512,512,1055,64,256,2048,14751,64,256,512,1548,64,256,512,201,128,512,512,9,0,0,0,0,0,0,0,0,1024,2048,2048,8,1024,2048,2048,20,64,128,512,28,64,128,128,21,64,32768,65536,21,13.71,9.18,4.53,20,0,0,249,0,1285,0,0,24890,12615,33818,0,42,21,0
16788344890900,1300,2048,8192,16384,9351,512,4096,8192,1308,4096,16384,16384,1073,4096,16384,16384,255,0,0,0,0,2048,8192,8192,252,512,4096,8192,1072,1024,8192,8192,185,0,0,0,0,64,65536,131072,13603,524288,524288,1048576,41,262144,262144,262144,41,262144,524288,524288,41,256,256,512,41,128,2048,65536,41,64,512,1024,2798,128,512,1024,1898,128,512,4096,84159,128,512,1024,9657,64,256,512,1384,128,512,1024,2718,256,1024,4096,918,128,512,512,918,64,256,2048,15174,64,256,512,1611,64,256,4096,288,0,0,0,0,0,0,0,0,0,0,0,0,1024,2048,2048,100,1024,1024,2048,100,64,64,128,200,128,128,128,20,128,131072,131072,20,11.82,10.06,1.76,100,0,0,252,0,1328,0,0,26950,13718,37073,0,41,20,0
16789381386800,1400,2048,8192,16384,9526,512,4096,8192,1334,4096,16384,16384,1075,8192,16384,16384,236,0,0,0,0,2048,8192,16384,285,512,4096,8192,1208,2048,8192,8192,189,2048,4096,4096,3,256,65536,262144,13987,524288,1048576,1048576,42,262144,262144,262144,42,262144,524288,524288,42,256,512,512,42,64,128,4096,42,64,512,1024,2723,128,512,1024,1823,128,512,4096,85734,128,512,4096,9675,64,256,512,1315,128,512,4096,2673,256,1024,1024,873,128,512,512,882,64,256,2048,17577,64,256,512,1926,64,256,512,228,0,0,0,0,0,0,0,0,64,512,512,27,1024,2048,2048,100,1024,1024,1024,100,64,128,512,200,64,128,128,21,128,131072,131072,21,14.10,10.07,4.03,100,0,0,285,0,1311,0,0,28329,14098,37673,0,42,21,0
16790417537300,1432,2048,8192,16384,10271,512,4096,8192,1435,4096,16384,16384,1130,8192,16384,16384,248,0,0,0,0,2048,8192,16384,307,512,4096,8192,1182,1024,8192,8192,201,0,0,0,0,64,65536,131072,14946,524288,1048576,1048576,41,262144,262144,524288,41,262144,524288,524288,41,256,256,512,41,128,2048,16384,41,64,512,1024,2082,128,512,1024,1794,128,512,4096,92439,128,512,2048,10170,64,256,512,1572,128,512,1024,2835,256,1024,1024,900,128,512,512,900,64,256,512,18657,64,256,512,1872,64,256,512,132,0,0,0,0,0,0,0,0,0,0,0,0,1024,2048,2048,49,1024,1024,1024,39,64,64,128,88,64,128,128,21,64,65536,131072,21,13.96,10.31,3.65,39,0,0,307,0,1378,0,0,29323,14933,38780,0,41,21,0
16791449691600,1500,2048,8192,16384,10189,512,4096,8192,1483,4096,16384,16384,1205,8192,16384,16384,252,0,0,0,0,2048,8192,8192,313,512,4096,8192,1191,2048,8192,8192,224,0,0,0,0,2048,65536,262144,15019,524288,1048576,1048576,41,262144,262144,262144,41,524288,524288,524288,41,256,256,512,41,64,256,16384,41,128,512,4096,2393,128,512,1024,1781,128,512,4096,91701,128,512,4096,10845,64,256,512,1415,128,512,1024,2781,256,1024,1024,927,128,512,1024,936,64,256,2048,17964,64,256,1024,2376,64,256,512,282,64,256,256,9,0,0,0,0,0,0,0,0,1024,2048,2048,51,1024,1024,2048,61,64,64,128,112,64,128,128,20,128,131072,131072,20,14.72,10.69,4.02,61,0,0,313,0,1457,0,0,30903,15018,40014,0,41,20,0
16792485748000,1593,2048,8192,16384,10962,512,4096,8192,1563,4096,16384,16384,1280,8192,16384,16384,273,4096,32768,32768,3,2048,8192,8192,345,512,4096,8192,1300,2048,8192,8192,219,0,0,0,0,1024,65536,131072,16110,524288,1048576,1048576,42,262144,524288,524288,42,524288,524288,524288,42,256,512,512,42,64,128,256,42,64,512,4096,2948,128,512,4096,2111,128,512,4096,98658,128,512,4096,11520,64,256,512,1621,128,512,4096,3087,256,1024,1024,897,128,512,1024,924,64,512,2048,18243,64,256,512,2259,64,512,512,354,64,256,256,18,64,256,512,27,0,0,0,0,1024,2048,2048,100,1024,1024,2048,100,64,64,128,200,64,128,128,21,32768,131072,131072,21,12.83,10.19,2.64,100,3,0,345,0,1553,0,8,32715,16204,42334,0,42,21,0
16793521796800,1600,2048,8192,16384,11267,512,4096,8192,1650,4096,8192,16384,1314,8192,16384,16384,318,0,0,0,0,2048,8192,16384,320,512,4096,8192,1318,1024,8192,8192,234,0,0,0,1,1024,65536,262144,16576,524288,1048576,1048576,41,262144,524288,524288,41,524288,524288,524288,41,256,256,256,41,128,8192,32768,41,128,512,1024,2059,128,512,1024,1996,128,512,4096,101403,128,512,1024,11826,64,256,512,1745,128,512,1024,3375,256,1024,2048,858,128,512,1024,858,64,512,2048,20349,64,256,1024,2664,64,256,1024,363,0,0,0,0,0,0,0,0,64,512,512,9,2048,2048,2048,10,1024,1024,1024,4,64,64,64,14,64,128,128,21,64,128,256,21,13.32,11.06,2.26,4,0,0,320,0,1632,0,0,33589,16443,42075,0,41,21,0
16794556198100,1700,2048,8192,16384,11391,512,4096,8192,1666,4096,16384,16384,1353,8192,16384,32768,308,8192,8192,8192,3,2048,8192,8192,331,512,4096,8192,1406,2048,8192,8192,227,0,0,0,0,1024,65536,131072,16848,1048576,1048576,1048576,42,262144,524288,524288,42,524288,524288,524288,42,256,512,512,42,128,128,32768,42,64,512,1024,3244,128,512,4096,2344,128,512,4096,102519,128,512,4096,12177,64,256,512,1601,128,512,4096,3348,256,1024,2048,876,256,512,1024,903,64,512,1024,21510,64,256,512,2673,64,256,512,474,64,256,256,27,256,512,512,27,0,0,0,0,1024,2048,2048,90,1024,2048,2048,96,64,64,128,186,64,128,128,21,65536,131072,131072,21,12.70,10.31,2.39,96,3,0,331,0,1661,0,0,35900,16904,46101,0,42,21,0
16795591553400,1744,2048,8192,16384,11913,512,4096,8192,1742,4096,16384,32768,1399,8192,16384,16384,315,0,0,0,0,2048,8192,8192,367,512,4096,8192,1446,1024,8192,8192,244,0,0,0,1,2048,131072,262144,17572,1048576,1048576,1048576,41,262144,524288,524288,41,524288,524288,524288,41,256,256,512,41,64,16384,32768,41,128,512,4096,2678,128,512,4096,2282,128,512,4096,107217,128,512,4096,12591,64,256,512,1771,128,512,2048,3384,256,1024,1024,906,256,512,4096,906,64,512,1024,22761,64,256,512,2934,64,512,4096,354,0,0,0,0,0,0,0,0,0,1024,1024,9,2048,2048,2048,58,1024,1024,2048,51,64,64,128,109,64,128,128,20,64,65536,65536,20,12.34,9.69,2.64,51,0,0,367,0,1714,0,0,36642,17545,45242,0,41,20,0
16796625866100,1800,2048,8192,16384,12174,512,4096,8192,1802,4096,8192,16384,1469,4096,8192,16384,334,0,0,0,1,2048,8192,8192,396,512,4096,8192,1420,1024,8192,8192,231,0,0,0,1,1024,65536,262144,17994,1048576,1048576,1048576,41,262144,524288,524288,41,524288,524288,524288,41,256,512,512,41,128,8192,16384,41,128,512,1024,2614,128,512,4096,2110,128,512,4096,109566,128,512,4096,13221,64,256,512,1833,128,512,2048,3519,256,1024,4096,790,256,512,4096,799,64,512,2048,22815,64,256,512,3015,128,512,2048,408,64,128,128,9,0,256,256,9,64,2048,2048,9,1024,2048,2048,42,1024,1024,2048,49,64,64,128,91,64,128,128,21,128,65536,65536,21,13.96,10.31,3.65,49,1,0,396,0,1803,0,0,38034,17927,48180,0,41,21,0
16797661618000,1872,2048,8192,16384,12752,512,4096,8192,1867,4096,16384,16384,1498,8192,16384,16384,401,0,0,0,0,2048,8192,8192,367,512,4096,8192,1547,1024,8192,16384,265,0,0,0,0,512,65536,262144,18849,1048576,1048576,1048576,42,262144,524288,524288,42,524288,524288,524288,42,256,512,512,42,128,16384,32768,42,64,512,1024,3087,128,512,4096,2439,128,512,4096,114768,128,512,4096,13482,64,256,512,2145,128,512,1024,4113,256,1024,1024,975,256,512,2048,966,64,512,2048,24282,64,512,512,2898,64,512,512,432,0,0,0,0,0,0,0,0,0,0,0,0,1024,2048,4096,79,1024,1024,1024,74,64,64,128,153,64,128,128,21,32768,65536,131072,21,14.21,11.19,3.02,74,0,0,367,0,1899,0,0,38620,18869,48695,0,42,21,0
16798698237200,1900,2048,8192,16384,12821,512,4096,8192,1985,4096,8192,16384,1518,8192,16384,16384,398,8192,8192,8192,2,2048,8192,16384,401,512,4096,8192,1540,1024,8192,8192,293,0,0,0,0,128,65536,262144,19097,1048576,1048576,1048576,41,262144,524288,524288,41,524288,524288,524288,41,256,512,512,41,64,128,128,41,128,512,4096,2414,128,512,1024,2162,128,512,4096,115389,128,512,1024,13662,64,256,512,2452,128,512,2048,3861,256,1024,1024,958,256,512,1024,1012,64,512,2048,22572,64,512,512,2961,64,256,512,345,64,256,512,36,64,512,512,18,0,0,0,0,1024,2048,2048,21,1024,1024,1024,26,64,64,128,47,64,128,128,20,64,65536,65536,20,12.45,10.19,2.26,26,2,0,401,0,1916,0,34,37806,18945,48443,0,41,20,0
16799732527500,1979,2048,8192,16384,13187,512,4096,8192,1905,4096,16384,16384,1596,8192,16384,32768,398,8192,8192,8192,5,2048,8192,8192,402,512,4096,8192,1604,2048,8192,8192,276,0,0,0,0,512,65536,262144,19495,1048576,1048576,1048576,42,524288,524288,524288,42,524288,524288,524288,42,256,512,512,42,64,128,16384,42,64,512,1024,3401,128,512,1024,2690,128,512,4096,118683,128,512,4096,14364,64,256,512,1962,128,512,1024,3492,256,1024,2048,969,256,512,4096,1005,64,512,4096,22329,64,512,1024,2781,128,512,512,354,128,256,256,45,256,512,1024,45,0,0,0,0,1024,2048,2048,88,1024,1024,1024,85,64,64,1024,173,64,128,128,21,32768,65536,65536,21,15.34,11.70,3.65,85,5,0,402,0,1994,0,36,39158,19472,50835,0,42,21,0
16800767354400,2000,2048,8192,16384,13521,512,4096,8192,2066,4096,8192,16384,1567,4096,8192,16384,408,8192,8192,8192,7,2048,8192,8192,423,512,4096,8192,1584,1024,8192,8192,274,0,0,0,0,256,65536,262144,20025,1048576,1048576,1048576,41,524288,524288,524288,41,524288,524288,524288,41,256,512,1024,41,64,128,4096,41,128,512,4096,2531,128,512,1024,2342,128,512,4096,121689,128,512,2048,14103,64,256,512,2210,128,512,1024,3834,256,1024,1024,1029,256,512,1024,1119,64,512,1024,21699,64,512,1024,2961,64,512,512,366,64,256,4096,54,128,512,4096,63,0,0,0,0,2048,2048,2048,12,1024,1024,1024,15,64,64,64,27,64,128,128,21,128,32768,32768,21,12.70,9.56,3.14,15,7,0,423,0,1975,0,2,38883,19836,50035,0,41,21,0
16801803940200,2074,2048,8192,16384,13756,512,4096,8192,2067,4096,16384,16384,1687,8192,16384,16384,444,8192,8192,8192,10,2048,8192,8192,407,512,4096,8192,1711,2048,8192,8192,278,0,0,0,0,128,65536,262144,20490,1048576,1048576,1048576,42,524288,524288,524288,42,524288,524288,524288,42,256,512,512,42,128,65536,65536,42,64,512,1024,3212,128,512,1024,2546,128,512,4096,123804,128,512,4096,15183,64,256,512,2489,128,512,2048,3762,256,1024,2048,1035,256,512,1024,1143,64,512,1024,22536,64,256,1024,2934,64,512,512,435,64,1024,4096,99,128,512,4096,90,0,0,0,0,1024,2048,2048,79,1024,1024,1024,74,64,64,128,153,64,128,128,21,32768,65536,65536,21,13.31,10.67,2.64,74,10,0,407,0,2131,0,32,39994,20444,51911,0,42,21,0
16802840891700,2100,2048,8192,16384,14110,512,4096,8192,2143,4096,8192,16384,1719,4096,16384,16384,427,8192,16384,16384,7,2048,8192,8192,436,512,4096,8192,1699,1024,4096,8192,301,4096,4096,4096,4,1024,65536,262144,21026,1048576,1048576,1048576,41,524288,524288,524288,41,524288,524288,524288,41,256,512,512,41,64,8192,16384,41,128,512,4096,3090,128,512,1024,2856,128,512,4096,126990,128,512,1024,15471,64,256,512,2611,128,512,1024,3924,256,1024,2048,924,256,512,1024,1014,64,512,2048,22023,64,256,512,2943,64,512,512,351,64,256,512,63,128,512,4096,63,256,512,512,36,1024,2048,2048,21,1024,1024,1024,26,64,128,256,47,64,128,128,20,128,65536,65536,20,13.97,10.07,3.90,26,7,0,436,6,2146,0,25,39781,20799,52383,0,41,20,0
16803872852800,2161,2048,8192,16384,14044,512,4096,8192,2125,4096,8192,16384,1715,8192,16384,16384,412,8192,16384,16384,7,2048,8192,8192,436,512,4096,8192,1765,1024,8192,8192,280,2048,4096,4096,4,1024,65536,262144,20935,1048576,1048576,1048576,41,524288,524288,524288,41,524288,524288,524288,41,256,512,512,41,64,16384,32768,41,64,512,4096,3423,128,512,4096,2874,128,512,4096,126396,128,512,1024,15435,64,256,512,2396,128,512,1024,3609,256,1024,2048,891,256,512,4096,1008,64,512,2048,22392,64,512,512,3087,64,512,512,456,128,256,512,72,128,512,4096,63,128,256,256,36,1024,2048,2048,68,1024,1024,2048,63,64,64,128,131,64,128,256,21,32768,32768,65536,21,17.37,11.58,5.79,63,7,0,436,11,2128,0,13,40190,20781,53141,0,41,21,0
16804908481400,2175,2048,8192,16384,14410,512,4096,8192,2172,4096,8192,16384,1748,8192,16384,16384,404,8192,8192,8192,12,2048,8192,8192,469,512,4096,8192,1735,1024,4096,8192,318,0,0,0,1,128,65536,262144,21471,1048576,1048576,1048576,42,524288,524288,524288,42,524288,524288,524288,42,256,512,512,42,64,8192,32768,42,128,512,4096,3217,128,512,1024,3091,128,512,4096,129690,128,512,1024,15732,64,256,512,2387,128,512,1024,4086,256,1024,2048,919,256,512,1024,1036,128,512,1024,23580,64,512,512,3141,64,512,512,516,128,512,512,99,256,512,2048,108,128,256,256,9,2048,2048,2048,7,512,1024,1024,12,64,64,64,19,64,128,128,21,64,32768,32768,21,13.84,9.81,4.02,12,12,0,469,13,2151,0,0,39522,20926,52484,220,42,21,0
16805943962000,2200,2048,8192,16384,14739,512,4096,8192,2205,4096,8192,16384,1758,4096,16384,16384,445,8192,16384,16384,8,2048,8192,8192,456,512,4096,8192,1777,1024,4096,8192,305,0,0,0,0,256,65536,262144,21913,1048576,1048576,1048576,41,524288,524288,524288,41,524288,524288,524288,41,256,512,512,41,64,128,128,41,128,512,1024,3107,128,512,1024,2882,128,512,4096,132651,128,512,1024,15822,64,256,512,2503,128,512,1024,4212,256,1024,1024,870,256,512,1024,1032,64,512,1024,22446,64,256,512,3177,128,512,512,429,128,512,512,99,128,512,4096,72,0,0,0,0,1024,2048,2048,25,512,1024,1024,25,64,64,128,50,64,128,128,20,64,65536,65536,20,14.70,10.81,3.90,25,8,0,456,11,2203,0,0,40482,21648,54449,1,41,20,0
16806978158000,2240,2048,8192,16384,14871,512,4096,8192,2204,4096,8192,16384,1788,8192,8192,16384,411,8192,8192,8192,12,2048,4096,8192,458,512,4096,8192,1815,1024,4096,8192,304,0,0,0,1,64,65536,262144,22056,1048576,1048576,1048576,42,524288,524288,524288,42,524288,524288,524288,42,256,512,512,42,64,128,128,42,128,512,1024,3510,128,512,1024,3150,128,512,4096,133839,128,512,1024,16092,64,256,512,2357,128,512,1024,3906,512,1024,1024,932,256,512,1024,1031,128,512,2048,24300,64,256,512,2997,64,512,512,432,64,256,512,90,128,512,512,108,0,256,256,9,1024,2048,2048,46,1024,1024,1024,41,64,64,128,87,64,128,128,21,16384,32768,32768,21,14.10,11.71,2.39,41,12,0,458,20,2199,0,1,41669,21828,55400,0,42,21,0
16808024438200,2300,2048,8192,16384,15239,512,4096,8192,2271,4096,8192,16384,1840,4096,8192,16384,453,8192,8192,8192,10,2048,8192,8192,457,512,4096,8192,1891,1024,4096,8192,309,0,0,0,0,64,65536,262144,22647,1048576,1048576,1048576,41,524288,524288,524288,41,524288,524288,524288,41,256,512,512,41,64,4096,32768,41,64,512,1024,3513,128,512,1024,2973,128,512,4096,137151,128,512,1024,16560,64,256,512,2624,128,512,1024,4140,256,1024,1024,936,256,512,1024,1053,128,512,1024,24039,64,256,512,3645,64,256,512,486,64,256,512,81,64,512,1024,90,0,0,0,0,1024,2048,2048,54,1024,1024,1024,59,64,64,128,113,64,128,128,21,32768,65536,65536,21,14.32,11.06,3.27,59,10,0,457,20,2293,0,0,42010,22458,55655,0,41,21,0
16809049662600,2304,2048,8192,16384,15456,512,4096,8192,2296,4096,8192,16384,1870,4096,8192,16384,462,8192,8192,8192,5,2048,8192,16384,483,512,4096,8192,1879,1024,4096,8192,346,2048,2048,2048,3,512,65536,262144,23002,1048576,1048576,1048576,41,524288,524288,524288,41,524288,524288,524288,41,256,512,512,41,64,8192,16384,41,128,512,1024,3212,128,512,1024,3176,128,512,4096,139104,128,512,1024,16830,64,256,512,2495,128,512,1024,4356,256,1024,1024,911,256,512,1024,947,128,512,1024,22977,64,512,512,3060,64,512,2048,620,128,512,512,36,128,512,1024,45,64,256,512,27,2048,2048,2048,10,512,1024,1024,7,64,64,64,17,64,128,128,20,64,16384,16384,20,16.10,11.82,4.28,7,5,0,483,24,2332,0,20,40426,22673,55540,0,41,20,0
16810084191800,2357,2048,8192,16384,15302,512,4096,8192,2325,4096,8192,16384,1824,4096,8192,16384,438,8192,8192,8192,8,2048,4096,8192,513,512,1024,8192,1838,1024,4096,8192,298,4096,4096,4096,2,512,65536,262144,22748,1048576,1048576,1048576,42,524288,524288,524288,42,524288,524288,524288,42,256,512,512,42,128,32768,65536,42,128,512,1024,3587,128,512,1024,3110,128,512,4096,137718,128,512,1024,16416,64,256,512,2440,128,512,1024,4221,512,1024,2048,1146,256,512,4096,1200,128,512,1024,24525,128,512,512,3465,128,512,512,399,64,512,512,72,128,512,512,72,64,512,512,18,2048,2048,2048,51,1024,1024,1024,52,64,64,128,103,64,128,128,21,32768,65536,65536,21,19.01,12.72,6.29,52,8,0,513,33,2262,0,17,40701,22479,56768,0,42,21,0
16811119404300,2400,2048,8192,16384,15906,512,4096,8192,2382,4096,8192,16384,1953,4096,16384,16384,452,8192,16384,16384,8,2048,4096,8192,491,512,1024,8192,1929,1024,4096,8192,341,0,0,0,1,256,65536,262144,23669,1048576,1048576,1048576,41,524288,524288,524288,41,524288,524288,524288,41,256,512,512,41,64,8192,16384,41,128,512,1024,3338,128,512,1024,2951,128,512,4096,143154,128,512,1024,17577,64,256,512,2460,128,512,1024,4473,512,1024,4096,915,256,512,1024,987,128,512,1024,24354,64,512,512,3438,64,512,1024,420,128,512,1024,72,256,512,1024,72,64,256,256,9,2048,2048,2048,39,1024,1024,1024,41,64,64,64,80,64,128,128,21,16384,32768,32768,21,14.09,10.82,3.27,41,8,0,491,24,2405,0,16,40451,23303,56931,0,41,21,0
16812154934100,2402,2048,8192,16384,16020,512,4096,8192,2399,4096,8192,16384,1979,8192,8192,16384,493,8192,16384,16384,12,2048,4096,8192,480,512,4096,4096,1974,1024,4096,8192,334,0,0,0,0,256,65536,262144,23900,1048576,1048576,1048576,42,524288,524288,524288,42,524288,524288,524288,42,256,512,512,42,64,16384,131072,42,128,512,1024,3203,128,512,1024,3185,128,512,4096,144180,128,512,1024,17811,64,256,512,2701,128,512,1024,4779,256,1024,4096,1205,256,512,1024,1232,128,512,1024,25191,64,512,512,3411,64,512,2048,465,64,256,512,126,128,512,1024,108,0,0,0,0,1024,2048,2048,6,1024,1024,1024,3,64,64,64,9,64,128,128,21,64,128,256,21,14.21,11.57,2.64,3,12,0,480,24,2472,0,15,40718,23466,56041,0,42,21,0
16813194588900,2444,2048,8192,16384,15906,512,1024,4096,2430,4096,8192,16384,1933,4096,8192,16384,505,8192,8192,8192,8,2048,4096,8192,495,512,1024,8192,1963,1024,4096,8192,341,0,0,0,1,1024,65536,262144,23778,1048576,1048576,1048576,41,524288,524288,524288,41,524288,524288,524288,41,256,512,512,41,128,512,16384,41,64,512,1024,3401,128,512,1024,3023,128,512,4096,143154,128,512,1024,17397,64,256,512,2780,128,512,1024,4680,512,1024,4096,1008,256,512,1024,1035,128,512,1024,24399,64,512,512,3492,64,512,1024,540,64,256,512,81,128,512,1024,72,64,256,256,9,1024,2048,4096,42,1024,1024,1024,42,64,64,64,84,64,128,128,20,16384,65536,65536,20,16.34,12.31,4.02,42,8,0,495,36,2438,0,21,39863,23298,56924,0,41,20,0
16814226872500,2478,2048,8192,16384,16368,512,1024,8192,2461,4096,8192,16384,1970,4096,16384,16384,505,8192,8192,8192,15,2048,4096,8192,504,512,1024,4096,1968,1024,2048,8192,358,0,0,0,0,256,65536,262144,24313,1048576,1048576,1048576,41,524288,524288,524288,41,524288,524288,524288,41,256,512,512,41,128,32768,65536,42,128,512,1024,3211,128,512,1024,2905,128,512,1024,147312,128,512,1024,17730,64,256,512,2711,128,512,1024,4563,512,1024,1024,963,256,512,2048,1098,128,512,1024,24660,64,512,512,3591,64,512,1024,597,64,512,512,135,128,512,1024,135,0,0,0,0,2048,2048,2048,34,1024,1024,1024,35,64,64,64,69,64,128,128,21,16384,32768,32768,21,16.23,10.82,5.41,35,15,0,504,45,2475,0,31,38157,23794,56478,0,41,21,0
16815262209500,2500,2048,8192,16384,16583,512,4096,8192,2492,4096,8192,16384,2018,4096,16384,16384,531,8192,8192,8192,12,2048,4096,8192,509,512,4096,8192,2043,1024,4096,8192,334,0,0,0,1,128,65536,524288,24703,1048576,1048576,1048576,42,524288,524288,524288,42,524288,524288,524288,42,512,512,1024,42,64,8192,16384,41,128,512,1024,3642,128,512,1024,3444,128,512,4096,149247,128,512,1024,18162,64,256,512,2796,128,512,1024,4410,512,1024,1024,1071,256,512,4096,1197,128,512,1024,26055,64,512,512,3708,64,512,512,567,64,512,512,126,128,512,1024,108,128,256,256,9,1024,2048,2048,18,512,1024,1024,20,64,64,64,38,64,128,128,21,128,32768,32768,21,15.22,11.45,3.77,20,12,0,509,40,2549,0,54,42130,24364,56889,0,42,21,0
16816298235700,2426,2048,8192,16384,16374,512,1024,4096,2527,4096,8192,16384,1994,4096,8192,16384,531,8192,8192,8192,22,2048,4096,8192,502,512,4096,8192,1988,1024,2048,8192,334,0,0,0,1,512,65536,262144,24453,1048576,1048576,1048576,41,524288,524288,524288,41,524288,524288,524288,41,512,1024,1024,41,64,128,32768,41,128,512,1024,3258,64,512,1024,3924,128,512,1024,147366,128,512,1024,17946,64,256,512,3075,128,512,1024,4473,256,1024,2048,1052,256,512,1024,1169,128,512,1024,24516,64,512,512,3528,64,512,1024,516,128,512,512,162,128,512,1024,198,64,256,256,9,0,0,0,0,0,0,0,0,0,0,0,0,64,128,128,20,64,128,128,20,15.19,11.42,3.77,0,22,0,502,42,2525,74,0,39923,23978,57692,1,41,20,0
16817334125800,2426,2048,8192,16384,16294,512,4096,8192,2486,4096,8192,16384,1992,8192,8192,16384,539,8192,16384,16384,18,2048,8192,16384,537,512,4096,8192,1980,1024,4096,8192,355,0,0,0,1,128,65536,262144,24383,1048576,1048576,1048576,42,524288,524288,524288,42,524288,524288,1048576,42,512,512,512,42,64,16384,32768,42,128,512,1024,3144,128,512,1024,3144,128,512,4096,146646,128,512,1024,17928,64,256,512,3038,128,512,1024,4689,512,1024,1024,1056,256,512,1024,1200,64,512,1024,26181,64,256,512,3546,64,512,512,618,64,256,512,162,128,512,4096,162,64,1024,1024,9,0,0,0,0,0,0,0,0,0,0,0,0,64,128,128,21,64,128,128,21,14.73,11.08,3.65,0,18,1,537,39,2531,0,1,42766,24025,56645,1,42,21,0
16818367306600,2445,2048,8192,16384,15777,512,4096,8192,2368,4096,8192,16384,1913,4096,16384,16384,479,8192,8192,8192,12,2048,4096,8192,483,512,4096,8192,1959,1024,4096,8192,323,0,0,0,1,512,65536,262144,23480,1048576,1048576,1048576,41,524288,524288,524288,41,524288,524288,524288,41,512,512,512,41,64,128,32768,41,128,512,1024,3464,128,512,1024,3293,128,512,4096,141993,64,512,1024,17217,64,256,512,2670,128,512,1024,3933,256,1024,2048,1066,256,512,1024,1174,64,512,1024,24129,64,512,512,3654,64,256,512,651,64,256,512,117,64,512,512,108,64,128,128,9,2048,2048,2048,22,512,2048,2048,20,64,64,64,42,64,128,128,21,128,32768,32768,21,12.72,9.95,2.77,20,12,6,483,43,2392,0,20,41331,23128,56365,1,41,21,0
16819403257100,2470,2048,8192,16384,16657,512,4096,8192,2712,4096,8192,16384,2002,4096,16384,16384,518,8192,8192,8192,21,2048,8192,8192,510,512,4096,8192,2010,1024,4096,8192,341,2048,2048,2048,2,128,65536,262144,24943,1048576,1048576,1048576,42,524288,524288,524288,42,524288,524288,524288,42,512,1024,1024,42,64,2048,32768,42,64,512,1024,3540,128,512,1024,3315,128,512,1024,149913,128,512,1024,18018,64,256,512,2877,128,512,1024,4131,256,1024,1024,944,256,512,1024,1187,64,512,512,25065,64,256,512,3438,64,256,512,504,64,256,512,225,128,512,4096,189,64,256,256,18,1024,2048,2048,25,512,1024,1024,24,64,64,128,49,64,128,128,21,16384,16384,32768,21,13.95,11.56,2.39,24,21,13,510,50,2520,0,27,40727,24540,56923,0,42,21,0
16820437716000,2501,2048,8192,16384,16466,512,4096,8192,2493,4096,8192,16384,2003,4096,8192,16384,498,8192,8192,8192,19,2048,8192,8192,500,512,4096,8192,2017,1024,4096,8192,353,0,0,0,0,256,65536,262144,24548,1048576,1048576,1048576,41,524288,524288,524288,41,524288,524288,524288,41,512,1024,8192,41,64,8192,32768,41,128,512,1024,3455,128,512,1024,3176,128,512,4096,148194,64,512,1024,18027,64,256,512,2780,128,512,1024,4212,512,1024,2048,915,256,512,1024,1086,64,512,1024,24813,64,256,512,3465,64,512,512,510,64,256,512,135,256,512,1024,171,0,0,0,0,1024,2048,2048,28,1024,1024,1024,31,64,64,128,59,64,128,128,20,16384,32768,32768,20,13.72,11.46,2.27,31,19,22,500,41,2501,0,0,43452,24277,57670,1,41,20,0
16821473830500,2501,2048,8192,16384,16446,512,4096,8192,2499,4096,8192,16384,1992,8192,16384,32768,523,8192,8192,8192,23,2048,4096,8192,507,512,4096,8192,1986,1024,4096,8192,321,0,0,0,1,512,65536,262144,24513,1048576,1048576,1048576,41,524288,524288,524288,41,524288,524288,524288,41,512,1024,1024,41,64,128,2048,41,128,512,1024,3080,128,512,1024,3080,128,512,4096,148019,128,512,1024,17928,64,256,512,3327,128,512,1024,4257,256,1024,1024,1113,256,512,1024,1302,64,512,1024,24192,64,512,512,2997,64,512,512,552,128,512,4096,225,128,512,1024,207,0,256,256,9,0,0,0,0,0,0,0,0,0,0,0,0,64,64,128,21,64,128,128,21,14.95,11.31,3.64,0,23,25,507,53,2515,0,8,41995,24119,56596,0,41,21,0
16822509026200,2501,2048,8192,16384,16643,512,1024,8192,2495,4096,8192,16384,2033,4096,16384,16384,502,8192,16384,16384,20,2048,4096,8192,525,512,4096,8192,2024,1024,4096,4096,336,0,0,0,1,256,65536,262144,24766,1048576,1048576,1048576,42,524288,524288,524288,42,524288,524288,524288,42,512,1024,1024,42,64,32768,65536,42,128,512,1024,3322,128,512,1024,3322,128,512,1024,149782,128,512,1024,18297,64,256,512,2683,128,512,1024,4131,256,1024,1024,1109,256,512,1024,1253,64,512,512,24399,64,256,512,3321,64,512,512,408,128,512,512,189,128,512,4096,180,64,512,512,9,0,0,0,0,0,0,0,0,0,0,0,0,64,128,128,21,64,128,128,21,13.08,9.18,3.90,0,20,21,525,53,2535,0,0,38496,24170,55899,0,42,21,0
16823543071100,2501,2048,8192,16384,17169,512,1024,8192,2607,4096,8192,16384,1991,4096,8192,16384,498,8192,8192,8192,23,2048,4096,8192,546,512,4096,8192,2041,1024,2048,8192,355,0,0,0,0,64,65536,131072,25440,1048576,1048576,1048576,41,524288,524288,524288,41,524288,524288,524288,41,512,1024,1024,41,64,1024,65536,41,128,512,1024,3337,128,512,1024,3337,128,512,1024,154521,64,512,1024,17919,64,256,512,2688,128,512,1024,4185,256,1024,1024,1035,256,512,512,1170,64,512,512,23544,64,256,512,3213,64,256,512,399,64,256,512,189,128,512,512,207,0,0,0,0,0,0,0,0,0,0,0,0,0,0,0,0,64,128,128,20,64,128,128,20,13.35,10.45,2.90,0,23,22,546,57,2489,0,7,39336,24875,56374,0,41,20,0
16824578587100,2501,2048,8192,16384,16773,512,4096,8192,2623,4096,8192,16384,2057,4096,8192,16384,490,8192,8192,8192,23,2048,4096,8192,517,512,4096,8192,2018,1024,2048,4096,358,2048,2048,2048,3,64,65536,262144,25079,1048576,1048576,1048576,42,524288,524288,524288,42,524288,524288,524288,42,512,1024,1024,42,64,16384,16384,42,64,512,1024,3028,128,512,1024,3028,128,512,1024,150957,128,512,1024,18513,64,256,512,2544,128,512,1024,4338,256,1024,2048,1170,256,512,512,1125,64,512,512,23112,64,256,512,3195,64,256,512,450,64,256,512,171,128,512,1024,207,128,256,256,27,0,0,0,0,0,0,0,0,0,0,0,0,64,128,128,21,64,128,128,21,16.23,11.70,4.53,0,23,18,517,62,2547,0,0,41018,24569,56927,0,42,21,0
16825613879100,2501,2048,8192,16384,16826,512,4096,8192,2519,4096,8192,16384,2048,4096,16384,16384,489,8192,8192,8192,11,2048,8192,8192,511,512,4096,8192,2067,1024,4096,8192,363,0,0,0,1,128,65536,131072,25070,1048576,1048576,1048576,41,524288,524288,524288,41,524288,524288,524288,41,256,512,512,41,64,2048,32768,41,64,512,1024,3733,128,512,1024,3733,128,512,2048,151434,128,512,1024,18432,64,256,512,2692,128,512,1024,4653,256,1024,1024,1236,256,512,1024,1191,64,512,512,22392,64,256,512,3087,64,256,512,435,64,512,512,117,128,512,512,99,128,256,256,9,0,0,0,0,0,0,0,0,0,0,0,0,64,128,128,21,64,128,128,21,13.46,10.31,3.14,0,11,18,511,57,2537,0,10,40879,24626,56092,209,41,21,0
16826648544600,2426,2048,8192,16384,17120,512,4096,8192,2439,4096,8192,16384,1991,4096,16384,16384,491,8192,8192,8192,13,2048,8192,8192,498,512,4096,4096,1971,1024,4096,8192,348,2048,2048,2048,2,128,65536,524288,25077,1048576,1048576,1048576,41,524288,524288,524288,41,524288,524288,524288,41,256,512,512,41,64,2048,16384,41,64,512,1024,2886,64,512,1024,3561,128,512,1024,154080,64,512,1024,17919,64,256,512,2784,64,512,1024,4167,256,1024,1024,1163,256,512,512,1226,64,512,512,22950,64,256,512,3114,64,256,512,486,128,512,512,144,128,512,1024,117,128,256,256,18,0,0,0,0,0,0,0,0,0,0,0,0,64,128,128,20,64,256,256,20,13.08,10.69,2.39,0,13,24,498,55,2482,75,11,39678,24700,57711,0,41,20,0
16827683866800,2426,2048,8192,16384,16609,512,4096,8192,2454,4096,8192,16384,1954,4096,8192,16384,459,8192,8192,8192,12,2048,4096,8192,504,512,4096,8192,1976,1024,4096,8192,341,0,0,0,1,256,65536,262144,24511,1048576,1048576,1048576,42,524288,524288,524288,42,524288,524288,524288,42,256,512,512,42,64,8192,65536,42,128,512,1024,3142,128,512,1024,3142,128,512,1024,149481,64,512,1024,17586,64,256,512,2487,128,512,1024,4140,256,1024,1024,1251,256,512,1024,1170,64,256,512,23832,64,256,512,2997,64,256,512,687,64,512,512,81,128,512,4096,108,128,256,256,9,0,0,0,0,0,0,0,0,0,0,0,0,64,128,128,21,64,128,128,21,13.71,10.57,3.14,0,12,18,504,69,2413,0,19,39519,24107,55934,0,42,21,0
16828719673400,2448,2048,8192,16384,16547,512,4096,8192,2566,4096,8192,16384,1956,4096,16384,16384,533,8192,8192,8192,21,2048,4096,8192,524,512,4096,8192,1997,1024,4096,8192,307,2048,4096,4096,5,256,65536,262144,24615,1048576,1048576,1048576,41,524288,524288,524288,41,524288,524288,524288,41,512,1024,1024,41,64,16384,16384,41,128,512,4096,3477,128,512,1024,3279,128,512,1024,148923,128,512,1024,17604,64,256,512,3133,128,512,1024,4383,256,1024,1024,1122,256,512,512,1203,64,512,512,22680,64,256,512,3060,64,512,4096,627,64,512,512,216,64,512,4096,189,128,512,512,45,1024,2048,2048,24,512,1024,1024,22,64,64,64,46,64,128,128,21,16384,32768,32768,21,13.96,12.20,1.76,22,21,15,524,57,2489,0,44,40165,24244,57063,0,41,21,0
16829757383000,2476,2048,8192,16384,16647,512,4096,8192,2479,4096,8192,16384,1960,4096,8192,16384,521,8192,8192,8192,14,2048,8192,8192,512,512,4096,8192,1957,1024,4096,8192,329,0,0,0,1,64,65536,262144,24594,1048576,1048576,1048576,42,524288,524288,524288,42,524288,524288,524288,42,512,512,512,42,64,16384,65536,42,128,512,1024,3494,128,512,1024,3242,128,512,1024,149823,128,512,1024,17640,64,256,512,2723,128,512,1024,4311,256,1024,1024,1157,256,512,512,1058,64,512,512,23562,64,256,512,3420,64,512,512,477,64,256,512,117,128,512,512,126,128,256,256,9,1024,2048,2048,30,1024,1024,1024,29,64,64,128,59,64,128,128,21,16384,32768,32768,21,13.58,10.94,2.64,29,14,18,512,57,2481,0,23,40407,24252,56766,0,42,21,0
16830792023200,2501,2048,8192,16384,16603,512,4096,8192,2615,4096,8192,16384,2010,4096,16384,16384,538,8192,8192,32768,24,2048,8192,16384,470,512,4096,8192,2007,1024,4096,8192,350,2048,2048,2048,2,256,65536,262144,24815,1048576,1048576,1048576,41,524288,524288,524288,41,524288,524288,524288,41,512,1024,1024,41,64,8192,32768,41,128,512,1024,3426,128,512,1024,3201,128,512,4096,149427,128,512,1024,18090,64,256,512,3218,128,512,1024,4500,256,1024,1024,1139,256,512,1024,1229,64,512,1024,23256,64,512,512,3060,64,512,1024,579,64,256,512,216,128,512,4096,216,64,512,512,18,1024,2048,2048,21,1024,1024,1024,24,64,64,128,45,64,128,128,20,16384,32768,32768,20,15.69,12.18,3.51,24,24,12,470,66,2548,0,0,41965,24538,57044,0,41,20,0
16831826069700,2501,2048,8192,16384,16942,512,1024,8192,2648,4096,8192,16384,2017,4096,8192,16384,520,8192,8192,8192,20,2048,4096,8192,526,512,4096,8192,2006,1024,2048,8192,335,2048,2048,2048,2,128,65536,262144,25203,1048576,1048576,1048576,41,524288,524288,524288,41,524288,524288,524288,41,512,1024,1024,41,128,32768,65536,41,128,512,1024,3044,128,512,1024,3044,128,512,1024,152478,128,512,1024,18153,64,256,512,2914,128,512,1024,4266,256,1024,1024,1331,256,512,1024,1259,64,512,512,23895,64,256,512,3222,64,512,512,534,64,512,2048,171,128,512,4096,180,128,256,256,18,0,0,0,0,0,0,0,0,0,0,0,0,64,128,128,21,64,128,128,21,15.63,10.21,5.42,0,20,16,526,80,2538,0,30,38857,24657,56413,0,41,21,0
16832860578700,2501,2048,8192,16384,16753,512,4096,8192,2394,4096,8192,16384,2054,4096,8192,16384,504,8192,16384,16384,28,2048,4096,8192,537,512,4096,8192,2044,1024,4096,8192,364,0,0,0,1,64,65536,262144,24868,1048576,1048576,1048576,42,524288,524288,524288,42,524288,524288,524288,42,512,1024,1024,42,64,32768,32768,42,128,512,1024,3382,128,512,1024,3382,128,512,4096,150777,128,512,1024,18486,64,256,512,2933,128,512,1024,3924,256,1024,2048,1252,256,512,1024,1288,64,512,1024,24723,64,512,512,3186,64,512,1024,507,64,512,512,288,128,512,4096,252,128,256,256,9,0,0,0,0,0,0,0,0,0,0,0,0,64,128,128,21,64,128,128,21,16.23,12.07,4.15,0,28,23,537,77,2557,0,13,42291,24472,57630,0,42,21,0
16833895969700,2501,2048,8192,16384,16716,512,4096,8192,2632,4096,8192,16384,2015,4096,8192,16384,540,8192,8192,8192,31,2048,4096,8192,519,512,2048,8192,2053,1024,4096,8192,368,0,0,0,0,128,65536,262144,25071,1048576,1048576,1048576,41,524288,524288,1048576,41,524288,524288,524288,41,1024,1024,1024,41,64,256,32768,41,128,512,1024,3482,128,512,1024,3482,128,512,1024,150444,128,512,1024,18135,64,256,512,2937,128,512,1024,4293,512,1024,2048,1104,256,512,1024,1302,128,512,1024,22347,64,256,512,3339,64,512,512,519,64,512,512,270,128,512,4096,279,0,0,0,0,0,0,0,0,0,0,0,0,0,0,0,0,64,128,128,20,64,128,128,20,14.20,11.81,2.39,0,31,12,519,72,2555,0,12,40158,24571,56704,0,41,20,0
16834930470400,2500,2048,8192,16384,17046,512,4096,8192,2488,4096,8192,16384,2029,4096,16384,16384,556,8192,16384,32768,36,2048,4096,8192,514,512,4096,4096,2001,1024,4096,8192,336,0,0,0,0,64,65536,131072,25216,1048576,1048576,1048576,42,524288,524288,524288,42,524288,524288,524288,42,1024,2048,2048,42,64,16384,32768,42,64,512,1024,3270,128,512,1024,3279,128,512,1024,153414,128,512,1024,18261,64,256,512,3095,128,512,1024,4185,256,1024,1024,1245,256,512,512,1443,64,512,512,23418,64,256,512,2961,64,512,512,696,128,512,512,315,128,512,4096,324,0,0,0,0,0,0,0,0,0,0,0,0,0,0,0,0,64,128,128,21,64,128,128,21,15.36,11.46,3.90,0,36,24,514,65,2585,1,240,40458,24768,56311,0,42,21,0
16835966517900,2425,2048,8192,16384,16915,512,4096,4096,2501,4096,8192,16384,2014,4096,16384,32768,479,8192,8192,16384,26,2048,4096,8192,473,512,2048,4096,2001,1024,4096,8192,330,2048,2048,2048,2,64,65536,131072,24929,1048576,1048576,1048576,41,524288,524288,524288,41,524288,524288,524288,41,512,1024,1024,41,128,32768,65536,41,64,512,1024,3162,64,512,1024,3837,128,512,1024,152235,128,512,1024,18126,64,256,512,2713,128,512,1024,3798,256,1024,1024,1182,256,512,512,1155,64,512,512,23499,64,256,512,3357,64,512,512,411,64,512,1024,216,128,512,4096,234,128,256,256,18,0,0,0,0,0,0,0,0,0,0,0,0,64,64,128,21,64,128,128,21,14.58,9.80,4.77,0,26,15,473,56,2493,75,2249,40611,24631,48467,0,41,21,0
16837001651300,2425,2048,8192,16384,16397,512,4096,4096,2421,4096,8192,16384,1963,4096,8192,16384,494,8192,8192,8192,27,2048,4096,8192,511,512,4096,8192,1960,1024,4096,4096,298,4096,4096,4096,2,128,65536,262144,24255,1048576,1048576,1048576,41,524288,524288,524288,41,524288,524288,524288,41,512,1024,1024,41,64,8192,16384,42,64,512,1024,2876,64,512,1024,2878,128,512,1024,147573,64,512,1024,17667,64,256,512,2784,128,512,1024,3942,256,1024,1024,1158,256,512,1024,1311,64,512,512,22617,64,256,512,2970,64,512,512,441,64,512,512,234,128,512,4096,243,256,512,512,18,0,0,0,0,0,0,0,0,0,0,0,0,64,128,128,21,64,128,128,21,12.83,10.31,2.52,0,27,18,511,53,2457,0,3976,39714,23849,49450,0,41,21,0
16838036458900,2425,2048,8192,16384,16480,512,4096,4096,2426,4096,8192,16384,1978,4096,16384,16384,503,8192,8192,8192,20,2048,4096,8192,527,512,4096,4096,2004,1024,4096,8192,342,0,0,0,0,64,65536,262144,24482,1048576,1048576,1048576,42,524288,524288,524288,42,524288,524288,524288,42,512,512,1024,42,64,8192,16384,41,128,512,1024,3442,128,512,1024,3440,128,512,1024,148320,128,512,1024,17802,64,256,512,2682,128,512,1024,3843,256,1024,1024,1120,256,512,1024,1228,64,512,1024,22239,64,256,512,3051,64,256,512,564,128,512,512,189,128,512,2048,180,0,0,0,0,2048,2048,2048,8,1024,1024,1024,6,64,64,64,14,64,128,128,20,64,128,128,20,19.01,12.21,6.80,6,20,13,527,73,2481,0,6156,40299,24082,48999,0,42,20,0
16839072292200,2425,2048,8192,16384,16639,512,4096,4096,2419,4096,8192,16384,1942,4096,16384,16384,508,8192,8192,8192,17,2048,8192,8192,486,512,4096,8192,1950,1024,4096,8192,337,2048,2048,2048,3,256,65536,262144,24506,1048576,1048576,1048576,41,524288,524288,524288,41,524288,524288,524288,41,512,1024,1024,41,64,32768,32768,41,128,512,1024,3042,128,512,1024,3042,128,512,1024,149751,128,512,1024,17478,64,256,512,2737,128,512,1024,4086,256,1024,4096,1320,256,512,1024,1266,64,512,1024,22725,64,256,512,2772,64,256,512,480,64,256,512,180,128,512,1024,153,128,256,512,27,1024,2048,2048,25,1024,1024,2048,27,64,128,128,52,64,64,128,21,64,128,128,21,15.22,11.70,3.52,27,17,17,486,60,2450,0,7972,39621,24154,49348,0,41,21,0
16840108883700,2425,2048,8192,16384,16481,512,4096,4096,2426,4096,8192,16384,1959,4096,16384,16384,493,8192,8192,8192,20,2048,4096,8192,517,512,4096,4096,1949,1024,4096,8192,348,2048,4096,4096,4,64,65536,262144,24401,1048576,1048576,1048576,42,524288,524288,524288,42,524288,524288,524288,42,512,1024,1024,42,64,128,32768,42,128,512,512,3029,128,512,1024,3029,128,512,1024,148329,128,512,1024,17631,64,256,512,2468,128,512,1024,4203,256,1024,1024,1209,256,512,1024,1182,64,512,512,21474,64,256,512,3069,64,256,512,600,128,256,512,207,128,512,1024,180,256,512,512,36,2048,2048,2048,28,1024,1024,2048,25,64,128,128,53,64,128,128,21,64,128,128,21,13.58,10.44,3.14,25,20,18,517,73,2452,0,9850,40138,24036,49332,0,42,21,0
16841142482400,2425,2048,8192,16384,16704,512,4096,4096,2425,4096,8192,16384,2014,4096,8192,16384,459,8192,16384,32768,31,2048,4096,8192,486,512,4096,4096,1999,1024,4096,8192,365,0,0,0,1,128,65536,262144,24716,1048576,1048576,1048576,41,524288,524288,524288,41,524288,524288,524288,41,1024,1024,1024,41,64,16384,32768,41,128,512,1024,2988,128,512,1024,2988,128,512,2048,150336,128,512,1024,18126,64,256,512,2336,128,512,1024,4023,256,1024,2048,1068,256,512,512,1167,64,512,1024,22203,64,512,512,2727,64,256,512,444,64,256,512,216,128,512,4096,279,256,256,256,9,1024,2048,2048,14,1024,1024,1024,17,64,64,64,31,64,128,128,20,64,128,128,20,14.97,11.19,3.77,17,31,14,486,63,2473,0,11818,40474,24341,48734,0,41,20,0
16842176686800,2425,2048,8192,16384,16291,512,4096,4096,2464,4096,8192,16384,1941,4096,8192,16384,493,8192,8192,8192,19,2048,8192,8192,483,512,4096,4096,1928,1024,4096,8192,323,0,0,0,0,64,65536,131072,24163,1048576,1048576,1048576,41,524288,524288,524288,41,524288,524288,524288,41,512,1024,1024,41,64,8192,32768,41,128,512,512,3243,128,512,1024,3243,128,512,1024,146619,64,512,1024,17469,64,256,512,2772,128,512,1024,4392,256,1024,1024,1167,256,512,1024,1167,64,512,512,22122,64,256,512,3159,64,256,1024,429,64,256,512,189,128,512,4096,171,0,0,0,0,0,0,0,0,0,0,0,0,0,0,0,0,64,128,128,21,64,128,128,21,14.35,10.95,3.40,0,19,18,483,86,2434,0,13777,39020,23714,48558,0,41,21,0
16843211793400,2427,2048,8192,16384,16466,512,4096,4096,2613,4096,8192,16384,1967,4096,16384,16384,475,8192,16384,16384,24,2048,8192,8192,517,512,4096,4096,1959,1024,4096,8192,334,4096,4096,4096,2,64,65536,262144,24544,1048576,1048576,1048576,42,524288,524288,524288,42,524288,524288,524288,42,512,1024,1024,42,64,2048,8192,42,128,512,1024,3185,128,512,1024,3167,128,512,4096,148194,128,512,1024,17703,64,256,512,2684,128,512,1024,3960,256,1024,2048,1233,256,512,1024,1215,64,512,1024,22653,64,256,512,3033,64,512,512,483,64,512,512,207,128,512,1024,216,128,2048,2048,18,0,0,0,0,0,0,0,0,0,0,0,0,64,128,128,21,64,256,8192,21,14.72,11.19,3.52,0,24,14,517,67,2442,0,15556,41991,24150,49800,0,42,21,0
16844248120400,2438,2048,8192,16384,16298,512,4096,4096,2567,4096,8192,16384,1912,4096,16384,16384,516,8192,32768,32768,32,2048,4096,8192,479,512,4096,4096,1966,1024,4096,8192,303,2048,2048,2048,2,64,65536,262144,24253,1048576,1048576,1048576,41,524288,524288,524288,41,524288,524288,524288,41,512,1024,1024,41,64,32768,32768,41,64,512,512,3321,128,512,1024,3222,128,512,1024,146682,64,512,1024,17208,64,256,512,2938,128,512,1024,4203,256,1024,4096,1491,256,512,512,1383,64,512,512,22968,64,256,512,2979,64,256,512,504,128,512,512,333,128,512,4096,288,128,256,256,18,0,0,0,0,0,0,0,0,0,0,0,0,64,128,128,20,256,16384,16384,20,15.69,11.17,4.52,0,32,14,479,56,2428,0,17244,39828,23860,49557,0,41,20,0
16845287924300,2449,2048,8192,16384,17029,512,1024,4096,2505,4096,8192,16384,2026,4096,16384,16384,526,8192,8192,8192,33,2048,4096,8192,528,512,1024,4096,2042,1024,4096,8192,345,0,0,0,1,128,65536,131072,25258,1048576,1048576,1048576,42,524288,524288,524288,42,524288,524288,524288,42,512,1024,1024,42,64,32768,32768,42,128,512,512,3235,128,512,512,3136,128,512,1024,153261,128,512,1024,18234,64,256,512,2851,128,512,1024,4509,256,1024,1024,1268,256,512,1024,1349,64,512,512,22320,64,256,512,2763,64,256,512,513,64,512,1024,297,128,512,512,297,128,512,512,9,0,0,0,0,0,0,0,0,0,0,0,0,64,64,128,21,128,16384,16384,21,13.21,10.94,2.26,0,33,8,528,72,2552,0,19259,38758,24763,49069,0,42,21,0
16846318758400,2386,2048,8192,16384,15447,512,4096,8192,2401,4096,8192,16384,1978,4096,16384,16384,506,8192,8192,16384,27,2048,4096,8192,514,512,4096,4096,1990,1024,4096,4096,328,0,0,0,0,128,65536,262144,23385,1048576,1048576,1048576,41,524288,524288,524288,41,524288,524288,524288,41,512,1024,1024,41,64,16384,65536,41,128,512,1024,3265,64,512,1024,3832,128,512,4096,139023,128,512,1024,17802,64,256,512,2776,128,512,1024,4167,256,1024,1024,1252,256,512,1024,1234,64,512,1024,21780,64,512,512,3276,64,256,512,461,64,512,512,225,128,512,4096,243,0,0,0,0,0,0,0,0,0,0,0,0,0,0,0,0,64,64,128,21,128,16384,16384,21,14.37,11.59,2.77,0,27,9,514,75,2484,73,21251,39831,22969,48690,0,41,21,0
16847353877600,2396,2048,8192,16384,16701,512,4096,8192,2405,4096,8192,16384,1960,4096,16384,16384,484,8192,8192,8192,29,2048,4096,8192,494,512,4096,4096,1931,1024,2048,4096,365,0,0,0,1,256,65536,262144,24577,1048576,1048576,1048576,42,524288,524288,524288,42,524288,524288,524288,42,512,1024,1024,42,64,256,2048,42,64,512,512,3303,128,512,1024,3213,128,512,1024,150309,128,512,1024,17640,64,256,512,2630,128,512,1024,3933,256,1024,4096,1317,256,512,512,1254,64,512,1024,21276,64,256,512,2808,64,256,512,684,64,512,1024,270,128,512,1024,270,64,256,256,9,0,0,0,0,0,0,0,0,0,0,0,0,64,128,128,21,256,16384,16384,21,15.83,11.94,3.90,0,29,13,494,65,2444,0,23073,40268,24150,49583,116,42,21,0
16848389579100,2407,2048,8192,16384,16151,512,4096,4096,2396,4096,8192,16384,1914,4096,16384,16384,493,8192,8192,16384,32,2048,4096,8192,476,512,4096,8192,1890,1024,4096,8192,333,2048,2048,2048,3,512,65536,262144,23876,1048576,1048576,1048576,41,524288,524288,524288,41,524288,524288,524288,41,512,1024,1024,41,64,16384,32768,41,64,512,1024,3248,128,512,1024,3149,128,512,1024,145359,128,512,1024,17226,64,256,512,2800,128,512,1024,4113,256,1024,1024,1273,256,512,512,1354,64,512,512,21888,64,256,512,2817,64,512,4096,498,64,512,512,243,128,512,4096,288,64,512,512,27,2048,16384,16384,16,1024,1024,1024,14,64,64,64,30,64,128,128,20,16384,16384,16384,20,17.11,11.95,5.16,14,32,16,476,60,2407,0,24919,40415,23572,49056,0,41,20,0
16849424295700,2420,2048,8192,16384,15951,512,4096,8192,2419,4096,8192,16384,1930,4096,16384,32768,509,8192,8192,8192,34,2048,4096,8192,477,512,4096,4096,1963,1024,4096,8192,328,4096,4096,4096,2,512,65536,262144,23788,1048576,1048576,1048576,41,524288,524288,524288,41,524288,524288,524288,41,512,1024,1024,41,64,32768,65536,41,128,512,1024,3164,128,512,1024,3047,128,512,4096,143559,128,512,1024,17370,64,256,512,2739,128,512,1024,4167,256,1024,1024,1233,256,512,1024,1413,64,512,1024,22041,64,256,512,3087,64,512,4096,552,64,512,512,342,128,512,1024,306,256,512,512,18,1024,2048,2048,31,1024,1024,1024,30,64,128,128,61,64,128,128,21,128,32768,32768,21,14.46,10.94,3.52,30,34,11,476,62,2439,0,26711,40534,23432,49565,0,41,21,0
16850470531500,2427,2048,8192,16384,16522,512,4096,8192,2419,4096,8192,16384,1967,4096,16384,16384,510,8192,8192,8192,24,2048,4096,8192,498,512,4096,4096,1968,1024,4096,8192,329,0,0,0,1,512,65536,262144,24437,1048576,1048576,1048576,42,524288,524288,524288,42,524288,524288,524288,42,512,1024,1024,42,64,32768,65536,42,128,512,1024,3352,128,512,1024,3289,128,512,1024,148698,128,512,1024,17703,64,256,512,2728,128,512,1024,4203,256,1024,1024,1215,256,512,512,1125,64,512,1024,22680,64,512,512,3069,64,256,512,645,64,256,1024,189,128,512,1024,216,64,256,256,9,1024,2048,2048,26,1024,2048,2048,28,64,64,64,54,64,128,128,21,64,16384,16384,21,14.84,10.82,4.02,28,24,12,497,66,2477,0,28561,39671,24048,49715,0,42,21,0
16851494789900,2427,2048,8192,16384,16534,512,4096,8192,2427,4096,8192,16384,1950,4096,16384,32768,522,8192,8192,16384,29,2048,8192,8192,519,512,4096,8192,1979,1024,4096,8192,309,4096,4096,4096,2,256,65536,262144,24443,1048576,1048576,1048576,41,524288,524288,524288,41,524288,524288,524288,41,512,1024,1024,41,64,128,8192,41,128,512,1024,3105,128,512,1024,3105,128,512,1024,148806,128,512,1024,17550,64,256,512,2803,128,512,1024,3708,256,1024,1024,1127,256,512,512,1199,64,512,512,22635,64,256,512,2907,64,256,512,480,64,256,512,279,128,512,1024,261,256,256,256,18,0,0,0,0,0,0,0,1,0,0,0,1,64,128,128,20,64,128,128,20,13.58,10.69,2.89,1,29,12,515,55,2472,0,30392,39637,24026,49057,0,41,20,0
16852531469000,2427,2048,8192,16384,16325,512,4096,8192,2427,4096,8192,16384,1925,4096,16384,32768,482,8192,8192,16384,34,2048,4096,8192,515,512,4096,4096,1938,1024,4096,8192,334,2048,4096,4096,4,512,65536,131072,24198,1048576,1048576,1048576,42,524288,524288,524288,42,524288,524288,524288,42,512,1024,1024,42,64,16384,65536,42,128,512,1024,3233,128,512,1024,3233,128,512,1024,146930,128,512,1024,17325,64,256,512,2844,128,512,1024,3708,256,1024,1024,1326,256,512,1024,1407,64,512,512,23202,64,512,512,3204,64,256,512,561,128,512,512,306,128,512,4096,306,256,256,256,36,0,0,0,0,0,0,0,0,0,0,0,0,64,128,128,21,64,128,128,21,14.44,10.80,3.64,0,34,16,506,59,2407,0,32225,38864,23780,48869,0,42,21,0
16853565549600,2427,2048,8192,16384,17006,512,4096,8192,2433,4096,8192,16384,2028,4096,16384,16384,515,8192,16384,16384,24,2048,4096,8192,491,512,4096,8192,1985,1024,4096,8192,352,0,0,0,0,128,65536,262144,25027,1048576,1048576,1048576,41,524288,524288,524288,41,524288,524288,524288,41,512,1024,1024,41,128,16384,32768,41,128,512,1024,3275,128,512,1024,3275,128,512,1024,153049,128,512,1024,18252,64,256,512,2763,128,512,1024,3996,256,1024,1024,1277,256,512,1024,1286,64,512,512,22023,64,256,512,2871,64,256,512,390,64,512,512,252,128,512,4096,216,0,0,0,0,0,0,0,0,0,0,0,0,0,0,0,0,64,128,128,21,128,128,128,21,15.50,10.33,5.17,0,24,21,482,65,2543,0,34245,39200,24614,48462,0,41,21,0
16854599640400,2427,2048,8192,16384,16261,512,4096,8192,2424,4096,8192,16384,1949,4096,8192,16384,469,8192,8192,8192,28,2048,4096,8192,477,512,4096,8192,1948,1024,2048,4096,333,0,0,0,0,256,65536,262144,24116,1048576,1048576,1048576,41,524288,524288,524288,41,524288,524288,524288,41,512,1024,1024,41,64,128,131072,41,128,512,1024,3222,128,512,1024,3222,128,512,4096,146349,128,512,1024,17541,64,256,512,2631,128,512,1024,3978,256,1024,1024,1287,256,512,1024,1215,64,512,1024,22140,64,256,512,3267,64,512,512,453,128,512,1024,225,128,512,1024,252,0,0,0,0,0,0,0,0,0,0,0,0,0,0,0,0,64,128,128,20,64,128,128,20,12.84,10.45,2.39,0,28,32,455,55,2418,0,36038,40468,23727,49238,0,41,20,0
16855635533300,2427,2048,8192,16384,15719,512,1024,4096,2424,4096,8192,16384,1984,4096,8192,16384,472,8192,16384,16384,25,2048,4096,8192,522,512,4096,8192,1980,1024,2048,4096,315,0,0,0,1,512,65536,131072,23656,1048576,1048576,1048576,42,524288,524288,524288,42,524288,524288,524288,42,512,1024,1024,42,64,128,32768,42,128,512,1024,3459,128,512,1024,3459,128,512,4096,141471,64,512,1024,17856,64,256,512,2510,128,512,1024,3996,256,1024,1024,1227,256,512,1024,1155,128,512,1024,22797,64,512,512,3132,64,256,512,519,64,512,4096,234,128,512,4096,225,64,256,256,9,0,0,0,0,0,0,0,0,0,0,0,0,64,128,128,21,64,128,128,21,13.70,10.81,2.89,0,25,63,475,59,2456,0,37926,39092,23151,48439,2,42,21,0
16856671005700,2355,2048,8192,16384,16004,512,4096,8192,2444,4096,8192,16384,1976,4096,8192,16384,484,8192,8192,8192,30,2048,4096,8192,518,512,4096,8192,1962,1024,4096,8192,354,2048,2048,2048,2,128,65536,262144,23990,1048576,1048576,1048576,41,524288,524288,524288,41,524288,524288,524288,41,512,1024,1024,41,64,128,8192,41,128,512,1024,3299,64,512,1024,3947,128,512,4096,144036,128,512,1024,17784,64,256,512,2667,128,512,1024,3780,256,1024,1024,1179,256,512,512,1269,64,512,1024,21213,64,256,512,2745,64,512,1024,576,64,256,512,270,128,512,512,270,128,256,256,18,0,0,0,0,0,0,0,0,0,0,0,0,64,128,128,21,64,128,128,21,14.72,11.32,3.40,0,30,74,454,67,2460,72,39786,39926,23602,49463,1,41,21,0
16857704885100,2355,2048,8192,16384,16166,512,4096,4096,2476,4096,8192,16384,1860,4096,8192,16384,468,8192,16384,16384,22,2048,4096,8192,488,512,4096,8192,1881,1024,4096,8192,322,0,0,0,0,128,65536,262144,23894,1048576,1048576,1048576,42,524288,524288,524288,42,524288,524288,524288,42,512,1024,1024,42,64,2048,65536,42,128,512,1024,3183,128,512,1024,3183,128,512,1024,145494,128,512,1024,16740,64,256,512,2279,128,512,1024,4266,256,1024,1024,1353,256,512,1024,1290,64,512,512,21996,64,256,512,2871,64,256,1024,582,128,256,512,144,128,512,4096,198,0,0,0,0,0,0,0,0,0,0,0,0,0,0,0,0,64,128,128,21,64,128,128,21,14.48,9.95,4.53,0,22,67,428,46,2328,0,41445,39929,23549,49519,0,42,21,0
16858741604500,2355,2048,8192,16384,16075,512,4096,4096,2392,4096,8192,16384,1895,4096,8192,16384,488,8192,8192,8192,15,2048,4096,8192,468,512,4096,4096,1899,1024,4096,4096,303,0,0,0,0,256,65536,131072,23720,1048576,1048576,1048576,41,524288,524288,524288,41,524288,524288,524288,41,512,512,1024,41,128,32768,65536,41,128,512,1024,2966,128,512,512,2966,128,512,4096,144675,128,512,1024,17055,64,256,512,2591,128,512,1024,3915,256,1024,1024,1155,256,512,1024,1074,64,512,1024,21033,64,256,512,2790,64,256,512,525,64,256,512,162,128,512,1024,135,0,0,0,0,1024,2048,2048,23,1024,1024,1024,22,64,64,128,45,64,128,128,20,64,128,128,20,13.31,10.80,2.51,22,15,89,385,61,2383,0,43302,40106,23392,48910,0,41,20,0
16859778193600,2355,2048,8192,16384,16419,512,4096,4096,2354,4096,8192,16384,1935,4096,8192,16384,509,8192,8192,8192,13,2048,8192,8192,455,512,4096,4096,1955,1024,4096,8192,321,0,0,0,1,256,65536,262144,24129,1048576,1048576,1048576,42,524288,524288,524288,42,524288,524288,524288,42,512,512,512,42,64,8192,32768,42,128,512,1024,3158,128,512,512,3158,128,512,1024,147780,128,512,1024,17415,64,256,512,2518,128,512,1024,4005,256,1024,1024,1436,256,512,512,1229,64,512,512,22761,64,256,512,2925,64,512,4096,516,64,256,512,126,128,512,1024,117,64,256,256,9,2048,2048,2048,30,1024,1024,1024,29,64,64,64,59,64,128,128,21,64,256,256,21,15.96,11.94,4.02,29,13,110,355,51,2444,0,45017,39592,23817,49198,1,42,21,0
16860813347500,2355,2048,8192,16384,16312,512,4096,8192,2354,4096,8192,16384,1953,4096,8192,16384,467,8192,16384,16384,14,2048,8192,8192,498,512,4096,8192,1926,1024,4096,8192,338,2048,2048,2048,2,256,65536,262144,24050,1048576,1048576,1048576,41,524288,524288,524288,41,524288,524288,524288,41,512,1024,1024,41,64,128,8192,41,128,512,512,2862,128,512,512,2862,128,512,1024,146799,128,512,512,17577,64,256,512,2315,128,512,1024,4005,256,1024,1024,1197,256,512,512,1161,64,512,512,22446,64,256,512,2808,64,256,512,603,64,256,512,126,128,512,4096,126,64,512,512,18,1024,2048,2048,19,1024,1024,1024,21,64,64,64,40,64,128,128,21,64,128,128,21,13.74,11.34,2.39,21,14,127,373,45,2419,0,46843,39997,23708,49132,0,41,21,0
16861845979900,2355,2048,8192,16384,15860,512,4096,4096,2354,4096,8192,16384,1909,4096,16384,16384,514,8192,8192,16384,29,2048,4096,8192,517,512,4096,8192,1870,1024,4096,8192,338,0,0,0,1,128,65536,262144,23565,1048576,1048576,1048576,41,524288,524288,524288,41,524288,524288,524288,41,512,1024,1024,41,64,1024,16384,41,64,512,512,3168,128,512,512,3168,128,512,1024,142740,128,512,1024,17181,64,256,512,2967,128,512,1024,4122,256,1024,1024,1293,256,512,1024,1437,64,256,512,22059,64,256,512,2817,64,512,4096,468,64,512,512,333,128,512,512,261,128,512,512,9,0,0,0,0,0,0,0,0,0,0,0,0,64,128,128,20,64,128,128,20,15.09,10.06,5.03,0,29,141,374,38,2423,0,48793,40052,23221,48504,0,41,20,0
16862884145200,2355,2048,8192,16384,15557,512,4096,8192,2505,4096,8192,16384,1797,4096,8192,16384,450,8192,16384,32768,27,2048,4096,8192,488,512,4096,4096,1841,1024,4096,8192,300,0,0,0,1,64,65536,262144,23161,1048576,1048576,1048576,42,524288,524288,524288,42,524288,524288,524288,42,512,1024,1024,42,64,32768,65536,42,128,512,1024,2942,128,512,1024,2942,128,512,4096,140013,128,512,1024,16173,64,256,512,2243,128,512,1024,3825,256,1024,2048,1361,256,512,1024,1181,64,512,1024,22734,64,256,512,2718,64,256,512,546,64,256,512,162,128,512,4096,243,64,512,512,9,0,0,0,0,0,0,0,0,0,0,0,0,64,64,128,21,64,128,128,21,13.08,10.06,3.02,0,27,144,337,44,2247,0,50214,40495,22825,49368,0,42,21,0
16863917286300,2355,2048,8192,16384,15761,512,4096,4096,2557,4096,8192,16384,1953,4096,8192,16384,514,8192,16384,16384,21,2048,8192,8192,464,512,4096,4096,1962,1024,4096,8192,315,2048,2048,2048,3,512,65536,262144,23733,1048576,1048576,1048576,41,524288,524288,524288,41,524288,524288,524288,41,512,512,1024,41,64,16384,65536,41,128,512,4096,3325,128,512,1024,3325,128,512,4096,141849,64,512,1024,17577,64,256,512,2678,128,512,1024,4086,256,1024,1024,1119,256,512,1024,1146,64,512,1024,21087,64,256,512,2961,64,256,4096,489,64,256,512,198,128,512,4096,189,256,512,512,27,0,0,0,0,0,0,0,0,0,0,0,0,64,128,128,21,64,128,128,21,14.97,11.45,3.52,0,21,160,296,55,2467,0,52293,40792,23354,48866,1,41,21,0
16864952523800,2355,2048,8192,16384,16012,512,4096,4096,2411,4096,8192,16384,1911,4096,8192,16384,497,8192,8192,8192,18,2048,4096,8192,462,512,4096,4096,1944,1024,4096,8192,340,2048,2048,2048,2,64,65536,131072,23770,1048576,1048576,1048576,41,524288,524288,524288,41,524288,524288,524288,41,512,512,1024,41,64,32768,65536,42,128,512,1024,3067,128,512,1024,3067,128,512,4096,144108,64,512,1024,17199,64,256,512,2703,128,512,1024,3870,256,1024,4096,1194,256,512,512,1113,64,512,1024,21735,64,256,512,2709,64,256,1024,507,128,512,512,126,128,512,512,162,128,256,256,18,0,0,0,0,0,0,0,0,0,0,0,0,64,128,128,21,64,128,256,21,13.96,11.57,2.39,0,18,157,286,50,2408,0,54071,40769,23398,49001,0,41,21,0
16865989539800,2285,2048,8192,16384,15755,512,4096,4096,2348,4096,8192,16384,1913,4096,16384,16384,503,8192,8192,8192,24,2048,8192,8192,498,512,4096,8192,1900,1024,4096,8192,318,2048,2048,2048,2,128,65536,262144,23423,1048576,1048576,1048576,42,524288,524288,524288,42,524288,524288,524288,42,512,1024,1024,42,64,1024,16384,41,128,512,1024,2869,64,512,1024,3499,128,512,4096,141795,64,512,1024,17217,64,256,512,2771,128,512,1024,3843,256,1024,4096,1347,256,512,512,1302,64,512,1024,22104,64,256,512,2961,64,256,512,525,64,512,1024,261,128,512,1024,216,64,256,256,18,0,0,0,0,0,0,0,0,0,0,0,0,64,128,128,20,64,128,128,20,14.44,10.92,3.51,0,24,162,294,54,2416,70,55898,40687,23157,48763,0,42,20,0
16867023342100,2285,2048,8192,16384,15791,512,4096,4096,2285,4096,8192,16384,1883,4096,8192,16384,492,8192,16384,16384,27,2048,4096,8192,493,512,4096,4096,1872,1024,4096,8192,305,0,0,0,0,128,65536,131072,23333,1048576,1048576,1048576,41,524288,524288,524288,41,524288,524288,524288,41,512,1024,1024,41,64,16384,32768,41,64,512,512,2854,128,512,1024,2854,128,512,4096,142119,64,512,1024,16947,64,256,512,2577,64,512,1024,3834,256,1024,4096,1248,256,512,512,1230,64,512,1024,21492,64,256,512,2817,64,256,4096,468,64,512,1024,216,128,512,4096,243,0,0,0,0,0,0,0,0,0,0,0,0,0,0,0,0,64,128,128,21,64,128,128,21,13.72,10.07,3.65,0,27,187,292,66,2375,0,57689,40795,22923,49072,0,41,21,0
16868059089600,2285,2048,8192,16384,15493,512,4096,8192,2279,4096,8192,16384,1798,4096,16384,16384,460,8192,8192,8192,22,2048,8192,8192,481,512,4096,8192,1799,1024,4096,8192,324,2048,4096,4096,3,128,65536,131072,22831,1048576,1048576,1048576,42,524288,524288,524288,42,524288,524288,524288,42,512,1024,1024,42,64,2048,4096,42,128,512,1024,3248,128,512,1024,3248,128,512,4096,139437,64,512,1024,16182,64,256,512,2699,128,512,4096,3411,256,1024,4096,1140,256,512,512,1167,64,512,2048,22185,64,256,512,2943,64,256,512,653,64,512,1024,189,128,512,2048,198,128,512,512,27,1024,1024,1024,3,0,0,0,0,0,64,64,3,64,128,128,21,64,128,128,21,14.21,11.32,2.89,0,22,181,270,46,2258,0,59197,41809,22493,49417,398,42,21,0
16869095136700,2288,2048,8192,16384,15481,512,4096,8192,2287,4096,8192,16384,1859,4096,16384,16384,470,8192,16384,16384,25,2048,8192,8192,453,512,4096,8192,1887,1024,4096,8192,338,4096,4096,4096,2,128,65536,262144,23000,1048576,1048576,1048576,41,524288,524288,524288,41,524288,524288,524288,41,512,1024,1024,41,128,16384,32768,41,128,512,1024,3099,128,512,1024,3072,128,512,4096,139329,128,512,1024,16731,64,256,512,2845,128,512,1024,3492,256,1024,4096,1176,256,512,1024,1365,64,512,4096,20970,64,512,512,2835,64,256,512,582,128,512,1024,252,128,512,4096,225,256,256,256,18,1024,2048,2048,40,1024,1024,2048,40,64,64,128,80,64,64,64,20,64,16384,16384,20,14.09,10.94,3.14,40,25,200,225,46,2329,0,60962,42544,22807,49307,0,41,20,0
16870130012900,2299,2048,8192,16384,15563,512,4096,8192,2291,4096,8192,16384,1866,8192,16384,16384,453,8192,8192,8192,27,2048,8192,8192,441,512,4096,8192,1864,1024,4096,8192,294,0,0,0,0,512,65536,262144,23011,1048576,1048576,1048576,42,524288,524288,524288,42,524288,524288,524288,42,512,1024,1024,42,64,2048,32768,42,128,512,4096,2870,128,512,1024,2771,128,512,4096,140067,128,512,1024,16794,64,256,512,2722,128,512,1024,3825,256,1024,1024,1131,256,512,1024,1239,64,512,1024,22158,64,512,512,2727,64,512,512,495,64,256,512,252,128,512,4096,243,0,0,0,0,1024,2048,2048,27,1024,1024,1024,30,64,64,128,57,64,128,128,21,128,16384,16384,21,13.71,10.44,3.27,30,27,162,209,50,2319,0,62571,41694,22779,49260,0,42,21,0
16871164163200,2311,2048,8192,16384,16120,512,4096,4096,2306,4096,8192,16384,1893,4096,16384,16384,455,8192,16384,16384,19,2048,4096,8192,464,512,4096,4096,1915,1024,4096,8192,295,2048,4096,4096,5,512,65536,262144,23699,1048576,1048576,1048576,41,524288,524288,524288,41,524288,524288,524288,41,512,1024,1024,41,64,8192,16384,41,128,512,1024,3071,128,512,1024,2963,128,512,1024,145080,128,512,1024,17037,64,256,512,2585,128,512,1024,4068,256,1024,1024,1238,256,512,512,1139,64,512,512,21654,64,256,512,2709,64,256,512,528,64,256,512,189,64,512,4096,171,128,256,512,45,0,0,0,0,0,0,0,0,0,0,0,0,64,128,128,21,128,16384,32768,21,13.72,9.57,4.15,0,19,189,214,54,2348,0,64199,39585,23391,49201,0,41,21,0
16872200640100,2325,2048,8192,16384,15542,512,4096,8192,2315,4096,8192,16384,1861,4096,16384,16384,435,8192,8192,8192,26,2048,4096,8192,510,512,4096,8192,1868,1024,4096,8192,320,0,0,0,1,512,65536,262144,23096,1048576,1048576,1048576,41,524288,524288,524288,41,524288,524288,524288,41,512,1024,1024,41,64,16384,16384,41,64,512,1024,3099,128,512,1024,2973,128,512,4096,139878,128,512,1024,16749,64,256,512,2576,128,512,1024,3528,256,1024,4096,1224,256,512,1024,1206,64,512,1024,21141,64,256,512,2727,64,512,512,624,128,512,512,198,128,512,4096,234,256,512,512,9,0,0,0,0,0,0,0,0,0,0,0,0,64,128,128,20,8192,16384,16384,20,15.33,11.56,3.77,0,26,183,218,51,2296,0,65667,40432,22790,49694,0,41,20,0
16873235318800,2335,2048,8192,16384,15835,512,4096,8192,2324,4096,8192,16384,1898,4096,8192,16384,468,8192,8192,8192,21,2048,4096,8192,503,512,4096,8192,1876,1024,4096,8192,342,4096,4096,4096,2,512,65536,262144,23484,1048576,1048576,1048576,42,524288,524288,524288,42,524288,524288,524288,42,512,512,1024,42,64,16384,32768,42,128,512,1024,3049,128,512,1024,2959,128,512,4096,142515,64,512,1024,17082,64,256,512,2501,64,512,512,4014,256,1024,4096,1288,256,512,1024,1225,64,512,1024,21222,64,512,512,2943,64,512,512,543,64,256,512,198,128,512,512,189,256,512,512,18,0,0,0,0,0,0,0,0,0,0,0,0,64,128,128,21,128,16384,16384,21,14.59,11.07,3.52,0,21,186,227,47,2366,0,67344,39516,23028,48702,0,42,21,0
16874272410900,2345,2048,8192,16384,15533,512,4096,8192,2334,4096,8192,16384,1828,4096,8192,16384,482,8192,8192,8192,13,2048,4096,8192,459,512,4096,8192,1831,1024,4096,8192,312,2048,2048,2048,4,512,65536,131072,22960,1048576,1048576,1048576,41,524288,524288,524288,41,524288,524288,524288,41,512,512,1024,41,64,16384,65536,41,64,512,4096,3108,128,512,1024,3018,128,512,4096,139797,128,512,1024,16452,64,256,512,2392,128,512,1024,3780,256,1024,4096,1176,256,512,2048,1158,64,512,4096,21591,64,512,512,2655,64,512,4096,489,128,512,512,153,128,512,2048,117,128,256,256,36,0,0,0,0,0,0,0,0,0,0,0,0,64,128,128,21,64,16384,16384,21,14.94,11.80,3.14,0,13,167,170,38,2310,0,68841,40883,22605,49310,0,41,21,0
16875306676600,2356,2048,8192,16384,16126,512,4096,8192,2345,4096,8192,16384,1945,4096,16384,16384,501,8192,8192,16384,21,2048,8192,8192,475,512,4096,8192,1969,1024,4096,8192,338,4096,4096,4096,3,512,65536,262144,23915,1048576,1048576,1048576,42,524288,524288,524288,42,524288,524288,524288,42,512,1024,1024,42,64,32768,32768,42,128,512,1024,3329,128,512,1024,3230,128,512,4096,145134,64,512,1024,17505,64,256,512,2699,128,512,1024,4311,256,1024,2048,1179,256,512,1024,1197,64,512,1024,21987,64,512,512,2682,64,512,512,524,64,512,512,180,128,512,4096,189,128,512,512,27,0,0,0,0,0,0,0,0,0,0,0,0,64,128,128,21,128,16384,16384,21,14.87,10.59,4.28,0,21,183,162,48,2446,0,70494,40113,23592,48978,0,42,21,0
16876340298700,2288,2048,8192,16384,15593,512,1024,4096,2326,4096,8192,16384,1951,4096,8192,16384,449,8192,8192,8192,26,2048,4096,8192,478,512,4096,4096,1909,1024,4096,8192,337,2048,2048,2048,3,512,65536,131072,23263,1048576,1048576,1048576,41,524288,524288,524288,41,524288,524288,524288,41,512,1024,1024,41,64,128,16384,41,128,512,1024,3179,64,512,1024,3791,128,512,4096,140337,128,512,1024,17559,64,256,512,2261,128,512,1024,3924,256,1024,4096,1337,256,512,1024,1301,64,512,4096,20664,64,256,512,3033,64,256,4096,444,64,512,512,216,128,512,1024,234,128,256,512,27,0,0,0,0,0,0,0,0,0,0,0,0,64,128,128,20,64,16384,16384,20,13.96,10.69,3.27,0,26,161,155,52,2400,70,72175,38939,22809,48717,0,41,20,0
16877376882000,2288,2048,8192,16384,15823,512,4096,4096,2285,4096,8192,16384,1839,4096,16384,16384,490,8192,8192,16384,30,2048,4096,8192,488,512,4096,4096,1859,1024,4096,8192,330,2048,2048,2048,4,64,65536,262144,23340,1048576,1048576,1048576,41,524288,524288,524288,41,524288,524288,524288,41,512,1024,1024,41,64,32768,32768,42,64,512,1024,2741,128,512,1024,2741,128,512,1024,142407,64,512,1024,16551,64,256,512,2666,128,512,1024,4032,256,1024,2048,1316,256,512,1024,1442,64,512,512,22158,64,256,512,2727,64,256,512,555,64,256,512,324,128,512,4096,270,128,256,512,36,0,0,0,0,0,0,0,0,0,0,0,0,64,128,128,21,64,128,128,21,13.84,11.32,2.52,0,30,178,145,54,2329,0,73703,39736,22969,49020,0,41,21,0
16878416999300,2288,2048,8192,16384,15721,512,4096,4096,2286,4096,8192,16384,1833,4096,8192,16384,485,8192,8192,16384,23,2048,8192,8192,499,512,4096,8192,1877,1024,4096,8192,275,2048,2048,2048,5,512,65536,131072,23197,1048576,1048576,1048576,42,524288,524288,524288,42,524288,524288,524288,42,512,1024,2048,42,64,128,16384,41,128,512,4096,3012,128,512,1024,3012,128,512,4096,141489,64,512,1024,16497,64,256,512,2517,128,512,1024,4032,256,1024,4096,1140,256,512,1024,1203,64,512,1024,21582,64,256,512,2871,64,256,512,549,128,512,1024,198,128,512,4096,207,128,256,512,45,1024,2048,2048,22,1024,1024,1024,19,64,64,128,41,64,128,128,21,64,128,128,21,17.11,13.58,3.52,19,23,164,131,42,2318,0,75277,41419,22917,49409,0,42,21,0
16879446249700,2288,2048,8192,16384,15397,512,4096,8192,2284,4096,8192,16384,1791,4096,16384,16384,478,8192,16384,16384,21,2048,4096,8192,453,512,4096,8192,1796,1024,4096,8192,331,0,0,0,1,512,65536,262144,22708,1048576,1048576,1048576,41,524288,524288,524288,41,524288,524288,524288,41,512,1024,1024,41,64,128,8192,41,128,512,4096,2790,128,512,1024,2790,128,512,4096,138573,128,512,1024,16119,64,256,512,2506,128,512,1024,3897,256,1024,2048,1233,256,512,1024,1152,64,512,1024,20313,64,256,512,2646,64,256,512,519,64,512,512,189,128,512,4096,189,0,256,256,9,1024,2048,2048,33,1024,1024,2048,33,64,64,128,66,64,128,128,20,64,128,128,20,12.33,9.43,2.89,33,21,139,124,47,2269,0,76802,40106,22477,48609,0,41,20,0
16880482642600,2288,2048,8192,16384,16064,512,4096,4096,2283,4096,8192,16384,1886,4096,16384,16384,503,8192,8192,8192,22,1024,4096,8192,443,512,4096,4096,1884,1024,4096,8192,307,2048,4096,4096,4,1024,65536,262144,23548,1048576,1048576,1048576,42,524288,524288,524288,42,524288,524288,524288,42,1024,1024,2048,42,64,8192,16384,42,128,512,1024,2937,128,512,1024,2937,128,512,1024,144576,128,512,1024,16974,64,256,512,2686,128,512,1024,3627,256,1024,1024,1353,256,512,512,1326,64,512,512,21582,64,256,512,2736,64,256,512,582,128,256,512,252,128,512,4096,198,128,512,512,36,1024,2048,2048,15,1024,1024,1024,18,64,64,64,33,64,64,128,21,64,128,128,21,15.22,10.69,4.53,18,22,143,88,51,2389,0,78325,39196,23245,48876,0,42,21,0
16881518131600,2288,2048,8192,16384,15807,512,4096,4096,2284,4096,8192,16384,1906,4096,8192,16384,486,8192,8192,16384,26,2048,4096,8192,506,512,4096,4096,1854,1024,4096,8192,323,2048,4096,4096,4,512,65536,262144,23409,1048576,1048576,1048576,41,524288,524288,524288,41,524288,524288,524288,41,512,1024,2048,41,64,128,16384,41,128,512,1024,3149,128,512,1024,3149,128,512,4096,142263,128,512,1024,17154,64,256,512,2674,128,512,1024,3834,256,1024,4096,1230,256,512,1024,1275,64,512,1024,21798,64,256,512,2700,64,256,512,519,64,512,1024,216,128,512,4096,234,128,512,512,36,0,0,0,0,0,0,0,0,0,0,0,0,64,128,128,21,64,128,128,21,13.45,10.56,2.89,0,26,154,111,63,2392,0,79819,40794,23055,49129,0,41,21,0
16882551991100,2288,2048,8192,16384,15431,512,4096,4096,2285,4096,8192,16384,1821,8192,16384,32768,485,8192,16384,16384,30,1024,4096,8192,479,512,4096,8192,1868,1024,4096,8192,304,4096,4096,4096,3,256,65536,262144,22873,1048576,1048576,1048576,41,524288,524288,524288,41,524288,524288,524288,41,1024,1024,2048,41,64,16384,32768,42,128,512,1024,2929,128,512,1024,2929,128,512,4096,138879,128,512,1024,16389,64,256,512,2906,128,512,1024,3474,256,1024,4096,1256,256,512,1024,1472,64,512,1024,20862,64,256,512,2727,64,256,512,468,128,512,1024,306,128,512,4096,270,128,512,2048,27,0,0,0,0,0,0,0,0,0,0,0,0,64,128,128,21,128,128,128,21,14.98,12.09,2.90,0,30,164,78,71,2306,0,81209,40158,22540,49104,0,41,21,0
16883587906900,2288,2048,8192,16384,15729,512,4096,4096,2393,4096,8192,16384,1868,4096,16384,16384,458,8192,8192,16384,34,1024,4096,8192,480,512,4096,8192,1860,1024,4096,8192,326,4096,4096,4096,7,128,65536,262144,23349,1048576,1048576,1048576,42,524288,524288,524288,42,524288,524288,524288,42,512,1024,2048,42,64,2048,32768,41,64,512,1024,2966,128,512,1024,2966,128,512,4096,141561,128,512,1024,16812,64,256,512,2577,128,512,1024,3483,256,1024,4096,1188,256,512,1024,1251,64,512,2048,20646,64,512,512,2718,64,256,512,504,128,512,512,171,128,512,1024,306,256,512,512,63,0,0,0,0,0,0,0,0,0,0,0,0,64,128,128,20,64,128,128,20,13.84,9.94,3.90,0,34,136,82,58,2326,0,82639,39940,22929,49304,0,42,20,0
16884623151600,2288,2048,8192,16384,15376,512,4096,8192,2409,4096,8192,16384,1892,4096,16384,16384,439,8192,16384,16384,19,1024,4096,8192,436,512,4096,8192,1887,1024,4096,4096,311,2048,4096,4096,3,1024,65536,262144,22962,1048576,1048576,1048576,41,524288,524288,524288,41,524288,524288,524288,41,256,1024,1024,41,64,1024,16384,41,128,512,1024,2853,128,512,4096,2853,128,512,4096,138384,128,512,1024,17028,64,256,512,2355,128,512,1024,3555,256,1024,1024,1299,256,512,4096,1452,64,512,1024,20421,64,256,512,2520,64,512,512,414,64,256,512,207,128,512,4096,171,128,512,512,27,0,0,0,0,0,0,0,0,0,0,0,0,64,64,128,21,64,128,128,21,12.20,9.56,2.64,0,19,108,69,66,2331,0,83924,40853,22593,49879,0,41,21,0
16885658736200,2288,2048,8192,16384,15625,512,4096,4096,2286,4096,8192,16384,1763,4096,16384,16384,436,8192,8192,8192,28,1024,4096,8192,471,512,4096,8192,1770,1024,4096,8192,314,2048,2048,2048,2,512,65536,262144,22924,1048576,1048576,1048576,42,524288,524288,524288,42,524288,524288,524288,42,512,1024,1024,42,64,8192,16384,42,128,512,1024,3293,128,512,1024,3293,128,512,2048,140625,128,512,1024,15867,64,256,512,2349,128,512,1024,3780,256,1024,4096,1287,256,512,512,1242,64,512,1024,21501,64,256,512,2583,64,256,512,414,64,256,512,225,128,512,4096,252,128,256,256,18,0,0,0,0,0,0,0,0,0,0,0,0,64,128,128,21,64,128,128,21,16.10,11.57,4.53,0,28,118,52,58,2199,0,85184,40035,22629,48610,0,42,21,0
16886693924300,2220,2048,8192,16384,14806,512,4096,8192,2231,4096,8192,16384,1849,4096,16384,32768,449,8192,16384,16384,15,1024,4096,8192,502,512,4096,4096,1871,1024,4096,8192,303,2048,2048,2048,3,256,65536,262144,22231,1048576,1048576,1048576,41,524288,524288,524288,41,524288,524288,524288,41,512,512,512,41,64,16384,65536,41,128,512,1024,3110,64,512,1024,3722,128,512,4096,133254,128,512,1024,16641,64,256,512,2367,128,512,1024,3708,256,1024,2048,1383,256,512,2048,1221,64,512,4096,19728,64,256,512,2817,64,256,512,531,64,256,512,108,128,512,8192,135,128,256,512,27,0,0,0,0,0,0,0,0,0,0,0,0,64,64,64,20,64,128,128,20,12.58,10.31,2.26,0,15,131,72,68,2298,68,86645,41050,21903,49022,0,41,20,0
16887728779400,2220,2048,8192,16384,15366,512,4096,4096,2217,4096,8192,16384,1840,4096,8192,16384,437,8192,8192,8192,16,1024,4096,8192,450,512,4096,8192,1829,1024,4096,8192,320,4096,8192,8192,6,128,65536,262144,22654,1048576,1048576,1048576,42,524288,524288,524288,42,524288,524288,524288,42,256,1024,1024,42,64,16384,65536,42,128,512,1024,2782,128,512,1024,2782,128,512,4096,138303,128,512,1024,16560,64,256,512,2356,128,512,1024,3420,256,1024,4096,1332,256,512,1024,1188,64,512,1024,20961,64,256,512,2421,64,256,512,623,64,512,512,153,128,512,4096,144,256,1024,4096,54,0,0,0,0,0,0,0,0,0,0,0,0,64,64,128,21,64,64,128,21,11.95,9.94,2.01,0,16,120,39,71,2277,0,88092,40495,22351,48541,0,42,21,0
16888766510800,2220,2048,8192,16384,15033,512,4096,8192,2214,4096,8192,16384,1789,4096,16384,16384,458,8192,8192,8192,21,512,4096,8192,463,512,4096,8192,1756,1024,4096,8192,289,2048,2048,2048,2,256,65536,262144,22224,1048576,1048576,1048576,41,524288,524288,524288,41,524288,524288,524288,41,256,512,1024,41,128,8192,32768,41,128,512,1024,2829,128,512,1024,2829,128,512,4096,135288,128,512,1024,16101,64,256,512,2398,128,512,1024,3807,256,1024,1024,1241,256,512,512,1277,64,512,2048,19926,64,512,1024,2547,64,256,512,501,64,512,1024,207,128,512,4096,189,64,512,512,18,1024,2048,2048,31,1024,1024,2048,26,64,64,128,57,64,128,128,21,64,128,128,21,13.18,9.92,3.26,26,21,105,42,64,2247,0,89356,40386,21861,48960,162,41,21,0
16889801208000,2220,2048,8192,16384,15303,512,4096,8192,2310,4096,8192,16384,1776,4096,16384,16384,461,8192,8192,8192,26,512,4096,8192,418,512,4096,8192,1802,1024,4096,8192,314,4096,4096,4096,8,256,65536,262144,22612,1048576,1048576,1048576,41,524288,524288,524288,41,524288,524288,524288,41,512,1024,1024,41,64,16384,32768,41,128,512,1024,2793,128,512,1024,2793,128,512,2048,137727,128,512,1024,15984,64,256,512,2189,128,512,1024,3861,256,1024,2048,1158,256,512,512,1203,64,512,512,20295,64,256,512,2385,64,256,512,561,64,512,512,216,128,512,4096,234,128,256,512,72,1024,2048,2048,34,1024,1024,2048,36,64,64,64,70,64,128,128,20,64,128,128,20,15.75,12.10,3.65,36,26,99,31,57,2237,0,90861,38868,22327,47886,0,41,20,0
16890832912500,2220,2048,8192,16384,15153,512,4096,4096,2284,4096,8192,16384,1785,4096,16384,16384,434,8192,16384,16384,15,512,4096,8192,462,512,4096,8192,1778,1024,4096,8192,286,4096,4096,4096,4,256,65536,131072,22375,1048576,1048576,1048576,42,524288,524288,524288,42,524288,524288,524288,42,256,512,512,42,64,256,8192,42,128,512,1024,3089,128,512,2048,3089,128,512,4096,136377,128,512,1024,16065,64,256,512,2345,128,512,1024,3744,256,1024,4096,1341,256,512,1024,1161,64,512,1024,20799,64,256,512,2736,64,256,512,594,128,512,4096,144,128,512,4096,135,128,512,512,36,512,1024,1024,3,1024,1024,1024,6,64,64,64,9,64,64,128,21,64,128,128,21,13.22,11.33,1.89,6,15,92,29,68,2219,0,92153,40917,22139,49287,0,42,21,0
16891870274700,2220,2048,8192,16384,15443,512,4096,8192,2331,4096,8192,16384,1795,4096,16384,16384,468,8192,8192,8192,22,512,4096,8192,475,512,4096,8192,1848,1024,4096,8192,323,2048,4096,4096,7,128,65536,262144,22897,1048576,1048576,1048576,41,524288,524288,524288,41,524288,524288,524288,41,512,512,1024,41,64,32768,32768,41,128,512,1024,2715,128,512,1024,2715,128,512,4096,138987,128,512,1024,16155,64,256,512,2442,128,512,1024,3996,256,1024,4096,1238,256,512,1024,1211,64,512,1024,20322,64,256,512,2493,64,256,512,576,64,256,1024,189,128,512,4096,198,64,512,512,63,0,0,0,0,0,0,0,0,0,0,0,0,64,128,128,21,64,128,128,21,13.43,10.29,3.14,0,22,95,21,45,2263,0,93447,40828,22591,48557,0,41,21,0
16892913535700,2220,2048,8192,16384,15067,512,4096,8192,2211,4096,8192,16384,1779,4096,8192,16384,445,8192,8192,8192,13,512,4096,8192,451,512,4096,4096,1777,1024,4096,8192,296,2048,4096,4096,8,128,65536,131072,22207,1048576,1048576,1048576,42,524288,524288,524288,42,524288,524288,524288,42,256,512,512,42,64,16384,32768,42,128,512,4096,2916,128,512,1024,2916,128,512,4096,135603,128,512,1024,16011,64,256,512,2329,128,512,1024,3762,256,1024,1024,1527,256,512,1024,1266,64,512,1024,21483,64,256,512,2664,64,256,1024,476,64,256,512,117,64,256,512,117,128,256,512,72,0,0,0,0,0,0,0,0,0,0,0,0,64,128,128,21,64,128,128,21,13.97,10.07,3.90,0,13,79,18,58,2224,0,94639,40501,21896,48686,0,42,21,0
16893940475500,2220,2048,8192,16384,15186,512,4096,4096,2215,4096,8192,16384,1851,4096,8192,16384,497,8192,8192,8192,13,512,4096,8192,480,512,4096,4096,1803,1024,2048,4096,316,2048,4096,4096,10,512,65536,262144,22545,1048576,1048576,1048576,41,524288,524288,524288,41,524288,524288,524288,41,256,512,512,41,64,2048,32768,41,128,512,1024,2807,128,512,1024,2807,128,512,4096,136674,128,512,1024,16659,64,256,512,2522,128,512,1024,4158,256,1024,4096,1319,256,512,1024,1184,64,512,1024,20547,64,256,512,2691,64,512,4096,561,64,256,512,99,128,512,512,117,128,512,1024,90,0,0,0,0,0,0,0,0,0,0,0,0,64,128,128,20,64,256,256,20,15.09,11.19,3.90,0,13,97,12,56,2348,0,95974,39710,22192,48565,0,41,20,0
16894976404400,2223,2048,8192,16384,14960,512,4096,4096,2207,4096,8192,16384,1795,4096,16384,16384,487,8192,8192,8192,16,512,4096,8192,420,512,4096,8192,1775,1024,4096,8192,298,2048,2048,2048,5,256,65536,262144,22101,1048576,1048576,1048576,41,524288,524288,524288,41,524288,524288,524288,41,256,512,1024,41,64,128,8192,41,128,512,4096,2991,128,512,4096,2964,128,512,4096,134640,64,512,1024,16155,64,256,512,2758,128,512,1024,3618,256,1024,1024,1299,256,512,512,1236,64,512,2048,21096,64,256,512,2637,64,512,2048,519,64,256,512,171,128,512,4096,144,128,256,256,45,0,0,0,0,0,0,0,0,0,0,0,0,64,128,128,21,64,128,16384,21,12.44,10.43,2.01,0,16,77,7,59,2282,0,97091,41428,21827,49558,0,41,21,0
16896011125100,2170,2048,8192,16384,14846,512,4096,8192,2218,4096,8192,16384,1774,4096,16384,16384,455,8192,16384,16384,19,512,4096,8192,486,512,4096,4096,1804,1024,4096,8192,303,4096,8192,8192,14,64,65536,262144,22074,1048576,1048576,1048576,42,524288,524288,524288,42,524288,524288,524288,42,512,1024,1024,42,64,128,32768,42,64,512,1024,3052,64,512,1024,3529,128,512,4096,133614,64,512,1024,15966,64,256,512,2767,128,512,1024,3510,256,1024,1024,1202,256,512,512,1247,64,512,1024,21069,64,256,512,2610,64,256,512,468,64,512,512,189,64,512,1024,171,128,512,4096,126,0,0,0,0,0,0,0,0,0,0,0,0,64,128,128,21,128,16384,32768,21,14.23,11.08,3.15,0,19,75,7,50,2229,67,98348,40392,21801,48886,0,42,21,0
16897046498800,2181,2048,8192,16384,14800,512,4096,8192,2155,4096,8192,16384,1709,4096,16384,16384,472,8192,8192,8192,29,512,4096,8192,439,512,4096,8192,1760,1024,4096,8192,308,4096,4096,4096,15,64,65536,131072,21852,1048576,1048576,1048576,41,524288,524288,524288,41,524288,524288,524288,41,1024,1024,1024,41,128,512,8192,41,128,512,4096,2995,128,512,1024,2896,128,512,4096,133200,64,512,1024,15381,64,256,512,2523,128,512,1024,3528,256,1024,1024,1056,256,512,1024,1236,64,512,4096,19206,64,256,512,2502,64,256,4096,462,64,512,512,288,128,256,1024,261,128,512,4096,135,0,0,0,0,0,0,0,0,0,0,0,0,64,128,128,20,8192,16384,16384,20,14.57,11.68,2.89,0,29,63,1,40,2181,0,99295,40912,21502,49304,0,41,20,0
16898081784200,2197,2048,8192,16384,14959,512,4096,8192,2183,4096,8192,16384,1799,4096,8192,16384,495,8192,8192,8192,18,512,4096,8192,467,512,4096,8192,1794,1024,4096,8192,304,2048,8192,8192,20,128,65536,262144,22213,1048576,1048576,1048576,42,524288,524288,524288,42,524288,524288,524288,42,512,1024,1024,42,128,8192,16384,42,64,512,4096,2749,128,512,1024,2605,128,512,4096,134631,64,512,1024,16191,64,256,512,2544,128,512,1024,3816,256,1024,4096,1332,256,512,1024,1197,64,512,4096,20043,64,256,512,2439,64,256,512,462,64,512,512,162,128,512,4096,162,128,512,1024,180,0,0,0,0,0,0,0,0,0,0,0,0,64,128,128,21,16384,16384,16384,21,14.10,11.08,3.02,0,18,63,6,41,2294,0,100255,41371,21925,50368,0,42,21,0
16899116566300,2208,2048,8192,16384,14801,512,4096,8192,2308,4096,8192,16384,1787,4096,16384,32768,434,8192,8192,8192,21,512,8192,8192,418,512,4096,8192,1741,1024,4096,8192,283,2048,4096,4096,13,2048,65536,524288,21972,1048576,1048576,1048576,41,524288,524288,524288,41,524288,524288,524288,41,512,1024,1024,41,64,16384,65536,41,128,512,4096,2966,128,512,1024,2867,128,512,4096,133209,128,512,1024,16083,64,512,512,2538,128,512,1024,3231,256,1024,1024,1257,256,512,4096,1329,128,512,4096,19818,64,512,512,2340,64,512,4096,462,64,256,512,189,128,512,4096,189,128,512,512,117,1024,2048,2048,40,1024,1024,2048,36,64,64,128,76,64,128,128,21,128,16384,16384,21,13.47,11.33,2.14,36,21,55,9,56,2221,0,101424,40257,21719,49286,0,41,21,0
16900152001300,2221,2048,8192,16384,15102,512,4096,8192,2264,4096,8192,16384,1790,8192,16384,16384,420,8192,8192,8192,24,512,4096,8192,461,512,4096,8192,1837,1024,4096,8192,314,4096,8192,8192,8,512,65536,131072,22429,1048576,1048576,1048576,41,524288,524288,524288,41,524288,524288,524288,41,512,1024,1024,41,64,8192,65536,42,64,512,1024,2954,128,512,1024,2837,128,512,4096,135918,64,512,1024,16110,64,256,512,2311,128,512,1024,3555,256,1024,4096,1316,256,512,1024,1316,64,512,2048,20619,64,256,512,2340,64,256,512,423,128,512,1024,180,128,512,1024,216,128,512,4096,72,1024,2048,8192,27,1024,2048,2048,31,64,64,128,58,64,128,128,21,128,16384,16384,21,14.20,9.68,4.52,31,24,52,7,55,2210,0,102555,41618,22216,49396,0,41,21,0
16901187289000,2225,2048,8192,16384,15016,512,4096,8192,2145,4096,8192,16384,1753,4096,16384,16384,425,8192,16384,16384,25,512,4096,8192,465,512,4096,8192,1737,1024,4096,8192,317,2048,4096,4096,8,1024,65536,262144,22091,1048576,1048576,1048576,42,524288,524288,524288,42,524288,524288,524288,42,512,1024,1024,42,64,2048,65536,41,64,512,4096,3081,128,512,1024,3045,128,512,4096,135144,128,512,1024,15777,64,256,512,2283,128,512,1024,3411,256,1024,4096,1248,256,512,1024,1275,64,512,4096,20844,64,512,512,2385,64,256,2048,366,64,256,512,216,128,512,4096,225,128,512,1024,72,0,0,0,0,0,0,0,0,0,0,0,0,64,128,128,20,64,16384,16384,20,14.97,11.07,3.90,0,25,53,3,43,2178,0,103661,41602,21838,49145,0,42,20,0
16902222952600,2225,2048,8192,16384,15481,512,4096,8192,2259,4096,8192,16384,1824,4096,16384,16384,475,8192,16384,16384,15,512,4096,8192,497,512,4096,8192,1820,1024,4096,16384,288,4096,8192,8192,15,512,65536,262144,22859,1048576,1048576,1048576,41,524288,524288,524288,41,524288,524288,524288,41,512,1024,1024,41,64,4096,32768,41,128,512,1024,2831,128,512,1024,2831,128,512,4096,139329,64,512,1024,16416,64,256,512,2505,128,512,1024,3690,256,1024,4096,1236,256,512,4096,1209,64,512,4096,19971,64,256,512,2367,64,256,4096,318,64,512,512,153,128,512,4096,135,128,512,4096,135,0,0,0,0,0,0,0,0,0,0,0,0,64,128,128,21,64,128,128,21,14.72,10.82,3.90,0,15,37,8,59,2299,0,104934,40381,22484,48407,0,41,21,0
16903258567300,2225,2048,8192,16384,14775,512,4096,8192,2267,4096,8192,16384,1794,4096,16384,16384,437,8192,8192,8192,19,512,4096,8192,454,512,4096,8192,1805,1024,4096,8192,315,4096,4096,4096,12,512,65536,262144,22061,1048576,1048576,1048576,42,524288,524288,524288,42,524288,524288,524288,42,512,1024,1024,42,64,8192,65536,42,128,512,4096,2929,128,512,4096,2929,128,512,4096,132975,64,512,1024,16146,64,256,512,2368,128,512,1024,3555,256,1024,4096,1127,256,512,1024,1244,64,512,2048,20502,64,256,1024,2664,64,512,4096,549,128,512,1024,180,128,512,512,171,128,512,1024,108,0,0,0,0,0,0,0,0,0,0,0,0,64,128,128,21,64,128,128,21,13.96,11.07,2.89,0,19,35,5,67,2231,0,106145,41177,21736,48515,0,42,21,0
16904291559800,2225,2048,8192,16384,15351,512,4096,8192,2222,4096,8192,16384,1804,4096,16384,16384,464,8192,16384,16384,19,512,4096,8192,438,512,4096,8192,1795,1024,4096,8192,310,2048,8192,8192,9,256,65536,262144,22583,1048576,1048576,1048576,41,524288,524288,524288,41,524288,524288,524288,41,512,1024,1024,41,64,128,32768,41,128,512,4096,3087,128,512,1024,3087,128,512,4096,138159,64,512,1024,16236,64,256,512,2418,128,512,1024,3816,256,1024,4096,1194,256,512,2048,1230,64,512,4096,20799,64,512,1024,2511,64,512,512,459,128,512,4096,171,128,512,4096,171,128,512,512,81,0,0,0,0,0,0,0,0,0,0,0,0,64,128,128,20,128,128,128,20,13.85,10.07,3.78,0,19,23,10,67,2268,0,107438,41699,22299,48981,0,41,20,0
16905328519600,2225,2048,8192,16384,14769,512,4096,8192,2220,4096,8192,16384,1787,4096,16384,16384,439,8192,8192,8192,19,512,4096,8192,434,512,4096,8192,1802,1024,4096,8192,325,2048,4096,4096,6,128,65536,262144,22018,1048576,1048576,1048576,42,524288,524288,524288,42,524288,524288,524288,42,512,512,1024,42,64,128,16384,42,128,512,1024,2977,128,512,2048,2977,128,512,4096,132921,64,512,1024,16083,64,256,512,2253,64,512,1024,3780,256,1024,1024,1204,256,512,4096,1141,64,512,4096,21249,64,256,512,2772,64,512,1024,534,64,256,512,144,128,512,512,171,128,512,512,54,0,0,0,0,0,0,0,0,0,0,0,0,64,128,128,21,64,128,128,21,14.07,11.56,2.51,0,19,24,4,61,2226,0,108536,40109,21685,49203,0,42,21,0
16906363208600,2159,2048,8192,16384,14990,512,4096,8192,2325,4096,8192,16384,1767,4096,16384,16384,439,8192,8192,8192,18,512,4096,8192,492,512,4096,8192,1754,1024,4096,8192,283,2048,4096,4096,8,64,65536,524288,22261,1048576,1048576,1048576,41,524288,524288,524288,41,524288,524288,524288,41,512,1024,1024,41,64,4096,32768,41,128,512,1024,2947,64,512,1024,3541,128,512,4096,134910,64,512,1024,15903,64,256,512,2081,128,512,1024,3879,256,1024,4096,1359,256,512,4096,1233,64,512,4096,21843,64,512,1024,2502,64,256,2048,393,64,256,512,171,128,512,4096,162,128,512,512,72,0,0,0,0,0,0,0,0,0,0,0,0,64,128,128,21,64,128,128,21,13.58,10.94,2.64,0,18,19,4,64,2206,66,109730,41752,22022,48546,0,41,21,0
16907397339800,2159,2048,8192,16384,14499,512,4096,8192,2160,4096,8192,16384,1732,4096,8192,16384,431,8192,16384,16384,16,512,4096,8192,420,512,4096,8192,1753,1024,4096,8192,283,2048,4096,4096,13,512,65536,524288,21496,1048576,1048576,1048576,41,524288,524288,524288,41,524288,524288,524288,41,512,512,1024,41,64,32768,65536,41,128,512,1024,2811,128,512,1024,2811,128,512,4096,130495,64,512,1024,15588,64,256,512,2439,128,512,1024,3672,256,1024,4096,1341,256,512,512,1233,64,512,2048,21474,64,256,512,2691,64,256,512,465,128,256,512,126,128,512,4096,144,128,512,512,117,0,0,0,0,0,0,0,0,0,0,0,0,64,128,128,20,64,128,128,20,15.61,11.33,4.28,0,16,13,0,69,2163,0,110613,41368,21236,49670,0,41,20,0
16908433855400,2159,2048,8192,16384,14635,512,4096,4096,2375,4096,8192,16384,1748,4096,16384,16384,466,8192,16384,16384,19,512,4096,4096,448,512,4096,8192,1730,1024,4096,8192,308,2048,4096,4096,15,256,65536,131072,21906,1048576,1048576,1048576,42,524288,524288,524288,42,524288,524288,524288,42,512,1024,1024,42,64,8192,16384,42,64,512,4096,2903,128,512,1024,2903,128,512,4096,131711,64,512,1024,15732,64,256,512,2439,64,512,1024,3708,256,1024,4096,1235,256,512,1024,1271,64,512,4096,22149,64,256,512,2664,64,256,512,405,64,256,512,162,128,512,4096,171,128,512,512,135,1024,1024,1024,11,1024,1024,1024,11,64,64,64,22,64,64,128,21,64,128,128,21,15.71,11.43,4.27,11,19,4,0,51,2214,0,111683,41456,21633,49246,0,42,21,0
16909469024400,2159,2048,8192,16384,14924,512,4096,8192,2135,4096,8192,16384,1731,4096,16384,16384,469,8192,8192,8192,18,512,4096,8192,433,512,4096,8192,1728,1024,4096,8192,293,4096,8192,8192,18,1024,65536,262144,21918,1048576,1048576,1048576,41,524288,524288,524288,41,524288,524288,524288,41,512,1024,1024,41,64,16384,65536,41,128,512,4096,2846,128,512,4096,2846,128,512,4096,134316,128,512,1024,15579,64,256,512,2475,128,512,1024,3672,256,1024,4096,1325,256,512,4096,1289,64,512,2048,21375,64,256,512,2628,64,256,4096,492,64,256,512,189,128,512,512,162,128,512,1024,162,1024,2048,2048,41,1024,1024,1024,36,64,64,64,77,64,128,128,21,64,128,128,21,12.96,9.31,3.65,36,18,2,0,38,2200,0,112741,40472,21719,48609,0,41,21,0
16910506617100,2159,2048,8192,16384,14632,512,4096,8192,2175,4096,8192,16384,1760,4096,8192,16384,449,8192,16384,16384,19,512,4096,8192,454,512,4096,4096,1724,1024,4096,8192,283,4096,4096,4096,14,64,65536,131072,21666,1048576,1048576,1048576,42,524288,524288,524288,42,524288,524288,524288,42,512,1024,1024,42,64,8192,65536,42,128,512,1024,2942,128,512,1024,2942,128,512,4096,131688,64,512,1024,15840,64,256,512,2272,128,512,1024,3429,256,1024,2048,1389,256,512,1024,1218,64,512,2048,21501,64,256,512,2574,64,256,512,531,64,256,1024,162,128,512,4096,171,128,512,1024,126,1024,2048,2048,14,1024,2048,2048,19,64,64,64,33,64,128,128,21,64,128,128,21,14.07,11.31,2.76,19,19,3,0,57,2209,0,113671,41839,21410,49785,0,42,21,0
16911538976500,2159,2048,8192,16384,14814,512,4096,8192,2144,4096,8192,16384,1757,4096,16384,16384,489,8192,16384,16384,20,512,4096,8192,455,512,4096,4096,1779,1024,4096,8192,324,2048,4096,4096,17,512,65536,262144,21946,1048576,1048576,1048576,41,262144,524288,524288,41,524288,524288,524288,41,512,1024,1024,41,64,16384,32768,41,128,512,4096,2633,128,512,4096,2633,128,512,4096,133326,128,512,1024,15813,64,256,512,2928,128,512,1024,3546,256,1024,2048,1142,256,512,1024,1304,64,512,4096,19872,64,256,512,2835,64,256,1024,486,64,512,2048,189,128,1024,4096,180,128,512,1024,153,0,0,0,0,0,0,0,0,0,0,0,0,64,128,128,20,64,64,64,20,12.97,10.32,2.64,0,20,0,0,52,2246,0,114654,41345,21682,49076,0,41,20,0
16912573979200,2159,2048,8192,16384,14471,512,4096,4096,2141,4096,8192,16384,1706,4096,16384,16384,436,8192,16384,16384,21,512,4096,4096,443,512,4096,8192,1713,1024,4096,8192,285,2048,4096,4096,16,512,65536,262144,21379,1048576,1048576,1048576,41,524288,524288,524288,41,524288,524288,524288,41,512,1024,1024,41,64,32768,32768,41,128,512,1024,2799,128,512,4096,2799,128,512,4096,130239,128,512,1024,15354,64,256,512,2349,128,512,1024,3348,256,1024,4096,1158,256,512,4096,1194,64,512,2048,19494,64,256,1024,2268,64,256,512,435,128,256,512,180,128,512,4096,189,128,512,512,144,0,0,0,0,0,0,0,0,0,0,0,0,64,128,128,21,64,64,128,21,14.23,10.45,3.78,0,21,4,0,44,2142,0,115607,40662,21063,48137,0,41,21,0
16913610006700,2159,2048,8192,16384,14482,512,4096,4096,2143,4096,8192,16384,1719,4096,16384,16384,481,8192,8192,8192,27,512,4096,4096,450,512,4096,8192,1760,1024,4096,4096,333,2048,8192,8192,22,256,65536,262144,21609,1048576,1048576,1048576,42,524288,524288,524288,42,524288,524288,524288,42,512,1024,1024,42,64,128,16384,42,128,512,4096,2683,128,512,1024,2683,128,512,4096,130338,128,512,2048,15471,64,256,512,2547,128,512,1024,3582,256,1024,1024,1097,256,512,1024,1214,64,512,2048,20115,64,256,512,2673,64,256,512,516,128,512,1024,252,128,512,4096,243,128,512,4096,198,0,0,0,0,0,0,0,0,0,0,0,0,64,128,128,21,64,128,128,21,14.32,10.43,3.90,0,27,8,0,64,2200,0,116905,41319,21279,48376,0,42,21,0
16914645857600,2159,2048,8192,16384,15052,512,4096,8192,2154,4096,8192,16384,1780,4096,8192,16384,412,8192,16384,16384,27,512,4096,4096,431,512,4096,8192,1772,1024,4096,8192,289,2048,8192,8192,15,64,65536,131072,22105,1048576,1048576,1048576,41,524288,524288,524288,41,524288,524288,524288,41,512,1024,1024,41,64,8192,16384,41,128,512,4096,2762,128,512,4096,2762,128,512,4096,135468,128,512,1024,16020,64,256,512,2398,128,512,1024,2970,256,1024,4096,1284,256,512,1024,1356,64,512,1024,19935,64,512,512,2115,64,256,512,411,128,256,512,243,128,512,4096,243,128,512,512,135,0,0,0,0,0,0,0,0,0,0,0,0,64,128,128,20,64,256,256,20,14.58,11.43,3.14,0,27,20,0,61,2192,0,118002,40982,21808,48541,0,41,20,0
16915679923300,2159,2048,8192,16384,14414,512,4096,8192,2156,4096,8192,16384,1753,8192,16384,16384,423,8192,16384,16384,27,512,4096,8192,457,512,4096,8192,1730,1024,4096,8192,279,4096,8192,8192,13,512,65536,131072,21471,1048576,1048576,1048576,42,524288,524288,524288,42,524288,524288,524288,42,512,1024,2048,42,64,4096,16384,42,64,512,4096,2908,128,512,1024,2908,128,512,4096,129726,128,512,1024,15777,64,256,512,2553,128,512,4096,3636,256,1024,4096,1167,256,512,1024,1356,64,512,1024,19971,64,256,512,2466,64,512,4096,465,64,256,512,306,128,1024,4096,243,128,512,4096,117,0,0,0,0,0,0,0,0,0,0,0,0,64,128,128,21,64,128,128,21,13.35,10.95,2.39,0,27,31,0,50,2176,0,119120,41775,21215,48784,0,42,21,0
16916716862400,2095,2048,8192,16384,14569,512,4096,8192,2450,4096,8192,16384,1687,4096,16384,16384,426,8192,16384,32768,25,512,4096,4096,453,512,4096,8192,1688,1024,4096,8192,268,2048,8192,8192,17,512,65536,131072,21775,1048576,1048576,1048576,41,524288,524288,524288,41,524288,524288,524288,41,256,512,1024,41,64,512,2048,41,128,512,4096,2833,64,512,512,3409,128,512,4096,131121,64,512,4096,15183,64,256,512,2348,128,512,1024,3222,256,1024,4096,1149,256,512,512,1113,64,512,2048,18549,64,256,1024,2268,64,256,512,401,64,512,512,144,128,512,512,225,128,512,4096,153,0,0,0,0,0,0,0,0,0,0,0,0,64,128,128,21,64,128,128,21,14.45,11.43,3.02,0,25,18,0,56,2113,64,120142,41740,21582,48786,0,41,21,0
16917751909600,2095,2048,8192,16384,14204,512,4096,4096,2254,4096,8192,16384,1707,4096,16384,16384,405,8192,8192,16384,23,512,4096,8192,416,512,4096,8192,1712,1024,4096,8192,290,2048,8192,8192,16,256,65536,131072,21226,1048576,1048576,1048576,41,524288,524288,524288,41,524288,524288,524288,41,512,1024,1024,41,64,8192,65536,42,128,512,4096,2498,128,512,1024,2498,128,512,4096,127836,128,512,4096,15363,64,256,512,2122,128,512,1024,3204,256,1024,2048,1227,256,512,2048,1281,64,512,4096,19134,64,256,512,2223,64,256,2048,561,128,256,512,207,128,512,4096,207,128,256,4096,144,0,0,0,0,0,0,0,0,0,0,0,0,64,128,128,21,64,128,128,21,12.21,8.94,3.27,0,23,30,0,38,2112,0,121145,42221,20957,48499,0,41,21,0
16918784725300,2097,2048,8192,16384,14202,512,4096,4096,1954,4096,8192,16384,1653,4096,16384,16384,421,8192,8192,8192,14,512,4096,8192,408,512,4096,8192,1640,1024,4096,8192,260,2048,4096,4096,9,256,65536,262144,20737,1048576,1048576,1048576,42,524288,524288,524288,42,524288,524288,524288,42,512,1024,1024,42,64,256,8192,41,128,512,4096,2637,128,512,1024,2619,128,512,4096,127827,128,512,2048,14877,64,256,512,2099,128,512,1024,3465,256,1024,4096,1170,256,512,1024,1143,64,512,4096,18648,64,512,512,2187,64,256,512,444,128,512,512,171,128,512,4096,126,128,256,512,81,1024,2048,2048,33,1024,1024,1024,29,64,64,64,62,64,128,128,20,64,128,128,20,11.33,9.19,2.14,29,14,44,0,48,2074,0,122057,41154,20591,48423,0,42,20,0
16919820844600,2117,2048,8192,16384,14463,512,4096,4096,2200,4096,8192,16384,1727,4096,16384,16384,408,8192,8192,16384,28,512,4096,8192,446,512,4096,8192,1741,1024,4096,8192,309,2048,4096,4096,14,64,65536,131072,21535,1048576,1048576,1048576,41,524288,524288,524288,41,524288,524288,524288,41,512,1024,1024,41,64,8192,32768,41,64,512,2048,2799,128,512,1024,2619,128,512,4096,130158,128,512,2048,15543,64,256,512,2111,128,512,1024,3294,256,1024,4096,1242,256,512,4096,1278,64,512,4096,18819,64,512,1024,2268,64,256,512,432,128,512,512,189,128,512,4096,252,128,512,512,126,1024,2048,2048,31,1024,1024,2048,35,64,64,128,66,64,128,128,21,8192,16384,32768,21,13.82,11.43,2.39,35,28,38,0,48,2135,0,122953,41625,21319,49775,0,41,21,0
16920856397300,2130,2048,8192,16384,14438,512,4096,8192,2108,4096,8192,16384,1704,4096,16384,16384,451,8192,8192,8192,23,512,4096,8192,451,512,4096,8192,1738,1024,4096,8192,312,4096,8192,8192,18,512,65536,262144,21432,1048576,1048576,1048576,42,524288,524288,524288,42,524288,524288,524288,42,256,1024,1024,42,64,8192,65536,42,64,512,2048,2966,128,512,2048,2849,128,512,4096,129942,64,512,4096,15336,64,256,512,2436,128,512,1024,3447,256,1024,4096,1164,256,512,1024,1281,64,512,4096,18954,64,256,512,2484,64,256,512,600,64,512,512,252,128,512,512,207,128,512,4096,162,0,0,0,0,0,0,0,0,0,0,0,0,64,128,128,21,128,16384,32768,21,13.33,10.69,2.64,0,23,38,0,46,2155,0,124058,41957,21174,48937,0,42,21,0
16921892796300,2150,2048,8192,16384,15041,512,4096,8192,2163,4096,8192,16384,1777,4096,8192,16384,422,8192,8192,8192,21,512,4096,8192,425,512,4096,8192,1771,1024,4096,8192,319,4096,8192,8192,16,1024,65536,262144,22145,1048576,1048576,1048576,41,524288,524288,524288,41,524288,524288,524288,41,256,512,1024,41,64,8192,16384,41,128,512,4096,3010,128,512,1024,2830,128,512,4096,135376,64,512,1024,15993,64,256,512,2054,128,512,1024,3393,256,1024,4096,1389,256,512,4096,1191,64,512,4096,20754,64,256,512,2349,64,512,1024,447,64,512,512,171,128,512,512,189,128,512,512,144,0,0,0,0,0,0,0,0,0,0,0,0,64,128,128,20,8192,32768,32768,20,14.07,10.68,3.39,0,21,33,0,51,2199,0,124823,42565,21887,51098,0,41,20,0
16922927381300,2165,2048,8192,16384,14626,512,4096,8192,2147,4096,8192,16384,1732,4096,16384,16384,441,8192,8192,8192,27,512,4096,8192,473,512,4096,8192,1727,1024,4096,16384,290,4096,4096,4096,11,512,65536,262144,21645,1048576,1048576,1048576,41,524288,524288,524288,41,524288,524288,524288,41,512,1024,1024,41,64,8192,16384,42,64,512,4096,3308,128,512,1024,3173,128,512,4096,131627,128,512,1024,15588,64,256,512,2158,128,512,2048,3492,256,1024,4096,1377,256,512,2048,1350,64,512,4096,21249,64,256,512,2790,64,256,512,366,64,512,512,234,128,512,4096,243,128,512,1024,99,0,0,0,0,0,0,0,0,0,0,0,0,64,64,128,21,64,32768,32768,21,12.33,10.31,2.01,0,27,44,0,46,2173,0,125855,40989,21378,49161,0,41,21,0
16923962741400,2165,2048,8192,16384,14288,512,4096,8192,2149,4096,8192,16384,1743,4096,16384,16384,457,8192,8192,16384,25,512,4096,8192,440,512,4096,8192,1723,1024,4096,8192,275,2048,8192,8192,8,512,65536,131072,21286,1048576,1048576,1048576,42,524288,524288,524288,42,524288,524288,524288,42,512,1024,1024,42,64,128,16384,41,128,512,4096,2840,128,512,4096,2840,128,512,4096,128592,64,512,1024,15687,64,256,512,2304,128,512,1024,3582,256,1024,1024,1356,256,512,1024,1356,64,512,4096,20106,64,512,512,2736,64,512,512,630,64,512,512,225,128,512,4096,225,128,512,512,72,0,0,0,0,0,0,0,0,0,0,0,0,64,128,128,21,64,128,128,21,14.10,10.95,3.15,0,25,40,0,50,2200,0,126769,41296,21010,48976,0,42,21,0
16924997907500,2165,2048,8192,16384,14650,512,4096,8192,2163,4096,8192,16384,1724,4096,16384,16384,462,8192,8192,16384,23,512,4096,8192,436,512,4096,8192,1787,1024,4096,8192,293,4096,8192,8192,13,128,65536,131072,21714,1048576,1048576,1048576,41,524288,524288,524288,41,524288,524288,524288,41,512,1024,1024,41,64,16384,32768,41,64,512,1024,2684,128,512,4096,2684,128,512,4096,131850,64,512,1024,15516,64,256,512,2190,128,512,1024,3510,256,1024,4096,1319,256,512,1024,1346,64,512,4096,20898,64,256,512,2295,64,512,1024,447,64,256,512,216,128,512,512,207,128,512,1024,117,0,0,0,0,0,0,0,0,0,0,0,0,64,128,128,20,64,64,64,20,14.71,10.81,3.90,0,23,33,0,51,2186,0,127639,42044,21394,50158,0,41,20,0
16926033035300,2165,2048,8192,16384,14443,512,4096,8192,2153,4096,8192,16384,1762,4096,16384,16384,464,8192,8192,8192,17,512,4096,8192,451,512,4096,8192,1727,1024,4096,8192,288,2048,4096,4096,12,256,65536,262144,21460,1048576,1048576,1048576,42,524288,524288,524288,42,524288,524288,524288,42,512,512,512,42,64,128,8192,42,64,512,4096,2792,128,512,2048,2792,128,512,4096,129987,64,512,2048,15858,64,256,512,2540,64,512,1024,3249,256,1024,4096,1239,256,512,4096,1140,64,512,4096,19584,64,512,512,2835,64,256,512,456,64,256,512,153,128,512,1024,153,128,512,512,108,0,0,0,0,0,0,0,0,0,0,0,0,64,128,128,21,64,128,128,21,12.57,9.81,2.77,0,17,26,0,54,2226,0,128759,40413,21086,48179,0,42,21,0
16927067524100,2101,2048,8192,16384,14161,512,4096,8192,2107,4096,8192,16384,1696,4096,16384,16384,472,8192,16384,16384,25,512,4096,8192,436,512,4096,8192,1699,1024,4096,8192,313,4096,8192,8192,14,512,65536,262144,21103,1048576,1048576,1048576,41,524288,524288,524288,41,524288,524288,524288,41,512,1024,1024,41,64,8192,32768,41,128,512,4096,2603,64,512,4096,3179,128,512,4096,127449,128,512,1024,15264,64,256,512,2635,128,512,1024,3150,256,1024,4096,1252,256,512,1024,1234,64,512,4096,19287,64,256,512,2358,64,512,4096,596,128,512,4096,198,128,512,4096,225,64,512,4096,126,0,0,0,0,0,0,0,0,0,0,0,0,64,128,128,21,64,128,128,21,12.72,10.58,2.14,0,25,23,0,56,2168,64,129733,41076,20894,49054,0,41,21,0
16928103299500,2101,2048,8192,16384,14359,512,4096,8192,2081,4096,8192,16384,1712,4096,16384,16384,442,8192,16384,16384,20,512,4096,4096,439,512,4096,8192,1703,1024,4096,8192,292,2048,8192,8192,16,64,65536,262144,21215,1048576,1048576,1048576,42,524288,524288,524288,42,524288,524288,524288,42,256,512,1024,42,64,2048,32768,42,64,512,2048,2648,128,512,4096,2648,128,512,4096,129231,64,512,4096,15408,64,256,512,2252,128,512,4096,2925,256,1024,4096,1284,256,512,4096,1392,64,256,2048,20457,64,256,512,2412,64,256,512,504,64,256,512,216,128,512,4096,180,128,512,4096,144,2048,2048,2048,2,0,0,0,0,0,0,0,2,64,128,128,21,64,128,128,21,12.57,10.05,2.51,0,20,24,0,41,2154,0,130533,41547,20958,49575,0,42,21,0
16929139451200,2101,2048,8192,16384,14399,512,4096,8192,2215,4096,8192,16384,1683,4096,16384,16384,408,8192,8192,16384,21,512,4096,8192,448,512,4096,8192,1677,1024,4096,8192,277,4096,8192,8192,26,128,65536,262144,21317,1048576,1048576,1048576,41,524288,524288,524288,41,524288,524288,524288,41,256,512,512,41,64,2048,16384,41,128,512,4096,2981,128,512,4096,2981,128,512,4096,129591,64,512,2048,15147,64,256,512,2213,128,512,1024,2907,256,1024,1024,1369,256,512,1024,1360,64,512,4096,19395,64,512,1024,2412,64,256,1024,558,128,512,4096,171,128,512,4096,189,128,512,1024,234,1024,2048,2048,44,1024,1024,1024,44,64,64,128,88,64,128,128,20,64,128,128,20,13.33,9.68,3.65,44,21,37,0,53,2091,0,131499,41649,21148,48891,0,41,20,0
16930174469400,2101,2048,8192,16384,14578,512,4096,8192,2287,4096,8192,16384,1691,4096,16384,16384,458,8192,16384,16384,19,512,4096,8192,413,512,4096,8192,1693,1024,4096,8192,302,4096,4096,4096,10,512,65536,524288,21642,1048576,1048576,1048576,41,524288,524288,524288,41,524288,524288,524288,41,256,512,1024,41,64,1024,32768,41,128,512,4096,2698,128,512,2048,2698,128,512,4096,131202,64,512,1024,15219,64,256,512,2653,128,512,1024,3015,256,1024,4096,1271,256,512,512,1163,64,512,2048,20358,64,256,512,2277,64,512,2048,534,128,512,512,153,128,512,4096,171,128,512,4096,90,2048,2048,2048,18,1024,1024,1024,20,64,64,64,38,64,128,128,21,64,128,256,21,14.34,10.82,3.52,20,19,29,0,46,2149,0,132304,40941,21427,49380,0,41,21,0
16931212082000,2101,2048,8192,16384,14450,512,4096,4096,2105,4096,8192,16384,1706,4096,16384,16384,424,8192,16384,16384,17,512,4096,4096,424,512,4096,8192,1704,1024,4096,8192,286,2048,4096,4096,23,128,65536,262144,21316,1048576,1048576,1048576,42,524288,524288,524288,42,524288,524288,524288,42,256,512,512,42,64,16384,16384,42,64,512,4096,2881,64,512,4096,2881,128,512,4096,130050,64,512,1024,15357,64,256,512,2245,128,512,1024,3006,256,1024,2048,1217,256,512,1024,1280,64,512,4096,20088,64,256,512,2502,64,256,512,456,128,512,512,189,128,512,4096,153,128,512,512,207,0,0,0,0,0,0,0,0,0,0,0,0,64,64,128,21,64,128,128,21,14.44,10.42,4.02,0,17,23,0,38,2131,0,132874,41231,20968,50106,61,42,21,0
16932245167700,2101,2048,8192,16384,14223,512,4096,4096,2089,4096,8192,16384,1672,4096,16384,16384,403,8192,8192,16384,23,512,4096,4096,423,512,4096,8192,1679,1024,4096,8192,284,4096,4096,4096,12,64,65536,262144,20998,1048576,1048576,1048576,41,262144,524288,524288,41,524288,524288,524288,41,512,1024,1024,41,64,128,16384,41,64,512,4096,2512,64,512,1024,2512,128,512,4096,128007,128,512,1024,15045,64,256,512,2262,128,512,1024,2862,256,1024,4096,1163,256,512,4096,1208,64,512,4096,20007,64,256,512,2133,64,256,512,441,64,512,512,180,128,512,4096,207,128,512,512,108,0,0,0,0,0,0,0,0,0,0,0,0,64,128,128,20,64,128,128,20,15.37,11.72,3.65,0,23,23,0,33,2074,0,133428,40897,20751,49957,0,41,20,0
16933280012600,2101,2048,8192,16384,14330,512,4096,8192,2080,4096,8192,16384,1684,4096,16384,16384,405,8192,8192,8192,12,512,4096,8192,456,512,4096,8192,1692,1024,4096,8192,302,2048,4096,4096,14,512,65536,262144,21157,1048576,1048576,1048576,42,262144,524288,524288,42,524288,524288,524288,42,512,1024,1024,42,64,16384,65536,42,128,512,4096,2654,128,512,4096,2654,128,512,4096,128970,128,512,2048,15156,64,256,512,2077,128,512,1024,2880,256,1024,1024,1254,256,512,2048,1155,64,512,2048,19395,64,256,512,2331,64,256,512,420,64,256,1024,108,256,512,512,108,128,512,1024,126,0,0,0,0,0,0,0,0,0,0,0,0,64,128,128,21,64,128,128,21,14.46,10.57,3.90,0,12,27,0,41,2089,0,134035,40985,20882,49773,0,42,21,0
16934314595800,2101,2048,8192,16384,14324,512,4096,8192,2086,4096,8192,16384,1737,4096,8192,16384,462,8192,16384,16384,17,512,4096,4096,441,512,4096,8192,1748,1024,4096,8192,292,2048,4096,8192,22,64,65536,131072,21333,1048576,1048576,1048576,41,524288,524288,524288,41,524288,524288,524288,41,256,512,512,41,128,8192,65536,41,128,512,4096,2906,128,512,1024,2906,128,512,4096,128916,64,512,1024,15633,64,256,512,2654,128,512,2048,3258,256,1024,4096,1404,256,512,1024,1278,64,512,2048,18558,64,256,512,2160,64,256,512,480,128,256,512,153,128,512,1024,153,128,512,1024,198,0,0,0,0,0,0,0,0,0,0,0,0,64,128,128,21,64,128,128,21,15.72,11.45,4.28,0,17,32,0,60,2199,0,134970,41087,21069,49130,0,41,21,0
16935356831600,2101,2048,8192,16384,14330,512,4096,4096,2182,4096,8192,16384,1662,4096,8192,16384,387,8192,8192,8192,13,512,4096,8192,425,512,4096,8192,1682,1024,4096,8192,275,2048,4096,4096,14,128,65536,262144,21136,1048576,1048576,1048576,42,524288,524288,524288,42,524288,524288,524288,42,256,512,512,42,64,128,16384,42,64,512,4096,2873,128,512,4096,2873,128,512,4096,128970,64,512,1024,14958,64,256,512,2181,128,512,4096,2880,256,1024,4096,1385,256,512,4096,1268,64,512,4096,19539,64,256,512,2241,64,512,4096,507,64,512,512,126,128,512,1024,117,128,512,512,126,0,0,0,0,0,0,0,0,0,0,0,0,64,128,128,21,64,128,128,21,13.82,11.06,2.76,0,13,31,0,39,2049,0,135752,41664,20886,49036,0,42,21,0
16936385768500,2038,2048,8192,16384,13937,512,4096,8192,2030,4096,8192,16384,1685,4096,16384,16384,395,8192,8192,8192,12,512,4096,4096,417,512,4096,8192,1646,1024,4096,8192,288,4096,4096,4096,12,64,65536,131072,20582,1048576,1048576,1048576,41,524288,524288,524288,41,524288,524288,524288,41,256,512,512,41,64,4096,16384,41,64,512,4096,2600,64,512,4096,3167,128,512,4096,125442,64,512,1024,15165,64,256,512,1879,128,512,1024,2907,256,1024,4096,1118,256,512,1024,1100,64,512,2048,19314,64,256,512,2322,64,256,1024,402,128,256,512,117,128,512,512,108,128,512,1024,108,0,0,0,0,0,0,0,0,0,0,0,0,64,128,128,20,64,128,128,20,14.60,11.46,3.15,0,12,27,0,39,2080,63,136546,40148,20395,48263,0,41,20,0
16937420734200,2038,2048,8192,16384,14342,512,4096,4096,2034,4096,8192,16384,1668,4096,16384,16384,451,8192,8192,16384,22,512,4096,8192,419,512,4096,8192,1639,1024,8192,8192,294,2048,4096,4096,10,64,65536,131072,21067,1048576,1048576,1048576,41,524288,524288,524288,41,524288,524288,524288,41,256,512,1024,41,64,16384,65536,41,64,512,4096,2448,128,512,4096,2448,128,512,4096,129072,64,512,2048,15012,64,256,512,2301,128,512,1024,3339,256,1024,1024,1191,256,512,1024,1182,64,512,2048,20079,64,256,1024,2304,64,256,512,501,64,256,512,198,128,512,4096,198,128,256,512,90,0,0,0,0,0,0,0,0,0,0,0,0,64,128,128,21,64,128,128,21,12.70,9.81,2.89,0,22,20,0,35,2118,0,137402,40462,20833,47419,0,41,21,0
16938456356000,2038,2048,8192,16384,13981,512,4096,8192,2116,4096,8192,16384,1635,4096,16384,16384,399,8192,16384,16384,16,512,4096,8192,422,512,4096,8192,1662,1024,4096,8192,268,2048,8192,8192,14,128,65536,262144,20678,1048576,1048576,1048576,42,262144,524288,524288,42,524288,524288,524288,42,512,512,1024,42,64,128,16384,42,64,512,4096,2391,128,512,1024,2391,128,512,4096,125826,128,512,2048,14715,64,256,512,1984,128,512,1024,2979,256,1024,4096,1397,256,512,1024,1217,64,512,2048,20007,64,256,1024,2529,64,512,512,549,64,256,1024,126,128,512,4096,144,128,512,512,126,1024,2048,2048,11,1024,1024,1024,11,64,64,64,22,64,64,128,21,64,128,128,21,13.33,10.44,2.89,11,16,21,0,45,2034,0,138116,41195,20478,48813,0,42,21,0
16939492313400,2061,2048,8192,16384,13961,512,4096,8192,2039,4096,8192,16384,1633,4096,16384,16384,422,8192,8192,16384,22,512,4096,8192,443,512,4096,8192,1663,1024,4096,8192,296,2048,8192,8192,15,512,65536,262144,20657,1048576,1048576,1048576,41,524288,524288,524288,41,524288,524288,524288,41,256,1024,1024,41,64,128,2048,41,64,512,4096,3059,128,512,4096,2852,128,512,4096,125649,128,512,1024,14697,64,256,512,2107,128,512,2048,3114,256,1024,4096,1202,256,512,1024,1166,64,512,4096,19602,64,256,512,2385,64,256,2048,579,64,256,512,189,64,512,2048,198,128,256,512,135,1024,2048,2048,44,1024,1024,1024,44,64,64,128,88,64,128,128,20,16384,32768,32768,20,14.58,11.31,3.27,44,22,17,0,58,2055,0,138420,40616,20480,50984,0,41,20,0
16940526687700,2083,2048,8192,16384,14437,512,4096,8192,2123,4096,8192,16384,1717,4096,16384,16384,441,8192,8192,8192,14,512,4096,4096,421,512,4096,8192,1682,1024,4096,8192,292,2048,8192,8192,13,512,65536,262144,21282,1048576,1048576,1048576,41,262144,524288,524288,41,524288,524288,524288,41,256,512,512,41,64,2048,32768,41,64,512,4096,2886,128,512,1024,2688,128,512,4096,129933,128,512,1024,15453,64,256,512,2172,128,512,1024,2970,256,1024,4096,1218,256,512,2048,1281,64,512,4096,20070,64,256,512,2439,64,256,1024,425,128,256,512,162,128,512,2048,126,128,512,512,117,1024,2048,2048,8,1024,1024,1024,8,64,64,64,16,64,128,128,21,16384,16384,16384,21,13.85,11.33,2.52,8,14,22,5,61,2158,0,138933,41626,21057,50707,0,41,21,0
16941560917400,2107,2048,8192,16384,14070,512,4096,8192,2081,4096,8192,16384,1681,4096,16384,16384,466,8192,8192,16384,28,512,4096,8192,430,512,4096,8192,1692,1024,4096,8192,290,4096,4096,4096,12,128,65536,131072,20920,1048576,1048576,1048576,42,524288,524288,524288,42,524288,524288,524288,42,512,1024,1024,42,64,16384,65536,42,64,512,4096,2661,128,512,4096,2445,128,512,4096,126630,64,512,4096,15129,64,256,512,2478,128,512,1024,3123,256,1024,4096,1431,256,512,1024,1431,64,512,2048,20862,64,256,1024,2412,64,256,512,408,64,256,512,261,128,512,4096,252,128,512,512,108,0,0,0,0,0,0,0,0,0,0,0,0,64,64,64,21,16384,32768,32768,21,14.84,11.70,3.14,0,28,18,13,51,2147,0,139299,41806,20679,51588,0,42,21,0
16942599818500,2108,2048,8192,16384,14690,512,4096,8192,2109,4096,8192,16384,1722,4096,8192,16384,447,8192,8192,8192,15,512,4096,8192,422,512,4096,8192,1734,1024,4096,8192,302,4096,8192,8192,15,512,65536,262144,21614,1048576,1048576,1048576,41,524288,524288,524288,41,524288,524288,524288,41,256,512,512,41,64,4096,16384,41,128,512,1024,2597,128,512,4096,2588,128,512,4096,132210,64,512,4096,15498,64,256,512,2426,128,512,1024,3204,256,1024,4096,1128,256,512,1024,1146,64,512,4096,19755,64,512,1024,2466,64,256,4096,558,128,256,512,126,128,512,4096,135,128,512,4096,135,0,0,0,0,0,0,0,0,0,0,0,0,64,128,128,20,128,128,128,20,12.83,9.43,3.40,0,15,23,19,48,2169,0,139910,42165,21361,50700,0,41,20,0
16943631207900,2108,2048,8192,16384,13902,512,4096,8192,2083,4096,8192,16384,1627,4096,16384,16384,432,8192,8192,8192,14,512,4096,8192,456,512,4096,8192,1628,1024,4096,8192,268,4096,8192,8192,10,512,65536,131072,20577,1048576,1048576,1048576,42,524288,524288,524288,42,524288,524288,524288,42,512,1024,1024,42,64,128,32768,42,128,512,4096,2610,128,512,4096,2610,128,512,4096,125118,64,512,4096,14643,64,512,512,2210,128,512,2048,3024,256,1024,4096,1197,256,512,1024,1242,64,512,4096,19107,64,256,512,2358,64,256,4096,470,64,256,512,153,128,512,512,126,128,512,4096,90,0,0,0,0,0,0,0,0,0,0,0,0,64,128,128,21,64,128,128,21,14.60,10.57,4.03,0,14,20,6,52,2059,0,140333,40610,20315,49908,0,42,21,0
16944669023100,2108,2048,8192,16384,14582,512,4096,8192,2102,4096,8192,16384,1749,4096,16384,32768,441,8192,16384,16384,24,512,4096,8192,448,512,4096,8192,1762,1024,4096,8192,297,4096,8192,8192,14,512,65536,262144,21610,1048576,1048576,1048576,41,524288,524288,524288,41,524288,524288,524288,41,256,512,1024,41,64,2048,32768,41,128,512,4096,2732,128,512,4096,2732,128,512,4096,131238,64,512,1024,15741,64,256,512,2263,128,512,1024,2934,256,1024,4096,1286,256,512,1024,1385,64,512,4096,19764,64,256,512,2268,64,256,512,288,128,512,1024,189,128,512,4096,216,128,512,1024,126,0,0,0,0,0,0,0,0,0,0,0,0,64,128,128,21,64,128,128,21,15.18,11.29,3.89,0,24,21,7,53,2190,0,140986,41366,21335,49571,0,41,21,0
16945703696200,2108,2048,8192,16384,14072,512,4096,8192,2081,4096,8192,16384,1713,4096,16384,16384,447,8192,8192,16384,28,512,4096,8192,428,512,4096,8192,1658,1024,4096,8192,316,4096,8192,8192,28,512,65536,262144,20942,1048576,1048576,1048576,42,524288,524288,524288,42,524288,524288,524288,42,512,1024,1024,42,64,8192,16384,42,128,512,1024,2720,128,512,1024,2720,128,512,4096,126648,64,512,1024,15417,64,256,512,2380,128,512,1024,2871,256,1024,4096,1224,256,512,1024,1341,64,512,4096,19629,64,256,512,2142,64,512,1024,384,64,256,256,279,128,512,1024,252,128,512,4096,252,0,0,0,0,0,0,0,0,0,0,0,0,64,128,128,21,128,128,128,21,15.26,11.10,4.16,0,28,23,7,53,2160,0,141610,40368,20648,49113,0,42,21,0
16946738205000,2045,2048,8192,16384,14036,512,4096,8192,2126,4096,8192,16384,1656,4096,16384,16384,431,8192,16384,16384,28,512,4096,8192,387,512,4096,8192,1703,1024,4096,8192,269,2048,8192,8192,22,512,65536,262144,20803,1048576,1048576,1048576,41,262144,524288,524288,41,524288,524288,524288,41,256,512,1024,41,64,16384,32768,41,128,512,4096,2387,64,512,1024,2954,128,512,4096,126325,64,512,1024,14904,64,256,512,2234,128,512,1024,2817,256,1024,4096,1266,256,512,4096,1311,64,512,4096,18162,64,256,512,2394,64,256,512,363,64,512,1024,207,128,512,4096,252,128,512,4096,198,0,0,0,0,0,0,0,0,0,0,0,0,64,128,128,20,64,256,256,20,14.95,10.56,4.40,0,28,16,4,61,2087,63,141959,39982,20564,50090,0,41,20,0
16947773162700,2045,2048,8192,16384,14110,512,4096,8192,2178,4096,8192,16384,1674,4096,16384,16384,420,8192,8192,8192,23,512,4096,4096,431,512,4096,8192,1668,1024,4096,8192,301,2048,8192,8192,14,512,65536,262144,21020,1048576,1048576,1048576,41,262144,524288,524288,41,524288,524288,524288,41,512,1024,1024,41,64,512,32768,41,128,512,4096,2555,128,512,1024,2555,128,512,4096,126989,64,512,4096,15066,64,256,512,2297,128,512,4096,3060,256,1024,4096,1146,256,512,1024,1272,64,512,2048,19287,64,256,512,2313,0,512,512,390,64,512,512,243,128,512,4096,207,128,512,4096,126,0,0,0,0,0,0,0,0,0,0,0,0,64,128,128,21,128,128,128,21,12.58,9.68,2.89,0,23,17,0,57,2094,0,142360,41417,20763,49906,0,41,21,0
16948808164300,2045,2048,8192,16384,14038,512,4096,8192,2004,4096,8192,16384,1627,4096,16384,16384,398,8192,16384,16384,24,512,4096,8192,446,512,4096,8192,1621,1024,4096,8192,257,2048,8192,8192,17,512,65536,262144,20620,1048576,1048576,1048576,42,262144,524288,524288,42,524288,524288,524288,42,512,1024,1024,42,64,16384,32768,42,64,512,4096,2482,128,512,1024,2482,128,512,4096,126342,64,512,4096,14643,64,256,512,2151,128,512,4096,2925,256,1024,4096,1260,256,512,4096,1350,64,512,4096,19512,64,256,512,2421,64,256,512,561,64,256,1024,189,128,512,4096,216,64,512,512,153,1024,16384,16384,30,512,1024,1024,26,64,64,128,56,64,128,128,21,64,128,128,21,15.47,11.19,4.28,26,24,11,0,43,2025,0,142234,41427,20446,51966,0,42,21,0
16949844001500,2045,2048,8192,16384,14237,512,4096,8192,2071,4096,8192,16384,1653,4096,16384,16384,407,8192,8192,8192,20,512,4096,8192,431,512,4096,8192,1689,1024,4096,8192,280,2048,8192,8192,17,256,65536,262144,21011,1048576,1048576,1048576,41,524288,524288,524288,41,524288,524288,524288,41,512,1024,1024,41,64,1024,16384,41,128,512,4096,2685,128,512,1024,2685,128,512,4096,128133,64,512,4096,14877,64,256,512,2045,128,512,2048,3042,256,1024,4096,1191,256,512,4096,1254,64,512,4096,18540,64,256,512,2151,64,512,512,570,64,512,512,189,64,512,4096,180,128,512,1024,153,1024,2048,4096,33,512,1024,1024,37,64,64,128,70,64,128,128,20,64,128,128,20,13.58,11.19,2.39,37,20,6,1,38,2060,0,142384,40510,20835,51064,0,41,20,0
16950879775900,2045,2048,8192,16384,13761,512,4096,8192,2018,4096,8192,16384,1636,4096,8192,16384,381,8192,8192,8192,25,512,4096,8192,400,512,4096,8192,1637,1024,4096,8192,273,2048,8192,8192,15,512,65536,262144,20329,1048576,1048576,1048576,42,262144,524288,524288,42,524288,524288,524288,42,512,1024,1024,42,64,128,2048,42,128,512,4096,2689,128,512,4096,2689,128,512,4096,123855,64,512,4096,14724,64,256,512,1998,64,512,4096,2700,256,1024,4096,1416,256,512,4096,1317,64,512,4096,19647,64,256,512,2277,64,256,2048,423,64,256,512,207,128,512,1024,225,128,512,4096,135,0,0,0,0,0,0,0,0,0,0,0,0,64,128,128,21,64,128,128,21,13.08,10.06,3.02,0,25,17,1,43,2017,0,142974,41371,20106,49849,0,42,21,0
16951914275400,2045,2048,8192,16384,14244,512,4096,4096,2037,4096,8192,16384,1693,4096,16384,16384,417,8192,8192,8192,16,512,4096,8192,425,512,4096,8192,1658,1024,4096,8192,306,4096,8192,8192,21,128,65536,262144,20977,524288,1048576,1048576,41,262144,524288,524288,41,524288,524288,524288,41,256,512,512,41,64,4096,16384,41,128,512,4096,2528,128,512,4096,2528,128,512,4096,128190,64,512,1024,15237,64,256,512,2115,128,512,4096,2898,256,1024,4096,1175,256,512,4096,1166,64,512,4096,19548,64,256,512,2169,64,256,512,459,64,256,512,153,128,512,512,144,128,512,4096,189,0,0,0,0,0,0,0,0,0,0,0,0,64,64,128,21,64,128,128,21,13.21,10.82,2.39,0,16,15,0,47,2110,0,143159,39969,20681,50613,0,41,21,0
16952949895400,2045,2048,8192,16384,14019,512,4096,8192,2028,4096,8192,16384,1652,4096,16384,16384,454,8192,8192,16384,24,512,4096,8192,423,512,4096,8192,1669,1024,4096,8192,287,2048,8192,8192,12,512,65536,262144,20754,1048576,1048576,1048576,41,262144,524288,524288,41,524288,524288,524288,41,512,1024,1024,41,64,512,8192,41,128,512,4096,2456,128,512,4096,2456,128,512,4096,126171,64,512,4096,14868,64,256,512,2268,128,512,2048,3033,256,1024,4096,1370,256,512,4096,1361,64,512,4096,19467,64,256,512,2376,64,256,512,411,64,256,512,234,128,512,512,216,128,256,512,108,0,0,0,0,0,0,0,0,0,0,0,0,64,128,128,20,64,128,128,20,13.96,11.07,2.89,0,24,12,0,50,2106,0,143255,41654,20522,51592,0,41,20,0
16953984926300,2082,2048,8192,16384,13770,512,4096,8192,2057,4096,8192,16384,1633,4096,16384,16384,387,8192,8192,8192,23,512,4096,4096,439,512,4096,8192,1646,1024,4096,8192,264,4096,4096,4096,14,256,65536,262144,20407,1048576,1048576,1048576,42,524288,524288,524288,42,524288,524288,524288,42,512,1024,1024,42,64,16384,32768,42,64,512,4096,3066,128,512,4096,2733,128,512,4096,123930,64,512,4096,14697,64,256,512,1993,128,512,1024,3114,256,1024,4096,1347,256,512,1024,1347,64,512,4096,19611,64,256,512,2385,64,256,512,474,64,512,512,234,128,512,512,207,64,512,512,126,0,0,0,0,0,0,0,0,0,0,0,0,64,128,128,21,16384,32768,32768,21,12.83,10.31,2.52,0,23,8,0,56,2020,0,142945,40464,20129,52534,0,42,21,0
16955019225900,2113,2048,8192,16384,14519,512,4096,8192,2089,4096,8192,16384,1742,4096,16384,16384,468,8192,8192,16384,34,512,4096,8192,418,512,4096,8192,1756,1024,4096,8192,313,2048,8192,8192,7,256,65536,262144,21499,1048576,1048576,1048576,41,262144,524288,524288,41,524288,524288,524288,41,512,1024,1024,41,64,32768,65536,41,64,512,4096,2869,128,512,4096,2590,128,512,4096,130671,64,512,1024,15678,64,256,512,2449,128,512,1024,3060,256,1024,4096,1338,256,512,1024,1347,64,512,4096,19413,64,256,512,2286,64,256,512,462,64,512,4096,297,128,512,4096,306,128,512,1024,63,0,0,0,0,0,0,0,0,0,0,0,0,64,128,128,21,16384,32768,32768,21,15.36,11.33,4.03,0,34,5,0,59,2210,0,142939,41044,21221,52848,0,41,21,0
16956055888700,2113,2048,8192,16384,13920,512,4096,8192,2093,4096,8192,16384,1686,4096,16384,16384,421,8192,8192,8192,16,512,4096,8192,441,512,4096,8192,1673,1024,4096,8192,291,2048,8192,8192,17,1024,65536,131072,20733,1048576,1048576,1048576,42,524288,524288,524288,42,524288,524288,524288,42,256,1024,1024,42,64,256,32768,42,128,512,4096,2725,128,512,4096,2725,128,512,4096,125280,64,512,1024,15174,64,256,512,2216,64,512,1024,2988,256,1024,4096,1170,256,512,2048,1215,64,512,4096,19710,64,256,512,2565,64,512,4096,459,128,256,512,144,128,512,1024,144,128,512,4096,153,0,0,0,0,0,0,0,0,0,0,0,0,64,128,128,21,64,128,128,21,16.71,10.93,5.78,0,16,3,0,55,2107,0,142694,39986,20410,52773,0,42,21,0
16957091088000,2050,2048,8192,16384,14089,512,4096,8192,2123,4096,8192,16384,1670,4096,16384,16384,455,8192,8192,8192,21,512,4096,8192,424,512,4096,8192,1666,1024,4096,4096,279,2048,8192,8192,17,256,65536,262144,20901,1048576,1048576,1048576,41,524288,524288,524288,41,524288,524288,524288,41,512,1024,1024,41,64,32768,131072,41,128,512,4096,2657,64,512,4096,3224,128,512,4096,126801,128,512,2048,15030,64,256,512,2307,128,512,1024,2988,256,1024,4096,1422,256,512,4096,1296,64,512,4096,19944,64,256,512,2358,64,256,512,435,128,256,512,153,128,512,1024,189,128,512,4096,153,0,0,0,0,0,0,0,0,0,0,0,0,64,128,128,20,64,128,128,20,13.08,10.82,2.26,0,21,0,1,53,2125,63,142406,40559,20643,52909,0,41,20,0
16958125548100,2050,2048,8192,16384,14104,512,4096,8192,2065,4096,8192,16384,1656,4096,16384,16384,432,8192,16384,16384,17,512,4096,8192,411,512,4096,8192,1647,1024,8192,8192,274,2048,8192,8192,12,256,65536,262144,20759,1048576,1048576,1048576,41,524288,524288,524288,41,524288,524288,524288,41,256,512,512,41,64,128,16384,41,64,512,1024,2555,128,512,1024,2555,128,512,4096,126936,64,512,1024,14904,64,256,1024,2275,128,512,4096,2961,256,1024,1024,1347,256,512,2048,1275,64,256,4096,19809,64,256,512,2304,0,256,512,507,64,256,512,171,128,512,4096,153,128,512,4096,108,0,0,0,0,0,0,0,0,0,0,0,0,64,128,128,21,128,128,128,21,12.71,10.44,2.26,0,17,2,0,60,2088,0,141775,40981,20514,54212,0,41,21,0
16959162575400,2050,2048,8192,16384,14092,512,4096,8192,2035,4096,8192,16384,1618,4096,16384,16384,416,8192,8192,8192,20,512,4096,4096,438,512,4096,8192,1631,1024,4096,8192,300,2048,8192,8192,15,512,65536,262144,20727,1048576,1048576,1048576,42,524288,524288,524288,42,524288,524288,524288,42,512,512,1024,42,64,4096,32768,42,128,512,4096,2864,128,512,1024,2864,128,512,4096,126828,64,512,4096,14562,64,256,512,2159,128,512,1024,2763,256,1024,1024,1352,256,512,2048,1325,64,512,4096,19971,64,256,512,2151,64,256,512,486,128,512,4096,171,128,512,4096,180,128,512,4096,135,1024,2048,2048,44,512,1024,1024,44,64,64,64,88,64,128,128,21,128,128,128,21,14.94,11.17,3.77,44,20,3,0,65,2034,0,140831,41165,20554,54803,0,42,21,0
16960196434400,2050,2048,8192,16384,14214,512,4096,8192,2061,4096,8192,16384,1685,4096,16384,32768,428,8192,8192,8192,23,512,4096,8192,412,512,4096,8192,1683,1024,4096,8192,253,2048,8192,8192,15,256,65536,131072,20952,1048576,1048576,1048576,41,524288,524288,524288,41,524288,524288,524288,41,512,1024,2048,41,64,256,4096,41,128,512,4096,2694,128,512,1024,2694,128,512,4096,127926,64,512,4096,15165,64,256,1024,2367,128,512,1024,2745,256,1024,4096,1272,256,512,4096,1299,64,512,4096,18909,64,256,512,2313,64,256,4096,549,128,512,4096,225,128,512,4096,207,128,512,512,135,1024,2048,2048,19,512,1024,1024,19,64,64,64,38,64,64,64,20,64,128,128,20,13.37,10.22,3.15,19,23,6,0,55,2113,0,140265,40799,20751,53838,0,41,20,0
16961231385100,2050,2048,8192,16384,14249,512,4096,8192,2039,4096,8192,16384,1659,4096,16384,16384,450,8192,8192,8192,21,512,4096,4096,419,512,4096,8192,1663,1024,4096,8192,294,2048,8192,8192,16,128,65536,131072,20971,1048576,1048576,1048576,42,524288,524288,524288,42,524288,524288,524288,42,512,1024,1024,42,64,32768,32768,42,128,512,4096,2898,128,512,4096,2898,128,512,4096,128241,64,512,1024,14931,64,256,512,2533,128,512,1024,2673,256,1024,4096,1155,256,512,512,1299,64,512,2048,18909,64,256,512,2367,64,256,512,561,64,512,512,207,128,512,4096,189,128,512,512,144,0,0,0,0,0,0,0,0,0,0,0,0,64,128,128,21,128,128,128,21,14.45,11.18,3.27,0,21,9,0,47,2109,0,140298,40717,20732,52460,0,42,21,0
16962265902600,2051,2048,8192,16384,14269,512,4096,8192,2033,4096,8192,16384,1643,4096,16384,16384,423,8192,8192,8192,26,512,4096,8192,424,512,4096,8192,1646,1024,4096,8192,279,2048,8192,8192,19,256,65536,262144,20943,1048576,1048576,1048576,41,524288,524288,524288,41,524288,524288,524288,41,512,1024,1024,41,128,32768,32768,41,128,512,4096,2400,128,512,1024,2391,128,512,4096,128421,64,512,4096,14787,64,256,512,2300,128,512,1024,2880,256,1024,2048,1233,256,512,2048,1251,64,512,2048,19107,64,512,1024,2052,64,256,512,612,64,256,512,225,128,512,1024,234,128,512,1024,171,0,0,0,0,0,0,0,0,0,0,0,0,64,128,128,21,64,128,128,21,12.83,10.94,1.89,0,26,21,0,41,2066,0,139314,40237,20660,54892,0,41,21,0
16963300659700,2094,2048,8192,16384,13624,512,4096,8192,2058,4096,8192,16384,1639,4096,16384,16384,396,8192,8192,8192,22,512,4096,8192,407,512,4096,8192,1666,1024,4096,8192,278,2048,8192,8192,19,256,65536,131072,20278,1048576,1048576,1048576,41,524288,524288,524288,41,524288,524288,524288,41,512,1024,1024,41,64,128,128,41,64,512,1024,2949,128,512,1024,2562,128,512,4096,122619,64,512,4096,14751,64,256,512,2109,128,512,2048,2835,256,1024,4096,1149,256,512,4096,1185,64,512,4096,19143,64,256,512,2529,64,256,512,411,128,512,4096,180,128,512,4096,198,128,512,512,171,0,0,0,0,0,0,0,0,0,0,0,0,64,128,128,20,16384,32768,32768,20,14.10,10.70,3.40,0,22,19,3,45,2035,0,138641,39964,19994,54465,0,41,20,0
16964337184100,2117,2048,8192,16384,14702,512,4096,8192,2104,4096,8192,16384,1731,4096,16384,16384,453,8192,16384,16384,17,512,4096,8192,463,512,4096,8192,1711,1024,4096,8192,296,2048,4096,4096,12,1024,65536,262144,21696,1048576,1048576,1048576,42,524288,524288,524288,42,524288,524288,524288,42,512,1024,1024,42,128,32768,32768,42,64,512,4096,3137,128,512,1024,2930,128,512,4096,132315,64,512,2048,15579,64,256,512,2392,64,512,4096,3366,256,1024,4096,1338,256,512,1024,1284,64,512,4096,19566,64,256,1024,2367,64,512,4096,546,64,256,4096,198,128,512,4096,153,128,512,1024,108,0,0,0,0,0,0,0,0,0,0,0,0,64,128,128,21,64,32768,32768,21,14.69,10.80,3.89,0,17,33,6,67,2184,0,137950,41203,21443,55145,0,42,21,0
16965372088800,2117,2048,8192,16384,14451,512,4096,8192,2105,4096,8192,16384,1716,4096,16384,16384,391,8192,16384,16384,21,512,4096,8192,415,512,4096,8192,1717,1024,4096,8192,303,2048,8192,8192,20,64,65536,131072,21340,1048576,1048576,1048576,41,524288,524288,524288,41,524288,524288,524288,41,512,1024,1024,41,64,1024,2048,41,64,512,4096,2661,128,512,4096,2661,128,512,4096,130059,64,512,2048,15444,64,256,512,2349,64,512,512,2970,256,1024,4096,1374,256,512,4096,1230,64,512,4096,20025,64,256,512,2385,64,512,512,465,128,512,512,180,128,512,4096,189,128,256,4096,180,0,0,0,0,0,0,0,0,0,0,0,0,64,128,128,21,64,128,128,21,15.86,12.09,3.78,0,21,33,4,54,2107,0,136670,40650,21049,57089,0,41,21,0
16966407555900,2054,2048,8192,16384,13816,512,4096,8192,2098,4096,8192,16384,1676,4096,16384,16384,404,8192,16384,16384,25,512,4096,8192,461,512,4096,8192,1707,1024,8192,8192,290,2048,4096,4096,21,1024,65536,262144,20689,1048576,1048576,1048576,42,524288,524288,524288,42,524288,524288,524288,42,512,1024,1024,42,64,8192,65536,42,128,512,4096,2662,64,512,1024,3229,128,512,4096,124344,64,512,2048,15084,64,256,512,2184,64,512,1024,2988,256,1024,4096,1212,256,512,4096,1293,64,512,4096,20304,64,256,1024,2511,64,512,4096,570,64,512,512,180,128,512,4096,225,128,256,512,189,0,0,0,0,0,0,0,0,0,0,0,0,64,128,128,21,128,128,256,21,15.08,11.18,3.90,0,25,43,1,47,2080,63,135610,39447,20429,55293,0,42,21,0
16967442660300,2054,2048,8192,16384,14136,512,4096,8192,2081,4096,8192,16384,1647,4096,16384,16384,425,8192,8192,8192,22,512,4096,8192,413,512,4096,8192,1650,1024,4096,8192,279,2048,4096,4096,7,512,65536,131072,20846,1048576,1048576,1048576,41,524288,524288,524288,41,524288,524288,524288,41,512,1024,1024,41,64,32768,65536,41,64,512,1024,2613,128,512,1024,2613,128,512,4096,127224,64,512,1024,14823,64,256,512,2182,128,512,4096,3267,256,1024,4096,1220,256,512,1024,1247,64,512,4096,20061,64,256,512,2295,64,256,1024,501,128,256,512,198,128,512,512,198,128,512,512,63,0,0,0,0,0,0,0,0,0,0,0,0,64,128,128,20,64,128,128,20,15.36,10.95,4.41,0,22,28,0,41,2072,0,134384,40404,20573,55943,0,41,20,0
16968476649100,2054,2048,8192,16384,14226,512,4096,8192,2165,4096,8192,16384,1651,4096,16384,16384,429,8192,8192,8192,26,512,4096,4096,427,512,4096,8192,1651,1024,4096,8192,282,2048,8192,8192,15,512,65536,262144,21048,1048576,1048576,1048576,41,262144,524288,524288,41,524288,524288,524288,41,512,1024,1024,41,64,1024,32768,41,128,512,2048,2537,128,512,2048,2537,128,512,4096,128034,128,512,4096,14859,64,256,512,2169,128,512,4096,2970,256,1024,4096,1326,256,512,2048,1317,64,512,2048,19746,64,256,512,2403,64,256,512,516,128,512,1024,234,128,512,4096,234,128,512,4096,135,1024,2048,2048,11,1024,1024,1024,7,64,64,64,18,64,64,64,21,64,128,128,21,13.23,11.34,1.89,7,26,35,0,35,2080,0,133686,40899,20827,54441,0,41,21,0
16969513170700,2065,2048,8192,16384,13955,512,4096,8192,2271,4096,8192,16384,1713,4096,8192,16384,409,8192,8192,8192,15,512,4096,8192,431,512,4096,8192,1666,1024,4096,8192,274,2048,8192,8192,20,512,65536,262144,20899,1048576,1048576,1048576,42,524288,524288,524288,42,524288,524288,524288,42,256,512,512,42,128,16384,32768,42,128,512,1024,2602,128,512,4096,2503,128,512,4096,125595,128,512,1024,15417,64,256,512,2073,128,512,1024,3069,256,1024,4096,1176,256,512,4096,1131,64,512,4096,19836,64,256,512,2457,64,256,512,480,64,512,512,108,128,512,4096,135,128,512,1024,180,1024,2048,2048,44,1024,1024,1024,46,64,64,64,90,64,128,128,21,64,32768,32768,21,13.81,9.67,4.14,46,15,32,0,56,2122,0,131589,40507,20718,60245,0,42,21,0
16970549007900,2120,2048,8192,16384,14294,512,4096,8192,2118,4096,8192,16384,1654,4096,16384,16384,445,8192,8192,8192,27,512,4096,8192,421,512,4096,8192,1710,1024,4096,8192,303,2048,4096,4096,13,512,65536,262144,21181,1048576,1048576,1048576,41,262144,524288,524288,41,524288,524288,524288,41,256,1024,1024,41,64,32768,65536,41,64,512,4096,3198,128,512,4096,2703,128,512,4096,128646,64,512,1024,14886,64,256,512,2176,128,512,4096,3474,256,1024,4096,1326,256,512,4096,1290,64,512,4096,19467,64,256,512,2403,64,256,512,525,64,512,512,234,128,512,1024,243,128,512,512,117,1024,2048,2048,8,512,1024,1024,10,64,64,64,18,64,128,128,20,16384,65536,65536,20,13.70,11.43,2.26,10,27,31,3,42,2099,0,129254,41977,20948,62235,0,41,20,0
16971582678600,2120,2048,8192,16384,14402,512,4096,8192,2120,4096,8192,16384,1709,4096,16384,16384,475,8192,8192,8192,20,512,4096,8192,443,512,4096,8192,1741,1024,4096,8192,300,2048,8192,8192,15,1024,65536,262144,21399,1048576,1048576,1048576,42,524288,524288,524288,42,524288,524288,524288,42,256,512,1024,42,64,16384,32768,42,128,512,4096,2766,128,512,1024,2766,128,512,4096,129618,64,512,1024,15381,64,256,512,2374,128,512,2048,3195,256,1024,4096,1272,256,512,1024,1317,64,512,4096,20133,64,256,1024,2394,64,256,4096,492,128,512,512,216,128,512,2048,180,128,512,512,135,0,0,0,0,0,0,0,0,0,0,0,0,64,128,128,21,64,128,128,21,15.50,10.96,4.54,0,20,33,6,50,2184,0,127299,41708,21130,60209,0,42,21,0
16972618685500,2120,2048,8192,16384,14544,512,4096,8192,2108,4096,8192,16384,1716,4096,16384,16384,409,8192,16384,16384,21,512,4096,8192,457,512,4096,8192,1705,1024,4096,8192,272,4096,8192,8192,18,256,65536,262144,21406,1048576,1048576,1048576,41,524288,524288,524288,41,524288,524288,524288,41,512,512,1024,41,64,128,16384,41,128,512,4096,2910,128,512,4096,2910,128,512,4096,130896,128,512,4096,15444,64,256,1024,2161,128,512,4096,2808,256,1024,4096,1293,256,512,4096,1266,64,512,4096,20070,64,256,512,2592,64,256,4096,462,64,512,1024,189,128,512,4096,189,128,512,4096,162,0,0,0,0,0,0,0,0,0,0,0,0,64,128,128,21,64,128,128,21,14.95,11.56,3.39,0,21,36,7,55,2125,0,125746,41597,21149,58980,0,41,21,0
16973644919100,2120,2048,8192,16384,14389,512,4096,8192,2112,4096,8192,16384,1715,4096,16384,16384,463,8192,8192,8192,27,512,4096,8192,425,512,4096,8192,1705,1024,4096,8192,320,2048,8192,8192,12,256,65536,262144,21328,1048576,1048576,1048576,41,524288,524288,524288,41,524288,524288,524288,41,512,1024,2048,41,64,2048,32768,41,64,512,1024,2658,128,512,1024,2658,128,512,4096,129501,64,512,4096,15435,64,256,512,2374,128,512,1024,3069,256,1024,4096,1229,256,512,1024,1292,64,512,4096,20997,64,256,512,2484,64,512,4096,540,64,256,4096,261,128,512,4096,243,128,512,1024,108,0,0,0,0,0,0,0,0,0,0,0,0,64,128,128,20,64,128,128,20,13.70,9.93,3.77,0,27,27,11,51,2178,0,124807,40585,21056,56052,0,41,20,0
16974661202300,2120,2048,8192,16384,13664,512,4096,8192,2095,4096,8192,16384,1617,4096,16384,16384,433,8192,16384,16384,28,512,4096,8192,413,512,4096,8192,1636,1024,4096,8192,288,2048,8192,8192,13,256,65536,262144,20350,1048576,1048576,1048576,41,524288,524288,524288,41,524288,524288,524288,41,512,1024,1024,41,128,65536,65536,41,128,512,4096,2837,128,512,1024,2837,128,512,4096,122976,64,512,1024,14553,64,256,512,2226,128,512,1024,2898,256,1024,4096,1227,256,512,4096,1299,64,512,4096,20592,64,256,512,2601,64,256,1024,426,64,256,512,243,128,1024,4096,252,128,512,4096,117,0,0,0,0,0,0,0,0,0,0,0,0,64,128,128,21,64,128,128,21,14.31,10.99,3.32,0,28,43,1,49,2050,0,124105,38875,20042,54681,0,41,21,0
16975680238100,2133,2048,8192,16384,14556,512,4096,8192,2125,4096,8192,16384,1729,4096,16384,16384,433,8192,16384,16384,19,512,4096,8192,414,512,4096,8192,1678,1024,8192,8192,263,4096,16384,16384,13,512,65536,262144,21404,1048576,1048576,1048576,41,524288,524288,524288,41,524288,524288,524288,41,512,1024,1024,41,64,4096,8192,41,64,512,4096,2918,128,512,1024,2801,128,512,4096,131004,64,512,4096,15561,64,256,512,2161,128,512,1024,3150,256,1024,4096,1301,256,512,4096,1265,64,512,4096,20943,64,512,2048,2376,64,512,4096,426,64,256,1024,171,128,1024,4096,171,128,512,4096,117,0,0,0,0,0,0,0,0,0,0,0,0,64,128,128,20,64,32768,32768,20,15.07,11.37,3.70,0,19,36,1,57,2162,0,122855,40844,21127,58156,0,41,20,0
16976701539300,2119,2048,8192,16384,14093,512,4096,8192,2043,4096,8192,16384,1682,4096,16384,16384,429,8192,16384,16384,19,512,4096,8192,427,512,4096,8192,1721,1024,4096,8192,314,2048,4096,4096,13,64,65536,262144,20912,1048576,1048576,1048576,40,524288,524288,524288,40,524288,524288,524288,40,512,1024,1024,40,64,8192,16384,40,64,512,4096,2888,64,512,1024,3014,128,512,4096,126837,64,512,1024,15138,64,256,512,2063,64,512,4096,2988,256,1024,4096,1259,256,512,4096,1169,64,512,4096,20034,64,256,512,2538,64,512,4096,432,64,256,4096,153,128,512,4096,171,128,512,4096,117,0,0,0,0,0,0,0,0,0,0,0,0,64,128,128,20,16384,65536,65536,20,15.92,11.72,4.20,0,19,43,1,47,2111,65,121850,40720,20681,56649,0,40,20,0
16977721360300,2119,2048,8192,16384,14070,512,4096,8192,2160,4096,8192,16384,1665,4096,16384,16384,447,8192,8192,16384,31,512,4096,8192,470,512,4096,8192,1715,1024,4096,8192,284,2048,4096,4096,12,64,65536,262144,21007,1048576,1048576,1048576,41,524288,524288,524288,41,524288,524288,524288,41,1024,2048,2048,41,64,1024,16384,41,128,512,4096,2840,128,512,1024,2840,128,512,4096,126630,128,512,4096,14985,64,256,512,2381,128,512,1024,2763,256,1024,2048,1215,256,512,512,1314,64,512,4096,19314,64,256,1024,2259,64,256,4096,525,128,512,512,270,128,512,1024,279,128,512,512,108,0,0,0,0,0,0,0,0,0,0,0,0,64,128,128,21,64,128,128,21,15.20,10.99,4.22,0,31,26,0,39,2112,0,120628,41083,20746,57449,0,41,21,0
16978742049800,2119,2048,8192,16384,14310,512,4096,8192,2017,4096,8192,16384,1711,4096,16384,16384,429,8192,8192,8192,18,512,4096,8192,423,512,4096,8192,1673,1024,8192,8192,294,4096,4096,8192,21,512,65536,262144,21073,1048576,1048576,1048576,41,524288,524288,524288,41,524288,524288,524288,41,512,1024,1024,41,128,16384,65536,41,128,512,4096,2402,128,512,4096,2402,128,512,4096,128790,128,512,4096,15399,64,256,512,2203,64,512,4096,3177,256,1024,2048,1339,256,512,1024,1411,64,512,4096,20151,64,512,512,2520,64,256,2048,510,128,512,4096,198,128,512,512,162,128,512,2048,189,2048,2048,2048,14,512,1024,1024,11,64,64,64,25,64,128,128,20,64,256,256,20,14.29,10.08,4.21,11,18,29,0,56,2140,0,119748,40548,20835,56073,0,41,20,0
16979762362100,2119,2048,8192,16384,14206,512,4096,8192,2106,4096,8192,16384,1705,4096,16384,16384,403,8192,8192,16384,24,512,4096,4096,443,512,4096,8192,1700,1024,4096,8192,283,2048,4096,4096,14,256,65536,262144,21077,1048576,1048576,1048576,41,524288,524288,524288,41,524288,524288,524288,41,512,1024,1024,41,64,128,4096,41,128,512,4096,2824,128,512,4096,2824,128,512,4096,127854,128,512,4096,15345,64,256,1024,2184,128,512,4096,2898,256,1024,2048,1218,256,512,4096,1227,64,512,4096,19611,64,256,512,2412,64,256,512,618,128,512,512,189,128,512,4096,216,128,512,512,126,1024,2048,2048,49,1024,1024,1024,47,64,64,128,96,64,128,128,21,64,128,128,21,13.15,11.36,1.79,47,24,33,0,50,2108,0,118560,40411,20885,57111,0,41,21,0
16980783842200,2119,2048,8192,16384,14264,512,4096,8192,2111,4096,8192,16384,1663,4096,16384,16384,412,8192,16384,16384,20,512,4096,8192,389,512,4096,8192,1687,1024,4096,8192,295,2048,4096,4096,11,512,65536,524288,21026,1048576,1048576,1048576,41,524288,524288,524288,41,524288,524288,524288,41,512,512,1024,41,64,4096,32768,41,128,512,4096,2953,128,512,1024,2953,128,512,4096,128376,64,512,4096,14967,64,256,512,2005,128,512,1024,3105,256,1024,4096,1169,256,512,4096,1169,64,512,4096,19836,64,256,512,2511,64,256,512,579,64,256,512,180,128,512,4096,180,128,512,512,99,2048,2048,2048,2,1024,1024,1024,7,64,64,64,9,64,128,128,20,64,128,128,20,13.88,10.70,3.18,7,20,22,0,45,2075,0,117352,41296,20814,57812,0,41,20,0
16981802085000,2119,2048,8192,16384,14338,512,4096,8192,2065,4096,8192,16384,1681,4096,16384,16384,416,8192,8192,8192,17,512,4096,8192,451,512,4096,8192,1696,1024,4096,8192,287,2048,8192,8192,8,512,65536,131072,21152,1048576,1048576,1048576,40,524288,524288,524288,40,524288,524288,524288,40,512,512,512,40,64,256,65536,41,128,512,4096,2551,128,512,1024,2551,128,512,4096,129042,64,512,4096,15129,64,256,512,2090,128,512,2048,3069,256,1024,2048,1251,256,512,4096,1134,64,512,4096,18873,64,256,512,2241,64,256,512,552,64,256,512,144,128,512,4096,153,128,512,4096,72,0,0,0,0,0,0,0,0,0,0,0,0,64,128,128,21,64,128,128,21,14.32,11.13,3.20,0,17,21,0,57,2097,0,116381,41300,20918,56945,0,40,21,0
16982823136700,2163,2048,8192,16384,14058,512,4096,8192,1978,4096,8192,16384,1718,4096,16384,16384,452,8192,8192,8192,16,512,4096,8192,463,512,4096,8192,1726,1024,4096,8192,273,4096,16384,16384,14,256,65536,262144,20869,1048576,1048576,1048576,41,524288,524288,524288,41,524288,524288,524288,41,512,1024,1024,41,128,32768,65536,40,64,512,1024,3235,128,512,1024,2839,128,512,4096,126522,64,512,1024,15462,64,256,512,2373,128,512,4096,3366,256,1024,4096,1197,256,512,1024,1314,64,512,4096,19116,64,256,512,2565,64,512,512,506,64,512,512,234,128,512,1024,144,128,512,512,126,0,0,0,0,0,0,0,0,0,0,0,0,64,128,128,20,128,65536,65536,20,13.01,9.18,3.83,0,16,28,0,38,2170,0,115085,39452,20586,57364,0,41,20,0
16983843720100,2183,2048,8192,16384,14477,512,4096,8192,2163,4096,8192,16384,1714,4096,16384,16384,426,8192,8192,8192,26,512,4096,8192,407,512,4096,8192,1712,1024,4096,8192,312,2048,4096,4096,10,512,65536,131072,21430,1048576,1048576,1048576,41,524288,524288,524288,41,524288,524288,524288,41,512,1024,1024,41,64,128,32768,41,128,512,4096,3052,128,512,1024,2872,128,512,4096,130293,64,512,1024,15426,64,256,512,2190,128,512,1024,3204,256,1024,4096,1279,256,512,4096,1189,64,512,4096,19611,64,256,512,2250,64,512,4096,549,64,256,4096,153,64,512,1024,234,128,512,512,90,0,0,0,0,0,0,0,0,0,0,0,0,64,128,128,20,64,32768,32768,20,15.32,12.51,2.81,0,26,21,0,49,2140,0,113657,40384,21085,58533,0,41,20,0
16984862883100,2183,2048,8192,16384,14439,512,4096,8192,2314,4096,8192,16384,1714,4096,8192,16384,446,8192,16384,16384,19,512,4096,8192,453,512,4096,8192,1729,1024,4096,8192,277,2048,4096,4096,13,1024,65536,262144,21579,1048576,1048576,1048576,41,524288,524288,524288,41,524288,524288,524288,41,512,1024,1024,41,64,4096,32768,41,128,512,1024,2609,64,512,1024,2609,128,512,4096,129951,64,512,1024,15426,64,256,512,2189,128,512,1024,3195,256,1024,4096,1346,256,512,1024,1319,64,512,4096,20637,64,256,512,2430,64,512,4096,534,128,256,512,153,128,512,4096,171,128,512,512,117,0,0,0,0,0,0,0,0,0,0,0,0,64,128,128,21,64,128,128,21,13.67,10.99,2.68,0,19,20,0,46,2161,0,112095,40083,21277,58526,0,41,21,0
16985883530700,2183,2048,8192,16384,14559,512,4096,8192,2082,4096,8192,16384,1729,4096,16384,16384,448,8192,16384,16384,16,512,4096,8192,422,512,4096,8192,1755,1024,8192,8192,332,2048,8192,8192,18,512,65536,262144,21526,1048576,1048576,1048576,41,524288,524288,524288,41,524288,524288,524288,41,512,1024,1024,41,64,128,16384,41,128,512,1024,2933,128,512,1024,2933,128,512,4096,131031,64,512,1024,15561,64,256,512,2359,128,512,1024,3303,256,1024,1024,1239,256,512,1024,1266,64,512,4096,20970,64,256,512,2466,64,256,512,485,64,256,2048,180,128,512,4096,144,128,512,512,162,0,0,0,0,0,0,0,0,0,0,0,0,64,128,128,20,128,128,128,20,14.80,11.61,3.19,0,16,24,0,60,2176,0,110813,41049,21245,57805,0,41,20,0
16986903041200,2118,2048,8192,16384,14329,512,4096,8192,2284,4096,8192,16384,1731,4096,16384,16384,449,8192,16384,16384,25,512,4096,8192,470,512,4096,8192,1708,1024,4096,8192,285,2048,4096,4096,15,256,65536,262144,21467,1048576,1048576,1048576,41,524288,524288,524288,41,524288,524288,524288,41,512,1024,1024,41,64,128,2048,41,128,512,4096,2735,64,512,1024,3320,128,512,4096,128961,64,512,1024,15579,64,256,512,2486,128,512,1024,3168,256,1024,4096,1289,256,512,1024,1289,64,512,4096,20052,64,512,512,2763,64,512,1024,558,64,256,512,198,128,512,4096,225,128,512,512,135,0,0,0,0,0,0,0,0,0,0,0,0,64,128,128,21,64,128,128,21,14.17,9.44,4.72,0,25,24,0,46,2180,65,109339,39374,21172,58091,0,41,21,0
16987924980000,2118,2048,8192,16384,14240,512,4096,8192,2075,4096,8192,16384,1702,4096,8192,16384,445,8192,16384,16384,17,512,4096,8192,447,512,4096,8192,1680,1024,4096,8192,293,2048,4096,4096,17,256,65536,262144,21068,1048576,1048576,1048576,40,524288,524288,524288,40,524288,524288,524288,40,256,512,512,40,64,1024,8192,40,128,512,4096,2644,128,512,1024,2644,128,512,4096,128160,64,512,4096,15318,64,256,512,2202,128,512,1024,2979,256,1024,4096,1271,256,512,4096,1199,64,512,4096,18441,64,256,512,2151,64,256,2048,728,64,256,256,135,128,512,4096,153,64,512,512,153,0,0,0,0,0,0,0,0,0,0,0,0,64,128,128,20,64,128,128,20,14.79,11.60,3.19,0,17,16,0,56,2147,0,108449,41814,20818,57466,0,40,20,0
16988944299700,2164,2048,8192,16384,13997,512,4096,4096,1865,4096,8192,16384,1657,4096,16384,16384,423,8192,8192,8192,17,512,4096,8192,419,512,4096,8192,1686,1024,4096,8192,268,2048,8192,8192,16,512,65536,262144,20509,1048576,1048576,1048576,41,524288,524288,524288,41,524288,524288,524288,41,512,1024,1024,41,64,32768,65536,41,64,512,1024,3028,128,512,1024,2614,128,512,4096,125973,64,512,2048,14913,64,256,512,2090,128,512,1024,3087,256,1024,4096,1260,256,512,1024,1251,64,512,4096,20691,64,256,512,2223,64,256,1024,462,64,512,512,189,128,512,512,153,128,512,512,144,1024,2048,2048,27,512,1024,1024,19,64,64,256,46,64,128,128,20,16384,65536,65536,20,14.56,11.63,2.94,19,17,18,0,42,2080,0,106954,41078,20321,58952,0,41,20,0
16989964227500,2181,2048,8192,16384,14858,512,4096,8192,2158,4096,8192,16384,1780,4096,16384,16384,477,8192,8192,16384,22,512,4096,8192,443,512,4096,8192,1768,1024,8192,16384,299,4096,16384,16384,11,512,65536,262144,21980,1048576,1048576,1048576,41,524288,524288,524288,41,524288,524288,524288,41,256,512,512,41,64,2048,32768,41,128,512,4096,3080,128,512,1024,2927,128,512,4096,133722,128,512,1024,16020,64,256,512,2526,128,512,1024,3150,256,1024,4096,1311,256,512,4096,1374,64,512,4096,20340,64,512,2048,2673,64,256,512,624,128,256,512,207,128,512,4096,198,128,1024,16384,99,1024,2048,2048,35,512,1024,1024,41,64,128,256,76,64,128,128,21,64,32768,32768,21,13.91,10.47,3.45,41,22,17,0,45,2257,0,106066,41166,21729,58093,0,41,21,0
16990984690200,2181,2048,8192,16384,14783,512,4096,8192,2145,4096,8192,16384,1730,4096,16384,16384,465,8192,8192,8192,22,512,4096,8192,435,512,4096,8192,1745,1024,4096,8192,315,4096,8192,8192,15,512,65536,262144,21841,1048576,1048576,1048576,41,524288,524288,524288,41,524288,524288,524288,41,512,1024,1024,41,64,2048,32768,41,128,512,4096,2581,128,512,4096,2581,128,512,4096,133047,128,512,1024,15570,64,256,512,2696,128,512,1024,3366,256,1024,4096,1209,256,512,1024,1308,64,512,1024,21240,64,256,512,2358,64,256,512,689,64,512,512,261,128,512,1024,198,128,512,512,135,2048,2048,2048,3,512,1024,1024,5,64,64,64,8,64,128,128,20,64,128,128,20,16.34,11.36,4.98,5,22,16,0,47,2195,0,104582,41197,21554,59653,0,41,20,0
16992004142700,2181,2048,8192,16384,14363,512,4096,8192,2163,4096,8192,16384,1718,4096,16384,32768,423,8192,8192,8192,26,512,4096,8192,455,512,4096,8192,1766,1024,4096,8192,281,2048,4096,4096,11,512,65536,262144,21417,1048576,1048576,1048576,41,524288,524288,524288,41,524288,524288,524288,41,512,1024,1024,41,64,32768,32768,41,128,512,4096,2804,128,512,1024,2804,128,512,4096,129267,128,512,1024,15462,64,256,512,2271,128,512,1024,3087,256,1024,4096,1158,256,512,1024,1257,64,512,4096,20502,64,512,1024,2484,64,512,512,480,128,256,512,198,128,512,4096,234,128,512,1024,99,0,0,0,0,0,0,0,0,0,0,0,0,64,128,128,21,64,128,256,21,14.68,10.98,3.70,0,26,19,0,56,2141,0,103388,40191,21104,57988,0,41,21,0
16993024714500,2181,2048,8192,16384,14516,512,4096,8192,2212,4096,8192,16384,1709,4096,16384,16384,424,8192,8192,8192,23,512,4096,8192,435,512,4096,8192,1694,1024,4096,8192,321,4096,8192,8192,22,256,65536,262144,21529,1048576,1048576,1048576,40,524288,524288,524288,40,524288,524288,524288,40,512,1024,1024,40,64,4096,32768,40,128,512,4096,2739,128,512,1024,2739,128,512,4096,130644,64,512,1024,15381,64,256,512,2394,128,512,4096,2709,256,1024,1024,1311,256,512,1024,1347,64,512,2048,19584,64,256,512,2376,64,256,512,618,64,256,512,234,128,512,512,207,128,512,4096,198,0,0,0,0,0,0,0,0,0,0,0,0,64,128,128,20,64,128,128,20,16.08,12.00,4.08,0,23,16,0,52,2133,0,102173,41461,21228,58684,0,40,20,0
16994044902000,2181,2048,8192,16384,14802,512,4096,8192,2352,4096,8192,16384,1754,4096,16384,16384,424,8192,8192,8192,27,512,4096,8192,442,512,4096,8192,1724,1024,4096,8192,296,2048,4096,4096,18,128,65536,262144,22045,1048576,1048576,1048576,41,524288,524288,524288,41,524288,524288,524288,41,512,1024,1024,41,64,8192,32768,41,128,512,4096,2858,128,512,4096,2858,128,512,4096,133218,64,512,1024,15786,64,256,512,2280,128,512,1024,2970,256,1024,4096,1245,256,512,1024,1236,64,512,2048,20484,64,256,512,2538,64,256,512,558,128,512,512,189,128,512,1024,243,128,512,512,162,0,0,0,0,0,0,0,0,0,0,0,0,64,128,128,20,64,128,128,20,16.08,12.12,3.96,0,27,12,0,46,2178,0,101648,39211,21377,54600,422,41,20,0
16995067043000,2198,2048,8192,16384,14700,512,4096,8192,2602,4096,8192,16384,1760,4096,8192,16384,435,8192,16384,16384,16,512,4096,8192,448,512,4096,8192,1760,1024,4096,8192,292,2048,8192,8192,16,128,65536,262144,22255,1048576,1048576,1048576,41,524288,524288,524288,41,524288,524288,524288,41,256,512,512,41,64,1024,16384,41,64,512,4096,2866,128,512,1024,2713,128,512,4096,132300,64,512,4096,15840,64,256,1024,2341,128,512,1024,3393,256,1024,4096,1377,256,512,4096,1278,64,512,2048,20358,64,256,512,2331,64,256,2048,366,64,512,512,90,128,1024,4096,144,128,256,512,144,0,0,0,0,0,0,0,0,0,0,0,0,64,128,128,21,64,32768,32768,21,15.92,11.59,4.33,0,16,14,0,40,2195,0,100592,41679,21955,57945,0,41,21,0
16996085777800,2244,2048,8192,16384,14595,512,4096,8192,1821,4096,8192,16384,1727,4096,16384,16384,426,8192,8192,8192,15,512,4096,8192,441,512,4096,8192,1739,1024,4096,8192,279,2048,8192,8192,15,1024,65536,262144,21237,1048576,1048576,1048576,41,524288,524288,524288,41,524288,524288,524288,41,512,1024,1024,41,64,128,16384,41,64,512,1024,3275,128,512,1024,2861,128,512,4096,131355,64,512,2048,15543,64,256,512,2173,128,512,1024,3105,256,1024,4096,1110,256,512,1024,1146,64,512,4096,20610,64,512,1024,2574,64,256,512,537,128,256,512,171,128,512,1024,135,128,512,512,135,0,0,0,0,0,0,0,0,0,0,0,0,64,128,128,20,32768,65536,65536,20,13.17,10.23,2.94,0,15,16,7,42,2153,0,98823,41123,20991,60708,0,41,20,0
16997106756400,2177,2048,8192,16384,14512,512,4096,8192,2147,4096,8192,16384,1779,4096,16384,16384,437,8192,8192,8192,21,512,1024,4096,429,512,4096,8192,1805,1024,4096,8192,309,4096,8192,8192,22,512,65536,131072,21665,1048576,1048576,1048576,41,524288,524288,524288,41,524288,524288,524288,41,512,1024,1024,41,64,8192,65536,41,128,512,1024,2923,64,512,1024,3526,128,512,4096,130608,128,512,1024,16011,64,256,512,2391,128,512,1024,3402,256,1024,4096,1332,256,512,4096,1377,64,512,2048,19116,64,256,512,2475,64,512,2048,534,64,256,512,243,128,512,1024,189,128,512,1024,198,0,0,0,0,0,0,0,0,0,0,0,0,64,128,128,21,64,128,128,21,14.54,11.60,2.93,0,21,18,0,41,2216,67,97460,39867,21331,58716,0,41,21,0
16998126550900,2177,2048,8192,16384,14354,512,4096,8192,1980,4096,8192,16384,1744,4096,16384,16384,429,8192,16384,16384,16,512,4096,8192,473,512,4096,8192,1728,1024,4096,8192,301,4096,8192,8192,17,256,65536,262144,21240,1048576,1048576,1048576,40,524288,524288,524288,40,524288,524288,524288,40,256,512,512,40,64,128,4096,40,128,512,2048,2951,128,512,1024,2951,128,512,4096,129186,128,512,2048,15696,64,256,512,2230,128,512,2048,3357,256,1024,2048,1208,256,512,1024,1244,64,512,4096,19827,64,256,512,2322,64,256,512,498,128,512,512,99,128,512,4096,144,128,512,4096,153,0,0,0,0,0,0,0,0,0,0,0,0,64,128,128,20,128,128,128,20,13.78,10.85,2.94,0,16,12,0,44,2173,0,95744,41163,20967,59753,0,40,20,0
16999145763400,2177,2048,8192,16384,14807,512,4096,8192,2115,4096,8192,16384,1708,4096,16384,16384,442,8192,16384,16384,19,512,4096,8192,455,512,4096,8192,1761,1024,4096,8192,309,2048,8192,8192,11,512,65536,262144,21806,1048576,1048576,1048576,41,524288,524288,524288,41,524288,524288,524288,41,512,1024,1024,41,64,32768,65536,41,64,512,4096,2936,128,512,4096,2936,128,512,4096,133263,128,512,1024,15372,64,256,512,2230,128,512,1024,3159,256,1024,4096,1188,256,512,1024,1197,64,512,2048,20331,64,512,512,2745,64,256,512,552,128,512,512,207,128,512,512,171,128,512,4096,99,2048,2048,2048,26,1024,1024,1024,22,64,64,64,48,64,128,128,20,64,128,128,20,17.63,11.75,5.88,22,19,8,0,55,2150,0,94034,41447,21587,60354,0,41,20,0
17000166550000,2177,2048,8192,16384,14610,512,4096,8192,2166,4096,8192,16384,1752,4096,16384,16384,454,8192,8192,8192,18,512,4096,4096,415,512,4096,8192,1700,1024,4096,8192,293,2048,8192,8192,17,512,65536,262144,21605,1048576,1048576,1048576,41,524288,524288,524288,41,524288,524288,524288,41,256,1024,1024,41,64,1024,8192,41,128,512,4096,2788,128,512,4096,2788,128,512,4096,131492,128,512,1024,15768,64,256,512,2239,128,512,1024,3276,256,1024,4096,1236,256,512,1024,1038,64,512,2048,20115,64,512,512,2385,64,256,512,735,64,512,512,135,128,512,1024,162,128,512,512,153,1024,2048,2048,40,512,1024,1024,42,64,64,128,82,64,128,128,21,64,128,128,21,14.55,10.21,4.34,42,18,10,0,34,2206,0,93055,40005,21336,58084,0,41,21,0
17001186890300,2228,2048,8192,16384,14654,512,4096,8192,2180,4096,8192,16384,1742,4096,16384,16384,456,8192,8192,8192,18,512,4096,8192,443,512,4096,8192,1791,1024,4096,8192,311,2048,8192,8192,13,64,65536,131072,21792,1048576,1048576,1048576,41,524288,524288,524288,41,524288,524288,524288,41,512,1024,1024,41,64,256,2048,41,64,512,4096,3179,128,512,1024,2720,128,512,4096,131884,128,512,4096,15678,64,256,512,2525,128,512,1024,3294,256,1024,2048,1451,256,512,4096,1289,64,512,2048,20394,64,256,512,2556,64,256,512,588,64,512,512,180,128,512,512,162,128,512,1024,117,0,0,0,1,512,1024,1024,3,64,64,64,4,64,128,128,20,16384,65536,65536,20,15.32,12.25,3.06,3,18,3,0,54,2198,0,91340,41825,21491,61180,0,41,20,0
17002208032700,2240,2048,8192,16384,14994,512,4096,8192,2229,4096,8192,16384,1762,4096,16384,16384,476,8192,8192,8192,18,512,4096,8192,446,512,4096,8192,1782,1024,8192,8192,273,2048,4096,4096,20,512,65536,262144,22191,1048576,1048576,1048576,41,524288,524288,524288,41,524288,524288,524288,41,512,1024,1024,41,64,2048,16384,41,128,512,4096,2796,128,512,1024,2688,128,512,4096,134946,128,512,1024,15858,64,256,512,2246,128,512,1024,3501,512,1024,4096,1308,256,512,1024,1308,64,512,4096,20709,64,256,1024,2628,64,256,512,645,128,256,512,180,128,512,512,162,128,512,512,180,0,0,0,0,0,0,0,0,0,0,0,0,64,128,128,21,64,32768,32768,21,14.28,10.84,3.44,0,18,5,0,46,2238,0,89704,40422,21873,60545,0,41,21,0
17003227139800,2240,2048,8192,16384,14782,512,4096,8192,2222,4096,8192,16384,1742,4096,16384,16384,444,8192,8192,16384,30,512,4096,8192,461,512,4096,8192,1717,1024,4096,8192,331,4096,8192,8192,12,512,65536,262144,21916,1048576,1048576,1048576,40,524288,524288,524288,40,524288,524288,524288,40,512,1024,1024,40,64,2048,32768,41,128,512,1024,2848,128,512,1024,2848,128,512,4096,133038,128,512,1024,15678,64,256,512,2382,128,512,1024,2943,256,1024,4096,1320,256,512,1024,1320,64,512,1024,20511,64,256,512,2484,64,256,512,576,64,512,512,261,128,512,512,270,128,512,1024,108,0,0,0,0,0,0,0,0,0,0,0,0,64,128,128,20,64,128,128,20,15.33,11.63,3.70,0,30,5,0,47,2186,0,88472,40330,21560,58225,0,40,20,0
17004247516100,2240,2048,8192,16384,14943,512,4096,8192,2215,4096,8192,16384,1813,4096,16384,16384,481,8192,16384,16384,18,512,4096,8192,477,512,4096,8192,1814,1024,4096,8192,302,4096,8192,8192,18,1024,65536,131072,22281,1048576,1048576,1048576,41,524288,524288,524288,41,524288,524288,524288,41,512,1024,1024,41,64,128,16384,40,128,512,1024,2736,128,512,1024,2736,128,512,4096,134487,128,512,1024,16317,64,512,512,2410,128,512,1024,3573,256,1024,2048,1256,256,512,1024,1355,64,512,1024,21870,64,512,512,2610,64,256,4096,660,64,256,512,189,128,512,1024,162,128,512,1024,162,0,0,0,0,0,0,0,0,0,0,0,0,64,128,128,20,128,128,128,20,17.36,12.25,5.11,0,18,3,0,47,2294,0,87155,39613,21816,58810,0,41,20,0
17005268678300,2240,2048,8192,16384,14824,512,4096,8192,2228,4096,8192,16384,1799,4096,8192,16384,452,8192,16384,16384,25,512,4096,8192,455,512,4096,8192,1768,1024,4096,8192,304,2048,4096,8192,25,256,65536,131072,22080,1048576,1048576,1048576,41,524288,524288,524288,41,524288,524288,524288,41,512,1024,2048,41,64,8192,32768,41,128,512,4096,3140,128,512,1024,3140,128,512,4096,133416,128,512,1024,16191,64,256,512,2521,128,512,1024,3078,256,1024,4096,1248,256,512,4096,1275,64,512,2048,20205,64,256,512,2853,64,512,4096,639,64,256,512,189,128,512,4096,225,128,512,1024,225,0,0,0,0,0,0,0,0,0,0,0,0,64,64,128,21,128,128,128,21,13.64,10.71,2.93,0,25,3,0,46,2251,0,86261,40652,21715,57009,0,41,21,0
17006288016400,2240,2048,8192,16384,14405,512,4096,8192,2227,4096,8192,16384,1702,4096,16384,16384,468,8192,16384,16384,18,512,4096,8192,422,512,4096,8192,1755,1024,4096,8192,281,2048,4096,4096,14,256,65536,262144,21454,1048576,1048576,1048576,41,524288,524288,524288,41,524288,524288,524288,41,256,1024,1024,41,64,4096,16384,41,128,512,1024,2934,128,512,4096,2934,128,512,4096,129645,128,512,4096,15318,64,256,512,2557,128,512,1024,2862,256,1024,4096,1343,256,512,1024,1289,64,512,4096,21717,64,256,1024,2520,64,256,512,456,64,512,512,171,128,512,4096,162,128,512,512,126,0,0,0,0,0,0,0,0,0,0,0,0,64,128,128,20,64,128,128,20,13.92,11.37,2.56,0,18,7,0,57,2170,0,85795,41345,21120,55881,0,41,20,0
17007308887900,2206,2048,8192,16384,14518,512,4096,4096,2195,4096,8192,16384,1817,4096,16384,16384,439,8192,8192,8192,19,512,4096,8192,457,512,4096,8192,1853,1024,4096,8192,326,4096,8192,8192,15,1024,65536,262144,21860,1048576,1048576,1048576,41,524288,524288,524288,41,524288,524288,524288,41,512,1024,1024,41,64,8192,65536,41,64,512,4096,3149,64,512,4096,3455,128,512,4096,130662,128,512,1024,16353,64,512,512,2376,128,512,1024,3213,256,1024,4096,1277,256,512,1024,1259,64,512,4096,20583,64,256,512,2790,64,512,512,441,64,512,4096,171,128,512,512,171,128,512,4096,135,0,0,0,0,0,0,0,0,0,0,0,0,64,128,128,21,128,65536,65536,21,13.90,11.60,2.30,0,19,9,0,46,2256,67,84897,40098,21521,57033,0,41,21,0
17008329124500,2236,2048,8192,16384,14697,512,4096,8192,2210,4096,8192,16384,1754,4096,16384,16384,430,8192,16384,16384,19,512,4096,8192,480,512,4096,8192,1720,1024,8192,8192,302,4096,8192,8192,14,1024,65536,131072,21807,1048576,1048576,1048576,41,524288,524288,524288,41,524288,524288,524288,41,512,1024,1024,41,64,8192,65536,41,128,512,1024,3242,128,512,1024,2972,128,512,4096,132273,128,512,1024,15786,64,512,512,2284,128,512,1024,3015,256,1024,4096,1239,256,512,1024,1239,128,512,4096,21060,128,512,1024,2808,64,512,512,498,128,512,512,162,128,1024,4096,171,256,512,4096,126,0,0,0,0,0,0,0,0,0,0,0,0,64,128,128,20,128,65536,65536,20,15.70,11.10,4.59,0,19,11,3,52,2184,0,83790,40820,21519,58493,0,41,20,0
17009350289600,2236,2048,8192,16384,14888,512,4096,8192,2266,4096,8192,16384,1747,4096,16384,16384,465,8192,8192,8192,19,512,4096,8192,439,512,4096,8192,1735,1024,4096,8192,295,2048,8192,8192,16,512,65536,262144,22066,1048576,1048576,1048576,40,524288,524288,524288,40,524288,524288,524288,40,512,1024,1024,40,64,8192,16384,40,128,512,2048,2826,128,512,1024,2826,128,512,4096,133992,128,512,1024,15723,64,512,512,2409,128,512,1024,3294,256,1024,2048,1226,256,512,1024,1280,128,512,1024,20007,64,256,512,2448,64,512,1024,579,128,512,512,162,128,256,512,171,128,512,4096,144,1024,2048,2048,32,1024,1024,1024,31,64,64,128,63,64,128,128,20,64,128,128,20,16.32,11.22,5.10,31,19,30,6,54,2212,0,82978,39819,21783,57064,0,40,20,0
17010368766500,2236,2048,8192,16384,15051,512,4096,8192,2181,4096,8192,16384,1754,4096,16384,16384,417,8192,8192,8192,18,512,4096,8192,441,512,4096,8192,1764,1024,4096,8192,286,4096,4096,4096,21,1024,65536,524288,22135,1048576,1048576,1048576,41,524288,524288,524288,41,524288,524288,524288,41,512,1024,1024,41,64,32768,65536,41,128,512,1024,2696,128,512,4096,2696,128,512,4096,135459,128,512,1024,15786,64,256,512,2109,128,512,1024,3114,256,1024,4096,1176,256,512,1024,1221,64,512,2048,20754,64,256,1024,2358,64,256,512,489,64,512,4096,189,128,512,1024,162,128,512,1024,189,1024,2048,2048,35,1024,1024,1024,34,64,64,64,69,64,128,128,21,64,128,128,21,13.17,10.10,3.07,34,18,28,1,47,2171,0,82080,40859,21864,57338,0,41,21,0
17011389435600,2236,2048,8192,16384,14762,512,4096,8192,2503,4096,8192,16384,1800,4096,16384,16384,439,8192,8192,8192,30,512,1024,8192,470,512,4096,8192,1790,1024,4096,8192,295,2048,4096,4096,16,64,65536,524288,22300,1048576,1048576,1048576,41,524288,524288,524288,41,524288,524288,524288,41,512,1024,1024,41,64,8192,32768,41,128,512,4096,3053,128,512,1024,3053,128,512,4096,132858,64,512,1024,16200,64,256,512,2346,64,512,1024,3339,256,1024,1024,1212,256,512,1024,1329,64,512,4096,20286,64,256,512,2232,64,512,4096,612,64,512,512,270,128,512,1024,270,64,512,1024,144,0,0,0,0,512,512,512,2,64,64,64,2,64,128,128,20,128,128,128,20,15.30,11.99,3.32,2,30,20,3,36,2239,0,81508,41889,21971,55920,0,41,20,0
17012409822900,2236,2048,8192,16384,14823,512,4096,8192,1948,4096,8192,16384,1778,4096,16384,16384,453,8192,16384,16384,24,512,4096,8192,439,512,4096,8192,1789,1024,4096,8192,337,2048,4096,4096,11,512,65536,262144,21807,1048576,1048576,1048576,41,524288,524288,524288,41,524288,524288,524288,41,512,1024,1024,41,64,2048,16384,41,128,512,4096,2637,128,512,4096,2637,128,512,4096,133407,64,512,2048,16002,64,256,512,2340,128,512,1024,3402,256,1024,1024,1302,256,512,1024,1293,64,512,4096,20340,64,512,512,2682,64,256,4096,543,128,256,512,207,128,512,4096,216,128,512,512,99,0,0,0,0,0,0,0,0,0,0,0,0,64,128,128,21,64,128,128,21,15.44,11.36,4.08,0,24,44,0,53,2231,0,80552,41413,21517,57994,0,41,21,0
17013429651700,2236,2048,8192,16384,14182,512,4096,8192,2219,4096,8192,16384,1775,4096,16384,16384,449,8192,8192,8192,18,512,4096,8192,463,512,4096,8192,1772,1024,4096,8192,296,4096,8192,8192,14,256,65536,262144,21399,1048576,1048576,1048576,41,524288,524288,524288,41,524288,524288,524288,41,512,1024,1024,41,128,16384,32768,41,128,512,4096,2799,128,512,4096,2799,128,512,4096,127638,128,512,4096,15975,64,256,512,2420,128,512,4096,3618,256,1024,4096,1311,256,512,1024,1275,64,512,4096,19782,64,512,512,2691,64,512,4096,450,64,256,512,162,128,512,512,162,128,512,4096,126,0,0,0,0,0,0,0,0,0,0,0,0,64,128,128,20,64,128,128,20,12.26,9.07,3.19,0,18,34,3,69,2224,0,80151,40489,21023,55232,0,41,20,0
17014449116900,2262,2048,8192,16384,14845,512,4096,8192,2235,4096,8192,16384,1749,4096,16384,16384,444,8192,16384,16384,18,512,4096,8192,458,512,4096,8192,1772,1024,4096,8192,327,2048,8192,8192,17,512,65536,262144,22048,1048576,1048576,1048576,40,524288,524288,524288,40,524288,524288,524288,40,512,1024,1024,40,64,32768,32768,40,128,512,1024,3309,128,512,1024,3075,128,512,4096,133605,128,512,1024,15741,64,256,512,2015,128,512,1024,3312,256,1024,4096,1179,256,512,1024,1125,64,512,2048,20025,64,256,512,2178,64,256,4096,417,64,512,512,153,128,512,8192,162,128,512,1024,153,0,0,0,0,0,0,0,0,0,0,0,0,64,128,128,20,64,65536,65536,20,12.76,10.47,2.30,0,18,37,2,59,2193,0,78924,41163,21768,58690,0,40,20,0
17015470035900,2301,2048,8192,16384,13800,512,4096,8192,2387,4096,8192,16384,1770,4096,16384,16384,470,8192,8192,8192,21,512,4096,8192,457,512,4096,8192,1758,1024,4096,8192,292,2048,4096,4096,16,128,65536,262144,21154,1048576,1048576,1048576,41,524288,524288,524288,41,524288,524288,524288,41,512,1024,1024,41,64,8192,32768,41,64,512,4096,3188,128,512,1024,2837,128,512,4096,124200,64,512,2048,15930,64,256,512,2354,128,512,1024,3348,256,1024,4096,1281,256,512,4096,1344,64,512,4096,20313,64,512,1024,2664,64,512,512,480,64,512,512,252,128,512,4096,189,128,512,512,144,0,0,0,0,0,0,0,0,0,0,0,0,64,128,128,21,128,65536,65536,21,14.68,10.98,3.70,0,21,52,6,60,2240,0,77715,40349,20687,58611,52,41,21,0
17016491539300,2301,2048,8192,16384,15529,512,4096,8192,2280,4096,8192,16384,1860,4096,16384,16384,476,8192,8192,8192,31,512,4096,8192,474,512,4096,8192,1848,1024,4096,8192,313,2048,4096,4096,12,512,65536,262144,23060,1048576,1048576,1048576,41,524288,524288,524288,41,524288,524288,524288,41,512,1024,1024,41,64,16384,131072,41,128,512,1024,2811,128,512,1024,2811,128,512,4096,139769,64,512,1024,16740,64,256,512,2378,128,512,1024,3636,256,1024,4096,1203,256,512,1024,1167,64,512,2048,19782,64,512,512,2592,64,256,512,516,128,512,1024,234,128,512,1024,279,128,512,512,108,0,0,0,0,0,0,0,0,0,0,0,0,64,128,128,20,128,128,128,20,14.66,11.48,3.19,0,31,44,2,53,2336,0,76426,39935,22611,59267,0,41,20,0
17017510507700,2232,2048,8192,16384,13659,512,4096,8192,2108,4096,8192,16384,1809,4096,8192,16384,489,8192,8192,8192,17,512,4096,8192,448,512,4096,8192,1823,1024,4096,8192,286,2048,4096,4096,14,512,65536,262144,20833,1048576,1048576,1048576,41,524288,524288,524288,41,524288,524288,524288,41,512,1024,1024,41,64,32768,65536,41,128,512,4096,3008,64,512,1024,3629,128,512,4096,122922,128,512,4096,16281,64,256,512,2478,128,512,1024,3573,256,1024,4096,1185,256,512,1024,1203,64,512,4096,18549,64,256,1024,2673,64,512,4096,543,64,512,1024,162,128,512,4096,153,128,512,512,126,0,0,0,0,0,0,0,0,0,0,0,0,64,128,128,21,128,128,128,21,14.05,11.11,2.94,0,17,33,0,64,2298,69,75379,40140,20477,57046,0,41,21,0
17018530654100,2232,2048,8192,16384,14878,512,4096,8192,2456,4096,8192,16384,1741,4096,8192,16384,396,8192,8192,8192,26,512,4096,4096,449,512,4096,8192,1760,1024,4096,8192,331,4096,4096,4096,12,512,65536,262144,22247,1048576,1048576,1048576,41,524288,524288,524288,41,524288,524288,524288,41,512,1024,1024,41,64,128,16384,41,128,512,1024,3070,128,512,1024,3070,128,512,4096,133902,128,512,1024,15669,64,256,512,2073,128,512,1024,2844,256,1024,4096,1194,256,512,1024,1158,64,512,1024,20574,64,256,512,2304,64,256,1024,624,64,256,512,198,128,512,4096,234,128,512,512,108,0,0,0,0,0,0,0,0,0,0,0,0,64,128,128,20,64,128,128,20,13.27,10.21,3.06,0,26,29,0,50,2137,0,74145,41287,21929,58918,0,41,20,0
17019551555600,2232,2048,8192,16384,14678,512,4096,8192,2422,4096,8192,16384,1773,4096,16384,16384,489,8192,8192,16384,31,512,4096,8192,455,512,4096,8192,1705,1024,4096,8192,275,4096,4096,4096,13,256,65536,262144,22019,1048576,1048576,1048576,40,524288,524288,524288,40,524288,524288,524288,40,512,1024,1024,40,64,8192,16384,41,128,512,4096,2767,128,512,1024,2767,128,512,4096,132102,128,512,1024,15957,64,512,512,2613,128,512,1024,3195,256,1024,4096,1154,256,512,1024,1280,128,512,4096,19413,64,512,1024,2673,64,256,4096,453,64,256,1024,234,128,512,4096,279,128,512,1024,117,1024,2048,2048,43,1024,1024,4096,39,64,64,256,82,64,128,128,21,64,128,128,21,15.56,11.09,4.46,39,31,36,0,55,2262,0,73779,41676,21823,56172,0,40,21,0
17020571041000,2246,2048,8192,16384,14747,512,4096,8192,2257,4096,8192,16384,1733,4096,16384,16384,473,8192,8192,8192,15,512,4096,8192,463,512,4096,8192,1784,1024,4096,8192,308,2048,8192,8192,19,256,65536,262144,21996,1048576,1048576,1048576,41,524288,524288,524288,41,524288,524288,524288,41,512,1024,1024,41,64,32768,32768,40,128,512,4096,3270,128,512,1024,3144,128,512,4096,132724,128,512,1024,15597,64,256,512,2564,128,512,1024,3456,256,1024,4096,1278,256,512,1024,1278,128,512,4096,20664,64,512,512,2457,64,512,512,417,64,512,512,198,128,512,512,135,128,512,512,171,1024,2048,2048,26,1024,1024,1024,30,64,64,128,56,64,128,128,20,128,32768,32768,20,12.52,10.73,1.79,30,15,37,0,58,2206,0,72067,41165,21715,61175,0,41,20,0
17021591837700,2297,2048,8192,16384,15088,512,4096,8192,2142,4096,8192,16384,1827,4096,16384,16384,438,8192,8192,8192,28,512,4096,8192,449,512,4096,8192,1863,1024,4096,8192,306,2048,4096,4096,17,512,65536,262144,22335,1048576,1048576,1048576,41,524288,524288,524288,41,524288,524288,524288,41,512,1024,1024,41,64,4096,32768,41,64,512,1024,3436,128,512,1024,2977,128,512,4096,135791,128,512,1024,16443,64,256,512,2326,128,512,1024,3015,256,1024,1024,1311,256,512,1024,1248,64,512,1024,20862,64,256,512,2502,64,256,512,699,64,512,512,225,128,512,1024,252,128,512,512,153,0,0,0,0,0,0,0,0,0,0,0,0,64,128,128,20,16384,65536,65536,20,13.52,10.58,2.93,0,28,37,0,50,2265,0,70738,41603,22009,59591,0,41,20,0
17022611958000,2297,2048,8192,16384,15411,512,4096,8192,2207,4096,8192,16384,1845,4096,16384,16384,457,8192,8192,16384,26,512,4096,8192,467,512,4096,8192,1818,1024,4096,8192,320,2048,4096,4096,12,512,65536,262144,22766,1048576,1048576,1048576,41,524288,524288,524288,41,524288,524288,524288,41,512,1024,1024,41,64,32768,32768,41,128,512,4096,2921,128,512,1024,2921,128,512,4096,138706,128,512,1024,16605,64,256,512,2256,128,512,1024,3303,256,1024,4096,1257,256,512,4096,1275,64,512,1024,21087,64,512,512,2367,64,256,4096,471,128,512,4096,234,128,512,1024,234,128,512,1024,108,0,0,0,0,0,0,0,0,0,0,0,0,64,128,128,21,64,128,128,21,15.70,10.08,5.62,0,26,31,0,55,2302,0,69973,40615,22434,57009,0,41,21,0
17023631791900,2297,2048,8192,16384,14811,512,4096,8192,1996,4096,8192,16384,1799,4096,8192,16384,464,8192,8192,8192,20,512,4096,8192,475,512,4096,8192,1819,1024,4096,8192,320,2048,4096,4096,20,256,65536,131072,21931,1048576,1048576,1048576,41,524288,524288,524288,41,524288,524288,524288,41,512,1024,1024,41,64,256,2048,41,64,512,2048,2978,64,512,1024,2978,128,512,4096,133292,64,512,1024,16191,64,256,512,2591,128,512,1024,3258,256,1024,4096,1218,256,512,4096,1218,64,512,4096,20268,64,256,512,2844,64,512,2048,567,128,256,512,207,128,512,512,180,128,512,512,180,0,0,0,0,0,0,0,0,0,0,0,0,64,128,128,20,64,128,128,20,15.07,11.75,3.32,0,20,32,0,53,2263,0,68651,39692,21565,58409,0,41,20,0
17024652553400,2297,2048,8192,16384,15405,512,4096,8192,2280,4096,8192,16384,1828,4096,16384,16384,484,8192,8192,16384,23,512,4096,8192,474,512,4096,8192,1824,1024,4096,8192,317,2048,4096,4096,13,128,65536,262144,22833,1048576,1048576,1048576,40,524288,524288,524288,40,524288,524288,524288,40,512,1024,1024,40,64,128,32768,41,128,512,1024,2963,128,512,1024,2963,128,512,4096,138645,64,512,1024,16452,64,512,512,2754,128,512,1024,3312,256,1024,4096,1119,256,512,1024,1191,64,512,2048,19431,64,256,512,2322,64,256,512,429,128,512,512,171,256,512,1024,207,128,512,512,117,0,0,0,0,0,0,0,0,0,0,0,0,64,128,128,21,128,128,128,21,13.52,10.46,3.06,0,23,33,0,57,2312,0,66860,39245,22385,60606,0,40,21,0
17025672470400,2297,2048,8192,16384,14899,512,4096,8192,2274,4096,8192,16384,1819,4096,16384,16384,447,8192,16384,16384,21,512,4096,8192,469,512,4096,8192,1798,1024,4096,8192,299,4096,4096,4096,20,256,65536,262144,22248,1048576,1048576,1048576,41,524288,524288,524288,41,524288,524288,524288,41,512,1024,1024,41,64,32768,32768,40,128,512,4096,2763,128,512,1024,2763,128,512,4096,134091,64,512,1024,16371,64,256,512,2335,128,512,1024,3483,256,1024,4096,1263,256,512,1024,1218,64,512,1024,20574,64,256,512,2556,64,512,512,435,128,512,1024,252,128,512,4096,189,128,512,1024,180,0,0,0,0,0,0,0,0,0,0,0,0,64,128,128,20,128,128,128,20,14.56,10.60,3.96,0,21,25,0,56,2266,0,66513,40903,21877,55873,0,41,20,0
17026692883100,2229,2048,8192,16384,13989,512,4096,8192,2276,4096,8192,16384,1783,4096,16384,16384,435,8192,16384,16384,25,512,1024,8192,481,512,4096,8192,1776,1024,4096,8192,324,2048,8192,16384,24,256,65536,131072,21339,1048576,1048576,1048576,41,524288,524288,524288,41,524288,524288,524288,41,512,1024,1024,41,64,128,16384,41,128,512,4096,3055,64,512,4096,3667,128,512,4096,125901,128,512,1024,16047,64,256,512,2463,128,512,512,3357,256,1024,4096,1218,256,512,4096,1254,128,512,4096,18738,64,512,512,2844,64,512,1024,561,64,512,512,207,128,512,4096,225,128,512,1024,216,0,0,0,0,0,0,0,0,0,0,0,0,64,128,128,20,64,128,128,20,15.06,10.72,4.34,0,25,26,0,51,2218,68,64860,40081,20964,60299,0,41,20,0
17027712432200,2296,2048,8192,16384,15166,512,4096,8192,2246,4096,8192,16384,1863,4096,16384,16384,451,8192,8192,8192,23,512,4096,4096,460,512,4096,8192,1891,1024,4096,8192,304,2048,4096,8192,21,256,65536,131072,22641,1048576,1048576,1048576,41,524288,524288,524288,41,524288,524288,524288,41,512,1024,1024,41,64,128,32768,41,64,512,4096,3503,128,512,1024,2900,128,512,4096,136494,64,512,1024,16767,64,256,512,2388,128,512,1024,3267,256,1024,4096,1167,256,512,4096,1239,64,512,2048,21348,64,512,512,2520,64,256,512,537,64,512,4096,180,128,512,1024,207,128,512,512,189,0,0,0,0,0,0,0,0,0,0,0,0,64,128,128,21,32768,65536,65536,21,14.04,10.98,3.06,0,23,30,6,54,2314,0,62920,40407,22172,62847,0,41,21,0
17028733602800,2296,2048,8192,16384,15305,512,4096,8192,2285,4096,8192,16384,1781,4096,16384,16384,457,8192,16384,16384,16,512,4096,8192,434,512,4096,8192,1802,1024,8192,8192,306,4096,8192,8192,17,1024,65536,262144,22586,1048576,1048576,1048576,41,524288,524288,524288,41,524288,524288,524288,41,512,1024,1024,41,64,2048,65536,41,128,512,4096,2785,128,512,1024,2785,128,512,4096,137745,128,512,1024,16029,64,512,512,2294,128,512,1024,3285,256,1024,4096,1362,256,512,1024,1218,64,512,1024,21276,64,512,512,2781,64,256,512,585,64,512,1024,144,128,512,4096,144,128,512,512,153,1024,2048,2048,6,512,1024,1024,3,64,64,64,9,64,128,128,20,128,128,128,20,15.94,12.11,3.82,3,16,33,2,70,2238,0,61179,39471,22229,60898,0,41,20,0
17029753774100,2296,2048,8192,16384,15330,512,4096,8192,2281,4096,8192,16384,1862,4096,8192,16384,479,8192,8192,8192,23,512,4096,8192,471,512,4096,8192,1812,2048,4096,8192,331,4096,8192,8192,11,2048,65536,524288,22787,1048576,1048576,1048576,41,524288,524288,524288,41,524288,524288,524288,41,256,512,1024,41,128,8192,65536,41,128,512,4096,2974,128,512,1024,2974,128,512,4096,137970,128,512,1024,16758,64,512,512,2276,128,512,1024,3735,512,1024,2048,1218,256,512,1024,1209,128,512,1024,21591,128,512,1024,2610,64,512,4096,597,64,256,512,171,128,512,1024,207,128,512,4096,99,2048,2048,2048,30,1024,1024,1024,30,64,64,64,60,64,128,128,21,64,128,128,21,15.83,11.23,4.59,30,23,33,6,54,2341,0,59815,39524,22484,59368,0,41,21,0
17030773796000,2296,2048,8192,16384,15449,512,4096,8192,2290,4096,8192,16384,1836,4096,16384,16384,497,8192,8192,8192,18,512,4096,8192,475,512,4096,8192,1835,1024,4096,8192,302,4096,4096,4096,18,512,65536,262144,22907,1048576,1048576,1048576,40,524288,524288,524288,40,524288,524288,524288,40,512,1024,1024,40,64,256,2048,40,128,512,4096,2780,128,512,2048,2780,128,512,4096,139041,128,512,1024,16524,64,256,512,2640,128,512,1024,3672,256,1024,2048,1272,256,512,1024,1281,128,512,4096,19881,64,512,512,2511,64,512,4096,573,64,512,1024,207,256,512,1024,162,128,512,512,162,2048,2048,2048,32,512,1024,1024,35,64,64,128,67,64,128,128,20,128,128,128,20,13.80,10.86,2.94,35,18,34,7,52,2333,0,57918,39938,22579,61877,0,40,20,0
17031794406500,2296,2048,8192,16384,15388,512,4096,8192,2280,4096,8192,16384,1807,4096,16384,16384,434,8192,16384,16384,20,512,4096,8192,464,512,4096,8192,1834,1024,4096,8192,323,2048,4096,4096,15,1024,65536,262144,22766,1048576,1048576,1048576,41,524288,524288,524288,41,524288,524288,524288,41,512,1024,1024,41,64,2048,16384,41,128,512,1024,2973,128,512,1024,2973,128,512,4096,138492,128,512,1024,16263,64,256,512,2302,128,512,1024,3312,256,1024,4096,1248,256,512,1024,1266,64,512,1024,21393,64,256,1024,2502,64,256,2048,579,128,512,512,207,128,512,4096,180,128,256,512,135,0,0,0,0,0,0,0,0,0,0,0,0,64,128,128,20,64,128,128,20,15.05,11.22,3.83,0,20,26,2,50,2241,0,57069,39458,22404,58044,0,41,20,0
17032814029000,2313,2048,8192,16384,15420,512,4096,8192,2286,4096,8192,16384,1825,4096,16384,16384,464,8192,8192,8192,24,512,4096,8192,478,512,4096,8192,1845,1024,4096,8192,300,4096,8192,8192,19,512,65536,262144,22854,1048576,1048576,1048576,41,524288,524288,524288,41,524288,524288,524288,41,512,1024,1024,41,64,16384,32768,41,128,512,1024,3227,128,512,1024,3074,128,512,4096,138780,128,512,1024,16425,64,256,512,2480,128,512,1024,3267,256,1024,4096,1245,256,512,4096,1290,64,512,2048,20835,64,256,512,2664,64,256,4096,612,64,256,1024,207,128,512,1024,216,128,512,512,171,0,0,0,0,0,0,0,0,0,0,0,0,64,128,128,21,128,32768,32768,21,12.78,10.22,2.56,0,24,27,1,48,2289,0,55656,41078,22500,60100,0,41,21,0
17033834448400,2363,2048,8192,16384,14701,512,4096,8192,2316,4096,8192,16384,1818,4096,8192,16384,512,8192,16384,16384,24,512,4096,8192,458,512,4096,8192,1820,1024,8192,8192,330,4096,8192,8192,12,128,65536,131072,22179,1048576,1048576,1048576,41,524288,524288,524288,41,524288,524288,524288,41,512,1024,1024,41,64,16384,65536,41,64,512,4096,3385,128,512,1024,2935,128,512,4096,132309,64,512,1024,16362,64,256,512,2653,64,512,1024,3816,256,1024,4096,1245,256,512,1024,1362,64,512,4096,20160,64,256,512,2637,64,256,512,540,128,512,512,198,128,512,8192,216,128,512,512,108,0,0,0,0,0,0,0,0,0,0,0,0,64,128,128,20,32768,65536,65536,20,14.55,10.59,3.96,0,24,24,5,60,2330,0,54660,41092,21798,58694,0,41,20,0
17034854941900,2363,2048,8192,16384,14869,512,4096,8192,2343,4096,8192,16384,1815,4096,16384,16384,455,8192,8192,8192,17,512,4096,8192,474,512,4096,8192,1848,1024,4096,8192,294,2048,4096,4096,17,512,65536,262144,22320,1048576,1048576,1048576,41,524288,524288,524288,41,524288,524288,524288,41,512,1024,1024,41,64,16384,32768,41,64,512,1024,3092,128,512,1024,3092,128,512,4096,133821,128,512,1024,16335,64,256,512,2234,128,512,1024,3582,256,1024,4096,1241,256,512,1024,1160,128,512,4096,21987,64,512,512,2664,64,512,1024,360,64,512,512,153,128,512,1024,153,128,512,512,153,0,0,0,0,0,0,0,0,0,0,0,0,64,128,128,21,64,128,128,21,12.89,10.72,2.17,0,17,31,2,43,2270,0,53490,40946,21922,58690,0,41,21,0
17035874618200,2363,2048,8192,16384,15439,512,4096,8192,2346,4096,8192,16384,1892,4096,16384,16384,463,8192,16384,16384,16,512,4096,8192,495,512,4096,8192,1856,1024,8192,8192,342,2048,8192,8192,17,512,65536,262144,23084,1048576,1048576,1048576,40,524288,524288,524288,40,524288,524288,524288,40,512,512,1024,40,64,4096,16384,40,128,512,1024,3012,128,512,1024,3012,128,512,4096,138951,128,512,1024,17028,64,256,512,2246,128,512,1024,3582,256,1024,1024,1353,256,512,4096,1389,128,512,1024,22086,64,256,512,2781,64,512,4096,585,64,256,512,144,128,512,4096,144,128,512,1024,153,0,0,0,0,0,0,0,0,0,0,0,0,64,128,128,20,64,128,128,20,14.93,10.85,4.08,0,16,32,2,65,2355,0,52682,39226,22398,56508,268,40,20,0
17036896187800,2293,2048,8192,16384,13300,512,4096,8192,2340,4096,8192,16384,1895,4096,16384,16384,500,8192,8192,8192,17,512,4096,8192,488,512,4096,8192,1906,1024,4096,8192,320,4096,8192,8192,20,512,65536,262144,20983,1048576,1048576,1048576,41,524288,524288,1048576,41,524288,524288,524288,41,512,1024,1024,41,64,16384,131072,41,128,512,4096,3195,64,512,4096,3825,128,512,4096,119709,128,512,1024,17055,64,512,512,2632,128,512,1024,3474,256,1024,4096,1224,256,512,1024,1296,128,512,4096,20997,64,512,512,3366,64,512,1024,582,128,512,512,198,128,512,1024,153,128,512,8192,180,0,0,0,0,0,0,0,0,0,0,0,0,64,128,128,20,64,128,128,20,15.05,11.22,3.83,0,17,20,1,65,2395,70,52009,40498,20551,56758,0,41,20,0
17037915104700,2293,2048,8192,16384,15507,512,4096,8192,2273,4096,8192,16384,1802,4096,16384,16384,433,8192,8192,16384,27,512,4096,8192,469,512,4096,8192,1781,1024,4096,8192,299,4096,8192,8192,9,256,65536,262144,22845,1048576,1048576,1048576,41,524288,524288,524288,41,524288,524288,524288,41,512,1024,1024,41,64,128,1024,41,64,512,2048,2796,128,512,1024,2796,128,512,4096,139554,128,512,1024,16218,64,256,512,2104,128,512,1024,3276,256,1024,2048,1439,256,512,1024,1376,64,512,1024,20592,64,256,512,2547,64,512,512,516,128,512,512,207,128,512,4096,243,256,512,4096,81,0,0,0,0,0,0,0,0,0,0,0,0,64,128,128,21,64,128,128,21,14.82,11.11,3.70,0,27,11,0,58,2235,0,51162,41086,22545,57440,0,41,21,0
17038935542100,2293,2048,8192,16384,15471,512,4096,8192,2277,4096,8192,16384,1860,4096,16384,16384,467,8192,8192,8192,20,512,4096,4096,443,512,4096,8192,1863,1024,4096,8192,318,4096,4096,4096,19,256,65536,262144,22937,1048576,1048576,1048576,41,524288,524288,524288,41,524288,524288,524288,41,512,1024,1024,41,64,128,16384,41,128,512,1024,2859,128,512,1024,2859,128,512,4096,139239,128,512,1024,16740,64,256,512,2572,128,512,512,3267,256,1024,4096,1230,256,512,1024,1311,64,512,1024,21780,64,256,512,2601,64,512,1024,501,64,256,512,198,128,512,512,180,128,512,4096,171,2048,2048,2048,11,512,1024,1024,10,64,64,64,21,64,128,128,20,64,128,128,20,14.04,10.21,3.83,10,20,13,0,66,2327,0,50895,40576,22591,56380,0,41,20,0
17039955811000,2299,2048,8192,16384,15049,512,4096,4096,2268,4096,8192,16384,1805,4096,8192,16384,468,8192,8192,8192,16,512,4096,4096,472,512,4096,8192,1808,1024,4096,8192,304,4096,8192,8192,20,512,65536,262144,22407,1048576,1048576,1048576,41,524288,524288,524288,41,524288,524288,524288,41,512,1024,1024,41,64,2048,16384,41,128,512,1024,2916,128,512,1024,2862,128,512,4096,135441,128,512,1024,16245,64,256,512,2407,128,512,1024,3519,256,1024,2048,1274,256,512,1024,1310,64,512,1024,22257,64,512,512,2799,64,256,512,492,128,512,1024,153,128,512,512,144,128,512,512,180,1024,2048,2048,33,512,1024,1024,34,64,64,64,67,64,128,128,21,64,128,32768,21,13.78,9.95,3.83,34,16,14,0,54,2273,0,50039,40664,22113,57923,0,41,21,0
17040976139800,2358,2048,8192,16384,15533,512,4096,8192,2313,4096,8192,16384,1845,4096,8192,16384,485,8192,8192,8192,24,512,4096,8192,496,512,4096,4096,1876,1024,4096,8192,305,2048,4096,8192,22,256,65536,262144,23134,1048576,1048576,1048576,40,524288,524288,524288,40,524288,524288,524288,40,512,1024,1024,40,64,32768,65536,40,64,512,1024,3599,128,512,1024,3068,128,512,4096,139797,128,512,1024,16605,64,256,512,2519,128,512,1024,3627,256,1024,2048,1371,256,512,1024,1362,64,512,1024,20394,64,256,512,2601,64,256,512,588,64,256,512,162,128,512,4096,216,128,512,1024,198,1024,2048,2048,26,512,1024,1024,26,64,64,64,52,64,128,128,20,32768,65536,65536,20,15.06,11.61,3.45,26,24,20,2,42,2330,0,49011,40396,22761,59236,0,40,20,0
17041996616100,2362,2048,8192,16384,15533,512,4096,8192,2360,4096,8192,16384,1854,4096,16384,16384,468,8192,8192,8192,21,512,4096,8192,454,512,4096,8192,1864,1024,4096,8192,308,2048,8192,8192,14,128,65536,131072,23067,1048576,1048576,1048576,41,524288,524288,524288,41,524288,524288,524288,41,512,1024,1024,41,64,128,128,41,64,512,1024,3287,128,512,1024,3251,128,512,4096,139797,64,512,1024,16686,64,256,512,2537,64,512,1024,3357,256,1024,1024,1320,256,512,1024,1347,64,512,2048,21276,64,256,512,2727,64,512,512,555,64,256,512,243,128,512,1024,189,64,256,512,126,0,0,0,0,0,0,0,0,0,0,0,0,64,128,128,20,64,16384,16384,20,14.04,11.74,2.30,0,21,14,4,59,2322,0,47976,41846,22715,58930,0,41,20,0
17043016693700,2362,2048,8192,16384,15661,512,4096,8192,2343,4096,8192,16384,1853,4096,8192,16384,459,8192,16384,16384,21,512,4096,8192,480,512,4096,8192,1862,1024,4096,8192,336,4096,4096,4096,14,256,65536,262144,23222,1048576,1048576,1048576,41,524288,524288,524288,41,524288,524288,524288,41,512,1024,1024,41,64,16384,32768,41,128,512,1024,3112,128,512,1024,3112,128,512,4096,140949,64,512,1024,16677,64,256,512,2608,128,512,1024,3348,256,1024,1024,1269,256,512,1024,1197,64,512,1024,21087,64,256,512,2655,64,256,512,609,64,512,512,117,128,512,8192,189,128,512,512,126,0,0,0,0,0,0,0,0,0,0,0,0,64,128,128,21,64,128,128,21,16.70,11.99,4.72,0,21,27,2,34,2312,0,46833,39127,22835,57822,0,41,21,0
17044037803500,2362,2048,8192,16384,15449,512,4096,8192,2361,4096,8192,16384,1903,4096,8192,16384,504,8192,8192,8192,15,512,4096,8192,479,512,4096,8192,1881,1024,4096,8192,350,2048,4096,4096,10,256,65536,131072,23155,1048576,1048576,1048576,41,524288,524288,524288,41,524288,524288,524288,41,512,1024,1024,41,64,32768,32768,41,64,512,2048,3188,128,512,1024,3188,128,512,4096,139041,64,512,1024,17127,64,256,512,2694,128,512,1024,3645,256,1024,1024,1406,256,512,4096,1244,64,512,1024,21609,64,256,512,2835,64,512,4096,471,128,256,512,171,128,512,512,135,128,256,512,90,0,0,0,0,0,0,0,0,0,0,0,0,64,128,128,20,64,128,128,20,16.07,11.22,4.85,0,15,17,4,49,2407,0,45775,39503,22725,58233,0,41,20,0
17045056541700,2362,2048,8192,16384,15032,512,4096,8192,2330,4096,8192,16384,1847,4096,8192,16384,473,8192,16384,16384,19,512,4096,8192,462,512,4096,8192,1808,1024,4096,8192,310,2048,4096,4096,19,512,65536,262144,22496,1048576,1048576,1048576,41,524288,524288,524288,41,524288,524288,524288,41,512,1024,1024,41,64,128,16384,41,128,512,1024,3453,128,512,1024,3453,128,512,4096,135288,64,512,1024,16623,64,256,512,2432,128,512,1024,3492,256,1024,2048,1296,256,512,4096,1296,64,512,1024,22347,64,512,512,2637,64,512,1024,416,64,512,512,171,128,512,1024,171,128,512,1024,171,0,0,0,0,0,0,0,0,0,0,0,0,64,128,128,21,64,128,128,21,16.37,11.51,4.86,0,19,14,0,46,2320,0,44829,40591,22096,58032,0,41,21,0
17046076707700,2362,2048,8192,16384,14451,512,4096,8192,2339,4096,8192,16384,1861,4096,8192,16384,475,8192,8192,8192,20,512,4096,8192,491,512,4096,8192,1880,1024,4096,8192,309,2048,8192,8192,27,256,65536,262144,22045,1048576,1048576,1048576,40,524288,524288,524288,40,524288,524288,524288,40,512,1024,1024,40,64,1024,16384,41,64,512,4096,3201,128,512,1024,3201,128,512,4096,130059,64,512,1024,16749,64,256,512,2514,64,512,1024,3402,256,1024,4096,1266,256,512,1024,1275,64,512,2048,19314,64,256,512,2916,64,512,512,456,64,512,1024,207,128,512,512,180,128,512,4096,243,0,0,0,0,0,0,0,0,0,0,0,0,64,128,128,20,64,128,128,20,17.10,12.12,4.98,0,20,10,1,53,2336,0,44574,39256,21597,55651,0,40,20,0
17047097002600,2295,2048,8192,16384,14268,512,4096,8192,2315,4096,8192,16384,1838,4096,8192,16384,455,8192,8192,8192,16,512,4096,8192,467,512,4096,8192,1853,1024,4096,8192,323,4096,4096,4096,16,512,65536,262144,21773,1048576,1048576,1048576,41,524288,524288,524288,41,524288,524288,524288,41,512,1024,1024,41,64,65536,65536,40,128,512,4096,3019,64,512,4096,3622,128,512,4096,128412,64,512,1024,16542,64,256,512,2491,128,512,1024,3528,256,1024,4096,1470,256,512,4096,1317,128,512,4096,21456,64,512,512,2727,64,512,1024,516,64,512,512,108,128,512,512,144,128,512,512,144,0,0,0,0,0,0,0,0,0,0,0,0,64,128,128,20,64,128,128,20,13.78,11.36,2.42,0,16,5,2,41,2293,70,43530,40357,21297,58030,0,41,20,0
17048116623700,2344,2048,8192,16384,15467,512,4096,8192,2295,4096,8192,16384,1850,4096,16384,16384,517,8192,16384,16384,22,512,4096,8192,487,512,4096,4096,1895,1024,4096,4096,280,4096,8192,8192,11,512,65536,131072,22997,1048576,1048576,1048576,41,524288,524288,524288,41,524288,524288,524288,41,512,1024,1024,41,128,65536,65536,41,64,512,1024,3629,128,512,1024,3188,128,512,4096,139203,128,512,1024,16650,64,256,512,2957,128,512,1024,3798,256,1024,4096,1229,256,512,1024,1274,64,512,1024,20817,64,256,512,2763,64,512,4096,585,64,512,1024,243,128,512,4096,198,128,1024,4096,99,0,0,0,0,0,0,0,0,0,0,0,0,64,128,128,21,32768,32768,65536,21,13.41,11.24,2.17,0,22,2,0,34,2367,0,42430,39870,22561,58756,0,41,21,0
17049137561700,2360,2048,8192,16384,15767,512,4096,8192,2339,4096,8192,16384,1895,4096,16384,16384,479,8192,16384,16384,23,512,4096,8192,472,512,4096,8192,1898,1024,4096,8192,334,2048,4096,4096,9,256,65536,262144,23420,1048576,1048576,1048576,41,524288,524288,524288,41,524288,524288,524288,41,512,1024,2048,41,64,8192,16384,41,64,512,1024,3402,128,512,1024,3258,128,512,2048,141903,128,512,1024,17055,64,256,512,2413,128,512,512,3618,256,1024,1024,1275,256,512,1024,1365,64,512,512,22374,64,256,1024,2511,64,512,1024,551,128,256,512,216,128,512,1024,207,128,256,512,81,1024,2048,2048,17,1024,1024,1024,12,64,64,64,29,64,128,128,20,128,32768,32768,20,14.79,10.97,3.83,12,23,4,0,42,2374,0,41193,39835,23081,59520,0,41,20,0
17050156698200,2360,2048,8192,16384,15667,512,4096,8192,2351,4096,8192,16384,1890,4096,16384,16384,446,8192,8192,16384,29,512,4096,8192,511,512,4096,8192,1884,1024,4096,8192,338,2048,8192,8192,11,128,65536,131072,23349,1048576,1048576,1048576,41,524288,524288,524288,41,524288,524288,524288,41,1024,1024,1024,41,64,256,16384,41,128,512,4096,3124,128,512,1024,3124,128,512,4096,141003,128,512,1024,17010,64,256,512,2194,128,512,512,3411,256,1024,1024,1221,256,512,1024,1293,128,512,1024,21690,64,256,512,2781,64,512,1024,534,64,256,512,243,128,512,4096,261,128,512,512,99,2048,2048,2048,27,1024,1024,1024,32,64,64,64,59,64,128,128,21,64,128,128,21,14.95,11.37,3.58,32,29,6,0,53,2336,0,40270,38651,22934,57699,0,41,21,0
17051178340100,2360,2048,8192,16384,15125,512,4096,4096,2349,4096,8192,16384,1836,4096,16384,16384,473,8192,8192,16384,22,512,4096,8192,467,512,4096,8192,1829,1024,4096,8192,328,4096,8192,8192,12,1024,65536,262144,22641,1048576,1048576,1048576,41,524288,524288,524288,41,524288,524288,524288,41,512,1024,1024,41,64,8192,32768,41,128,512,1024,3327,128,512,1024,3327,128,512,4096,136125,128,512,1024,16524,64,256,512,2558,128,512,1024,3519,256,1024,2048,1362,256,512,1024,1380,64,512,2048,19791,64,512,1024,2925,64,512,512,510,128,512,512,189,256,512,1024,198,128,512,512,108,1024,2048,2048,26,512,1024,1024,26,64,64,128,52,64,128,128,20,64,128,128,20,12.75,10.33,2.42,26,22,7,0,67,2309,0,39109,39465,22265,58421,0,41,20,0
17052197664300,2360,2048,8192,16384,15646,512,4096,8192,2344,4096,8192,16384,1864,4096,16384,16384,504,8192,8192,8192,25,512,4096,4096,482,512,4096,8192,1878,1024,4096,8192,354,2048,8192,8192,27,128,65536,262144,23362,1048576,1048576,1048576,40,524288,524288,524288,40,524288,524288,524288,40,512,1024,1024,40,64,32768,65536,40,128,512,1024,2865,128,512,1024,2865,128,512,4096,140814,64,512,1024,16776,64,256,512,2462,128,512,1024,3807,256,1024,2048,1382,256,512,1024,1319,64,512,1024,19971,64,512,512,2358,64,256,512,405,128,512,512,198,128,512,512,225,128,512,512,243,0,0,0,0,0,0,0,0,0,0,0,0,64,128,128,20,64,128,128,20,16.34,12.12,4.21,0,25,6,0,58,2368,0,37957,40801,22924,58750,0,40,20,0
17053218792300,2360,2048,8192,16384,15749,512,4096,8192,2351,4096,8192,16384,1881,4096,16384,16384,481,8192,8192,8192,15,512,4096,8192,447,512,4096,8192,1887,1024,4096,8192,301,4096,4096,4096,18,128,65536,131072,23331,1048576,1048576,1048576,41,524288,524288,524288,41,524288,524288,524288,41,512,1024,1024,41,64,128,16384,41,128,512,1024,2928,128,512,1024,2928,128,512,1024,141741,128,512,1024,16929,64,512,512,2520,128,512,1024,3339,256,1024,1024,1236,256,512,1024,1218,64,512,1024,22050,64,256,512,2853,64,256,512,504,128,512,512,153,128,512,1024,135,128,512,1024,162,0,0,0,0,0,0,0,0,0,0,0,0,64,128,128,21,128,128,128,21,13.78,10.08,3.70,0,15,17,0,53,2362,0,37785,39424,22935,55881,0,41,21,0
17054237858800,2371,2048,8192,16384,15731,512,4096,8192,2298,4096,8192,16384,1853,4096,8192,16384,433,8192,16384,16384,19,512,4096,4096,531,512,4096,8192,1856,1024,4096,8192,292,4096,4096,4096,14,512,65536,262144,23211,1048576,1048576,1048576,41,524288,524288,524288,41,524288,524288,524288,41,512,1024,1024,41,64,32768,32768,41,128,512,1024,3112,128,512,1024,3013,128,512,4096,141579,128,512,1024,16677,64,256,512,2241,128,512,1024,3231,256,1024,1024,1136,256,512,1024,1181,64,512,512,21222,64,256,512,2628,64,256,4096,558,128,512,512,180,128,512,512,171,128,512,1024,126,0,0,0,0,0,0,0,0,0,0,0,0,64,128,128,20,128,32768,32768,20,14.82,12.14,2.68,0,19,8,0,47,2286,0,36230,38935,22757,59934,0,41,20,0
17055259399600,2426,2048,8192,16384,15658,512,4096,8192,2382,4096,8192,16384,1923,4096,8192,16384,492,8192,8192,16384,23,512,4096,8192,474,512,4096,8192,1933,1024,4096,8192,330,4096,4096,8192,21,256,65536,262144,23453,1048576,1048576,1048576,41,524288,524288,524288,41,524288,524288,524288,41,512,1024,1024,41,128,65536,65536,41,64,512,1024,3466,128,512,1024,2971,128,512,4096,140922,128,512,1024,17307,64,256,512,2432,128,512,1024,3717,256,1024,2048,1236,256,512,1024,1317,128,512,1024,21033,64,256,512,2583,64,256,512,528,128,256,512,243,128,512,1024,207,128,512,4096,189,0,0,0,0,0,0,0,0,0,0,0,0,64,128,128,21,32768,32768,32768,21,13.64,11.22,2.42,0,23,27,1,49,2415,0,34899,41269,22974,60462,0,41,21,0
17056278104700,2430,2048,8192,16384,14875,512,1024,4096,2417,4096,8192,16384,1816,4096,8192,16384,507,8192,8192,8192,23,512,2048,4096,455,512,1024,4096,1840,1024,4096,8192,278,2048,4096,4096,12,512,65536,262144,22433,1048576,1048576,1048576,40,524288,524288,524288,40,524288,524288,524288,40,512,1024,1024,40,64,8192,32768,41,128,512,1024,3406,128,512,1024,3370,128,512,4096,133875,128,512,1024,16344,64,256,512,2829,128,512,1024,3573,256,1024,1024,1226,256,512,1024,1262,64,512,2048,20052,64,256,512,2700,64,512,4096,594,64,256,512,189,128,512,1024,207,128,512,1024,108,0,0,0,0,0,0,0,0,0,0,0,0,64,128,128,20,64,16384,16384,20,14.56,11.24,3.32,0,23,24,2,70,2323,0,33926,37264,21888,57629,0,40,20,0
17057299572600,2358,2048,8192,16384,15841,512,1024,8192,2381,4096,8192,16384,1976,4096,16384,16384,471,8192,8192,8192,24,512,4096,8192,514,512,4096,4096,1946,1024,4096,8192,343,4096,8192,8192,15,128,65536,262144,23738,1048576,1048576,1048576,41,524288,524288,524288,41,524288,524288,524288,41,1024,2048,2048,41,64,2048,2048,40,128,512,1024,3053,64,512,1024,3701,128,512,4096,142569,128,512,1024,17784,64,256,512,2434,128,512,1024,3807,256,1024,2048,1199,256,512,1024,1388,64,512,1024,20412,64,256,512,2718,64,512,2048,471,64,256,512,207,128,512,1024,216,256,1024,4096,135,0,0,0,0,0,0,0,0,0,0,0,0,64,128,128,20,64,256,256,20,15.43,10.58,4.85,0,24,26,0,52,2447,72,32393,39500,23117,60879,306,41,20,0
17058319155100,2358,2048,8192,16384,15582,512,2048,8192,2311,4096,8192,16384,1871,4096,8192,16384,465,8192,8192,8192,24,512,4096,8192,465,512,4096,8192,1857,1024,4096,8192,374,2048,8192,8192,15,256,65536,262144,23162,1048576,1048576,1048576,41,524288,524288,524288,41,524288,524288,524288,41,1024,1024,1024,41,64,128,8192,41,128,512,1024,2811,128,512,1024,2811,128,512,2048,140238,128,512,1024,16839,64,256,512,2367,128,512,1024,3339,256,1024,2048,1392,256,512,512,1365,64,512,512,21312,64,256,512,2655,64,256,512,549,64,256,512,225,128,512,1024,216,128,512,512,135,0,0,0,0,0,0,0,0,0,0,0,0,64,128,128,21,64,128,128,21,15.84,12.26,3.58,0,24,39,0,63,2336,0,30558,39048,22746,61104,0,41,21,0
17059339968600,2358,2048,8192,16384,15974,512,4096,4096,2354,4096,8192,16384,1894,4096,16384,16384,492,8192,8192,8192,25,512,4096,4096,510,512,4096,4096,1918,1024,4096,8192,342,2048,4096,4096,18,256,65536,131072,23736,1048576,1048576,1048576,41,524288,524288,524288,41,524288,524288,524288,41,1024,1024,2048,41,64,512,4096,41,128,512,1024,2775,128,512,512,2775,128,512,2048,143766,128,512,1024,17046,64,256,512,2599,128,512,1024,3528,256,1024,1024,1226,256,512,512,1307,64,512,512,21762,64,256,512,2520,64,256,512,447,128,512,512,234,128,512,512,225,128,512,1024,162,2048,2048,2048,22,512,1024,1024,18,64,64,128,40,64,128,128,20,64,128,128,20,15.30,11.09,4.21,18,25,44,0,60,2386,0,29776,39948,23336,58762,0,41,20,0
17060359980900,2363,2048,8192,16384,15836,512,4096,4096,2380,4096,8192,16384,1920,4096,16384,16384,501,8192,8192,16384,23,512,4096,8192,486,512,4096,8192,1896,1024,4096,8192,299,4096,4096,4096,20,256,65536,524288,23596,1048576,1048576,1048576,41,524288,524288,524288,41,524288,524288,524288,41,1024,1024,1024,41,64,16384,16384,41,128,512,1024,3086,128,512,1024,3041,128,512,1024,142524,128,512,1024,17280,64,512,512,2456,128,512,1024,3654,256,1024,1024,1305,256,512,1024,1269,64,512,512,21024,64,512,512,2718,64,256,1024,567,128,256,512,243,128,512,1024,207,128,512,1024,180,2048,2048,2048,23,1024,1024,1024,26,64,64,128,49,64,64,128,21,128,128,32768,21,15.19,10.85,4.34,26,23,44,0,47,2421,0,27788,38133,23155,61925,0,41,21,0
17061380096300,2413,2048,8192,16384,15810,512,4096,8192,2373,4096,8192,16384,1866,4096,16384,16384,445,8192,16384,16384,27,512,4096,8192,475,512,4096,8192,1898,1024,4096,8192,322,2048,8192,8192,26,256,65536,131072,23428,1048576,1048576,1048576,41,524288,524288,524288,41,524288,524288,524288,41,1024,1024,1024,41,64,2048,16384,41,64,512,1024,3318,128,512,1024,2868,128,512,1024,142290,128,512,1024,16794,64,256,512,2299,128,512,1024,3186,256,1024,2048,1338,256,512,1024,1329,64,512,512,21852,64,256,512,2358,64,256,512,498,64,512,1024,198,128,512,8192,243,128,512,1024,234,1024,2048,2048,27,512,1024,1024,28,64,64,128,55,64,64,64,20,32768,65536,65536,20,15.57,10.85,4.72,28,27,50,0,44,2311,0,26445,38997,23028,60092,0,41,20,0
17062399585500,2428,2048,8192,16384,16441,512,4096,4096,2400,4096,8192,16384,1928,4096,16384,16384,513,8192,8192,8192,27,512,4096,8192,502,512,4096,8192,1907,1024,4096,8192,322,4096,4096,8192,24,512,65536,262144,24286,1048576,1048576,1048576,40,524288,524288,524288,40,524288,524288,524288,40,512,1024,1024,40,64,8192,32768,40,128,512,1024,3262,128,512,1024,3127,128,512,1024,147969,128,512,1024,17352,64,256,512,2869,128,512,1024,3618,256,1024,1024,1208,256,512,512,1289,64,512,512,20502,64,256,512,2520,64,256,512,429,64,256,512,243,128,512,1024,243,128,512,2048,216,0,0,0,0,0,0,0,0,0,0,0,0,64,128,128,20,128,32768,32768,20,12.65,10.73,1.92,0,27,49,0,46,2441,0,25047,38588,23772,60350,0,40,20,0
17063421360300,2428,2048,8192,16384,16000,512,4096,8192,2389,4096,8192,16384,1905,4096,16384,16384,506,8192,8192,8192,20,512,4096,4096,467,512,4096,8192,1908,1024,4096,8192,310,2048,4096,4096,15,128,65536,262144,23736,1048576,1048576,1048576,41,524288,524288,524288,41,524288,524288,524288,41,512,1024,1024,41,64,32768,32768,41,128,512,1024,3148,128,512,1024,3148,128,512,1024,144005,128,512,1024,17145,64,256,512,2465,128,512,1024,3708,256,1024,1024,1221,256,512,1024,1257,64,512,1024,21105,64,512,512,2466,64,512,512,480,64,512,512,162,128,512,512,180,128,512,2048,135,0,0,0,0,0,0,0,0,0,0,0,0,64,128,128,21,128,128,128,21,14.65,12.10,2.55,0,20,40,0,38,2411,0,23416,38945,23262,60382,0,41,21,0
17064441947900,2428,2048,8192,16384,16300,512,4096,8192,2410,4096,8192,16384,1962,4096,8192,16384,505,8192,8192,16384,29,512,4096,8192,499,512,4096,8192,1977,1024,4096,8192,320,4096,8192,8192,16,128,65536,262144,24234,1048576,1048576,1048576,41,524288,524288,524288,41,524288,524288,524288,41,1024,2048,2048,41,64,8192,32768,41,128,512,1024,2933,128,512,1024,2933,128,512,4096,146695,128,512,1024,17658,64,256,512,2731,128,512,1024,3843,256,1024,1024,1317,256,512,1024,1434,64,512,1024,20727,64,256,512,2529,64,512,1024,546,64,256,512,333,128,512,1024,261,128,512,1024,144,0,0,0,0,0,0,0,0,0,0,0,0,64,128,128,20,64,128,128,20,15.57,11.87,3.70,0,29,51,1,60,2467,0,22410,40563,23826,58976,0,41,20,0
17065461260600,2428,2048,8192,16384,15725,512,4096,8192,2433,4096,8192,16384,1898,4096,16384,16384,459,8192,8192,8192,28,512,4096,4096,501,512,4096,8192,1916,1024,4096,8192,369,2048,8192,8192,16,256,65536,262144,23586,1048576,1048576,1048576,41,524288,524288,524288,41,524288,524288,524288,41,512,1024,1024,41,64,128,32768,41,64,512,2048,3325,128,512,1024,3325,128,512,4096,141525,128,512,1024,17082,64,256,512,2348,128,512,1024,3618,256,1024,1024,1314,256,512,4096,1251,128,512,1024,20709,64,512,512,2997,64,512,1024,540,64,256,512,225,128,512,4096,252,128,1024,4096,144,0,0,0,0,0,0,0,0,0,0,0,0,64,128,128,21,64,128,128,21,15.33,11.75,3.58,0,28,46,0,64,2357,0,21569,41215,23142,58616,0,41,21,0
17066480934800,2428,2048,8192,16384,14964,512,4096,8192,2368,4096,8192,16384,1820,4096,16384,16384,485,8192,8192,8192,31,512,4096,8192,491,512,4096,4096,1843,1024,4096,8192,345,4096,8192,8192,15,1024,65536,131072,22593,1048576,1048576,1048576,41,524288,524288,1048576,41,524288,524288,524288,41,512,1024,1024,41,64,1024,32768,41,128,512,4096,2965,128,512,1024,2965,128,512,4096,134676,128,512,1024,16380,64,256,512,2495,128,512,1024,3546,256,1024,2048,1407,256,512,1024,1389,64,512,2048,21069,64,256,512,2574,64,256,512,441,128,512,512,234,128,512,1024,279,128,512,4096,135,0,0,0,0,0,0,0,0,0,0,0,0,64,128,128,20,128,128,128,20,12.14,9.33,2.81,0,31,37,0,59,2305,0,21392,40279,22149,55865,0,41,20,0
17067501805500,2362,2048,8192,16384,16160,512,4096,8192,2386,4096,8192,16384,1977,4096,16384,16384,504,8192,8192,8192,31,512,4096,8192,498,512,4096,8192,1951,1024,4096,8192,333,2048,4096,4096,11,256,65536,131072,24088,1048576,1048576,1048576,40,524288,524288,524288,40,524288,524288,524288,40,1024,1024,1024,40,64,32768,65536,41,64,512,1024,3260,64,512,1024,3854,128,512,4096,145440,128,512,1024,17793,64,256,512,2703,128,512,1024,3816,256,1024,1024,1139,256,512,1024,1292,64,512,1024,19728,64,256,512,2484,64,256,512,642,64,512,512,306,128,512,1024,279,64,256,1024,99,0,0,0,0,0,0,0,0,0,0,0,0,64,128,128,21,128,16384,32768,21,12.50,10.71,1.79,0,31,31,0,53,2481,72,21059,40113,23595,56522,0,40,21,0
17068520640300,2400,2048,8192,16384,15997,512,4096,8192,2365,4096,8192,16384,1892,4096,16384,16384,464,8192,8192,8192,33,512,4096,8192,457,512,4096,8192,1923,1024,4096,8192,322,4096,4096,4096,20,512,65536,262144,23691,1048576,1048576,1048576,41,524288,524288,524288,41,524288,524288,524288,41,512,1024,1024,41,128,65536,65536,40,64,512,1024,3229,128,512,1024,2887,128,512,4096,143973,128,512,1024,17028,64,256,512,2563,64,512,1024,3528,256,1024,2048,1293,256,512,512,1356,64,512,1024,20844,64,256,512,2610,64,512,512,432,64,256,512,252,128,512,1024,297,128,512,512,180,0,0,0,0,0,0,0,0,0,0,0,0,64,256,256,20,16384,32768,32768,20,15.20,10.73,4.47,0,33,38,0,72,2356,0,20197,40047,23245,58629,0,41,20,0
17069542950000,2428,2048,8192,16384,15480,512,4096,8192,2371,4096,8192,16384,1877,4096,16384,32768,476,8192,8192,8192,20,512,4096,8192,490,512,4096,8192,1877,1024,4096,8192,314,4096,4096,4096,20,512,65536,262144,23120,1048576,1048576,1048576,41,524288,524288,1048576,41,524288,524288,524288,41,512,1024,1024,41,64,32768,65536,41,128,512,4096,3552,128,512,1024,3300,128,512,4096,139320,128,512,1024,16893,64,512,512,2337,128,512,1024,3564,256,1024,1024,1335,256,512,1024,1281,128,512,1024,21465,64,512,512,2727,64,512,1024,510,128,512,2048,207,128,512,4096,180,128,512,4096,180,1024,2048,2048,23,1024,1024,1024,22,64,64,64,45,64,128,128,20,16384,65536,65536,20,16.56,12.23,4.33,22,20,41,1,63,2353,0,19627,41102,22718,57776,0,41,20,0
17070561652500,2428,2048,8192,16384,16612,512,1024,8192,2480,4096,8192,16384,1959,4096,8192,16384,522,8192,8192,8192,24,512,4096,8192,530,512,4096,8192,1965,1024,4096,8192,328,4096,4096,4096,26,512,65536,262144,24656,1048576,1048576,1048576,41,524288,524288,524288,41,524288,524288,524288,41,512,1024,1024,41,64,32768,65536,41,128,512,1024,2993,128,512,1024,2993,128,512,4096,149508,128,512,1024,17631,64,256,512,2935,128,512,1024,3843,256,1024,1024,1290,256,512,512,1281,128,512,1024,20466,64,256,512,2493,64,256,512,534,64,512,1024,171,128,512,4096,216,128,512,1024,234,2048,2048,2048,32,512,1024,1024,30,64,64,128,62,64,128,128,21,64,128,128,21,12.79,9.85,2.94,30,24,34,0,72,2481,0,18580,40175,24175,59637,0,41,21,0
17071584334900,2428,2048,8192,16384,15147,512,4096,8192,2352,4096,8192,16384,1883,4096,8192,16384,476,8192,8192,8192,20,512,4096,4096,485,512,4096,8192,1873,1024,4096,8192,319,2048,8192,8192,6,512,65536,131072,22760,1048576,1048576,1048576,41,524288,524288,524288,41,524288,524288,524288,41,512,1024,1024,41,64,16384,32768,41,128,512,1024,3263,128,512,1024,3263,128,512,4096,136323,128,512,1024,16947,64,256,512,2519,128,512,1024,3564,256,1024,2048,1320,256,512,512,1293,128,512,1024,21168,64,512,512,2907,64,512,512,462,64,512,1024,216,128,512,4096,180,64,512,4096,54,1024,2048,2048,17,1024,1024,1024,20,64,64,64,37,64,128,128,20,64,128,128,20,13.50,10.19,3.31,20,20,30,0,69,2359,0,17920,40470,22368,57116,0,41,20,0
17072601886000,2428,2048,8192,16384,15861,512,4096,8192,2408,4096,8192,16384,1930,4096,8192,16384,472,8192,8192,8192,18,512,4096,4096,469,512,4096,8192,1950,1024,4096,8192,321,4096,8192,8192,24,256,65536,262144,23675,1048576,1048576,1048576,40,524288,524288,524288,40,524288,524288,524288,40,256,1024,1024,40,64,128,1024,41,128,512,1024,3190,128,512,1024,3190,128,512,4096,142749,128,512,1024,17370,64,256,512,2347,128,512,1024,3798,256,1024,4096,1295,256,512,1024,1115,128,512,1024,20358,64,512,512,2718,64,512,2048,603,128,256,512,171,128,512,512,162,128,512,4096,216,0,0,0,0,0,0,0,0,0,0,0,0,64,128,128,21,64,128,128,21,16.24,12.40,3.84,0,18,24,0,38,2402,0,17260,41730,23203,57537,0,40,21,0
17073623258900,2428,2048,8192,16384,16064,512,4096,8192,2417,4096,8192,16384,1959,4096,16384,16384,504,8192,8192,8192,24,512,4096,8192,496,512,4096,8192,1922,1024,4096,8192,342,4096,8192,8192,19,512,65536,262144,23967,1048576,1048576,1048576,41,524288,524288,524288,41,524288,524288,524288,41,512,1024,1024,41,64,16384,65536,40,128,512,1024,2852,128,512,1024,2852,128,512,1024,144576,128,512,1024,17631,64,256,512,2629,128,512,1024,3618,256,1024,1024,1212,256,512,1024,1374,128,512,1024,20862,64,256,512,2439,64,256,512,405,128,512,512,261,128,512,1024,216,128,512,1024,171,0,0,0,0,0,0,0,0,0,0,0,0,64,64,64,20,64,128,128,20,13.52,10.58,2.93,0,24,24,0,50,2463,0,16963,39322,23419,56430,0,41,20,0
17074643157300,2428,2048,8192,16384,16219,512,4096,8192,2422,4096,8192,16384,1935,4096,8192,16384,490,8192,8192,16384,22,512,4096,8192,501,512,4096,8192,1960,1024,4096,8192,349,2048,8192,8192,20,256,65536,262144,24168,1048576,1048576,1048576,41,524288,524288,524288,41,524288,524288,524288,41,512,1024,1024,41,64,16384,16384,41,64,512,1024,3310,128,512,1024,3310,128,512,1024,145971,128,512,1024,17415,64,512,512,2560,128,512,1024,3942,256,1024,1024,1344,256,512,2048,1182,64,512,512,21258,64,256,512,2718,64,512,512,405,64,256,512,135,128,512,1024,198,128,512,1024,180,0,0,0,0,0,0,0,0,0,0,0,0,64,128,128,20,64,128,128,20,13.15,11.11,2.04,0,22,25,0,60,2425,0,16976,38805,23641,54843,0,41,20,0
17075664546300,2437,2048,8192,16384,15777,512,4096,8192,2638,4096,8192,16384,1896,8192,16384,16384,469,8192,8192,8192,20,512,4096,4096,515,512,4096,8192,1893,1024,4096,8192,326,4096,4096,4096,19,512,65536,262144,23745,1048576,1048576,1048576,41,524288,524288,524288,41,524288,524288,524288,41,1024,1024,1024,41,64,16384,65536,41,128,512,1024,3399,128,512,1024,3318,128,512,4096,141993,128,512,1024,17064,64,512,512,2544,128,512,1024,3249,256,1024,4096,1215,256,512,1024,1197,128,512,1024,20502,128,512,512,2592,64,512,512,432,64,512,1024,189,128,512,1024,180,128,512,1024,171,0,0,0,0,0,0,0,0,0,0,0,0,64,64,128,21,64,16384,32768,21,15.41,11.21,4.20,0,20,28,0,49,2365,0,16159,38756,23248,57023,0,41,21,0
17076686822900,2472,2048,8192,16384,15612,512,4096,8192,2313,4096,8192,16384,1892,8192,16384,32768,515,8192,16384,32768,24,512,4096,8192,470,512,4096,8192,1883,1024,4096,8192,310,4096,8192,8192,23,1024,65536,262144,23255,1048576,2097152,2097152,41,524288,1048576,1048576,41,524288,1048576,1048576,41,512,1024,2048,41,64,16384,65536,41,128,512,2048,3407,128,512,1024,3092,128,512,4096,140508,128,512,1024,17028,64,512,1024,2691,128,512,1024,3690,512,1024,4096,1444,256,512,1024,1372,128,512,2048,20754,64,512,1024,2610,128,512,1024,483,64,512,512,189,256,1024,1024,216,128,512,1024,207,0,0,0,0,0,0,0,0,0,0,0,0,64,128,128,20,16384,65536,65536,20,16.69,11.34,5.35,0,24,20,0,53,2407,0,15484,40532,22788,57374,0,41,20,0
17077708380700,2426,2048,8192,16384,14990,512,1024,4096,2304,4096,8192,16384,2021,4096,16384,16384,512,8192,8192,8192,13,512,1024,8192,502,512,4096,8192,1997,1024,4096,8192,317,4096,8192,8192,22,512,65536,262144,22910,1048576,1048576,1048576,41,524288,524288,524288,41,524288,524288,1048576,41,512,1024,1024,41,64,4096,16384,41,128,512,4096,3433,128,512,4096,3847,128,512,4096,134910,128,512,1024,18189,64,512,1024,2563,128,512,1024,3879,512,1024,4096,1638,256,512,4096,1323,128,512,4096,19530,64,512,1024,2817,64,512,2048,465,128,512,1024,135,128,512,512,117,128,1024,4096,198,0,0,0,0,0,0,0,0,0,0,0,0,64,128,128,21,16384,32768,32768,21,14.66,10.45,4.21,0,13,23,0,46,2533,74,14958,39451,22005,57278,325,41,21,0
17078722847800,2426,2048,8192,16384,15673,512,4096,8192,2411,4096,8192,16384,1863,8192,16384,16384,491,8192,16384,16384,21,1024,1024,8192,466,512,4096,8192,1920,2048,4096,8192,331,4096,8192,8192,15,1024,65536,524288,23383,1048576,1048576,1048576,40,524288,524288,524288,40,524288,524288,524288,40,512,1024,1024,40,64,16384,32768,40,128,512,1024,2759,128,512,1024,2759,128,512,4096,141057,128,512,1024,16767,64,512,1024,2654,128,512,1024,3663,512,1024,2048,1356,256,512,1024,1257,128,512,1024,22158,128,512,1024,2673,64,512,512,426,128,512,1024,189,256,1024,1024,189,128,512,1024,135,0,0,0,0,0,0,0,0,0,0,0,0,64,128,128,20,64,128,128,20,15.15,11.17,3.98,0,21,23,0,62,2354,0,14092,40237,22974,57537,0,40,20,0
17079737239600,2426,2048,8192,16384,15613,512,4096,8192,2410,4096,8192,16384,1891,8192,16384,16384,471,8192,8192,16384,23,512,4096,8192,530,512,4096,8192,1907,1024,4096,8192,352,4096,4096,4096,20,512,65536,262144,23427,1048576,1048576,1048576,41,524288,524288,1048576,41,524288,524288,524288,41,512,1024,1024,41,64,128,2048,41,128,512,1024,3166,128,512,1024,3166,128,512,4096,140517,128,512,1024,17019,64,512,1024,2693,128,512,1024,3483,256,1024,4096,1293,256,512,1024,1356,128,512,1024,22869,64,512,512,2925,64,512,512,429,128,512,512,225,128,512,1024,207,128,512,1024,180,2048,2048,2048,29,1024,1024,1024,25,64,64,64,54,64,128,128,20,128,128,128,20,13.87,10.92,2.95,25,23,21,0,53,2362,0,12841,41381,23044,59592,0,41,20,0
17080750757500,2426,2048,8192,16384,15920,512,4096,8192,2408,4096,8192,16384,1887,8192,16384,32768,476,8192,16384,16384,18,512,4096,8192,475,512,4096,8192,1875,2048,4096,8192,318,2048,4096,4096,16,1024,65536,131072,23646,1048576,1048576,1048576,40,524288,524288,524288,40,524288,524288,524288,40,512,1024,1024,40,64,256,2048,40,128,512,1024,2885,128,512,1024,2885,128,512,4096,143280,128,512,1024,16983,64,512,1024,2427,128,512,1024,3780,512,1024,1024,1305,256,512,1024,1233,128,512,1024,20934,128,512,512,2844,64,512,512,630,128,512,1024,144,256,512,2048,162,128,512,1024,144,2048,2048,2048,27,1024,1024,1024,30,64,64,128,57,64,128,128,20,64,128,128,20,13.48,9.63,3.85,30,18,10,0,53,2363,0,11578,39209,23250,59745,0,40,20,0
17081772592100,2426,2048,8192,16384,16240,512,4096,8192,2398,4096,8192,16384,1949,8192,16384,16384,538,8192,16384,16384,28,512,4096,8192,499,512,4096,8192,1941,1024,4096,8192,351,4096,4096,8192,23,1024,65536,524288,24166,1048576,1048576,1048576,41,524288,524288,524288,41,524288,524288,1048576,41,512,1024,1024,41,64,16384,32768,41,128,512,2048,2918,128,512,1024,2918,128,512,2048,146160,128,512,1024,17541,64,512,512,3061,128,512,1024,3564,512,1024,2048,1286,256,512,1024,1367,128,512,1024,23130,128,512,512,2700,64,512,1024,348,128,512,512,216,256,512,1024,252,128,512,1024,207,2048,2048,2048,18,1024,1024,1024,19,64,64,64,37,64,64,64,21,128,128,128,21,13.25,10.57,2.68,19,28,17,0,56,2487,0,11197,40097,23730,57548,0,41,21,0
17082793976700,2426,2048,8192,16384,15970,512,4096,4096,2408,4096,8192,16384,1974,4096,8192,16384,490,8192,8192,8192,15,512,4096,8192,488,512,4096,4096,1926,1024,4096,8192,365,4096,4096,8192,38,64,65536,262144,23857,1048576,1048576,1048576,41,524288,524288,524288,41,524288,524288,524288,41,512,1024,1024,41,64,16384,32768,41,128,512,512,3018,128,512,1024,3018,128,512,4096,143730,128,512,1024,17766,64,256,512,2656,128,512,1024,3816,256,1024,2048,1161,256,512,1024,1224,128,512,1024,21519,64,512,512,2808,64,512,512,522,64,256,512,144,128,512,512,135,128,512,512,342,0,0,0,0,0,0,0,0,0,0,0,0,64,128,128,20,64,128,128,20,13.39,11.09,2.30,0,15,22,0,57,2464,0,9715,40646,23388,60766,0,41,20,0
17083813563300,2473,2048,8192,16384,16224,512,4096,8192,2429,4096,8192,16384,1861,4096,8192,16384,457,8192,8192,8192,12,512,1024,8192,486,512,4096,8192,1934,1024,4096,8192,302,4096,4096,4096,21,128,65536,262144,23925,1048576,1048576,1048576,41,524288,524288,524288,41,524288,524288,524288,41,512,512,1024,41,64,2048,16384,41,64,512,1024,3609,128,512,1024,3186,128,512,1024,146016,128,512,1024,16749,64,512,512,2084,128,512,1024,3654,256,1024,4096,1431,256,512,512,1197,64,512,512,21717,64,256,512,2529,64,256,512,396,64,512,1024,135,128,512,512,108,128,512,1024,189,0,0,0,0,0,0,0,0,0,0,0,0,64,64,64,21,16384,32768,65536,21,16.85,12.76,4.08,0,12,14,0,64,2318,0,8198,38468,23494,60059,0,41,21,0
17084834564400,2500,2048,8192,16384,16425,512,4096,8192,2479,4096,8192,16384,1981,4096,16384,16384,551,8192,8192,8192,24,512,2048,4096,532,512,1024,4096,2004,1024,4096,8192,307,4096,8192,8192,23,64,65536,131072,24558,1048576,1048576,1048576,41,524288,524288,524288,41,524288,524288,524288,41,512,1024,1024,41,64,128,1024,41,128,512,512,3275,128,512,512,3032,128,512,1024,147825,128,512,1024,17829,64,256,512,2976,128,512,1024,4167,256,1024,2048,1269,256,512,1024,1386,64,512,512,23517,64,256,512,2943,64,256,512,384,128,512,512,225,256,512,1024,216,128,512,1024,207,0,0,0,0,0,0,0,0,0,0,0,0,64,128,128,20,16384,32768,32768,20,15.06,9.95,5.11,0,24,14,0,58,2532,0,7114,39111,24014,59791,0,41,20,0
17085853938800,2500,2048,8192,16384,16524,512,4096,8192,2482,4096,8192,16384,2020,4096,16384,32768,476,8192,8192,8192,25,512,4096,8192,492,512,4096,4096,1956,1024,4096,8192,316,4096,4096,4096,15,256,65536,262144,24555,1048576,1048576,1048576,41,524288,524288,524288,41,524288,524288,524288,41,512,1024,1024,41,64,4096,16384,41,128,512,1024,3443,128,512,1024,3443,128,512,1024,148716,128,512,1024,18180,64,256,512,2837,128,512,1024,3879,256,1024,1024,1347,256,512,1024,1419,64,512,512,22347,64,512,512,2853,64,256,512,555,64,512,512,234,128,512,1024,225,128,512,512,135,0,0,0,0,0,0,0,0,0,0,0,0,64,64,128,21,64,128,128,21,14.05,11.50,2.56,0,25,25,0,57,2496,0,5515,39221,24057,61299,0,41,21,0
17086874969600,2500,2048,8192,16384,14919,512,4096,8192,2470,4096,8192,16384,1861,4096,8192,16384,455,8192,8192,8192,24,512,4096,8192,496,512,4096,8192,1902,1024,2048,8192,346,2048,4096,4096,25,128,65536,262144,22691,1048576,1048576,1048576,40,524288,524288,524288,40,524288,524288,524288,40,512,1024,1024,40,128,8192,8192,40,128,512,1024,3290,128,512,1024,3290,128,512,4096,134271,128,512,1024,16749,64,512,512,2348,128,512,1024,3384,256,1024,2048,1317,256,512,1024,1317,128,512,1024,21123,64,512,512,2835,64,512,512,552,64,512,512,171,128,512,512,216,128,512,512,225,0,0,0,0,0,0,0,0,0,0,0,0,64,128,128,20,64,128,128,20,16.45,12.50,3.95,0,24,18,0,59,2316,0,4119,39265,22187,59167,0,40,20,0
17087894932800,2425,2048,8192,16384,15357,512,4096,8192,2418,4096,8192,16384,1964,4096,16384,16384,556,8192,8192,8192,24,512,1024,4096,523,512,1024,4096,1981,1024,4096,8192,374,2048,8192,8192,22,512,65536,262144,23410,1048576,1048576,1048576,41,524288,524288,524288,41,524288,524288,524288,41,512,1024,1024,41,64,32768,65536,41,128,512,4096,3188,128,512,4096,3863,128,512,4096,138213,128,512,1024,17676,64,256,512,3030,128,512,1024,3978,256,1024,2048,1206,256,512,1024,1404,128,512,4096,18972,64,512,512,2961,64,512,4096,453,64,256,512,261,128,512,1024,216,128,512,4096,198,0,0,0,0,0,0,0,0,0,0,0,0,64,128,128,20,64,128,128,20,14.04,11.36,2.68,0,24,13,0,61,2520,75,3210,39621,22747,58590,0,41,20,0
17088914985300,2425,2048,8192,16384,16189,512,4096,4096,2405,4096,8192,16384,1923,4096,8192,16384,471,8192,16384,16384,19,512,4096,8192,475,512,4096,4096,1924,1024,4096,8192,312,4096,8192,8192,18,256,65536,131072,23957,1048576,1048576,1048576,41,524288,524288,524288,41,524288,524288,524288,41,512,1024,1024,41,64,16384,32768,41,128,512,1024,2956,128,512,1024,2956,128,512,1024,145701,128,512,1024,17307,64,256,512,2336,128,512,1024,3699,256,1024,1024,1260,256,512,1024,1233,64,512,512,22176,64,256,512,2565,64,256,512,585,128,512,512,144,128,512,4096,171,128,512,1024,162,0,0,0,1,0,0,0,0,0,0,0,1,64,128,128,21,64,128,128,21,12.51,9.83,2.68,0,19,15,0,51,2394,0,3186,39324,23504,55295,0,41,21,0
17089935648100,2430,2048,8192,16384,16250,512,4096,4096,2408,4096,8192,16384,1954,4096,8192,16384,464,8192,8192,8192,18,512,4096,4096,487,512,4096,4096,1912,1024,4096,8192,368,2048,8192,8192,26,256,65536,262144,24095,1048576,1048576,1048576,41,524288,524288,524288,41,524288,524288,524288,41,512,1024,1024,41,64,8192,32768,41,128,512,512,3046,128,512,1024,3001,128,512,1024,146250,128,512,1024,17586,64,256,512,2365,128,512,1024,3510,256,1024,1024,1322,256,512,512,1286,64,512,512,22473,64,256,512,2754,64,256,512,540,64,256,512,207,64,512,512,162,128,512,1024,234,2048,2048,2048,28,512,1024,1024,26,64,64,128,54,64,128,128,20,64,16384,16384,20,14.17,11.36,2.81,26,18,13,0,57,2418,0,1843,38608,23684,59243,0,41,20,0
17090955409700,2469,2048,8192,16384,16069,512,4096,4096,2435,4096,8192,16384,1918,4096,16384,16384,516,8192,16384,16384,38,512,1024,4096,535,512,4096,8192,1967,1024,4096,8192,314,2048,4096,4096,16,256,65536,262144,24028,1048576,1048576,1048576,41,524288,524288,524288,41,524288,524288,524288,41,512,1024,1024,41,64,8192,32768,41,128,512,1024,3564,128,512,1024,3213,128,512,1024,144621,128,512,1024,17262,64,256,512,2748,128,512,1024,3762,256,1024,1024,1362,256,512,1024,1407,64,512,512,21294,64,512,512,2808,64,512,4096,498,64,512,1024,261,128,512,1024,342,128,512,512,144,1024,2048,8192,26,1024,1024,2048,29,64,64,64,55,64,128,128,21,16384,32768,32768,21,13.92,10.99,2.94,29,38,7,0,66,2434,0,760,39749,23572,59297,0,41,21,0
17091975955800,2500,2048,8192,16384,16480,512,4096,4096,2454,4096,8192,16384,1938,4096,16384,16384,527,8192,8192,8192,21,512,4096,8192,471,512,2048,8192,1943,1024,2048,8192,311,2048,4096,4096,19,512,65536,262144,24364,1048576,1048576,1048576,40,524288,524288,524288,40,524288,524288,524288,40,512,1024,1024,40,64,2048,8192,40,128,512,1024,3686,128,512,1024,3407,128,512,1024,148320,128,512,1024,17442,64,512,512,2914,128,512,1024,3789,256,1024,4096,1192,256,512,512,1273,64,512,512,22005,64,256,512,2556,64,512,512,513,64,256,512,252,128,512,512,189,128,512,1024,171,1024,2048,2048,20,1024,1024,1024,20,64,64,64,40,64,128,128,20,16384,32768,32768,20,14.54,11.48,3.06,20,21,8,0,57,2465,0,0,38375,23879,57828,0,40,20,0
17092996098500,2500,2048,8192,16384,16715,512,1024,4096,2493,4096,8192,16384,1991,4096,16384,16384,493,8192,8192,8192,33,512,4096,4096,491,512,4096,8192,2043,1024,4096,8192,321,4096,16384,16384,16,512,65536,262144,24806,1048576,1048576,1048576,41,524288,524288,524288,41,524288,524288,524288,41,512,1024,1024,41,128,16384,65536,41,128,512,1024,3417,128,512,1024,3417,128,512,1024,150435,128,512,1024,17919,64,256,512,2557,128,512,1024,3735,256,1024,1024,1248,256,512,512,1365,64,512,512,21078,64,256,512,2844,64,256,512,360,64,512,512,252,128,512,512,297,128,512,512,144,0,0,0,0,0,0,0,0,0,0,0,0,64,128,128,20,64,128,128,20,13.15,10.47,2.68,0,33,8,0,55,2484,0,11,39029,24306,54400,0,41,20,0
17094015978100,2500,2048,8192,16384,16403,512,4096,4096,2479,4096,8192,16384,2007,4096,8192,16384,525,8192,8192,8192,16,512,1024,4096,539,512,1024,4096,1957,1024,4096,8192,347,4096,4096,4096,15,64,65536,262144,24483,1048576,1048576,1048576,41,524288,524288,524288,41,524288,524288,524288,41,512,512,1024,41,64,8192,16384,41,128,512,1024,3278,128,512,1024,3278,128,512,1024,147627,128,512,1024,18063,64,512,512,2506,128,512,1024,4167,256,1024,1024,1185,256,512,1024,1212,128,512,512,21609,64,512,512,2484,64,256,512,444,64,512,512,135,128,512,1024,144,128,512,1024,135,0,0,0,0,0,0,0,0,0,0,0,0,64,64,64,21,64,128,128,21,14.05,10.09,3.96,0,16,9,0,52,2532,0,5,38505,23927,54483,0,41,21,0
17095036617700,2500,2048,8192,16384,16120,512,4096,8192,2496,4096,8192,16384,1965,4096,16384,16384,478,8192,8192,8192,20,512,4096,4096,526,512,4096,4096,1969,1024,2048,8192,363,4096,8192,8192,16,128,65536,262144,24184,1048576,1048576,1048576,41,524288,524288,524288,41,524288,524288,524288,41,512,512,1024,41,64,32768,65536,41,128,512,1024,3212,128,512,1024,3212,128,512,4096,145080,128,512,1024,17685,64,512,512,2608,128,512,1024,3762,256,1024,1024,1430,256,512,512,1358,64,512,1024,20673,64,512,512,2727,64,512,4096,462,128,512,512,207,128,512,512,180,128,512,1024,144,0,0,0,0,0,0,0,0,0,0,0,0,64,128,128,20,64,128,128,20,14.79,11.22,3.57,0,20,8,0,54,2443,0,6,39873,23702,54313,0,41,20,0
17096056535400,2500,2048,8192,16384,16816,512,4096,4096,2481,4096,8192,16384,1974,4096,8192,16384,511,8192,16384,16384,18,512,4096,8192,495,512,1024,8192,1989,1024,4096,8192,355,2048,4096,4096,19,128,65536,262144,24889,1048576,1048576,1048576,41,524288,524288,524288,41,524288,524288,524288,41,512,1024,1024,41,64,32768,32768,41,128,512,1024,3229,128,512,1024,3229,128,512,1024,151344,128,512,1024,17766,64,512,512,2823,128,512,1024,4014,256,1024,1024,1353,256,512,1024,1236,64,512,512,22086,64,512,512,2259,64,256,512,387,64,256,512,162,128,1024,1024,162,128,512,512,171,0,0,0,0,0,0,0,0,0,0,0,0,64,128,128,21,64,128,128,21,15.83,12.38,3.45,0,18,3,0,55,2485,0,0,38419,24346,54241,0,41,21,0
17097075070400,2425,2048,8192,16384,16372,512,4096,4096,2464,4096,8192,16384,1978,4096,8192,16384,486,8192,8192,8192,20,512,4096,8192,512,512,4096,8192,1931,1024,4096,8192,360,2048,4096,4096,25,64,65536,131072,24331,1048576,1048576,1048576,40,524288,524288,524288,40,524288,524288,524288,40,512,1024,1024,40,64,128,2048,40,128,512,1024,3107,64,512,512,3782,128,512,1024,147348,128,512,1024,17802,64,256,512,2383,128,512,1024,3672,256,1024,1024,1202,256,512,512,1229,64,512,512,21681,64,256,512,3024,64,256,512,414,128,512,1024,162,128,512,512,180,128,512,512,225,0,0,0,0,0,0,0,0,0,0,0,0,64,128,128,20,64,128,128,20,13.81,11.25,2.56,0,20,7,0,53,2464,75,515,38176,23878,52731,0,40,20,0
17098096705200,2425,2048,8192,16384,16289,512,4096,4096,2621,4096,8192,16384,1955,4096,8192,16384,530,8192,8192,8192,22,512,4096,8192,477,512,4096,4096,1959,1024,4096,4096,315,2048,4096,8192,23,128,65536,262144,24371,1048576,1048576,1048576,41,524288,524288,524288,41,524288,524288,524288,41,512,1024,1024,41,64,16384,16384,41,128,512,1024,3247,128,512,1024,3247,128,512,1024,146601,128,512,1024,17595,64,256,512,2908,128,512,1024,3753,256,1024,1024,1392,256,512,512,1320,64,512,512,21573,64,256,512,2610,64,256,512,609,64,256,512,243,128,512,1024,198,128,512,512,207,0,0,0,0,0,0,0,0,0,0,0,0,64,128,128,20,64,128,128,20,15.17,10.97,4.21,0,22,9,0,83,2485,0,35,39715,23937,57433,0,41,20,0
17099116050500,2427,2048,8192,16384,16240,512,4096,4096,2433,4096,8192,16384,1918,4096,16384,16384,476,8192,8192,8192,27,512,4096,4096,510,512,4096,8192,1975,1024,4096,4096,310,4096,8192,8192,17,64,65536,131072,24138,1048576,1048576,1048576,41,524288,524288,524288,41,524288,524288,524288,41,1024,1024,2048,41,64,16384,32768,41,128,512,1024,3348,128,512,1024,3330,128,512,1024,146160,128,512,1024,17262,64,256,512,2468,128,512,1024,3618,256,1024,4096,1263,256,512,1024,1398,64,512,512,21303,64,256,512,2664,64,512,512,582,64,512,512,270,128,512,1024,243,128,512,4096,153,2048,2048,2048,6,512,512,512,3,64,64,64,9,64,128,128,21,64,128,128,21,12.00,10.21,1.79,3,27,10,0,73,2394,0,0,39259,23301,54742,251,41,21,0
17100137220300,2456,2048,8192,16384,16242,512,4096,4096,2331,4096,8192,16384,1958,4096,16384,16384,478,8192,8192,16384,24,512,4096,8192,469,512,4096,8192,1958,1024,4096,8192,318,4096,8192,8192,16,256,65536,262144,24030,1048576,1048576,1048576,41,524288,524288,524288,41,524288,524288,524288,41,512,1024,1024,41,64,256,32768,41,64,512,4096,3450,128,512,1024,3189,128,512,2048,146179,128,512,1024,17622,64,256,512,2753,128,512,1024,3645,256,1024,1024,1368,256,512,1024,1287,128,512,512,21942,64,512,512,2700,64,256,1024,561,64,512,512,207,128,512,4096,216,128,512,1024,144,1024,2048,2048,27,512,1024,1024,29,64,64,128,56,64,128,128,20,16384,65536,65536,20,16.59,12.76,3.83,29,24,10,0,64,2436,0,26,39888,23626,54978,0,41,20,0
17101157214400,2481,2048,8192,16384,16308,512,4096,4096,2365,4096,8192,16384,1923,4096,8192,16384,493,8192,8192,8192,29,512,2048,4096,501,512,4096,8192,1910,1024,4096,8192,338,4096,4096,4096,23,128,65536,262144,24084,1048576,1048576,1048576,41,524288,524288,524288,41,524288,524288,524288,41,512,1024,1024,41,64,2048,32768,41,128,512,1024,3376,128,512,1024,3151,128,512,1024,146771,128,512,1024,17307,64,256,512,2629,128,512,1024,3663,256,1024,1024,1340,256,512,512,1322,64,512,512,22995,64,256,512,2844,64,256,512,453,64,512,512,252,128,512,1024,261,128,512,1024,207,1024,2048,2048,26,1024,1024,1024,24,64,64,64,50,64,64,128,21,16384,32768,32768,21,15.19,12.12,3.06,24,29,18,0,61,2416,0,0,39701,23652,55332,0,41,21,0
17102178634500,2500,2048,8192,16384,16423,512,4096,8192,2600,4096,8192,16384,1979,8192,16384,16384,506,8192,8192,8192,21,512,4096,4096,536,512,4096,8192,1978,1024,4096,8192,314,2048,4096,4096,28,128,65536,262144,24617,1048576,1048576,1048576,40,524288,524288,524288,40,524288,524288,524288,40,512,1024,1024,40,128,16384,32768,41,128,512,1024,3199,128,512,1024,3028,128,512,4096,147807,128,512,1024,17811,64,256,512,2697,128,512,1024,4167,256,1024,1024,1331,256,512,2048,1254,128,512,1024,22968,64,512,512,2898,64,512,1024,449,64,256,512,144,128,512,512,189,128,512,1024,252,1024,2048,2048,16,1024,1024,1024,19,64,64,64,35,64,128,128,20,16384,32768,32768,20,13.13,9.44,3.70,19,21,29,0,61,2485,0,4,41959,24218,55537,0,40,20,0
17103196898300,2500,2048,8192,16384,16303,512,4096,8192,2595,4096,8192,16384,1974,4096,8192,16384,507,8192,8192,8192,27,512,4096,8192,491,512,4096,8192,1953,1024,4096,8192,383,4096,8192,8192,15,128,65536,262144,24463,1048576,1048576,1048576,41,524288,524288,524288,41,524288,524288,524288,41,512,1024,1024,41,64,32768,32768,40,128,512,1024,3134,128,512,1024,3134,128,512,4096,146727,128,512,1024,17766,64,512,512,2531,128,512,1024,3942,256,1024,1024,1342,256,512,1024,1356,128,512,1024,22626,64,256,512,2754,64,256,512,429,128,512,512,234,128,512,512,243,128,512,1024,135,0,0,0,0,0,0,0,0,0,0,0,0,64,128,128,20,64,128,128,20,13.30,10.61,2.69,0,27,29,0,69,2481,0,27,39970,23997,55060,0,41,20,0
17104218529500,2500,2048,8192,16384,16099,512,4096,8192,2638,4096,8192,16384,1963,4096,16384,16384,492,8192,8192,8192,18,512,4096,4096,533,512,4096,8192,1975,1024,4096,8192,357,4096,4096,4096,15,64,65536,262144,24299,1048576,1048576,1048576,41,524288,524288,524288,41,524288,524288,524288,41,512,1024,1024,41,64,128,2048,41,128,512,1024,3078,128,512,1024,3078,128,512,4096,144891,128,512,1024,17667,64,256,512,2559,128,512,1024,3816,256,1024,1024,1167,256,512,1024,1230,64,512,1024,22014,64,512,512,2907,64,512,512,516,64,256,512,171,128,512,512,162,256,512,512,135,0,0,0,0,0,0,0,0,0,0,0,0,64,64,128,21,64,128,128,21,14.65,11.21,3.44,0,18,37,0,65,2455,0,6,41182,23826,55255,0,41,21,0
17105237789200,2500,2048,8192,16384,16685,512,4096,8192,2808,4096,8192,16384,1969,4096,8192,16384,503,8192,8192,16384,34,512,4096,8192,495,512,4096,4096,2037,1024,4096,8192,361,2048,8192,8192,19,512,65536,262144,25162,1048576,1048576,1048576,41,524288,524288,524288,41,524288,524288,524288,41,1024,1024,2048,41,64,2048,16384,41,64,512,2048,3400,128,512,1024,3400,128,512,1024,150165,128,512,1024,17721,64,256,512,2762,128,512,1024,3897,256,1024,4096,1368,256,512,1024,1395,128,512,1024,21681,64,512,512,2880,64,512,1024,420,64,512,1024,279,128,512,1024,306,128,512,1024,171,0,0,0,0,0,0,0,0,0,0,0,0,64,64,64,20,64,128,128,20,17.25,12.26,4.98,0,34,40,0,55,2472,0,71,39262,24619,54559,0,41,20,0
17106259034500,2500,2048,8192,16384,16659,512,4096,8192,2496,4096,8192,16384,1978,4096,16384,16384,516,8192,8192,8192,24,512,1024,8192,477,512,4096,8192,1935,1024,2048,8192,313,2048,4096,4096,15,128,65536,262144,24632,1048576,1048576,1048576,41,524288,524288,524288,41,524288,524288,524288,41,512,1024,1024,41,64,2048,32768,41,128,512,512,3426,128,512,1024,3426,128,512,1024,149931,128,512,1024,17802,64,256,512,2686,128,512,1024,3861,256,1024,1024,1278,256,512,512,1350,64,512,512,21870,64,512,512,2871,128,512,512,417,64,512,512,198,128,512,1024,216,128,512,512,135,0,0,0,0,0,0,0,0,0,0,0,0,64,128,128,21,64,128,128,21,12.76,10.34,2.42,0,24,39,0,47,2494,0,4,39142,24143,54691,0,41,21,0
17107277735500,2425,2048,8192,16384,16356,512,1024,4096,2452,4096,8192,16384,2011,4096,16384,16384,550,8192,8192,8192,35,512,4096,8192,511,512,4096,4096,1965,1024,4096,8192,307,2048,4096,4096,21,512,65536,262144,24399,1048576,1048576,1048576,41,524288,524288,524288,41,524288,524288,524288,41,1024,1024,1024,41,64,128,32768,41,128,512,1024,2982,64,512,1024,3657,128,512,1024,147204,128,512,1024,18099,64,256,512,3112,128,512,1024,3798,256,1024,1024,1362,256,512,512,1479,64,512,512,22590,64,512,512,3114,64,512,512,438,128,256,512,333,128,512,1024,315,128,512,512,189,0,0,0,0,0,0,0,0,0,0,0,0,64,128,128,20,64,128,128,20,15.97,11.63,4.34,0,35,37,0,57,2561,75,754,38430,23916,53039,0,41,20,0
17108299310200,2425,2048,8192,16384,16508,512,4096,4096,2418,4096,8192,16384,1905,4096,16384,16384,458,8192,16384,16384,26,512,2048,4096,489,512,4096,8192,1926,1024,4096,8192,327,4096,4096,8192,24,512,65536,262144,24271,1048576,1048576,1048576,40,524288,524288,524288,40,524288,524288,524288,40,512,1024,1024,40,64,1024,2048,40,128,512,1024,2917,128,512,1024,2917,128,512,1024,148572,128,512,1024,17145,64,512,512,2375,128,512,1024,3492,256,1024,2048,1404,256,512,1024,1323,128,512,1024,22275,64,512,512,2934,64,256,512,567,128,512,1024,243,256,512,1024,234,128,512,1024,216,0,0,0,0,0,0,0,0,0,0,0,0,64,128,128,20,64,128,128,20,14.14,11.21,2.93,0,26,38,0,52,2363,0,14,39137,23828,57057,0,40,20,0
17109318690400,2430,2048,8192,16384,16012,512,4096,4096,2411,4096,8192,16384,1889,4096,8192,16384,510,8192,8192,8192,24,512,1024,4096,534,512,4096,4096,1947,1024,4096,8192,291,4096,4096,4096,9,256,65536,262144,23835,1048576,1048576,1048576,41,524288,524288,524288,41,524288,524288,524288,41,512,1024,1024,41,64,8192,32768,41,128,512,1024,3235,128,512,1024,3190,128,512,1024,144108,128,512,1024,17001,64,256,512,2859,128,512,1024,3807,256,1024,1024,1329,256,512,1024,1356,64,512,512,21969,64,256,512,2754,64,256,512,522,128,512,512,234,128,512,4096,216,128,512,512,81,2048,2048,2048,8,512,1024,1024,5,64,64,64,13,64,128,128,21,64,16384,16384,21,14.69,12.01,2.68,5,24,40,0,50,2399,0,3,39110,23408,54530,0,41,21,0
17110339919700,2457,2048,8192,16384,15990,512,4096,8192,2403,4096,8192,16384,1938,4096,16384,32768,479,8192,8192,8192,29,512,4096,8192,492,512,4096,8192,1958,1024,4096,8192,373,2048,4096,4096,14,512,65536,262144,23908,1048576,1048576,1048576,41,524288,524288,524288,41,524288,524288,524288,41,512,1024,1024,41,64,2048,16384,41,64,512,1024,3618,128,512,1024,3375,128,512,1024,143910,128,512,1024,17442,64,512,512,2670,128,512,1024,3519,256,1024,1024,1239,256,512,1024,1302,64,512,512,21627,64,256,512,2601,64,512,512,405,128,512,512,243,128,512,1024,261,128,512,1024,126,1024,2048,2048,25,1024,1024,1024,28,64,64,64,53,64,128,128,20,16384,32768,32768,20,14.68,10.98,3.70,28,29,39,0,60,2417,0,3,39037,23473,54825,0,41,20,0
17111358668400,2483,2048,8192,16384,16096,512,4096,8192,2442,4096,8192,16384,1948,4096,8192,16384,513,8192,8192,8192,21,512,4096,8192,481,512,4096,8192,1954,1024,4096,8192,345,2048,4096,4096,18,128,65536,262144,24058,1048576,1048576,1048576,41,524288,524288,524288,41,524288,524288,524288,41,512,1024,1024,41,64,32768,65536,41,128,512,512,3448,128,512,1024,3214,128,512,1024,144864,128,512,1024,17532,64,512,512,2912,128,512,1024,3852,256,1024,1024,1359,256,512,1024,1341,64,512,512,22284,64,256,512,2565,64,512,512,360,64,256,1024,189,128,512,1024,189,128,512,512,162,2048,2048,2048,29,1024,1024,1024,26,64,64,64,55,64,128,128,21,16384,16384,32768,21,15.71,11.63,4.09,26,21,40,0,78,2461,0,13,39919,23659,54915,0,41,21,0
17112379642600,2500,2048,8192,16384,16682,512,4096,8192,2484,4096,8192,16384,2004,4096,8192,16384,493,8192,8192,8192,19,512,4096,8192,498,512,4096,8192,1995,1024,4096,8192,373,2048,8192,8192,27,1024,65536,262144,24765,1048576,1048576,1048576,41,524288,524288,524288,41,524288,524288,524288,41,512,1024,1024,41,128,4096,32768,41,128,512,2048,3274,128,512,1024,3121,128,512,4096,150138,128,512,1024,18036,64,512,512,2476,128,512,1024,3708,256,1024,1024,1379,256,512,1024,1280,128,512,512,20808,64,512,512,2718,64,512,1024,519,64,512,512,153,128,512,4096,171,64,512,1024,243,1024,2048,2048,13,1024,1024,1024,16,64,64,128,29,64,128,128,20,64,32768,32768,20,15.81,12.75,3.06,16,19,36,0,59,2497,0,0,40095,24309,54968,0,41,20,0
17113398110400,2500,2048,8192,16384,16225,512,4096,4096,2467,4096,8192,16384,1940,4096,16384,16384,518,8192,8192,8192,18,512,4096,8192,504,512,4096,8192,1922,1024,4096,8192,348,4096,4096,8192,21,256,65536,262144,24169,1048576,1048576,1048576,40,524288,524288,524288,40,524288,524288,524288,40,512,1024,1024,40,64,32768,65536,40,128,512,1024,3402,128,512,1024,3402,128,512,1024,146025,128,512,1024,17460,64,256,512,2655,128,512,1024,3969,256,1024,1024,1170,256,512,512,1224,128,512,512,20889,64,512,512,2592,64,512,1024,378,128,512,512,207,128,512,1024,162,128,512,1024,189,0,0,0,0,0,0,0,0,0,0,0,0,64,128,128,20,64,128,128,20,16.62,11.76,4.86,0,18,33,0,48,2458,0,18,39022,23656,54746,0,40,20,0
17114419599200,2500,2048,8192,16384,16395,512,4096,8192,2476,4096,8192,16384,2019,4096,16384,16384,508,8192,8192,16384,29,512,1024,4096,523,512,4096,8192,2001,1024,4096,8192,306,2048,4096,4096,11,256,65536,262144,24496,1048576,1048576,1048576,41,524288,524288,524288,41,524288,524288,524288,41,512,1024,1024,41,64,2048,32768,41,128,512,1024,3291,128,512,1024,3291,128,512,2048,147555,128,512,1024,18171,64,512,512,2696,128,512,1024,3996,256,1024,1024,1221,256,512,1024,1356,128,512,512,20952,64,256,512,2493,64,512,512,465,64,512,512,234,128,512,512,261,128,512,1024,99,0,0,0,0,0,0,0,0,0,0,0,0,64,64,128,21,64,128,128,21,14.92,11.22,3.70,0,29,40,0,60,2527,0,0,40314,24019,55313,0,41,21,0
17115440022900,2500,2048,8192,16384,16781,512,4096,4096,2472,4096,8192,16384,1928,4096,16384,16384,458,8192,16384,16384,21,512,1024,4096,499,512,4096,4096,1970,1024,2048,8192,294,2048,8192,8192,17,128,65536,262144,24652,1048576,1048576,1048576,41,524288,524288,524288,41,524288,524288,524288,41,512,1024,1024,41,64,8192,32768,41,64,512,1024,3243,128,512,1024,3243,128,512,1024,151029,128,512,1024,17352,64,256,512,2315,128,512,1024,3528,256,1024,1024,1319,256,512,1024,1211,64,512,512,21510,64,256,512,2628,64,256,512,380,64,256,512,189,128,512,4096,189,128,512,512,153,0,0,0,0,0,0,0,0,0,0,0,0,64,128,128,20,64,128,128,20,14.66,10.07,4.59,0,21,41,0,54,2386,0,8,37877,24086,53117,0,41,20,0
17116461452100,2500,2048,8192,16384,16608,512,4096,4096,2476,4096,8192,16384,2038,4096,8192,16384,508,8192,8192,16384,30,512,1024,4096,513,512,4096,8192,1981,1024,4096,8192,334,2048,4096,4096,12,128,65536,262144,24733,1048576,1048576,1048576,41,524288,524288,524288,41,524288,524288,524288,41,1024,1024,1024,41,64,8192,65536,41,128,512,1024,3332,128,512,1024,3332,128,512,1024,149472,128,512,1024,18342,64,512,512,2775,128,512,1024,3834,256,1024,2048,1242,256,512,1024,1377,64,512,512,21663,64,256,512,2736,64,512,512,441,64,512,512,270,128,512,1024,270,128,512,512,108,0,0,0,0,0,0,0,0,0,0,0,0,64,128,128,21,64,128,128,21,15.05,11.73,3.32,0,30,32,0,51,2546,0,0,38018,24219,54415,0,41,21,0
17117480220000,2425,2048,8192,16384,15904,512,4096,8192,2458,4096,8192,16384,1943,4096,8192,16384,505,8192,8192,8192,22,512,4096,8192,499,512,4096,4096,1955,1024,4096,8192,358,4096,8192,8192,21,512,65536,262144,23862,1048576,1048576,1048576,41,524288,524288,524288,41,524288,524288,524288,41,512,1024,1024,41,64,2048,32768,41,128,512,1024,3082,128,512,1024,3757,128,512,2048,143136,128,512,1024,17487,64,256,512,2726,128,512,512,3753,256,1024,2048,1467,256,512,1024,1260,64,512,512,21510,64,256,512,2673,64,256,512,483,64,512,1024,189,128,512,4096,198,128,512,512,189,0,0,0,0,0,0,0,0,0,0,0,0,64,128,128,20,64,128,128,20,14.82,11.50,3.32,0,22,22,0,48,2448,75,594,39188,23422,53174,0,41,20,0
17118501385300,2425,2048,8192,16384,16438,512,4096,4096,2403,4096,8192,16384,1951,4096,8192,16384,512,8192,8192,8192,25,512,4096,4096,506,512,4096,8192,1936,1024,4096,8192,351,2048,8192,8192,20,512,65536,131072,24334,1048576,1048576,1048576,40,524288,524288,524288,40,524288,524288,524288,40,512,1024,1024,40,64,1024,2048,40,128,512,1024,2677,128,512,1024,2677,128,512,1024,147942,128,512,1024,17559,64,256,512,2575,128,512,1024,3924,256,1024,1024,1245,256,512,1024,1335,64,512,512,20610,64,256,512,2628,64,256,512,567,128,256,512,216,128,512,1024,225,128,512,1024,180,0,0,0,0,0,0,0,0,0,0,0,0,64,128,128,20,64,128,128,20,16.19,11.22,4.97,0,25,29,0,39,2463,0,23,38852,23805,56803,0,40,20,0
17119521621300,2436,2048,8192,16384,15822,512,4096,4096,2404,4096,8192,16384,1924,4096,16384,16384,476,8192,8192,16384,24,512,4096,4096,463,512,4096,4096,1941,1024,4096,8192,333,4096,4096,4096,17,256,65536,262144,23598,1048576,1048576,1048576,41,524288,524288,524288,41,524288,524288,524288,41,512,1024,1024,41,64,4096,65536,41,128,512,1024,3234,128,512,1024,3135,128,512,4096,142398,128,512,1024,17316,64,256,512,2521,128,512,512,3726,256,1024,2048,1281,256,512,512,1317,64,512,512,21069,64,256,512,2484,64,256,512,501,64,512,512,270,128,512,1024,216,128,512,1024,153,1024,2048,2048,12,1024,1024,1024,11,64,64,64,23,64,128,128,21,64,16384,32768,21,16.35,12.14,4.22,11,24,22,0,59,2400,0,0,39531,23128,54399,0,41,21,0
17120542322600,2460,2048,8192,16384,16487,512,4096,4096,2423,4096,8192,16384,1916,4096,16384,16384,491,8192,8192,8192,33,512,1024,4096,532,512,4096,8192,1933,1024,4096,8192,335,2048,8192,8192,20,256,65536,131072,24405,1048576,1048576,1048576,41,524288,524288,524288,41,524288,524288,524288,41,1024,1024,1024,41,64,128,32768,41,128,512,1024,3357,128,512,1024,3141,128,512,1024,148383,128,512,1024,17244,64,512,512,2578,128,512,1024,3573,256,1024,2048,1257,256,512,1024,1293,64,512,512,20979,64,256,512,2547,64,256,512,432,128,256,512,252,128,512,1024,297,128,512,512,180,1024,2048,2048,27,1024,1024,1024,25,64,64,128,52,64,128,128,20,16384,65536,65536,20,12.37,9.82,2.55,25,33,28,0,48,2407,0,14,38418,23910,54073,0,41,20,0
17121561174900,2491,2048,8192,16384,15973,512,4096,8192,2455,4096,8192,16384,1938,4096,8192,16384,524,8192,8192,8192,18,512,4096,8192,476,512,4096,8192,1941,1024,2048,4096,312,4096,8192,8192,12,512,65536,262144,23847,1048576,1048576,1048576,41,524288,524288,524288,41,524288,524288,524288,41,512,1024,1024,41,64,32768,65536,41,128,512,1024,3485,128,512,1024,3206,128,512,4096,143757,128,512,1024,17442,64,256,512,2703,128,512,1024,4113,256,1024,1024,1320,256,512,1024,1293,128,512,512,20610,128,512,512,2646,64,512,512,498,128,512,512,189,128,512,1024,162,128,512,512,108,1024,2048,2048,27,1024,1024,1024,30,64,64,64,57,64,128,128,21,16384,32768,32768,21,13.43,11.00,2.43,30,18,32,0,57,2462,0,34,39550,23414,55486,2,41,21,0
17122582719000,2500,2048,8192,16384,16978,512,4096,8192,2506,4096,8192,16384,2024,4096,16384,16384,514,8192,16384,16384,27,512,4096,4096,537,512,4096,4096,2034,1024,4096,8192,343,4096,4096,4096,19,512,65536,262144,25186,1048576,1048576,1048576,41,524288,524288,1048576,41,524288,524288,524288,41,512,1024,1024,41,128,8192,16384,41,128,512,1024,3710,128,512,1024,3629,128,512,1024,152802,128,512,1024,18216,64,512,1024,2573,128,512,1024,3780,256,1024,1024,1295,256,512,512,1385,128,512,512,21150,64,512,512,2475,64,256,512,540,128,512,512,243,256,512,1024,243,256,512,1024,171,1024,2048,2048,9,512,1024,1024,9,64,64,64,18,64,128,128,20,128,16384,16384,20,13.76,10.06,3.69,9,27,26,0,41,2538,0,30,39282,24686,55106,0,41,20,0
17123603141900,2500,2048,8192,16384,16229,512,4096,8192,2444,4096,8192,16384,1941,4096,16384,16384,489,8192,16384,16384,13,512,4096,8192,486,512,4096,8192,1986,1024,4096,8192,331,2048,4096,4096,13,256,65536,262144,24125,1048576,1048576,1048576,41,524288,524288,1048576,41,524288,524288,524288,41,512,1024,1024,41,128,8192,8192,41,128,512,1024,3224,128,512,1024,3224,128,512,1024,146061,128,512,1024,17469,64,512,1024,2421,128,512,1024,3897,256,1024,1024,1437,256,512,1024,1266,128,512,1024,21708,128,512,512,2718,128,512,512,387,64,256,512,99,256,1024,1024,117,256,512,512,117,0,0,0,0,0,0,0,0,0,0,0,0,64,128,128,21,64,128,128,21,13.79,10.98,2.81,0,13,24,0,58,2430,0,30,38695,23651,53983,0,41,21,0
17124624026300,2500,2048,8192,16384,16665,512,1024,4096,2477,4096,8192,16384,2052,4096,16384,16384,530,8192,8192,8192,23,512,1024,8192,523,512,4096,4096,1996,1024,4096,8192,336,2048,4096,4096,27,512,65536,262144,24861,1048576,1048576,1048576,40,524288,524288,524288,40,524288,524288,524288,40,512,1024,1024,40,64,32768,32768,40,128,512,1024,3086,128,512,1024,3086,128,512,1024,149985,128,512,1024,18468,64,512,512,2699,128,512,1024,4086,256,1024,1024,1245,256,512,1024,1344,64,512,1024,20394,64,512,512,2709,64,512,512,476,128,512,1024,252,128,512,1024,207,128,512,512,243,0,0,0,0,0,0,0,0,0,0,0,0,64,128,128,20,64,128,128,20,14.66,11.86,2.81,0,23,17,0,46,2582,0,3,37702,24195,54389,0,40,20,0
17125642601100,2500,2048,8192,16384,16215,512,4096,8192,2463,4096,8192,16384,1951,4096,8192,16384,512,8192,8192,8192,22,512,4096,8192,466,512,4096,8192,1963,1024,4096,8192,344,4096,4096,8192,25,1024,65536,262144,24179,1048576,1048576,1048576,41,524288,524288,524288,41,524288,524288,524288,41,512,1024,2048,41,64,2048,16384,41,64,512,1024,3307,128,512,1024,3307,128,512,1024,145935,128,512,1024,17559,64,256,512,2941,128,512,1024,3960,256,1024,1024,1353,256,512,1024,1353,128,512,1024,21222,64,512,512,2673,64,256,512,351,64,512,1024,180,128,512,1024,198,128,1024,1024,225,0,0,0,0,0,0,0,0,0,0,0,0,64,128,128,20,64,128,128,20,14.45,11.76,2.69,0,22,29,0,56,2463,0,30,38458,23694,54506,0,41,20,0
17126664159100,2500,2048,8192,16384,16917,512,1024,4096,2492,4096,8192,16384,1970,4096,16384,16384,477,8192,16384,16384,25,512,4096,4096,539,512,4096,8192,1971,1024,4096,8192,361,4096,4096,4096,23,256,65536,262144,24997,1048576,1048576,1048576,41,524288,524288,524288,41,524288,524288,1048576,41,512,1024,1024,41,64,8192,32768,41,128,512,1024,3285,128,512,1024,3285,128,512,1024,152253,128,512,1024,17730,64,512,1024,2732,128,512,1024,3546,256,1024,2048,1476,256,512,1024,1404,128,512,1024,21339,64,512,512,2880,64,512,512,435,64,512,512,252,128,512,1024,225,128,512,1024,207,0,0,0,0,0,0,0,0,0,0,0,0,64,64,128,21,64,128,128,21,13.76,9.30,4.46,0,25,18,0,55,2447,0,0,37977,24419,54209,0,41,21,0
17127683915200,2425,2048,8192,16384,16620,512,4096,4096,2432,4096,8192,16384,1969,4096,16384,16384,540,8192,8192,8192,23,512,1024,4096,521,512,4096,4096,1968,1024,2048,8192,344,4096,4096,4096,26,128,65536,262144,24631,1048576,1048576,1048576,41,524288,524288,524288,41,524288,524288,524288,41,512,1024,1024,41,64,128,8192,41,128,512,1024,3050,64,512,1024,3725,128,512,1024,149580,128,512,1024,17721,64,512,512,2662,128,512,1024,3789,256,1024,1024,1314,256,512,1024,1278,128,512,512,22509,64,512,512,2718,64,512,512,441,128,512,512,162,128,512,1024,207,128,512,512,234,0,0,0,0,0,0,0,0,0,0,0,0,64,128,128,20,64,128,128,20,12.78,11.50,1.28,0,23,15,0,60,2509,75,489,38857,24205,54030,0,41,20,0
17128704914700,2425,2048,8192,16384,16200,512,4096,8192,2420,4096,8192,16384,1941,4096,16384,16384,512,8192,8192,8192,19,512,2048,4096,473,512,4096,4096,1911,1024,4096,8192,305,4096,4096,8192,24,64,65536,262144,24011,1048576,1048576,1048576,41,524288,524288,524288,41,524288,524288,524288,41,512,1024,1024,41,64,128,32768,41,128,512,1024,3238,128,512,1024,3238,128,512,1024,145800,128,512,1024,17469,64,256,512,2672,128,512,1024,3960,256,1024,1024,1440,256,512,1024,1368,64,512,512,22797,64,256,512,3015,64,256,512,563,64,256,512,189,128,512,4096,171,128,512,4096,216,0,0,0,0,0,0,0,0,0,0,0,0,64,128,128,21,128,128,128,21,14.15,11.22,2.93,0,19,20,0,66,2453,0,14,39431,23566,56293,0,41,21,0
17129724351200,2436,2048,8192,16384,16534,512,4096,8192,2448,4096,8192,16384,1955,4096,16384,16384,464,8192,8192,8192,23,512,4096,8192,493,512,4096,8192,1947,1024,4096,8192,334,2048,4096,4096,16,128,65536,262144,24436,1048576,1048576,1048576,40,524288,524288,524288,40,524288,524288,524288,40,512,1024,1024,40,64,8192,65536,40,64,512,1024,2953,128,512,1024,2854,128,512,1024,148806,128,512,1024,17595,64,256,512,2401,128,512,1024,3672,256,1024,1024,1236,256,512,1024,1281,64,512,512,20916,64,256,512,2538,64,256,512,657,64,512,512,252,128,512,512,207,128,512,512,144,2048,2048,2048,14,1024,1024,1024,11,64,64,64,25,64,128,128,20,128,32768,32768,20,14.18,10.99,3.19,11,23,14,0,68,2419,0,29,39368,23995,54468,0,40,20,0
17130745304800,2463,2048,8192,16384,16474,512,4096,4096,2439,4096,8192,16384,1926,4096,16384,16384,476,8192,8192,8192,31,512,4096,4096,479,512,4096,4096,1966,1024,4096,8192,324,2048,8192,8192,15,128,65536,262144,24346,1048576,1048576,1048576,41,524288,524288,524288,41,524288,524288,524288,41,512,1024,1024,41,64,8192,16384,41,64,512,1024,3467,128,512,512,3224,128,512,1024,148266,128,512,1024,17334,64,256,512,2386,128,512,1024,3744,256,1024,1024,1355,256,512,1024,1337,64,512,512,22491,64,256,512,2556,64,256,512,411,128,512,1024,234,128,512,1024,279,128,512,512,135,1024,2048,2048,28,1024,1024,1024,29,64,128,128,57,64,128,128,20,16384,32768,32768,20,16.45,12.11,4.34,29,31,18,0,57,2402,0,0,39047,23962,54749,0,41,20,0
17131764414700,2491,2048,8192,16384,16025,512,4096,4096,2475,4096,8192,16384,1965,4096,8192,16384,509,8192,8192,16384,21,512,4096,8192,467,512,4096,8192,1979,1024,4096,8192,325,2048,4096,4096,16,256,65536,524288,24013,1048576,1048576,1048576,41,524288,524288,524288,41,524288,524288,524288,41,512,1024,1024,41,64,65536,131072,41,128,512,1024,3174,128,512,1024,2922,128,512,1024,144225,128,512,1024,17685,64,512,512,2858,128,512,1024,3789,256,1024,2048,1328,256,512,1024,1319,128,512,1024,20934,64,512,512,2682,64,512,512,483,128,512,1024,126,128,512,1024,189,128,512,512,144,2048,2048,2048,24,1024,1024,1024,26,64,128,128,50,64,64,128,21,16384,32768,32768,21,12.51,9.96,2.55,26,21,15,0,57,2474,0,22,38841,23538,54780,0,41,21,0
17132785830400,2500,2048,8192,16384,16832,512,4096,8192,2452,4096,8192,16384,1989,8192,8192,16384,521,8192,8192,8192,20,512,2048,8192,567,512,4096,8192,1972,1024,4096,8192,343,4096,16384,16384,12,512,65536,131072,24905,1048576,1048576,1048576,41,524288,524288,524288,41,524288,524288,524288,41,512,1024,1024,41,64,32768,65536,41,128,512,1024,3313,128,512,1024,3232,128,512,1024,151488,128,512,1024,17901,64,512,512,2625,128,512,1024,3852,256,1024,1024,1299,256,512,1024,1299,128,512,1024,21780,128,512,512,2745,64,256,512,408,64,512,512,225,128,1024,1024,180,128,512,512,108,2048,2048,2048,9,1024,1024,1024,9,64,64,64,18,64,128,128,20,128,16384,16384,20,13.77,11.09,2.68,9,20,15,0,48,2510,0,0,38585,24462,54605,0,41,20,0
17133805815000,2500,2048,8192,16384,16442,512,1024,4096,2499,4096,8192,16384,1999,8192,16384,16384,491,8192,16384,16384,30,512,4096,8192,495,512,4096,8192,1994,1024,4096,8192,360,4096,8192,8192,24,1024,65536,524288,24543,1048576,1048576,1048576,41,524288,524288,524288,41,524288,524288,524288,41,1024,1024,1024,41,64,8192,65536,41,128,512,1024,3159,128,512,1024,3159,128,512,4096,147978,128,512,1024,17991,64,512,512,2517,128,512,1024,3789,256,1024,1024,1323,256,512,1024,1377,128,512,1024,22428,128,512,512,2592,128,512,1024,303,128,512,512,270,256,512,4096,270,128,512,1024,216,0,0,0,0,0,0,0,0,0,0,0,0,64,128,128,21,128,128,128,21,13.03,9.33,3.70,0,30,20,0,55,2490,0,26,39495,24008,54517,0,41,21,0
17134826137800,2500,2048,8192,16384,16307,512,4096,8192,2396,4096,8192,16384,1907,4096,16384,16384,497,8192,8192,16384,25,512,1024,8192,494,512,4096,8192,1894,1024,4096,8192,341,2048,4096,4096,17,256,65536,262144,24071,1048576,1048576,1048576,40,524288,524288,524288,40,524288,524288,524288,40,1024,1024,2048,40,64,8192,8192,40,128,512,1024,3244,128,512,1024,3244,128,512,1024,146763,128,512,1024,17163,64,512,512,2764,128,512,1024,3879,256,1024,2048,1407,256,512,1024,1326,128,512,512,23292,64,512,512,3240,128,512,512,405,128,512,512,225,256,512,1024,225,128,512,512,153,0,0,0,0,0,0,0,0,0,0,0,0,64,128,128,20,128,128,128,20,14.68,10.85,3.83,0,25,15,0,58,2404,0,9,38685,23544,54158,0,40,20,0
17135846062500,2500,2048,8192,16384,16698,512,1024,4096,2525,4096,8192,16384,1998,4096,16384,32768,511,8192,8192,16384,25,512,4096,8192,506,512,4096,8192,2041,1024,4096,8192,344,4096,4096,8192,23,128,65536,262144,24927,1048576,1048576,1048576,41,524288,524288,524288,41,524288,524288,524288,41,512,1024,1024,41,64,65536,131072,41,128,512,1024,3033,128,512,1024,3033,128,512,1024,150282,128,512,1024,17982,64,512,512,2648,128,512,1024,4023,256,1024,2048,1362,256,512,512,1290,128,512,512,22833,64,512,512,2844,128,256,512,471,64,512,1024,234,128,512,1024,225,128,512,1024,207,0,0,0,0,0,0,0,0,0,0,0,0,64,64,64,20,128,128,128,20,15.95,12.25,3.70,0,25,18,0,60,2509,0,6,38687,24364,54594,0,41,20,0
17136866652300,2500,2048,8192,16384,16472,512,4096,8192,2502,4096,8192,16384,2038,4096,8192,16384,492,8192,8192,8192,22,512,4096,4096,514,512,4096,8192,2037,1024,4096,8192,334,2048,4096,4096,25,128,65536,262144,24644,1048576,1048576,1048576,41,524288,524288,524288,41,524288,524288,524288,41,512,1024,1024,41,64,8192,32768,41,128,512,1024,3155,128,512,1024,3155,128,512,1024,148248,128,512,1024,18342,64,256,512,2553,128,512,1024,3915,256,1024,1024,1257,256,512,1024,1284,128,512,512,23391,64,512,512,2835,128,512,512,354,64,256,512,189,128,512,1024,198,128,512,512,225,0,0,0,0,0,0,0,0,0,0,0,0,64,128,128,21,64,128,128,21,15.43,11.09,4.34,0,22,14,0,55,2530,0,0,40485,24184,54754,0,41,21,0
17137887353100,2425,2048,8192,16384,16451,512,4096,8192,2403,4096,8192,16384,1939,4096,16384,16384,500,8192,16384,16384,25,512,4096,8192,510,512,4096,4096,1917,1024,4096,8192,324,4096,4096,4096,26,512,65536,262144,24303,1048576,1048576,1048576,41,524288,524288,524288,41,524288,524288,524288,41,1024,1024,1024,41,64,32768,65536,41,128,512,1024,3204,128,512,1024,3879,128,512,1024,148059,128,512,1024,17451,64,256,512,2549,128,512,1024,3735,256,1024,2048,1302,256,512,1024,1383,128,512,1024,21771,64,512,512,3024,64,512,512,570,128,512,512,252,128,512,1024,225,128,512,1024,234,0,0,0,0,0,0,0,0,0,0,0,0,64,128,128,20,64,128,128,20,13.40,10.08,3.32,0,25,15,0,67,2439,75,472,38698,23878,53329,0,41,20,0
17138907010800,2425,2048,8192,16384,16100,512,4096,4096,2389,4096,8192,16384,1899,4096,8192,16384,506,8192,8192,8192,21,512,4096,8192,485,512,4096,4096,1887,1024,4096,8192,303,2048,4096,4096,10,128,65536,262144,23793,1048576,1048576,1048576,41,524288,524288,1048576,41,524288,524288,524288,41,512,1024,1024,41,64,16384,16384,41,128,512,1024,3229,128,512,1024,3229,128,512,1024,144900,128,512,1024,17091,64,256,512,2783,128,512,1024,3933,256,1024,1024,1386,256,512,1024,1251,64,512,1024,22014,64,256,512,2493,64,512,512,456,64,256,512,144,128,512,1024,189,128,512,512,90,0,0,0,0,0,0,0,0,0,0,0,0,64,64,64,21,128,128,128,21,16.35,11.75,4.60,0,21,7,0,70,2405,0,21,39755,23377,56529,0,41,21,0
17139926441300,2446,2048,8192,16384,15825,512,4096,8192,2437,4096,8192,16384,1887,4096,16384,16384,479,8192,8192,8192,17,512,4096,8192,504,512,4096,8192,1974,1024,4096,8192,345,2048,8192,8192,26,256,65536,262144,23705,1048576,1048576,1048576,40,524288,524288,524288,40,524288,524288,524288,40,1024,1024,1024,40,64,16384,32768,40,128,512,1024,3389,128,512,1024,3200,128,512,2048,142425,128,512,1024,16983,64,256,512,2411,128,512,1024,3582,256,1024,1024,1245,256,512,1024,1164,64,512,512,20790,64,256,512,2646,64,512,1024,446,64,256,512,171,64,512,4096,153,128,512,512,234,1024,2048,2048,22,1024,1024,1024,22,64,64,64,44,64,128,128,20,8192,32768,32768,20,14.42,10.85,3.57,22,17,10,0,70,2366,0,0,39218,23253,54545,0,40,20,0
17140947981600,2473,2048,8192,16384,16579,512,4096,8192,2441,4096,8192,16384,1977,4096,8192,16384,513,8192,16384,16384,18,512,1024,4096,479,512,4096,8192,1949,1024,4096,8192,363,4096,8192,8192,17,128,65536,262144,24535,1048576,1048576,1048576,41,524288,524288,524288,41,524288,524288,524288,41,512,1024,1024,41,64,32768,32768,41,128,512,1024,3142,128,512,1024,2899,128,512,1024,149211,128,512,1024,17793,64,256,512,2686,128,512,1024,3960,256,1024,1024,1323,256,512,512,1278,64,512,1024,22311,64,256,512,2700,64,512,1024,437,64,512,512,162,128,512,1024,162,128,512,1024,153,1024,2048,2048,30,1024,1024,1024,27,64,64,64,57,64,128,128,20,16384,65536,65536,20,14.79,11.60,3.19,27,18,4,0,77,2490,0,21,38733,23802,54281,206,41,20,0
17141966763900,2499,2048,8192,16384,16456,512,4096,4096,2463,4096,8192,16384,1957,4096,16384,16384,488,8192,8192,8192,32,512,4096,8192,489,512,4096,8192,1977,1024,4096,8192,322,4096,4096,4096,24,512,65536,524288,24423,1048576,1048576,1048576,41,524288,524288,524288,41,524288,524288,524288,41,1024,1024,1024,41,64,16384,32768,41,128,512,1024,3610,128,512,1024,3376,128,512,1024,148104,128,512,1024,17613,64,512,512,2809,128,512,1024,3483,512,1024,1024,1308,256,512,1024,1515,128,512,512,21897,128,512,512,2520,128,256,512,324,128,512,512,288,128,512,1024,288,128,512,512,216,1024,2048,2048,23,1024,1024,2048,26,64,64,64,49,64,128,128,21,16384,32768,32768,21,13.43,11.13,2.30,26,32,7,0,72,2445,0,8,38601,23978,54711,0,41,21,0
17142988113800,2500,2048,8192,16384,16294,512,4096,4096,2470,4096,8192,16384,1995,4096,16384,16384,535,8192,8192,8192,29,512,1024,4096,515,512,2048,8192,2000,1024,4096,8192,323,2048,8192,8192,19,256,65536,262144,24403,1048576,1048576,1048576,41,524288,524288,524288,41,524288,524288,524288,41,1024,1024,2048,41,64,32768,65536,41,128,512,1024,3159,128,512,1024,3150,128,512,1024,146646,128,512,1024,17955,64,256,512,2689,128,512,1024,3906,256,1024,1024,1526,256,512,512,1544,128,512,512,21537,64,256,512,2709,64,512,512,386,128,512,1024,270,128,512,1024,261,128,256,512,171,0,0,0,0,0,0,0,0,0,0,0,0,64,128,128,20,64,128,128,20,15.29,10.19,5.10,0,29,8,0,59,2530,0,1,39320,23885,54945,0,41,20,0
17144007486600,2500,2048,8192,16384,16264,512,4096,8192,2468,4096,8192,16384,1929,4096,16384,16384,492,8192,8192,8192,17,512,1024,8192,532,512,4096,8192,1946,1024,4096,8192,364,4096,4096,8192,23,64,65536,262144,24237,1048576,1048576,1048576,41,524288,524288,524288,41,524288,524288,524288,41,512,1024,1024,41,64,128,512,41,128,512,1024,3201,128,512,1024,3201,128,512,1024,146376,128,512,1024,17361,64,256,512,2457,128,512,1024,3843,256,1024,1024,1360,256,512,512,1378,128,512,1024,20907,64,256,512,2673,64,512,512,488,64,512,512,207,128,512,1024,153,128,512,1024,207,0,0,0,0,0,0,0,0,0,0,0,0,64,128,128,21,64,128,128,21,15.46,11.63,3.83,0,17,12,0,61,2421,0,0,38442,23674,53672,0,41,21,0
17145028477700,2500,2048,8192,16384,16771,512,1024,4096,2492,4096,8192,16384,2027,4096,8192,16384,512,8192,8192,8192,29,512,1024,4096,512,512,4096,4096,2002,1024,4096,8192,347,4096,4096,4096,12,256,65536,262144,24940,1048576,1048576,1048576,41,524288,524288,524288,41,524288,524288,524288,41,1024,1024,1024,41,64,2048,8192,41,128,512,1024,3130,128,512,1024,3130,128,512,1024,150939,128,512,1024,18243,64,256,512,2732,128,512,1024,3852,256,1024,1024,1331,256,512,1024,1241,64,512,512,21573,64,256,512,2547,64,512,512,315,64,256,512,207,128,512,1024,261,128,512,1024,108,0,0,0,0,0,0,0,0,0,0,0,0,64,128,128,20,64,128,128,20,15.05,10.97,4.08,0,29,11,0,76,2539,0,1,37591,24337,54663,0,41,20,0
17146048449500,2500,2048,8192,16384,16558,512,4096,8192,2615,4096,8192,16384,1990,4096,8192,16384,463,8192,8192,8192,22,512,4096,8192,496,512,4096,4096,2003,1024,4096,8192,305,4096,4096,4096,10,128,65536,262144,24685,1048576,1048576,1048576,40,524288,524288,1048576,40,524288,524288,524288,40,1024,1024,1024,40,64,1024,8192,40,128,512,1024,3237,128,512,1024,3237,128,512,1024,149022,128,512,1024,17910,64,256,512,2517,128,512,1024,3663,256,1024,1024,1336,256,512,512,1291,64,512,1024,21402,64,256,512,2583,128,512,512,389,64,512,512,207,64,512,512,198,128,512,1024,90,0,0,0,0,0,0,0,0,0,0,0,0,64,128,128,20,64,128,128,20,15.20,12.14,3.07,0,22,15,0,59,2453,0,27,40281,24218,54882,0,40,20,0
17147068558700,2500,2048,8192,16384,16825,512,1024,8192,2669,4096,8192,16384,1999,4096,8192,16384,513,8192,8192,16384,32,512,4096,8192,486,512,4096,8192,1979,1024,2048,4096,351,2048,4096,4096,14,64,65536,262144,25117,1048576,1048576,1048576,41,524288,524288,524288,41,524288,524288,524288,41,512,1024,1024,41,64,128,4096,41,128,512,512,3107,128,512,512,3107,128,512,1024,151425,128,512,1024,17991,64,256,512,2776,128,512,1024,3960,256,1024,1024,1340,256,512,512,1349,64,512,512,21204,64,256,512,2655,64,256,512,461,128,256,512,234,128,512,1024,288,128,512,1024,126,0,0,0,0,0,0,0,0,0,0,0,0,64,64,64,21,64,128,128,21,11.87,8.81,3.06,0,32,21,0,59,2512,0,20,38453,24571,54624,0,41,21,0
17148089605600,2425,2048,8192,16384,16072,512,4096,4096,2199,4096,8192,16384,1911,4096,8192,16384,503,8192,8192,8192,12,512,1024,4096,501,512,4096,4096,1932,1024,4096,8192,332,4096,8192,8192,18,128,65536,262144,23658,1048576,1048576,1048576,41,524288,524288,524288,41,524288,524288,524288,41,512,1024,1024,41,64,2048,32768,41,128,512,1024,2958,64,512,1024,3633,128,512,1024,144648,128,512,1024,17199,64,256,512,2533,128,512,1024,3807,256,1024,1024,1347,256,512,512,1194,128,512,512,21132,64,256,512,2790,64,512,512,486,128,512,512,153,128,512,1024,108,128,512,1024,162,0,0,0,0,0,0,0,0,0,0,0,0,64,128,128,20,64,128,128,20,11.99,10.84,1.15,0,12,27,0,69,2414,75,0,38611,23279,55371,0,41,20,0
17149109154700,2425,2048,8192,16384,16191,512,4096,8192,2484,4096,8192,16384,1947,4096,8192,16384,504,8192,8192,16384,22,512,4096,8192,519,512,4096,4096,1953,1024,4096,8192,339,4096,8192,8192,18,64,65536,131072,24184,1048576,1048576,1048576,41,524288,524288,524288,41,524288,524288,524288,41,512,1024,1024,41,64,4096,16384,41,128,512,1024,3179,128,512,1024,3179,128,512,1024,145722,128,512,1024,17523,64,256,512,2538,128,512,1024,3789,256,1024,1024,1161,256,512,512,1278,64,512,512,20664,64,256,512,2736,64,512,512,464,64,512,512,180,128,512,2048,198,128,512,1024,162,0,0,0,0,0,0,0,0,0,0,0,0,64,128,128,21,64,128,128,21,14.82,11.37,3.45,0,22,40,0,56,2451,0,1,38908,23700,54757,0,41,21,0
17150128163400,2447,2048,8192,16384,15965,512,4096,4096,2249,4096,8192,16384,1945,4096,16384,16384,470,8192,8192,8192,23,512,4096,8192,473,512,4096,4096,1934,1024,2048,8192,322,4096,4096,4096,24,128,65536,131072,23615,1048576,1048576,1048576,40,524288,524288,524288,40,524288,524288,524288,40,512,512,1024,40,64,128,65536,41,64,512,1024,3289,128,512,1024,3091,128,512,1024,143682,128,512,1024,17505,64,256,512,2551,128,512,1024,3510,256,1024,2048,1278,256,512,512,1350,64,512,512,22359,64,256,512,2736,64,512,1024,536,128,512,512,198,128,512,1024,207,128,512,512,216,2048,2048,2048,22,1024,1024,1024,22,64,64,64,44,64,128,128,20,16384,32768,32768,20,15.46,11.11,4.34,22,23,34,0,58,2415,0,16,38201,23169,54247,0,40,20,0
17151149802600,2471,2048,8192,16384,16535,512,1024,4096,2411,4096,8192,16384,1917,4096,16384,16384,496,8192,8192,8192,18,512,2048,8192,517,512,4096,8192,1936,1024,4096,8192,352,2048,4096,4096,19,128,65536,262144,24406,1048576,1048576,1048576,41,524288,524288,524288,41,524288,524288,524288,41,512,1024,1024,41,64,32768,32768,40,128,512,1024,3375,128,512,1024,3159,128,512,1024,148815,128,512,1024,17253,64,256,512,2649,128,512,1024,3807,256,1024,1024,1289,256,512,1024,1307,64,512,512,21345,64,256,512,2772,64,512,512,510,128,512,512,198,256,512,1024,162,128,512,512,171,1024,2048,2048,28,1024,1024,1024,25,64,128,256,53,64,128,128,20,16384,32768,32768,20,17.71,11.21,6.50,25,18,43,0,59,2413,0,27,39631,24000,55025,0,41,20,0
17152170292300,2499,2048,8192,16384,16157,512,4096,8192,2470,4096,8192,16384,1961,4096,8192,16384,516,8192,8192,8192,24,512,4096,8192,467,512,4096,4096,1994,1024,4096,8192,336,2048,8192,8192,19,256,65536,262144,24180,1048576,1048576,1048576,41,524288,524288,524288,41,524288,524288,524288,41,512,1024,1024,41,64,32768,65536,41,128,512,1024,3604,128,512,1024,3352,128,512,1024,145413,128,512,1024,17649,64,512,512,2760,128,512,1024,3960,256,1024,1024,1350,256,512,1024,1314,128,512,1024,22023,64,256,512,2916,64,512,512,375,128,512,512,189,128,512,1024,216,128,512,1024,171,2048,2048,2048,25,1024,1024,1024,28,64,64,128,53,64,64,64,21,16384,32768,32768,21,13.27,10.21,3.06,28,24,38,0,70,2477,0,18,39935,23781,54925,0,41,21,0
17153190504900,2500,2048,8192,16384,16737,512,1024,4096,2491,4096,8192,16384,2014,4096,8192,32768,533,8192,8192,8192,22,512,2048,8192,553,512,4096,4096,1963,1024,2048,8192,354,4096,4096,8192,24,128,65536,262144,24904,1048576,1048576,1048576,41,524288,524288,524288,41,524288,524288,524288,41,512,1024,1024,41,64,2048,32768,41,128,512,1024,2964,128,512,1024,2955,128,512,1024,150633,128,512,1024,18126,64,256,512,2743,128,512,1024,4248,256,1024,1024,1371,256,512,1024,1335,128,512,512,21789,64,256,512,2646,64,512,512,453,64,256,512,180,128,512,1024,198,128,512,1024,216,0,0,0,0,0,0,0,0,0,0,0,0,64,128,128,20,64,256,256,20,14.29,11.10,3.19,0,22,42,0,54,2546,0,0,38881,24370,55369,0,41,20,0
17154209986400,2500,2048,8192,16384,16680,512,1024,4096,2472,4096,8192,16384,1984,4096,8192,16384,458,8192,8192,8192,18,512,4096,8192,504,512,4096,4096,2027,1024,4096,8192,335,2048,4096,4096,18,512,65536,262144,24686,1048576,1048576,1048576,41,524288,524288,524288,41,524288,524288,524288,41,512,1024,1024,41,64,32768,32768,41,128,512,1024,3278,128,512,1024,3278,128,512,1024,150120,128,512,1024,17856,64,256,512,2446,128,512,1024,3447,256,1024,4096,1296,256,512,1024,1152,128,512,512,22554,128,512,512,2925,64,512,512,510,64,512,512,180,128,512,512,162,128,512,512,162,0,0,0,0,0,0,0,0,0,0,0,0,64,128,128,21,64,128,128,21,13.16,11.11,2.04,0,18,45,0,54,2442,0,2,38866,24153,54659,0,41,21,0
17155232123800,2500,2048,8192,16384,16380,512,1024,4096,2482,4096,8192,16384,1938,4096,16384,16384,525,8192,8192,8192,21,512,1024,4096,485,512,4096,8192,1951,1024,4096,8192,314,2048,4096,4096,26,128,65536,262144,24344,1048576,1048576,1048576,41,524288,524288,524288,41,524288,524288,524288,41,512,1024,1024,41,128,8192,16384,41,128,512,1024,3316,128,512,1024,3316,128,512,1024,147420,128,512,1024,17442,64,256,512,2721,128,512,1024,4041,256,1024,1024,1307,256,512,1024,1442,64,512,512,23247,64,256,512,3033,64,256,512,501,128,512,512,225,128,512,512,189,128,512,512,234,0,0,0,0,0,0,0,0,0,0,0,0,64,128,128,20,128,128,128,20,15.03,11.59,3.44,0,21,36,0,48,2463,0,8,38991,23761,54673,0,41,20,0
17156250941200,2500,2048,8192,16384,16631,512,1024,8192,2633,4096,8192,16384,1990,4096,8192,16384,531,8192,16384,16384,30,512,1024,4096,493,512,4096,4096,1965,1024,4096,8192,356,2048,4096,4096,25,128,65536,262144,24864,1048576,1048576,1048576,40,524288,524288,524288,40,524288,524288,524288,40,512,1024,1024,40,64,16384,32768,40,128,512,1024,3111,128,512,1024,3111,128,512,1024,149679,128,512,1024,17910,64,512,512,2807,128,512,1024,4041,256,1024,1024,1356,256,512,1024,1410,64,512,512,22122,64,256,512,2691,64,256,512,276,128,512,512,252,128,512,1024,270,128,512,1024,225,0,0,0,0,0,0,0,0,0,0,0,0,64,128,128,20,64,128,128,20,14.58,9.97,4.60,0,30,40,0,45,2521,0,0,38852,24324,54516,0,40,20,0
17157271687400,2425,2048,8192,16384,16534,512,4096,8192,2286,4096,8192,16384,1978,4096,16384,16384,477,8192,8192,16384,38,512,4096,4096,500,512,4096,8192,1921,1024,4096,8192,359,4096,4096,4096,22,128,65536,262144,24335,1048576,1048576,1048576,41,524288,524288,524288,41,524288,524288,524288,41,1024,2048,2048,41,64,16384,32768,41,128,512,512,3182,128,512,512,3857,128,512,1024,148806,128,512,1024,17802,64,256,512,2503,128,512,1024,3726,256,1024,1024,1194,256,512,512,1293,64,512,512,21618,64,256,512,2754,64,256,512,396,64,512,1024,297,128,512,1024,342,128,512,512,198,0,0,0,0,0,0,0,0,0,0,0,0,64,128,128,21,128,128,128,21,13.13,10.58,2.55,0,38,39,0,57,2455,75,103,38900,23912,54109,0,41,21,0
17158291545200,2425,2048,8192,16384,16624,512,4096,4096,2430,4096,8192,16384,1951,4096,16384,16384,510,8192,8192,8192,23,512,4096,8192,542,512,4096,4096,1998,1024,4096,8192,312,2048,4096,8192,26,64,65536,262144,24635,1048576,1048576,1048576,41,524288,524288,524288,41,524288,524288,524288,41,512,1024,1024,41,64,8192,32768,41,128,512,1024,3225,128,512,1024,3225,128,512,1024,149616,128,512,1024,17559,64,256,512,2885,128,512,1024,3708,256,1024,1024,1242,256,512,1024,1332,64,512,512,20988,64,256,512,2583,64,256,512,426,64,512,512,243,128,512,4096,207,128,512,1024,234,0,0,0,0,0,0,0,0,0,0,0,0,64,128,128,20,64,128,128,20,13.41,10.22,3.19,0,23,42,0,62,2461,0,248,40182,24153,54873,0,41,20,0
17159311516400,2425,2048,8192,16384,16044,512,4096,4096,2427,4096,8192,8192,1902,4096,8192,16384,470,8192,8192,8192,19,512,4096,8192,491,512,4096,8192,1938,1024,4096,8192,333,2048,4096,4096,14,64,65536,262144,23865,1048576,1048576,1048576,41,524288,524288,524288,41,524288,524288,524288,41,512,512,1024,41,64,32768,32768,41,128,512,1024,3234,128,512,1024,3234,128,512,1024,144396,128,512,1024,17118,64,256,512,2369,128,512,1024,3825,256,1024,1024,1420,256,512,1024,1330,64,512,512,22104,64,256,512,2691,64,256,512,384,64,512,512,135,128,512,512,171,128,512,1024,126,0,0,0,0,0,0,0,0,0,0,0,0,64,128,128,21,64,128,128,21,14.55,11.87,2.68,0,19,44,0,61,2372,0,2,39677,23441,55586,0,41,21,0
17160331883200,2448,2048,8192,16384,16426,512,4096,8192,2544,4096,8192,16384,1932,4096,8192,16384,508,8192,8192,8192,17,512,2048,4096,467,512,4096,8192,1947,1024,4096,4096,321,2048,8192,8192,18,256,65536,524288,24381,1048576,1048576,1048576,41,524288,524288,524288,41,524288,524288,524288,41,512,1024,1024,41,64,16384,32768,41,64,512,512,3291,128,512,1024,3084,128,512,1024,147834,128,512,1024,17388,64,256,512,2589,128,512,1024,3681,256,1024,1024,1212,256,512,512,1293,64,512,512,21978,64,512,512,2781,64,256,512,510,128,512,512,207,128,512,512,153,128,512,1024,162,1024,2048,2048,27,1024,1024,1024,24,64,64,128,51,64,128,128,20,16384,32768,32768,20,14.93,10.21,4.72,24,17,35,0,52,2440,0,0,38710,23989,54150,0,41,20,0
17161352010700,2475,2048,8192,16384,16530,512,4096,4096,2524,4096,8192,16384,1976,4096,16384,16384,492,8192,8192,8192,25,512,4096,8192,495,512,4096,8192,1932,1024,2048,8192,345,4096,4096,4096,17,256,65536,131072,24548,1048576,1048576,1048576,40,524288,524288,524288,40,524288,524288,524288,40,512,1024,1024,40,64,32768,65536,41,128,512,512,3152,128,512,1024,2909,128,512,1024,148770,128,512,1024,17784,64,256,512,2458,128,512,1024,3942,256,1024,1024,1482,256,512,1024,1338,128,512,512,21276,64,256,512,2529,64,256,1024,495,128,256,256,207,128,512,512,225,128,512,1024,153,2048,2048,2048,27,1024,1024,1024,27,64,64,128,54,64,64,64,21,16384,32768,32768,21,12.24,9.44,2.81,27,25,40,0,68,2468,0,6,39565,24131,55447,0,40,21,0
17162373636100,2500,2048,8192,16384,16384,512,4096,8192,2347,4096,8192,16384,1939,4096,8192,16384,497,8192,16384,16384,20,512,4096,8192,516,512,4096,8192,2016,1024,4096,8192,349,2048,4096,4096,16,128,65536,131072,24278,1048576,1048576,1048576,41,524288,524288,524288,41,524288,524288,524288,41,512,1024,1024,41,64,128,8192,40,128,512,1024,3696,128,512,1024,3471,128,512,1024,147456,128,512,1024,17451,64,256,512,2632,128,512,1024,3672,256,1024,1024,1335,256,512,512,1281,128,512,512,22374,64,512,512,2997,64,256,512,468,64,256,512,171,128,512,512,180,128,512,512,144,2048,2048,2048,21,1024,1024,1024,24,64,64,64,45,64,128,128,20,16384,32768,32768,20,14.17,11.61,2.55,24,20,32,0,50,2436,0,6,39689,23831,54743,227,41,20,0
17163392460600,2500,2048,8192,16384,16380,512,2048,8192,2630,4096,8192,16384,1992,4096,8192,16384,526,8192,8192,16384,25,512,4096,8192,547,512,4096,4096,1959,1024,4096,8192,328,2048,8192,8192,21,512,65536,524288,24632,1048576,1048576,1048576,41,524288,524288,1048576,41,524288,524288,524288,41,512,1024,1024,41,64,32768,65536,41,128,512,1024,3321,128,512,1024,3321,128,512,1024,147420,128,512,1024,17928,64,256,512,2712,128,512,1024,4050,256,1024,1024,1230,256,512,512,1230,128,512,512,21888,64,512,512,2826,64,512,512,471,128,256,512,198,128,512,1024,225,128,512,4096,189,0,0,0,0,0,0,0,0,0,0,0,0,64,128,128,20,128,128,128,20,13.40,11.36,2.04,0,25,35,0,51,2518,0,12,38924,24112,54458,0,41,20,0
17164412417100,2500,2048,8192,16384,16409,512,4096,4096,2278,4096,8192,16384,1980,4096,8192,16384,493,8192,8192,16384,21,512,1024,4096,471,512,4096,8192,1977,1024,2048,8192,329,2048,8192,8192,15,512,65536,524288,24189,1048576,1048576,1048576,41,524288,524288,524288,41,524288,524288,524288,41,512,1024,1024,41,64,1024,4096,41,128,512,1024,3354,128,512,1024,3354,128,512,1024,147681,128,512,1024,17820,64,256,512,2475,128,512,512,3870,512,1024,2048,1218,256,512,512,1353,128,512,512,21636,64,256,512,2799,64,512,512,417,64,256,512,207,128,512,1024,189,128,512,1024,135,0,0,0,0,0,0,0,0,0,0,0,0,64,128,128,21,64,128,128,21,13.16,9.71,3.45,0,21,26,0,53,2473,0,0,37674,23664,53632,0,41,21,0
17165433029800,2500,2048,8192,16384,16564,512,4096,8192,2567,4096,8192,16384,2030,4096,16384,16384,512,8192,8192,8192,29,512,1024,4096,532,512,4096,8192,2052,1024,4096,8192,348,4096,4096,8192,22,128,65536,262144,24850,1048576,1048576,1048576,41,524288,524288,524288,41,524288,524288,524288,41,512,1024,1024,41,64,128,256,41,128,512,1024,3300,128,512,1024,3300,128,512,4096,149076,128,512,1024,18270,64,256,512,2483,128,512,1024,3843,256,1024,1024,1455,256,512,1024,1410,128,512,1024,22806,64,512,512,2718,64,256,512,462,64,512,512,288,128,512,512,261,128,512,4096,198,0,0,0,0,0,0,0,0,0,0,0,0,64,128,128,20,128,128,128,20,13.77,11.22,2.55,0,29,24,0,56,2542,0,0,41111,24309,55321,0,41,20,0
17166452770100,2500,2048,8192,16384,16255,512,4096,4096,2329,4096,8192,16384,1939,4096,16384,16384,516,8192,16384,16384,35,512,4096,8192,463,512,4096,8192,1952,1024,4096,8192,309,4096,8192,8192,18,256,65536,524288,24050,1048576,1048576,1048576,40,524288,524288,524288,40,524288,524288,524288,40,512,2048,2048,40,64,4096,16384,41,128,512,1024,3076,128,512,1024,3076,128,512,1024,146295,128,512,1024,17451,64,256,512,2723,128,512,1024,4149,256,1024,2048,1366,256,512,512,1366,64,512,1024,21663,64,256,512,2853,64,256,512,405,64,512,512,315,128,512,4096,315,128,512,1024,162,0,0,0,0,0,0,0,0,0,0,0,0,64,128,128,21,64,128,128,21,15.33,12.65,2.68,0,35,28,0,57,2455,0,6,39926,23588,54385,0,40,21,0
17167474296000,2425,2048,8192,16384,16750,512,1024,4096,2693,4096,8192,16384,1987,4096,8192,16384,498,8192,8192,8192,28,512,1024,4096,519,512,2048,4096,1959,1024,4096,8192,373,2048,4096,8192,24,128,65536,262144,25058,1048576,1048576,1048576,41,524288,524288,524288,41,524288,524288,524288,41,1024,1024,2048,41,64,16384,32768,40,128,512,1024,3332,128,512,512,4007,128,512,1024,150752,128,512,1024,17883,64,256,512,2727,128,512,1024,3798,256,1024,1024,1322,256,512,512,1358,64,512,512,22815,64,512,512,2646,64,256,512,341,128,512,1024,279,128,512,1024,252,128,512,512,216,0,0,0,0,0,0,0,0,0,0,0,0,64,128,128,20,64,128,128,20,14.79,11.22,3.57,0,28,23,0,66,2485,75,495,38105,24529,53140,0,41,20,0
17168493505500,2425,2048,8192,16384,16165,512,4096,4096,2304,4096,8192,16384,1918,4096,8192,16384,502,8192,16384,16384,26,512,4096,4096,487,512,4096,8192,1902,1024,4096,8192,328,2048,8192,8192,16,64,65536,262144,23848,1048576,1048576,1048576,41,524288,524288,524288,41,524288,524288,524288,41,512,1024,1024,41,64,8192,32768,41,128,512,1024,2953,128,512,1024,2953,128,512,1024,145483,128,512,1024,17262,64,256,512,2699,128,512,1024,3798,256,1024,1024,1326,256,512,512,1236,64,512,512,22032,64,256,512,3006,64,256,512,414,128,512,512,180,128,512,4096,234,128,512,512,144,0,0,0,0,0,0,0,0,0,0,0,0,64,128,128,20,128,128,128,20,14.56,12.14,2.43,0,26,22,0,52,2420,0,0,39075,23415,56237,0,41,20,0
17169513132100,2425,2048,8192,16384,16048,512,4096,8192,2539,4096,8192,16384,1921,4096,16384,16384,489,8192,16384,16384,27,512,4096,4096,507,512,4096,8192,1959,1024,4096,8192,313,4096,4096,4096,19,128,65536,262144,24012,1048576,1048576,1048576,41,524288,524288,524288,41,524288,524288,524288,41,512,1024,1024,41,64,16384,32768,41,64,512,1024,3163,128,512,1024,3163,128,512,1024,144432,128,512,1024,17289,64,256,512,2666,128,512,1024,3663,256,1024,1024,1166,256,512,512,1391,64,512,1024,21672,64,256,512,2925,64,256,512,528,64,512,512,306,128,512,4096,243,128,512,512,171,2048,2048,2048,3,0,0,0,0,0,0,0,3,64,128,128,21,128,128,128,21,14.04,9.06,4.98,0,27,20,0,53,2410,0,20,39939,23575,54581,0,41,21,0
17170533821800,2455,2048,8192,16384,16131,512,4096,8192,2250,4096,8192,16384,1968,4096,16384,16384,500,8192,8192,16384,25,512,4096,8192,516,512,4096,8192,1960,1024,4096,8192,332,2048,4096,4096,14,512,65536,262144,23908,1048576,1048576,1048576,41,524288,524288,524288,41,524288,524288,524288,41,512,1024,1024,41,64,8192,16384,41,64,512,1024,3595,128,512,1024,3325,128,512,1024,145179,128,512,1024,17712,64,512,512,2448,128,512,1024,3870,256,1024,1024,1233,256,512,1024,1197,64,512,512,21321,64,256,512,2583,64,512,1024,633,128,512,512,180,128,512,1024,225,128,256,512,126,2048,2048,2048,30,1024,1024,2048,31,64,64,128,61,64,128,128,20,16384,32768,32768,20,16.85,12.76,4.08,31,25,18,0,40,2468,0,0,40114,23568,55090,0,41,20,0
17171554135000,2481,2048,8192,16384,16331,512,4096,4096,2513,4096,8192,16384,1952,4096,16384,16384,475,8192,8192,8192,32,512,1024,8192,475,512,4096,8192,1976,1024,4096,8192,320,4096,8192,8192,18,512,65536,262144,24299,1048576,1048576,1048576,41,524288,524288,524288,41,524288,524288,524288,41,512,1024,1024,41,64,16384,65536,41,64,512,1024,3522,128,512,1024,3288,128,512,1024,146979,128,512,1024,17568,64,256,512,2535,128,512,1024,3681,256,1024,2048,1368,256,512,1024,1422,64,512,512,22122,64,256,512,2619,64,512,512,537,64,512,512,279,128,512,1024,288,128,512,4096,162,2048,2048,2048,26,512,1024,1024,25,64,64,64,51,64,128,128,21,16384,32768,32768,21,16.21,11.74,4.47,25,32,16,0,49,2427,0,17,39593,23831,54690,0,41,21,0
17172574253100,2500,2048,8192,16384,15858,512,4096,8192,2364,4096,8192,16384,1913,4096,16384,16384,519,8192,8192,8192,23,512,4096,4096,495,512,4096,4096,1894,1024,4096,8192,347,4096,8192,8192,11,512,65536,262144,23610,1048576,1048576,1048576,40,524288,524288,524288,40,524288,524288,524288,40,512,1024,1024,40,64,32768,65536,40,128,512,1024,3251,128,512,1024,3080,128,512,4096,142722,128,512,1024,17217,64,256,512,2787,128,512,1024,3888,256,1024,1024,1361,256,512,1024,1316,128,512,1024,21177,64,256,512,2790,64,512,1024,387,64,512,1024,198,128,512,512,207,128,512,4096,99,2048,2048,2048,16,1024,1024,1024,19,64,64,128,35,64,128,128,20,16384,32768,32768,20,14.93,11.49,3.45,19,23,28,0,55,2432,0,0,40539,23222,55075,0,40,20,0
17173595050800,2500,2048,8192,16384,16413,512,1024,4096,2478,4096,8192,16384,1987,4096,8192,16384,489,8192,8192,8192,25,512,1024,4096,508,512,1024,4096,1974,1024,4096,8192,367,2048,4096,4096,17,256,65536,262144,24488,1048576,1048576,1048576,41,524288,524288,524288,41,524288,524288,524288,41,512,1024,1024,41,64,16384,32768,41,128,512,1024,3275,128,512,1024,3275,128,512,2048,147717,128,512,1024,17883,64,256,512,2592,128,512,1024,3879,256,1024,1024,1230,256,512,1024,1257,128,512,1024,21834,64,512,512,2961,64,512,512,351,64,512,512,225,128,512,1024,225,128,512,512,153,0,0,0,0,0,0,0,0,0,0,0,0,64,128,128,20,128,128,128,20,16.45,10.97,5.48,0,25,13,0,49,2476,0,0,38875,23834,54473,0,41,20,0
17174614830000,2500,2048,8192,16384,16688,512,1024,4096,2693,4096,8192,16384,1982,4096,16384,16384,518,8192,8192,8192,31,512,4096,4096,511,512,4096,8192,2028,1024,4096,8192,330,2048,8192,8192,20,64,65536,262144,25016,1048576,1048576,1048576,41,524288,524288,524288,41,524288,524288,524288,41,512,1024,1024,41,64,32768,32768,41,128,512,512,3048,128,512,1024,3048,128,512,1024,150192,128,512,1024,17838,64,512,512,2573,128,512,1024,3978,256,1024,1024,1278,256,512,512,1350,128,512,512,21771,64,256,512,2709,64,256,512,507,64,512,512,297,256,512,1024,279,128,512,4096,180,0,0,0,0,0,0,0,0,0,0,0,0,64,128,128,21,128,128,128,21,13.80,11.37,2.43,0,31,27,0,60,2500,0,1,38448,24444,54723,0,41,21,0
17175635910700,2500,2048,8192,16384,16360,512,4096,8192,2575,4096,8192,16384,2002,4096,16384,16384,489,8192,8192,8192,29,512,1024,8192,551,512,4096,4096,2023,1024,2048,8192,357,4096,4096,4096,16,64,65536,131072,24653,1048576,1048576,1048576,41,524288,524288,524288,41,524288,524288,524288,41,512,1024,1024,41,64,4096,16384,41,128,512,1024,3239,128,512,1024,3239,128,512,1024,147240,128,512,1024,18018,64,256,512,2559,128,512,1024,3789,256,1024,1024,1355,256,512,512,1409,64,512,512,21987,64,256,512,2682,64,512,512,408,128,512,512,279,128,512,1024,261,128,512,1024,144,0,0,0,0,0,0,0,0,0,0,0,0,64,128,128,20,128,128,128,20,14.28,11.73,2.55,0,29,16,0,52,2491,0,13,40048,24118,54560,0,41,20,0
17176654973400,2500,2048,8192,16384,16648,512,4096,4096,2543,4096,8192,16384,2013,4096,8192,16384,539,8192,16384,16384,22,512,4096,8192,476,512,4096,4096,1998,1024,4096,8192,324,4096,4096,8192,27,64,65536,262144,24806,1048576,1048576,1048576,41,524288,524288,524288,41,524288,524288,524288,41,512,1024,1024,41,64,16384,32768,41,128,512,1024,3284,128,512,1024,3284,128,512,1024,149832,128,512,1024,18117,64,256,512,2652,128,512,1024,4392,256,1024,1024,1510,256,512,1024,1276,64,512,512,21717,64,256,512,2601,64,512,512,426,128,256,512,162,128,512,1024,198,128,512,1024,243,0,0,0,0,0,0,0,0,0,0,0,0,64,128,128,21,64,128,128,21,16.74,12.26,4.47,0,22,27,0,47,2552,0,11,39867,24323,54830,0,41,21,0
17177675398200,2425,2048,8192,16384,16357,512,1024,4096,2431,4096,8192,16384,1945,4096,16384,16384,485,8192,16384,16384,23,512,1024,4096,479,512,4096,4096,1911,1024,4096,8192,322,4096,8192,8192,22,64,65536,262144,24187,1048576,1048576,1048576,40,524288,524288,524288,40,524288,524288,524288,40,512,1024,1024,40,64,2048,16384,40,128,512,1024,3277,64,512,512,3952,128,512,1024,147213,128,512,1024,17505,64,256,512,2778,128,512,1024,3690,256,1024,1024,1374,256,512,1024,1383,64,512,512,21150,64,256,512,2844,64,512,512,402,64,256,512,216,128,512,1024,207,128,512,1024,198,0,0,0,0,0,0,0,0,0,0,0,0,64,128,128,20,64,128,128,20,12.76,10.34,2.42,0,23,17,0,51,2430,75,676,39090,23802,52775,0,40,20,0
17178695756600,2425,2048,8192,16384,16215,512,2048,8192,2329,4096,8192,16384,1914,4096,8192,16384,475,8192,16384,16384,25,512,1024,4096,489,512,4096,4096,1900,1024,4096,8192,308,2048,4096,4096,16,64,65536,262144,23876,1048576,1048576,1048576,41,524288,524288,524288,41,524288,524288,524288,41,512,1024,1024,41,64,32768,65536,41,128,512,512,2830,128,512,1024,2830,128,512,1024,145935,128,512,1024,17226,64,256,512,2444,128,512,1024,3726,256,1024,1024,1299,256,512,1024,1380,64,512,512,21951,64,256,512,2808,64,256,512,564,64,512,512,243,128,1024,4096,225,128,512,512,144,0,0,0,0,0,0,0,0,0,0,0,0,64,128,128,20,128,128,128,20,14.55,10.47,4.08,0,25,15,0,61,2389,0,13,38607,23454,56825,0,41,20,0
17179715896100,2430,2048,8192,16384,16185,512,4096,4096,2171,4096,8192,16384,1941,4096,16384,16384,512,8192,8192,8192,26,512,4096,8192,518,512,4096,8192,1949,1024,4096,8192,340,2048,4096,4096,23,64,65536,262144,23895,1048576,1048576,1048576,41,524288,524288,524288,41,524288,524288,524288,41,512,1024,1024,41,64,128,8192,41,128,512,1024,3164,128,512,1024,3119,128,512,1024,145665,128,512,1024,17469,64,256,512,2940,128,512,1024,4077,256,1024,1024,1422,256,512,512,1341,64,512,512,21897,64,256,512,2709,64,512,512,465,128,256,512,225,128,512,1024,234,128,512,512,207,1024,2048,2048,8,1024,1024,1024,6,64,64,64,14,64,64,128,21,128,16384,32768,21,14.03,10.97,3.06,6,26,13,0,54,2453,0,0,39174,23434,54638,0,41,21,0
17180735807400,2458,2048,8192,16384,16168,512,4096,8192,2476,4096,8192,16384,1910,4096,16384,32768,491,8192,16384,16384,31,512,4096,8192,520,512,4096,4096,1947,1024,4096,8192,349,4096,8192,8192,20,128,65536,262144,24110,1048576,1048576,1048576,41,524288,524288,524288,41,524288,524288,524288,41,512,1024,1024,41,64,8192,32768,41,128,512,1024,2969,128,512,1024,2717,128,512,1024,145512,128,512,1024,17190,64,512,512,2445,128,512,1024,3627,256,1024,1024,1277,256,512,512,1439,128,512,1024,23022,64,256,512,2718,64,256,4096,474,64,512,512,288,128,512,1024,279,128,512,4096,180,2048,2048,2048,25,1024,1024,1024,27,64,128,128,52,64,128,128,20,16384,32768,32768,20,13.67,11.37,2.30,27,31,13,0,60,2401,0,11,38815,23684,54303,0,41,20,0
17181756529100,2482,2048,8192,16384,16743,512,4096,4096,2288,4096,8192,16384,1987,4096,16384,32768,492,8192,8192,8192,25,512,1024,4096,488,512,4096,4096,1940,1024,4096,8192,348,2048,4096,8192,31,256,65536,262144,24566,1048576,1048576,1048576,41,524288,524288,524288,41,524288,524288,524288,41,512,1024,1024,41,128,16384,32768,41,128,512,1024,3381,128,512,1024,3165,128,512,1024,150687,128,512,1024,17883,64,512,512,2464,128,512,1024,3870,256,1024,1024,1365,256,512,512,1410,64,512,512,22770,64,256,512,2808,128,512,512,507,64,512,512,225,128,512,1024,225,128,512,512,279,1024,2048,2048,27,1024,1024,1024,25,64,64,64,52,64,128,128,21,16384,16384,16384,21,15.06,10.21,4.85,25,25,20,0,73,2479,0,8,38642,24094,54916,0,41,21,0
17182776959700,2500,2048,8192,16384,16578,512,4096,8192,2372,4096,8192,16384,1952,4096,8192,16384,529,8192,8192,16384,25,512,1024,4096,479,512,4096,8192,2003,1024,4096,8192,319,2048,4096,4096,16,128,65536,262144,24489,1048576,1048576,1048576,40,524288,524288,524288,40,524288,524288,524288,40,512,1024,2048,40,64,32768,65536,41,128,512,1024,3467,128,512,1024,3305,128,512,1024,149202,128,512,1024,17568,64,512,512,2842,128,512,1024,4050,256,1024,2048,1299,256,512,1024,1308,128,512,512,21505,64,512,512,2520,64,256,512,471,128,512,1024,207,128,512,4096,225,128,256,512,144,1024,2048,2048,15,1024,1024,1024,17,64,64,64,32,64,128,128,20,16384,16384,16384,20,12.76,9.57,3.19,17,25,16,0,61,2481,0,1,38596,24023,54252,0,40,20,0
17183797075700,2500,2048,8192,16384,16112,512,4096,4096,2604,4096,8192,16384,1984,4096,16384,16384,496,8192,8192,8192,25,512,4096,8192,521,512,4096,8192,1988,1024,4096,8192,329,2048,4096,8192,25,64,65536,131072,24296,1048576,1048576,1048576,41,524288,524288,524288,41,524288,524288,524288,41,512,1024,1024,41,64,512,2048,40,128,512,1024,3191,128,512,1024,3191,128,512,4096,145008,128,512,1024,17856,64,256,512,2694,128,512,1024,3987,256,1024,1024,1374,256,512,1024,1320,128,512,1024,22604,64,512,512,2934,64,512,1024,411,64,256,1024,198,128,512,1024,225,128,512,1024,225,0,0,0,0,0,0,0,0,0,0,0,0,64,128,128,20,64,128,128,20,16.72,11.61,5.11,0,25,8,0,58,2480,0,0,40793,23796,54552,0,41,20,0
17184816254200,2500,2048,8192,16384,16636,512,1024,4096,2479,4096,8192,16384,1960,4096,16384,16384,484,8192,16384,16384,24,512,1024,4096,514,512,4096,8192,1961,1024,2048,8192,342,2048,4096,4096,12,64,65536,262144,24628,1048576,1048576,1048576,41,524288,524288,524288,41,524288,524288,524288,41,512,1024,1024,41,64,256,65536,41,128,512,1024,2943,128,512,1024,2943,128,512,1024,149724,128,512,1024,17640,64,512,512,2570,128,512,1024,3708,256,1024,1024,1322,256,512,512,1358,128,512,512,21501,64,512,512,2763,64,256,512,509,128,512,512,216,128,512,1024,216,128,512,512,108,0,0,0,0,0,0,0,0,0,0,0,0,64,128,128,21,128,256,256,21,14.30,11.49,2.81,0,24,10,0,56,2444,0,15,37878,24009,53747,0,41,21,0
17185836958400,2500,2048,8192,16384,16657,512,4096,4096,2533,4096,8192,16384,2006,4096,16384,16384,529,8192,8192,16384,25,512,4096,4096,526,512,4096,8192,2007,1024,4096,8192,324,4096,4096,8192,21,128,65536,262144,24853,1048576,1048576,1048576,41,524288,524288,524288,41,524288,524288,524288,41,512,1024,1024,41,64,4096,65536,41,128,512,1024,3298,128,512,1024,3298,128,512,1024,149913,128,512,1024,18054,64,256,512,2727,128,512,1024,4077,256,1024,1024,1397,256,512,1024,1379,64,512,512,21492,64,512,512,2700,64,256,512,507,64,256,512,270,128,512,512,225,128,512,1024,189,0,0,0,0,0,0,0,0,0,0,0,0,64,128,128,20,128,128,128,20,13.64,9.69,3.95,0,25,12,0,78,2535,0,13,39103,24309,54809,0,41,20,0
17186857610300,2500,2048,8192,16384,16748,512,4096,4096,2546,4096,8192,16384,2013,4096,8192,16384,493,8192,8192,8192,26,512,4096,8192,490,512,2048,8192,2002,1024,4096,8192,326,2048,4096,4096,17,64,65536,524288,24881,1048576,1048576,1048576,41,524288,524288,524288,41,524288,524288,524288,41,1024,1024,2048,41,64,16384,32768,41,128,512,1024,3159,128,512,1024,3159,128,512,1024,150732,128,512,1024,18117,64,256,512,2537,128,512,1024,3798,256,1024,2048,1245,256,512,1024,1317,64,512,512,22698,64,256,512,2925,64,256,512,471,64,512,1024,234,128,512,1024,234,128,512,512,153,0,0,0,0,0,0,0,0,0,0,0,0,64,128,128,21,128,128,128,21,14.29,10.72,3.57,0,26,8,0,65,2506,0,63,38498,24334,54012,0,41,21,0
17187878081200,2425,2048,8192,16384,16272,512,4096,4096,2391,4096,8192,16384,1935,4096,16384,16384,485,8192,16384,16384,33,512,4096,4096,458,512,1024,4096,1923,1024,4096,8192,374,2048,4096,4096,25,64,65536,262144,24145,1048576,1048576,1048576,41,524288,524288,524288,41,524288,524288,524288,41,1024,1024,2048,41,64,1024,8192,41,128,512,1024,3174,64,512,1024,3849,128,512,2048,146448,128,512,1024,17415,64,256,512,2477,128,512,1024,3969,256,1024,2048,1295,256,512,1024,1313,64,512,1024,22455,64,512,512,3006,64,512,1024,387,128,512,1024,297,256,512,1024,297,128,512,512,225,0,0,0,0,0,0,0,0,0,0,0,0,64,128,128,20,64,128,128,20,14.55,12.12,2.42,0,33,7,0,62,2420,75,456,39658,23712,53889,0,41,20,0
17188897808800,2425,2048,8192,16384,16366,512,1024,4096,2382,4096,8192,16384,1960,4096,16384,16384,521,8192,8192,16384,39,512,4096,4096,520,512,4096,4096,1947,1024,4096,8192,343,4096,8192,8192,16,128,65536,262144,24313,1048576,1048576,1048576,40,524288,524288,524288,40,524288,524288,524288,40,1024,2048,2048,40,64,16384,32768,40,128,512,1024,3060,128,512,1024,3060,128,512,1024,147294,128,512,1024,17640,64,256,512,2884,128,512,1024,3735,512,1024,2048,1344,256,512,1024,1470,128,512,1024,21951,64,512,512,2475,64,256,512,549,64,512,512,369,128,512,1024,351,128,512,512,144,0,0,0,0,0,0,0,0,0,0,0,0,64,128,128,20,128,128,128,20,13.91,11.10,2.81,0,39,8,0,65,2481,0,28,39320,23747,56488,0,40,20,0
17189918585000,2436,2048,8192,16384,16024,512,4096,4096,2116,4096,8192,16384,1912,4096,16384,16384,479,8192,8192,8192,17,512,4096,4096,510,512,4096,8192,1970,1024,4096,4096,334,4096,8192,8192,16,512,65536,262144,23611,1048576,1048576,1048576,41,524288,524288,524288,41,524288,524288,524288,41,1024,1024,1024,41,64,32768,32768,41,128,512,1024,3364,128,512,1024,3265,128,512,1024,144216,128,512,1024,17208,64,512,512,2533,128,512,1024,3924,256,1024,4096,1326,256,512,1024,1236,128,512,1024,20286,64,512,512,2709,64,256,512,579,128,512,512,162,128,512,1024,153,128,512,512,144,1024,2048,2048,11,1024,1024,1024,11,64,64,64,22,64,128,128,21,128,16384,16384,21,16.85,10.34,6.51,11,17,6,0,66,2391,0,1,39135,23147,54366,0,41,21,0
17190938559300,2461,2048,8192,16384,16393,512,4096,8192,2412,4096,8192,16384,1933,4096,16384,16384,482,8192,8192,16384,25,512,4096,4096,503,512,4096,8192,1945,1024,4096,8192,316,4096,8192,8192,21,256,65536,262144,24230,1048576,1048576,1048576,41,524288,524288,524288,41,524288,524288,524288,41,1024,2048,2048,41,64,32768,32768,41,128,512,1024,3232,128,512,1024,3007,128,512,4096,147537,128,512,1024,17397,64,512,512,2706,128,512,1024,3663,256,1024,1024,1425,256,512,1024,1335,128,512,512,21528,64,512,512,2628,64,512,512,504,128,512,1024,207,128,512,1024,225,128,512,4096,189,1024,2048,2048,29,1024,1024,1024,26,64,64,64,55,64,128,128,20,16384,32768,32768,20,15.06,11.49,3.57,26,25,16,0,64,2415,0,26,39469,23825,54218,0,41,20,0
17191959157100,2486,2048,8192,16384,16281,512,1024,4096,2455,4096,8192,16384,1975,4096,16384,16384,539,8192,8192,8192,23,512,4096,4096,517,512,4096,4096,1968,1024,4096,8192,316,4096,8192,8192,22,512,65536,262144,24288,1048576,1048576,1048576,41,524288,524288,524288,41,524288,524288,524288,41,1024,1024,2048,41,64,16384,32768,41,128,512,1024,3347,128,512,1024,3122,128,512,1024,146529,128,512,1024,17775,64,512,512,2752,128,512,1024,4059,256,1024,1024,1368,256,512,1024,1386,128,512,512,22212,128,512,512,2790,64,512,512,393,64,512,512,234,128,512,512,207,128,512,4096,198,2048,2048,2048,25,1024,1024,1024,26,64,64,64,51,64,128,128,21,16384,32768,32768,21,15.06,11.61,3.45,26,23,14,0,58,2514,0,96,38610,23817,54502,0,41,21,0
17192983276300,2500,2048,8192,16384,16452,512,1024,4096,2460,4096,8192,16384,1936,4096,8192,16384,475,8192,8192,8192,26,512,4096,4096,462,512,4096,8192,1953,1024,4096,16384,333,2048,4096,4096,22,512,65536,262144,24331,1048576,1048576,1048576,41,524288,524288,524288,41,524288,524288,524288,41,1024,2048,2048,41,64,16384,32768,41,64,512,1024,3439,128,512,1024,3313,128,512,1024,148068,128,512,1024,17424,64,512,512,2378,128,512,1024,3744,256,1024,2048,1343,256,512,1024,1307,64,512,1024,22275,64,512,512,2835,64,256,512,465,64,512,512,225,128,512,1024,234,128,512,512,198,2048,2048,2048,10,1024,1024,1024,12,64,128,128,22,64,128,128,20,128,32768,32768,20,15.30,11.35,3.95,12,26,18,0,62,2411,0,0,39313,23844,54716,0,41,20,0
17193999560500,2500,2048,8192,16384,16114,512,1024,4096,2480,4096,8192,16384,1976,4096,16384,16384,537,8192,8192,8192,33,512,4096,8192,542,512,4096,4096,1955,1024,2048,8192,350,2048,16384,16384,16,512,65536,262144,24230,1048576,1048576,1048576,40,524288,524288,524288,40,524288,524288,524288,40,1024,2048,2048,40,128,32768,32768,40,128,512,1024,3204,128,512,1024,3204,128,512,4096,145026,128,512,1024,17784,64,256,512,2917,128,512,1024,4014,256,1024,2048,1308,256,512,1024,1281,64,512,1024,20772,64,512,512,2610,64,512,512,549,64,256,512,252,128,512,512,297,128,512,1024,144,0,0,0,0,0,0,0,0,0,0,0,0,64,128,128,20,64,128,128,20,15.33,10.73,4.60,0,33,16,0,53,2513,0,46,40199,23611,54880,0,40,20,0
17195019626600,2500,2048,8192,16384,16454,512,1024,8192,2484,4096,8192,16384,2000,4096,16384,16384,469,8192,8192,8192,35,512,1024,4096,504,512,4096,8192,2013,1024,4096,8192,362,4096,8192,8192,24,256,65536,262144,24567,1048576,1048576,1048576,41,524288,524288,524288,41,524288,524288,524288,41,1024,2048,2048,41,64,128,128,41,128,512,1024,3230,128,512,1024,3230,128,512,1024,148086,128,512,1024,18000,64,512,512,2497,128,512,1024,3681,256,1024,1024,1274,256,512,1024,1409,128,512,1024,20898,64,256,512,2583,64,512,512,471,128,512,512,297,128,512,1024,315,128,512,512,216,0,0,0,0,0,0,0,0,0,0,0,0,64,128,128,21,128,128,128,21,15.57,10.47,5.11,0,35,31,0,60,2469,0,90,39245,23995,54358,0,41,21,0
17196040520900,2500,2048,8192,16384,16620,512,1024,4096,2474,4096,8192,16384,1973,4096,8192,16384,549,8192,8192,8192,23,512,2048,4096,511,512,4096,4096,2037,1024,4096,8192,352,2048,8192,8192,21,128,65536,262144,24775,1048576,1048576,1048576,41,524288,524288,524288,41,524288,524288,524288,41,1024,1024,2048,41,64,16384,32768,41,128,512,1024,3320,128,512,1024,3320,128,512,1024,149580,128,512,1024,17757,64,256,512,2802,128,512,1024,4140,256,1024,1024,1269,256,512,1024,1278,64,512,512,21015,64,512,512,2700,64,256,512,405,64,512,512,243,128,512,1024,207,128,512,4096,189,0,0,0,0,0,0,0,0,0,0,0,0,64,128,128,20,128,128,128,20,14.92,11.86,3.06,0,23,40,0,49,2522,0,43,38656,24207,54482,0,41,20,0
17197060501900,2500,2048,8192,16384,16771,512,1024,4096,2483,4096,8192,16384,1969,4096,16384,16384,485,8192,16384,16384,28,512,4096,4096,513,512,4096,8192,1953,1024,4096,8192,326,4096,8192,8192,20,64,65536,262144,24766,1048576,1048576,1048576,41,524288,524288,524288,41,524288,524288,524288,41,1024,1024,1024,41,64,1024,4096,41,128,512,1024,3141,128,512,1024,3141,128,512,1024,150940,128,512,1024,17721,64,256,512,2518,128,512,1024,3978,256,1024,1024,1425,256,512,1024,1371,64,512,512,22302,64,256,512,2646,64,256,512,426,64,512,512,252,128,512,4096,252,128,512,1024,180,0,0,0,0,0,0,0,0,0,0,0,0,64,128,128,21,64,128,128,21,15.20,12.14,3.07,0,28,29,0,67,2454,0,17,38289,24243,54358,0,41,21,0
17198080432600,2425,2048,8192,16384,16544,512,4096,8192,2454,4096,8192,16384,1973,4096,8192,16384,515,8192,8192,8192,25,512,1024,4096,493,512,4096,8192,1955,1024,4096,8192,338,2048,4096,4096,21,64,65536,131072,24534,1048576,1048576,1048576,41,524288,524288,524288,41,524288,524288,524288,41,512,1024,1024,41,64,8192,16384,41,128,512,1024,3236,64,512,512,3911,128,512,1024,148895,64,512,1024,17757,64,256,512,2719,128,512,1024,3969,256,1024,1024,1326,256,512,1024,1272,64,512,512,20781,64,256,512,2655,64,256,512,390,64,256,512,216,128,512,1024,225,128,512,512,189,0,0,0,0,0,0,0,0,0,0,0,0,64,128,128,20,128,256,256,20,13.91,10.85,3.06,0,25,53,0,56,2488,75,495,38193,24030,53784,0,41,20,0
17199101204600,2425,2048,8192,16384,16369,512,4096,4096,2406,4096,8192,16384,1929,4096,16384,16384,468,8192,8192,8192,24,512,4096,8192,478,512,4096,8192,1935,1024,2048,8192,335,2048,4096,4096,16,256,65536,262144,24174,1048576,1048576,1048576,40,524288,524288,524288,40,524288,524288,524288,40,512,1024,1024,40,64,128,16384,40,128,512,1024,2960,128,512,1024,2960,128,512,1024,147321,128,512,1024,17361,64,256,512,2364,128,512,1024,3546,256,1024,2048,1400,256,512,1024,1292,64,512,1024,21825,64,512,512,2457,64,512,512,471,128,512,512,198,128,512,1024,216,128,512,2048,144,0,0,0,0,0,0,0,0,0,0,0,0,64,128,128,20,64,128,128,20,13.78,9.70,4.08,0,24,54,0,50,2397,0,93,38858,23693,55939,0,40,20,0
17200121633600,2438,2048,8192,16384,16414,512,2048,4096,2411,4096,8192,16384,1932,4096,16384,16384,510,8192,8192,8192,27,512,4096,8192,525,512,4096,8192,1970,1024,4096,8192,266,2048,4096,4096,18,512,65536,262144,24267,1048576,1048576,1048576,41,524288,524288,524288,41,524288,524288,524288,41,1024,1024,2048,41,64,32768,65536,41,64,512,512,3298,128,512,1024,3181,128,512,1024,147732,128,512,1024,17388,64,512,512,2696,128,512,1024,3681,256,1024,1024,1280,256,512,1024,1325,64,512,512,20421,64,512,512,2736,64,512,4096,584,64,256,512,252,128,512,1024,243,128,512,512,162,1024,2048,2048,16,512,1024,1024,14,64,64,64,30,64,128,128,21,128,16384,32768,21,15.06,11.49,3.57,14,27,42,0,68,2442,0,1,38218,23827,54617,0,41,21,0
17201141539000,2465,2048,8192,16384,15492,512,4096,8192,2424,4096,8192,16384,1892,4096,16384,16384,503,8192,8192,8192,26,512,4096,8192,485,512,4096,8192,1916,1024,4096,8192,347,2048,4096,4096,13,256,65536,131072,23298,1048576,1048576,1048576,41,524288,524288,524288,41,524288,524288,524288,41,512,1024,1024,41,64,32768,32768,41,128,512,1024,3376,128,512,1024,3133,128,512,2048,139422,128,512,1024,17028,64,256,512,2615,128,512,1024,3852,256,1024,4096,1499,256,512,512,1436,64,512,1024,21501,64,512,512,2484,64,256,512,375,64,256,512,252,128,512,512,234,128,512,512,117,1024,2048,2048,28,512,1024,1024,28,64,64,64,56,64,128,128,20,16384,32768,32768,20,13.91,9.95,3.96,28,26,43,0,68,2395,0,40,39088,22852,54448,0,41,20,0
17202162787100,2493,2048,8192,16384,16611,512,4096,4096,2455,4096,8192,16384,2038,4096,16384,16384,545,8192,16384,16384,21,512,4096,8192,514,512,4096,4096,2034,1024,4096,8192,350,4096,8192,8192,25,512,65536,262144,24803,1048576,1048576,1048576,41,524288,524288,1048576,41,524288,524288,524288,41,512,1024,1024,41,64,8192,16384,41,128,512,1024,3606,128,512,1024,3354,128,512,4096,149499,128,512,1024,18342,64,256,512,2940,128,512,1024,4446,256,1024,1024,1302,256,512,1024,1311,64,512,1024,21132,64,256,512,2691,64,512,1024,546,64,512,1024,207,128,1024,2048,189,128,512,1024,225,2048,2048,2048,27,1024,1024,1024,26,64,64,128,53,64,64,64,21,16384,32768,32768,21,13.39,10.58,2.81,26,21,32,0,54,2583,0,0,41075,24319,55608,0,41,21,0
17203182015500,2500,2048,8192,16384,16368,512,4096,8192,2478,4096,8192,16384,1919,4096,16384,16384,468,8192,16384,32768,32,512,1024,4096,516,512,4096,8192,1920,1024,2048,4096,368,4096,8192,8192,26,256,65536,262144,24353,1048576,1048576,1048576,41,524288,524288,524288,41,524288,524288,524288,41,512,1024,1024,41,64,2048,16384,41,128,512,1024,3570,128,512,1024,3507,128,512,1024,147312,128,512,1024,17271,64,512,512,2496,128,512,1024,3591,256,1024,1024,1299,256,512,512,1326,128,512,512,21798,64,256,512,2619,64,512,512,492,64,512,512,243,128,512,512,288,128,512,1024,234,2048,2048,2048,4,512,1024,1024,7,64,64,64,11,64,128,128,20,64,16384,16384,20,15.07,11.75,3.32,7,32,31,0,51,2387,0,0,38662,23825,54486,0,41,20,0
17204202399500,2500,2048,8192,16384,16443,512,4096,4096,2488,4096,8192,16384,2013,4096,16384,16384,475,8192,16384,16384,23,512,4096,4096,501,512,4096,8192,2010,1024,2048,8192,364,4096,8192,8192,13,256,65536,131072,24576,1048576,1048576,1048576,40,524288,524288,524288,40,524288,524288,524288,40,512,1024,1024,40,64,2048,32768,41,128,512,1024,3222,128,512,1024,3222,128,512,1024,147987,128,512,1024,18117,64,512,512,2497,128,512,1024,3816,256,1024,1024,1223,256,512,1024,1142,128,512,512,20961,64,512,512,2718,64,512,512,423,64,512,1024,207,128,512,1024,207,128,512,1024,117,0,0,0,0,0,0,0,0,0,0,0,0,64,128,128,21,64,128,128,21,15.44,11.87,3.57,0,23,43,0,71,2488,0,1,38974,24062,53373,0,40,21,0
17205222258700,2500,2048,8192,16384,16632,512,1024,4096,2484,4096,8192,16384,1961,4096,16384,16384,522,8192,8192,8192,27,512,1024,8192,519,512,4096,8192,1977,1024,2048,8192,348,4096,8192,8192,18,256,65536,262144,24699,1048576,1048576,1048576,41,524288,524288,524288,41,524288,524288,524288,41,512,1024,2048,41,64,32768,32768,40,128,512,1024,3019,128,512,1024,3019,128,512,1024,149688,128,512,1024,17649,64,512,512,2606,128,512,1024,4104,256,1024,1024,1401,256,512,1024,1302,64,512,512,22419,64,512,512,2835,128,256,1024,393,64,512,512,252,128,512,1024,243,128,512,512,162,0,0,0,0,0,0,0,0,0,0,0,0,64,128,128,20,64,128,128,20,16.21,12.51,3.70,0,27,44,0,55,2483,0,11,37731,24095,53993,56,41,20,0
17206242521300,2500,2048,8192,16384,16618,512,1024,4096,2486,4096,8192,16384,1969,4096,16384,16384,509,8192,8192,8192,25,512,1024,4096,482,512,4096,4096,1973,1024,2048,4096,325,2048,4096,4096,16,128,65536,131072,24615,1048576,1048576,1048576,41,524288,524288,1048576,41,524288,524288,524288,41,512,1024,1024,41,64,128,8192,41,128,512,512,3284,128,512,1024,3284,128,512,1024,149562,128,512,1024,17721,64,256,512,2638,128,512,1024,4023,256,1024,1024,1353,256,512,1024,1371,64,512,512,22356,64,256,512,2709,64,256,512,420,64,512,512,234,128,512,512,225,128,256,512,144,0,0,0,0,0,0,0,0,0,0,0,0,64,128,128,20,64,256,256,20,13.40,9.57,3.83,0,25,42,0,58,2478,0,3,37435,24031,53951,0,41,20,0
17207261233900,2500,2048,8192,16384,16613,512,4096,4096,2488,4096,8192,16384,2023,4096,8192,16384,503,8192,8192,16384,21,512,4096,4096,532,512,4096,8192,2029,1024,4096,8192,294,4096,4096,4096,14,128,65536,524288,24741,1048576,1048576,1048576,41,524288,524288,524288,41,524288,524288,524288,41,512,1024,1024,41,64,4096,32768,41,128,512,1024,3170,128,512,1024,3170,128,512,1024,149517,128,512,1024,18207,64,256,512,2803,128,512,1024,4032,256,1024,1024,1320,256,512,1024,1221,64,512,512,21879,64,256,512,2844,64,512,512,480,64,256,512,153,128,512,4096,189,128,512,512,126,0,0,0,0,0,0,0,0,0,0,0,0,64,64,128,21,64,128,128,21,15.33,12.26,3.07,0,21,35,0,58,2526,0,2,38529,24176,54375,0,41,21,0
17208282803400,2425,2048,8192,16384,16163,512,4096,4096,2422,4096,8192,16384,1942,4096,8192,16384,474,8192,8192,8192,14,512,4096,8192,468,512,4096,8192,1909,1024,4096,8192,295,2048,4096,4096,21,128,65536,131072,23901,1048576,1048576,1048576,41,524288,524288,524288,41,524288,524288,524288,41,512,1024,1024,41,64,65536,65536,41,128,512,1024,2928,64,512,1024,3603,128,512,1024,145467,128,512,1024,17478,64,256,512,2406,128,512,512,3717,256,1024,1024,1305,256,512,1024,1260,64,512,1024,21501,64,256,512,2889,64,256,512,450,64,512,512,180,128,512,512,126,128,512,512,189,0,0,0,0,0,0,0,0,0,0,0,0,64,128,128,20,64,128,128,20,15.56,11.60,3.95,0,14,35,0,58,2416,75,0,39461,23517,55487,0,41,20,0
17209302588100,2425,2048,8192,16384,16378,512,4096,4096,2401,4096,8192,16384,1942,4096,16384,16384,537,8192,16384,16384,27,512,4096,8192,488,512,4096,4096,1950,1024,4096,8192,364,4096,4096,4096,15,64,65536,262144,24307,1048576,1048576,1048576,40,524288,524288,524288,40,524288,524288,524288,40,1024,2048,2048,40,64,128,32768,41,128,512,1024,3061,128,512,1024,3061,128,512,2048,147402,128,512,1024,17478,64,256,512,2782,128,512,1024,3780,256,1024,2048,1287,256,512,1024,1386,64,512,1024,20610,64,256,512,2808,64,256,512,510,128,512,512,252,128,512,512,243,128,512,1024,135,0,0,0,0,0,0,0,0,0,0,0,0,64,128,128,21,64,128,128,21,15.06,12.12,2.94,0,27,25,0,70,2479,0,0,39765,23868,54868,0,40,21,0
17210323927400,2445,2048,8192,16384,16064,512,4096,4096,2414,4096,8192,16384,1908,4096,8192,16384,472,8192,8192,16384,24,512,4096,8192,522,512,4096,4096,1917,1024,4096,8192,340,2048,4096,4096,24,128,65536,262144,23908,1048576,1048576,1048576,41,524288,524288,524288,41,524288,524288,524288,41,512,1024,1024,41,64,16384,32768,40,128,512,512,3278,128,512,1024,3098,128,512,1024,144580,128,512,1024,17172,64,256,512,2248,128,512,1024,3681,256,1024,1024,1278,256,512,1024,1215,64,512,512,21834,64,256,512,2844,64,256,512,552,64,256,512,198,128,512,512,216,128,512,512,216,2048,2048,2048,22,1024,1024,1024,21,64,64,256,43,64,128,128,20,16384,32768,32768,20,12.37,9.44,2.93,21,24,33,0,46,2380,0,0,38871,23485,54369,0,41,20,0
17211344158800,2469,2048,8192,16384,16769,512,1024,8192,2442,4096,8192,16384,1996,4096,16384,16384,515,8192,8192,16384,23,512,4096,8192,496,512,4096,4096,2043,1024,2048,8192,359,2048,4096,4096,17,64,65536,262144,24863,1048576,1048576,1048576,41,524288,524288,524288,41,524288,524288,524288,41,512,1024,1024,41,128,8192,32768,41,64,512,1024,3233,128,512,1024,3017,128,512,1024,150926,128,512,1024,17964,64,256,512,2815,128,512,512,3978,256,1024,1024,1386,256,512,512,1440,64,512,512,21816,64,256,512,2835,64,512,512,510,128,512,512,234,128,512,1024,207,128,512,512,153,2048,2048,2048,23,1024,1024,1024,23,64,64,64,46,64,128,128,20,16384,32768,32768,20,16.08,12.25,3.83,23,23,30,0,52,2511,0,18,37858,24345,54612,0,41,20,0
17212364115100,2494,2048,8192,16384,16019,512,4096,8192,2456,4096,8192,16384,1900,4096,16384,16384,476,8192,8192,8192,30,512,2048,4096,525,512,4096,4096,1900,1024,4096,8192,341,2048,4096,4096,10,128,65536,262144,23882,1048576,1048576,1048576,41,524288,524288,524288,41,524288,524288,524288,41,512,1024,2048,41,64,512,4096,41,128,512,1024,3317,128,512,1024,3092,128,512,1024,144162,128,512,1024,17100,64,256,512,2592,128,512,1024,3726,256,1024,1024,1257,256,512,1024,1302,64,512,512,22941,64,256,512,2610,64,256,512,384,128,512,512,234,128,512,1024,270,128,512,512,90,2048,2048,2048,28,1024,1024,1024,26,64,128,128,54,64,128,128,21,16384,32768,32768,21,15.06,10.98,4.08,26,30,30,0,51,2376,0,0,39180,23484,54401,0,41,21,0
17213384260500,2500,2048,8192,16384,16590,512,1024,4096,2487,4096,8192,16384,2028,4096,16384,16384,534,8192,8192,8192,26,512,1024,4096,462,512,4096,8192,2022,1024,2048,8192,330,2048,4096,4096,21,128,65536,262144,24722,1048576,1048576,1048576,41,524288,524288,524288,41,524288,524288,524288,41,512,1024,1024,41,64,8192,32768,41,128,512,1024,3175,128,512,1024,3121,128,512,1024,149310,128,512,1024,18252,64,512,512,2714,128,512,1024,4050,256,1024,1024,1405,256,512,1024,1423,128,512,512,22698,64,256,512,3060,64,512,512,401,128,512,512,324,128,512,1024,234,128,512,512,189,2048,2048,2048,2,512,1024,1024,5,64,64,64,7,64,128,128,20,64,16384,16384,20,13.03,10.60,2.43,5,26,41,0,63,2562,0,0,38205,24164,54845,0,41,20,0
17214404929400,2500,2048,8192,16384,16470,512,4096,8192,2484,4096,8192,16384,1973,4096,16384,16384,494,8192,8192,16384,30,512,4096,4096,515,512,4096,8192,1952,1024,4096,8192,330,4096,8192,8192,15,256,65536,262144,24492,1048576,1048576,1048576,41,524288,524288,524288,41,524288,524288,524288,41,512,1024,2048,41,64,2048,16384,41,128,512,1024,3306,128,512,1024,3306,128,512,4096,148230,128,512,1024,17757,64,256,512,2702,128,512,1024,3897,256,1024,4096,1263,256,512,1024,1227,64,512,1024,21285,64,512,512,2925,64,512,1024,489,64,512,1024,189,128,512,1024,270,128,512,512,135,0,0,0,0,0,0,0,0,0,0,0,0,64,128,128,21,64,128,128,21,15.17,10.71,4.46,0,30,39,0,50,2467,0,0,39676,23989,54477,0,41,21,0
17215425529500,2500,2048,8192,16384,15878,512,4096,8192,2483,4096,8192,16384,1965,4096,16384,16384,511,8192,16384,16384,33,512,4096,4096,527,512,4096,8192,1960,1024,4096,8192,305,2048,8192,8192,18,128,65536,262144,23877,1048576,1048576,1048576,40,524288,524288,524288,40,524288,524288,524288,40,1024,1024,1024,40,128,32768,65536,40,128,512,1024,3096,128,512,1024,3096,128,512,4096,142902,128,512,1024,17685,64,512,512,2697,128,512,1024,3627,256,1024,4096,1257,256,512,1024,1419,128,512,1024,21411,64,512,512,2439,64,512,512,351,64,256,512,297,128,512,4096,297,128,512,4096,162,0,0,0,0,0,0,0,0,0,0,0,0,64,128,128,20,64,128,128,20,16.34,11.23,5.11,0,33,28,0,50,2476,0,28,40467,23427,54613,0,40,20,0
17216446300700,2500,2048,8192,16384,16590,512,4096,8192,2482,4096,8192,16384,1973,4096,16384,16384,527,8192,8192,8192,26,512,4096,8192,510,512,4096,8192,1967,1024,4096,8192,347,2048,4096,4096,18,64,65536,262144,24670,1048576,1048576,1048576,41,524288,524288,524288,41,524288,524288,524288,41,1024,1024,2048,41,64,128,2048,41,128,512,1024,3269,128,512,1024,3269,128,512,4096,149310,128,512,1024,17757,64,256,512,2576,128,512,1024,4104,256,1024,1024,1386,256,512,1024,1413,64,512,1024,21564,64,512,512,2790,64,512,512,360,64,512,1024,270,128,512,1024,234,128,512,512,162,0,0,0,0,0,0,0,0,0,0,0,0,64,128,128,20,64,128,128,20,14.04,10.59,3.45,0,26,25,0,55,2500,0,14,40307,24209,54990,0,41,20,0
17217465422500,2500,2048,8192,16384,16292,512,4096,8192,2480,4096,8192,16384,1958,4096,8192,16384,480,8192,8192,8192,23,512,1024,4096,505,512,4096,8192,1974,1024,4096,8192,361,4096,8192,8192,22,128,65536,131072,24310,1048576,1048576,1048576,41,524288,524288,1048576,41,524288,524288,524288,41,512,1024,1024,41,64,128,8192,41,128,512,1024,3172,128,512,1024,3172,128,512,1024,146628,128,512,1024,17622,64,256,512,2591,128,512,1024,3915,256,1024,1024,1187,256,512,512,1241,64,512,512,20403,64,512,512,2655,64,512,512,453,64,256,512,207,128,512,512,207,128,512,4096,198,0,0,0,0,0,0,0,0,0,0,0,0,64,128,128,21,64,128,128,21,12.76,10.72,2.04,0,23,18,0,64,2438,0,0,38067,23773,54027,0,41,21,0
17218485679600,2425,2048,8192,16384,16320,512,1024,8192,2425,4096,8192,16384,1977,4096,16384,16384,493,8192,16384,16384,30,512,4096,4096,506,512,4096,4096,2011,1024,4096,8192,338,4096,8192,8192,13,128,65536,262144,24329,1048576,1048576,1048576,41,524288,524288,524288,41,524288,524288,524288,41,512,1024,1024,41,64,128,4096,41,128,512,512,3153,64,512,512,3828,128,512,1024,146880,128,512,1024,17793,64,256,512,2654,128,512,1024,3771,256,1024,1024,1263,256,512,1024,1290,64,512,512,20970,64,256,512,2673,64,256,512,456,64,512,512,216,128,512,1024,270,128,512,1024,117,0,0,0,0,0,0,0,0,0,0,0,0,64,128,128,20,64,128,128,20,14.56,10.86,3.70,0,30,28,0,63,2470,75,146,39498,23907,55074,0,41,20,0
17219505909900,2425,2048,8192,16384,16060,512,4096,4096,2492,4096,8192,16384,1931,4096,8192,16384,477,8192,8192,8192,21,512,4096,8192,479,512,4096,4096,1885,1024,4096,8192,340,2048,4096,4096,13,512,65536,262144,23929,1048576,1048576,1048576,41,524288,524288,524288,41,524288,524288,524288,41,512,512,512,41,64,512,16384,41,128,512,512,3115,128,512,1024,3115,128,512,4096,144548,128,512,512,17379,64,256,512,2470,128,512,512,3753,256,1024,1024,1403,256,512,1024,1250,64,512,512,21654,64,256,512,2646,64,512,1024,456,128,256,1024,189,128,512,1024,189,128,512,4096,117,0,0,0,0,0,0,0,0,0,0,0,0,64,128,128,21,64,128,128,21,13.52,10.33,3.19,0,21,22,0,58,2408,0,3,39361,23415,55298,0,41,21,0
17220525159600,2447,2048,8192,16384,16412,512,4096,8192,2337,4096,8192,16384,1929,4096,8192,16384,495,8192,8192,8192,26,512,4096,4096,500,512,4096,8192,1943,1024,4096,8192,334,2048,4096,4096,18,128,65536,262144,24209,1048576,1048576,1048576,40,524288,524288,524288,40,524288,524288,524288,40,512,1024,1024,40,64,8192,8192,40,64,512,1024,3164,128,512,1024,2966,128,512,1024,147700,128,512,1024,17361,64,256,512,2291,128,512,1024,3735,256,1024,1024,1169,256,512,512,1259,64,512,512,21681,64,256,512,2988,64,256,512,498,64,512,512,261,128,512,1024,234,128,512,1024,162,1024,2048,2048,25,1024,1024,1024,23,64,64,128,48,64,64,64,20,16384,32768,32768,20,14.82,10.99,3.83,23,26,26,0,65,2424,0,11,38929,23823,54762,0,40,20,0
17221546204500,2480,2048,8192,16384,16158,512,4096,4096,2448,4096,8192,16384,1960,4096,8192,16384,500,8192,8192,8192,24,512,4096,8192,498,512,4096,8192,1995,1024,4096,8192,317,4096,4096,4096,13,128,65536,262144,24126,1048576,1048576,1048576,41,524288,524288,524288,41,524288,524288,524288,41,512,1024,1024,41,64,4096,32768,41,128,512,1024,3482,128,512,1024,3185,128,512,4096,145422,64,512,1024,17640,64,256,512,2478,128,512,1024,3906,256,1024,1024,1452,256,512,1024,1434,64,512,1024,22284,64,256,512,2493,64,512,512,492,64,256,512,216,128,512,1024,216,128,512,512,117,1024,2048,2048,31,1024,1024,1024,32,64,64,128,63,64,128,128,20,16384,32768,32768,20,15.32,11.10,4.21,32,24,16,0,65,2460,0,0,41762,23736,55435,0,41,20,0
17222566866400,2500,2048,8192,16384,16243,512,4096,8192,2474,4096,8192,16384,1939,4096,8192,16384,514,8192,16384,16384,20,512,1024,4096,506,512,4096,8192,2003,1024,4096,8192,329,2048,4096,4096,13,512,65536,131072,24230,1048576,1048576,1048576,41,524288,524288,524288,41,524288,524288,524288,41,512,1024,1024,41,64,16384,32768,41,128,512,1024,3480,128,512,1024,3300,128,512,4096,146187,128,512,1024,17451,64,256,512,2593,128,512,1024,4032,256,1024,1024,1247,256,512,1024,1130,64,512,512,21636,64,256,512,2916,64,512,512,495,128,512,512,162,128,512,1024,180,128,512,1024,117,2048,2048,2048,19,1024,1024,1024,20,64,64,128,39,64,128,128,21,128,32768,32768,21,17.60,11.48,6.12,20,20,16,0,49,2453,0,0,39750,23814,54945,0,41,21,0
17223586707700,2500,2048,8192,16384,16730,512,4096,8192,2482,4096,8192,16384,1995,4096,8192,16384,498,8192,8192,8192,26,512,4096,8192,514,512,4096,8192,1968,1024,4096,8192,313,2048,4096,4096,11,256,65536,262144,24747,1048576,1048576,1048576,41,524288,524288,524288,41,524288,524288,524288,41,512,1024,1024,41,64,2048,32768,41,128,512,1024,3136,128,512,1024,3136,128,512,1024,150570,128,512,1024,17955,64,256,512,2729,128,512,1024,3987,256,1024,2048,1374,256,512,1024,1365,128,512,512,22572,128,512,512,2709,64,512,512,435,64,256,512,252,128,512,512,234,128,512,1024,99,0,0,0,0,0,0,0,0,0,0,0,0,64,128,128,20,64,128,128,20,13.41,9.58,3.83,0,26,19,0,56,2493,0,39,38860,24197,54605,0,41,20,0
17224606949500,2500,2048,8192,16384,16317,512,4096,8192,2493,4096,8192,16384,1971,4096,16384,16384,510,8192,8192,8192,30,512,4096,8192,520,512,4096,8192,1939,1024,4096,8192,351,4096,8192,8192,16,64,65536,262144,24360,1048576,1048576,1048576,41,524288,524288,524288,41,524288,524288,524288,41,512,1024,1024,41,64,512,32768,41,128,512,1024,3093,128,512,1024,3093,128,512,1024,146853,128,512,1024,17739,64,256,512,2616,128,512,1024,3888,256,1024,1024,1401,256,512,1024,1410,128,512,512,21123,64,256,512,2916,64,256,512,411,128,512,512,270,128,512,512,270,128,512,4096,144,0,0,0,0,0,0,0,0,0,0,0,0,64,128,128,21,64,128,128,21,14.42,12.00,2.42,0,30,12,0,69,2481,0,0,39132,23837,54332,0,41,21,0
17225626826700,2500,2048,8192,16384,16374,512,4096,8192,2452,4096,8192,16384,2013,4096,16384,16384,499,8192,16384,16384,25,512,4096,4096,518,512,4096,8192,2001,1024,4096,8192,345,2048,4096,4096,23,512,65536,524288,24477,1048576,1048576,1048576,40,524288,524288,1048576,40,524288,524288,524288,40,512,1024,1024,40,64,128,8192,41,128,512,1024,3274,128,512,1024,3274,128,512,4096,147366,128,512,1024,18117,64,256,512,2766,128,512,512,4050,256,1024,4096,1353,256,512,1024,1281,64,512,1024,21159,64,256,512,2727,64,512,2048,453,64,512,1024,207,128,512,1024,225,128,512,512,207,0,0,0,0,0,0,0,0,0,0,0,0,64,128,128,20,64,128,128,20,14.42,11.36,3.06,0,25,19,0,58,2512,0,1,39842,23985,55035,0,40,20,0
17226647605400,2500,2048,8192,16384,16371,512,4096,4096,2607,4096,8192,16384,1983,4096,8192,16384,517,8192,8192,8192,29,512,4096,8192,463,512,4096,8192,2018,1024,4096,8192,368,2048,8192,8192,11,256,65536,131072,24577,1048576,1048576,1048576,41,524288,524288,524288,41,524288,524288,524288,41,512,1024,2048,41,64,256,8192,40,128,512,512,3246,128,512,1024,3246,128,512,4096,147339,128,512,1024,17847,64,256,512,2683,128,512,1024,4050,256,1024,1024,1332,256,512,512,1341,64,512,512,21681,64,256,512,2772,64,256,512,411,64,256,512,252,128,512,512,261,128,512,4096,99,0,0,0,0,0,0,0,0,0,0,0,0,64,128,128,20,64,128,128,20,14.15,10.46,3.70,0,29,16,0,58,2500,0,0,40654,24038,55136,111,41,20,0
17227667321700,2425,2048,8192,16384,16396,512,4096,8192,2524,4096,8192,16384,1916,4096,16384,16384,490,8192,16384,16384,32,512,4096,8192,513,512,4096,8192,1913,1024,4096,8192,352,4096,4096,4096,21,64,65536,131072,24373,1048576,1048576,1048576,41,524288,524288,524288,41,524288,524288,524288,41,512,1024,2048,41,64,256,8192,41,128,512,1024,3167,64,512,1024,3842,128,512,1024,147564,128,512,512,17244,64,256,512,2582,128,512,512,3618,256,1024,1024,1206,256,512,512,1305,64,512,512,22725,64,256,512,2907,64,512,512,363,128,256,512,333,128,512,4096,288,128,512,1024,189,0,0,0,0,0,0,0,0,0,0,0,0,64,128,128,21,64,128,128,21,14.69,10.73,3.96,0,32,14,0,45,2406,75,210,38649,23919,53341,0,41,21,0
17228689458900,2425,2048,8192,16384,15940,512,4096,4096,2650,4096,8192,16384,1932,4096,8192,16384,504,8192,8192,8192,30,512,4096,4096,505,512,4096,8192,1953,1024,4096,4096,311,4096,8192,8192,18,128,65536,131072,24057,1048576,1048576,1048576,41,524288,524288,524288,41,524288,524288,524288,41,512,1024,1024,41,64,32768,32768,41,128,512,1024,2789,128,512,1024,2789,128,512,4096,143460,128,512,1024,17388,64,256,512,2460,128,512,1024,3762,256,1024,1024,1218,256,512,512,1182,64,512,512,21735,64,256,512,2844,64,256,512,483,64,512,512,198,128,512,1024,270,128,512,1024,162,0,0,0,0,0,0,0,0,0,0,0,0,64,128,128,20,64,128,128,20,15.41,11.34,4.08,0,30,10,0,51,2436,0,20,39498,23576,55656,0,41,20,0
17229707966500,2425,2048,8192,16384,16453,512,4096,8192,2325,4096,8192,16384,1949,4096,8192,16384,508,8192,32768,32768,17,512,4096,4096,479,512,4096,8192,1927,1024,4096,8192,308,2048,4096,4096,20,128,65536,262144,24181,1048576,1048576,1048576,41,524288,524288,1048576,41,524288,524288,524288,41,512,1024,1024,41,64,8192,32768,41,128,512,512,2705,128,512,512,2705,128,512,1024,148077,128,512,1024,17541,64,256,512,2598,128,512,1024,3825,256,1024,4096,1404,256,512,512,1350,64,512,512,21555,64,256,512,2646,64,256,512,564,128,512,512,180,128,512,1024,153,128,512,512,180,1024,2048,2048,3,0,0,0,1,64,64,64,4,64,128,128,21,64,128,128,21,14.96,11.25,3.71,1,17,8,0,73,2457,0,24,37787,23714,53776,0,41,21,0
17230728533900,2453,2048,8192,16384,16071,512,4096,4096,2507,4096,8192,16384,1935,4096,16384,16384,502,8192,8192,8192,25,512,4096,8192,503,512,4096,8192,1928,1024,4096,8192,310,2048,8192,8192,17,128,65536,262144,24005,1048576,1048576,1048576,41,524288,524288,524288,41,524288,524288,524288,41,512,1024,1024,41,64,8192,16384,41,128,512,1024,3341,128,512,1024,3089,128,512,1024,144639,128,512,1024,17415,64,256,512,2506,128,512,512,3663,256,1024,4096,1242,256,512,1024,1314,64,512,512,20538,64,256,512,2349,64,512,512,528,128,512,1024,234,128,512,512,225,128,512,1024,153,1024,2048,2048,29,512,1024,1024,29,64,64,64,58,64,128,128,20,16384,32768,32768,20,15.83,12.00,3.83,29,25,6,0,48,2437,0,13,38955,23604,55356,0,41,20,0
17231748486500,2480,2048,8192,16384,16719,512,4096,4096,2461,4096,8192,16384,1970,4096,16384,32768,463,8192,8192,8192,22,512,4096,8192,510,512,4096,8192,1998,1024,4096,8192,321,2048,4096,4096,13,128,65536,262144,24687,1048576,1048576,1048576,40,524288,524288,524288,40,524288,524288,524288,40,512,1024,1024,40,64,32768,32768,40,128,512,1024,3621,128,512,1024,3378,128,512,1024,150471,128,512,1024,17730,64,256,512,2260,128,512,1024,3618,256,1024,1024,1361,256,512,512,1262,128,512,512,21582,64,512,512,2457,64,256,512,444,128,256,512,162,128,512,512,198,128,512,1024,117,2048,2048,2048,25,1024,1024,1024,25,64,64,64,50,64,128,128,20,16384,32768,32768,20,14.93,11.10,3.83,25,22,10,0,40,2433,0,0,39347,24234,55139,0,40,20,0
17232770273800,2500,2048,8192,16384,16406,512,4096,8192,2232,4096,8192,16384,1970,4096,16384,16384,503,8192,8192,8192,17,512,4096,8192,485,512,4096,4096,1977,1024,4096,8192,367,2048,8192,8192,11,256,65536,262144,24184,1048576,1048576,1048576,41,524288,524288,524288,41,524288,524288,524288,41,512,1024,1024,41,64,128,128,41,128,512,1024,3212,128,512,1024,3032,128,512,4096,147654,128,512,1024,17730,64,256,512,2592,128,512,1024,3834,512,1024,4096,1143,256,512,1024,1251,128,512,1024,21249,64,256,512,2844,64,512,512,513,128,512,512,225,256,512,512,153,128,512,4096,99,1024,2048,2048,18,1024,1024,1024,20,64,64,128,38,64,128,128,21,256,32768,32768,21,14.65,10.06,4.59,20,17,11,0,49,2473,0,0,41279,23836,54958,0,41,21,0
17233789007600,2500,2048,8192,16384,15749,512,4096,8192,2260,4096,8192,16384,1970,4096,8192,16384,514,8192,8192,16384,24,512,4096,4096,509,512,4096,4096,1946,1024,4096,8192,355,2048,4096,4096,20,1024,65536,524288,23587,1048576,1048576,1048576,41,524288,524288,524288,41,524288,524288,524288,41,512,1024,1024,41,64,16384,32768,41,128,512,1024,3453,128,512,1024,3453,128,512,4096,141741,128,512,1024,17730,64,256,512,2479,128,512,1024,4014,256,1024,4096,1347,256,512,2048,1221,128,512,1024,22104,64,256,512,2601,64,512,512,585,64,512,1024,207,128,512,1024,216,128,512,512,180,0,0,0,0,0,0,0,0,0,0,0,0,64,128,128,20,64,128,128,20,16.88,13.17,3.71,0,24,6,0,58,2484,0,0,40132,23073,54879,0,41,20,0
17234808812700,2500,2048,8192,16384,16835,512,2048,4096,2471,4096,8192,16384,2011,4096,16384,16384,495,8192,8192,8192,20,512,1024,8192,550,512,4096,4096,2015,1024,2048,8192,350,4096,8192,8192,19,128,65536,262144,24973,1048576,1048576,1048576,41,524288,524288,524288,41,524288,524288,524288,41,512,1024,1024,41,64,8192,32768,41,128,512,1024,2918,128,512,1024,2918,128,512,1024,151515,128,512,1024,18099,64,256,512,2413,128,512,1024,3960,256,1024,4096,1314,256,512,1024,1323,64,512,512,21051,64,512,512,2448,64,512,512,543,64,256,512,189,128,512,512,180,128,512,4096,171,0,0,0,0,0,0,0,0,0,0,0,0,64,128,128,21,64,128,128,21,15.19,12.25,2.94,0,20,10,0,62,2506,0,7,40100,24321,55203,0,41,21,0
17235830034500,2500,2048,8192,16384,16035,512,4096,4096,2572,4096,8192,16384,1955,4096,16384,16384,495,8192,8192,8192,30,512,4096,8192,493,512,4096,8192,1948,1024,4096,8192,345,2048,4096,4096,17,256,65536,262144,24114,1048576,1048576,1048576,41,524288,524288,524288,41,524288,524288,524288,41,512,1024,1024,41,64,128,128,41,128,512,1024,3069,128,512,1024,3069,128,512,4096,144315,128,512,1024,17595,64,256,512,2649,128,512,1024,3906,256,1024,2048,1251,256,512,1024,1296,128,512,1024,21330,64,512,512,2718,128,512,1024,381,64,256,512,261,128,512,1024,270,128,512,4096,153,0,0,0,0,0,0,0,0,0,0,0,0,64,64,64,20,128,128,128,20,13.77,10.97,2.81,0,30,11,0,63,2450,0,13,40472,23650,54383,0,41,20,0
17236849976100,2500,2048,8192,16384,16403,512,4096,8192,2513,4096,8192,16384,1912,8192,16384,16384,492,8192,16384,16384,25,512,2048,8192,499,512,4096,8192,1936,1024,4096,8192,332,2048,4096,4096,18,512,65536,262144,24348,1048576,1048576,1048576,40,524288,524288,524288,40,524288,524288,524288,40,512,1024,1024,40,64,32768,32768,40,128,512,1024,3142,128,512,1024,3142,128,512,1024,147627,128,512,1024,17208,64,256,512,2693,128,512,1024,3870,256,1024,2048,1443,256,512,1024,1353,128,512,1024,21312,64,512,512,2457,64,512,1024,372,64,512,512,180,128,512,1024,225,128,512,512,162,0,0,0,0,0,0,0,0,0,0,0,0,64,64,64,20,128,128,128,20,13.66,9.83,3.83,0,25,6,0,58,2404,0,2,38687,23821,54151,0,40,20,0
17237869114400,2425,2048,8192,16384,16639,512,4096,8192,2664,4096,8192,16384,2039,4096,8192,16384,545,8192,8192,8192,18,512,4096,8192,488,512,4096,8192,2010,1024,4096,8192,321,2048,8192,8192,19,128,65536,262144,24975,1048576,1048576,1048576,41,524288,524288,524288,41,524288,524288,524288,41,256,1024,1024,41,64,128,16384,41,128,512,1024,3320,64,512,1024,3995,128,512,4096,149751,128,512,1024,18351,64,256,512,2739,128,512,1024,4365,256,1024,1024,1394,256,512,1024,1313,64,512,512,21366,64,512,512,2646,64,512,512,420,64,256,512,144,128,512,1024,162,128,512,1024,171,0,0,0,0,0,0,0,0,0,0,0,0,64,128,128,21,64,128,128,21,13.29,10.48,2.81,0,18,11,0,67,2584,75,431,40416,24552,53524,0,41,21,0
17238890125400,2425,2048,8192,16384,15931,512,4096,4096,2510,4096,8192,16384,1920,4096,16384,16384,474,8192,8192,16384,21,512,4096,4096,499,512,4096,8192,1931,1024,4096,8192,311,2048,4096,8192,23,64,65536,262144,23818,1048576,1048576,1048576,41,524288,524288,524288,41,524288,524288,524288,41,512,1024,1024,41,64,4096,65536,41,128,512,1024,2994,128,512,1024,2994,128,512,2048,143379,128,512,1024,17280,64,256,512,2429,128,512,1024,3573,256,1024,1024,1221,256,512,1024,1275,64,512,1024,22671,64,512,512,2880,64,512,1024,501,128,512,512,243,128,512,1024,189,128,512,1024,207,0,0,0,0,0,0,0,0,0,0,0,0,64,128,128,20,128,128,128,20,14.42,11.23,3.19,0,21,15,0,68,2394,0,0,39862,23356,56696,0,41,20,0
17239911652300,2426,2048,8192,16384,16412,512,1024,4096,2503,4096,8192,16384,1929,8192,16384,16384,509,8192,16384,16384,32,512,4096,8192,519,512,4096,8192,1951,1024,4096,8192,335,2048,4096,4096,12,1024,65536,262144,24416,1048576,1048576,1048576,41,524288,524288,1048576,41,524288,524288,524288,41,1024,1024,2048,41,64,8192,32768,41,128,512,1024,3167,128,512,1024,3158,128,512,1024,147708,128,512,1024,17361,64,512,512,2751,128,512,1024,3825,512,1024,2048,1269,256,512,1024,1287,128,512,1024,22239,128,512,512,2745,64,512,1024,597,128,512,512,270,128,512,4096,288,128,512,512,108,1024,2048,2048,4,0,0,0,1,64,64,64,5,64,128,128,21,128,128,128,21,13.63,10.44,3.18,1,32,23,0,61,2438,0,45,38831,23918,53750,0,41,21,0
17240931607000,2454,2048,8192,16384,16535,512,4096,8192,2446,4096,8192,16384,1968,4096,16384,16384,508,8192,8192,16384,27,512,4096,4096,484,512,4096,8192,1967,1024,4096,8192,338,4096,4096,4096,11,1024,65536,524288,24500,1048576,1048576,1048576,41,524288,524288,524288,41,524288,524288,524288,41,512,1024,2048,41,64,32768,65536,41,128,512,1024,3254,128,512,1024,3002,128,512,1024,148815,128,512,1024,17712,64,256,512,2759,128,512,1024,3987,256,1024,1024,1320,256,512,1024,1284,128,512,512,22392,64,512,512,2601,64,512,512,552,128,256,512,234,128,512,1024,243,128,512,1024,99,1024,2048,2048,29,1024,1024,1024,30,64,64,128,59,64,128,128,20,16384,32768,32768,20,14.69,10.60,4.09,30,27,23,0,72,2476,0,0,39358,24072,55478,0,41,20,0
17241951238700,2482,2048,8192,16384,15657,512,4096,8192,2436,4096,8192,16384,1900,4096,16384,16384,504,8192,8192,16384,24,512,4096,8192,483,512,4096,8192,1949,1024,4096,8192,345,2048,4096,4096,13,128,65536,262144,23514,1048576,1048576,1048576,40,524288,524288,524288,40,524288,524288,524288,40,512,1024,1024,40,64,32768,65536,40,128,512,1024,3304,128,512,1024,3052,128,512,4096,140913,128,512,1024,17100,64,256,512,2474,128,512,1024,3942,256,1024,1024,1332,256,512,1024,1368,128,512,1024,20583,64,256,512,2592,64,256,512,393,128,512,512,198,128,512,1024,216,128,512,512,117,1024,2048,2048,28,1024,2048,2048,28,64,64,64,56,64,128,128,20,16384,32768,32768,20,15.70,11.74,3.96,28,24,30,0,57,2404,0,6,41024,23170,55054,1,40,20,0
17242971083700,2500,2048,8192,16384,16506,512,1024,8192,2456,4096,8192,16384,1979,4096,8192,16384,481,8192,16384,16384,18,512,2048,4096,503,512,4096,8192,1967,1024,4096,8192,344,2048,4096,4096,12,1024,65536,262144,24466,1048576,1048576,1048576,41,524288,524288,524288,41,524288,524288,524288,41,512,1024,1024,41,64,2048,32768,41,128,512,1024,3436,128,512,1024,3274,128,512,1024,148554,128,512,1024,17811,64,256,512,2538,128,512,1024,3942,256,1024,1024,1431,256,512,1024,1377,128,512,1024,21591,64,512,512,2727,64,512,1024,465,64,256,512,171,256,512,1024,162,128,512,512,108,1024,2048,2048,14,1024,1024,1024,16,64,64,64,30,64,128,128,21,8192,16384,16384,21,15.97,13.29,2.68,16,18,33,0,65,2460,0,29,39168,23939,54692,0,41,21,0
17243991278000,2500,2048,8192,16384,16565,512,4096,8192,2515,4096,8192,16384,2004,4096,16384,16384,504,8192,8192,8192,25,512,1024,4096,531,512,4096,8192,1999,1024,4096,8192,347,4096,8192,8192,14,256,65536,262144,24722,1048576,1048576,1048576,41,524288,524288,524288,41,524288,524288,524288,41,1024,1024,1024,41,64,8192,16384,41,128,512,1024,3139,128,512,1024,3139,128,512,1024,149087,128,512,1024,18036,64,512,512,2737,128,512,1024,3708,256,1024,1024,1368,256,512,1024,1404,128,512,1024,21519,64,256,512,2502,64,512,512,510,64,256,512,234,128,512,1024,225,128,512,512,126,0,0,0,0,0,0,0,0,0,0,0,0,64,128,128,20,64,128,128,20,13.78,10.98,2.81,0,25,39,0,59,2508,0,1,39115,24193,54173,0,41,20,0
17245011719500,2500,2048,8192,16384,16397,512,1024,4096,2480,4096,8192,16384,1997,4096,8192,16384,549,8192,8192,8192,28,512,1024,4096,510,512,4096,8192,2000,1024,4096,8192,337,4096,4096,4096,18,128,65536,131072,24517,1048576,1048576,1048576,41,524288,524288,524288,41,524288,524288,524288,41,512,1024,1024,41,64,2048,16384,41,128,512,1024,3187,128,512,512,3187,128,512,1024,147571,128,512,1024,17973,64,256,512,2733,128,512,1024,4086,256,1024,1024,1416,256,512,512,1452,128,512,512,22464,64,256,512,2682,64,512,512,390,64,512,512,261,128,512,1024,252,128,512,1024,162,0,0,0,0,0,0,0,0,0,0,0,0,64,128,128,21,128,128,128,21,14.03,10.97,3.06,0,28,52,0,60,2546,0,100,38555,23954,54621,0,41,21,0
17246031793300,2500,2048,8192,16384,16706,512,1024,4096,2450,4096,8192,16384,1930,4096,8192,16384,522,8192,16384,16384,20,512,1024,4096,477,512,4096,8192,1933,1024,2048,8192,308,4096,4096,4096,22,64,65536,262144,24585,1048576,1048576,1048576,41,524288,524288,524288,41,524288,524288,524288,41,512,1024,1024,41,64,8192,32768,41,128,512,1024,3345,128,512,1024,3345,128,512,1024,150354,128,512,1024,17370,64,256,512,3000,128,512,1024,4203,256,1024,1024,1238,256,512,1024,1283,128,512,512,22392,64,512,512,2736,128,256,512,462,64,512,512,189,128,512,4096,180,128,512,1024,198,0,0,0,0,0,0,0,0,0,0,0,0,64,128,128,20,64,128,128,20,15.84,11.50,4.34,0,20,45,0,61,2452,0,10,38022,24020,54594,0,41,20,0
17247053884200,2500,2048,8192,16384,16526,512,4096,4096,2470,4096,8192,16384,1953,4096,8192,16384,459,8192,8192,16384,30,512,1024,4096,508,512,4096,8192,1984,1024,4096,8192,348,2048,4096,4096,19,64,65536,262144,24515,1048576,1048576,1048576,41,524288,524288,524288,41,524288,524288,524288,41,512,1024,1024,41,64,128,32768,41,128,512,512,3440,128,512,1024,3440,128,512,1024,148734,128,512,512,17577,64,256,512,2351,128,512,1024,3699,256,1024,1024,1443,256,512,512,1389,64,512,512,21960,64,256,512,2934,64,256,512,510,64,256,512,216,128,512,1024,270,128,512,512,171,0,0,0,0,0,0,0,0,0,0,0,0,64,128,128,21,64,128,128,21,16.81,12.99,3.82,0,30,38,0,49,2412,0,0,38289,23923,53888,154,41,21,0
17248071328200,2425,2048,8192,16384,16688,512,4096,4096,2454,4096,8192,16384,2015,4096,16384,16384,480,8192,8192,16384,21,512,4096,4096,528,512,4096,8192,2003,1024,4096,8192,350,4096,8192,32768,24,64,65536,131072,24788,1048576,1048576,1048576,40,524288,524288,524288,40,524288,524288,524288,40,512,1024,1024,40,64,65536,65536,40,128,512,1024,3261,64,512,1024,3936,128,512,1024,150192,128,512,1024,18135,64,256,512,2542,128,512,1024,3798,256,1024,1024,1271,256,512,1024,1343,64,512,512,21915,64,256,512,2826,64,256,512,429,128,512,512,207,128,512,4096,189,128,512,4096,216,0,0,0,0,0,0,0,0,0,0,0,0,64,128,128,20,128,128,128,20,13.55,10.87,2.69,0,21,39,0,59,2495,75,643,38933,24354,52649,0,40,20,0
17249092805300,2425,2048,8192,16384,16329,512,4096,8192,2431,4096,8192,16384,1967,4096,8192,16384,499,8192,8192,8192,20,512,4096,4096,482,512,4096,4096,1954,1024,4096,8192,336,2048,4096,4096,11,64,65536,262144,24242,1048576,1048576,1048576,41,524288,524288,524288,41,524288,524288,524288,41,512,1024,1024,41,64,8192,16384,41,128,512,1024,3488,128,512,1024,3488,128,512,1024,146961,128,512,1024,17703,64,256,512,2592,128,512,1024,3753,256,1024,1024,1272,256,512,1024,1281,64,512,512,22131,64,256,512,2925,64,256,512,528,64,256,512,162,128,512,1024,180,128,512,512,99,0,0,0,0,0,0,0,0,0,0,0,0,64,128,128,20,128,128,128,20,13.39,11.09,2.30,0,20,48,0,59,2466,0,0,39288,23802,57247,0,41,20,0
17250113157700,2429,2048,8192,16384,16194,512,4096,4096,2268,4096,8192,16384,1905,4096,16384,16384,507,8192,8192,8192,18,512,4096,8192,493,512,4096,4096,1882,1024,4096,8192,331,2048,4096,4096,18,256,65536,262144,23806,1048576,1048576,1048576,41,524288,524288,524288,41,524288,524288,524288,41,512,1024,1024,41,128,8192,32768,41,128,512,1024,3118,128,512,1024,3082,128,512,1024,145746,128,512,1024,17145,64,256,512,2329,128,512,1024,3897,256,1024,1024,1203,256,512,512,1185,64,512,512,21222,64,256,512,2367,64,256,512,516,128,512,512,153,128,512,1024,162,128,512,512,162,1024,2048,2048,7,1024,1024,1024,4,64,64,64,11,64,128,128,21,64,256,16384,21,12.64,9.57,3.06,4,18,41,0,54,2412,0,1,38824,23364,53881,0,41,21,0
17251133056700,2458,2048,8192,16384,16299,512,4096,8192,2463,4096,8192,16384,1916,4096,16384,32768,453,8192,8192,8192,21,512,4096,4096,516,512,4096,8192,1949,1024,4096,8192,340,4096,4096,4096,15,128,65536,262144,24168,1048576,1048576,1048576,41,524288,524288,524288,41,524288,524288,524288,41,512,1024,1024,41,64,128,65536,41,128,512,1024,3282,128,512,1024,3021,128,512,1024,146691,128,512,1024,17244,64,256,512,2278,128,512,1024,3645,512,1024,1024,1299,256,512,1024,1263,128,512,1024,22338,64,512,512,2601,64,256,512,447,128,512,512,225,128,512,1024,189,128,512,4096,135,2048,2048,2048,27,1024,1024,1024,29,64,64,64,56,64,128,128,20,16384,32768,32768,20,15.70,11.74,3.96,29,21,41,0,61,2369,0,3,39181,23795,54895,0,41,20,0
17252152826900,2481,2048,8192,16384,16464,512,4096,8192,2487,4096,8192,16384,1967,4096,8192,16384,521,8192,8192,8192,25,512,2048,4096,466,512,4096,8192,2015,1024,4096,8192,315,2048,4096,4096,20,64,65536,262144,24492,1048576,1048576,1048576,40,524288,524288,524288,40,524288,524288,524288,40,512,1024,1024,40,64,8192,16384,41,128,512,1024,3551,128,512,1024,3344,128,512,1024,148176,128,512,1024,17703,64,256,512,2638,128,512,1024,4176,512,1024,2048,1394,256,512,1024,1457,128,512,512,22698,64,512,512,2781,64,512,512,354,64,512,512,225,128,512,4096,225,128,512,512,180,2048,2048,2048,28,1024,1024,1024,26,64,64,128,54,64,128,128,21,16384,32768,32768,21,15.07,12.52,2.56,26,25,42,0,55,2488,0,23,39572,24033,55217,0,40,21,0
17253173483900,2500,2048,8192,16384,16520,512,4096,8192,2269,4096,8192,16384,1966,4096,16384,16384,508,8192,8192,8192,24,512,4096,8192,538,512,4096,8192,1973,1024,4096,8192,322,4096,4096,4096,13,256,65536,262144,24351,1048576,1048576,1048576,41,524288,524288,524288,41,524288,524288,524288,41,512,2048,2048,41,64,8192,8192,40,128,512,1024,3275,128,512,1024,3104,128,512,2048,148680,128,512,1024,17694,64,256,512,2665,128,512,1024,4059,256,1024,1024,1396,256,512,512,1405,128,512,1024,21330,64,256,512,2763,64,512,512,504,64,512,512,252,128,512,1024,216,128,512,512,117,1024,2048,2048,13,1024,1024,1024,16,64,128,128,29,64,128,128,20,128,16384,16384,20,17.61,13.02,4.59,16,24,36,0,47,2474,0,19,40484,23956,55167,0,41,20,0
17254194964700,2500,2048,8192,16384,16599,512,1024,8192,2500,4096,8192,16384,2046,4096,16384,16384,549,8192,16384,16384,37,512,1024,8192,484,512,4096,4096,1974,1024,4096,8192,324,4096,4096,4096,10,128,65536,262144,24747,1048576,1048576,1048576,41,524288,524288,524288,41,524288,524288,524288,41,1024,2048,2048,41,64,128,32768,41,128,512,512,2999,128,512,1024,2999,128,512,1024,149394,128,512,1024,18414,64,256,512,2891,128,512,1024,4113,256,1024,1024,1329,256,512,512,1482,128,512,512,22095,64,512,512,2772,64,512,512,408,128,512,512,342,128,512,1024,333,128,512,1024,90,0,0,0,0,0,0,0,0,0,0,0,0,64,128,128,20,64,128,128,20,15.56,11.86,3.70,0,37,38,0,47,2595,0,22,38263,24179,54772,0,41,20,0
17255213388400,2500,2048,8192,16384,16322,512,4096,8192,2456,4096,8192,16384,1957,4096,16384,16384,462,8192,8192,16384,27,512,4096,8192,520,512,4096,8192,1946,1024,4096,8192,376,4096,8192,8192,22,128,65536,262144,24268,1048576,1048576,1048576,41,524288,524288,524288,41,524288,524288,524288,41,1024,2048,2048,41,64,2048,32768,41,128,512,1024,3370,128,512,1024,3370,128,512,1024,146898,128,512,1024,17613,64,256,512,2443,128,512,1024,3636,256,1024,1024,1443,256,512,1024,1479,128,512,512,22626,128,512,512,2682,64,256,512,426,128,512,1024,288,128,512,2048,243,128,512,4096,198,0,0,0,0,0,0,0,0,0,0,0,0,64,128,128,21,64,128,128,21,16.22,11.24,4.98,0,27,46,0,57,2419,0,17,38886,23733,54179,0,41,21,0
17256233487600,2500,2048,8192,16384,16397,512,1024,4096,2662,4096,8192,16384,1968,4096,16384,16384,510,8192,8192,8192,27,512,4096,4096,539,512,4096,8192,2049,1024,4096,8192,365,4096,8192,8192,17,256,65536,262144,24761,1048576,1048576,1048576,41,524288,524288,1048576,41,524288,524288,524288,41,1024,1024,2048,41,64,16384,16384,41,128,512,1024,2800,128,512,1024,2800,128,512,1024,147570,128,512,1024,17712,64,256,512,2498,128,512,1024,4176,256,1024,2048,1314,256,512,4096,1278,128,512,1024,22770,64,512,512,2745,64,512,512,447,64,512,512,180,256,512,1024,243,128,512,1024,153,0,0,0,0,0,0,0,0,0,0,0,0,64,128,128,20,64,128,128,20,16.72,12.12,4.59,0,27,32,0,60,2478,0,1,39281,24174,54235,0,41,20,0
17257254418300,2500,2048,8192,16384,16641,512,4096,4096,2540,4096,8192,16384,1959,4096,16384,16384,522,8192,8192,8192,29,512,4096,8192,465,512,4096,4096,1945,1024,4096,8192,334,4096,8192,8192,20,128,65536,262144,24682,1048576,1048576,1048576,41,524288,524288,524288,41,524288,524288,524288,41,1024,1024,2048,41,64,1024,16384,41,128,512,1024,2938,128,512,1024,2938,128,512,1024,149769,128,512,1024,17631,64,256,512,2990,128,512,1024,4149,256,1024,1024,1270,256,512,512,1315,128,512,512,22941,64,512,512,2817,64,512,512,483,64,512,1024,252,128,512,1024,261,128,512,1024,180,0,0,0,0,0,0,0,0,0,0,0,0,64,128,128,21,64,128,128,21,16.72,12.51,4.21,0,29,32,0,68,2481,0,10,39317,24180,54661,0,41,21,0
17258274093400,2425,2048,8192,16384,16392,512,4096,4096,2488,4096,8192,16384,1988,4096,16384,16384,509,8192,8192,16384,26,512,4096,8192,500,512,4096,8192,1972,1024,4096,4096,330,4096,4096,8192,21,128,65536,262144,24443,1048576,1048576,1048576,40,524288,524288,524288,40,524288,524288,524288,40,512,1024,1024,40,64,128,2048,40,128,512,1024,3365,64,512,1024,4040,128,512,1024,147528,128,512,1024,17892,64,256,512,2694,128,512,1024,3888,256,1024,1024,1263,256,512,1024,1281,64,512,512,21501,64,512,512,2853,64,256,512,468,64,512,512,225,128,512,1024,234,128,512,512,189,0,0,0,0,0,0,0,0,0,0,0,0,64,128,128,20,128,128,128,20,14.80,11.10,3.70,0,26,37,0,56,2497,75,694,39411,24010,52873,0,40,20,0
17259294949100,2425,2048,8192,16384,16374,512,1024,8192,2426,4096,8192,16384,1946,4096,16384,16384,481,8192,8192,8192,26,512,1024,8192,487,512,4096,8192,1936,1024,4096,8192,336,4096,4096,4096,15,128,65536,131072,24232,1048576,1048576,1048576,41,524288,524288,524288,41,524288,524288,524288,41,512,1024,1024,41,64,128,16384,41,128,512,1024,2877,128,512,1024,2877,128,512,1024,147366,128,512,1024,17514,64,512,512,2289,128,512,1024,3492,256,1024,2048,1254,256,512,1024,1290,128,512,1024,21339,64,512,512,2610,64,256,512,558,128,512,512,243,128,512,2048,234,128,512,1024,135,0,0,0,0,0,0,0,0,0,0,0,0,64,128,128,20,128,128,128,20,13.53,9.57,3.96,0,26,33,0,53,2427,0,77,38664,23727,56628,0,41,20,0
17260315427100,2435,2048,8192,16384,16032,512,1024,4096,2368,4096,8192,16384,1900,4096,8192,16384,498,8192,8192,16384,22,512,4096,8192,508,512,4096,8192,1909,1024,4096,8192,274,2048,4096,8192,21,256,65536,262144,23712,1048576,1048576,1048576,41,524288,524288,524288,41,524288,524288,524288,41,512,1024,1024,41,64,1024,8192,41,64,512,1024,3374,128,512,1024,3284,128,512,1024,144288,128,512,1024,17100,64,256,512,2781,128,512,1024,3717,256,1024,1024,1257,256,512,1024,1248,64,512,1024,21708,64,512,512,2664,64,256,512,354,128,512,512,207,128,512,2048,198,128,512,1024,189,1024,2048,2048,11,1024,1024,1024,10,64,64,64,21,64,64,128,21,64,16384,32768,21,14.92,10.58,4.34,10,22,27,0,62,2398,0,2,38884,23267,54885,0,41,21,0
17261336448600,2459,2048,8192,16384,16386,512,4096,4096,2444,4096,8192,16384,1896,4096,16384,16384,520,8192,8192,8192,40,512,4096,4096,488,512,4096,4096,1966,1024,4096,8192,342,4096,4096,4096,15,256,65536,262144,24320,1048576,1048576,1048576,41,524288,524288,524288,41,524288,524288,524288,41,1024,2048,2048,41,64,8192,16384,41,64,512,1024,3327,128,512,1024,3111,128,512,1024,147474,128,512,1024,17064,64,256,512,2671,128,512,1024,3933,256,1024,1024,1292,256,512,512,1436,128,512,512,21114,64,256,512,2754,64,512,4096,417,128,512,512,315,128,512,1024,360,128,512,1024,135,2048,2048,2048,26,1024,1024,1024,25,64,64,256,51,64,128,128,20,16384,32768,32768,20,12.37,10.84,1.53,25,40,28,0,64,2416,0,0,39248,23889,55338,0,41,20,0
17262355740700,2488,2048,8192,16384,16238,512,1024,8192,2469,4096,8192,16384,1978,4096,16384,32768,460,8192,8192,16384,23,512,4096,8192,473,512,4096,8192,1950,1024,4096,8192,355,2048,4096,4096,13,128,65536,524288,24192,1048576,1048576,1048576,41,524288,524288,524288,41,524288,524288,524288,41,512,1024,1024,41,128,32768,65536,41,128,512,1024,3496,128,512,512,3235,128,512,1024,146142,128,512,1024,17802,64,256,512,2474,128,512,1024,3717,256,1024,1024,1305,256,512,512,1287,128,512,512,20727,64,256,512,2430,64,256,512,525,128,256,512,225,256,512,1024,207,128,512,1024,117,1024,2048,2048,29,1024,1024,1024,28,64,64,64,57,64,128,128,21,16384,32768,32768,21,13.54,10.35,3.19,28,23,17,0,46,2438,0,0,38945,23758,53988,0,41,21,0
17263375742300,2500,2048,8192,16384,16936,512,1024,8192,2492,4096,8192,16384,1970,4096,8192,16384,510,8192,8192,8192,19,512,4096,4096,502,512,4096,8192,1999,1024,4096,8192,326,4096,4096,4096,14,128,65536,262144,24977,1048576,1048576,1048576,40,524288,524288,524288,40,524288,524288,524288,40,1024,2048,2048,40,64,4096,16384,40,128,512,512,3168,128,512,512,3060,128,512,1024,152424,128,512,1024,17730,64,256,512,2722,128,512,1024,3888,256,1024,1024,1450,256,512,512,1288,128,512,512,21024,64,256,512,2493,64,256,512,345,128,512,512,207,128,512,1024,171,128,512,512,126,2048,2048,2048,9,1024,1024,1024,12,64,64,128,21,64,128,128,20,128,32768,32768,20,14.04,9.70,4.34,12,19,25,0,57,2480,0,53,38849,24453,54709,0,40,20,0
17264395995800,2500,2048,8192,16384,16470,512,1024,4096,2445,4096,8192,16384,2010,4096,8192,16384,498,8192,8192,8192,18,512,4096,8192,535,512,4096,8192,1995,1024,4096,8192,354,4096,4096,4096,14,256,65536,262144,24565,1048576,1048576,1048576,41,524288,524288,524288,41,524288,524288,524288,41,512,1024,1024,41,64,128,32768,41,128,512,1024,3131,128,512,1024,3131,128,512,1024,148230,128,512,1024,18090,64,512,512,2614,128,512,1024,3987,256,1024,1024,1479,256,512,512,1344,128,512,512,21915,64,256,512,2772,64,512,512,465,64,256,512,144,128,512,512,162,128,512,512,126,0,0,0,0,0,0,0,0,0,0,0,0,64,128,128,20,64,128,128,20,13.16,10.86,2.30,0,18,17,0,49,2508,0,48,38116,24008,54162,0,41,20,0
17265416528000,2500,2048,8192,16384,16960,512,1024,8192,2506,4096,8192,16384,2056,4096,8192,16384,494,8192,8192,8192,21,512,1024,8192,536,512,4096,8192,2056,1024,2048,4096,362,2048,4096,4096,12,64,65536,262144,25236,1048576,1048576,1048576,41,524288,524288,524288,41,524288,524288,524288,41,1024,1024,1024,41,64,128,8192,41,128,512,1024,3081,128,512,512,3081,128,512,1024,152640,128,512,1024,18504,64,512,512,2311,128,512,1024,4050,256,1024,1024,1401,256,512,512,1401,64,512,512,22113,64,256,512,2736,64,256,512,513,128,256,512,171,128,512,512,189,128,512,512,108,0,0,0,0,0,0,0,0,0,0,0,0,64,128,128,21,64,128,128,21,15.17,11.35,3.83,0,21,28,0,42,2550,0,0,38723,24686,54675,0,41,21,0
17266436223500,2500,2048,8192,16384,16627,512,1024,4096,2434,4096,8192,16384,1922,4096,16384,32768,497,8192,8192,8192,23,512,4096,4096,462,512,4096,8192,1929,1024,4096,8192,316,2048,4096,4096,14,128,65536,262144,24418,1048576,1048576,1048576,41,524288,524288,524288,41,524288,524288,524288,41,512,1024,1024,41,64,8192,32768,41,128,512,1024,3392,128,512,1024,3392,128,512,1024,149643,128,512,1024,17298,64,256,512,2691,128,512,1024,3861,256,1024,1024,1296,256,512,1024,1341,64,512,512,22374,64,256,512,2592,64,256,1024,414,64,512,1024,189,128,512,512,207,128,512,512,126,0,0,0,0,0,0,0,0,0,0,0,0,64,128,128,20,64,128,128,20,13.92,10.86,3.07,0,23,23,0,54,2419,0,0,39004,23950,54289,0,41,20,0
17267456706400,2500,2048,8192,16384,16908,512,4096,8192,2517,4096,8192,16384,1987,4096,8192,16384,502,8192,8192,8192,22,512,1024,4096,529,512,4096,8192,2008,1024,2048,8192,344,4096,4096,4096,6,128,65536,262144,25037,1048576,1048576,1048576,41,524288,524288,524288,41,524288,524288,524288,41,512,1024,1024,41,64,2048,16384,41,128,512,1024,3228,128,512,1024,3228,128,512,1024,152181,128,512,1024,17883,64,512,512,2533,128,512,1024,3915,256,1024,1024,1439,256,512,1024,1322,64,512,512,22635,64,512,512,2547,64,512,512,372,64,512,512,216,128,512,512,198,128,512,512,54,0,0,0,0,0,0,0,0,0,0,0,0,64,128,128,21,64,128,128,21,16.07,11.35,4.72,0,22,14,0,67,2489,0,15,38397,24554,54126,0,41,21,0
17268478249200,2426,2048,8192,16384,16870,512,4096,4096,2480,4096,8192,16384,1988,4096,16384,16384,527,8192,8192,8192,27,512,4096,8192,468,512,4096,4096,1987,1024,4096,8192,319,2048,4096,4096,14,128,65536,262144,24893,1048576,1048576,1048576,41,524288,524288,524288,41,524288,524288,524288,41,1024,2048,2048,41,64,16384,32768,41,128,512,1024,3157,64,512,512,3823,128,512,1024,151821,128,512,1024,17892,64,256,512,2691,128,512,1024,3807,256,1024,4096,1305,256,512,1024,1386,64,512,512,21780,64,256,512,2961,64,512,512,402,64,256,512,243,128,512,1024,243,64,512,512,126,0,0,0,0,0,0,0,0,0,0,0,0,64,128,128,20,64,128,128,20,13.13,9.18,3.95,0,27,17,0,57,2515,74,373,38797,24405,54278,160,41,20,0
17269496756300,2426,2048,8192,16384,16170,512,4096,4096,2404,4096,8192,16384,1910,4096,8192,16384,492,8192,8192,8192,15,512,4096,8192,527,512,4096,4096,1918,1024,4096,8192,337,4096,8192,8192,17,64,65536,262144,23991,1048576,1048576,1048576,40,524288,524288,524288,40,524288,524288,524288,40,512,1024,1024,40,64,128,16384,40,128,512,1024,3020,128,512,1024,3020,128,512,1024,145530,128,512,1024,17190,64,256,512,2358,128,512,1024,3906,256,1024,1024,1251,256,512,1024,1242,64,256,512,20223,64,256,512,2583,64,256,512,570,128,512,512,117,256,512,512,135,128,512,1024,153,0,0,0,0,0,0,0,0,0,0,0,0,64,128,128,20,64,128,128,20,14.45,11.25,3.20,0,15,14,0,71,2402,0,8,38652,23522,55445,2,40,20,0
17270517083600,2438,2048,8192,16384,16314,512,4096,4096,2409,4096,8192,16384,1941,4096,16384,16384,498,8192,8192,8192,17,512,4096,8192,481,512,4096,4096,1931,1024,4096,8192,314,4096,8192,8192,14,256,65536,131072,24133,1048576,1048576,1048576,41,524288,524288,524288,41,524288,524288,524288,41,512,1024,1024,41,128,32768,65536,41,128,512,1024,3018,128,512,1024,2910,128,512,1024,146826,128,512,1024,17469,64,256,512,2690,128,512,1024,3735,256,1024,1024,1362,256,512,512,1254,64,512,512,21339,64,256,512,2583,64,512,4096,471,64,256,512,153,128,512,512,153,128,512,1024,126,1024,2048,2048,14,1024,1024,1024,12,64,64,64,26,64,128,128,21,128,32768,32768,21,15.32,11.10,4.21,12,17,19,0,78,2439,0,0,38645,23700,54516,1,41,21,0
17271537949900,2466,2048,8192,16384,16092,512,1024,4096,2454,4096,8192,16384,1937,4096,8192,16384,487,8192,8192,8192,22,512,4096,8192,509,512,4096,8192,1958,1024,4096,8192,334,2048,8192,8192,15,256,65536,262144,24013,1048576,1048576,1048576,41,524288,524288,524288,41,524288,524288,524288,41,512,1024,1024,41,64,2048,32768,41,128,512,1024,3306,128,512,1024,3054,128,512,1024,144828,128,512,1024,17433,64,256,512,2566,128,512,1024,3816,256,1024,1024,1347,256,512,512,1284,64,512,1024,22518,64,256,512,2646,64,256,512,522,64,256,512,225,128,512,512,198,128,512,4096,135,1024,2048,2048,30,1024,1024,1024,29,64,64,128,59,64,128,128,20,16384,65536,65536,20,16.70,11.73,4.97,29,22,21,0,61,2424,0,1,38618,23504,54569,0,41,20,0
17272557710400,2492,2048,8192,16384,16629,512,1024,4096,2447,4096,8192,16384,1975,4096,16384,16384,503,8192,8192,8192,27,512,4096,8192,457,512,4096,8192,1977,1024,4096,8192,373,4096,4096,4096,12,128,65536,262144,24635,1048576,1048576,1048576,41,524288,524288,524288,41,524288,524288,524288,41,1024,2048,2048,41,64,4096,16384,41,128,512,1024,3295,128,512,1024,3061,128,512,1024,149661,128,512,1024,17775,64,256,512,2726,128,512,1024,3852,256,1024,2048,1248,256,512,512,1401,64,512,512,22563,64,512,512,2709,64,256,512,519,64,512,1024,252,128,512,1024,243,256,512,512,108,1024,2048,2048,23,1024,1024,2048,25,64,64,128,48,64,128,128,21,16384,32768,32768,21,13.67,9.84,3.83,25,27,10,0,68,2478,0,12,38877,24199,54796,0,41,21,0
17273577565700,2501,2048,8192,16384,16398,512,4096,4096,2484,4096,8192,16384,2002,4096,16384,16384,520,8192,8192,8192,28,512,1024,4096,507,512,4096,4096,1995,1024,4096,8192,324,4096,8192,8192,19,128,65536,262144,24512,1048576,1048576,1048576,40,524288,524288,524288,40,524288,524288,524288,40,512,2048,2048,40,64,8192,65536,41,128,512,1024,3430,128,512,1024,3349,128,512,1024,147582,128,512,1024,18018,64,512,512,2720,128,512,1024,4041,256,1024,2048,1281,256,512,1024,1335,128,512,1024,22122,64,512,512,2700,128,512,4096,426,128,512,512,234,128,512,1024,252,128,512,1024,171,2048,2048,2048,8,1024,1024,1024,9,64,64,64,17,64,128,128,20,64,32768,32768,20,16.08,12.00,4.08,9,28,14,0,63,2522,0,15,39298,24022,55033,1,40,20,0
17274598316400,2501,2048,8192,16384,16299,512,1024,4096,2489,4096,8192,16384,2001,4096,16384,16384,534,8192,8192,8192,28,512,4096,8192,553,512,1024,4096,2011,1024,4096,8192,334,2048,8192,8192,14,128,65536,262144,24470,1048576,1048576,1048576,41,524288,524288,524288,41,524288,524288,524288,41,1024,1024,1024,41,64,2048,2048,40,128,512,1024,3117,128,512,1024,3117,128,512,4096,146691,128,512,1024,18009,64,256,512,2829,128,512,1024,3960,256,1024,1024,1263,256,512,1024,1353,128,512,512,21780,64,256,512,2736,64,256,512,405,128,512,512,234,128,512,512,252,128,512,512,126,0,0,0,0,0,0,0,0,0,0,0,0,64,128,128,20,128,128,128,20,13.66,10.47,3.19,0,28,16,0,70,2535,0,0,39799,23885,54552,0,41,20,0
17275619460100,2501,2048,8192,16384,16172,512,1024,4096,2473,4096,8192,16384,1936,4096,16384,16384,491,8192,8192,8192,24,512,1024,4096,538,512,4096,8192,1947,1024,2048,8192,341,2048,4096,8192,21,128,65536,262144,24141,1048576,1048576,1048576,41,524288,524288,524288,41,524288,524288,524288,41,512,1024,1024,41,64,128,16384,41,128,512,1024,3331,128,512,1024,3331,128,512,1024,145548,128,512,1024,17424,64,256,512,2657,128,512,1024,3591,256,1024,1024,1443,256,512,512,1398,128,512,1024,21600,64,512,512,2781,64,512,512,441,128,512,1024,261,128,512,512,216,128,512,1024,189,0,0,0,0,0,0,0,0,0,0,0,0,64,128,128,21,64,128,128,21,12.61,10.19,2.42,0,24,17,0,56,2427,0,3,38346,23568,53999,0,41,21,0
17276638625100,2501,2048,8192,16384,16713,512,2048,8192,2648,4096,8192,16384,2003,4096,8192,16384,493,8192,8192,8192,29,512,1024,8192,474,512,4096,8192,1989,1024,4096,8192,335,2048,8192,8192,13,128,65536,262144,24951,1048576,1048576,1048576,41,524288,524288,524288,41,524288,524288,524288,41,512,1024,1024,41,64,1024,8192,41,128,512,512,3147,128,512,1024,3147,128,512,1024,150417,128,512,1024,18027,64,256,512,2653,128,512,1024,4131,256,1024,2048,1329,256,512,1024,1392,64,512,1024,21771,64,512,512,2547,64,512,512,546,128,512,512,234,128,512,1024,261,128,512,1024,117,0,0,0,0,0,0,0,0,0,0,0,0,64,128,128,20,64,128,128,20,15.22,11.51,3.71,0,29,11,0,64,2496,0,0,38335,24419,54417,0,41,20,0
17277658664900,2501,2048,8192,16384,16691,512,1024,4096,2586,4096,8192,16384,1943,4096,8192,16384,508,8192,8192,8192,20,512,2048,4096,463,512,4096,4096,1977,1024,4096,8192,331,2048,4096,4096,19,64,65536,262144,24787,1048576,1048576,1048576,41,524288,524288,524288,41,524288,524288,524288,41,512,1024,1024,41,64,128,65536,41,128,512,1024,3043,128,512,512,3043,128,512,1024,150219,128,512,1024,17487,64,256,512,2572,128,512,512,4059,256,1024,1024,1200,256,512,1024,1200,64,512,512,22068,64,256,512,2727,64,256,512,342,128,256,512,171,128,512,512,180,128,512,512,171,0,0,0,0,0,0,0,0,0,0,0,0,64,128,128,21,64,128,128,21,14.93,11.10,3.83,0,20,9,0,65,2451,0,0,38823,24249,54004,1,41,21,0
17278679453900,2426,2048,8192,16384,16455,512,4096,4096,2450,4096,8192,8192,2024,4096,16384,16384,487,8192,8192,8192,19,512,1024,4096,533,512,4096,8192,2016,1024,4096,8192,348,4096,4096,4096,16,64,65536,262144,24582,1048576,1048576,1048576,41,524288,524288,524288,41,524288,524288,524288,41,512,1024,1024,41,64,8192,16384,41,128,512,1024,2972,128,512,1024,3647,128,512,1024,148095,128,512,1024,18216,64,512,512,2727,128,512,1024,3771,256,1024,1024,1422,256,512,1024,1449,64,512,512,22446,64,256,512,2835,64,256,512,375,128,512,512,207,128,512,1024,171,128,512,1024,144,0,0,0,0,0,0,0,0,0,0,0,0,64,128,128,20,64,128,128,20,14.03,10.97,3.06,0,19,1,0,73,2511,75,376,39220,24168,54000,0,41,20,0
17279698889200,2426,2048,8192,16384,16159,512,4096,4096,2294,4096,8192,16384,1923,4096,16384,16384,476,8192,16384,16384,24,512,4096,4096,500,512,4096,4096,1908,1024,4096,4096,353,4096,4096,4096,22,64,65536,262144,23852,1048576,1048576,1048576,40,524288,524288,524288,40,524288,524288,524288,40,512,1024,1024,40,64,16384,16384,40,64,512,1024,3334,128,512,1024,3334,128,512,1024,145439,128,512,1024,17307,64,256,512,2332,128,512,1024,3735,256,1024,1024,1281,256,512,512,1299,64,512,512,22950,64,256,512,2826,64,256,512,501,64,256,512,243,128,512,512,216,128,512,512,198,0,0,0,0,0,0,0,0,0,0,0,0,64,64,64,20,64,128,128,20,13.30,10.49,2.81,0,24,5,0,61,2399,0,0,39741,23351,56215,0,40,20,0
17280718769800,2442,2048,8192,16384,16070,512,1024,4096,2359,4096,8192,16384,1906,4096,16384,16384,496,8192,8192,16384,27,512,4096,4096,497,512,4096,8192,1922,1024,2048,4096,304,2048,4096,4096,10,256,65536,262144,23800,1048576,1048576,1048576,41,524288,524288,524288,41,524288,524288,524288,41,512,1024,1024,41,64,128,128,41,64,512,1024,3256,128,512,1024,3112,128,512,1024,144622,128,512,1024,17154,64,256,512,2479,128,512,1024,4041,256,1024,2048,1377,256,512,512,1395,64,512,512,21924,64,512,512,2718,64,512,512,384,64,256,512,189,128,512,1024,243,128,512,512,90,1024,2048,2048,18,1024,1024,1024,16,64,64,64,34,64,64,64,21,128,32768,32768,21,13.01,10.97,2.04,16,27,8,0,61,2402,0,0,38936,23362,54028,0,41,21,0
17281738601000,2468,2048,8192,16384,16306,512,4096,4096,2420,4096,8192,16384,1956,4096,16384,16384,490,8192,8192,8192,23,512,4096,8192,491,512,4096,8192,1956,1024,4096,8192,333,2048,8192,8192,18,128,65536,131072,24197,1048576,1048576,1048576,41,524288,524288,524288,41,524288,524288,524288,41,1024,1024,1024,41,64,16384,16384,41,128,512,1024,3321,128,512,1024,3087,128,512,1024,146754,128,512,1024,17604,64,256,512,2701,128,512,1024,3807,256,1024,1024,1280,256,512,512,1298,128,512,512,21717,64,256,512,2556,64,512,512,456,128,512,512,243,128,512,512,207,128,512,1024,162,2048,2048,2048,26,1024,1024,1024,28,64,64,256,54,64,128,128,20,16384,32768,32768,20,14.69,10.48,4.22,28,23,7,0,58,2446,0,31,38826,23756,54679,0,41,20,0
17282761111800,2492,2048,8192,16384,16399,512,1024,4096,2377,4096,8192,16384,1932,4096,16384,32768,515,8192,8192,8192,29,512,4096,8192,483,512,4096,8192,1970,1024,4096,8192,306,2048,8192,8192,20,512,65536,262144,24261,1048576,1048576,1048576,41,524288,524288,524288,41,524288,524288,524288,41,512,1024,1024,41,64,4096,16384,41,64,512,1024,3600,128,512,1024,3384,128,512,1024,147591,128,512,1024,17388,64,256,512,2697,128,512,1024,4212,256,1024,1024,1203,256,512,1024,1203,64,512,512,20754,64,256,512,2817,64,256,512,480,128,512,512,261,256,512,1024,261,128,512,4096,180,1024,2048,2048,24,1024,1024,1024,22,64,64,64,46,64,128,128,21,16384,32768,32768,21,15.29,11.72,3.57,22,29,14,0,53,2447,0,0,38290,23770,54401,0,41,21,0
17283779802600,2501,2048,8192,16384,16654,512,1024,4096,2462,4096,8192,16384,1998,4096,16384,16384,496,8192,8192,8192,23,512,4096,8192,535,512,4096,8192,2004,1024,4096,8192,344,2048,4096,4096,15,128,65536,262144,24729,1048576,1048576,1048576,41,524288,524288,524288,41,524288,524288,524288,41,512,1024,1024,41,64,128,32768,41,128,512,512,3133,128,512,1024,3052,128,512,1024,149886,128,512,1024,17982,64,256,512,2506,128,512,1024,3933,256,1024,1024,1506,256,512,1024,1380,64,512,512,22752,64,256,512,2673,64,256,512,438,128,256,512,162,128,512,1024,207,128,512,1024,135,1024,2048,2048,7,1024,1024,1024,9,64,64,64,16,64,128,128,20,64,16384,16384,20,14.05,11.24,2.81,9,23,14,0,56,2494,0,9,38424,24215,54216,0,41,20,0
17284800346000,2501,2048,8192,16384,16618,512,1024,8192,2482,4096,8192,16384,2013,4096,8192,16384,546,8192,8192,8192,21,512,2048,8192,503,512,4096,8192,1991,1024,2048,8192,366,4096,8192,8192,20,64,65536,262144,24772,1048576,1048576,1048576,40,524288,524288,524288,40,524288,524288,524288,40,512,1024,1024,40,64,32768,65536,40,128,512,1024,3225,128,512,1024,3225,128,512,1024,149562,128,512,1024,18117,64,256,512,2784,128,512,1024,4122,256,1024,1024,1362,256,512,512,1335,64,512,512,21447,64,256,512,2979,64,512,512,447,64,256,512,198,128,512,1024,189,128,512,1024,180,0,0,0,0,0,0,0,0,0,0,0,0,64,128,128,20,64,128,128,20,14.80,10.85,3.96,0,21,22,0,56,2559,0,33,39254,24203,54496,0,40,20,0
17285819559300,2501,2048,8192,16384,16297,512,4096,4096,2592,4096,8192,16384,1995,4096,16384,16384,513,8192,8192,8192,25,512,4096,8192,516,512,4096,8192,1967,1024,4096,8192,340,2048,8192,8192,17,64,65536,131072,24483,1048576,1048576,1048576,41,524288,524288,524288,41,524288,524288,524288,41,512,1024,1024,41,64,128,8192,41,128,512,1024,3341,128,512,1024,3341,128,512,4096,146673,128,512,1024,17955,64,256,512,2567,128,512,1024,4041,256,1024,2048,1329,256,512,1024,1320,128,512,512,22608,64,256,512,2637,64,512,512,582,64,512,512,261,128,512,1024,225,128,512,1024,153,0,0,0,0,0,0,0,0,0,0,0,0,64,64,128,21,64,128,128,21,15.97,10.99,4.98,0,25,17,0,47,2508,0,14,40765,24031,54635,0,41,21,0
17286841061300,2501,2048,8192,16384,16579,512,1024,4096,2539,4096,8192,16384,1920,4096,16384,16384,493,8192,8192,8192,22,512,1024,8192,480,512,2048,4096,1948,1024,2048,8192,354,4096,8192,8192,20,64,65536,524288,24574,1048576,1048576,1048576,41,524288,524288,524288,41,524288,524288,524288,41,512,1024,1024,41,64,16384,32768,41,128,512,1024,3389,128,512,512,3389,128,512,1024,149211,128,512,1024,17280,64,256,512,2457,128,512,1024,3996,256,1024,1024,1286,256,512,512,1232,64,512,512,23427,64,256,512,2943,64,512,512,411,64,512,512,225,128,512,512,198,128,512,2048,180,0,0,0,0,0,0,0,0,0,0,0,0,64,128,128,20,64,128,128,20,15.05,11.60,3.44,0,22,15,0,45,2413,0,0,38547,24035,53853,0,41,20,0
17287860132600,2500,2048,8192,16384,16566,512,1024,4096,2554,4096,8192,16384,1994,4096,16384,16384,494,8192,8192,8192,35,512,4096,8192,511,512,4096,4096,2003,1024,4096,8192,339,2048,8192,8192,18,256,65536,262144,24742,1048576,1048576,1048576,41,524288,524288,524288,41,524288,524288,524288,41,512,1024,1024,41,64,2048,32768,41,128,512,1024,3067,128,512,1024,3076,128,512,1024,149094,128,512,1024,17946,64,256,512,2645,128,512,1024,3834,256,1024,1024,1374,256,512,512,1383,64,512,512,22383,64,256,512,2979,64,256,512,486,128,256,512,252,128,512,1024,315,128,512,1024,162,0,0,0,0,0,0,0,0,0,0,0,0,64,128,128,21,64,128,128,21,14.95,11.63,3.32,0,35,27,0,58,2488,1,0,39022,24130,54139,0,41,21,0
17288881564900,2425,2048,8192,16384,16184,512,4096,4096,2399,4096,8192,16384,1963,4096,8192,16384,505,8192,8192,16384,24,512,4096,4096,495,512,4096,8192,1972,1024,4096,8192,317,4096,4096,4096,20,64,65536,131072,24094,1048576,1048576,1048576,41,524288,524288,524288,41,524288,524288,524288,41,512,1024,1024,41,64,16384,16384,41,128,512,1024,3215,64,512,1024,3890,128,512,1024,145656,128,512,1024,17667,64,256,512,2550,128,512,512,3735,256,1024,1024,1365,256,512,512,1347,64,512,512,21843,64,256,512,2718,64,256,512,528,128,512,512,216,128,512,1024,216,128,512,512,180,0,0,0,0,0,0,0,0,0,0,0,0,64,128,128,20,64,128,128,20,14.54,11.60,2.93,0,24,34,0,56,2468,75,493,38882,23700,52925,0,41,20,0
17289903279600,2425,2048,8192,16384,16333,512,4096,4096,2241,4096,8192,16384,1904,4096,8192,16384,528,8192,16384,16384,18,512,1024,8192,511,512,4096,4096,1918,1024,4096,8192,326,2048,4096,4096,22,64,65536,262144,23989,1048576,1048576,1048576,40,524288,524288,524288,40,524288,524288,524288,40,512,1024,1024,40,128,2048,32768,41,128,512,512,2773,128,512,1024,2773,128,512,1024,146997,128,512,1024,17136,64,256,512,2790,128,512,1024,3906,256,1024,1024,1329,256,512,512,1365,64,512,512,21222,64,256,512,2664,64,256,4096,677,64,256,512,171,128,512,4096,162,128,512,512,198,0,0,0,0,0,0,0,0,0,0,0,0,64,128,128,21,64,128,128,21,14.39,11.34,3.06,0,18,37,0,47,2432,0,47,38866,23528,55663,0,40,21,0
17290921943100,2447,2048,8192,16384,16123,512,4096,4096,2354,4096,8192,16384,2002,4096,8192,16384,495,8192,8192,8192,23,512,4096,4096,486,512,4096,8192,1952,1024,4096,8192,325,4096,8192,8192,20,256,65536,262144,24001,1048576,1048576,1048576,41,524288,524288,524288,41,524288,524288,524288,41,512,1024,1024,41,64,8192,8192,40,128,512,1024,3239,128,512,512,3041,128,512,1024,145107,128,512,1024,18018,64,256,512,2594,128,512,1024,3798,256,1024,1024,1284,256,512,1024,1275,64,512,512,21051,64,256,512,2601,64,512,512,581,64,256,512,207,128,512,1024,207,128,512,4096,180,1024,2048,2048,22,1024,1024,1024,22,64,64,128,44,64,128,128,20,16384,32768,32768,20,15.35,11.76,3.58,22,23,38,0,57,2497,0,36,39525,23561,55238,0,41,20,0
17291940998800,2469,2048,8192,16384,16407,512,4096,8192,2435,4096,8192,16384,1933,4096,16384,16384,466,8192,8192,8192,20,512,1024,4096,492,512,4096,4096,1921,1024,4096,8192,321,2048,4096,4096,12,256,65536,262144,24238,1048576,1048576,1048576,41,524288,524288,524288,41,524288,524288,524288,41,512,1024,1024,41,64,32768,65536,41,64,512,1024,3161,128,512,1024,2963,128,512,1024,147663,128,512,512,17397,64,256,512,2487,128,512,1024,3708,256,1024,1024,1377,256,512,1024,1341,64,512,512,22149,64,256,512,2745,64,256,512,522,128,512,1024,198,128,512,512,180,128,256,512,108,1024,2048,2048,25,1024,1024,1024,23,64,64,64,48,64,128,128,20,16384,32768,32768,20,13.67,11.37,2.30,23,20,44,0,45,2399,0,38,38368,23786,54348,0,41,20,0
17292962547100,2497,2048,8192,16384,16600,512,4096,8192,2467,4096,8192,16384,1981,4096,16384,16384,488,8192,8192,8192,24,512,1024,8192,502,512,4096,4096,2027,1024,4096,8192,366,2048,4096,4096,20,128,65536,262144,24715,1048576,1048576,1048576,41,524288,524288,524288,41,524288,524288,524288,41,512,1024,1024,41,64,1024,32768,41,128,512,1024,3440,128,512,1024,3188,128,512,1024,149400,128,512,1024,17829,64,512,512,2656,128,512,1024,4005,256,1024,1024,1334,256,512,512,1334,128,512,512,22644,64,256,512,2862,64,512,512,560,128,512,512,243,128,512,1024,216,128,512,512,180,2048,2048,2048,28,1024,1024,1024,28,64,64,128,56,64,128,128,21,16384,32768,32768,21,13.37,11.08,2.29,28,24,47,0,65,2469,0,2,39130,24195,55414,0,41,21,0
17293981477800,2500,2048,8192,16384,16054,512,4096,8192,2478,4096,8192,16384,1928,4096,16384,16384,511,8192,8192,16384,43,512,1024,4096,491,512,4096,8192,1969,1024,2048,8192,325,2048,4096,4096,11,64,65536,262144,24050,1048576,1048576,1048576,41,524288,524288,524288,41,524288,524288,524288,41,1024,2048,2048,41,64,128,8192,41,128,512,1024,3086,128,512,1024,3059,128,512,1024,144486,128,512,1024,17352,64,256,512,2660,128,512,512,3897,256,1024,1024,1173,256,512,1024,1407,128,512,512,22734,64,512,512,2943,128,512,1024,482,64,512,512,351,128,512,1024,387,128,512,1024,99,0,0,0,0,1024,1024,1024,2,64,64,64,2,64,128,128,20,128,16384,16384,20,15.35,11.25,4.09,2,43,30,0,42,2439,0,0,38507,23498,54273,0,41,20,0
17295002680800,2500,2048,8192,16384,16841,512,1024,4096,2481,4096,8192,16384,1980,4096,16384,16384,493,8192,8192,8192,20,512,4096,8192,517,512,4096,4096,1999,1024,2048,8192,386,4096,8192,8192,20,128,65536,524288,24946,1048576,1048576,1048576,41,524288,524288,524288,41,524288,524288,524288,41,512,1024,1024,41,64,256,8192,41,128,512,1024,3406,128,512,1024,3406,128,512,1024,151569,128,512,1024,17820,64,256,512,2460,128,512,1024,3780,256,1024,1024,1272,256,512,1024,1155,128,512,512,22536,64,256,512,2952,64,512,512,570,128,512,512,207,256,512,1024,180,128,512,1024,180,0,0,0,0,0,0,0,0,0,0,0,0,64,128,128,21,64,128,128,21,14.66,11.86,2.81,0,20,44,0,60,2473,0,19,39385,24433,54376,0,41,21,0
17296024077400,2500,2048,8192,16384,16169,512,4096,4096,2490,4096,8192,16384,1992,4096,8192,16384,482,8192,8192,8192,24,512,4096,8192,503,512,4096,8192,1888,1024,4096,8192,329,4096,4096,4096,14,256,65536,262144,24092,1048576,1048576,1048576,40,524288,524288,524288,40,524288,524288,524288,40,512,1024,1024,40,64,16384,32768,40,128,512,1024,3321,128,512,1024,3321,128,512,4096,145521,128,512,1024,17928,64,256,512,2410,128,512,1024,3924,256,1024,2048,1356,256,512,1024,1293,128,512,1024,21627,128,512,512,2763,128,512,512,461,64,512,512,171,128,512,512,216,128,512,512,126,0,0,0,0,0,0,0,0,0,0,0,0,64,128,128,20,64,128,128,20,14.80,11.87,2.94,0,24,37,0,44,2474,0,10,39847,23596,54193,0,40,20,0
17297044461000,2500,2048,8192,16384,16817,512,1024,4096,2492,4096,8192,16384,1992,4096,8192,16384,529,8192,8192,8192,28,512,1024,4096,543,512,4096,8192,2038,1024,2048,4096,333,2048,4096,4096,12,64,65536,262144,25021,1048576,1048576,1048576,41,524288,524288,524288,41,524288,524288,524288,41,512,1024,1024,41,64,2048,65536,41,128,512,512,3211,128,512,1024,3211,128,512,1024,151353,128,512,1024,17928,64,256,512,2955,128,512,1024,4356,256,1024,1024,1176,256,512,512,1302,128,512,512,22266,64,256,512,2871,64,256,512,437,128,512,512,279,128,512,1024,252,128,512,512,108,0,0,0,0,0,0,0,0,0,0,0,0,64,128,128,20,64,128,128,20,13.63,10.70,2.93,0,28,47,0,64,2521,0,16,38175,24469,54284,0,41,20,0
17298062421000,2500,2048,8192,16384,16921,512,1024,4096,2486,4096,8192,16384,2018,4096,16384,16384,515,8192,16384,16384,25,512,4096,8192,485,512,4096,8192,2063,1024,4096,8192,320,2048,4096,4096,9,128,65536,131072,25074,1048576,1048576,1048576,41,524288,524288,524288,41,524288,524288,524288,41,512,1024,1024,41,64,128,2048,41,128,512,1024,3162,128,512,1024,3162,128,512,1024,152289,128,512,1024,18162,64,256,512,2499,128,512,1024,4068,256,1024,2048,1371,256,512,1024,1344,64,512,512,22023,64,256,512,2736,64,512,1024,336,128,512,512,252,128,512,4096,225,128,512,1024,81,0,0,0,0,0,0,0,0,0,0,0,0,64,128,128,21,64,128,128,21,15.49,11.90,3.58,0,25,38,0,66,2533,0,6,38532,24535,54551,0,41,21,0
17299083546400,2425,2048,8192,16384,16168,512,4096,4096,2417,4096,8192,16384,1922,4096,8192,16384,493,8192,8192,8192,31,512,4096,8192,474,512,4096,4096,1913,1024,4096,8192,324,4096,8192,8192,14,128,65536,262144,23975,1048576,1048576,1048576,41,524288,524288,524288,41,524288,524288,524288,41,1024,1024,2048,41,64,128,8192,41,128,512,1024,2788,128,512,1024,3463,128,512,1024,145512,128,512,1024,17298,64,256,512,2435,128,512,1024,3690,256,1024,2048,1323,256,512,1024,1296,64,512,1024,21411,64,256,512,2583,64,512,512,512,64,256,512,243,128,512,1024,279,128,512,1024,126,0,0,0,0,0,0,0,0,0,0,0,0,64,128,128,20,128,128,128,20,14.79,10.58,4.21,0,31,40,0,48,2415,75,363,39411,23560,54332,0,41,20,0
17300103687900,2425,2048,8192,16384,16213,512,4096,4096,2409,4096,8192,16384,1937,4096,16384,16384,520,8192,8192,8192,30,512,1024,4096,532,512,4096,8192,1901,1024,4096,8192,358,2048,4096,4096,10,128,65536,262144,24110,1048576,1048576,1048576,41,524288,524288,524288,41,524288,524288,524288,41,1024,2048,2048,41,64,16384,32768,41,128,512,1024,3419,128,512,512,3419,128,512,1024,145917,128,512,1024,17433,64,256,512,2840,128,512,512,3726,256,1024,1024,1357,256,512,512,1537,64,512,512,21240,64,256,512,2628,64,256,512,479,64,256,512,351,128,512,512,270,128,512,512,90,0,0,0,0,0,0,0,0,0,0,0,0,64,128,128,21,64,128,128,21,14.04,11.10,2.94,0,30,34,0,64,2457,0,35,39473,23644,55786,0,41,21,0
17301123978800,2447,2048,8192,16384,16264,512,4096,4096,2410,4096,8192,16384,1947,4096,16384,16384,487,8192,8192,8192,29,512,4096,8192,498,512,4096,4096,1974,1024,4096,8192,330,4096,4096,4096,14,64,65536,262144,24172,1048576,1048576,1048576,40,524288,524288,524288,40,524288,524288,524288,40,1024,1024,2048,40,64,32768,32768,40,64,512,1024,3378,128,512,1024,3180,128,512,1024,146376,128,512,1024,17523,64,256,512,2678,128,512,1024,3798,256,1024,2048,1296,256,512,1024,1305,64,512,512,20862,64,256,512,2394,64,512,512,465,64,256,512,198,128,512,512,261,128,512,512,126,2048,2048,2048,24,1024,1024,1024,22,64,64,128,46,64,128,128,20,16384,32768,32768,20,18.51,12.89,5.62,22,29,41,0,55,2434,0,6,39580,23741,55125,0,40,20,0
17302143041000,2478,2048,8192,16384,16022,512,4096,8192,2439,4096,8192,16384,1969,4096,8192,16384,502,8192,16384,16384,19,512,4096,8192,495,512,4096,8192,1953,1024,4096,8192,311,2048,4096,4096,17,256,65536,262144,23939,1048576,1048576,1048576,41,524288,524288,524288,41,524288,524288,524288,41,512,1024,1024,41,64,8192,16384,41,128,512,1024,3318,128,512,1024,3039,128,512,4096,144198,128,512,1024,17721,64,256,512,2586,128,512,1024,3951,256,1024,4096,1269,256,512,1024,1359,64,512,1024,21258,64,512,512,2574,64,512,512,452,64,512,512,180,64,512,4096,171,128,512,1024,153,2048,2048,2048,31,1024,1024,1024,33,64,64,64,64,64,128,128,20,16384,32768,32768,20,14.56,11.24,3.32,33,19,28,0,63,2471,0,0,41003,23566,55340,0,41,20,0
17303164596500,2500,2048,8192,16384,15857,512,4096,4096,2468,4096,8192,16384,1899,4096,16384,16384,483,8192,8192,8192,25,512,2048,4096,476,512,4096,8192,1935,1024,2048,4096,330,2048,4096,4096,17,128,65536,262144,23688,1048576,1048576,1048576,41,524288,524288,524288,41,524288,524288,524288,41,1024,1024,1024,41,64,32768,65536,41,64,512,1024,3235,128,512,1024,3037,128,512,4096,142713,128,512,1024,17091,64,256,512,2520,128,512,1024,3645,256,1024,1024,1281,256,512,1024,1155,128,512,1024,20970,64,256,512,2835,64,512,512,422,64,512,512,243,128,512,512,225,128,256,512,153,1024,2048,2048,20,1024,1024,1024,20,64,64,64,40,64,128,128,21,128,32768,32768,21,15.92,10.95,4.97,20,25,37,0,52,2382,0,6,41385,23234,55168,0,41,21,0
17304185921400,2500,2048,8192,16384,16340,512,4096,8192,2479,4096,8192,16384,1935,4096,16384,16384,513,8192,8192,16384,32,512,1024,8192,508,512,4096,4096,1950,1024,4096,8192,347,4096,8192,8192,16,256,65536,524288,24325,1048576,1048576,1048576,41,524288,524288,524288,41,524288,524288,524288,41,1024,1024,1024,41,64,16384,65536,41,128,512,1024,3191,128,512,1024,3191,128,512,1024,147060,128,512,1024,17415,64,256,512,2795,128,512,1024,3816,256,1024,1024,1398,256,512,1024,1272,128,512,512,21384,64,512,512,2538,64,256,512,495,128,512,512,270,128,512,1024,288,128,512,1024,144,0,0,0,0,0,0,0,0,0,0,0,0,64,128,128,20,64,128,128,20,12.51,10.34,2.17,0,32,29,0,61,2448,0,18,38794,23773,54468,0,41,20,0
17305205291700,2500,2048,8192,16384,16412,512,1024,4096,2485,4096,8192,16384,2055,4096,8192,16384,544,8192,8192,8192,22,512,4096,8192,538,512,2048,8192,2050,1024,4096,8192,341,4096,8192,8192,17,64,65536,262144,24687,1048576,1048576,1048576,41,524288,524288,524288,41,524288,524288,524288,41,512,1024,1024,41,64,8192,32768,41,128,512,1024,3494,128,512,1024,3494,128,512,1024,147708,128,512,1024,18495,64,256,512,2878,128,512,1024,4356,256,1024,1024,1248,256,512,512,1302,64,512,512,21978,64,256,512,2637,64,512,512,409,64,512,512,189,128,512,512,198,128,512,1024,153,0,0,0,0,0,0,0,0,0,0,0,0,64,128,128,21,64,128,128,21,15.57,10.72,4.85,0,22,31,0,55,2599,0,0,38408,24034,55152,0,41,21,0
17306224407300,2500,2048,8192,16384,16688,512,1024,4096,2480,4096,8192,16384,2002,4096,16384,16384,523,8192,8192,8192,25,512,4096,8192,494,512,4096,8192,1987,1024,4096,8192,347,4096,4096,4096,20,128,65536,262144,24761,1048576,1048576,1048576,40,524288,524288,524288,40,524288,524288,524288,40,512,1024,1024,40,64,16384,16384,40,128,512,1024,2862,128,512,1024,2862,128,512,1024,150192,128,512,1024,18018,64,256,512,2755,128,512,1024,3888,256,1024,1024,1233,256,512,512,1359,64,512,512,20736,64,256,512,2673,64,512,512,410,128,256,512,207,128,512,512,225,128,512,512,180,0,0,0,0,0,0,0,0,0,0,0,0,64,128,128,20,64,128,128,20,15.35,11.76,3.58,0,25,31,0,62,2525,0,28,38367,24179,54166,0,40,20,0
17307245851900,2500,2048,8192,16384,16584,512,4096,8192,2477,4096,8192,16384,1930,4096,8192,16384,448,8192,8192,8192,25,512,4096,8192,478,512,4096,4096,1933,1024,4096,8192,334,4096,8192,8192,19,256,65536,262144,24450,1048576,1048576,1048576,41,524288,524288,524288,41,524288,524288,524288,41,512,1024,1024,41,64,16384,32768,41,64,512,512,3256,128,512,512,3256,128,512,1024,149256,128,512,1024,17370,64,256,512,2403,128,512,1024,3762,256,1024,1024,1497,256,512,512,1452,64,512,512,21141,64,256,512,2700,64,512,512,420,64,256,512,261,128,512,512,225,128,512,512,171,0,0,0,0,0,0,0,0,0,0,0,0,64,128,128,20,64,128,128,20,15.29,11.21,4.08,0,25,31,0,60,2378,0,0,39339,23987,54817,0,41,20,0
17308264726000,2425,2048,8192,16384,16586,512,1024,4096,2477,4096,8192,16384,1989,4096,8192,16384,512,8192,8192,8192,33,512,1024,4096,521,512,4096,8192,1958,1024,4096,8192,342,2048,4096,4096,16,64,65536,262144,24671,1048576,1048576,1048576,41,524288,524288,524288,41,524288,524288,524288,41,512,1024,1024,41,64,16384,32768,41,128,512,1024,3101,64,512,1024,3776,128,512,1024,149274,128,512,1024,17901,64,512,512,2773,128,512,1024,3978,256,1024,1024,1371,256,512,512,1317,128,512,512,21618,64,512,512,2583,64,512,512,397,64,256,512,261,128,512,512,297,128,512,512,144,0,0,0,0,0,0,0,0,0,0,0,0,64,64,128,21,64,128,128,21,17.77,11.51,6.27,0,33,28,0,49,2501,75,336,38327,24139,53414,0,41,21,0
17309287574000,2425,2048,8192,16384,16228,512,4096,4096,2416,4096,8192,16384,1976,4096,16384,16384,500,8192,16384,16384,24,512,4096,4096,524,512,4096,8192,1999,1024,4096,8192,306,2048,4096,4096,13,128,65536,262144,24181,1048576,1048576,1048576,41,524288,524288,524288,41,524288,524288,524288,41,1024,1024,1024,41,64,16384,32768,41,64,512,1024,3331,128,512,1024,3331,128,512,4096,146052,128,512,1024,17784,64,256,512,2562,128,512,1024,3915,256,1024,1024,1284,256,512,512,1347,64,512,512,21843,64,256,512,2862,64,512,512,401,64,256,512,225,128,512,1024,216,128,512,512,117,0,0,0,0,0,0,0,0,0,0,0,0,64,128,128,20,64,128,128,20,13.88,10.95,2.93,0,24,16,0,62,2476,0,0,40717,23815,56452,0,41,20,0
17310305756700,2425,2048,8192,16384,16155,512,4096,4096,2425,4096,8192,16384,1946,4096,8192,16384,488,8192,8192,16384,24,512,4096,8192,459,512,4096,8192,1960,1024,4096,8192,326,2048,4096,4096,5,64,65536,262144,24008,1048576,1048576,1048576,41,524288,524288,524288,41,524288,524288,524288,41,512,1024,1024,41,64,8192,32768,41,128,512,1024,3226,128,512,1024,3226,128,512,2048,145395,128,512,1024,17514,64,256,512,2463,128,512,1024,3924,256,1024,1024,1557,256,512,1024,1296,64,512,512,22482,64,256,512,2574,64,256,512,425,64,512,512,189,128,512,1024,216,256,512,1024,45,1024,1024,1024,2,0,0,0,0,64,64,64,2,64,128,128,21,128,128,128,21,12.39,10.99,1.41,0,24,25,0,52,2434,0,0,39348,23509,54222,301,41,21,0
17311327550700,2450,2048,8192,16384,16370,512,4096,8192,2424,4096,8192,16384,1916,4096,16384,16384,471,8192,8192,16384,25,512,4096,4096,512,512,4096,8192,1948,1024,4096,8192,354,2048,4096,4096,11,256,65536,262144,24232,1048576,1048576,1048576,40,524288,524288,524288,40,524288,524288,524288,40,512,1024,1024,40,64,2048,8192,41,64,512,1024,3402,128,512,1024,3177,128,512,1024,147330,128,512,1024,17244,64,512,512,2525,128,512,1024,3636,256,1024,1024,1419,256,512,512,1410,128,512,512,20664,64,256,512,2772,64,512,512,612,64,512,512,234,128,512,1024,225,128,512,512,99,2048,2048,2048,26,1024,1024,1024,26,64,64,64,52,64,128,128,20,16384,32768,32768,20,14.79,11.09,3.70,26,25,28,0,62,2387,0,0,38645,23844,54413,0,40,20,0
17312345831000,2476,2048,8192,16384,16379,512,4096,8192,2449,4096,8192,16384,1934,4096,16384,16384,498,8192,16384,16384,27,512,4096,8192,482,512,4096,4096,1904,1024,2048,8192,349,2048,4096,4096,10,128,65536,262144,24250,1048576,1048576,1048576,41,524288,524288,524288,41,524288,524288,524288,41,512,1024,1024,41,64,8192,65536,40,128,512,1024,3221,128,512,1024,2987,128,512,1024,147411,128,512,1024,17406,64,256,512,2566,128,512,1024,4005,256,1024,1024,1263,256,512,512,1281,128,512,512,21681,64,256,512,2484,64,256,512,431,128,512,1024,261,128,512,512,243,64,256,512,90,2048,2048,2048,27,1024,1024,1024,27,64,128,128,54,64,128,128,20,16384,32768,32768,20,15.71,11.63,4.09,27,27,26,0,79,2432,0,1,38345,23766,54687,0,41,20,0
17313367135000,2500,2048,8192,16384,16550,512,1024,8192,2475,4096,8192,16384,1980,4096,16384,16384,519,8192,8192,8192,23,512,4096,8192,517,512,4096,4096,1986,1024,4096,8192,307,2048,4096,4096,16,64,65536,131072,24562,1048576,1048576,1048576,41,524288,524288,524288,41,524288,524288,524288,41,512,1024,1024,41,64,8192,32768,41,128,512,1024,3390,128,512,1024,3174,128,512,1024,148950,128,512,1024,17820,64,256,512,2654,128,512,1024,4095,256,1024,1024,1265,256,512,1024,1319,64,512,512,20907,64,256,512,2745,64,512,512,467,64,512,512,189,128,512,1024,207,128,512,512,144,1024,2048,2048,20,1024,1024,1024,22,64,64,256,42,64,128,128,21,16384,16384,32768,21,11.87,10.85,1.02,22,23,17,0,67,2499,0,3,38305,24030,54563,0,41,21,0
17314387377100,2500,2048,8192,16384,16303,512,4096,8192,2472,4096,8192,16384,1997,4096,16384,16384,489,8192,8192,8192,30,512,4096,8192,526,512,4096,8192,2010,1024,4096,8192,345,2048,4096,4096,8,64,65536,262144,24383,1048576,1048576,1048576,41,524288,524288,524288,41,524288,524288,524288,41,512,1024,1024,41,64,16384,65536,41,128,512,1024,3439,128,512,1024,3439,128,512,4096,146727,128,512,1024,17973,64,256,512,2852,128,512,1024,3870,512,1024,1024,1347,256,512,1024,1410,128,512,1024,21087,64,512,512,2871,64,512,512,525,128,512,512,279,128,512,512,270,128,512,1024,72,0,0,0,0,0,0,0,0,0,0,0,0,64,128,128,20,128,256,256,20,14.54,11.22,3.32,0,30,18,0,58,2486,0,27,40559,23924,54456,0,41,20,0
17315406879500,2500,2048,8192,16384,16137,512,4096,4096,2480,4096,8192,16384,1983,4096,16384,16384,510,8192,8192,8192,25,512,2048,8192,512,512,4096,8192,1994,1024,4096,8192,343,2048,4096,8192,22,256,65536,262144,24215,1048576,1048576,1048576,41,524288,524288,524288,41,524288,524288,524288,41,512,1024,1024,41,64,32768,65536,41,128,512,1024,3148,128,512,1024,3148,128,512,4096,145233,128,512,1024,17847,64,512,512,2553,128,512,1024,4032,256,1024,1024,1266,256,512,1024,1203,128,512,1024,20727,64,256,512,2556,64,256,512,378,128,512,512,207,128,512,1024,225,128,512,4096,198,0,0,0,0,0,0,0,0,0,0,0,0,64,128,128,21,64,128,128,21,16.10,11.37,4.73,0,25,16,0,73,2493,0,0,39769,23710,54620,0,41,21,0
17316426349800,2500,2048,8192,16384,16479,512,4096,8192,2478,4096,8192,16384,1958,4096,16384,16384,539,8192,8192,8192,24,512,4096,8192,486,512,4096,8192,1955,1024,4096,8192,342,4096,4096,4096,14,64,65536,262144,24456,1048576,1048576,1048576,40,524288,524288,524288,40,524288,524288,524288,40,512,1024,1024,40,128,32768,65536,40,64,512,1024,3399,128,512,1024,3399,128,512,1024,148311,128,512,1024,17622,64,256,512,2825,128,512,1024,4059,256,1024,1024,1341,256,512,1024,1350,64,512,512,22149,64,256,512,2835,64,512,512,354,64,512,512,243,128,512,1024,216,128,512,1024,126,0,0,0,0,0,0,0,0,0,0,0,0,64,128,128,20,128,128,128,20,14.56,9.71,4.85,0,24,20,0,60,2497,0,0,39319,23997,54402,0,40,20,0
17317448180100,2500,2048,8192,16384,17016,512,4096,4096,2490,4096,8192,16384,2027,4096,8192,16384,520,8192,8192,8192,27,512,1024,4096,524,512,4096,8192,1991,1024,4096,8192,355,2048,4096,4096,19,64,65536,131072,25200,1048576,1048576,1048576,41,524288,524288,524288,41,524288,524288,524288,41,512,1024,2048,41,64,32768,32768,41,64,512,512,3028,128,512,1024,3028,128,512,1024,153144,128,512,1024,18243,64,256,512,2754,128,512,1024,4185,256,1024,1024,1350,256,512,1024,1341,64,512,512,22905,64,512,512,2682,64,512,512,411,64,512,512,252,128,512,1024,243,128,256,512,171,0,0,0,0,0,0,0,0,0,0,0,0,64,128,128,20,64,128,128,20,14.14,10.70,3.44,0,27,17,0,65,2547,0,0,38724,24661,54609,0,41,20,0
17318468026600,2425,2048,8192,16384,16680,512,1024,4096,2466,4096,8192,16384,1957,4096,8192,16384,483,8192,8192,8192,22,512,1024,8192,510,512,4096,4096,1996,1024,2048,8192,339,4096,8192,8192,17,256,65536,131072,24666,1048576,1048576,1048576,41,524288,524288,524288,41,524288,524288,524288,41,512,1024,1024,41,64,1024,16384,41,128,512,1024,3166,64,512,1024,3841,128,512,1024,150120,128,512,1024,17613,64,256,512,2958,128,512,1024,3744,256,1024,1024,1428,256,512,1024,1347,64,512,512,22869,64,256,512,2862,64,256,512,447,128,512,1024,189,256,512,1024,198,128,512,4096,153,0,0,0,0,0,0,0,0,0,0,0,0,64,64,128,21,64,128,128,21,14.82,11.63,3.19,0,22,23,0,56,2440,75,777,37862,24235,52006,0,41,21,0
17319489385500,2425,2048,8192,16384,16581,512,4096,8192,2405,4096,8192,16384,1963,4096,8192,16384,503,8192,8192,16384,25,512,4096,8192,494,512,4096,8192,1969,1024,4096,8192,313,2048,4096,4096,10,128,65536,262144,24454,1048576,1048576,1048576,41,524288,524288,524288,41,524288,524288,524288,41,512,1024,1024,41,64,2048,8192,41,64,512,1024,3111,128,512,512,3111,128,512,1024,149229,128,512,1024,17667,64,256,512,2611,128,512,1024,3870,256,1024,1024,1263,256,512,1024,1317,64,512,512,22068,64,256,512,2862,64,256,512,507,128,256,512,234,128,512,1024,225,128,512,1024,90,0,0,0,0,0,0,0,0,0,0,0,0,64,128,128,20,64,128,128,20,14.92,11.22,3.70,0,25,19,0,67,2466,0,0,39440,24016,57418,0,41,20,0
17320507242500,2432,2048,8192,16384,15765,512,4096,4096,2408,4096,8192,16384,1867,4096,16384,16384,506,8192,8192,16384,24,512,4096,8192,468,512,4096,8192,1908,1024,4096,8192,323,2048,4096,4096,13,128,65536,131072,23492,1048576,1048576,1048576,41,524288,524288,524288,41,524288,524288,524288,41,512,1024,1024,41,64,128,4096,41,128,512,1024,2992,128,512,1024,2929,128,512,2048,141885,128,512,1024,16803,64,256,512,2749,128,512,1024,3807,256,1024,1024,1278,256,512,1024,1359,64,512,1024,20943,64,256,512,2601,64,512,512,438,128,512,512,216,128,512,1024,216,128,512,1024,117,2048,2048,2048,10,1024,1024,1024,7,64,64,64,17,64,128,128,21,64,16384,16384,21,13.30,10.49,2.81,7,24,13,0,58,2373,0,10,39333,23083,53653,0,41,21,0
17321529804700,2458,2048,8192,16384,16241,512,4096,4096,2431,4096,8192,16384,1966,4096,16384,16384,463,8192,8192,8192,23,512,4096,8192,519,512,4096,4096,1949,1024,4096,8192,314,4096,8192,8192,14,256,65536,131072,24133,1048576,1048576,1048576,41,524288,524288,524288,41,524288,524288,524288,41,512,1024,1024,41,64,8192,32768,41,64,512,1024,3430,128,512,1024,3196,128,512,1024,146169,128,512,1024,17694,64,256,512,2542,128,512,1024,3735,256,1024,2048,1428,256,512,1024,1356,64,512,512,21312,64,256,512,2610,64,256,512,405,64,512,1024,189,128,512,512,207,128,512,4096,126,1024,2048,2048,23,1024,1024,1024,26,64,64,64,49,64,128,128,20,16384,32768,32768,20,15.67,10.95,4.71,26,23,6,0,55,2429,0,16,38824,23679,54438,0,41,20,0
17322547937900,2481,2048,8192,16384,16471,512,4096,4096,2445,4096,8192,16384,1997,4096,16384,16384,502,8192,8192,16384,30,512,1024,8192,491,512,4096,4096,1984,1024,4096,8192,350,2048,8192,8192,21,256,65536,262144,24503,1048576,1048576,1048576,40,524288,524288,524288,40,524288,524288,524288,40,512,1024,1024,40,64,32768,32768,40,128,512,1024,3362,128,512,1024,3155,128,512,1024,148239,128,512,1024,17973,64,256,512,2780,128,512,1024,3753,256,1024,1024,1347,256,512,512,1410,64,512,512,20502,64,512,512,2556,64,256,1024,492,128,512,512,288,128,512,1024,270,128,512,512,189,2048,2048,2048,27,1024,1024,1024,25,64,64,64,52,64,128,128,20,16384,32768,32768,20,14.07,11.13,2.94,25,30,8,0,63,2499,0,23,38337,24030,54960,0,40,20,0
17323569280600,2500,2048,8192,16384,16052,512,1024,8192,2461,4096,8192,16384,1881,4096,16384,32768,487,8192,8192,16384,27,512,1024,4096,501,512,4096,4096,1933,1024,4096,8192,327,4096,4096,4096,13,512,65536,262144,23895,1048576,1048576,1048576,41,524288,524288,524288,41,524288,524288,524288,41,512,1024,1024,41,64,32768,32768,41,128,512,1024,3695,128,512,1024,3524,128,512,1024,144468,128,512,1024,16929,64,512,512,2534,128,512,1024,3771,256,1024,1024,1374,256,512,512,1284,64,512,512,22554,64,256,512,2781,64,512,512,375,64,512,512,234,256,512,1024,243,128,512,512,117,1024,2048,2048,15,1024,1024,1024,17,64,64,64,32,64,128,128,21,128,32768,32768,21,15.54,11.85,3.69,17,27,11,0,57,2368,0,0,38873,23438,53760,0,41,21,0
17324590002000,2500,2048,8192,16384,16860,512,4096,4096,2501,4096,8192,16384,1999,4096,16384,16384,543,8192,8192,8192,29,512,4096,8192,539,512,1024,8192,2050,1024,4096,8192,358,2048,4096,8192,25,64,65536,262144,25139,1048576,1048576,1048576,41,524288,524288,524288,41,524288,524288,524288,41,512,1024,1024,41,64,128,8192,41,128,512,1024,3018,128,512,1024,3018,128,512,1024,151740,128,512,1024,17991,64,256,512,2892,128,512,1024,4392,256,1024,1024,1386,256,512,512,1422,64,512,512,22284,64,256,512,2844,64,256,512,477,64,512,512,252,128,512,512,261,128,512,1024,225,0,0,0,0,0,0,0,0,0,0,0,0,64,128,128,20,64,256,256,20,13.53,10.47,3.06,0,29,9,0,71,2542,0,0,39508,24546,54606,0,41,20,0
17325609894400,2500,2048,8192,16384,16434,512,1024,4096,2502,4096,8192,16384,2010,4096,8192,16384,472,8192,8192,8192,32,512,4096,4096,486,512,1024,4096,1970,1024,4096,8192,340,2048,4096,4096,10,512,65536,262144,24479,1048576,1048576,1048576,41,524288,524288,524288,41,524288,524288,524288,41,512,1024,1024,41,64,8192,8192,41,128,512,1024,3084,128,512,1024,3084,128,512,1024,147906,128,512,1024,18090,64,256,512,2615,128,512,1024,3834,256,1024,2048,1232,256,512,512,1313,128,512,1024,21483,64,256,512,2835,64,512,512,480,64,512,512,261,128,512,512,288,128,256,512,90,0,0,0,0,0,0,0,0,0,0,0,0,64,128,128,21,64,128,128,21,13.54,10.09,3.45,0,32,6,0,56,2482,0,6,38982,23886,55039,0,41,21,0
17326629346000,2500,2048,8192,16384,16539,512,4096,4096,2469,4096,8192,16384,1955,4096,16384,16384,463,8192,8192,8192,21,512,1024,4096,506,512,1024,4096,1911,1024,4096,8192,355,4096,4096,4096,10,1024,65536,262144,24434,1048576,1048576,1048576,41,524288,524288,524288,41,524288,524288,524288,41,512,1024,1024,41,64,32768,65536,41,128,512,1024,3474,128,512,1024,3474,128,512,1024,148851,128,512,1024,17595,64,256,512,2370,128,512,1024,3672,256,1024,2048,1310,256,512,1024,1220,128,512,512,21510,64,512,512,2844,64,512,512,579,64,256,512,252,128,512,2048,189,128,512,512,90,0,0,0,0,0,0,0,0,0,0,0,0,64,128,128,20,128,128,128,20,14.55,11.10,3.45,0,21,7,0,56,2418,0,60,35385,23838,51248,0,41,20,0
17327649870200,2500,2048,8192,16384,17143,512,4096,4096,2496,4096,8192,16384,2029,4096,8192,16384,545,8192,16384,16384,20,512,1024,8192,487,512,1024,4096,2058,1024,4096,8192,316,4096,8192,8192,22,64,65536,262144,25318,1048576,1048576,1048576,40,524288,524288,524288,40,524288,524288,524288,40,512,1024,1024,40,64,65536,65536,40,128,512,1024,2931,128,512,1024,2931,128,512,1024,154287,128,512,1024,18261,64,256,512,2646,128,512,1024,4392,256,1024,1024,1341,256,512,1024,1368,64,512,512,22572,64,256,512,2646,64,256,512,375,64,256,512,162,128,512,512,180,128,512,1024,198,0,0,0,0,0,0,0,0,0,0,0,0,64,128,128,20,64,128,128,20,16.72,11.23,5.49,0,20,7,0,52,2574,0,0,38001,24755,54692,0,40,20,0
17328668986300,2425,2048,8192,16384,16705,512,4096,4096,2457,4096,8192,16384,1976,4096,16384,16384,529,8192,8192,16384,25,512,2048,4096,530,512,4096,8192,2013,1024,4096,8192,370,4096,4096,4096,10,256,65536,262144,24824,1048576,1048576,1048576,41,524288,524288,524288,41,524288,524288,524288,41,512,1024,1024,41,64,65536,65536,41,64,512,1024,3020,64,512,1024,3695,128,512,1024,150345,128,512,1024,17784,64,256,512,2729,128,512,1024,3951,256,1024,1024,1275,256,512,1024,1347,64,512,512,22707,64,256,512,2835,64,256,512,501,64,256,512,216,128,512,1024,225,128,512,512,90,0,0,0,0,0,0,0,0,0,0,0,0,64,64,128,21,64,128,128,21,13.29,10.73,2.56,0,25,7,0,45,2505,75,714,40243,24384,53736,0,41,21,0
17329690452900,2425,2048,8192,16384,15859,512,4096,8192,2408,4096,8192,16384,1913,4096,16384,16384,488,8192,8192,8192,25,512,4096,8192,487,512,4096,4096,1866,1024,4096,8192,308,4096,8192,8192,11,256,65536,262144,23556,1048576,1048576,1048576,41,524288,524288,524288,41,524288,524288,524288,41,512,1024,1024,41,64,1024,16384,41,128,512,512,3218,128,512,1024,3218,128,512,4096,142731,128,512,1024,17217,64,256,512,2547,128,512,1024,3816,256,1024,1024,1320,256,512,1024,1311,64,512,1024,21627,64,512,512,2988,64,256,512,480,64,512,1024,225,128,512,512,225,128,512,512,99,0,0,0,0,0,0,0,0,0,0,0,0,64,128,128,20,128,128,128,20,13.90,10.33,3.57,0,25,13,0,65,2401,0,0,41598,23197,57882,0,41,20,0
17330710318700,2436,2048,8192,16384,16680,512,4096,4096,2409,4096,8192,16384,1968,4096,16384,16384,475,8192,8192,8192,22,512,4096,8192,500,512,4096,8192,1989,1024,4096,8192,329,2048,8192,8192,14,512,65536,262144,24584,1048576,1048576,1048576,41,524288,524288,524288,41,524288,524288,524288,41,512,1024,1024,41,64,128,32768,41,128,512,512,3127,128,512,1024,3028,128,512,1024,150120,128,512,1024,17712,64,256,512,2788,128,512,1024,3483,256,1024,1024,1413,256,512,1024,1305,128,512,1024,22176,64,256,512,2700,64,512,1024,456,64,512,1024,207,128,512,1024,198,128,512,1024,126,2048,2048,2048,14,1024,1024,1024,11,64,64,64,25,64,128,128,21,128,16384,32768,21,13.78,10.34,3.45,11,22,26,0,52,2443,0,1,40742,24133,55905,0,41,21,0
17331732324900,2459,2048,8192,16384,15715,512,4096,8192,2413,4096,8192,16384,1909,4096,16384,16384,493,8192,8192,8192,22,512,4096,8192,473,512,4096,8192,1888,1024,4096,8192,311,2048,4096,4096,11,512,65536,262144,23444,1048576,1048576,1048576,41,524288,524288,524288,41,524288,524288,524288,41,512,1024,1024,41,64,32768,32768,41,64,512,1024,3261,128,512,1024,3054,128,512,1024,141435,128,512,1024,17181,64,512,512,2647,128,512,1024,3798,256,1024,1024,1280,256,512,1024,1262,64,512,512,21681,64,512,512,2934,64,256,512,441,128,512,512,189,128,512,1024,198,128,512,1024,99,2048,2048,2048,20,1024,1024,1024,23,64,64,128,43,64,128,128,20,16384,32768,32768,20,12.74,10.57,2.17,23,22,26,0,50,2402,0,17,38237,22913,53387,147,41,20,0
17332750752100,2464,2048,8192,16384,16916,512,1024,4096,2473,4096,8192,16384,2018,4096,16384,16384,533,8192,8192,8192,29,512,1024,4096,564,512,2048,4096,2034,1024,2048,8192,369,4096,4096,4096,25,128,65536,262144,25187,1048576,1048576,1048576,40,524288,524288,524288,40,524288,524288,524288,40,512,1024,1024,40,64,2048,4096,40,64,512,1024,3521,128,512,1024,3476,128,512,1024,152244,128,512,1024,18162,64,256,512,2833,128,512,1024,3924,256,1024,1024,1373,256,512,512,1463,64,512,512,22545,64,256,512,2826,64,256,512,453,64,512,1024,297,128,512,1024,261,128,512,4096,225,1024,2048,2048,10,1024,1024,1024,8,64,64,64,18,64,128,128,20,64,32768,32768,20,15.73,11.51,4.22,8,29,28,0,57,2551,0,0,36774,24191,52773,306,40,20,0
17333770893300,2491,2048,8192,16384,16427,512,4096,8192,2455,4096,8192,16384,1865,4096,16384,16384,479,8192,8192,16384,36,512,4096,8192,472,512,4096,8192,1941,1024,4096,8192,322,2048,8192,8192,9,1024,65536,262144,24203,1048576,1048576,1048576,41,524288,524288,524288,41,524288,524288,524288,41,512,1024,1024,41,64,32768,65536,41,128,512,512,3536,128,512,1024,3293,128,512,1024,147843,128,512,1024,16785,64,256,512,2527,128,512,1024,3609,256,1024,1024,1394,256,512,1024,1448,64,512,512,22491,64,512,512,3042,64,512,1024,471,128,512,512,252,128,512,1024,324,128,512,4096,81,1024,2048,2048,24,1024,1024,1024,24,64,64,128,48,64,128,128,21,16384,32768,32768,21,12.89,10.21,2.68,24,36,35,0,57,2344,0,0,39416,23843,54293,0,41,21,0
17334790572300,2500,2048,8192,16384,16415,512,1024,4096,2484,4096,8192,16384,1904,4096,8192,16384,513,8192,8192,8192,22,512,1024,4096,478,512,4096,4096,1944,1024,4096,8192,330,2048,4096,4096,19,256,65536,262144,24327,1048576,1048576,1048576,41,524288,524288,524288,41,524288,524288,524288,41,512,1024,1024,41,128,16384,16384,41,128,512,512,3167,128,512,1024,3086,128,512,1024,147735,128,512,1024,17136,64,256,512,2588,128,512,512,4059,256,1024,1024,1392,256,512,512,1437,64,512,512,21933,64,256,512,2853,64,256,512,429,64,512,512,261,128,512,1024,198,128,512,512,171,2048,2048,2048,7,1024,1024,1024,9,64,64,64,16,64,128,128,20,64,16384,16384,20,13.67,10.99,2.68,9,22,32,0,47,2417,0,0,35988,23778,52604,0,41,20,0
17335812032800,2500,2048,4096,16384,17526,512,1024,4096,2483,4096,8192,16384,2095,4096,16384,16384,520,8192,8192,8192,35,512,1024,4096,531,512,1024,4096,2068,1024,2048,4096,376,2048,4096,4096,10,512,65536,262144,25891,1048576,1048576,1048576,41,524288,524288,524288,41,524288,524288,524288,41,1024,2048,2048,41,64,32768,32768,41,128,512,1024,3372,128,512,1024,3372,128,512,1024,157734,128,512,1024,18855,64,256,512,2633,128,512,1024,4086,256,1024,1024,1265,256,512,512,1355,128,512,512,20286,64,256,512,2610,64,256,512,327,64,512,1024,297,128,512,1024,315,128,512,512,90,0,0,0,0,0,0,0,0,0,0,0,0,64,128,128,21,64,128,128,21,14.90,11.85,3.06,0,35,38,0,63,2615,0,22,33861,24725,50843,0,41,21,0
17336831743900,2500,2048,8192,16384,16866,512,1024,4096,2484,4096,8192,16384,2043,4096,16384,16384,491,8192,8192,16384,29,512,1024,4096,524,512,4096,4096,1995,1024,4096,8192,319,2048,4096,4096,21,512,65536,131072,25008,1048576,1048576,1048576,41,524288,524288,524288,41,524288,524288,524288,41,1024,1024,1024,41,64,2048,8192,41,128,512,1024,3174,128,512,1024,3174,128,512,1024,151794,128,512,512,18387,64,256,512,2719,128,512,1024,3897,256,1024,1024,1328,256,512,512,1418,64,512,512,21933,64,256,512,2583,64,512,512,369,64,512,512,279,128,512,1024,261,128,512,512,189,0,0,0,0,0,0,0,0,0,0,0,0,64,128,128,20,64,128,128,20,16.48,12.90,3.58,0,29,45,0,53,2534,0,11,34572,23940,50607,0,41,20,0
17337852377400,2500,2048,8192,16384,16734,512,1024,4096,2486,4096,8192,16384,1956,4096,8192,16384,482,8192,8192,8192,23,512,4096,4096,512,512,4096,8192,1985,1024,4096,4096,352,4096,4096,4096,13,128,65536,262144,24756,1048576,1048576,1048576,40,524288,524288,524288,40,524288,524288,524288,40,1024,1024,1024,40,64,32768,65536,41,128,512,512,3194,128,512,1024,3194,128,512,1024,150606,128,512,1024,17604,64,256,512,2597,128,512,1024,3825,256,1024,1024,1323,256,512,512,1323,64,512,512,20529,64,256,512,2664,64,256,512,491,128,512,512,198,128,512,1024,207,128,512,512,117,0,0,0,0,0,0,0,0,0,0,0,0,64,128,128,21,64,128,256,21,14.80,11.87,2.94,0,23,42,0,48,2438,0,9,38579,24213,54542,0,40,21,0
17338873821100,2425,2048,8192,16384,16457,512,4096,4096,2448,4096,8192,16384,1927,4096,8192,16384,530,8192,16384,32768,21,512,4096,4096,490,512,4096,4096,1943,1024,4096,8192,328,4096,4096,4096,15,512,65536,262144,24338,1048576,1048576,1048576,41,524288,524288,524288,41,524288,524288,524288,41,512,1024,1024,41,64,16384,32768,40,128,512,1024,3188,64,512,1024,3863,128,512,1024,148113,128,512,1024,17343,64,256,512,2563,128,512,1024,4050,256,1024,2048,1379,256,512,1024,1361,64,512,512,20826,64,256,512,2475,64,512,512,498,64,512,512,189,128,512,4096,189,128,512,512,135,0,0,0,0,0,0,0,0,0,0,0,0,64,128,128,20,64,128,128,20,16.58,11.73,4.85,0,21,46,0,59,2457,75,530,38156,23889,52394,0,41,20,0
17339892689600,2425,2048,8192,16384,16441,512,4096,8192,2417,4096,8192,16384,1914,4096,8192,16384,494,8192,8192,8192,25,512,2048,4096,509,512,4096,4096,1960,1024,4096,8192,323,4096,8192,8192,9,128,65536,262144,24312,1048576,1048576,1048576,41,524288,524288,524288,41,524288,524288,524288,41,512,1024,1024,41,64,32768,65536,41,128,512,1024,3167,128,512,1024,3167,128,512,1024,147969,128,512,512,17226,64,256,512,2477,128,512,512,3915,256,1024,2048,1275,256,512,1024,1221,64,512,512,20592,64,256,512,2538,64,512,512,516,128,256,512,270,128,512,1024,225,128,512,1024,81,0,0,0,0,0,0,0,0,0,0,0,0,64,128,128,20,64,64,64,20,13.54,10.48,3.07,0,25,39,0,66,2408,0,1,39584,23876,56758,0,41,20,0
17340913147700,2442,2048,8192,16384,16017,512,4096,8192,2411,4096,8192,16384,1985,4096,16384,16384,441,8192,8192,8192,25,512,4096,4096,491,512,4096,8192,1954,1024,4096,8192,316,4096,4096,4096,8,128,65536,262144,23870,1048576,1048576,1048576,41,524288,524288,524288,41,524288,524288,524288,41,512,1024,2048,41,64,256,2048,41,64,512,1024,3222,128,512,1024,3069,128,512,4096,144153,128,512,1024,17865,64,256,512,2207,128,512,1024,3870,256,1024,4096,1213,256,512,512,1258,64,512,1024,19512,64,512,512,2331,64,512,512,597,128,512,512,198,128,512,512,225,128,512,512,72,1024,2048,2048,20,1024,1024,1024,18,64,64,64,38,64,128,128,21,64,32768,32768,21,15.18,10.85,4.34,18,25,34,0,58,2426,0,2,41887,23499,55810,0,41,21,0
17341933558100,2466,2048,8192,16384,16439,512,4096,4096,2439,4096,8192,16384,1968,4096,8192,16384,503,8192,8192,8192,24,512,4096,4096,507,512,4096,4096,1900,1024,2048,8192,334,2048,4096,4096,16,256,65536,262144,24326,1048576,1048576,1048576,41,524288,524288,1048576,41,524288,524288,524288,41,512,1024,1024,41,64,8192,32768,41,64,512,1024,3301,128,512,1024,3085,128,512,1024,147951,128,512,1024,17712,64,512,512,2291,128,512,1024,3825,256,1024,1024,1284,256,512,1024,1248,128,512,512,20898,64,512,512,2691,64,512,512,366,128,512,512,171,128,512,1024,216,128,512,1024,144,1024,2048,2048,24,1024,1024,1024,25,64,64,256,49,64,128,128,20,16384,16384,16384,20,13.40,10.47,2.94,25,24,34,0,65,2471,0,43,37482,23818,53426,0,41,20,0
17342954468600,2491,2048,8192,16384,16347,512,1024,4096,2452,4096,8192,16384,1929,4096,16384,16384,522,8192,16384,16384,32,512,1024,4096,462,512,4096,8192,1993,1024,2048,8192,349,2048,4096,4096,15,1024,65536,262144,24320,1048576,1048576,1048576,41,524288,524288,524288,41,524288,524288,524288,41,1024,1024,1024,41,64,4096,65536,41,128,512,1024,3531,128,512,1024,3306,128,512,1024,147123,128,512,1024,17361,64,256,512,2818,128,512,1024,4104,256,1024,1024,1610,256,512,1024,1520,128,512,1024,22644,64,512,512,2664,64,512,512,474,64,256,512,306,128,512,4096,288,128,512,512,135,1024,2048,2048,24,1024,1024,1024,23,64,64,64,47,64,128,128,21,16384,32768,32768,21,15.68,11.99,3.70,23,32,37,0,57,2451,0,2,38791,23765,53965,0,41,21,0
17343974217700,2500,2048,8192,16384,16719,512,1024,4096,2486,4096,8192,16384,1978,4096,16384,16384,501,8192,8192,16384,25,512,1024,8192,534,512,4096,8192,1993,1024,4096,8192,347,2048,8192,8192,18,64,65536,262144,24822,1048576,1048576,1048576,40,524288,524288,524288,40,524288,524288,524288,40,512,1024,1024,40,64,32768,32768,40,128,512,1024,3371,128,512,1024,3290,128,512,1024,150471,128,512,1024,17802,64,256,512,2411,128,512,1024,4284,256,1024,1024,1377,256,512,512,1332,128,512,512,22887,64,256,512,2781,64,512,512,483,64,512,1024,252,128,512,512,225,128,512,512,162,1024,2048,2048,7,1024,1024,1024,9,64,128,128,16,64,128,128,20,128,16384,16384,20,17.25,13.29,3.96,9,25,41,0,67,2479,0,1,37780,24217,53836,0,40,20,0
17344996827000,2500,2048,8192,16384,16585,512,1024,4096,2558,4096,8192,16384,1999,4096,16384,16384,521,8192,8192,8192,33,512,4096,8192,518,512,4096,4096,2014,1024,4096,8192,355,2048,4096,4096,17,128,65536,262144,24805,1048576,1048576,1048576,41,524288,524288,524288,41,524288,524288,524288,41,1024,1024,1024,41,64,128,128,41,128,512,1024,3457,128,512,1024,3457,128,512,1024,149274,128,512,1024,17991,64,512,512,2690,128,512,1024,4014,256,1024,1024,1512,256,512,1024,1530,128,512,512,22671,64,512,512,2763,64,512,512,471,64,512,512,288,128,512,512,297,128,512,512,153,0,0,0,0,0,0,0,0,0,0,0,0,64,128,128,20,64,128,128,20,12.47,10.69,1.78,0,33,53,0,51,2520,0,5,38659,24200,54930,0,41,20,0
17346015672000,2500,2048,8192,16384,16042,512,4096,8192,2439,4096,8192,16384,1972,4096,16384,16384,498,8192,8192,8192,26,512,4096,4096,501,512,4096,8192,1902,1024,4096,8192,333,2048,4096,4096,12,1024,65536,262144,23955,1048576,1048576,1048576,41,524288,524288,524288,41,524288,524288,524288,41,1024,1024,1024,41,64,32768,65536,41,128,512,1024,3100,128,512,1024,3100,128,512,2048,144369,128,512,1024,17748,64,512,512,2867,128,512,1024,3969,256,1024,2048,1550,256,512,1024,1478,64,512,1024,21240,64,512,512,2781,64,512,512,444,64,256,512,216,128,512,512,234,128,512,512,108,0,0,0,0,0,0,0,0,0,0,0,0,64,64,64,21,64,128,128,21,13.17,10.49,2.69,0,26,38,0,51,2470,0,1,38951,23460,53496,0,41,21,0
17347034292300,2500,2048,8192,16384,17021,512,1024,4096,2551,4096,8192,16384,1993,4096,8192,16384,509,8192,8192,8192,20,512,4096,4096,491,512,4096,8192,1983,1024,4096,8192,327,2048,4096,4096,17,256,65536,131072,25121,1048576,1048576,1048576,41,524288,524288,524288,41,524288,524288,524288,41,256,512,1024,41,64,32768,65536,41,128,512,1024,3244,128,512,512,3244,128,512,1024,153189,128,512,1024,17937,64,256,512,2715,128,512,1024,4149,256,1024,1024,1392,256,512,512,1221,64,512,512,20790,64,512,512,2727,64,512,512,432,128,512,512,162,128,512,1024,180,128,512,1024,153,0,0,0,0,0,0,0,0,0,0,0,0,64,64,64,20,64,128,128,20,12.26,9.33,2.94,0,20,41,0,53,2502,0,0,39675,24524,55239,0,41,20,0
17348054811900,2500,2048,8192,16384,16403,512,4096,4096,2390,4096,8192,16384,2004,4096,16384,16384,548,8192,8192,8192,25,512,4096,8192,514,512,4096,8192,1998,1024,4096,8192,325,2048,4096,4096,21,1024,65536,262144,24401,1048576,1048576,1048576,41,524288,524288,524288,41,524288,524288,524288,41,512,1024,1024,41,64,128,32768,41,128,512,1024,3260,128,512,1024,3260,128,512,2048,147627,128,512,1024,18036,64,256,512,2671,128,512,1024,4014,256,1024,1024,1329,256,512,512,1302,64,512,512,21816,64,512,512,2619,64,512,512,372,128,512,512,261,256,512,1024,225,128,512,512,189,0,0,0,0,0,0,0,0,0,0,0,0,64,128,128,21,64,128,128,21,14.04,11.10,2.94,0,25,42,0,59,2552,0,1,39376,23876,54232,0,41,21,0
17349075699500,2425,2048,8192,16384,16448,512,4096,4096,2426,4096,8192,16384,1973,4096,16384,16384,475,8192,8192,8192,25,512,4096,4096,505,512,4096,4096,2009,1024,4096,8192,322,2048,4096,4096,17,256,65536,262144,24413,1048576,1048576,1048576,40,524288,524288,524288,40,524288,524288,524288,40,512,1024,1024,40,64,32768,65536,40,128,512,1024,3080,64,512,1024,3755,128,512,1024,148032,128,512,1024,17757,64,256,512,2278,128,512,1024,3726,256,1024,1024,1128,256,512,1024,1227,64,512,512,20448,64,256,512,2556,64,256,512,411,64,256,512,225,128,512,512,225,128,512,512,153,0,0,0,0,0,0,0,0,0,0,0,0,64,128,128,20,64,128,128,20,14.92,11.60,3.32,0,25,42,0,62,2448,75,653,38794,23994,53131,0,40,20,0
17350095304100,2425,2048,8192,16384,16291,512,4096,8192,2413,4096,8192,16384,1896,4096,16384,16384,497,8192,8192,8192,28,512,4096,8192,483,512,4096,4096,1887,1024,4096,8192,344,4096,8192,8192,20,128,65536,262144,24079,1048576,1048576,1048576,41,524288,524288,524288,41,524288,524288,524288,41,512,1024,1024,41,64,128,2048,41,128,512,1024,3019,128,512,1024,3019,128,512,1024,146619,128,512,1024,17064,64,256,512,2550,128,512,512,3807,256,1024,1024,1278,256,512,1024,1377,64,512,512,20817,64,256,512,2628,64,256,1024,663,64,512,512,261,64,512,1024,252,128,512,4096,180,0,0,0,0,0,0,0,0,0,0,0,0,64,128,128,20,64,128,128,20,16.35,12.78,3.58,0,28,37,0,72,2393,0,28,39782,23641,57333,0,41,20,0
17351115246200,2443,2048,8192,16384,15911,512,1024,4096,2422,4096,8192,16384,1899,4096,16384,16384,476,8192,8192,8192,25,512,4096,8192,479,512,4096,8192,1887,1024,4096,8192,307,2048,4096,4096,11,512,65536,262144,23614,1048576,1048576,1048576,41,524288,524288,524288,41,524288,524288,524288,41,1024,1024,1024,41,64,32768,65536,41,128,512,1024,3203,128,512,1024,3041,128,512,1024,143199,128,512,1024,17091,64,256,512,2453,128,512,1024,3735,256,1024,2048,1338,256,512,512,1311,64,512,512,21249,64,256,512,2421,64,256,512,558,64,512,1024,207,256,512,1024,225,128,512,512,99,1024,2048,2048,22,1024,1024,1024,19,64,64,64,41,64,128,128,21,128,32768,32768,21,13.66,9.83,3.83,19,25,25,0,57,2375,0,0,39211,23179,54380,0,41,21,0
17352135227600,2465,2048,8192,16384,16724,512,1024,4096,2437,4096,8192,16384,1986,4096,16384,16384,504,8192,8192,8192,35,512,4096,4096,503,512,4096,8192,1983,1024,4096,8192,334,4096,4096,4096,14,512,65536,262144,24750,1048576,1048576,1048576,41,524288,524288,524288,41,524288,524288,524288,41,512,1024,1024,41,128,32768,65536,41,128,512,1024,3303,128,512,1024,3105,128,512,1024,150516,128,512,1024,17874,64,256,512,2678,128,512,1024,3933,256,1024,1024,1203,256,512,512,1311,64,512,512,20772,64,256,512,2808,64,256,512,504,128,512,512,297,128,512,512,315,128,512,512,126,2048,2048,2048,22,1024,1024,1024,22,64,64,64,44,64,128,128,20,16384,32768,32768,20,14.42,10.59,3.83,22,35,32,0,56,2490,0,4,36900,24207,52758,0,41,20,0
17353158115300,2491,2048,8192,16384,16718,512,1024,4096,2545,4096,8192,16384,2028,4096,16384,16384,496,8192,8192,8192,15,512,4096,8192,513,512,4096,8192,2044,1024,4096,8192,349,4096,8192,8192,15,256,65536,262144,24928,1048576,1048576,1048576,41,524288,524288,524288,41,524288,524288,524288,41,512,1024,1024,41,64,8192,16384,41,128,512,1024,3093,128,512,1024,2859,128,512,1024,150462,128,512,1024,18252,64,256,512,2479,128,512,1024,3960,256,1024,1024,1365,256,512,1024,1167,64,512,512,20988,64,512,512,2529,64,512,512,453,128,512,1024,171,256,512,1024,135,256,512,4096,135,1024,2048,2048,24,1024,1024,2048,25,64,64,128,49,64,128,128,21,16384,32768,32768,21,15.54,11.97,3.57,25,15,29,0,57,2524,0,26,39121,24477,55511,0,41,21,0
17354176550600,2500,2048,8192,16384,16649,512,1024,4096,2519,4096,8192,16384,1961,4096,16384,16384,512,8192,8192,8192,28,512,1024,4096,505,512,4096,4096,1984,1024,4096,8192,332,2048,4096,4096,11,256,65536,131072,24727,1048576,1048576,1048576,40,524288,524288,524288,40,524288,524288,524288,40,512,1024,1024,40,128,32768,65536,40,128,512,1024,3243,128,512,1024,3162,128,512,1024,149841,128,512,1024,17649,64,256,512,2709,128,512,512,4203,256,1024,1024,1374,256,512,1024,1374,64,512,512,20835,64,256,512,2484,64,512,512,318,128,512,1024,225,128,512,1024,252,64,256,512,99,2048,2048,2048,7,1024,1024,1024,9,64,64,64,16,64,128,128,20,64,16384,16384,20,15.46,11.37,4.09,9,28,29,0,66,2473,0,49,36494,24013,52313,0,40,20,0
17355196236300,2500,2048,8192,16384,16564,512,1024,4096,2389,4096,8192,16384,1894,4096,16384,16384,507,8192,8192,8192,39,512,1024,4096,518,512,4096,4096,1943,1024,4096,8192,338,2048,4096,4096,17,128,65536,262144,24459,1048576,1048576,1048576,41,524288,524288,524288,41,524288,524288,524288,41,1024,2048,2048,41,64,1024,65536,41,128,512,1024,3095,128,512,512,3095,128,512,1024,149076,128,512,1024,17046,64,256,512,2825,128,512,1024,3861,256,1024,1024,1425,256,512,512,1479,64,512,512,22347,64,256,512,2781,64,256,512,396,128,512,512,378,128,512,1024,351,128,512,1024,153,0,0,0,0,0,0,0,0,0,0,0,0,64,128,128,20,64,128,128,20,14.95,11.37,3.58,0,39,22,0,64,2401,0,1,37820,23877,53379,0,41,20,0
17356216721500,2500,2048,8192,16384,16112,512,1024,4096,2442,4096,8192,16384,1887,4096,8192,16384,438,8192,8192,8192,25,512,1024,8192,452,512,1024,4096,1871,1024,2048,4096,321,4096,4096,4096,17,1024,65536,262144,23785,1048576,1048576,1048576,41,524288,524288,524288,41,524288,524288,524288,41,512,1024,1024,41,64,128,16384,41,128,512,1024,3117,128,512,1024,3117,128,512,1024,145008,128,512,1024,16983,64,256,512,2165,128,512,1024,3708,256,1024,1024,1149,256,512,512,1104,128,512,512,21222,64,256,512,2871,64,512,1024,411,128,512,512,162,128,512,512,225,128,512,1024,153,0,0,0,0,0,0,0,0,0,0,0,0,64,128,128,21,64,128,128,21,11.49,9.70,1.79,0,25,30,0,63,2325,0,0,31274,22667,47010,0,41,21,0
17357236467600,2500,2048,4096,16384,18425,512,1024,4096,2778,4096,8192,16384,2167,4096,8192,16384,567,8192,8192,8192,25,512,1024,4096,569,512,1024,4096,2161,1024,2048,4096,381,2048,4096,4096,15,128,65536,262144,27316,1048576,1048576,1048576,41,524288,524288,524288,41,524288,524288,524288,41,1024,1024,1024,41,64,1024,32768,41,128,512,1024,3071,128,512,1024,3071,128,512,1024,165825,64,512,512,19503,64,256,512,2955,64,512,512,4392,256,1024,1024,1182,256,512,512,1353,64,512,512,21411,64,256,512,2547,64,512,512,410,64,256,512,243,128,256,512,225,128,512,512,135,0,0,0,0,0,0,0,0,0,0,0,0,64,128,128,20,64,128,128,20,14.68,10.98,3.70,0,25,14,0,59,2734,0,31,29890,24501,46597,0,41,20,0
17358257459100,2500,2048,8192,16384,16317,512,4096,4096,2564,4096,8192,16384,1983,4096,16384,16384,500,8192,8192,8192,22,512,4096,4096,510,512,4096,4096,1962,1024,4096,8192,355,4096,8192,8192,14,64,65536,131072,24459,1048576,1048576,1048576,41,524288,524288,524288,41,524288,524288,524288,41,512,1024,1024,41,128,8192,16384,41,128,512,512,3307,128,512,512,3307,128,512,4096,146853,128,512,1024,17847,64,256,512,2411,128,512,1024,4095,256,1024,1024,1359,256,512,512,1242,64,512,512,21645,64,256,512,2799,64,256,512,468,128,512,512,171,128,512,4096,198,128,512,4096,126,0,0,0,0,0,0,0,0,0,0,0,0,64,128,128,21,64,128,128,21,15.06,11.49,3.57,0,22,29,0,57,2483,0,15,41725,23998,54913,0,41,21,0
17359277079900,2425,2048,8192,16384,16113,512,4096,4096,2351,4096,8192,16384,1912,4096,8192,16384,490,8192,8192,8192,10,512,4096,8192,469,512,4096,4096,1925,1024,4096,8192,333,2048,4096,4096,15,512,65536,262144,23811,1048576,1048576,1048576,40,524288,524288,524288,40,524288,524288,524288,40,256,512,512,40,64,256,8192,41,128,512,1024,3434,128,512,1024,4109,128,512,4096,145017,128,512,1024,17208,64,256,512,2184,128,512,1024,3960,512,1024,2048,1326,256,512,1024,1164,128,512,1024,20538,64,256,512,2556,64,256,512,438,128,256,512,90,128,512,512,90,128,512,1024,135,0,0,0,0,0,0,0,0,0,0,0,0,64,128,128,20,64,128,128,20,12.64,10.98,1.66,0,10,28,0,53,2402,75,0,40462,23485,55870,0,40,20,0
17360299215900,2425,2048,8192,16384,16244,512,4096,8192,2428,4096,8192,8192,1903,4096,16384,16384,526,8192,8192,8192,27,512,4096,4096,506,512,4096,8192,1926,1024,4096,8192,301,2048,4096,4096,11,512,65536,262144,24079,1048576,1048576,1048576,41,524288,524288,524288,41,524288,524288,524288,41,512,1024,1024,41,64,65536,65536,40,128,512,1024,3093,128,512,1024,3093,128,512,2048,146196,128,512,1024,17127,64,256,512,2648,128,512,1024,3951,256,1024,1024,1421,256,512,512,1421,64,512,512,21033,64,256,512,2619,64,256,512,444,128,512,512,288,128,512,1024,243,128,512,512,99,0,0,0,0,0,0,0,0,0,0,0,0,64,128,128,20,64,128,128,20,15.54,10.57,4.97,0,27,12,0,58,2429,0,8,39907,23636,54324,0,41,20,0
17361317607700,2447,2048,8192,16384,16052,512,4096,8192,2527,4096,8192,16384,1901,4096,16384,16384,454,8192,16384,16384,33,512,4096,8192,512,512,4096,8192,1941,1024,4096,8192,329,4096,8192,8192,8,512,65536,262144,23966,1048576,1048576,1048576,41,524288,524288,524288,41,524288,524288,524288,41,512,1024,1024,41,64,16384,65536,41,64,512,512,3270,128,512,1024,3072,128,512,1024,144468,128,512,1024,17109,64,512,512,2487,128,512,1024,3384,256,1024,1024,1443,256,512,512,1371,64,512,512,21879,64,256,512,2439,64,512,512,522,128,512,512,252,256,512,1024,297,256,512,4096,72,2048,2048,2048,26,1024,1024,1024,23,64,64,128,49,64,128,128,21,8192,32768,32768,21,15.22,11.38,3.84,23,33,17,0,66,2355,0,3,38989,23567,55223,0,41,21,0
17362337864700,2478,2048,8192,16384,16110,512,4096,8192,2433,4096,8192,16384,1985,4096,8192,16384,533,8192,8192,16384,25,512,4096,8192,495,512,4096,8192,1998,1024,4096,8192,328,4096,4096,4096,20,1024,65536,262144,24133,1048576,1048576,1048576,41,524288,524288,524288,41,524288,524288,524288,41,512,1024,1024,41,64,8192,32768,41,64,512,1024,3444,128,512,1024,3165,128,512,4096,144990,128,512,1024,17865,64,256,512,2715,128,512,1024,4140,256,1024,2048,1205,256,512,1024,1250,64,512,1024,21186,64,512,512,2871,64,512,512,348,64,256,512,207,128,512,512,225,128,512,1024,180,2048,2048,2048,29,1024,1024,2048,31,64,64,64,60,64,128,128,20,16384,32768,32768,20,14.04,10.98,3.06,31,25,14,0,60,2518,0,5,39607,23668,55018,0,41,20,0
17363357934700,2500,2048,8192,16384,16725,512,4096,4096,2481,4096,8192,16384,1986,4096,16384,16384,514,8192,8192,8192,27,512,1024,8192,484,512,4096,8192,1965,1024,2048,8192,345,4096,4096,4096,9,256,65536,262144,24737,1048576,1048576,1048576,41,524288,524288,524288,41,524288,524288,524288,41,512,2048,2048,41,64,128,4096,41,128,512,1024,3576,128,512,1024,3378,128,512,1024,150525,128,512,1024,17874,64,512,512,2451,128,512,1024,3753,512,1024,2048,1254,256,512,1024,1380,64,512,512,20826,64,512,512,2718,128,512,512,422,64,512,512,288,128,512,512,243,128,512,512,81,2048,2048,2048,20,1024,1024,1024,21,64,128,128,41,64,128,128,21,16384,16384,32768,21,16.59,12.89,3.70,21,27,19,0,51,2500,0,10,37660,24123,54124,0,41,21,0
17364378609200,2500,2048,8192,16384,16423,512,4096,8192,2479,4096,8192,16384,1973,4096,16384,16384,517,8192,8192,8192,31,512,1024,4096,525,512,4096,8192,1962,1024,4096,8192,334,2048,8192,8192,19,512,65536,262144,24492,1048576,1048576,1048576,41,524288,524288,524288,41,524288,524288,524288,41,512,1024,1024,41,64,4096,16384,41,128,512,1024,3297,128,512,1024,3297,128,512,4096,147807,128,512,1024,17757,64,256,512,2818,128,512,1024,4122,256,1024,2048,1271,256,512,1024,1325,128,512,1024,21249,64,256,512,2709,64,512,1024,459,128,512,1024,261,128,512,512,279,128,512,1024,171,0,0,0,0,0,0,0,0,0,0,0,0,64,64,64,20,64,128,128,20,12.89,10.34,2.55,0,31,18,0,56,2490,0,2,41768,24041,55269,0,41,20,0
17365398427700,2500,2048,8192,16384,16163,512,4096,4096,2452,4096,8192,16384,1975,4096,16384,16384,469,8192,8192,8192,22,512,2048,4096,533,512,4096,8192,1994,1024,2048,8192,381,4096,8192,8192,19,128,65536,262144,24212,1048576,1048576,1048576,40,524288,524288,524288,40,524288,524288,524288,40,512,1024,1024,40,64,65536,65536,40,128,512,1024,3002,128,512,1024,3002,128,512,1024,145467,128,512,1024,17775,64,256,512,2545,128,512,1024,3888,256,1024,1024,1500,256,512,1024,1374,128,512,512,20997,64,512,512,2637,64,512,512,378,128,256,512,234,256,512,1024,198,128,512,4096,171,0,0,0,0,0,0,0,0,0,0,0,0,64,128,128,20,64,128,128,20,14.68,10.59,4.08,0,22,14,0,53,2444,0,0,39061,23671,54009,0,40,20,0
17366419055600,2500,2048,8192,16384,16421,512,4096,4096,2346,4096,8192,16384,1964,4096,16384,16384,532,8192,8192,16384,25,512,1024,4096,482,512,4096,8192,1978,1024,4096,8192,328,2048,8192,8192,20,128,65536,524288,24327,1048576,1048576,1048576,41,524288,524288,524288,41,524288,524288,524288,41,512,1024,1024,41,64,8192,32768,41,128,512,1024,3439,128,512,1024,3439,128,512,1024,147789,128,512,1024,17676,64,256,512,2690,128,512,1024,3933,256,1024,1024,1263,256,512,1024,1434,64,512,512,20970,64,256,512,2898,64,256,512,378,128,512,512,207,128,512,1024,225,128,512,1024,180,0,0,0,0,0,0,0,0,0,0,0,0,64,128,128,21,64,128,128,21,13.27,10.72,2.55,0,25,17,0,57,2496,0,0,38131,23819,53605,0,41,21,0
17367439591500,2500,2048,8192,16384,16711,512,1024,4096,2511,4096,8192,16384,2029,4096,8192,16384,479,8192,8192,8192,16,512,1024,8192,499,512,2048,4096,2020,1024,4096,8192,324,4096,4096,4096,22,256,65536,131072,24832,1048576,1048576,1048576,41,524288,524288,524288,41,524288,524288,524288,41,256,512,512,41,64,16384,65536,41,128,512,1024,3044,128,512,512,3044,128,512,1024,150399,128,512,1024,18261,64,256,512,2515,128,512,512,3726,256,1024,1024,1434,256,512,1024,1227,64,512,512,21114,64,256,512,2547,64,256,512,399,128,512,512,99,128,512,1024,144,128,512,1024,198,0,0,0,0,0,0,0,0,0,0,0,0,64,128,128,20,64,128,128,20,14.66,10.71,3.95,0,16,11,0,67,2508,0,10,37495,24153,53575,0,41,20,0
17368458870800,2425,2048,8192,16384,16546,512,1024,4096,2519,4096,8192,16384,1953,4096,16384,16384,473,8192,8192,8192,23,512,1024,8192,521,512,1024,4096,1952,1024,2048,8192,315,4096,4096,8192,22,1024,65536,262144,24548,1048576,1048576,1048576,41,524288,524288,524288,41,524288,524288,524288,41,512,1024,1024,41,64,128,2048,41,128,512,512,3091,64,512,1024,3766,128,512,1024,148914,128,512,512,17577,64,256,512,2280,128,512,1024,3843,256,1024,1024,1208,256,512,1024,1217,64,512,512,21087,64,256,512,2493,64,256,512,429,128,512,512,243,128,512,1024,207,128,512,1024,198,0,0,0,0,0,0,0,0,0,0,0,0,64,128,128,21,64,128,128,21,13.67,10.48,3.19,0,23,11,0,47,2426,75,311,37413,24064,51730,0,41,21,0
17369478966200,2425,2048,8192,16384,16376,512,4096,8192,2456,4096,8192,16384,1906,4096,16384,16384,480,8192,8192,8192,23,512,4096,8192,479,512,4096,8192,1963,1024,4096,4096,321,2048,4096,4096,12,512,65536,262144,24220,1048576,1048576,1048576,41,524288,524288,524288,41,524288,524288,524288,41,512,1024,1024,41,64,128,8192,41,128,512,512,2943,128,512,1024,2943,128,512,1024,147384,128,512,1024,17154,64,256,512,2442,128,512,1024,3825,256,1024,1024,1254,256,512,1024,1389,64,512,512,21096,64,256,512,2700,64,256,512,339,64,512,512,225,128,512,512,207,128,512,512,108,0,0,0,0,0,0,0,0,0,0,0,0,64,128,128,20,128,128,128,20,12.89,9.95,2.94,0,23,9,0,65,2386,0,7,39250,23768,56042,0,41,20,0
17370500381000,2425,2048,8192,16384,16339,512,4096,4096,2435,4096,8192,16384,1977,4096,8192,16384,529,8192,8192,8192,29,512,1024,4096,502,512,4096,4096,1955,1024,4096,8192,353,2048,4096,4096,20,1024,65536,262144,24355,1048576,1048576,1048576,40,524288,524288,524288,40,524288,524288,524288,40,512,1024,1024,40,64,32768,65536,40,128,512,512,3008,128,512,512,3008,128,512,1024,147051,128,512,512,17793,64,256,512,2698,128,512,1024,4032,256,1024,1024,1398,256,512,512,1335,64,512,512,19908,64,256,512,2583,64,256,512,528,64,512,512,261,128,512,512,261,128,512,512,180,0,0,0,1,0,0,0,0,0,0,0,1,64,128,128,20,64,128,128,20,12.50,10.71,1.79,0,29,8,0,46,2506,0,18,38030,23758,53341,0,40,20,0
17371520265000,2456,2048,8192,16384,16434,512,4096,8192,2420,4096,8192,16384,1941,4096,16384,16384,468,8192,8192,8192,19,512,4096,8192,494,512,4096,8192,1971,1024,4096,8192,349,2048,8192,8192,11,1024,65536,262144,24298,1048576,1048576,1048576,41,524288,524288,524288,41,524288,524288,524288,41,512,1024,1024,41,64,128,16384,41,128,512,1024,3493,128,512,1024,3214,128,512,2048,147906,128,512,1024,17469,64,256,512,2326,128,512,1024,3888,256,1024,4096,1149,256,512,512,1086,64,512,512,20412,64,256,512,2403,64,512,4096,497,64,512,512,162,128,512,1024,171,128,1024,2048,99,1024,2048,2048,32,1024,1024,1024,33,64,128,128,65,64,128,128,21,16384,32768,32768,21,16.61,11.88,4.73,33,19,10,0,57,2409,0,11,40920,23927,56342,0,41,21,0
17372540768100,2482,2048,8192,16384,16594,512,4096,4096,2445,4096,8192,16384,1972,4096,16384,32768,500,8192,8192,8192,23,512,4096,4096,505,512,4096,8192,1970,1024,4096,4096,335,4096,4096,4096,14,2048,65536,262144,24566,1048576,1048576,1048576,41,524288,524288,524288,41,524288,524288,524288,41,512,1024,1024,41,64,8192,32768,41,64,512,1024,3247,128,512,1024,3013,128,512,2048,149346,128,512,1024,17748,64,256,512,2339,128,512,512,4041,256,1024,1024,1418,256,512,1024,1346,64,512,1024,21069,64,512,512,2529,64,512,512,456,64,512,1024,171,128,512,1024,207,128,512,512,126,1024,2048,2048,28,1024,1024,1024,25,64,64,64,53,64,128,128,20,16384,32768,32768,20,12.50,10.33,2.17,25,23,6,0,54,2472,0,0,40346,24183,55737,0,41,20,0
17373560656000,2400,2048,8192,16384,1612,512,4096,8192,600,4096,8192,16384,212,4096,8192,16384,54,8192,8192,8192,2,512,4096,32768,55,512,1024,8192,247,2048,4096,8192,41,0,0,0,0,64,65536,262144,2842,2097152,2097152,2097152,41,524288,524288,524288,41,1048576,1048576,1048576,41,64,256,256,41,128,128,128,41,128,8192,8192,2103,64,4096,8192,2841,128,512,4096,14508,128,512,1024,1908,128,512,512,210,128,512,4096,432,512,8192,8192,1479,256,4096,8192,1047,128,8192,8192,26361,128,4096,8192,1260,64,4096,8192,456,0,0,0,0,256,512,512,18,0,0,0,0,1024,2048,2048,5,512,1024,1024,4,64,64,64,9,128,128,128,21,128,1024,32768,21,12.39,8.81,3.58,4,2,0,0,71,266,91,0,28526,2841,30999,331,41,21,0
17374580197400,2300,0,0,0,0,0,0,0,0,0,0,0,0,0,0,0,0,0,0,0,0,0,0,0,0,0,0,0,0,0,0,0,0,0,0,0,0,0,0,0,0,2097152,2097152,2097152,41,524288,524288,524288,41,1048576,1048576,1048576,41,64,128,128,41,64,128,128,41,256,8192,8192,1880,64,8192,8192,2780,0,0,0,0,0,0,0,0,0,0,0,0,0,0,0,0,512,8192,8192,1485,256,8192,8192,1116,128,8192,8192,27387,64,4096,8192,1053,64,4096,8192,447,0,0,0,0,0,0,0,0,0,0,0,0,0,0,0,0,0,0,0,0,0,0,0,0,64,128,128,20,128,128,128,20,9.95,8.93,1.02,0,0,0,0,41,0,100,0,26156,100,27054,0,41,20,0
17375598681900,2200,0,0,0,0,0,0,0,0,0,0,0,0,0,0,0,0,0,0,0,0,0,0,0,0,0,0,0,0,0,0,0,0,0,0,0,0,0,0,0,0,2097152,2097152,2097152,40,524288,524288,524288,40,1048576,1048576,1048576,40,64,128,128,40,128,128,128,40,256,8192,8192,1677,64,8192,8192,2577,0,0,0,0,0,0,0,0,0,0,0,0,0,0,0,0,512,8192,8192,1404,256,4096,8192,1026,128,8192,8192,25227,64,4096,8192,693,64,4096,8192,792,0,0,0,0,0,0,0,0,0,0,0,0,0,0,0,0,0,0,0,0,0,0,0,0,64,128,128,20,128,256,256,20,10.49,9.34,1.15,0,0,0,0,55,0,100,0,24734,100,25848,0,40,20,0
17376620700300,2100,0,0,0,0,0,0,0,0,0,0,0,0,0,0,0,0,0,0,0,0,0,0,0,0,0,0,0,0,0,0,0,0,0,0,0,0,0,0,0,0,2097152,2097152,2097152,41,524288,524288,524288,41,1048576,1048576,1048576,41,128,256,256,41,64,128,128,41,256,8192,8192,1766,64,8192,8192,2666,0,0,0,0,0,0,0,0,0,0,0,0,0,0,0,0,512,8192,8192,1536,256,4096,8192,1113,128,8192,8192,24435,64,4096,8192,981,64,4096,8192,1035,0,0,0,0,0,0,0,0,0,0,0,0,0,0,0,0,0,0,0,0,0,0,0,0,64,128,128,21,128,128,128,21,10.32,9.30,1.02,0,0,0,0,55,0,100,0,23795,100,24915,0,41,21,0
17377640392200,2000,0,0,0,0,0,0,0,0,0,0,0,0,0,0,0,0,0,0,0,0,0,0,0,0,0,0,0,0,0,0,0,0,0,0,0,0,0,0,0,0,1048576,2097152,2097152,41,524288,524288,524288,41,1048576,1048576,1048576,41,128,256,256,41,64,128,128,41,128,8192,8192,1708,64,8192,8192,2608,0,0,0,0,0,0,0,0,0,0,0,0,0,0,0,0,512,8192,8192,1364,256,4096,8192,1139,128,8192,8192,23643,64,4096,8192,891,0,4096,8192,834,0,0,0,0,0,0,0,0,0,0,0,0,0,0,0,0,0,0,0,0,0,0,0,0,64,128,128,20,64,128,128,20,10.09,8.18,1.92,0,0,0,0,51,0,100,0,22265,100,23574,0,41,20,0
17378661305300,1900,0,0,0,0,0,0,0,0,0,0,0,0,0,0,0,0,0,0,0,0,0,0,0,0,0,0,0,0,0,0,0,0,0,0,0,0,0,0,0,0,1048576,2097152,2097152,41,524288,524288,524288,41,1048576,1048576,1048576,41,64,128,256,41,128,128,128,41,128,8192,8192,1625,64,8192,8192,2525,0,0,0,0,0,0,0,0,0,0,0,0,0,0,0,0,256,4096,8192,1467,256,4096,8192,1089,128,8192,8192,23040,64,4096,8192,864,0,4096,8192,1227,0,0,0,0,0,0,0,0,0,0,0,0,0,0,0,0,0,0,0,0,0,0,0,0,64,128,128,21,128,128,128,21,9.69,8.42,1.28,0,0,0,0,38,0,100,0,21159,100,22363,0,41,21,0
17379681476800,1800,0,0,0,0,0,0,0,0,0,0,0,0,0,0,0,0,0,0,0,0,0,0,0,0,0,0,0,0,0,0,0,0,0,0,0,0,0,0,0,0,1048576,2097152,2097152,41,524288,524288,524288,41,1048576,1048576,1048576,41,64,128,256,41,64,128,128,41,128,8192,8192,1397,64,8192,8192,2297,0,0,0,0,0,0,0,0,0,0,0,0,0,0,0,0,256,8192,8192,1488,256,4096,8192,1083,128,8192,8192,23418,64,4096,8192,666,0,4096,8192,1380,0,0,0,0,0,0,0,0,0,0,0,0,0,0,0,0,0,0,0,0,0,0,0,0,64,128,128,20,128,128,128,20,9.44,8.42,1.02,0,0,0,0,28,0,100,0,20248,100,21352,0,41,20,0
17380702124900,1700,0,0,0,0,0,0,0,0,0,0,0,0,0,0,0,0,0,0,0,0,0,0,0,0,0,0,0,0,0,0,0,0,0,0,0,0,0,0,0,0,1048576,2097152,2097152,40,524288,524288,524288,40,1048576,1048576,1048576,40,64,128,128,40,128,128,128,41,128,8192,8192,1415,64,4096,8192,2315,0,0,0,0,0,0,0,0,0,0,0,0,0,0,0,0,256,4096,8192,1410,256,4096,8192,1050,64,8192,8192,22491,64,4096,8192,801,0,4096,8192,1197,0,0,0,0,0,0,0,0,0,0,0,0,0,0,0,0,0,0,0,0,0,0,0,0,64,128,128,21,128,256,256,21,12.63,9.44,3.19,0,0,0,0,38,0,100,0,19458,100,20568,0,40,21,0
17381721154000,1600,0,0,0,0,0,0,0,0,0,0,0,0,0,0,0,0,0,0,0,0,0,0,0,0,0,0,0,0,0,0,0,0,0,0,0,0,0,0,0,0,1048576,1048576,2097152,41,262144,524288,524288,41,1048576,1048576,1048576,41,64,128,256,41,128,128,128,40,64,8192,8192,1322,64,8192,8192,2222,0,0,0,0,0,0,0,0,0,0,0,0,0,0,0,0,256,8192,8192,1329,256,4096,8192,1032,64,8192,8192,20286,64,4096,8192,747,0,4096,8192,1623,0,0,0,0,0,0,0,0,0,0,0,0,0,0,0,0,0,0,0,0,0,0,0,0,64,128,128,20,64,128,128,20,9.45,8.94,0.51,0,0,0,0,39,0,100,0,17788,100,19098,0,41,20,0
17382740448200,1400,0,0,0,0,0,0,0,0,0,0,0,0,0,0,0,0,0,0,0,0,0,0,0,0,0,0,0,0,0,0,0,0,0,0,0,0,0,0,0,0,1048576,1048576,1048576,41,262144,524288,524288,41,1048576,1048576,1048576,41,64,128,128,41,128,128,128,41,128,8192,8192,1301,64,4096,8192,3101,0,0,0,0,0,0,0,0,0,0,0,0,0,0,0,0,256,8192,8192,1310,256,4096,8192,1067,64,8192,8192,18252,64,8192,8192,657,0,4096,8192,1800,0,0,0,0,0,0,0,0,0,0,0,0,0,0,0,0,0,0,0,0,0,0,0,0,64,128,128,20,64,128,128,20,9.07,8.05,1.02,0,0,0,0,39,0,200,99,16753,200,17792,0,41,20,0
17383761784800,1300,0,0,0,0,0,0,0,0,0,0,0,0,0,0,0,0,0,0,0,0,0,0,0,0,0,0,0,0,0,0,0,0,0,0,0,0,0,0,0,0,1048576,1048576,1048576,41,262144,524288,524288,41,1048576,1048576,1048576,41,64,128,128,41,128,128,128,41,128,8192,8192,1151,64,8192,8192,2051,0,0,0,0,0,0,0,0,0,0,0,0,0,0,0,0,256,4096,8192,996,256,4096,8192,996,64,8192,8192,17883,64,4096,8192,621,0,4096,8192,1539,0,0,0,0,0,0,0,0,0,0,0,0,0,0,0,0,0,0,0,0,0,0,0,0,64,128,128,21,64,128,256,21,9.82,9.05,0.77,0,0,0,0,31,0,100,97,15130,100,16483,0,41,21,0
17384782513400,1200,0,0,0,0,0,0,0,0,0,0,0,0,0,0,0,0,0,0,0,0,0,0,0,0,0,0,0,0,0,0,0,0,0,0,0,0,0,0,0,0,1048576,1048576,1048576,41,262144,524288,524288,41,1048576,1048576,1048576,41,64,128,256,41,128,128,128,41,64,8192,8192,1038,64,8192,8192,1938,0,0,0,0,0,0,0,0,0,0,0,0,0,0,0,0,256,4096,8192,1029,128,4096,8192,1029,64,8192,8192,16371,64,4096,8192,567,0,4096,8192,1782,0,0,0,0,0,0,0,0,0,0,0,0,0,0,0,0,0,0,0,0,0,0,0,0,64,128,128,20,128,128,128,20,9.95,8.67,1.28,0,0,0,0,35,0,100,95,13711,100,15017,0,41,20,0
17385802960500,1100,0,0,0,0,0,0,0,0,0,0,0,0,0,0,0,0,0,0,0,0,0,0,0,0,0,0,0,0,0,0,0,0,0,0,0,0,0,0,0,0,1048576,1048576,1048576,40,262144,262144,524288,40,1048576,1048576,1048576,40,64,128,128,40,128,128,128,41,64,8192,8192,954,64,4096,8192,1854,0,0,0,0,0,0,0,0,0,0,0,0,0,0,0,0,256,4096,8192,939,128,4096,8192,939,64,8192,8192,15939,64,4096,8192,576,0,2048,8192,2100,0,0,0,0,0,0,0,0,0,0,0,0,0,0,0,0,0,0,0,0,0,0,0,0,128,128,128,21,128,128,128,21,9.44,8.93,0.51,0,0,0,0,34,0,100,93,12831,100,13970,0,40,21,0
17386822995400,1000,0,0,0,0,0,0,0,0,0,0,0,0,0,0,0,0,0,0,0,0,0,0,0,0,0,0,0,0,0,0,0,0,0,0,0,0,0,0,0,0,1048576,1048576,1048576,41,262144,262144,262144,41,524288,1048576,1048576,41,64,128,256,41,128,128,128,40,64,8192,8192,857,64,4096,8192,1757,0,0,0,0,0,0,0,0,0,0,0,0,0,0,0,0,256,4096,8192,867,64,4096,8192,867,64,8192,8192,14760,64,4096,8192,585,0,256,4096,1767,0,0,0,0,0,0,0,0,0,0,0,0,0,0,0,0,0,0,0,0,0,0,0,0,64,128,128,20,128,128,128,20,8.81,7.66,1.15,0,0,0,0,27,0,100,92,11711,100,12927,0,41,20,0
17387843384900,900,0,0,0,0,0,0,0,0,0,0,0,0,0,0,0,0,0,0,0,0,0,0,0,0,0,0,0,0,0,0,0,0,0,0,0,0,0,0,0,0,1048576,1048576,1048576,41,262144,262144,524288,41,524288,1048576,1048576,41,64,128,128,41,128,128,128,41,64,8192,8192,885,64,4096,8192,1785,0,0,0,0,0,0,0,0,0,0,0,0,0,0,0,0,128,4096,8192,1011,64,4096,8192,1011,64,4096,8192,14481,64,4096,8192,450,0,256,4096,2037,0,0,0,0,0,0,0,0,0,0,0,0,0,0,0,0,0,0,0,0,0,0,0,0,64,128,128,20,128,256,256,20,9.70,8.81,0.89,0,0,0,0,25,0,100,90,10882,100,12153,0,41,20,0
17388863214500,800,0,0,0,0,0,0,0,0,0,0,0,0,0,0,0,0,0,0,0,0,0,0,0,0,0,0,0,0,0,0,0,0,0,0,0,0,0,0,0,0,1048576,1048576,1048576,41,131072,262144,262144,41,524288,1048576,1048576,41,64,128,128,41,128,128,128,41,64,8192,8192,738,64,4096,8192,1638,0,0,0,0,0,0,0,0,0,0,0,0,0,0,0,0,256,4096,8192,915,64,4096,8192,915,64,4096,8192,13284,64,4096,8192,423,0,128,4096,2199,0,0,0,0,0,0,0,0,0,0,0,0,0,0,0,0,0,0,0,0,0,0,0,0,64,128,128,21,64,128,128,21,10.22,8.30,1.92,0,0,0,0,22,0,100,89,9406,100,10656,0,41,21,0
17389882730400,700,0,0,0,0,0,0,0,0,0,0,0,0,0,0,0,0,0,0,0,0,0,0,0,0,0,0,0,0,0,0,0,0,0,0,0,0,0,0,0,0,524288,1048576,1048576,41,131072,262144,262144,41,524288,524288,1048576,41,64,128,128,41,128,128,128,41,64,8192,8192,609,64,4096,8192,1509,0,0,0,0,0,0,0,0,0,0,0,0,0,0,0,0,128,4096,8192,1050,64,4096,8192,1050,64,4096,8192,12195,64,4096,8192,423,0,128,4096,2004,0,0,0,0,0,0,0,0,0,0,0,0,0,0,0,0,0,0,0,0,0,0,0,0,64,128,128,20,128,128,128,20,9.32,8.55,0.77,0,0,0,0,25,0,100,88,8634,100,9818,0,41,20,0
17390902284900,600,0,0,0,0,0,0,0,0,0,0,0,0,0,0,0,0,0,0,0,0,0,0,0,0,0,0,0,0,0,0,0,0,0,0,0,0,0,0,0,0,524288,1048576,1048576,40,131072,131072,262144,40,524288,524288,524288,40,64,128,256,40,128,128,128,41,64,8192,16384,557,64,4096,8192,1458,0,0,0,0,0,0,0,0,0,0,0,0,0,0,0,0,128,4096,8192,804,64,4096,8192,804,64,4096,8192,10809,64,4096,8192,315,0,256,4096,2169,0,0,0,0,0,0,0,0,0,0,0,0,0,0,0,0,0,0,0,0,0,0,0,0,64,128,128,21,64,128,128,21,8.69,8.30,0.38,0,0,0,0,17,0,100,88,7084,100,8352,0,40,21,0
17391923572000,500,0,0,0,0,0,0,0,0,0,0,0,0,0,0,0,0,0,0,0,0,0,0,0,0,0,0,0,0,0,0,0,0,0,0,0,0,0,0,0,0,524288,1048576,1048576,41,131072,262144,262144,41,524288,524288,524288,41,64,128,128,41,128,128,128,40,64,8192,8192,489,64,4096,8192,1388,0,0,0,0,0,0,0,0,0,0,0,0,0,0,0,0,128,4096,8192,873,64,4096,8192,873,64,4096,8192,10179,64,4096,8192,306,0,128,4096,2166,0,0,0,0,0,0,0,0,0,0,0,0,0,0,0,0,0,0,0,0,0,0,0,0,64,128,128,20,64,128,128,20,9.18,8.29,0.89,0,0,0,0,14,0,100,85,6336,100,7626,0,41,20,0
17392944574900,400,0,0,0,0,0,0,0,0,0,0,0,0,0,0,0,0,0,0,0,0,0,0,0,0,0,0,0,0,0,0,0,0,0,0,0,0,0,0,0,0,524288,524288,524288,41,131072,131072,262144,41,524288,524288,524288,41,64,128,256,41,128,128,128,41,64,8192,8192,429,64,4096,8192,1329,0,0,0,0,0,0,0,0,0,0,0,0,0,0,0,0,128,4096,8192,903,64,4096,8192,903,64,4096,8192,8757,64,4096,8192,225,0,64,4096,2022,0,0,0,0,0,0,0,0,0,0,0,0,0,0,0,0,0,0,0,0,0,0,0,0,64,128,128,20,128,128,128,20,9.18,8.54,0.64,0,0,0,0,13,0,100,81,5116,100,6397,0,41,20,0
17393963626100,300,0,0,0,0,0,0,0,0,0,0,0,0,0,0,0,0,0,0,0,0,0,0,0,0,0,0,0,0,0,0,0,0,0,0,0,0,0,0,0,0,524288,524288,524288,41,65536,131072,131072,41,524288,524288,524288,41,64,128,128,41,128,128,128,41,64,4096,8192,335,64,4096,8192,1235,0,0,0,0,0,0,0,0,0,0,0,0,0,0,0,0,128,4096,8192,909,64,4096,4096,909,64,4096,8192,7794,64,4096,8192,279,0,64,4096,2097,0,0,0,0,0,0,0,0,0,0,0,0,0,0,0,0,0,0,0,0,0,0,0,0,64,128,128,21,64,128,256,21,8.69,8.43,0.26,0,0,0,0,10,0,100,82,3872,100,5147,0,41,21,0
17394984543100,200,0,0,0,0,0,0,0,0,0,0,0,0,0,0,0,0,0,0,0,0,0,0,0,0,0,0,0,0,0,0,0,0,0,0,0,0,0,0,0,0,524288,524288,524288,41,65536,131072,131072,41,262144,524288,524288,41,64,128,128,41,128,128,128,41,0,4096,8192,270,64,4096,8192,1170,0,0,0,0,0,0,0,0,0,0,0,0,0,0,0,0,128,1024,4096,807,64,4096,8192,807,0,4096,8192,6678,64,4096,8192,252,0,64,4096,2184,0,0,0,0,0,0,0,0,0,0,0,0,0,0,0,0,0,0,0,0,0,0,0,0,64,128,128,20,64,128,128,20,8.68,8.17,0.51,0,0,0,0,6,0,100,83,2416,100,3693,0,41,20,0
17396003295400,100,0,0,0,0,0,0,0,0,0,0,0,0,0,0,0,0,0,0,0,0,0,0,0,0,0,0,0,0,0,0,0,0,0,0,0,0,0,0,0,0,262144,524288,524288,41,32768,65536,65536,41,262144,262144,524288,41,64,64,256,41,128,128,128,41,0,4096,8192,138,0,4096,8192,1038,0,0,0,0,0,0,0,0,0,0,0,0,0,0,0,0,128,512,4096,842,64,256,4096,842,0,4096,8192,5733,0,4096,4096,198,0,64,4096,2019,0,0,0,0,0,0,0,0,0,0,0,0,0,0,0,0,0,0,0,0,0,0,0,0,64,128,128,21,64,128,128,21,8.43,7.79,0.64,0,0,0,0,5,0,100,81,1307,100,2643,0,41,21,0
17397024592300,0,0,0,0,0,0,0,0,0,0,0,0,0,0,0,0,0,0,0,0,0,0,0,0,0,0,0,0,0,0,0,0,0,0,0,0,0,0,0,0,0,262144,262144,524288,40,16384,65536,65536,40,262144,262144,262144,40,64,128,128,40,128,128,128,40,0,64,8192,87,0,256,8192,987,0,0,0,0,0,0,0,0,0,0,0,0,0,0,0,0,128,256,1024,813,64,128,4096,813,0,64,4096,4734,0,4096,8192,198,0,64,4096,2124,0,0,0,0,0,0,0,0,0,0,0,0,0,0,0,0,0,0,0,0,0,0,0,0,64,128,128,20,64,128,128,20,8.29,8.29,0.00,0,0,0,0,4,0,100,78,467,100,1796,0,40,20,0
17398044403200,0,0,0,0,0,0,0,0,0,0,0,0,0,0,0,0,0,0,0,0,0,0,0,0,0,0,0,0,0,0,0,0,0,0,0,0,0,0,0,0,0,262144,262144,262144,41,256,256,256,41,262144,262144,262144,41,64,128,128,41,128,128,128,41,0,0,0,0,0,0,0,0,0,0,0,0,0,0,0,0,0,0,0,0,0,0,0,0,64,128,256,836,64,128,256,836,0,64,64,4221,0,64,64,108,0,64,64,2142,0,0,0,0,0,0,0,0,0,0,0,0,0,0,0,0,0,0,0,0,0,0,0,0,128,128,128,20,64,256,256,20,8.55,8.42,0.13,0,0,0,0,0,0,0,0,0,0,1014,0,41,20,0
17399064897800,0,0,0,0,0,0,0,0,0,0,0,0,0,0,0,0,0,0,0,0,0,0,0,0,0,0,0,0,0,0,0,0,0,0,0,0,0,0,0,0,0,262144,262144,262144,41,256,256,256,41,262144,262144,262144,41,64,128,128,41,128,128,128,41,0,0,0,0,0,0,0,0,0,0,0,0,0,0,0,0,0,0,0,0,0,0,0,0,64,128,256,864,64,128,256,864,0,64,64,4275,0,0,0,0,0,64,64,1914,0,0,0,0,0,0,0,0,0,0,0,0,0,0,0,0,0,0,0,0,0,0,0,0,128,128,128,21,64,128,128,21,8.42,8.30,0.13,0,0,0,0,0,0,0,0,0,0,0,0,41,21,0
17400083876900,0,0,0,0,0,0,0,0,0,0,0,0,0,0,0,0,0,0,0,0,0,0,0,0,0,0,0,0,0,0,0,0,0,0,0,0,0,0,0,0,0,262144,262144,262144,41,256,256,256,41,262144,262144,262144,41,64,128,128,41,128,128,256,41,0,0,0,0,0,0,0,0,0,0,0,0,0,0,0,0,0,0,0,0,0,0,0,0,128,256,512,828,64,128,512,828,0,64,64,4023,0,0,0,0,0,64,64,1842,0,0,0,0,0,0,0,0,0,0,0,0,0,0,0,0,0,0,0,0,0,0,0,0,128,128,128,20,64,256,256,20,8.30,7.54,0.77,0,0,0,0,0,0,0,0,0,0,0,0,41,20,0
17401105085700,0,0,0,0,0,0,0,0,0,0,0,0,0,0,0,0,0,0,0,0,0,0,0,0,0,0,0,0,0,0,0,0,0,0,0,0,0,0,0,0,0,262144,262144,262144,41,256,256,256,41,262144,262144,262144,41,64,64,64,41,128,128,256,41,0,0,0,0,0,0,0,0,0,0,0,0,0,0,0,0,0,0,0,0,0,0,0,0,128,256,256,840,64,128,256,840,0,64,64,4257,0,0,0,0,0,64,64,1737,0,0,0,0,0,0,0,0,0,0,0,0,0,0,0,0,0,0,0,0,0,0,0,0,128,128,128,21,64,128,128,21,8.29,8.29,0.00,0,0,0,0,0,0,0,0,0,0,0,0,41,21,0
17402126402400,0,0,0,0,0,0,0,0,0,0,0,0,0,0,0,0,0,0,0,0,0,0,0,0,0,0,0,0,0,0,0,0,0,0,0,0,0,0,0,0,0,262144,262144,262144,40,256,256,512,40,262144,262144,262144,40,64,64,64,40,128,256,256,40,0,0,0,0,0,0,0,0,0,0,0,0,0,0,0,0,0,0,0,0,0,0,0,0,128,256,256,821,64,128,256,821,0,64,64,3987,0,0,0,0,0,64,64,1461,0,0,0,0,0,0,0,0,0,0,0,0,0,0,0,0,0,0,0,0,0,0,0,0,128,128,128,20,64,128,128,20,8.55,8.42,0.13,0,0,0,0,0,0,0,0,0,0,0,0,40,20,0
17403145839900,0,0,0,0,0,0,0,0,0,0,0,0,0,0,0,0,0,0,0,0,0,0,0,0,0,0,0,0,0,0,0,0,0,0,0,0,0,0,0,0,0,262144,262144,262144,41,256,256,256,41,262144,262144,262144,41,64,64,128,41,128,128,256,41,0,0,0,0,0,0,0,0,0,0,0,0,0,0,0,0,0,0,0,0,0,0,0,0,128,256,256,831,64,128,256,831,0,64,64,3906,0,0,0,0,0,64,64,1389,0,0,0,0,0,0,0,0,0,0,0,0,0,0,0,0,0,0,0,0,0,0,0,0,128,128,128,20,64,256,256,20,8.30,8.17,0.13,0,0,0,0,0,0,0,0,0,0,0,0,41,20,0
17404165924200,0,0,0,0,0,0,0,0,0,0,0,0,0,0,0,0,0,0,0,0,0,0,0,0,0,0,0,0,0,0,0,0,0,0,0,0,0,0,0,0,0,262144,262144,262144,41,256,256,512,41,262144,262144,262144,41,64,128,256,41,128,128,128,41,0,0,0,0,0,0,0,0,0,0,0,0,0,0,0,0,0,0,0,0,0,0,0,0,128,256,256,837,64,128,512,837,0,64,64,4140,0,0,0,0,0,64,64,1368,0,0,0,0,0,0,0,0,0,0,0,0,0,0,0,0,0,0,0,0,0,0,0,0,128,128,128,21,64,128,128,21,8.30,7.67,0.64,0,0,0,0,0,0,0,0,0,0,0,0,41,21,0
17405187306600,0,0,0,0,0,0,0,0,0,0,0,0,0,0,0,0,0,0,0,0,0,0,0,0,0,0,0,0,0,0,0,0,0,0,0,0,0,0,0,0,0,262144,262144,262144,41,256,256,256,41,262144,262144,262144,41,64,128,256,41,128,256,256,41,0,0,0,0,0,0,0,0,0,0,0,0,0,0,0,0,0,0,0,0,0,0,0,0,128,128,256,834,64,64,256,834,0,64,64,4482,0,0,0,0,0,64,64,1149,0,0,0,0,0,0,0,0,0,0,0,0,0,0,0,0,0,0,0,0,0,0,0,0,128,128,128,20,64,128,128,20,8.53,8.41,0.13,0,0,0,0,0,0,0,0,0,0,0,0,41,20,0
17406206228200,0,0,0,0,0,0,0,0,0,0,0,0,0,0,0,0,0,0,0,0,0,0,0,0,0,0,0,0,0,0,0,0,0,0,0,0,0,0,0,0,0,262144,262144,262144,41,256,256,256,41,262144,262144,262144,41,64,128,256,41,128,128,128,41,0,0,0,0,0,0,0,0,0,0,0,0,0,0,0,0,0,0,0,0,0,0,0,0,128,128,512,870,64,128,512,870,0,64,64,4257,0,0,0,0,0,64,64,1089,0,0,0,0,0,0,0,0,0,0,0,0,0,0,0,0,0,0,0,0,0,0,0,0,128,128,128,21,64,128,128,21,8.43,8.30,0.13,0,0,0,0,0,0,0,0,0,0,0,0,41,21,0
17407227404900,0,0,0,0,0,0,0,0,0,0,0,0,0,0,0,0,0,0,0,0,0,0,0,0,0,0,0,0,0,0,0,0,0,0,0,0,0,0,0,0,0,262144,262144,262144,41,256,256,256,41,262144,262144,262144,41,64,128,128,41,128,128,256,41,0,0,0,0,0,0,0,0,0,0,0,0,0,0,0,0,0,0,0,0,0,0,0,0,128,128,256,854,64,64,256,854,0,64,64,4383,0,0,0,0,0,64,64,1008,0,0,0,0,0,0,0,0,0,0,0,0,0,0,0,0,0,0,0,0,0,0,0,0,128,128,128,20,64,128,128,20,8.30,8.30,0.00,0,0,0,0,0,0,0,0,0,0,0,0,41,20,0
17408245671300,0,0,0,0,0,0,0,0,0,0,0,0,0,0,0,0,0,0,0,0,0,0,0,0,0,0,0,0,0,0,0,0,0,0,0,0,0,0,0,0,0,262144,262144,262144,40,256,256,256,40,262144,262144,262144,40,64,256,256,40,128,128,128,40,0,0,0,0,0,0,0,0,0,0,0,0,0,0,0,0,0,0,0,0,0,0,0,0,128,128,256,908,64,64,256,908,0,64,64,4284,0,0,0,0,0,64,64,870,0,0,0,0,0,0,0,0,0,0,0,0,0,0,0,0,0,0,0,0,0,0,0,0,128,256,256,20,64,128,128,20,8.31,7.54,0.77,0,0,0,0,0,0,0,0,0,0,0,0,40,20,0
17409267955900,0,0,0,0,0,0,0,0,0,0,0,0,0,0,0,0,0,0,0,0,0,0,0,0,0,0,0,0,0,0,0,0,0,0,0,0,0,0,0,0,0,262144,262144,262144,41,256,256,256,41,262144,262144,262144,41,64,64,64,41,128,128,128,41,0,0,0,0,0,0,0,0,0,0,0,0,0,0,0,0,0,0,0,0,0,0,0,0,128,128,256,858,64,64,256,858,0,64,64,4680,0,0,0,0,0,64,64,780,0,0,0,0,0,0,0,0,0,0,0,0,0,0,0,0,0,0,0,0,0,0,0,0,128,128,128,21,64,128,128,21,8.53,8.41,0.13,0,0,0,0,0,0,0,0,0,0,0,0,41,21,0
17410286060700,0,0,0,0,0,0,0,0,0,0,0,0,0,0,0,0,0,0,0,0,0,0,0,0,0,0,0,0,0,0,0,0,0,0,0,0,0,0,0,0,0,262144,262144,262144,41,256,256,256,41,262144,262144,262144,41,64,64,128,41,128,128,128,41,0,0,0,0,0,0,0,0,0,0,0,0,0,0,0,0,0,0,0,0,0,0,0,0,128,128,256,887,64,128,256,887,0,64,64,4383,0,0,0,0,0,64,64,621,0,0,0,0,0,0,0,0,0,0,0,0,0,0,0,0,0,0,0,0,0,0,0,0,128,128,128,20,64,256,256,20,8.31,8.31,0.00,0,0,0,0,0,0,0,0,0,0,0,0,41,20,0
17411307757900,0,0,0,0,0,0,0,0,0,0,0,0,0,0,0,0,0,0,0,0,0,0,0,0,0,0,0,0,0,0,0,0,0,0,0,0,0,0,0,0,0,262144,262144,262144,41,256,256,256,41,262144,262144,262144,41,64,64,128,41,128,128,256,41,0,0,0,0,0,0,0,0,0,0,0,0,0,0,0,0,0,0,0,0,0,0,0,0,128,128,256,882,64,128,512,882,0,64,64,4473,0,0,0,0,0,64,64,585,0,0,0,0,0,0,0,0,0,0,0,0,0,0,0,0,0,0,0,0,0,0,0,0,128,256,256,21,64,128,128,21,8.28,8.28,0.00,0,0,0,0,0,0,0,0,0,0,1,0,41,21,0
17412327895700,0,0,0,0,0,0,0,0,0,0,0,0,0,0,0,0,0,0,0,0,0,0,0,0,0,0,0,0,0,0,0,0,0,0,0,0,0,0,0,0,0,262144,262144,262144,41,256,256,256,41,262144,262144,262144,41,64,64,128,41,128,128,256,41,0,0,0,0,0,0,0,0,0,0,0,0,0,0,0,0,0,0,0,0,0,0,0,0,128,128,256,954,64,128,256,954,0,64,64,4194,0,0,0,0,0,64,64,480,0,0,0,0,0,0,0,0,0,0,0,0,0,0,0,0,0,0,0,0,0,0,0,0,128,128,128,20,64,64,64,20,8.55,8.04,0.51,0,0,0,0,0,0,0,0,0,0,0,0,41,20,0
17413347865300,0,0,0,0,0,0,0,0,0,0,0,0,0,0,0,0,0,0,0,0,0,0,0,0,0,0,0,0,0,0,0,0,0,0,0,0,0,0,0,0,0,262144,262144,262144,40,256,256,256,40,262144,262144,262144,40,64,64,256,40,128,256,256,40,0,0,0,0,0,0,0,0,0,0,0,0,0,0,0,0,0,0,0,0,0,0,0,0,128,128,256,825,64,128,256,825,0,64,64,3897,0,0,0,0,0,64,64,402,0,0,0,0,0,0,0,0,0,0,0,0,0,0,0,0,0,0,0,0,0,0,0,0,128,128,128,20,64,128,128,20,8.43,8.18,0.26,0,0,0,0,0,0,0,0,0,0,0,0,40,20,0
17414368779400,0,0,0,0,0,0,0,0,0,0,0,0,0,0,0,0,0,0,0,0,0,0,0,0,0,0,0,0,0,0,0,0,0,0,0,0,0,0,0,0,0,262144,262144,262144,41,256,256,256,41,262144,262144,262144,41,64,128,256,41,128,256,256,41,0,0,0,0,0,0,0,0,0,0,0,0,0,0,0,0,0,0,0,0,0,0,0,0,128,128,256,939,64,128,256,939,0,64,64,4275,0,0,0,0,0,64,64,444,0,0,0,0,0,0,0,0,0,0,0,0,0,0,0,0,0,0,0,0,0,0,0,0,128,256,256,21,64,128,128,21,8.29,8.29,0.00,0,0,0,0,0,0,0,0,0,0,0,0,41,21,0
17415390943300,0,0,0,0,0,0,0,0,0,0,0,0,0,0,0,0,0,0,0,0,0,0,0,0,0,0,0,0,0,0,0,0,0,0,0,0,0,0,0,0,0,262144,262144,262144,41,256,256,256,41,262144,262144,262144,41,64,128,256,41,128,128,256,41,0,0,0,0,0,0,0,0,0,0,0,0,0,0,0,0,0,0,0,0,0,0,0,0,128,256,256,852,64,128,256,852,0,64,64,4293,0,0,0,0,0,64,64,327,0,0,0,0,0,0,0,0,0,0,0,0,0,0,0,0,0,0,0,0,0,0,0,0,128,256,256,20,64,128,128,20,8.30,8.30,0.00,0,0,0,0,0,0,0,0,0,0,0,0,41,20,0
17416409841100,0,0,0,0,0,0,0,0,0,0,0,0,0,0,0,0,0,0,0,0,0,0,0,0,0,0,0,0,0,0,0,0,0,0,0,0,0,0,0,0,0,262144,262144,262144,41,256,256,256,41,262144,262144,262144,41,64,128,256,41,128,128,128,41,0,0,0,0,0,0,0,0,0,0,0,0,0,0,0,0,0,0,0,0,0,0,0,0,64,128,256,866,64,64,256,866,0,64,64,4770,0,0,0,0,0,64,64,291,0,0,0,0,0,0,0,0,0,0,0,0,0,0,0,0,0,0,0,0,0,0,0,0,128,128,256,21,64,256,256,21,8.53,8.15,0.38,0,0,0,0,0,0,0,0,0,0,0,0,41,21,0
17417428287500,0,0,0,0,0,0,0,0,0,0,0,0,0,0,0,0,0,0,0,0,0,0,0,0,0,0,0,0,0,0,0,0,0,0,0,0,0,0,0,0,0,262144,262144,262144,41,256,256,256,41,262144,262144,262144,41,64,128,256,41,128,128,256,41,0,0,0,0,0,0,0,0,0,0,0,0,0,0,0,0,0,0,0,0,0,0,0,0,128,128,256,963,64,128,256,963,0,64,64,4356,0,0,0,0,0,64,64,291,0,0,0,0,0,0,0,0,0,0,0,0,0,0,0,0,0,0,0,0,0,0,0,0,128,256,256,20,64,256,256,20,8.31,7.80,0.51,0,0,0,0,0,0,0,0,0,0,0,0,41,20,0
