timestampNs,users,fRecv_Move_p50,fRecv_Move_p95,fRecv_Move_p99,fRecv_Move_cnt,fRecv_RTT_p50,fRecv_RTT_p95,fRecv_RTT_p99,fRecv_RTT_cnt,fRecv_Swing_p50,fRecv_Swing_p95,fRecv_Swing_p99,fRecv_Swing_cnt,fRecv_Skill_p50,fRecv_Skill_p95,fRecv_Skill_p99,fRecv_Skill_cnt,fRecv_Pickup_p50,fRecv_Pickup_p95,fRecv_Pickup_p99,fRecv_Pickup_cnt,fRecv_UseItem_p50,fRecv_UseItem_p95,fRecv_UseItem_p99,fRecv_UseItem_cnt,fRecv_DelItem_p50,fRecv_DelItem_p95,fRecv_DelItem_p99,fRecv_DelItem_cnt,fRecv_Swap_p50,fRecv_Swap_p95,fRecv_Swap_p99,fRecv_Swap_cnt,fRecv_Respawn_p50,fRecv_Respawn_p95,fRecv_Respawn_p99,fRecv_Respawn_cnt,fRecv_Lock_p50,fRecv_Lock_p95,fRecv_Lock_p99,fRecv_Lock_cnt,fUpd_Whole_p50,fUpd_Whole_p95,fUpd_Whole_p99,fUpd_Whole_cnt,fUpd_User_p50,fUpd_User_p95,fUpd_User_p99,fUpd_User_cnt,fUpd_Monster_p50,fUpd_Monster_p95,fUpd_Monster_p99,fUpd_Monster_cnt,fUpd_Drop_p50,fUpd_Drop_p95,fUpd_Drop_p99,fUpd_Drop_cnt,fUpd_Lock_p50,fUpd_Lock_p95,fUpd_Lock_p99,fUpd_Lock_cnt,bc_CreateChar_p50,bc_CreateChar_p95,bc_CreateChar_p99,bc_CreateChar_cnt,bc_DelChar_p50,bc_DelChar_p95,bc_DelChar_p99,bc_DelChar_cnt,bc_MoveInput_p50,bc_MoveInput_p95,bc_MoveInput_p99,bc_MoveInput_cnt,bc_Swing_p50,bc_Swing_p95,bc_Swing_p99,bc_Swing_cnt,bc_HitResult_p50,bc_HitResult_p95,bc_HitResult_p99,bc_HitResult_cnt,bc_Skill_p50,bc_Skill_p95,bc_Skill_p99,bc_Skill_cnt,bc_CreateMon_p50,bc_CreateMon_p95,bc_CreateMon_p99,bc_CreateMon_cnt,bc_DelMon_p50,bc_DelMon_p95,bc_DelMon_p99,bc_DelMon_cnt,bc_MoveMon_p50,bc_MoveMon_p95,bc_MoveMon_p99,bc_MoveMon_cnt,bc_StopMon_p50,bc_StopMon_p95,bc_StopMon_p99,bc_StopMon_cnt,bc_MonHitPlayer_p50,bc_MonHitPlayer_p95,bc_MonHitPlayer_p99,bc_MonHitPlayer_cnt,bc_CreateDrop_p50,bc_CreateDrop_p95,bc_CreateDrop_p99,bc_CreateDrop_cnt,bc_DelDrop_p50,bc_DelDrop_p95,bc_DelDrop_p99,bc_DelDrop_cnt,bc_Respawn_p50,bc_Respawn_p95,bc_Respawn_p99,bc_Respawn_cnt,aRecv_Login_p50,aRecv_Login_p95,aRecv_Login_p99,aRecv_Login_cnt,aRecv_CharSelect_p50,aRecv_CharSelect_p95,aRecv_CharSelect_p99,aRecv_CharSelect_cnt,aRecv_Lock_p50,aRecv_Lock_p95,aRecv_Lock_p99,aRecv_Lock_cnt,aUpd_Lock_p50,aUpd_Lock_p95,aUpd_Lock_p99,aUpd_Lock_cnt,aUpd_Whole_p50,aUpd_Whole_p95,aUpd_Whole_p99,aUpd_Whole_cnt,cpuTotal,cpuUser,cpuKernel,db_CharSelect,db_InsertItem,db_DelItem,db_ItemCount,db_ItemSlot,db_CharProgress,db_LogOut,db_CharSelect_q_p50,db_CharSelect_q_p95,db_CharSelect_q_p99,db_CharSelect_q_p999,db_CharSelect_q_max,db_CharSelect_q_cnt,db_InsertItem_q_p50,db_InsertItem_q_p95,db_InsertItem_q_p99,db_InsertItem_q_p999,db_InsertItem_q_max,db_InsertItem_q_cnt,db_DelItem_q_p50,db_DelItem_q_p95,db_DelItem_q_p99,db_DelItem_q_p999,db_DelItem_q_max,db_DelItem_q_cnt,db_ItemCount_q_p50,db_ItemCount_q_p95,db_ItemCount_q_p99,db_ItemCount_q_p999,db_ItemCount_q_max,db_ItemCount_q_cnt,db_ItemSlot_q_p50,db_ItemSlot_q_p95,db_ItemSlot_q_p99,db_ItemSlot_q_p999,db_ItemSlot_q_max,db_ItemSlot_q_cnt,db_CharProgress_q_p50,db_CharProgress_q_p95,db_CharProgress_q_p99,db_CharProgress_q_p999,db_CharProgress_q_max,db_CharProgress_q_cnt,db_LogOut_q_p50,db_LogOut_q_p95,db_LogOut_q_p99,db_LogOut_q_p999,db_LogOut_q_max,db_LogOut_q_cnt,dbp_Block_p50,dbp_Block_p95,dbp_Block_p99,dbp_Block_p999,dbp_Block_max,dbp_Block_cnt,dbp_Dequeue_p50,dbp_Dequeue_p95,dbp_Dequeue_p99,dbp_Dequeue_p999,dbp_Dequeue_max,dbp_Dequeue_cnt,dbp_Execute_p50,dbp_Execute_p95,dbp_Execute_p99,dbp_Execute_p999,dbp_Execute_max,dbp_Execute_cnt,dbp_Enqueue_p50,dbp_Enqueue_p95,dbp_Enqueue_p99,dbp_Enqueue_p999,dbp_Enqueue_max,dbp_Enqueue_cnt,dbp_DeleteJob_p50,dbp_DeleteJob_p95,dbp_DeleteJob_p99,dbp_DeleteJob_p999,dbp_DeleteJob_max,dbp_DeleteJob_cnt,dbQueue,storeQueue,sendIOTPS,recvIOTPS,tcpSeg,tcpRetx,fieldFrame,authFrame,syncCount
41772614478200,0,0,0,0,0,0,0,0,0,0,0,0,0,0,0,0,0,0,0,0,0,0,0,0,0,0,0,0,0,0,0,0,0,0,0,0,0,0,0,0,0,131072,262144,262144,41,256,512,1024,41,131072,262144,262144,41,256,256,512,41,256,262144,1048576,41,0,0,0,0,0,0,0,0,0,0,0,0,0,0,0,0,0,0,0,0,0,0,0,0,0,0,0,0,0,0,0,0,0,0,0,0,0,0,0,0,0,0,0,0,0,0,0,0,0,0,0,0,0,0,0,0,0,0,0,0,0,0,0,0,0,0,0,0,256,2048,2048,20,256,512,512,20,7.71,4.20,3.51,0,0,0,0,0,0,0,0,0,0,0,0,0,0,0,0,0,0,0,0,0,0,0,0,0,0,0,0,0,0,0,0,0,0,0,0,0,0,0,0,0,0,0,0,0,0,0,0,0,0,0,0,0,0,0,0,0,0,0,0,0,0,0,0,0,0,0,0,0,0,0,0,0,0,0,0,0,0,0,0,0,0,0,0,0,41,20,0
41773639760100,0,0,0,0,0,0,0,0,0,0,0,0,0,0,0,0,0,0,0,0,0,0,0,0,0,0,0,0,0,0,0,0,0,0,0,0,0,0,0,0,0,131072,262144,262144,41,256,256,256,41,131072,262144,262144,41,64,256,256,41,128,256,256,41,0,0,0,0,0,0,0,0,0,0,0,0,0,0,0,0,0,0,0,0,0,0,0,0,0,0,0,0,0,0,0,0,0,64,64,414,0,0,0,0,0,0,0,0,0,0,0,0,0,0,0,0,0,0,0,0,0,0,0,0,0,0,0,0,0,0,0,0,128,256,256,21,128,256,256,21,8.27,5.17,3.10,0,0,0,0,0,0,0,0,0,0,0,0,0,0,0,0,0,0,0,0,0,0,0,0,0,0,0,0,0,0,0,0,0,0,0,0,0,0,0,0,0,0,0,0,0,0,0,0,0,0,0,0,0,0,0,0,0,0,0,0,0,0,0,0,0,0,0,0,0,0,0,0,0,0,0,0,0,0,0,0,0,0,0,23,0,41,21,0
41774668998600,100,2048,4096,4096,93,512,512,512,6,2048,4096,4096,11,0,0,0,0,0,0,0,0,65536,65536,65536,6,512,1024,1024,100,1024,2048,2048,7,0,0,0,0,64,131072,262144,227,131072,262144,262144,41,256,8192,16384,41,131072,262144,262144,41,64,256,256,41,128,128,512,41,0,256,256,903,64,128,128,3,128,256,512,837,64,128,256,99,0,0,0,0,128,256,256,36,128,512,1024,162,64,256,2048,162,0,64,128,6813,64,256,512,27,0,0,0,0,0,0,0,0,0,0,0,0,0,0,0,0,1024,524288,524288,100,1024,65536,131072,100,64,65536,524288,200,128,128,128,20,256,262144,262144,20,8.47,5.56,2.91,100,0,0,6,0,0,0,131072,262144,524288,524288,1048576,100,0,0,0,0,0,0,0,0,0,0,0,0,131072,131072,131072,131072,262144,6,0,0,0,0,0,0,0,0,0,0,0,0,0,0,0,0,0,0,0,0,0,0,0,0,0,0,0,0,0,0,0,0,0,0,0,0,0,0,0,0,0,0,0,0,0,0,0,0,0,0,246,419,1370,0,41,20,0
41775703751200,152,2048,4096,16384,752,512,1024,1024,102,4096,8192,8192,92,0,0,0,0,0,0,0,0,4096,65536,65536,26,512,1024,1024,45,2048,2048,2048,14,0,0,0,0,64,16384,65536,1069,262144,524288,524288,41,16384,32768,65536,41,262144,524288,524288,41,64,128,256,41,128,256,512,41,64,256,256,573,128,512,512,105,128,256,512,6768,64,256,512,828,64,128,128,36,64,256,256,342,128,512,4096,540,64,256,512,540,0,128,256,7101,64,256,512,252,64,256,256,18,0,0,0,0,0,0,0,0,0,0,0,0,1024,2048,262144,82,1024,1024,2048,61,64,64,128,143,64,128,128,21,128,131072,262144,21,8.54,5.40,3.14,61,0,0,26,0,0,0,131072,262144,262144,262144,262144,61,0,0,0,0,0,0,0,0,0,0,0,0,131072,262144,262144,262144,262144,26,0,0,0,0,0,0,0,0,0,0,0,0,0,0,0,0,0,0,0,0,0,0,0,0,0,0,0,0,0,0,0,0,0,0,0,0,0,0,0,0,0,0,0,0,0,0,0,0,0,0,1669,1198,2692,0,41,21,0
41776739874800,200,2048,4096,16384,1460,512,1024,1024,200,4096,4096,8192,190,0,0,0,0,0,0,0,0,2048,4096,4096,44,512,1024,1024,163,2048,2048,2048,35,0,0,0,0,64,32768,131072,2156,262144,524288,524288,42,65536,65536,65536,42,262144,524288,524288,42,64,128,128,42,128,128,128,42,64,256,512,726,128,512,1024,294,128,256,512,13140,64,256,512,1710,64,256,256,54,64,256,512,576,128,512,1024,795,64,256,512,795,64,256,256,9504,64,256,1024,405,64,256,256,123,0,0,0,0,0,0,0,0,0,0,0,0,1024,2048,2048,18,1024,1024,1024,39,64,64,128,57,64,128,128,21,64,16384,131072,21,8.50,5.87,2.62,39,0,0,44,0,0,0,131072,262144,262144,262144,262144,39,0,0,0,0,0,0,0,0,0,0,0,0,131072,131072,262144,262144,262144,44,0,0,0,0,0,0,0,0,0,0,0,0,0,0,0,0,0,0,0,0,0,0,0,0,0,0,0,0,0,0,0,0,0,0,0,0,0,0,0,0,0,0,0,0,0,0,0,0,0,0,2947,2182,4422,0,42,21,0
41777774929300,300,2048,4096,16384,2066,512,1024,1024,286,4096,4096,8192,252,0,0,0,0,0,0,0,0,2048,4096,4096,58,512,1024,1024,292,2048,2048,2048,32,0,0,0,0,64,32768,262144,3069,262144,524288,524288,41,65536,65536,131072,41,262144,524288,524288,41,64,128,128,41,128,128,128,41,64,256,512,1211,128,512,1024,311,128,256,512,18594,64,256,512,2268,64,128,128,18,128,256,512,747,128,512,512,1122,64,256,256,1122,64,256,256,9027,64,256,512,540,64,256,256,117,0,0,0,0,0,0,0,0,0,0,0,0,1024,2048,4096,100,1024,1024,2048,100,64,64,128,200,128,128,128,20,128,262144,262144,20,8.43,6.16,2.26,100,0,0,58,0,0,0,131072,262144,262144,262144,524288,100,0,0,0,0,0,0,0,0,0,0,0,0,131072,131072,262144,262144,262144,58,0,0,0,0,0,0,0,0,0,0,0,0,0,0,0,0,0,0,0,0,0,0,0,0,0,0,0,0,0,0,0,0,0,0,0,0,0,0,0,0,0,0,0,0,0,0,0,0,0,0,4076,3238,6576,0,41,20,0
41778807368100,500,2048,4096,16384,2799,512,1024,1024,374,4096,4096,8192,296,4096,8192,8192,19,0,0,0,0,2048,4096,4096,116,512,1024,1024,495,1024,2048,2048,108,0,0,0,0,64,65536,262144,4318,262144,524288,524288,41,65536,131072,131072,41,262144,262144,524288,41,64,128,128,41,64,128,256,41,64,256,512,2202,128,512,512,402,128,512,512,25191,128,256,512,2664,64,256,256,144,128,256,512,1170,128,512,1024,1074,64,256,512,1074,64,256,512,6426,64,256,512,657,64,256,512,117,0,0,0,0,0,0,0,0,0,0,0,0,1024,2048,2048,200,1024,1024,2048,200,64,128,1024,400,128,128,128,21,128,262144,524288,21,9.15,6.74,2.41,200,0,0,116,0,0,0,131072,262144,262144,262144,262144,200,0,0,0,0,0,0,0,0,0,0,0,0,131072,131072,262144,262144,262144,116,0,0,0,0,0,0,0,0,0,0,0,0,0,0,0,0,0,0,0,0,0,0,0,0,0,0,0,0,0,0,0,0,0,0,0,0,0,0,0,0,0,0,0,0,0,0,0,0,0,0,5436,4641,9212,0,41,21,0
41779843885700,672,2048,4096,16384,3972,512,1024,1024,554,4096,4096,8192,444,4096,8192,8192,43,0,0,0,0,2048,4096,4096,137,512,1024,1024,547,2048,2048,2048,92,0,0,0,0,64,65536,131072,5899,524288,524288,524288,42,131072,131072,131072,42,262144,524288,524288,42,64,64,128,42,128,128,256,42,64,256,512,2274,128,512,1024,726,128,512,512,35748,64,256,512,3996,64,256,256,192,64,256,512,1377,128,512,1024,705,64,256,512,705,64,256,512,8100,64,256,512,864,64,256,256,111,0,0,0,0,0,0,0,0,0,0,0,0,1024,2048,4096,200,1024,1024,2048,186,64,128,2048,386,64,128,128,21,256,262144,524288,21,9.68,6.41,3.27,186,0,0,137,0,0,0,131072,262144,262144,262144,262144,180,0,0,0,0,0,0,0,0,0,0,0,0,131072,131072,262144,262144,262144,137,0,0,0,0,0,0,0,0,0,0,0,0,0,0,0,0,0,0,0,0,0,0,0,0,0,0,0,0,0,0,0,0,0,0,0,0,0,0,0,0,0,0,0,0,0,0,0,0,5,0,7591,6227,11645,0,42,21,0
41780879060800,800,2048,4096,16384,5308,512,1024,1024,738,4096,4096,8192,607,4096,8192,8192,84,0,0,0,0,2048,4096,4096,157,512,1024,1024,578,1024,2048,2048,114,0,0,0,0,64,65536,131072,7724,524288,524288,524288,41,131072,262144,262144,41,262144,262144,262144,41,64,128,256,41,128,128,128,41,64,256,512,2151,128,512,512,999,128,512,512,47772,64,256,512,5463,64,256,512,315,128,256,512,1998,256,512,1024,573,128,256,512,573,64,256,512,10008,64,256,512,828,64,256,256,120,0,0,0,0,0,0,0,0,0,0,0,0,1024,2048,2048,111,1024,1024,2048,114,64,64,2048,225,64,128,128,20,128,262144,262144,20,10.48,6.99,3.49,114,0,0,157,0,0,0,262144,262144,262144,524288,524288,120,0,0,0,0,0,0,0,0,0,0,0,0,131072,131072,262144,262144,262144,157,0,0,0,0,0,0,0,0,0,0,0,0,0,0,0,0,0,0,0,0,0,0,0,0,0,0,0,0,0,0,0,0,0,0,0,0,0,0,0,0,0,0,0,0,0,0,0,0,0,0,9928,7855,14030,0,41,20,0
41781910756000,965,2048,4096,16384,6405,512,1024,1024,895,4096,8192,16384,773,4096,8192,8192,91,0,0,0,0,2048,4096,4096,210,512,1024,1024,719,1024,2048,2048,114,0,0,0,0,64,65536,262144,9387,524288,524288,524288,41,262144,262144,262144,41,262144,524288,524288,41,64,128,256,41,64,128,128,42,64,256,512,2568,128,512,1024,1083,128,512,512,57645,128,512,512,6957,64,256,256,327,128,512,512,2439,256,1024,1024,618,128,512,512,618,64,256,512,13347,128,256,512,846,128,512,512,135,0,0,0,0,0,0,0,0,0,0,0,0,1024,2048,4096,189,1024,2048,2048,179,64,256,131072,368,64,128,128,21,128,262144,262144,21,9.93,6.37,3.57,179,0,0,210,0,0,0,131072,262144,262144,262144,524288,179,0,0,0,0,0,0,0,0,0,0,0,0,131072,131072,131072,262144,262144,210,0,0,0,0,0,0,0,0,0,0,0,0,0,0,0,0,0,0,0,0,0,0,0,0,0,0,0,0,0,0,0,0,0,0,0,0,0,0,0,0,0,0,0,0,0,0,0,0,0,0,11860,9626,16404,0,41,21,0
41782946120600,1100,2048,4096,16384,7725,512,1024,1024,1071,4096,4096,8192,884,4096,8192,8192,128,0,0,0,0,2048,4096,4096,231,512,1024,1024,934,1024,2048,2048,199,0,0,0,0,64,65536,131072,11362,524288,524288,524288,42,262144,262144,262144,42,262144,524288,524288,42,64,128,128,42,64,128,256,41,64,256,512,2538,128,512,512,1323,128,512,512,69525,128,512,512,7956,64,256,256,447,128,512,512,2862,256,1024,1024,885,128,512,512,885,64,256,512,12078,64,256,512,972,64,256,256,108,0,0,0,0,0,0,0,0,0,0,0,0,1024,2048,2048,114,1024,1024,2048,121,64,64,2048,235,64,128,128,21,128,262144,262144,21,11.25,7.25,4.00,121,0,0,231,0,0,0,131072,262144,262144,262144,262144,121,0,0,0,0,0,0,0,0,0,0,0,0,131072,131072,262144,262144,262144,231,0,0,0,0,0,0,0,0,0,0,0,0,0,0,0,0,0,0,0,0,0,0,0,0,0,0,0,0,0,0,0,0,0,0,0,0,0,0,0,0,0,0,0,0,0,0,0,0,0,0,13907,11421,18993,0,42,21,0
41783980638900,1300,2048,4096,16384,8838,512,512,1024,1248,4096,8192,8192,994,4096,8192,8192,184,0,0,0,0,2048,4096,8192,289,512,1024,1024,1196,1024,2048,2048,195,0,0,0,0,64,65536,262144,13088,524288,1048576,1048576,41,262144,262144,524288,41,262144,524288,524288,41,64,128,128,41,128,256,32768,41,64,256,512,3191,128,512,512,1391,128,512,512,79542,128,512,512,8946,64,256,512,615,128,512,512,2952,256,1024,1024,1095,128,512,512,1095,64,256,512,12438,128,512,512,1053,64,256,256,63,0,0,0,0,0,0,0,0,0,0,0,0,1024,2048,2048,186,1024,1024,2048,200,64,128,512,386,64,128,128,20,131072,262144,262144,20,10.68,7.04,3.64,200,0,0,289,0,0,0,131072,262144,262144,262144,262144,200,0,0,0,0,0,0,0,0,0,0,0,0,131072,131072,131072,262144,262144,289,0,0,0,0,0,0,0,0,0,0,0,0,0,0,0,0,0,0,0,0,0,0,0,0,0,0,0,0,0,0,0,0,0,0,0,0,0,0,0,0,0,0,0,0,0,0,0,0,0,0,16038,13282,22705,0,41,20,0
41785014665500,1470,2048,4096,16384,9808,512,512,1024,1383,4096,8192,8192,1079,4096,8192,8192,233,0,0,0,0,2048,4096,4096,307,512,1024,1024,1191,1024,2048,4096,194,0,0,0,0,64,65536,262144,14356,524288,1048576,1048576,42,262144,524288,524288,42,262144,524288,524288,42,64,64,64,42,128,8192,16384,42,64,512,512,3207,128,512,1024,1677,128,512,512,88272,128,512,512,9711,64,256,512,900,128,512,512,3546,256,1024,1024,1208,128,512,512,1208,64,512,512,13257,64,256,512,1485,64,512,512,180,0,0,0,0,0,0,0,0,0,0,0,0,1024,2048,2048,184,1024,2048,2048,171,64,128,2048,355,64,128,128,21,65536,262144,262144,21,10.68,7.63,3.05,171,0,0,307,0,0,0,262144,262144,262144,524288,524288,171,0,0,0,0,0,0,0,0,0,0,0,0,131072,131072,262144,262144,524288,307,0,0,0,0,0,0,0,0,0,0,0,0,0,0,0,0,0,0,0,0,0,0,0,0,0,0,0,0,0,0,0,0,0,0,0,0,0,0,0,0,0,0,0,0,0,0,0,0,0,0,17742,14460,25189,0,42,21,0
41786046677600,1600,2048,4096,16384,11115,512,1024,1024,1591,4096,8192,8192,1285,4096,8192,8192,297,0,0,0,0,2048,4096,4096,312,512,1024,1024,1272,1024,2048,2048,212,0,0,0,0,128,65536,262144,16242,524288,1048576,1048576,41,262144,524288,524288,41,262144,524288,524288,41,64,128,128,41,128,2048,32768,41,128,512,512,3191,128,512,1024,2021,128,512,1024,100035,128,512,512,11565,64,256,512,1278,128,512,512,4068,256,1024,1024,900,256,512,512,900,128,512,512,14121,128,256,512,1800,64,256,512,282,0,0,0,0,0,0,0,0,0,0,0,0,1024,2048,2048,116,1024,1024,2048,129,64,64,1024,245,64,128,128,21,32768,131072,262144,21,10.61,7.36,3.25,129,0,0,312,0,0,0,262144,262144,262144,262144,524288,129,0,0,0,0,0,0,0,0,0,0,0,0,131072,131072,262144,262144,262144,312,0,0,0,0,0,0,0,0,0,0,0,0,0,0,0,0,0,0,0,0,0,0,0,0,0,0,0,0,0,0,0,0,0,0,0,0,0,0,0,0,0,0,0,0,0,0,0,0,0,0,18246,16154,26273,0,41,21,0
41787084000800,1709,2048,4096,16384,11864,512,512,1024,1684,4096,8192,8192,1342,4096,8192,8192,306,0,0,0,0,2048,4096,4096,373,512,1024,1024,1266,1024,2048,2048,244,0,0,0,0,512,65536,262144,17238,524288,1048576,1048576,41,262144,524288,524288,41,524288,524288,524288,41,64,64,128,41,128,128,32768,41,128,512,512,3180,128,512,1024,2199,128,512,512,106776,128,512,512,12078,64,256,512,1793,128,512,512,4095,256,1024,1024,819,256,512,512,819,64,512,512,22824,64,256,512,2313,64,256,512,282,0,0,0,0,0,0,0,0,0,0,0,0,1024,2048,2048,120,1024,1024,2048,113,64,128,1024,233,64,128,128,20,256,262144,262144,20,12.07,8.04,4.02,113,0,0,373,0,0,0,131072,262144,262144,262144,262144,113,0,0,0,0,0,0,0,0,0,0,0,0,131072,131072,262144,262144,262144,373,0,0,0,0,0,0,0,0,0,0,0,0,0,0,0,0,0,0,0,0,0,0,0,0,0,0,0,0,0,0,0,0,0,0,0,0,0,0,0,0,0,0,0,0,0,0,0,0,0,0,19234,17068,28130,0,41,20,0
41788117624400,1900,2048,4096,16384,13256,512,1024,1024,1845,4096,8192,8192,1557,4096,8192,8192,362,0,0,0,0,2048,4096,4096,396,512,1024,1024,1625,1024,2048,2048,259,0,0,0,0,128,65536,131072,19432,1048576,1048576,1048576,42,524288,524288,524288,42,524288,524288,524288,42,64,128,128,42,128,1024,65536,42,128,512,512,4146,128,512,1024,2427,128,512,1024,119304,128,512,512,14013,128,256,512,1863,128,512,512,4302,256,1024,1024,825,256,512,512,825,128,512,512,24984,128,512,512,3294,128,512,512,480,0,0,0,0,0,0,0,0,0,0,0,0,1024,2048,2048,180,1024,1024,2048,187,64,128,1024,367,64,128,128,21,131072,131072,262144,21,11.78,7.22,4.56,187,0,0,396,0,0,0,131072,262144,262144,524288,524288,187,0,0,0,0,0,0,0,0,0,0,0,0,131072,131072,262144,262144,262144,396,0,0,0,0,0,0,0,0,0,0,0,0,0,0,0,0,0,0,0,0,0,0,0,0,0,0,0,0,0,0,0,0,0,0,0,0,0,0,0,0,0,0,0,0,0,0,0,0,0,0,21310,19274,31268,0,42,21,0
41789149460600,2031,2048,4096,16384,13868,512,512,1024,1945,4096,8192,8192,1525,4096,8192,16384,417,0,0,0,0,2048,4096,4096,362,512,1024,1024,1696,1024,2048,4096,283,0,0,0,0,1024,131072,262144,20250,1048576,1048576,1048576,41,524288,524288,524288,41,524288,524288,524288,41,256,256,256,41,64,8192,32768,41,128,512,1024,3536,128,512,1024,2357,128,512,1024,124820,128,512,1024,13725,128,256,512,2431,128,512,1024,4761,256,1024,1024,801,256,512,1024,819,128,512,512,26748,128,512,512,3186,128,512,512,420,256,512,512,9,0,0,0,0,0,0,0,0,1024,2048,2048,148,1024,1024,2048,132,64,128,2048,280,64,128,128,21,32768,262144,262144,21,11.41,7.39,4.01,132,0,0,362,0,0,0,131072,262144,262144,524288,524288,132,0,0,0,0,0,0,0,0,0,0,0,0,131072,131072,262144,262144,262144,362,0,0,0,0,0,0,0,0,0,0,0,0,0,0,0,0,0,0,0,0,0,0,0,0,0,0,0,0,0,0,0,0,0,0,0,0,0,0,0,0,0,0,0,0,0,0,0,0,0,0,21882,19988,33060,0,41,21,0
41790184201800,2154,2048,4096,16384,15167,512,512,1024,2170,4096,8192,8192,1741,4096,8192,16384,437,0,0,0,1,2048,4096,4096,485,512,1024,1024,1820,1024,2048,2048,314,0,0,0,1,1024,65536,262144,22287,1048576,1048576,1048576,41,524288,524288,1048576,41,524288,524288,524288,41,256,256,256,41,128,32768,65536,41,128,512,1024,3591,128,512,1024,2484,128,512,1024,136495,128,512,1024,15669,128,256,512,2664,128,512,1024,4779,512,1024,1024,783,256,512,1024,801,128,512,512,26343,128,512,512,3168,128,512,512,321,128,256,256,9,128,512,512,9,256,1024,1024,9,1024,2048,2048,125,1024,1024,2048,138,64,128,2048,263,64,128,128,20,65536,262144,262144,20,12.60,7.81,4.79,138,1,0,485,0,0,0,131072,262144,262144,262144,262144,138,0,0,0,0,131072,1,0,0,0,0,0,0,131072,131072,262144,262144,262144,485,0,0,0,0,0,0,0,0,0,0,0,0,0,0,0,0,0,0,0,0,0,0,0,0,0,0,0,0,0,0,0,0,0,0,0,0,0,0,0,0,0,0,0,0,0,0,0,0,0,0,22450,21857,33701,0,41,20,0
41791219756100,2300,2048,4096,16384,15770,512,512,1024,2289,4096,8192,8192,1834,4096,8192,16384,415,0,0,0,1,2048,4096,4096,481,512,1024,1024,1834,1024,2048,2048,384,0,0,0,0,1024,131072,262144,23217,1048576,1048576,1048576,42,524288,1048576,1048576,42,524288,524288,524288,42,256,256,512,42,128,65536,262144,42,128,512,1024,4313,256,512,1024,2999,128,512,1024,141930,128,512,1024,16506,128,512,512,2631,128,512,1024,4743,512,1024,1024,966,256,512,1024,984,128,512,512,27450,128,512,512,3366,128,512,512,333,128,256,256,9,256,256,256,9,0,0,0,0,1024,2048,2048,127,1024,1024,2048,130,64,128,16384,257,64,128,128,21,65536,131072,262144,21,13.83,8.37,5.45,130,1,0,481,0,0,0,131072,262144,262144,262144,262144,130,0,0,0,0,131072,1,0,0,0,0,0,0,131072,131072,262144,262144,262144,481,0,0,0,0,0,0,0,0,0,0,0,0,0,0,0,0,0,0,0,0,0,0,0,0,0,0,0,0,0,0,0,0,0,0,0,0,0,0,0,0,0,0,0,0,0,0,0,0,0,0,25068,22751,36550,0,42,21,0
41792252910900,2416,2048,4096,16384,16627,512,512,1024,2374,4096,8192,8192,1924,4096,8192,16384,471,0,0,0,0,2048,4096,4096,500,512,1024,1024,1924,1024,2048,2048,318,0,0,0,1,2048,65536,262144,24342,1048576,1048576,1048576,41,524288,524288,1048576,41,524288,524288,524288,41,256,256,256,41,64,4096,65536,41,128,512,1024,4176,256,512,1024,3132,128,512,1024,149643,128,512,1024,17316,128,512,512,2788,128,512,1024,5130,512,1024,1024,831,256,512,1024,831,128,512,512,24309,128,512,512,3186,128,512,512,420,0,0,0,0,0,0,0,0,256,512,512,9,1024,2048,2048,125,1024,1024,2048,117,64,128,1024,242,64,128,128,21,65536,262144,262144,21,12.97,8.48,4.49,117,0,0,500,0,0,0,131072,262144,262144,524288,524288,117,0,0,0,0,0,0,0,0,0,0,0,0,131072,131072,262144,262144,262144,500,0,0,0,0,0,0,0,0,0,0,0,0,0,0,0,0,0,0,0,0,0,0,0,0,0,0,0,0,0,0,0,0,0,0,0,0,0,0,0,0,0,0,0,0,0,0,0,0,0,0,25300,23799,36336,0,41,21,0
41793288805900,2520,2048,4096,16384,17672,512,512,1024,2517,4096,8192,8192,2012,4096,8192,16384,481,0,0,0,0,2048,4096,4096,537,512,1024,1024,2075,1024,2048,2048,338,0,0,0,0,2048,131072,262144,25833,1048576,1048576,1048576,42,524288,524288,1048576,42,524288,524288,524288,42,256,256,256,42,128,8192,32768,42,128,512,1024,4160,256,512,1024,3224,128,512,1024,159048,128,512,1024,18108,128,512,512,3006,128,512,1024,4905,512,1024,1024,980,256,512,1024,998,128,512,1024,26766,128,512,1024,3150,128,512,1024,441,128,512,512,9,0,0,0,0,0,0,0,0,1024,2048,2048,102,1024,1024,2048,103,64,64,128,205,64,128,128,21,65536,131072,262144,21,13.34,8.68,4.66,103,0,0,537,0,0,0,262144,262144,262144,262144,262144,103,0,0,0,0,0,0,0,0,0,0,0,0,131072,131072,262144,262144,262144,537,0,0,0,0,0,0,0,0,0,0,0,0,0,0,0,0,0,0,0,0,0,0,0,0,0,0,0,0,0,0,0,0,0,0,0,0,0,0,0,0,0,0,0,0,0,0,0,0,0,0,27392,25200,38819,0,42,21,0
41794321931500,2635,2048,4096,16384,17840,512,512,1024,2561,4096,8192,8192,2042,4096,8192,16384,480,65536,65536,65536,4,2048,4096,4096,490,512,1024,1024,2144,1024,2048,2048,339,4096,4096,4096,3,2048,131072,262144,26125,1048576,1048576,1048576,41,524288,1048576,1048576,41,524288,524288,524288,41,256,512,512,41,128,32768,65536,41,128,512,1024,4217,256,512,1024,3182,128,512,1024,160569,128,512,1024,18378,128,512,512,2834,128,512,1024,5049,512,1024,1024,1068,256,512,1024,1104,128,512,512,26136,128,512,512,3429,128,512,512,321,128,512,512,27,256,512,512,36,256,512,512,27,1024,2048,2048,118,1024,1024,2048,124,64,64,128,242,64,128,128,20,65536,262144,262144,20,15.90,9.80,6.11,124,4,0,490,0,0,0,262144,262144,524288,524288,524288,124,65536,131072,131072,131072,131072,4,0,0,0,0,0,0,131072,131072,262144,262144,262144,490,0,0,0,0,0,0,0,0,0,0,0,0,0,0,0,0,0,0,0,0,0,0,0,0,0,0,0,0,0,0,0,0,0,0,0,0,0,0,0,0,0,0,0,0,0,0,0,0,0,0,27542,25550,39706,1,41,20,0
41795354328200,2720,2048,4096,16384,18681,512,512,1024,2700,4096,8192,8192,2135,4096,8192,16384,476,8192,8192,8192,2,2048,4096,4096,550,512,1024,1024,2151,1024,2048,2048,369,0,0,0,0,2048,131072,262144,27293,1048576,1048576,1048576,41,524288,524288,1048576,41,524288,524288,524288,41,256,256,512,41,64,65536,65536,41,128,512,1024,3844,256,512,1024,3079,128,512,1024,168120,128,512,1024,19215,128,512,512,3073,128,512,1024,5112,512,1024,1024,952,256,512,1024,970,128,512,512,25587,128,512,512,3285,128,512,512,441,128,256,256,18,128,512,512,18,0,0,0,0,1024,2048,2048,78,1024,1024,2048,76,64,64,256,154,64,128,128,21,32768,131072,131072,21,14.95,8.67,6.28,76,2,0,550,0,0,0,262144,262144,524288,524288,524288,76,65536,65536,65536,65536,131072,2,0,0,0,0,0,0,131072,131072,262144,262144,524288,550,0,0,0,0,0,0,0,0,0,0,0,0,0,0,0,0,0,0,0,0,0,0,0,0,0,0,0,0,0,0,0,0,0,0,0,0,0,0,0,0,0,0,0,0,0,0,0,0,0,0,29234,26474,42762,0,41,21,0
41796393576800,2841,2048,4096,16384,19704,512,512,1024,2786,4096,8192,8192,2287,4096,8192,32768,530,0,0,0,1,2048,4096,4096,607,512,1024,1024,2312,1024,2048,2048,398,4096,4096,4096,3,2048,131072,262144,28923,1048576,1048576,2097152,42,524288,1048576,1048576,42,524288,524288,524288,42,256,256,512,42,128,32768,32768,42,128,512,1024,4466,256,512,1024,3377,128,512,1024,177336,128,512,1024,20583,128,512,512,2913,128,512,1024,5661,512,1024,1024,1040,256,512,1024,1058,128,512,1024,26532,128,512,1024,3429,128,512,512,438,64,256,256,9,256,512,512,9,256,512,512,27,1024,2048,2048,124,1024,1024,2048,121,64,128,16384,245,64,128,128,21,65536,131072,262144,21,14.60,8.23,6.36,121,1,0,607,0,0,0,262144,262144,262144,524288,524288,121,0,0,0,0,65536,1,0,0,0,0,0,0,65536,131072,262144,262144,262144,607,0,0,0,0,0,0,0,0,0,0,0,0,0,0,0,0,0,0,0,0,0,0,0,0,0,0,0,0,0,0,0,0,0,0,0,0,0,0,0,0,0,0,0,0,0,0,0,0,0,0,30173,28099,41105,0,42,21,0
41797425507800,2909,2048,4096,16384,19947,512,512,1024,2971,4096,8192,8192,2432,4096,8192,16384,522,8192,32768,32768,6,2048,4096,4096,600,512,1024,1024,2354,1024,2048,2048,433,2048,2048,2048,2,2048,131072,262144,29550,1048576,1048576,2097152,41,524288,1048576,1048576,41,524288,524288,524288,41,256,512,512,41,64,32768,65536,41,128,512,1024,4165,256,512,1024,3553,128,512,1024,179523,128,512,1024,21888,128,512,512,3131,128,512,1024,5805,512,1024,1024,960,256,512,1024,1041,128,512,1024,26775,128,512,512,3591,128,512,512,375,128,512,512,63,256,512,512,54,64,256,256,18,1024,2048,4096,66,1024,1024,2048,68,64,128,128,134,64,128,128,20,32768,131072,131072,20,15.03,9.04,5.99,68,6,0,600,0,0,0,262144,262144,262144,262144,262144,68,65536,131072,131072,131072,131072,6,0,0,0,0,0,0,131072,131072,262144,262144,524288,600,0,0,0,0,0,0,0,0,0,0,0,0,0,0,0,0,0,0,0,0,0,0,0,0,0,0,0,0,0,0,0,0,0,0,0,0,0,0,0,0,0,0,0,0,0,0,0,0,0,0,30883,28545,44375,0,41,20,0
41798457957800,3029,2048,4096,16384,20104,512,512,1024,2962,4096,8192,8192,2316,4096,8192,32768,553,8192,8192,8192,4,2048,4096,4096,619,512,1024,1024,2428,1024,2048,2048,425,0,0,0,0,4096,131072,262144,29668,1048576,1048576,2097152,41,524288,1048576,1048576,41,524288,524288,1048576,41,256,512,512,41,64,32768,65536,41,128,512,1024,4672,256,512,1024,3592,128,512,1024,180936,128,512,1024,20844,128,512,512,3181,128,512,1024,5877,512,1024,2048,1089,256,512,1024,1161,128,512,1024,27045,128,512,1024,3573,128,512,1024,390,256,512,512,36,256,512,512,36,0,0,0,0,1024,2048,2048,131,1024,1024,8192,120,64,64,1024,251,64,128,128,21,65536,131072,262144,21,14.86,9.07,5.79,120,4,0,619,0,0,0,262144,262144,262144,524288,524288,120,131072,131072,131072,131072,131072,4,0,0,0,0,0,0,65536,131072,262144,262144,524288,619,0,0,0,0,0,0,0,0,0,0,0,0,0,0,0,0,0,0,0,0,0,0,0,0,0,0,0,0,0,0,0,0,0,0,0,0,0,0,0,0,0,0,0,0,0,0,0,0,0,0,32010,28814,44715,0,41,21,0
41799493051500,3100,2048,4096,16384,21516,512,512,1024,3114,4096,8192,16384,2488,4096,8192,16384,594,8192,8192,8192,9,2048,4096,4096,612,512,1024,1024,2539,1024,2048,2048,460,4096,4096,4096,5,2048,131072,262144,31612,1048576,2097152,2097152,42,524288,1048576,1048576,42,524288,524288,524288,42,256,512,1024,42,128,128,16384,42,256,512,1024,4617,256,512,1024,3978,128,512,1024,193644,128,512,1024,22392,128,512,512,3540,128,512,1024,6165,512,1024,1024,1002,256,512,1024,1137,128,512,1024,28278,128,512,1024,3618,128,512,512,618,128,512,512,90,256,512,1024,81,128,512,1024,45,1024,2048,2048,59,1024,2048,2048,71,64,128,128,130,64,128,128,21,32768,131072,262144,21,14.08,8.10,5.98,71,9,0,612,0,0,0,262144,262144,262144,262144,524288,71,131072,131072,131072,131072,131072,9,0,0,0,0,0,0,65536,131072,262144,262144,262144,612,0,0,0,0,0,0,0,0,0,0,0,0,0,0,0,0,0,0,0,0,0,0,0,0,0,0,0,0,0,0,0,0,0,0,0,0,0,0,0,0,0,0,0,0,0,0,0,0,0,0,31271,30283,48152,67,42,21,0
41800532609300,3166,4096,4096,16384,21350,512,512,1024,3170,4096,8192,16384,2513,4096,8192,16384,632,8192,8192,8192,6,2048,4096,4096,679,512,1024,1024,2564,1024,2048,2048,435,4096,4096,4096,4,2048,131072,262144,31626,1048576,2097152,2097152,41,1048576,1048576,1048576,41,524288,524288,1048576,41,256,512,512,41,64,65536,131072,41,256,512,1024,4637,256,512,1024,4043,256,512,1024,192150,128,512,1024,22617,128,512,512,3747,256,512,1024,6462,512,1024,2048,972,256,512,1024,1062,128,512,1024,28278,128,512,1024,4077,128,512,1024,516,128,512,512,45,256,1024,1024,54,256,1024,1024,36,1024,2048,4096,72,1024,1024,2048,67,64,128,1024,139,64,128,128,20,32768,131072,131072,20,13.82,8.24,5.58,67,6,0,679,0,0,0,262144,262144,262144,262144,262144,67,65536,131072,131072,131072,131072,6,0,0,0,0,0,0,131072,131072,262144,262144,262144,679,0,0,0,0,0,0,0,0,0,0,0,0,0,0,0,0,0,0,0,0,0,0,0,0,0,0,0,0,0,0,0,0,0,0,0,0,0,0,0,0,0,0,0,0,0,0,0,0,0,0,32659,30420,47898,0,41,20,0
41801561540800,3260,4096,4096,16384,22146,512,512,1024,3263,4096,8192,16384,2662,4096,8192,16384,636,8192,8192,8192,8,2048,4096,4096,689,512,1024,1024,2685,1024,2048,2048,438,2048,2048,2048,2,2048,131072,262144,32811,1048576,2097152,2097152,41,524288,1048576,1048576,41,524288,524288,524288,41,256,512,512,41,64,65536,65536,41,256,512,1024,5215,256,512,1024,4369,256,512,1024,199314,256,512,1024,23958,128,512,512,3897,256,512,1024,6318,512,1024,1024,1139,256,512,1024,1292,128,512,1024,30159,128,512,1024,3942,128,512,1024,576,256,512,512,72,256,512,1024,72,128,512,512,18,2048,2048,2048,89,1024,2048,2048,93,64,128,256,182,64,128,128,21,65536,262144,262144,21,16.79,10.52,6.26,93,8,0,689,0,0,0,262144,262144,262144,262144,262144,93,131072,131072,131072,131072,131072,8,0,0,0,0,0,0,131072,131072,262144,262144,262144,689,0,0,0,0,0,0,0,0,0,0,0,0,0,0,0,0,0,0,0,0,0,0,0,0,0,0,0,0,0,0,0,0,0,0,0,0,0,0,0,0,0,0,0,0,0,0,0,0,0,0,31934,31375,50383,0,41,21,0
41802594741200,3301,4096,4096,16384,22133,512,512,1024,3167,4096,8192,16384,2566,4096,8192,16384,627,8192,8192,8192,12,2048,4096,4096,653,512,1024,1024,2517,1024,2048,2048,419,4096,4096,4096,6,4096,131072,262144,32328,1048576,2097152,2097152,42,1048576,1048576,1048576,42,524288,524288,1048576,42,256,512,512,42,128,65536,131072,42,256,512,1024,4523,256,512,1024,4154,256,512,1024,199201,128,512,1024,23094,128,512,512,3680,128,512,1024,6021,512,1024,1024,981,256,512,1024,1125,128,512,1024,31365,128,512,1024,4086,128,512,1024,489,128,512,512,117,256,512,512,108,256,512,1024,54,2048,2048,2048,43,1024,1024,2048,41,64,64,128,84,64,128,128,21,32768,65536,65536,21,15.08,9.13,5.96,41,12,0,653,0,0,0,262144,262144,524288,524288,524288,41,131072,131072,131072,131072,131072,12,0,0,0,0,0,0,65536,131072,262144,524288,524288,651,0,0,0,0,0,0,0,0,0,0,0,0,0,0,0,0,0,0,0,0,0,0,0,0,0,0,0,0,0,0,0,0,0,0,0,0,0,0,0,0,0,0,0,0,0,0,0,0,2,0,31551,30880,46822,0,42,21,0
41803628067400,3332,4096,4096,16384,23101,512,512,1024,3368,4096,8192,16384,2676,4096,16384,16384,730,8192,8192,8192,24,2048,4096,4096,674,512,1024,1024,2720,1024,2048,2048,451,2048,4096,4096,4,1024,131072,262144,34019,1048576,2097152,2097152,41,1048576,1048576,1048576,41,524288,524288,524288,41,512,1024,1024,41,128,32768,65536,41,128,512,1024,4731,256,512,1024,4452,256,512,1024,207905,128,512,1024,24084,128,512,512,4381,128,512,1024,6309,512,1024,1024,972,256,512,1024,1269,128,512,1024,29961,128,512,512,4005,128,512,512,582,128,512,512,243,256,512,1024,216,256,512,512,36,2048,2048,2048,29,1024,2048,2048,33,64,64,128,62,64,128,128,20,16384,131072,131072,20,14.65,8.14,6.51,33,24,0,674,0,0,0,262144,262144,262144,262144,262144,33,131072,131072,131072,131072,131072,24,0,0,0,0,0,0,131072,131072,262144,262144,262144,676,0,0,0,0,0,0,0,0,0,0,0,0,0,0,0,0,0,0,0,0,0,0,0,0,0,0,0,0,0,0,0,0,0,0,0,0,0,0,0,0,0,0,0,0,0,0,0,0,0,0,31118,31630,49122,0,41,20,0
41804663459300,3384,4096,4096,16384,24710,512,512,1024,3461,4096,8192,8192,2852,4096,16384,32768,789,8192,8192,8192,23,2048,4096,4096,705,512,1024,1024,2859,1024,2048,2048,493,4096,4096,4096,2,2048,131072,262144,36153,1048576,2097152,2097152,42,1048576,1048576,1048576,42,524288,524288,524288,42,1024,1024,1024,42,64,32768,32768,42,256,512,1024,4739,256,512,1024,4271,256,512,1024,222390,128,512,1024,25668,128,512,512,4896,128,512,1024,6804,512,1024,1024,1017,256,512,1024,1368,128,512,1024,29700,128,512,1024,3744,128,512,1024,525,256,512,1024,234,256,512,1024,207,128,512,512,18,1024,2048,2048,57,1024,1024,2048,52,64,128,128,109,64,128,128,21,32768,131072,131072,21,15.98,9.64,6.34,52,23,0,705,3,0,0,262144,262144,262144,262144,524288,52,131072,131072,131072,131072,131072,23,0,0,0,0,0,0,131072,131072,131072,262144,262144,705,65536,131072,131072,131072,131072,3,0,0,0,0,0,0,0,0,0,0,0,0,0,0,0,0,0,0,0,0,0,0,0,0,0,0,0,0,0,0,0,0,0,0,0,0,0,0,0,0,0,0,0,0,32466,33789,51452,0,42,21,0
41805696093200,3467,4096,4096,16384,23529,512,512,1024,3411,4096,8192,8192,2755,4096,8192,16384,679,8192,8192,8192,17,2048,4096,4096,725,512,1024,1024,2838,1024,2048,2048,463,4096,4096,4096,14,2048,131072,262144,34718,1048576,2097152,2097152,41,1048576,1048576,1048576,41,524288,524288,524288,41,512,1024,1024,41,64,16384,32768,41,256,512,1024,4932,256,512,1024,4185,256,512,1024,211761,256,512,1024,24795,128,512,512,3859,256,512,1024,6246,512,1024,1024,1026,256,512,1024,1242,128,512,1024,29547,128,512,1024,3906,128,512,512,510,256,512,512,135,256,512,1024,153,256,512,1024,126,1024,2048,2048,78,1024,1024,2048,83,64,64,128,161,64,128,128,21,65536,131072,262144,21,15.23,7.87,7.37,83,17,0,725,7,4,0,262144,262144,262144,262144,262144,83,65536,131072,131072,131072,131072,17,0,0,0,0,0,0,65536,131072,131072,262144,262144,725,65536,131072,131072,131072,131072,7,65536,131072,131072,131072,131072,4,0,0,0,0,0,0,0,0,0,0,0,0,0,0,0,0,0,0,0,0,0,0,0,0,0,0,0,0,0,0,0,0,0,0,0,0,0,0,33780,33229,50396,0,41,21,0
41806728448800,3503,4096,4096,16384,24271,512,512,1024,3473,4096,8192,8192,2820,4096,8192,16384,691,8192,8192,8192,14,2048,4096,4096,707,512,1024,1024,2799,1024,2048,2048,479,4096,4096,4096,8,1024,131072,262144,35539,1048576,2097152,2097152,41,1048576,1048576,1048576,41,524288,524288,524288,41,512,1024,1024,41,64,65536,131072,41,256,512,1024,4891,256,512,1024,4567,256,512,1024,218439,256,512,1024,25380,128,512,512,4343,256,512,1024,5985,512,1024,2048,927,256,512,1024,1170,128,512,1024,27729,128,512,512,3969,128,512,512,468,128,512,512,153,256,512,1024,126,256,512,512,72,2048,2048,2048,37,1024,2048,2048,36,64,64,64,73,64,128,128,20,32768,131072,131072,20,17.69,9.48,8.22,36,14,0,707,9,7,0,262144,262144,262144,262144,524288,36,65536,131072,131072,131072,131072,14,0,0,0,0,0,0,65536,131072,131072,262144,262144,707,131072,131072,131072,131072,131072,9,65536,65536,65536,65536,131072,7,0,0,0,0,0,0,0,0,0,0,0,0,0,0,0,0,0,0,0,0,0,0,0,0,0,0,0,0,0,0,0,0,0,0,0,0,0,0,33559,33638,51310,0,41,20,0
41807766907400,3536,4096,4096,16384,24297,512,512,1024,3506,4096,8192,8192,2822,4096,8192,16384,753,8192,8192,8192,26,2048,4096,4096,738,512,1024,1024,2825,1024,2048,2048,507,4096,4096,4096,8,2048,131072,262144,35810,1048576,2097152,2097152,42,1048576,1048576,1048576,42,524288,524288,524288,42,512,1024,1024,42,64,4096,32768,42,256,512,1024,4959,256,512,1024,4662,256,512,1024,218673,256,512,1024,25398,128,512,512,4749,256,512,1024,6813,512,1024,1024,1107,256,512,1024,1296,128,512,1024,29178,128,512,1024,4086,128,512,1024,489,256,512,1024,198,256,512,1024,234,256,512,1024,72,1024,2048,2048,39,1024,1024,1024,33,64,64,128,72,64,128,128,21,16384,131072,131072,21,15.56,9.11,6.45,33,26,0,738,24,10,0,262144,262144,262144,262144,262144,33,65536,131072,131072,131072,131072,26,0,0,0,0,0,0,65536,131072,131072,262144,262144,737,131072,131072,131072,131072,131072,24,131072,131072,131072,131072,131072,10,0,0,0,0,0,0,0,0,0,0,0,0,0,0,0,0,0,0,0,0,0,0,0,0,0,0,0,0,0,0,0,0,0,0,0,0,0,0,33006,33815,53206,0,42,21,0
41808799937800,3599,4096,4096,16384,24930,512,512,1024,3610,4096,8192,8192,2914,4096,16384,16384,725,8192,8192,8192,20,2048,4096,4096,742,512,1024,1024,2983,1024,2048,2048,507,4096,4096,4096,11,2048,131072,262144,36770,1048576,2097152,2097152,41,1048576,1048576,1048576,41,524288,524288,524288,41,512,1024,1024,41,64,32768,65536,41,256,512,1024,5704,256,512,1024,5137,256,512,1024,224370,128,512,1024,26226,128,512,512,4310,256,512,1024,6759,512,1024,1024,1047,256,512,1024,1299,128,512,1024,28458,128,512,512,3924,128,512,1024,471,128,512,1024,198,256,512,1024,180,256,512,1024,99,1024,2048,2048,55,1024,1024,2048,62,64,64,256,117,64,128,128,21,32768,131072,131072,21,14.83,8.92,5.91,62,20,0,742,21,12,0,262144,262144,524288,524288,524288,62,131072,131072,131072,131072,131072,20,0,0,0,0,0,0,65536,131072,131072,262144,524288,743,131072,131072,131072,131072,131072,21,65536,131072,131072,131072,131072,12,0,0,0,0,0,0,0,0,0,0,0,0,0,0,0,0,0,0,0,0,0,0,0,0,0,0,0,0,0,0,0,0,0,0,0,0,0,0,33642,34566,51929,3,41,21,0
41809831306000,3644,4096,4096,16384,25257,512,512,1024,3585,4096,8192,8192,2950,4096,16384,16384,701,8192,8192,16384,30,2048,4096,4096,750,512,1024,1024,2950,1024,2048,2048,512,4096,4096,4096,10,2048,131072,262144,37043,1048576,2097152,2097152,41,1048576,1048576,1048576,41,524288,524288,524288,41,512,1024,1024,41,64,32768,32768,41,256,512,1024,5194,256,512,1024,4789,256,512,1024,227313,256,512,1024,26550,128,512,512,4305,256,512,1024,6138,512,1024,2048,921,256,512,1024,1191,128,512,1024,27936,128,512,1024,3888,128,512,512,459,256,512,1024,279,256,512,1024,270,256,512,1024,90,2048,2048,2048,49,1024,1024,1024,46,64,64,128,95,64,128,128,20,32768,262144,262144,20,16.67,11.11,5.56,46,30,0,750,26,21,0,262144,262144,262144,262144,524288,46,131072,131072,131072,131072,131072,30,0,0,0,0,0,0,65536,131072,131072,262144,524288,750,131072,131072,131072,131072,131072,26,65536,131072,131072,131072,131072,21,0,0,0,0,0,0,0,0,0,0,0,0,0,0,0,0,0,0,0,0,0,0,0,0,0,0,0,0,0,0,0,0,0,0,0,0,0,0,34183,34800,53745,0,41,20,0
41810868532300,3683,4096,8192,16384,25420,512,512,1024,3750,4096,8192,8192,2931,4096,16384,16384,703,8192,16384,16384,27,2048,4096,4096,740,512,1024,1024,2927,1024,2048,2048,483,4096,4096,4096,3,2048,131072,262144,37359,1048576,2097152,2097152,42,1048576,1048576,1048576,42,524288,524288,524288,42,512,1024,1024,42,64,65536,262144,42,256,512,1024,4945,256,1024,1024,4594,256,512,1024,228780,256,512,1024,26379,128,512,512,4195,256,512,1024,6759,512,1024,2048,1108,256,512,1024,1279,128,512,1024,29349,128,512,1024,3870,128,512,1024,465,128,512,512,207,256,1024,1024,243,256,512,512,27,2048,2048,2048,36,1024,2048,2048,38,64,64,256,74,64,128,128,21,32768,131072,131072,21,16.85,10.06,6.79,38,27,0,740,29,35,0,262144,262144,262144,262144,524288,38,65536,131072,131072,131072,131072,27,0,0,0,0,0,0,131072,131072,131072,262144,262144,740,131072,131072,131072,131072,131072,29,65536,131072,131072,131072,131072,35,0,0,0,0,0,0,0,0,0,0,0,0,0,0,0,0,0,0,0,0,0,0,0,0,0,0,0,0,0,0,0,0,0,0,0,0,0,0,34624,35303,52506,0,42,21,0
41811904095300,3640,4096,4096,16384,25647,512,512,1024,3645,4096,8192,8192,2999,4096,8192,16384,728,8192,8192,8192,18,2048,4096,4096,748,512,1024,1024,3028,1024,2048,2048,503,4096,4096,4096,12,2048,131072,262144,37729,1048576,2097152,2097152,41,1048576,1048576,1048576,41,524288,524288,524288,41,512,1024,1024,41,128,32768,131072,41,256,512,1024,5083,256,512,1024,5470,256,512,1024,230830,256,512,1024,26991,128,512,512,4363,256,512,1024,7146,512,1024,2048,1077,256,512,1024,1203,128,512,1024,27306,128,512,1024,3654,128,512,1024,576,128,512,1024,198,256,512,1024,162,256,512,1024,108,2048,2048,2048,13,1024,2048,2048,16,64,64,64,29,64,128,128,21,128,32768,65536,21,17.57,11.46,6.11,16,18,0,748,40,40,60,262144,262144,262144,262144,524288,16,131072,131072,131072,131072,131072,18,0,0,0,0,0,0,65536,131072,131072,262144,524288,748,131072,131072,131072,131072,131072,40,65536,131072,131072,131072,131072,40,131072,262144,262144,262144,524288,60,0,0,0,0,0,0,0,0,0,0,0,0,0,0,0,0,0,0,0,0,0,0,0,0,0,0,0,0,0,0,0,0,34297,35421,54190,0,41,21,0
41812937338700,3649,4096,4096,16384,25038,512,512,1024,3587,4096,8192,8192,2803,4096,16384,16384,679,8192,8192,8192,28,2048,4096,4096,764,512,1024,1024,2869,1024,2048,2048,461,4096,4096,4096,8,1024,65536,262144,36573,1048576,2097152,2097152,42,1048576,1048576,1048576,42,524288,524288,524288,42,1024,1024,1024,42,64,32768,65536,42,256,512,1024,5093,256,512,1024,5012,256,512,1024,225335,128,512,1024,25227,128,512,1024,4256,256,512,1024,6093,512,1024,1024,1095,256,512,1024,1311,128,512,1024,28152,128,512,512,4023,128,512,1024,582,128,512,512,261,256,512,1024,252,256,512,512,72,2048,2048,2048,11,1024,1024,1024,9,64,64,64,20,64,128,128,21,128,16384,65536,21,15.62,8.81,6.80,9,28,0,764,42,45,0,262144,262144,262144,262144,262144,9,131072,131072,131072,131072,131072,28,0,0,0,0,0,0,65536,131072,131072,262144,262144,763,131072,131072,131072,131072,131072,42,65536,131072,131072,131072,262144,45,0,0,0,0,0,0,0,0,0,0,0,0,0,0,0,0,0,0,0,0,0,0,0,0,0,0,0,0,0,0,0,0,0,0,0,0,0,0,32298,33916,51952,0,42,21,0
41813972316100,3679,4096,4096,16384,27491,512,512,1024,3865,4096,8192,8192,3082,4096,16384,16384,717,8192,8192,8192,29,2048,4096,4096,770,512,1024,1024,3057,1024,2048,2048,506,4096,4096,4096,9,1024,131072,262144,39885,1048576,2097152,2097152,41,1048576,1048576,1048576,41,524288,524288,524288,41,1024,1024,2048,41,64,32768,32768,41,256,512,1024,4644,256,512,1024,4374,256,512,1024,247419,128,512,1024,27738,128,512,512,4281,128,512,1024,6579,512,1024,1024,1257,256,512,1024,1248,128,512,1024,27513,128,512,1024,3249,128,512,1024,510,128,512,512,261,256,512,1024,261,256,1024,1024,81,1024,2048,2048,32,1024,1024,1024,30,64,64,64,62,64,128,128,20,16384,131072,131072,20,16.24,8.81,7.43,30,29,0,770,57,41,0,262144,262144,262144,262144,262144,30,65536,131072,131072,131072,131072,29,0,0,0,0,0,0,65536,131072,131072,262144,262144,771,65536,131072,131072,131072,131072,57,65536,131072,131072,131072,131072,41,0,0,0,0,0,0,0,0,0,0,0,0,0,0,0,0,0,0,0,0,0,0,0,0,0,0,0,0,0,0,0,0,0,0,0,0,0,0,31153,36018,56062,0,41,20,0
41815005930700,3724,4096,4096,16384,26809,512,512,1024,3912,4096,8192,8192,3079,4096,8192,16384,818,8192,8192,16384,32,2048,4096,4096,776,512,1024,1024,3044,1024,2048,2048,577,4096,4096,4096,14,2048,131072,262144,39431,1048576,2097152,2097152,41,1048576,1048576,1048576,41,524288,524288,524288,41,1024,1024,1024,41,64,32768,131072,41,256,512,1024,5027,256,512,1024,4622,256,512,1024,241281,256,512,1024,27711,128,512,1024,4712,256,512,1024,7389,512,1024,1024,1074,256,512,1024,1227,128,512,1024,28503,128,512,1024,4149,128,512,512,411,256,512,512,243,256,1024,1024,288,256,512,1024,126,2048,2048,2048,44,1024,2048,2048,46,64,64,64,90,64,128,128,21,32768,131072,131072,21,15.23,8.63,6.60,46,32,0,776,49,50,0,262144,262144,262144,262144,524288,46,65536,131072,131072,131072,262144,32,0,0,0,0,0,0,65536,131072,131072,262144,262144,776,131072,131072,131072,131072,131072,49,65536,131072,131072,131072,131072,50,0,0,0,0,0,0,0,0,0,0,0,0,0,0,0,0,0,0,0,0,0,0,0,0,0,0,0,0,0,0,0,0,0,0,0,0,0,0,34276,36648,53944,1,41,21,0
41816042194800,3765,4096,8192,16384,26159,512,512,1024,3806,4096,8192,32768,2993,4096,8192,16384,763,8192,8192,8192,24,2048,4096,4096,750,512,1024,1024,3042,1024,2048,2048,521,4096,8192,8192,13,2048,131072,262144,38389,1048576,2097152,2097152,41,1048576,1048576,1048576,41,524288,524288,1048576,41,1024,1024,2048,41,64,65536,131072,41,256,512,1024,5174,256,512,1024,4805,256,512,1024,235431,256,512,1024,26937,128,512,512,4303,256,512,1024,6786,512,1024,2048,1113,256,512,1024,1266,128,512,1024,28251,128,512,1024,3411,128,512,1024,618,128,512,1024,270,256,512,1024,216,256,1024,1024,117,2048,2048,2048,46,1024,2048,2048,44,64,128,256,90,64,64,64,20,32768,131072,131072,20,16.37,9.62,6.75,44,24,0,750,60,56,0,262144,262144,524288,524288,524288,44,65536,131072,131072,131072,131072,24,0,0,0,0,0,0,65536,131072,131072,262144,262144,748,131072,131072,131072,131072,131072,60,65536,131072,131072,131072,131072,56,0,0,0,0,0,0,0,0,0,0,0,0,0,0,0,0,0,0,0,0,0,0,0,0,0,0,0,0,0,0,0,0,0,0,0,0,1,0,33930,35848,56131,0,41,20,0
41817075283700,3792,4096,4096,16384,26499,512,512,1024,3708,4096,8192,8192,3005,4096,8192,16384,739,8192,16384,32768,40,2048,4096,4096,779,512,1024,1024,3046,1024,2048,2048,516,4096,4096,4096,10,2048,131072,262144,38744,1048576,2097152,2097152,42,1048576,1048576,1048576,42,524288,524288,1048576,42,1024,2048,2048,42,128,131072,131072,42,256,512,1024,4989,256,512,1024,4746,256,512,1024,238491,256,512,1024,27045,128,512,512,4285,128,512,1024,6912,512,1024,2048,1342,256,512,1024,1423,128,512,1024,27549,128,512,1024,3834,128,512,1024,588,256,512,1024,351,256,512,1024,360,256,512,1024,90,1024,2048,2048,21,1024,1024,2048,23,64,64,64,44,64,128,128,21,16384,262144,262144,21,17.41,10.68,6.74,23,40,0,778,53,62,0,262144,262144,262144,262144,262144,23,65536,131072,131072,131072,131072,40,0,0,0,0,0,0,65536,131072,131072,262144,262144,781,131072,131072,131072,131072,131072,53,65536,131072,131072,131072,262144,62,0,0,0,0,0,0,0,0,0,0,0,0,0,0,0,0,0,0,0,0,0,0,0,0,0,0,0,0,0,0,0,0,0,0,0,0,0,0,29875,34800,54773,2,42,21,0
41818108023400,3800,4096,4096,16384,28335,512,512,1024,4096,4096,8192,8192,3131,4096,8192,16384,795,8192,8192,8192,26,2048,4096,4096,794,512,1024,1024,3147,1024,2048,2048,510,4096,4096,4096,10,1024,131072,262144,41175,1048576,2097152,2097152,41,1048576,1048576,1048576,41,524288,524288,524288,41,1024,1024,2048,41,128,65536,131072,41,256,512,1024,5041,256,512,1024,4969,256,512,1024,255015,128,512,1024,28179,128,512,512,4706,128,512,1024,7056,512,1024,2048,1254,256,512,1024,1335,128,512,1024,27954,128,512,1024,3564,128,512,512,507,128,512,512,288,256,512,1024,234,256,512,1024,90,1024,2048,2048,6,1024,1024,1024,8,64,256,256,14,64,128,128,21,128,16384,16384,21,17.47,10.61,6.86,8,26,0,794,46,73,0,262144,262144,262144,262144,262144,8,65536,131072,131072,131072,262144,26,0,0,0,0,0,0,65536,131072,131072,262144,262144,794,131072,131072,131072,131072,131072,46,65536,131072,131072,131072,131072,73,0,0,0,0,0,0,0,0,0,0,0,0,0,0,0,0,0,0,0,0,0,0,0,0,0,0,0,0,0,0,0,0,0,0,0,0,0,0,29853,35661,53925,0,41,21,0
41819141452200,3807,4096,4096,16384,27334,512,512,1024,4028,4096,8192,16384,3097,4096,8192,16384,874,8192,8192,8192,38,2048,4096,4096,806,512,1024,1024,3083,1024,2048,2048,530,4096,4096,4096,16,1024,131072,262144,40157,1048576,2097152,2097152,41,1048576,1048576,1048576,41,524288,524288,524288,41,1024,2048,2048,41,64,16384,131072,41,256,512,1024,4767,256,512,1024,4704,256,512,1024,246014,128,512,1024,27873,128,512,512,4876,128,512,1024,7506,512,1024,2048,1383,256,512,1024,1428,128,512,1024,27225,128,512,1024,3447,128,512,1024,420,256,512,512,315,256,512,1024,342,256,512,1024,144,1024,2048,2048,10,1024,2048,2048,9,64,64,64,19,64,128,128,20,256,65536,65536,20,15.72,9.63,6.08,9,38,1,806,62,59,0,262144,262144,262144,262144,262144,9,65536,131072,131072,131072,131072,38,0,0,0,0,131072,1,65536,131072,131072,262144,262144,806,131072,131072,131072,131072,131072,62,65536,131072,131072,131072,131072,59,0,0,0,0,0,0,0,0,0,0,0,0,0,0,0,0,0,0,0,0,0,0,0,0,0,0,0,0,0,0,0,0,0,0,0,0,0,0,31640,35893,56773,0,41,20,0
41820175304000,3823,4096,4096,16384,27350,512,512,1024,3877,4096,8192,8192,3044,4096,16384,32768,786,8192,8192,8192,35,2048,4096,4096,733,512,1024,1024,3091,1024,2048,2048,514,4096,4096,4096,8,1024,131072,262144,39767,1048576,2097152,2097152,42,1048576,1048576,1048576,42,524288,524288,524288,42,1024,2048,2048,42,128,65536,131072,42,256,512,1024,5311,256,512,1024,5167,256,512,1024,246142,128,512,1024,27396,128,512,1024,4766,256,512,1024,6705,512,1024,2048,1257,256,512,1024,1437,128,512,1024,27252,128,512,1024,3537,128,512,1024,443,128,512,512,351,256,512,1024,315,256,512,1024,72,2048,2048,2048,16,1024,1024,1024,16,64,64,128,32,64,128,128,21,16384,32768,262144,21,16.61,10.44,6.16,16,35,2,733,74,66,0,262144,262144,262144,262144,262144,16,65536,131072,131072,131072,131072,35,131072,131072,131072,131072,131072,2,65536,131072,131072,262144,262144,733,131072,131072,131072,131072,131072,74,65536,131072,131072,131072,131072,66,0,0,0,0,0,0,0,0,0,0,0,0,0,0,0,0,0,0,0,0,0,0,0,0,0,0,0,0,0,0,0,0,0,0,0,0,0,0,31790,36046,55082,0,42,21,0
41821209390100,3837,4096,8192,16384,28064,512,512,1024,3987,4096,8192,8192,3205,4096,16384,16384,810,8192,8192,16384,39,2048,4096,4096,818,512,1024,1024,3148,1024,2048,2048,478,4096,4096,4096,13,2048,131072,262144,40899,1048576,2097152,2097152,41,1048576,1048576,1048576,41,524288,524288,524288,41,1024,2048,2048,41,128,65536,131072,41,256,512,1024,5037,256,512,1024,4911,256,512,1024,252576,256,512,1024,28845,128,512,1024,4960,256,512,1024,6516,512,1024,2048,1173,256,512,1024,1281,256,512,1024,27585,128,512,1024,3159,128,512,1024,465,128,512,512,315,256,512,1024,351,256,512,512,117,2048,2048,2048,13,1024,2048,2048,12,64,64,64,25,64,128,128,21,512,16384,16384,21,15.39,9.84,5.55,12,39,5,818,81,76,0,262144,262144,262144,262144,262144,12,65536,131072,131072,131072,131072,39,65536,131072,131072,131072,131072,5,65536,131072,131072,262144,262144,818,131072,131072,131072,131072,131072,81,65536,131072,131072,131072,131072,76,0,0,0,0,0,0,0,0,0,0,0,0,0,0,0,0,0,0,0,0,0,0,0,0,0,0,0,0,0,0,0,0,0,0,0,0,0,0,30200,36200,56274,0,41,21,0
41822244494800,3794,4096,4096,16384,27549,512,512,1024,3924,4096,8192,8192,3088,4096,16384,32768,795,8192,8192,8192,50,2048,4096,8192,783,512,1024,1024,3108,1024,2048,2048,565,4096,8192,8192,15,2048,131072,262144,40255,1048576,2097152,2097152,42,1048576,1048576,1048576,42,524288,524288,524288,42,1024,2048,2048,42,64,65536,131072,42,256,512,1024,5115,256,512,1024,5502,256,512,1024,247941,256,512,1024,27792,128,512,512,4875,256,512,1024,6192,512,1024,2048,1254,256,512,1024,1542,128,512,1024,26613,128,512,1024,3573,128,512,1024,473,128,512,1024,432,256,512,1024,450,256,512,1024,135,1024,2048,2048,16,1024,1024,1024,17,64,64,64,33,64,128,128,21,16384,32768,32768,21,15.75,10.50,5.25,17,50,8,783,71,78,60,262144,262144,262144,262144,262144,17,65536,131072,131072,131072,262144,50,131072,131072,131072,131072,131072,8,65536,131072,131072,262144,262144,783,131072,131072,131072,131072,262144,71,65536,131072,131072,131072,131072,78,262144,262144,262144,262144,262144,60,0,0,0,0,0,0,0,0,0,0,0,0,0,0,0,0,0,0,0,0,0,0,0,0,0,0,0,0,0,0,0,0,30377,35175,56157,0,42,21,0
41823277321900,3809,4096,4096,16384,28108,512,512,1024,3873,4096,8192,8192,3137,4096,8192,32768,885,8192,8192,8192,39,2048,4096,4096,817,512,1024,2048,3170,1024,2048,2048,560,4096,16384,16384,17,2048,131072,262144,41005,1048576,2097152,2097152,41,1048576,1048576,1048576,41,524288,524288,524288,41,1024,2048,2048,41,64,65536,131072,41,256,512,1024,5045,256,512,1024,4910,256,512,1024,252972,128,512,1024,28236,128,512,512,5327,256,512,1024,6876,512,1024,1024,1166,256,512,1024,1337,128,512,1024,25560,128,512,512,3429,128,512,1024,566,128,512,512,342,256,512,1024,351,256,512,1024,153,2048,2048,2048,16,1024,2048,2048,15,64,128,128,31,64,128,128,20,16384,131072,131072,20,18.16,9.78,8.38,15,39,18,817,94,82,0,262144,262144,262144,262144,262144,15,65536,131072,131072,131072,131072,39,65536,131072,131072,131072,131072,18,65536,131072,131072,262144,524288,817,65536,131072,131072,131072,131072,94,65536,131072,131072,131072,131072,82,0,0,0,0,0,0,0,0,0,0,0,0,0,0,0,0,0,0,0,0,0,0,0,0,0,0,0,0,0,0,0,0,0,0,0,0,0,0,29691,35015,54551,0,41,20,0
41824313480800,3836,4096,4096,16384,27530,512,512,1024,3779,4096,8192,16384,3050,4096,8192,32768,705,8192,8192,8192,26,2048,4096,4096,781,512,1024,2048,3064,1024,2048,2048,532,4096,4096,4096,15,1024,131072,262144,39827,1048576,2097152,2097152,41,1048576,1048576,1048576,41,524288,524288,524288,41,1024,1024,2048,41,64,65536,131072,41,256,512,1024,5110,256,512,1024,4867,256,512,1024,247770,256,512,1024,27447,128,512,1024,4230,256,512,1024,5661,512,1024,2048,1263,256,512,1024,1245,128,512,1024,26676,128,512,1024,3213,128,512,1024,577,128,512,1024,252,256,512,1024,234,256,512,1024,135,1024,2048,2048,30,512,1024,1024,28,64,64,128,58,64,128,128,21,16384,131072,131072,21,17.87,10.62,7.25,28,26,23,781,96,74,0,262144,262144,262144,262144,262144,28,65536,131072,131072,131072,131072,26,65536,131072,131072,131072,131072,23,65536,131072,131072,262144,524288,780,65536,131072,131072,131072,131072,96,65536,131072,131072,131072,262144,74,0,0,0,0,0,0,0,0,0,0,0,0,0,0,0,0,0,0,0,0,0,0,0,0,0,0,0,0,0,0,0,0,0,0,0,0,0,0,31299,35507,55137,0,41,21,0
41825345430600,3872,4096,8192,16384,27838,512,512,1024,3949,4096,8192,16384,3169,4096,16384,16384,731,8192,8192,8192,30,2048,4096,4096,802,512,1024,4096,3174,1024,2048,2048,522,4096,4096,4096,17,2048,131072,262144,40566,1048576,2097152,2097152,42,1048576,1048576,1048576,42,524288,524288,524288,42,1024,2048,2048,42,64,65536,65536,42,256,512,1024,5568,256,512,1024,5244,256,512,1024,250542,256,512,1024,28521,128,512,512,4644,256,512,1024,5742,512,1024,2048,1284,256,512,1024,1419,128,512,1024,26964,128,512,1024,3564,128,512,1024,507,128,512,1024,288,256,512,1024,270,256,512,512,153,2048,2048,2048,32,1024,1024,1024,36,64,64,128,68,64,128,128,21,32768,131072,131072,21,16.46,9.75,6.71,36,30,40,802,78,83,0,262144,262144,524288,524288,524288,36,65536,131072,131072,131072,131072,30,65536,131072,131072,131072,131072,40,65536,131072,262144,262144,524288,803,131072,131072,131072,131072,131072,78,65536,131072,131072,131072,131072,83,0,0,0,0,0,0,0,0,0,0,0,0,0,0,0,0,0,0,0,0,0,0,0,0,0,0,0,0,0,0,0,0,0,0,0,0,0,0,34257,37397,56473,0,42,21,0
41826383095200,3891,4096,4096,16384,27773,512,512,1024,3900,4096,8192,8192,3114,4096,8192,32768,792,8192,8192,8192,34,2048,4096,4096,767,512,1024,4096,3134,1024,2048,2048,517,4096,4096,4096,16,2048,131072,262144,40495,1048576,2097152,2097152,41,1048576,1048576,1048576,41,524288,524288,524288,41,1024,2048,2048,41,64,32768,65536,41,256,512,1024,5407,256,512,1024,5236,256,512,1024,249962,256,512,1024,28026,128,512,1024,4640,256,512,1024,6975,512,1024,2048,1245,256,512,1024,1317,128,512,1024,25857,128,512,1024,3366,128,512,512,531,128,512,512,315,256,512,1024,306,256,512,1024,144,2048,2048,2048,24,1024,1024,1024,20,64,64,256,44,64,64,64,20,16384,65536,65536,20,16.26,10.08,6.18,20,34,37,767,98,95,0,262144,262144,262144,262144,524288,20,65536,131072,131072,131072,262144,34,131072,131072,131072,131072,131072,37,65536,131072,262144,262144,262144,766,65536,131072,262144,262144,262144,98,65536,131072,262144,262144,262144,95,0,0,0,0,0,0,0,0,0,0,0,0,0,0,0,0,0,0,0,0,0,0,0,0,0,0,0,0,0,0,0,0,0,0,0,0,0,0,34536,37407,56210,0,41,20,0
41827418183000,3924,4096,4096,16384,26776,512,512,1024,3880,4096,8192,8192,3101,4096,8192,16384,730,8192,8192,16384,34,2048,4096,4096,795,512,1024,2048,3149,1024,2048,2048,509,4096,4096,4096,8,2048,131072,262144,39382,1048576,2097152,2097152,42,1048576,1048576,1048576,42,524288,1048576,1048576,42,1024,2048,2048,42,64,32768,65536,42,256,512,1024,5016,256,512,1024,4719,256,512,1024,240979,256,512,1024,27909,128,512,1024,4304,256,512,1024,6336,512,1024,2048,1283,256,512,1024,1283,256,512,1024,26190,128,512,1024,3591,128,512,1024,489,128,512,512,279,256,512,1024,306,256,512,1024,72,1024,2048,2048,29,1024,2048,2048,31,64,128,128,60,64,128,128,21,32768,131072,131072,21,15.33,9.22,6.11,31,34,36,795,83,84,0,262144,262144,262144,262144,262144,31,65536,131072,131072,131072,131072,34,65536,131072,131072,131072,131072,36,65536,131072,262144,524288,524288,795,65536,131072,131072,131072,262144,83,65536,131072,262144,262144,262144,84,0,0,0,0,0,0,0,0,0,0,0,0,0,0,0,0,0,0,0,0,0,0,0,0,0,0,0,0,0,0,0,0,0,0,0,0,0,0,32978,36194,54494,1,42,21,0
41828452066600,3943,4096,4096,16384,27754,512,512,1024,3917,4096,8192,8192,3190,4096,8192,32768,700,8192,8192,8192,29,2048,4096,4096,836,512,1024,4096,3195,1024,2048,2048,560,4096,4096,4096,19,1024,131072,262144,40574,1048576,2097152,2097152,41,1048576,1048576,1048576,41,524288,524288,524288,41,512,1024,1024,41,64,32768,65536,41,256,512,1024,5420,256,512,1024,5249,256,512,1024,249786,256,512,1024,28710,128,512,1024,4324,256,512,1024,6372,512,1024,1024,1173,256,512,1024,1191,256,512,1024,26721,128,512,1024,3312,128,512,1024,492,256,512,1024,261,256,512,1024,261,256,512,1024,171,2048,2048,2048,19,1024,2048,2048,19,64,128,128,38,64,128,128,21,16384,131072,262144,21,15.61,8.43,7.18,19,29,39,836,94,91,0,262144,262144,262144,262144,262144,19,65536,131072,131072,131072,131072,29,65536,131072,131072,131072,131072,39,65536,131072,262144,262144,262144,836,65536,131072,262144,262144,524288,94,65536,131072,131072,131072,131072,91,0,0,0,0,0,0,0,0,0,0,0,0,0,0,0,0,0,0,0,0,0,0,0,0,0,0,0,0,0,0,0,0,0,0,0,0,1,0,33063,36956,58526,0,41,21,0
41829484112900,3956,4096,8192,16384,27036,512,512,1024,3942,4096,8192,8192,3152,4096,16384,16384,818,8192,8192,8192,35,2048,4096,4096,820,512,1024,4096,3150,1024,2048,2048,555,4096,4096,4096,18,1024,131072,262144,39929,1048576,2097152,2097152,41,1048576,1048576,1048576,41,524288,1048576,1048576,41,1024,2048,2048,41,64,65536,131072,41,256,512,1024,5236,256,512,1024,5119,256,512,1024,243324,256,512,1024,28368,128,512,1024,4612,256,512,1024,7101,512,1024,2048,1292,256,512,1024,1337,256,512,1024,25623,128,512,1024,3726,256,512,1024,600,128,512,1024,342,256,512,512,315,256,512,1024,162,2048,2048,2048,12,1024,2048,2048,13,64,64,64,25,64,128,128,20,8192,262144,262144,20,15.16,8.53,6.62,13,35,35,820,98,71,0,262144,262144,262144,262144,524288,13,65536,131072,131072,131072,131072,35,65536,131072,131072,131072,131072,35,65536,131072,262144,262144,524288,821,131072,131072,131072,131072,262144,98,65536,131072,131072,131072,131072,71,0,0,0,0,0,0,0,0,0,0,0,0,0,0,0,0,0,0,0,0,0,0,0,0,0,0,0,0,0,0,0,0,0,0,0,0,0,0,30286,35081,56522,0,41,20,0
41830518554400,3971,4096,8192,16384,28951,512,512,1024,4111,4096,8192,8192,3223,4096,8192,16384,838,8192,8192,16384,33,2048,4096,4096,802,512,1024,4096,3271,1024,2048,2048,534,4096,8192,8192,17,2048,131072,262144,42174,2097152,2097152,2097152,42,1048576,1048576,1048576,42,524288,524288,1048576,42,1024,1024,1024,42,64,65536,65536,42,256,512,1024,5315,256,512,1024,5180,256,512,1024,260559,256,512,1024,29007,128,512,1024,4715,256,512,1024,7371,512,1024,2048,1308,256,512,1024,1209,256,512,1024,27738,256,512,1024,3456,128,512,1024,435,128,512,1024,234,256,512,1024,297,256,1024,1024,153,2048,2048,2048,16,1024,1024,1024,15,64,64,128,31,64,64,128,21,16384,32768,32768,21,16.21,9.42,6.78,15,33,39,802,111,116,0,262144,262144,262144,262144,524288,15,65536,131072,131072,131072,131072,33,65536,131072,131072,131072,131072,39,65536,131072,262144,262144,262144,802,131072,131072,131072,262144,262144,111,65536,131072,262144,262144,262144,116,0,0,0,0,0,0,0,0,0,0,0,0,0,0,0,0,0,0,0,0,0,0,0,0,0,0,0,0,0,0,0,0,0,0,0,0,0,0,30095,36056,57929,0,42,21,0
41831551253700,3924,4096,4096,16384,29068,512,512,1024,4063,4096,8192,8192,3288,4096,8192,16384,808,8192,8192,8192,25,2048,4096,4096,829,512,1024,2048,3269,1024,2048,2048,592,4096,4096,4096,17,1024,131072,262144,42321,1048576,2097152,2097152,41,1048576,1048576,1048576,41,524288,524288,524288,41,1024,1024,2048,41,64,16384,131072,41,256,512,1024,5685,256,512,1024,6108,256,512,1024,261612,128,512,1024,29592,128,512,1024,4378,128,512,1024,6939,512,1024,1024,1515,256,512,1024,1389,128,512,1024,26775,128,512,1024,3321,128,512,1024,456,128,512,1024,261,256,512,1024,225,256,512,1024,153,1024,2048,2048,14,1024,1024,1024,14,64,64,64,28,64,128,128,21,256,65536,65536,21,15.37,9.12,6.25,14,25,27,829,113,117,60,262144,262144,262144,262144,262144,14,65536,131072,131072,131072,131072,25,65536,131072,262144,262144,262144,27,65536,131072,262144,262144,262144,829,131072,131072,131072,131072,262144,113,65536,131072,131072,131072,131072,117,262144,262144,262144,262144,262144,60,0,0,0,0,0,0,0,0,0,0,0,0,0,0,0,0,0,0,0,0,0,0,0,0,0,0,0,0,0,0,0,0,29437,35485,57088,0,41,21,0
41832589059500,3939,4096,8192,16384,27669,512,512,1024,3849,4096,8192,8192,3085,4096,8192,16384,725,8192,8192,32768,30,2048,4096,4096,756,512,1024,4096,3101,1024,2048,2048,531,4096,8192,8192,10,2048,131072,262144,40098,1048576,2097152,2097152,42,1048576,1048576,1048576,42,524288,524288,1048576,42,1024,1024,1024,42,64,32768,65536,42,256,512,1024,5192,256,512,1024,5057,256,512,1024,249028,256,512,1024,27765,128,512,1024,4126,128,512,1024,6156,512,1024,2048,1578,256,512,1024,1362,256,512,1024,28944,128,512,1024,3816,128,512,512,504,128,512,1024,279,256,512,1024,270,256,1024,1024,90,2048,2048,2048,13,1024,1024,1024,14,64,64,64,27,64,128,128,21,16384,65536,65536,21,15.72,9.64,6.09,14,30,46,756,114,100,0,262144,524288,524288,524288,524288,14,65536,131072,131072,131072,131072,30,131072,131072,262144,262144,262144,46,65536,131072,262144,262144,262144,756,131072,131072,131072,131072,262144,114,65536,131072,262144,262144,524288,100,0,0,0,0,0,0,0,0,0,0,0,0,0,0,0,0,0,0,0,0,0,0,0,0,0,0,0,0,0,0,0,0,0,0,0,0,0,0,28840,34368,55378,0,42,21,0
41833628945400,3881,4096,4096,16384,29432,256,512,1024,4229,4096,8192,8192,3290,4096,8192,16384,920,8192,8192,8192,41,2048,4096,4096,889,512,1024,4096,3301,1024,2048,2048,527,4096,8192,8192,16,256,131072,262144,43058,1048576,2097152,2097152,41,1048576,1048576,1048576,41,524288,524288,1048576,41,1024,2048,2048,41,128,65536,131072,41,256,512,1024,4777,256,512,1024,5299,256,512,1024,264881,128,512,1024,29610,128,512,512,5295,128,512,1024,7641,512,1024,2048,1335,256,512,1024,1416,128,512,1024,26280,128,512,1024,3285,128,512,1024,612,128,512,1024,387,256,512,1024,369,256,512,1024,144,1024,2048,2048,3,1024,1024,1024,2,0,64,64,5,64,128,128,20,128,16384,16384,20,14.92,8.95,5.97,2,41,47,889,100,110,60,262144,262144,262144,262144,262144,2,65536,131072,131072,131072,262144,41,65536,131072,131072,131072,262144,47,65536,131072,262144,524288,524288,889,65536,131072,262144,262144,262144,100,65536,131072,131072,131072,131072,110,131072,262144,262144,262144,262144,60,0,0,0,0,0,0,0,0,0,0,0,0,0,0,0,0,0,0,0,0,0,0,0,0,0,0,0,0,0,0,0,0,29546,35916,57858,72,41,20,0
41834654462300,3893,4096,4096,16384,28114,512,512,1024,4016,4096,8192,8192,3183,4096,8192,16384,847,8192,8192,8192,34,2048,4096,4096,776,512,1024,4096,3123,1024,2048,2048,525,4096,8192,8192,12,1024,131072,262144,40951,1048576,2097152,2097152,41,1048576,1048576,1048576,41,524288,524288,1048576,41,1024,1024,1024,41,64,65536,65536,41,256,512,1024,5099,256,512,1024,4991,256,512,1024,253029,256,512,1024,28647,128,512,512,4835,128,512,1024,6705,512,1024,2048,1281,256,512,1024,1317,128,512,1024,26469,128,512,512,3339,128,512,512,498,128,512,1024,252,256,512,1024,306,256,512,1024,108,2048,2048,2048,12,1024,1024,1024,12,64,64,64,24,64,64,128,21,128,65536,65536,21,18.11,10.76,7.35,12,34,48,776,106,115,0,262144,262144,262144,262144,262144,12,65536,131072,131072,131072,131072,34,65536,131072,131072,131072,262144,48,65536,131072,262144,524288,524288,776,131072,131072,131072,131072,131072,106,65536,131072,131072,131072,131072,115,0,0,0,0,0,0,0,0,0,0,0,0,0,0,0,0,0,0,0,0,0,0,0,0,0,0,0,0,0,0,0,0,0,0,0,0,0,0,29952,35664,55939,0,41,21,0
41835688923400,3906,4096,4096,16384,28773,512,512,1024,4038,4096,8192,16384,3215,4096,8192,16384,824,8192,16384,16384,36,2048,4096,4096,803,512,1024,4096,3235,1024,2048,2048,549,4096,4096,4096,27,1024,131072,262144,41818,1048576,2097152,2097152,42,1048576,1048576,2097152,42,524288,524288,524288,42,1024,2048,2048,42,64,32768,65536,42,256,512,1024,5125,256,512,1024,5008,256,512,1024,258954,256,512,1024,28935,128,512,1024,4953,128,512,1024,6534,512,1024,2048,1500,256,512,1024,1464,256,512,1024,27666,256,512,1024,3222,128,512,1024,693,128,512,512,369,256,512,1024,324,256,512,1024,243,1024,2048,2048,14,1024,1024,1024,13,64,64,128,27,64,128,128,21,256,131072,131072,21,14.36,7.75,6.61,13,36,42,803,104,100,0,262144,262144,262144,262144,262144,13,65536,131072,131072,131072,262144,36,65536,131072,131072,131072,131072,42,65536,131072,262144,262144,262144,803,131072,131072,131072,131072,131072,104,65536,131072,131072,131072,131072,100,0,0,0,0,0,0,0,0,0,0,0,0,0,0,0,0,0,0,0,0,0,0,0,0,0,0,0,0,0,0,0,0,0,0,0,0,0,0,29671,35965,57323,0,42,21,0
41836725140900,3930,4096,4096,16384,28165,512,512,1024,3974,4096,8192,16384,3109,4096,8192,32768,818,8192,8192,8192,37,2048,4096,4096,810,512,1024,4096,3129,1024,2048,2048,526,4096,4096,4096,12,2048,131072,262144,40928,1048576,2097152,2097152,41,1048576,1048576,1048576,41,524288,524288,524288,41,1024,1024,2048,41,128,32768,131072,41,256,512,1024,5163,256,512,1024,4947,256,512,1024,253485,256,512,1024,27981,128,512,1024,4895,256,512,1024,6507,512,1024,2048,1338,256,512,1024,1320,128,512,1024,25524,128,512,1024,3321,128,512,1024,522,128,512,1024,270,256,512,1024,333,256,512,512,108,1024,2048,2048,24,1024,1024,1024,24,64,64,64,48,64,128,128,20,16384,131072,131072,20,16.73,10.06,6.67,24,37,41,810,103,91,0,262144,262144,262144,262144,262144,24,65536,131072,262144,262144,262144,37,131072,131072,262144,262144,524288,41,65536,131072,262144,262144,262144,810,131072,131072,262144,262144,262144,103,65536,131072,131072,131072,262144,91,0,0,0,0,0,0,0,0,0,0,0,0,0,0,0,0,0,0,0,0,0,0,0,0,0,0,0,0,0,0,0,0,0,0,0,0,0,0,29963,34838,56462,0,41,20,0
41837756292300,3953,4096,4096,16384,28670,512,512,1024,4034,4096,8192,8192,3210,4096,16384,16384,888,8192,8192,8192,37,2048,4096,4096,806,512,1024,2048,3256,1024,2048,2048,542,4096,4096,4096,20,1024,131072,262144,41869,1048576,2097152,2097152,41,1048576,1048576,1048576,41,524288,524288,1048576,41,1024,2048,2048,41,128,65536,131072,41,256,512,1024,5475,256,512,1024,5268,256,512,1024,258030,256,512,1024,28890,128,512,1024,5439,256,512,1024,6849,512,1024,2048,1290,256,512,1024,1488,128,512,1024,27063,128,512,1024,3393,128,512,1024,516,128,512,512,387,256,512,1024,333,256,512,1024,180,1024,2048,2048,22,1024,1024,2048,23,64,64,256,45,64,128,128,21,16384,65536,131072,21,18.47,10.68,7.79,23,37,28,806,88,120,0,262144,262144,262144,262144,524288,23,65536,131072,131072,131072,131072,37,65536,131072,131072,131072,524288,28,65536,131072,262144,262144,262144,806,131072,131072,131072,131072,262144,88,65536,131072,131072,131072,524288,120,0,0,0,0,0,0,0,0,0,0,0,0,0,0,0,0,0,0,0,0,0,0,0,0,0,0,0,0,0,0,0,0,0,0,0,0,0,0,30313,35865,56952,0,41,21,0
41838793305600,3973,4096,4096,16384,27950,512,512,1024,3936,4096,8192,8192,3169,4096,8192,16384,765,8192,8192,8192,32,2048,4096,4096,816,512,1024,2048,3146,1024,2048,2048,568,4096,4096,8192,21,1024,131072,262144,40785,1048576,2097152,2097152,41,1048576,1048576,1048576,41,524288,524288,524288,41,1024,2048,2048,41,64,65536,131072,41,256,512,1024,5442,256,512,1024,5262,256,512,1024,251550,256,512,1024,28521,128,512,1024,4576,256,512,1024,6003,512,1024,1024,1452,256,512,1024,1497,256,512,1024,26811,128,512,1024,3366,128,512,1024,588,128,512,1024,288,256,512,1024,288,256,1024,1024,189,1024,2048,2048,20,1024,1024,1024,20,64,64,64,40,64,128,128,20,16384,262144,262144,20,16.40,8.33,8.07,20,32,31,816,122,106,0,262144,262144,262144,262144,524288,20,131072,131072,262144,262144,262144,32,65536,131072,131072,131072,131072,31,65536,131072,262144,524288,524288,816,131072,131072,131072,131072,131072,122,65536,131072,131072,131072,262144,106,0,0,0,0,0,0,0,0,0,0,0,0,0,0,0,0,0,0,0,0,0,0,0,0,0,0,0,0,0,0,0,0,0,0,0,0,0,0,30305,35695,56994,0,41,20,0
41839825920400,3985,4096,8192,16384,29522,512,512,1024,4072,4096,8192,8192,3300,4096,16384,16384,826,8192,8192,8192,38,2048,4096,4096,856,512,1024,2048,3279,1024,2048,2048,560,4096,4096,4096,27,1024,131072,262144,42867,1048576,2097152,2097152,42,1048576,1048576,2097152,42,524288,1048576,1048576,42,1024,1024,2048,42,128,131072,131072,42,256,512,1024,5342,256,512,1024,5234,256,512,1024,265698,256,512,1024,29700,128,512,1024,5271,256,512,1024,6687,512,1024,2048,1509,256,512,1024,1536,256,512,1024,28530,128,512,1024,3564,256,512,1024,567,128,512,1024,351,128,512,512,342,256,512,1024,243,1024,2048,2048,12,1024,1024,1024,12,64,64,64,24,64,128,128,21,16384,16384,16384,21,17.73,10.99,6.74,12,38,28,856,114,108,0,262144,262144,262144,262144,262144,12,65536,131072,131072,131072,262144,38,131072,131072,131072,131072,131072,28,65536,131072,262144,262144,524288,856,131072,131072,262144,262144,262144,114,65536,131072,131072,262144,262144,108,0,0,0,0,0,0,0,0,0,0,0,0,0,0,0,0,0,0,0,0,0,0,0,0,0,0,0,0,0,0,0,0,0,0,0,0,0,0,31224,37280,58715,4,42,21,0
41840861706900,3998,4096,8192,16384,29137,512,512,1024,4021,4096,8192,8192,3291,4096,8192,16384,823,8192,8192,8192,32,2048,4096,4096,807,512,1024,2048,3302,1024,2048,2048,547,4096,4096,4096,20,2048,131072,262144,42410,1048576,2097152,2097152,41,1048576,1048576,1048576,41,524288,524288,524288,41,1024,1024,2048,41,128,65536,65536,41,256,512,1024,5375,256,512,1024,5258,256,512,1024,262233,256,512,1024,29619,128,512,1024,4943,256,512,1024,6669,512,1024,2048,1224,256,512,1024,1395,256,512,1024,27180,128,512,1024,3654,128,512,1024,552,128,512,1024,288,256,1024,1024,288,256,512,1024,180,1024,2048,2048,12,1024,1024,1024,13,64,64,64,25,64,128,128,21,256,32768,32768,21,18.18,10.42,7.75,13,32,32,807,130,97,0,262144,262144,262144,262144,262144,13,65536,131072,131072,131072,262144,32,65536,131072,131072,131072,262144,32,65536,131072,262144,262144,524288,807,131072,131072,131072,262144,262144,130,65536,131072,262144,262144,262144,97,0,0,0,0,0,0,0,0,0,0,0,0,0,0,0,0,0,0,0,0,0,0,0,0,0,0,0,0,0,0,0,0,0,0,0,0,0,0,29395,35625,56171,197,41,21,0
41841893506600,3940,4096,8192,16384,28866,512,512,1024,4093,4096,8192,8192,3210,4096,16384,16384,804,8192,8192,8192,38,2048,4096,4096,820,512,1024,1024,3301,1024,2048,2048,557,4096,4096,4096,21,2048,131072,262144,42132,1048576,2097152,2097152,42,1048576,1048576,1048576,42,524288,524288,524288,42,1024,1024,2048,42,64,32768,32768,42,256,512,1024,5257,256,512,1024,5779,256,512,1024,259802,256,512,1024,28890,128,512,1024,4818,256,512,1024,6750,512,1024,1024,1407,256,512,1024,1398,128,512,1024,28440,128,512,1024,3375,256,512,1024,663,128,512,512,333,256,512,1024,342,256,512,1024,189,0,0,0,1,512,512,512,2,0,0,0,3,64,128,128,21,128,256,16384,21,15.71,9.43,6.29,2,38,24,820,115,116,60,262144,262144,262144,262144,262144,2,65536,131072,131072,131072,262144,38,65536,131072,131072,131072,131072,24,65536,131072,262144,524288,524288,819,131072,131072,131072,131072,262144,115,65536,131072,131072,131072,262144,116,131072,262144,262144,262144,524288,60,0,0,0,0,0,0,0,0,0,0,0,0,0,0,0,0,0,0,0,0,0,0,0,0,0,0,0,0,0,0,0,0,29536,35478,58744,0,42,21,0
41842928205900,3940,4096,4096,16384,28308,512,512,1024,3950,4096,8192,16384,3129,4096,16384,16384,763,8192,8192,8192,36,2048,4096,4096,807,512,1024,2048,3147,1024,2048,2048,518,4096,8192,8192,19,1024,131072,262144,41078,1048576,2097152,2097152,41,1048576,1048576,1048576,41,524288,524288,524288,41,1024,2048,2048,41,128,65536,131072,41,256,512,1024,4891,256,512,1024,4891,256,512,1024,254764,128,512,1024,28161,128,512,1024,4993,256,512,1024,6282,512,1024,2048,1467,256,512,1024,1530,128,512,1024,26937,128,512,1024,3375,128,512,1024,510,256,512,1024,396,256,512,1024,324,256,512,1024,171,0,0,0,0,0,0,0,0,0,0,0,0,64,128,128,20,128,256,256,20,17.13,9.63,7.50,0,36,35,807,111,114,0,0,0,0,0,0,0,65536,131072,131072,131072,131072,36,65536,131072,262144,262144,262144,35,65536,131072,262144,262144,262144,807,65536,131072,131072,131072,262144,111,65536,131072,131072,131072,262144,114,0,0,0,0,0,0,0,0,0,0,0,0,0,0,0,0,0,0,0,0,0,0,0,0,0,0,0,0,0,0,0,0,0,0,0,0,0,0,30013,34898,55106,0,41,20,0
41843961630600,3884,4096,4096,16384,28290,512,512,1024,4060,4096,8192,8192,3195,4096,8192,16384,745,8192,8192,16384,43,2048,4096,4096,833,512,1024,2048,3156,1024,2048,2048,543,4096,4096,4096,21,256,131072,262144,41305,1048576,2097152,2097152,41,1048576,1048576,1048576,41,524288,524288,524288,41,1024,2048,2048,41,128,65536,131072,42,256,512,1024,5229,256,512,1024,5733,256,512,1024,254610,128,512,1024,28755,128,512,512,4606,256,512,1024,6291,512,1024,1024,1335,256,512,1024,1371,128,512,1024,26010,128,512,1024,3168,128,512,1024,489,128,512,1024,378,256,512,1024,387,256,512,1024,189,1024,2048,2048,6,1024,1024,1024,5,0,64,64,11,64,128,128,21,128,16384,16384,21,17.74,11.40,6.34,5,43,34,833,100,135,60,262144,262144,262144,262144,262144,5,65536,131072,131072,131072,262144,43,65536,131072,131072,131072,131072,34,65536,131072,262144,262144,262144,834,65536,131072,262144,262144,262144,99,65536,131072,262144,262144,262144,132,131072,262144,262144,262144,262144,60,0,0,0,0,0,0,0,0,0,0,0,0,0,0,0,0,0,0,0,0,0,0,0,0,0,0,0,0,0,0,3,0,29569,34702,57900,0,41,21,0
41844997551500,3897,4096,4096,16384,28460,512,512,1024,3995,4096,8192,8192,3187,4096,8192,16384,823,8192,8192,8192,48,2048,4096,4096,772,512,1024,1024,3133,1024,2048,2048,552,4096,8192,8192,14,1024,131072,262144,41437,1048576,2097152,2097152,42,1048576,1048576,1048576,42,524288,524288,524288,42,1024,2048,2048,42,64,65536,131072,41,256,512,1024,5240,256,512,1024,5123,256,512,1024,256140,128,512,1024,28683,128,512,512,4772,256,512,1024,6984,512,1024,1024,1437,256,512,1024,1509,128,512,1024,26145,128,512,1024,3357,128,512,512,516,128,512,512,333,256,512,1024,432,256,512,1024,126,1024,2048,2048,13,1024,1024,1024,12,64,64,64,25,64,64,128,21,16384,16384,16384,21,15.86,8.69,7.18,12,48,29,772,89,102,0,262144,262144,262144,262144,262144,12,65536,131072,131072,131072,524288,48,131072,131072,131072,131072,131072,29,65536,131072,262144,262144,524288,772,131072,131072,131072,131072,131072,90,65536,131072,131072,131072,524288,105,0,0,0,0,0,0,0,0,0,0,0,0,0,0,0,0,0,0,0,0,0,0,0,0,0,0,0,0,0,0,0,0,0,0,0,0,0,0,28417,35068,56575,0,42,21,0
41846033377700,3912,4096,4096,16384,28550,256,512,1024,3985,4096,8192,8192,3188,4096,8192,16384,756,8192,8192,8192,29,2048,4096,4096,833,512,1024,1024,3188,1024,2048,2048,538,4096,8192,8192,18,256,131072,262144,41464,1048576,2097152,2097152,41,1048576,1048576,1048576,41,524288,524288,524288,41,1024,1024,1024,41,64,32768,65536,41,256,512,1024,5553,256,512,1024,5418,256,512,1024,256950,128,512,1024,28692,128,512,512,4488,128,512,1024,6723,512,1024,1024,1395,256,512,1024,1287,128,512,1024,25794,128,512,1024,3267,128,512,1024,543,128,512,512,234,128,512,1024,261,256,512,1024,162,2048,2048,2048,16,1024,2048,2048,15,64,64,64,31,64,128,128,20,8192,262144,262144,20,17.25,10.32,6.92,15,29,26,833,102,101,0,262144,262144,262144,262144,524288,15,65536,131072,131072,131072,131072,29,65536,131072,131072,131072,131072,26,65536,131072,131072,262144,262144,833,65536,131072,131072,131072,131072,102,65536,131072,131072,131072,262144,101,0,0,0,0,0,0,0,0,0,0,0,0,0,0,0,0,0,0,0,0,0,0,0,0,0,0,0,0,0,0,0,0,0,0,0,0,0,0,29147,34874,58628,0,41,20,0
41847064911300,3933,4096,4096,16384,29220,512,512,1024,4035,4096,8192,8192,3221,4096,8192,32768,827,8192,8192,8192,26,2048,4096,4096,840,512,1024,2048,3297,1024,2048,2048,543,4096,4096,4096,11,1024,131072,262144,42408,1048576,2097152,2097152,42,1048576,1048576,1048576,42,524288,524288,524288,42,512,1024,1024,42,64,16384,65536,42,256,512,1024,5124,256,512,1024,4935,256,512,1024,262983,128,512,1024,28989,128,512,1024,4488,128,512,1024,7065,512,1024,2048,1379,256,512,1024,1343,128,512,1024,27072,128,512,512,2916,128,512,512,576,128,512,512,261,256,512,1024,234,256,1024,1024,99,1024,2048,2048,23,1024,1024,1024,22,64,64,64,45,64,128,128,21,16384,65536,131072,21,17.21,9.55,7.66,22,26,37,840,120,119,0,262144,262144,262144,262144,262144,22,131072,131072,131072,131072,131072,26,65536,131072,131072,131072,131072,37,65536,131072,131072,262144,524288,840,65536,131072,131072,131072,131072,120,65536,131072,131072,131072,262144,119,0,0,0,0,0,0,0,0,0,0,0,0,0,0,0,0,0,0,0,0,0,0,0,0,0,0,0,0,0,0,0,0,0,0,0,0,0,0,29857,35922,58003,0,42,21,0
41848100127200,3958,4096,4096,16384,28445,512,512,1024,3935,4096,8192,8192,3180,4096,8192,16384,813,8192,8192,16384,29,2048,4096,4096,781,512,1024,2048,3214,1024,2048,2048,557,4096,8192,8192,20,2048,131072,262144,41376,1048576,2097152,2097152,41,1048576,1048576,1048576,41,524288,524288,524288,41,1024,2048,2048,41,64,65536,65536,41,256,512,1024,5532,256,512,1024,5307,256,512,1024,256002,256,512,1024,28620,128,512,512,4742,256,512,1024,7110,512,1024,2048,1437,256,512,1024,1266,256,512,1024,26442,256,512,1024,3474,256,512,1024,564,128,512,1024,270,256,512,1024,261,256,1024,1024,180,1024,2048,2048,24,1024,1024,1024,24,64,64,128,48,64,64,128,21,16384,131072,131072,21,17.56,10.48,7.07,24,29,22,781,115,120,0,262144,262144,262144,262144,262144,24,131072,131072,131072,131072,131072,29,65536,131072,131072,131072,131072,22,65536,131072,131072,262144,262144,779,65536,131072,131072,131072,131072,115,65536,131072,131072,131072,131072,120,0,0,0,0,0,0,0,0,0,0,0,0,0,0,0,0,0,0,0,0,0,0,0,0,0,0,0,0,0,0,0,0,0,0,0,0,1,0,30168,35710,56132,0,41,21,0
41849137607300,3979,4096,4096,16384,28649,512,512,1024,4013,4096,8192,8192,3285,4096,8192,16384,881,8192,8192,8192,25,2048,4096,4096,811,512,1024,1024,3237,1024,2048,2048,536,4096,4096,4096,19,2048,131072,262144,41822,1048576,2097152,2097152,41,1048576,1048576,1048576,41,524288,524288,524288,41,512,1024,1024,41,64,65536,65536,41,256,512,1024,5330,256,512,1024,5141,256,512,1024,257841,256,512,1024,29565,128,512,1024,4940,128,512,1024,7092,512,1024,2048,1388,256,512,1024,1280,128,512,1024,26604,128,512,1024,3321,128,512,1024,540,128,512,1024,261,256,512,1024,234,256,1024,1024,171,1024,2048,2048,20,1024,1024,1024,22,64,64,64,42,64,128,128,20,16384,131072,131072,20,15.87,9.50,6.37,22,25,18,811,104,113,0,262144,262144,262144,262144,262144,22,131072,131072,131072,131072,131072,25,131072,131072,131072,131072,131072,18,65536,131072,131072,262144,262144,813,131072,131072,131072,131072,131072,104,65536,131072,131072,131072,131072,113,0,0,0,0,0,0,0,0,0,0,0,0,0,0,0,0,0,0,0,0,0,0,0,0,0,0,0,0,0,0,0,0,0,0,0,0,0,0,31124,35868,54619,0,41,20,0
41850169372800,3991,4096,4096,16384,28334,512,512,1024,3950,4096,8192,8192,3114,4096,8192,16384,799,8192,8192,8192,44,2048,4096,4096,786,512,1024,1024,3139,1024,2048,2048,528,4096,4096,8192,24,1024,131072,262144,41044,1048576,2097152,2097152,42,1048576,1048576,1048576,42,524288,524288,524288,42,1024,2048,2048,42,64,32768,65536,42,256,512,1024,5407,256,512,1024,5299,256,512,1024,255006,256,512,1024,28026,128,512,1024,4943,128,512,1024,6318,512,1024,2048,1533,256,512,1024,1434,256,512,1024,27828,128,512,1024,3537,128,512,1024,465,128,512,1024,342,256,512,1024,396,256,512,1024,216,2048,2048,2048,12,1024,1024,1024,13,64,64,64,25,64,64,128,21,128,32768,32768,21,16.83,9.79,7.03,13,44,14,786,107,105,0,262144,262144,262144,262144,524288,13,65536,131072,131072,131072,262144,44,65536,131072,131072,131072,131072,14,65536,131072,131072,262144,262144,786,131072,131072,131072,131072,131072,107,65536,131072,131072,131072,131072,105,0,0,0,0,0,0,0,0,0,0,0,0,0,0,0,0,0,0,0,0,0,0,0,0,0,0,0,0,0,0,0,0,0,0,0,0,0,0,29329,35828,58420,0,42,21,0
41851202696700,4000,4096,4096,16384,28866,512,512,1024,4072,4096,8192,8192,3275,4096,16384,16384,857,8192,8192,16384,37,2048,4096,4096,895,512,1024,1024,3285,1024,2048,2048,567,4096,4096,4096,13,1024,131072,262144,42222,1048576,2097152,2097152,41,1048576,1048576,2097152,41,524288,524288,524288,41,1024,2048,2048,41,64,32768,131072,41,256,512,1024,5260,256,512,1024,5179,256,512,1024,259794,256,512,1024,29475,128,512,1024,5287,128,512,1024,6714,512,1024,2048,1437,256,512,1024,1554,256,512,1024,27288,128,512,1024,3420,128,512,1024,540,256,512,512,432,256,512,1024,333,256,512,1024,117,1024,2048,2048,6,1024,1024,1024,7,64,64,64,13,64,128,128,21,128,16384,16384,21,16.15,11.07,5.09,7,37,19,895,91,98,0,262144,262144,262144,262144,262144,7,65536,131072,131072,131072,262144,37,65536,131072,131072,131072,131072,19,65536,131072,131072,262144,262144,894,65536,131072,131072,131072,131072,91,65536,131072,131072,131072,131072,98,0,0,0,0,0,0,0,0,0,0,0,0,0,0,0,0,0,0,0,0,0,0,0,0,0,0,0,0,0,0,0,0,0,0,0,0,1,0,29173,35267,56445,0,41,21,0
41852237078400,3940,4096,4096,16384,29000,512,512,1024,4196,4096,8192,8192,3251,4096,8192,16384,853,8192,8192,65536,47,2048,4096,4096,812,512,1024,2048,3250,1024,2048,2048,547,4096,8192,8192,16,1024,131072,262144,42373,1048576,2097152,2097152,41,1048576,1048576,1048576,41,524288,524288,524288,41,1024,2048,2048,41,128,32768,131072,42,256,512,1024,5257,256,512,1024,5797,256,512,1024,261000,128,512,1024,29259,128,512,1024,5089,128,512,1024,6624,512,1024,2048,1392,256,512,1024,1511,128,512,1024,26154,128,512,1024,3294,128,512,1024,384,128,512,1024,360,256,512,1024,423,256,512,1024,144,0,0,0,0,0,0,0,0,0,0,0,0,64,128,128,21,128,128,128,21,19.09,11.35,7.73,0,47,26,812,92,106,60,0,0,0,0,0,0,65536,131072,131072,131072,524288,47,131072,131072,131072,131072,131072,26,65536,131072,131072,262144,262144,813,65536,131072,131072,131072,262144,88,65536,131072,131072,131072,131072,103,131072,262144,262144,262144,262144,60,0,0,0,0,0,0,0,0,0,0,0,0,0,0,0,0,0,0,0,0,0,0,0,0,0,0,0,0,0,0,6,0,29318,35457,56937,0,41,21,0
41853270063500,3940,4096,4096,16384,28600,512,512,1024,4067,4096,8192,8192,3179,4096,8192,16384,847,8192,8192,8192,40,2048,4096,4096,805,512,1024,1024,3216,1024,2048,2048,533,4096,4096,8192,25,512,131072,262144,41704,1048576,2097152,2097152,42,1048576,1048576,2097152,42,524288,524288,524288,42,1024,1024,1024,42,64,65536,131072,41,256,512,1024,5289,256,512,1024,5289,256,512,1024,257400,128,512,1024,28611,128,512,512,5134,128,512,1024,6282,512,1024,2048,1479,256,512,1024,1468,128,512,1024,28080,128,512,1024,3321,128,512,1024,492,128,512,1024,378,128,512,1024,360,256,512,1024,225,0,0,0,0,0,0,0,0,0,0,0,0,64,128,128,20,128,256,256,20,15.39,9.41,5.98,0,40,19,805,102,94,0,0,0,0,0,0,0,65536,131072,131072,131072,131072,40,65536,131072,131072,131072,131072,19,65536,131072,131072,262144,262144,805,131072,131072,131072,131072,262144,106,65536,131072,131072,131072,262144,97,0,0,0,0,0,0,0,0,0,0,0,0,0,0,0,0,0,0,0,0,0,0,0,0,0,0,0,0,0,0,0,0,0,0,0,0,0,0,29091,34715,55683,0,42,20,0
41854302940900,3889,4096,8192,16384,28384,512,512,1024,3998,4096,8192,16384,3190,4096,8192,16384,810,8192,8192,16384,40,2048,4096,4096,776,512,1024,2048,3165,1024,2048,2048,560,4096,4096,4096,20,1024,131072,262144,41362,1048576,2097152,2097152,41,1048576,1048576,1048576,41,524288,524288,1048576,41,1024,1024,2048,41,64,131072,131072,41,256,512,1024,5050,256,512,1024,5509,256,512,1024,255456,128,512,1024,28710,128,512,512,4772,256,512,1024,6219,512,1024,1024,1439,256,512,1024,1403,128,512,1024,26568,128,512,512,3312,128,512,1024,447,128,512,1024,315,256,512,1024,360,256,1024,1024,180,2048,2048,2048,10,1024,1024,1024,9,64,64,64,19,64,128,128,21,128,32768,65536,21,17.10,9.56,7.55,9,40,26,776,87,89,60,262144,262144,262144,262144,262144,9,65536,131072,131072,131072,131072,40,131072,131072,131072,131072,131072,26,65536,131072,131072,262144,262144,776,131072,131072,131072,131072,131072,87,65536,131072,131072,131072,131072,89,131072,262144,262144,262144,262144,60,0,0,0,0,0,0,0,0,0,0,0,0,0,0,0,0,0,0,0,0,0,0,0,0,0,0,0,0,0,0,0,0,30060,35104,57092,0,41,21,0
41855336075200,3898,4096,4096,16384,28310,512,512,1024,3954,4096,8192,16384,3149,4096,16384,16384,771,8192,8192,8192,32,2048,4096,4096,813,512,1024,2048,3160,1024,2048,2048,513,4096,8192,8192,20,2048,131072,262144,41093,1048576,2097152,2097152,41,1048576,1048576,1048576,41,524288,524288,524288,41,1024,1024,2048,41,64,65536,65536,41,256,512,1024,4725,256,512,1024,4644,256,512,1024,254790,128,512,1024,28341,128,512,512,4684,256,512,1024,6219,512,1024,1024,1382,256,512,1024,1445,128,512,1024,26595,128,512,512,3546,128,512,512,624,128,512,1024,342,256,512,1024,288,256,512,1024,180,1024,2048,2048,10,1024,1024,1024,10,64,64,64,20,64,128,128,20,128,131072,131072,20,15.35,7.93,7.42,10,32,30,813,96,94,0,262144,262144,262144,262144,262144,10,65536,131072,131072,131072,131072,32,65536,131072,131072,131072,131072,30,65536,131072,131072,262144,262144,813,65536,131072,131072,131072,131072,96,65536,131072,131072,131072,131072,94,0,0,0,0,0,0,0,0,0,0,0,0,0,0,0,0,0,0,0,0,0,0,0,0,0,0,0,0,0,0,0,0,0,0,0,0,0,0,29983,35178,55468,0,41,20,0
41856373927600,3918,4096,4096,16384,28520,512,512,1024,3973,4096,8192,8192,3180,4096,8192,16384,792,8192,8192,8192,33,2048,4096,4096,849,512,1024,1024,3182,1024,2048,2048,560,4096,4096,4096,25,1024,131072,262144,41536,1048576,2097152,2097152,42,1048576,1048576,1048576,42,524288,524288,524288,42,512,1024,1024,42,64,32768,65536,42,256,512,1024,4802,256,512,1024,4622,256,512,1024,256680,256,512,1024,28620,128,512,512,4622,256,512,1024,6444,512,1024,1024,1269,256,512,1024,1341,128,512,1024,26964,128,512,1024,3078,128,512,512,603,128,512,512,225,256,512,1024,297,256,512,1024,225,1024,2048,2048,22,1024,1024,1024,19,64,64,128,41,64,128,128,21,16384,65536,65536,21,17.99,10.95,7.05,19,33,19,849,86,88,0,262144,262144,262144,262144,262144,19,65536,131072,131072,131072,131072,33,131072,131072,131072,131072,131072,19,65536,131072,131072,262144,262144,849,65536,131072,131072,131072,131072,86,65536,131072,131072,131072,131072,88,0,0,0,0,0,0,0,0,0,0,0,0,0,0,0,0,0,0,0,0,0,0,0,0,0,0,0,0,0,0,0,0,0,0,0,0,0,0,31475,36493,57316,0,42,21,0
41857408349400,3944,4096,4096,16384,27951,512,512,1024,3914,4096,8192,8192,3145,4096,8192,16384,744,8192,8192,8192,24,2048,4096,4096,802,512,1024,1024,3161,1024,2048,2048,527,4096,8192,8192,20,1024,131072,262144,40656,1048576,2097152,2097152,41,1048576,1048576,1048576,41,524288,524288,524288,41,512,1024,1024,41,128,65536,65536,41,256,512,1024,5262,256,512,1024,5028,256,512,1024,251559,256,512,1024,28305,128,512,512,4430,256,512,1024,6210,512,1024,2048,1332,256,512,1024,1440,128,512,1024,27441,128,512,1024,3501,128,512,1024,489,128,512,512,261,256,512,1024,216,256,512,1024,180,1024,2048,2048,23,1024,1024,1024,26,64,64,64,49,64,128,128,21,16384,65536,131072,21,16.37,9.87,6.50,26,24,9,802,85,68,0,262144,262144,262144,262144,262144,26,131072,131072,131072,131072,131072,24,65536,131072,131072,131072,131072,9,65536,131072,131072,262144,262144,799,131072,131072,131072,131072,131072,85,65536,131072,131072,131072,131072,68,0,0,0,0,0,0,0,0,0,0,0,0,0,0,0,0,0,0,0,0,0,0,0,0,0,0,0,0,0,0,0,0,0,0,0,0,3,0,30323,36020,57348,0,41,21,0
41858441678100,3965,4096,4096,16384,28948,256,512,1024,4034,4096,8192,8192,3299,4096,8192,16384,791,8192,8192,16384,38,2048,2048,4096,820,512,1024,1024,3325,1024,2048,2048,587,4096,4096,4096,17,1024,131072,262144,42283,1048576,2097152,2097152,41,1048576,1048576,1048576,41,524288,524288,524288,41,1024,2048,2048,41,64,65536,131072,41,256,512,1024,5611,256,512,1024,5422,256,512,1024,260532,256,512,1024,29691,128,512,512,4764,256,512,1024,6552,512,1024,2048,1272,256,512,1024,1497,128,512,1024,26721,128,512,1024,3105,128,512,1024,519,128,512,1024,432,128,512,512,342,256,512,1024,153,1024,2048,2048,23,1024,1024,1024,21,64,64,64,44,64,64,64,20,16384,65536,65536,20,17.91,10.04,7.88,21,38,5,820,74,89,0,262144,262144,524288,524288,524288,21,65536,131072,131072,131072,131072,38,65536,131072,131072,131072,131072,5,65536,131072,131072,262144,262144,821,131072,131072,131072,131072,131072,74,65536,131072,131072,131072,131072,89,0,0,0,0,0,0,0,0,0,0,0,0,0,0,0,0,0,0,0,0,0,0,0,0,0,0,0,0,0,0,0,0,0,0,0,0,2,0,29225,35855,54892,0,41,20,0
41859474786200,3983,4096,4096,16384,28704,256,512,1024,4024,4096,8192,8192,3179,4096,8192,16384,804,8192,8192,8192,42,2048,2048,4096,800,512,1024,1024,3178,1024,2048,2048,505,4096,4096,4096,13,512,131072,262144,41644,1048576,2097152,2097152,42,1048576,1048576,1048576,42,524288,524288,524288,42,1024,1024,2048,42,64,32768,32768,42,256,512,1024,5001,256,512,1024,4839,256,512,1024,258336,128,512,1024,28611,128,512,1024,4807,128,512,1024,6624,512,1024,2048,1371,256,512,1024,1398,128,512,1024,27693,128,512,1024,3060,256,512,1024,441,128,512,1024,315,256,512,1024,378,256,512,512,117,1024,2048,2048,16,1024,1024,1024,19,64,128,128,35,64,128,128,21,8192,32768,65536,21,16.99,10.24,6.75,19,42,5,800,107,73,0,262144,262144,262144,262144,262144,19,65536,131072,131072,131072,262144,42,65536,131072,131072,131072,131072,5,65536,131072,131072,262144,4194304,799,131072,131072,131072,131072,131072,107,65536,131072,131072,131072,131072,73,0,0,0,0,0,0,0,0,0,0,0,0,0,0,0,0,0,0,0,0,0,0,0,0,0,0,0,0,0,0,0,0,0,0,0,0,3,0,29616,35100,54772,0,42,21,0
41860508569100,3992,4096,4096,16384,28813,256,512,1024,4035,4096,8192,8192,3228,4096,8192,16384,835,8192,8192,8192,37,2048,2048,4096,839,512,1024,1024,3236,1024,2048,2048,548,4096,4096,4096,15,256,131072,262144,41991,1048576,2097152,2097152,41,1048576,1048576,1048576,41,524288,524288,524288,41,1024,1024,1024,41,64,65536,131072,41,256,512,1024,5468,256,512,1024,5387,256,512,1024,259317,128,512,1024,29052,128,512,1024,4709,128,512,1024,6966,512,1024,2048,1475,256,512,1024,1475,256,512,1024,25641,128,512,1024,3330,256,512,1024,384,128,512,1024,279,256,512,512,333,256,512,1024,135,2048,2048,2048,10,1024,1024,1024,8,64,64,64,18,64,128,128,21,128,16384,32768,21,15.62,10.16,5.46,8,37,9,839,80,83,0,262144,262144,262144,262144,262144,8,65536,131072,131072,131072,131072,37,65536,131072,131072,131072,131072,8,65536,131072,131072,262144,524288,837,131072,131072,131072,131072,131072,80,65536,131072,131072,131072,131072,83,0,0,0,0,0,0,0,0,0,0,0,0,0,0,0,0,0,0,0,0,0,0,0,0,0,0,0,0,0,0,0,0,0,0,0,0,6,0,28976,34806,53286,0,41,21,0
41861543292600,3940,4096,4096,16384,29437,256,512,1024,4297,4096,8192,16384,3278,4096,16384,16384,813,8192,8192,8192,40,2048,2048,4096,837,512,1024,1024,3316,1024,2048,2048,536,4096,8192,8192,18,1024,131072,262144,43013,1048576,2097152,2097152,42,1048576,1048576,1048576,42,524288,524288,524288,42,1024,1024,1024,42,64,65536,65536,42,256,512,1024,5296,256,512,1024,5764,256,512,1024,264933,128,512,1024,29502,128,512,512,4490,128,512,1024,7254,512,1024,2048,1536,256,512,1024,1455,256,512,1024,25578,128,512,1024,2826,128,512,512,573,256,512,1024,360,256,512,1024,360,256,512,1024,162,1024,2048,2048,6,1024,1024,1024,8,64,64,64,14,64,64,128,21,128,16384,32768,21,15.00,9.12,5.87,8,40,11,837,94,81,60,262144,262144,262144,262144,262144,8,65536,131072,131072,131072,131072,40,65536,131072,131072,131072,131072,12,65536,131072,262144,262144,8388608,842,131072,131072,131072,131072,131072,94,65536,131072,131072,131072,131072,81,131072,262144,262144,262144,262144,60,0,0,0,0,0,0,0,0,0,0,0,0,0,0,0,0,0,0,0,0,0,0,0,0,0,0,0,0,0,0,0,0,28049,35191,52625,210,42,21,0
41862577873800,3940,4096,4096,16384,28499,256,512,1024,4012,4096,8192,8192,3195,4096,16384,16384,796,8192,8192,8192,31,2048,2048,4096,846,512,1024,1024,3158,1024,2048,2048,543,4096,8192,8192,14,512,131072,262144,41513,1048576,2097152,2097152,41,1048576,1048576,1048576,41,524288,524288,1048576,41,512,1024,1024,41,128,65536,131072,41,256,512,1024,5212,256,512,1024,5212,256,512,1024,256491,256,512,1024,28755,128,512,512,4155,256,512,1024,6732,512,1024,1024,1515,256,512,1024,1389,256,512,1024,25578,128,512,1024,2970,128,512,1024,486,256,512,1024,243,256,512,1024,279,256,1024,1024,126,0,0,0,0,0,0,0,0,0,0,0,0,64,128,128,20,128,256,256,20,14.57,7.91,6.65,0,31,3,846,62,71,0,0,0,0,0,0,0,65536,131072,131072,131072,131072,31,65536,65536,65536,65536,131072,3,65536,131072,131072,262144,262144,846,65536,131072,131072,131072,131072,62,65536,131072,131072,131072,262144,71,0,0,0,0,0,0,0,0,0,0,0,0,0,0,0,0,0,0,0,0,0,0,0,0,0,0,0,0,0,0,0,0,0,0,0,0,0,0,28212,35060,56222,483,41,20,0
41863612975600,3941,4096,4096,16384,28785,512,512,1024,4095,4096,8192,8192,3214,4096,16384,32768,823,8192,8192,8192,27,2048,2048,4096,777,512,1024,1024,3227,1024,2048,2048,564,4096,4096,8192,22,512,131072,262144,41871,1048576,2097152,2097152,42,1048576,1048576,1048576,42,524288,524288,524288,42,512,1024,1024,42,64,2048,65536,42,256,512,1024,4732,256,512,1024,4723,256,512,1024,259065,256,512,1024,28926,128,512,512,4869,128,512,1024,6831,512,1024,2048,1376,256,512,1024,1376,128,512,1024,26046,128,512,512,3096,256,512,512,426,256,512,1024,306,256,512,1024,243,256,512,1024,198,1024,1024,1024,2,0,0,0,1,64,64,64,3,64,128,128,21,128,256,256,21,16.21,8.61,7.60,1,27,5,777,88,74,0,0,0,0,0,262144,1,65536,131072,131072,131072,131072,27,65536,131072,131072,131072,131072,5,65536,131072,131072,262144,262144,776,131072,131072,131072,131072,131072,88,65536,131072,131072,131072,131072,74,0,0,0,0,0,0,0,0,0,0,0,0,0,0,0,0,0,0,0,0,0,0,0,0,0,0,0,0,0,0,0,0,0,0,0,0,1,0,29883,35455,53434,0,42,21,0
41864649734300,3896,4096,4096,16384,28204,256,512,1024,4036,4096,8192,8192,3171,4096,8192,16384,887,8192,8192,8192,39,2048,2048,4096,803,512,1024,1024,3157,1024,2048,2048,574,4096,4096,4096,28,1024,131072,262144,41288,1048576,2097152,2097152,41,1048576,1048576,1048576,41,524288,524288,524288,41,1024,1024,1024,41,64,65536,65536,41,256,512,1024,5047,256,512,1024,5452,256,512,1024,253836,256,512,1024,28539,128,512,512,5215,128,512,1024,7317,512,1024,1024,1539,256,512,1024,1503,128,512,1024,26712,128,512,1024,3096,128,512,1024,527,128,512,1024,342,256,512,1024,351,256,512,1024,252,1024,2048,2048,16,512,1024,1024,15,64,64,64,31,64,128,128,21,256,65536,65536,21,16.17,9.98,6.19,15,39,7,803,76,76,60,262144,262144,262144,262144,262144,15,65536,131072,131072,131072,131072,39,65536,131072,131072,131072,131072,7,65536,131072,131072,262144,524288,803,65536,131072,131072,131072,131072,76,65536,131072,131072,131072,131072,76,131072,262144,262144,262144,262144,60,0,0,0,0,0,0,0,0,0,0,0,0,0,0,0,0,0,0,0,0,0,0,0,0,0,0,0,0,0,0,1,0,30544,35349,53952,0,41,21,0
41865679150900,3909,4096,4096,16384,28027,512,512,1024,3968,4096,8192,8192,3119,4096,8192,16384,783,8192,8192,8192,33,2048,2048,4096,811,512,1024,1024,3145,1024,2048,2048,507,4096,4096,4096,15,1024,131072,262144,40729,1048576,2097152,2097152,41,1048576,1048576,1048576,41,524288,524288,524288,41,1024,1024,1024,41,64,65536,131072,41,256,512,1024,5490,256,512,1024,5373,256,512,1024,252243,256,512,1024,28071,128,512,1024,4491,256,512,1024,6300,512,1024,1024,1380,256,512,1024,1299,128,512,1024,25758,128,512,1024,3267,128,512,512,555,128,512,512,252,256,512,1024,297,256,512,1024,135,2048,2048,2048,13,1024,1024,1024,13,64,64,128,26,64,128,128,20,8192,131072,131072,20,14.97,8.56,6.42,13,33,12,811,67,74,0,262144,262144,262144,262144,262144,13,65536,131072,262144,262144,262144,33,65536,131072,131072,131072,131072,12,65536,131072,262144,262144,262144,812,131072,131072,262144,262144,262144,67,65536,131072,131072,131072,131072,74,0,0,0,0,0,0,0,0,0,0,0,0,0,0,0,0,0,0,0,0,0,0,0,0,0,0,0,0,0,0,0,0,0,0,0,0,0,0,31058,35772,53649,13,41,20,0
41866714579500,3935,4096,4096,16384,28204,512,512,1024,3973,4096,8192,8192,3189,4096,8192,16384,863,8192,8192,8192,32,2048,4096,4096,799,512,1024,1024,3187,1024,2048,2048,529,4096,4096,8192,23,1024,131072,262144,41125,1048576,2097152,2097152,42,1048576,1048576,1048576,42,524288,524288,1048576,42,1024,1024,1024,42,128,65536,131072,42,256,512,1024,5026,256,512,1024,4792,256,512,1024,253839,256,512,1024,28701,128,512,1024,5043,256,512,1024,6552,512,1024,2048,1464,256,512,1024,1518,128,512,1024,27243,128,512,1024,3312,128,512,1024,519,128,512,1024,324,256,512,1024,288,256,512,1024,207,1024,2048,2048,27,1024,1024,1024,27,64,64,128,54,64,128,128,21,16384,65536,65536,21,16.62,9.24,7.37,27,32,17,799,82,86,0,262144,262144,262144,262144,524288,27,65536,131072,262144,262144,262144,32,65536,131072,131072,131072,131072,17,65536,131072,262144,262144,262144,794,65536,131072,262144,262144,262144,82,65536,131072,131072,131072,131072,86,0,0,0,0,0,0,0,0,0,0,0,0,0,0,0,0,0,0,0,0,0,0,0,0,0,0,0,0,0,0,0,0,0,0,0,0,5,0,33266,37122,53823,0,42,21,0
41867748923600,3964,4096,4096,16384,28406,512,512,1024,4018,4096,8192,8192,3217,4096,8192,16384,799,8192,8192,8192,29,2048,2048,4096,806,512,1024,2048,3237,1024,2048,2048,544,4096,4096,4096,11,256,131072,262144,41417,1048576,2097152,2097152,41,1048576,1048576,2097152,41,524288,524288,524288,41,1024,1024,1024,41,64,32768,65536,41,256,512,1024,5167,256,512,1024,4906,256,512,1024,255651,256,512,1024,28953,128,512,512,4623,256,512,1024,6057,512,1024,2048,1434,256,512,1024,1362,256,512,1024,25920,128,512,1024,3195,128,512,512,453,128,512,1024,270,256,512,1024,261,256,512,512,99,1024,2048,2048,28,1024,1024,1024,28,64,64,128,56,64,64,64,21,16384,131072,262144,21,15.62,8.76,6.86,28,29,23,806,75,65,0,262144,262144,262144,262144,262144,28,65536,131072,131072,131072,131072,29,65536,131072,131072,131072,131072,23,65536,131072,262144,262144,524288,811,131072,131072,131072,131072,262144,75,65536,131072,262144,262144,262144,65,0,0,0,0,0,0,0,0,0,0,0,0,0,0,0,0,0,0,0,0,0,0,0,0,0,0,0,0,0,0,0,0,0,0,0,0,0,0,30842,36740,55691,0,41,21,0
41868781988500,3978,4096,4096,16384,28715,512,512,1024,3995,4096,8192,8192,3162,4096,8192,16384,842,8192,8192,8192,41,2048,2048,4096,809,512,1024,2048,3217,1024,2048,2048,539,4096,8192,8192,16,1024,131072,262144,41743,1048576,2097152,2097152,41,1048576,1048576,1048576,41,524288,524288,524288,41,1024,2048,2048,41,64,32768,32768,41,256,512,1024,5313,256,512,1024,5187,256,512,1024,258435,256,512,1024,28458,128,512,512,5076,256,512,1024,6471,512,1024,2048,1448,256,512,1024,1439,256,512,1024,26973,128,512,1024,3105,128,512,512,441,128,512,1024,387,256,512,1024,369,256,1024,1024,144,1024,2048,2048,13,1024,1024,1024,14,64,64,64,27,64,128,128,20,16384,65536,65536,20,14.48,7.68,6.80,14,41,32,809,73,84,0,262144,262144,262144,262144,262144,14,65536,131072,131072,131072,131072,41,65536,131072,131072,131072,131072,32,65536,131072,262144,524288,2097152,809,65536,131072,262144,262144,524288,73,65536,131072,131072,131072,131072,84,0,0,0,0,0,0,0,0,0,0,0,0,0,0,0,0,0,0,0,0,0,0,0,0,0,0,0,0,0,0,0,0,0,0,0,0,0,0,29667,35649,56270,0,41,20,0
41869816755700,3988,4096,4096,16384,28559,512,512,1024,4023,4096,8192,8192,3175,4096,8192,16384,789,8192,8192,16384,35,2048,2048,4096,831,512,1024,2048,3212,1024,2048,2048,544,4096,8192,8192,20,256,131072,262144,41626,1048576,2097152,2097152,42,1048576,1048576,1048576,42,524288,524288,524288,42,1024,2048,2048,42,64,65536,131072,42,256,512,1024,5442,256,512,1024,5352,256,512,1024,257031,128,512,1024,28575,128,512,1024,4819,128,512,1024,6102,512,1024,2048,1461,256,512,1024,1407,256,512,1024,27756,128,512,1024,3294,128,512,1024,420,128,512,1024,333,256,512,1024,315,256,512,1024,180,2048,2048,2048,11,512,1024,1024,10,64,64,64,21,64,128,128,21,256,16384,131072,21,15.84,10.06,5.78,10,35,29,831,84,59,0,262144,262144,262144,262144,524288,10,65536,131072,131072,131072,131072,35,65536,131072,131072,131072,131072,29,65536,131072,131072,262144,4194304,826,131072,131072,131072,131072,262144,84,65536,131072,262144,262144,262144,59,0,0,0,0,0,0,0,0,0,0,0,0,0,0,0,0,0,0,0,0,0,0,0,0,0,0,0,0,0,0,0,0,0,0,0,0,5,0,29062,35668,55182,0,42,21,0
41870852094500,3999,4096,8192,16384,29523,256,512,1024,4196,4096,8192,8192,3314,4096,8192,16384,777,8192,8192,8192,33,2048,2048,4096,844,512,1024,4096,3341,1024,2048,2048,575,4096,4096,4096,12,128,131072,262144,43014,1048576,2097152,2097152,41,1048576,1048576,1048576,41,524288,524288,524288,41,1024,2048,2048,41,64,32768,131072,41,256,512,1024,5243,256,512,1024,5144,256,512,1024,265707,128,512,1024,29826,128,512,512,4509,256,512,1024,6498,512,1024,2048,1476,256,512,1024,1458,256,512,1024,26145,256,512,1024,3465,128,512,1024,507,128,512,512,288,256,512,1024,297,256,512,1024,108,1024,2048,2048,10,1024,1024,1024,11,64,64,64,21,64,128,128,21,128,32768,32768,21,17.44,11.42,6.02,11,33,58,844,80,89,0,262144,262144,262144,262144,262144,11,65536,131072,131072,131072,131072,32,65536,131072,262144,262144,262144,58,65536,131072,262144,262144,524288,843,131072,131072,262144,262144,262144,80,65536,131072,131072,131072,8388608,89,0,0,0,0,0,0,0,0,0,0,0,0,0,0,0,0,0,0,0,0,0,0,0,0,0,0,0,0,0,0,0,0,0,0,0,0,6,0,28558,34500,54140,171,41,21,0
41871885157000,3940,4096,4096,16384,28969,512,512,1024,3988,4096,8192,8192,3248,4096,8192,16384,815,8192,8192,8192,41,2048,2048,4096,858,512,1024,4096,3262,1024,2048,2048,543,4096,4096,4096,23,1024,131072,262144,42207,1048576,2097152,2097152,41,1048576,1048576,1048576,41,524288,524288,524288,41,1024,2048,2048,41,64,65536,65536,41,256,512,1024,4961,256,512,1024,5492,256,512,1024,260730,128,512,1024,29232,128,512,512,4919,128,512,1024,6318,512,1024,2048,1415,256,512,1024,1487,256,512,1024,28152,128,512,1024,3393,128,512,512,459,128,512,1024,378,256,512,1024,369,256,1024,1024,207,0,0,0,0,0,0,0,1,0,0,0,1,64,128,128,20,128,256,256,20,16.08,10.25,5.82,1,41,72,858,79,58,60,0,0,0,0,262144,1,65536,131072,131072,131072,262144,42,65536,131072,131072,131072,262144,72,65536,131072,262144,262144,2097152,860,131072,131072,131072,131072,262144,79,65536,131072,131072,131072,131072,58,131072,262144,262144,262144,262144,60,0,0,0,0,0,0,0,0,0,0,0,0,0,0,0,0,0,0,0,0,0,0,0,0,0,0,0,0,0,0,4,0,29618,35247,55080,0,41,20,0
41872919569400,3940,4096,4096,16384,28149,256,512,1024,3974,4096,8192,8192,3134,4096,8192,16384,777,8192,8192,16384,40,2048,2048,4096,780,512,1024,4096,3132,1024,2048,2048,547,4096,4096,4096,16,128,131072,262144,41006,1048576,2097152,2097152,42,1048576,1048576,1048576,42,524288,524288,524288,42,1024,2048,2048,42,128,65536,131072,42,256,512,1024,4731,256,512,1024,4731,256,512,1024,253332,128,512,1024,28206,128,512,512,4658,256,512,1024,6795,512,1024,1024,1458,256,512,1024,1485,128,512,1024,27621,128,512,512,3456,128,512,512,573,128,512,1024,288,256,512,512,360,256,512,1024,144,0,0,0,0,0,0,0,0,0,0,0,0,64,64,128,21,128,128,256,21,18.09,10.68,7.41,0,40,57,780,103,67,0,0,0,0,0,0,0,65536,131072,131072,131072,131072,40,65536,131072,262144,262144,262144,57,65536,131072,131072,262144,262144,784,65536,131072,131072,131072,131072,103,65536,131072,131072,131072,131072,67,0,0,0,0,0,0,0,0,0,0,0,0,0,0,0,0,0,0,0,0,0,0,0,0,0,0,0,0,0,0,0,0,0,0,0,0,0,0,30398,35317,55437,0,42,21,0
41873956557400,3880,4096,4096,16384,23093,512,512,1024,3283,4096,8192,8192,2563,4096,8192,16384,616,8192,8192,8192,19,2048,2048,4096,619,512,1024,4096,2533,1024,2048,2048,438,4096,8192,8192,18,2048,131072,262144,33472,1048576,2097152,2097152,41,1048576,1048576,1048576,41,524288,524288,524288,41,512,1024,1024,41,64,65536,65536,41,256,512,1024,4861,256,512,1024,5401,256,512,1024,207837,256,512,1024,23067,128,512,1024,3568,256,512,1024,4923,512,1024,2048,1419,256,512,1024,1320,256,512,1024,26019,128,512,1024,3834,256,512,1024,660,128,512,512,189,256,1024,1024,171,256,512,1024,162,1024,1024,1024,2,0,0,0,0,64,64,64,2,64,128,128,21,128,256,256,21,14.95,8.54,6.41,0,19,47,619,82,94,60,0,0,0,0,0,0,65536,131072,131072,131072,131072,19,65536,131072,131072,131072,262144,47,65536,131072,131072,262144,524288,607,65536,131072,131072,131072,131072,79,65536,131072,262144,262144,262144,91,131072,262144,262144,262144,524288,60,0,0,0,0,0,0,0,0,0,0,0,0,0,0,0,0,0,0,0,0,0,0,0,0,0,0,0,0,0,0,18,0,23326,28444,45959,4,41,21,0
41874986814100,3891,4096,4096,16384,34278,256,512,1024,4646,4096,8192,8192,3779,4096,8192,16384,969,8192,8192,8192,50,2048,2048,4096,964,512,1024,4096,3802,1024,2048,2048,638,4096,4096,4096,30,64,131072,262144,49683,1048576,2097152,2097152,41,1048576,1048576,2097152,41,524288,524288,524288,41,1024,2048,2048,41,64,32768,65536,41,256,512,1024,5828,256,512,1024,5729,256,512,1024,308502,128,512,1024,34011,128,512,512,5306,128,512,1024,8082,512,1024,2048,1348,256,512,1024,1465,128,512,1024,25488,128,512,1024,2565,128,512,512,487,128,512,1024,414,256,512,1024,450,256,1024,1024,270,1024,2048,2048,11,512,1024,1024,12,64,64,64,23,64,128,128,20,16384,65536,65536,20,17.57,10.11,7.46,12,50,74,964,85,77,0,262144,524288,524288,524288,524288,12,65536,131072,131072,131072,131072,50,65536,131072,131072,131072,262144,74,65536,131072,262144,262144,524288,976,131072,131072,131072,131072,262144,88,65536,131072,131072,131072,262144,80,0,0,0,0,0,0,0,0,0,0,0,0,0,0,0,0,0,0,0,0,0,0,0,0,0,0,0,0,0,0,0,0,0,0,0,0,0,0,29021,35868,55701,3,41,20,0
41876022200600,3905,4096,4096,16384,28596,512,512,1024,4019,4096,8192,16384,3233,4096,8192,32768,812,8192,8192,8192,27,2048,2048,4096,810,512,1024,4096,3212,1024,2048,2048,533,4096,4096,8192,24,1024,131072,262144,41656,1048576,2097152,2097152,42,1048576,1048576,1048576,42,524288,1048576,1048576,42,512,1024,1024,42,64,65536,131072,42,256,512,1024,5287,256,512,1024,5161,256,512,1024,257364,256,512,1024,29097,128,512,1024,4909,128,512,1024,7038,512,1024,2048,1518,256,512,1024,1518,128,512,1024,27207,128,512,1024,3402,128,512,1024,414,128,512,512,297,256,512,1024,243,256,512,1024,216,1024,2048,2048,17,1024,1024,1024,13,64,64,64,30,64,128,128,21,16384,65536,131072,21,16.46,9.23,7.23,13,27,75,810,88,87,0,262144,262144,262144,262144,262144,13,65536,131072,131072,131072,262144,27,65536,131072,131072,131072,262144,75,65536,131072,262144,524288,1048576,807,131072,131072,131072,131072,131072,88,65536,131072,131072,131072,131072,87,0,0,0,0,0,0,0,0,0,0,0,0,0,0,0,0,0,0,0,0,0,0,0,0,0,0,0,0,0,0,0,0,0,0,0,0,3,0,29562,35113,52658,0,42,21,0
41877054862200,3930,4096,4096,16384,24020,512,512,1024,3409,4096,8192,8192,2700,4096,8192,16384,689,8192,8192,8192,27,2048,2048,4096,707,512,1024,4096,2743,1024,2048,2048,471,4096,4096,4096,19,2048,131072,262144,35102,1048576,2097152,2097152,41,1048576,1048576,1048576,41,524288,524288,524288,41,512,1024,1024,41,64,65536,65536,41,256,512,1024,5475,256,512,1024,5250,256,512,1024,216180,256,512,1024,24300,128,512,1024,4196,256,512,1024,5616,512,1024,2048,1463,256,512,1024,1346,128,512,1024,26604,128,512,1024,3258,128,512,1024,432,256,512,512,189,256,512,1024,243,256,512,1024,171,1024,2048,2048,22,1024,1024,1024,25,64,128,128,47,64,128,128,21,16384,65536,65536,21,17.14,9.33,7.82,25,27,63,707,94,87,0,262144,262144,262144,262144,524288,25,65536,131072,131072,131072,131072,27,65536,131072,131072,131072,131072,63,65536,131072,131072,262144,262144,710,65536,131072,262144,262144,262144,94,65536,131072,131072,131072,262144,87,0,0,0,0,0,0,0,0,0,0,0,0,0,0,0,0,0,0,0,0,0,0,0,0,0,0,0,0,0,0,0,0,0,0,0,0,0,0,26486,30533,49522,5,41,21,0
41878090030000,3949,4096,4096,16384,32918,256,512,1024,4535,4096,8192,8192,3614,4096,8192,16384,907,8192,8192,8192,25,2048,2048,4096,928,512,1024,4096,3629,1024,2048,2048,622,4096,8192,8192,19,128,131072,262144,47616,1048576,2097152,2097152,41,1048576,1048576,1048576,41,524288,524288,1048576,41,1024,1024,1024,41,64,65536,131072,41,256,512,1024,5533,256,512,1024,5362,256,512,1024,296262,128,512,1024,32526,128,512,512,5189,128,512,1024,7632,512,1024,2048,1458,256,512,1024,1503,128,512,1024,26073,128,512,1024,3168,128,512,512,462,128,512,1024,279,256,512,1024,225,256,1024,1024,171,1024,2048,2048,23,1024,1024,1024,22,64,64,64,45,64,128,128,20,256,65536,65536,20,20.43,12.69,7.74,22,25,60,928,69,89,0,262144,262144,262144,262144,262144,22,65536,131072,131072,131072,131072,25,65536,131072,131072,131072,262144,60,65536,131072,262144,524288,524288,923,131072,131072,131072,131072,262144,69,65536,131072,131072,131072,131072,89,0,0,0,0,0,0,0,0,0,0,0,0,0,0,0,0,0,0,0,0,0,0,0,0,0,0,0,0,0,0,0,0,0,0,0,0,5,0,28703,36427,56055,2,41,20,0
41879125353500,3977,4096,4096,16384,29114,512,512,1024,4081,4096,8192,8192,3290,4096,8192,16384,867,8192,8192,8192,34,2048,2048,4096,852,512,1024,4096,3333,1024,2048,2048,515,4096,8192,8192,19,1024,131072,262144,42488,1048576,2097152,2097152,42,1048576,1048576,1048576,42,524288,524288,1048576,42,512,1024,1024,42,64,65536,65536,42,256,512,1024,5499,256,512,1024,5247,256,512,1024,262026,256,512,1024,29610,128,512,1024,4894,128,512,1024,6894,512,1024,2048,1467,256,512,1024,1368,128,512,1024,27963,128,512,1024,3483,128,512,512,615,256,512,1024,270,256,512,1024,306,256,512,1024,171,2048,2048,2048,24,1024,1024,1024,26,64,64,128,50,64,64,128,21,16384,131072,131072,21,18.34,10.73,7.61,26,34,62,852,90,76,0,262144,262144,262144,262144,262144,26,65536,262144,524288,524288,524288,34,65536,131072,131072,131072,131072,62,65536,131072,131072,262144,524288,849,131072,131072,131072,131072,524288,90,65536,131072,131072,131072,262144,76,0,0,0,0,0,0,0,0,0,0,0,0,0,0,0,0,0,0,0,0,0,0,0,0,0,0,0,0,0,0,0,0,0,0,0,0,8,0,31931,37576,53831,0,42,21,0
41880160991700,3988,4096,8192,16384,26489,512,512,1024,3769,4096,8192,8192,3011,4096,8192,16384,805,8192,8192,8192,26,2048,2048,4096,716,512,1024,2048,2917,1024,2048,2048,512,4096,4096,8192,22,2048,131072,262144,38544,1048576,2097152,2097152,41,1048576,1048576,2097152,41,524288,524288,1048576,41,1024,2048,2048,41,64,65536,131072,42,256,512,1024,5329,256,512,1024,5230,256,512,1024,238401,256,512,1024,27099,128,512,1024,4898,256,512,1024,6282,512,1024,2048,1416,256,512,1024,1560,256,512,1024,25956,128,512,1024,3393,256,512,1024,545,128,512,512,306,256,512,1024,234,256,1024,1024,198,1024,2048,2048,11,1024,1024,1024,10,64,64,64,21,64,128,128,21,256,65536,65536,21,18.95,11.70,7.25,10,26,43,716,89,98,0,262144,262144,262144,262144,262144,10,65536,131072,131072,131072,131072,25,65536,131072,131072,131072,262144,42,65536,131072,262144,262144,262144,719,131072,131072,262144,262144,262144,88,65536,131072,131072,131072,262144,98,0,0,0,0,0,0,0,0,0,0,0,0,0,0,0,0,0,0,0,0,0,0,0,0,0,0,0,0,0,0,0,0,0,0,0,0,7,0,27793,33034,51686,0,41,21,0
41881196579000,3996,4096,4096,16384,30241,256,512,1024,4351,4096,8192,8192,3427,4096,8192,16384,905,8192,8192,8192,35,2048,2048,4096,899,512,1024,2048,3447,1024,2048,2048,598,4096,8192,8192,21,128,131072,262144,44384,1048576,2097152,2097152,42,1048576,1048576,1048576,42,524288,524288,524288,42,1024,2048,2048,42,128,65536,131072,41,256,512,1024,5631,256,512,1024,5559,256,512,1024,272169,128,512,1024,30843,128,512,512,5146,128,512,1024,7335,512,1024,2048,1584,256,512,1024,1638,256,512,1024,25524,128,512,1024,3393,128,512,1024,546,128,512,512,333,256,512,1024,315,256,1024,1024,189,1024,2048,2048,8,1024,1024,1024,9,64,64,64,17,64,128,128,21,256,16384,32768,21,16.33,9.92,6.41,9,35,52,899,95,91,0,262144,262144,262144,262144,262144,8,65536,131072,131072,131072,262144,36,65536,131072,131072,131072,131072,48,65536,131072,262144,262144,262144,868,131072,131072,131072,131072,131072,94,65536,131072,131072,131072,131072,89,0,0,0,0,0,0,0,0,0,0,0,0,0,0,0,0,0,0,0,0,0,0,0,0,0,0,0,0,0,0,0,0,0,0,0,0,46,0,25268,32516,49795,0,42,21,0
41882227043800,3940,4096,4096,16384,29848,256,512,1024,4192,4096,8192,8192,3275,4096,8192,16384,853,8192,8192,8192,43,2048,2048,4096,828,512,1024,4096,3285,1024,2048,2048,581,4096,4096,8192,21,128,131072,262144,43308,1048576,2097152,2097152,41,1048576,1048576,1048576,41,524288,524288,524288,41,1024,2048,2048,41,64,131072,131072,41,256,512,1024,5044,256,512,1024,5548,256,512,1024,268632,256,512,1024,29475,128,512,512,4937,128,512,1024,6426,512,1024,2048,1490,256,512,1024,1400,128,512,1024,26937,128,512,1024,2772,128,512,1024,449,128,512,1024,324,256,512,1024,387,256,512,1024,189,1024,1024,1024,2,512,1024,1024,3,64,64,64,5,64,128,128,20,128,16384,16384,20,17.82,9.79,8.03,3,43,48,828,98,86,60,262144,262144,262144,262144,262144,4,65536,131072,131072,131072,131072,43,65536,131072,262144,262144,524288,53,65536,131072,262144,524288,524288,859,65536,131072,131072,131072,262144,100,65536,131072,131072,131072,131072,88,131072,262144,262144,262144,262144,60,0,0,0,0,0,0,0,0,0,0,0,0,0,0,0,0,0,0,0,0,0,0,0,0,0,0,0,0,0,0,4,0,31165,36855,57253,0,41,20,0
41883261980000,3940,4096,4096,16384,28305,512,512,1024,4037,4096,8192,8192,3203,4096,8192,16384,811,8192,8192,8192,37,2048,2048,4096,814,512,1024,4096,3215,1024,2048,2048,554,4096,8192,8192,25,1024,131072,262144,41415,1048576,2097152,2097152,41,1048576,1048576,1048576,41,524288,524288,1048576,41,1024,1024,1024,41,64,32768,131072,41,256,512,1024,5024,256,512,1024,5024,256,512,1024,254745,256,512,1024,28827,128,512,1024,5134,256,512,1024,6345,512,1024,2048,1337,256,512,1024,1391,256,512,1024,26838,128,512,1024,3474,128,512,1024,477,256,512,1024,315,256,512,1024,333,256,512,1024,225,0,0,0,0,0,0,0,0,0,0,0,0,64,128,128,21,128,128,256,21,17.97,11.26,6.71,0,37,51,814,88,102,0,0,0,0,0,0,0,65536,131072,131072,131072,131072,37,65536,131072,131072,131072,131072,51,65536,131072,262144,262144,262144,815,131072,131072,131072,131072,131072,88,65536,131072,131072,131072,131072,102,0,0,0,0,0,0,0,0,0,0,0,0,0,0,0,0,0,0,0,0,0,0,0,0,0,0,0,0,0,0,0,0,0,0,0,0,4,0,31806,36875,54038,0,41,21,0
41884294414800,3915,4096,4096,16384,27639,256,512,1024,3888,4096,8192,8192,3091,4096,8192,16384,820,8192,8192,8192,22,2048,2048,4096,789,512,1024,2048,3164,1024,2048,2048,520,4096,8192,8192,15,64,131072,262144,40303,1048576,2097152,2097152,42,1048576,1048576,1048576,42,524288,524288,524288,42,512,1024,1024,42,64,65536,65536,42,256,512,1024,5222,256,512,1024,5447,256,512,1024,248754,128,512,1024,27819,128,512,1024,4755,256,512,1024,6345,512,1024,2048,1523,256,512,1024,1532,128,512,1024,26019,128,512,512,3222,128,512,512,633,128,512,1024,243,256,512,512,198,256,512,1024,135,1024,1024,1024,3,512,1024,1024,3,0,64,64,6,64,128,128,21,128,16384,16384,21,14.87,9.00,5.87,3,22,48,789,121,103,28,262144,262144,262144,262144,262144,3,65536,65536,131072,131072,131072,22,65536,131072,131072,131072,262144,47,65536,131072,262144,262144,262144,788,65536,131072,131072,131072,262144,121,65536,131072,131072,131072,131072,103,262144,262144,262144,262144,262144,28,0,0,0,0,0,0,0,0,0,0,0,0,0,0,0,0,0,0,0,0,0,0,0,0,0,0,0,0,0,0,5,0,27510,31672,51856,329,42,21,0
41885331094400,3918,4096,4096,16384,26927,256,512,1024,3835,4096,8192,8192,3056,4096,8192,16384,787,8192,8192,8192,38,2048,2048,4096,739,512,1024,4096,3021,1024,2048,2048,530,4096,4096,4096,22,128,131072,262144,39381,1048576,2097152,2097152,41,1048576,1048576,1048576,41,524288,524288,524288,41,1024,1024,2048,41,64,32768,65536,41,256,512,1024,4822,256,512,1024,4795,256,512,1024,242340,256,512,1024,27504,128,512,512,4610,256,512,1024,6273,512,1024,1024,1347,256,512,1024,1401,128,512,1024,24588,128,512,1024,3249,128,512,1024,528,128,512,512,324,256,512,512,342,256,512,1024,198,2048,2048,2048,6,1024,1024,1024,4,64,64,64,10,64,128,128,20,128,16384,16384,20,16.89,10.29,6.60,4,38,49,739,86,85,0,262144,262144,262144,262144,262144,4,65536,131072,131072,131072,131072,38,65536,131072,262144,262144,262144,50,65536,131072,262144,524288,524288,744,131072,131072,262144,262144,262144,86,65536,131072,131072,131072,131072,85,0,0,0,0,0,0,0,0,0,0,0,0,0,0,0,0,0,0,0,0,0,0,0,0,0,0,0,0,0,0,0,0,0,0,0,0,0,0,27690,33012,53145,95,41,20,0
41886362165900,3933,4096,4096,16384,28253,256,512,1024,3961,4096,8192,8192,3201,4096,8192,16384,734,8192,8192,8192,27,2048,2048,4096,826,512,1024,2048,3228,1024,2048,2048,499,4096,4096,4096,17,64,131072,262144,41122,1048576,2097152,2097152,41,1048576,1048576,1048576,41,524288,524288,524288,41,1024,1024,2048,41,64,65536,65536,41,256,512,1024,5368,256,512,1024,5233,256,512,1024,254277,128,512,1024,28809,128,512,1024,4388,256,512,1024,5859,512,1024,2048,1417,256,512,1024,1399,128,512,1024,26091,128,512,1024,3186,128,512,1024,531,128,512,512,261,256,512,1024,243,256,512,1024,153,1024,2048,2048,16,1024,1024,1024,15,64,64,64,31,64,128,128,21,16384,131072,131072,21,16.35,9.93,6.41,15,27,49,826,104,112,0,262144,262144,262144,262144,524288,15,65536,131072,131072,131072,131072,27,65536,131072,131072,131072,131072,49,65536,131072,262144,262144,262144,825,131072,131072,131072,131072,262144,104,65536,131072,131072,131072,131072,112,0,0,0,0,0,0,0,0,0,0,0,0,0,0,0,0,0,0,0,0,0,0,0,0,0,0,0,0,0,0,0,0,0,0,0,0,1,0,26161,31300,52009,470,41,21,0
41887397209600,3957,4096,4096,16384,29116,256,512,1024,3946,4096,8192,8192,3243,4096,8192,16384,809,8192,8192,8192,41,2048,2048,4096,853,512,1024,2048,3169,1024,2048,2048,535,4096,4096,4096,14,256,131072,262144,42199,1048576,2097152,2097152,42,1048576,1048576,1048576,42,524288,524288,524288,42,1024,1024,2048,42,128,65536,131072,42,256,512,1024,5176,256,512,1024,4960,256,512,1024,262044,128,512,1024,29193,128,512,512,4785,128,512,1024,6651,512,1024,2048,1269,256,512,1024,1494,256,512,1024,26730,128,512,1024,2970,128,512,512,558,128,512,1024,333,256,512,1024,369,256,512,1024,126,1024,2048,2048,22,1024,1024,1024,23,64,64,256,45,64,64,128,21,16384,65536,131072,21,16.59,8.93,7.67,23,41,45,853,89,105,0,262144,262144,262144,262144,1048576,23,65536,131072,131072,131072,262144,41,131072,131072,131072,131072,262144,45,65536,131072,131072,262144,524288,854,131072,131072,131072,131072,131072,89,65536,131072,131072,131072,524288,105,0,0,0,0,0,0,0,0,0,0,0,0,0,0,0,0,0,0,0,0,0,0,0,0,0,0,0,0,0,0,0,0,0,0,0,0,0,0,28302,34623,56577,30,42,21,0
41888434560400,3980,4096,4096,16384,28509,512,512,1024,3933,4096,8192,8192,3181,4096,8192,16384,762,8192,8192,8192,28,2048,2048,4096,814,512,1024,4096,3245,1024,2048,2048,565,4096,8192,8192,20,1024,131072,262144,41439,1048576,2097152,2097152,41,1048576,1048576,1048576,41,524288,524288,524288,41,512,1024,1024,41,128,65536,65536,41,256,512,1024,5653,256,512,1024,5446,256,512,1024,256581,256,512,1024,28623,128,512,512,4314,256,512,1024,6354,512,1024,2048,1281,256,512,1024,1191,256,512,1024,25713,256,512,1024,3303,128,512,512,480,128,512,512,225,256,512,1024,252,256,512,1024,180,1024,2048,2048,25,1024,1024,1024,23,64,64,64,48,64,128,128,20,16384,131072,131072,20,18.02,10.08,7.94,23,28,53,814,93,116,0,262144,262144,262144,262144,524288,23,65536,131072,131072,131072,131072,28,65536,131072,131072,131072,131072,53,65536,131072,262144,262144,524288,810,131072,131072,262144,262144,262144,93,65536,131072,131072,131072,262144,116,0,0,0,0,0,0,0,0,0,0,0,0,0,0,0,0,0,0,0,0,0,0,0,0,0,0,0,0,0,0,0,0,0,0,0,0,4,0,30198,36448,54760,0,41,20,0
41889466766800,4002,4096,4096,16384,28746,512,512,1024,3945,4096,8192,8192,3188,4096,8192,16384,796,8192,8192,8192,28,2048,2048,4096,796,512,1024,2048,3227,1024,2048,2048,567,4096,4096,4096,17,256,131072,262144,41711,1048576,2097152,2097152,41,1048576,1048576,1048576,41,524288,524288,524288,41,512,1024,1024,41,64,32768,65536,41,256,512,1024,5282,256,512,1024,5084,256,512,1024,258714,256,512,1024,28692,128,512,1024,4328,256,512,1024,6858,512,1024,2048,1395,256,512,1024,1422,256,512,1024,26091,256,512,1024,2952,128,512,1024,396,128,512,1024,315,256,512,1024,252,256,512,1024,153,1024,2048,2048,22,1024,1024,1024,23,64,64,64,45,64,128,128,21,16384,65536,131072,21,17.12,11.21,5.92,23,28,42,796,108,114,0,262144,262144,262144,262144,524288,23,65536,131072,131072,131072,131072,28,65536,131072,131072,131072,131072,42,65536,131072,262144,262144,262144,794,131072,131072,131072,131072,262144,108,65536,131072,131072,131072,131072,114,0,0,0,0,0,0,0,0,0,0,0,0,0,0,0,0,0,0,0,0,0,0,0,0,0,0,0,0,0,0,0,0,0,0,0,0,6,0,29514,35814,56019,31,41,21,0
41890499640200,4022,4096,4096,16384,28279,512,512,1024,3982,4096,8192,8192,3272,4096,8192,16384,802,8192,8192,8192,24,2048,2048,4096,799,512,1024,4096,3255,1024,2048,2048,542,4096,8192,8192,12,512,131072,262144,41344,1048576,2097152,2097152,42,1048576,1048576,1048576,42,524288,524288,524288,42,1024,1024,1024,42,64,32768,65536,42,256,512,1024,5247,256,512,1024,5067,256,512,1024,254511,256,512,1024,29448,128,512,1024,4185,256,512,1024,6750,512,1024,2048,1563,256,512,1024,1311,256,512,1024,27639,128,512,1024,3384,256,512,1024,345,128,512,1024,234,256,512,1024,216,256,1024,1024,108,1024,2048,2048,19,1024,1024,1024,20,64,64,64,39,64,128,128,21,16384,131072,131072,21,16.53,10.39,6.14,20,24,41,799,117,106,0,262144,262144,262144,262144,524288,20,65536,131072,131072,131072,131072,24,65536,131072,131072,131072,131072,41,65536,131072,131072,262144,524288,805,131072,131072,131072,262144,262144,117,65536,131072,131072,131072,262144,106,0,0,0,0,0,0,0,0,0,0,0,0,0,0,0,0,0,0,0,0,0,0,0,0,0,0,0,0,0,0,0,0,0,0,0,0,0,0,29228,35093,55879,0,42,21,0
41891536987500,4032,4096,4096,16384,29335,256,512,1024,4071,4096,8192,8192,3330,4096,8192,16384,853,8192,8192,8192,34,2048,2048,4096,848,512,1024,2048,3333,1024,2048,2048,553,4096,4096,4096,15,1024,131072,262144,42771,1048576,2097152,2097152,41,1048576,1048576,1048576,41,524288,524288,1048576,41,1024,1024,2048,41,64,32768,131072,41,256,512,1024,5509,256,512,1024,5419,256,512,1024,264015,128,512,1024,29970,128,512,1024,4900,128,512,1024,7182,512,1024,2048,1559,256,512,1024,1397,256,512,1024,27090,128,512,1024,3087,128,512,1024,497,128,512,512,243,256,512,512,306,256,512,1024,135,1024,2048,2048,7,1024,1024,1024,9,64,64,64,16,64,128,128,20,128,32768,32768,20,18.14,11.04,7.10,9,34,34,848,85,110,0,262144,262144,262144,262144,262144,9,65536,131072,131072,131072,131072,34,65536,131072,131072,131072,131072,34,65536,131072,131072,262144,4194304,848,131072,131072,131072,131072,262144,85,65536,131072,131072,131072,131072,110,0,0,0,0,0,0,0,0,0,0,0,0,0,0,0,0,0,0,0,0,0,0,0,0,0,0,0,0,0,0,0,0,0,0,0,0,0,0,30251,35796,54471,0,41,20,0
41892569156200,3972,4096,8192,16384,27724,512,512,1024,3949,4096,8192,8192,3132,4096,8192,16384,793,8192,8192,8192,24,2048,2048,4096,800,512,1024,4096,3159,1024,2048,2048,534,4096,8192,8192,16,2048,131072,262144,40488,1048576,2097152,2097152,42,1048576,1048576,2097152,42,524288,524288,524288,42,1024,1024,1024,42,128,65536,65536,42,256,512,1024,5243,256,512,1024,5783,256,512,1024,249516,256,512,1024,28188,128,512,1024,4669,256,512,1024,6534,512,1024,2048,1412,256,512,1024,1412,256,512,1024,26784,128,512,1024,3348,128,512,1024,489,128,512,512,252,256,512,1024,216,256,512,1024,144,0,0,0,0,0,0,0,0,0,0,0,0,64,128,128,21,128,256,256,21,18.24,11.70,6.54,0,24,31,800,103,106,60,0,0,0,0,0,0,131072,131072,131072,131072,262144,24,65536,131072,131072,131072,131072,31,65536,131072,131072,262144,262144,795,131072,131072,131072,131072,131072,103,65536,131072,131072,131072,131072,106,131072,262144,262144,262144,262144,60,0,0,0,0,0,0,0,0,0,0,0,0,0,0,0,0,0,0,0,0,0,0,0,0,0,0,0,0,0,0,5,0,28418,34197,54934,0,42,21,0
41893601896700,3972,4096,4096,16384,28152,512,512,1024,4023,4096,8192,8192,3147,4096,8192,16384,850,8192,8192,8192,29,2048,2048,4096,877,512,1024,1024,3206,1024,2048,2048,573,4096,8192,8192,18,1024,131072,262144,41245,1048576,2097152,2097152,41,1048576,1048576,1048576,41,524288,524288,524288,41,512,1024,1024,41,64,8192,65536,41,256,512,1024,5366,256,512,1024,5366,256,512,1024,253368,256,512,1024,28323,128,512,1024,4982,256,512,1024,7119,512,1024,2048,1473,256,512,1024,1347,128,512,1024,25839,128,512,1024,3033,128,512,512,570,128,512,1024,243,256,512,1024,261,256,1024,1024,162,0,0,0,0,0,0,0,0,0,0,0,0,64,128,128,21,128,128,256,21,18.11,9.81,8.30,0,29,25,877,100,91,0,0,0,0,0,0,0,65536,131072,131072,131072,131072,29,65536,131072,131072,131072,131072,25,65536,131072,131072,262144,8388608,877,131072,131072,262144,262144,524288,100,65536,131072,131072,131072,262144,91,0,0,0,0,0,0,0,0,0,0,0,0,0,0,0,0,0,0,0,0,0,0,0,0,0,0,0,0,0,0,0,0,0,0,0,0,5,0,30110,36040,56061,31,41,21,0
41894639042000,3923,4096,4096,16384,28338,512,512,1024,4008,4096,8192,8192,3192,4096,16384,16384,814,8192,8192,8192,43,2048,2048,4096,761,512,1024,1024,3206,1024,2048,2048,507,4096,4096,4096,20,1024,131072,262144,41245,1048576,2097152,2097152,41,1048576,1048576,1048576,41,524288,524288,524288,41,1024,1024,1024,41,64,65536,131072,41,256,512,1024,4971,256,512,1024,5412,256,512,1024,255042,256,512,1024,28728,128,512,1024,4600,256,512,1024,6480,512,1024,2048,1514,256,512,1024,1460,128,512,1024,27045,128,512,512,3159,128,512,512,552,256,512,1024,369,256,512,1024,387,256,512,1024,180,1024,2048,2048,12,512,1024,1024,11,64,64,128,23,64,128,128,20,128,65536,65536,20,15.63,8.95,6.68,11,43,24,761,91,90,60,262144,262144,262144,262144,524288,11,65536,131072,131072,131072,131072,43,65536,131072,131072,131072,131072,24,65536,131072,131072,131072,262144,766,131072,131072,131072,131072,131072,91,65536,131072,131072,131072,131072,90,131072,262144,262144,262144,262144,60,0,0,0,0,0,0,0,0,0,0,0,0,0,0,0,0,0,0,0,0,0,0,0,0,0,0,0,0,0,0,0,0,31015,35717,52776,0,41,20,0
41895672855400,3938,4096,4096,16384,28358,512,512,1024,4064,4096,8192,8192,3204,4096,16384,32768,856,8192,8192,16384,29,2048,2048,4096,794,512,1024,1024,3159,1024,2048,2048,547,4096,8192,8192,17,1024,131072,262144,41385,1048576,2097152,2097152,42,1048576,1048576,1048576,42,524288,524288,524288,42,512,1024,1024,42,128,131072,131072,42,256,512,1024,5492,256,512,1024,5357,256,512,1024,255222,256,512,1024,28836,128,512,512,5063,256,512,1024,6723,512,1024,1024,1440,256,512,1024,1476,256,512,1024,26604,128,512,1024,3411,128,512,1024,588,256,512,1024,306,256,512,1024,261,256,1024,1024,153,1024,2048,2048,15,512,1024,1024,15,64,64,64,30,64,128,128,21,128,65536,65536,21,15.85,9.31,6.54,15,29,24,794,99,101,0,262144,262144,262144,262144,262144,15,65536,131072,131072,131072,262144,29,65536,131072,131072,131072,131072,24,65536,131072,131072,262144,262144,792,131072,131072,131072,131072,131072,99,65536,131072,131072,131072,131072,101,0,0,0,0,0,0,0,0,0,0,0,0,0,0,0,0,0,0,0,0,0,0,0,0,0,0,0,0,0,0,0,0,0,0,0,0,2,0,30013,35985,54161,0,42,21,0
41896705491700,3961,4096,4096,16384,28294,512,512,1024,4077,4096,8192,8192,3208,4096,8192,16384,824,8192,8192,8192,41,2048,2048,4096,807,512,1024,1024,3236,1024,2048,2048,535,4096,4096,4096,27,1024,131072,262144,41451,1048576,2097152,2097152,41,1048576,1048576,1048576,41,524288,524288,524288,41,1024,2048,2048,41,128,65536,131072,41,256,512,1024,5142,256,512,1024,4935,256,512,1024,254646,256,512,1024,28872,128,512,1024,4945,256,512,1024,6264,512,1024,1024,1508,256,512,1024,1508,128,512,1024,28017,128,512,1024,3429,128,512,512,543,256,512,1024,387,256,512,1024,369,256,512,1024,243,1024,2048,2048,25,1024,1024,1024,23,64,64,128,48,64,128,128,21,16384,65536,131072,21,15.26,8.51,6.76,23,41,21,807,105,97,0,262144,262144,524288,524288,524288,23,65536,131072,131072,131072,524288,41,65536,131072,131072,131072,131072,21,65536,131072,131072,262144,1048576,809,131072,131072,262144,262144,262144,105,65536,131072,131072,131072,131072,97,0,0,0,0,0,0,0,0,0,0,0,0,0,0,0,0,0,0,0,0,0,0,0,0,0,0,0,0,0,0,0,0,0,0,0,0,0,0,29078,34972,53672,0,41,21,0
41897743443500,3979,4096,4096,16384,28338,512,512,1024,4091,4096,8192,16384,3164,4096,8192,16384,832,8192,8192,8192,30,2048,2048,4096,859,512,1024,1024,3213,1024,2048,2048,526,4096,4096,4096,19,2048,131072,262144,41406,1048576,2097152,2097152,41,1048576,1048576,1048576,41,524288,524288,1048576,41,1024,1024,1024,41,64,32768,131072,41,256,512,1024,5272,256,512,1024,5110,256,512,1024,255042,128,512,1024,28476,128,512,1024,4934,256,512,1024,6336,512,1024,2048,1431,256,512,1024,1314,256,512,1024,27873,128,512,1024,3159,256,512,1024,495,128,512,512,225,256,512,1024,270,256,512,1024,171,2048,2048,2048,22,1024,1024,1024,20,64,64,64,42,64,128,128,20,16384,131072,131072,20,16.49,10.27,6.22,20,30,14,859,118,110,0,262144,262144,262144,262144,262144,20,65536,131072,131072,131072,131072,30,65536,131072,131072,131072,131072,14,65536,131072,262144,262144,524288,859,131072,131072,131072,131072,131072,118,65536,131072,131072,131072,262144,110,0,0,0,0,0,0,0,0,0,0,0,0,0,0,0,0,0,0,0,0,0,0,0,0,0,0,0,0,0,0,0,0,0,0,0,0,0,0,29124,34575,55530,0,41,20,0
41898775396000,4005,4096,4096,16384,27216,512,512,1024,3953,4096,8192,8192,3107,4096,8192,16384,782,8192,8192,8192,37,2048,2048,4096,770,512,1024,1024,3138,1024,2048,2048,530,4096,4096,4096,17,1024,131072,262144,39940,1048576,2097152,2097152,42,1048576,1048576,1048576,42,524288,524288,524288,42,1024,2048,2048,42,64,131072,131072,42,256,512,1024,5613,256,512,1024,5379,256,512,1024,244944,256,512,1024,27963,128,512,1024,4516,256,512,1024,6012,512,1024,2048,1344,256,512,1024,1407,256,512,1024,26181,256,512,1024,3402,128,512,1024,501,128,512,1024,342,256,512,1024,333,256,512,1024,153,1024,2048,2048,20,1024,1024,1024,24,64,64,64,44,64,64,64,21,16384,131072,131072,21,17.35,9.81,7.54,24,37,26,770,107,98,0,262144,262144,262144,262144,524288,24,65536,131072,131072,131072,131072,37,65536,131072,131072,131072,131072,26,65536,131072,131072,262144,524288,770,65536,131072,131072,131072,131072,107,65536,131072,131072,131072,131072,98,0,0,0,0,0,0,0,0,0,0,0,0,0,0,0,0,0,0,0,0,0,0,0,0,0,0,0,0,0,0,0,0,0,0,0,0,0,0,31170,35015,53607,0,42,21,0
41899808890300,4017,4096,4096,16384,27068,512,512,1024,4075,4096,8192,8192,3246,4096,8192,16384,812,8192,8192,8192,43,2048,2048,4096,849,512,1024,1024,3246,1024,2048,2048,563,4096,4096,4096,15,256,131072,262144,40309,1048576,2097152,2097152,41,1048576,1048576,1048576,41,524288,524288,524288,41,1024,2048,2048,41,128,65536,131072,41,256,512,1024,5417,256,512,1024,5309,256,512,1024,243612,256,512,1024,29214,128,512,1024,5089,256,512,1024,6219,512,1024,2048,1370,256,512,1024,1568,256,512,1024,24030,128,512,1024,3492,128,512,512,630,128,512,1024,387,256,512,1024,387,256,512,1024,135,1024,2048,2048,13,1024,1024,1024,13,64,64,64,26,64,128,128,21,256,32768,65536,21,15.38,9.88,5.50,13,43,14,849,100,103,0,262144,262144,262144,262144,262144,13,65536,131072,131072,131072,131072,43,65536,131072,131072,131072,131072,14,65536,131072,131072,262144,262144,848,131072,131072,131072,131072,131072,100,65536,131072,131072,131072,131072,103,0,0,0,0,0,0,0,0,0,0,0,0,0,0,0,0,0,0,0,0,0,0,0,0,0,0,0,0,0,0,0,0,0,0,0,0,1,0,30780,35642,54103,0,41,21,0
41900846541200,4028,4096,4096,16384,28845,256,512,1024,4003,4096,8192,8192,3277,4096,8192,16384,826,8192,8192,8192,32,2048,2048,4096,804,512,1024,1024,3237,1024,2048,2048,581,4096,4096,8192,22,512,131072,262144,42055,1048576,2097152,2097152,42,1048576,1048576,1048576,42,524288,524288,524288,42,1024,1024,2048,42,64,65536,65536,42,256,512,1024,5327,256,512,1024,5228,256,512,1024,259605,256,512,1024,29493,128,512,1024,4903,256,512,1024,6660,512,1024,2048,1373,256,512,1024,1472,256,512,1024,26694,256,512,1024,2934,256,512,1024,417,128,512,1024,306,256,512,1024,288,256,1024,1024,198,1024,2048,2048,12,1024,1024,1024,10,64,64,64,22,64,128,128,21,256,16384,32768,21,15.62,9.52,6.10,10,32,21,804,119,111,0,262144,262144,262144,262144,262144,10,65536,131072,131072,131072,131072,32,131072,131072,131072,131072,131072,21,65536,131072,131072,131072,262144,803,131072,131072,131072,131072,262144,119,65536,131072,131072,131072,131072,111,0,0,0,0,0,0,0,0,0,0,0,0,0,0,0,0,0,0,0,0,0,0,0,0,0,0,0,0,0,0,0,0,0,0,0,0,2,0,29124,35596,56166,0,42,21,0
41901875802900,3972,4096,4096,16384,29240,256,512,1024,4135,4096,8192,8192,3280,4096,8192,16384,815,8192,8192,16384,29,2048,2048,4096,818,512,1024,1024,3275,1024,2048,2048,561,4096,4096,4096,17,128,131072,262144,42601,1048576,2097152,2097152,41,1048576,1048576,1048576,41,524288,524288,524288,41,1024,1024,1024,41,128,32768,131072,41,256,512,1024,5106,256,512,1024,5610,256,512,1024,263160,128,512,1024,29520,128,512,1024,4711,256,512,1024,6741,512,1024,2048,1341,256,512,1024,1305,128,512,1024,26568,128,512,1024,3384,128,512,1024,489,128,512,1024,198,256,512,1024,261,256,512,1024,153,0,0,0,1,512,512,512,4,0,64,64,5,64,128,128,20,128,16384,16384,20,16.48,9.56,6.92,4,29,20,818,98,95,60,262144,262144,262144,262144,262144,4,65536,131072,131072,131072,131072,29,65536,131072,131072,131072,131072,20,65536,131072,131072,262144,524288,813,131072,131072,131072,131072,131072,98,65536,131072,131072,131072,131072,95,131072,262144,524288,524288,524288,60,0,0,0,0,0,0,0,0,0,0,0,0,0,0,0,0,0,0,0,0,0,0,0,0,0,0,0,0,0,0,7,0,29285,35590,56280,0,41,20,0
41902912545300,3965,4096,4096,16384,28104,512,512,1024,3940,4096,8192,8192,3201,4096,8192,16384,727,8192,8192,16384,29,2048,2048,4096,821,512,1024,1024,3155,1024,2048,2048,546,4096,4096,4096,27,1024,131072,262144,40936,1048576,2097152,2097152,41,1048576,1048576,1048576,41,524288,524288,524288,41,1024,1024,1024,41,64,65536,262144,42,256,512,1024,5130,256,512,1024,5193,256,512,1024,252936,128,512,1024,28809,128,512,1024,3916,256,512,1024,6138,512,1024,2048,1376,256,512,1024,1304,128,512,1024,26730,128,512,1024,3204,128,512,512,585,128,512,512,288,256,512,1024,261,256,512,1024,243,0,0,0,0,0,0,0,0,0,0,0,0,64,128,128,21,128,128,256,21,18.72,10.24,8.49,0,29,14,821,103,118,7,0,0,0,0,0,0,65536,131072,262144,262144,262144,29,131072,131072,131072,131072,131072,14,65536,131072,131072,262144,262144,828,131072,131072,131072,131072,262144,102,65536,131072,131072,131072,131072,116,131072,131072,131072,131072,262144,7,0,0,0,0,0,0,0,0,0,0,0,0,0,0,0,0,0,0,0,0,0,0,0,0,0,0,0,0,0,0,3,0,29882,34929,54276,0,41,21,0
41903943474300,3880,4096,4096,16384,27980,512,512,1024,3935,4096,8192,16384,3123,4096,8192,16384,790,8192,8192,8192,29,2048,2048,4096,824,512,1024,1024,3173,1024,2048,2048,511,4096,4096,4096,15,1024,131072,262144,40763,1048576,2097152,2097152,42,1048576,1048576,2097152,42,524288,524288,524288,42,1024,1024,1024,42,64,32768,65536,41,256,512,1024,5107,256,512,1024,5872,256,512,1024,251820,128,512,1024,28107,128,512,1024,4594,256,512,1024,6390,512,1024,2048,1311,256,512,1024,1311,128,512,1024,25857,128,512,1024,3177,128,512,1024,453,128,512,512,261,256,512,1024,261,256,512,512,135,1024,1024,1024,2,0,0,0,0,64,64,64,2,64,64,64,21,128,128,256,21,17.30,10.99,6.31,0,29,7,824,97,84,85,0,0,0,0,0,0,65536,131072,131072,131072,262144,29,65536,65536,65536,65536,65536,7,65536,131072,131072,524288,4194304,821,65536,131072,131072,131072,262144,98,65536,131072,131072,131072,131072,86,131072,262144,262144,262144,262144,85,0,0,0,0,0,0,0,0,0,0,0,0,0,0,0,0,0,0,0,0,0,0,0,0,0,0,0,0,0,0,3,0,30601,35542,52767,309,42,21,0
41904979904800,3895,4096,4096,16384,28138,512,512,1024,3989,4096,8192,8192,3155,4096,8192,16384,797,8192,8192,8192,29,2048,2048,4096,810,512,1024,1024,3227,1024,2048,2048,531,4096,4096,4096,17,1024,131072,262144,41112,1048576,2097152,2097152,41,1048576,1048576,1048576,41,524288,524288,524288,41,512,1024,1024,41,64,32768,65536,41,256,512,1024,5130,256,512,1024,4995,256,512,1024,253242,256,512,1024,28395,128,512,1024,4626,128,512,1024,6984,512,1024,2048,1553,256,512,1024,1454,128,512,1024,26577,128,512,1024,3222,128,512,1024,555,128,512,1024,261,256,512,1024,261,256,512,1024,153,1024,2048,2048,15,1024,1024,1024,16,64,64,64,31,64,256,256,20,16384,131072,131072,20,16.97,9.88,7.09,16,29,3,810,105,94,0,262144,262144,262144,262144,524288,16,65536,131072,131072,131072,262144,29,65536,65536,65536,65536,131072,3,65536,131072,131072,262144,262144,813,131072,131072,131072,131072,131072,105,65536,131072,131072,131072,131072,94,0,0,0,0,0,0,0,0,0,0,0,0,0,0,0,0,0,0,0,0,0,0,0,0,0,0,0,0,0,0,0,0,0,0,0,0,0,0,31460,36435,54523,0,41,20,0
41906014413900,3907,4096,4096,16384,28044,512,512,1024,4018,4096,8192,8192,3161,4096,8192,16384,803,8192,8192,8192,42,2048,2048,4096,753,512,1024,1024,3134,1024,2048,2048,523,4096,4096,4096,23,256,131072,262144,40891,1048576,2097152,2097152,42,1048576,1048576,1048576,42,524288,524288,524288,42,1024,2048,2048,42,64,65536,131072,42,256,512,1024,4775,256,512,1024,4667,256,512,1024,252405,256,512,1024,28449,128,512,1024,4775,128,512,1024,6633,512,1024,2048,1368,256,512,1024,1485,128,512,1024,25335,128,512,1024,3510,128,512,512,708,128,512,1024,369,256,512,512,378,256,512,1024,207,2048,2048,2048,14,1024,1024,1024,12,64,64,128,26,64,64,64,21,16384,16384,16384,21,18.72,10.48,8.24,12,42,7,753,93,101,0,262144,262144,262144,262144,262144,12,65536,131072,131072,131072,131072,42,65536,131072,131072,131072,131072,7,65536,131072,131072,131072,262144,748,131072,131072,131072,131072,131072,93,65536,131072,131072,131072,524288,100,0,0,0,0,0,0,0,0,0,0,0,0,0,0,0,0,0,0,0,0,0,0,0,0,0,0,0,0,0,0,0,0,0,0,0,0,6,0,30146,35258,54091,0,42,21,0
41907050235300,3932,4096,4096,16384,28920,512,512,1024,4411,4096,8192,8192,3308,4096,8192,16384,824,8192,8192,8192,33,2048,2048,4096,813,512,1024,1024,3297,1024,2048,2048,561,4096,8192,8192,15,1024,131072,262144,42597,1048576,2097152,2097152,41,1048576,1048576,1048576,41,524288,524288,524288,41,512,1024,1024,41,64,131072,131072,41,256,512,1024,5448,256,512,1024,5223,256,512,1024,260271,256,512,1024,29772,128,512,1024,4681,256,512,1024,7146,512,1024,2048,1506,256,512,1024,1488,256,512,1024,27261,128,512,1024,3114,128,512,1024,570,256,512,512,279,256,512,1024,297,256,512,1024,135,2048,2048,2048,25,1024,1024,2048,24,64,64,128,49,64,128,128,21,16384,32768,32768,21,16.47,9.50,6.97,24,33,13,813,92,84,0,262144,262144,262144,262144,524288,24,65536,131072,131072,131072,131072,33,65536,131072,131072,131072,131072,13,65536,131072,131072,262144,262144,816,131072,131072,131072,131072,131072,92,65536,131072,131072,131072,524288,85,0,0,0,0,0,0,0,0,0,0,0,0,0,0,0,0,0,0,0,0,0,0,0,0,0,0,0,0,0,0,0,0,0,0,0,0,2,0,29749,36825,55880,0,41,21,0
41908084515300,3954,4096,4096,16384,28089,512,512,1024,3965,4096,8192,16384,3120,4096,8192,16384,800,8192,8192,8192,37,2048,2048,4096,861,512,1024,1024,3124,1024,2048,2048,535,4096,4096,8192,22,1024,131072,262144,40954,1048576,2097152,2097152,41,1048576,1048576,1048576,41,524288,524288,524288,41,1024,1024,1024,41,64,65536,65536,41,256,512,1024,5309,256,512,1024,5111,256,512,1024,252801,256,512,1024,28080,128,512,512,4863,256,512,1024,6462,512,1024,1024,1449,256,512,1024,1557,128,512,1024,27702,128,512,512,3357,128,512,1024,501,128,512,512,369,256,512,1024,333,256,512,1024,198,1024,2048,2048,23,1024,1024,1024,24,64,64,128,47,64,64,64,20,16384,131072,131072,20,18.44,12.25,6.19,24,37,5,861,98,92,0,262144,262144,262144,262144,262144,24,65536,131072,131072,131072,262144,37,65536,131072,131072,131072,131072,5,65536,131072,131072,262144,1048576,856,131072,131072,131072,131072,131072,98,65536,131072,131072,131072,262144,92,0,0,0,0,0,0,0,0,0,0,0,0,0,0,0,0,0,0,0,0,0,0,0,0,0,0,0,0,0,0,0,0,0,0,0,0,7,0,29719,34821,55094,0,41,20,0
41909117140600,3975,4096,4096,16384,28578,512,512,1024,4040,4096,8192,8192,3211,4096,8192,32768,866,8192,8192,8192,34,2048,2048,4096,795,512,1024,1024,3269,1024,2048,2048,579,4096,4096,4096,15,1024,131072,262144,41777,1048576,2097152,2097152,42,1048576,1048576,1048576,42,524288,524288,1048576,42,1024,2048,2048,42,64,65536,131072,42,256,512,1024,5444,256,512,1024,5255,256,512,1024,257202,128,512,1024,28899,128,512,1024,5142,256,512,1024,7101,512,1024,1024,1501,256,512,1024,1456,256,512,1024,27963,128,512,1024,3060,128,512,1024,408,128,512,512,306,256,512,1024,306,256,512,1024,135,1024,2048,2048,18,1024,1024,1024,19,64,128,128,37,64,64,128,21,16384,131072,131072,21,20.73,11.86,8.87,19,34,3,795,89,97,0,262144,262144,262144,262144,262144,19,65536,131072,131072,131072,131072,34,65536,65536,65536,65536,65536,3,65536,131072,131072,262144,262144,800,131072,131072,131072,131072,131072,88,65536,131072,131072,131072,131072,93,0,0,0,0,0,0,0,0,0,0,0,0,0,0,0,0,0,0,0,0,0,0,0,0,0,0,0,0,0,0,0,0,0,0,0,0,7,0,29229,35007,53265,0,42,21,0
41910152903300,3987,4096,8192,16384,28823,512,512,1024,4021,4096,8192,8192,3280,4096,16384,16384,844,8192,8192,8192,38,2048,4096,4096,819,512,1024,1024,3253,1024,2048,2048,558,4096,8192,8192,35,2048,131072,262144,42058,1048576,2097152,2097152,41,1048576,1048576,1048576,41,524288,524288,1048576,41,1024,2048,2048,41,64,65536,131072,41,256,512,1024,5807,256,512,1024,5699,256,512,1024,259407,256,512,1024,29520,128,512,1024,4969,128,512,1024,7101,512,1024,2048,1547,256,512,1024,1583,256,512,1024,26982,128,512,1024,3222,256,512,1024,507,128,512,1024,378,256,512,1024,342,256,1024,1024,315,1024,1024,1024,11,1024,1024,1024,12,64,64,64,23,64,64,128,21,128,32768,131072,21,17.81,10.94,6.87,12,38,8,819,110,121,0,262144,262144,262144,262144,262144,12,65536,131072,131072,131072,131072,38,65536,131072,131072,131072,131072,8,65536,131072,131072,262144,8388608,818,65536,131072,262144,262144,262144,111,65536,131072,262144,262144,524288,125,0,0,0,0,0,0,0,0,0,0,0,0,0,0,0,0,0,0,0,0,0,0,0,0,0,0,0,0,0,0,0,0,0,0,0,0,3,0,29366,34759,55739,0,41,21,0
41911186709100,3997,4096,4096,16384,28675,512,512,1024,4006,4096,8192,8192,3239,4096,8192,16384,839,8192,8192,8192,33,2048,2048,4096,816,512,1024,1024,3242,1024,2048,2048,526,4096,4096,4096,14,1024,131072,262144,41781,1048576,2097152,2097152,41,1048576,1048576,1048576,41,524288,524288,524288,41,1024,1024,1024,41,128,65536,131072,41,256,512,1024,5430,256,512,1024,5340,256,512,1024,258075,128,512,1024,29151,128,512,512,5083,256,512,1024,6831,512,1024,2048,1428,256,512,1024,1482,256,512,1024,25596,128,512,1024,3150,128,512,1024,477,256,512,512,306,256,512,1024,297,256,512,1024,126,1024,2048,2048,11,1024,1024,1024,10,64,64,64,21,64,128,128,20,128,65536,65536,20,19.87,12.25,7.62,10,33,11,816,101,101,0,262144,262144,262144,262144,262144,10,65536,131072,131072,131072,131072,33,65536,131072,131072,131072,131072,11,65536,131072,131072,262144,262144,812,65536,131072,131072,131072,262144,101,65536,131072,131072,131072,131072,101,0,0,0,0,0,0,0,0,0,0,0,0,0,0,0,0,0,0,0,0,0,0,0,0,0,0,0,0,0,0,0,0,0,0,0,0,6,0,29650,34849,55135,0,41,20,0
41912220032400,3940,4096,4096,16384,28454,256,512,1024,4037,4096,8192,8192,3244,4096,8192,16384,839,8192,8192,8192,41,2048,2048,4096,832,512,1024,1024,3259,1024,2048,2048,544,4096,4096,4096,28,256,131072,262144,41707,1048576,2097152,2097152,42,1048576,1048576,1048576,42,524288,524288,1048576,42,1024,2048,2048,42,128,131072,131072,42,256,512,1024,5510,256,512,1024,6023,256,512,1024,256086,128,512,1024,29196,128,512,1024,4931,256,512,1024,6777,512,1024,2048,1400,256,512,1024,1508,256,512,1024,26181,128,512,1024,3096,128,512,1024,549,128,512,1024,351,256,512,512,369,256,512,1024,252,0,0,0,1,512,512,512,3,64,64,64,4,64,128,128,21,128,256,16384,21,17.38,10.45,6.93,3,41,19,832,92,91,60,262144,262144,262144,262144,262144,3,65536,131072,131072,131072,131072,41,65536,131072,131072,131072,131072,19,65536,131072,131072,262144,262144,828,65536,131072,131072,131072,131072,92,65536,131072,131072,131072,131072,91,131072,262144,262144,262144,262144,60,0,0,0,0,0,0,0,0,0,0,0,0,0,0,0,0,0,0,0,0,0,0,0,0,0,0,0,0,0,0,10,0,30131,35328,55103,0,42,21,0
41913254787600,3940,4096,4096,16384,27000,512,512,1024,3972,4096,8192,8192,3170,4096,8192,16384,807,8192,8192,16384,32,2048,2048,4096,847,512,1024,2048,3155,1024,2048,2048,523,4096,8192,8192,20,1024,131072,262144,39890,1048576,2097152,2097152,41,1048576,1048576,1048576,41,524288,524288,524288,41,1024,1024,2048,41,64,65536,131072,41,256,512,1024,5128,256,512,1024,5128,256,512,1024,243000,128,512,1024,28530,128,512,512,4769,256,512,1024,6597,512,1024,2048,1326,256,512,1024,1371,256,512,1024,25443,128,512,1024,3456,128,512,1024,459,128,512,1024,279,256,512,1024,288,256,512,1024,180,0,0,0,0,0,0,0,0,0,0,0,0,64,128,128,21,128,256,256,21,16.09,10.39,5.70,0,32,27,847,97,87,0,0,0,0,0,0,0,65536,131072,131072,131072,131072,32,65536,131072,131072,131072,131072,26,65536,131072,131072,262144,262144,857,65536,131072,131072,131072,262144,97,65536,131072,131072,131072,131072,87,0,0,0,0,0,0,0,0,0,0,0,0,0,0,0,0,0,0,0,0,0,0,0,0,0,0,0,0,0,0,0,0,0,0,0,0,2,0,29111,34227,53376,0,41,21,0
41914285532300,3882,4096,4096,16384,27944,512,512,1024,3999,4096,8192,8192,3141,4096,8192,32768,794,8192,8192,8192,32,2048,2048,4096,792,512,1024,2048,3216,1024,2048,2048,550,4096,4096,4096,23,128,131072,262144,40874,1048576,2097152,2097152,41,1048576,1048576,1048576,41,524288,524288,524288,41,1024,1024,1024,41,64,16384,65536,41,256,512,1024,4820,256,512,1024,5342,256,512,1024,251496,128,512,1024,28269,128,512,512,4785,256,512,1024,6246,512,1024,2048,1281,256,512,1024,1344,128,512,1024,25191,128,512,1024,2961,128,512,512,579,128,512,512,324,256,512,1024,288,256,512,1024,207,1024,1024,1024,4,512,1024,1024,3,64,64,64,7,64,128,128,20,128,16384,16384,20,17.12,9.62,7.50,3,32,39,792,91,90,60,262144,262144,262144,262144,262144,3,65536,131072,131072,131072,131072,32,65536,131072,131072,131072,131072,40,65536,131072,131072,131072,262144,793,65536,131072,131072,131072,131072,91,65536,131072,131072,131072,131072,90,131072,262144,262144,262144,262144,60,0,0,0,0,0,0,0,0,0,0,0,0,0,0,0,0,0,0,0,0,0,0,0,0,0,0,0,0,0,0,0,0,29800,35129,55467,0,41,20,0
41915322624800,3896,4096,4096,16384,28465,512,512,1024,3922,4096,8192,8192,3150,4096,8192,16384,802,8192,8192,16384,37,2048,2048,4096,799,512,1024,2048,3117,1024,2048,2048,539,4096,4096,4096,30,512,131072,262144,41284,1048576,2097152,2097152,42,1048576,1048576,1048576,42,524288,524288,1048576,42,1024,2048,2048,42,64,65536,131072,42,256,512,1024,5091,256,512,1024,4965,256,512,1024,256185,256,512,1024,28350,128,512,1024,4932,256,512,1024,6552,512,1024,2048,1431,256,512,1024,1449,128,512,1024,26775,128,512,1024,3213,128,512,1024,567,128,512,512,342,256,512,1024,333,256,512,1024,270,2048,2048,2048,14,1024,1024,1024,13,64,64,64,27,64,128,128,21,128,32768,131072,21,17.17,10.22,6.94,13,37,32,799,92,92,0,262144,262144,262144,262144,524288,13,65536,131072,131072,131072,262144,37,65536,131072,262144,262144,262144,32,65536,131072,262144,262144,262144,799,131072,131072,262144,262144,262144,92,65536,131072,262144,262144,262144,92,0,0,0,0,0,0,0,0,0,0,0,0,0,0,0,0,0,0,0,0,0,0,0,0,0,0,0,0,0,0,0,0,0,0,0,0,0,0,29830,35488,53219,0,42,21,0
41916364173600,3918,4096,4096,16384,28056,512,512,1024,3961,4096,8192,8192,3147,4096,8192,16384,817,8192,8192,8192,36,2048,2048,4096,793,512,1024,4096,3174,1024,2048,2048,567,4096,4096,4096,23,1024,131072,262144,40977,1048576,2097152,2097152,41,1048576,1048576,1048576,41,524288,524288,524288,41,1024,2048,2048,41,64,65536,65536,42,256,512,1024,5129,256,512,1024,4931,256,512,1024,252504,256,512,1024,28323,128,512,512,5014,256,512,1024,6597,512,1024,1024,1458,256,512,1024,1413,128,512,1024,26182,128,512,1024,3492,128,512,1024,615,128,512,1024,306,256,512,512,324,256,512,1024,207,2048,2048,2048,22,1024,1024,1024,22,64,64,64,44,64,128,128,21,16384,65536,65536,21,17.34,10.12,7.21,22,36,43,793,95,98,0,262144,262144,262144,262144,524288,22,65536,131072,131072,131072,262144,36,65536,131072,131072,131072,131072,43,65536,131072,262144,262144,524288,793,65536,131072,262144,262144,262144,93,65536,131072,131072,131072,131072,95,0,0,0,0,0,0,0,0,0,0,0,0,0,0,0,0,0,0,0,0,0,0,0,0,0,0,0,0,0,0,0,0,0,0,0,0,5,0,30526,35735,55877,0,41,21,0
41917407510200,3940,4096,4096,16384,29097,512,512,1024,3974,4096,8192,8192,3280,4096,16384,16384,769,8192,16384,16384,34,2048,2048,4096,803,512,1024,2048,3295,1024,2048,2048,556,4096,4096,4096,23,2048,131072,262144,42224,1048576,2097152,2097152,42,1048576,1048576,1048576,42,524288,524288,524288,42,1024,2048,2048,42,128,65536,65536,41,256,512,1024,5275,256,512,1024,5077,256,512,1024,261873,256,512,1024,29520,128,512,1024,4743,256,512,1024,6849,512,1024,2048,1524,256,512,1024,1434,128,512,1024,26936,128,512,1024,3222,128,512,512,600,256,512,512,225,256,512,1024,306,256,512,1024,207,1024,2048,2048,23,1024,1024,1024,22,64,64,64,45,64,128,128,21,256,131072,131072,21,16.60,9.17,7.43,22,34,53,803,110,86,0,262144,262144,524288,524288,524288,22,65536,131072,131072,131072,131072,34,65536,131072,131072,131072,262144,53,65536,131072,262144,262144,262144,798,131072,131072,262144,262144,262144,112,65536,131072,131072,131072,131072,89,0,0,0,0,0,0,0,0,0,0,0,0,0,0,0,0,0,0,0,0,0,0,0,0,0,0,0,0,0,0,0,0,0,0,0,0,5,0,29705,35448,53622,0,42,21,0
41918447347600,3963,4096,4096,16384,28485,512,512,1024,3955,4096,8192,8192,3244,4096,16384,32768,814,8192,8192,8192,27,2048,2048,4096,844,512,1024,4096,3231,1024,2048,2048,482,4096,4096,4096,18,1024,131072,262144,41514,1048576,2097152,2097152,42,1048576,1048576,1048576,42,524288,524288,1048576,42,1024,1024,1024,42,64,65536,131072,42,256,512,1024,5438,256,512,1024,5231,256,512,1024,256365,256,512,1024,29196,128,512,1024,4962,256,512,1024,7281,512,1024,1024,1422,256,512,1024,1278,256,512,1024,28035,128,512,1024,3573,128,512,1024,714,256,512,512,270,256,512,1024,243,256,512,1024,162,1024,2048,2048,24,1024,1024,1024,23,64,64,64,47,64,128,128,21,16384,32768,65536,21,16.63,9.13,7.50,23,27,73,844,95,91,0,262144,262144,262144,262144,262144,23,65536,131072,131072,131072,524288,27,65536,131072,131072,131072,131072,73,65536,131072,131072,262144,524288,849,131072,131072,131072,131072,131072,95,65536,131072,131072,131072,262144,91,0,0,0,0,0,0,0,0,0,0,0,0,0,0,0,0,0,0,0,0,0,0,0,0,0,0,0,0,0,0,0,0,0,0,0,0,0,0,29717,34891,54567,0,42,21,0
41919473385000,3981,4096,4096,16384,28561,256,512,1024,3998,4096,8192,16384,3155,4096,16384,16384,758,8192,8192,8192,34,2048,2048,4096,813,512,1024,4096,3201,1024,2048,2048,561,4096,8192,8192,15,512,131072,262144,41530,1048576,2097152,2097152,41,1048576,1048576,1048576,41,524288,524288,524288,41,1024,1024,2048,41,128,32768,65536,41,256,512,1024,5034,256,512,1024,4872,256,512,1024,257049,256,512,1024,28395,128,512,1024,4512,256,512,1024,6570,512,1024,2048,1400,256,512,1024,1508,256,512,1024,27243,128,512,1024,3105,256,512,1024,459,128,512,1024,369,256,1024,1024,306,256,1024,1024,135,1024,2048,2048,16,1024,1024,1024,18,64,64,64,34,64,64,64,20,16384,131072,131072,20,17.60,10.81,6.79,18,34,67,813,88,93,0,262144,262144,262144,262144,262144,18,65536,131072,131072,131072,131072,34,65536,131072,262144,262144,262144,67,65536,131072,262144,262144,262144,812,131072,131072,262144,262144,262144,88,65536,131072,131072,131072,262144,93,0,0,0,0,0,0,0,0,0,0,0,0,0,0,0,0,0,0,0,0,0,0,0,0,0,0,0,0,0,0,0,0,0,0,0,0,0,0,29666,35170,56484,0,41,20,0
41920508411400,3992,4096,4096,16384,28683,512,512,1024,4112,4096,8192,16384,3230,4096,16384,32768,834,8192,8192,16384,43,2048,2048,4096,802,512,1024,4096,3197,1024,2048,2048,573,4096,4096,8192,21,2048,131072,262144,41896,1048576,2097152,2097152,41,1048576,1048576,1048576,41,524288,524288,524288,41,1024,1024,1024,41,64,32768,65536,41,256,512,1024,5121,256,512,1024,5022,256,512,1024,258147,256,512,1024,29070,128,512,1024,4652,256,512,1024,7443,512,1024,2048,1410,256,512,1024,1401,256,512,1024,26622,128,512,1024,3204,128,512,512,456,256,512,1024,351,256,512,1024,387,256,512,1024,189,2048,2048,2048,12,1024,1024,1024,11,64,64,64,23,64,128,128,21,256,16384,16384,21,17.12,11.67,5.45,11,43,63,802,75,90,0,262144,524288,524288,524288,524288,11,65536,131072,262144,262144,262144,43,65536,131072,262144,262144,262144,63,65536,131072,262144,524288,2097152,801,131072,131072,131072,131072,131072,75,65536,131072,131072,131072,262144,90,0,0,0,0,0,0,0,0,0,0,0,0,0,0,0,0,0,0,0,0,0,0,0,0,0,0,0,0,0,0,0,0,0,0,0,0,1,0,29797,35567,53837,0,41,21,0
41921542643200,4000,4096,8192,16384,28098,512,512,1024,4071,4096,8192,8192,3133,4096,8192,16384,818,8192,8192,16384,29,2048,2048,4096,786,512,1024,4096,3181,1024,2048,2048,519,4096,4096,4096,15,1024,131072,262144,41018,1048576,2097152,2097152,41,1048576,1048576,1048576,41,524288,524288,1048576,41,1024,2048,2048,41,128,65536,131072,41,256,512,1024,5327,256,512,1024,5255,256,512,1024,252882,256,512,1024,28197,128,512,1024,4765,256,512,1024,6966,512,1024,2048,1548,256,512,1024,1512,256,512,1024,26055,256,512,1024,3375,128,512,1024,429,256,512,1024,261,256,512,1024,261,256,512,1024,135,1024,2048,2048,5,1024,1024,1024,8,64,64,64,13,64,128,128,20,128,32768,32768,20,16.54,10.48,6.06,8,29,48,786,88,75,0,262144,262144,262144,262144,262144,8,65536,131072,262144,262144,262144,28,65536,131072,131072,131072,262144,48,65536,131072,262144,262144,524288,781,65536,131072,262144,262144,262144,88,65536,131072,131072,131072,262144,75,0,0,0,0,0,0,0,0,0,0,0,0,0,0,0,0,0,0,0,0,0,0,0,0,0,0,0,0,0,0,0,0,0,0,0,0,8,0,30354,34813,55242,0,41,20,0
41922576108800,3940,4096,4096,16384,28323,512,512,1024,4233,4096,8192,8192,3295,4096,16384,16384,837,8192,8192,8192,27,2048,2048,4096,878,512,1024,4096,3341,1024,2048,2048,572,4096,4096,4096,11,1024,131072,262144,41888,1048576,2097152,2097152,42,1048576,1048576,1048576,42,524288,524288,524288,42,1024,1024,1024,42,128,32768,65536,42,256,512,1024,5421,256,512,1024,5961,256,512,1024,254907,256,512,1024,29655,128,512,512,5047,256,512,1024,7479,512,1024,2048,1458,256,512,1024,1413,256,512,1024,25227,128,512,1024,3330,256,512,1024,609,256,512,1024,225,256,512,1024,243,256,1024,1024,99,0,0,0,0,0,0,0,0,0,0,0,0,64,128,128,21,128,128,256,21,14.50,8.00,6.50,0,27,66,878,88,101,60,0,0,0,0,0,0,65536,131072,131072,131072,524288,28,65536,131072,262144,262144,262144,66,65536,131072,262144,262144,524288,882,131072,131072,262144,262144,262144,88,65536,131072,131072,131072,262144,101,131072,262144,262144,262144,262144,60,0,0,0,0,0,0,0,0,0,0,0,0,0,0,0,0,0,0,0,0,0,0,0,0,0,0,0,0,0,0,2,0,30006,35605,54478,0,42,21,0
41923612699400,3940,4096,4096,16384,28124,512,512,1024,3960,4096,8192,8192,3208,4096,8192,16384,819,8192,8192,8192,35,2048,2048,4096,809,512,1024,4096,3173,1024,2048,2048,529,4096,4096,4096,18,1024,131072,262144,41028,1048576,2097152,2097152,41,1048576,1048576,1048576,41,524288,524288,524288,41,1024,1024,1024,41,64,65536,65536,41,256,512,1024,5483,256,512,1024,5483,256,512,1024,253116,128,512,1024,28872,128,512,512,4868,128,512,1024,6831,512,1024,1024,1458,256,512,1024,1458,128,512,1024,25785,128,512,1024,2952,128,512,1024,540,256,512,512,333,256,512,512,315,256,512,1024,162,0,0,0,0,0,0,0,0,0,0,0,0,64,128,128,21,128,128,256,21,17.33,9.74,7.59,0,35,57,809,91,86,0,0,0,0,0,0,0,65536,131072,131072,131072,262144,35,65536,131072,131072,131072,262144,57,65536,131072,262144,262144,524288,812,65536,131072,262144,262144,524288,91,65536,131072,131072,131072,262144,86,0,0,0,0,0,0,0,0,0,0,0,0,0,0,0,0,0,0,0,0,0,0,0,0,0,0,0,0,0,0,0,0,0,0,0,0,0,0,30275,35283,53828,0,41,21,0
41924646153900,3887,4096,4096,16384,27943,512,512,1024,3924,4096,8192,8192,3159,4096,16384,16384,798,8192,8192,8192,38,2048,2048,4096,783,512,1024,4096,3128,1024,2048,2048,546,4096,8192,8192,20,2048,131072,262144,40753,1048576,2097152,2097152,42,1048576,1048576,1048576,42,524288,524288,1048576,42,1024,2048,2048,42,64,65536,131072,42,256,512,1024,5077,256,512,1024,5554,256,512,1024,251487,256,512,1024,28431,128,512,1024,4844,256,512,1024,6723,512,1024,2048,1491,256,512,1024,1527,256,512,1024,27288,128,512,1024,3411,128,512,1024,432,128,512,1024,360,256,512,1024,342,256,1024,1024,180,2048,2048,2048,10,1024,1024,1024,7,64,64,64,17,64,128,128,21,128,16384,16384,21,14.47,8.23,6.24,7,38,56,783,80,71,60,262144,262144,262144,262144,262144,7,65536,131072,131072,131072,131072,38,131072,131072,262144,262144,262144,56,65536,131072,262144,262144,262144,783,65536,131072,262144,262144,262144,80,65536,131072,131072,131072,131072,71,131072,262144,262144,262144,524288,60,0,0,0,0,0,0,0,0,0,0,0,0,0,0,0,0,0,0,0,0,0,0,0,0,0,0,0,0,0,0,0,0,29955,34882,53907,0,42,21,0
41925680627900,3901,4096,4096,16384,28423,512,512,1024,3901,4096,8192,8192,3183,4096,8192,16384,850,8192,8192,8192,34,2048,2048,4096,766,512,1024,4096,3201,1024,2048,2048,497,4096,4096,4096,25,1024,131072,262144,41251,1048576,2097152,2097152,41,1048576,1048576,1048576,41,524288,524288,524288,41,1024,1024,1024,41,64,65536,131072,41,256,512,1024,5129,256,512,1024,5003,256,512,1024,255807,256,512,1024,28647,128,512,512,4914,256,512,1024,7398,512,1024,2048,1488,256,512,1024,1452,128,512,1024,27369,128,512,1024,3411,128,512,512,546,128,512,512,324,256,512,512,306,256,512,1024,225,2048,2048,2048,12,1024,1024,1024,14,64,64,64,26,64,128,128,20,1024,32768,32768,20,17.24,10.77,6.46,14,34,51,766,89,78,0,262144,262144,262144,262144,262144,14,65536,131072,131072,131072,131072,34,65536,131072,262144,262144,262144,51,65536,131072,262144,262144,524288,764,131072,131072,131072,131072,262144,89,65536,131072,262144,262144,524288,78,0,0,0,0,0,0,0,0,0,0,0,0,0,0,0,0,0,0,0,0,0,0,0,0,0,0,0,0,0,0,0,0,0,0,0,0,2,0,29174,35219,54634,0,41,20,0
41926712404000,3921,4096,4096,16384,27837,512,512,1024,3908,4096,8192,8192,3156,4096,16384,16384,792,8192,8192,8192,39,2048,2048,4096,847,512,1024,4096,3135,1024,2048,2048,558,4096,4096,4096,20,512,131072,262144,40659,1048576,2097152,2097152,41,1048576,1048576,1048576,41,524288,524288,524288,41,1024,1024,2048,41,128,65536,131072,41,256,512,1024,5176,256,512,1024,4996,256,512,1024,250533,128,512,1024,28404,128,512,512,4668,128,512,1024,6795,512,1024,2048,1347,256,512,1024,1437,128,512,1024,25884,128,512,1024,3033,128,512,1024,573,128,512,512,324,256,512,1024,351,256,512,1024,180,1024,2048,2048,22,1024,1024,1024,20,64,64,128,42,64,64,64,21,128,262144,262144,21,15.65,8.58,7.07,20,39,54,847,79,81,0,262144,262144,262144,262144,262144,20,65536,131072,131072,131072,262144,39,65536,131072,262144,262144,262144,54,65536,131072,262144,262144,262144,849,131072,131072,262144,262144,262144,79,65536,131072,131072,131072,131072,81,0,0,0,0,0,0,0,0,0,0,0,0,0,0,0,0,0,0,0,0,0,0,0,0,0,0,0,0,0,0,0,0,0,0,0,0,0,0,30500,35008,53864,0,41,21,0
41927749127800,3944,4096,4096,16384,27544,512,512,1024,3883,4096,8192,8192,3044,4096,16384,16384,783,8192,8192,8192,34,2048,2048,4096,776,512,1024,2048,3103,1024,2048,2048,561,4096,8192,8192,19,1024,131072,262144,40109,1048576,2097152,2097152,42,1048576,1048576,1048576,42,524288,524288,524288,42,1024,1024,2048,42,64,32768,65536,42,256,512,1024,5406,256,512,1024,5199,256,512,1024,247896,256,512,1024,27396,128,512,1024,4379,256,512,1024,6579,512,1024,1024,1410,256,512,1024,1410,128,512,1024,26253,128,512,1024,3114,128,512,1024,497,128,512,512,324,256,512,1024,306,256,512,1024,171,2048,2048,2048,22,1024,1024,1024,23,64,64,64,45,64,128,128,21,16384,65536,131072,21,17.98,10.31,7.67,23,34,38,776,70,95,0,262144,524288,524288,524288,524288,23,65536,131072,131072,131072,131072,34,65536,131072,131072,131072,131072,38,65536,131072,262144,262144,262144,776,65536,131072,131072,131072,131072,70,65536,131072,131072,131072,262144,95,0,0,0,0,0,0,0,0,0,0,0,0,0,0,0,0,0,0,0,0,0,0,0,0,0,0,0,0,0,0,0,0,0,0,0,0,0,0,28758,33920,52984,0,42,21,0
41928782404200,3962,4096,4096,16384,29376,256,512,1024,4077,4096,8192,16384,3419,4096,8192,16384,872,8192,8192,8192,42,2048,2048,8192,868,512,1024,2048,3388,1024,2048,2048,556,4096,4096,8192,22,128,131072,262144,43109,1048576,2097152,2097152,41,1048576,1048576,1048576,41,524288,524288,524288,41,1024,2048,2048,41,64,32768,65536,41,256,512,1024,5250,256,512,1024,5088,256,512,1024,264384,128,512,1024,30771,128,512,512,5214,128,512,1024,7641,512,1024,1024,1411,256,512,1024,1537,128,512,1024,25263,128,512,1024,2799,128,512,512,444,256,512,1024,342,256,512,1024,378,256,1024,1024,198,1024,2048,2048,20,1024,1024,1024,20,64,128,128,40,64,128,128,20,256,65536,65536,20,16.20,8.79,7.41,20,42,44,868,85,73,0,262144,524288,524288,524288,524288,19,65536,131072,131072,131072,131072,42,65536,131072,262144,262144,262144,44,65536,131072,262144,262144,524288,868,131072,131072,131072,131072,131072,85,65536,131072,131072,131072,131072,73,0,0,0,0,0,0,0,0,0,0,0,0,0,0,0,0,0,0,0,0,0,0,0,0,0,0,0,0,0,0,0,0,0,0,0,0,0,0,28277,35057,56083,0,41,20,0
41929815726800,3983,4096,4096,16384,28226,512,512,1024,3962,4096,8192,8192,3177,4096,16384,16384,812,8192,8192,8192,30,2048,2048,4096,793,512,1024,4096,3164,1024,2048,2048,528,4096,4096,4096,18,2048,131072,262144,41105,1048576,2097152,2097152,41,1048576,1048576,2097152,41,524288,524288,1048576,41,1024,1024,2048,41,128,32768,65536,41,256,512,1024,5399,256,512,1024,5210,256,512,1024,254034,256,512,1024,28593,128,512,512,4999,256,512,1024,6984,512,1024,2048,1448,256,512,1024,1394,256,512,1024,24822,128,512,1024,2925,256,512,1024,360,128,512,512,288,256,512,1024,270,256,512,1024,162,2048,2048,2048,18,1024,1024,1024,20,64,64,64,38,64,128,128,21,16384,32768,131072,21,17.92,10.73,7.19,20,30,48,793,75,68,0,262144,262144,262144,262144,262144,21,65536,131072,131072,131072,131072,30,65536,131072,131072,131072,131072,48,65536,131072,262144,262144,524288,787,65536,131072,131072,131072,524288,75,65536,131072,131072,131072,131072,68,0,0,0,0,0,0,0,0,0,0,0,0,0,0,0,0,0,0,0,0,0,0,0,0,0,0,0,0,0,0,0,0,0,0,0,0,6,0,29349,34544,55020,0,41,21,0
41930850759500,3995,4096,8192,16384,26092,512,512,1024,3726,4096,8192,16384,2947,4096,8192,16384,721,8192,8192,8192,32,2048,2048,4096,743,512,1024,2048,2943,1024,2048,2048,514,4096,8192,8192,28,2048,131072,262144,38082,1048576,2097152,2097152,42,1048576,1048576,1048576,42,524288,524288,524288,42,1024,1024,2048,42,64,65536,65536,42,256,512,1024,5962,256,512,1024,5854,256,512,1024,234828,256,512,1024,26523,128,512,1024,4268,256,512,1024,6381,512,1024,2048,1471,256,512,1024,1507,256,512,1024,24282,128,512,1024,3339,256,512,1024,525,128,512,512,297,256,512,1024,288,256,1024,1024,252,2048,2048,2048,14,1024,1024,1024,12,64,64,64,26,64,128,128,21,128,16384,32768,21,16.50,10.96,5.54,12,32,40,743,93,73,0,262144,262144,262144,262144,524288,12,65536,131072,131072,131072,131072,31,65536,131072,131072,131072,131072,40,65536,131072,262144,262144,524288,743,131072,131072,131072,131072,262144,93,65536,131072,131072,131072,262144,73,0,0,0,0,0,0,0,0,0,0,0,0,0,0,0,0,0,0,0,0,0,0,0,0,0,0,0,0,0,0,0,0,0,0,0,0,7,0,29744,32730,52128,0,42,21,0
41931885803200,4000,4096,4096,16384,28754,512,512,1024,4103,4096,8192,8192,3390,4096,8192,16384,884,8192,8192,8192,34,2048,2048,4096,892,512,1024,2048,3483,1024,2048,2048,594,4096,4096,4096,17,512,131072,262144,42597,1048576,2097152,2097152,41,1048576,1048576,1048576,41,524288,524288,524288,41,1024,1024,2048,41,64,131072,131072,42,256,512,1024,5402,256,512,1024,5357,256,512,1024,258786,256,512,1024,30510,128,512,512,5196,256,512,1024,7983,512,1024,2048,1466,256,512,1024,1358,256,512,1024,23481,256,512,1024,3105,128,512,1024,471,128,512,1024,261,256,512,1024,306,256,512,1024,153,2048,2048,2048,2,1024,1024,1024,4,64,64,64,6,64,128,128,21,128,16384,32768,21,16.71,9.55,7.16,4,34,35,892,87,78,0,262144,262144,262144,262144,262144,4,65536,131072,131072,131072,262144,35,65536,131072,262144,262144,262144,35,65536,131072,262144,524288,1048576,898,131072,131072,262144,262144,262144,87,65536,131072,131072,131072,262144,78,0,0,0,0,0,0,0,0,0,0,0,0,0,0,0,0,0,0,0,0,0,0,0,0,0,0,0,0,0,0,0,0,0,0,0,0,0,0,28570,35685,56278,0,41,21,0
41932918747500,3940,4096,4096,16384,29048,256,512,1024,4134,4096,8192,8192,3322,4096,16384,16384,807,8192,8192,8192,33,2048,2048,4096,852,512,1024,4096,3330,1024,2048,2048,519,4096,4096,4096,18,256,131072,262144,42506,1048576,2097152,2097152,41,1048576,1048576,1048576,41,524288,524288,524288,41,1024,2048,2048,41,64,32768,65536,40,256,512,1024,5571,256,512,1024,6111,256,512,1024,261432,128,512,1024,29900,128,512,1024,4655,128,512,1024,7299,512,1024,2048,1341,256,512,1024,1458,256,512,1024,26496,128,512,1024,3240,128,512,512,543,128,512,512,306,256,512,1024,297,256,512,1024,162,0,0,0,0,0,0,0,0,0,0,0,0,64,128,128,20,128,256,256,20,16.70,9.87,6.83,0,33,51,852,83,89,60,0,0,0,0,0,0,65536,131072,131072,131072,131072,33,65536,131072,131072,131072,262144,51,65536,131072,131072,262144,262144,849,131072,131072,131072,131072,262144,83,65536,131072,131072,131072,262144,89,131072,262144,262144,262144,524288,60,0,0,0,0,0,0,0,0,0,0,0,0,0,0,0,0,0,0,0,0,0,0,0,0,0,0,0,0,0,0,2,0,29453,35236,56179,0,41,20,0
41933954297300,3880,4096,4096,16384,26899,512,512,1024,3736,4096,8192,8192,3030,4096,16384,16384,738,8192,8192,32768,36,2048,2048,4096,779,512,1024,2048,3001,1024,2048,2048,513,4096,4096,4096,19,2048,131072,262144,39112,1048576,2097152,2097152,42,1048576,1048576,1048576,42,524288,524288,524288,42,1024,2048,2048,42,64,32768,65536,42,256,512,1024,5353,256,512,1024,5893,256,512,1024,242091,128,512,1024,27268,128,512,512,4447,256,512,1024,6678,512,1024,2048,1458,256,512,1024,1476,256,512,1024,26244,128,512,1024,3249,128,512,1024,594,128,512,512,387,256,512,1024,324,256,512,1024,171,0,0,0,1,0,0,0,0,0,0,0,1,64,128,128,21,128,256,256,21,16.20,8.79,7.41,0,36,35,779,96,75,60,0,0,0,0,0,0,65536,131072,131072,131072,131072,36,65536,131072,131072,131072,262144,35,65536,131072,262144,262144,524288,782,131072,131072,262144,262144,524288,96,65536,131072,131072,131072,131072,75,131072,262144,262144,262144,262144,60,0,0,0,0,0,0,0,0,0,0,0,0,0,0,0,0,0,0,0,0,0,0,0,0,0,0,0,0,0,0,0,0,28609,32622,52453,0,42,21,0
41934986143500,3889,4096,8192,16384,24956,256,512,1024,3856,4096,8192,8192,3132,4096,8192,32768,774,8192,8192,8192,33,2048,2048,4096,774,512,1024,2048,3130,1024,2048,2048,561,4096,4096,8192,22,64,131072,262144,37693,1048576,2097152,2097152,41,1048576,1048576,1048576,41,524288,524288,524288,41,1024,2048,2048,41,64,65536,65536,42,256,512,1024,5613,256,1024,1024,5532,256,512,1024,224604,128,512,1024,28188,128,512,1024,4729,128,512,1024,6957,512,1024,2048,1431,256,512,1024,1395,256,512,1024,22410,128,512,1024,3879,128,512,1024,597,128,512,512,306,256,512,1024,297,256,1024,1024,198,1024,2048,2048,9,512,1024,1024,9,64,64,64,18,64,128,128,21,128,16384,16384,21,16.96,10.93,6.03,9,33,38,774,84,85,0,262144,262144,262144,262144,262144,9,65536,131072,131072,131072,131072,33,65536,131072,131072,131072,131072,38,65536,131072,262144,524288,524288,771,131072,131072,262144,262144,262144,83,65536,131072,131072,131072,131072,84,0,0,0,0,0,0,0,0,0,0,0,0,0,0,0,0,0,0,0,0,0,0,0,0,0,0,0,0,0,0,0,0,0,0,0,0,5,0,22394,27039,42368,17,41,21,0
41936022657100,3894,2048,8192,16384,27849,256,512,1024,3973,4096,8192,8192,3150,4096,16384,16384,785,8192,8192,8192,38,2048,2048,4096,790,512,1024,2048,3162,1024,2048,2048,556,4096,8192,8192,13,64,131072,262144,40816,1048576,2097152,2097152,42,1048576,1048576,1048576,42,524288,524288,524288,42,2048,2048,4096,42,128,32768,65536,41,256,512,1024,6114,256,512,1024,6069,256,512,1024,250641,128,512,1024,28350,128,512,512,4670,128,512,1024,7047,512,1024,2048,1421,256,512,1024,1511,256,512,1024,26352,256,512,1024,3069,128,512,1024,468,128,512,512,378,256,512,1024,342,256,1024,1024,117,1024,2048,2048,7,512,1024,1024,5,0,64,64,12,64,128,128,20,128,65536,65536,20,15.77,9.59,6.18,5,38,49,790,72,89,0,262144,262144,262144,262144,262144,5,65536,131072,131072,131072,131072,37,65536,131072,131072,131072,131072,49,65536,131072,262144,524288,524288,790,131072,131072,131072,131072,262144,73,65536,131072,131072,131072,262144,90,0,0,0,0,0,0,0,0,0,0,0,0,0,0,0,0,0,0,0,0,0,0,0,0,0,0,0,0,0,0,0,0,0,0,0,0,4,0,18371,25253,41524,349,42,20,0
41937056543600,3914,4096,4096,16384,30375,256,512,1024,4184,4096,8192,8192,3253,4096,8192,16384,833,8192,8192,8192,40,2048,2048,4096,847,512,1024,2048,3323,1024,2048,2048,575,4096,8192,8192,21,64,131072,262144,43947,1048576,2097152,2097152,41,1048576,1048576,1048576,41,524288,524288,524288,41,1024,1024,2048,41,128,131072,131072,41,256,512,1024,5101,256,512,1024,4921,256,512,1024,273375,128,512,1024,29277,128,512,512,4987,128,512,1024,7164,512,1024,1024,1623,256,512,1024,1551,128,512,1024,25218,128,512,1024,3042,128,512,1024,546,128,512,512,270,256,512,1024,360,256,1024,1024,189,1024,2048,2048,20,1024,1024,1024,21,64,64,64,41,64,128,128,21,16384,131072,131072,21,19.03,11.59,7.44,21,40,41,847,95,93,0,262144,262144,262144,262144,262144,21,65536,131072,131072,131072,262144,40,65536,131072,131072,131072,262144,41,65536,131072,262144,262144,262144,848,131072,131072,131072,131072,262144,95,65536,131072,262144,262144,262144,93,0,0,0,0,0,0,0,0,0,0,0,0,0,0,0,0,0,0,0,0,0,0,0,0,0,0,0,0,0,0,0,0,0,0,0,0,2,0,25677,33341,54670,9,41,21,0
41938092022400,3930,4096,4096,16384,25001,256,512,1024,3606,4096,8192,8192,2889,4096,16384,16384,773,8192,8192,8192,27,2048,4096,4096,777,512,1024,2048,2910,1024,2048,2048,494,4096,4096,8192,22,256,131072,262144,36852,1048576,2097152,2097152,41,1048576,1048576,1048576,41,524288,524288,524288,41,1024,2048,2048,41,64,65536,131072,41,256,512,1024,5447,256,512,1024,5303,256,512,1024,225009,128,512,1024,26001,128,512,1024,4309,128,512,1024,6948,512,1024,2048,1494,256,512,1024,1463,256,512,1024,26379,128,512,1024,3123,256,512,1024,633,128,512,512,279,256,512,1024,243,256,1024,1024,198,1024,2048,2048,17,1024,1024,1024,15,64,64,64,32,64,128,128,20,16384,131072,131072,20,16.22,10.69,5.53,15,27,26,777,96,79,0,262144,262144,262144,262144,524288,15,65536,131072,131072,131072,131072,28,65536,131072,262144,262144,262144,26,65536,131072,262144,524288,8388608,770,131072,131072,131072,131072,131072,96,65536,131072,131072,131072,131072,79,0,0,0,0,0,0,0,0,0,0,0,0,0,0,0,0,0,0,0,0,0,0,0,0,0,0,0,0,0,0,0,0,0,0,0,0,8,0,21568,27370,46576,0,41,20,0
41939121752700,3949,4096,4096,16384,29185,256,512,1024,4167,4096,8192,8192,3281,4096,8192,16384,859,8192,8192,8192,38,2048,2048,4096,804,512,1024,1024,3292,1024,2048,2048,539,4096,4096,4096,23,128,131072,262144,42643,1048576,2097152,2097152,42,1048576,1048576,1048576,42,524288,524288,1048576,42,1024,2048,2048,42,64,65536,131072,42,256,512,1024,5550,256,512,1024,5379,256,512,1024,262669,128,512,1024,29529,128,512,512,4640,128,512,1024,7470,512,1024,2048,1458,256,512,1024,1426,256,512,1024,26307,128,512,1024,3411,128,512,1024,492,128,512,512,351,128,512,512,342,256,512,1024,207,1024,16384,16384,18,1024,1024,1024,19,64,64,64,37,64,128,128,21,16384,131072,131072,21,18.54,11.90,6.64,19,38,26,804,94,97,0,262144,262144,262144,262144,524288,19,65536,131072,131072,131072,262144,38,65536,131072,131072,131072,131072,26,65536,131072,262144,262144,524288,811,131072,131072,262144,262144,262144,94,65536,131072,131072,131072,131072,97,0,0,0,0,0,0,0,0,0,0,0,0,0,0,0,0,0,0,0,0,0,0,0,0,0,0,0,0,0,0,0,0,0,0,0,0,2,0,24724,31306,48052,0,42,21,0
41940158370000,3968,4096,4096,16384,24505,256,512,1024,3411,4096,8192,8192,2865,4096,8192,16384,716,8192,8192,8192,31,2048,2048,4096,733,512,1024,2048,2865,1024,2048,2048,416,4096,4096,4096,20,2048,131072,262144,35957,1048576,2097152,2097152,41,1048576,1048576,1048576,41,524288,524288,524288,41,1024,1024,2048,41,64,32768,65536,41,256,512,1024,5491,256,512,1024,5320,256,512,1024,220541,256,512,1024,25785,128,512,512,4185,256,512,1024,6507,512,1024,2048,1569,256,512,1024,1434,256,512,1024,26046,256,512,1024,3528,128,512,1024,672,128,512,1024,261,256,512,1024,279,256,1024,1024,180,1024,2048,2048,18,1024,1024,1024,19,64,64,128,37,64,128,128,21,16384,32768,131072,21,14.57,8.24,6.34,19,31,31,733,113,98,0,262144,262144,262144,262144,262144,19,65536,131072,131072,131072,131072,31,65536,131072,131072,131072,131072,31,65536,131072,262144,524288,1048576,731,131072,131072,131072,262144,262144,110,65536,131072,131072,131072,131072,97,0,0,0,0,0,0,0,0,0,0,0,0,0,0,0,0,0,0,0,0,0,0,0,0,0,0,0,0,0,0,0,0,0,0,0,0,8,0,26002,29212,45310,8,41,21,0
41941193500300,3981,4096,8192,16384,28784,256,512,1024,4630,4096,8192,8192,3563,4096,8192,16384,907,8192,8192,16384,34,2048,2048,4096,890,256,1024,1024,3574,1024,2048,2048,648,4096,8192,8192,27,64,131072,262144,43501,1048576,2097152,2097152,42,1048576,1048576,1048576,42,524288,524288,524288,42,2048,2048,2048,42,128,65536,65536,42,256,512,1024,6399,256,512,1024,6282,256,512,1024,259056,128,512,1024,32067,128,512,512,5259,128,512,1024,7983,512,1024,2048,1552,256,512,1024,1552,256,512,1024,22482,128,512,1024,3708,256,512,1024,666,128,512,512,414,256,512,1024,306,256,1024,1024,243,1024,2048,2048,14,1024,1024,1024,13,64,64,128,27,64,128,128,21,128,32768,32768,21,16.84,10.98,5.86,13,34,27,890,76,95,0,262144,262144,262144,262144,262144,13,65536,131072,131072,131072,131072,33,65536,131072,131072,131072,131072,27,65536,131072,131072,262144,524288,891,131072,131072,131072,131072,131072,79,65536,131072,131072,131072,131072,96,0,0,0,0,0,0,0,0,0,0,0,0,0,0,0,0,0,0,0,0,0,0,0,0,0,0,0,0,0,0,0,0,0,0,0,0,4,0,20804,25596,41494,0,42,21,0
41942227166000,3930,4096,8192,16384,27222,256,512,1024,3795,4096,8192,8192,3099,4096,16384,16384,794,8192,8192,8192,56,2048,2048,4096,779,512,1024,1024,3074,1024,2048,2048,577,4096,4096,4096,17,128,131072,262144,39903,1048576,2097152,2097152,41,1048576,1048576,1048576,41,524288,524288,1048576,41,2048,2048,2048,41,64,65536,65536,41,256,1024,1024,5226,256,1024,1024,5685,256,512,1024,244998,128,512,1024,27891,128,512,512,4713,128,512,1024,6651,512,1024,2048,1458,256,512,1024,1620,256,512,1024,27594,256,512,1024,3312,256,1024,1024,567,128,512,1024,405,256,512,1024,504,256,512,1024,153,1024,2048,2048,8,1024,1024,1024,10,64,64,64,18,64,128,128,20,128,131072,131072,20,16.91,10.93,5.97,10,56,18,779,99,103,60,262144,524288,524288,524288,524288,10,65536,131072,131072,131072,131072,57,65536,131072,131072,131072,131072,18,65536,131072,131072,262144,262144,779,131072,131072,131072,131072,131072,99,65536,131072,131072,131072,262144,103,131072,262144,262144,262144,262144,60,0,0,0,0,0,0,0,0,0,0,0,0,0,0,0,0,0,0,0,0,0,0,0,0,0,0,0,0,0,0,3,0,22095,28328,46626,0,41,20,0
41943256869900,3936,4096,8192,16384,24993,256,512,1024,3595,4096,8192,8192,2839,4096,8192,16384,726,8192,8192,8192,28,2048,2048,4096,769,512,512,1024,2912,1024,2048,2048,453,4096,4096,4096,14,64,131072,262144,36747,1048576,2097152,2097152,41,1048576,1048576,1048576,41,524288,524288,524288,41,1024,2048,2048,41,128,65536,65536,41,256,512,1024,5581,256,512,1024,5527,256,512,1024,224937,128,512,1024,25551,128,512,512,4507,128,512,1024,6174,512,1024,2048,1431,256,512,1024,1224,256,512,1024,23778,128,512,1024,3762,128,512,1024,510,128,512,512,225,256,512,1024,252,256,512,512,126,1024,2048,2048,5,1024,1024,1024,5,64,64,64,10,64,128,128,21,128,16384,65536,21,14.21,8.93,5.28,5,28,18,769,85,106,0,262144,262144,262144,262144,262144,5,65536,131072,131072,131072,131072,28,65536,131072,131072,131072,131072,18,65536,131072,131072,262144,262144,772,131072,131072,131072,131072,131072,85,65536,131072,131072,131072,131072,106,0,0,0,0,0,0,0,0,0,0,0,0,0,0,0,0,0,0,0,0,0,0,0,0,0,0,0,0,0,0,0,0,0,0,0,0,0,0,17981,23834,40250,195,41,21,0
41944295439800,3881,4096,4096,16384,33170,256,512,1024,5028,4096,8192,8192,3734,4096,8192,32768,1016,8192,8192,8192,36,2048,2048,4096,929,512,1024,1024,3706,1024,2048,2048,661,4096,4096,8192,26,64,131072,262144,48801,1048576,2097152,2097152,42,1048576,1048576,2097152,42,524288,524288,524288,42,1024,2048,2048,42,64,131072,131072,42,256,512,1024,5451,256,512,1024,5946,256,512,1024,298537,128,512,1024,33606,128,512,512,5841,128,512,1024,8613,512,1024,2048,1580,256,512,1024,1553,256,512,1024,28386,128,512,1024,3069,128,512,1024,480,128,512,1024,306,256,512,1024,324,256,512,1024,234,1024,2048,2048,6,1024,1024,1024,5,64,64,64,11,64,64,128,21,256,16384,16384,21,16.00,8.63,7.38,5,36,31,929,92,108,60,262144,262144,262144,262144,262144,5,65536,131072,131072,131072,131072,36,65536,131072,131072,131072,262144,31,65536,131072,131072,262144,524288,923,131072,131072,131072,131072,262144,92,65536,131072,131072,131072,131072,108,131072,262144,262144,262144,524288,60,0,0,0,0,0,0,0,0,0,0,0,0,0,0,0,0,0,0,0,0,0,0,0,0,0,0,0,0,0,0,5,0,26993,34965,54505,0,42,21,0
41945330726600,3893,4096,4096,16384,27892,512,512,1024,4099,4096,8192,8192,3271,4096,16384,16384,790,8192,8192,8192,37,2048,2048,4096,827,512,1024,1024,3204,1024,2048,2048,550,4096,8192,8192,20,1024,131072,262144,41105,1048576,2097152,2097152,41,1048576,1048576,2097152,41,524288,524288,1048576,41,1024,2048,2048,41,64,32768,65536,41,256,512,1024,5334,256,512,1024,5226,256,512,1024,251021,256,512,1024,29439,128,512,1024,4941,256,512,1024,6561,512,1024,2048,1419,256,512,1024,1608,256,512,1024,26550,128,512,1024,3294,128,512,1024,543,128,512,512,360,256,512,1024,333,256,1024,1024,180,1024,2048,2048,13,1024,1024,1024,13,64,64,64,26,64,128,128,20,8192,131072,131072,20,17.59,10.68,6.91,13,37,25,827,107,84,0,262144,262144,262144,262144,262144,13,65536,131072,131072,131072,262144,37,65536,131072,131072,131072,131072,25,65536,131072,131072,524288,4194304,827,131072,131072,131072,131072,131072,107,65536,131072,131072,131072,131072,84,0,0,0,0,0,0,0,0,0,0,0,0,0,0,0,0,0,0,0,0,0,0,0,0,0,0,0,0,0,0,0,0,0,0,0,0,6,0,30766,35484,53024,0,41,20,0
41946363052900,3908,4096,4096,16384,25192,512,512,1024,3650,4096,8192,16384,2957,4096,16384,16384,711,8192,8192,8192,38,2048,2048,4096,714,512,1024,2048,2950,1024,2048,2048,502,4096,4096,4096,25,1024,131072,262144,37164,1048576,2097152,2097152,41,1048576,1048576,1048576,41,524288,524288,524288,41,1024,1024,1024,41,128,32768,65536,41,256,512,1024,5153,256,512,1024,5018,256,512,1024,226737,256,512,1024,26613,128,512,1024,4075,256,512,1024,6417,512,1024,2048,1589,256,512,1024,1472,256,512,1024,25182,128,512,512,3366,128,512,512,594,128,512,1024,270,256,512,1024,342,256,512,1024,225,1024,2048,2048,16,512,1024,1024,15,64,64,64,31,64,128,128,21,8192,131072,131072,21,16.54,9.16,7.38,15,38,30,714,86,96,0,262144,262144,262144,262144,262144,14,65536,131072,131072,131072,131072,38,65536,131072,131072,131072,131072,30,65536,131072,131072,262144,524288,718,131072,131072,131072,131072,131072,86,65536,131072,131072,131072,131072,96,0,0,0,0,0,0,0,0,0,0,0,0,0,0,0,0,0,0,0,0,0,0,0,0,0,0,0,0,0,0,0,0,0,0,0,0,3,0,26906,31309,50109,226,41,21,0
41947396972900,3930,4096,4096,16384,27542,512,512,1024,3971,4096,8192,8192,3107,4096,8192,32768,810,8192,8192,8192,22,2048,2048,4096,818,512,1024,1024,3183,1024,2048,2048,529,4096,4096,8192,26,1024,131072,262144,40434,1048576,2097152,2097152,42,1048576,1048576,1048576,42,524288,524288,524288,42,512,1024,1024,42,64,65536,65536,42,256,512,1024,5399,256,512,1024,5201,256,512,1024,247869,128,512,1024,27963,128,512,1024,5035,128,512,1024,6975,512,1024,2048,1482,256,512,1024,1374,256,512,1024,25416,128,512,1024,3105,128,512,1024,429,128,512,1024,189,256,512,1024,198,256,1024,1024,234,1024,2048,2048,21,1024,1024,1024,21,64,64,64,42,64,64,128,21,16384,32768,32768,21,16.34,10.60,5.74,21,22,9,818,89,89,0,262144,262144,262144,262144,262144,22,65536,131072,131072,131072,131072,22,65536,131072,131072,131072,131072,9,65536,131072,131072,262144,524288,820,131072,131072,131072,131072,262144,89,65536,131072,131072,131072,262144,89,0,0,0,0,0,0,0,0,0,0,0,0,0,0,0,0,0,0,0,0,0,0,0,0,0,0,0,0,0,0,0,0,0,0,0,0,0,0,27630,32898,49910,0,42,21,0
41948434049700,3949,4096,8192,16384,27076,256,512,1024,4241,4096,8192,8192,3297,4096,8192,16384,821,8192,8192,8192,25,2048,2048,4096,847,512,1024,1024,3344,1024,2048,2048,539,4096,4096,4096,20,1024,131072,262144,40613,1048576,2097152,2097152,41,1048576,1048576,1048576,41,524288,524288,524288,41,1024,1024,1024,41,128,32768,65536,41,256,512,1024,5647,256,512,1024,5476,256,512,1024,243693,128,512,1024,29673,128,512,512,5197,256,512,1024,7461,512,1024,2048,1380,256,512,1024,1344,256,512,1024,23562,256,512,1024,3861,256,512,1024,662,128,512,512,288,256,512,512,225,256,512,1024,180,1024,2048,2048,19,512,1024,1024,19,64,64,64,38,64,128,128,20,16384,131072,131072,20,15.60,9.06,6.54,19,25,14,847,108,102,0,262144,262144,262144,262144,262144,19,65536,131072,131072,131072,131072,25,65536,131072,131072,131072,131072,14,65536,131072,131072,262144,262144,847,131072,131072,131072,131072,262144,108,65536,131072,131072,131072,131072,102,0,0,0,0,0,0,0,0,0,0,0,0,0,0,0,0,0,0,0,0,0,0,0,0,0,0,0,0,0,0,0,0,0,0,0,0,0,0,26142,31425,50148,0,41,20,0
41949466447200,3973,4096,4096,16384,28525,512,512,1024,4126,4096,8192,8192,3212,4096,8192,16384,754,8192,16384,32768,29,2048,2048,4096,840,512,1024,1024,3178,1024,2048,2048,583,4096,4096,4096,19,256,131072,262144,41702,1048576,2097152,2097152,42,1048576,1048576,1048576,42,524288,524288,524288,42,1024,1024,2048,42,64,32768,131072,42,256,512,1024,5262,256,512,1024,5046,256,512,1024,256716,256,512,1024,28908,128,512,512,4228,256,512,1024,6894,512,1024,2048,1431,256,512,1024,1341,256,512,1024,26784,256,512,1024,3033,256,512,1024,591,128,512,512,252,256,512,1024,261,256,512,1024,171,1024,2048,2048,25,1024,1024,1024,24,64,64,64,49,64,128,128,21,16384,131072,131072,21,15.41,8.79,6.62,24,29,7,840,89,89,0,262144,262144,262144,262144,262144,24,65536,131072,131072,131072,131072,29,65536,131072,131072,131072,131072,7,65536,131072,131072,262144,524288,837,131072,131072,131072,131072,131072,89,65536,131072,131072,131072,131072,89,0,0,0,0,0,0,0,0,0,0,0,0,0,0,0,0,0,0,0,0,0,0,0,0,0,0,0,0,0,0,0,0,0,0,0,0,3,0,28706,35066,55527,0,42,21,0
41950497824100,3986,4096,4096,16384,28218,512,512,1024,4180,4096,8192,8192,3247,4096,16384,32768,829,8192,8192,8192,43,2048,2048,4096,825,512,1024,1024,3238,1024,2048,2048,549,4096,4096,4096,18,1024,131072,262144,41596,1048576,2097152,2097152,41,1048576,1048576,1048576,41,524288,1048576,1048576,41,1024,2048,2048,41,64,8192,65536,41,256,512,1024,5478,256,512,1024,5361,256,512,1024,253962,256,512,1024,29223,128,512,512,4993,256,512,1024,7083,512,1024,2048,1317,256,512,1024,1614,256,512,1024,27099,256,512,1024,3438,256,512,1024,507,128,512,1024,387,256,512,1024,387,256,512,1024,162,1024,2048,2048,12,1024,1024,1024,14,64,64,64,26,64,128,128,21,128,32768,32768,21,14.12,8.87,5.25,14,43,10,825,113,111,0,262144,262144,262144,262144,262144,14,65536,131072,131072,131072,131072,43,131072,131072,131072,131072,131072,10,65536,131072,131072,262144,524288,826,131072,131072,131072,131072,131072,113,65536,131072,131072,131072,131072,111,0,0,0,0,0,0,0,0,0,0,0,0,0,0,0,0,0,0,0,0,0,0,0,0,0,0,0,0,0,0,0,0,0,0,0,0,1,0,30229,35445,53684,0,41,21,0
41951539416700,4000,4096,4096,16384,28808,512,512,1024,4138,4096,8192,8192,3306,4096,8192,16384,835,8192,8192,8192,37,2048,2048,4096,807,512,1024,1024,3278,1024,2048,2048,522,4096,32768,32768,20,1024,131072,262144,42163,1048576,2097152,2097152,42,1048576,1048576,2097152,42,524288,524288,1048576,42,1024,2048,2048,42,64,65536,65536,42,256,512,1024,5349,256,512,1024,5223,256,512,1024,259277,256,512,1024,29754,128,512,512,4913,256,512,1024,7173,512,1024,2048,1563,256,512,1024,1401,256,512,1024,27918,256,512,1024,3357,128,512,1024,468,128,512,512,315,256,512,1024,333,256,512,1024,180,1024,2048,2048,11,1024,1024,1024,13,64,64,64,24,64,128,128,21,128,65536,131072,21,17.34,10.05,7.29,13,37,11,807,86,108,0,262144,262144,262144,262144,524288,13,65536,131072,131072,131072,524288,37,65536,131072,131072,131072,131072,11,65536,131072,131072,262144,262144,804,131072,131072,131072,131072,131072,86,65536,131072,131072,131072,262144,106,0,0,0,0,0,0,0,0,0,0,0,0,0,0,0,0,0,0,0,0,0,0,0,0,0,0,0,0,0,0,0,0,0,0,0,0,6,0,30034,35953,55409,0,42,21,0
41952571742400,3940,4096,8192,16384,24197,256,512,1024,4179,4096,8192,8192,3338,4096,16384,32768,835,8192,8192,8192,41,2048,2048,4096,831,512,1024,1024,3337,1024,2048,2048,587,4096,4096,4096,9,512,131072,262144,37781,1048576,2097152,2097152,41,1048576,1048576,1048576,41,524288,524288,524288,41,1024,2048,2048,41,64,65536,65536,41,256,512,1024,5379,256,512,1024,5919,256,512,1024,217768,256,512,1024,30042,128,512,1024,5012,256,512,1024,7047,512,1024,2048,1364,256,512,1024,1472,256,512,1024,24210,128,512,1024,4437,128,512,1024,513,256,512,512,378,256,1024,1024,369,256,1024,1024,81,0,0,0,0,0,0,0,0,0,0,0,0,64,128,128,20,128,256,256,20,15.92,9.73,6.19,0,41,9,831,119,112,60,0,0,0,0,0,0,65536,131072,131072,131072,131072,41,65536,131072,131072,131072,131072,9,65536,131072,131072,262144,524288,834,131072,131072,131072,131072,131072,119,65536,131072,131072,131072,131072,114,131072,262144,262144,262144,262144,60,0,0,0,0,0,0,0,0,0,0,0,0,0,0,0,0,0,0,0,0,0,0,0,0,0,0,0,0,0,0,2,0,31352,31852,52722,0,41,20,0
41953604152000,3940,4096,4096,16384,26654,512,512,1024,3645,4096,8192,8192,2952,4096,16384,16384,784,8192,8192,8192,32,2048,2048,4096,778,512,1024,1024,2930,1024,2048,2048,528,4096,4096,4096,28,1024,131072,262144,38682,1048576,2097152,2097152,41,1048576,1048576,1048576,41,524288,524288,524288,41,1024,2048,2048,41,64,32768,65536,41,256,512,1024,5063,256,512,1024,5063,256,512,1024,239886,256,512,1024,26568,128,512,512,4544,256,512,1024,6759,512,1024,2048,1287,256,512,1024,1323,256,512,1024,26577,128,512,1024,2871,128,512,1024,495,128,512,512,288,256,512,1024,288,256,1024,1024,252,0,0,0,0,0,0,0,0,0,0,0,0,64,128,128,21,128,256,256,21,15.43,8.60,6.83,0,32,8,778,105,97,0,0,0,0,0,0,0,65536,131072,131072,131072,131072,32,65536,131072,131072,131072,131072,8,65536,131072,131072,262144,262144,780,131072,131072,131072,131072,131072,105,65536,131072,131072,131072,131072,97,0,0,0,0,0,0,0,0,0,0,0,0,0,0,0,0,0,0,0,0,0,0,0,0,0,0,0,0,0,0,0,0,0,0,0,0,0,0,30317,34084,53078,0,41,21,0
41954636170300,3884,4096,4096,16384,27456,256,512,1024,4125,4096,8192,8192,3014,4096,8192,16384,818,8192,8192,8192,37,2048,2048,4096,832,512,1024,1024,3114,1024,2048,2048,530,4096,4096,4096,19,128,131072,262144,40390,1048576,2097152,2097152,41,1048576,1048576,1048576,41,524288,524288,524288,41,1024,1024,1024,41,128,65536,131072,42,256,512,1024,5065,256,512,1024,5569,256,512,1024,247104,128,512,1024,27126,128,512,512,4696,128,512,1024,6939,512,1024,2048,1406,256,512,1024,1415,256,512,1024,23625,128,512,1024,3537,128,512,1024,549,256,512,1024,324,256,512,1024,333,256,512,1024,171,1024,2048,2048,7,512,512,512,5,0,64,64,12,64,128,128,21,128,16384,16384,21,16.69,10.04,6.65,5,37,7,832,108,114,60,262144,262144,262144,262144,262144,5,65536,131072,131072,131072,131072,37,65536,131072,131072,131072,131072,7,65536,131072,131072,131072,262144,829,65536,131072,131072,262144,262144,108,65536,131072,131072,131072,131072,113,131072,262144,262144,262144,262144,60,0,0,0,0,0,0,0,0,0,0,0,0,0,0,0,0,0,0,0,0,0,0,0,0,0,0,0,0,0,0,4,0,27939,32838,51861,0,41,21,0
41955669999500,3896,4096,4096,16384,26996,512,512,1024,3630,4096,8192,8192,3154,4096,8192,32768,796,8192,8192,8192,30,2048,2048,4096,758,512,1024,1024,3111,1024,2048,2048,525,4096,4096,4096,16,512,131072,262144,39390,1048576,2097152,2097152,42,1048576,1048576,1048576,42,524288,524288,524288,42,1024,2048,2048,42,128,65536,65536,41,256,512,1024,5224,256,512,1024,5116,256,512,1024,242964,128,512,1024,28386,128,512,512,4875,128,512,1024,6831,512,1024,2048,1641,256,512,1024,1515,128,512,1024,27090,128,512,512,3393,128,512,1024,384,128,512,512,288,256,512,1024,270,256,512,1024,144,1024,2048,2048,12,1024,1024,1024,11,64,64,64,23,64,128,128,20,8192,65536,65536,20,16.82,10.24,6.58,11,30,7,758,87,91,0,262144,262144,262144,262144,262144,11,131072,131072,131072,131072,131072,30,65536,65536,65536,65536,131072,7,65536,131072,131072,262144,262144,761,131072,131072,262144,262144,2097152,87,65536,131072,131072,131072,131072,92,0,0,0,0,0,0,0,0,0,0,0,0,0,0,0,0,0,0,0,0,0,0,0,0,0,0,0,0,0,0,0,0,0,0,0,0,0,0,28689,33652,50973,0,42,20,0
41956705183900,3915,4096,4096,16384,29236,512,512,1024,4193,4096,8192,8192,3360,4096,8192,16384,821,8192,8192,16384,33,2048,2048,4096,809,512,1024,1024,3410,1024,2048,2048,534,4096,4096,4096,23,128,131072,262144,42873,1048576,2097152,2097152,41,1048576,1048576,1048576,41,524288,524288,524288,41,1024,2048,2048,41,64,65536,131072,41,256,512,1024,4897,256,512,1024,4726,256,512,1024,263124,128,512,1024,30240,128,512,512,4924,128,512,1024,7011,512,1024,1024,1302,256,512,1024,1383,128,512,1024,25128,128,512,1024,2988,128,512,512,600,256,512,1024,288,256,512,1024,297,256,512,1024,207,1024,2048,2048,20,1024,1024,1024,20,64,64,64,40,64,128,128,21,16384,131072,131072,21,16.96,9.55,7.41,20,33,8,809,91,94,0,262144,262144,262144,262144,262144,19,65536,131072,131072,131072,131072,32,65536,131072,131072,131072,131072,8,65536,131072,131072,262144,524288,805,131072,131072,131072,131072,262144,91,65536,131072,131072,131072,131072,94,0,0,0,0,0,0,0,0,0,0,0,0,0,0,0,0,0,0,0,0,0,0,0,0,0,0,0,0,0,0,0,0,0,0,0,0,5,0,29009,34996,53571,0,41,21,0
41957737509400,3943,4096,4096,16384,28331,512,512,1024,3946,4096,8192,8192,3227,4096,8192,16384,820,8192,8192,16384,30,2048,2048,4096,797,512,1024,1024,3174,1024,2048,2048,568,4096,8192,8192,20,1024,131072,262144,41298,1048576,2097152,2097152,41,1048576,1048576,1048576,41,524288,524288,524288,41,1024,2048,2048,41,128,65536,65536,42,256,512,1024,5422,256,512,1024,5170,256,512,1024,254979,256,512,1024,29043,128,512,512,4452,256,512,1024,6543,512,1024,2048,1344,256,512,1024,1416,256,512,1024,26289,128,512,1024,3267,256,512,1024,567,256,512,1024,261,256,512,1024,270,256,512,1024,180,2048,2048,2048,27,1024,1024,1024,28,64,64,64,55,64,128,128,21,16384,131072,262144,21,15.86,9.31,6.55,28,30,17,797,111,93,0,262144,262144,262144,262144,262144,29,65536,131072,131072,131072,131072,31,65536,131072,131072,131072,131072,17,65536,131072,131072,262144,262144,801,65536,131072,131072,131072,131072,111,65536,131072,131072,131072,262144,91,0,0,0,0,0,0,0,0,0,0,0,0,0,0,0,0,0,0,0,0,0,0,0,0,0,0,0,0,0,0,0,0,0,0,0,0,1,0,29768,35477,53775,0,41,21,0
41958773806500,3966,4096,4096,16384,27623,512,512,1024,3926,4096,8192,8192,3029,4096,16384,16384,854,8192,8192,8192,33,2048,2048,4096,822,512,1024,1024,3093,1024,2048,2048,484,4096,8192,8192,32,1024,131072,262144,40286,1048576,2097152,2097152,42,1048576,1048576,1048576,42,524288,524288,524288,42,1024,2048,2048,42,64,32768,32768,41,256,512,1024,5039,256,512,1024,4832,256,512,1024,248607,256,512,1024,27261,128,512,1024,4758,256,512,1024,6579,512,1024,1024,1365,256,512,1024,1455,256,512,1024,25596,128,512,1024,3312,128,512,1024,447,128,512,512,333,256,512,1024,297,256,1024,1024,288,1024,2048,2048,22,1024,1024,1024,22,64,64,64,44,64,64,64,20,16384,131072,131072,20,17.15,10.84,6.30,22,33,16,822,111,110,0,262144,262144,262144,262144,524288,22,65536,131072,131072,131072,131072,33,65536,131072,131072,131072,131072,16,65536,131072,131072,262144,262144,820,131072,131072,131072,131072,262144,111,65536,131072,131072,131072,131072,112,0,0,0,0,0,0,0,0,0,0,0,0,0,0,0,0,0,0,0,0,0,0,0,0,0,0,0,0,0,0,0,0,0,0,0,0,2,0,28684,34393,56118,0,42,20,0
41959808141500,3981,4096,4096,16384,28830,256,512,1024,4060,4096,8192,8192,3221,4096,16384,16384,846,8192,8192,32768,37,2048,2048,4096,849,512,1024,2048,3196,1024,2048,2048,543,4096,4096,4096,18,1024,131072,262144,42008,1048576,2097152,2097152,41,1048576,1048576,1048576,41,524288,524288,524288,41,1024,2048,2048,41,64,65536,131072,41,256,512,1024,5318,256,512,1024,5183,256,512,1024,259470,128,512,1024,28989,128,512,512,5223,256,512,1024,6840,512,1024,2048,1504,256,512,1024,1549,256,512,1024,26316,256,512,1024,3222,128,512,1024,579,256,512,1024,378,256,512,1024,333,256,512,1024,162,1024,2048,2048,16,1024,1024,1024,17,64,64,64,33,64,128,128,21,128,65536,131072,21,15.73,9.61,6.12,17,37,31,849,104,107,0,262144,262144,262144,262144,262144,16,65536,131072,131072,131072,262144,37,65536,131072,131072,131072,131072,31,65536,131072,131072,262144,262144,845,131072,131072,131072,131072,131072,104,65536,131072,131072,131072,131072,107,0,0,0,0,0,0,0,0,0,0,0,0,0,0,0,0,0,0,0,0,0,0,0,0,0,0,0,0,0,0,0,0,0,0,0,0,7,0,28480,34661,53483,0,41,21,0
41960845833800,3992,4096,4096,16384,29472,256,512,1024,4072,4096,8192,8192,3336,4096,16384,16384,761,8192,8192,8192,45,2048,2048,4096,852,512,1024,2048,3407,1024,2048,2048,623,4096,4096,4096,16,1024,131072,262144,42992,1048576,2097152,2097152,42,1048576,1048576,1048576,42,524288,524288,524288,42,1024,2048,2048,42,64,65536,65536,42,256,512,1024,5435,256,512,1024,5336,256,512,1024,265248,128,512,1024,30024,128,512,1024,4662,256,512,1024,6534,512,1024,2048,1422,256,512,1024,1539,256,512,1024,27720,128,512,1024,3339,256,512,1024,582,128,512,512,405,256,512,1024,405,256,512,1024,144,1024,2048,2048,10,512,1024,1024,9,64,64,64,19,64,128,128,21,128,16384,32768,21,17.28,9.66,7.63,9,45,32,852,110,105,0,262144,262144,262144,262144,524288,10,65536,131072,131072,131072,131072,45,65536,131072,131072,131072,262144,32,65536,131072,131072,262144,262144,857,65536,131072,131072,131072,131072,110,65536,131072,131072,131072,131072,105,0,0,0,0,0,0,0,0,0,0,0,0,0,0,0,0,0,0,0,0,0,0,0,0,0,0,0,0,0,0,0,0,0,0,0,0,1,0,29419,35476,55499,0,42,21,0
41961874663700,4000,4096,8192,16384,22472,512,512,1024,3312,4096,8192,8192,2641,4096,16384,16384,664,8192,8192,32768,42,2048,2048,4096,628,512,1024,2048,2633,1024,2048,2048,466,4096,8192,8192,9,2048,131072,262144,33271,1048576,2097152,2097152,41,1048576,1048576,1048576,41,524288,524288,1048576,41,1024,2048,2048,41,128,65536,131072,41,256,512,1024,5749,256,512,1024,5677,256,512,1024,202248,256,512,1024,23769,128,512,1024,4117,256,512,1024,5508,512,1024,2048,1512,256,1024,1024,1449,256,512,1024,25470,256,512,1024,3420,256,512,1024,540,128,512,1024,306,256,512,1024,378,256,1024,1024,81,1024,2048,2048,6,1024,1024,1024,8,64,64,64,14,64,128,128,20,128,32768,32768,20,13.87,7.62,6.25,8,42,33,628,113,78,0,262144,262144,262144,262144,262144,8,65536,131072,131072,131072,131072,42,65536,131072,131072,131072,131072,33,65536,131072,131072,262144,262144,629,65536,131072,131072,131072,262144,113,65536,131072,131072,131072,131072,78,0,0,0,0,0,0,0,0,0,0,0,0,0,0,0,0,0,0,0,0,0,0,0,0,0,0,0,0,0,0,0,0,0,0,0,0,0,0,30552,28853,50803,0,41,20,0
41962907373300,3940,4096,8192,16384,15805,512,512,1024,3463,4096,8192,8192,2800,4096,8192,16384,725,8192,8192,16384,21,2048,2048,4096,726,512,1024,2048,2755,1024,2048,2048,465,4096,4096,4096,10,2048,131072,524288,27090,1048576,2097152,2097152,41,1048576,1048576,1048576,41,524288,524288,524288,41,512,1024,1024,41,64,128,2048,41,256,1024,1024,5833,256,512,1024,6373,256,512,1024,142245,256,512,1024,25200,128,512,1024,4014,256,512,1024,6327,512,1024,2048,1365,256,512,1024,1122,256,512,1024,18315,128,512,1024,4356,256,512,1024,714,128,512,512,180,256,512,1024,189,256,512,1024,90,0,0,0,0,0,0,0,0,0,0,0,0,64,128,128,21,128,128,128,21,13.17,7.34,5.83,0,21,35,726,99,89,60,0,0,0,0,0,0,65536,131072,131072,131072,131072,20,65536,131072,131072,131072,131072,33,65536,131072,131072,131072,262144,713,131072,131072,131072,131072,262144,99,65536,131072,131072,131072,131072,89,131072,262144,262144,262144,262144,60,0,0,0,0,0,0,0,0,0,0,0,0,0,0,0,0,0,0,0,0,0,0,0,0,0,0,0,0,0,0,16,0,33655,24064,48207,0,41,21,0
41963944739700,3940,4096,4096,16384,28684,512,512,1024,4679,4096,8192,8192,3713,4096,8192,16384,1030,8192,8192,8192,52,2048,2048,4096,1048,512,1024,4096,3725,1024,2048,2048,671,4096,4096,4096,17,1024,131072,262144,44233,1048576,2097152,2097152,42,1048576,1048576,1048576,42,524288,524288,524288,42,1024,2048,2048,42,64,131072,131072,42,256,512,1024,5251,256,512,1024,5251,256,512,1024,258156,256,512,1024,33417,128,512,512,6261,256,512,1024,8793,512,1024,2048,1197,256,512,1024,1485,256,512,1024,21312,128,512,1024,2925,128,512,1024,870,128,512,1024,441,256,512,1024,468,256,512,1024,153,0,0,0,0,0,0,0,0,0,0,0,0,64,64,128,21,128,256,256,21,18.92,9.84,9.08,0,52,71,1048,110,101,0,0,0,0,0,0,0,65536,131072,131072,131072,131072,53,65536,131072,131072,131072,131072,73,65536,131072,131072,262144,524288,1059,65536,131072,131072,262144,262144,110,65536,131072,131072,131072,131072,101,0,0,0,0,0,0,0,0,0,0,0,0,0,0,0,0,0,0,0,0,0,0,0,0,0,0,0,0,0,0,0,0,0,0,0,0,2,0,33525,38055,55208,0,42,21,0
41964977461600,3891,4096,4096,16384,26939,256,512,1024,3869,4096,8192,8192,3302,4096,8192,16384,751,8192,8192,8192,34,2048,2048,4096,821,512,1024,4096,3367,1024,2048,2048,511,4096,4096,4096,17,1024,131072,262144,40041,1048576,2097152,2097152,41,1048576,1048576,1048576,41,524288,524288,524288,41,1024,1024,2048,41,64,32768,131072,41,256,512,1024,4991,256,512,1024,5432,256,512,1024,242451,256,512,1024,29718,128,512,512,4394,256,512,1024,6588,512,1024,1024,1425,256,512,1024,1398,256,512,1024,27153,128,512,1024,3429,128,512,1024,612,128,512,1024,306,256,512,1024,306,256,512,1024,153,1024,2048,2048,11,1024,1024,1024,11,64,64,64,22,64,128,128,20,256,16384,16384,20,16.23,9.99,6.24,11,34,55,821,88,103,60,262144,262144,262144,262144,262144,11,65536,131072,131072,131072,131072,34,65536,131072,131072,131072,131072,55,65536,131072,131072,262144,2097152,823,131072,131072,131072,131072,131072,88,65536,131072,131072,131072,131072,103,262144,262144,262144,262144,262144,60,0,0,0,0,0,0,0,0,0,0,0,0,0,0,0,0,0,0,0,0,0,0,0,0,0,0,0,0,0,0,0,0,30914,35455,55309,0,41,20,0
41966014843300,3902,4096,4096,16384,28657,512,512,1024,4251,4096,8192,8192,3249,4096,8192,16384,749,8192,8192,32768,36,2048,2048,4096,789,512,1024,4096,3238,1024,2048,2048,543,4096,8192,8192,21,2048,131072,262144,41997,1048576,2097152,2097152,42,1048576,1048576,1048576,42,524288,524288,524288,42,1024,2048,2048,42,64,65536,65536,42,256,512,1024,5284,256,512,1024,5185,256,512,1024,257922,256,512,1024,29241,128,512,1024,4617,256,512,1024,6201,512,1024,2048,1493,256,512,1024,1520,256,512,1024,26514,256,512,1024,3348,128,512,1024,606,128,512,1024,324,256,512,1024,324,256,512,1024,189,1024,2048,2048,13,1024,1024,1024,12,64,64,64,25,64,128,256,21,128,131072,131072,21,15.93,8.09,7.84,12,36,67,789,90,105,0,262144,262144,262144,262144,262144,11,65536,131072,131072,131072,131072,36,65536,131072,131072,131072,131072,67,65536,131072,262144,262144,2097152,783,65536,131072,131072,131072,262144,90,65536,131072,131072,131072,131072,105,0,0,0,0,0,0,0,0,0,0,0,0,0,0,0,0,0,0,0,0,0,0,0,0,0,0,0,0,0,0,0,0,0,0,0,0,7,0,29699,35874,53780,0,42,21,0
41967046984600,3925,4096,4096,16384,27840,512,512,1024,4005,4096,8192,8192,3018,4096,8192,16384,858,8192,8192,8192,37,2048,2048,4096,731,512,1024,4096,3032,1024,2048,2048,535,4096,8192,8192,19,1024,131072,262144,40556,1048576,2097152,2097152,41,1048576,1048576,1048576,41,524288,524288,524288,41,1024,2048,2048,41,64,32768,131072,41,256,512,1024,5313,256,512,1024,5106,256,512,1024,250551,256,512,1024,27162,128,512,1024,4831,256,512,1024,7398,512,1024,2048,1367,256,512,1024,1538,128,512,1024,25785,128,512,512,3195,128,512,512,459,128,512,1024,387,256,512,1024,333,256,1024,2048,171,1024,2048,2048,24,1024,1024,1024,22,64,64,128,46,64,128,128,21,16384,131072,131072,21,16.28,9.21,7.07,22,37,55,731,74,87,0,262144,262144,524288,524288,524288,23,65536,131072,131072,131072,131072,37,65536,131072,131072,131072,131072,55,65536,131072,131072,262144,524288,736,131072,131072,131072,131072,262144,74,65536,131072,131072,131072,131072,87,0,0,0,0,0,0,0,0,0,0,0,0,0,0,0,0,0,0,0,0,0,0,0,0,0,0,0,0,0,0,0,0,0,0,0,0,1,0,29152,34897,54344,411,41,21,0
41968081080500,3948,4096,4096,16384,26746,512,512,1024,3903,4096,8192,8192,3034,4096,8192,16384,795,8192,8192,8192,30,2048,2048,4096,811,512,1024,4096,3002,1024,2048,2048,538,4096,4096,8192,23,2048,131072,262144,39292,1048576,2097152,2097152,41,1048576,1048576,1048576,41,524288,524288,524288,41,1024,2048,2048,41,64,16384,65536,41,256,512,1024,5184,256,512,1024,4977,256,512,1024,240718,256,512,1024,27306,128,512,1024,4428,256,512,1024,6561,512,1024,2048,1346,256,512,1024,1319,256,512,1024,23769,256,512,1024,3249,256,512,1024,522,128,512,512,279,256,512,1024,270,256,1024,1024,207,1024,2048,2048,25,1024,1024,1024,25,64,64,128,50,64,128,128,20,16384,32768,32768,20,13.82,8.29,5.53,25,30,62,811,99,85,0,262144,262144,524288,524288,524288,25,65536,131072,131072,131072,262144,30,65536,131072,131072,131072,131072,62,65536,131072,131072,262144,262144,809,131072,131072,262144,262144,262144,99,65536,131072,131072,131072,131072,85,0,0,0,0,0,0,0,0,0,0,0,0,0,0,0,0,0,0,0,0,0,0,0,0,0,0,0,0,0,0,0,0,0,0,0,0,3,0,31255,35077,52854,0,41,20,0
41969114818800,3973,4096,4096,16384,28804,512,512,1024,3961,4096,8192,8192,3284,4096,8192,16384,814,8192,8192,8192,36,2048,2048,4096,883,512,1024,4096,3354,1024,2048,2048,550,4096,8192,8192,30,1024,131072,262144,42137,1048576,2097152,2097152,42,1048576,1048576,1048576,42,524288,524288,1048576,42,1024,2048,2048,42,64,131072,262144,42,256,512,1024,5710,256,512,1024,5485,256,512,1024,259232,256,512,1024,29556,128,512,1024,4598,256,512,1024,6939,512,1024,2048,1394,256,512,1024,1367,256,512,1024,26028,128,512,1024,3069,256,512,1024,351,128,512,1024,297,256,512,1024,324,256,512,1024,270,1024,2048,2048,23,1024,1024,1024,24,64,64,64,47,64,64,128,21,16384,131072,131072,21,20.18,11.60,8.58,24,36,68,883,92,81,0,262144,262144,262144,262144,524288,24,65536,131072,131072,131072,262144,36,65536,131072,131072,131072,131072,68,65536,131072,262144,262144,262144,886,131072,131072,262144,262144,262144,92,65536,131072,131072,131072,131072,81,0,0,0,0,0,0,0,0,0,0,0,0,0,0,0,0,0,0,0,0,0,0,0,0,0,0,0,0,0,0,0,0,0,0,0,0,0,0,30035,36311,55293,0,42,21,0
41970149760300,3986,4096,4096,16384,27676,512,512,1024,3964,4096,8192,8192,3294,4096,8192,16384,801,8192,8192,8192,27,2048,2048,4096,840,512,1024,4096,3249,1024,2048,2048,559,4096,4096,4096,9,1024,131072,262144,40835,1048576,2097152,2097152,41,1048576,1048576,2097152,41,524288,524288,1048576,41,1024,2048,2048,41,64,8192,32768,41,256,512,1024,5076,256,512,1024,4959,256,512,1024,249084,256,512,1024,29646,128,512,512,4741,256,512,1024,6786,512,1024,2048,1611,256,512,1024,1494,256,512,1024,25713,128,512,1024,3357,128,512,512,543,256,512,512,279,256,512,1024,243,256,512,1024,81,1024,2048,2048,12,512,1024,1024,12,64,64,64,24,64,128,128,21,256,65536,131072,21,18.03,12.10,5.93,12,27,71,840,75,74,0,262144,262144,262144,262144,262144,12,65536,131072,131072,131072,131072,27,65536,131072,131072,131072,131072,71,65536,131072,131072,262144,262144,839,131072,131072,131072,131072,262144,75,65536,131072,262144,262144,262144,74,0,0,0,0,0,0,0,0,0,0,0,0,0,0,0,0,0,0,0,0,0,0,0,0,0,0,0,0,0,0,0,0,0,0,0,0,1,0,27605,34391,55475,0,41,21,0
41971184873600,3996,4096,4096,16384,29207,512,512,1024,4000,4096,8192,8192,3243,4096,8192,16384,881,8192,8192,8192,35,2048,2048,4096,773,512,1024,4096,3274,1024,2048,2048,521,4096,8192,8192,20,1024,131072,262144,42445,1048576,2097152,2097152,41,1048576,1048576,2097152,41,524288,524288,524288,41,1024,2048,2048,41,64,32768,131072,41,256,512,1024,5426,256,512,1024,5336,256,512,1024,262863,256,512,1024,29187,128,512,1024,5027,256,512,1024,7299,512,1024,2048,1494,256,512,1024,1422,256,512,1024,25632,256,512,1024,3213,128,512,1024,480,256,512,1024,297,256,512,1024,315,256,1024,1024,180,1024,2048,2048,10,1024,1024,1024,11,64,64,64,21,64,64,64,20,256,16384,16384,20,16.84,10.23,6.61,11,35,55,773,88,98,0,262144,262144,262144,262144,262144,11,65536,131072,131072,131072,262144,35,65536,131072,131072,131072,131072,54,65536,131072,131072,262144,1048576,768,131072,131072,131072,131072,262144,88,65536,131072,131072,131072,131072,98,0,0,0,0,0,0,0,0,0,0,0,0,0,0,0,0,0,0,0,0,0,0,0,0,0,0,0,0,0,0,0,0,0,0,0,0,7,0,27800,35242,57333,0,41,20,0
41972222558800,3940,4096,4096,16384,29551,512,512,1024,4001,4096,8192,8192,3324,4096,8192,32768,798,8192,8192,8192,23,2048,2048,4096,817,512,1024,4096,3298,1024,2048,2048,572,4096,4096,4096,20,1024,131072,262144,42781,1048576,2097152,2097152,42,1048576,1048576,1048576,42,524288,524288,524288,42,512,1024,1024,42,64,32768,65536,42,256,512,1024,5838,256,512,1024,6342,256,512,1024,265959,128,512,1024,29916,128,512,512,4743,128,512,1024,6813,512,1024,1024,1439,256,512,1024,1313,256,512,1024,28386,128,512,1024,3276,128,512,512,435,128,512,1024,171,256,1024,1024,207,256,512,1024,180,2048,2048,2048,2,1024,1024,1024,3,64,64,64,5,64,64,128,21,128,16384,65536,21,17.81,11.83,5.98,3,23,45,817,103,93,60,262144,262144,262144,262144,262144,3,65536,131072,131072,131072,131072,23,65536,131072,131072,131072,131072,46,65536,131072,131072,262144,262144,823,131072,131072,131072,131072,262144,103,65536,131072,262144,262144,262144,93,131072,262144,262144,262144,262144,60,0,0,0,0,0,0,0,0,0,0,0,0,0,0,0,0,0,0,0,0,0,0,0,0,0,0,0,0,0,0,0,0,30284,35748,54600,0,42,21,0
41973251497700,3940,4096,4096,16384,27204,512,512,1024,3909,4096,8192,16384,3012,4096,8192,16384,806,8192,8192,8192,25,2048,4096,4096,791,512,1024,4096,3029,1024,2048,2048,520,4096,4096,4096,15,1024,131072,262144,39662,1048576,2097152,2097152,41,1048576,1048576,1048576,41,524288,524288,524288,41,512,1024,1024,41,64,32768,65536,41,256,512,1024,4960,256,512,1024,4960,256,512,1024,244836,256,512,1024,27108,128,512,1024,4666,256,512,1024,6516,512,1024,2048,1581,256,512,1024,1455,128,512,1024,26046,128,512,1024,3357,128,512,1024,462,128,512,1024,261,256,512,512,225,256,1024,1024,135,0,0,0,0,0,0,0,0,0,0,0,0,64,128,128,21,128,256,256,21,17.20,10.09,7.10,0,25,49,791,84,105,0,0,0,0,0,0,0,65536,131072,131072,131072,131072,25,65536,131072,131072,131072,262144,49,65536,131072,131072,262144,262144,787,131072,131072,131072,131072,131072,84,65536,131072,131072,131072,131072,105,0,0,0,0,0,0,0,0,0,0,0,0,0,0,0,0,0,0,0,0,0,0,0,0,0,0,0,0,0,0,0,0,0,0,0,0,4,0,29419,34046,53533,0,41,21,0
41974287372500,3880,4096,4096,16384,29265,256,512,1024,3980,4096,8192,8192,3293,4096,8192,16384,861,8192,8192,8192,33,2048,2048,4096,873,512,1024,4096,3314,1024,2048,2048,555,4096,8192,8192,21,1024,131072,262144,42636,1048576,2097152,2097152,42,1048576,1048576,1048576,42,524288,524288,524288,42,1024,2048,2048,42,64,65536,131072,42,256,512,1024,5487,256,512,1024,6027,256,512,1024,263386,256,512,1024,29637,128,512,1024,4987,256,512,1024,6822,512,1024,2048,1344,256,512,1024,1425,128,512,1024,26613,128,512,1024,3177,128,512,1024,483,256,512,512,324,256,512,1024,297,256,512,1024,189,0,0,0,1,0,0,0,0,0,0,0,1,64,128,128,21,128,128,256,21,15.99,9.45,6.55,0,33,52,873,100,99,60,0,0,0,0,0,0,65536,131072,131072,131072,1048576,33,65536,131072,262144,262144,262144,52,65536,131072,262144,262144,262144,877,65536,131072,131072,131072,262144,99,65536,131072,131072,131072,262144,98,131072,262144,262144,262144,524288,60,0,0,0,0,0,0,0,0,0,0,0,0,0,0,0,0,0,0,0,0,0,0,0,0,0,0,0,0,0,0,1,0,33188,37264,54789,0,42,21,0
41975317155500,3892,4096,4096,16384,27940,512,512,1024,3893,4096,8192,16384,3177,4096,16384,16384,840,8192,8192,8192,39,2048,2048,4096,797,512,1024,4096,3202,1024,2048,2048,550,4096,8192,8192,12,1024,131072,262144,40825,1048576,2097152,2097152,41,1048576,1048576,1048576,41,524288,524288,524288,41,1024,1024,1024,41,64,65536,65536,41,256,512,1024,5206,256,512,1024,5098,256,512,1024,251459,256,512,1024,28593,128,512,512,4976,256,512,1024,6489,512,1024,2048,1524,256,512,1024,1497,128,512,1024,24129,128,512,1024,3078,128,512,512,579,256,512,512,306,256,512,1024,351,256,512,1024,108,2048,2048,2048,13,1024,1024,1024,12,64,64,64,25,64,128,128,20,256,131072,131072,20,16.37,9.14,7.23,12,39,50,797,90,89,0,262144,262144,262144,262144,262144,12,65536,131072,131072,131072,131072,38,65536,131072,262144,262144,8388608,49,65536,131072,262144,262144,524288,794,131072,131072,131072,131072,131072,91,65536,131072,262144,262144,262144,85,0,0,0,0,0,0,0,0,0,0,0,0,0,0,0,0,0,0,0,0,0,0,0,0,0,0,0,0,0,0,0,0,0,0,0,0,9,0,30146,35740,53994,0,41,20,0
41976354334600,3906,4096,4096,16384,28230,512,512,1024,4009,4096,8192,16384,3170,4096,8192,16384,764,8192,8192,8192,29,2048,2048,4096,779,512,1024,4096,3148,1024,2048,2048,531,4096,4096,4096,24,1024,131072,262144,41104,1048576,2097152,2097152,41,1048576,1048576,1048576,41,524288,524288,524288,41,1024,2048,2048,41,128,65536,131072,41,256,512,1024,5149,256,512,1024,5023,256,512,1024,254070,256,512,1024,28530,128,512,512,4402,256,512,1024,6138,512,1024,2048,1472,256,512,1024,1418,128,512,1024,25407,128,512,1024,3267,128,512,512,462,256,512,512,288,256,512,1024,261,256,512,1024,216,1024,2048,2048,16,1024,1024,1024,14,64,64,64,30,64,128,128,21,16384,131072,131072,21,16.64,10.34,6.30,14,29,46,779,96,87,0,262144,262144,262144,262144,262144,14,65536,131072,131072,131072,131072,30,65536,131072,131072,131072,131072,47,65536,131072,131072,262144,262144,781,131072,131072,131072,131072,262144,96,65536,131072,131072,131072,131072,92,0,0,0,0,0,0,0,0,0,0,0,0,0,0,0,0,0,0,0,0,0,0,0,0,0,0,0,0,0,0,0,0,0,0,0,0,1,0,29293,34841,53949,0,41,21,0
41977388050100,3930,4096,4096,16384,28323,512,512,1024,4095,4096,8192,8192,3193,4096,8192,16384,769,8192,8192,8192,37,2048,4096,4096,796,512,1024,4096,3244,1024,2048,2048,540,4096,4096,4096,27,1024,131072,262144,41488,1048576,2097152,2097152,41,1048576,1048576,1048576,41,524288,524288,524288,41,1024,2048,2048,41,64,65536,65536,41,256,512,1024,5303,256,512,1024,5087,256,512,1024,254907,256,512,1024,28737,128,512,1024,4880,256,512,1024,6363,512,1024,2048,1587,256,512,1024,1452,128,512,1024,26208,128,512,1024,3294,128,512,1024,573,128,512,512,288,256,512,1024,333,256,512,1024,243,1024,2048,2048,24,1024,1024,1024,25,64,64,128,49,64,64,64,20,16384,131072,131072,20,16.60,9.31,7.30,25,37,52,796,84,84,0,262144,262144,262144,262144,262144,25,65536,131072,131072,131072,131072,37,65536,131072,131072,131072,131072,52,65536,131072,262144,524288,8388608,797,65536,131072,131072,131072,131072,84,65536,131072,131072,131072,131072,84,0,0,0,0,0,0,0,0,0,0,0,0,0,0,0,0,0,0,0,0,0,0,0,0,0,0,0,0,0,0,0,0,0,0,0,0,0,0,29690,35361,53589,0,41,20,0
41978424434600,3958,4096,4096,16384,28298,512,512,1024,3988,4096,8192,16384,3157,4096,8192,16384,831,8192,8192,16384,27,2048,2048,4096,808,512,1024,4096,3160,1024,2048,2048,525,4096,4096,8192,24,1024,131072,262144,41260,1048576,2097152,2097152,42,1048576,1048576,1048576,42,524288,524288,524288,42,1024,2048,2048,42,64,65536,131072,42,256,512,1024,5569,256,512,1024,5317,256,512,1024,254682,256,512,1024,28413,128,512,1024,4883,256,512,1024,6921,512,1024,2048,1353,256,512,1024,1596,256,512,1024,27999,128,512,1024,3456,128,512,1024,543,256,512,1024,306,256,512,1024,243,256,1024,1024,216,1024,2048,2048,29,1024,1024,1024,28,64,64,64,57,64,128,128,21,32768,131072,131072,21,16.08,9.17,6.91,28,27,45,808,94,83,0,262144,262144,262144,262144,262144,28,65536,131072,131072,131072,131072,27,65536,131072,131072,131072,131072,45,65536,131072,131072,262144,262144,808,131072,131072,131072,131072,262144,94,65536,131072,131072,131072,131072,83,0,0,0,0,0,0,0,0,0,0,0,0,0,0,0,0,0,0,0,0,0,0,0,0,0,0,0,0,0,0,0,0,0,0,0,0,0,0,29251,34598,55001,0,42,21,0
41979458978200,3980,4096,4096,16384,28944,512,512,1024,4253,4096,8192,8192,3289,4096,16384,16384,787,8192,8192,32768,37,2048,2048,4096,900,512,1024,4096,3261,1024,2048,2048,570,4096,4096,4096,13,1024,131072,262144,42498,1048576,2097152,2097152,41,1048576,1048576,1048576,41,524288,524288,524288,41,1024,2048,2048,41,64,65536,131072,41,256,512,1024,5318,256,512,1024,5120,256,512,1024,260496,256,512,1024,29601,128,512,1024,4883,256,512,1024,6651,512,1024,1024,1442,256,512,1024,1550,256,512,1024,26325,256,512,1024,3339,128,512,512,630,256,512,1024,342,256,512,1024,333,256,512,1024,117,1024,2048,2048,18,1024,1024,1024,21,64,64,128,39,64,128,128,21,8192,65536,65536,21,18.06,11.11,6.95,21,37,35,900,101,89,0,262144,262144,262144,262144,262144,21,65536,131072,131072,131072,131072,37,65536,131072,131072,131072,131072,35,65536,131072,262144,262144,524288,898,131072,131072,262144,262144,524288,101,65536,131072,131072,131072,262144,89,0,0,0,0,0,0,0,0,0,0,0,0,0,0,0,0,0,0,0,0,0,0,0,0,0,0,0,0,0,0,0,0,0,0,0,0,1,0,29793,35786,55350,0,41,21,0
41980493505700,3992,4096,4096,16384,28426,512,512,1024,4005,4096,8192,8192,3216,4096,8192,16384,794,8192,16384,16384,36,2048,2048,4096,805,512,1024,4096,3239,1024,2048,2048,564,4096,4096,4096,13,1024,131072,262144,41579,1048576,2097152,2097152,41,1048576,1048576,1048576,41,524288,524288,524288,41,1024,2048,2048,41,64,65536,131072,41,256,512,1024,4959,256,512,1024,4851,256,512,1024,255834,256,512,1024,28944,128,512,512,4563,256,512,1024,6705,512,1024,2048,1527,256,512,1024,1446,256,512,1024,26037,256,512,1024,3312,256,512,1024,411,128,512,512,261,256,512,1024,324,256,512,1024,117,1024,2048,2048,13,1024,1024,1024,12,64,64,64,25,64,128,128,20,256,32768,32768,20,17.12,10.45,6.67,12,36,53,805,104,82,0,262144,262144,262144,262144,262144,12,65536,131072,131072,131072,131072,36,65536,131072,131072,131072,131072,53,65536,131072,262144,524288,8388608,807,65536,131072,262144,262144,2097152,104,65536,131072,131072,131072,131072,82,0,0,0,0,0,0,0,0,0,0,0,0,0,0,0,0,0,0,0,0,0,0,0,0,0,0,0,0,0,0,0,0,0,0,0,0,0,0,29392,35062,53840,0,41,20,0
41981525958600,4000,4096,4096,16384,28599,512,512,1024,4057,4096,8192,8192,3219,4096,8192,16384,821,8192,8192,8192,29,2048,2048,4096,804,512,1024,4096,3248,1024,2048,2048,535,4096,4096,4096,13,1024,131072,262144,41712,1048576,2097152,2097152,42,1048576,1048576,1048576,42,524288,524288,524288,42,1024,1024,2048,42,64,65536,65536,42,256,512,1024,5199,256,512,1024,5127,256,512,1024,257398,256,512,1024,28971,128,512,1024,4721,256,512,1024,6741,512,1024,1024,1460,256,512,1024,1496,256,512,1024,25659,128,512,1024,3258,128,512,512,525,128,512,512,279,256,512,1024,261,256,512,512,117,2048,2048,2048,6,512,1024,1024,8,64,64,64,14,64,64,128,21,128,32768,32768,21,16.73,9.61,7.11,8,29,47,804,85,97,0,262144,262144,262144,262144,262144,8,65536,131072,131072,131072,262144,29,65536,131072,131072,131072,262144,47,65536,131072,131072,262144,262144,804,131072,131072,262144,262144,262144,85,65536,131072,131072,131072,262144,97,0,0,0,0,0,0,0,0,0,0,0,0,0,0,0,0,0,0,0,0,0,0,0,0,0,0,0,0,0,0,0,0,0,0,0,0,0,0,29332,35143,54461,0,42,21,0
41982559630300,3940,4096,4096,16384,28855,512,512,1024,4125,4096,8192,8192,3241,4096,8192,16384,833,8192,8192,8192,28,2048,2048,4096,797,512,1024,2048,3215,1024,2048,2048,536,4096,8192,8192,19,512,131072,262144,42048,1048576,2097152,2097152,41,1048576,1048576,1048576,41,524288,524288,524288,41,1024,1024,1024,41,128,65536,65536,41,256,512,1024,5126,256,512,1024,5666,256,512,1024,259695,128,512,1024,29169,128,512,512,4711,128,512,1024,6957,512,1024,2048,1299,256,512,1024,1470,128,512,1024,26190,128,512,1024,3177,128,512,512,444,128,512,512,234,256,512,1024,252,256,512,1024,171,0,0,0,0,0,0,0,0,0,0,0,0,64,128,128,21,128,256,256,21,16.69,9.99,6.70,0,28,32,797,81,87,60,0,0,0,0,0,0,65536,131072,131072,131072,131072,28,65536,131072,131072,131072,262144,32,65536,131072,131072,262144,262144,796,131072,131072,131072,131072,262144,81,65536,131072,131072,131072,131072,87,262144,262144,262144,262144,262144,60,0,0,0,0,0,0,0,0,0,0,0,0,0,0,0,0,0,0,0,0,0,0,0,0,0,0,0,0,0,0,1,0,29358,34745,54668,0,41,21,0
41983583063700,3940,4096,4096,16384,28691,256,512,1024,4310,4096,8192,8192,3169,4096,8192,16384,803,8192,8192,8192,31,2048,2048,4096,822,512,1024,2048,3199,1024,2048,2048,552,4096,4096,4096,18,1024,131072,262144,41974,1048576,2097152,2097152,41,1048576,1048576,1048576,41,524288,524288,524288,41,1024,1024,1024,41,128,131072,131072,41,256,512,1024,5499,256,512,1024,5499,256,512,1024,258212,128,512,1024,28521,128,512,1024,4453,128,512,1024,6777,512,1024,2048,1499,256,512,1024,1544,128,512,1024,26064,128,512,1024,3141,128,512,1024,492,128,512,512,252,256,512,1024,279,256,512,1024,162,0,0,0,0,0,0,0,0,0,0,0,0,64,128,128,20,128,256,256,20,16.17,9.85,6.32,0,31,43,822,88,79,0,0,0,0,0,0,0,65536,131072,131072,131072,131072,31,65536,131072,131072,131072,262144,43,65536,131072,131072,262144,262144,817,131072,131072,262144,262144,524288,88,65536,131072,131072,131072,131072,79,0,0,0,0,0,0,0,0,0,0,0,0,0,0,0,0,0,0,0,0,0,0,0,0,0,0,0,0,0,0,0,0,0,0,0,0,6,0,29349,35015,54170,0,41,20,0
41984599728500,3884,4096,4096,16384,28388,256,512,1024,4248,4096,8192,8192,3189,4096,8192,16384,806,8192,8192,8192,28,2048,2048,4096,840,512,1024,1024,3164,1024,2048,2048,522,4096,4096,4096,9,1024,131072,262144,41588,1048576,2097152,2097152,41,1048576,1048576,1048576,41,524288,524288,524288,41,1024,1024,1024,41,64,65536,131072,41,256,512,1024,5144,256,512,1024,5648,256,512,1024,255492,128,512,1024,28701,128,512,512,4385,128,512,1024,6399,512,1024,2048,1485,256,512,1024,1386,128,512,1024,25866,128,512,1024,3204,128,512,512,408,128,512,1024,261,256,512,1024,252,256,512,1024,81,1024,2048,2048,6,1024,1024,1024,5,64,64,64,11,64,128,128,21,128,256,131072,21,17.75,10.27,7.48,5,28,23,840,101,100,60,262144,262144,262144,262144,262144,4,65536,131072,131072,131072,131072,28,65536,131072,131072,131072,131072,23,65536,131072,131072,262144,262144,846,131072,131072,131072,131072,131072,101,65536,131072,131072,131072,524288,100,131072,262144,262144,262144,262144,60,0,0,0,0,0,0,0,0,0,0,0,0,0,0,0,0,0,0,0,0,0,0,0,0,0,0,0,0,0,0,0,0,29170,34900,54345,0,41,21,0
41985614761300,3896,4096,4096,16384,27318,512,512,1024,3727,4096,8192,8192,3114,4096,8192,16384,800,8192,8192,8192,27,2048,2048,4096,735,512,1024,1024,3112,1024,2048,2048,539,4096,8192,8192,21,1024,131072,262144,39794,1048576,2097152,2097152,40,1048576,1048576,1048576,40,524288,524288,1048576,40,512,2048,2048,40,64,32768,65536,40,256,512,1024,4734,256,512,1024,4626,256,512,1024,245862,256,512,1024,28026,128,512,512,4686,256,512,1024,6714,512,1024,1024,1448,256,512,1024,1385,128,512,1024,25227,128,512,1024,3006,128,512,1024,561,128,512,512,225,256,512,1024,243,256,1024,1024,189,1024,2048,2048,12,1024,1024,1024,11,64,64,64,23,64,128,128,20,8192,32768,32768,20,17.83,10.85,6.98,11,27,28,735,87,100,0,262144,262144,262144,262144,262144,12,65536,131072,131072,131072,524288,27,65536,131072,131072,131072,131072,28,65536,131072,262144,524288,524288,730,65536,131072,131072,131072,131072,87,65536,131072,131072,131072,131072,100,0,0,0,0,0,0,0,0,0,0,0,0,0,0,0,0,0,0,0,0,0,0,0,0,0,0,0,0,0,0,0,0,0,0,0,0,4,0,28039,33732,55522,0,40,20,0
41986629584100,3912,4096,4096,16384,27834,512,512,1024,3892,4096,8192,8192,3105,4096,8192,16384,802,8192,8192,8192,32,2048,2048,4096,798,512,1024,1024,3088,1024,2048,2048,518,4096,4096,4096,13,512,131072,262144,40467,1048576,2097152,2097152,41,1048576,1048576,1048576,41,524288,524288,524288,41,1024,2048,2048,41,64,65536,65536,41,256,512,1024,4898,256,512,1024,4754,256,512,1024,250506,256,512,1024,27945,128,512,512,4410,256,512,1024,6570,512,1024,2048,1412,256,512,1024,1394,128,512,1024,25758,128,512,1024,3285,128,512,1024,450,128,512,512,288,256,512,1024,288,256,512,1024,117,1024,2048,2048,18,1024,1024,1024,17,64,128,128,35,64,128,128,20,8192,131072,131072,20,19.32,12.03,7.29,17,32,20,798,98,94,0,262144,262144,262144,262144,262144,16,65536,131072,131072,131072,131072,32,65536,131072,131072,131072,131072,20,65536,131072,262144,524288,524288,803,131072,131072,262144,262144,524288,98,65536,131072,131072,131072,131072,94,0,0,0,0,0,0,0,0,0,0,0,0,0,0,0,0,0,0,0,0,0,0,0,0,0,0,0,0,0,0,0,0,0,0,0,0,0,0,29849,34641,53977,0,41,20,0
41987649373100,3936,4096,4096,16384,27949,512,512,1024,4011,4096,8192,8192,3160,4096,16384,32768,808,8192,8192,8192,34,2048,2048,4096,776,512,1024,1024,3163,1024,2048,2048,535,4096,4096,4096,10,1024,131072,262144,40854,1048576,2097152,2097152,41,1048576,1048576,1048576,41,524288,524288,524288,41,1024,2048,2048,41,64,32768,65536,41,256,512,1024,5141,256,512,1024,4925,256,512,1024,251541,256,512,1024,28440,128,512,512,4813,256,512,1024,6525,512,1024,2048,1508,256,512,1024,1535,128,512,1024,25416,128,512,1024,3384,256,512,1024,576,128,512,512,333,128,512,512,306,256,512,1024,90,1024,2048,2048,21,1024,1024,1024,23,64,64,256,44,64,64,64,21,16384,65536,131072,21,15.00,8.64,6.35,23,34,25,776,83,89,0,262144,262144,262144,262144,262144,24,65536,131072,131072,131072,131072,34,65536,131072,131072,131072,131072,25,65536,131072,262144,262144,4194304,776,65536,131072,131072,131072,262144,83,65536,131072,131072,131072,262144,89,0,0,0,0,0,0,0,0,0,0,0,0,0,0,0,0,0,0,0,0,0,0,0,0,0,0,0,0,0,0,0,0,0,0,0,0,0,0,29063,34413,54137,3,41,21,0
41988667314200,3947,4096,4096,16384,27636,512,512,1024,3756,4096,8192,8192,3044,4096,8192,16384,765,8192,8192,8192,29,2048,2048,4096,814,512,1024,1024,3084,1024,2048,2048,512,4096,8192,8192,13,512,131072,262144,40022,1048576,2097152,2097152,41,1048576,1048576,1048576,41,524288,524288,524288,41,1024,2048,2048,41,64,65536,131072,41,256,512,1024,4955,256,512,1024,4856,256,512,1024,248724,256,512,1024,27396,128,512,1024,4424,256,512,1024,5895,512,1024,2048,1503,256,512,1024,1395,256,512,1024,26055,128,512,1024,3006,128,512,512,435,128,512,1024,261,256,512,512,261,256,1024,1024,117,2048,2048,2048,15,1024,1024,1024,12,64,64,64,27,64,128,128,20,8192,32768,32768,20,16.77,9.86,6.91,12,29,23,814,85,93,0,262144,262144,262144,262144,262144,12,131072,131072,131072,131072,131072,29,65536,131072,131072,131072,131072,23,65536,131072,131072,524288,524288,814,131072,131072,131072,131072,131072,85,65536,131072,131072,131072,131072,93,0,0,0,0,0,0,0,0,0,0,0,0,0,0,0,0,0,0,0,0,0,0,0,0,0,0,0,0,0,0,0,0,0,0,0,0,0,0,29755,34848,53757,171,41,20,0
41989687857400,3967,4096,4096,16384,28274,512,512,1024,4153,4096,8192,8192,3213,4096,8192,16384,851,8192,16384,16384,30,2048,2048,4096,818,512,1024,1024,3253,1024,2048,2048,543,4096,8192,8192,26,256,131072,262144,41552,1048576,2097152,2097152,40,1048576,1048576,1048576,40,524288,524288,524288,40,1024,2048,2048,40,128,65536,262144,40,256,512,1024,4756,256,512,1024,4576,256,512,1024,254466,256,512,1024,28917,128,512,1024,4640,256,512,1024,6714,512,1024,2048,1539,256,512,1024,1476,256,512,1024,25371,128,512,1024,3105,128,512,1024,540,128,512,1024,306,256,512,1024,270,256,1024,1024,234,1024,2048,2048,17,1024,1024,1024,19,64,64,64,36,64,128,128,20,16384,131072,131072,20,18.07,10.46,7.62,19,30,21,818,83,78,0,262144,262144,262144,262144,524288,19,65536,131072,131072,131072,131072,29,65536,131072,131072,131072,131072,20,65536,131072,131072,262144,262144,802,65536,131072,131072,131072,131072,83,65536,131072,131072,131072,131072,78,0,0,0,0,0,0,0,0,0,0,0,0,0,0,0,0,0,0,0,0,0,0,0,0,0,0,0,0,0,0,0,0,0,0,0,0,18,0,28929,35267,54635,0,40,20,0
41990703309500,3978,4096,8192,16384,27786,512,512,1024,4019,4096,8192,8192,3207,4096,8192,16384,815,8192,8192,8192,34,2048,2048,4096,811,512,1024,1024,3176,1024,2048,2048,536,4096,4096,4096,18,512,131072,262144,40809,1048576,2097152,2097152,41,1048576,1048576,1048576,41,524288,524288,524288,41,1024,2048,2048,41,64,32768,65536,41,256,512,1024,5441,256,512,1024,5342,256,512,1024,250074,256,512,1024,28863,128,512,1024,4590,256,512,1024,6525,512,1024,2048,1425,256,512,1024,1533,256,512,1024,27765,256,512,1024,3060,256,512,1024,465,256,512,512,288,256,512,1024,306,256,512,1024,162,1024,2048,2048,12,1024,1024,1024,12,64,64,64,24,64,128,128,21,128,65536,131072,21,16.99,10.27,6.72,12,34,16,811,72,85,0,262144,262144,262144,262144,262144,11,65536,131072,131072,131072,131072,35,65536,131072,131072,131072,131072,17,65536,131072,131072,524288,524288,823,131072,131072,131072,131072,131072,72,65536,131072,131072,131072,131072,85,0,0,0,0,0,0,0,0,0,0,0,0,0,0,0,0,0,0,0,0,0,0,0,0,0,0,0,0,0,0,0,0,0,0,0,0,5,0,28588,34103,55738,0,41,21,0
41991718777100,3988,4096,4096,16384,28180,512,512,1024,3859,4096,8192,8192,3158,4096,8192,16384,790,8192,8192,8192,32,2048,4096,4096,801,512,1024,1024,3131,1024,2048,2048,562,4096,8192,8192,23,1024,131072,262144,40945,1048576,2097152,2097152,40,1048576,1048576,1048576,40,524288,524288,524288,40,1024,2048,2048,40,64,65536,65536,40,256,512,1024,5233,256,512,1024,5143,256,512,1024,253620,256,512,1024,28422,128,512,1024,4737,256,512,1024,6120,512,1024,2048,1389,256,512,1024,1380,256,512,1024,25011,128,512,1024,3393,256,512,1024,534,256,512,1024,288,256,512,1024,288,256,1024,1024,207,1024,2048,2048,9,1024,1024,1024,10,64,64,64,19,64,64,64,20,256,65536,65536,20,16.17,9.06,7.12,10,32,21,801,93,93,0,262144,262144,262144,262144,262144,11,65536,131072,131072,131072,131072,32,65536,131072,131072,131072,262144,21,65536,131072,262144,262144,262144,805,131072,131072,131072,131072,131072,93,65536,131072,131072,131072,131072,93,0,0,0,0,0,0,0,0,0,0,0,0,0,0,0,0,0,0,0,0,0,0,0,0,0,0,0,0,0,0,0,0,0,0,0,0,0,0,29125,34263,55019,0,40,20,0
41992736652400,3939,4096,4096,16384,28201,256,512,1024,4087,4096,8192,8192,3176,4096,8192,16384,758,8192,8192,16384,39,2048,2048,4096,800,512,1024,1024,3195,1024,2048,2048,511,4096,8192,8192,18,1024,131072,262144,41243,1048576,2097152,2097152,41,1048576,1048576,1048576,41,524288,524288,524288,41,1024,2048,2048,41,64,16384,65536,42,256,512,1024,5243,256,512,1024,5684,256,512,1024,253809,256,512,1024,28584,128,512,512,4458,256,512,1024,6552,512,1024,2048,1490,256,512,1024,1400,256,512,1024,25569,128,512,1024,3168,128,512,1024,369,128,512,1024,324,256,512,1024,351,256,512,1024,162,1024,1024,1024,10,512,1024,1024,11,64,64,64,21,64,128,128,21,128,65536,131072,21,17.10,11.40,5.70,11,39,21,800,96,92,60,262144,262144,262144,262144,262144,11,65536,131072,131072,131072,131072,39,65536,131072,131072,131072,131072,21,65536,131072,131072,262144,262144,800,131072,131072,131072,131072,262144,94,65536,131072,131072,131072,262144,87,131072,262144,262144,262144,262144,60,0,0,0,0,0,0,0,0,0,0,0,0,0,0,0,0,0,0,0,0,0,0,0,0,0,0,0,0,0,0,7,0,29024,34515,53383,0,41,21,0
41993756054600,3940,4096,4096,16384,28197,512,512,1024,4005,4096,8192,8192,3130,4096,8192,16384,784,8192,8192,8192,27,2048,2048,4096,817,512,1024,1024,3193,1024,2048,2048,550,4096,8192,8192,18,1024,131072,262144,41131,1048576,2097152,2097152,41,1048576,1048576,1048576,41,524288,524288,1048576,41,1024,1024,2048,41,64,65536,131072,40,256,512,1024,5111,256,512,1024,5102,256,512,1024,253773,256,512,1024,28170,128,512,512,4598,256,512,1024,6489,512,1024,2048,1407,256,512,1024,1344,128,512,1024,26523,128,512,1024,3132,128,512,512,477,256,512,1024,243,256,512,1024,243,256,512,1024,162,0,0,0,0,0,0,0,0,0,0,0,0,64,128,128,20,128,256,256,20,15.75,8.91,6.84,0,27,10,817,85,63,0,0,0,0,0,0,0,65536,131072,131072,131072,131072,27,65536,131072,131072,131072,131072,10,65536,131072,131072,131072,262144,816,131072,131072,131072,131072,131072,87,65536,131072,131072,131072,131072,68,0,0,0,0,0,0,0,0,0,0,0,0,0,0,0,0,0,0,0,0,0,0,0,0,0,0,0,0,0,0,0,0,0,0,0,0,1,0,29511,35440,55609,0,41,20,0
41994774284700,3887,4096,4096,16384,27660,512,512,1024,3908,4096,8192,8192,3118,4096,8192,16384,812,8192,8192,16384,29,2048,2048,4096,746,512,1024,1024,3148,1024,2048,2048,521,4096,8192,8192,9,1024,131072,262144,40363,1048576,2097152,2097152,41,1048576,1048576,1048576,41,524288,524288,524288,41,1024,1024,2048,41,128,65536,65536,41,256,512,1024,5041,256,512,1024,5518,256,512,1024,248940,256,512,1024,28062,128,512,1024,4584,128,512,1024,6696,512,1024,2048,1485,256,512,1024,1521,256,512,1024,26415,128,512,1024,3267,128,512,1024,555,256,512,1024,315,256,512,1024,261,256,512,1024,81,2048,2048,2048,8,1024,1024,1024,7,64,64,64,15,64,128,128,20,128,32768,32768,20,18.47,10.06,8.41,7,29,19,746,84,115,60,262144,262144,262144,262144,524288,7,65536,131072,131072,131072,131072,29,65536,131072,131072,131072,131072,19,65536,131072,131072,262144,262144,747,131072,131072,131072,131072,131072,84,65536,131072,131072,131072,131072,115,131072,262144,262144,262144,262144,60,0,0,0,0,0,0,0,0,0,0,0,0,0,0,0,0,0,0,0,0,0,0,0,0,0,0,0,0,0,0,0,0,29222,34355,53753,0,41,20,0
41995790324100,3897,4096,4096,16384,27897,512,512,1024,3951,4096,8192,8192,3127,4096,8192,16384,774,8192,8192,8192,28,2048,4096,4096,805,512,1024,1024,3075,1024,2048,2048,531,4096,4096,4096,17,1024,131072,262144,40645,1048576,2097152,2097152,41,1048576,1048576,1048576,41,524288,524288,524288,41,1024,2048,2048,41,64,65536,65536,41,256,512,1024,5336,256,512,1024,5246,256,512,1024,251080,128,512,1024,28143,128,512,512,4678,128,512,1024,6651,512,1024,2048,1308,256,512,1024,1362,128,512,1024,25479,128,512,1024,3213,128,512,1024,648,128,512,512,225,256,512,1024,252,256,1024,1024,153,1024,2048,2048,11,1024,1024,1024,10,64,64,64,21,64,128,128,21,128,131072,131072,21,18.09,10.70,7.39,10,28,8,805,87,86,0,262144,262144,262144,262144,262144,10,65536,131072,131072,131072,131072,28,65536,131072,131072,131072,131072,8,65536,131072,131072,262144,262144,804,131072,131072,131072,131072,131072,87,65536,131072,131072,131072,131072,86,0,0,0,0,0,0,0,0,0,0,0,0,0,0,0,0,0,0,0,0,0,0,0,0,0,0,0,0,0,0,0,0,0,0,0,0,0,0,28630,34134,53451,0,41,21,0
41996805847500,3916,4096,4096,16384,27761,512,512,1024,3887,4096,8192,8192,3154,4096,8192,16384,777,8192,8192,8192,30,2048,2048,4096,820,512,1024,1024,3107,1024,2048,2048,541,4096,4096,4096,24,1024,131072,262144,40465,1048576,2097152,2097152,40,1048576,1048576,1048576,40,524288,524288,524288,40,1024,2048,2048,40,64,131072,131072,40,256,512,1024,5101,256,512,1024,4930,256,512,1024,249842,128,512,1024,28386,128,512,1024,4766,256,512,1024,6147,512,1024,1024,1430,256,512,1024,1421,128,512,1024,25443,128,512,1024,3042,128,512,512,612,128,512,512,261,256,512,1024,270,256,512,512,216,1024,2048,2048,20,1024,1024,1024,20,64,128,128,40,64,128,128,20,16384,131072,131072,20,16.50,9.54,6.96,20,30,7,820,84,91,0,262144,262144,262144,262144,524288,20,65536,131072,131072,131072,131072,30,65536,131072,131072,131072,131072,7,65536,131072,131072,524288,1048576,819,131072,131072,131072,131072,262144,84,65536,131072,131072,131072,131072,91,0,0,0,0,0,0,0,0,0,0,0,0,0,0,0,0,0,0,0,0,0,0,0,0,0,0,0,0,0,0,0,0,0,0,0,0,2,0,28683,33870,55091,0,40,20,0
41997823882000,3939,4096,4096,16384,28497,512,512,1024,3946,4096,8192,8192,3182,4096,8192,16384,809,8192,8192,8192,34,2048,4096,4096,809,512,1024,1024,3220,1024,2048,2048,530,4096,4096,4096,17,2048,131072,262144,41431,1048576,2097152,2097152,41,1048576,1048576,1048576,41,524288,524288,524288,41,1024,1024,2048,41,64,65536,65536,41,256,512,1024,5493,256,512,1024,5286,256,512,1024,256473,256,512,1024,28638,128,512,512,4813,256,512,1024,6462,512,1024,2048,1589,256,512,1024,1454,256,512,1024,27414,128,512,1024,3204,128,512,1024,567,256,512,1024,261,256,512,1024,306,256,512,1024,153,2048,2048,2048,24,1024,1024,1024,23,64,64,64,47,64,128,128,20,16384,131072,131072,20,17.53,10.75,6.78,23,34,6,809,95,72,0,262144,262144,262144,262144,262144,23,131072,131072,131072,131072,131072,34,65536,131072,131072,131072,131072,6,65536,131072,131072,262144,262144,809,131072,131072,131072,131072,131072,95,65536,131072,131072,131072,131072,72,0,0,0,0,0,0,0,0,0,0,0,0,0,0,0,0,0,0,0,0,0,0,0,0,0,0,0,0,0,0,0,0,0,0,0,0,2,0,29102,34894,53615,0,41,20,0
41998842603000,3963,4096,4096,16384,27815,512,512,1024,3914,4096,8192,8192,3120,4096,8192,16384,832,8192,8192,8192,30,2048,2048,4096,766,512,1024,1024,3173,1024,2048,2048,532,4096,4096,4096,16,1024,131072,262144,40634,1048576,2097152,2097152,40,1048576,1048576,1048576,40,524288,524288,1048576,40,512,2048,2048,40,64,32768,65536,40,256,512,1024,5354,256,512,1024,5138,256,512,1024,250335,256,512,1024,28080,128,512,512,4932,128,512,1024,6858,512,1024,2048,1470,256,512,1024,1605,256,512,1024,27495,128,512,1024,3051,128,512,512,453,128,512,512,324,256,512,1024,270,256,1024,1024,144,2048,2048,2048,24,1024,1024,1024,25,64,128,2048,49,64,128,128,20,16384,65536,65536,20,15.01,9.88,5.13,25,30,11,766,91,92,0,262144,262144,262144,262144,262144,25,65536,131072,131072,131072,131072,30,65536,131072,131072,131072,524288,11,65536,131072,131072,262144,262144,766,131072,131072,131072,131072,131072,91,65536,131072,131072,131072,262144,92,0,0,0,0,0,0,0,0,0,0,0,0,0,0,0,0,0,0,0,0,0,0,0,0,0,0,0,0,0,0,0,0,0,0,0,0,2,0,28954,34143,54096,0,40,20,0
41999859465700,3981,4096,4096,16384,28143,512,512,1024,3939,4096,8192,8192,3127,4096,8192,16384,800,8192,8192,8192,32,2048,2048,4096,781,512,1024,1024,3141,1024,2048,2048,546,4096,8192,8192,23,2048,131072,262144,40927,1048576,2097152,2097152,41,1048576,1048576,1048576,41,524288,524288,524288,41,1024,2048,2048,41,64,32768,32768,41,256,512,1024,5639,256,512,1024,5477,256,512,1024,253287,256,512,1024,28143,128,512,512,4740,256,512,1024,6516,512,1024,1024,1497,256,512,1024,1506,256,512,1024,26658,128,512,1024,3366,128,512,1024,476,128,512,512,306,256,512,1024,288,256,512,1024,207,2048,2048,2048,17,1024,1024,1024,16,64,64,64,33,64,128,128,21,256,65536,131072,21,16.47,9.70,6.77,16,32,6,781,100,93,0,262144,262144,262144,262144,524288,16,65536,131072,131072,131072,131072,32,65536,131072,131072,131072,131072,6,65536,131072,131072,262144,1048576,783,131072,131072,131072,131072,131072,100,65536,131072,131072,131072,131072,93,0,0,0,0,0,0,0,0,0,0,0,0,0,0,0,0,0,0,0,0,0,0,0,0,0,0,0,0,0,0,0,0,0,0,0,0,0,0,28398,34249,54528,0,41,21,0
42000874148000,3993,4096,4096,16384,28107,512,512,1024,3957,4096,8192,8192,3150,4096,8192,16384,782,8192,8192,8192,26,2048,2048,4096,858,512,1024,1024,3158,1024,2048,2048,523,4096,4096,4096,28,1024,131072,262144,40984,1048576,2097152,2097152,41,1048576,1048576,1048576,41,524288,524288,524288,41,1024,2048,2048,41,64,32768,32768,41,256,512,1024,5273,256,512,1024,5165,256,512,1024,252966,256,512,1024,28350,128,512,512,4408,256,512,1024,6813,512,1024,2048,1578,256,512,1024,1488,256,512,1024,28224,256,512,1024,3132,128,512,1024,498,128,512,512,207,256,512,512,234,256,1024,1024,252,1024,2048,2048,11,1024,1024,1024,12,64,64,64,23,64,128,128,20,256,32768,32768,20,13.62,7.71,5.91,12,26,5,858,86,90,0,262144,524288,524288,524288,524288,12,65536,131072,131072,131072,131072,26,65536,131072,131072,131072,131072,5,65536,131072,131072,262144,262144,855,131072,131072,131072,131072,131072,86,65536,131072,131072,131072,131072,90,0,0,0,0,0,0,0,0,0,0,0,0,0,0,0,0,0,0,0,0,0,0,0,0,0,0,0,0,0,0,0,0,0,0,0,0,3,0,29049,34420,55067,0,41,20,0
42001894264200,4000,4096,4096,16384,28474,512,512,1024,4009,4096,8192,8192,3216,4096,8192,16384,793,8192,8192,8192,27,2048,2048,4096,822,512,1024,1024,3188,1024,2048,2048,528,4096,4096,4096,16,2048,131072,262144,41461,1048576,2097152,2097152,41,1048576,1048576,1048576,41,524288,524288,524288,41,1024,2048,2048,41,128,131072,131072,41,256,512,1024,5396,256,512,1024,5333,256,512,1024,256263,128,512,1024,28944,128,512,1024,4805,128,512,1024,6597,512,1024,2048,1476,256,512,1024,1503,128,512,1024,26721,128,512,1024,3573,128,512,1024,474,128,512,512,297,256,512,512,243,256,512,1024,144,1024,2048,2048,5,1024,1024,1024,7,64,64,64,12,64,128,128,21,128,16384,16384,21,16.32,10.33,5.99,7,27,8,822,102,82,0,262144,262144,262144,262144,262144,7,65536,131072,131072,131072,131072,27,65536,131072,131072,131072,131072,8,65536,131072,131072,262144,262144,824,131072,131072,131072,131072,262144,102,65536,131072,131072,131072,131072,82,0,0,0,0,0,0,0,0,0,0,0,0,0,0,0,0,0,0,0,0,0,0,0,0,0,0,0,0,0,0,0,0,0,0,0,0,1,0,28922,34370,54325,0,41,21,0
42002910742600,3940,4096,4096,16384,28389,256,512,1024,3936,4096,8192,8192,3179,4096,8192,16384,808,8192,8192,8192,35,2048,2048,4096,798,512,1024,1024,3190,1024,2048,2048,542,4096,4096,4096,18,512,131072,262144,41307,1048576,2097152,2097152,40,1048576,1048576,1048576,40,524288,524288,524288,40,1024,2048,2048,40,64,65536,262144,40,256,512,1024,5146,256,512,1024,5686,256,512,1024,255510,128,512,1024,28611,128,512,1024,4588,128,512,1024,6354,512,1024,1024,1343,256,512,1024,1361,128,512,1024,26226,128,512,512,3123,128,512,512,657,128,512,1024,288,256,512,1024,315,256,512,1024,162,0,0,0,0,0,0,0,0,0,0,0,0,64,128,128,20,128,256,256,20,17.18,9.87,7.31,0,35,9,798,88,81,60,0,0,0,0,0,0,65536,131072,131072,131072,131072,35,65536,131072,131072,131072,1048576,9,65536,131072,131072,262144,262144,799,65536,131072,131072,131072,262144,88,65536,131072,131072,131072,131072,81,131072,262144,262144,262144,262144,60,0,0,0,0,0,0,0,0,0,0,0,0,0,0,0,0,0,0,0,0,0,0,0,0,0,0,0,0,0,0,0,0,28850,34481,55249,0,40,20,0
42003930794300,3940,4096,4096,16384,28147,512,512,1024,3949,4096,8192,8192,3176,4096,8192,16384,835,8192,8192,16384,38,2048,2048,4096,780,512,1024,1024,3156,1024,2048,4096,553,4096,8192,8192,16,1024,131072,262144,41067,1048576,2097152,2097152,41,1048576,1048576,1048576,41,524288,524288,524288,41,1024,2048,2048,41,64,131072,262144,41,256,512,1024,5518,256,512,1024,5518,256,512,1024,253314,256,512,1024,28584,128,512,512,4727,256,512,1024,6624,512,1024,2048,1392,256,512,1024,1518,128,512,1024,26406,128,512,1024,3249,128,512,1024,597,128,512,512,315,256,512,1024,342,256,512,1024,144,0,0,0,0,0,0,0,0,0,0,0,0,64,128,128,20,128,128,128,20,15.27,8.91,6.36,0,38,11,780,105,105,0,0,0,0,0,0,0,65536,131072,131072,131072,131072,38,65536,131072,131072,131072,131072,11,65536,131072,131072,262144,262144,776,65536,131072,131072,131072,262144,105,65536,131072,131072,131072,262144,105,0,0,0,0,0,0,0,0,0,0,0,0,0,0,0,0,0,0,0,0,0,0,0,0,0,0,0,0,0,0,0,0,0,0,0,0,4,0,29507,34504,54220,0,41,20,0
42004946246000,3886,4096,4096,16384,27565,512,512,1024,3873,4096,8192,8192,3098,4096,8192,16384,813,8192,8192,8192,24,2048,2048,4096,776,512,1024,1024,3120,1024,2048,2048,525,4096,4096,4096,18,1024,131072,262144,40172,1048576,2097152,2097152,41,1048576,1048576,1048576,41,524288,524288,524288,41,512,1024,1024,41,64,65536,65536,41,256,512,1024,4952,256,512,1024,5438,256,512,1024,248085,128,512,1024,27882,128,512,512,4623,256,512,1024,6246,512,1024,1024,1383,256,512,1024,1338,128,512,1024,26604,128,512,1024,3564,128,512,512,489,128,512,512,216,256,512,512,216,256,512,1024,162,1024,2048,2048,7,1024,1024,1024,6,64,64,64,13,64,64,128,21,128,16384,32768,21,15.54,8.86,6.68,6,24,23,776,99,94,60,262144,262144,262144,262144,262144,6,65536,131072,131072,131072,131072,24,65536,131072,131072,131072,131072,23,65536,131072,131072,262144,262144,780,131072,131072,262144,262144,524288,99,65536,131072,131072,131072,131072,94,131072,262144,262144,262144,262144,60,0,0,0,0,0,0,0,0,0,0,0,0,0,0,0,0,0,0,0,0,0,0,0,0,0,0,0,0,0,0,0,0,29054,33969,53413,0,41,21,0
42005965233100,3898,4096,4096,16384,27737,256,512,1024,3875,4096,8192,8192,3097,4096,8192,16384,761,8192,8192,8192,39,2048,2048,4096,816,512,1024,2048,3102,1024,2048,2048,527,4096,4096,4096,22,512,131072,262144,40362,1048576,2097152,2097152,41,1048576,1048576,1048576,41,524288,524288,524288,41,1024,1024,2048,41,128,65536,131072,41,256,512,1024,4849,256,512,1024,4741,256,512,1024,249633,128,512,1024,27873,128,512,512,4661,256,512,1024,5841,512,1024,1024,1383,256,512,1024,1446,128,512,1024,26532,128,512,512,2934,128,512,1024,585,128,512,1024,333,256,512,1024,351,256,512,1024,198,1024,2048,2048,13,1024,1024,1024,12,64,64,64,25,64,128,128,20,128,65536,65536,20,18.17,11.05,7.11,12,39,31,816,87,93,0,262144,262144,262144,262144,262144,12,65536,131072,131072,131072,131072,39,65536,131072,131072,131072,131072,30,65536,131072,131072,262144,524288,814,65536,131072,131072,131072,131072,87,65536,131072,131072,131072,131072,93,0,0,0,0,0,0,0,0,0,0,0,0,0,0,0,0,0,0,0,0,0,0,0,0,0,0,0,0,0,0,0,0,0,0,0,0,3,0,29715,34289,53461,0,41,20,0
42006981148900,3921,4096,4096,16384,27998,512,512,1024,3897,4096,8192,8192,3207,4096,8192,16384,787,8192,8192,8192,37,2048,2048,4096,808,512,1024,4096,3180,1024,2048,2048,529,4096,4096,4096,14,512,131072,262144,40909,1048576,2097152,2097152,40,1048576,1048576,1048576,40,524288,524288,524288,40,1024,2048,2048,40,64,65536,131072,40,256,512,1024,5221,256,512,1024,5014,256,512,1024,251982,256,512,1024,28863,128,512,512,4519,256,512,1024,6570,512,1024,2048,1359,256,512,1024,1449,256,512,1024,25569,128,512,1024,3393,128,512,1024,539,128,512,512,360,256,512,1024,333,256,512,1024,126,1024,2048,2048,24,1024,1024,1024,25,64,64,64,49,64,256,256,20,16384,131072,131072,20,16.30,9.18,7.11,25,37,41,808,89,84,0,262144,262144,262144,262144,262144,25,65536,131072,131072,131072,131072,37,65536,131072,131072,131072,131072,42,65536,131072,131072,262144,262144,810,131072,131072,131072,131072,131072,89,65536,131072,131072,131072,131072,84,0,0,0,0,0,0,0,0,0,0,0,0,0,0,0,0,0,0,0,0,0,0,0,0,0,0,0,0,0,0,0,0,0,0,0,0,0,0,32319,36760,53154,0,40,20,0
42008000418400,3948,4096,4096,16384,26521,512,512,1024,3901,4096,8192,8192,3068,4096,16384,16384,764,8192,8192,8192,32,2048,2048,4096,773,512,1024,4096,3080,1024,2048,2048,506,4096,4096,4096,18,1024,131072,262144,39077,1048576,2097152,2097152,41,1048576,1048576,1048576,41,524288,524288,524288,41,1024,2048,2048,41,64,65536,131072,41,256,512,1024,5373,256,512,1024,5130,256,512,1024,238689,256,512,1024,27612,128,512,1024,4627,256,512,1024,6318,512,1024,1024,1416,256,512,1024,1524,256,512,1024,26856,128,512,1024,3231,256,512,1024,564,256,512,1024,252,256,512,512,288,256,512,1024,162,1024,2048,2048,28,1024,1024,1024,26,64,64,64,54,64,128,128,21,16384,65536,131072,21,17.35,9.06,8.29,26,32,49,773,98,69,0,262144,262144,262144,262144,262144,26,65536,131072,131072,131072,262144,32,65536,131072,131072,131072,131072,49,65536,131072,131072,262144,262144,772,131072,131072,131072,131072,131072,98,65536,131072,131072,131072,131072,69,0,0,0,0,0,0,0,0,0,0,0,0,0,0,0,0,0,0,0,0,0,0,0,0,0,0,0,0,0,0,0,0,0,0,0,0,1,0,31748,35300,54850,0,41,21,0
42009016921800,3969,4096,4096,16384,28587,256,512,1024,3951,4096,8192,8192,3202,4096,8192,16384,813,8192,8192,8192,24,2048,2048,4096,820,512,1024,4096,3254,1024,2048,2048,569,4096,4096,4096,8,1024,131072,262144,41641,1048576,2097152,2097152,40,1048576,1048576,1048576,40,524288,524288,524288,40,1024,1024,1024,40,128,131072,131072,40,256,512,1024,5425,256,512,1024,5236,256,512,1024,257287,256,512,1024,28818,128,512,1024,4563,256,512,1024,6732,512,1024,1024,1497,256,512,1024,1335,128,512,1024,24066,128,512,1024,3186,128,512,512,537,128,512,512,261,256,512,1024,216,256,512,1024,72,1024,2048,2048,21,1024,1024,1024,21,64,64,64,42,64,128,128,20,16384,65536,65536,20,16.80,9.62,7.18,21,24,51,820,105,111,0,262144,262144,262144,262144,262144,21,65536,131072,131072,131072,262144,24,65536,131072,131072,131072,262144,51,65536,131072,131072,262144,524288,815,131072,131072,131072,131072,131072,105,65536,131072,131072,262144,262144,111,0,0,0,0,0,0,0,0,0,0,0,0,0,0,0,0,0,0,0,0,0,0,0,0,0,0,0,0,0,0,0,0,0,0,0,0,6,0,27371,34673,55369,0,40,20,0
42010039176800,3985,4096,4096,16384,28717,256,512,1024,3959,4096,8192,8192,3184,4096,8192,16384,745,8192,8192,8192,34,2048,2048,4096,801,512,1024,4096,3175,1024,2048,2048,523,4096,8192,8192,23,1024,131072,262144,41585,1048576,2097152,2097152,41,1048576,1048576,1048576,41,524288,524288,524288,41,1024,1024,2048,41,128,65536,262144,41,256,512,1024,4946,256,512,1024,4802,256,512,1024,258449,128,512,1024,28656,128,512,512,4564,256,512,1024,6489,512,1024,2048,1463,256,512,1024,1490,256,512,1024,26334,256,512,1024,3132,128,512,512,519,128,512,512,306,256,512,1024,306,256,512,1024,207,1024,2048,2048,14,1024,1024,1024,16,64,64,128,30,64,128,128,20,16384,65536,65536,20,17.90,10.99,6.90,16,34,68,801,87,93,0,262144,262144,262144,262144,262144,16,65536,131072,131072,131072,131072,34,65536,131072,131072,131072,131072,68,65536,131072,131072,262144,262144,807,65536,131072,131072,131072,262144,87,65536,131072,131072,131072,262144,93,0,0,0,0,0,0,0,0,0,0,0,0,0,0,0,0,0,0,0,0,0,0,0,0,0,0,0,0,0,0,0,0,0,0,0,0,0,0,28628,34558,55746,0,41,20,0
42011052144900,3995,4096,4096,16384,27910,512,512,1024,3951,4096,8192,8192,3110,4096,8192,16384,778,8192,8192,8192,30,2048,2048,4096,794,512,1024,4096,3148,1024,2048,2048,544,4096,4096,4096,16,1024,131072,262144,40654,1048576,2097152,2097152,41,1048576,1048576,1048576,41,524288,524288,524288,41,1024,1024,2048,41,64,65536,131072,41,256,512,1024,5146,256,512,1024,5056,256,512,1024,251195,256,512,1024,27990,128,512,1024,4632,128,512,1024,6381,512,1024,2048,1329,256,512,1024,1302,128,512,1024,26154,128,512,1024,3132,128,512,1024,543,128,512,512,252,256,512,1024,270,256,512,1024,144,2048,2048,2048,10,1024,1024,1024,9,64,64,64,19,64,128,128,21,128,16384,16384,21,18.11,10.21,7.91,9,30,61,794,107,93,0,262144,262144,262144,262144,524288,9,65536,131072,131072,131072,131072,30,65536,131072,131072,131072,262144,61,65536,131072,131072,262144,524288,794,65536,131072,131072,131072,131072,107,65536,131072,131072,131072,131072,93,0,0,0,0,0,0,0,0,0,0,0,0,0,0,0,0,0,0,0,0,0,0,0,0,0,0,0,0,0,0,0,0,0,0,0,0,0,0,28757,33778,53624,0,41,21,0
42012069322500,4000,4096,8192,16384,28913,512,512,1024,3989,4096,8192,8192,3263,4096,8192,16384,870,8192,8192,8192,22,2048,2048,4096,826,512,1024,4096,3269,1024,2048,2048,561,4096,4096,4096,21,1024,131072,262144,42122,1048576,2097152,2097152,41,1048576,1048576,1048576,41,524288,524288,524288,41,512,1024,1024,41,128,131072,131072,41,256,512,1024,5288,256,512,1024,5243,256,512,1024,260212,256,512,1024,29367,128,512,1024,5169,256,512,1024,7173,512,1024,2048,1572,256,512,1024,1410,256,512,1024,26874,128,512,1024,3411,256,512,1024,396,256,512,1024,198,256,512,1024,198,256,512,1024,189,1024,2048,2048,3,1024,1024,1024,5,64,64,64,8,64,128,128,20,128,131072,131072,20,18.73,11.72,7.01,5,22,56,826,82,85,0,262144,262144,262144,262144,262144,5,65536,131072,131072,131072,131072,22,65536,131072,131072,131072,262144,56,65536,131072,131072,262144,262144,824,131072,131072,131072,131072,131072,82,65536,131072,131072,131072,131072,85,0,0,0,0,0,0,0,0,0,0,0,0,0,0,0,0,0,0,0,0,0,0,0,0,0,0,0,0,0,0,0,0,0,0,0,0,2,0,29371,34563,54095,0,41,20,0
42013087029700,3940,4096,8192,16384,28559,256,512,1024,3938,4096,8192,8192,3182,4096,8192,16384,817,8192,8192,16384,27,2048,2048,4096,784,512,1024,2048,3118,1024,2048,2048,526,4096,8192,8192,20,2048,131072,262144,41315,1048576,2097152,2097152,40,1048576,1048576,1048576,40,524288,524288,524288,40,1024,2048,2048,40,64,8192,65536,41,256,512,1024,5047,256,512,1024,5587,256,512,1024,257031,256,512,1024,28638,128,512,1024,4625,256,512,1024,6615,512,1024,2048,1446,256,512,1024,1329,256,512,1024,26946,256,512,1024,3285,128,512,1024,627,128,512,512,261,256,512,1024,243,256,512,1024,180,0,0,0,0,0,0,0,0,0,0,0,0,64,64,64,21,128,256,256,21,16.50,9.72,6.78,0,27,40,784,92,100,60,0,0,0,0,0,0,65536,131072,131072,131072,131072,27,65536,131072,131072,131072,131072,40,65536,131072,131072,262144,262144,785,131072,131072,131072,131072,262144,89,65536,131072,131072,131072,131072,98,131072,262144,262144,262144,262144,60,0,0,0,0,0,0,0,0,0,0,0,0,0,0,0,0,0,0,0,0,0,0,0,0,0,0,0,0,0,0,5,0,28908,34828,53888,0,40,21,0
42014104665200,3940,4096,4096,16384,28184,256,512,1024,3938,4096,8192,8192,3155,4096,8192,16384,795,8192,8192,8192,29,2048,2048,4096,824,512,1024,4096,3180,1024,2048,2048,550,4096,4096,4096,15,1024,131072,262144,41067,1048576,2097152,2097152,41,1048576,1048576,1048576,41,524288,524288,524288,41,1024,1024,1024,41,64,65536,65536,40,256,512,1024,5262,256,512,1024,5262,256,512,1024,253656,128,512,1024,28395,128,512,512,4620,128,512,1024,6579,512,1024,1024,1410,256,512,1024,1500,128,512,1024,24687,128,512,1024,3078,128,512,512,498,256,512,1024,297,256,512,1024,261,256,512,1024,135,0,0,0,0,0,0,0,0,0,0,0,0,64,128,128,20,128,128,128,20,15.75,8.71,7.04,0,29,56,824,90,98,0,0,0,0,0,0,0,65536,131072,131072,131072,131072,29,65536,131072,131072,131072,131072,56,65536,131072,131072,4194304,4194304,820,131072,131072,131072,131072,262144,93,65536,131072,131072,131072,131072,100,0,0,0,0,0,0,0,0,0,0,0,0,0,0,0,0,0,0,0,0,0,0,0,0,0,0,0,0,0,0,0,0,0,0,0,0,4,0,28671,34537,54506,0,41,20,0
42015122508700,3887,4096,4096,16384,28247,256,512,1024,3874,4096,8192,8192,3166,4096,8192,16384,835,8192,8192,8192,38,2048,2048,4096,798,512,1024,4096,3210,1024,2048,2048,543,4096,4096,4096,16,1024,131072,262144,41148,1048576,2097152,2097152,41,1048576,1048576,1048576,41,524288,524288,524288,41,1024,2048,2048,41,64,65536,131072,41,256,512,1024,5197,256,512,1024,5674,256,512,1024,254223,128,512,1024,28494,128,512,1024,4737,128,512,1024,6570,512,1024,1024,1353,256,512,1024,1497,128,512,1024,26226,128,512,1024,3177,128,512,512,537,128,512,1024,369,256,512,512,342,256,512,1024,144,2048,2048,2048,9,1024,1024,1024,7,64,64,64,16,64,128,128,20,128,131072,131072,20,17.30,10.71,6.58,7,38,51,798,94,94,60,262144,262144,262144,262144,262144,7,65536,131072,131072,131072,131072,38,65536,131072,131072,131072,131072,51,65536,131072,131072,262144,262144,803,131072,131072,131072,131072,131072,94,65536,131072,131072,131072,262144,94,131072,262144,524288,524288,524288,60,0,0,0,0,0,0,0,0,0,0,0,0,0,0,0,0,0,0,0,0,0,0,0,0,0,0,0,0,0,0,0,0,29700,35077,54155,0,41,20,0
42016140649000,3902,4096,4096,16384,27071,512,512,1024,3849,4096,8192,8192,2988,4096,8192,16384,751,8192,8192,8192,38,2048,2048,4096,761,512,1024,4096,3018,1024,2048,2048,488,4096,8192,8192,17,1024,131072,262144,39391,1048576,2097152,2097152,40,1048576,1048576,1048576,40,524288,524288,524288,40,1024,2048,2048,40,128,65536,65536,40,256,512,1024,4876,256,512,1024,4741,256,512,1024,243639,128,512,1024,26892,128,512,1024,4383,128,512,1024,6327,512,1024,2048,1494,256,512,1024,1431,128,512,1024,24957,128,512,1024,3096,128,512,1024,579,128,512,1024,324,256,512,1024,342,256,1024,1024,153,1024,2048,2048,14,512,1024,1024,15,64,64,64,29,64,128,128,20,8192,65536,65536,20,16.36,10.61,5.75,15,38,58,761,94,101,0,262144,262144,262144,262144,262144,15,65536,131072,131072,131072,131072,38,65536,131072,131072,131072,131072,58,65536,131072,262144,262144,524288,761,65536,131072,262144,262144,262144,94,65536,131072,131072,131072,262144,101,0,0,0,0,0,0,0,0,0,0,0,0,0,0,0,0,0,0,0,0,0,0,0,0,0,0,0,0,0,0,0,0,0,0,0,0,0,0,28593,33375,54839,0,40,20,0
42017159430200,3923,4096,4096,16384,27756,512,512,1024,3889,4096,8192,8192,3142,4096,8192,16384,818,8192,8192,8192,37,2048,2048,4096,793,512,1024,4096,3143,1024,2048,2048,511,4096,4096,4096,20,1024,131072,262144,40503,1048576,2097152,2097152,41,1048576,1048576,1048576,41,524288,524288,1048576,41,1024,2048,2048,41,64,16384,65536,41,256,512,1024,5338,256,512,1024,5149,256,512,1024,249804,256,512,1024,28278,128,512,512,4656,128,512,1024,6192,512,1024,1024,1470,256,512,1024,1461,128,512,1024,26865,128,512,1024,3231,128,512,1024,708,256,512,512,306,256,512,512,333,256,512,1024,180,1024,2048,2048,23,1024,1024,1024,21,64,64,128,44,64,128,128,21,256,131072,131072,21,16.47,9.63,6.84,21,37,49,793,102,95,0,262144,262144,262144,262144,262144,21,65536,131072,131072,131072,262144,37,65536,131072,131072,131072,262144,49,65536,131072,131072,262144,262144,793,131072,131072,262144,262144,262144,102,65536,131072,262144,262144,262144,95,0,0,0,0,0,0,0,0,0,0,0,0,0,0,0,0,0,0,0,0,0,0,0,0,0,0,0,0,0,0,0,0,0,0,0,0,0,0,29087,34321,52899,0,41,21,0
42018174017400,3945,4096,4096,16384,27842,512,512,1024,3896,4096,8192,8192,3133,4096,8192,16384,800,8192,8192,8192,40,2048,2048,4096,762,512,1024,2048,3109,1024,2048,2048,546,4096,4096,4096,24,512,131072,262144,40528,1048576,2097152,2097152,41,1048576,1048576,1048576,41,524288,524288,524288,41,1024,2048,2048,41,64,65536,131072,41,256,512,1024,5015,256,512,1024,4817,256,512,1024,250578,256,512,1024,28197,128,512,512,4667,256,512,1024,6570,512,1024,1024,1437,256,512,1024,1491,128,512,1024,26928,128,512,1024,3429,128,512,1024,480,128,512,512,324,256,512,1024,360,256,512,1024,216,1024,2048,2048,21,1024,1024,1024,22,64,64,64,43,64,128,128,20,16384,131072,131072,20,17.45,10.86,6.59,22,40,37,762,97,106,0,262144,262144,262144,262144,262144,22,65536,131072,131072,131072,524288,40,65536,131072,131072,131072,131072,37,65536,131072,262144,262144,262144,756,65536,131072,262144,262144,524288,97,65536,131072,131072,262144,262144,106,0,0,0,0,0,0,0,0,0,0,0,0,0,0,0,0,0,0,0,0,0,0,0,0,0,0,0,0,0,0,0,0,0,0,0,0,6,0,29648,34743,54391,0,41,20,0
42019194701700,3968,4096,4096,16384,28244,512,512,1024,3959,4096,8192,8192,3142,4096,8192,16384,833,8192,8192,8192,20,2048,2048,4096,825,512,1024,2048,3244,1024,2048,2048,550,4096,4096,4096,21,2048,131072,262144,41161,1048576,2097152,2097152,41,1048576,1048576,1048576,41,524288,524288,524288,41,1024,2048,2048,41,64,65536,131072,41,256,512,1024,5287,256,512,1024,5080,256,512,1024,254196,256,512,1024,28278,128,512,1024,4876,256,512,1024,6399,512,1024,2048,1602,256,512,1024,1557,256,512,1024,26829,128,512,1024,3285,256,512,1024,531,128,512,512,288,256,512,512,180,256,512,1024,189,1024,2048,2048,25,1024,1024,1024,23,64,64,64,48,64,128,128,21,16384,65536,131072,21,16.21,9.63,6.59,23,20,48,825,79,102,0,262144,262144,524288,524288,524288,23,65536,131072,131072,131072,262144,20,65536,131072,262144,262144,262144,48,65536,131072,262144,262144,262144,831,131072,131072,131072,131072,262144,79,65536,131072,131072,131072,131072,102,0,0,0,0,0,0,0,0,0,0,0,0,0,0,0,0,0,0,0,0,0,0,0,0,0,0,0,0,0,0,0,0,0,0,0,0,0,0,28846,34535,54349,0,41,21,0
42020209680700,3985,4096,4096,16384,28790,512,512,1024,3986,4096,8192,8192,3270,4096,8192,16384,802,8192,8192,8192,38,2048,2048,4096,836,512,1024,4096,3246,1024,2048,2048,529,4096,4096,4096,16,1024,131072,262144,41922,1048576,2097152,2097152,40,1048576,1048576,1048576,40,524288,1048576,1048576,40,1024,2048,2048,40,64,65536,65536,40,256,512,1024,5080,256,512,1024,4927,256,512,1024,259110,256,512,1024,29430,128,512,1024,4630,256,512,1024,6516,512,1024,2048,1383,256,512,1024,1419,128,512,1024,26649,128,512,1024,3348,128,512,512,335,128,512,512,243,128,512,1024,342,256,512,1024,144,1024,2048,2048,15,1024,1024,1024,17,64,64,64,32,64,128,128,20,16384,131072,131072,20,16.04,9.31,6.73,17,38,53,836,102,104,0,262144,262144,262144,262144,524288,17,65536,131072,131072,131072,131072,38,65536,131072,131072,131072,524288,53,65536,131072,131072,262144,524288,836,131072,131072,131072,262144,262144,102,65536,131072,262144,262144,262144,104,0,0,0,0,0,0,0,0,0,0,0,0,0,0,0,0,0,0,0,0,0,0,0,0,0,0,0,0,0,0,0,0,0,0,0,0,0,0,29026,34913,54185,0,40,20,0
42021229174200,3997,4096,4096,16384,27595,512,512,1024,3956,4096,8192,8192,3133,4096,8192,16384,800,8192,8192,8192,27,2048,2048,4096,790,512,1024,2048,3142,1024,2048,2048,564,4096,8192,8192,20,512,131072,262144,40436,1048576,2097152,2097152,41,1048576,1048576,1048576,41,524288,524288,524288,41,1024,1024,1024,41,64,65536,65536,41,256,512,1024,5258,256,512,1024,5150,256,512,1024,248355,256,512,1024,28197,128,512,1024,4593,256,512,1024,6408,512,1024,2048,1383,256,512,1024,1356,256,512,1024,25758,128,512,1024,3303,256,512,1024,504,128,512,512,243,256,512,1024,243,256,512,1024,180,2048,2048,2048,13,1024,1024,1024,13,64,64,64,26,64,128,128,20,16384,131072,131072,20,18.75,11.73,7.01,13,27,39,790,116,106,0,262144,262144,262144,262144,262144,13,65536,131072,131072,131072,131072,27,65536,131072,262144,262144,262144,39,65536,131072,262144,262144,524288,789,65536,131072,131072,262144,262144,116,65536,131072,262144,262144,262144,106,0,0,0,0,0,0,0,0,0,0,0,0,0,0,0,0,0,0,0,0,0,0,0,0,0,0,0,0,0,0,0,0,0,0,0,0,0,0,28708,34052,56281,0,41,20,0
42022244504900,4000,4096,4096,16384,28958,256,512,1024,3998,4096,8192,8192,3209,4096,8192,16384,762,8192,8192,8192,25,2048,2048,4096,797,512,1024,2048,3174,1024,2048,2048,535,4096,4096,4096,13,1024,131072,262144,41862,1048576,2097152,2097152,41,1048576,1048576,1048576,41,524288,524288,524288,41,1024,1024,2048,41,64,32768,65536,41,256,512,1024,5328,256,512,1024,5301,256,512,1024,260629,128,512,1024,28881,128,512,1024,4610,128,512,1024,6300,512,1024,2048,1301,256,512,1024,1418,256,512,1024,26127,128,512,1024,2934,256,512,1024,429,128,512,512,252,256,512,1024,225,256,512,1024,117,0,0,0,0,512,512,512,2,0,0,0,2,64,128,128,21,128,16384,16384,21,16.43,9.30,7.13,2,25,47,797,96,81,0,262144,262144,262144,262144,262144,2,65536,131072,262144,262144,262144,25,65536,131072,131072,131072,262144,47,65536,131072,262144,524288,524288,796,131072,131072,131072,131072,262144,96,65536,131072,262144,262144,262144,81,0,0,0,0,0,0,0,0,0,0,0,0,0,0,0,0,0,0,0,0,0,0,0,0,0,0,0,0,0,0,0,0,0,0,0,0,2,0,29024,34679,54315,0,41,21,0
42023262358000,3940,4096,4096,16384,27978,256,512,1024,3943,4096,8192,8192,3166,4096,8192,16384,796,8192,8192,8192,34,2048,2048,4096,792,512,1024,2048,3209,1024,2048,2048,552,4096,4096,4096,20,1024,131072,262144,40930,1048576,2097152,2097152,40,1048576,1048576,1048576,40,524288,524288,524288,40,1024,1024,2048,40,64,65536,131072,41,256,512,1024,4853,256,512,1024,5393,256,512,1024,251795,128,512,1024,28494,128,512,1024,4662,128,512,1024,6588,512,1024,1024,1433,256,512,1024,1433,128,512,1024,26766,128,512,1024,3069,128,512,512,411,128,512,1024,270,256,512,1024,306,256,512,1024,180,0,0,0,0,0,0,0,0,0,0,0,0,64,128,128,20,128,256,256,20,15.35,8.83,6.52,0,34,43,792,89,107,60,0,0,0,0,0,0,65536,131072,131072,131072,524288,34,65536,131072,131072,131072,262144,43,65536,131072,262144,262144,262144,792,131072,131072,131072,131072,131072,87,65536,131072,131072,131072,262144,103,131072,262144,524288,524288,524288,60,0,0,0,0,0,0,0,0,0,0,0,0,0,0,0,0,0,0,0,0,0,0,0,0,0,0,0,0,0,0,8,0,28399,34023,54591,0,40,20,0
42024283765200,3880,4096,8192,16384,27917,512,512,1024,3885,4096,8192,8192,3138,4096,16384,16384,764,8192,8192,16384,25,2048,4096,4096,845,512,1024,2048,3117,1024,2048,2048,537,4096,4096,4096,24,4096,131072,262144,40634,2097152,2097152,2097152,41,1048576,1048576,1048576,41,524288,524288,1048576,41,1024,1024,2048,41,128,131072,131072,40,256,1024,1024,4996,256,1024,1024,5536,256,1024,1024,251253,256,512,1024,28242,256,512,1024,4288,256,512,1024,6507,512,1024,2048,1403,256,512,1024,1295,256,512,1024,26127,256,512,1024,3240,128,512,1024,465,128,512,1024,261,256,1024,1024,225,256,512,1024,216,0,0,0,0,0,0,0,0,0,0,0,0,64,128,128,20,128,128,128,20,17.31,10.08,7.24,0,25,36,845,74,82,60,0,0,0,0,0,0,65536,131072,131072,131072,262144,25,65536,131072,262144,262144,262144,36,65536,131072,262144,524288,1048576,844,131072,131072,131072,131072,131072,76,65536,131072,262144,262144,262144,86,131072,262144,262144,262144,524288,60,0,0,0,0,0,0,0,0,0,0,0,0,0,0,0,0,0,0,0,0,0,0,0,0,0,0,0,0,0,0,3,0,28826,34317,54672,0,41,20,0
42025296467400,3889,4096,8192,16384,27550,512,512,1024,3890,4096,8192,8192,3149,4096,16384,16384,799,8192,8192,8192,31,2048,4096,4096,802,512,1024,4096,3118,1024,2048,4096,561,4096,4096,8192,24,2048,131072,262144,40336,1048576,2097152,2097152,41,1048576,1048576,1048576,41,524288,524288,1048576,41,512,2048,2048,41,64,65536,131072,41,256,512,1024,4847,256,512,1024,4766,256,512,1024,247950,256,512,1024,28341,128,512,1024,4657,256,512,1024,6642,512,1024,2048,1521,256,512,1024,1422,256,512,1024,26064,256,512,1024,3177,256,512,1024,783,256,512,1024,288,256,1024,1024,279,256,1024,1024,216,2048,2048,2048,10,1024,1024,1024,9,64,64,64,19,64,128,128,21,128,16384,32768,21,17.27,10.54,6.73,9,31,41,802,101,89,0,262144,262144,262144,262144,262144,9,65536,131072,262144,262144,524288,31,65536,131072,131072,131072,131072,41,65536,131072,262144,262144,262144,805,131072,131072,131072,131072,262144,101,65536,131072,262144,262144,262144,89,0,0,0,0,0,0,0,0,0,0,0,0,0,0,0,0,0,0,0,0,0,0,0,0,0,0,0,0,0,0,0,0,0,0,0,0,0,0,28131,33712,54126,0,41,21,0
42026319962200,3899,4096,4096,16384,27927,256,512,1024,3894,4096,8192,8192,3135,4096,8192,16384,752,8192,8192,8192,33,2048,2048,4096,759,512,1024,4096,3116,1024,2048,2048,531,4096,4096,4096,22,128,131072,262144,40578,1048576,2097152,2097152,41,1048576,1048576,1048576,41,524288,524288,524288,41,1024,1024,2048,41,64,32768,65536,41,256,512,1024,4663,256,512,1024,4573,256,512,1024,251343,128,512,1024,28215,128,512,1024,4424,128,512,1024,6255,512,1024,2048,1599,256,512,1024,1536,128,512,1024,25902,128,512,1024,3096,128,512,1024,603,128,512,1024,270,256,512,512,297,256,512,1024,198,1024,2048,2048,12,1024,1024,1024,10,64,64,64,22,64,128,128,20,128,32768,32768,20,16.53,8.90,7.63,10,33,42,759,92,86,0,262144,262144,262144,262144,262144,10,65536,131072,131072,131072,131072,33,65536,131072,131072,131072,131072,42,65536,131072,262144,262144,262144,759,131072,131072,262144,262144,262144,92,65536,131072,131072,131072,131072,86,0,0,0,0,0,0,0,0,0,0,0,0,0,0,0,0,0,0,0,0,0,0,0,0,0,0,0,0,0,0,0,0,0,0,0,0,0,0,29545,34240,53792,0,41,20,0
42027344448500,3921,4096,8192,16384,28277,512,512,1024,3927,4096,8192,16384,3114,4096,16384,16384,799,8192,8192,8192,32,2048,2048,4096,814,512,1024,2048,3206,1024,2048,2048,487,4096,8192,8192,27,2048,131072,262144,41074,1048576,2097152,2097152,40,1048576,1048576,1048576,40,524288,1048576,1048576,40,1024,2048,2048,40,64,65536,131072,40,256,512,1024,4715,256,512,1024,4517,256,512,1024,254493,256,512,1024,28026,128,512,1024,4826,256,512,1024,6435,512,1024,2048,1413,256,512,1024,1467,256,512,1024,25146,256,512,1024,3024,256,512,1024,698,128,512,1024,333,256,512,1024,288,256,1024,1024,243,1024,2048,2048,25,1024,1024,1024,24,64,64,128,49,64,128,128,20,16384,131072,131072,20,17.61,9.13,8.49,24,32,27,814,97,94,0,262144,262144,262144,262144,524288,24,65536,131072,131072,131072,262144,32,65536,131072,131072,131072,131072,27,65536,131072,262144,524288,524288,811,131072,262144,262144,262144,262144,97,65536,131072,131072,131072,262144,94,0,0,0,0,0,0,0,0,0,0,0,0,0,0,0,0,0,0,0,0,0,0,0,0,0,0,0,0,0,0,0,0,0,0,0,0,3,0,28993,35017,54101,0,40,20,0
42028367638200,3945,4096,8192,16384,27770,512,512,1024,3895,4096,8192,16384,3156,4096,8192,16384,817,8192,8192,8192,30,2048,2048,4096,771,512,1024,2048,3134,1024,2048,2048,513,4096,4096,4096,16,1024,131072,262144,40465,1048576,2097152,2097152,42,1048576,1048576,1048576,42,524288,524288,1048576,42,1024,2048,2048,42,64,65536,131072,42,256,512,1024,5475,256,512,1024,5259,256,512,1024,249930,256,512,1024,28404,128,512,1024,4689,256,512,1024,6831,512,1024,2048,1529,256,512,1024,1430,256,512,1024,27882,256,512,1024,3402,256,512,1024,627,128,512,512,225,256,512,1024,270,256,1024,1024,144,1024,2048,2048,22,1024,1024,1024,22,64,64,64,44,64,128,128,21,32768,131072,262144,21,15.99,8.31,7.68,22,30,30,771,99,96,0,262144,262144,262144,262144,524288,22,65536,131072,131072,131072,262144,30,65536,131072,131072,131072,131072,30,65536,131072,262144,262144,524288,774,131072,131072,262144,262144,262144,99,65536,131072,131072,131072,262144,96,0,0,0,0,0,0,0,0,0,0,0,0,0,0,0,0,0,0,0,0,0,0,0,0,0,0,0,0,0,0,0,0,0,0,0,0,0,0,28329,33997,54888,0,42,21,0
42029381986900,3967,4096,4096,16384,28032,512,512,1024,3934,4096,8192,8192,3133,4096,8192,16384,796,8192,8192,8192,28,2048,2048,4096,808,512,1024,2048,3134,1024,2048,2048,546,4096,8192,8192,25,1024,131072,262144,40786,1048576,2097152,2097152,40,1048576,1048576,1048576,40,524288,1048576,1048576,40,1024,2048,2048,40,64,65536,65536,40,256,512,1024,5173,256,512,1024,4975,256,512,1024,252288,256,512,1024,28197,128,512,1024,4943,256,512,1024,6399,512,1024,2048,1446,256,512,1024,1482,256,512,1024,26667,128,512,1024,3546,128,512,1024,540,256,512,1024,279,256,512,1024,252,256,512,1024,225,1024,2048,2048,22,1024,1024,1024,22,64,64,64,44,64,64,64,20,16384,65536,65536,20,16.28,9.30,6.98,22,28,29,808,81,94,0,262144,262144,262144,262144,262144,22,65536,131072,131072,131072,131072,28,65536,131072,131072,131072,131072,29,65536,131072,262144,262144,262144,804,131072,131072,262144,262144,262144,81,65536,131072,131072,131072,262144,94,0,0,0,0,0,0,0,0,0,0,0,0,0,0,0,0,0,0,0,0,0,0,0,0,0,0,0,0,0,0,0,0,0,0,0,0,4,0,28989,34210,53400,0,40,20,0
42030401563600,3990,4096,8192,16384,28480,512,512,1024,3967,4096,8192,8192,3196,4096,8192,16384,811,8192,8192,8192,33,2048,2048,4096,818,512,1024,2048,3195,1024,2048,2048,535,4096,8192,8192,15,512,131072,262144,41431,1048576,2097152,2097152,41,1048576,1048576,1048576,41,524288,524288,1048576,41,1024,2048,2048,41,64,65536,131072,41,256,512,1024,5537,256,512,1024,5330,256,512,1024,256320,256,512,1024,28764,128,512,1024,4787,256,512,1024,6678,512,1024,2048,1491,256,512,1024,1446,256,512,1024,27918,256,512,1024,3051,256,512,1024,609,128,512,1024,279,256,512,1024,297,256,512,1024,135,1024,2048,2048,21,1024,1024,2048,24,64,64,64,45,64,64,128,21,16384,131072,131072,21,16.60,10.34,6.26,24,33,32,818,102,91,0,262144,262144,524288,524288,524288,23,65536,131072,131072,131072,131072,33,65536,131072,131072,131072,262144,32,65536,131072,262144,262144,262144,820,131072,131072,262144,262144,262144,102,65536,131072,131072,131072,262144,91,0,0,0,0,0,0,0,0,0,0,0,0,0,0,0,0,0,0,0,0,0,0,0,0,0,0,0,0,0,0,0,0,0,0,0,0,3,0,30637,36239,56284,303,41,21,0
42031420278100,4000,4096,4096,16384,28017,512,512,1024,4005,4096,8192,8192,3201,4096,16384,16384,845,8192,8192,8192,36,2048,2048,4096,832,512,1024,2048,3244,1024,2048,2048,556,4096,8192,8192,28,1024,131072,262144,41158,1048576,2097152,2097152,41,1048576,1048576,2097152,41,524288,524288,1048576,41,1024,2048,2048,41,64,32768,65536,41,256,512,1024,4844,256,512,1024,4754,256,512,1024,252153,256,512,1024,28809,128,512,1024,4977,256,512,1024,6732,512,1024,2048,1365,256,512,1024,1509,256,512,1024,27288,128,512,1024,3456,128,512,1024,417,256,512,1024,387,256,512,1024,324,256,1024,1024,252,2048,2048,2048,8,1024,1024,1024,9,64,128,128,17,64,128,128,20,128,65536,65536,20,15.06,9.06,6.00,9,36,31,832,97,89,0,262144,262144,262144,262144,262144,10,65536,131072,131072,131072,131072,36,65536,131072,262144,262144,262144,31,65536,131072,262144,262144,524288,834,131072,131072,262144,262144,262144,97,65536,131072,262144,262144,262144,89,0,0,0,0,0,0,0,0,0,0,0,0,0,0,0,0,0,0,0,0,0,0,0,0,0,0,0,0,0,0,0,0,0,0,0,0,0,0,30222,35311,55099,0,41,20,0
42032436097800,3940,4096,4096,16384,28465,512,512,1024,3968,4096,8192,8192,3163,4096,8192,32768,816,8192,8192,8192,39,2048,2048,4096,772,512,1024,1024,3171,1024,2048,2048,587,4096,4096,4096,13,1024,131072,262144,41420,1048576,2097152,2097152,40,1048576,1048576,1048576,40,524288,524288,524288,40,1024,2048,2048,40,64,65536,65536,41,256,512,1024,5358,256,512,1024,5898,256,512,1024,256185,128,512,1024,28467,128,512,1024,5084,256,512,1024,6714,512,1024,2048,1319,256,512,1024,1382,256,512,1024,25929,128,512,1024,3303,128,512,1024,528,128,512,512,315,256,512,1024,351,256,512,1024,117,0,0,0,0,0,0,0,0,0,0,0,0,64,128,128,21,128,128,128,21,18.10,10.71,7.39,0,39,23,772,78,98,60,0,0,0,0,0,0,65536,131072,131072,131072,131072,37,131072,131072,131072,131072,131072,22,65536,131072,262144,262144,1048576,732,131072,131072,131072,131072,131072,76,65536,131072,131072,131072,262144,91,262144,262144,524288,524288,524288,55,0,0,0,0,0,0,0,0,0,0,0,0,0,0,0,0,0,0,0,0,0,0,0,0,0,0,0,0,0,0,57,0,29201,34727,52862,0,40,21,0
42033453436400,3940,4096,4096,16384,27827,512,512,1024,3918,4096,8192,8192,3164,4096,8192,16384,807,8192,8192,8192,41,2048,2048,4096,789,512,1024,2048,3139,1024,2048,2048,536,4096,4096,4096,20,1024,131072,262144,40625,1048576,2097152,2097152,41,1048576,1048576,1048576,41,524288,524288,524288,41,1024,2048,2048,41,64,65536,131072,40,256,512,1024,4933,256,512,1024,4933,256,512,1024,250443,256,512,1024,28476,128,512,1024,4732,256,512,1024,6624,512,1024,2048,1482,256,512,1024,1689,128,512,1024,24786,128,512,1024,2997,256,512,1024,513,128,512,512,378,256,512,1024,369,256,1024,1024,180,0,0,0,0,0,0,0,0,0,0,0,0,64,128,128,20,128,256,256,20,16.68,9.44,7.24,0,41,27,789,92,91,0,0,0,0,0,0,0,65536,131072,262144,262144,262144,43,65536,131072,131072,131072,524288,28,65536,131072,262144,524288,8388608,829,131072,131072,262144,262144,262144,94,65536,131072,131072,131072,131072,98,65536,262144,262144,262144,262144,5,0,0,0,0,0,0,0,0,0,0,0,0,0,0,0,0,0,0,0,0,0,0,0,0,0,0,0,0,0,0,0,0,29909,34759,55493,0,41,20,0
42034471311100,3880,4096,4096,16384,28120,512,512,1024,3904,4096,8192,8192,3150,4096,8192,16384,786,8192,8192,8192,29,2048,2048,4096,821,512,1024,1024,3123,1024,2048,2048,517,4096,4096,4096,21,512,131072,262144,40844,1048576,2097152,2097152,41,1048576,1048576,1048576,41,524288,524288,524288,41,1024,2048,2048,41,128,32768,32768,41,256,512,1024,4872,256,512,1024,5412,256,512,1024,253084,256,512,1024,28350,128,512,512,4374,256,512,1024,6309,512,1024,2048,1478,256,512,1024,1442,128,512,1024,25272,128,512,512,2880,128,512,1024,591,128,512,1024,216,256,512,1024,261,256,512,1024,189,0,0,0,0,0,0,0,0,0,0,0,0,64,128,128,20,128,256,256,20,16.34,9.88,6.46,0,29,28,821,96,112,60,0,0,0,0,0,0,65536,131072,131072,131072,131072,29,131072,131072,131072,131072,262144,28,65536,131072,131072,262144,262144,820,131072,131072,262144,262144,262144,96,65536,131072,131072,131072,131072,112,131072,262144,262144,262144,524288,60,0,0,0,0,0,0,0,0,0,0,0,0,0,0,0,0,0,0,0,0,0,0,0,0,0,0,0,0,0,0,1,0,29461,34787,53610,0,41,20,0
42035487065200,3891,4096,4096,16384,27659,512,512,1024,3868,4096,8192,8192,3111,4096,16384,16384,770,8192,8192,16384,36,2048,2048,4096,796,512,1024,1024,3144,1024,2048,2048,473,4096,4096,4096,16,1024,131072,262144,40299,1048576,2097152,2097152,40,1048576,1048576,1048576,40,524288,524288,524288,40,1024,2048,2048,40,64,131072,131072,40,256,512,1024,5180,256,512,1024,5081,256,512,1024,248927,128,512,1024,27999,128,512,512,4678,128,512,1024,6435,512,1024,2048,1398,256,512,1024,1461,128,512,1024,25911,128,512,1024,2970,128,512,1024,476,256,512,512,342,256,512,1024,324,256,512,1024,144,1024,2048,2048,11,1024,1024,1024,11,64,64,64,22,64,128,128,20,256,131072,131072,20,15.76,9.17,6.59,11,36,21,797,110,77,0,262144,262144,262144,262144,524288,11,65536,131072,131072,131072,131072,36,65536,131072,131072,131072,131072,21,65536,131072,262144,262144,262144,796,131072,131072,131072,131072,131072,110,65536,131072,131072,131072,131072,77,0,0,0,0,0,0,0,0,0,0,0,0,0,0,0,0,0,0,0,0,0,0,0,0,0,0,0,0,0,0,0,0,0,0,0,0,2,0,29338,34474,53817,0,40,20,0
42036506539000,3904,4096,4096,16384,27988,512,512,1024,3997,4096,8192,8192,3121,4096,8192,16384,814,8192,8192,8192,30,2048,2048,4096,779,512,1024,1024,3105,1024,2048,2048,524,4096,4096,4096,13,2048,131072,262144,40720,1048576,2097152,2097152,41,1048576,1048576,1048576,41,524288,524288,524288,41,1024,1024,2048,41,64,65536,131072,41,256,512,1024,5073,256,512,1024,4956,256,512,1024,251892,256,512,1024,28089,128,512,512,4691,256,512,1024,6273,512,1024,2048,1407,256,512,1024,1389,128,512,1024,25326,128,512,1024,3195,128,512,1024,531,128,512,1024,288,128,512,1024,270,256,512,512,117,1024,2048,2048,16,1024,1024,1024,13,64,64,64,29,64,128,128,21,128,131072,131072,21,18.13,10.47,7.66,13,30,14,778,88,81,0,262144,262144,262144,262144,262144,13,65536,131072,131072,131072,131072,30,65536,131072,131072,131072,262144,14,65536,131072,262144,524288,524288,780,131072,131072,262144,262144,262144,88,65536,131072,131072,131072,131072,81,0,0,0,0,0,0,0,0,0,0,0,0,0,0,0,0,0,0,0,0,0,0,0,0,0,0,0,0,0,0,0,0,0,0,0,0,0,0,29012,34738,54739,0,41,21,0
42037522967500,3927,4096,4096,16384,27785,512,512,1024,3929,4096,8192,8192,3145,4096,8192,16384,781,8192,8192,8192,31,2048,2048,4096,753,512,1024,1024,3172,1024,2048,2048,521,4096,8192,8192,14,1024,131072,262144,40530,1048576,2097152,2097152,41,1048576,1048576,1048576,41,524288,524288,524288,41,512,1024,1024,41,64,32768,65536,41,256,512,1024,5309,256,512,1024,5102,256,512,1024,250065,128,512,1024,28305,128,512,1024,4478,256,512,1024,6201,512,1024,1024,1456,256,512,1024,1366,128,512,1024,26334,128,512,1024,3078,128,512,1024,519,128,512,1024,252,256,512,1024,279,256,1024,2048,126,2048,2048,2048,24,1024,2048,2048,23,64,64,64,47,64,64,64,20,16384,131072,131072,20,17.58,9.94,7.64,23,31,15,753,103,99,0,262144,262144,262144,262144,262144,23,65536,131072,131072,131072,262144,31,131072,131072,131072,131072,131072,15,65536,131072,262144,262144,262144,749,131072,131072,131072,131072,131072,103,65536,131072,131072,131072,131072,99,0,0,0,0,0,0,0,0,0,0,0,0,0,0,0,0,0,0,0,0,0,0,0,0,0,0,0,0,0,0,0,0,0,0,0,0,3,0,28698,34011,53031,0,41,20,0
42038540990700,3946,4096,4096,16384,28013,512,512,1024,4088,4096,8192,8192,3131,4096,16384,16384,769,8192,8192,8192,32,2048,2048,4096,859,512,1024,1024,3156,1024,2048,2048,564,4096,8192,8192,20,1024,131072,262144,40998,1048576,2097152,2097152,40,1048576,1048576,1048576,40,524288,524288,524288,40,1024,1024,2048,40,128,65536,131072,40,256,512,1024,4515,256,512,1024,4344,256,512,1024,252117,256,512,1024,28179,128,512,1024,4588,256,512,1024,6516,512,1024,2048,1470,256,512,1024,1452,128,512,1024,25965,128,512,1024,2997,128,512,1024,612,256,512,1024,279,256,512,1024,288,256,1024,1024,180,1024,2048,2048,18,1024,1024,1024,20,64,64,64,38,64,128,128,20,16384,65536,65536,20,17.98,10.53,7.45,20,32,18,859,95,91,0,262144,262144,262144,262144,262144,19,65536,131072,131072,131072,131072,32,65536,131072,131072,131072,131072,18,65536,131072,262144,524288,2097152,859,131072,131072,262144,262144,262144,95,65536,131072,131072,131072,131072,91,0,0,0,0,0,0,0,0,0,0,0,0,0,0,0,0,0,0,0,0,0,0,0,0,0,0,0,0,0,0,0,0,0,0,0,0,4,0,28686,34327,53720,0,40,20,0
42039559231200,3968,4096,4096,16384,28159,512,512,1024,4034,4096,8192,8192,3184,4096,8192,16384,776,8192,8192,8192,37,2048,2048,4096,791,512,1024,1024,3155,1024,2048,2048,564,4096,4096,4096,13,1024,131072,262144,41188,1048576,2097152,2097152,41,1048576,1048576,1048576,41,524288,524288,524288,41,1024,1024,1024,41,64,65536,131072,41,256,512,1024,5607,256,512,1024,5409,256,512,1024,253431,128,512,1024,28656,128,512,512,4781,256,512,1024,6930,512,1024,1024,1371,256,512,1024,1434,256,512,1024,25758,128,512,1024,3294,128,512,1024,441,128,512,1024,279,256,512,1024,333,256,512,1024,117,1024,2048,2048,23,1024,1024,1024,22,64,64,64,45,64,64,128,21,16384,65536,131072,21,17.78,10.49,7.29,22,37,12,791,98,78,0,262144,262144,262144,262144,524288,23,65536,131072,131072,131072,262144,37,65536,131072,131072,131072,131072,12,65536,131072,262144,524288,524288,795,131072,131072,262144,262144,262144,98,65536,131072,131072,131072,131072,78,0,0,0,0,0,0,0,0,0,0,0,0,0,0,0,0,0,0,0,0,0,0,0,0,0,0,0,0,0,0,0,0,0,0,0,0,0,0,28503,33964,54860,0,41,21,0
42040574725800,3988,4096,4096,16384,28174,512,512,1024,4052,4096,8192,8192,3147,4096,8192,16384,814,8192,8192,8192,32,2048,2048,4096,814,512,1024,1024,3165,1024,2048,2048,552,4096,4096,4096,15,1024,131072,262144,41174,1048576,2097152,2097152,41,1048576,1048576,1048576,41,524288,524288,524288,41,1024,1024,2048,41,128,65536,131072,41,256,512,1024,5584,256,512,1024,5404,256,512,1024,253566,128,512,1024,28323,128,512,1024,4849,256,512,1024,6975,512,1024,2048,1308,256,512,1024,1308,256,512,1024,26082,128,512,1024,3042,128,512,1024,540,128,512,512,315,256,512,1024,288,256,512,1024,135,1024,2048,2048,19,1024,1024,1024,19,64,64,128,38,64,128,128,20,16384,65536,65536,20,17.06,9.75,7.31,19,32,12,814,82,87,0,262144,262144,262144,262144,524288,19,65536,131072,131072,131072,262144,32,65536,131072,131072,131072,131072,12,65536,131072,262144,524288,524288,814,131072,131072,131072,131072,131072,82,65536,131072,131072,131072,131072,87,0,0,0,0,0,0,0,0,0,0,0,0,0,0,0,0,0,0,0,0,0,0,0,0,0,0,0,0,0,0,0,0,0,0,0,0,0,0,29109,34272,53938,0,41,20,0
42041593729800,3999,4096,4096,16384,28476,256,512,1024,4035,4096,8192,8192,3224,4096,16384,16384,812,8192,8192,16384,28,2048,2048,4096,766,512,1024,1024,3233,1024,2048,2048,530,4096,4096,4096,11,1024,131072,262144,41542,1048576,2097152,2097152,41,1048576,1048576,1048576,41,524288,524288,524288,41,1024,2048,2048,41,64,65536,131072,41,256,512,1024,5646,256,512,1024,5547,256,512,1024,256284,256,512,1024,29016,128,512,1024,4519,256,512,1024,6876,512,1024,2048,1473,256,512,1024,1365,256,512,1024,26622,256,512,1024,3285,128,512,1024,540,128,512,1024,306,256,512,1024,252,256,512,1024,99,1024,2048,2048,9,1024,1024,1024,11,64,64,64,20,64,64,128,21,128,16384,32768,21,18.78,11.55,7.23,11,28,10,766,93,83,0,262144,262144,262144,262144,262144,11,131072,131072,131072,131072,131072,28,65536,131072,131072,131072,131072,10,65536,131072,131072,262144,1048576,766,131072,131072,131072,131072,131072,93,65536,131072,131072,131072,131072,83,0,0,0,0,0,0,0,0,0,0,0,0,0,0,0,0,0,0,0,0,0,0,0,0,0,0,0,0,0,0,0,0,0,0,0,0,0,0,28639,34640,54061,0,41,21,0
42042610887600,3940,4096,4096,16384,28540,256,512,1024,4082,4096,8192,8192,3205,4096,8192,16384,783,8192,8192,8192,35,2048,2048,4096,831,512,1024,1024,3211,1024,2048,2048,517,4096,4096,8192,25,512,131072,262144,41636,1048576,2097152,2097152,40,1048576,1048576,1048576,40,524288,524288,1048576,40,1024,2048,2048,40,128,131072,262144,40,256,512,1024,5063,256,512,1024,5594,256,512,1024,256860,128,512,1024,28845,128,512,1024,4586,256,512,1024,6948,512,1024,2048,1536,256,512,1024,1455,256,512,1024,25920,256,512,1024,3357,256,512,1024,414,128,512,1024,270,256,512,1024,315,256,512,1024,225,0,0,0,0,0,0,0,1,0,0,0,1,64,128,128,20,128,256,256,20,16.93,10.72,6.20,1,35,9,831,88,79,60,0,0,0,0,262144,1,65536,131072,131072,131072,131072,35,65536,131072,131072,131072,131072,9,65536,131072,131072,262144,262144,831,131072,131072,131072,131072,131072,88,65536,131072,131072,131072,131072,79,131072,262144,262144,262144,262144,60,0,0,0,0,0,0,0,0,0,0,0,0,0,0,0,0,0,0,0,0,0,0,0,0,0,0,0,0,0,0,0,0,29164,34634,55357,0,40,20,0
42043630715900,3940,4096,4096,16384,28146,512,512,1024,3878,4096,8192,8192,3144,4096,8192,16384,806,8192,8192,8192,32,2048,2048,4096,802,512,1024,1024,3158,1024,2048,2048,533,4096,4096,4096,17,1024,131072,262144,40889,1048576,2097152,2097152,41,1048576,1048576,1048576,41,524288,524288,1048576,41,1024,1024,2048,41,64,4096,32768,41,256,512,1024,5091,256,512,1024,5091,256,512,1024,253314,256,512,1024,28296,128,512,512,4329,256,512,1024,7074,512,1024,2048,1535,256,512,1024,1391,128,512,1024,26595,128,512,1024,3321,128,512,512,462,256,512,512,342,256,512,1024,288,256,512,1024,153,0,0,0,0,0,0,0,0,0,0,0,0,64,64,64,20,128,256,256,20,15.56,9.74,5.82,0,32,9,802,92,74,0,0,0,0,0,0,0,65536,131072,131072,131072,131072,32,65536,131072,131072,131072,131072,9,65536,131072,131072,524288,524288,799,131072,131072,131072,131072,131072,92,65536,131072,131072,131072,131072,74,0,0,0,0,0,0,0,0,0,0,0,0,0,0,0,0,0,0,0,0,0,0,0,0,0,0,0,0,0,0,0,0,0,0,0,0,3,0,29106,34563,53609,0,41,20,0
42044646300600,3880,4096,4096,16384,27506,512,512,1024,3914,4096,8192,8192,3087,4096,16384,16384,820,8192,16384,32768,41,2048,2048,4096,787,512,1024,1024,3070,1024,2048,2048,493,4096,4096,4096,20,1024,131072,262144,40164,1048576,2097152,2097152,41,1048576,1048576,1048576,41,524288,524288,524288,41,1024,1024,1024,41,64,65536,131072,41,256,512,1024,4701,256,512,1024,5241,256,512,1024,247554,128,512,1024,27783,128,512,1024,5007,128,512,1024,6894,512,1024,2048,1257,256,512,1024,1419,128,512,1024,26136,128,512,1024,3330,128,512,512,480,128,512,1024,306,256,512,1024,369,256,512,1024,180,0,0,0,0,0,0,0,0,0,0,0,0,64,128,128,21,128,256,256,21,17.96,10.47,7.49,0,41,6,787,93,95,60,0,0,0,0,0,0,65536,131072,131072,131072,131072,41,65536,131072,131072,131072,131072,6,65536,131072,131072,262144,1048576,790,131072,131072,131072,131072,131072,93,65536,131072,131072,131072,131072,95,131072,262144,262144,262144,524288,60,0,0,0,0,0,0,0,0,0,0,0,0,0,0,0,0,0,0,0,0,0,0,0,0,0,0,0,0,0,0,0,0,28911,34026,53208,0,41,21,0
42045663969000,3891,4096,4096,16384,27780,512,512,1024,3982,4096,8192,8192,3091,4096,8192,16384,788,8192,8192,8192,22,2048,2048,4096,819,512,1024,1024,3137,1024,2048,2048,574,4096,4096,4096,21,1024,131072,262144,40571,1048576,2097152,2097152,41,1048576,1048576,1048576,41,524288,524288,524288,41,512,1024,1024,41,64,131072,131072,41,256,512,1024,5174,256,512,1024,5075,256,512,1024,250020,256,512,1024,27819,128,512,512,4751,256,512,1024,6660,512,1024,2048,1506,256,512,1024,1353,128,512,1024,27090,128,512,1024,3438,128,512,1024,612,128,512,512,207,256,512,1024,198,256,512,1024,189,2048,2048,2048,11,1024,1024,1024,11,64,64,64,22,64,128,128,20,256,131072,131072,20,16.13,9.27,6.86,11,22,7,819,97,92,0,262144,262144,262144,262144,262144,11,65536,131072,131072,131072,131072,22,65536,131072,131072,131072,131072,7,65536,131072,131072,262144,262144,819,65536,131072,131072,131072,131072,96,65536,131072,131072,131072,131072,91,0,0,0,0,0,0,0,0,0,0,0,0,0,0,0,0,0,0,0,0,0,0,0,0,0,0,0,0,0,0,0,0,0,0,0,0,2,0,29533,34848,54765,0,41,20,0
42046680956400,3904,4096,4096,16384,27319,512,512,1024,3728,4096,8192,8192,3072,4096,8192,16384,764,8192,8192,16384,40,2048,2048,4096,720,512,1024,1024,3064,1024,2048,2048,517,4096,4096,8192,30,1024,131072,262144,39611,1048576,2097152,2097152,40,1048576,1048576,1048576,40,524288,524288,524288,40,1024,1024,2048,40,128,65536,131072,40,256,512,1024,5243,256,512,1024,5126,256,512,1024,245871,256,512,1024,27648,128,512,1024,4514,256,512,1024,6273,512,1024,2048,1410,256,512,1024,1536,128,512,1024,26145,128,512,1024,3087,128,512,512,561,128,512,512,333,256,512,1024,360,256,512,1024,270,1024,2048,2048,16,1024,1024,1024,13,64,64,64,29,64,128,128,20,128,65536,65536,20,18.59,11.10,7.49,13,40,7,720,93,84,0,262144,262144,262144,262144,262144,13,65536,131072,131072,131072,131072,40,65536,131072,131072,131072,131072,7,65536,131072,131072,262144,262144,718,131072,131072,131072,131072,262144,94,65536,131072,131072,131072,131072,85,0,0,0,0,0,0,0,0,0,0,0,0,0,0,0,0,0,0,0,0,0,0,0,0,0,0,0,0,0,0,0,0,0,0,0,0,2,0,28971,34063,53577,0,40,20,0
42047698548300,3927,4096,4096,16384,28352,512,512,1024,4231,4096,8192,8192,3155,4096,16384,16384,864,8192,8192,8192,37,2048,2048,4096,844,512,1024,1024,3229,1024,2048,2048,566,4096,4096,4096,24,1024,131072,262144,41694,1048576,2097152,2097152,41,1048576,1048576,1048576,41,524288,524288,524288,41,1024,2048,2048,41,128,65536,131072,41,256,512,1024,5545,256,512,1024,5338,256,512,1024,255168,256,512,1024,28395,128,512,512,4922,256,512,1024,7065,512,1024,1024,1350,256,512,1024,1512,128,512,1024,27045,128,512,1024,3006,128,512,512,525,256,512,1024,351,256,512,1024,333,256,512,1024,216,1024,2048,2048,24,1024,1024,1024,23,64,64,256,47,64,64,128,21,16384,32768,65536,21,18.14,9.90,8.25,23,37,10,844,95,103,0,262144,262144,262144,262144,262144,23,65536,131072,131072,131072,131072,37,65536,131072,131072,131072,131072,10,65536,131072,131072,262144,262144,845,131072,131072,131072,131072,262144,95,65536,131072,131072,131072,131072,103,0,0,0,0,0,0,0,0,0,0,0,0,0,0,0,0,0,0,0,0,0,0,0,0,0,0,0,0,0,0,0,0,0,0,0,0,1,0,28834,35000,54880,0,41,21,0
42048713501400,3949,4096,4096,16384,27318,512,512,1024,3807,4096,8192,8192,3143,4096,8192,16384,785,8192,8192,8192,32,2048,2048,4096,761,512,1024,1024,3089,1024,2048,2048,506,4096,8192,8192,21,1024,131072,262144,39848,1048576,2097152,2097152,40,1048576,1048576,1048576,40,524288,524288,524288,40,1024,2048,2048,40,64,131072,131072,40,256,512,1024,5334,256,512,1024,5136,256,512,1024,245862,128,512,1024,28287,128,512,1024,4590,256,512,1024,6714,512,1024,2048,1382,256,512,1024,1373,128,512,1024,25425,128,512,512,3150,128,512,512,492,128,512,512,279,256,512,1024,288,256,1024,1024,189,1024,2048,2048,23,1024,1024,1024,24,64,64,128,47,64,128,128,20,16384,131072,131072,20,17.00,9.79,7.21,24,32,11,761,80,96,0,262144,262144,262144,262144,262144,24,65536,131072,131072,131072,262144,31,65536,131072,131072,131072,131072,11,65536,131072,131072,262144,262144,758,131072,131072,131072,131072,262144,80,65536,131072,131072,131072,131072,96,0,0,0,0,0,0,0,0,0,0,0,0,0,0,0,0,0,0,0,0,0,0,0,0,0,0,0,0,0,0,0,0,0,0,0,0,5,0,28062,33347,54019,0,40,20,0
42049734987100,3971,4096,4096,16384,28688,512,512,1024,4057,4096,8192,8192,3186,4096,8192,16384,810,8192,8192,8192,34,2048,4096,4096,833,512,1024,1024,3231,1024,2048,2048,564,4096,4096,4096,19,1024,131072,262144,41814,1048576,2097152,2097152,41,1048576,1048576,1048576,41,524288,524288,524288,41,1024,2048,2048,41,64,16384,32768,41,256,512,1024,5158,256,512,1024,4960,256,512,1024,258192,256,512,1024,28674,128,512,1024,4602,256,512,1024,6867,512,1024,1024,1446,256,512,1024,1473,128,512,1024,26730,128,512,1024,2997,128,512,1024,393,128,512,1024,333,256,512,1024,306,256,512,1024,171,1024,2048,2048,23,1024,1024,2048,23,64,64,64,46,64,128,128,20,16384,131072,131072,20,17.81,11.02,6.79,23,34,18,833,87,97,0,262144,262144,262144,262144,524288,23,65536,131072,131072,131072,131072,35,65536,131072,131072,131072,131072,18,65536,131072,131072,262144,262144,836,65536,131072,131072,131072,131072,87,65536,131072,131072,131072,131072,97,0,0,0,0,0,0,0,0,0,0,0,0,0,0,0,0,0,0,0,0,0,0,0,0,0,0,0,0,0,0,0,0,0,0,0,0,1,0,29124,35015,55381,0,41,20,0
42050749128300,3990,4096,8192,16384,27844,512,512,1024,3895,4096,8192,8192,3136,4096,8192,16384,785,8192,16384,16384,29,2048,2048,4096,790,512,1024,2048,3088,1024,2048,2048,513,4096,8192,8192,22,2048,131072,262144,40491,1048576,2097152,2097152,41,1048576,1048576,2097152,41,524288,524288,524288,41,1024,1024,2048,41,64,131072,131072,41,256,512,1024,5220,256,512,1024,5049,256,512,1024,250596,256,512,1024,28224,128,512,512,4844,256,512,1024,6552,512,1024,2048,1371,256,512,1024,1425,256,512,1024,25875,256,512,1024,3150,128,512,1024,420,128,512,512,252,256,512,1024,261,256,1024,1024,198,2048,2048,2048,15,1024,1024,1024,17,64,64,64,32,64,64,64,21,16384,131072,131072,21,16.56,9.88,6.67,17,29,29,790,108,92,0,262144,262144,262144,262144,262144,17,65536,131072,131072,131072,131072,29,65536,131072,131072,131072,131072,29,65536,131072,131072,262144,524288,791,131072,131072,131072,131072,131072,108,65536,131072,131072,131072,131072,92,0,0,0,0,0,0,0,0,0,0,0,0,0,0,0,0,0,0,0,0,0,0,0,0,0,0,0,0,0,0,0,0,0,0,0,0,0,0,28348,34489,54052,110,41,21,0
42051767189300,4000,4096,4096,16384,28364,512,512,1024,3999,4096,8192,8192,3221,4096,16384,16384,810,8192,8192,8192,34,2048,2048,4096,843,512,1024,2048,3254,1024,2048,2048,528,4096,4096,8192,28,1024,131072,262144,41523,1048576,2097152,2097152,40,1048576,1048576,1048576,40,524288,524288,524288,40,1024,2048,8192,40,128,131072,131072,40,256,512,1024,4877,256,512,1024,4787,256,512,1024,255276,256,512,1024,28989,128,512,1024,4548,256,512,1024,7299,512,1024,1024,1335,256,512,1024,1389,128,512,1024,24075,128,512,1024,3222,128,512,512,504,128,512,512,360,256,512,1024,306,256,1024,1024,252,1024,2048,2048,8,1024,1024,1024,9,64,64,64,17,64,128,128,20,128,131072,131072,20,17.50,10.22,7.28,9,34,37,843,82,83,0,262144,262144,262144,262144,262144,9,131072,131072,131072,131072,131072,34,65536,131072,131072,131072,262144,37,65536,131072,131072,262144,262144,841,65536,131072,262144,262144,262144,82,65536,131072,131072,131072,131072,83,0,0,0,0,0,0,0,0,0,0,0,0,0,0,0,0,0,0,0,0,0,0,0,0,0,0,0,0,0,0,0,0,0,0,0,0,2,0,28146,34622,54404,561,40,20,0
42052788697700,3940,4096,4096,16384,28708,512,512,1024,4052,4096,8192,8192,3207,4096,16384,32768,839,8192,8192,8192,39,2048,2048,4096,801,512,1024,2048,3255,1024,2048,2048,570,4096,4096,4096,22,1024,131072,262144,41915,1048576,2097152,2097152,42,1048576,1048576,1048576,42,524288,524288,524288,42,1024,2048,2048,42,64,32768,65536,42,256,512,1024,5179,256,512,1024,5719,256,512,1024,258372,256,512,1024,28863,128,512,1024,4879,128,512,1024,7506,512,1024,1024,1424,256,512,1024,1577,256,512,1024,25650,128,512,1024,3024,256,512,1024,588,128,512,512,315,256,512,512,351,256,512,1024,198,0,0,0,0,0,0,0,0,0,0,0,0,64,128,128,21,128,128,256,21,18.23,11.52,6.71,0,39,33,801,87,99,60,0,0,0,0,0,0,65536,131072,131072,131072,262144,39,65536,131072,131072,131072,131072,33,65536,131072,131072,262144,262144,801,131072,131072,131072,131072,262144,87,65536,131072,131072,131072,131072,99,131072,262144,262144,262144,262144,60,0,0,0,0,0,0,0,0,0,0,0,0,0,0,0,0,0,0,0,0,0,0,0,0,0,0,0,0,0,0,2,0,29233,34902,54211,0,42,21,0
42053805268700,3940,4096,4096,16384,27800,512,512,1024,3887,4096,8192,8192,3106,4096,16384,16384,734,8192,8192,8192,37,2048,2048,4096,769,512,1024,4096,3087,1024,2048,2048,537,4096,4096,4096,20,1024,131072,262144,40394,1048576,2097152,2097152,40,1048576,1048576,1048576,40,524288,524288,524288,40,1024,2048,2048,40,128,65536,131072,40,256,512,1024,5442,256,512,1024,5442,256,512,1024,250200,256,512,1024,27954,128,512,512,4656,256,512,1024,6228,512,1024,2048,1395,256,512,1024,1503,128,512,1024,25290,128,512,1024,3060,128,512,512,438,256,512,1024,342,256,512,1024,333,256,512,1024,180,0,0,0,0,0,0,0,0,0,0,0,0,64,128,128,20,128,256,256,20,14.85,8.91,5.94,0,37,40,769,98,104,0,0,0,0,0,0,0,65536,131072,131072,131072,131072,37,65536,131072,131072,131072,131072,40,65536,131072,131072,262144,262144,771,131072,131072,131072,131072,131072,98,65536,131072,131072,131072,262144,104,0,0,0,0,0,0,0,0,0,0,0,0,0,0,0,0,0,0,0,0,0,0,0,0,0,0,0,0,0,0,0,0,0,0,0,0,0,0,29355,34209,54657,1,40,20,0
42054820959100,3880,4096,4096,16384,28296,256,512,1024,3943,4096,8192,8192,3193,4096,8192,16384,780,8192,8192,8192,26,2048,2048,4096,804,512,1024,4096,3146,1024,2048,2048,530,4096,4096,4096,19,1024,131072,262144,41134,1048576,2097152,2097152,41,1048576,1048576,1048576,41,524288,524288,524288,41,1024,2048,2048,41,64,65536,65536,41,256,512,1024,5072,256,512,1024,5612,256,512,1024,254664,128,512,1024,28737,128,512,512,4270,128,512,1024,7056,512,1024,2048,1395,256,512,1024,1440,128,512,1024,25227,128,512,1024,3231,128,512,512,531,128,512,512,306,256,512,512,234,256,512,1024,171,0,0,0,1,0,0,0,0,0,0,0,1,64,128,128,20,128,128,128,20,15.90,10.30,5.60,0,26,49,804,87,82,60,0,0,0,0,0,0,65536,131072,131072,131072,131072,26,65536,131072,131072,131072,131072,47,65536,131072,131072,262144,262144,800,131072,131072,131072,131072,262144,87,65536,131072,131072,131072,524288,82,262144,262144,262144,262144,262144,60,0,0,0,0,0,0,0,0,0,0,0,0,0,0,0,0,0,0,0,0,0,0,0,0,0,0,0,0,0,0,5,0,29480,34476,53923,0,41,20,0
42055838578900,3891,4096,4096,16384,27495,512,512,1024,3858,4096,8192,8192,3056,4096,16384,16384,773,8192,8192,8192,41,2048,2048,4096,792,512,1024,4096,3053,1024,2048,2048,491,4096,4096,4096,18,1024,131072,262144,40026,1048576,2097152,2097152,40,1048576,1048576,1048576,40,524288,524288,524288,40,1024,2048,2048,40,64,65536,65536,40,256,512,1024,5236,256,512,1024,5137,256,512,1024,247455,256,512,1024,27504,128,512,1024,4347,256,512,1024,6741,512,1024,2048,1323,256,512,1024,1278,128,512,1024,24453,128,512,1024,3078,128,512,512,534,256,512,1024,270,256,512,1024,369,256,512,1024,162,2048,2048,2048,12,1024,1024,1024,11,64,64,128,23,64,64,64,20,8192,16384,16384,20,16.12,9.03,7.09,11,41,58,792,92,93,0,262144,262144,262144,262144,262144,11,65536,131072,131072,131072,131072,40,65536,131072,131072,131072,131072,60,65536,131072,131072,262144,524288,796,131072,131072,131072,131072,131072,92,65536,131072,131072,131072,131072,93,0,0,0,0,0,0,0,0,0,0,0,0,0,0,0,0,0,0,0,0,0,0,0,0,0,0,0,0,0,0,0,0,0,0,0,0,1,0,28851,33991,54384,0,40,20,0
42056860187300,3909,4096,4096,16384,27826,256,512,1024,3879,4096,8192,8192,3107,4096,16384,32768,778,8192,8192,8192,37,2048,2048,4096,781,512,1024,4096,3102,1024,2048,2048,550,4096,4096,4096,19,512,131072,262144,40499,1048576,2097152,2097152,41,1048576,1048576,1048576,41,524288,524288,524288,41,1024,2048,2048,41,64,65536,65536,41,256,512,1024,5099,256,512,1024,4937,256,512,1024,250434,256,512,1024,27963,128,512,512,4453,256,512,1024,6957,512,1024,2048,1591,256,512,1024,1447,128,512,1024,26208,128,512,1024,3159,128,512,1024,627,128,512,1024,342,256,512,1024,333,256,512,1024,171,1024,2048,2048,20,1024,1024,1024,18,64,64,64,38,64,128,128,21,16384,32768,32768,21,16.24,9.72,6.52,18,37,66,781,86,83,0,262144,262144,262144,262144,524288,18,65536,131072,131072,131072,262144,38,65536,131072,131072,131072,131072,66,65536,131072,131072,262144,262144,780,131072,131072,131072,131072,262144,86,65536,131072,131072,131072,262144,83,0,0,0,0,0,0,0,0,0,0,0,0,0,0,0,0,0,0,0,0,0,0,0,0,0,0,0,0,0,0,0,0,0,0,0,0,1,0,30218,34714,52983,0,41,21,0
42057875432500,3933,4096,4096,16384,27976,512,512,1024,3972,4096,8192,8192,3120,4096,8192,16384,791,8192,8192,8192,27,2048,2048,4096,794,512,1024,4096,3157,1024,2048,2048,562,4096,4096,8192,21,512,131072,262144,40789,1048576,2097152,2097152,41,1048576,1048576,1048576,41,524288,524288,524288,41,1024,2048,2048,41,64,65536,65536,41,256,512,1024,5498,256,512,1024,5282,256,512,1024,251784,128,512,1024,28080,128,512,512,4351,256,512,1024,7029,512,1024,2048,1314,256,512,1024,1296,128,512,1024,25398,128,512,1024,3177,128,512,1024,501,128,512,1024,261,256,512,1024,243,256,1024,1024,189,1024,2048,2048,24,1024,1024,1024,24,64,64,64,48,64,128,128,20,16384,131072,131072,20,18.00,9.63,8.37,24,27,75,794,89,72,0,262144,262144,262144,262144,524288,24,65536,131072,131072,131072,524288,27,65536,131072,131072,131072,262144,75,65536,131072,131072,262144,262144,795,65536,131072,131072,131072,131072,89,65536,131072,131072,131072,131072,72,0,0,0,0,0,0,0,0,0,0,0,0,0,0,0,0,0,0,0,0,0,0,0,0,0,0,0,0,0,0,0,0,0,0,0,0,0,0,28910,35006,55582,0,41,20,0
42058890377900,3954,4096,4096,16384,28046,256,512,1024,3953,4096,8192,8192,3167,4096,16384,32768,814,8192,8192,8192,35,2048,2048,4096,806,512,1024,4096,3172,1024,2048,2048,530,4096,4096,4096,18,1024,131072,262144,40903,1048576,2097152,2097152,40,1048576,1048576,1048576,40,524288,524288,524288,40,1024,2048,2048,40,128,32768,65536,40,256,512,1024,5091,256,512,1024,4902,256,512,1024,252414,256,512,1024,28503,128,512,1024,4675,256,512,1024,7020,512,1024,2048,1476,256,512,1024,1485,128,512,1024,25380,128,512,1024,2817,128,512,1024,360,256,512,1024,324,256,512,1024,315,256,512,1024,162,1024,2048,2048,21,1024,1024,1024,23,64,64,64,44,64,128,128,20,16384,65536,65536,20,17.94,11.10,6.84,23,35,61,806,78,85,0,262144,262144,262144,262144,524288,23,65536,131072,131072,131072,262144,35,65536,131072,131072,131072,131072,61,65536,131072,131072,131072,262144,805,131072,131072,131072,131072,131072,78,65536,131072,131072,131072,131072,85,0,0,0,0,0,0,0,0,0,0,0,0,0,0,0,0,0,0,0,0,0,0,0,0,0,0,0,0,0,0,0,0,0,0,0,0,1,0,29006,34451,53798,0,40,20,0
42059909567800,3976,4096,4096,16384,28587,512,512,1024,3999,4096,8192,8192,3246,4096,16384,32768,801,8192,8192,16384,29,2048,2048,4096,792,512,1024,4096,3235,1024,2048,2048,504,4096,4096,4096,17,1024,131072,262144,41616,1048576,2097152,2097152,41,1048576,1048576,1048576,41,524288,524288,1048576,41,1024,2048,2048,41,128,65536,65536,41,256,512,1024,5285,256,512,1024,5087,256,512,1024,257283,128,512,1024,29214,128,512,1024,4534,128,512,1024,7479,512,1024,2048,1538,256,512,1024,1466,256,512,1024,25128,256,512,1024,3069,128,512,512,453,128,512,1024,261,256,512,1024,261,256,512,1024,153,1024,2048,2048,23,1024,1024,1024,21,64,64,128,44,64,64,64,21,16384,131072,131072,21,18.23,11.60,6.63,21,29,53,792,78,94,0,262144,262144,262144,262144,524288,21,65536,131072,131072,131072,131072,29,65536,131072,131072,131072,131072,53,65536,131072,131072,262144,524288,793,131072,131072,262144,262144,262144,78,65536,131072,131072,131072,262144,94,0,0,0,0,0,0,0,0,0,0,0,0,0,0,0,0,0,0,0,0,0,0,0,0,0,0,0,0,0,0,0,0,0,0,0,0,0,0,28949,34951,54471,0,41,21,0
42060925492300,3994,4096,4096,16384,27603,512,512,1024,3905,4096,8192,8192,3099,4096,8192,32768,845,8192,8192,8192,27,2048,2048,4096,837,512,1024,4096,3102,1024,2048,2048,562,4096,8192,8192,18,1024,131072,262144,40350,1048576,2097152,2097152,41,1048576,1048576,1048576,41,524288,524288,524288,41,1024,1024,1024,41,64,65536,131072,41,256,512,1024,5362,256,512,1024,5200,256,512,1024,248427,256,512,1024,27891,128,512,512,4678,256,512,1024,7416,512,1024,2048,1370,256,512,1024,1253,256,512,1024,26100,256,512,1024,3348,128,512,512,330,256,512,512,216,256,512,1024,243,256,512,1024,162,1024,2048,2048,14,1024,1024,1024,17,64,64,64,31,64,128,128,20,16384,131072,131072,20,16.58,10.15,6.43,17,27,58,837,87,97,0,262144,262144,262144,262144,524288,17,65536,131072,131072,131072,131072,27,65536,131072,262144,262144,262144,58,65536,131072,131072,262144,524288,836,131072,131072,131072,131072,131072,87,65536,131072,131072,131072,262144,97,0,0,0,0,0,0,0,0,0,0,0,0,0,0,0,0,0,0,0,0,0,0,0,0,0,0,0,0,0,0,0,0,0,0,0,0,1,0,29262,34231,55889,0,41,20,0
42061945533300,4000,4096,4096,16384,28678,512,512,1024,4011,4096,8192,8192,3246,4096,8192,16384,809,8192,8192,8192,25,2048,2048,4096,788,512,1024,4096,3196,1024,2048,2048,552,4096,8192,8192,20,2048,131072,262144,41649,1048576,2097152,2097152,41,1048576,1048576,1048576,41,524288,524288,1048576,41,512,1024,1024,41,64,65536,131072,41,256,512,1024,5548,256,512,1024,5494,256,512,1024,258102,256,512,1024,29214,128,512,512,4701,256,512,1024,6975,512,1024,2048,1632,256,512,1024,1452,256,512,1024,26361,128,512,1024,3204,128,512,1024,591,128,512,512,225,256,512,1024,225,256,1024,1024,180,2048,2048,2048,5,1024,1024,1024,6,64,64,64,11,64,128,128,21,128,16384,65536,21,17.52,9.52,8.00,6,25,51,788,91,81,0,262144,262144,262144,262144,262144,6,65536,131072,131072,131072,131072,25,65536,131072,131072,131072,131072,51,65536,131072,131072,262144,262144,786,131072,131072,262144,262144,262144,91,65536,131072,131072,131072,131072,81,0,0,0,0,0,0,0,0,0,0,0,0,0,0,0,0,0,0,0,0,0,0,0,0,0,0,0,0,0,0,0,0,0,0,0,0,3,0,29320,35130,54612,0,41,21,0
42062963233100,3940,4096,4096,16384,28097,512,512,1024,3998,4096,8192,8192,3098,4096,8192,16384,823,8192,8192,8192,27,2048,2048,4096,842,512,1024,4096,3187,1024,2048,2048,522,4096,4096,4096,15,1024,131072,262144,41017,1048576,2097152,2097152,40,1048576,1048576,1048576,40,524288,1048576,1048576,40,1024,1024,1024,40,128,131072,131072,40,256,512,1024,4964,256,512,1024,5504,256,512,1024,252873,128,512,1024,27882,128,512,512,4591,256,512,1024,7389,512,1024,2048,1511,256,512,1024,1394,128,512,1024,26415,128,512,1024,3231,128,512,1024,479,128,512,512,225,256,512,1024,243,256,512,1024,135,0,0,0,0,0,0,0,0,0,0,0,0,64,128,128,20,128,256,256,20,16.34,8.75,7.59,0,27,36,842,92,86,60,0,0,0,0,0,0,65536,131072,131072,131072,131072,27,65536,131072,131072,131072,262144,36,65536,131072,131072,262144,262144,843,131072,131072,131072,131072,131072,92,65536,131072,131072,131072,131072,86,131072,262144,262144,262144,262144,60,0,0,0,0,0,0,0,0,0,0,0,0,0,0,0,0,0,0,0,0,0,0,0,0,0,0,0,0,0,0,2,0,28763,33833,53612,0,40,20,0
42063980282000,3940,4096,4096,16384,28561,512,512,1024,3962,4096,8192,8192,3204,4096,16384,16384,845,8192,16384,16384,30,2048,2048,4096,772,512,1024,4096,3236,1024,2048,2048,516,4096,8192,8192,21,1024,131072,262144,41497,1048576,2097152,2097152,41,1048576,1048576,1048576,41,524288,524288,524288,41,1024,2048,2048,41,64,65536,131072,41,256,512,1024,5213,256,512,1024,5213,256,512,1024,257049,128,512,1024,28836,128,512,512,4808,256,512,1024,7110,512,1024,1024,1533,256,512,1024,1479,128,512,1024,27900,128,512,1024,3195,128,512,1024,558,128,512,512,369,256,512,1024,270,256,1024,1024,189,0,0,0,0,0,0,0,0,0,0,0,0,64,128,128,20,128,128,128,20,17.06,10.82,6.24,0,30,45,772,80,73,0,0,0,0,0,0,0,65536,131072,131072,131072,262144,30,65536,131072,131072,131072,131072,45,65536,131072,131072,262144,262144,773,65536,131072,131072,131072,131072,80,65536,131072,131072,131072,131072,73,0,0,0,0,0,0,0,0,0,0,0,0,0,0,0,0,0,0,0,0,0,0,0,0,0,0,0,0,0,0,0,0,0,0,0,0,1,0,29054,34636,54765,0,41,20,0
42064996493900,3884,4096,4096,16384,27530,512,512,1024,3871,4096,8192,8192,3132,4096,16384,32768,755,8192,8192,8192,43,2048,2048,4096,765,512,1024,2048,3080,1024,2048,2048,561,4096,4096,4096,21,2048,131072,262144,40206,1048576,2097152,2097152,41,1048576,1048576,1048576,41,524288,524288,1048576,41,1024,2048,2048,41,64,32768,65536,41,256,512,1024,5460,256,512,1024,5964,256,512,1024,247770,128,512,1024,28188,128,512,512,4374,256,512,1024,6867,512,1024,2048,1470,256,512,1024,1515,256,512,1024,25866,128,512,1024,3366,128,512,1024,495,128,512,512,324,256,512,1024,387,256,512,1024,189,1024,2048,2048,6,512,1024,1024,4,64,64,64,10,64,128,128,21,128,256,32768,21,17.17,10.07,7.10,4,43,38,765,85,107,60,262144,262144,262144,262144,262144,4,65536,131072,131072,131072,131072,43,65536,131072,131072,131072,131072,38,65536,131072,131072,262144,262144,754,131072,131072,131072,131072,262144,85,65536,131072,131072,131072,131072,107,131072,262144,262144,262144,262144,60,0,0,0,0,0,0,0,0,0,0,0,0,0,0,0,0,0,0,0,0,0,0,0,0,0,0,0,0,0,0,12,0,28882,33991,54007,0,41,21,0
42066011926700,3896,4096,4096,16384,27328,512,512,1024,3859,4096,8192,8192,3053,4096,8192,16384,780,8192,8192,8192,33,2048,2048,4096,812,512,1024,4096,3050,1024,2048,2048,505,4096,4096,8192,23,256,131072,262144,39828,1048576,2097152,2097152,40,1048576,1048576,1048576,40,524288,524288,524288,40,1024,1024,1024,40,64,65536,65536,41,256,512,1024,5090,256,512,1024,4982,256,512,1024,245952,256,512,1024,27477,128,512,512,4520,256,512,1024,6678,512,1024,2048,1452,256,512,1024,1614,128,512,1024,24813,128,512,1024,2988,128,512,512,645,128,512,512,297,256,512,1024,297,256,512,1024,207,1024,2048,2048,12,512,1024,1024,12,64,64,64,24,64,128,128,20,128,131072,131072,20,17.05,10.31,6.75,12,33,45,812,85,103,0,262144,262144,262144,262144,262144,12,65536,131072,131072,131072,131072,33,65536,131072,131072,131072,262144,45,65536,131072,262144,262144,524288,824,131072,131072,131072,131072,131072,83,65536,131072,131072,131072,262144,101,0,0,0,0,0,0,0,0,0,0,0,0,0,0,0,0,0,0,0,0,0,0,0,0,0,0,0,0,0,0,0,0,0,0,0,0,4,0,29100,33893,54188,0,40,20,0
42067033605600,3916,4096,4096,16384,28383,512,512,1024,3937,4096,8192,8192,3234,4096,16384,16384,839,8192,8192,8192,28,2048,2048,4096,811,512,1024,4096,3249,1024,2048,2048,561,4096,4096,4096,14,1024,131072,262144,41438,1048576,2097152,2097152,41,1048576,1048576,1048576,41,524288,524288,524288,41,512,1024,2048,41,64,65536,131072,40,256,512,1024,5428,256,512,1024,5248,256,512,1024,255447,256,512,1024,29106,128,512,512,5072,256,512,1024,7029,512,1024,2048,1518,256,512,1024,1572,128,512,1024,26883,128,512,1024,3132,128,512,1024,423,128,512,1024,270,256,512,512,252,256,512,1024,126,2048,2048,2048,23,1024,1024,1024,23,64,64,128,46,64,128,128,20,16384,131072,131072,20,15.90,9.23,6.67,23,28,51,811,89,104,0,262144,262144,262144,262144,524288,23,65536,131072,131072,131072,262144,28,65536,131072,131072,131072,131072,51,65536,131072,131072,262144,262144,811,131072,131072,131072,131072,131072,91,65536,131072,131072,131072,262144,106,0,0,0,0,0,0,0,0,0,0,0,0,0,0,0,0,0,0,0,0,0,0,0,0,0,0,0,0,0,0,0,0,0,0,0,0,0,0,29593,35358,53622,0,41,20,0
42068051302300,3941,4096,4096,16384,27850,512,512,1024,3897,4096,8192,8192,3060,4096,16384,16384,759,8192,8192,8192,37,2048,2048,4096,819,512,1024,4096,3126,1024,2048,2048,520,4096,4096,4096,21,1024,131072,262144,40494,1048576,2097152,2097152,41,1048576,1048576,1048576,41,524288,524288,524288,41,1024,1024,2048,41,128,131072,131072,41,256,512,1024,5403,256,512,1024,5178,256,512,1024,250650,256,512,1024,27540,128,512,512,4568,256,512,1024,6759,512,1024,2048,1403,256,512,1024,1421,128,512,1024,25596,128,512,1024,3366,256,512,1024,465,128,512,1024,279,256,512,1024,333,256,1024,1024,189,1024,2048,2048,22,1024,1024,1024,22,64,64,128,44,64,128,128,21,16384,65536,131072,21,18.19,10.94,7.25,22,37,53,819,88,76,0,262144,262144,262144,262144,262144,22,65536,131072,131072,131072,131072,37,65536,131072,131072,131072,131072,53,65536,131072,131072,262144,524288,818,65536,131072,131072,131072,131072,88,65536,131072,131072,131072,131072,76,0,0,0,0,0,0,0,0,0,0,0,0,0,0,0,0,0,0,0,0,0,0,0,0,0,0,0,0,0,0,0,0,0,0,0,0,1,0,28962,34520,55542,0,41,21,0
42069065710100,3961,4096,4096,16384,27813,512,512,1024,3958,4096,8192,8192,3184,4096,16384,16384,771,8192,8192,8192,38,2048,2048,4096,733,512,1024,4096,3171,1024,2048,2048,539,4096,4096,4096,13,1024,131072,262144,40642,1048576,2097152,2097152,41,1048576,1048576,1048576,41,524288,524288,524288,41,1024,2048,2048,41,64,32768,65536,41,256,512,1024,4945,256,512,1024,4765,256,512,1024,250317,256,512,1024,28656,128,512,512,4601,256,512,1024,6993,512,1024,2048,1476,256,512,1024,1521,256,512,1024,26091,128,512,1024,3141,256,512,1024,552,128,512,512,369,256,512,1024,342,256,512,1024,117,2048,2048,2048,22,1024,1024,1024,21,64,64,64,43,64,128,128,20,16384,131072,131072,20,17.63,9.91,7.72,21,38,37,733,82,93,0,262144,262144,262144,262144,262144,21,65536,131072,131072,131072,131072,38,65536,131072,131072,131072,131072,37,65536,131072,262144,262144,262144,732,131072,131072,262144,262144,262144,82,65536,131072,131072,131072,131072,93,0,0,0,0,0,0,0,0,0,0,0,0,0,0,0,0,0,0,0,0,0,0,0,0,0,0,0,0,0,0,0,0,0,0,0,0,2,0,28582,33967,53506,0,41,20,0
42070084104200,3980,4096,4096,16384,27538,512,512,1024,3953,4096,8192,8192,3147,4096,16384,32768,773,8192,8192,8192,29,2048,2048,4096,821,512,1024,2048,3136,1024,2048,2048,518,4096,4096,4096,21,1024,131072,262144,40381,1048576,2097152,2097152,40,1048576,1048576,1048576,40,524288,524288,524288,40,1024,1024,1024,40,64,131072,131072,40,256,512,1024,5128,256,512,1024,4957,256,512,1024,247842,256,512,1024,28323,128,512,1024,4271,256,512,1024,7434,512,1024,2048,1317,256,512,1024,1335,256,512,1024,25794,256,512,1024,2979,128,512,512,495,128,512,1024,252,256,512,1024,261,256,512,512,189,2048,2048,2048,17,1024,2048,2048,19,64,64,64,36,64,128,128,20,16384,131072,131072,20,17.71,10.52,7.19,19,29,35,821,86,94,0,262144,262144,262144,262144,262144,19,131072,131072,262144,262144,262144,29,65536,131072,131072,131072,131072,35,65536,131072,131072,262144,262144,823,131072,131072,131072,131072,131072,86,65536,131072,262144,262144,262144,94,0,0,0,0,0,0,0,0,0,0,0,0,0,0,0,0,0,0,0,0,0,0,0,0,0,0,0,0,0,0,0,0,0,0,0,0,0,0,29071,34497,55048,0,40,20,0
42071104224800,3991,4096,4096,16384,27829,512,512,1024,3969,4096,8192,8192,3113,4096,8192,16384,813,8192,8192,8192,28,2048,2048,4096,828,512,1024,4096,3137,1024,2048,2048,532,4096,4096,4096,16,2048,131072,524288,40634,1048576,2097152,2097152,41,1048576,1048576,1048576,41,524288,524288,524288,41,1024,1024,1024,41,64,65536,65536,41,256,512,1024,5550,256,512,1024,5451,256,512,1024,250461,256,512,1024,28017,128,512,512,4358,256,512,1024,7407,512,1024,2048,1257,256,512,1024,1356,256,512,1024,25830,256,512,1024,3060,128,512,1024,381,128,512,1024,243,256,512,1024,252,256,512,1024,144,2048,2048,2048,11,1024,1024,1024,10,64,64,64,21,64,128,128,21,128,65536,131072,21,16.51,9.47,7.04,10,28,38,828,111,91,0,262144,262144,262144,262144,262144,10,65536,131072,131072,131072,131072,28,65536,131072,131072,131072,131072,38,65536,131072,262144,524288,524288,828,131072,131072,131072,131072,262144,111,65536,131072,131072,131072,131072,91,0,0,0,0,0,0,0,0,0,0,0,0,0,0,0,0,0,0,0,0,0,0,0,0,0,0,0,0,0,0,0,0,0,0,0,0,0,0,28556,33720,54212,0,41,21,0
42072122426200,4000,4096,4096,16384,28875,512,512,1024,4125,4096,8192,8192,3289,4096,8192,16384,774,8192,8192,8192,24,2048,2048,4096,805,512,1024,4096,3256,1024,2048,2048,549,4096,4096,4096,19,1024,131072,262144,42109,1048576,2097152,2097152,41,1048576,1048576,1048576,41,524288,524288,1048576,41,512,1024,1024,41,128,65536,65536,41,256,512,1024,5109,256,512,1024,5028,256,512,1024,259875,256,512,1024,29601,128,512,512,4438,256,512,1024,7047,512,1024,2048,1464,256,512,1024,1401,256,512,1024,26046,256,512,1024,2862,256,512,512,501,256,512,512,207,256,512,1024,216,256,512,1024,171,1024,2048,2048,7,1024,1024,1024,9,64,64,64,16,64,128,128,20,128,131072,131072,20,18.62,11.52,7.09,9,24,44,805,113,101,0,262144,262144,262144,262144,262144,9,65536,131072,131072,131072,131072,24,65536,131072,131072,131072,131072,44,65536,131072,131072,262144,262144,802,65536,131072,131072,262144,262144,113,65536,131072,131072,131072,131072,101,0,0,0,0,0,0,0,0,0,0,0,0,0,0,0,0,0,0,0,0,0,0,0,0,0,0,0,0,0,0,0,0,0,0,0,0,3,0,29404,35165,53891,0,41,20,0
42073135823800,3940,4096,4096,16384,28491,256,512,1024,3946,4096,8192,16384,3195,4096,16384,16384,796,8192,8192,32768,31,2048,2048,4096,817,512,1024,4096,3201,1024,2048,2048,577,4096,4096,4096,15,1024,131072,262144,41429,1048576,2097152,2097152,40,1048576,1048576,1048576,40,524288,524288,1048576,40,1024,2048,2048,40,64,65536,131072,40,256,512,1024,5088,256,512,1024,5628,256,512,1024,256419,128,512,1024,28755,128,512,512,4329,128,512,1024,7065,512,1024,2048,1317,256,512,1024,1578,256,512,1024,24615,128,512,1024,3411,128,512,1024,414,128,512,512,360,256,512,1024,279,256,512,1024,135,0,0,0,0,0,0,0,0,0,0,0,0,64,128,128,20,128,128,128,20,19.92,11.51,8.41,0,31,51,817,77,81,60,0,0,0,0,0,0,65536,131072,131072,131072,262144,31,65536,131072,131072,131072,262144,51,65536,131072,262144,262144,262144,820,131072,131072,131072,131072,262144,77,65536,131072,262144,262144,262144,81,131072,262144,262144,262144,262144,60,0,0,0,0,0,0,0,0,0,0,0,0,0,0,0,0,0,0,0,0,0,0,0,0,0,0,0,0,0,0,0,0,28860,34543,55563,0,40,20,0
42074154859500,3940,4096,4096,16384,27833,512,512,1024,3933,4096,8192,16384,3080,4096,16384,16384,834,8192,8192,8192,46,2048,2048,4096,810,512,1024,2048,3109,1024,2048,2048,521,4096,4096,8192,21,2048,131072,262144,40599,1048576,2097152,2097152,41,1048576,1048576,1048576,41,524288,524288,524288,41,1024,2048,2048,41,64,32768,131072,41,256,512,1024,5081,256,512,1024,5081,256,512,1024,250497,256,512,1024,27720,128,512,1024,4478,256,512,1024,7362,512,1024,2048,1586,256,512,1024,1460,256,512,1024,25740,128,512,1024,2844,128,512,1024,591,128,512,512,315,256,512,1024,414,256,512,1024,189,0,0,0,0,0,0,0,0,0,0,0,0,64,128,128,21,128,256,256,21,17.42,10.76,6.66,0,46,31,810,99,101,0,0,0,0,0,0,0,65536,131072,131072,131072,262144,46,65536,131072,131072,131072,131072,31,65536,131072,262144,524288,524288,806,131072,131072,131072,131072,131072,99,65536,131072,131072,131072,131072,101,0,0,0,0,0,0,0,0,0,0,0,0,0,0,0,0,0,0,0,0,0,0,0,0,0,0,0,0,0,0,0,0,0,0,0,0,4,0,29072,34295,53276,0,41,21,0
42075170967500,3883,4096,4096,16384,28118,512,512,1024,3927,4096,8192,8192,3148,4096,16384,16384,807,8192,8192,8192,27,2048,2048,4096,791,512,1024,2048,3183,1024,2048,2048,524,4096,4096,4096,12,1024,131072,262144,40940,1048576,2097152,2097152,41,1048576,1048576,1048576,41,524288,524288,524288,41,1024,1024,1024,41,64,65536,65536,41,256,512,1024,4972,256,512,1024,5485,256,512,1024,253062,256,512,1024,28332,128,512,512,4648,256,512,1024,7020,512,1024,1024,1591,256,512,1024,1501,256,512,1024,25065,128,512,512,3114,128,512,512,612,128,512,1024,270,256,512,1024,243,256,512,1024,108,2048,2048,2048,4,512,1024,1024,3,64,64,64,7,64,64,64,20,128,16384,16384,20,17.51,10.87,6.65,3,27,30,791,100,73,60,262144,262144,262144,262144,262144,3,65536,131072,131072,131072,262144,27,65536,131072,131072,131072,262144,30,65536,131072,262144,524288,524288,790,65536,131072,131072,131072,131072,100,65536,131072,131072,131072,131072,73,262144,262144,262144,262144,262144,60,0,0,0,0,0,0,0,0,0,0,0,0,0,0,0,0,0,0,0,0,0,0,0,0,0,0,0,0,0,0,5,0,28744,34145,53835,0,41,20,0
42076189139600,3894,4096,4096,16384,27839,512,512,1024,3945,4096,8192,8192,3131,4096,8192,16384,758,8192,8192,8192,33,2048,2048,4096,794,512,1024,2048,3062,1024,2048,2048,515,4096,4096,4096,17,1024,131072,262144,40451,1048576,2097152,2097152,41,1048576,1048576,1048576,41,524288,524288,524288,41,1024,2048,2048,41,64,65536,131072,41,256,512,1024,5434,256,512,1024,5335,256,512,1024,250551,256,512,1024,28179,128,512,512,4233,128,512,1024,6759,512,1024,2048,1350,256,512,1024,1458,128,512,1024,26298,128,512,1024,2898,128,512,1024,612,128,512,512,297,128,512,1024,297,256,512,512,153,1024,2048,2048,12,1024,1024,1024,12,64,64,128,24,64,128,128,21,256,65536,65536,21,18.93,12.20,6.73,12,33,28,794,97,86,0,262144,262144,262144,262144,524288,11,65536,131072,131072,131072,262144,33,65536,131072,131072,131072,131072,28,65536,131072,262144,524288,524288,792,65536,131072,262144,262144,524288,97,65536,131072,131072,131072,131072,86,0,0,0,0,0,0,0,0,0,0,0,0,0,0,0,0,0,0,0,0,0,0,0,0,0,0,0,0,0,0,0,0,0,0,0,0,7,0,28771,34125,54814,0,41,21,0
42077207206300,3917,4096,4096,16384,28047,512,512,1024,3924,4096,8192,8192,3136,4096,8192,16384,820,8192,8192,8192,33,2048,2048,4096,766,512,1024,2048,3154,1024,2048,2048,510,4096,8192,8192,18,1024,131072,262144,40777,1048576,2097152,2097152,40,1048576,1048576,1048576,40,524288,524288,524288,40,1024,1024,2048,40,128,65536,131072,40,256,512,1024,5189,256,512,1024,4982,256,512,1024,252423,256,512,1024,28224,128,512,1024,4437,256,512,1024,7092,512,1024,2048,1380,256,512,1024,1425,256,512,1024,24201,128,512,1024,3186,128,512,1024,639,128,512,512,315,256,512,1024,297,256,1024,1024,162,1024,2048,2048,24,1024,1024,1024,22,64,64,64,46,64,128,128,20,16384,32768,32768,20,15.86,8.82,7.03,22,33,25,766,79,100,0,262144,262144,262144,262144,524288,23,65536,131072,131072,131072,131072,33,65536,131072,131072,131072,131072,25,65536,131072,131072,262144,262144,773,131072,131072,131072,131072,262144,79,65536,131072,262144,262144,262144,100,0,0,0,0,0,0,0,0,0,0,0,0,0,0,0,0,0,0,0,0,0,0,0,0,0,0,0,0,0,0,0,0,0,0,0,0,0,0,29135,34423,55444,0,40,20,0
42078223103800,3941,4096,4096,16384,27745,512,512,1024,4000,4096,8192,8192,3112,4096,16384,16384,833,8192,8192,8192,41,2048,2048,4096,831,512,1024,1024,3142,1024,2048,2048,562,4096,4096,4096,17,2048,131072,262144,40704,1048576,2097152,2097152,41,1048576,1048576,1048576,41,524288,524288,524288,41,1024,2048,2048,41,64,65536,131072,41,256,512,1024,5425,256,512,1024,5209,256,512,1024,249705,256,512,1024,28008,128,512,1024,4734,256,512,1024,7128,512,1024,2048,1425,256,512,1024,1560,256,512,1024,24885,128,512,1024,3006,128,512,1024,642,128,512,1024,396,256,512,1024,369,256,512,1024,153,1024,2048,2048,24,1024,1024,1024,25,64,64,64,49,64,128,128,20,16384,131072,131072,20,17.03,10.19,6.84,25,41,26,831,86,111,0,262144,262144,262144,262144,262144,25,65536,131072,131072,131072,131072,41,65536,131072,131072,131072,131072,26,65536,131072,131072,524288,524288,828,131072,131072,131072,131072,262144,86,65536,131072,131072,131072,262144,111,0,0,0,0,0,0,0,0,0,0,0,0,0,0,0,0,0,0,0,0,0,0,0,0,0,0,0,0,0,0,0,0,0,0,0,0,2,0,29366,34330,54125,0,41,20,0
42079241631700,3959,4096,4096,16384,28026,512,512,1024,3992,4096,8192,8192,3115,4096,8192,16384,783,8192,8192,16384,39,2048,2048,4096,788,512,1024,2048,3152,1024,2048,2048,535,4096,4096,4096,20,2048,131072,262144,40844,1048576,2097152,2097152,40,1048576,1048576,1048576,40,524288,524288,524288,40,1024,2048,2048,40,128,65536,131072,40,256,512,1024,5142,256,512,1024,4980,256,512,1024,252234,256,512,1024,28035,128,512,512,4368,256,512,1024,6732,512,1024,1024,1544,256,512,1024,1373,256,512,1024,24543,256,512,1024,3150,128,512,1024,456,128,512,512,297,256,512,1024,351,256,512,1024,180,1024,2048,2048,20,1024,1024,1024,20,64,64,64,40,64,128,128,20,16384,65536,65536,20,16.26,9.73,6.53,20,39,27,788,105,70,0,262144,262144,262144,262144,262144,19,65536,131072,131072,131072,262144,39,65536,131072,131072,131072,131072,27,65536,131072,131072,262144,262144,790,65536,131072,131072,131072,262144,105,65536,131072,131072,131072,262144,70,0,0,0,0,0,0,0,0,0,0,0,0,0,0,0,0,0,0,0,0,0,0,0,0,0,0,0,0,0,0,0,0,0,0,0,0,2,0,29044,34259,53879,0,40,20,0
42080259402200,3983,4096,4096,16384,28443,512,512,1024,4018,4096,8192,8192,3220,4096,8192,16384,810,8192,8192,8192,26,2048,2048,4096,789,512,1024,1024,3237,1024,2048,2048,547,4096,8192,8192,17,2048,131072,262144,41467,1048576,2097152,2097152,41,1048576,1048576,1048576,41,524288,524288,524288,41,1024,1024,1024,41,64,16384,32768,41,256,512,1024,5093,256,512,1024,4877,256,512,1024,255987,256,512,1024,28980,128,512,512,4624,256,512,1024,6804,512,1024,2048,1407,256,512,1024,1353,256,512,1024,27297,128,512,1024,3285,256,512,1024,486,128,512,512,234,256,512,1024,234,256,512,1024,153,1024,2048,2048,21,1024,1024,1024,21,64,64,64,42,64,128,128,21,16384,131072,262144,21,15.02,7.64,7.38,21,26,22,789,100,90,0,262144,262144,262144,262144,262144,22,65536,131072,131072,131072,262144,26,65536,131072,131072,131072,131072,22,65536,131072,131072,262144,262144,783,131072,131072,131072,131072,131072,100,65536,131072,131072,131072,262144,90,0,0,0,0,0,0,0,0,0,0,0,0,0,0,0,0,0,0,0,0,0,0,0,0,0,0,0,0,0,0,0,0,0,0,0,0,7,0,28720,34403,54515,0,41,21,0
42081277759700,3995,4096,4096,16384,28486,512,512,1024,4015,4096,8192,8192,3188,4096,8192,16384,838,8192,8192,8192,35,2048,2048,4096,809,512,1024,2048,3195,1024,2048,2048,536,4096,4096,4096,11,1024,131072,262144,41516,1048576,2097152,2097152,41,1048576,1048576,1048576,41,524288,524288,524288,41,1024,2048,2048,41,64,16384,32768,41,256,512,1024,4973,256,512,1024,4865,256,512,1024,256374,256,512,1024,28692,128,512,512,4996,256,512,1024,6804,512,1024,2048,1326,256,512,1024,1389,256,512,1024,26163,128,512,1024,3429,256,512,1024,540,256,512,512,324,256,512,1024,315,256,512,1024,99,1024,2048,2048,11,1024,1024,1024,12,64,64,64,23,64,128,128,20,128,131072,131072,20,17.37,9.52,7.85,12,35,27,809,113,109,0,262144,262144,262144,262144,524288,12,65536,131072,131072,131072,262144,35,65536,131072,131072,131072,262144,27,65536,131072,262144,262144,4194304,815,65536,131072,131072,131072,131072,113,65536,131072,131072,131072,131072,109,0,0,0,0,0,0,0,0,0,0,0,0,0,0,0,0,0,0,0,0,0,0,0,0,0,0,0,0,0,0,0,0,0,0,0,0,1,0,28920,34754,54716,0,41,20,0
42082292745300,4000,4096,4096,16384,28271,256,512,1024,3933,4096,8192,8192,3180,4096,8192,16384,783,8192,8192,8192,25,2048,2048,4096,814,512,1024,1024,3153,1024,2048,2048,567,4096,4096,4096,13,1024,131072,262144,41111,1048576,2097152,2097152,41,1048576,1048576,1048576,41,524288,524288,524288,41,1024,1024,2048,41,128,131072,131072,41,256,512,1024,5164,256,512,1024,5119,256,512,1024,254439,128,512,1024,28620,128,512,512,5013,256,512,1024,6489,512,1024,2048,1344,256,512,1024,1362,256,512,1024,26586,128,512,1024,3429,128,512,1024,441,128,512,512,234,256,512,1024,225,256,512,1024,117,1024,1024,1024,4,512,1024,1024,5,64,64,64,9,64,128,128,21,128,16384,32768,21,17.48,10.59,6.89,5,25,24,814,96,93,0,262144,262144,262144,262144,262144,5,131072,131072,131072,131072,131072,25,65536,131072,131072,131072,131072,24,65536,131072,131072,262144,262144,815,131072,131072,131072,131072,262144,96,65536,131072,131072,131072,131072,93,0,0,0,0,0,0,0,0,0,0,0,0,0,0,0,0,0,0,0,0,0,0,0,0,0,0,0,0,0,0,0,0,0,0,0,0,0,0,28870,34168,54936,0,41,21,0
42083315387500,3940,4096,4096,16384,28108,256,512,1024,3971,4096,8192,8192,3165,4096,8192,32768,797,8192,8192,8192,27,2048,2048,4096,817,512,1024,1024,3207,1024,2048,2048,505,4096,4096,4096,23,512,131072,262144,40998,1048576,2097152,2097152,40,1048576,1048576,1048576,40,524288,524288,524288,40,1024,1024,1024,40,64,32768,65536,40,256,512,1024,4769,256,512,1024,5309,256,512,1024,252972,256,512,1024,28485,128,512,1024,4745,256,512,1024,6894,512,1024,1024,1613,256,512,1024,1325,256,512,1024,25785,128,512,1024,3402,128,512,1024,537,128,512,512,234,256,512,1024,243,256,512,1024,207,0,0,0,0,0,0,0,0,0,0,0,0,64,128,128,20,64,128,128,20,15.93,8.99,6.94,0,27,18,817,93,90,60,0,0,0,0,0,0,65536,131072,131072,131072,131072,27,65536,131072,131072,131072,131072,18,65536,131072,262144,262144,524288,813,131072,131072,131072,131072,262144,93,65536,131072,131072,131072,262144,90,131072,262144,262144,262144,524288,60,0,0,0,0,0,0,0,0,0,0,0,0,0,0,0,0,0,0,0,0,0,0,0,0,0,0,0,0,0,0,4,0,28911,34234,54429,0,40,20,0
42084331733700,3940,4096,4096,16384,28452,512,512,1024,4000,4096,8192,8192,3214,4096,8192,16384,780,8192,8192,8192,32,2048,2048,4096,822,512,1024,1024,3171,1024,2048,2048,530,4096,4096,4096,19,1024,131072,262144,41451,1048576,2097152,2097152,41,1048576,1048576,1048576,41,524288,524288,524288,41,1024,2048,2048,41,64,32768,65536,41,256,512,1024,5295,256,512,1024,5295,256,512,1024,256068,256,512,1024,28926,128,512,512,4396,256,512,1024,6777,512,1024,2048,1368,256,512,1024,1386,256,512,1024,25308,128,512,1024,3141,128,512,1024,594,256,512,1024,279,256,512,1024,288,256,512,1024,171,0,0,0,0,0,0,0,0,0,0,0,0,64,128,128,20,128,256,256,20,16.19,9.49,6.70,0,32,15,822,110,83,0,0,0,0,0,0,0,65536,131072,131072,131072,131072,32,65536,131072,131072,131072,131072,15,65536,131072,262144,262144,524288,817,131072,131072,131072,131072,262144,108,65536,131072,131072,131072,131072,81,0,0,0,0,0,0,0,0,0,0,0,0,0,0,0,0,0,0,0,0,0,0,0,0,0,0,0,0,0,0,0,0,0,0,0,0,13,0,29882,35720,53837,0,41,20,0
42085347822300,3886,4096,4096,16384,27506,512,512,1024,3872,4096,8192,8192,3040,4096,8192,16384,757,8192,8192,8192,29,2048,2048,4096,748,512,1024,1024,3057,1024,2048,2048,536,4096,8192,8192,19,1024,131072,262144,39951,1048576,2097152,2097152,41,1048576,1048576,1048576,41,524288,524288,524288,41,1024,1024,1024,41,64,65536,65536,41,256,512,1024,4953,256,512,1024,5439,256,512,1024,247554,256,512,1024,27360,128,512,512,4393,256,512,1024,6543,512,1024,2048,1389,256,512,1024,1335,128,512,1024,26955,128,512,1024,3465,128,512,1024,537,128,512,1024,225,256,512,1024,261,256,1024,1024,171,2048,2048,2048,8,1024,1024,1024,6,64,64,64,14,64,128,128,21,128,16384,65536,21,15.65,9.57,6.08,6,29,12,748,96,100,60,262144,262144,262144,262144,262144,6,65536,131072,131072,131072,131072,29,65536,131072,131072,131072,131072,12,65536,131072,262144,262144,262144,755,65536,131072,131072,131072,262144,98,65536,131072,131072,131072,131072,102,131072,262144,262144,262144,524288,60,0,0,0,0,0,0,0,0,0,0,0,0,0,0,0,0,0,0,0,0,0,0,0,0,0,0,0,0,0,0,1,0,29780,34412,54144,0,41,21,0
42086363967900,3897,4096,4096,16384,27651,512,512,1024,3856,4096,8192,8192,3121,4096,8192,16384,769,8192,8192,8192,25,2048,2048,4096,761,512,1024,1024,3097,1024,2048,2048,527,4096,8192,8192,19,1024,131072,262144,40198,1048576,2097152,2097152,41,1048576,1048576,1048576,41,524288,524288,524288,41,1024,1024,1024,41,128,65536,131072,41,256,512,1024,5501,256,512,1024,5402,256,512,1024,248859,256,512,1024,28089,128,512,512,4540,256,512,1024,6984,512,1024,2048,1590,256,512,1024,1428,128,512,1024,26145,128,512,1024,3384,256,512,1024,603,128,512,1024,270,256,512,512,225,256,512,1024,171,1024,2048,2048,12,1024,1024,1024,13,64,64,64,25,64,128,128,20,256,32768,32768,20,17.52,11.56,5.97,13,25,13,761,123,99,0,262144,262144,262144,262144,262144,13,65536,131072,131072,131072,131072,25,131072,131072,131072,131072,131072,13,65536,131072,131072,262144,524288,763,65536,131072,131072,131072,131072,121,65536,131072,131072,131072,131072,98,0,0,0,0,0,0,0,0,0,0,0,0,0,0,0,0,0,0,0,0,0,0,0,0,0,0,0,0,0,0,0,0,0,0,0,0,3,0,29456,34735,55011,0,41,20,0
42087380863100,3917,4096,4096,16384,28220,512,512,1024,3932,4096,8192,8192,3180,4096,8192,16384,741,8192,8192,8192,25,2048,2048,4096,863,512,1024,1024,3152,1024,2048,2048,506,4096,4096,4096,18,1024,131072,262144,41017,1048576,2097152,2097152,40,1048576,1048576,1048576,40,524288,524288,524288,40,1024,1024,1024,40,128,32768,131072,40,256,512,1024,5129,256,512,1024,4949,256,512,1024,253980,256,512,1024,28620,128,512,512,4524,256,512,1024,6516,512,1024,2048,1472,256,512,1024,1346,256,512,1024,26919,128,512,1024,3087,256,512,1024,627,128,512,512,243,256,512,1024,225,256,512,1024,162,1024,2048,2048,23,1024,1024,1024,21,64,64,64,44,64,128,128,20,16384,131072,131072,20,15.38,9.56,5.82,21,25,10,863,89,91,0,262144,262144,262144,262144,524288,20,65536,131072,131072,131072,131072,25,65536,131072,131072,131072,262144,10,65536,131072,131072,262144,524288,859,131072,131072,131072,131072,131072,91,65536,131072,131072,131072,262144,92,0,0,0,0,0,0,0,0,0,0,0,0,0,0,0,0,0,0,0,0,0,0,0,0,0,0,0,0,0,0,0,0,0,0,0,0,4,0,29019,34698,53529,0,40,20,0
42088403320800,3943,4096,4096,16384,27587,512,512,1024,3899,4096,8192,8192,3109,4096,16384,16384,824,8192,8192,8192,36,2048,2048,4096,759,512,1024,1024,3121,1024,2048,2048,555,4096,4096,4096,16,512,131072,262144,40301,1048576,2097152,2097152,41,1048576,1048576,1048576,41,524288,524288,524288,41,1024,1024,2048,41,128,65536,131072,41,256,512,1024,5074,256,512,1024,4840,256,512,1024,248283,256,512,1024,27981,128,512,1024,4650,256,512,1024,7047,512,1024,2048,1752,256,512,1024,1491,256,512,1024,26820,256,512,1024,3222,128,512,1024,480,256,512,512,306,256,512,1024,324,256,512,1024,144,1024,2048,2048,23,1024,1024,1024,23,64,64,128,46,64,64,128,21,16384,131072,131072,21,18.04,11.60,6.43,23,36,8,759,117,116,0,262144,262144,262144,262144,262144,24,131072,131072,262144,262144,262144,36,65536,131072,131072,131072,131072,7,65536,131072,262144,524288,524288,762,131072,131072,131072,262144,524288,117,65536,131072,131072,262144,262144,116,0,0,0,0,0,0,0,0,0,0,0,0,0,0,0,0,0,0,0,0,0,0,0,0,0,0,0,0,0,0,0,0,0,0,0,0,2,0,29563,34924,55191,0,41,21,0
42089417706000,3963,4096,4096,16384,28202,512,512,1024,3989,4096,8192,16384,3185,4096,16384,16384,811,8192,8192,8192,36,2048,2048,4096,820,512,1024,1024,3238,1024,2048,2048,548,4096,4096,4096,18,512,131072,262144,41230,1048576,2097152,2097152,40,1048576,1048576,1048576,40,524288,1048576,1048576,40,1024,2048,2048,40,64,131072,131072,40,256,512,1024,5179,256,512,1024,4999,256,512,1024,253818,256,512,1024,28665,128,512,512,4974,256,512,1024,6822,512,1024,2048,1236,256,512,1024,1479,256,512,1024,26352,256,512,1024,3132,128,512,1024,459,128,512,1024,333,256,512,512,324,256,512,1024,162,1024,2048,2048,22,1024,1024,1024,23,64,64,256,45,64,128,128,20,16384,131072,131072,20,16.97,10.50,6.48,23,36,2,820,97,89,0,262144,262144,262144,262144,262144,23,65536,131072,131072,131072,131072,36,65536,131072,131072,131072,131072,3,65536,131072,262144,262144,262144,821,65536,131072,131072,131072,131072,97,65536,131072,131072,131072,131072,89,0,0,0,0,0,0,0,0,0,0,0,0,0,0,0,0,0,0,0,0,0,0,0,0,0,0,0,0,0,0,0,0,0,0,0,0,0,0,30377,35033,53207,0,40,20,0
42090436922700,3984,4096,4096,16384,27842,512,512,1024,3931,4096,8192,8192,3164,4096,16384,32768,858,8192,8192,8192,37,2048,2048,4096,800,512,1024,1024,3149,1024,2048,2048,530,4096,4096,8192,31,1024,131072,262144,40732,1048576,2097152,2097152,41,1048576,1048576,1048576,41,524288,524288,524288,41,1024,2048,2048,41,64,65536,131072,42,256,512,1024,5527,256,512,1024,5338,256,512,1024,250578,256,512,1024,28476,128,512,512,4831,256,512,1024,7326,512,1024,2048,1365,256,512,1024,1473,256,512,1024,25677,128,512,1024,3195,128,512,1024,504,128,512,1024,396,256,512,1024,333,256,1024,1024,279,1024,2048,2048,17,1024,1024,1024,18,64,128,256,35,64,128,128,21,16384,131072,131072,21,16.59,8.61,7.98,18,37,9,800,81,88,0,262144,262144,262144,262144,262144,18,65536,131072,131072,131072,131072,37,65536,131072,131072,131072,131072,9,65536,131072,262144,262144,524288,800,131072,131072,131072,131072,131072,79,65536,131072,131072,131072,131072,87,0,0,0,0,0,0,0,0,0,0,0,0,0,0,0,0,0,0,0,0,0,0,0,0,0,0,0,0,0,0,0,0,0,0,0,0,3,0,30255,34989,54898,0,41,21,0
42091452246500,3995,4096,4096,16384,27964,512,512,1024,3939,4096,8192,8192,3106,4096,8192,16384,774,8192,8192,8192,33,2048,2048,4096,803,512,1024,1024,3130,1024,2048,2048,517,4096,4096,4096,18,1024,131072,262144,40656,1048576,2097152,2097152,41,1048576,1048576,1048576,41,524288,524288,524288,41,1024,2048,2048,41,64,131072,131072,40,256,512,1024,5153,256,512,1024,5054,256,512,1024,251676,256,512,1024,27954,128,512,1024,4303,256,512,1024,6723,512,1024,1024,1503,256,512,1024,1413,256,512,1024,26883,128,512,1024,3249,128,512,1024,297,128,512,512,216,256,512,1024,297,256,512,1024,162,2048,2048,2048,10,1024,1024,1024,11,64,64,64,21,64,64,64,20,128,65536,65536,20,16.80,10.21,6.59,11,33,9,803,96,95,0,262144,262144,262144,262144,262144,11,65536,131072,131072,131072,131072,33,65536,65536,65536,65536,131072,9,65536,131072,131072,262144,262144,803,131072,131072,131072,131072,131072,98,65536,131072,131072,131072,131072,96,0,0,0,0,0,0,0,0,0,0,0,0,0,0,0,0,0,0,0,0,0,0,0,0,0,0,0,0,0,0,0,0,0,0,0,0,0,0,29306,34277,53549,0,41,20,0
42092471629300,4000,4096,4096,16384,28906,512,512,1024,3992,4096,8192,8192,3277,4096,16384,32768,850,8192,8192,8192,25,2048,2048,4096,836,512,1024,1024,3236,1024,2048,2048,541,4096,8192,8192,21,1024,131072,262144,42073,1048576,2097152,2097152,41,1048576,1048576,1048576,41,524288,524288,524288,41,1024,2048,2048,41,64,65536,131072,41,256,512,1024,4963,256,512,1024,4918,256,512,1024,260154,256,512,1024,29493,128,512,512,4734,256,512,1024,7344,512,1024,2048,1385,256,512,1024,1385,256,512,1024,26793,128,512,1024,3375,256,512,512,396,256,512,1024,288,256,512,1024,225,256,1024,1024,189,1024,2048,2048,5,1024,1024,1024,5,0,64,64,10,64,128,128,20,128,65536,65536,20,19.02,10.15,8.88,5,25,10,836,99,96,0,262144,262144,262144,262144,262144,5,65536,131072,131072,131072,131072,25,131072,131072,131072,131072,131072,10,65536,131072,131072,262144,262144,835,131072,131072,131072,131072,131072,99,65536,131072,131072,131072,131072,96,0,0,0,0,0,0,0,0,0,0,0,0,0,0,0,0,0,0,0,0,0,0,0,0,0,0,0,0,0,0,0,0,0,0,0,0,1,0,29370,35325,54461,0,41,20,0
42093489732100,3940,4096,4096,16384,28164,256,512,1024,3952,4096,8192,8192,3164,4096,8192,16384,819,8192,8192,8192,30,2048,2048,4096,811,512,1024,1024,3206,1024,2048,2048,553,4096,4096,4096,25,1024,131072,262144,41100,1048576,2097152,2097152,40,1048576,1048576,1048576,40,524288,524288,524288,40,1024,1024,2048,40,64,65536,131072,41,256,512,1024,5088,256,512,1024,5628,256,512,1024,253476,256,512,1024,28476,128,512,1024,4801,256,512,1024,6921,512,1024,2048,1335,256,512,1024,1398,128,512,1024,25902,128,512,1024,3141,128,512,1024,405,128,512,512,252,256,512,512,270,256,512,1024,225,0,0,0,0,0,0,0,0,0,0,0,0,64,64,128,21,128,128,256,21,17.50,11.28,6.22,0,30,8,811,102,103,60,0,0,0,0,0,0,65536,131072,131072,131072,131072,30,65536,131072,131072,131072,131072,8,65536,131072,131072,262144,262144,811,131072,131072,131072,131072,131072,102,65536,131072,131072,131072,262144,103,131072,262144,262144,262144,262144,60,0,0,0,0,0,0,0,0,0,0,0,0,0,0,0,0,0,0,0,0,0,0,0,0,0,0,0,0,0,0,1,0,28529,34458,55368,0,40,21,0
42094503802900,3880,4096,4096,16384,27699,512,512,1024,3957,4096,8192,8192,3107,4096,8192,32768,783,8192,8192,16384,35,2048,2048,4096,782,512,1024,1024,3130,1024,2048,2048,528,4096,8192,8192,13,2048,131072,262144,40376,1048576,2097152,2097152,41,1048576,1048576,1048576,41,524288,524288,524288,41,1024,2048,2048,41,128,65536,131072,40,256,512,1024,5022,256,512,1024,5562,256,512,1024,249291,256,512,1024,27963,128,512,512,4340,256,512,1024,6372,512,1024,1024,1485,256,512,1024,1512,256,512,1024,26901,128,512,1024,3033,256,512,512,543,128,512,1024,279,256,512,1024,315,256,1024,1024,117,0,0,0,0,0,0,0,0,0,0,0,0,64,128,128,20,128,256,256,20,18.12,10.64,7.48,0,35,13,782,91,105,60,0,0,0,0,0,0,65536,131072,131072,131072,131072,35,131072,131072,131072,131072,131072,13,65536,131072,131072,262144,524288,771,131072,131072,131072,131072,131072,91,65536,131072,131072,131072,131072,105,131072,262144,262144,262144,262144,60,0,0,0,0,0,0,0,0,0,0,0,0,0,0,0,0,0,0,0,0,0,0,0,0,0,0,0,0,0,0,12,0,29504,34566,52881,0,41,20,0
42095523207500,3888,4096,4096,16384,27791,512,512,1024,3946,4096,8192,8192,3156,4096,8192,32768,810,8192,8192,8192,29,2048,2048,4096,774,512,1024,1024,3134,1024,2048,2048,514,4096,8192,8192,16,2048,131072,262144,40537,1048576,2097152,2097152,41,1048576,1048576,1048576,41,524288,524288,524288,41,1024,1024,2048,41,64,65536,524288,41,256,512,1024,5122,256,512,1024,5050,256,512,1024,250119,256,512,1024,28404,128,512,512,4774,256,512,1024,6651,512,1024,2048,1377,256,512,1024,1458,128,512,1024,24966,128,512,1024,3375,128,512,1024,570,128,512,512,288,256,512,1024,261,256,512,1024,144,2048,2048,2048,10,1024,1024,1024,8,64,64,64,18,64,128,128,20,128,65536,65536,20,16.00,9.81,6.19,8,29,16,774,81,101,0,262144,262144,262144,262144,262144,8,65536,131072,131072,131072,131072,29,65536,131072,131072,131072,131072,16,65536,131072,131072,262144,262144,786,131072,131072,131072,131072,131072,81,65536,131072,131072,131072,131072,101,0,0,0,0,0,0,0,0,0,0,0,0,0,0,0,0,0,0,0,0,0,0,0,0,0,0,0,0,0,0,0,0,0,0,0,0,0,0,28983,34492,54260,0,41,20,0
42096537061700,3897,4096,4096,16384,28218,256,512,1024,4040,4096,8192,8192,3173,4096,16384,32768,782,8192,8192,8192,33,2048,2048,4096,808,512,1024,2048,3134,1024,2048,2048,570,4096,4096,4096,7,1024,131072,262144,41156,1048576,2097152,2097152,40,1048576,1048576,1048576,40,524288,524288,524288,40,1024,2048,2048,40,64,131072,131072,40,256,512,1024,5149,256,512,1024,5068,256,512,1024,253962,256,512,1024,28557,128,512,1024,4660,256,512,1024,6381,512,1024,1024,1322,256,512,1024,1502,256,512,1024,25029,128,512,1024,2979,128,512,512,537,128,512,1024,342,256,512,1024,297,256,512,1024,63,2048,2048,2048,10,1024,1024,1024,10,64,64,64,20,64,128,128,20,128,131072,131072,20,17.49,10.85,6.64,10,33,26,808,89,82,0,262144,262144,262144,262144,262144,10,65536,131072,131072,131072,262144,33,65536,131072,131072,131072,131072,25,65536,131072,131072,262144,262144,808,131072,131072,131072,131072,131072,89,65536,131072,131072,131072,131072,82,0,0,0,0,0,0,0,0,0,0,0,0,0,0,0,0,0,0,0,0,0,0,0,0,0,0,0,0,0,0,0,0,0,0,0,0,1,0,28371,34749,55980,0,40,20,0
42097556779900,3922,4096,4096,16384,27693,512,512,1024,3982,4096,8192,8192,3087,4096,16384,32768,761,8192,8192,8192,40,2048,2048,4096,799,512,1024,2048,3133,1024,2048,2048,519,4096,4096,4096,17,2048,131072,262144,40440,1048576,2097152,2097152,41,1048576,1048576,1048576,41,524288,524288,524288,41,1024,2048,2048,41,128,65536,131072,41,256,512,1024,5321,256,512,1024,5096,256,512,1024,249237,256,512,1024,27783,128,512,1024,4530,256,512,1024,6381,512,1024,2048,1395,256,512,1024,1530,128,512,1024,24939,128,512,1024,3186,128,512,1024,654,128,512,512,324,256,512,1024,360,256,1024,1024,153,1024,2048,2048,26,1024,1024,1024,24,64,128,128,50,64,128,128,21,16384,65536,131072,21,16.26,10.24,6.02,24,40,34,799,114,88,0,262144,262144,262144,262144,262144,24,65536,131072,131072,131072,131072,40,65536,131072,131072,131072,131072,35,65536,131072,131072,131072,1048576,799,131072,131072,131072,131072,131072,114,65536,131072,131072,131072,131072,88,0,0,0,0,0,0,0,0,0,0,0,0,0,0,0,0,0,0,0,0,0,0,0,0,0,0,0,0,0,0,0,0,0,0,0,0,0,0,28853,34267,54413,0,41,21,0
42098573223000,3945,4096,4096,16384,27544,512,512,1024,3745,4096,8192,8192,3071,4096,8192,16384,788,8192,8192,16384,29,2048,2048,4096,773,512,1024,4096,3099,1024,2048,2048,525,4096,8192,8192,19,1024,131072,262144,39999,1048576,2097152,2097152,41,1048576,1048576,1048576,41,524288,524288,524288,41,1024,2048,2048,41,64,65536,131072,41,256,512,1024,5137,256,512,1024,4930,256,512,1024,247896,256,512,1024,27639,128,512,512,4620,256,512,1024,6453,512,1024,1024,1428,256,512,1024,1455,256,512,1024,25605,256,512,1024,2979,128,512,1024,411,128,512,512,279,256,1024,1024,261,256,512,1024,171,1024,2048,2048,23,1024,1024,1024,23,64,64,64,46,64,128,128,20,16384,131072,131072,20,17.18,9.93,7.25,23,29,36,773,74,84,0,262144,262144,262144,262144,524288,23,65536,131072,131072,131072,131072,29,65536,131072,131072,131072,262144,36,65536,131072,131072,262144,262144,772,131072,131072,131072,131072,131072,74,65536,131072,131072,131072,131072,84,0,0,0,0,0,0,0,0,0,0,0,0,0,0,0,0,0,0,0,0,0,0,0,0,0,0,0,0,0,0,0,0,0,0,0,0,1,0,29693,34354,53970,0,41,20,0
42099591509900,3969,4096,4096,16384,28629,512,512,1024,4139,4096,8192,8192,3185,4096,16384,16384,782,8192,8192,8192,48,2048,2048,4096,828,512,1024,4096,3233,1024,2048,2048,524,4096,8192,8192,20,1024,131072,262144,41848,1048576,2097152,2097152,40,1048576,1048576,1048576,40,524288,524288,524288,40,1024,2048,2048,40,64,65536,131072,40,256,512,1024,5464,256,512,1024,5248,256,512,1024,257661,256,512,1024,28665,128,512,512,4544,256,512,1024,6723,512,1024,2048,1456,256,512,1024,1510,256,512,1024,23706,256,512,1024,3033,256,512,1024,516,256,512,1024,387,256,512,512,432,256,1024,1024,180,1024,2048,2048,23,1024,1024,1024,25,64,64,64,48,64,128,128,20,16384,131072,131072,20,15.70,9.78,5.92,25,48,39,828,80,87,0,262144,262144,262144,262144,524288,25,65536,131072,131072,131072,131072,48,65536,131072,131072,131072,131072,39,65536,131072,131072,262144,262144,827,131072,131072,131072,131072,131072,80,65536,131072,131072,131072,131072,87,0,0,0,0,0,0,0,0,0,0,0,0,0,0,0,0,0,0,0,0,0,0,0,0,0,0,0,0,0,0,0,0,0,0,0,0,2,0,29000,35170,54353,0,40,20,0
42100607210600,3985,4096,4096,16384,28109,512,512,1024,4012,4096,8192,8192,3208,4096,8192,16384,840,8192,8192,8192,29,2048,2048,4096,821,512,1024,4096,3235,1024,2048,2048,550,4096,4096,4096,13,2048,131072,262144,41250,1048576,2097152,2097152,41,1048576,1048576,1048576,41,524288,524288,524288,41,1024,2048,2048,41,64,65536,65536,41,256,512,1024,5149,256,512,1024,5005,256,512,1024,252986,256,512,1024,28872,128,512,1024,4534,256,512,1024,7362,512,1024,2048,1611,256,512,1024,1494,256,512,1024,26262,256,512,1024,3042,128,512,1024,591,256,512,512,252,256,512,1024,261,256,512,1024,117,1024,2048,2048,15,1024,1024,1024,15,64,64,64,30,64,128,128,21,128,65536,65536,21,16.63,10.11,6.52,15,29,58,821,80,89,0,262144,262144,262144,262144,262144,15,65536,131072,131072,131072,262144,29,65536,131072,131072,131072,262144,58,65536,131072,131072,262144,262144,820,131072,131072,131072,131072,131072,80,65536,131072,131072,131072,131072,89,0,0,0,0,0,0,0,0,0,0,0,0,0,0,0,0,0,0,0,0,0,0,0,0,0,0,0,0,0,0,0,0,0,0,0,0,3,0,29075,34703,55315,0,41,21,0
42101627402700,4000,4096,4096,16384,28446,512,512,1024,3867,4096,8192,8192,3202,4096,8192,16384,752,8192,16384,16384,20,2048,2048,4096,784,512,1024,4096,3139,1024,2048,2048,505,4096,4096,4096,19,1024,131072,262144,41088,1048576,2097152,2097152,41,1048576,1048576,1048576,41,524288,524288,524288,41,512,1024,2048,41,64,32768,65536,41,256,512,1024,5321,256,512,1024,5186,256,512,1024,256018,256,512,1024,28818,128,512,1024,4203,256,512,1024,6417,512,1024,2048,1437,256,512,1024,1410,256,512,1024,26532,128,512,1024,3168,128,512,1024,465,128,512,512,270,256,1024,1024,180,256,512,1024,171,1024,2048,2048,13,1024,1024,1024,15,64,64,128,28,64,128,128,20,128,131072,131072,20,18.39,11.24,7.15,15,20,56,784,97,100,0,262144,262144,262144,262144,262144,15,65536,131072,131072,131072,131072,20,65536,131072,131072,131072,131072,56,65536,131072,131072,262144,262144,786,131072,131072,131072,131072,262144,97,65536,131072,131072,131072,131072,100,0,0,0,0,0,0,0,0,0,0,0,0,0,0,0,0,0,0,0,0,0,0,0,0,0,0,0,0,0,0,0,0,0,0,0,0,1,0,29062,34625,55266,0,41,20,0
42102644992800,4000,4096,4096,16384,29003,256,512,1024,4112,4096,8192,8192,3255,4096,16384,32768,794,8192,8192,8192,41,2048,2048,4096,834,512,1024,4096,3245,1024,2048,2048,581,4096,8192,8192,22,512,131072,262144,42325,1048576,2097152,2097152,41,1048576,1048576,1048576,41,524288,524288,1048576,41,1024,2048,2048,41,64,131072,131072,41,256,512,1024,4798,256,512,1024,4798,256,512,1024,261018,256,512,1024,29295,128,512,1024,4600,256,512,1024,6822,512,1024,2048,1311,256,512,1024,1410,256,512,1024,26028,128,512,1024,3132,128,512,512,375,256,512,1024,288,256,512,1024,369,256,1024,1024,198,0,0,0,0,0,0,0,0,0,0,0,0,64,128,128,21,128,128,256,21,17.70,10.95,6.75,0,41,53,834,84,101,0,0,0,0,0,0,0,65536,131072,131072,131072,131072,41,65536,131072,131072,131072,131072,53,65536,131072,131072,262144,524288,835,131072,131072,131072,131072,131072,84,65536,131072,131072,131072,131072,101,0,0,0,0,0,0,0,0,0,0,0,0,0,0,0,0,0,0,0,0,0,0,0,0,0,0,0,0,0,0,0,0,0,0,0,0,0,0,29504,35499,55277,0,41,21,0
42103661345800,3940,4096,4096,16384,27805,512,512,1024,3824,4096,8192,8192,3083,4096,8192,16384,814,8192,8192,8192,30,2048,2048,4096,795,512,1024,4096,3110,1024,2048,2048,515,4096,4096,4096,16,1024,131072,262144,40363,1048576,2097152,2097152,40,1048576,1048576,1048576,40,524288,524288,524288,40,1024,1024,1024,40,64,65536,65536,40,256,512,1024,5010,256,512,1024,5550,256,512,1024,250245,256,512,1024,27747,128,512,1024,4540,128,512,1024,6696,512,1024,2048,1419,256,512,1024,1392,128,512,1024,24966,128,512,1024,3042,128,512,1024,501,256,512,1024,306,256,512,1024,270,256,512,1024,144,0,0,0,0,0,0,0,0,0,0,0,0,64,64,64,20,128,256,256,20,17.41,11.09,6.32,0,30,58,795,82,84,60,0,0,0,0,0,0,65536,131072,131072,131072,131072,30,65536,131072,131072,131072,131072,58,65536,131072,131072,262144,262144,794,131072,131072,131072,131072,131072,82,65536,131072,131072,131072,131072,84,131072,262144,262144,262144,262144,60,0,0,0,0,0,0,0,0,0,0,0,0,0,0,0,0,0,0,0,0,0,0,0,0,0,0,0,0,0,0,0,0,29828,34144,52841,0,40,20,0
42104675331400,3880,4096,4096,16384,27851,512,512,1024,3932,4096,8192,16384,3122,4096,8192,16384,799,8192,8192,8192,39,2048,2048,4096,783,512,1024,4096,3167,1024,2048,2048,545,4096,8192,8192,17,1024,131072,262144,40621,1048576,2097152,2097152,41,1048576,1048576,1048576,41,524288,524288,524288,41,1024,2048,2048,41,64,32768,32768,41,256,512,1024,5098,256,512,1024,5638,256,512,1024,250659,256,512,1024,28098,128,512,512,4481,128,512,1024,6597,512,1024,2048,1335,256,512,1024,1371,256,512,1024,25227,128,512,1024,2853,128,512,512,507,128,512,512,306,256,512,1024,351,256,1024,1024,153,0,0,0,0,0,0,0,0,0,0,0,0,64,128,128,20,128,256,256,20,17.02,9.60,7.42,0,39,56,783,95,99,60,0,0,0,0,0,0,65536,131072,131072,131072,131072,39,65536,131072,131072,131072,131072,56,65536,131072,131072,131072,262144,782,131072,131072,131072,131072,262144,95,65536,131072,131072,131072,131072,99,131072,262144,262144,262144,262144,60,0,0,0,0,0,0,0,0,0,0,0,0,0,0,0,0,0,0,0,0,0,0,0,0,0,0,0,0,0,0,2,0,29005,34286,53884,0,41,20,0
42105694961700,3891,4096,4096,16384,28009,512,512,1024,3942,4096,8192,8192,3111,4096,8192,16384,825,8192,8192,16384,28,2048,2048,4096,809,512,1024,4096,3142,1024,2048,2048,547,4096,4096,4096,23,1024,131072,262144,40797,1048576,2097152,2097152,41,1048576,1048576,1048576,41,524288,524288,524288,41,1024,2048,2048,41,64,65536,131072,41,256,512,1024,5318,256,512,1024,5219,256,512,1024,252081,256,512,1024,27999,128,512,512,4626,256,512,1024,6759,512,1024,1024,1628,256,512,1024,1520,128,512,1024,25542,128,512,1024,2907,128,512,512,525,128,512,512,324,256,512,1024,252,256,512,1024,207,2048,2048,2048,11,1024,1024,1024,11,64,64,64,22,64,128,128,21,128,16384,32768,21,17.40,10.75,6.65,11,28,54,809,110,89,0,262144,262144,262144,262144,262144,11,65536,131072,131072,131072,262144,28,65536,131072,131072,131072,131072,54,65536,131072,131072,262144,524288,809,131072,131072,131072,131072,131072,110,65536,131072,131072,131072,131072,89,0,0,0,0,0,0,0,0,0,0,0,0,0,0,0,0,0,0,0,0,0,0,0,0,0,0,0,0,0,0,0,0,0,0,0,0,1,0,29805,35015,54071,0,41,21,0
42106716130100,3900,4096,4096,16384,27567,512,512,1024,3908,4096,8192,8192,3122,4096,8192,16384,800,8192,8192,8192,36,2048,2048,4096,744,512,1024,4096,3049,1024,2048,2048,529,4096,8192,8192,20,1024,131072,262144,40131,1048576,2097152,2097152,40,1048576,1048576,1048576,40,524288,524288,524288,40,1024,2048,2048,40,64,65536,65536,40,256,512,1024,5051,256,512,1024,4970,256,512,1024,248103,256,512,1024,28098,128,512,1024,4574,256,512,1024,6453,512,1024,1024,1443,256,512,1024,1317,256,512,1024,24381,128,512,512,3087,128,512,1024,609,128,512,512,243,256,512,1024,324,256,512,1024,180,1024,2048,2048,13,1024,1024,1024,10,64,64,64,23,64,128,128,20,128,16384,16384,20,18.32,9.74,8.58,10,36,48,744,101,91,0,262144,262144,262144,262144,262144,10,65536,131072,131072,131072,262144,36,65536,131072,131072,131072,131072,48,65536,131072,131072,262144,262144,745,131072,131072,131072,262144,262144,101,65536,131072,131072,131072,131072,91,0,0,0,0,0,0,0,0,0,0,0,0,0,0,0,0,0,0,0,0,0,0,0,0,0,0,0,0,0,0,0,0,0,0,0,0,1,0,29857,34882,53792,0,40,20,0
42107732208200,3923,4096,4096,16384,28099,512,512,1024,3974,4096,8192,8192,3157,4096,8192,16384,799,8192,8192,8192,27,2048,2048,4096,808,512,1024,2048,3238,1024,2048,2048,522,4096,4096,4096,18,2048,131072,262144,41016,1048576,2097152,2097152,41,1048576,1048576,1048576,41,524288,524288,524288,41,1024,1024,2048,41,64,32768,65536,41,256,512,1024,5424,256,512,1024,5217,256,512,1024,252891,256,512,1024,28413,128,512,1024,4941,256,512,1024,6489,512,1024,1024,1528,256,512,1024,1402,128,512,1024,25668,128,512,1024,3042,128,512,512,636,128,512,1024,315,256,512,1024,243,256,1024,1024,162,1024,2048,2048,23,1024,1024,1024,23,64,64,64,46,64,128,128,20,16384,65536,65536,20,15.48,8.63,6.85,23,27,46,808,88,73,0,262144,262144,262144,262144,262144,23,65536,131072,131072,131072,131072,27,65536,131072,131072,131072,131072,46,65536,131072,131072,262144,4194304,809,131072,131072,524288,524288,4194304,88,65536,131072,131072,131072,131072,73,0,0,0,0,0,0,0,0,0,0,0,0,0,0,0,0,0,0,0,0,0,0,0,0,0,0,0,0,0,0,0,0,0,0,0,0,0,0,29445,35430,54805,0,41,20,0
42108750994700,3947,4096,4096,16384,27507,512,512,1024,3866,4096,8192,16384,3086,4096,8192,16384,823,8192,8192,8192,41,2048,2048,4096,844,512,1024,2048,3050,1024,2048,2048,516,4096,4096,4096,17,1024,131072,262144,40147,1048576,2097152,2097152,41,1048576,1048576,2097152,41,524288,524288,524288,41,1024,2048,2048,41,64,65536,65536,41,256,512,1024,5692,256,512,1024,5476,256,512,1024,247563,256,512,1024,27774,128,512,1024,4772,256,512,1024,6561,512,1024,2048,1476,256,512,1024,1476,256,512,1024,27504,256,512,1024,3402,128,512,1024,417,128,512,1024,324,256,512,1024,369,256,512,1024,153,1024,2048,2048,23,1024,1024,1024,23,64,128,128,46,64,64,64,21,16384,131072,131072,21,16.33,8.62,7.72,23,41,38,844,93,95,0,262144,262144,262144,262144,524288,23,65536,131072,131072,131072,262144,41,65536,131072,131072,131072,131072,38,65536,131072,131072,262144,524288,841,131072,131072,131072,131072,131072,93,65536,131072,131072,131072,131072,95,0,0,0,0,0,0,0,0,0,0,0,0,0,0,0,0,0,0,0,0,0,0,0,0,0,0,0,0,0,0,0,0,0,0,0,0,3,0,29279,34336,55042,0,41,21,0
42109766818300,3970,4096,4096,16384,28210,512,512,1024,3982,4096,8192,8192,3247,4096,8192,16384,815,8192,8192,8192,38,2048,4096,4096,773,512,1024,4096,3236,1024,2048,2048,549,4096,4096,4096,21,1024,131072,262144,41249,1048576,2097152,2097152,40,1048576,1048576,1048576,40,524288,524288,524288,40,1024,2048,2048,40,64,65536,65536,40,256,512,1024,5201,256,512,1024,4994,256,512,1024,253890,256,512,1024,29223,128,512,512,4877,256,512,1024,6642,512,1024,1024,1399,256,512,1024,1399,256,512,1024,26649,128,512,1024,3060,256,512,1024,555,128,512,1024,351,256,512,1024,342,256,512,1024,189,2048,2048,2048,24,1024,1024,1024,24,64,64,128,48,64,128,128,20,16384,131072,131072,20,18.10,10.91,7.19,24,38,52,773,70,94,0,262144,262144,262144,262144,524288,24,65536,131072,131072,131072,131072,38,65536,131072,262144,262144,8388608,52,65536,131072,131072,262144,262144,776,131072,131072,131072,131072,524288,70,65536,131072,131072,131072,262144,94,0,0,0,0,0,0,0,0,0,0,0,0,0,0,0,0,0,0,0,0,0,0,0,0,0,0,0,0,0,0,0,0,0,0,0,0,0,0,28582,34554,55798,0,40,20,0
42110780064700,3984,4096,8192,16384,27911,512,512,1024,3912,4096,8192,8192,3053,4096,8192,16384,749,8192,8192,8192,35,2048,4096,4096,782,512,1024,4096,3066,1024,2048,2048,516,4096,4096,4096,21,2048,131072,262144,40425,1048576,2097152,2097152,41,1048576,1048576,1048576,41,524288,524288,524288,41,1024,1024,1024,41,64,32768,131072,41,256,512,1024,5318,256,512,1024,5192,256,512,1024,251207,256,512,1024,27477,128,512,512,4670,256,512,1024,5976,512,1024,2048,1392,256,512,1024,1509,256,512,1024,26487,128,512,1024,3366,128,512,1024,522,128,512,1024,297,256,512,512,315,256,512,1024,189,1024,2048,2048,11,1024,1024,1024,13,64,64,64,24,64,128,128,20,8192,65536,65536,20,16.21,8.68,7.53,13,35,57,782,75,86,0,262144,262144,262144,262144,262144,13,65536,131072,131072,131072,131072,35,65536,131072,131072,131072,131072,57,65536,131072,131072,262144,262144,782,131072,131072,131072,131072,262144,75,65536,131072,131072,131072,131072,86,0,0,0,0,0,0,0,0,0,0,0,0,0,0,0,0,0,0,0,0,0,0,0,0,0,0,0,0,0,0,0,0,0,0,0,0,0,0,28517,33932,53986,0,41,20,0
42111800103500,3996,4096,8192,16384,28464,256,512,1024,4001,4096,8192,8192,3211,4096,8192,16384,818,8192,8192,8192,33,2048,2048,4096,787,512,1024,4096,3290,1024,2048,2048,567,4096,8192,8192,15,1024,131072,262144,41598,1048576,2097152,2097152,41,1048576,1048576,1048576,41,524288,524288,1048576,41,1024,1024,1024,41,128,65536,131072,41,256,512,1024,5363,256,512,1024,5255,256,512,1024,256168,256,512,1024,28899,128,512,1024,4655,256,512,1024,6912,512,1024,2048,1458,256,512,1024,1368,256,512,1024,26784,128,512,1024,3294,256,512,1024,504,128,512,512,324,256,512,1024,297,256,1024,1024,135,1024,2048,2048,12,1024,1024,1024,12,64,64,64,24,64,128,128,21,256,65536,65536,21,17.19,10.13,7.05,12,33,42,787,78,85,0,262144,262144,262144,262144,262144,12,65536,131072,131072,131072,131072,33,65536,131072,131072,131072,131072,42,65536,131072,131072,262144,262144,784,131072,131072,131072,131072,131072,78,65536,131072,131072,131072,131072,85,0,0,0,0,0,0,0,0,0,0,0,0,0,0,0,0,0,0,0,0,0,0,0,0,0,0,0,0,0,0,0,0,0,0,0,0,3,0,29011,34879,54629,0,41,21,0
42112816340800,3940,4096,4096,16384,27399,512,512,1024,3960,4096,8192,8192,3164,4096,8192,16384,791,8192,8192,16384,37,2048,2048,4096,806,512,1024,4096,3130,1024,2048,2048,537,4096,8192,8192,20,512,131072,262144,40252,1048576,2097152,2097152,41,1048576,1048576,1048576,41,524288,524288,524288,41,1024,2048,2048,41,128,65536,65536,41,256,512,1024,5116,256,512,1024,5620,256,512,1024,246591,256,512,1024,28476,128,512,1024,4721,256,512,1024,6417,512,1024,2048,1341,256,512,1024,1449,256,512,1024,25236,128,512,1024,3060,256,512,1024,555,128,512,1024,333,128,512,1024,333,256,512,1024,180,1024,2048,2048,3,1024,1024,1024,4,64,64,64,7,64,128,128,20,128,16384,16384,20,17.59,10.20,7.39,4,37,55,806,92,84,60,262144,262144,262144,262144,262144,4,65536,131072,131072,131072,131072,37,65536,131072,131072,131072,262144,53,65536,131072,131072,262144,262144,781,65536,131072,131072,131072,262144,90,65536,131072,131072,131072,131072,83,131072,262144,262144,262144,262144,60,0,0,0,0,0,0,0,0,0,0,0,0,0,0,0,0,0,0,0,0,0,0,0,0,0,0,0,0,0,0,33,0,29239,33723,54342,0,41,20,0
42113838149200,3940,4096,4096,16384,28875,256,512,1024,3961,4096,8192,8192,3214,4096,8192,16384,807,8192,8192,8192,43,2048,2048,4096,887,512,1024,2048,3200,1024,2048,2048,529,4096,4096,4096,23,1024,131072,262144,42004,1048576,2097152,2097152,40,1048576,1048576,1048576,40,524288,524288,524288,40,1024,2048,2048,40,128,65536,65536,40,256,512,1024,5194,256,512,1024,5194,256,512,1024,259875,128,512,1024,28926,128,512,1024,4791,256,512,1024,6480,512,1024,2048,1461,256,512,1024,1497,128,512,1024,25173,128,512,1024,3123,128,512,1024,591,128,512,512,387,256,512,1024,387,256,512,1024,207,0,0,0,0,0,0,0,0,0,0,0,0,64,128,128,20,128,128,128,20,17.10,11.44,5.66,0,43,40,887,96,78,0,0,0,0,0,0,0,65536,131072,131072,131072,131072,43,65536,131072,262144,262144,262144,42,65536,131072,131072,262144,262144,914,65536,131072,131072,131072,131072,98,65536,131072,131072,131072,262144,79,0,0,0,0,0,0,0,0,0,0,0,0,0,0,0,0,0,0,0,0,0,0,0,0,0,0,0,0,0,0,0,0,0,0,0,0,0,0,29618,35022,54861,0,40,20,0
42114857213000,3880,4096,4096,16384,27911,512,512,1024,3911,4096,8192,8192,3097,4096,8192,16384,753,8192,8192,8192,32,2048,2048,4096,815,512,1024,4096,3148,1024,2048,2048,555,4096,4096,4096,21,1024,131072,262144,40638,1048576,2097152,2097152,41,1048576,1048576,1048576,41,524288,524288,524288,41,1024,1024,2048,41,128,32768,65536,41,256,512,1024,4909,256,512,1024,5449,256,512,1024,251199,256,512,1024,27873,128,512,1024,4220,256,512,1024,6300,512,1024,2048,1363,256,512,1024,1471,128,512,1024,26703,128,512,1024,3231,128,512,512,435,128,512,512,234,128,512,1024,288,256,512,1024,189,0,0,0,0,0,0,0,0,0,0,0,0,64,128,128,21,128,256,256,21,16.32,9.74,6.58,0,32,48,815,85,100,60,0,0,0,0,0,0,65536,131072,131072,131072,131072,32,65536,131072,131072,131072,131072,48,65536,131072,131072,262144,262144,816,131072,131072,131072,131072,262144,85,65536,131072,131072,131072,131072,100,131072,262144,262144,262144,262144,60,0,0,0,0,0,0,0,0,0,0,0,0,0,0,0,0,0,0,0,0,0,0,0,0,0,0,0,0,0,0,0,0,29674,35084,54565,0,41,21,0
42115871870800,3891,4096,4096,16384,27602,512,512,1024,3887,4096,8192,8192,3053,4096,8192,16384,796,8192,8192,16384,25,2048,2048,4096,717,512,1024,4096,3101,1024,2048,2048,507,4096,8192,8192,25,1024,131072,262144,40100,1048576,2097152,2097152,41,1048576,1048576,1048576,41,524288,524288,1048576,41,512,1024,1024,41,64,131072,131072,41,256,512,1024,5255,256,512,1024,5156,256,512,1024,248418,256,512,1024,27477,128,512,512,4360,256,512,1024,6867,512,1024,2048,1338,256,512,1024,1347,256,512,1024,25119,256,512,1024,3366,128,512,1024,711,256,512,1024,234,256,512,1024,225,256,1024,1024,225,1024,2048,2048,12,1024,1024,1024,11,64,64,64,23,64,128,128,20,8192,16384,16384,20,16.46,10.24,6.22,11,25,49,717,77,77,0,262144,262144,262144,262144,262144,11,65536,131072,131072,131072,131072,25,65536,131072,131072,131072,262144,49,65536,131072,131072,262144,4194304,717,131072,131072,131072,131072,131072,77,65536,131072,131072,131072,131072,77,0,0,0,0,0,0,0,0,0,0,0,0,0,0,0,0,0,0,0,0,0,0,0,0,0,0,0,0,0,0,0,0,0,0,0,0,0,0,30125,34949,53928,0,41,20,0
42116890825400,3904,4096,4096,16384,27874,512,512,1024,3879,4096,8192,8192,3117,4096,8192,16384,777,8192,8192,8192,28,2048,2048,4096,787,512,1024,4096,3136,1024,2048,2048,522,4096,4096,4096,13,1024,131072,262144,40533,1048576,2097152,2097152,41,1048576,1048576,1048576,41,524288,524288,524288,41,1024,1024,2048,41,64,65536,131072,41,256,512,1024,5393,256,512,1024,5276,256,512,1024,250866,256,512,1024,28053,128,512,512,4306,256,512,1024,6489,512,1024,1024,1368,256,512,1024,1332,256,512,1024,24525,128,512,1024,3267,128,512,512,723,128,512,512,234,256,512,1024,252,256,512,1024,117,1024,2048,2048,14,1024,2048,2048,13,64,64,64,27,64,64,128,21,128,32768,65536,21,17.22,9.88,7.34,13,28,51,787,79,75,0,262144,262144,262144,262144,262144,13,65536,131072,131072,131072,131072,28,65536,131072,131072,131072,524288,51,65536,131072,262144,262144,262144,782,131072,131072,131072,131072,131072,79,65536,131072,131072,131072,131072,75,0,0,0,0,0,0,0,0,0,0,0,0,0,0,0,0,0,0,0,0,0,0,0,0,0,0,0,0,0,0,0,0,0,0,0,0,5,0,28823,34584,55522,0,41,21,0
42117907955100,3925,4096,4096,16384,27691,512,512,1024,3898,4096,8192,16384,3185,4096,8192,16384,743,8192,8192,8192,26,2048,2048,4096,812,512,1024,4096,3153,1024,2048,2048,521,4096,8192,8192,16,1024,131072,262144,40424,1048576,2097152,2097152,40,1048576,1048576,1048576,40,524288,524288,1048576,40,512,1024,1024,40,64,65536,131072,40,256,512,1024,5323,256,512,1024,5134,256,512,1024,249219,128,512,1024,28665,128,512,1024,4290,256,512,1024,6417,512,1024,2048,1415,256,512,1024,1298,256,512,1024,25749,128,512,1024,3051,128,512,512,450,256,512,512,243,256,512,1024,234,256,1024,1024,144,1024,2048,2048,23,1024,1024,2048,21,64,64,128,44,64,128,128,20,16384,131072,131072,20,15.37,9.82,5.56,21,26,41,812,89,75,0,262144,262144,524288,524288,524288,21,65536,131072,131072,131072,131072,25,65536,131072,131072,131072,131072,39,65536,131072,262144,262144,524288,813,131072,131072,131072,131072,262144,89,65536,131072,131072,131072,131072,75,0,0,0,0,0,0,0,0,0,0,0,0,0,0,0,0,0,0,0,0,0,0,0,0,0,0,0,0,0,0,0,0,0,0,0,0,6,0,28905,34059,54946,0,40,20,0
42118923827800,3948,4096,4096,16384,28000,512,512,1024,3910,4096,8192,8192,3104,4096,8192,16384,805,8192,8192,8192,29,2048,2048,4096,799,512,1024,2048,3137,1024,2048,2048,536,4096,8192,8192,17,2048,131072,262144,40709,1048576,2097152,2097152,41,1048576,1048576,1048576,41,524288,524288,1048576,41,512,1024,1024,41,64,65536,131072,41,256,512,1024,5052,256,512,1024,4845,256,512,1024,252000,256,512,1024,27936,128,512,1024,4559,256,512,1024,6453,512,1024,1024,1436,256,512,1024,1400,128,512,1024,26928,128,512,1024,3393,128,512,1024,531,256,512,1024,279,256,1024,1024,261,256,512,1024,153,2048,2048,2048,22,1024,1024,1024,24,64,64,64,46,64,256,256,20,16384,131072,131072,20,17.40,10.92,6.48,24,29,29,799,83,97,0,262144,262144,262144,262144,262144,24,65536,131072,131072,131072,131072,30,65536,131072,262144,262144,262144,31,65536,131072,131072,262144,262144,803,131072,131072,262144,262144,262144,83,65536,131072,131072,131072,524288,97,0,0,0,0,0,0,0,0,0,0,0,0,0,0,0,0,0,0,0,0,0,0,0,0,0,0,0,0,0,0,0,0,0,0,0,0,0,0,29335,34806,52612,0,41,20,0
42119940895000,3972,4096,4096,16384,27588,512,512,1024,3914,4096,8192,8192,3117,4096,8192,32768,861,8192,8192,8192,27,2048,2048,4096,805,512,1024,4096,3149,1024,2048,2048,553,4096,4096,4096,25,1024,131072,262144,40391,1048576,2097152,2097152,40,1048576,1048576,2097152,40,524288,524288,524288,40,512,1024,2048,40,128,65536,65536,40,256,512,1024,5360,256,512,1024,5144,256,512,1024,248292,256,512,1024,28053,128,512,1024,4696,256,512,1024,7200,512,1024,1024,1347,256,512,1024,1338,256,512,1024,26505,128,512,1024,3114,128,512,1024,453,128,512,1024,243,256,1024,1024,243,256,512,1024,225,1024,2048,2048,23,1024,1024,1024,24,64,64,64,47,64,64,64,20,16384,131072,131072,20,17.69,10.20,7.49,24,27,44,805,91,79,0,262144,262144,262144,262144,262144,24,65536,131072,131072,131072,131072,27,65536,131072,131072,131072,262144,44,65536,131072,262144,262144,524288,803,131072,131072,262144,262144,262144,91,65536,131072,131072,131072,262144,79,0,0,0,0,0,0,0,0,0,0,0,0,0,0,0,0,0,0,0,0,0,0,0,0,0,0,0,0,0,0,0,0,0,0,0,0,2,0,29474,34433,54698,1,40,20,0
42120960074600,3991,4096,4096,16384,28361,512,512,1024,4079,4096,8192,8192,3208,4096,8192,16384,778,8192,8192,8192,35,2048,2048,4096,776,512,1024,4096,3260,1024,2048,2048,550,4096,4096,4096,25,2048,131072,262144,41459,1048576,2097152,2097152,41,1048576,1048576,1048576,41,524288,524288,524288,41,1024,1024,2048,41,64,131072,131072,41,256,512,1024,5183,256,512,1024,5012,256,512,1024,255249,128,512,1024,28872,128,512,1024,4608,256,512,1024,6390,512,1024,2048,1494,256,512,1024,1449,256,512,1024,25758,128,512,1024,3258,256,512,1024,489,128,512,512,351,256,512,1024,315,256,512,1024,225,1024,2048,2048,18,1024,1024,1024,18,64,64,64,36,64,128,128,21,16384,131072,131072,21,16.23,9.38,6.85,18,35,34,776,90,90,0,262144,262144,262144,262144,524288,18,65536,131072,131072,131072,262144,35,65536,131072,131072,131072,262144,34,65536,131072,262144,262144,524288,777,131072,131072,262144,262144,262144,90,65536,131072,262144,262144,262144,90,0,0,0,0,0,0,0,0,0,0,0,0,0,0,0,0,0,0,0,0,0,0,0,0,0,0,0,0,0,0,0,0,0,0,0,0,1,0,29139,34382,53227,0,41,21,0
42121977876500,4000,4096,8192,16384,28242,512,512,1024,4097,4096,8192,16384,3197,4096,8192,16384,822,8192,8192,8192,36,2048,2048,4096,814,512,1024,1024,3193,1024,2048,2048,504,4096,4096,4096,16,2048,131072,262144,41336,1048576,2097152,2097152,41,1048576,1048576,2097152,41,524288,524288,1048576,41,1024,1024,2048,41,64,32768,65536,41,256,512,1024,5428,256,512,1024,5347,256,512,1024,254181,256,512,1024,28773,128,512,1024,4646,128,512,1024,6642,512,1024,2048,1302,256,512,1024,1239,256,512,1024,26136,128,512,1024,3249,256,512,1024,513,128,512,512,243,256,512,1024,324,256,512,1024,144,1024,2048,2048,8,1024,1024,1024,9,64,64,64,17,64,128,128,20,128,32768,32768,20,16.24,10.74,5.50,9,36,26,814,89,90,0,262144,262144,262144,262144,262144,9,65536,131072,131072,131072,131072,36,65536,131072,131072,131072,262144,26,65536,131072,262144,262144,262144,814,131072,131072,262144,262144,524288,89,65536,131072,262144,262144,8388608,90,0,0,0,0,0,0,0,0,0,0,0,0,0,0,0,0,0,0,0,0,0,0,0,0,0,0,0,0,0,0,0,0,0,0,0,0,1,0,28564,33936,53950,0,41,20,0
42122993550000,3940,4096,4096,16384,28365,256,512,1024,3976,4096,8192,8192,3217,4096,8192,16384,837,8192,8192,8192,30,2048,2048,4096,813,512,1024,2048,3129,1024,2048,2048,591,4096,4096,4096,19,1024,131072,262144,41335,1048576,2097152,2097152,41,1048576,1048576,1048576,41,524288,524288,524288,41,1024,2048,2048,41,64,65536,131072,41,256,512,1024,5394,256,512,1024,5934,256,512,1024,255282,128,512,1024,28953,128,512,1024,4858,256,512,1024,6741,512,1024,2048,1479,256,512,1024,1479,128,512,1024,26757,128,512,1024,2952,128,512,512,510,128,512,512,369,256,512,1024,270,256,1024,1024,171,0,0,0,0,0,0,0,0,0,0,0,0,64,128,128,21,128,128,256,21,18.84,11.28,7.56,0,30,28,813,94,98,60,0,0,0,0,0,0,65536,131072,131072,131072,524288,28,65536,131072,131072,131072,262144,28,65536,131072,131072,262144,262144,809,131072,131072,131072,131072,262144,94,65536,131072,131072,131072,262144,98,131072,262144,524288,524288,524288,60,0,0,0,0,0,0,0,0,0,0,0,0,0,0,0,0,0,0,0,0,0,0,0,0,0,0,0,0,0,0,7,0,29140,34460,54981,0,41,21,0
42124012593700,3940,4096,4096,16384,27688,512,512,1024,3889,4096,8192,8192,3100,4096,8192,16384,809,8192,8192,16384,44,2048,2048,4096,804,512,1024,2048,3138,1024,2048,2048,519,4096,4096,4096,15,1024,131072,262144,40392,1048576,2097152,2097152,41,1048576,1048576,1048576,41,524288,524288,524288,41,1024,2048,2048,41,64,32768,131072,41,256,512,1024,4746,256,512,1024,4746,256,512,1024,249192,256,512,1024,27900,128,512,512,4443,256,512,1024,6462,512,1024,2048,1713,256,512,1024,1659,256,512,1024,26415,128,512,1024,3276,128,512,1024,513,128,512,512,351,256,512,1024,396,256,512,1024,135,0,0,0,0,0,0,0,0,0,0,0,0,64,128,128,20,128,256,256,20,16.37,10.36,6.01,0,44,31,804,102,82,0,0,0,0,0,0,0,65536,131072,131072,131072,262144,46,65536,131072,131072,131072,131072,31,65536,131072,131072,262144,262144,809,131072,131072,262144,262144,262144,102,65536,131072,131072,131072,262144,82,0,0,0,0,0,0,0,0,0,0,0,0,0,0,0,0,0,0,0,0,0,0,0,0,0,0,0,0,0,0,0,0,0,0,0,0,0,0,29098,34372,54259,0,41,20,0
42125028153500,3880,4096,4096,16384,28366,512,512,1024,3837,4096,8192,8192,3117,4096,8192,16384,799,8192,8192,8192,36,2048,2048,4096,813,512,1024,2048,3148,1024,2048,2048,523,4096,4096,4096,22,512,131072,262144,41058,1048576,2097152,2097152,40,1048576,1048576,1048576,40,524288,524288,524288,40,1024,2048,2048,40,128,65536,131072,40,256,512,1024,5190,256,512,1024,5730,256,512,1024,255294,128,512,1024,28053,128,512,1024,4596,256,512,1024,6183,512,1024,2048,1298,256,512,1024,1415,128,512,1024,25830,128,512,1024,3339,128,512,512,474,256,512,512,351,256,512,1024,324,256,512,1024,198,1024,1024,1024,2,0,0,0,0,0,0,0,2,64,128,128,20,128,128,128,20,15.50,10.08,5.43,0,36,30,813,82,73,60,0,0,0,0,0,0,65536,131072,131072,131072,131072,36,65536,131072,131072,131072,262144,30,65536,131072,262144,524288,524288,813,131072,131072,131072,131072,131072,82,65536,131072,131072,131072,262144,73,131072,262144,262144,262144,262144,60,0,0,0,0,0,0,0,0,0,0,0,0,0,0,0,0,0,0,0,0,0,0,0,0,0,0,0,0,0,0,0,0,28283,34713,55351,0,40,20,0
42126046733700,3895,4096,4096,16384,27885,512,512,1024,3920,4096,8192,8192,3198,4096,8192,16384,792,8192,8192,16384,31,2048,2048,4096,775,512,1024,2048,3195,1024,2048,2048,506,4096,4096,4096,16,2048,131072,262144,40689,1048576,2097152,2097152,41,1048576,1048576,1048576,41,524288,524288,524288,41,1024,2048,2048,41,64,32768,65536,41,256,512,1024,5125,256,512,1024,4990,256,512,1024,250965,256,512,1024,28782,128,512,512,4809,128,512,1024,6453,512,1024,1024,1395,256,512,1024,1485,128,512,1024,26829,128,512,1024,3339,128,512,1024,504,128,512,512,333,256,512,512,279,256,512,1024,144,2048,2048,2048,15,1024,1024,1024,15,64,64,64,30,64,128,128,21,128,131072,131072,21,16.99,9.76,7.23,15,31,31,775,89,97,0,262144,262144,262144,262144,262144,15,65536,131072,131072,131072,262144,31,65536,131072,131072,131072,262144,31,65536,131072,262144,262144,262144,775,131072,131072,131072,131072,131072,89,65536,131072,131072,131072,131072,97,0,0,0,0,0,0,0,0,0,0,0,0,0,0,0,0,0,0,0,0,0,0,0,0,0,0,0,0,0,0,0,0,0,0,0,0,0,0,29157,34407,52716,0,41,21,0
42127061729100,3911,4096,4096,16384,27445,512,512,1024,3911,4096,8192,8192,3039,4096,16384,16384,793,8192,8192,8192,40,2048,2048,4096,771,512,1024,1024,3110,1024,2048,2048,549,4096,4096,4096,21,2048,131072,262144,40115,1048576,2097152,2097152,40,1048576,1048576,1048576,40,524288,524288,524288,40,1024,2048,2048,40,64,32768,131072,40,256,512,1024,5195,256,512,1024,5051,256,512,1024,247005,256,512,1024,27351,128,512,1024,4816,256,512,1024,6363,512,1024,1024,1335,256,512,1024,1362,256,512,1024,25155,128,512,1024,3096,128,512,512,507,128,512,512,297,256,512,1024,360,256,512,512,189,1024,2048,2048,17,1024,1024,1024,16,64,64,64,33,64,128,128,20,16384,65536,65536,20,14.49,8.54,5.95,16,40,17,771,94,84,0,262144,262144,262144,262144,262144,16,65536,131072,131072,131072,262144,40,65536,131072,131072,131072,131072,17,65536,131072,262144,262144,262144,771,131072,131072,524288,524288,524288,94,65536,131072,131072,131072,262144,84,0,0,0,0,0,0,0,0,0,0,0,0,0,0,0,0,0,0,0,0,0,0,0,0,0,0,0,0,0,0,0,0,0,0,0,0,0,0,28250,33814,54616,0,40,20,0
42128082397000,3930,4096,8192,16384,27952,512,512,1024,3937,4096,8192,8192,3167,4096,8192,16384,794,8192,16384,32768,35,2048,2048,4096,795,512,1024,1024,3105,1024,2048,2048,527,4096,8192,8192,15,2048,131072,262144,40711,1048576,2097152,2097152,41,1048576,1048576,1048576,41,524288,524288,524288,41,1024,1024,1024,41,128,131072,262144,41,256,512,1024,5222,256,512,1024,5051,256,512,1024,251568,256,512,1024,28503,128,512,1024,4625,256,512,1024,6318,512,1024,2048,1430,256,512,1024,1502,128,512,1024,25344,128,512,1024,2952,128,512,1024,555,128,512,512,342,256,512,1024,315,256,1024,1024,135,1024,2048,2048,20,1024,1024,1024,19,64,64,64,39,64,128,128,20,16384,131072,131072,20,18.88,10.08,8.80,19,35,25,795,91,101,0,262144,262144,262144,262144,524288,19,65536,131072,131072,131072,262144,35,131072,131072,131072,131072,262144,25,65536,131072,262144,524288,524288,795,131072,131072,131072,131072,262144,91,65536,131072,131072,131072,262144,101,0,0,0,0,0,0,0,0,0,0,0,0,0,0,0,0,0,0,0,0,0,0,0,0,0,0,0,0,0,0,0,0,0,0,0,0,0,0,28260,34215,55338,0,41,20,0
42129099378700,3953,4096,4096,16384,28156,512,512,1024,3970,4096,8192,8192,3180,4096,16384,16384,768,8192,8192,8192,41,2048,2048,4096,830,512,1024,1024,3145,1024,2048,2048,570,4096,4096,4096,22,512,131072,262144,41108,1048576,2097152,2097152,41,1048576,1048576,1048576,41,524288,524288,524288,41,1024,2048,2048,41,128,65536,131072,41,256,512,1024,5266,256,512,1024,5059,256,512,1024,253404,128,512,1024,28620,128,512,1024,4320,256,512,1024,6327,512,1024,2048,1336,256,512,1024,1390,128,512,1024,25641,128,512,1024,3006,256,512,1024,512,128,512,512,351,256,512,1024,369,256,512,1024,198,1024,2048,2048,22,1024,1024,1024,23,64,64,128,45,64,64,64,21,16384,65536,131072,21,19.40,11.10,8.30,23,41,12,830,89,100,0,262144,262144,262144,262144,524288,23,65536,131072,131072,131072,262144,41,65536,131072,131072,131072,131072,12,65536,131072,262144,524288,524288,830,131072,131072,262144,262144,262144,89,65536,131072,131072,131072,131072,100,0,0,0,0,0,0,0,0,0,0,0,0,0,0,0,0,0,0,0,0,0,0,0,0,0,0,0,0,0,0,0,0,0,0,0,0,0,0,28962,34398,53196,0,41,21,0
42130117229300,3977,4096,4096,16384,28217,512,512,1024,3814,4096,8192,8192,3160,4096,16384,16384,767,8192,8192,8192,44,2048,2048,4096,780,512,1024,1024,3217,1024,2048,2048,527,4096,4096,4096,17,1024,131072,262144,40973,1048576,2097152,2097152,41,1048576,1048576,1048576,41,524288,524288,524288,41,1024,2048,2048,41,64,131072,131072,41,256,512,1024,5141,256,512,1024,4925,256,512,1024,253953,256,512,1024,28440,128,512,1024,4233,256,512,1024,6336,512,1024,1024,1588,256,512,1024,1579,256,512,1024,26199,128,512,1024,3015,128,512,1024,447,128,512,512,333,256,512,1024,396,256,512,512,153,1024,2048,2048,24,1024,1024,1024,26,64,64,128,50,64,128,128,20,16384,262144,262144,20,17.57,8.66,8.91,26,44,13,780,100,89,0,262144,262144,524288,524288,524288,26,65536,131072,131072,131072,131072,44,131072,131072,131072,131072,262144,13,65536,131072,262144,524288,8388608,778,131072,131072,262144,262144,262144,100,65536,131072,131072,131072,262144,89,0,0,0,0,0,0,0,0,0,0,0,0,0,0,0,0,0,0,0,0,0,0,0,0,0,0,0,0,0,0,0,0,0,0,0,0,2,0,28948,34252,54387,0,41,20,0
42131135387300,3989,4096,4096,16384,28084,512,512,1024,3850,4096,8192,8192,3135,4096,16384,32768,782,8192,8192,8192,23,2048,2048,4096,829,512,1024,1024,3167,1024,2048,2048,544,4096,4096,4096,18,1024,131072,262144,40843,1048576,2097152,2097152,40,1048576,1048576,1048576,40,524288,524288,524288,40,1024,2048,2048,40,128,65536,131072,41,256,512,1024,5377,256,512,1024,5269,256,512,1024,252756,128,512,1024,28215,128,512,1024,4434,256,512,1024,6624,512,1024,2048,1266,256,512,1024,1329,128,512,1024,25965,128,512,1024,3240,128,512,512,387,128,512,512,333,256,512,512,207,256,1024,1024,162,2048,2048,2048,11,1024,1024,1024,10,64,64,64,21,64,128,128,21,128,65536,131072,21,17.01,9.59,7.42,10,23,14,829,98,105,0,262144,262144,262144,262144,262144,10,131072,131072,131072,131072,131072,23,65536,131072,131072,131072,131072,14,65536,131072,131072,4194304,8388608,831,65536,131072,131072,131072,131072,97,65536,131072,262144,262144,524288,104,0,0,0,0,0,0,0,0,0,0,0,0,0,0,0,0,0,0,0,0,0,0,0,0,0,0,0,0,0,0,0,0,0,0,0,0,2,0,29077,34047,55293,0,40,21,0
42132150819700,4000,4096,4096,16384,28528,256,512,1024,4027,4096,8192,8192,3176,4096,8192,16384,831,8192,8192,8192,31,2048,2048,4096,839,512,1024,1024,3199,1024,2048,2048,530,4096,4096,4096,19,512,131072,262144,41622,1048576,2097152,2097152,41,1048576,1048576,1048576,41,524288,524288,524288,41,1024,2048,2048,41,64,65536,131072,40,256,512,1024,5205,256,512,1024,5106,256,512,1024,256752,128,512,1024,28584,128,512,1024,4788,256,512,1024,6939,512,1024,1024,1287,256,512,1024,1341,256,512,1024,25857,128,512,1024,3024,256,512,1024,513,128,512,512,243,256,512,1024,279,256,512,1024,171,1024,2048,2048,9,1024,1024,1024,11,64,64,64,20,64,128,128,20,128,131072,131072,20,16.25,9.55,6.71,11,31,6,839,100,100,0,262144,262144,262144,262144,262144,11,65536,131072,131072,131072,131072,31,65536,131072,131072,131072,131072,6,65536,131072,262144,262144,262144,834,131072,131072,131072,131072,131072,101,65536,131072,131072,131072,131072,101,0,0,0,0,0,0,0,0,0,0,0,0,0,0,0,0,0,0,0,0,0,0,0,0,0,0,0,0,0,0,0,0,0,0,0,0,4,0,29252,34680,54058,0,41,20,0
42133167949000,3940,4096,4096,16384,28760,512,512,1024,3970,4096,8192,16384,3233,4096,8192,16384,795,8192,8192,8192,37,2048,2048,4096,783,512,1024,1024,3199,1024,2048,2048,517,4096,4096,4096,17,1024,131072,262144,41745,1048576,2097152,2097152,40,1048576,1048576,1048576,40,524288,524288,524288,40,1024,2048,2048,40,128,131072,262144,40,256,512,1024,5159,256,512,1024,5699,256,512,1024,258840,256,512,1024,29097,128,512,1024,4670,256,512,1024,6696,512,1024,2048,1562,256,512,1024,1364,256,512,1024,25434,128,512,1024,2862,128,512,1024,537,128,512,512,261,256,512,1024,333,256,512,1024,153,0,0,0,0,0,0,0,0,0,0,0,0,64,128,128,20,128,256,256,20,19.11,12.05,7.05,0,37,15,783,97,95,60,0,0,0,0,0,0,65536,131072,131072,131072,131072,37,65536,131072,131072,131072,262144,15,65536,131072,262144,262144,262144,787,131072,131072,262144,262144,262144,97,65536,131072,262144,262144,262144,95,131072,262144,262144,262144,262144,60,0,0,0,0,0,0,0,0,0,0,0,0,0,0,0,0,0,0,0,0,0,0,0,0,0,0,0,0,0,0,1,0,28919,35044,55506,0,40,20,0
42134187600700,3940,4096,4096,16384,28213,512,512,1024,3937,4096,8192,8192,3123,4096,8192,16384,819,8192,8192,8192,25,2048,2048,4096,807,512,1024,1024,3114,1024,2048,2048,541,4096,8192,8192,20,1024,131072,262144,40947,1048576,2097152,2097152,42,1048576,1048576,1048576,42,524288,524288,524288,42,1024,2048,2048,42,128,32768,32768,42,256,512,1024,5491,256,512,1024,5491,256,512,1024,253917,128,512,1024,28109,128,512,1024,4707,128,512,1024,6507,512,1024,1024,1520,256,512,1024,1403,256,512,1024,25992,128,512,1024,3357,128,512,1024,537,128,512,1024,297,256,512,512,225,256,512,1024,180,0,0,0,0,0,0,0,0,0,0,0,0,64,128,128,21,128,256,256,21,15.97,9.63,6.34,0,25,6,807,119,101,0,0,0,0,0,0,0,65536,131072,131072,131072,262144,25,65536,65536,65536,65536,131072,6,65536,131072,131072,262144,262144,807,131072,131072,262144,262144,262144,113,65536,131072,131072,131072,131072,98,0,0,0,0,0,0,0,0,0,0,0,0,0,0,0,0,0,0,0,0,0,0,0,0,0,0,0,0,0,0,0,0,0,0,0,0,10,0,28481,34206,54191,0,42,21,0
42135207397200,3881,4096,4096,16384,28112,256,512,1024,4012,4096,8192,8192,3170,4096,8192,16384,832,8192,8192,8192,39,2048,2048,4096,765,512,1024,1024,3161,1024,2048,2048,534,4096,4096,4096,17,256,131072,262144,41012,1048576,2097152,2097152,40,1048576,1048576,1048576,40,524288,524288,524288,40,1024,2048,2048,40,64,65536,65536,40,256,512,1024,4870,256,512,1024,5401,256,512,1024,253008,256,512,1024,28528,128,512,512,4902,256,512,1024,6705,512,1024,1024,1431,256,512,1024,1377,128,512,1024,25155,128,512,1024,3015,128,512,512,576,128,512,512,324,256,512,1024,351,256,512,512,153,2048,2048,2048,3,0,0,0,1,64,64,64,4,64,128,128,20,128,256,256,20,16.15,10.21,5.94,1,39,9,765,90,89,60,0,0,0,0,262144,1,65536,131072,131072,131072,131072,39,65536,131072,131072,131072,262144,9,65536,131072,262144,262144,524288,766,131072,131072,131072,131072,262144,96,65536,131072,131072,131072,262144,92,262144,262144,262144,262144,262144,60,0,0,0,0,0,0,0,0,0,0,0,0,0,0,0,0,0,0,0,0,0,0,0,0,0,0,0,0,0,0,0,0,28474,34485,54855,90,40,20,0
42136222154200,3893,4096,4096,16384,27347,512,512,1024,3774,4096,8192,8192,3037,4096,8192,32768,762,8192,32768,262144,36,2048,2048,4096,819,512,1024,1024,3122,1024,2048,2048,532,4096,4096,8192,22,1024,131072,262144,39828,1048576,2097152,2097152,41,1048576,1048576,1048576,41,524288,524288,524288,41,1024,2048,2048,41,64,131072,131072,41,256,512,1024,4855,256,512,1024,4747,256,512,1024,246123,256,512,1024,27333,128,512,1024,4340,256,512,1024,6237,512,1024,2048,1532,256,512,1024,1505,256,512,1024,25983,128,512,512,3069,128,512,1024,648,128,512,1024,351,256,512,1024,324,256,1024,1024,198,2048,2048,2048,11,1024,1024,1024,12,64,64,64,23,64,128,128,20,512,131072,131072,20,18.13,9.76,8.37,12,36,5,819,105,102,0,262144,262144,262144,262144,524288,12,65536,131072,262144,262144,262144,36,65536,65536,65536,65536,131072,5,65536,131072,262144,262144,1048576,819,65536,131072,131072,131072,262144,105,65536,131072,131072,131072,131072,102,0,0,0,0,0,0,0,0,0,0,0,0,0,0,0,0,0,0,0,0,0,0,0,0,0,0,0,0,0,0,0,0,0,0,0,0,0,0,28528,33552,54747,0,41,20,0
42137236615000,3908,4096,4096,16384,27953,256,512,1024,3973,4096,8192,8192,3210,4096,8192,16384,802,8192,8192,8192,27,2048,2048,4096,794,512,1024,1024,3145,1024,2048,2048,549,4096,4096,4096,22,1024,131072,262144,40884,1048576,2097152,2097152,40,1048576,1048576,1048576,40,524288,524288,524288,40,1024,1024,2048,40,64,32768,65536,40,256,512,1024,4779,256,512,1024,4644,256,512,1024,251577,256,512,1024,28890,128,512,1024,4737,256,512,1024,6606,512,1024,2048,1281,256,512,1024,1308,128,512,1024,26595,128,512,512,3015,128,512,512,582,128,512,512,225,256,512,1024,243,256,512,1024,198,2048,2048,2048,18,1024,1024,1024,15,64,64,128,33,64,128,128,20,16384,131072,131072,20,16.68,10.48,6.21,15,27,5,794,106,107,0,262144,262144,262144,262144,524288,15,65536,131072,131072,131072,131072,26,65536,65536,65536,65536,131072,5,65536,131072,262144,262144,262144,792,65536,131072,131072,131072,262144,106,65536,131072,131072,131072,131072,107,0,0,0,0,0,0,0,0,0,0,0,0,0,0,0,0,0,0,0,0,0,0,0,0,0,0,0,0,0,0,0,0,0,0,0,0,2,0,28971,34433,53997,0,40,20,0
42138256576100,3932,4096,4096,16384,27770,512,512,1024,3920,4096,8192,8192,3101,4096,8192,16384,811,8192,8192,8192,39,2048,2048,4096,781,512,1024,1024,3073,1024,2048,2048,527,4096,8192,8192,19,1024,131072,262144,40442,1048576,2097152,2097152,41,1048576,1048576,1048576,41,524288,524288,524288,41,1024,1024,1024,41,128,65536,131072,41,256,512,1024,5152,256,512,1024,4936,256,512,1024,249930,256,512,1024,27909,128,512,512,5076,256,512,1024,6291,512,1024,1024,1593,256,512,1024,1611,128,512,1024,26199,128,512,1024,3294,128,512,1024,528,256,512,1024,333,256,512,1024,351,256,1024,1024,171,1024,2048,2048,25,1024,1024,1024,24,64,64,64,49,64,128,128,21,16384,131072,131072,21,18.37,10.21,8.16,24,39,12,781,112,83,0,262144,262144,262144,262144,262144,24,65536,131072,131072,131072,131072,40,65536,131072,131072,131072,131072,12,65536,131072,262144,262144,262144,783,131072,131072,131072,131072,131072,112,65536,131072,131072,131072,131072,83,0,0,0,0,0,0,0,0,0,0,0,0,0,0,0,0,0,0,0,0,0,0,0,0,0,0,0,0,0,0,0,0,0,0,0,0,0,0,29414,34211,55017,0,41,21,0
42139273413900,3957,4096,4096,16384,27301,512,512,1024,3903,4096,8192,8192,3077,4096,8192,16384,780,8192,16384,16384,32,2048,2048,4096,765,512,1024,1024,3154,1024,2048,2048,487,4096,4096,4096,16,512,131072,262144,39899,1048576,2097152,2097152,41,1048576,1048576,1048576,41,524288,524288,524288,41,1024,2048,2048,41,64,32768,131072,41,256,512,1024,5324,256,512,1024,5099,256,512,1024,245709,256,512,1024,27693,128,512,1024,4673,256,512,1024,6066,512,1024,2048,1545,256,512,1024,1464,256,512,1024,25623,128,512,1024,2925,128,512,1024,462,256,512,1024,306,256,512,1024,288,256,1024,1024,144,2048,2048,2048,23,1024,1024,1024,26,64,64,64,49,64,64,64,20,16384,131072,131072,20,17.17,9.16,8.01,26,32,11,765,109,92,0,262144,262144,262144,262144,524288,26,65536,131072,131072,131072,131072,32,131072,131072,131072,131072,131072,11,65536,131072,262144,262144,262144,765,131072,131072,262144,262144,262144,109,65536,131072,131072,131072,262144,92,0,0,0,0,0,0,0,0,0,0,0,0,0,0,0,0,0,0,0,0,0,0,0,0,0,0,0,0,0,0,0,0,0,0,0,0,0,0,30871,35337,53803,0,41,20,0
42140290894100,3982,4096,4096,16384,28399,512,512,1024,3996,4096,8192,8192,3195,4096,16384,32768,822,8192,8192,8192,41,2048,2048,4096,858,512,1024,1024,3222,1024,2048,2048,582,4096,8192,8192,36,1024,131072,262144,41581,1048576,2097152,2097152,40,1048576,1048576,1048576,40,524288,524288,524288,40,1024,2048,2048,40,64,65536,65536,40,256,512,1024,5023,256,512,1024,4798,256,512,1024,255591,256,512,1024,28755,128,512,1024,4783,256,512,1024,6642,512,1024,2048,1467,256,512,1024,1593,256,512,1024,25623,128,512,1024,3240,128,512,1024,480,128,512,512,351,256,512,1024,369,256,1024,1024,324,1024,2048,2048,25,1024,1024,1024,24,64,64,64,49,64,128,128,20,16384,131072,131072,20,18.07,11.10,6.97,24,41,12,858,98,94,0,262144,262144,262144,262144,262144,24,65536,131072,131072,131072,262144,41,65536,131072,131072,131072,131072,12,65536,131072,262144,262144,262144,856,131072,131072,262144,262144,524288,98,65536,131072,131072,131072,131072,94,0,0,0,0,0,0,0,0,0,0,0,0,0,0,0,0,0,0,0,0,0,0,0,0,0,0,0,0,0,0,0,0,0,0,0,0,2,0,29215,34864,53903,0,40,20,0
42141310297400,3994,4096,4096,16384,28073,512,512,1024,3907,4096,8192,16384,3159,4096,8192,16384,822,8192,8192,8192,38,2048,2048,4096,791,512,1024,1024,3189,1024,2048,2048,525,4096,4096,4096,22,1024,131072,262144,40929,1048576,2097152,2097152,41,1048576,1048576,1048576,41,524288,524288,524288,41,1024,2048,2048,41,64,131072,131072,42,256,512,1024,5071,256,512,1024,4963,256,512,1024,252657,128,512,1024,28431,128,512,1024,4863,256,512,1024,6534,512,1024,2048,1397,256,512,1024,1478,256,512,1024,26343,128,512,1024,3195,128,512,1024,435,128,512,1024,378,256,512,1024,342,256,512,1024,198,1024,2048,2048,10,1024,1024,1024,13,64,64,64,23,64,128,128,21,128,65536,131072,21,17.99,9.63,8.36,13,38,16,791,88,122,0,262144,262144,262144,262144,262144,13,65536,131072,131072,131072,131072,37,65536,131072,131072,131072,131072,16,65536,131072,262144,262144,262144,793,65536,131072,131072,131072,131072,88,65536,131072,131072,131072,262144,121,0,0,0,0,0,0,0,0,0,0,0,0,0,0,0,0,0,0,0,0,0,0,0,0,0,0,0,0,0,0,0,0,0,0,0,0,2,0,29106,33864,54257,0,41,21,0
42142326867200,4000,4096,4096,16384,28863,512,512,1024,3884,4096,8192,8192,3208,4096,8192,16384,799,8192,8192,16384,44,2048,2048,4096,779,512,1024,2048,3171,1024,2048,2048,539,4096,4096,4096,21,1024,131072,262144,41770,1048576,2097152,2097152,41,1048576,1048576,2097152,41,524288,524288,524288,41,1024,2048,2048,41,64,32768,32768,40,256,512,1024,5451,256,512,1024,5397,256,512,1024,259767,128,512,1024,28872,128,512,1024,4739,128,512,1024,6552,512,1024,2048,1428,256,512,1024,1473,256,512,1024,24993,256,512,1024,3051,128,512,1024,666,128,512,512,306,256,512,1024,396,256,512,1024,189,1024,2048,2048,5,512,1024,1024,5,64,64,64,10,64,128,128,20,128,32768,32768,20,17.60,10.87,6.73,5,44,27,779,83,70,0,262144,262144,262144,262144,524288,5,65536,131072,131072,131072,262144,45,131072,131072,131072,131072,262144,27,65536,131072,131072,262144,262144,777,131072,131072,131072,131072,262144,83,65536,131072,131072,131072,262144,71,0,0,0,0,0,0,0,0,0,0,0,0,0,0,0,0,0,0,0,0,0,0,0,0,0,0,0,0,0,0,0,0,0,0,0,0,2,0,29036,34847,54784,0,41,20,0
42143346588200,3940,4096,4096,16384,28111,512,512,1024,3995,4096,8192,8192,3195,4096,8192,16384,763,8192,8192,8192,28,2048,2048,4096,851,512,1024,4096,3177,1024,2048,2048,559,4096,8192,8192,26,1024,131072,262144,41106,1048576,2097152,2097152,41,1048576,1048576,1048576,41,524288,524288,524288,41,1024,1024,1024,41,64,16384,131072,41,256,512,1024,4964,256,512,1024,5504,256,512,1024,252999,128,512,1024,28755,128,512,512,4914,256,512,1024,6354,512,1024,2048,1293,256,512,1024,1428,128,512,1024,25938,128,512,1024,2943,128,512,1024,492,256,512,1024,297,128,512,1024,252,256,1024,1024,234,0,0,0,0,0,0,0,0,0,0,0,0,64,128,128,21,128,256,256,21,16.81,8.72,8.09,0,28,42,851,77,94,60,0,0,0,0,0,0,65536,131072,131072,131072,131072,28,65536,131072,131072,131072,131072,42,65536,131072,131072,262144,524288,853,65536,131072,131072,131072,131072,77,65536,131072,131072,131072,131072,94,131072,262144,262144,262144,262144,60,0,0,0,0,0,0,0,0,0,0,0,0,0,0,0,0,0,0,0,0,0,0,0,0,0,0,0,0,0,0,0,0,29011,34458,55977,0,41,21,0
42144363277100,3940,4096,4096,16384,28269,256,512,1024,4015,4096,8192,8192,3119,4096,16384,16384,794,8192,8192,8192,43,2048,2048,4096,795,512,1024,2048,3135,1024,2048,2048,538,4096,4096,4096,23,512,131072,262144,41201,1048576,2097152,2097152,40,1048576,1048576,1048576,40,524288,524288,524288,40,2048,2048,2048,40,64,65536,131072,40,256,512,1024,4695,256,512,1024,4695,256,512,1024,254421,256,512,1024,28071,128,512,1024,4937,256,512,1024,6264,512,1024,2048,1425,256,512,1024,1515,128,512,1024,25020,128,512,1024,3159,128,512,1024,576,128,512,512,423,256,512,1024,387,256,512,1024,207,0,0,0,0,0,0,0,0,0,0,0,0,64,128,128,20,128,256,256,20,16.06,8.80,7.25,0,43,40,795,93,90,0,0,0,0,0,0,0,65536,131072,262144,262144,262144,41,65536,131072,131072,131072,131072,40,65536,131072,131072,262144,262144,789,131072,131072,131072,131072,262144,93,65536,131072,262144,262144,262144,90,0,0,0,0,0,0,0,0,0,0,0,0,0,0,0,0,0,0,0,0,0,0,0,0,0,0,0,0,0,0,0,0,0,0,0,0,8,0,29212,34747,54289,0,40,20,0
42145377138800,3882,4096,4096,16384,27825,256,512,1024,3967,4096,8192,8192,3128,4096,8192,16384,795,8192,8192,65536,43,2048,2048,4096,798,512,1024,4096,3172,1024,2048,2048,527,4096,4096,4096,24,1024,131072,262144,40751,1048576,2097152,2097152,41,1048576,1048576,1048576,41,524288,524288,524288,41,1024,2048,2048,41,64,32768,131072,41,256,512,1024,5332,256,512,1024,5854,256,512,1024,250425,128,512,1024,28152,128,512,1024,4606,256,512,1024,6930,512,1024,2048,1359,256,512,1024,1476,128,512,1024,25029,128,512,1024,2997,128,512,512,492,128,512,1024,405,256,512,1024,387,256,1024,1024,216,2048,2048,2048,5,1024,1024,1024,3,64,64,64,8,64,128,128,20,128,16384,16384,20,16.47,9.58,6.90,3,43,61,798,109,93,60,262144,262144,262144,262144,262144,2,65536,131072,131072,131072,131072,44,65536,131072,131072,131072,131072,60,65536,131072,131072,262144,262144,799,65536,131072,131072,131072,262144,109,65536,131072,131072,131072,131072,93,131072,262144,262144,262144,262144,60,0,0,0,0,0,0,0,0,0,0,0,0,0,0,0,0,0,0,0,0,0,0,0,0,0,0,0,0,0,0,7,0,28704,34146,53015,0,41,20,0
42146397211200,3895,4096,4096,16384,27426,512,512,1024,3788,4096,8192,8192,3067,4096,8192,16384,751,8192,8192,8192,28,2048,2048,4096,743,512,1024,4096,3056,1024,2048,2048,513,4096,4096,8192,22,1024,131072,262144,39786,1048576,2097152,2097152,41,1048576,1048576,1048576,41,524288,524288,524288,41,1024,2048,2048,41,128,65536,131072,41,256,512,1024,5136,256,512,1024,5019,256,512,1024,246835,128,512,1024,27603,128,512,1024,4365,128,512,1024,6084,512,1024,1024,1466,256,512,1024,1511,128,512,1024,25497,128,512,1024,2889,128,512,1024,552,128,512,1024,261,128,512,1024,252,256,512,1024,198,2048,2048,2048,12,1024,1024,1024,12,64,64,64,24,64,128,128,21,256,16384,16384,21,14.91,8.03,6.88,12,28,49,743,83,95,0,262144,262144,262144,262144,524288,13,65536,131072,131072,131072,262144,29,65536,131072,262144,262144,1048576,50,65536,131072,131072,262144,262144,747,131072,131072,131072,131072,131072,83,65536,131072,131072,131072,131072,95,0,0,0,0,0,0,0,0,0,0,0,0,0,0,0,0,0,0,0,0,0,0,0,0,0,0,0,0,0,0,0,0,0,0,0,0,1,0,29068,33982,54789,0,41,21,0
42147414085200,3914,4096,4096,16384,27641,512,512,1024,3865,4096,8192,8192,3128,4096,8192,16384,759,8192,8192,8192,40,2048,2048,4096,835,512,1024,4096,3139,1024,2048,2048,521,4096,8192,8192,19,1024,131072,262144,40358,1048576,2097152,2097152,41,1048576,1048576,1048576,41,524288,524288,524288,41,1024,2048,2048,41,64,65536,262144,41,256,512,1024,5332,256,512,1024,5161,256,512,1024,248768,256,512,1024,28152,128,512,1024,4508,256,512,1024,6336,512,1024,1024,1401,256,512,1024,1410,128,512,1024,23886,128,512,1024,3267,128,512,1024,579,128,512,1024,288,256,512,1024,360,256,1024,1024,171,1024,2048,2048,22,1024,1024,1024,20,64,64,64,42,64,128,128,20,16384,131072,131072,20,16.47,9.83,6.64,20,40,54,835,101,84,0,262144,262144,262144,262144,262144,20,65536,131072,131072,131072,131072,40,65536,131072,131072,131072,262144,54,65536,131072,131072,262144,524288,827,131072,131072,131072,131072,131072,99,65536,131072,131072,131072,131072,82,0,0,0,0,0,0,0,0,0,0,0,0,0,0,0,0,0,0,0,0,0,0,0,0,0,0,0,0,0,0,0,0,0,0,0,0,13,0,29431,34521,54261,0,41,20,0
42148433427300,3937,4096,4096,16384,27909,512,512,1024,3915,4096,8192,8192,3118,4096,16384,16384,812,8192,8192,8192,33,2048,2048,4096,776,512,1024,4096,3122,1024,2048,2048,540,4096,4096,8192,22,2048,131072,262144,40642,1048576,2097152,2097152,40,1048576,1048576,1048576,40,524288,524288,524288,40,1024,2048,2048,40,64,131072,131072,40,256,512,1024,5159,256,512,1024,4952,256,512,1024,251181,256,512,1024,28062,128,512,1024,4640,256,512,1024,6732,512,1024,2048,1418,256,512,1024,1436,128,512,1024,24984,128,512,1024,2898,128,512,1024,441,256,512,1024,342,256,512,1024,297,256,1024,1024,198,1024,2048,2048,23,1024,1024,2048,24,64,64,64,47,64,128,128,20,16384,131072,131072,20,15.58,9.71,5.88,24,33,75,776,82,97,0,262144,262144,262144,262144,262144,24,65536,131072,131072,131072,131072,33,65536,131072,131072,131072,262144,75,65536,131072,131072,262144,262144,774,65536,131072,131072,131072,131072,84,65536,131072,131072,131072,131072,99,0,0,0,0,0,0,0,0,0,0,0,0,0,0,0,0,0,0,0,0,0,0,0,0,0,0,0,0,0,0,0,0,0,0,0,0,11,0,28915,34450,54291,0,40,20,0
42149447555000,3960,4096,4096,16384,28130,512,512,1024,3934,4096,8192,8192,3217,4096,8192,16384,842,8192,8192,8192,36,2048,2048,4096,853,512,1024,4096,3222,1024,2048,2048,538,4096,4096,4096,19,256,131072,262144,41217,1048576,2097152,2097152,41,1048576,1048576,1048576,41,524288,524288,524288,41,1024,2048,2048,41,64,65536,65536,41,256,512,1024,5289,256,512,1024,5082,256,512,1024,253170,256,512,1024,28953,128,512,1024,5021,256,512,1024,6795,512,1024,2048,1311,256,512,1024,1356,128,512,1024,25722,128,512,1024,3204,128,512,512,567,128,512,1024,297,256,512,1024,324,256,1024,1024,171,2048,2048,2048,22,1024,1024,1024,22,64,64,64,44,64,64,128,21,16384,131072,131072,21,17.09,10.23,6.86,22,36,49,853,95,91,0,262144,262144,262144,262144,524288,21,65536,131072,131072,131072,131072,36,65536,131072,262144,262144,262144,48,65536,131072,131072,262144,262144,860,131072,131072,131072,131072,131072,95,65536,131072,131072,131072,131072,91,0,0,0,0,0,0,0,0,0,0,0,0,0,0,0,0,0,0,0,0,0,0,0,0,0,0,0,0,0,0,0,0,0,0,0,0,5,0,28549,34387,55097,0,41,21,0
42150469475600,3980,4096,8192,16384,27913,512,512,1024,3960,4096,8192,8192,3140,4096,8192,16384,812,8192,8192,8192,27,2048,2048,4096,792,512,1024,4096,3166,1024,2048,2048,568,4096,4096,4096,17,1024,131072,262144,40756,1048576,2097152,2097152,40,1048576,1048576,2097152,40,524288,524288,1048576,40,1024,2048,2048,40,128,65536,131072,40,256,512,1024,4960,256,512,1024,4780,256,512,1024,251217,256,512,1024,28260,128,512,1024,4578,256,512,1024,6462,512,1024,2048,1545,256,512,1024,1320,256,512,1024,26001,256,512,1024,3069,128,512,512,339,128,512,1024,225,256,1024,1024,243,256,1024,1024,153,2048,2048,2048,18,1024,1024,1024,19,64,64,64,37,64,128,128,20,16384,65536,65536,20,17.74,9.70,8.04,19,27,74,792,96,95,0,262144,262144,262144,262144,262144,20,131072,131072,131072,131072,131072,27,65536,131072,131072,131072,262144,75,65536,131072,131072,262144,262144,796,131072,131072,131072,131072,131072,96,65536,131072,131072,131072,262144,95,0,0,0,0,0,0,0,0,0,0,0,0,0,0,0,0,0,0,0,0,0,0,0,0,0,0,0,0,0,0,0,0,0,0,0,0,0,0,29090,34252,55906,0,40,20,0
42151483597800,3991,4096,4096,16384,28452,512,512,1024,3987,4096,8192,8192,3141,4096,16384,32768,827,8192,8192,8192,27,2048,2048,4096,777,512,1024,4096,3244,1024,2048,2048,532,4096,4096,8192,23,2048,131072,262144,41379,1048576,2097152,2097152,41,1048576,1048576,1048576,41,524288,524288,524288,41,1024,1024,2048,41,64,65536,65536,41,256,512,1024,5418,256,512,1024,5319,256,512,1024,256068,128,512,1024,28269,128,512,1024,4739,256,512,1024,6876,512,1024,2048,1469,256,512,1024,1352,256,512,1024,27225,128,512,1024,3348,256,512,512,440,256,512,1024,225,256,512,512,243,256,512,1024,207,1024,2048,2048,12,1024,1024,1024,13,64,64,256,25,64,128,128,20,128,131072,131072,20,16.08,9.32,6.76,13,27,52,777,103,108,0,262144,262144,262144,262144,262144,12,65536,131072,131072,131072,131072,27,65536,131072,262144,262144,262144,51,65536,131072,131072,262144,1048576,773,131072,131072,131072,131072,131072,103,65536,131072,131072,131072,131072,108,0,0,0,0,0,0,0,0,0,0,0,0,0,0,0,0,0,0,0,0,0,0,0,0,0,0,0,0,0,0,0,0,0,0,0,0,6,0,28708,34491,53896,0,41,20,0
42152500844800,4000,4096,4096,16384,28463,512,512,1024,3929,4096,8192,8192,3215,4096,8192,16384,809,8192,8192,8192,35,2048,2048,4096,808,512,1024,4096,3140,1024,2048,2048,542,4096,4096,4096,13,2048,131072,262144,41375,1048576,2097152,2097152,41,1048576,1048576,1048576,41,524288,524288,524288,41,1024,2048,2048,41,64,65536,131072,41,256,512,1024,5540,256,512,1024,5459,256,512,1024,256167,128,512,1024,28935,128,512,512,4297,256,512,1024,6777,512,1024,2048,1479,256,512,1024,1596,128,512,1024,26820,128,512,1024,3231,128,512,1024,471,128,512,512,369,256,512,1024,315,256,512,1024,117,1024,2048,2048,6,1024,1024,1024,7,64,64,64,13,64,128,128,21,128,16384,32768,21,15.81,9.95,5.87,7,35,48,808,75,79,0,262144,262144,262144,262144,524288,8,65536,131072,131072,131072,131072,35,65536,131072,262144,262144,262144,49,65536,131072,131072,262144,262144,811,131072,131072,131072,131072,262144,75,65536,131072,131072,131072,131072,79,0,0,0,0,0,0,0,0,0,0,0,0,0,0,0,0,0,0,0,0,0,0,0,0,0,0,0,0,0,0,0,0,0,0,0,0,0,0,29433,34240,52923,0,41,21,0
42153523124400,3940,4096,4096,16384,28199,512,512,1024,3988,4096,8192,8192,3159,4096,8192,16384,827,8192,8192,8192,43,2048,2048,4096,831,512,1024,2048,3119,1024,2048,2048,537,4096,8192,8192,20,1024,131072,262144,41153,1048576,2097152,2097152,41,1048576,1048576,1048576,41,524288,524288,524288,41,1024,2048,2048,41,64,32768,65536,41,256,512,1024,5195,256,512,1024,5735,256,512,1024,253791,128,512,1024,28431,128,512,1024,4831,256,512,1024,6615,512,1024,2048,1516,256,512,1024,1579,128,512,1024,24822,256,512,1024,3123,128,512,1024,500,128,512,512,360,256,512,512,387,256,1024,1024,180,0,0,0,0,0,0,0,0,0,0,0,0,64,128,128,20,128,256,256,20,17.36,11.36,6.00,0,43,44,831,100,101,60,0,0,0,0,0,0,65536,131072,131072,131072,131072,42,65536,131072,131072,131072,131072,44,65536,131072,131072,262144,262144,828,131072,131072,131072,131072,262144,100,65536,131072,131072,131072,262144,101,131072,262144,262144,262144,262144,60,0,0,0,0,0,0,0,0,0,0,0,0,0,0,0,0,0,0,0,0,0,0,0,0,0,0,0,0,0,0,5,0,29119,34414,55555,0,41,20,0
42154536707400,3940,4096,4096,16384,28290,512,512,1024,4079,4096,8192,8192,3153,4096,8192,16384,766,8192,8192,8192,31,2048,2048,4096,828,512,1024,4096,3219,1024,2048,2048,517,4096,8192,8192,23,512,131072,262144,41268,1048576,2097152,2097152,40,1048576,1048576,1048576,40,524288,524288,524288,40,1024,2048,2048,40,64,65536,131072,40,256,512,1024,5286,256,512,1024,5286,256,512,1024,254610,128,512,1024,28377,128,512,512,4638,128,512,1024,5931,512,1024,2048,1526,256,512,1024,1346,128,512,1024,24732,128,512,1024,2970,128,512,512,447,128,512,512,270,256,512,1024,279,256,1024,1024,207,0,0,0,0,0,0,0,0,0,0,0,0,64,128,128,20,128,256,256,20,15.87,9.16,6.71,0,31,48,828,82,89,0,0,0,0,0,0,0,65536,131072,131072,131072,131072,32,65536,131072,131072,131072,131072,48,65536,131072,131072,262144,2097152,832,131072,131072,131072,131072,131072,82,65536,131072,131072,131072,131072,89,0,0,0,0,0,0,0,0,0,0,0,0,0,0,0,0,0,0,0,0,0,0,0,0,0,0,0,0,0,0,0,0,0,0,0,0,0,0,28387,34125,54529,0,40,20,0
42155553312600,3885,4096,4096,16384,28239,512,512,1024,4127,4096,8192,8192,3151,4096,8192,16384,843,8192,8192,8192,30,2048,2048,4096,795,512,1024,4096,3181,1024,2048,2048,540,4096,4096,4096,13,1024,131072,262144,41327,1048576,2097152,2097152,41,1048576,1048576,1048576,41,524288,524288,524288,41,1024,1024,1024,41,64,65536,65536,41,256,512,1024,5849,256,512,1024,6344,256,512,1024,254151,128,512,1024,28359,128,512,512,5161,128,512,1024,6471,512,1024,2048,1539,256,512,1024,1386,128,512,1024,25272,128,512,1024,2979,128,512,1024,555,256,512,512,234,256,512,1024,270,256,512,512,117,1024,2048,2048,7,512,1024,1024,5,64,64,64,12,64,128,128,21,128,16384,16384,21,19.11,12.57,6.54,5,30,57,795,99,91,60,262144,262144,262144,262144,262144,5,65536,131072,131072,131072,131072,30,65536,131072,131072,131072,131072,57,65536,131072,131072,262144,262144,786,131072,131072,131072,131072,262144,99,65536,131072,131072,131072,131072,91,262144,262144,262144,262144,262144,60,0,0,0,0,0,0,0,0,0,0,0,0,0,0,0,0,0,0,0,0,0,0,0,0,0,0,0,0,0,0,9,0,28925,34561,53864,0,41,21,0
42156571416400,3898,4096,4096,16384,27368,512,512,1024,3735,4096,8192,8192,3108,4096,8192,16384,756,8192,8192,8192,22,2048,2048,4096,752,512,1024,2048,3067,1024,2048,2048,524,4096,8192,8192,19,2048,131072,262144,39756,1048576,2097152,2097152,41,1048576,1048576,1048576,41,524288,524288,524288,41,512,1024,1024,41,64,65536,65536,41,256,512,1024,4964,256,512,1024,4847,256,512,1024,246312,256,512,1024,27972,128,512,512,4472,256,512,1024,6084,512,1024,1024,1533,256,512,1024,1371,128,512,1024,25551,128,512,1024,3060,128,512,1024,486,128,512,1024,225,256,512,1024,198,256,1024,1024,171,1024,2048,2048,13,1024,1024,1024,14,64,128,128,27,64,128,128,20,128,65536,65536,20,16.87,10.15,6.72,14,22,35,752,109,92,0,262144,262144,262144,262144,262144,14,65536,131072,131072,131072,131072,22,65536,131072,131072,131072,131072,35,65536,131072,131072,262144,262144,760,131072,131072,131072,131072,262144,109,65536,131072,131072,131072,131072,92,0,0,0,0,0,0,0,0,0,0,0,0,0,0,0,0,0,0,0,0,0,0,0,0,0,0,0,0,0,0,0,0,0,0,0,0,0,0,28777,33830,53457,73,41,20,0
42157590591900,3921,4096,4096,16384,27557,512,512,1024,4006,4096,8192,8192,3082,4096,8192,16384,774,8192,8192,16384,37,2048,2048,4096,805,512,1024,4096,3116,1024,2048,2048,518,4096,8192,8192,28,512,131072,262144,40328,1048576,2097152,2097152,41,1048576,1048576,1048576,41,524288,524288,524288,41,1024,2048,2048,41,64,32768,65536,41,256,512,1024,5414,256,512,1024,5207,256,512,1024,248013,256,512,1024,27738,128,512,1024,4584,256,512,1024,6156,512,1024,2048,1418,256,512,1024,1562,128,512,1024,25740,128,512,1024,3186,256,512,1024,585,128,512,512,333,256,512,1024,333,256,1024,1024,252,1024,2048,2048,23,1024,1024,1024,22,64,64,64,45,64,64,128,21,16384,131072,131072,21,17.89,10.61,7.28,22,37,43,805,103,82,0,262144,262144,262144,262144,262144,22,65536,131072,131072,131072,262144,37,65536,131072,131072,131072,131072,43,65536,131072,131072,262144,262144,802,131072,131072,131072,131072,262144,103,65536,131072,131072,131072,131072,82,0,0,0,0,0,0,0,0,0,0,0,0,0,0,0,0,0,0,0,0,0,0,0,0,0,0,0,0,0,0,0,0,0,0,0,0,4,0,29141,34318,55997,0,41,21,0
42158607258200,3944,4096,4096,16384,28190,512,512,1024,3951,4096,8192,8192,3182,4096,8192,16384,784,8192,8192,16384,32,2048,2048,4096,842,512,1024,4096,3174,1024,2048,2048,534,4096,8192,8192,24,512,131072,262144,41095,1048576,2097152,2097152,40,1048576,1048576,1048576,40,524288,524288,524288,40,1024,2048,2048,40,128,65536,131072,40,256,512,1024,5063,256,512,1024,4856,256,512,1024,253710,256,512,1024,28638,128,512,1024,4510,256,512,1024,6300,512,1024,2048,1391,256,512,1024,1283,256,512,1024,25920,256,512,1024,3159,128,512,1024,531,128,512,512,297,256,512,1024,288,256,512,1024,216,1024,2048,2048,26,1024,1024,1024,26,64,64,64,52,64,128,128,20,16384,131072,131072,20,16.90,9.22,7.68,26,32,45,842,85,77,0,262144,262144,262144,262144,524288,26,65536,131072,131072,131072,131072,31,65536,131072,131072,131072,131072,44,65536,131072,131072,131072,262144,843,131072,131072,131072,131072,131072,85,65536,131072,131072,131072,131072,77,0,0,0,0,0,0,0,0,0,0,0,0,0,0,0,0,0,0,0,0,0,0,0,0,0,0,0,0,0,0,0,0,0,0,0,0,5,0,29271,34873,54886,0,40,20,0
42159623207400,3970,4096,4096,16384,27755,512,512,1024,3927,4096,8192,8192,3061,4096,8192,16384,764,8192,8192,8192,25,2048,2048,4096,738,512,1024,4096,3085,1024,2048,2048,565,4096,4096,4096,22,1024,131072,262144,40383,1048576,2097152,2097152,41,1048576,1048576,1048576,41,524288,524288,524288,41,512,1024,2048,41,64,65536,65536,41,256,512,1024,5095,256,512,1024,4861,256,512,1024,249795,256,512,1024,27549,128,512,1024,4692,256,512,1024,6867,512,1024,2048,1380,256,512,1024,1353,256,512,1024,27153,256,512,1024,3069,128,512,1024,542,128,512,512,270,256,1024,1024,225,256,1024,1024,198,1024,2048,2048,24,1024,1024,2048,24,64,64,128,48,64,128,128,20,16384,131072,131072,20,17.44,8.53,8.92,24,25,48,738,76,113,0,262144,262144,262144,262144,524288,24,65536,131072,131072,131072,131072,26,65536,131072,131072,131072,131072,49,65536,131072,131072,262144,2097152,741,131072,131072,131072,131072,262144,76,65536,131072,131072,131072,262144,113,0,0,0,0,0,0,0,0,0,0,0,0,0,0,0,0,0,0,0,0,0,0,0,0,0,0,0,0,0,0,0,0,0,0,0,0,0,0,29802,34892,55532,0,41,20,0
42160642199900,3984,4096,4096,16384,28333,512,512,1024,4155,4096,8192,8192,3243,4096,8192,16384,820,8192,8192,8192,41,2048,2048,4096,852,512,1024,4096,3262,1024,2048,2048,515,4096,8192,8192,16,512,131072,262144,41649,1048576,2097152,2097152,40,1048576,1048576,1048576,40,524288,524288,524288,40,1024,1024,2048,40,64,65536,131072,40,256,512,1024,5252,256,512,1024,5126,256,512,1024,254999,256,512,1024,29187,128,512,1024,4625,256,512,1024,6759,512,1024,1024,1241,256,512,1024,1358,128,512,1024,24795,128,512,1024,3168,256,512,1024,573,256,512,1024,315,256,512,1024,369,256,1024,1024,144,2048,2048,2048,14,1024,1024,1024,14,64,128,128,28,64,128,128,20,16384,65536,65536,20,16.98,10.09,6.90,14,41,49,852,79,92,0,262144,262144,262144,262144,262144,14,65536,131072,131072,131072,131072,41,65536,131072,131072,131072,131072,49,65536,131072,131072,262144,262144,852,131072,131072,131072,131072,131072,79,65536,131072,131072,131072,4194304,92,0,0,0,0,0,0,0,0,0,0,0,0,0,0,0,0,0,0,0,0,0,0,0,0,0,0,0,0,0,0,0,0,0,0,0,0,0,0,29312,35060,53707,4,40,20,0
42161659587100,3996,4096,4096,16384,27751,512,512,1024,3953,4096,8192,8192,3122,4096,16384,16384,725,8192,8192,16384,28,2048,2048,4096,775,512,1024,4096,3130,1024,2048,2048,558,4096,4096,4096,16,1024,131072,262144,40465,1048576,2097152,2097152,41,1048576,1048576,1048576,41,524288,524288,524288,41,1024,2048,2048,41,64,65536,131072,41,256,512,1024,5246,256,512,1024,5138,256,512,1024,249757,256,512,1024,28098,128,512,1024,4141,256,512,1024,6444,512,1024,2048,1410,256,512,1024,1392,256,512,1024,26352,128,512,1024,3240,256,512,1024,447,256,512,1024,279,256,512,1024,252,256,512,1024,144,1024,2048,2048,11,1024,1024,1024,11,64,64,64,22,64,128,128,21,256,32768,65536,21,18.17,11.18,6.99,11,28,52,775,88,88,0,262144,262144,262144,262144,262144,11,65536,131072,131072,131072,131072,28,65536,131072,131072,131072,131072,52,65536,131072,131072,262144,8388608,774,131072,131072,131072,131072,131072,88,65536,131072,131072,131072,131072,88,0,0,0,0,0,0,0,0,0,0,0,0,0,0,0,0,0,0,0,0,0,0,0,0,0,0,0,0,0,0,0,0,0,0,0,0,1,0,28893,33906,54415,0,41,21,0
42162678423700,4000,4096,4096,16384,28727,512,512,1024,4032,4096,8192,8192,3216,4096,16384,16384,821,8192,8192,8192,39,2048,2048,4096,801,512,1024,4096,3198,1024,2048,2048,505,4096,8192,8192,18,1024,131072,262144,41771,1048576,2097152,2097152,41,1048576,1048576,1048576,41,524288,524288,524288,41,1024,2048,2048,41,64,65536,131072,41,256,512,1024,5484,256,512,1024,5448,256,512,1024,258543,256,512,1024,28944,128,512,512,4813,256,512,1024,6759,512,1024,2048,1563,256,512,1024,1545,256,512,1024,26181,256,512,1024,3114,256,512,512,477,128,512,1024,306,256,512,1024,351,256,1024,1024,162,1024,1024,1024,2,1024,1024,1024,4,64,64,64,6,64,64,64,20,128,16384,16384,20,18.32,12.00,6.32,4,39,49,801,81,82,0,262144,262144,262144,262144,262144,4,65536,131072,131072,131072,131072,39,65536,131072,131072,131072,131072,49,65536,131072,131072,262144,262144,802,131072,131072,262144,262144,262144,81,65536,131072,131072,131072,131072,82,0,0,0,0,0,0,0,0,0,0,0,0,0,0,0,0,0,0,0,0,0,0,0,0,0,0,0,0,0,0,0,0,0,0,0,0,0,0,29667,35951,54476,0,41,20,0
42163692795200,3940,4096,4096,16384,27954,512,512,1024,4085,4096,8192,8192,3146,4096,16384,16384,849,8192,8192,8192,33,2048,2048,4096,823,512,1024,4096,3191,1024,2048,2048,528,4096,4096,4096,29,512,131072,262144,41058,1048576,2097152,2097152,41,1048576,1048576,1048576,41,524288,524288,524288,41,1024,1024,2048,41,128,65536,65536,41,256,512,1024,4995,256,512,1024,5535,256,512,1024,251586,128,512,1024,28314,128,512,1024,5058,128,512,1024,7056,512,1024,1024,1539,256,512,1024,1440,128,512,1024,26388,128,512,1024,3258,128,512,512,539,256,512,1024,297,256,512,1024,297,256,512,1024,261,0,0,0,0,0,0,0,0,0,0,0,0,64,128,128,21,128,128,256,21,21.48,13.81,7.67,0,33,49,823,91,81,60,0,0,0,0,0,0,65536,131072,131072,131072,262144,33,65536,131072,131072,131072,131072,49,65536,131072,131072,262144,524288,823,131072,131072,131072,131072,262144,91,65536,131072,131072,131072,262144,81,131072,262144,262144,262144,524288,60,0,0,0,0,0,0,0,0,0,0,0,0,0,0,0,0,0,0,0,0,0,0,0,0,0,0,0,0,0,0,0,0,28595,34322,55839,0,41,21,0
42164712874100,3940,4096,4096,16384,27797,512,512,1024,3910,4096,8192,8192,3154,4096,8192,16384,788,8192,8192,8192,28,2048,2048,4096,775,512,1024,4096,3128,1024,2048,2048,573,4096,4096,4096,21,512,131072,262144,40557,1048576,2097152,2097152,41,1048576,1048576,1048576,41,524288,524288,524288,41,1024,1024,1024,41,64,32768,131072,41,256,512,1024,4980,256,512,1024,4980,256,512,1024,250173,128,512,1024,28386,128,512,512,4544,256,512,1024,6624,512,1024,1024,1274,256,512,1024,1319,128,512,1024,25866,128,512,1024,3078,128,512,1024,648,256,512,1024,270,256,512,1024,252,256,512,1024,189,0,0,0,0,0,0,0,0,0,0,0,0,64,128,128,20,128,256,256,20,13.46,7.87,5.59,0,28,48,775,75,102,0,0,0,0,0,0,0,65536,131072,131072,131072,262144,27,65536,131072,131072,131072,131072,48,65536,131072,131072,262144,262144,771,65536,131072,131072,131072,131072,74,65536,131072,131072,131072,131072,100,0,0,0,0,0,0,0,0,0,0,0,0,0,0,0,0,0,0,0,0,0,0,0,0,0,0,0,0,0,0,0,0,0,0,0,0,7,0,29469,34537,54363,0,41,20,0
42165726566800,3887,4096,4096,16384,28208,256,512,1024,4217,4096,8192,8192,3141,4096,8192,16384,802,8192,8192,8192,26,2048,2048,8192,780,512,1024,2048,3125,1024,2048,2048,512,4096,4096,8192,27,256,131072,262144,41234,1048576,2097152,2097152,40,1048576,1048576,1048576,40,524288,524288,524288,40,1024,2048,2048,40,128,65536,131072,40,256,512,1024,5104,256,512,1024,5581,256,512,1024,253872,128,512,1024,28269,128,512,1024,4759,128,512,1024,6660,512,1024,2048,1362,256,512,1024,1353,128,512,1024,24417,128,512,1024,3213,128,512,1024,567,128,512,1024,270,256,512,1024,234,256,1024,1024,243,2048,2048,2048,10,1024,1024,1024,9,64,64,64,19,64,128,128,20,128,65536,65536,20,16.81,9.88,6.93,9,26,39,780,104,87,60,262144,262144,262144,262144,262144,8,65536,131072,131072,131072,131072,27,65536,131072,131072,131072,131072,39,65536,131072,131072,262144,262144,784,131072,131072,131072,131072,262144,105,65536,131072,131072,131072,131072,89,131072,262144,262144,262144,262144,60,0,0,0,0,0,0,0,0,0,0,0,0,0,0,0,0,0,0,0,0,0,0,0,0,0,0,0,0,0,0,1,0,28439,35331,56211,0,40,20,0
42166747262700,3899,4096,4096,16384,28553,256,512,1024,3982,4096,8192,8192,3218,4096,8192,16384,796,8192,8192,8192,36,2048,2048,4096,808,512,1024,2048,3202,1024,2048,2048,551,4096,4096,4096,21,1024,131072,262144,41582,1048576,2097152,2097152,41,1048576,1048576,1048576,41,524288,524288,524288,41,1024,1024,2048,41,64,32768,65536,41,256,512,1024,5147,256,512,1024,5039,256,512,1024,256985,128,512,1024,28962,128,512,1024,4691,128,512,1024,6696,512,1024,1024,1407,256,512,1024,1362,128,512,1024,26379,128,512,512,3402,128,512,512,627,128,512,1024,279,256,512,1024,324,256,1024,1024,189,1024,2048,2048,11,1024,1024,1024,11,64,64,64,22,64,128,128,21,256,32768,131072,21,17.76,10.17,7.59,11,36,36,808,99,90,0,262144,262144,262144,262144,262144,12,65536,131072,131072,131072,131072,36,65536,131072,131072,131072,131072,35,65536,131072,131072,262144,2097152,800,65536,131072,131072,131072,262144,99,65536,131072,131072,131072,131072,90,0,0,0,0,0,0,0,0,0,0,0,0,0,0,0,0,0,0,0,0,0,0,0,0,0,0,0,0,0,0,0,0,0,0,0,0,8,0,29923,35507,53790,0,41,21,0
42167763513700,3925,4096,4096,16384,27281,512,512,1024,3847,4096,8192,8192,3086,4096,8192,16384,828,8192,8192,8192,32,2048,2048,4096,814,512,1024,2048,3125,1024,2048,2048,512,4096,4096,4096,19,1024,131072,262144,39912,1048576,2097152,2097152,40,1048576,1048576,1048576,40,524288,524288,524288,40,1024,1024,1024,40,64,65536,65536,40,256,512,1024,5217,256,512,1024,4983,256,512,1024,245521,256,512,1024,27774,128,512,512,4730,256,512,1024,6660,512,1024,2048,1523,256,512,1024,1460,128,512,1024,25632,128,512,1024,2817,128,512,1024,642,256,512,1024,297,256,512,1024,288,256,512,1024,171,2048,2048,2048,28,1024,1024,1024,25,64,128,128,53,64,128,128,20,16384,131072,131072,20,17.59,10.58,7.01,25,32,27,814,86,90,0,262144,262144,262144,262144,262144,25,65536,131072,131072,131072,131072,32,65536,131072,131072,131072,131072,28,65536,131072,262144,524288,8388608,818,131072,131072,262144,262144,524288,86,65536,131072,131072,131072,262144,90,0,0,0,0,0,0,0,0,0,0,0,0,0,0,0,0,0,0,0,0,0,0,0,0,0,0,0,0,0,0,0,0,0,0,0,0,4,0,32570,36345,54477,0,40,20,0
42168782665200,3952,4096,4096,16384,26672,512,512,1024,3688,4096,8192,8192,3017,4096,8192,16384,785,8192,8192,16384,26,2048,2048,4096,769,512,1024,2048,3029,1024,2048,2048,527,4096,4096,4096,19,1024,131072,262144,38886,1048576,2097152,2097152,41,1048576,1048576,1048576,41,524288,524288,524288,41,1024,1024,1024,41,64,65536,131072,41,256,512,1024,5286,256,512,1024,5043,256,512,1024,240048,256,512,1024,27153,128,512,1024,4975,256,512,1024,6462,512,1024,1024,1521,256,512,1024,1467,256,512,1024,26091,128,512,1024,3483,128,512,1024,603,128,512,1024,252,256,512,1024,234,256,512,1024,171,2048,2048,2048,27,1024,1024,1024,28,64,128,128,55,64,128,128,20,16384,131072,131072,20,15.67,9.63,6.04,28,26,27,769,85,86,0,262144,262144,262144,262144,524288,28,65536,131072,131072,131072,262144,26,65536,131072,131072,131072,262144,27,65536,131072,262144,262144,524288,773,131072,131072,131072,131072,262144,85,65536,131072,131072,131072,262144,86,0,0,0,0,0,0,0,0,0,0,0,0,0,0,0,0,0,0,0,0,0,0,0,0,0,0,0,0,0,0,0,0,0,0,0,0,0,0,30203,34749,54395,0,41,20,0
42169800984200,3976,4096,4096,16384,28567,256,512,1024,4137,4096,8192,8192,3221,4096,16384,16384,810,8192,8192,8192,37,2048,2048,4096,784,512,1024,2048,3241,1024,2048,2048,543,4096,4096,4096,12,1024,131072,262144,41740,1048576,2097152,2097152,41,1048576,1048576,1048576,41,524288,524288,1048576,41,1024,2048,2048,41,64,32768,131072,41,256,512,1024,5283,256,512,1024,5067,256,512,1024,257103,256,512,1024,28989,128,512,1024,4725,256,512,1024,6660,512,1024,2048,1476,256,512,1024,1638,128,512,1024,25632,128,512,1024,3015,128,512,1024,558,256,512,1024,333,256,512,1024,333,256,1024,1024,108,1024,2048,2048,25,1024,1024,1024,23,64,64,128,48,64,64,128,21,16384,131072,131072,21,16.73,9.38,7.35,23,37,29,784,70,96,0,262144,262144,262144,262144,524288,23,65536,131072,131072,131072,262144,37,65536,131072,131072,131072,262144,29,65536,131072,262144,262144,262144,784,131072,131072,262144,262144,262144,70,65536,131072,131072,131072,262144,96,0,0,0,0,0,0,0,0,0,0,0,0,0,0,0,0,0,0,0,0,0,0,0,0,0,0,0,0,0,0,0,0,0,0,0,0,0,0,29249,35362,54682,0,41,21,0
42170817417100,3991,4096,4096,16384,27585,512,512,1024,3911,4096,8192,8192,3141,4096,16384,16384,834,8192,8192,8192,46,2048,2048,4096,804,512,1024,2048,3172,1024,2048,2048,542,4096,4096,8192,22,1024,131072,262144,40521,1048576,2097152,2097152,40,1048576,1048576,2097152,40,524288,524288,524288,40,1024,2048,2048,40,64,32768,131072,40,256,512,1024,5322,256,512,1024,5187,256,512,1024,248271,256,512,1024,28269,128,512,1024,4893,256,512,1024,7137,512,1024,2048,1346,256,512,1024,1508,256,512,1024,25389,128,512,1024,3294,256,512,1024,417,128,512,1024,432,256,512,1024,414,256,1024,1024,198,1024,2048,2048,11,1024,1024,1024,15,64,64,64,26,64,128,128,20,16384,65536,65536,20,17.57,10.21,7.36,15,46,27,804,108,89,0,262144,262144,262144,262144,524288,15,65536,131072,131072,131072,131072,46,65536,131072,131072,131072,131072,27,65536,131072,131072,262144,262144,804,131072,131072,131072,131072,262144,108,65536,131072,131072,131072,131072,89,0,0,0,0,0,0,0,0,0,0,0,0,0,0,0,0,0,0,0,0,0,0,0,0,0,0,0,0,0,0,0,0,0,0,0,0,0,0,27738,33825,56112,14,40,20,0
42171834683500,4000,4096,8192,16384,28961,512,512,1024,4120,4096,8192,8192,3262,4096,8192,16384,814,8192,16384,16384,34,2048,2048,4096,868,512,1024,2048,3256,1024,2048,2048,548,4096,4096,8192,22,1024,131072,262144,42381,1048576,2097152,2097152,41,1048576,1048576,1048576,41,524288,524288,1048576,41,1024,2048,2048,41,64,32768,131072,41,256,512,1024,5034,256,512,1024,4953,256,512,1024,260643,256,512,1024,29358,128,512,1024,4827,256,512,1024,6975,512,1024,2048,1476,256,512,1024,1458,256,512,1024,24822,128,512,1024,2889,256,512,1024,489,256,512,1024,261,256,512,1024,306,256,1024,1024,198,1024,2048,2048,8,1024,1024,1024,9,64,64,64,17,64,64,64,20,128,16384,16384,20,18.92,10.79,8.13,9,34,24,868,97,85,0,262144,262144,262144,262144,262144,9,131072,131072,131072,131072,131072,34,65536,131072,131072,131072,262144,24,65536,131072,262144,262144,262144,868,131072,131072,262144,262144,262144,97,65536,131072,131072,131072,262144,85,0,0,0,0,0,0,0,0,0,0,0,0,0,0,0,0,0,0,0,0,0,0,0,0,0,0,0,0,0,0,0,0,0,0,0,0,0,0,28044,34862,56182,17,41,20,0
42172849955300,4000,4096,4096,16384,28446,256,512,1024,4004,4096,8192,8192,3218,4096,8192,16384,785,8192,8192,8192,29,2048,2048,4096,814,512,1024,1024,3179,1024,2048,2048,543,4096,4096,4096,17,1024,131072,262144,41435,1048576,2097152,2097152,41,1048576,1048576,1048576,41,524288,524288,1048576,41,1024,1024,1024,41,64,16384,65536,41,256,512,1024,5054,256,512,1024,5054,256,512,1024,256014,128,512,1024,28962,128,512,512,4605,128,512,1024,6768,512,1024,2048,1509,256,512,1024,1401,128,512,1024,25641,128,512,512,3195,128,512,512,441,128,512,1024,270,256,512,1024,261,256,512,1024,153,0,0,0,0,0,0,0,0,0,0,0,0,64,128,128,21,128,256,256,21,16.03,7.95,8.08,0,29,14,814,99,88,0,0,0,0,0,0,0,65536,131072,131072,131072,131072,29,65536,131072,131072,131072,131072,14,65536,131072,262144,262144,524288,812,131072,131072,262144,262144,262144,99,65536,131072,262144,262144,262144,88,0,0,0,0,0,0,0,0,0,0,0,0,0,0,0,0,0,0,0,0,0,0,0,0,0,0,0,0,0,0,0,0,0,0,0,0,2,0,29341,34697,53962,0,41,21,0
42173869042000,3940,4096,4096,16384,28222,512,512,1024,3972,4096,8192,8192,3151,4096,8192,16384,766,8192,8192,8192,37,2048,2048,4096,808,512,1024,1024,3166,1024,2048,2048,557,4096,4096,4096,18,1024,131072,262144,41084,1048576,2097152,2097152,41,1048576,1048576,1048576,41,524288,524288,524288,41,1024,1024,2048,41,64,32768,65536,41,256,512,1024,5172,256,512,1024,5712,256,512,1024,253998,128,512,1024,28359,128,512,512,4580,256,512,1024,6453,512,1024,2048,1470,256,512,1024,1488,128,512,1024,27477,128,512,1024,3051,128,512,1024,381,128,512,1024,315,256,512,1024,333,256,512,1024,162,0,0,0,0,0,0,0,0,0,0,0,0,64,128,128,20,128,256,256,20,16.35,10.47,5.88,0,37,25,808,84,96,60,0,0,0,0,0,0,65536,131072,131072,131072,131072,37,65536,131072,131072,131072,262144,25,65536,131072,131072,262144,262144,810,131072,131072,262144,262144,262144,84,65536,131072,131072,131072,131072,96,262144,262144,262144,262144,262144,60,0,0,0,0,0,0,0,0,0,0,0,0,0,0,0,0,0,0,0,0,0,0,0,0,0,0,0,0,0,0,0,0,30360,34955,54253,0,41,20,0
42174884296200,3880,4096,4096,16384,27894,512,512,1024,3880,4096,8192,8192,3139,4096,8192,32768,819,8192,8192,8192,27,2048,2048,4096,759,512,1024,1024,3160,1024,2048,2048,518,4096,4096,4096,20,512,131072,262144,40624,1048576,2097152,2097152,40,1048576,1048576,1048576,40,524288,524288,524288,40,512,1024,1024,40,64,65536,65536,40,256,512,1024,4719,256,512,1024,5259,256,512,1024,251046,128,512,1024,28251,128,512,1024,4407,128,512,1024,7290,512,1024,2048,1406,256,512,1024,1388,256,512,1024,25569,128,512,1024,3303,128,512,1024,474,256,512,512,234,256,512,1024,243,256,512,1024,180,0,0,0,0,0,0,0,0,0,0,0,0,64,128,128,20,128,256,256,20,14.94,9.27,5.67,0,27,19,759,72,86,60,0,0,0,0,0,0,65536,131072,262144,262144,4194304,27,65536,131072,131072,131072,131072,19,65536,131072,262144,262144,524288,759,131072,131072,131072,131072,262144,72,65536,131072,131072,131072,131072,86,262144,262144,262144,262144,524288,60,0,0,0,0,0,0,0,0,0,0,0,0,0,0,0,0,0,0,0,0,0,0,0,0,0,0,0,0,0,0,0,0,29252,34569,53809,0,40,20,0
42175905733200,3891,4096,4096,16384,27636,512,512,1024,3925,4096,8192,8192,3102,4096,8192,16384,773,8192,8192,8192,26,2048,2048,4096,765,512,1024,1024,3136,1024,2048,2048,539,4096,4096,4096,16,512,131072,262144,40359,1048576,2097152,2097152,41,1048576,1048576,1048576,41,524288,524288,524288,41,1024,2048,2048,41,64,65536,131072,41,256,512,1024,4953,256,512,1024,4854,256,512,1024,248724,128,512,1024,27918,128,512,1024,4233,128,512,1024,6858,512,1024,2048,1398,256,512,1024,1371,256,512,1024,26010,128,512,1024,3393,128,512,1024,663,128,512,512,243,256,512,512,234,256,512,1024,144,1024,2048,2048,12,1024,1024,1024,11,64,64,64,23,64,128,128,21,128,16384,65536,21,18.32,10.89,7.43,11,26,13,765,101,95,0,262144,262144,262144,262144,262144,11,65536,131072,131072,131072,131072,26,65536,131072,131072,131072,262144,13,65536,131072,131072,262144,262144,763,131072,131072,131072,262144,262144,101,65536,131072,131072,131072,131072,95,0,0,0,0,0,0,0,0,0,0,0,0,0,0,0,0,0,0,0,0,0,0,0,0,0,0,0,0,0,0,0,0,0,0,0,0,2,0,28782,34187,55284,0,41,21,0
42176922725200,3901,4096,4096,16384,28012,512,512,1024,3986,4096,8192,8192,3229,4096,8192,16384,758,8192,8192,8192,33,2048,2048,4096,842,512,1024,1024,3197,1024,2048,2048,508,4096,4096,4096,25,1024,131072,262144,41024,1048576,2097152,2097152,41,1048576,1048576,1048576,41,524288,524288,524288,41,1024,2048,2048,41,64,32768,65536,41,256,512,1024,4957,256,512,1024,4867,256,512,1024,252115,256,512,1024,29061,128,512,512,4434,256,512,1024,6462,512,1024,1024,1404,256,512,1024,1467,128,512,1024,26154,128,512,1024,3213,256,512,1024,524,128,512,512,333,256,512,1024,297,256,512,1024,225,2048,2048,2048,10,1024,1024,1024,10,64,64,64,20,64,128,128,20,128,65536,65536,20,14.39,8.15,6.24,10,33,15,842,96,77,0,262144,262144,262144,262144,262144,10,65536,131072,131072,131072,131072,33,65536,131072,131072,131072,131072,15,65536,131072,131072,262144,262144,844,131072,131072,131072,131072,131072,96,65536,131072,131072,131072,131072,77,0,0,0,0,0,0,0,0,0,0,0,0,0,0,0,0,0,0,0,0,0,0,0,0,0,0,0,0,0,0,0,0,0,0,0,0,0,0,27976,34539,53145,46,41,20,0
42177939206600,3912,4096,4096,16384,26997,512,512,1024,3823,4096,8192,8192,3047,4096,8192,16384,781,8192,8192,8192,34,2048,2048,4096,783,512,1024,1024,3031,1024,2048,2048,543,4096,8192,8192,20,2048,131072,262144,39463,1048576,2097152,2097152,40,1048576,1048576,1048576,40,524288,524288,524288,40,1024,2048,2048,40,64,32768,32768,40,256,512,1024,5107,256,512,1024,5008,256,512,1024,242966,256,512,1024,27423,128,512,512,4520,256,512,1024,6822,512,1024,2048,1388,256,512,1024,1406,128,512,1024,25569,128,512,1024,3168,128,512,512,588,256,512,1024,306,256,512,1024,306,256,512,1024,180,1024,2048,2048,14,1024,1024,1024,12,64,64,64,26,64,128,128,20,128,131072,131072,20,16.56,10.01,6.55,12,34,17,783,107,85,0,262144,262144,262144,262144,262144,12,65536,131072,131072,131072,262144,34,65536,131072,131072,131072,131072,17,65536,131072,131072,262144,262144,781,131072,131072,131072,262144,262144,107,65536,131072,131072,131072,131072,85,0,0,0,0,0,0,0,0,0,0,0,0,0,0,0,0,0,0,0,0,0,0,0,0,0,0,0,0,0,0,0,0,0,0,0,0,2,0,27579,33185,53746,522,40,20,0
42178955893800,3938,4096,4096,16384,27965,512,512,1024,3901,4096,8192,8192,3112,4096,8192,32768,848,8192,8192,8192,38,2048,2048,4096,785,512,1024,1024,3135,1024,2048,2048,521,4096,4096,4096,22,1024,131072,262144,40760,1048576,2097152,2097152,41,1048576,1048576,1048576,41,524288,524288,524288,41,1024,2048,2048,41,64,16384,32768,41,256,512,1024,5092,256,512,1024,4858,256,512,1024,251685,128,512,1024,28008,128,512,1024,5050,128,512,1024,7227,512,1024,1024,1374,256,512,1024,1464,128,512,1024,24282,128,512,1024,3015,128,512,1024,465,128,512,512,351,256,512,512,342,256,512,1024,198,2048,2048,2048,25,1024,1024,1024,25,64,64,128,50,64,128,128,21,16384,131072,131072,21,16.23,8.43,7.79,25,38,14,785,92,76,0,262144,262144,262144,262144,262144,25,65536,131072,131072,131072,262144,38,65536,131072,131072,131072,131072,14,65536,131072,131072,262144,1048576,786,65536,131072,131072,131072,131072,92,65536,131072,131072,131072,262144,76,0,0,0,0,0,0,0,0,0,0,0,0,0,0,0,0,0,0,0,0,0,0,0,0,0,0,0,0,0,0,0,0,0,0,0,0,0,0,28987,34472,55060,0,41,21,0
42179972735100,3959,4096,4096,16384,28325,512,512,1024,3997,4096,8192,8192,3183,4096,16384,16384,848,8192,8192,16384,36,2048,2048,4096,770,512,1024,1024,3178,1024,2048,2048,540,4096,4096,4096,18,2048,131072,262144,41300,1048576,2097152,2097152,41,1048576,1048576,1048576,41,524288,524288,524288,41,1024,2048,2048,41,128,131072,131072,41,256,512,1024,5583,256,512,1024,5394,256,512,1024,254925,128,512,1024,28647,128,512,512,4689,128,512,1024,7335,512,1024,2048,1620,256,512,1024,1593,128,512,1024,25488,128,512,1024,2979,128,512,1024,507,128,512,1024,342,256,512,1024,324,256,1024,1024,162,1024,2048,2048,21,1024,1024,1024,21,64,64,64,42,64,128,128,20,16384,131072,131072,20,16.84,9.06,7.78,21,36,11,770,94,87,0,262144,262144,262144,262144,262144,21,65536,131072,131072,131072,131072,36,65536,131072,131072,131072,131072,11,65536,131072,262144,262144,262144,771,131072,131072,131072,131072,262144,94,65536,131072,131072,131072,262144,87,0,0,0,0,0,0,0,0,0,0,0,0,0,0,0,0,0,0,0,0,0,0,0,0,0,0,0,0,0,0,0,0,0,0,0,0,0,0,29008,34597,54101,0,41,20,0
42180992461500,3981,4096,4096,16384,27933,512,512,1024,3959,4096,8192,16384,3153,4096,16384,16384,717,8192,8192,8192,34,2048,2048,4096,846,512,1024,1024,3160,1024,2048,2048,534,4096,4096,4096,22,2048,131072,262144,40749,1048576,2097152,2097152,41,1048576,1048576,1048576,41,524288,524288,524288,41,1024,1024,2048,41,64,65536,131072,41,256,512,1024,5523,256,512,1024,5325,256,512,1024,251397,128,512,1024,28377,128,512,512,4449,256,512,1024,6471,512,1024,2048,1598,256,512,1024,1373,256,512,1024,25902,256,512,1024,2916,128,512,1024,420,128,512,1024,270,256,512,1024,306,256,1024,1024,198,1024,2048,2048,21,1024,1024,1024,22,64,64,64,43,64,128,128,21,16384,65536,65536,21,17.33,9.88,7.44,22,34,7,846,89,91,0,262144,524288,524288,524288,524288,22,65536,131072,131072,131072,131072,34,131072,131072,131072,131072,131072,7,65536,131072,262144,524288,524288,846,131072,131072,131072,131072,131072,89,65536,131072,131072,131072,262144,91,0,0,0,0,0,0,0,0,0,0,0,0,0,0,0,0,0,0,0,0,0,0,0,0,0,0,0,0,0,0,0,0,0,0,0,0,0,0,29163,34013,53881,0,41,21,0
42182008847600,3996,4096,4096,16384,28387,512,512,1024,3931,4096,8192,8192,3216,4096,8192,16384,844,8192,16384,16384,28,2048,2048,4096,806,512,1024,1024,3194,1024,2048,2048,551,4096,4096,4096,17,1024,131072,262144,41351,1048576,2097152,2097152,40,1048576,1048576,2097152,40,524288,524288,524288,40,1024,1024,1024,40,64,65536,65536,40,256,512,1024,5316,256,512,1024,5181,256,512,1024,255483,128,512,1024,28944,128,512,1024,4789,256,512,1024,7326,512,1024,2048,1319,256,512,1024,1418,256,512,1024,25956,128,512,1024,3258,128,512,1024,414,128,512,512,279,256,512,1024,252,256,512,1024,153,1024,2048,2048,17,1024,1024,1024,17,64,64,64,34,64,128,128,20,16384,131072,131072,20,17.70,11.67,6.03,17,28,8,806,89,89,0,262144,262144,262144,262144,262144,17,65536,131072,131072,131072,262144,28,65536,131072,131072,131072,131072,8,65536,131072,131072,262144,2097152,806,131072,131072,262144,262144,262144,89,65536,131072,262144,262144,262144,89,0,0,0,0,0,0,0,0,0,0,0,0,0,0,0,0,0,0,0,0,0,0,0,0,0,0,0,0,0,0,0,0,0,0,0,0,0,0,28874,34919,55134,0,40,20,0
42183024531700,3940,4096,4096,16384,27969,512,512,1024,3951,4096,8192,8192,3179,4096,16384,16384,844,8192,8192,8192,42,2048,2048,4096,791,512,1024,1024,3157,1024,2048,2048,545,4096,4096,8192,24,1024,131072,262144,40939,1048576,2097152,2097152,41,1048576,1048576,1048576,41,524288,524288,524288,41,1024,2048,2048,41,64,32768,65536,41,256,512,1024,5164,256,512,1024,5668,256,512,1024,251721,128,512,1024,28611,128,512,1024,5153,256,512,1024,7281,512,1024,2048,1415,256,512,1024,1586,256,512,1024,25929,256,512,1024,3591,128,512,1024,441,128,512,1024,405,256,512,1024,378,256,1024,1024,216,0,0,0,0,1024,1024,1024,2,64,64,64,2,64,128,128,20,128,65536,65536,20,17.21,9.56,7.65,2,42,8,791,116,91,60,262144,262144,262144,262144,262144,2,65536,131072,131072,131072,131072,39,65536,65536,65536,65536,131072,8,65536,131072,131072,262144,524288,767,131072,131072,262144,262144,262144,113,65536,131072,131072,131072,262144,89,262144,262144,262144,262144,524288,49,0,0,0,0,0,0,0,0,0,0,0,0,0,0,0,0,0,0,0,0,0,0,0,0,0,0,0,0,0,0,43,0,29709,34236,52892,0,41,20,0
42184044678000,3940,4096,4096,16384,28227,256,512,1024,3992,4096,8192,8192,3139,4096,8192,16384,799,8192,8192,8192,39,2048,2048,4096,805,512,1024,1024,3227,1024,2048,2048,514,4096,4096,4096,13,1024,131072,262144,41182,1048576,2097152,2097152,41,1048576,1048576,1048576,41,524288,524288,524288,41,1024,2048,2048,41,128,65536,131072,41,256,512,1024,5232,256,512,1024,5232,256,512,1024,254043,128,512,1024,28251,128,512,512,4580,256,512,1024,6786,512,1024,1024,1450,256,512,1024,1468,128,512,1024,24660,128,512,1024,3060,128,512,1024,603,128,512,512,288,256,512,1024,351,256,512,1024,117,0,0,0,0,0,0,0,0,0,0,0,0,64,128,128,21,128,256,256,21,15.82,9.82,6.00,0,39,10,805,98,92,0,0,0,0,0,0,0,65536,131072,131072,131072,262144,42,65536,131072,131072,131072,131072,10,65536,131072,262144,262144,524288,829,131072,131072,131072,262144,262144,101,65536,131072,131072,131072,262144,94,65536,262144,262144,262144,262144,11,0,0,0,0,0,0,0,0,0,0,0,0,0,0,0,0,0,0,0,0,0,0,0,0,0,0,0,0,0,0,0,0,29073,34371,55415,0,41,21,0
42185060952600,3880,4096,4096,16384,27746,512,512,1024,3909,4096,8192,8192,3084,4096,16384,32768,776,8192,8192,8192,40,2048,2048,4096,759,512,1024,1024,3121,1024,2048,2048,573,4096,8192,8192,17,1024,131072,262144,40443,1048576,2097152,2097152,40,1048576,1048576,1048576,40,524288,524288,524288,40,1024,2048,2048,40,64,65536,131072,40,256,512,1024,5071,256,512,1024,5611,256,512,1024,249714,128,512,1024,27756,128,512,512,4399,256,512,1024,6534,512,1024,2048,1256,256,512,1024,1382,256,512,1024,24804,128,512,512,2835,128,512,1024,591,128,512,512,360,256,512,512,360,256,1024,1024,153,0,0,0,0,0,0,0,0,0,0,0,0,64,128,128,20,128,256,256,20,16.11,11.08,5.03,0,40,5,759,82,95,60,0,0,0,0,0,0,65536,131072,131072,131072,262144,40,65536,65536,65536,65536,65536,5,65536,131072,131072,262144,262144,759,131072,131072,131072,131072,131072,82,65536,131072,131072,131072,131072,95,131072,262144,524288,524288,524288,60,0,0,0,0,0,0,0,0,0,0,0,0,0,0,0,0,0,0,0,0,0,0,0,0,0,0,0,0,0,0,0,0,29077,34093,55550,0,40,20,0
42186079070200,3890,4096,4096,16384,28249,512,512,1024,3949,4096,8192,8192,3205,4096,8192,16384,827,8192,8192,8192,34,2048,2048,4096,841,512,1024,1024,3155,1024,2048,2048,533,4096,4096,4096,13,512,131072,262144,41223,1048576,2097152,2097152,41,1048576,1048576,1048576,41,524288,524288,524288,41,1024,2048,2048,41,64,131072,131072,41,256,512,1024,4795,256,512,1024,4705,256,512,1024,254248,256,512,1024,28845,128,512,512,4598,256,512,1024,6984,512,1024,2048,1320,256,512,1024,1464,256,512,1024,24696,128,512,1024,3267,256,512,1024,582,128,512,512,315,256,512,512,306,256,512,1024,117,2048,2048,2048,11,1024,1024,1024,11,64,64,64,22,64,128,128,20,128,131072,131072,20,15.63,9.35,6.28,11,34,13,841,88,90,0,262144,262144,262144,262144,262144,11,65536,131072,131072,131072,262144,34,131072,131072,131072,131072,131072,13,65536,131072,262144,262144,8388608,832,131072,131072,131072,131072,262144,88,65536,131072,131072,131072,131072,90,0,0,0,0,0,0,0,0,0,0,0,0,0,0,0,0,0,0,0,0,0,0,0,0,0,0,0,0,0,0,0,0,0,0,0,0,8,0,29483,35126,54359,0,41,20,0
42187096698300,3906,4096,4096,16384,27033,512,512,1024,3861,4096,8192,8192,3068,4096,16384,16384,795,8192,8192,8192,38,2048,2048,4096,777,512,1024,2048,3051,1024,2048,2048,501,4096,4096,4096,16,1024,131072,262144,39586,1048576,2097152,2097152,41,1048576,1048576,1048576,41,524288,524288,524288,41,1024,1024,1024,41,64,32768,65536,41,256,512,1024,4711,256,512,1024,4567,256,512,1024,243290,256,512,1024,27612,128,512,512,4599,256,512,1024,6993,512,1024,1024,1515,256,512,1024,1470,128,512,1024,25578,128,512,512,3204,128,512,512,537,128,512,512,333,256,512,1024,342,256,512,1024,144,1024,2048,2048,20,1024,1024,1024,16,64,64,64,36,64,128,128,21,16384,65536,131072,21,15.37,9.65,5.72,16,38,26,777,82,83,0,262144,262144,262144,262144,524288,16,65536,131072,131072,131072,131072,36,65536,131072,262144,262144,262144,26,65536,131072,262144,524288,4194304,783,131072,131072,262144,262144,524288,82,65536,131072,131072,131072,131072,83,0,0,0,0,0,0,0,0,0,0,0,0,0,0,0,0,0,0,0,0,0,0,0,0,0,0,0,0,0,0,0,0,0,0,0,0,5,0,29940,34357,53102,0,41,21,0
42188113743400,3935,4096,4096,16384,28009,512,512,1024,3967,4096,8192,16384,3130,4096,8192,16384,769,8192,8192,8192,33,2048,2048,4096,807,512,1024,1024,3226,1024,2048,2048,559,4096,8192,8192,20,512,131072,262144,40939,1048576,2097152,2097152,40,1048576,1048576,1048576,40,524288,524288,524288,40,1024,1024,1024,40,64,65536,131072,40,256,512,1024,5105,256,512,1024,4844,256,512,1024,252085,256,512,1024,28170,128,512,512,4720,256,512,1024,6750,512,1024,2048,1386,256,512,1024,1413,256,512,1024,25308,128,512,1024,3078,128,512,512,435,128,512,1024,252,256,512,1024,297,256,512,1024,180,2048,2048,2048,27,1024,1024,1024,29,64,64,128,56,64,128,128,20,32768,131072,131072,20,16.91,9.68,7.23,29,33,28,807,93,96,0,262144,524288,524288,524288,524288,29,65536,131072,131072,131072,131072,35,65536,131072,131072,131072,131072,28,65536,131072,131072,262144,262144,810,131072,131072,131072,131072,131072,93,65536,131072,131072,131072,262144,96,0,0,0,0,0,0,0,0,0,0,0,0,0,0,0,0,0,0,0,0,0,0,0,0,0,0,0,0,0,0,0,0,0,0,0,0,0,0,30391,35486,53523,0,40,20,0
42189130303000,3955,4096,4096,16384,27838,512,512,1024,3929,4096,8192,8192,3155,4096,8192,16384,747,8192,8192,8192,23,2048,4096,4096,831,512,1024,4096,3174,1024,2048,2048,512,4096,4096,4096,25,1024,131072,262144,40666,1048576,2097152,2097152,41,1048576,1048576,1048576,41,524288,524288,1048576,41,512,1024,1024,41,64,32768,65536,41,256,512,1024,5232,256,512,1024,5052,256,512,1024,250538,256,512,1024,28395,128,512,512,4293,256,512,1024,6741,512,1024,1024,1494,256,512,1024,1386,256,512,1024,27657,128,512,1024,3123,256,512,1024,456,256,512,1024,261,256,512,1024,207,256,512,1024,225,1024,2048,2048,22,1024,1024,1024,22,64,64,64,44,64,128,128,20,16384,65536,65536,20,16.00,8.76,7.24,22,23,33,831,94,95,0,262144,262144,262144,262144,262144,22,65536,131072,131072,131072,262144,23,65536,131072,131072,131072,131072,33,65536,131072,262144,262144,262144,831,131072,131072,262144,262144,524288,94,65536,131072,131072,131072,262144,95,0,0,0,0,0,0,0,0,0,0,0,0,0,0,0,0,0,0,0,0,0,0,0,0,0,0,0,0,0,0,0,0,0,0,0,0,0,0,28465,34275,54852,0,41,20,0
42190149781100,3976,4096,4096,16384,27919,512,512,1024,3964,4096,8192,8192,3164,4096,8192,16384,834,8192,8192,8192,29,2048,2048,4096,785,512,1024,4096,3129,1024,2048,2048,484,4096,4096,4096,14,2048,131072,262144,40706,1048576,2097152,2097152,41,1048576,1048576,1048576,41,524288,524288,1048576,41,1024,1024,1024,41,64,32768,65536,41,256,512,1024,5482,256,512,1024,5293,256,512,1024,251271,256,512,1024,28476,128,512,512,4821,256,512,1024,7614,512,1024,2048,1509,256,512,1024,1446,256,512,1024,26766,128,512,1024,3429,128,512,512,453,128,512,512,270,256,512,1024,261,256,512,1024,126,1024,2048,2048,18,1024,1024,1024,18,64,64,64,36,64,128,128,21,256,131072,131072,21,16.77,10.32,6.45,18,29,39,785,95,116,0,262144,262144,262144,262144,262144,18,65536,131072,131072,131072,262144,29,65536,131072,131072,131072,131072,39,65536,131072,131072,524288,524288,782,131072,131072,131072,131072,262144,95,65536,131072,131072,131072,262144,116,0,0,0,0,0,0,0,0,0,0,0,0,0,0,0,0,0,0,0,0,0,0,0,0,0,0,0,0,0,0,0,0,0,0,0,0,3,0,28625,34144,55115,0,41,21,0
42191164522700,3988,4096,4096,16384,28441,512,512,1024,3996,4096,8192,8192,3189,4096,16384,16384,802,8192,8192,8192,41,2048,2048,4096,771,512,1024,4096,3153,1024,2048,2048,582,4096,4096,4096,16,1024,131072,262144,41434,1048576,2097152,2097152,40,1048576,1048576,1048576,40,524288,524288,524288,40,1024,2048,2048,40,64,65536,65536,40,256,512,1024,5108,256,512,1024,5000,256,512,1024,255969,256,512,1024,28701,128,512,512,4743,256,512,1024,7128,512,1024,1024,1341,256,512,1024,1413,256,512,1024,26019,128,512,1024,3303,128,512,512,501,256,512,1024,351,256,512,1024,369,256,512,1024,144,1024,2048,2048,12,1024,1024,1024,13,64,64,64,25,64,128,128,20,256,131072,131072,20,16.08,9.70,6.38,13,41,44,771,85,86,0,262144,262144,262144,262144,262144,13,65536,131072,131072,131072,262144,41,65536,131072,131072,131072,131072,44,65536,131072,262144,524288,4194304,771,131072,131072,131072,131072,131072,85,65536,131072,131072,131072,262144,86,0,0,0,0,0,0,0,0,0,0,0,0,0,0,0,0,0,0,0,0,0,0,0,0,0,0,0,0,0,0,0,0,0,0,0,0,2,0,28610,34688,54696,0,40,20,0
42192183657500,3999,4096,4096,16384,27859,512,512,1024,3954,4096,8192,8192,3170,4096,16384,32768,750,8192,8192,8192,32,2048,2048,4096,833,512,1024,4096,3188,1024,2048,2048,549,4096,8192,8192,12,1024,131072,262144,40768,1048576,2097152,2097152,41,1048576,1048576,1048576,41,524288,524288,524288,41,1024,2048,2048,41,64,65536,131072,41,256,512,1024,5313,256,512,1024,5214,256,512,1024,250731,256,512,1024,28530,128,512,1024,4474,256,512,1024,6930,512,1024,2048,1500,256,512,1024,1464,256,512,1024,26298,256,512,1024,3204,128,512,1024,516,128,512,512,306,256,512,1024,288,256,512,1024,108,2048,2048,2048,10,1024,1024,1024,10,64,64,64,20,64,128,128,20,128,65536,65536,20,17.45,10.52,6.93,10,32,46,833,81,91,0,262144,262144,262144,262144,262144,10,65536,131072,131072,131072,131072,32,65536,131072,131072,131072,131072,46,65536,131072,131072,262144,262144,835,131072,131072,131072,131072,131072,81,65536,131072,131072,131072,131072,91,0,0,0,0,0,0,0,0,0,0,0,0,0,0,0,0,0,0,0,0,0,0,0,0,0,0,0,0,0,0,0,0,0,0,0,0,1,0,29212,34430,55841,0,41,20,0
42193201036000,3940,4096,4096,16384,28705,512,512,1024,4103,4096,8192,8192,3175,4096,8192,16384,844,8192,8192,8192,29,2048,2048,4096,823,512,1024,4096,3241,1024,2048,2048,566,4096,8192,8192,24,1024,131072,262144,41918,1048576,2097152,2097152,41,1048576,1048576,1048576,41,524288,524288,524288,41,512,1024,1024,41,64,65536,262144,41,256,512,1024,5305,256,512,1024,5836,256,512,1024,258345,256,512,1024,28575,128,512,1024,4807,256,512,1024,7524,512,1024,2048,1536,256,512,1024,1293,256,512,1024,26073,128,512,1024,3375,128,512,512,528,256,512,512,216,256,512,1024,261,256,512,1024,216,0,0,0,0,0,0,0,1,0,0,0,1,64,128,128,21,128,256,256,21,17.78,11.30,6.48,1,29,60,823,73,93,60,0,0,0,0,262144,1,65536,131072,131072,131072,131072,29,65536,131072,262144,262144,262144,60,65536,131072,131072,262144,4194304,823,65536,131072,131072,131072,131072,73,65536,131072,131072,131072,131072,93,131072,262144,262144,262144,262144,60,0,0,0,0,0,0,0,0,0,0,0,0,0,0,0,0,0,0,0,0,0,0,0,0,0,0,0,0,0,0,1,0,29229,34879,55599,0,41,21,0
42194219767700,3940,4096,4096,16384,28211,512,512,1024,3952,4096,8192,8192,3167,4096,8192,16384,840,8192,8192,8192,33,2048,2048,4096,829,512,1024,4096,3141,1024,2048,2048,534,4096,4096,4096,23,1024,131072,262144,41137,1048576,2097152,2097152,40,1048576,1048576,1048576,40,524288,524288,524288,40,1024,2048,2048,40,128,131072,131072,40,256,512,1024,4523,256,512,1024,4523,256,512,1024,253899,128,512,1024,28503,128,512,512,4952,128,512,1024,7695,512,1024,1024,1323,256,512,1024,1467,128,512,1024,26442,128,512,512,3276,128,512,512,612,128,512,512,333,256,512,1024,297,256,512,1024,207,0,0,0,0,0,0,0,0,0,0,0,0,64,128,128,20,128,128,128,20,17.01,10.70,6.31,0,33,62,829,97,106,0,0,0,0,0,0,0,65536,131072,131072,131072,131072,32,65536,131072,131072,131072,131072,62,65536,131072,131072,524288,4194304,825,131072,131072,131072,131072,131072,97,65536,131072,131072,131072,131072,106,0,0,0,0,0,0,0,0,0,0,0,0,0,0,0,0,0,0,0,0,0,0,0,0,0,0,0,0,0,0,0,0,0,0,0,0,6,0,29039,34312,53330,0,40,20,0
42195236081400,3880,4096,4096,16384,27712,256,512,1024,3962,4096,8192,8192,3118,4096,8192,16384,787,8192,8192,8192,35,2048,2048,4096,742,512,1024,4096,3126,1024,2048,2048,492,4096,4096,4096,17,2048,131072,262144,40402,1048576,2097152,2097152,41,1048576,1048576,1048576,41,524288,524288,1048576,41,1024,2048,2048,41,128,65536,65536,42,256,512,1024,5092,256,512,1024,5632,256,512,1024,249408,128,512,1024,28062,128,512,512,4238,256,512,1024,7029,512,1024,2048,1470,256,512,1024,1407,128,512,1024,26955,128,512,1024,3294,128,512,1024,471,128,512,512,342,256,512,1024,315,256,512,1024,153,0,0,0,1,0,0,0,0,0,0,0,1,64,64,128,21,128,256,512,21,15.49,9.14,6.35,0,35,56,742,93,90,60,0,0,0,0,0,0,65536,131072,131072,131072,262144,36,65536,131072,131072,131072,131072,56,65536,131072,131072,262144,262144,747,131072,131072,262144,262144,262144,92,65536,131072,131072,131072,262144,89,131072,262144,262144,262144,262144,60,0,0,0,0,0,0,0,0,0,0,0,0,0,0,0,0,0,0,0,0,0,0,0,0,0,0,0,0,0,0,2,0,28421,33731,53859,0,41,21,0
42196269674100,3891,4096,4096,16384,28679,512,512,1024,4028,4096,8192,16384,3158,4096,8192,16384,789,8192,8192,8192,29,2048,2048,4096,825,512,1024,4096,3172,1024,2048,2048,534,4096,4096,4096,16,1024,131072,262144,41607,1048576,2097152,2097152,42,1048576,1048576,1048576,42,524288,524288,524288,42,1024,1024,1024,42,64,65536,65536,41,256,512,1024,5175,256,512,1024,5076,256,512,1024,258111,128,512,1024,28422,128,512,1024,4564,128,512,1024,6948,512,1024,2048,1542,256,512,1024,1434,128,512,1024,28215,128,512,1024,3357,128,512,512,663,128,512,512,243,256,512,1024,261,256,1024,1024,144,2048,2048,2048,12,1024,1024,1024,11,64,64,64,23,64,64,64,20,256,131072,131072,20,14.84,9.00,5.83,11,29,65,825,97,101,0,262144,262144,262144,262144,262144,11,65536,131072,131072,131072,131072,29,65536,131072,131072,131072,131072,65,65536,131072,131072,262144,262144,825,65536,131072,131072,131072,131072,98,65536,131072,131072,131072,131072,102,0,0,0,0,0,0,0,0,0,0,0,0,0,0,0,0,0,0,0,0,0,0,0,0,0,0,0,0,0,0,0,0,0,0,0,0,0,0,29261,35185,55074,0,42,20,0
42197288027300,3909,4096,4096,16384,27085,512,512,1024,3837,4096,8192,8192,3074,4096,16384,16384,801,8192,8192,8192,42,2048,2048,4096,790,512,1024,4096,3112,1024,2048,2048,531,4096,8192,8192,17,512,131072,262144,39715,1048576,2097152,2097152,40,1048576,1048576,1048576,40,524288,524288,524288,40,1024,2048,2048,40,64,65536,131072,40,256,512,1024,5049,256,512,1024,4887,256,512,1024,243765,256,512,1024,27666,128,512,512,4438,128,512,1024,7038,512,1024,1024,1640,256,512,1024,1649,128,512,1024,26640,128,512,1024,3501,128,512,1024,594,128,512,512,378,256,512,1024,378,256,1024,1024,153,1024,2048,2048,21,1024,1024,1024,20,64,64,128,41,64,128,128,20,16384,65536,65536,20,16.26,9.47,6.78,20,42,57,790,94,84,0,262144,262144,262144,262144,262144,20,65536,131072,131072,131072,131072,42,65536,131072,131072,131072,262144,57,65536,131072,131072,262144,524288,788,65536,131072,131072,131072,131072,94,65536,131072,131072,131072,131072,84,0,0,0,0,0,0,0,0,0,0,0,0,0,0,0,0,0,0,0,0,0,0,0,0,0,0,0,0,0,0,0,0,0,0,0,0,2,0,29721,34610,54970,0,40,20,0
42198308285400,3932,4096,4096,16384,27832,512,512,1024,3958,4096,8192,8192,3161,4096,8192,16384,820,8192,8192,8192,35,2048,4096,4096,833,512,1024,4096,3135,1024,2048,2048,524,4096,4096,4096,8,512,131072,262144,40751,1048576,2097152,2097152,41,1048576,1048576,1048576,41,524288,524288,1048576,41,1024,2048,2048,41,64,32768,65536,41,256,512,1024,5150,256,512,1024,4943,256,512,1024,250491,256,512,1024,28449,128,512,512,4930,256,512,1024,7353,512,1024,2048,1401,256,512,1024,1545,128,512,1024,26910,128,512,1024,3258,128,512,512,558,128,512,1024,297,256,512,1024,315,256,512,1024,72,2048,2048,2048,22,1024,1024,1024,21,64,64,64,43,64,128,128,21,16384,131072,131072,21,14.45,6.97,7.48,21,35,35,833,84,91,0,262144,262144,262144,262144,262144,21,65536,131072,131072,131072,131072,35,65536,131072,131072,131072,131072,35,65536,131072,131072,262144,524288,830,131072,131072,262144,262144,262144,84,65536,131072,131072,131072,131072,91,0,0,0,0,0,0,0,0,0,0,0,0,0,0,0,0,0,0,0,0,0,0,0,0,0,0,0,0,0,0,0,0,0,0,0,0,5,0,27704,34262,55354,29,41,21,0
42199324284700,3951,4096,4096,16384,28586,256,512,1024,4026,4096,8192,8192,3203,4096,16384,16384,776,8192,8192,8192,30,2048,2048,4096,794,512,1024,2048,3227,1024,2048,2048,532,4096,4096,4096,16,256,131072,262144,41586,1048576,2097152,2097152,41,1048576,1048576,1048576,41,524288,524288,524288,41,1024,1024,1024,41,128,32768,65536,41,256,512,1024,5340,256,512,1024,5169,256,512,1024,257271,128,512,1024,28827,128,512,512,4377,256,512,1024,6741,512,1024,1024,1350,256,512,1024,1431,128,512,1024,26793,128,512,1024,3240,128,512,512,552,128,512,512,270,256,512,1024,270,256,512,1024,144,2048,2048,2048,19,1024,1024,1024,21,64,64,64,40,64,128,128,20,16384,131072,131072,20,17.46,10.74,6.73,21,30,44,794,96,94,0,262144,262144,262144,262144,262144,21,65536,131072,131072,131072,131072,30,65536,131072,131072,131072,262144,44,65536,131072,131072,262144,262144,799,131072,131072,131072,131072,131072,96,65536,131072,131072,131072,131072,94,0,0,0,0,0,0,0,0,0,0,0,0,0,0,0,0,0,0,0,0,0,0,0,0,0,0,0,0,0,0,0,0,0,0,0,0,0,0,27929,34256,55278,17,41,20,0
42200344109600,3975,4096,8192,16384,27440,512,512,1024,3843,4096,8192,8192,3104,4096,8192,16384,789,8192,8192,16384,37,2048,4096,4096,751,512,1024,4096,3127,1024,2048,2048,549,4096,8192,8192,27,1024,131072,262144,40051,1048576,2097152,2097152,41,1048576,1048576,1048576,41,524288,524288,524288,41,1024,2048,2048,41,64,65536,65536,41,256,512,1024,5441,256,512,1024,5225,256,512,1024,246960,256,512,1024,27936,128,512,512,4576,256,512,1024,6687,512,1024,2048,1542,256,512,1024,1497,256,512,1024,25776,256,512,1024,3267,128,512,1024,381,128,512,1024,306,256,512,1024,333,256,1024,1024,243,2048,2048,2048,25,1024,1024,1024,22,64,64,64,47,64,128,128,21,16384,131072,131072,21,16.19,10.24,5.94,22,37,52,751,98,80,0,262144,262144,262144,262144,262144,22,65536,131072,131072,131072,131072,37,65536,131072,131072,131072,524288,52,65536,131072,131072,262144,262144,751,131072,131072,262144,262144,262144,98,65536,131072,131072,131072,262144,80,0,0,0,0,0,0,0,0,0,0,0,0,0,0,0,0,0,0,0,0,0,0,0,0,0,0,0,0,0,0,0,0,0,0,0,0,0,0,29223,33972,54383,0,41,21,0
42201360770800,3991,4096,4096,16384,28547,512,512,1024,4114,4096,8192,8192,3190,4096,16384,16384,855,8192,8192,8192,29,2048,2048,4096,839,512,1024,2048,3193,1024,2048,8192,579,4096,4096,4096,18,512,131072,262144,41817,1048576,2097152,2097152,40,1048576,1048576,1048576,40,524288,524288,524288,40,1024,2048,2048,40,64,65536,65536,40,256,512,1024,5321,256,512,1024,5177,256,512,1024,256923,256,512,1024,28710,128,512,1024,4980,256,512,1024,7569,512,1024,1024,1431,256,512,1024,1449,256,512,1024,25515,128,512,1024,2889,256,512,1024,426,128,512,512,324,256,512,1024,261,256,512,1024,162,1024,2048,2048,13,1024,1024,1024,16,64,64,64,29,64,64,64,20,16384,131072,131072,20,14.92,9.01,5.92,16,29,43,839,86,94,0,262144,262144,262144,262144,262144,16,65536,131072,131072,131072,131072,29,65536,131072,131072,131072,262144,43,65536,131072,131072,262144,262144,839,65536,131072,131072,131072,131072,86,65536,131072,131072,131072,262144,94,0,0,0,0,0,0,0,0,0,0,0,0,0,0,0,0,0,0,0,0,0,0,0,0,0,0,0,0,0,0,0,0,0,0,0,0,0,0,29072,35219,55424,0,40,20,0
42202377169700,4000,4096,4096,16384,28233,512,512,1024,3956,4096,8192,8192,3198,4096,8192,16384,804,8192,8192,8192,33,2048,2048,4096,832,512,1024,4096,3167,1024,2048,2048,523,4096,4096,4096,20,1024,131072,262144,41181,1048576,2097152,2097152,41,1048576,1048576,1048576,41,524288,524288,524288,41,1024,2048,2048,41,128,32768,65536,41,256,512,1024,5059,256,512,1024,4978,256,512,1024,254097,256,512,1024,28782,128,512,1024,4799,256,512,1024,7119,512,1024,2048,1383,256,512,1024,1446,256,512,1024,25704,128,512,1024,3357,128,512,512,348,128,512,512,306,256,512,1024,297,256,512,1024,180,1024,2048,2048,7,1024,1024,1024,9,64,64,64,16,64,128,128,20,128,65536,65536,20,18.23,10.58,7.65,9,33,50,832,94,78,0,262144,262144,262144,262144,262144,9,65536,131072,131072,131072,262144,33,65536,131072,131072,131072,131072,50,65536,131072,131072,262144,262144,832,131072,131072,131072,131072,131072,94,65536,131072,131072,131072,131072,78,0,0,0,0,0,0,0,0,0,0,0,0,0,0,0,0,0,0,0,0,0,0,0,0,0,0,0,0,0,0,0,0,0,0,0,0,0,0,28798,34415,55659,0,41,20,0
42203394564200,3940,4096,4096,16384,28885,256,512,1024,4048,4096,8192,8192,3199,4096,8192,16384,779,8192,8192,8192,35,2048,2048,4096,817,512,1024,2048,3218,1024,2048,2048,531,4096,8192,8192,19,512,131072,262144,41992,1048576,2097152,2097152,40,1048576,1048576,2097152,40,524288,524288,524288,40,1024,2048,2048,40,64,65536,65536,40,256,512,1024,5250,256,512,1024,5790,256,512,1024,259965,128,512,1024,28791,128,512,512,4780,128,512,1024,6588,512,1024,1024,1413,256,512,1024,1386,256,512,1024,26244,128,512,1024,3195,256,512,1024,477,128,512,512,261,256,512,1024,315,256,1024,1024,171,0,0,0,0,0,0,0,0,0,0,0,0,64,128,128,20,128,256,256,20,14.21,8.40,5.81,0,35,40,817,96,78,60,0,0,0,0,0,0,65536,131072,131072,131072,131072,35,65536,131072,131072,131072,131072,40,65536,131072,131072,262144,262144,817,65536,131072,131072,131072,131072,96,65536,131072,131072,131072,131072,78,131072,262144,262144,262144,262144,60,0,0,0,0,0,0,0,0,0,0,0,0,0,0,0,0,0,0,0,0,0,0,0,0,0,0,0,0,0,0,0,0,28836,34713,54683,0,40,20,0
42204408197700,3940,4096,4096,16384,27213,256,512,1024,3795,4096,8192,8192,3105,4096,16384,32768,739,8192,8192,8192,31,2048,2048,4096,778,512,1024,4096,3089,1024,2048,2048,535,4096,4096,4096,14,512,131072,262144,39722,1048576,2097152,2097152,41,1048576,1048576,1048576,41,524288,524288,524288,41,1024,2048,2048,41,128,65536,65536,41,256,512,1024,5175,256,512,1024,5175,256,512,1024,244917,256,512,1024,27945,128,512,1024,4501,256,512,1024,6777,512,1024,2048,1572,256,512,1024,1554,128,512,1024,26523,128,512,1024,3168,128,512,512,435,128,512,1024,288,256,512,1024,279,256,512,512,126,0,0,0,0,0,0,0,0,0,0,0,0,64,64,128,21,128,128,256,21,17.76,11.25,6.52,0,31,42,778,102,94,0,0,0,0,0,0,0,65536,131072,131072,131072,131072,31,65536,131072,131072,131072,262144,42,65536,131072,131072,262144,262144,778,131072,131072,131072,131072,262144,102,65536,131072,131072,131072,131072,94,0,0,0,0,0,0,0,0,0,0,0,0,0,0,0,0,0,0,0,0,0,0,0,0,0,0,0,0,0,0,0,0,0,0,0,0,0,0,28872,33940,55114,0,41,21,0
42205426128900,3882,4096,4096,16384,27942,256,512,1024,3961,4096,8192,8192,3176,4096,8192,16384,829,8192,8192,8192,30,2048,2048,4096,757,512,1024,4096,3223,1024,2048,2048,538,4096,4096,8192,27,1024,131072,262144,40898,1048576,2097152,2097152,41,1048576,1048576,2097152,41,524288,524288,1048576,41,1024,2048,2048,41,64,65536,65536,41,256,512,1024,4894,256,512,1024,5416,256,512,1024,251478,128,512,1024,28584,128,512,1024,4761,128,512,1024,7290,512,1024,2048,1479,256,512,1024,1506,128,512,1024,26325,128,512,1024,3249,128,512,512,411,128,512,1024,252,256,512,1024,270,256,1024,1024,243,2048,2048,2048,4,512,512,512,2,64,64,64,6,64,128,128,20,128,16384,16384,20,15.87,9.98,5.89,2,30,44,757,97,111,60,262144,262144,262144,262144,262144,2,65536,131072,131072,131072,131072,30,65536,131072,131072,131072,131072,44,65536,131072,131072,262144,524288,757,131072,131072,131072,131072,262144,97,65536,131072,131072,131072,131072,111,131072,262144,262144,262144,262144,60,0,0,0,0,0,0,0,0,0,0,0,0,0,0,0,0,0,0,0,0,0,0,0,0,0,0,0,0,0,0,0,0,28554,34165,53961,0,41,20,0
42206447040300,3893,4096,4096,16384,27776,512,512,1024,3908,4096,8192,8192,3112,4096,8192,16384,766,8192,8192,8192,21,2048,2048,4096,810,512,1024,4096,3078,1024,2048,2048,491,4096,4096,8192,25,1024,131072,262144,40359,1048576,2097152,2097152,40,1048576,1048576,1048576,40,524288,524288,524288,40,512,1024,1024,40,128,65536,65536,40,256,512,1024,5166,256,512,1024,5067,256,512,1024,249984,256,512,1024,28008,128,512,1024,4183,256,512,1024,6876,512,1024,2048,1326,256,512,1024,1236,128,512,1024,24786,128,512,1024,3258,128,512,1024,687,256,512,1024,216,256,512,512,189,256,512,1024,225,1024,2048,2048,11,1024,1024,1024,11,64,64,64,22,64,128,128,20,128,65536,65536,20,18.60,11.03,7.57,11,21,47,810,98,110,0,262144,262144,262144,262144,262144,11,65536,131072,131072,131072,131072,21,65536,131072,131072,131072,131072,47,65536,131072,131072,262144,262144,806,131072,131072,131072,131072,131072,98,65536,131072,131072,131072,131072,110,0,0,0,0,0,0,0,0,0,0,0,0,0,0,0,0,0,0,0,0,0,0,0,0,0,0,0,0,0,0,0,0,0,0,0,0,3,0,29103,34263,53383,0,40,20,0
42207464904500,3909,4096,4096,16384,27601,512,512,1024,3889,4096,8192,8192,3098,4096,8192,16384,785,8192,8192,8192,36,2048,4096,4096,812,512,1024,4096,3131,1024,2048,2048,551,4096,4096,4096,22,1024,131072,262144,40317,1048576,2097152,2097152,42,1048576,1048576,1048576,42,524288,524288,524288,42,1024,2048,2048,42,128,131072,262144,42,256,512,1024,5576,256,512,1024,5432,256,512,1024,248409,256,512,1024,27882,128,512,512,4636,256,512,1024,6894,512,1024,2048,1585,256,512,1024,1558,128,512,1024,25794,128,512,1024,3231,128,512,1024,546,128,512,512,360,256,512,1024,324,256,512,1024,198,1024,2048,2048,20,1024,1024,1024,18,64,128,128,38,64,128,128,21,16384,32768,131072,21,16.21,10.00,6.21,18,36,62,812,115,97,0,262144,262144,262144,262144,262144,18,65536,131072,131072,131072,131072,35,131072,131072,131072,131072,262144,62,65536,131072,131072,262144,262144,809,131072,131072,131072,262144,262144,111,65536,131072,131072,131072,131072,95,0,0,0,0,0,0,0,0,0,0,0,0,0,0,0,0,0,0,0,0,0,0,0,0,0,0,0,0,0,0,0,0,0,0,0,0,14,0,29956,34811,54299,0,42,21,0
42208480249800,3938,4096,4096,16384,27480,512,512,1024,3911,4096,8192,8192,3037,4096,8192,16384,797,8192,8192,8192,42,2048,2048,4096,807,512,1024,4096,3093,1024,2048,2048,549,4096,4096,4096,13,2048,131072,262144,40132,1048576,2097152,2097152,40,1048576,1048576,1048576,40,524288,524288,524288,40,1024,2048,2048,40,64,32768,65536,40,256,512,1024,5508,256,512,1024,5247,256,512,1024,247320,256,512,1024,27333,128,512,512,4646,256,512,1024,6813,512,1024,2048,1494,256,512,1024,1512,128,512,1024,25002,128,512,1024,2880,128,512,512,456,128,512,1024,324,256,512,1024,378,256,512,1024,117,2048,2048,2048,27,1024,1024,1024,29,64,64,64,56,64,128,128,20,16384,131072,131072,20,17.05,8.91,8.14,29,42,46,807,96,100,0,262144,262144,262144,262144,524288,29,65536,131072,131072,131072,131072,43,65536,131072,131072,131072,131072,46,65536,131072,131072,262144,262144,813,65536,131072,131072,131072,524288,99,65536,131072,131072,262144,262144,101,0,0,0,0,0,0,0,0,0,0,0,0,0,0,0,0,0,0,0,0,0,0,0,0,0,0,0,0,0,0,0,0,0,0,0,0,3,0,29199,34346,55354,0,40,20,0
42209499764900,3961,4096,4096,16384,28226,512,512,1024,3948,4096,8192,8192,3219,4096,8192,16384,822,8192,8192,8192,31,2048,2048,4096,813,512,1024,4096,3200,1024,2048,2048,545,4096,8192,8192,12,1024,131072,262144,41253,1048576,2097152,2097152,41,1048576,1048576,1048576,41,524288,524288,524288,41,1024,2048,2048,41,64,8192,65536,41,256,512,1024,5560,256,512,1024,5353,256,512,1024,254035,256,512,1024,28971,128,512,1024,4689,256,512,1024,7101,512,1024,2048,1551,256,512,1024,1470,256,512,1024,25686,128,512,1024,3249,128,512,1024,396,256,512,1024,261,256,512,1024,279,256,1024,1024,108,1024,2048,2048,23,1024,1024,1024,23,64,64,128,46,64,128,128,21,16384,65536,131072,21,17.22,9.31,7.91,23,31,38,813,94,96,0,262144,262144,262144,262144,524288,21,65536,131072,131072,131072,131072,31,65536,131072,131072,131072,131072,38,65536,131072,131072,262144,262144,805,131072,131072,131072,131072,131072,95,65536,131072,131072,131072,262144,97,0,0,0,0,0,0,0,0,0,0,0,0,0,0,0,0,0,0,0,0,0,0,0,0,0,0,0,0,0,0,0,0,0,0,0,0,11,0,29049,34523,53860,0,41,21,0
42210515353600,3983,4096,4096,16384,28621,512,512,1024,4010,4096,8192,8192,3246,4096,16384,16384,824,8192,8192,8192,35,2048,2048,4096,779,512,1024,4096,3249,1024,2048,2048,552,4096,8192,8192,12,2048,131072,262144,41748,1048576,2097152,2097152,40,1048576,1048576,1048576,40,524288,524288,1048576,40,1024,2048,2048,40,128,131072,131072,40,256,512,1024,5339,256,512,1024,5141,256,512,1024,257588,256,512,1024,29214,128,512,1024,4593,256,512,1024,7227,512,1024,2048,1404,256,512,1024,1440,256,512,1024,25767,256,512,1024,2862,128,512,1024,459,128,512,1024,342,256,512,1024,315,256,1024,1024,108,1024,2048,2048,19,1024,1024,1024,20,64,64,64,39,64,128,128,20,16384,262144,262144,20,17.99,9.64,8.35,20,35,37,779,112,92,0,262144,262144,524288,524288,524288,22,65536,131072,131072,131072,262144,35,65536,131072,131072,131072,131072,37,65536,131072,131072,262144,262144,777,131072,131072,131072,131072,262144,112,65536,131072,131072,131072,131072,92,0,0,0,0,0,0,0,0,0,0,0,0,0,0,0,0,0,0,0,0,0,0,0,0,0,0,0,0,0,0,0,0,0,0,0,0,11,0,29537,34925,53156,0,40,20,0
42211534826200,3995,4096,4096,16384,27736,512,512,1024,3921,4096,8192,8192,3112,4096,16384,16384,819,8192,8192,8192,33,2048,2048,4096,812,512,1024,2048,3161,1024,2048,2048,521,4096,4096,4096,22,1024,131072,262144,40590,1048576,2097152,2097152,41,1048576,1048576,1048576,41,524288,524288,524288,41,1024,2048,2048,41,128,65536,65536,41,256,512,1024,5413,256,512,1024,5305,256,512,1024,249624,256,512,1024,28008,128,512,512,4941,256,512,1024,7002,512,1024,2048,1439,256,512,1024,1493,128,512,1024,25371,128,512,1024,3024,128,512,512,479,256,512,1024,324,256,512,1024,297,256,512,1024,198,1024,2048,2048,11,1024,1024,1024,12,64,64,64,23,64,64,64,20,16384,65536,65536,20,16.97,9.50,7.47,12,33,35,812,97,75,0,262144,262144,262144,262144,262144,12,65536,131072,131072,131072,131072,33,65536,131072,131072,131072,131072,35,65536,131072,131072,262144,4194304,823,131072,131072,131072,131072,131072,97,65536,131072,131072,131072,131072,75,0,0,0,0,0,0,0,0,0,0,0,0,0,0,0,0,0,0,0,0,0,0,0,0,0,0,0,0,0,0,0,0,0,0,0,0,0,0,29135,34111,54811,0,41,20,0
42212551786600,4000,4096,4096,16384,28995,512,512,1024,4037,4096,8192,8192,3249,4096,8192,16384,831,8192,8192,8192,34,2048,2048,4096,842,512,1024,2048,3235,1024,2048,2048,560,4096,8192,8192,23,512,131072,262144,42205,1048576,2097152,2097152,41,1048576,1048576,1048576,41,524288,524288,1048576,41,1024,1024,2048,41,64,65536,131072,41,256,512,1024,5261,256,512,1024,5216,256,512,1024,260955,128,512,1024,29241,128,512,1024,4546,256,512,1024,7326,512,1024,2048,1290,256,512,1024,1389,256,512,1024,25065,128,512,1024,3168,128,512,1024,531,128,512,512,297,256,512,1024,306,256,512,1024,207,1024,2048,2048,5,512,1024,1024,5,64,64,64,10,64,128,128,21,128,16384,16384,21,15.13,10.09,5.04,5,34,28,842,99,90,0,262144,262144,262144,262144,262144,5,65536,131072,131072,131072,262144,34,65536,131072,131072,131072,131072,28,65536,131072,131072,262144,524288,829,131072,131072,131072,131072,262144,99,65536,131072,131072,131072,262144,90,0,0,0,0,0,0,0,0,0,0,0,0,0,0,0,0,0,0,0,0,0,0,0,0,0,0,0,0,0,0,0,0,0,0,0,0,13,0,29564,34960,54234,0,41,21,0
42213572352900,3940,4096,4096,16384,28537,512,512,1024,3972,4096,8192,8192,3200,4096,8192,16384,797,8192,8192,8192,34,2048,2048,4096,848,512,1024,2048,3206,1024,2048,2048,559,4096,32768,32768,16,1024,131072,262144,41590,1048576,2097152,2097152,41,1048576,1048576,1048576,41,524288,524288,524288,41,1024,1024,2048,41,64,32768,65536,41,256,512,1024,4917,256,512,1024,5457,256,512,1024,256833,256,512,1024,28800,128,512,1024,4535,256,512,1024,6678,512,1024,2048,1587,256,512,1024,1560,256,512,1024,25173,128,512,1024,2862,128,512,512,447,128,512,512,306,256,512,1024,306,256,512,1024,144,0,0,0,0,0,0,0,0,0,0,0,0,64,128,128,20,128,128,128,20,16.43,8.97,7.46,0,34,32,848,105,97,60,0,0,0,0,0,0,65536,131072,131072,131072,131072,34,65536,131072,131072,131072,131072,32,65536,131072,131072,262144,262144,859,131072,131072,131072,131072,131072,105,65536,131072,131072,131072,131072,97,131072,262144,262144,262144,524288,60,0,0,0,0,0,0,0,0,0,0,0,0,0,0,0,0,0,0,0,0,0,0,0,0,0,0,0,0,0,0,2,0,28606,34999,55348,0,41,20,0
42214586597700,3940,4096,4096,16384,27850,512,512,1024,3903,4096,8192,8192,3109,4096,16384,16384,805,8192,8192,8192,48,2048,2048,4096,755,512,1024,1024,3063,1024,2048,2048,484,4096,8192,8192,9,1024,131072,262144,40506,1048576,2097152,2097152,40,1048576,1048576,1048576,40,524288,524288,524288,40,1024,2048,2048,40,64,65536,131072,40,256,512,1024,4914,256,512,1024,4914,256,512,1024,250650,256,512,1024,27981,128,512,512,4738,256,512,1024,6777,512,1024,2048,1267,256,512,1024,1483,128,512,1024,25245,128,512,1024,3231,128,512,512,372,256,512,512,423,256,512,1024,432,256,1024,1024,81,0,0,0,0,0,0,0,0,0,0,0,0,64,128,128,20,128,256,256,20,16.35,9.60,6.75,0,48,22,755,86,106,0,0,0,0,0,0,0,65536,131072,131072,131072,131072,48,131072,131072,131072,131072,131072,21,65536,131072,131072,262144,262144,757,131072,131072,131072,131072,262144,86,65536,131072,131072,131072,131072,106,0,0,0,0,0,0,0,0,0,0,0,0,0,0,0,0,0,0,0,0,0,0,0,0,0,0,0,0,0,0,0,0,0,0,0,0,1,0,29268,34134,54242,0,40,20,0
42215602233800,3885,4096,4096,16384,27763,256,512,1024,3920,4096,8192,16384,3217,4096,8192,16384,790,8192,8192,8192,25,2048,2048,4096,777,512,1024,1024,3203,1024,2048,2048,560,4096,8192,8192,19,1024,131072,262144,40689,1048576,2097152,2097152,41,1048576,1048576,1048576,41,524288,524288,524288,41,1024,2048,2048,41,64,32768,65536,41,256,512,1024,4701,256,512,1024,5196,256,512,1024,249867,256,512,1024,28953,128,512,512,4797,256,512,1024,6669,512,1024,2048,1494,256,512,1024,1377,256,512,1024,24291,128,512,1024,3231,128,512,512,651,128,512,512,207,256,512,512,225,256,512,1024,171,2048,2048,2048,7,512,1024,1024,5,64,64,64,12,64,128,128,21,128,16384,65536,21,16.71,11.23,5.49,5,25,22,777,93,85,60,262144,262144,262144,262144,262144,5,65536,131072,131072,131072,131072,25,131072,131072,131072,131072,131072,23,65536,131072,131072,262144,262144,775,65536,131072,131072,131072,262144,93,65536,131072,131072,131072,131072,85,131072,262144,262144,262144,262144,60,0,0,0,0,0,0,0,0,0,0,0,0,0,0,0,0,0,0,0,0,0,0,0,0,0,0,0,0,0,0,2,0,28726,34490,53640,0,41,21,0
42216619846400,3897,4096,4096,16384,28110,512,512,1024,3869,4096,8192,8192,3109,4096,16384,16384,807,8192,8192,8192,41,2048,2048,4096,804,512,1024,2048,3195,1024,2048,2048,549,4096,4096,4096,15,1024,131072,262144,40968,1048576,2097152,2097152,41,1048576,1048576,1048576,41,524288,524288,1048576,41,1024,2048,2048,41,128,65536,131072,41,256,512,1024,4906,256,512,1024,4798,256,512,1024,252990,256,512,1024,27981,128,512,512,5148,128,512,1024,6606,512,1024,1024,1382,256,512,1024,1607,128,512,1024,25209,128,512,1024,3087,128,512,512,507,128,512,512,423,256,512,1024,369,256,512,512,135,1024,2048,2048,12,1024,1024,1024,12,64,64,64,24,64,128,128,20,128,131072,131072,20,16.13,9.60,6.53,12,41,34,804,98,87,0,262144,262144,262144,262144,524288,12,65536,131072,131072,131072,524288,41,65536,131072,131072,131072,131072,34,65536,131072,262144,262144,524288,806,65536,131072,131072,131072,262144,98,65536,131072,131072,131072,262144,87,0,0,0,0,0,0,0,0,0,0,0,0,0,0,0,0,0,0,0,0,0,0,0,0,0,0,0,0,0,0,0,0,0,0,0,0,0,0,28452,34604,54627,0,41,20,0
42217637946700,3916,4096,4096,16384,26632,512,512,1024,3857,4096,8192,8192,2952,4096,16384,16384,729,8192,8192,8192,39,2048,2048,4096,769,512,1024,1024,2975,1024,2048,2048,498,4096,4096,4096,19,1024,131072,262144,38881,1048576,2097152,2097152,40,1048576,1048576,1048576,40,524288,524288,524288,40,1024,2048,2048,40,64,65536,65536,40,256,512,1024,4993,256,512,1024,4822,256,512,1024,239688,256,512,1024,26568,128,512,512,4290,256,512,1024,6327,512,1024,2048,1347,256,512,1024,1248,256,512,1024,25479,128,512,1024,3042,128,512,1024,477,128,512,512,324,256,512,1024,351,256,512,1024,171,2048,2048,2048,21,1024,2048,2048,20,64,128,128,41,64,128,128,20,16384,65536,65536,20,16.50,9.34,7.16,20,39,24,769,93,111,0,262144,262144,262144,262144,262144,20,65536,131072,131072,131072,262144,39,65536,131072,131072,131072,131072,24,65536,131072,262144,262144,262144,769,131072,131072,262144,262144,262144,93,65536,131072,131072,131072,262144,111,0,0,0,0,0,0,0,0,0,0,0,0,0,0,0,0,0,0,0,0,0,0,0,0,0,0,0,0,0,0,0,0,0,0,0,0,0,0,29321,33397,54594,0,40,20,0
42218653241200,3939,4096,4096,16384,28348,512,512,1024,3943,4096,8192,8192,3221,4096,16384,16384,769,8192,8192,8192,44,2048,2048,4096,817,512,1024,1024,3178,1024,2048,2048,535,4096,4096,4096,19,2048,131072,262144,41384,1048576,2097152,2097152,41,1048576,1048576,1048576,41,524288,524288,524288,41,1024,2048,2048,41,128,65536,65536,41,256,512,1024,5072,256,512,1024,4865,256,512,1024,255132,256,512,1024,28989,128,512,1024,4697,256,512,1024,6741,512,1024,1024,1517,256,512,1024,1553,128,512,1024,25830,128,512,1024,3087,128,512,1024,392,256,512,1024,396,256,512,1024,396,256,512,1024,171,1024,2048,2048,23,1024,1024,1024,23,64,64,64,46,64,128,128,21,16384,131072,131072,21,16.07,8.80,7.27,23,44,20,817,102,100,0,262144,262144,524288,524288,524288,23,65536,131072,131072,131072,262144,44,65536,131072,131072,131072,131072,20,65536,131072,262144,524288,524288,814,131072,131072,131072,262144,262144,102,65536,131072,131072,131072,524288,100,0,0,0,0,0,0,0,0,0,0,0,0,0,0,0,0,0,0,0,0,0,0,0,0,0,0,0,0,0,0,0,0,0,0,0,0,2,0,28816,34514,52891,0,41,21,0
42219673729800,3953,4096,4096,16384,27696,512,512,1024,3930,4096,8192,8192,3114,4096,8192,16384,802,8192,8192,8192,30,2048,2048,4096,758,512,1024,1024,3126,1024,2048,2048,513,4096,4096,4096,13,512,131072,262144,40428,1048576,2097152,2097152,41,1048576,1048576,1048576,41,524288,524288,524288,41,1024,2048,2048,41,64,65536,65536,41,256,512,1024,5077,256,512,1024,4951,256,512,1024,249264,256,512,1024,28026,128,512,1024,4655,256,512,1024,7137,512,1024,2048,1317,256,512,1024,1344,256,512,1024,25596,128,512,1024,3195,256,512,1024,516,256,512,1024,288,256,512,1024,270,256,512,1024,117,1024,2048,2048,12,1024,1024,1024,15,64,64,128,27,64,128,128,20,16384,131072,131072,20,16.71,9.38,7.33,15,30,17,758,76,96,0,262144,262144,262144,262144,524288,14,65536,131072,262144,262144,262144,30,65536,131072,131072,131072,131072,17,65536,131072,131072,262144,262144,756,131072,131072,262144,262144,262144,76,65536,131072,131072,131072,131072,96,0,0,0,0,0,0,0,0,0,0,0,0,0,0,0,0,0,0,0,0,0,0,0,0,0,0,0,0,0,0,0,0,0,0,0,0,6,0,29262,34343,54659,393,41,20,0
42220692144600,3970,4096,4096,16384,28419,512,512,1024,3953,4096,8192,16384,3207,4096,16384,32768,798,8192,8192,8192,31,2048,2048,4096,823,512,1024,1024,3234,1024,2048,2048,532,4096,4096,4096,15,512,131072,262144,41443,1048576,2097152,2097152,41,1048576,1048576,1048576,41,524288,524288,1048576,41,1024,1024,2048,41,64,32768,65536,41,256,512,1024,5280,256,512,1024,5127,256,512,1024,255771,256,512,1024,28863,128,512,1024,4824,256,512,1024,7056,512,1024,2048,1455,256,512,1024,1338,256,512,1024,25029,128,512,1024,3042,128,512,1024,519,128,512,512,243,256,512,1024,279,256,1024,1024,135,1024,2048,2048,17,1024,1024,1024,15,64,64,64,32,64,128,128,21,16384,32768,65536,21,18.01,9.51,8.50,15,31,16,823,103,67,0,262144,262144,262144,262144,262144,16,65536,131072,131072,131072,262144,31,65536,131072,131072,131072,131072,16,65536,131072,262144,524288,524288,828,131072,131072,131072,262144,524288,103,65536,131072,131072,131072,262144,67,0,0,0,0,0,0,0,0,0,0,0,0,0,0,0,0,0,0,0,0,0,0,0,0,0,0,0,0,0,0,0,0,0,0,0,0,0,0,29750,35204,54666,1,41,21,0
42221707064100,3984,4096,4096,16384,27961,512,512,1024,4046,4096,8192,8192,3144,4096,8192,16384,782,8192,8192,8192,34,2048,2048,4096,809,512,1024,1024,3150,1024,2048,2048,558,4096,4096,4096,22,2048,131072,262144,40954,1048576,2097152,2097152,40,1048576,1048576,1048576,40,524288,524288,524288,40,1024,2048,2048,40,64,32768,65536,40,256,512,1024,5161,256,512,1024,5035,256,512,1024,251656,256,512,1024,28296,128,512,1024,4628,256,512,1024,6786,512,1024,1024,1551,256,512,1024,1461,256,512,1024,25155,128,512,1024,3123,256,512,1024,486,256,512,1024,315,256,512,1024,306,256,1024,1024,198,2048,2048,2048,12,1024,1024,1024,14,64,64,128,26,64,128,128,20,16384,32768,32768,20,18.19,10.06,8.13,14,34,11,809,83,80,0,262144,262144,262144,262144,262144,14,65536,131072,131072,131072,262144,33,65536,131072,131072,131072,131072,11,65536,131072,262144,524288,524288,802,131072,131072,131072,131072,131072,83,65536,131072,131072,131072,131072,80,0,0,0,0,0,0,0,0,0,0,0,0,0,0,0,0,0,0,0,0,0,0,0,0,0,0,0,0,0,0,0,0,0,0,0,0,7,0,29245,34426,52803,0,40,20,0
42222725596900,3994,4096,4096,16384,28407,256,512,1024,4032,4096,8192,8192,3174,4096,8192,32768,813,8192,8192,16384,26,2048,2048,4096,805,512,1024,1024,3187,1024,2048,2048,544,4096,4096,4096,20,1024,131072,262144,41412,1048576,2097152,2097152,41,1048576,1048576,1048576,41,524288,524288,524288,41,1024,1024,2048,41,128,65536,131072,41,256,512,1024,5055,256,512,1024,4965,256,512,1024,255664,256,512,1024,28566,128,512,1024,4914,256,512,1024,6993,512,1024,1024,1410,256,512,1024,1293,128,512,1024,25587,128,512,1024,3222,128,512,1024,405,128,512,1024,261,256,512,512,234,256,512,1024,180,2048,2048,2048,11,1024,1024,1024,10,64,64,64,21,64,128,128,20,128,131072,131072,20,15.61,8.96,6.65,10,26,13,805,99,95,0,262144,524288,524288,524288,524288,10,65536,131072,131072,131072,131072,26,65536,131072,131072,131072,262144,13,65536,131072,262144,262144,524288,810,131072,131072,131072,131072,262144,99,65536,131072,131072,131072,131072,95,0,0,0,0,0,0,0,0,0,0,0,0,0,0,0,0,0,0,0,0,0,0,0,0,0,0,0,0,0,0,0,0,0,0,0,0,2,0,29302,34959,55878,0,41,20,0
42223744826000,3940,4096,4096,16384,28625,256,512,1024,4063,4096,8192,8192,3245,4096,8192,16384,814,8192,8192,8192,37,2048,2048,4096,835,512,1024,1024,3236,1024,2048,2048,550,4096,8192,8192,24,256,131072,262144,41841,1048576,2097152,2097152,41,1048576,1048576,1048576,41,524288,524288,1048576,41,1024,2048,2048,41,64,65536,65536,41,256,512,1024,5154,256,512,1024,5640,256,512,1024,257617,256,512,1024,29205,128,512,512,4806,128,512,1024,7146,512,1024,2048,1497,256,512,1024,1461,256,512,1024,26982,128,512,1024,3141,128,512,512,504,128,512,1024,306,256,512,1024,333,256,1024,1024,216,1024,2048,2048,5,1024,1024,1024,6,64,64,64,11,64,128,128,21,128,16384,32768,21,15.62,9.78,5.84,6,37,22,835,70,92,60,262144,262144,262144,262144,262144,6,65536,131072,131072,131072,131072,37,65536,131072,131072,131072,131072,22,65536,131072,131072,262144,262144,833,131072,131072,262144,262144,524288,70,65536,131072,131072,131072,131072,92,131072,262144,262144,262144,262144,60,0,0,0,0,0,0,0,0,0,0,0,0,0,0,0,0,0,0,0,0,0,0,0,0,0,0,0,0,0,0,5,0,29077,35131,55629,0,41,21,0
42224761555600,3940,4096,4096,16384,27983,256,512,1024,3958,4096,8192,8192,3126,4096,8192,16384,834,8192,8192,8192,31,2048,2048,4096,783,512,1024,1024,3169,1024,2048,2048,534,4096,8192,8192,20,2048,131072,262144,40819,1048576,2097152,2097152,40,1048576,1048576,1048576,40,524288,524288,524288,40,1024,1024,1024,40,128,65536,131072,40,256,512,1024,5022,256,512,1024,5022,256,512,1024,251847,256,512,1024,28134,128,512,512,4817,256,512,1024,6930,512,1024,1024,1508,256,512,1024,1364,128,512,1024,25695,128,512,1024,3213,128,512,1024,555,128,512,1024,243,256,512,1024,279,256,1024,1024,180,0,0,0,0,0,0,0,0,0,0,0,0,64,128,128,20,128,128,128,20,17.67,10.32,7.35,0,31,14,783,90,104,0,0,0,0,0,0,0,65536,131072,131072,131072,131072,32,65536,131072,131072,131072,262144,14,65536,131072,262144,262144,524288,787,131072,131072,131072,131072,262144,90,65536,131072,262144,262144,262144,104,0,0,0,0,0,0,0,0,0,0,0,0,0,0,0,0,0,0,0,0,0,0,0,0,0,0,0,0,0,0,0,0,0,0,0,0,0,0,29289,34286,52591,0,40,20,0
42225779365700,3886,4096,4096,16384,28028,512,512,1024,3873,4096,8192,8192,3194,4096,16384,16384,809,8192,8192,8192,27,2048,2048,4096,778,512,1024,1024,3146,1024,2048,2048,503,4096,4096,4096,22,1024,131072,262144,40751,1048576,2097152,2097152,41,1048576,1048576,1048576,41,524288,524288,524288,41,1024,1024,2048,41,128,32768,131072,41,256,512,1024,5050,256,512,1024,5536,256,512,1024,252252,128,512,1024,28746,128,512,1024,4922,128,512,1024,6678,512,1024,2048,1590,256,512,1024,1572,128,512,1024,26433,128,512,1024,3222,128,512,512,531,256,512,512,351,256,512,1024,243,256,512,1024,198,1024,2048,2048,9,1024,1024,1024,9,64,64,64,18,64,128,128,20,128,16384,16384,20,16.72,9.95,6.76,9,27,7,778,84,95,60,262144,262144,262144,262144,262144,9,65536,131072,131072,131072,262144,27,65536,131072,131072,131072,131072,7,65536,131072,262144,262144,524288,777,131072,131072,262144,262144,262144,84,65536,131072,131072,131072,131072,95,131072,262144,262144,262144,262144,60,0,0,0,0,0,0,0,0,0,0,0,0,0,0,0,0,0,0,0,0,0,0,0,0,0,0,0,0,0,0,0,0,28693,34361,55341,0,41,20,0
42226796899600,3901,4096,4096,16384,27128,512,512,1024,3790,4096,8192,8192,2960,4096,8192,16384,759,8192,8192,8192,37,2048,2048,4096,768,512,1024,1024,3022,1024,2048,2048,503,4096,8192,8192,17,1024,131072,262144,39406,1048576,2097152,2097152,41,1048576,1048576,1048576,41,524288,524288,524288,41,1024,2048,2048,41,64,32768,65536,41,256,512,1024,5078,256,512,1024,4943,256,512,1024,244152,256,512,1024,26640,128,512,1024,4272,256,512,1024,6264,512,1024,2048,1524,256,512,1024,1425,128,512,1024,26100,128,512,1024,3249,128,512,512,609,128,512,512,288,256,512,1024,333,256,1024,1024,153,2048,2048,2048,13,1024,1024,1024,12,64,64,64,25,64,64,128,21,128,65536,131072,21,16.69,9.30,7.39,12,37,12,768,81,91,0,262144,262144,262144,262144,262144,12,65536,131072,131072,131072,262144,37,65536,131072,131072,131072,131072,12,65536,131072,262144,262144,1048576,768,65536,131072,131072,131072,131072,81,65536,131072,131072,131072,262144,91,0,0,0,0,0,0,0,0,0,0,0,0,0,0,0,0,0,0,0,0,0,0,0,0,0,0,0,0,0,0,0,0,0,0,0,0,1,0,28486,33294,52897,0,41,21,0
42227813661900,3918,4096,4096,16384,28279,256,512,1024,4033,4096,8192,8192,3168,4096,16384,16384,819,8192,8192,8192,37,2048,2048,4096,811,512,1024,1024,3160,1024,2048,2048,542,4096,4096,8192,25,1024,131072,262144,41314,1048576,2097152,2097152,41,1048576,1048576,2097152,41,524288,524288,1048576,41,1024,1024,2048,41,128,65536,65536,41,256,512,1024,5446,256,512,1024,5293,256,512,1024,254514,256,512,1024,28512,128,512,1024,5018,256,512,1024,6831,512,1024,2048,1578,256,512,1024,1641,128,512,1024,26874,128,512,1024,3267,128,512,1024,615,256,512,1024,351,256,512,1024,333,256,1024,1024,225,1024,2048,2048,21,1024,1024,1024,18,64,64,64,39,64,128,128,20,16384,131072,131072,20,16.27,10.25,6.02,18,37,9,811,85,99,0,262144,262144,262144,262144,262144,17,65536,131072,131072,131072,131072,37,65536,131072,131072,131072,262144,9,65536,131072,262144,262144,524288,811,131072,131072,131072,131072,131072,84,65536,131072,131072,131072,262144,94,0,0,0,0,0,0,0,0,0,0,0,0,0,0,0,0,0,0,0,0,0,0,0,0,0,0,0,0,0,0,0,0,0,0,0,0,7,0,28419,34475,53921,0,41,20,0
42228831376700,3940,4096,4096,16384,28054,512,512,1024,3963,4096,8192,8192,3161,4096,8192,16384,823,8192,8192,16384,38,2048,2048,4096,824,512,1024,1024,3183,1024,2048,2048,539,4096,4096,4096,29,1024,131072,262144,41047,1048576,2097152,2097152,40,1048576,1048576,1048576,40,524288,524288,1048576,40,1024,2048,2048,40,128,65536,65536,40,256,512,1024,5130,256,512,1024,4932,256,512,1024,252483,128,512,1024,28449,128,512,1024,4913,256,512,1024,6732,512,1024,1024,1458,256,512,1024,1440,128,512,1024,24930,128,512,1024,3321,128,512,1024,585,256,512,1024,306,256,512,1024,342,256,512,1024,261,2048,2048,2048,20,1024,1024,1024,22,64,64,64,42,64,128,128,20,16384,131072,131072,20,18.03,10.95,7.08,22,38,11,824,98,81,0,262144,262144,524288,524288,524288,23,65536,131072,131072,131072,131072,38,65536,131072,131072,131072,131072,11,65536,131072,262144,262144,524288,824,131072,131072,131072,131072,262144,99,65536,131072,131072,131072,131072,86,0,0,0,0,0,0,0,0,0,0,0,0,0,0,0,0,0,0,0,0,0,0,0,0,0,0,0,0,0,0,0,0,0,0,0,0,1,0,29044,34226,54244,0,40,20,0
42229850306700,3961,4096,4096,16384,27707,512,512,1024,3950,4096,8192,8192,3112,4096,16384,16384,770,8192,8192,8192,39,2048,4096,4096,786,512,1024,1024,3130,1024,2048,2048,551,4096,8192,8192,20,1024,131072,262144,40524,1048576,2097152,2097152,41,1048576,1048576,1048576,41,524288,524288,524288,41,1024,2048,2048,41,128,131072,262144,41,256,512,1024,4855,256,512,1024,4666,256,512,1024,249363,256,512,1024,28008,128,512,1024,4577,256,512,1024,6480,512,1024,2048,1434,256,512,1024,1416,128,512,1024,26838,128,512,1024,2952,256,512,1024,507,128,512,512,360,256,512,1024,351,256,512,1024,180,1024,2048,2048,22,1024,1024,1024,20,64,64,256,42,64,128,128,21,16384,262144,262144,21,18.02,10.41,7.61,20,39,8,786,89,67,0,262144,524288,524288,524288,524288,20,65536,131072,131072,131072,262144,39,131072,131072,131072,131072,131072,8,65536,131072,262144,524288,1048576,786,131072,131072,131072,131072,262144,89,65536,131072,131072,131072,262144,67,0,0,0,0,0,0,0,0,0,0,0,0,0,0,0,0,0,0,0,0,0,0,0,0,0,0,0,0,0,0,0,0,0,0,0,0,1,0,28324,33883,54550,0,41,21,0
42230865168300,3978,4096,4096,16384,27872,256,512,1024,3947,4096,8192,8192,3127,4096,8192,16384,809,8192,8192,8192,39,2048,2048,4096,788,512,1024,1024,3118,1024,2048,2048,525,4096,4096,8192,21,64,131072,262144,40714,1048576,2097152,2097152,40,1048576,1048576,2097152,40,524288,524288,524288,40,1024,2048,2048,40,64,131072,131072,40,256,512,1024,5089,256,512,1024,4936,256,512,1024,250848,128,512,1024,28143,128,512,1024,4982,256,512,1024,6651,512,1024,2048,1493,256,512,1024,1646,256,512,1024,27477,128,512,1024,3276,128,512,1024,450,128,512,512,369,256,512,1024,351,256,1024,1024,189,1024,2048,2048,15,1024,2048,2048,17,64,64,128,32,64,128,128,20,16384,65536,65536,20,15.10,9.68,5.42,17,39,14,788,83,81,0,262144,262144,262144,262144,262144,17,65536,131072,131072,131072,131072,39,65536,131072,131072,131072,131072,14,65536,131072,131072,262144,262144,789,131072,131072,262144,262144,262144,83,65536,131072,131072,131072,131072,81,0,0,0,0,0,0,0,0,0,0,0,0,0,0,0,0,0,0,0,0,0,0,0,0,0,0,0,0,0,0,0,0,0,0,0,0,0,0,25790,32670,52505,0,40,20,0
42231885211000,3988,4096,8192,16384,28495,256,512,1024,3958,4096,8192,8192,3170,4096,16384,32768,786,8192,8192,8192,40,2048,2048,4096,817,512,1024,1024,3195,1024,2048,2048,528,4096,8192,8192,19,256,131072,262144,41494,1048576,2097152,2097152,41,1048576,1048576,1048576,41,524288,524288,524288,41,1024,2048,2048,41,64,65536,131072,42,256,512,1024,5260,256,512,1024,5170,256,512,1024,256455,256,512,1024,28530,128,512,1024,4687,128,512,1024,6588,512,1024,2048,1406,256,512,1024,1568,256,512,1024,28350,256,512,1024,3276,256,512,1024,432,128,512,512,378,256,512,1024,360,256,1024,1024,171,2048,2048,2048,11,1024,1024,1024,10,64,64,64,21,64,128,128,21,128,32768,65536,21,15.85,9.13,6.72,10,40,20,817,91,98,0,262144,262144,262144,262144,262144,10,65536,131072,131072,131072,131072,40,65536,131072,131072,131072,262144,20,65536,131072,131072,262144,524288,817,131072,131072,131072,131072,262144,89,65536,131072,262144,262144,524288,98,0,0,0,0,0,0,0,0,0,0,0,0,0,0,0,0,0,0,0,0,0,0,0,0,0,0,0,0,0,0,0,0,0,0,0,0,2,0,29215,34188,53231,0,41,21,0
42232901453300,3998,4096,4096,16384,28607,256,512,1024,4036,4096,8192,8192,3222,4096,8192,16384,832,8192,8192,8192,36,2048,2048,4096,829,512,1024,1024,3211,1024,2048,2048,562,4096,4096,4096,17,512,131072,262144,41778,1048576,2097152,2097152,41,1048576,1048576,1048576,41,524288,524288,1048576,41,1024,2048,2048,41,64,65536,65536,40,256,512,1024,5253,256,512,1024,5163,256,512,1024,257463,128,512,1024,28998,128,512,512,4823,256,512,1024,6957,512,1024,2048,1338,256,512,1024,1437,256,512,1024,25830,128,512,1024,3474,256,1024,1024,534,128,512,512,288,256,512,1024,324,256,1024,1024,153,2048,2048,2048,8,512,1024,1024,10,64,128,128,18,64,128,128,20,128,65536,65536,20,18.49,11.51,6.98,10,36,20,829,96,92,0,262144,262144,262144,262144,262144,10,65536,131072,131072,131072,131072,35,65536,131072,131072,131072,262144,20,65536,131072,262144,262144,262144,826,131072,131072,131072,131072,131072,98,65536,131072,131072,131072,131072,92,0,0,0,0,0,0,0,0,0,0,0,0,0,0,0,0,0,0,0,0,0,0,0,0,0,0,0,0,0,0,0,0,0,0,0,0,4,0,26986,33710,51952,141,41,20,0
42233920420500,3940,4096,4096,16384,28550,512,512,1024,3985,4096,8192,16384,3193,4096,8192,32768,791,8192,16384,16384,34,2048,2048,4096,783,512,1024,1024,3203,1024,2048,2048,562,4096,4096,4096,27,512,131072,262144,41594,1048576,2097152,2097152,41,1048576,1048576,1048576,41,524288,524288,524288,41,1024,2048,2048,41,64,65536,65536,41,256,512,1024,5059,256,512,1024,5581,256,512,1024,256950,128,512,1024,28746,128,512,1024,4733,256,512,1024,6678,512,1024,2048,1473,256,512,1024,1527,128,512,1024,26100,128,512,1024,2898,128,512,512,465,128,512,512,324,256,512,1024,306,256,512,1024,243,0,0,0,1,1024,1024,1024,2,64,64,64,3,64,128,128,20,128,16384,16384,20,17.11,10.14,6.97,2,34,12,783,88,72,60,262144,262144,262144,262144,262144,2,65536,131072,131072,131072,131072,35,131072,131072,131072,131072,131072,12,65536,131072,262144,524288,524288,781,131072,131072,131072,131072,262144,88,65536,131072,131072,131072,131072,72,131072,262144,262144,262144,262144,60,0,0,0,0,0,0,0,0,0,0,0,0,0,0,0,0,0,0,0,0,0,0,0,0,0,0,0,0,0,0,5,0,29182,34640,53802,0,41,20,0
42234935225100,3880,4096,4096,16384,28360,512,512,1024,3940,4096,8192,8192,3160,4096,8192,32768,777,8192,8192,8192,35,2048,2048,4096,834,512,1024,2048,3155,1024,2048,2048,497,4096,4096,4096,15,1024,131072,262144,41193,1048576,2097152,2097152,40,1048576,1048576,1048576,40,524288,524288,1048576,40,1024,1024,1024,40,64,65536,131072,40,256,512,1024,4780,256,512,1024,5320,256,512,1024,255240,128,512,1024,28431,128,512,512,4354,128,512,1024,6660,512,1024,2048,1245,256,512,1024,1236,128,512,1024,23985,128,512,1024,3141,128,512,512,489,128,512,1024,243,256,512,512,315,256,512,1024,135,0,0,0,0,0,0,0,0,0,0,0,0,64,128,128,20,128,128,128,20,15.14,8.80,6.34,0,35,34,834,79,92,60,0,0,0,0,0,0,65536,131072,131072,131072,262144,35,65536,131072,131072,131072,131072,31,65536,131072,262144,262144,262144,819,131072,131072,131072,131072,131072,77,65536,131072,131072,131072,262144,91,131072,262144,262144,262144,524288,60,0,0,0,0,0,0,0,0,0,0,0,0,0,0,0,0,0,0,0,0,0,0,0,0,0,0,0,0,0,0,26,0,28694,34602,56171,0,40,20,0
42235955154100,3886,4096,4096,16384,27951,256,512,1024,3895,4096,8192,8192,3100,4096,8192,16384,752,8192,8192,8192,34,2048,2048,8192,770,512,1024,2048,3119,1024,2048,2048,536,4096,4096,4096,17,1024,131072,262144,40629,1048576,2097152,2097152,41,1048576,1048576,1048576,41,524288,524288,524288,41,1024,2048,2048,41,64,32768,65536,41,256,512,1024,5139,256,512,1024,5085,256,512,1024,251559,128,512,1024,27900,128,512,512,4295,128,512,1024,6345,512,1024,2048,1386,256,512,1024,1485,256,512,1024,26568,128,512,1024,2835,128,512,1024,603,128,512,1024,360,256,512,1024,306,256,512,1024,153,2048,2048,2048,8,1024,1024,1024,6,64,64,64,14,64,128,128,21,128,16384,65536,21,14.25,8.14,6.11,6,34,42,770,108,100,0,262144,262144,262144,262144,262144,6,65536,131072,131072,131072,131072,34,65536,131072,131072,131072,131072,45,65536,131072,262144,262144,262144,788,131072,131072,131072,131072,131072,110,65536,131072,131072,131072,262144,101,0,0,0,0,0,0,0,0,0,0,0,0,0,0,0,0,0,0,0,0,0,0,0,0,0,0,0,0,0,0,0,0,0,0,0,0,2,0,28862,34115,53518,0,41,21,0
42236971675400,3899,4096,4096,16384,27720,256,512,1024,3839,4096,8192,8192,3073,4096,16384,16384,805,8192,8192,8192,39,2048,2048,4096,782,512,1024,4096,3105,1024,2048,2048,517,4096,4096,4096,14,1024,131072,262144,40318,1048576,2097152,2097152,41,1048576,1048576,1048576,41,524288,524288,524288,41,1024,2048,2048,41,64,65536,65536,41,256,512,1024,4860,256,512,1024,4743,256,512,1024,249480,256,512,1024,27665,128,512,512,4724,256,512,1024,6183,512,1024,2048,1443,256,512,1024,1578,128,512,1024,25596,128,512,1024,3114,128,512,1024,372,128,512,512,342,256,512,512,351,256,512,1024,126,1024,2048,2048,13,1024,1024,1024,14,64,64,128,27,64,128,128,20,128,65536,65536,20,16.07,9.90,6.17,14,39,46,782,68,75,0,262144,262144,262144,262144,262144,14,65536,131072,131072,131072,131072,39,65536,131072,131072,131072,262144,46,65536,131072,262144,262144,262144,784,131072,131072,262144,262144,262144,68,65536,131072,131072,131072,262144,75,0,0,0,0,0,0,0,0,0,0,0,0,0,0,0,0,0,0,0,0,0,0,0,0,0,0,0,0,0,0,0,0,0,0,0,0,0,0,29698,34662,54059,0,41,20,0
42237989156700,3921,4096,4096,16384,28130,512,512,1024,3927,4096,8192,16384,3135,4096,8192,16384,809,8192,8192,8192,35,2048,2048,4096,817,512,1024,4096,3193,1024,2048,2048,536,4096,8192,8192,16,1024,131072,262144,41040,1048576,2097152,2097152,40,1048576,1048576,1048576,40,524288,524288,524288,40,1024,2048,2048,40,128,65536,65536,40,256,512,1024,5122,256,512,1024,4924,256,512,1024,253170,256,512,1024,28207,128,512,1024,4556,128,512,1024,6795,512,1024,1024,1533,256,512,1024,1479,128,512,1024,24948,128,512,1024,3204,128,512,512,549,128,512,512,351,256,512,1024,315,256,1024,1024,144,1024,2048,2048,22,1024,1024,1024,21,64,64,128,43,64,128,128,20,16384,131072,131072,20,17.47,11.61,5.87,21,35,54,817,87,80,0,262144,262144,262144,262144,262144,21,65536,131072,131072,131072,262144,35,65536,131072,131072,131072,131072,54,65536,131072,262144,262144,262144,817,131072,131072,131072,131072,131072,87,65536,131072,131072,131072,262144,80,0,0,0,0,0,0,0,0,0,0,0,0,0,0,0,0,0,0,0,0,0,0,0,0,0,0,0,0,0,0,0,0,0,0,0,0,0,0,30196,35047,53230,0,40,20,0
42239007776500,3946,4096,4096,16384,27775,512,512,1024,3899,4096,8192,8192,3119,4096,8192,16384,811,8192,8192,16384,39,2048,2048,4096,756,512,1024,4096,3067,1024,2048,2048,545,4096,8192,8192,15,2048,131072,262144,40473,1048576,2097152,2097152,41,1048576,1048576,1048576,41,524288,1048576,1048576,41,1024,2048,2048,41,64,32768,131072,41,256,512,1024,5259,256,512,1024,5034,256,512,1024,249975,256,512,1024,28071,128,512,1024,4546,256,512,1024,6813,512,1024,2048,1557,256,512,1024,1566,256,512,1024,24651,128,512,1024,2979,256,512,512,567,128,512,1024,342,256,512,1024,351,256,512,1024,135,1024,2048,2048,27,1024,1024,1024,26,64,64,64,53,64,128,128,21,16384,131072,131072,21,16.92,11.19,5.72,26,39,61,756,116,78,0,262144,262144,262144,262144,524288,26,65536,131072,131072,131072,131072,39,65536,131072,131072,131072,262144,61,65536,131072,262144,262144,524288,755,131072,131072,131072,131072,262144,116,65536,131072,131072,131072,131072,78,0,0,0,0,0,0,0,0,0,0,0,0,0,0,0,0,0,0,0,0,0,0,0,0,0,0,0,0,0,0,0,0,0,0,0,0,1,0,30040,34849,53805,0,41,21,0
42240025026400,3968,4096,4096,16384,28937,512,512,1024,3984,4096,8192,8192,3222,4096,16384,32768,814,8192,8192,8192,39,2048,2048,4096,856,512,1024,4096,3270,1024,2048,2048,534,4096,4096,4096,25,1024,131072,262144,42090,1048576,2097152,2097152,41,1048576,1048576,1048576,41,524288,524288,524288,41,1024,2048,2048,41,128,32768,65536,41,256,512,1024,5337,256,512,1024,5139,256,512,1024,260433,256,512,1024,28998,128,512,1024,4740,256,512,1024,6615,512,1024,2048,1445,256,512,1024,1544,256,512,1024,25443,128,512,1024,3006,128,512,512,530,128,512,1024,378,256,512,1024,351,256,512,1024,225,1024,2048,2048,22,1024,1024,1024,23,64,64,128,45,64,128,128,20,16384,131072,131072,20,15.45,8.63,6.82,23,39,61,856,90,105,0,262144,262144,524288,524288,524288,21,65536,131072,131072,131072,262144,39,65536,131072,262144,262144,262144,59,65536,131072,262144,524288,524288,844,131072,131072,262144,262144,262144,86,65536,131072,131072,131072,131072,104,0,0,0,0,0,0,0,0,0,0,0,0,0,0,0,0,0,0,0,0,0,0,0,0,0,0,0,0,0,0,0,0,0,0,0,0,22,0,28365,34702,54742,411,41,20,0
42241041308600,3990,4096,4096,16384,27589,512,512,1024,3936,4096,8192,8192,3140,4096,8192,16384,768,8192,8192,8192,24,2048,2048,4096,761,512,1024,4096,3113,1024,2048,2048,537,4096,8192,8192,17,1024,131072,262144,40272,1048576,2097152,2097152,41,1048576,1048576,2097152,41,524288,524288,524288,41,1024,1024,1024,41,64,65536,65536,41,256,512,1024,5456,256,512,1024,5258,256,512,1024,248301,256,512,1024,28260,128,512,1024,4309,256,512,1024,6732,512,1024,2048,1509,256,512,1024,1329,256,512,1024,25560,128,512,1024,3213,256,512,1024,447,128,512,512,171,256,512,1024,216,256,1024,1024,153,1024,2048,2048,19,1024,1024,1024,20,64,64,64,39,64,128,128,21,16384,131072,131072,21,14.78,8.54,6.24,20,24,61,761,83,98,0,262144,262144,262144,262144,262144,22,65536,131072,131072,131072,262144,24,65536,131072,131072,131072,262144,63,65536,131072,262144,262144,262144,774,65536,131072,131072,131072,262144,87,65536,131072,262144,262144,262144,99,0,0,0,0,0,0,0,0,0,0,0,0,0,0,0,0,0,0,0,0,0,0,0,0,0,0,0,0,0,0,0,0,0,0,0,0,0,0,28958,34330,54838,6,41,21,0
42242056394600,4000,4096,4096,16384,27970,512,512,1024,4010,4096,8192,8192,3169,4096,8192,16384,842,8192,8192,8192,39,2048,2048,4096,839,512,1024,4096,3181,1024,2048,2048,559,4096,4096,4096,8,1024,131072,262144,41017,1048576,2097152,2097152,40,1048576,1048576,1048576,40,524288,524288,524288,40,1024,2048,2048,40,64,65536,131072,40,256,512,1024,4862,256,512,1024,4772,256,512,1024,251730,256,512,1024,28521,128,512,1024,4538,256,512,1024,6804,512,1024,2048,1482,256,512,1024,1491,256,512,1024,25110,128,512,1024,3195,256,512,1024,594,128,512,512,351,256,512,1024,351,256,512,1024,72,1024,2048,2048,9,1024,1024,1024,10,64,64,64,19,64,128,128,20,128,32768,32768,20,19.26,11.11,8.14,10,39,60,839,72,105,0,262144,262144,262144,262144,262144,10,65536,131072,131072,131072,262144,39,65536,131072,131072,131072,131072,59,65536,131072,131072,262144,262144,835,131072,131072,131072,131072,262144,72,65536,131072,131072,131072,131072,105,0,0,0,0,0,0,0,0,0,0,0,0,0,0,0,0,0,0,0,0,0,0,0,0,0,0,0,0,0,0,0,0,0,0,0,0,5,0,29113,34477,52419,0,40,20,0
42243076668000,4000,4096,4096,16384,28972,512,512,1024,4005,4096,8192,8192,3270,4096,8192,16384,871,8192,8192,8192,30,2048,2048,4096,827,512,1024,4096,3273,1024,2048,2048,555,4096,4096,4096,20,256,131072,262144,42246,1048576,2097152,2097152,41,1048576,1048576,1048576,41,524288,524288,524288,41,1024,2048,2048,41,64,32768,65536,41,256,512,1024,5123,256,512,1024,5123,256,512,1024,260748,128,512,1024,29430,128,512,512,4880,128,512,1024,6867,512,1024,2048,1458,256,512,1024,1440,128,512,1024,26082,128,512,1024,3204,128,512,1024,480,128,512,512,315,256,512,512,270,256,512,1024,180,0,0,0,0,0,0,0,0,0,0,0,0,64,128,128,20,128,256,256,20,17.99,10.33,7.65,0,30,56,827,94,82,0,0,0,0,0,0,0,65536,131072,131072,131072,131072,30,65536,131072,131072,131072,131072,57,65536,131072,131072,262144,262144,831,65536,131072,131072,131072,131072,94,65536,131072,131072,131072,131072,82,0,0,0,0,0,0,0,0,0,0,0,0,0,0,0,0,0,0,0,0,0,0,0,0,0,0,0,0,0,0,0,0,0,0,0,0,0,0,29528,35327,55290,0,41,20,0
42244096104200,3940,4096,4096,16384,28291,512,512,1024,3953,4096,8192,8192,3159,4096,8192,16384,772,8192,8192,8192,36,2048,2048,4096,809,512,1024,2048,3109,1024,2048,2048,535,4096,8192,8192,16,1024,131072,262144,41071,1048576,2097152,2097152,41,1048576,1048576,1048576,41,524288,524288,524288,41,1024,2048,2048,41,64,65536,131072,41,256,512,1024,4916,256,512,1024,5456,256,512,1024,254619,256,512,1024,28431,128,512,1024,4740,256,512,1024,6165,512,1024,2048,1563,256,512,1024,1464,128,512,1024,26298,128,512,1024,3420,128,512,1024,465,128,512,512,315,256,512,1024,324,256,1024,1024,144,0,0,0,0,0,0,0,0,0,0,0,0,64,64,128,21,128,128,256,21,18.77,11.16,7.61,0,36,41,809,94,95,60,0,0,0,0,0,0,65536,131072,131072,131072,131072,36,65536,131072,131072,131072,131072,41,65536,131072,131072,262144,2097152,807,65536,131072,131072,131072,262144,94,65536,131072,131072,131072,262144,95,131072,262144,262144,262144,262144,60,0,0,0,0,0,0,0,0,0,0,0,0,0,0,0,0,0,0,0,0,0,0,0,0,0,0,0,0,0,0,2,0,28991,34532,56141,0,41,21,0
42245109502500,3880,4096,4096,16384,27790,256,512,1024,3900,4096,8192,16384,3091,4096,16384,16384,814,8192,8192,8192,39,2048,2048,4096,789,512,1024,2048,3154,1024,2048,2048,526,4096,4096,4096,22,1024,131072,262144,40571,1048576,2097152,2097152,40,1048576,1048576,1048576,40,524288,524288,524288,40,1024,2048,2048,40,64,65536,131072,40,256,512,1024,5017,256,512,1024,5557,256,512,1024,250110,128,512,1024,27819,128,512,512,4862,128,512,1024,6552,512,1024,2048,1353,256,512,1024,1524,256,512,1024,25704,128,512,1024,3105,128,512,1024,639,128,512,512,423,256,512,1024,351,256,512,1024,198,0,0,0,0,0,0,0,0,0,0,0,0,64,128,128,20,128,256,256,20,16.18,10.23,5.95,0,39,39,789,90,90,60,0,0,0,0,0,0,65536,131072,131072,131072,262144,39,65536,131072,131072,131072,131072,39,65536,131072,131072,262144,524288,790,65536,131072,131072,131072,131072,90,65536,131072,131072,131072,131072,90,131072,262144,262144,262144,262144,60,0,0,0,0,0,0,0,0,0,0,0,0,0,0,0,0,0,0,0,0,0,0,0,0,0,0,0,0,0,0,1,0,29091,34102,53141,0,40,20,0
42246129867900,3887,4096,4096,16384,28000,512,512,1024,3870,4096,8192,8192,3105,4096,8192,16384,784,8192,8192,8192,42,2048,2048,4096,777,512,1024,4096,3124,1024,2048,2048,523,4096,4096,4096,17,1024,131072,262144,40758,1048576,2097152,2097152,41,1048576,1048576,1048576,41,524288,524288,524288,41,1024,2048,2048,41,64,32768,65536,41,256,512,1024,4761,256,512,1024,4698,256,512,1024,252000,128,512,1024,27945,128,512,512,4924,256,512,1024,6129,512,1024,1024,1550,256,512,1024,1460,128,512,1024,26271,128,512,1024,3294,128,512,512,546,128,512,512,306,256,512,1024,378,256,512,1024,153,2048,2048,2048,8,1024,1024,1024,7,64,64,64,15,64,128,128,20,128,16384,16384,20,15.95,9.75,6.20,7,42,52,777,84,79,0,262144,262144,262144,262144,262144,7,65536,131072,131072,131072,131072,42,65536,131072,131072,131072,262144,52,65536,131072,131072,262144,262144,771,131072,131072,131072,131072,262144,84,65536,131072,131072,131072,131072,79,0,0,0,0,0,0,0,0,0,0,0,0,0,0,0,0,0,0,0,0,0,0,0,0,0,0,0,0,0,0,0,0,0,0,0,0,6,0,29784,34433,54127,0,41,20,0
42247147635200,3900,4096,4096,16384,27863,512,512,1024,3897,4096,8192,8192,3190,4096,8192,16384,773,8192,8192,8192,34,2048,2048,4096,794,512,1024,4096,3155,1024,2048,2048,506,4096,4096,4096,19,1024,131072,262144,40652,1048576,2097152,2097152,41,1048576,1048576,1048576,41,524288,524288,524288,41,1024,2048,2048,41,64,65536,65536,41,256,512,1024,5164,256,512,1024,5047,256,512,1024,250767,256,512,1024,28710,128,512,1024,4286,256,512,1024,6255,512,1024,2048,1500,256,512,1024,1392,128,512,1024,25731,128,512,1024,3159,128,512,1024,519,128,512,512,324,256,512,1024,306,256,512,1024,171,1024,2048,2048,15,1024,1024,1024,13,64,64,64,28,64,128,128,21,128,32768,32768,21,15.49,8.65,6.84,13,34,46,794,94,94,0,262144,262144,262144,262144,262144,13,65536,131072,131072,131072,131072,34,65536,131072,131072,131072,131072,46,65536,131072,131072,524288,524288,796,131072,131072,131072,131072,131072,94,65536,131072,131072,131072,131072,94,0,0,0,0,0,0,0,0,0,0,0,0,0,0,0,0,0,0,0,0,0,0,0,0,0,0,0,0,0,0,0,0,0,0,0,0,5,0,29370,34546,52861,0,41,21,0
42248164683700,3924,4096,4096,16384,26394,512,512,1024,3866,4096,8192,8192,3045,4096,8192,16384,743,8192,8192,8192,36,2048,2048,4096,797,512,1024,4096,3036,1024,2048,2048,535,4096,4096,4096,23,1024,131072,262144,38880,1048576,2097152,2097152,41,1048576,1048576,1048576,41,524288,524288,524288,41,1024,2048,2048,41,128,65536,131072,41,256,512,1024,5236,256,512,1024,5020,256,512,1024,237552,256,512,1024,27405,128,512,1024,4409,256,512,1024,6282,512,1024,2048,1392,256,512,1024,1365,256,512,1024,23715,128,512,1024,3051,128,512,1024,741,256,512,1024,297,256,512,1024,324,256,512,1024,207,1024,2048,2048,24,1024,1024,1024,26,64,64,64,50,64,128,128,20,16384,65536,65536,20,14.61,8.51,6.10,26,36,52,797,105,91,0,262144,262144,262144,262144,262144,26,65536,131072,131072,131072,131072,36,65536,131072,131072,131072,131072,52,65536,131072,131072,262144,8388608,798,65536,131072,131072,131072,262144,105,65536,131072,131072,131072,131072,91,0,0,0,0,0,0,0,0,0,0,0,0,0,0,0,0,0,0,0,0,0,0,0,0,0,0,0,0,0,0,0,0,0,0,0,0,4,0,30455,34271,55078,0,41,20,0
42249179129800,3947,4096,4096,16384,28242,512,512,1024,3935,4096,8192,8192,3136,4096,8192,16384,805,8192,8192,8192,41,2048,2048,4096,812,512,1024,4096,3203,1024,2048,2048,554,4096,4096,4096,9,1024,131072,262144,41195,1048576,2097152,2097152,40,1048576,1048576,1048576,40,524288,524288,524288,40,1024,2048,2048,40,64,65536,65536,40,256,512,1024,5281,256,512,1024,5074,256,512,1024,254172,128,512,1024,28224,128,512,512,4517,256,512,1024,6723,512,1024,1024,1458,256,512,1024,1458,128,512,1024,24066,128,512,1024,2880,128,512,1024,423,128,512,512,342,256,512,1024,369,256,512,1024,81,2048,2048,2048,23,1024,1024,1024,22,64,64,128,45,64,128,128,20,16384,131072,131072,20,18.35,10.34,8.01,22,41,44,812,75,98,0,262144,262144,262144,262144,524288,22,65536,131072,131072,131072,131072,41,65536,131072,131072,131072,131072,44,65536,131072,131072,262144,524288,807,131072,131072,131072,131072,131072,75,65536,131072,131072,131072,131072,98,0,0,0,0,0,0,0,0,0,0,0,0,0,0,0,0,0,0,0,0,0,0,0,0,0,0,0,0,0,0,0,0,0,0,0,0,9,0,28756,34378,53550,0,40,20,0
42250200273800,3970,4096,4096,16384,28577,512,512,1024,3947,4096,8192,8192,3227,4096,8192,16384,804,8192,8192,8192,38,2048,2048,4096,785,512,1024,4096,3188,1024,2048,2048,555,4096,4096,4096,20,1024,131072,262144,41648,1048576,2097152,2097152,41,1048576,1048576,1048576,41,524288,524288,524288,41,1024,2048,2048,41,64,65536,131072,41,256,512,1024,5136,256,512,1024,4929,256,512,1024,257193,256,512,1024,29043,128,512,1024,4742,128,512,1024,6948,512,1024,2048,1484,256,512,1024,1430,256,512,1024,26415,128,512,1024,2961,128,512,1024,575,256,512,1024,315,256,512,1024,342,256,512,1024,180,1024,2048,2048,24,1024,1024,1024,22,64,64,128,46,64,128,128,21,16384,131072,131072,21,16.08,8.48,7.60,22,38,61,785,95,91,0,262144,262144,262144,262144,262144,22,65536,131072,131072,131072,131072,38,65536,131072,131072,131072,131072,61,65536,131072,262144,2097152,4194304,792,65536,131072,131072,131072,262144,95,65536,131072,131072,131072,262144,91,0,0,0,0,0,0,0,0,0,0,0,0,0,0,0,0,0,0,0,0,0,0,0,0,0,0,0,0,0,0,0,0,0,0,0,0,1,0,29114,34820,54858,0,41,21,0
42251215438100,3991,4096,8192,16384,28008,512,512,1024,3943,4096,8192,8192,3123,4096,16384,16384,772,8192,8192,16384,34,2048,2048,4096,808,512,1024,4096,3151,1024,2048,2048,540,4096,8192,8192,23,1024,131072,262144,40784,1048576,2097152,2097152,40,1048576,1048576,2097152,40,524288,1048576,1048576,40,1024,2048,2048,40,64,32768,65536,40,256,512,1024,5400,256,512,1024,5211,256,512,1024,252072,256,512,1024,28107,128,512,1024,4805,256,512,1024,6408,512,1024,2048,1463,256,512,1024,1607,256,512,1024,25326,256,512,1024,3231,128,512,1024,501,128,512,1024,405,256,512,1024,306,256,1024,1024,207,1024,2048,2048,19,1024,1024,1024,21,64,64,256,40,64,128,128,20,16384,131072,131072,20,18.72,11.88,6.84,21,34,51,808,95,93,0,262144,262144,262144,262144,262144,21,65536,131072,131072,131072,131072,34,65536,131072,131072,131072,131072,51,65536,131072,131072,262144,524288,810,131072,131072,131072,131072,131072,95,65536,131072,262144,262144,262144,93,0,0,0,0,0,0,0,0,0,0,0,0,0,0,0,0,0,0,0,0,0,0,0,0,0,0,0,0,0,0,0,0,0,0,0,0,0,0,29098,34207,54744,0,40,20,0
42252233509500,4000,4096,4096,16384,28147,512,512,1024,3976,4096,8192,8192,3231,4096,16384,32768,817,8192,8192,8192,37,2048,2048,4096,825,512,1024,4096,3199,1024,2048,2048,502,4096,4096,4096,19,1024,131072,262144,41229,1048576,2097152,2097152,41,1048576,1048576,2097152,41,524288,524288,524288,41,1024,2048,2048,41,64,65536,131072,41,256,512,1024,5529,256,512,1024,5448,256,512,1024,253323,256,512,1024,29079,128,512,1024,4635,256,512,1024,6759,512,1024,2048,1527,256,512,1024,1338,256,512,1024,25794,128,512,1024,3159,128,512,1024,570,256,512,512,234,256,512,1024,333,256,512,1024,171,2048,2048,2048,7,1024,1024,1024,9,64,64,64,16,64,128,128,20,256,32768,32768,20,18.30,11.13,7.16,9,37,70,825,96,97,0,262144,262144,262144,262144,262144,9,65536,131072,131072,131072,131072,37,65536,131072,131072,131072,131072,70,65536,131072,131072,262144,262144,825,131072,131072,131072,131072,131072,96,65536,131072,131072,131072,131072,97,0,0,0,0,0,0,0,0,0,0,0,0,0,0,0,0,0,0,0,0,0,0,0,0,0,0,0,0,0,0,0,0,0,0,0,0,0,0,28737,34639,54689,0,41,20,0
42253251644900,4000,4096,4096,16384,28009,512,512,1024,3967,4096,8192,8192,3134,4096,8192,16384,813,8192,8192,8192,31,2048,2048,4096,804,512,1024,4096,3157,1024,2048,2048,542,4096,4096,4096,12,1024,131072,262144,40826,1048576,2097152,2097152,41,1048576,1048576,1048576,41,524288,524288,524288,41,1024,2048,2048,41,64,131072,131072,41,256,512,1024,5227,256,512,1024,5227,256,512,1024,252089,256,512,1024,28206,128,512,1024,4545,128,512,1024,6525,512,1024,1024,1488,256,512,1024,1515,256,512,1024,25947,128,512,1024,3195,128,512,512,522,256,512,1024,351,256,512,1024,279,256,512,1024,108,0,0,0,0,0,0,0,0,0,0,0,0,64,128,128,21,128,128,128,21,19.19,11.69,7.50,0,31,54,804,93,83,0,0,0,0,0,0,0,65536,131072,131072,131072,131072,31,65536,131072,131072,131072,131072,54,65536,131072,131072,262144,1048576,803,65536,131072,131072,131072,131072,93,65536,131072,131072,131072,524288,83,0,0,0,0,0,0,0,0,0,0,0,0,0,0,0,0,0,0,0,0,0,0,0,0,0,0,0,0,0,0,0,0,0,0,0,0,0,0,29548,34339,55009,0,41,21,0
42254268348800,3940,4096,4096,16384,28633,512,512,1024,3958,4096,8192,8192,3188,4096,8192,16384,850,8192,8192,8192,34,2048,2048,4096,838,512,1024,4096,3193,1024,2048,2048,573,4096,8192,8192,19,2048,131072,262144,41694,1048576,2097152,2097152,40,1048576,1048576,1048576,40,524288,524288,524288,40,1024,2048,2048,40,64,65536,65536,40,256,512,1024,5105,256,512,1024,5645,256,512,1024,257689,256,512,1024,28692,128,512,512,4684,256,512,1024,7047,512,1024,1024,1416,256,512,1024,1425,128,512,1024,24723,128,512,1024,3096,128,512,1024,443,256,512,1024,324,256,512,1024,306,256,512,1024,171,0,0,0,0,0,0,0,0,0,0,0,0,64,128,128,20,128,128,128,20,18.82,11.47,7.35,0,34,44,838,110,92,60,0,0,0,0,0,0,65536,131072,131072,131072,262144,34,65536,131072,131072,131072,131072,44,65536,131072,131072,262144,524288,839,131072,131072,131072,131072,131072,110,65536,131072,131072,131072,131072,92,131072,262144,262144,262144,262144,60,0,0,0,0,0,0,0,0,0,0,0,0,0,0,0,0,0,0,0,0,0,0,0,0,0,0,0,0,0,0,0,0,29839,35326,53996,0,40,20,0
42255286096700,3880,4096,4096,16384,27733,512,512,1024,3939,4096,8192,8192,3182,4096,8192,16384,768,8192,8192,8192,37,2048,2048,4096,784,512,1024,4096,3187,1024,2048,2048,527,4096,4096,4096,9,1024,131072,262144,40629,1048576,2097152,2097152,41,1048576,1048576,1048576,41,524288,524288,524288,41,1024,2048,2048,41,128,16384,65536,41,256,512,1024,4949,256,512,1024,5489,256,512,1024,249597,256,512,1024,28638,128,512,512,4528,256,512,1024,6327,512,1024,1024,1688,256,512,1024,1472,256,512,1024,25785,128,512,1024,2952,128,512,1024,549,128,512,1024,270,256,512,1024,333,256,512,1024,81,0,0,0,0,0,0,0,0,0,0,0,0,64,128,128,20,128,256,256,20,14.68,8.43,6.26,0,37,48,784,109,92,60,0,0,0,0,0,0,65536,131072,131072,131072,131072,37,65536,131072,131072,131072,131072,48,65536,131072,131072,262144,262144,783,131072,131072,131072,131072,131072,109,65536,131072,131072,131072,262144,92,131072,262144,262144,262144,262144,60,0,0,0,0,0,0,0,0,0,0,0,0,0,0,0,0,0,0,0,0,0,0,0,0,0,0,0,0,0,0,1,0,29628,35208,55624,0,41,20,0
42256302846700,3889,4096,4096,16384,27131,512,512,1024,3831,4096,8192,8192,3027,4096,16384,16384,768,8192,8192,8192,32,2048,2048,4096,721,512,1024,4096,3020,1024,2048,2048,479,4096,32768,32768,17,2048,131072,262144,39420,1048576,2097152,2097152,41,1048576,1048576,1048576,41,524288,524288,1048576,41,1024,1024,2048,41,64,65536,131072,41,256,512,1024,5296,256,512,1024,5215,256,512,1024,244183,256,512,1024,27243,128,512,512,4251,256,512,1024,6498,512,1024,2048,1338,256,512,1024,1482,256,512,1024,25065,128,512,1024,3285,128,512,1024,471,256,512,1024,333,256,512,1024,288,256,1024,1024,153,1024,2048,2048,11,1024,1024,1024,9,64,64,64,20,64,128,128,21,128,131072,131072,21,16.45,8.93,7.52,9,32,46,721,85,83,0,262144,262144,262144,262144,262144,9,65536,131072,131072,131072,131072,32,65536,131072,131072,131072,131072,46,65536,131072,131072,262144,262144,722,131072,131072,131072,131072,262144,85,65536,131072,131072,131072,131072,83,0,0,0,0,0,0,0,0,0,0,0,0,0,0,0,0,0,0,0,0,0,0,0,0,0,0,0,0,0,0,0,0,0,0,0,0,0,0,28630,33689,53744,0,41,21,0
42257320770700,3903,4096,4096,16384,27911,512,512,1024,3902,4096,8192,8192,3172,4096,16384,16384,818,8192,8192,8192,33,2048,2048,4096,829,512,1024,4096,3165,1024,2048,2048,572,4096,8192,8192,17,1024,131072,262144,40820,1048576,2097152,2097152,41,1048576,1048576,1048576,41,524288,524288,524288,41,1024,2048,2048,41,64,32768,65536,41,256,512,1024,5241,256,512,1024,5115,256,512,1024,251195,256,512,1024,28548,128,512,512,4716,256,512,1024,6552,512,1024,2048,1436,256,512,1024,1436,128,512,1024,25794,128,512,1024,3051,128,512,512,504,128,512,512,324,256,512,1024,297,256,1024,1024,153,2048,2048,2048,14,1024,1024,1024,14,64,64,64,28,64,128,128,20,256,65536,65536,20,16.61,10.48,6.13,14,33,43,829,89,105,0,262144,262144,262144,262144,524288,14,65536,131072,131072,131072,131072,33,65536,131072,131072,131072,131072,43,65536,131072,131072,262144,262144,829,65536,131072,131072,131072,131072,89,65536,131072,131072,131072,131072,105,0,0,0,0,0,0,0,0,0,0,0,0,0,0,0,0,0,0,0,0,0,0,0,0,0,0,0,0,0,0,0,0,0,0,0,0,0,0,29052,34323,53386,0,41,20,0
42258338704800,3925,4096,4096,16384,28079,512,512,1024,3888,4096,8192,8192,3103,4096,8192,16384,793,8192,8192,8192,44,2048,2048,4096,845,512,1024,4096,3132,1024,2048,2048,555,4096,4096,4096,22,1024,131072,262144,40889,1048576,2097152,2097152,40,1048576,1048576,1048576,40,524288,524288,524288,40,1024,2048,2048,40,128,131072,262144,40,256,512,1024,5140,256,512,1024,4942,256,512,1024,252711,256,512,1024,27927,128,512,1024,4629,256,512,1024,6111,512,1024,1024,1446,256,512,1024,1392,128,512,1024,25362,128,512,512,2907,128,512,1024,477,128,512,512,315,256,512,1024,396,256,1024,1024,198,1024,2048,2048,24,1024,1024,1024,22,64,64,128,46,64,128,128,20,16384,131072,131072,20,17.91,10.44,7.48,22,44,37,845,97,96,0,262144,262144,262144,262144,262144,22,65536,131072,131072,131072,131072,44,65536,131072,131072,131072,262144,37,65536,131072,131072,262144,262144,838,65536,131072,131072,131072,131072,97,65536,131072,131072,131072,131072,96,0,0,0,0,0,0,0,0,0,0,0,0,0,0,0,0,0,0,0,0,0,0,0,0,0,0,0,0,0,0,0,0,0,0,0,0,7,0,28804,34571,55294,0,40,20,0
42259355323000,3949,4096,4096,16384,27903,512,512,1024,3941,4096,8192,8192,3182,4096,16384,32768,815,8192,8192,8192,42,2048,4096,4096,768,512,1024,4096,3193,1024,2048,2048,528,4096,4096,4096,16,2048,131072,262144,40807,1048576,2097152,2097152,41,1048576,1048576,1048576,41,524288,524288,524288,41,1024,2048,2048,41,64,65536,65536,41,256,512,1024,5413,256,512,1024,5197,256,512,1024,251127,256,512,1024,28638,128,512,512,4992,256,512,1024,6696,512,1024,2048,1449,256,512,1024,1512,256,512,1024,26487,128,512,1024,3330,256,512,1024,378,256,512,1024,387,256,512,1024,378,256,512,1024,144,1024,2048,2048,24,1024,1024,2048,26,64,128,256,50,64,64,64,21,16384,65536,131072,21,13.96,7.56,6.41,26,42,38,768,99,76,0,262144,262144,262144,262144,524288,25,65536,131072,131072,131072,131072,42,65536,131072,131072,131072,131072,38,65536,131072,131072,262144,262144,767,131072,131072,131072,131072,262144,99,65536,131072,131072,131072,131072,76,0,0,0,0,0,0,0,0,0,0,0,0,0,0,0,0,0,0,0,0,0,0,0,0,0,0,0,0,0,0,0,0,0,0,0,0,8,0,29902,35135,53015,0,41,21,0
42260373493000,3972,4096,4096,16384,27817,512,512,1024,3942,4096,8192,8192,3141,4096,8192,32768,821,8192,8192,8192,26,2048,2048,4096,798,512,1024,2048,3148,1024,2048,2048,494,4096,4096,4096,12,1024,131072,262144,40564,1048576,2097152,2097152,41,1048576,1048576,2097152,41,524288,524288,1048576,41,1024,2048,2048,41,128,32768,65536,41,256,512,1024,5502,256,512,1024,5295,256,512,1024,250355,256,512,1024,28269,128,512,512,4796,256,512,1024,6525,512,1024,1024,1290,256,512,1024,1353,256,512,1024,24345,128,512,1024,2952,128,512,1024,591,128,512,512,315,256,1024,1024,234,256,1024,1024,108,1024,2048,2048,23,1024,1024,1024,23,64,64,64,46,64,128,128,20,16384,131072,131072,20,18.41,9.84,8.57,23,26,25,798,92,109,0,262144,262144,262144,262144,262144,24,65536,131072,131072,131072,262144,26,65536,131072,131072,131072,131072,25,65536,131072,131072,262144,262144,795,131072,131072,131072,131072,131072,90,65536,131072,131072,131072,131072,108,0,0,0,0,0,0,0,0,0,0,0,0,0,0,0,0,0,0,0,0,0,0,0,0,0,0,0,0,0,0,0,0,0,0,0,0,14,0,28521,34879,55578,0,41,20,0
42261388544000,3984,4096,4096,16384,28242,256,512,1024,3967,4096,8192,8192,3125,4096,8192,16384,790,8192,8192,8192,40,2048,2048,4096,812,512,1024,1024,3174,1024,2048,2048,566,4096,8192,8192,13,1024,131072,262144,41180,1048576,2097152,2097152,40,1048576,1048576,1048576,40,524288,524288,524288,40,1024,2048,2048,40,128,65536,65536,40,256,512,1024,4840,256,512,1024,4732,256,512,1024,254176,256,512,1024,28125,128,512,512,4445,256,512,1024,6588,512,1024,1024,1526,256,512,1024,1391,256,512,1024,25668,128,512,1024,3159,128,512,512,345,256,512,1024,297,256,512,1024,360,256,512,1024,117,1024,2048,2048,11,512,1024,1024,12,64,64,64,23,64,128,128,20,1024,65536,65536,20,15.99,9.08,6.91,12,40,27,812,102,93,0,262144,262144,262144,262144,262144,12,65536,131072,131072,131072,131072,40,65536,131072,131072,131072,131072,26,65536,131072,131072,262144,262144,821,131072,131072,131072,131072,262144,104,65536,131072,131072,131072,131072,94,0,0,0,0,0,0,0,0,0,0,0,0,0,0,0,0,0,0,0,0,0,0,0,0,0,0,0,0,0,0,0,0,0,0,0,0,3,0,29627,34930,54757,116,40,20,0
42262407977000,3995,4096,4096,16384,28580,256,512,1024,3996,4096,8192,8192,3279,4096,8192,16384,767,8192,8192,16384,28,2048,2048,4096,839,512,1024,1024,3211,1024,2048,2048,534,4096,4096,4096,13,2048,131072,262144,41670,1048576,2097152,2097152,41,1048576,1048576,1048576,41,524288,524288,524288,41,1024,2048,2048,41,64,65536,65536,41,256,512,1024,5091,256,512,1024,4992,256,512,1024,257221,256,512,1024,29511,128,512,1024,4556,256,512,1024,6417,512,1024,2048,1442,256,512,1024,1406,256,512,1024,25902,256,512,1024,2988,256,512,1024,378,256,512,1024,261,256,512,1024,252,256,512,1024,117,1024,2048,2048,9,1024,1024,1024,9,64,64,64,18,64,64,64,21,128,131072,131072,21,15.52,9.16,6.36,9,28,22,839,99,113,0,262144,262144,262144,262144,262144,9,65536,131072,131072,131072,131072,28,65536,131072,131072,131072,131072,23,65536,131072,131072,262144,262144,841,65536,131072,131072,131072,131072,99,65536,131072,131072,131072,131072,113,0,0,0,0,0,0,0,0,0,0,0,0,0,0,0,0,0,0,0,0,0,0,0,0,0,0,0,0,0,0,0,0,0,0,0,0,0,0,29261,34817,54878,0,41,21,0
42263426890700,3940,4096,4096,16384,28796,512,512,1024,3999,4096,8192,8192,3206,4096,16384,16384,823,8192,8192,8192,41,2048,2048,4096,826,512,1024,2048,3238,1024,2048,2048,554,4096,4096,4096,19,2048,131072,262144,41983,1048576,2097152,2097152,41,1048576,1048576,1048576,41,524288,524288,524288,41,1024,2048,2048,41,64,65536,131072,41,256,512,1024,5474,256,512,1024,5969,256,512,1024,259170,128,512,1024,28854,128,512,512,4733,256,512,1024,6777,512,1024,1024,1554,256,512,1024,1536,128,512,1024,26802,128,512,1024,3150,128,512,1024,429,256,512,1024,396,256,512,1024,369,256,512,1024,171,1024,2048,2048,4,512,1024,1024,5,0,64,64,9,64,64,64,20,128,16384,16384,20,17.51,10.10,7.41,5,41,33,826,78,88,60,262144,262144,262144,262144,262144,5,65536,131072,131072,131072,131072,41,65536,131072,131072,131072,131072,33,65536,131072,131072,131072,262144,826,65536,131072,131072,131072,131072,78,65536,131072,131072,131072,131072,88,131072,262144,262144,262144,262144,60,0,0,0,0,0,0,0,0,0,0,0,0,0,0,0,0,0,0,0,0,0,0,0,0,0,0,0,0,0,0,0,0,29381,34963,54376,0,41,20,0
42264443688800,3940,4096,4096,16384,28007,512,512,1024,3934,4096,8192,8192,3156,4096,8192,16384,805,8192,8192,8192,44,2048,2048,4096,745,512,1024,2048,3161,1024,2048,2048,517,4096,4096,4096,12,256,131072,262144,40819,1048576,2097152,2097152,40,1048576,1048576,1048576,40,524288,524288,524288,40,1024,2048,2048,40,64,65536,131072,40,256,512,1024,5465,256,512,1024,5465,256,512,1024,252056,128,512,1024,28404,128,512,512,4606,256,512,1024,6318,512,1024,1024,1428,256,512,1024,1446,256,512,1024,23643,128,512,1024,3033,128,512,1024,438,256,512,1024,360,256,512,1024,396,256,512,512,108,0,0,0,0,0,0,0,0,0,0,0,0,64,128,128,20,128,256,256,20,17.68,10.58,7.10,0,44,28,745,75,90,0,0,0,0,0,0,0,65536,131072,131072,131072,131072,44,65536,131072,131072,131072,131072,28,65536,131072,262144,262144,4194304,741,131072,131072,131072,131072,131072,75,65536,131072,131072,131072,262144,90,0,0,0,0,0,0,0,0,0,0,0,0,0,0,0,0,0,0,0,0,0,0,0,0,0,0,0,0,0,0,0,0,0,0,0,0,4,0,29042,34432,54928,0,40,20,0
42265462957000,3880,4096,4096,16384,27965,512,512,1024,3919,4096,8192,8192,3148,4096,8192,16384,784,8192,8192,8192,26,2048,2048,4096,826,512,1024,1024,3163,1024,2048,2048,557,4096,4096,4096,19,1024,131072,262144,40831,1048576,2097152,2097152,41,1048576,1048576,1048576,41,524288,524288,524288,41,512,2048,2048,41,64,65536,65536,41,256,512,1024,5121,256,512,1024,5661,256,512,1024,251685,256,512,1024,28332,128,512,512,4460,256,512,1024,6651,512,1024,1024,1482,256,512,1024,1437,128,512,1024,25308,128,512,1024,3078,128,512,1024,447,128,512,512,243,256,512,1024,234,256,512,1024,171,0,0,0,0,0,0,0,0,0,0,0,0,64,128,128,21,128,256,256,21,15.15,9.42,5.73,0,26,21,825,106,95,60,0,0,0,0,0,0,65536,131072,131072,131072,131072,26,65536,131072,131072,131072,131072,21,65536,131072,131072,262144,262144,830,65536,131072,131072,131072,262144,106,65536,131072,131072,131072,131072,95,262144,262144,262144,262144,524288,60,0,0,0,0,0,0,0,0,0,0,0,0,0,0,0,0,0,0,0,0,0,0,0,0,0,0,0,0,0,0,0,0,28964,34326,55381,0,41,21,0
42266479659400,3891,4096,4096,16384,27209,256,512,1024,3879,4096,8192,16384,3050,4096,16384,16384,763,8192,8192,8192,34,2048,2048,4096,794,512,1024,1024,3027,1024,2048,2048,493,4096,4096,4096,10,1024,131072,262144,39658,1048576,2097152,2097152,41,1048576,1048576,1048576,41,524288,524288,524288,41,1024,2048,2048,41,64,32768,65536,41,256,512,1024,5268,256,512,1024,5169,256,512,1024,244881,256,512,1024,27450,128,512,512,4592,128,512,1024,6327,512,1024,1024,1414,256,512,1024,1549,128,512,1024,26181,128,512,512,3249,128,512,1024,507,256,512,1024,432,256,512,1024,306,256,512,1024,90,1024,2048,2048,12,512,1024,1024,11,64,64,64,23,64,128,128,20,128,65536,65536,20,16.20,9.00,7.20,11,34,14,794,106,98,0,262144,262144,262144,262144,262144,11,65536,131072,131072,131072,131072,32,65536,131072,131072,131072,131072,14,65536,131072,131072,262144,262144,793,131072,131072,131072,262144,262144,106,65536,131072,262144,262144,262144,98,0,0,0,0,0,0,0,0,0,0,0,0,0,0,0,0,0,0,0,0,0,0,0,0,0,0,0,0,0,0,0,0,0,0,0,0,3,0,28584,33548,55045,0,41,20,0
42267497751800,3904,4096,4096,16384,26123,512,512,1024,3861,4096,8192,8192,3043,4096,8192,16384,773,8192,8192,16384,39,2048,2048,4096,764,512,1024,1024,3103,1024,2048,2048,530,4096,8192,8192,15,1024,131072,262144,38742,1048576,2097152,2097152,41,1048576,1048576,1048576,41,524288,524288,524288,41,1024,2048,2048,41,64,65536,65536,41,256,512,1024,5241,256,512,1024,5124,256,512,1024,235107,128,512,1024,27387,128,512,1024,4478,256,512,1024,6291,512,1024,2048,1476,256,512,1024,1332,128,512,1024,25272,128,512,1024,3528,128,512,1024,549,256,512,1024,288,256,512,1024,351,256,1024,1024,135,1024,2048,2048,15,1024,1024,1024,13,64,64,64,28,64,128,128,21,16384,65536,131072,21,14.97,8.62,6.34,13,39,22,764,108,92,0,262144,262144,262144,262144,262144,13,65536,131072,262144,262144,262144,41,65536,131072,131072,131072,131072,22,65536,131072,131072,262144,8388608,765,131072,131072,131072,131072,262144,108,65536,131072,131072,131072,131072,92,0,0,0,0,0,0,0,0,0,0,0,0,0,0,0,0,0,0,0,0,0,0,0,0,0,0,0,0,0,0,0,0,0,0,0,0,0,0,26698,31671,52553,0,41,21,0
42268512850500,3918,4096,4096,16384,28061,256,512,1024,3905,4096,8192,8192,3171,4096,8192,16384,830,8192,8192,8192,33,2048,2048,4096,804,512,1024,1024,3211,1024,2048,2048,566,4096,4096,4096,16,64,131072,262144,41077,1048576,2097152,2097152,40,1048576,1048576,1048576,40,524288,524288,1048576,40,2048,2048,2048,40,128,65536,131072,40,256,512,1024,5077,256,512,1024,4951,256,512,1024,252549,128,512,1024,28539,128,512,1024,4450,128,512,1024,6723,512,1024,2048,1431,256,512,1024,1413,256,512,1024,25578,128,512,1024,2907,256,512,1024,570,128,512,1024,315,256,512,1024,297,256,1024,1024,144,1024,2048,2048,15,512,1024,1024,15,64,64,64,30,64,128,128,20,8192,32768,32768,20,17.98,11.51,6.47,15,33,17,804,103,97,0,262144,262144,262144,262144,524288,15,65536,131072,262144,262144,524288,33,65536,131072,131072,131072,131072,17,65536,131072,131072,262144,262144,804,131072,131072,131072,131072,262144,103,65536,131072,131072,131072,131072,97,0,0,0,0,0,0,0,0,0,0,0,0,0,0,0,0,0,0,0,0,0,0,0,0,0,0,0,0,0,0,0,0,0,0,0,0,0,0,21102,27789,46540,11,40,20,0
42269530819600,3937,4096,4096,16384,28160,256,512,1024,3906,4096,8192,8192,3119,4096,16384,16384,771,8192,8192,8192,39,2048,2048,4096,766,512,1024,1024,3069,1024,2048,2048,502,4096,4096,4096,15,64,131072,262144,40795,1048576,2097152,2097152,41,1048576,1048576,1048576,41,524288,524288,524288,41,2048,2048,2048,41,128,65536,65536,41,256,512,1024,5434,256,512,1024,5263,256,512,1024,253440,128,512,1024,28071,128,512,512,4703,128,512,1024,6390,512,1024,2048,1578,256,512,1024,1587,128,512,1024,25974,128,512,512,3375,128,512,512,390,128,512,512,369,256,512,1024,351,256,1024,1024,135,1024,2048,2048,21,512,1024,1024,20,64,64,64,41,64,128,128,20,16384,262144,262144,20,17.25,10.66,6.60,20,39,18,766,102,91,0,262144,262144,262144,262144,262144,20,65536,131072,131072,131072,262144,39,65536,131072,131072,131072,131072,18,65536,131072,131072,262144,262144,765,131072,131072,131072,262144,262144,102,65536,131072,131072,131072,131072,91,0,0,0,0,0,0,0,0,0,0,0,0,0,0,0,0,0,0,0,0,0,0,0,0,0,0,0,0,0,0,0,0,0,0,0,0,0,0,25154,31374,52899,27,41,20,0
42270547666100,3961,4096,4096,16384,28120,512,512,1024,3937,4096,8192,8192,3190,4096,16384,16384,813,8192,8192,8192,46,2048,2048,4096,799,512,1024,1024,3126,1024,2048,2048,517,4096,8192,8192,17,1024,131072,262144,41021,1048576,2097152,2097152,41,1048576,1048576,1048576,41,524288,524288,524288,41,1024,2048,2048,41,64,32768,32768,41,256,512,1024,5561,256,512,1024,5345,256,512,1024,253080,256,512,1024,28710,128,512,1024,4598,256,512,1024,6822,512,1024,2048,1427,256,512,1024,1436,256,512,1024,25767,128,512,1024,3159,128,512,512,510,256,512,1024,342,256,512,1024,414,256,512,1024,153,1024,2048,2048,21,1024,2048,2048,22,64,64,128,43,64,128,128,21,16384,32768,131072,21,17.43,10.59,6.84,22,46,8,799,91,91,0,262144,262144,262144,262144,262144,22,65536,131072,131072,131072,131072,46,131072,131072,131072,131072,131072,8,65536,131072,131072,262144,262144,799,65536,131072,131072,131072,262144,91,65536,131072,131072,131072,131072,91,0,0,0,0,0,0,0,0,0,0,0,0,0,0,0,0,0,0,0,0,0,0,0,0,0,0,0,0,0,0,0,0,0,0,0,0,1,0,28873,33974,53243,0,41,21,0
42271565836700,3981,4096,4096,16384,28146,256,512,1024,3988,4096,8192,8192,3221,4096,8192,16384,820,8192,16384,16384,40,2048,2048,4096,840,512,1024,1024,3227,1024,2048,2048,575,4096,8192,8192,14,1024,131072,262144,41350,1048576,2097152,2097152,41,1048576,1048576,1048576,41,524288,524288,1048576,41,1024,2048,2048,41,64,2048,131072,41,256,512,1024,5367,256,512,1024,5187,256,512,1024,253314,256,512,1024,28989,128,512,1024,4755,256,512,1024,6768,512,1024,2048,1543,256,512,1024,1543,256,512,1024,25497,256,512,1024,3123,256,512,1024,440,128,512,1024,306,256,1024,1024,360,256,512,1024,126,1024,2048,2048,20,1024,1024,1024,20,64,64,64,40,64,128,128,20,16384,131072,131072,20,16.24,9.52,6.72,20,40,13,840,102,80,0,262144,262144,262144,262144,262144,20,65536,131072,131072,131072,131072,40,65536,131072,131072,131072,131072,13,65536,131072,131072,262144,262144,840,131072,131072,131072,131072,131072,102,65536,131072,262144,262144,262144,80,0,0,0,0,0,0,0,0,0,0,0,0,0,0,0,0,0,0,0,0,0,0,0,0,0,0,0,0,0,0,0,0,0,0,0,0,1,0,29172,34393,54719,0,41,20,0
42272585407200,3993,4096,4096,16384,28274,512,512,1024,3968,4096,8192,8192,3150,4096,8192,16384,821,8192,8192,8192,34,2048,2048,4096,819,512,1024,1024,3208,1024,2048,2048,546,4096,4096,8192,24,2048,131072,262144,41243,1048576,2097152,2097152,40,1048576,1048576,1048576,40,524288,524288,1048576,40,1024,2048,2048,40,128,131072,262144,40,256,512,1024,5296,256,512,1024,5188,256,512,1024,254466,256,512,1024,28350,128,512,1024,4652,256,512,1024,6651,512,1024,1024,1269,256,512,1024,1404,128,512,1024,24138,128,512,1024,3501,128,512,1024,402,128,512,1024,351,256,512,512,306,256,512,1024,216,1024,2048,2048,11,1024,1024,1024,12,64,64,64,23,64,128,128,20,256,131072,131072,20,17.28,10.57,6.70,12,34,13,819,103,104,0,262144,262144,262144,262144,524288,12,65536,131072,131072,131072,262144,34,65536,131072,131072,131072,131072,13,65536,131072,131072,262144,262144,819,131072,131072,131072,131072,131072,103,65536,131072,131072,131072,131072,104,0,0,0,0,0,0,0,0,0,0,0,0,0,0,0,0,0,0,0,0,0,0,0,0,0,0,0,0,0,0,0,0,0,0,0,0,1,0,28491,34205,54369,0,40,20,0
42273597691600,3940,4096,4096,16384,28286,256,512,1024,3967,4096,8192,8192,3193,4096,16384,16384,818,8192,8192,16384,41,2048,4096,4096,796,512,1024,1024,3258,1024,2048,2048,523,4096,4096,4096,15,1024,131072,262144,41293,1048576,2097152,2097152,41,1048576,1048576,1048576,41,524288,524288,524288,41,1024,2048,2048,41,64,32768,131072,41,256,512,1024,5327,256,512,1024,5804,256,512,1024,254583,128,512,1024,28737,128,512,1024,4477,128,512,1024,6390,512,1024,2048,1392,256,512,1024,1428,256,512,1024,26505,128,512,1024,2970,128,512,1024,438,128,512,512,369,256,512,1024,369,256,512,512,135,1024,2048,2048,5,1024,1024,1024,7,64,64,64,12,64,128,128,21,128,16384,131072,21,19.68,11.38,8.31,7,41,17,796,97,82,60,262144,262144,262144,262144,262144,7,65536,131072,131072,131072,262144,41,65536,131072,131072,131072,131072,17,65536,131072,262144,262144,524288,797,65536,131072,131072,131072,131072,97,65536,131072,131072,131072,131072,82,131072,262144,262144,262144,524288,60,0,0,0,0,0,0,0,0,0,0,0,0,0,0,0,0,0,0,0,0,0,0,0,0,0,0,0,0,0,0,0,0,28025,33673,54102,0,41,21,0
42274618019900,3940,4096,4096,16384,27965,256,512,1024,3932,4096,8192,8192,3131,4096,8192,16384,783,8192,8192,8192,33,2048,4096,4096,769,512,1024,1024,3125,1024,2048,2048,545,4096,4096,8192,24,2048,131072,262144,40710,1048576,2097152,2097152,40,1048576,1048576,1048576,40,524288,524288,524288,40,2048,2048,2048,40,64,65536,65536,40,256,512,1024,5177,256,512,1024,5177,256,512,1024,251676,128,512,1024,28179,128,512,512,4321,128,512,1024,6246,512,1024,2048,1475,256,512,1024,1565,128,512,1024,25263,128,512,1024,3258,128,512,1024,597,128,512,512,351,256,512,1024,297,256,1024,1024,216,0,0,0,0,0,0,0,0,0,0,0,0,64,128,128,20,128,256,256,20,18.05,11.90,6.14,0,33,8,769,86,92,0,0,0,0,0,0,0,65536,131072,262144,262144,262144,33,65536,131072,131072,131072,131072,8,65536,131072,131072,262144,262144,767,131072,131072,131072,131072,131072,86,65536,131072,131072,131072,131072,92,0,0,0,0,0,0,0,0,0,0,0,0,0,0,0,0,0,0,0,0,0,0,0,0,0,0,0,0,0,0,0,0,0,0,0,0,2,0,29163,33760,53184,0,40,20,0
42275636234300,3880,4096,4096,16384,28248,256,512,1024,3897,4096,8192,8192,3181,4096,8192,16384,844,8192,8192,8192,33,2048,2048,4096,761,512,1024,1024,3127,1024,2048,2048,560,4096,4096,4096,13,1024,131072,262144,41120,1048576,2097152,2097152,41,1048576,1048576,1048576,41,524288,524288,524288,41,1024,2048,2048,41,64,65536,65536,41,256,512,1024,5067,256,512,1024,5607,256,512,1024,254232,128,512,1024,28629,128,512,512,4778,256,512,1024,6633,512,1024,1024,1382,256,512,1024,1445,128,512,1024,25839,128,512,1024,3339,128,512,1024,525,128,512,512,270,256,512,1024,297,256,512,512,117,1024,1024,1024,2,0,0,0,1,0,64,64,3,64,128,128,20,128,256,256,20,16.64,9.22,7.42,1,33,14,761,101,84,60,0,0,0,0,262144,1,65536,131072,131072,131072,131072,33,131072,262144,262144,262144,262144,14,65536,131072,262144,262144,524288,763,131072,131072,131072,262144,262144,101,65536,131072,131072,131072,131072,84,131072,262144,262144,262144,262144,60,0,0,0,0,0,0,0,0,0,0,0,0,0,0,0,0,0,0,0,0,0,0,0,0,0,0,0,0,0,0,0,0,28820,34778,54232,0,41,20,0
42276653061200,3894,4096,4096,16384,27918,512,512,1024,3870,4096,8192,8192,3082,4096,16384,16384,794,8192,8192,8192,35,2048,2048,4096,851,512,1024,1024,3160,1024,2048,2048,518,4096,4096,8192,23,1024,131072,262144,40647,1048576,2097152,2097152,41,1048576,1048576,1048576,41,524288,524288,524288,41,2048,2048,2048,41,64,65536,131072,41,256,512,1024,5136,256,512,1024,5010,256,512,1024,251262,256,512,1024,27738,128,512,1024,4570,256,512,1024,6399,512,1024,2048,1554,256,512,1024,1581,256,512,1024,25668,256,512,1024,3213,128,512,1024,567,128,512,512,360,256,512,1024,315,256,512,1024,207,2048,2048,2048,15,512,1024,1024,14,64,64,64,29,64,128,128,21,256,65536,131072,21,16.38,9.72,6.65,14,35,14,851,100,97,0,262144,262144,262144,262144,262144,13,65536,131072,131072,131072,262144,35,65536,131072,131072,131072,131072,14,65536,131072,131072,262144,262144,849,131072,131072,262144,262144,524288,100,65536,131072,131072,131072,131072,97,0,0,0,0,0,0,0,0,0,0,0,0,0,0,0,0,0,0,0,0,0,0,0,0,0,0,0,0,0,0,0,0,0,0,0,0,3,0,29308,34486,55335,0,41,21,0
42277672418300,3910,4096,4096,16384,27211,512,512,1024,3880,4096,8192,8192,3095,4096,8192,16384,737,8192,16384,16384,37,2048,2048,4096,801,512,1024,1024,3105,1024,2048,2048,522,4096,8192,8192,15,1024,131072,262144,39834,1048576,2097152,2097152,41,1048576,1048576,1048576,41,524288,524288,1048576,41,1024,2048,4096,41,128,65536,65536,41,256,512,1024,5216,256,512,1024,5072,256,512,1024,244899,256,512,1024,27855,128,512,1024,4429,256,512,1024,5877,512,1024,2048,1408,256,512,1024,1534,256,512,1024,25551,128,512,1024,3240,128,512,1024,666,256,512,1024,315,256,512,1024,333,256,512,1024,135,2048,2048,2048,16,1024,1024,1024,16,64,64,64,32,64,128,128,20,16384,131072,131072,20,16.00,9.65,6.35,16,37,17,801,81,111,0,262144,262144,262144,262144,262144,17,65536,131072,131072,131072,262144,37,65536,131072,131072,131072,262144,17,65536,131072,262144,524288,524288,803,131072,131072,131072,131072,131072,81,65536,131072,131072,262144,262144,111,0,0,0,0,0,0,0,0,0,0,0,0,0,0,0,0,0,0,0,0,0,0,0,0,0,0,0,0,0,0,0,0,0,0,0,0,0,0,29283,34166,52603,0,41,20,0
42278691072900,3929,4096,4096,16384,28182,256,512,1024,3903,4096,8192,8192,3145,4096,8192,16384,800,8192,8192,8192,39,2048,2048,4096,776,512,1024,1024,3153,1024,2048,2048,537,4096,4096,4096,19,256,131072,262144,41014,1048576,2097152,2097152,40,1048576,1048576,1048576,40,524288,524288,524288,40,1024,2048,2048,40,64,65536,131072,40,256,512,1024,4875,256,512,1024,4704,256,512,1024,253638,128,512,1024,28305,128,512,512,4596,128,512,1024,6579,512,1024,2048,1328,256,512,1024,1382,128,512,1024,24948,128,512,512,2961,256,512,1024,414,256,512,512,324,256,512,1024,351,256,512,1024,171,2048,2048,2048,22,1024,1024,1024,19,64,64,128,41,64,128,128,20,8192,131072,131072,20,16.65,8.91,7.74,19,39,18,776,89,93,0,262144,262144,262144,262144,262144,19,65536,131072,131072,131072,131072,39,65536,131072,131072,131072,131072,18,65536,131072,131072,262144,262144,775,131072,131072,131072,131072,131072,89,65536,131072,131072,131072,131072,93,0,0,0,0,0,0,0,0,0,0,0,0,0,0,0,0,0,0,0,0,0,0,0,0,0,0,0,0,0,0,0,0,0,0,0,0,1,0,28356,34092,55199,0,40,20,0
42279705830400,3955,4096,4096,16384,27460,512,512,1024,3917,4096,8192,8192,3104,4096,8192,16384,771,8192,8192,8192,28,2048,2048,4096,763,512,1024,1024,3111,1024,2048,2048,524,4096,4096,4096,11,1024,131072,262144,40110,1048576,2097152,2097152,41,1048576,1048576,1048576,41,524288,524288,524288,41,1024,2048,2048,41,64,65536,65536,41,256,512,1024,5146,256,512,1024,4912,256,512,1024,247140,256,512,1024,27936,128,512,512,4558,128,512,1024,6426,512,1024,2048,1494,256,512,1024,1215,256,512,1024,25470,128,512,1024,3429,128,512,1024,495,256,512,512,180,256,512,1024,252,256,1024,1024,99,1024,2048,2048,23,1024,1024,1024,25,64,64,128,48,64,128,128,21,16384,131072,131072,21,17.33,10.45,6.88,25,28,25,763,86,89,0,262144,262144,262144,262144,262144,25,65536,131072,131072,131072,131072,28,65536,131072,131072,131072,131072,24,65536,131072,262144,262144,262144,762,131072,131072,131072,131072,131072,86,65536,131072,131072,131072,131072,89,0,0,0,0,0,0,0,0,0,0,0,0,0,0,0,0,0,0,0,0,0,0,0,0,0,0,0,0,0,0,0,0,0,0,0,0,2,0,28762,33807,54658,0,41,21,0
42280723725600,3973,4096,4096,16384,28059,512,512,1024,3940,4096,8192,8192,3185,4096,8192,16384,784,8192,8192,8192,26,2048,2048,4096,785,512,1024,2048,3193,1024,2048,2048,501,4096,4096,4096,19,2048,131072,262144,40901,1048576,2097152,2097152,41,1048576,1048576,2097152,41,524288,524288,524288,41,1024,2048,2048,41,64,65536,131072,41,256,512,1024,5136,256,512,1024,4974,256,512,1024,252536,256,512,1024,28665,128,512,1024,4538,128,512,1024,6435,512,1024,2048,1386,256,512,1024,1431,256,512,1024,25263,256,512,1024,3024,128,512,1024,456,256,512,1024,324,256,512,512,234,256,1024,1024,171,2048,2048,2048,17,1024,1024,1024,18,64,64,64,35,64,64,64,20,16384,32768,32768,20,16.19,9.38,6.81,18,26,39,785,83,93,0,262144,262144,262144,262144,262144,18,65536,131072,131072,131072,131072,26,65536,131072,131072,131072,131072,40,65536,131072,131072,262144,262144,787,65536,131072,131072,131072,262144,83,65536,131072,131072,131072,262144,93,0,0,0,0,0,0,0,0,0,0,0,0,0,0,0,0,0,0,0,0,0,0,0,0,0,0,0,0,0,0,0,0,0,0,0,0,0,0,29222,34571,54289,0,41,20,0
42281744873100,3985,4096,4096,16384,28328,512,512,1024,3946,4096,8192,8192,3158,4096,8192,16384,778,8192,8192,8192,37,2048,2048,4096,860,512,1024,4096,3148,1024,2048,2048,539,4096,8192,8192,21,1024,131072,262144,41273,1048576,2097152,2097152,41,1048576,1048576,1048576,41,524288,524288,524288,41,1024,2048,2048,41,64,32768,65536,41,256,512,1024,5299,256,512,1024,5191,256,512,1024,254947,256,512,1024,28422,128,512,1024,4358,256,512,1024,6309,512,1024,1024,1431,256,512,1024,1422,256,512,1024,24939,128,512,1024,3213,128,512,1024,564,256,512,1024,261,256,512,1024,333,256,512,1024,189,1024,2048,2048,11,1024,1024,1024,12,64,64,64,23,64,64,128,21,128,32768,32768,21,17.33,10.12,7.21,12,37,49,860,101,91,0,262144,524288,524288,524288,1048576,12,65536,131072,131072,131072,131072,37,65536,131072,131072,131072,262144,49,65536,131072,262144,262144,524288,858,131072,131072,131072,131072,262144,101,65536,131072,131072,131072,131072,91,0,0,0,0,0,0,0,0,0,0,0,0,0,0,0,0,0,0,0,0,0,0,0,0,0,0,0,0,0,0,0,0,0,0,0,0,1,0,29376,35033,55182,0,41,21,0
42282758932700,3996,4096,4096,16384,28025,512,512,1024,3970,4096,8192,8192,3186,4096,8192,16384,828,8192,8192,8192,31,2048,2048,4096,795,512,1024,4096,3194,1024,2048,2048,569,4096,4096,8192,23,128,131072,262144,41038,1048576,2097152,2097152,40,1048576,1048576,1048576,40,524288,524288,524288,40,1024,1024,2048,40,64,131072,262144,40,256,512,1024,5003,256,512,1024,4904,256,512,1024,252225,256,512,1024,28678,128,512,1024,4608,256,512,1024,6957,512,1024,1024,1503,256,512,1024,1395,256,512,1024,25020,128,512,1024,3159,128,512,1024,450,256,512,1024,234,256,512,1024,279,256,512,1024,207,1024,2048,2048,12,1024,1024,1024,11,64,64,64,23,64,128,128,20,128,131072,131072,20,16.70,10.74,5.95,11,31,48,795,84,88,0,262144,262144,262144,262144,262144,11,65536,131072,131072,131072,262144,31,65536,131072,131072,131072,131072,48,65536,131072,131072,262144,262144,796,131072,131072,131072,131072,131072,84,65536,131072,131072,131072,131072,88,0,0,0,0,0,0,0,0,0,0,0,0,0,0,0,0,0,0,0,0,0,0,0,0,0,0,0,0,0,0,0,0,0,0,0,0,1,0,28194,34356,55203,292,40,20,0
42283779005500,3940,4096,4096,16384,28856,256,512,1024,3958,4096,8192,8192,3230,4096,16384,16384,842,8192,8192,8192,26,2048,2048,4096,833,512,1024,4096,3219,1024,2048,2048,548,4096,4096,4096,16,1024,131072,262144,41918,1048576,2097152,2097152,41,1048576,2097152,2097152,41,524288,524288,524288,41,1024,2048,2048,41,64,32768,131072,41,256,512,1024,5281,256,512,1024,5785,256,512,1024,259704,256,512,1024,29066,128,512,1024,4957,256,512,1024,6750,512,1024,1024,1353,256,512,1024,1515,256,512,1024,25398,256,512,1024,3222,128,512,1024,495,128,512,1024,369,256,512,1024,234,256,512,1024,144,1024,1024,1024,2,512,1024,1024,4,64,64,64,6,64,128,128,20,128,131072,131072,20,18.11,10.77,7.35,4,26,51,833,68,108,60,262144,262144,262144,262144,262144,4,65536,131072,262144,262144,262144,26,65536,131072,131072,131072,524288,51,65536,131072,262144,524288,4194304,833,131072,131072,131072,131072,131072,68,65536,131072,131072,131072,131072,108,131072,262144,262144,262144,262144,60,0,0,0,0,0,0,0,0,0,0,0,0,0,0,0,0,0,0,0,0,0,0,0,0,0,0,0,0,0,0,1,0,28927,34952,54167,0,41,20,0
42284796260600,3940,4096,8192,16384,27856,512,512,1024,3924,4096,8192,8192,3082,4096,8192,16384,740,8192,8192,8192,34,2048,2048,4096,746,512,1024,4096,3137,1024,2048,2048,547,4096,8192,8192,24,2048,131072,262144,40524,1048576,2097152,2097152,40,1048576,1048576,1048576,40,524288,524288,1048576,40,1024,2048,2048,40,128,65536,65536,40,256,512,1024,4882,256,1024,1024,4882,256,512,1024,250704,256,512,1024,27738,128,512,1024,4071,256,512,1024,6471,512,1024,2048,1473,256,512,1024,1392,256,512,1024,24768,256,512,1024,3285,256,512,1024,549,256,512,1024,288,256,512,1024,306,256,1024,1024,216,0,0,0,0,0,0,0,0,0,0,0,0,64,128,128,20,128,128,128,20,18.49,9.70,8.79,0,34,59,746,86,77,0,0,0,0,0,0,0,65536,131072,131072,131072,131072,34,65536,131072,131072,131072,131072,57,65536,131072,262144,524288,8388608,745,131072,131072,131072,131072,262144,86,65536,131072,131072,131072,131072,77,0,0,0,0,0,0,0,0,0,0,0,0,0,0,0,0,0,0,0,0,0,0,0,0,0,0,0,0,0,0,0,0,0,0,0,0,4,0,28714,33862,54266,0,40,20,0
42285816406100,3883,4096,8192,16384,28638,512,1024,1024,3900,4096,8192,8192,3204,8192,16384,16384,826,8192,16384,16384,40,2048,4096,4096,815,512,1024,4096,3174,1024,2048,2048,555,4096,8192,8192,14,8192,131072,524288,41660,2097152,2097152,2097152,42,1048576,1048576,1048576,42,524288,1048576,1048576,42,2048,2048,4096,42,64,65536,65536,42,256,1024,1024,5098,256,1024,1024,5611,256,1024,1024,257742,256,1024,1024,28836,256,512,1024,4918,256,1024,1024,6876,512,2048,2048,1530,256,1024,1024,1458,256,1024,1024,25245,256,1024,1024,3033,256,1024,1024,390,256,512,1024,297,256,1024,1024,360,256,1024,1024,126,2048,2048,2048,4,1024,1024,1024,3,64,64,64,7,64,128,128,21,128,512,16384,21,17.05,10.23,6.82,3,40,55,815,90,98,60,262144,262144,262144,262144,262144,3,65536,131072,131072,131072,131072,40,65536,131072,131072,131072,131072,57,65536,131072,262144,524288,1048576,817,131072,131072,524288,524288,524288,90,65536,131072,262144,262144,262144,98,262144,262144,524288,524288,524288,60,0,0,0,0,0,0,0,0,0,0,0,0,0,0,0,0,0,0,0,0,0,0,0,0,0,0,0,0,0,0,0,0,27651,35040,55015,0,42,21,0
42286832709900,3894,4096,8192,16384,27022,512,1024,1024,3857,4096,8192,16384,3058,8192,16384,32768,782,8192,16384,16384,31,2048,4096,4096,747,512,1024,4096,3061,2048,2048,16384,485,4096,8192,8192,18,8192,131072,262144,39464,2097152,2097152,2097152,40,1048576,2097152,2097152,40,1048576,1048576,1048576,40,2048,2048,4096,40,128,131072,262144,40,256,1024,2048,4850,256,1024,2048,4751,256,1024,2048,243198,256,1024,1024,27522,256,512,1024,4092,256,1024,1024,6444,512,2048,2048,1532,256,1024,2048,1505,256,1024,2048,23985,256,1024,1024,2916,256,1024,2048,564,256,512,1024,315,256,1024,1024,279,256,1024,2048,162,2048,2048,2048,12,1024,1024,1024,11,64,64,64,23,64,128,128,20,256,32768,32768,20,17.96,11.16,6.80,11,31,52,747,76,73,0,262144,524288,524288,524288,524288,11,65536,131072,131072,131072,131072,31,131072,262144,262144,262144,524288,52,131072,131072,262144,524288,524288,747,131072,262144,524288,524288,524288,76,65536,131072,262144,262144,262144,73,0,0,0,0,0,0,0,0,0,0,0,0,0,0,0,0,0,0,0,0,0,0,0,0,0,0,0,0,0,0,0,0,0,0,0,0,0,0,28532,34414,55294,0,40,20,0
42287848983700,3917,4096,8192,16384,27913,512,1024,1024,3884,4096,8192,16384,3120,8192,16384,32768,831,8192,16384,16384,36,2048,4096,4096,849,512,1024,4096,3179,2048,2048,2048,510,8192,8192,8192,24,16384,131072,262144,40777,2097152,2097152,2097152,41,1048576,2097152,2097152,41,1048576,1048576,1048576,41,2048,2048,2048,41,64,131072,131072,41,256,1024,2048,5366,256,1024,2048,5159,256,1024,2048,251217,256,1024,1024,28080,256,512,1024,4664,256,1024,1024,6714,512,2048,2048,1485,256,1024,2048,1341,256,1024,2048,25020,256,1024,2048,3069,256,1024,1024,536,256,512,1024,324,256,1024,1024,324,256,1024,1024,216,2048,2048,2048,23,1024,1024,1024,23,64,64,64,46,64,128,128,21,16384,32768,131072,21,19.10,11.41,7.69,23,36,43,849,103,79,0,262144,524288,524288,524288,524288,23,65536,131072,131072,131072,262144,36,131072,131072,262144,262144,262144,43,131072,131072,262144,524288,1048576,847,131072,262144,262144,262144,262144,103,131072,131072,262144,262144,262144,79,0,0,0,0,0,0,0,0,0,0,0,0,0,0,0,0,0,0,0,0,0,0,0,0,0,0,0,0,0,0,0,0,0,0,0,0,2,0,30746,36191,53933,0,41,21,0
42288864836900,3941,4096,8192,16384,27473,512,512,1024,3892,4096,8192,8192,3148,4096,8192,16384,791,8192,8192,8192,34,2048,4096,4096,767,512,1024,4096,3095,1024,2048,2048,501,4096,8192,8192,12,2048,131072,262144,40079,1048576,2097152,2097152,41,1048576,1048576,1048576,41,524288,524288,524288,41,1024,2048,2048,41,64,32768,65536,41,256,1024,1024,5161,256,1024,1024,4945,256,1024,1024,247257,256,512,1024,28332,128,512,1024,4660,256,512,1024,6498,512,1024,2048,1457,256,512,1024,1484,256,512,1024,25614,256,512,1024,3357,256,512,1024,665,256,512,1024,306,256,512,1024,306,256,1024,1024,108,2048,2048,2048,25,1024,1024,2048,24,64,64,64,49,64,128,128,20,16384,65536,65536,20,18.18,12.03,6.14,24,34,54,767,90,87,0,262144,262144,262144,262144,262144,24,65536,131072,131072,131072,131072,34,131072,131072,131072,131072,131072,53,65536,131072,131072,262144,262144,768,131072,131072,131072,131072,262144,90,65536,131072,131072,131072,131072,87,0,0,0,0,0,0,0,0,0,0,0,0,0,0,0,0,0,0,0,0,0,0,0,0,0,0,0,0,0,0,0,0,0,0,0,0,2,0,27906,34070,55088,227,41,20,0
42289883998900,3962,4096,8192,16384,28261,512,512,1024,3937,4096,8192,8192,3135,4096,16384,16384,838,8192,8192,16384,33,2048,4096,4096,797,512,1024,4096,3159,1024,2048,2048,529,4096,8192,8192,30,1024,131072,262144,41116,1048576,2097152,2097152,40,1048576,1048576,1048576,40,524288,524288,524288,40,2048,2048,2048,40,64,65536,65536,40,256,1024,1024,5190,256,1024,1024,5001,256,1024,1024,254349,256,512,1024,28215,128,512,1024,4941,256,512,1024,6768,512,1024,2048,1301,256,512,1024,1526,256,512,1024,24759,256,512,1024,2880,256,512,1024,546,128,512,1024,333,256,512,1024,297,256,1024,1024,270,1024,2048,2048,22,1024,1024,1024,21,64,64,64,43,64,128,128,20,16384,32768,32768,20,18.02,12.23,5.79,21,33,54,797,76,94,0,262144,262144,262144,262144,262144,21,65536,131072,131072,131072,131072,33,65536,131072,131072,131072,131072,55,65536,131072,131072,262144,262144,795,131072,131072,131072,131072,131072,76,65536,131072,131072,131072,131072,94,0,0,0,0,0,0,0,0,0,0,0,0,0,0,0,0,0,0,0,0,0,0,0,0,0,0,0,0,0,0,0,0,0,0,0,0,3,0,28996,33942,54749,145,40,20,2
42290907373100,3980,4096,8192,16384,28634,512,512,1024,3964,4096,8192,8192,3192,4096,8192,16384,821,8192,8192,16384,33,2048,4096,4096,834,512,1024,4096,3230,1024,2048,2048,564,4096,4096,4096,13,128,131072,262144,41731,1048576,2097152,2097152,41,1048576,1048576,1048576,41,524288,524288,1048576,41,1024,1024,2048,41,64,65536,131072,41,256,1024,1024,5426,256,1024,1024,5264,256,1024,1024,257706,256,512,1024,28728,128,512,1024,4854,256,512,1024,6813,512,1024,2048,1475,256,512,1024,1421,256,512,1024,26973,256,512,1024,3330,256,512,1024,420,128,512,1024,234,256,512,1024,297,256,1024,1024,117,2048,2048,2048,16,1024,1024,1024,18,64,64,64,34,64,128,128,21,16384,65536,131072,21,18.81,12.75,6.06,18,33,60,834,93,72,0,262144,262144,262144,262144,262144,18,65536,131072,131072,131072,131072,33,65536,131072,131072,131072,131072,60,65536,131072,131072,262144,524288,837,131072,131072,131072,131072,131072,93,65536,131072,131072,131072,262144,72,0,0,0,0,0,0,0,0,0,0,0,0,0,0,0,0,0,0,0,0,0,0,0,0,0,0,0,0,0,0,0,0,0,0,0,0,0,0,28442,32895,55124,328,41,21,15
42291929529100,3993,4096,8192,16384,28797,512,512,1024,4161,4096,8192,8192,3251,4096,8192,16384,797,8192,8192,8192,28,2048,2048,4096,805,512,1024,4096,3272,1024,2048,2048,585,4096,8192,8192,17,128,131072,262144,42130,1048576,2097152,2097152,41,1048576,1048576,1048576,41,524288,524288,524288,41,1024,1024,2048,41,128,32768,32768,41,256,512,1024,5456,256,512,1024,5339,256,512,1024,259173,256,512,1024,29259,128,512,1024,4915,256,512,1024,6606,512,1024,1024,1467,256,512,1024,1377,256,512,1024,25929,128,512,1024,3078,256,512,1024,474,256,512,1024,189,256,512,1024,252,256,1024,1024,153,1024,2048,2048,13,1024,1024,1024,13,64,64,64,26,64,128,128,20,128,16384,16384,20,17.58,14.01,3.57,13,28,43,805,87,87,0,262144,262144,262144,262144,262144,13,65536,131072,131072,131072,131072,28,65536,131072,131072,131072,131072,43,65536,131072,131072,262144,262144,803,65536,131072,131072,131072,262144,87,65536,131072,131072,131072,262144,87,0,0,0,0,0,0,0,0,0,0,0,0,0,0,0,0,0,0,0,0,0,0,0,0,0,0,0,0,0,0,0,0,0,0,0,0,2,0,29530,34518,54059,123,41,20,19
42292949454100,4000,4096,4096,16384,27921,512,512,1024,3838,4096,8192,8192,3173,4096,16384,16384,792,8192,8192,16384,23,2048,2048,4096,836,512,1024,2048,3121,1024,2048,2048,569,4096,4096,4096,15,256,131072,262144,40652,1048576,2097152,2097152,41,1048576,1048576,1048576,41,524288,524288,524288,41,1024,2048,2048,41,64,32768,65536,41,256,512,1024,5568,256,512,1024,5505,256,512,1024,251289,256,512,1024,28557,128,512,1024,4650,256,512,1024,6570,512,1024,1024,1296,256,512,1024,1431,128,512,1024,25479,128,512,1024,3123,128,512,512,465,256,512,1024,333,256,512,1024,207,256,512,1024,135,1024,1024,1024,5,1024,1024,1024,7,64,64,64,12,64,128,128,21,128,16384,16384,21,17.74,12.38,5.36,7,23,43,836,98,106,0,262144,262144,262144,262144,262144,7,65536,131072,131072,131072,131072,23,65536,131072,131072,131072,131072,43,65536,131072,131072,262144,262144,836,131072,131072,262144,262144,262144,98,65536,131072,131072,131072,131072,106,0,0,0,0,0,0,0,0,0,0,0,0,0,0,0,0,0,0,0,0,0,0,0,0,0,0,0,0,0,0,0,0,0,0,0,0,2,0,29783,34230,55664,36,41,21,19
42293968846200,3944,4096,4096,16384,28407,256,512,1024,4357,4096,8192,8192,3185,4096,8192,16384,800,8192,8192,8192,39,2048,2048,4096,738,512,1024,4096,3192,1024,2048,2048,528,4096,8192,8192,18,64,131072,262144,41746,1048576,2097152,2097152,41,1048576,1048576,1048576,41,524288,524288,524288,41,1024,1024,1024,41,128,32768,65536,41,256,512,1024,5059,256,512,1024,5563,256,512,1024,255663,256,512,1024,28665,128,512,1024,4544,256,512,1024,6939,512,1024,2048,1604,256,512,1024,1433,128,512,1024,26811,128,512,512,2979,128,512,1024,444,256,512,512,225,256,512,1024,351,256,1024,1024,162,0,0,0,0,0,0,0,0,0,0,0,0,64,128,128,20,128,128,128,20,16.61,12.52,4.09,0,39,51,738,95,85,56,0,0,0,0,0,0,65536,131072,131072,131072,131072,39,65536,131072,131072,131072,131072,51,65536,131072,131072,262144,262144,740,131072,131072,131072,131072,131072,95,65536,131072,131072,131072,131072,85,262144,262144,262144,262144,262144,56,0,0,0,0,0,0,0,0,0,0,0,0,0,0,0,0,0,0,0,0,0,0,0,0,0,0,0,0,0,0,0,0,28646,33778,54629,318,41,20,21
42294991258600,3944,4096,8192,16384,27848,512,512,1024,4018,4096,8192,8192,3100,4096,8192,16384,796,8192,8192,8192,33,2048,2048,4096,825,512,1024,4096,3110,1024,2048,2048,494,4096,8192,8192,22,64,131072,262144,40668,1048576,2097152,2097152,41,1048576,1048576,1048576,41,524288,524288,524288,41,1024,2048,2048,41,64,128,8192,41,256,512,1024,5417,256,512,1024,5417,256,512,1024,250641,256,512,1024,27900,128,512,1024,4315,256,512,1024,6867,512,1024,1024,1502,256,512,1024,1538,256,512,1024,25740,128,512,1024,3483,128,512,1024,492,128,512,1024,315,256,512,512,297,256,1024,1024,198,0,0,0,0,0,0,0,0,0,0,0,0,64,128,128,21,128,128,128,21,19.37,13.51,5.86,0,33,55,825,98,80,0,0,0,0,0,0,0,65536,131072,131072,131072,131072,33,65536,131072,131072,131072,262144,55,65536,131072,131072,262144,524288,820,131072,131072,131072,131072,262144,98,65536,131072,131072,131072,131072,80,0,0,0,0,0,0,0,0,0,0,0,0,0,0,0,0,0,0,0,0,0,0,0,0,0,0,0,0,0,0,0,0,0,0,0,0,5,0,29474,32419,52271,506,41,21,26
42296009770800,3903,4096,4096,16384,27381,256,512,1024,3978,4096,8192,8192,3097,4096,8192,16384,721,8192,8192,16384,28,2048,2048,4096,797,512,1024,4096,3101,1024,2048,2048,514,4096,4096,4096,14,64,65536,262144,40038,1048576,2097152,2097152,40,1048576,1048576,1048576,40,524288,524288,524288,40,1024,1024,1024,40,64,32768,32768,40,256,512,1024,5120,256,512,1024,5489,256,512,1024,246420,256,512,1024,27873,128,512,1024,4354,256,512,1024,5958,512,1024,1024,1281,256,512,1024,1245,128,512,1024,24498,128,512,512,2655,128,512,512,465,128,512,512,261,256,512,1024,252,256,512,1024,126,0,0,0,0,0,0,0,0,0,0,0,0,64,128,128,20,128,256,256,20,17.50,12.65,4.85,0,28,53,797,83,104,41,0,0,0,0,0,0,65536,131072,131072,131072,131072,28,65536,131072,131072,131072,131072,53,65536,131072,131072,131072,131072,800,131072,131072,131072,131072,131072,83,65536,131072,131072,131072,131072,104,262144,262144,262144,262144,262144,41,0,0,0,0,0,0,0,0,0,0,0,0,0,0,0,0,0,0,0,0,0,0,0,0,0,0,0,0,0,0,2,0,29070,31125,54409,764,40,20,61
42297030725600,3908,4096,4096,16384,27728,512,512,1024,4045,4096,8192,8192,3162,4096,8192,16384,805,8192,8192,8192,38,2048,4096,4096,790,512,1024,4096,3119,1024,2048,2048,521,4096,4096,4096,20,64,131072,262144,40665,1048576,2097152,2097152,41,1048576,1048576,1048576,41,524288,524288,524288,41,1024,2048,2048,41,64,8192,65536,41,256,512,1024,5025,256,512,1024,4980,256,512,1024,249552,256,512,1024,28458,128,512,1024,4622,128,512,1024,7209,512,1024,1024,1496,256,512,1024,1487,128,512,1024,25173,128,512,1024,3150,128,512,1024,642,128,512,1024,342,256,512,1024,342,256,512,1024,180,1024,2048,2048,7,512,1024,1024,5,0,64,64,12,64,128,128,20,128,16384,16384,20,17.35,13.52,3.83,5,38,61,790,96,80,0,262144,262144,262144,262144,262144,5,65536,131072,131072,131072,131072,38,65536,131072,131072,131072,131072,61,65536,131072,131072,131072,262144,792,65536,131072,131072,131072,131072,96,65536,131072,131072,131072,131072,80,0,0,0,0,0,0,0,0,0,0,0,0,0,0,0,0,0,0,0,0,0,0,0,0,0,0,0,0,0,0,0,0,0,0,0,0,0,0,29068,32200,51510,351,41,20,159
42298052257500,3920,4096,4096,16384,28581,256,512,1024,4146,4096,8192,8192,3176,4096,8192,16384,864,8192,8192,8192,30,2048,2048,4096,808,512,1024,4096,3211,1024,2048,2048,553,4096,4096,4096,7,64,65536,262144,41822,1048576,2097152,2097152,41,1048576,1048576,1048576,41,524288,524288,524288,41,1024,2048,2048,41,64,32768,65536,41,256,512,1024,5552,256,512,1024,5444,256,512,1024,257229,128,512,1024,28584,128,512,512,4877,128,512,1024,7173,512,1024,1024,1416,256,512,1024,1443,128,512,1024,24615,128,512,1024,2862,128,512,1024,531,128,512,512,297,256,512,1024,270,256,512,1024,63,2048,2048,2048,10,1024,1024,1024,12,64,64,64,22,64,64,128,21,128,16384,16384,21,16.20,12.37,3.83,12,30,50,808,90,86,0,262144,262144,262144,262144,262144,12,65536,131072,131072,131072,131072,30,65536,131072,131072,131072,131072,50,65536,131072,131072,131072,262144,808,131072,131072,131072,131072,131072,90,65536,131072,131072,131072,131072,86,0,0,0,0,0,0,0,0,0,0,0,0,0,0,0,0,0,0,0,0,0,0,0,0,0,0,0,0,0,0,0,0,0,0,0,0,0,0,28998,32755,55042,458,41,21,244
42299072641800,3930,4096,4096,16384,27502,512,512,1024,3996,4096,8192,8192,3075,4096,8192,16384,731,8192,8192,8192,37,2048,2048,4096,768,512,1024,4096,3106,1024,2048,2048,535,4096,4096,4096,18,64,65536,262144,40220,1048576,2097152,2097152,41,1048576,1048576,1048576,41,524288,524288,524288,41,1024,1024,2048,41,64,32768,131072,41,256,512,1024,5349,256,512,1024,5259,256,512,1024,247518,256,512,1024,27675,128,512,512,3798,128,512,1024,6642,512,1024,1024,1385,256,512,1024,1277,128,512,1024,26433,128,512,1024,2943,128,512,1024,495,128,512,512,252,256,512,512,333,256,512,1024,162,1024,2048,2048,14,1024,1024,1024,11,64,64,64,25,64,128,128,20,128,32768,32768,20,15.83,12.25,3.57,11,37,60,768,87,89,0,262144,262144,262144,262144,262144,11,65536,131072,131072,131072,131072,37,65536,131072,131072,131072,131072,60,65536,131072,131072,262144,262144,768,131072,131072,131072,131072,262144,87,65536,131072,131072,131072,131072,89,0,0,0,0,0,0,0,0,0,0,0,0,0,0,0,0,0,0,0,0,0,0,0,0,0,0,0,0,0,0,0,0,0,0,0,0,0,0,30073,34127,54135,168,41,20,253
42300092588000,3950,4096,4096,16384,27587,512,512,1024,3893,4096,8192,8192,3151,4096,8192,16384,763,8192,8192,8192,34,2048,2048,4096,795,512,1024,4096,3136,1024,2048,2048,552,4096,4096,4096,18,256,131072,262144,40284,1048576,2097152,2097152,41,1048576,1048576,1048576,41,524288,524288,524288,41,1024,2048,2048,41,64,32768,65536,41,256,512,1024,5431,256,512,1024,5251,256,512,1024,248283,256,512,1024,28359,128,512,1024,4289,256,512,1024,6561,512,1024,2048,1584,256,512,1024,1503,256,512,1024,25011,128,512,1024,3438,128,512,512,546,128,512,512,351,256,512,1024,306,256,512,1024,162,1024,2048,2048,17,1024,1024,1024,19,64,64,64,36,64,128,128,21,16384,16384,32768,21,16.34,12.38,3.96,19,34,41,795,74,103,0,262144,262144,262144,262144,262144,19,65536,131072,131072,131072,262144,34,65536,131072,131072,131072,131072,41,65536,131072,131072,262144,262144,789,131072,131072,262144,262144,524288,74,65536,131072,131072,131072,131072,103,0,0,0,0,0,0,0,0,0,0,0,0,0,0,0,0,0,0,0,0,0,0,0,0,0,0,0,0,0,0,0,0,0,0,0,0,6,0,29199,33364,51448,366,41,21,254
42301113496600,3966,4096,4096,16384,28283,512,512,1024,4130,4096,8192,8192,3146,4096,8192,16384,834,8192,8192,8192,38,2048,4096,4096,840,512,1024,4096,3157,1024,2048,2048,575,4096,8192,8192,12,512,131072,262144,41465,1048576,2097152,2097152,41,1048576,1048576,1048576,41,524288,524288,1048576,41,1024,2048,2048,41,64,32768,65536,41,256,512,1024,5138,256,512,1024,4994,256,512,1024,254553,256,512,1024,28314,128,512,1024,4794,128,512,1024,7146,512,1024,1024,1518,256,512,1024,1428,128,512,1024,26514,128,512,1024,3150,256,512,1024,483,128,512,1024,288,256,512,1024,342,256,1024,1024,108,1024,2048,2048,18,1024,1024,1024,17,64,64,64,35,64,128,128,20,16384,32768,32768,20,18.11,12.75,5.36,17,38,43,840,97,82,0,262144,262144,262144,262144,262144,16,65536,131072,131072,131072,131072,38,65536,131072,131072,131072,131072,43,65536,131072,131072,262144,4194304,841,131072,131072,131072,131072,262144,96,65536,131072,262144,262144,262144,81,0,0,0,0,0,0,0,0,0,0,0,0,0,0,0,0,0,0,0,0,0,0,0,0,0,0,0,0,0,0,0,0,0,0,0,0,7,0,29451,34946,56516,83,41,20,254
42302133451000,3989,4096,8192,16384,28244,512,512,1024,4105,4096,8192,8192,3197,4096,16384,16384,840,8192,8192,16384,33,2048,2048,4096,799,512,1024,4096,3230,1024,2048,2048,509,4096,4096,4096,14,2048,131072,262144,41348,1048576,2097152,2097152,40,1048576,1048576,1048576,40,524288,524288,524288,40,1024,2048,2048,40,64,65536,131072,40,256,512,1024,5221,256,512,1024,5014,256,512,1024,254190,256,512,1024,28773,128,512,1024,4768,256,512,1024,7038,512,1024,2048,1155,256,512,1024,1380,256,512,1024,26424,128,512,1024,3168,128,512,512,471,128,512,512,351,256,512,1024,297,256,1024,1024,126,1024,2048,2048,22,1024,1024,1024,24,64,64,128,46,64,128,128,20,16384,32768,32768,20,20.94,13.79,7.15,24,33,44,799,93,81,0,262144,262144,262144,262144,262144,25,65536,131072,131072,131072,131072,33,65536,131072,131072,131072,131072,44,65536,131072,131072,131072,262144,803,131072,131072,131072,131072,262144,94,65536,131072,131072,131072,131072,82,0,0,0,0,0,0,0,0,0,0,0,0,0,0,0,0,0,0,0,0,0,0,0,0,0,0,0,0,0,0,0,0,0,0,0,0,1,0,29069,34700,53576,0,40,20,254
42303155134300,4012,4096,4096,16384,28804,256,512,1024,4059,4096,8192,8192,3197,4096,8192,16384,779,8192,8192,8192,33,2048,2048,4096,784,512,1024,2048,3239,1024,2048,2048,523,4096,4096,4096,14,1024,131072,262144,41789,1048576,2097152,2097152,41,1048576,1048576,1048576,41,524288,524288,524288,41,1024,2048,2048,41,64,65536,65536,41,256,512,1024,5630,256,512,1024,5423,256,512,1024,259236,256,512,1024,28773,128,512,1024,4571,256,512,1024,6912,512,1024,2048,1617,256,512,1024,1545,256,512,1024,27072,128,512,1024,3249,128,512,512,413,128,512,1024,297,256,512,1024,297,256,512,1024,126,1024,2048,2048,23,1024,1024,1024,21,64,64,128,44,64,128,128,21,16384,32768,32768,21,18.34,13.63,4.71,21,33,48,784,105,100,0,262144,262144,262144,262144,262144,21,65536,131072,131072,131072,131072,33,65536,131072,131072,131072,131072,47,65536,131072,131072,524288,2097152,785,131072,131072,131072,131072,131072,105,65536,131072,131072,131072,131072,100,0,0,0,0,0,0,0,0,0,0,0,0,0,0,0,0,0,0,0,0,0,0,0,0,0,0,0,0,0,0,0,0,0,0,0,0,1,0,28894,35125,54721,389,41,21,254
42304175681700,3964,4096,4096,16384,28146,512,512,1024,3979,4096,8192,8192,3200,4096,16384,16384,850,8192,8192,16384,44,2048,2048,4096,829,512,1024,4096,3155,1024,2048,2048,531,4096,4096,4096,13,512,131072,262144,41175,1048576,2097152,2097152,41,1048576,1048576,1048576,41,524288,524288,524288,41,2048,2048,2048,41,64,65536,65536,41,256,512,1024,4724,256,512,1024,5156,256,512,1024,253323,256,512,1024,28800,128,512,512,4696,256,512,1024,7020,512,1024,1024,1385,256,512,1024,1574,128,512,1024,24624,128,512,1024,3474,128,512,512,593,128,512,1024,405,256,512,1024,396,256,512,1024,117,2048,2048,2048,9,1024,1024,1024,11,64,64,64,20,64,128,128,20,128,32768,32768,20,18.39,12.39,6.00,11,44,41,829,88,96,59,262144,262144,262144,262144,524288,11,65536,131072,131072,131072,131072,44,65536,131072,131072,131072,131072,42,65536,131072,131072,524288,4194304,826,131072,131072,262144,262144,262144,88,65536,131072,262144,262144,262144,96,131072,262144,262144,262144,262144,59,0,0,0,0,0,0,0,0,0,0,0,0,0,0,0,0,0,0,0,0,0,0,0,0,0,0,0,0,0,0,3,0,29385,35170,55304,11,41,20,254
42305197305400,3964,4096,4096,16384,27687,512,512,1024,3854,4096,8192,8192,3111,4096,16384,16384,809,8192,8192,16384,41,2048,2048,4096,783,512,1024,2048,3067,1024,2048,2048,510,4096,4096,4096,6,512,131072,262144,40357,1048576,2097152,2097152,41,1048576,1048576,1048576,41,524288,524288,524288,41,1024,2048,2048,41,64,65536,65536,41,256,512,1024,5149,256,512,1024,5149,256,512,1024,249174,256,512,1024,27999,128,512,512,4662,256,512,1024,7011,512,1024,1024,1482,256,512,1024,1500,128,512,1024,26658,128,512,512,2898,128,512,1024,546,128,512,512,351,256,512,1024,369,256,512,1024,54,0,0,0,0,0,0,0,0,0,0,0,0,64,128,128,21,128,256,256,21,16.19,11.99,4.21,0,41,29,783,99,72,0,0,0,0,0,0,0,65536,131072,131072,131072,131072,41,131072,131072,131072,131072,262144,29,65536,131072,131072,262144,262144,783,131072,131072,131072,131072,262144,99,65536,131072,131072,131072,131072,72,0,0,0,0,0,0,0,0,0,0,0,0,0,0,0,0,0,0,0,0,0,0,0,0,0,0,0,0,0,0,0,0,0,0,0,0,3,0,30313,34614,53983,19,41,21,254
42306217483500,3909,4096,4096,16384,28158,512,512,1024,4111,4096,8192,8192,3169,4096,16384,16384,814,8192,8192,8192,31,2048,2048,8192,796,512,1024,1024,3226,1024,2048,2048,580,4096,8192,8192,18,512,131072,262144,41291,1048576,1048576,2097152,41,1048576,1048576,1048576,41,524288,524288,524288,41,1024,2048,2048,41,64,65536,131072,41,256,512,1024,4922,256,512,1024,5417,256,512,1024,253422,256,512,1024,28521,128,512,1024,4903,256,512,1024,6705,512,1024,1024,1278,256,512,1024,1395,128,512,1024,25056,128,512,1024,2970,128,512,1024,549,256,512,512,306,256,512,1024,279,256,1024,1024,162,1024,2048,2048,7,512,1024,1024,5,64,64,64,12,64,128,128,20,128,16384,16384,20,17.60,12.62,4.97,5,31,24,796,96,102,60,262144,262144,262144,262144,262144,5,131072,131072,131072,131072,131072,30,65536,131072,131072,131072,131072,24,65536,131072,131072,262144,262144,789,131072,131072,131072,131072,262144,96,65536,131072,131072,131072,131072,102,131072,262144,262144,262144,262144,60,0,0,0,0,0,0,0,0,0,0,0,0,0,0,0,0,0,0,0,0,0,0,0,0,0,0,0,0,0,0,10,0,29962,35033,53811,0,41,20,254
42307238750200,3921,4096,4096,16384,28226,512,512,1024,3955,4096,8192,16384,3131,4096,8192,16384,750,8192,8192,8192,26,2048,2048,4096,788,512,1024,1024,3157,1024,2048,2048,526,4096,8192,8192,19,2048,131072,262144,40952,1048576,2097152,2097152,41,1048576,1048576,1048576,41,524288,524288,524288,41,1024,1024,1024,41,64,32768,65536,41,256,512,1024,5055,256,512,1024,4947,256,512,1024,254034,256,512,1024,28179,128,512,512,4345,256,512,1024,6588,512,1024,2048,1404,256,512,1024,1314,256,512,1024,25884,256,512,1024,2997,128,512,512,438,128,512,512,207,256,512,1024,234,256,512,1024,171,1024,2048,2048,12,1024,1024,1024,12,64,64,64,24,64,64,64,21,256,16384,16384,21,18.24,12.25,6.00,12,26,23,788,80,101,0,262144,262144,262144,262144,262144,12,65536,131072,131072,131072,131072,27,65536,131072,131072,131072,131072,23,65536,131072,131072,262144,262144,796,65536,131072,131072,131072,131072,80,65536,131072,131072,131072,131072,101,0,0,0,0,0,0,0,0,0,0,0,0,0,0,0,0,0,0,0,0,0,0,0,0,0,0,0,0,0,0,0,0,0,0,0,0,1,0,29936,35181,54521,0,41,21,254
42308259822900,3946,4096,8192,16384,27459,512,512,1024,3812,4096,8192,8192,3118,4096,8192,16384,843,8192,16384,16384,39,2048,2048,4096,813,512,1024,2048,3091,1024,2048,2048,550,4096,4096,4096,18,1024,131072,262144,40157,1048576,2097152,2097152,40,1048576,1048576,1048576,40,524288,524288,524288,40,1024,2048,2048,40,64,32768,65536,40,256,512,1024,5314,256,512,1024,5089,256,512,1024,247131,256,512,1024,28062,128,512,1024,4833,256,512,1024,6975,512,1024,1024,1403,256,512,1024,1349,128,512,1024,24804,128,512,1024,2988,128,512,1024,627,128,512,512,324,256,512,1024,351,256,512,512,162,1024,2048,2048,24,1024,1024,1024,25,64,64,64,49,64,128,128,20,16384,32768,32768,20,16.84,13.14,3.70,25,39,23,813,107,93,0,262144,262144,262144,262144,524288,25,65536,131072,131072,131072,131072,39,65536,131072,131072,131072,131072,23,65536,131072,131072,262144,262144,813,65536,131072,131072,131072,262144,107,65536,131072,131072,131072,131072,93,0,0,0,0,0,0,0,0,0,0,0,0,0,0,0,0,0,0,0,0,0,0,0,0,0,0,0,0,0,0,0,0,0,0,0,0,2,0,30325,35115,53725,0,40,20,254
42309279791500,3968,4096,8192,16384,27705,512,512,1024,3950,4096,8192,8192,3124,4096,16384,16384,790,8192,8192,8192,35,2048,4096,4096,809,512,1024,1024,3158,1024,2048,2048,518,4096,4096,4096,19,1024,131072,262144,40592,1048576,2097152,2097152,41,1048576,1048576,1048576,41,524288,524288,524288,41,1024,2048,2048,41,64,128,65536,41,256,512,1024,5490,256,512,1024,5292,256,512,1024,249345,256,512,1024,28116,128,512,512,4392,256,512,1024,7083,512,1024,1024,1305,256,512,1024,1422,128,512,1024,25686,128,512,512,3312,128,512,512,534,256,512,1024,315,256,512,1024,315,256,512,1024,171,1024,2048,2048,24,1024,1024,1024,22,64,64,64,46,64,128,128,20,16384,32768,32768,20,18.25,13.27,4.98,22,35,24,809,94,87,0,262144,262144,262144,262144,262144,22,65536,131072,131072,131072,131072,35,65536,131072,131072,131072,131072,24,65536,131072,131072,262144,262144,811,131072,131072,131072,131072,262144,94,65536,131072,131072,131072,131072,87,0,0,0,0,0,0,0,0,0,0,0,0,0,0,0,0,0,0,0,0,0,0,0,0,0,0,0,0,0,0,0,0,0,0,0,0,0,0,29390,34242,53371,0,41,20,254
42310300718100,3989,4096,8192,16384,28507,512,512,1024,4032,4096,8192,16384,3205,4096,16384,32768,752,8192,8192,8192,33,2048,2048,4096,792,512,1024,2048,3193,1024,2048,2048,530,4096,4096,8192,21,512,131072,262144,41526,1048576,2097152,2097152,41,1048576,1048576,1048576,41,524288,524288,524288,41,1024,2048,2048,41,64,4096,32768,41,256,512,1024,5430,256,512,1024,5241,256,512,1024,256563,256,512,1024,28845,128,512,1024,4422,256,512,1024,6669,512,1024,2048,1436,256,512,1024,1427,128,512,1024,25623,128,512,1024,3249,128,512,512,609,128,512,512,297,256,512,1024,297,256,512,1024,189,1024,2048,2048,21,1024,1024,1024,22,64,64,64,43,64,64,64,21,16384,32768,32768,21,18.63,13.65,4.98,22,33,26,792,99,90,0,262144,262144,262144,262144,262144,22,65536,131072,131072,131072,131072,33,65536,131072,131072,131072,131072,25,65536,131072,131072,2097152,8388608,791,131072,131072,131072,131072,131072,99,65536,131072,262144,262144,262144,90,0,0,0,0,0,0,0,0,0,0,0,0,0,0,0,0,0,0,0,0,0,0,0,0,0,0,0,0,0,0,0,0,0,0,0,0,1,0,28827,35047,55412,0,41,21,254
42311319724800,4007,4096,8192,16384,28234,512,512,1024,3989,4096,8192,8192,3188,4096,16384,32768,777,8192,8192,8192,32,2048,2048,4096,799,512,1024,2048,3185,1024,2048,2048,525,4096,4096,4096,23,1024,131072,262144,41181,1048576,2097152,2097152,41,1048576,1048576,1048576,41,524288,524288,524288,41,1024,2048,2048,41,64,32768,65536,41,256,512,1024,5599,256,512,1024,5437,256,512,1024,254106,256,512,1024,28692,128,512,1024,4557,256,512,1024,6498,512,1024,2048,1419,256,512,1024,1500,128,512,1024,26622,128,512,1024,2988,128,512,512,609,128,512,1024,360,256,512,1024,288,256,512,1024,207,2048,2048,2048,17,1024,1024,1024,17,64,64,64,34,64,64,64,20,16384,32768,32768,20,16.73,12.26,4.47,17,32,27,799,93,91,0,262144,262144,262144,262144,262144,17,65536,131072,131072,131072,262144,32,65536,131072,131072,131072,262144,28,65536,131072,131072,524288,4194304,793,131072,131072,262144,262144,262144,93,65536,131072,131072,131072,131072,91,0,0,0,0,0,0,0,0,0,0,0,0,0,0,0,0,0,0,0,0,0,0,0,0,0,0,0,0,0,0,0,0,0,0,0,0,7,0,30173,35040,54280,0,41,20,254
42312342962000,4019,4096,8192,16384,28290,512,512,1024,3982,4096,8192,16384,3176,4096,16384,16384,833,8192,8192,8192,40,2048,2048,4096,793,512,1024,1024,3196,1024,2048,2048,558,4096,4096,4096,14,1024,131072,262144,41370,1048576,2097152,2097152,41,1048576,1048576,1048576,41,524288,524288,524288,41,1024,2048,2048,41,64,65536,65536,41,256,512,1024,5482,256,512,1024,5374,256,512,1024,254610,256,512,1024,28584,128,512,1024,4760,256,512,1024,7524,512,1024,1024,1419,256,512,1024,1455,128,512,1024,26010,128,512,1024,3276,256,512,1024,489,128,512,1024,369,256,512,1024,360,256,512,1024,126,2048,2048,2048,11,1024,1024,1024,12,64,64,64,23,64,128,128,21,16384,16384,16384,21,16.94,12.99,3.95,12,40,22,793,95,102,0,262144,262144,262144,262144,262144,12,65536,131072,131072,131072,131072,39,65536,131072,131072,131072,131072,22,65536,131072,131072,262144,262144,799,131072,131072,131072,131072,262144,95,65536,131072,131072,131072,131072,102,0,0,0,0,0,0,0,0,0,0,0,0,0,0,0,0,0,0,0,0,0,0,0,0,0,0,0,0,0,0,0,0,0,0,0,0,2,0,29763,35148,53827,0,41,21,254
42313363808900,4019,4096,4096,16384,28217,512,512,1024,4040,4096,8192,16384,3201,4096,8192,16384,832,8192,8192,8192,36,2048,2048,4096,825,512,1024,1024,3210,1024,2048,2048,558,4096,4096,4096,26,1024,131072,262144,41340,1048576,2097152,2097152,41,1048576,1048576,1048576,41,524288,524288,1048576,41,1024,2048,2048,41,64,8192,32768,41,256,512,1024,4981,256,512,1024,4981,256,512,1024,253953,256,512,1024,28809,128,512,512,4680,256,512,1024,7587,512,1024,2048,1533,256,512,1024,1533,128,512,1024,25974,128,512,1024,3078,128,512,512,558,128,512,512,297,256,512,1024,324,256,512,1024,234,1024,1024,1024,3,1024,1024,1024,4,64,64,64,7,64,64,64,20,128,16384,16384,20,18.21,13.63,4.59,4,36,11,825,102,116,4,262144,262144,262144,262144,262144,4,65536,131072,131072,131072,131072,37,65536,131072,131072,131072,131072,11,65536,131072,131072,262144,262144,824,131072,131072,131072,262144,262144,102,65536,131072,131072,131072,131072,116,131072,262144,262144,262144,262144,4,0,0,0,0,0,0,0,0,0,0,0,0,0,0,0,0,0,0,0,0,0,0,0,0,0,0,0,0,0,0,2,0,29945,35205,54691,0,41,20,254
42314382987900,3946,4096,4096,16384,28216,512,512,1024,3987,4096,8192,8192,3149,4096,8192,16384,774,8192,8192,32768,35,2048,2048,4096,831,512,1024,1024,3165,1024,2048,2048,537,4096,4096,4096,11,512,131072,262144,41142,1048576,2097152,2097152,40,1048576,1048576,1048576,40,524288,524288,524288,40,1024,2048,2048,40,64,32768,32768,40,256,512,1024,5619,256,512,1024,6276,256,512,1024,253945,256,512,1024,28341,128,512,512,4478,256,512,1024,6921,512,1024,1024,1404,256,512,1024,1341,128,512,1024,24768,128,512,512,3123,128,512,512,473,128,512,512,279,256,512,512,315,256,512,1024,99,0,0,0,0,0,0,0,0,0,0,0,0,64,128,128,20,128,256,256,20,17.13,12.40,4.73,0,35,16,831,93,101,73,0,0,0,0,0,0,65536,131072,131072,131072,131072,35,65536,131072,131072,131072,131072,16,65536,131072,131072,262144,262144,830,131072,131072,131072,131072,262144,93,65536,131072,131072,131072,262144,101,131072,262144,262144,262144,262144,73,0,0,0,0,0,0,0,0,0,0,0,0,0,0,0,0,0,0,0,0,0,0,0,0,0,0,0,0,0,0,3,0,29368,34706,55342,0,40,20,254
42315401931100,3880,4096,4096,16384,28274,512,512,1024,3944,4096,8192,8192,3149,4096,8192,16384,762,8192,8192,8192,26,2048,2048,4096,793,512,1024,1024,3170,1024,2048,2048,546,4096,8192,8192,16,512,131072,262144,41074,1048576,2097152,2097152,41,1048576,1048576,1048576,41,524288,524288,524288,41,1024,2048,2048,41,64,16384,65536,41,256,512,1024,4979,256,512,1024,5573,256,512,1024,254465,128,512,1024,28341,128,512,512,4139,256,512,1024,7074,512,1024,2048,1593,256,512,1024,1386,128,512,1024,25110,128,512,512,3105,128,512,1024,562,128,512,512,198,256,512,512,234,256,512,1024,144,0,0,0,0,0,0,0,0,0,0,0,0,64,64,64,21,128,128,128,21,16.61,12.39,4.22,0,26,11,793,93,98,66,0,0,0,0,0,0,65536,131072,131072,131072,131072,26,65536,131072,131072,131072,131072,11,65536,131072,131072,262144,262144,788,65536,131072,131072,131072,131072,93,65536,131072,131072,131072,131072,98,131072,262144,262144,262144,262144,66,0,0,0,0,0,0,0,0,0,0,0,0,0,0,0,0,0,0,0,0,0,0,0,0,0,0,0,0,0,0,7,0,28291,34533,55185,0,41,21,254
42316425185900,3886,4096,4096,16384,27825,512,512,1024,3885,4096,8192,8192,3158,4096,8192,16384,855,8192,8192,8192,30,2048,2048,4096,794,512,1024,1024,3167,1024,2048,2048,510,4096,8192,8192,22,1024,131072,262144,40660,1048576,1048576,1048576,41,1048576,1048576,1048576,41,524288,524288,524288,41,1024,2048,2048,41,64,16384,32768,41,256,512,1024,5093,256,512,1024,5039,256,512,1024,250425,128,512,1024,28422,128,512,1024,5001,128,512,1024,7389,512,1024,1024,1461,256,512,1024,1524,128,512,1024,24084,128,512,512,3096,128,512,1024,738,256,512,1024,360,256,512,1024,270,256,512,1024,198,2048,2048,2048,9,512,1024,1024,6,64,64,64,15,64,128,128,20,128,16384,16384,20,18.70,13.36,5.34,6,30,12,794,95,92,0,262144,262144,262144,262144,262144,6,65536,131072,131072,131072,131072,30,65536,131072,131072,131072,131072,12,65536,131072,262144,524288,524288,802,131072,131072,131072,131072,262144,95,65536,131072,131072,131072,131072,92,0,0,0,0,0,0,0,0,0,0,0,0,0,0,0,0,0,0,0,0,0,0,0,0,0,0,0,0,0,0,0,0,0,0,0,0,0,0,28699,34345,54001,0,41,20,254
42317442985700,3898,4096,8192,16384,28184,512,512,1024,3917,4096,8192,8192,3102,4096,8192,16384,799,8192,8192,8192,35,2048,2048,4096,793,512,1024,1024,3116,1024,2048,2048,508,4096,4096,4096,12,2048,131072,262144,40874,1048576,2097152,2097152,41,1048576,1048576,1048576,41,524288,524288,1048576,41,1024,2048,2048,41,64,32768,65536,41,256,512,1024,5435,256,512,1024,5327,256,512,1024,253656,256,512,1024,27918,128,512,1024,4651,256,512,1024,6894,512,1024,2048,1479,256,512,1024,1416,256,512,1024,25227,256,512,1024,3060,128,512,1024,550,128,512,1024,279,256,512,1024,315,256,512,1024,108,1024,2048,2048,10,512,1024,1024,12,64,64,64,22,64,64,64,21,256,16384,32768,21,18.05,12.93,5.12,12,35,5,793,89,104,0,262144,262144,262144,262144,524288,12,65536,131072,131072,131072,131072,35,65536,131072,131072,131072,131072,5,65536,131072,262144,524288,1048576,790,131072,131072,262144,262144,262144,89,65536,131072,131072,131072,262144,104,0,0,0,0,0,0,0,0,0,0,0,0,0,0,0,0,0,0,0,0,0,0,0,0,0,0,0,0,0,0,0,0,0,0,0,0,2,0,27985,34568,53524,0,41,21,254
42318465973600,3921,4096,8192,16384,27350,512,512,1024,3918,4096,8192,8192,3127,4096,8192,16384,778,8192,8192,8192,29,2048,2048,4096,794,512,1024,1024,3141,1024,2048,2048,525,4096,8192,8192,23,1024,131072,262144,40031,1048576,2097152,2097152,41,1048576,1048576,1048576,41,524288,524288,524288,41,1024,2048,2048,41,64,65536,131072,41,256,512,1024,5434,256,512,1024,5227,256,512,1024,246150,256,512,1024,28143,128,512,512,4280,256,512,1024,6714,512,1024,2048,1368,256,512,1024,1422,128,512,1024,25659,128,512,1024,3105,128,512,1024,530,128,512,1024,279,256,512,1024,261,256,1024,1024,207,1024,2048,2048,25,1024,1024,1024,23,64,64,128,48,64,128,128,20,16384,32768,32768,20,17.04,12.46,4.58,23,29,8,794,94,83,0,262144,262144,524288,524288,524288,23,65536,131072,131072,131072,131072,29,65536,131072,131072,131072,131072,8,65536,131072,262144,524288,524288,797,131072,131072,131072,131072,131072,94,65536,131072,131072,131072,131072,83,0,0,0,0,0,0,0,0,0,0,0,0,0,0,0,0,0,0,0,0,0,0,0,0,0,0,0,0,0,0,0,0,0,0,0,0,0,0,29803,34473,56315,0,41,20,254
42319486708400,3941,4096,4096,16384,28317,512,512,1024,3946,4096,8192,8192,3178,4096,8192,16384,830,8192,8192,8192,30,2048,2048,4096,851,512,1024,1024,3217,1024,2048,2048,561,4096,4096,4096,14,2048,131072,262144,41326,1048576,2097152,2097152,40,1048576,1048576,1048576,40,524288,524288,524288,40,1024,2048,2048,40,128,32768,65536,41,256,512,1024,5257,256,512,1024,5077,256,512,1024,254853,128,512,1024,28602,128,512,1024,4469,256,512,1024,7101,512,1024,1024,1353,256,512,1024,1326,128,512,1024,25038,128,512,1024,2898,128,512,512,513,128,512,512,243,256,512,1024,270,256,512,1024,126,1024,2048,2048,21,1024,1024,1024,21,64,64,64,42,64,128,128,21,16384,32768,32768,21,17.87,12.64,5.23,21,30,6,851,115,100,0,262144,262144,262144,262144,524288,21,65536,131072,131072,131072,131072,30,65536,131072,131072,131072,131072,6,65536,131072,262144,262144,1048576,851,65536,131072,131072,131072,131072,110,65536,131072,262144,262144,262144,99,0,0,0,0,0,0,0,0,0,0,0,0,0,0,0,0,0,0,0,0,0,0,0,0,0,0,0,0,0,0,0,0,0,0,0,0,6,0,29024,34927,52719,0,40,21,254
42320509089500,3962,4096,4096,16384,27709,512,512,1024,3914,4096,8192,8192,3117,4096,16384,16384,822,8192,8192,8192,36,2048,2048,4096,750,512,1024,1024,3119,1024,2048,2048,530,4096,4096,4096,19,1024,131072,262144,40465,1048576,2097152,2097152,41,1048576,1048576,1048576,41,524288,524288,524288,41,1024,2048,2048,41,64,65536,131072,40,256,512,1024,4966,256,512,1024,4777,256,512,1024,249381,256,512,1024,28053,128,512,1024,4940,256,512,1024,7218,512,1024,2048,1377,256,512,1024,1323,256,512,1024,24876,128,512,1024,3069,128,512,1024,536,128,512,1024,315,256,512,1024,324,256,1024,1024,171,2048,2048,2048,23,1024,1024,1024,22,64,64,128,45,64,128,128,20,16384,65536,65536,20,18.98,12.99,5.99,22,36,9,750,90,81,0,262144,262144,262144,262144,262144,22,65536,131072,131072,131072,131072,36,65536,131072,131072,131072,131072,9,65536,131072,262144,524288,4194304,750,131072,131072,262144,262144,262144,95,65536,131072,262144,262144,262144,82,0,0,0,0,0,0,0,0,0,0,0,0,0,0,0,0,0,0,0,0,0,0,0,0,0,0,0,0,0,0,0,0,0,0,0,0,0,0,29765,34427,53132,0,41,20,254
42321528672600,3982,4096,8192,16384,28066,512,512,1024,3944,4096,8192,8192,3198,4096,16384,16384,827,8192,8192,8192,26,2048,2048,4096,829,512,1024,1024,3186,1024,2048,2048,545,4096,4096,8192,22,512,131072,262144,41071,1048576,2097152,2097152,41,1048576,1048576,1048576,41,524288,524288,524288,41,1024,2048,2048,41,64,32768,65536,41,256,512,1024,5677,256,512,1024,5497,256,512,1024,252594,256,512,1024,28782,128,512,1024,4957,256,512,1024,7326,512,1024,2048,1640,256,512,1024,1451,128,512,1024,24822,128,512,1024,3276,128,512,1024,506,128,512,1024,315,256,512,1024,234,256,1024,1024,198,2048,2048,2048,15,512,1024,1024,18,64,64,128,33,64,128,128,20,16384,32768,32768,20,18.89,13.91,4.98,18,26,9,829,102,88,0,262144,262144,262144,262144,524288,18,65536,131072,131072,131072,262144,26,65536,131072,131072,131072,131072,9,65536,131072,262144,262144,524288,823,131072,131072,131072,262144,524288,102,65536,131072,131072,131072,131072,88,0,0,0,0,0,0,0,0,0,0,0,0,0,0,0,0,0,0,0,0,0,0,0,0,0,0,0,0,0,0,0,0,0,0,0,0,6,0,29367,34515,54762,0,41,20,254
42322549416700,3993,4096,4096,16384,28798,512,512,1024,4162,4096,8192,8192,3233,4096,8192,16384,769,8192,8192,8192,36,2048,2048,4096,784,512,1024,1024,3208,1024,2048,2048,572,4096,4096,8192,27,512,131072,262144,42017,1048576,1048576,2097152,41,1048576,1048576,1048576,41,524288,524288,524288,41,1024,1024,2048,41,64,128,32768,41,256,512,1024,5164,256,512,1024,5065,256,512,1024,259182,256,512,1024,29097,128,512,1024,4837,256,512,1024,6840,512,1024,1024,1494,256,512,1024,1431,128,512,1024,25659,128,512,1024,3051,128,512,512,612,128,512,512,288,128,512,1024,324,256,512,1024,243,1024,2048,2048,11,1024,1024,1024,11,64,64,64,22,64,64,64,21,128,16384,16384,21,18.89,13.66,5.23,11,36,14,784,100,93,0,262144,262144,262144,262144,262144,11,65536,131072,131072,131072,131072,36,131072,131072,131072,131072,131072,14,65536,131072,262144,524288,524288,788,131072,131072,131072,131072,262144,100,65536,131072,131072,131072,524288,93,0,0,0,0,0,0,0,0,0,0,0,0,0,0,0,0,0,0,0,0,0,0,0,0,0,0,0,0,0,0,0,0,0,0,0,0,1,0,29698,35354,54333,0,41,21,254
42323571504200,4000,4096,4096,16384,28534,256,512,1024,4051,4096,8192,8192,3241,4096,16384,16384,815,8192,8192,8192,39,2048,2048,4096,822,512,1024,1024,3266,1024,2048,2048,541,2048,4096,4096,6,1024,131072,262144,41743,1048576,2097152,2097152,41,1048576,1048576,1048576,41,524288,524288,524288,41,1024,2048,2048,41,64,65536,65536,41,256,512,1024,5419,256,512,1024,5356,256,512,1024,256806,128,512,1024,29169,128,512,512,4987,256,512,1024,7146,512,1024,1024,1506,256,512,1024,1686,256,512,1024,27036,128,512,512,3240,256,512,512,524,256,512,512,360,256,512,1024,351,128,512,512,54,2048,2048,2048,6,1024,1024,1024,7,64,64,64,13,64,128,128,20,128,16384,16384,20,16.19,11.98,4.21,7,39,16,822,105,85,0,262144,262144,262144,262144,262144,7,65536,131072,131072,131072,131072,38,65536,262144,262144,262144,262144,16,65536,131072,262144,262144,262144,821,131072,131072,131072,131072,524288,105,65536,131072,131072,131072,131072,85,0,0,0,0,0,0,0,0,0,0,0,0,0,0,0,0,0,0,0,0,0,0,0,0,0,0,0,0,0,0,0,0,0,0,0,0,4,0,28343,34386,54818,0,41,20,254
42324592425100,3940,4096,4096,16384,28449,512,512,1024,3987,4096,8192,8192,3093,4096,16384,16384,797,8192,8192,8192,35,2048,2048,4096,834,512,1024,1024,3162,1024,2048,2048,493,4096,4096,4096,21,1024,131072,262144,41335,1048576,2097152,2097152,41,1048576,1048576,1048576,41,524288,524288,1048576,41,1024,2048,2048,41,64,65536,65536,41,256,512,1024,5223,256,512,1024,5763,256,512,1024,256041,256,512,1024,27837,128,512,1024,4735,128,512,1024,7128,512,1024,1024,1508,256,512,1024,1517,128,512,1024,26829,128,512,1024,3375,128,512,1024,605,128,512,1024,297,256,512,1024,315,256,512,1024,189,0,0,0,0,0,0,0,0,0,0,0,0,64,128,128,21,128,256,256,21,19.12,13.38,5.74,0,35,15,834,76,90,60,0,0,0,0,0,0,65536,131072,131072,131072,131072,36,131072,131072,131072,131072,262144,14,65536,131072,131072,262144,262144,834,131072,131072,131072,131072,262144,76,65536,131072,131072,131072,262144,90,131072,262144,262144,262144,262144,60,0,0,0,0,0,0,0,0,0,0,0,0,0,0,0,0,0,0,0,0,0,0,0,0,0,0,0,0,0,0,3,0,29627,35123,54738,0,41,21,254
42325610349800,3880,4096,4096,16384,27585,512,512,1024,3903,4096,8192,8192,3112,4096,16384,32768,813,8192,8192,8192,42,2048,2048,4096,788,512,1024,1024,3148,1024,2048,2048,517,4096,4096,4096,24,1024,131072,262144,40389,1048576,2097152,2097152,40,1048576,1048576,1048576,40,524288,524288,524288,40,1024,2048,2048,40,64,65536,65536,40,256,512,1024,5031,256,512,1024,5571,256,512,1024,248265,128,512,1024,28008,128,512,512,4502,256,512,1024,7362,512,1024,1024,1185,256,512,1024,1428,128,512,1024,24642,128,512,512,3384,128,512,512,552,128,512,1024,387,256,512,1024,378,256,512,1024,216,0,0,0,0,0,0,0,0,0,0,0,0,64,128,128,20,128,256,256,20,16.77,12.67,4.10,0,42,20,788,81,105,60,0,0,0,0,0,0,65536,131072,131072,131072,131072,41,65536,131072,262144,262144,262144,21,65536,131072,262144,262144,262144,789,131072,131072,131072,131072,262144,81,65536,131072,131072,131072,131072,105,131072,262144,262144,262144,262144,60,0,0,0,0,0,0,0,0,0,0,0,0,0,0,0,0,0,0,0,0,0,0,0,0,0,0,0,0,0,0,3,0,29996,34224,53261,0,40,20,254
42326635232700,3889,4096,4096,16384,27905,512,512,1024,3892,4096,8192,8192,3191,4096,8192,16384,735,8192,8192,8192,32,2048,4096,16384,757,512,1024,4096,3062,1024,2048,2048,557,4096,4096,4096,22,512,131072,262144,40579,1048576,2097152,2097152,41,1048576,1048576,1048576,41,524288,524288,524288,41,1024,2048,2048,41,64,65536,131072,41,256,512,1024,4951,256,512,1024,4870,256,512,1024,251148,256,512,1024,28719,128,512,1024,4419,256,512,1024,6570,512,1024,2048,1480,256,512,1024,1381,128,512,1024,25524,128,512,512,3303,128,512,1024,528,128,512,512,306,256,512,1024,288,256,512,1024,198,1024,2048,2048,11,1024,1024,1024,9,64,64,64,20,64,128,128,20,128,16384,16384,20,18.55,13.97,4.57,9,32,36,757,83,78,0,262144,262144,262144,262144,262144,9,65536,131072,131072,131072,131072,33,65536,131072,131072,131072,131072,36,65536,131072,262144,524288,1048576,759,65536,131072,131072,131072,262144,83,65536,131072,262144,262144,262144,78,0,0,0,0,0,0,0,0,0,0,0,0,0,0,0,0,0,0,0,0,0,0,0,0,0,0,0,0,0,0,0,0,0,0,0,0,0,0,29719,34522,53407,0,41,20,254
42327656714200,3900,4096,4096,16384,28087,512,512,1024,3927,4096,8192,8192,3143,4096,8192,16384,767,8192,16384,16384,46,2048,2048,4096,803,512,1024,4096,3150,1024,2048,2048,550,4096,4096,4096,13,256,131072,262144,40937,1048576,2097152,2097152,41,1048576,1048576,1048576,41,524288,524288,524288,41,2048,2048,2048,41,64,32768,32768,41,256,512,1024,5123,256,512,1024,5024,256,512,1024,252780,256,512,1024,28287,128,512,512,4424,256,512,1024,6759,512,1024,1024,1308,256,512,1024,1479,128,512,1024,26595,128,512,1024,3123,128,512,512,522,128,512,512,387,256,512,1024,414,256,512,1024,117,2048,2048,2048,14,1024,1024,1024,12,64,64,64,26,64,128,128,21,128,16384,16384,21,18.10,12.62,5.48,12,46,35,803,80,88,0,262144,262144,262144,262144,524288,11,65536,131072,131072,131072,262144,46,65536,131072,131072,131072,131072,35,65536,131072,262144,262144,262144,801,131072,131072,262144,262144,262144,80,65536,131072,262144,262144,262144,88,0,0,0,0,0,0,0,0,0,0,0,0,0,0,0,0,0,0,0,0,0,0,0,0,0,0,0,0,0,0,0,0,0,0,0,0,2,0,29796,35098,54391,0,41,21,254
42328675218500,3924,4096,4096,16384,27162,512,512,1024,3876,4096,8192,16384,3034,4096,8192,16384,803,8192,8192,8192,33,2048,2048,4096,793,512,1024,2048,3104,1024,2048,2048,507,4096,4096,4096,27,1024,131072,262144,39746,1048576,2097152,2097152,41,1048576,1048576,1048576,41,524288,524288,524288,41,1024,2048,2048,41,64,32768,65536,41,256,512,1024,5299,256,512,1024,5083,256,512,1024,244458,256,512,1024,27306,128,512,512,4457,256,512,1024,6984,512,1024,2048,1472,256,512,1024,1400,256,512,1024,26388,128,512,512,3276,128,512,1024,474,256,512,512,288,256,512,1024,297,256,512,1024,243,1024,2048,2048,22,1024,1024,1024,23,64,64,128,45,64,128,128,20,16384,32768,32768,20,18.40,13.04,5.37,23,33,40,793,88,91,0,262144,262144,262144,262144,524288,24,65536,131072,131072,131072,262144,33,65536,131072,131072,131072,131072,40,65536,131072,262144,262144,262144,793,131072,131072,131072,131072,262144,88,65536,131072,262144,262144,262144,91,0,0,0,0,0,0,0,0,0,0,0,0,0,0,0,0,0,0,0,0,0,0,0,0,0,0,0,0,0,0,0,0,0,0,0,0,2,0,29567,34390,53970,0,41,20,254
42329694271100,3946,4096,4096,16384,28041,512,512,1024,3934,4096,8192,8192,3119,4096,16384,16384,827,8192,8192,32768,43,2048,2048,4096,809,512,1024,4096,3137,1024,2048,2048,534,4096,4096,8192,23,1024,131072,262144,40966,1048576,2097152,2097152,41,1048576,1048576,1048576,41,524288,524288,524288,41,1024,2048,2048,41,64,32768,65536,41,256,512,1024,5132,256,512,1024,4934,256,512,1024,252369,128,512,1024,28071,128,512,1024,4659,256,512,1024,7533,512,1024,1024,1332,256,512,1024,1395,256,512,1024,24777,128,512,1024,3213,256,512,1024,633,128,512,512,342,256,512,1024,387,256,1024,1024,207,1024,2048,2048,21,1024,1024,4096,22,64,64,64,43,64,128,128,21,16384,32768,32768,21,17.50,12.90,4.60,22,43,48,809,101,96,0,262144,262144,262144,262144,262144,22,65536,131072,131072,131072,262144,43,65536,131072,131072,131072,262144,48,65536,131072,262144,524288,524288,811,131072,131072,131072,262144,262144,101,65536,131072,131072,131072,131072,96,0,0,0,0,0,0,0,0,0,0,0,0,0,0,0,0,0,0,0,0,0,0,0,0,0,0,0,0,0,0,0,0,0,0,0,0,0,0,29444,33937,52961,0,41,21,254
42330715508400,3969,4096,4096,16384,27886,512,512,1024,4000,4096,8192,8192,3221,4096,16384,32768,766,8192,8192,16384,24,2048,4096,4096,826,512,1024,4096,3210,1024,2048,2048,545,4096,4096,4096,16,256,131072,262144,40904,1048576,1048576,2097152,41,1048576,1048576,1048576,41,524288,524288,524288,41,1024,1024,1024,41,64,4096,32768,41,256,512,1024,5051,256,512,1024,4844,256,512,1024,250974,256,512,1024,28989,128,512,1024,4346,256,512,1024,6984,512,1024,1024,1335,256,512,1024,1290,128,512,1024,25173,128,512,1024,2826,128,512,512,399,128,512,512,243,256,512,1024,216,256,512,1024,144,2048,2048,8192,24,1024,1024,1024,23,64,64,64,47,64,64,64,20,16384,32768,32768,20,15.94,11.99,3.95,23,24,49,826,90,98,0,262144,524288,524288,524288,524288,23,65536,131072,131072,131072,262144,23,65536,131072,131072,131072,262144,49,65536,131072,262144,262144,524288,819,131072,262144,262144,262144,262144,89,65536,131072,131072,131072,262144,94,0,0,0,0,0,0,0,0,0,0,0,0,0,0,0,0,0,0,0,0,0,0,0,0,0,0,0,0,0,0,0,0,0,0,0,0,12,0,29252,34837,54657,0,41,20,254
42331735839400,3986,4096,4096,16384,28662,512,512,1024,3983,4096,8192,8192,3180,4096,8192,16384,797,8192,8192,8192,35,2048,2048,4096,848,512,1024,4096,3210,1024,2048,2048,565,4096,4096,4096,19,1024,131072,262144,41704,1048576,2097152,2097152,40,1048576,1048576,1048576,40,524288,524288,524288,40,1024,2048,2048,40,64,65536,65536,41,256,512,1024,4920,256,512,1024,4767,256,512,1024,257958,256,512,1024,28620,128,512,512,4433,256,512,1024,7200,512,1024,2048,1338,256,512,1024,1293,128,512,1024,25191,128,512,1024,3159,128,512,1024,504,128,512,512,324,256,512,1024,315,256,512,1024,171,1024,2048,2048,17,1024,1024,1024,18,64,64,64,35,64,64,128,21,128,32768,32768,21,17.61,13.02,4.60,18,35,61,848,87,89,0,262144,262144,262144,262144,524288,18,65536,262144,262144,262144,1048576,35,65536,131072,262144,262144,262144,61,65536,131072,262144,2097152,4194304,854,131072,131072,262144,262144,262144,88,65536,131072,131072,131072,131072,93,0,0,0,0,0,0,0,0,0,0,0,0,0,0,0,0,0,0,0,0,0,0,0,0,0,0,0,0,0,0,0,0,0,0,0,0,2,0,29115,34836,53605,0,40,21,254
42332755026100,3999,4096,4096,16384,28601,512,512,1024,4068,4096,8192,8192,3274,4096,8192,16384,903,8192,8192,8192,38,2048,2048,4096,762,512,1024,4096,3296,1024,2048,2048,524,4096,4096,4096,8,1024,131072,262144,41933,1048576,2097152,2097152,41,1048576,1048576,1048576,41,524288,524288,524288,41,1024,2048,2048,41,64,65536,65536,40,256,512,1024,5022,256,512,1024,4905,256,512,1024,257409,256,512,1024,29466,128,512,1024,5074,128,512,1024,7767,512,1024,1024,1532,256,512,1024,1523,128,512,1024,25659,128,512,1024,3204,128,512,1024,558,128,512,512,360,256,512,1024,342,256,512,1024,72,1024,2048,2048,11,1024,1024,1024,12,64,64,64,23,64,128,128,20,128,16384,16384,20,19.42,13.92,5.49,12,38,61,762,99,89,0,262144,262144,262144,262144,524288,12,65536,131072,131072,131072,131072,39,65536,131072,131072,131072,262144,60,65536,131072,262144,262144,524288,754,131072,131072,262144,262144,524288,99,65536,131072,131072,131072,262144,89,0,0,0,0,0,0,0,0,0,0,0,0,0,0,0,0,0,0,0,0,0,0,0,0,0,0,0,0,0,0,0,0,0,0,0,0,10,0,29846,34890,54698,0,41,20,254
42333774878700,4000,4096,4096,16384,28374,512,512,1024,3979,4096,8192,8192,3184,4096,8192,16384,809,8192,8192,8192,37,2048,2048,4096,817,512,1024,4096,3207,1024,2048,2048,532,4096,8192,8192,18,1024,131072,262144,41344,1048576,2097152,2097152,41,1048576,1048576,1048576,41,524288,524288,524288,41,1024,2048,2048,41,64,65536,131072,41,256,512,1024,5222,256,512,1024,5213,256,512,1024,255366,256,512,1024,28656,128,512,512,4737,256,512,1024,6804,512,1024,1024,1545,256,512,1024,1527,128,512,1024,26883,128,512,1024,3465,128,512,512,501,128,512,512,360,256,512,1024,333,256,1024,1024,162,0,0,0,0,0,0,0,1,0,0,0,1,64,64,64,20,128,256,256,20,17.89,12.65,5.24,1,37,52,817,96,88,0,0,0,0,0,262144,1,65536,131072,131072,131072,262144,37,65536,131072,131072,131072,131072,53,65536,131072,262144,262144,2097152,819,65536,131072,262144,262144,262144,96,65536,131072,131072,131072,131072,88,0,0,0,0,0,0,0,0,0,0,0,0,0,0,0,0,0,0,0,0,0,0,0,0,0,0,0,0,0,0,0,0,0,0,0,0,7,0,30067,35151,53681,0,41,20,254
42334798935800,3940,4096,4096,16384,28111,512,512,1024,3992,4096,8192,8192,3171,4096,8192,16384,782,8192,8192,8192,38,2048,2048,4096,835,512,1024,4096,3168,1024,2048,2048,580,4096,4096,4096,14,512,131072,262144,41119,1048576,1048576,2097152,41,1048576,1048576,1048576,41,524288,524288,524288,41,1024,2048,2048,41,128,65536,65536,41,256,512,1024,4818,256,512,1024,5358,256,512,1024,252999,256,512,1024,28539,128,512,512,4604,256,512,1024,6849,512,1024,1024,1623,256,512,1024,1506,128,512,1024,26127,128,512,512,3195,128,512,1024,552,128,512,512,333,128,512,1024,342,256,512,1024,126,0,0,0,0,0,0,0,0,0,0,0,0,64,128,128,21,128,128,256,21,18.81,13.85,4.96,0,38,55,835,91,95,60,0,0,0,0,0,0,65536,131072,131072,131072,131072,38,65536,131072,131072,131072,131072,55,65536,131072,262144,262144,4194304,842,65536,131072,131072,131072,524288,91,65536,131072,131072,131072,131072,95,131072,262144,262144,262144,262144,60,0,0,0,0,0,0,0,0,0,0,0,0,0,0,0,0,0,0,0,0,0,0,0,0,0,0,0,0,0,0,0,0,30051,34827,54404,0,41,21,254
42335815068000,3880,4096,4096,16384,27500,512,512,1024,3882,4096,8192,8192,3085,4096,16384,16384,803,8192,8192,16384,37,2048,2048,4096,800,512,1024,4096,3080,1024,2048,2048,503,4096,8192,8192,17,1024,131072,262144,40110,1048576,2097152,2097152,41,1048576,1048576,1048576,41,524288,524288,524288,41,1024,2048,2048,41,64,65536,65536,41,256,512,1024,4996,256,512,1024,5536,256,512,1024,247500,256,512,1024,27765,128,512,1024,4702,256,512,1024,6831,512,1024,1024,1509,256,512,1024,1491,128,512,1024,27027,128,512,1024,3510,128,512,512,546,128,512,512,369,256,512,512,333,256,1024,1024,153,0,0,0,0,0,0,0,0,0,0,0,0,64,128,128,20,128,128,128,20,16.14,11.40,4.74,0,37,56,800,100,74,60,0,0,0,0,0,0,65536,131072,131072,131072,131072,37,65536,131072,131072,131072,131072,56,65536,131072,131072,262144,262144,794,65536,131072,262144,262144,262144,100,65536,131072,131072,131072,262144,74,262144,262144,262144,262144,262144,60,0,0,0,0,0,0,0,0,0,0,0,0,0,0,0,0,0,0,0,0,0,0,0,0,0,0,0,0,0,0,6,0,29292,34055,54065,0,41,20,254
42336839585200,3888,4096,4096,16384,28361,512,512,1024,3947,4096,8192,16384,3167,4096,8192,16384,820,8192,8192,32768,44,2048,2048,4096,781,512,1024,4096,3176,1024,2048,2048,546,4096,4096,4096,21,512,131072,262144,41345,1048576,2097152,2097152,41,1048576,1048576,1048576,41,524288,524288,524288,41,2048,2048,2048,41,64,65536,65536,41,256,512,1024,5193,256,512,1024,5121,256,512,1024,255249,256,512,1024,28503,128,512,1024,4834,256,512,1024,7200,512,1024,2048,1434,256,512,1024,1533,128,512,1024,26082,128,512,1024,3033,128,512,1024,702,128,512,512,360,256,512,1024,396,256,512,1024,189,1024,2048,2048,10,1024,1024,1024,8,64,64,64,18,64,128,128,21,128,16384,16384,21,16.65,11.44,5.21,8,44,54,781,95,82,0,262144,262144,262144,262144,524288,8,65536,131072,131072,131072,131072,44,65536,131072,262144,262144,262144,54,65536,131072,262144,262144,262144,787,131072,131072,131072,131072,262144,95,65536,131072,131072,131072,262144,82,0,0,0,0,0,0,0,0,0,0,0,0,0,0,0,0,0,0,0,0,0,0,0,0,0,0,0,0,0,0,0,0,0,0,0,0,0,0,28339,34864,55280,0,41,21,254
42337858999600,3904,4096,4096,16384,27705,512,512,1024,3912,4096,8192,8192,3102,4096,16384,16384,790,8192,8192,32768,36,2048,2048,4096,772,512,1024,4096,3107,1024,2048,2048,513,4096,4096,4096,28,1024,131072,262144,40357,1048576,2097152,2097152,40,1048576,1048576,1048576,40,524288,524288,524288,40,1024,2048,2048,40,64,65536,65536,40,256,512,1024,5248,256,512,1024,5104,256,512,1024,249345,256,512,1024,27918,128,512,1024,4620,256,512,1024,6921,512,1024,1024,1500,256,512,1024,1383,128,512,1024,26559,128,512,512,3501,128,512,1024,444,128,512,512,333,256,512,512,324,256,512,512,252,1024,2048,2048,16,1024,1024,1024,16,64,128,128,32,64,64,64,20,128,32768,32768,20,16.48,11.62,4.85,16,36,43,772,105,85,0,262144,262144,262144,262144,262144,16,65536,131072,131072,131072,131072,36,65536,131072,131072,131072,262144,43,65536,131072,262144,262144,262144,771,131072,131072,262144,262144,262144,105,65536,131072,131072,131072,262144,85,0,0,0,0,0,0,0,0,0,0,0,0,0,0,0,0,0,0,0,0,0,0,0,0,0,0,0,0,0,0,0,0,0,0,0,0,1,0,30264,34753,53224,0,40,20,254
42338880707900,3926,4096,8192,16384,27622,256,512,1024,3875,4096,8192,8192,3087,4096,16384,16384,780,8192,8192,8192,41,2048,2048,4096,779,512,1024,4096,3131,1024,2048,2048,515,4096,8192,8192,22,1024,131072,262144,40246,1048576,2097152,2097152,41,1048576,1048576,1048576,41,524288,524288,524288,41,1024,2048,2048,41,64,32768,32768,41,256,512,1024,5519,256,512,1024,5321,256,512,1024,248598,256,512,1024,27783,128,512,1024,4844,256,512,1024,6615,512,1024,2048,1436,256,512,1024,1607,128,512,1024,26028,128,512,1024,3420,128,512,512,543,128,512,512,351,256,512,1024,369,256,1024,1024,198,2048,2048,2048,25,1024,1024,1024,23,64,64,64,48,64,128,128,20,16384,32768,32768,20,18.62,13.39,5.23,23,41,54,779,90,102,0,262144,262144,262144,262144,262144,23,65536,131072,131072,131072,262144,41,65536,131072,131072,131072,131072,54,65536,131072,262144,262144,262144,780,131072,131072,262144,262144,262144,90,65536,131072,131072,131072,131072,102,0,0,0,0,0,0,0,0,0,0,0,0,0,0,0,0,0,0,0,0,0,0,0,0,0,0,0,0,0,0,0,0,0,0,0,0,0,0,30010,33967,53941,0,41,20,254
42339901727500,3951,4096,4096,16384,28379,512,512,1024,3986,4096,8192,16384,3228,4096,16384,16384,793,8192,8192,16384,45,2048,4096,4096,873,512,1024,4096,3213,1024,2048,2048,516,4096,8192,8192,24,1024,131072,262144,41545,1048576,1048576,2097152,41,1048576,1048576,1048576,41,524288,524288,524288,41,1024,2048,2048,41,64,65536,131072,41,256,512,1024,5169,256,512,1024,4944,256,512,1024,255411,256,512,1024,29052,128,512,1024,4863,256,512,1024,6939,512,1024,1024,1434,256,512,1024,1515,128,512,1024,24921,128,512,1024,3078,128,512,512,642,128,512,512,432,256,512,1024,405,256,1024,1024,216,1024,2048,2048,24,1024,1024,1024,24,64,64,64,48,64,128,128,21,16384,32768,32768,21,17.60,12.11,5.48,24,45,44,873,102,94,0,262144,262144,262144,262144,262144,24,65536,131072,131072,131072,131072,45,65536,131072,131072,131072,262144,44,65536,131072,262144,262144,524288,873,65536,131072,131072,131072,262144,102,65536,131072,262144,262144,262144,94,0,0,0,0,0,0,0,0,0,0,0,0,0,0,0,0,0,0,0,0,0,0,0,0,0,0,0,0,0,0,0,0,0,0,0,0,0,0,30177,35371,54887,0,41,21,254
42340922343300,3976,4096,4096,16384,27749,512,512,1024,3923,4096,8192,8192,3119,4096,8192,16384,802,8192,8192,16384,41,2048,4096,4096,767,512,1024,4096,3138,1024,2048,2048,580,4096,8192,8192,34,2048,131072,262144,40589,1048576,2097152,2097152,41,1048576,1048576,1048576,41,524288,524288,524288,41,1024,2048,2048,41,64,16384,32768,41,256,512,1024,5427,256,512,1024,5202,256,512,1024,249741,256,512,1024,28071,128,512,1024,4423,256,512,1024,6723,512,1024,1024,1260,256,512,1024,1395,128,512,1024,24759,128,512,1024,2997,256,512,1024,498,256,512,1024,288,256,512,1024,369,256,1024,1024,306,1024,2048,2048,25,1024,1024,1024,25,64,64,64,50,64,128,128,20,16384,32768,32768,20,18.76,14.17,4.59,25,41,41,767,80,88,0,262144,262144,262144,262144,262144,25,65536,131072,131072,131072,262144,41,65536,131072,131072,131072,262144,41,65536,131072,131072,262144,262144,766,131072,131072,131072,131072,262144,80,65536,131072,131072,131072,524288,88,0,0,0,0,0,0,0,0,0,0,0,0,0,0,0,0,0,0,0,0,0,0,0,0,0,0,0,0,0,0,0,0,0,0,0,0,1,0,30226,34610,53322,0,41,20,254
42341940554600,3988,4096,8192,16384,29073,512,512,1024,4074,4096,8192,8192,3327,4096,16384,16384,796,8192,8192,8192,35,2048,2048,4096,826,512,1024,4096,3275,1024,2048,2048,535,4096,8192,8192,20,1024,131072,262144,42391,1048576,2097152,2097152,41,1048576,1048576,1048576,41,524288,524288,524288,41,1024,2048,2048,41,64,32768,65536,41,256,512,1024,5044,256,512,1024,4936,256,512,1024,261664,256,512,1024,29943,128,512,1024,4416,256,512,1024,6930,512,1024,2048,1474,256,512,1024,1546,256,512,1024,25335,256,512,1024,3087,128,512,1024,456,128,512,1024,369,256,512,1024,315,256,512,1024,180,1024,2048,2048,11,1024,1024,1024,12,64,64,64,23,64,64,128,21,128,16384,32768,21,17.25,12.27,4.98,12,35,46,826,97,81,0,262144,262144,262144,262144,262144,12,65536,131072,131072,131072,131072,35,65536,131072,131072,131072,131072,45,65536,131072,131072,262144,262144,817,65536,131072,131072,131072,262144,97,65536,131072,131072,131072,131072,81,0,0,0,0,0,0,0,0,0,0,0,0,0,0,0,0,0,0,0,0,0,0,0,0,0,0,0,0,0,0,0,0,0,0,0,0,11,0,28780,35548,54596,0,41,21,254
42342963407400,4000,4096,4096,16384,28130,512,512,1024,3992,4096,8192,8192,3133,4096,16384,16384,814,8192,16384,32768,35,2048,4096,4096,807,512,1024,4096,3172,1024,2048,2048,549,4096,4096,4096,18,512,131072,262144,41109,1048576,2097152,2097152,41,1048576,1048576,1048576,41,524288,524288,524288,41,1024,2048,2048,41,64,65536,131072,41,256,512,1024,4984,256,512,1024,4876,256,512,1024,253172,256,512,1024,28197,128,512,512,4430,256,512,1024,7110,512,1024,2048,1554,256,512,1024,1554,256,512,1024,25407,128,512,1024,3096,256,512,1024,504,128,512,512,315,256,1024,1024,315,256,512,1024,162,1024,2048,2048,9,1024,1024,1024,12,64,64,64,21,64,128,128,20,128,32768,32768,20,17.94,13.11,4.84,12,35,58,807,100,85,0,262144,262144,262144,262144,262144,12,65536,131072,131072,131072,131072,35,65536,131072,131072,131072,131072,59,65536,131072,131072,262144,524288,812,131072,131072,131072,131072,262144,98,65536,131072,131072,131072,131072,84,0,0,0,0,0,0,0,0,0,0,0,0,0,0,0,0,0,0,0,0,0,0,0,0,0,0,0,0,0,0,0,0,0,0,0,0,7,0,29599,34888,55290,0,41,20,254
42343982372600,3940,4096,4096,16384,28531,512,512,1024,4015,4096,8192,8192,3189,4096,8192,16384,803,8192,8192,16384,33,2048,2048,4096,788,512,1024,4096,3235,1024,2048,2048,565,4096,4096,4096,14,1024,131072,262144,41592,1048576,2097152,2097152,40,1048576,1048576,1048576,40,524288,524288,524288,40,1024,2048,2048,40,64,65536,65536,40,256,512,1024,5336,256,512,1024,5876,256,512,1024,256770,128,512,1024,28701,128,512,1024,4519,256,512,1024,7227,512,1024,1024,1422,256,512,1024,1341,128,512,1024,24939,128,512,1024,3195,128,512,512,540,256,512,1024,288,256,512,1024,297,256,512,512,126,0,0,0,0,0,0,0,0,0,0,0,0,64,128,128,20,128,128,128,20,18.92,12.91,6.01,0,33,66,788,89,89,60,0,0,0,0,0,0,65536,131072,131072,131072,131072,33,65536,131072,131072,131072,262144,66,65536,131072,131072,262144,262144,793,131072,131072,131072,131072,131072,91,65536,131072,131072,131072,131072,90,131072,262144,262144,262144,262144,60,0,0,0,0,0,0,0,0,0,0,0,0,0,0,0,0,0,0,0,0,0,0,0,0,0,0,0,0,0,0,0,0,30111,35306,55016,0,40,20,254
42345005055800,3940,4096,8192,16384,28959,512,512,1024,3981,4096,8192,8192,3251,4096,8192,32768,792,8192,8192,8192,33,2048,2048,4096,815,512,1024,4096,3180,1024,2048,2048,552,4096,8192,8192,18,1024,131072,262144,42037,1048576,1048576,2097152,41,1048576,1048576,1048576,41,524288,524288,524288,41,1024,2048,2048,41,64,65536,65536,41,256,512,1024,5467,256,512,1024,5467,256,512,1024,260636,128,512,1024,29259,128,512,1024,4679,128,512,1024,7146,512,1024,2048,1425,256,512,1024,1362,128,512,1024,26100,128,512,1024,3078,128,512,512,660,128,512,512,288,256,512,1024,297,256,1024,1024,162,0,0,0,0,0,0,0,0,0,0,0,0,64,128,128,21,128,128,128,21,17.45,12.48,4.97,0,33,58,815,99,98,0,0,0,0,0,0,0,65536,131072,131072,131072,262144,33,65536,131072,131072,131072,262144,58,65536,131072,131072,262144,262144,815,131072,131072,131072,131072,131072,99,65536,131072,131072,131072,131072,98,0,0,0,0,0,0,0,0,0,0,0,0,0,0,0,0,0,0,0,0,0,0,0,0,0,0,0,0,0,0,0,0,0,0,0,0,0,0,29095,34846,54081,0,41,21,254
42346023444800,3880,4096,4096,16384,27662,512,512,1024,3857,4096,8192,8192,3071,4096,8192,16384,782,8192,8192,8192,29,2048,2048,4096,829,512,1024,4096,3109,1024,2048,2048,523,4096,4096,4096,16,1024,131072,262144,40244,1048576,2097152,2097152,41,1048576,1048576,1048576,41,524288,524288,524288,41,1024,1024,1024,41,64,32768,65536,41,256,512,1024,4985,256,512,1024,5525,256,512,1024,248953,128,512,1024,27639,128,512,512,4606,128,512,1024,6624,512,1024,1024,1551,256,512,1024,1416,128,512,1024,25641,128,512,1024,3348,128,512,1024,486,128,512,512,306,256,512,1024,261,256,512,512,144,0,0,0,1,0,0,0,0,0,0,0,1,64,128,128,20,128,256,256,20,19.55,13.54,6.00,0,29,47,829,92,100,60,0,0,0,0,0,0,65536,131072,131072,131072,131072,29,65536,131072,131072,131072,131072,47,65536,131072,131072,262144,2097152,826,131072,131072,131072,131072,131072,92,65536,131072,131072,131072,131072,100,131072,262144,262144,262144,262144,60,0,0,0,0,0,0,0,0,0,0,0,0,0,0,0,0,0,0,0,0,0,0,0,0,0,0,0,0,0,0,3,0,29515,34392,55136,0,41,20,254
42347044710000,3892,4096,4096,16384,27382,512,512,1024,3874,4096,8192,8192,3085,4096,8192,16384,806,8192,8192,16384,39,2048,2048,4096,785,512,1024,4096,3130,1024,2048,2048,519,4096,4096,4096,13,1024,131072,262144,40036,1048576,2097152,2097152,41,1048576,1048576,1048576,41,524288,524288,524288,41,1024,2048,2048,41,64,32768,32768,41,256,512,1024,4958,256,512,1024,4850,256,512,1024,246438,256,512,1024,27765,128,512,512,4738,256,512,1024,6813,512,1024,2048,1440,256,512,1024,1485,128,512,1024,25101,128,512,512,3150,128,512,512,590,128,512,512,360,256,512,1024,351,256,512,1024,117,1024,2048,2048,13,1024,1024,1024,12,64,64,64,25,64,128,128,21,128,16384,32768,21,19.25,13.77,5.48,12,39,42,785,89,96,0,262144,262144,262144,262144,262144,12,65536,131072,131072,131072,131072,39,65536,131072,131072,131072,131072,41,65536,131072,131072,131072,262144,783,131072,131072,131072,131072,131072,89,65536,131072,131072,131072,262144,96,0,0,0,0,0,0,0,0,0,0,0,0,0,0,0,0,0,0,0,0,0,0,0,0,0,0,0,0,0,0,0,0,0,0,0,0,6,0,29773,34271,54140,0,41,21,254
42348066095900,3907,4096,4096,16384,28018,512,512,1024,3896,4096,8192,8192,3161,4096,8192,16384,835,8192,8192,8192,40,2048,2048,4096,791,512,1024,4096,3154,1024,2048,2048,500,4096,8192,8192,16,1024,131072,262144,40811,1048576,1048576,2097152,41,1048576,1048576,1048576,41,524288,524288,524288,41,1024,2048,2048,41,64,32768,65536,41,256,512,1024,4909,256,512,1024,4774,256,512,1024,252162,256,512,1024,28449,128,512,512,4777,256,512,1024,7038,512,1024,1024,1431,256,512,1024,1386,128,512,1024,25704,128,512,512,3087,128,512,1024,600,128,512,1024,306,256,512,1024,360,256,1024,1024,144,1024,2048,2048,17,1024,1024,1024,16,64,64,64,33,64,128,128,20,16384,16384,16384,20,17.60,13.39,4.21,16,40,48,791,107,118,0,262144,262144,262144,262144,262144,16,65536,131072,131072,131072,131072,40,65536,131072,131072,131072,262144,49,65536,131072,131072,262144,262144,796,131072,131072,262144,262144,262144,107,65536,131072,131072,131072,262144,118,0,0,0,0,0,0,0,0,0,0,0,0,0,0,0,0,0,0,0,0,0,0,0,0,0,0,0,0,0,0,0,0,0,0,0,0,0,0,29763,34405,53852,0,41,20,254
42349085575900,3930,4096,4096,16384,27996,512,512,1024,3926,4096,8192,8192,3134,4096,8192,16384,752,8192,8192,8192,26,2048,2048,4096,773,512,1024,4096,3072,1024,2048,2048,562,4096,4096,4096,17,512,131072,262144,40618,1048576,2097152,2097152,40,1048576,1048576,1048576,40,524288,524288,524288,40,1024,2048,2048,40,64,65536,65536,40,256,512,1024,5491,256,512,1024,5284,256,512,1024,251966,256,512,1024,28206,128,512,1024,4370,256,512,1024,6444,512,1024,1024,1415,256,512,1024,1226,128,512,1024,25146,128,512,1024,3060,128,512,512,495,128,512,512,225,256,512,1024,234,256,512,1024,153,1024,2048,2048,24,1024,1024,2048,22,64,64,128,46,64,128,128,20,16384,32768,32768,20,17.48,13.53,3.96,22,26,37,773,87,93,0,262144,262144,262144,262144,262144,22,65536,131072,131072,131072,131072,26,65536,131072,131072,131072,131072,37,65536,131072,131072,262144,262144,772,131072,131072,131072,131072,262144,87,65536,131072,131072,131072,131072,93,0,0,0,0,0,0,0,0,0,0,0,0,0,0,0,0,0,0,0,0,0,0,0,0,0,0,0,0,0,0,0,0,0,0,0,0,0,0,29609,34412,54166,0,40,20,254
42350106426300,3958,4096,8192,16384,27655,512,512,1024,3916,4096,8192,16384,3133,4096,16384,32768,845,8192,8192,8192,37,2048,2048,4096,790,512,1024,4096,3201,1024,2048,2048,519,4096,4096,4096,16,1024,131072,262144,40552,1048576,2097152,2097152,41,1048576,1048576,1048576,41,524288,524288,524288,41,1024,2048,2048,41,64,32768,65536,41,256,512,1024,5422,256,512,1024,5170,256,512,1024,248893,256,512,1024,28197,128,512,1024,5059,256,512,1024,7065,512,1024,2048,1603,256,512,1024,1558,256,512,1024,26469,128,512,1024,3051,128,512,1024,582,128,512,1024,369,256,512,1024,333,256,512,1024,144,1024,2048,2048,26,1024,1024,16384,28,64,64,128,54,64,64,64,21,16384,32768,32768,21,16.21,12.25,3.96,28,37,44,790,67,104,0,262144,262144,262144,262144,524288,28,65536,131072,131072,131072,131072,37,65536,131072,131072,131072,131072,44,65536,131072,131072,131072,524288,791,131072,131072,131072,131072,262144,67,65536,131072,131072,131072,131072,104,0,0,0,0,0,0,0,0,0,0,0,0,0,0,0,0,0,0,0,0,0,0,0,0,0,0,0,0,0,0,0,0,0,0,0,0,0,0,28686,34144,54219,0,41,21,254
42351126252200,3978,4096,8192,16384,28475,512,512,1024,3943,4096,8192,16384,3211,4096,16384,32768,816,8192,8192,8192,50,2048,2048,4096,825,512,1024,4096,3184,1024,2048,2048,562,4096,4096,8192,22,2048,131072,262144,41562,1048576,2097152,2097152,41,1048576,1048576,1048576,41,524288,524288,524288,41,2048,2048,2048,41,128,65536,65536,41,256,512,1024,5538,256,512,1024,5358,256,512,1024,256275,256,512,1024,28899,128,512,1024,4930,256,512,1024,6660,512,1024,2048,1423,256,512,1024,1585,256,512,1024,27126,128,512,1024,3204,128,512,1024,486,128,512,1024,477,256,512,1024,450,256,512,1024,198,2048,2048,2048,21,1024,1024,1024,20,64,64,64,41,64,128,128,20,16384,65536,65536,20,17.48,12.12,5.36,20,50,46,825,110,96,0,262144,262144,262144,262144,262144,20,65536,131072,131072,131072,262144,50,65536,131072,131072,131072,131072,46,65536,131072,131072,262144,262144,823,65536,131072,131072,131072,262144,110,65536,131072,131072,131072,131072,96,0,0,0,0,0,0,0,0,0,0,0,0,0,0,0,0,0,0,0,0,0,0,0,0,0,0,0,0,0,0,0,0,0,0,0,0,2,0,29233,34931,53093,0,41,20,254
42352148559100,3991,4096,8192,16384,28630,512,512,1024,4046,4096,8192,16384,3219,4096,8192,16384,806,8192,8192,16384,36,2048,4096,4096,837,512,1024,2048,3244,1024,2048,2048,509,4096,8192,8192,7,2048,131072,262144,41747,1048576,2097152,2097152,41,1048576,1048576,1048576,41,524288,524288,524288,41,1024,2048,2048,41,64,32768,32768,41,256,512,1024,5297,256,512,1024,5180,256,512,1024,257670,256,512,1024,28971,128,512,1024,4560,256,512,1024,6903,512,1024,2048,1602,256,512,1024,1530,256,512,1024,25803,256,512,1024,3060,128,512,1024,465,128,512,1024,324,128,512,1024,324,256,1024,1024,63,1024,2048,2048,11,1024,1024,1024,14,64,64,128,25,64,64,128,21,128,32768,32768,21,17.33,11.98,5.35,14,36,27,837,92,91,0,262144,262144,262144,262144,262144,14,131072,131072,131072,131072,131072,36,131072,131072,131072,131072,262144,27,65536,131072,131072,131072,262144,837,131072,131072,131072,131072,262144,92,65536,131072,131072,131072,131072,91,0,0,0,0,0,0,0,0,0,0,0,0,0,0,0,0,0,0,0,0,0,0,0,0,0,0,0,0,0,0,0,0,0,0,0,0,2,0,30114,35256,55717,0,41,21,254
42353168474000,4000,4096,4096,16384,28252,512,512,1024,3980,4096,8192,8192,3206,4096,16384,16384,799,8192,8192,8192,44,2048,2048,4096,789,512,1024,1024,3191,1024,2048,2048,565,4096,4096,4096,15,1024,131072,262144,41272,1048576,2097152,2097152,41,1048576,1048576,1048576,41,524288,524288,524288,41,1024,2048,2048,41,64,16384,32768,41,256,512,1024,5098,256,512,1024,5017,256,512,1024,254268,256,512,1024,28854,128,512,512,4533,256,512,1024,6876,512,1024,2048,1526,256,512,1024,1553,256,512,1024,26190,128,512,512,3204,128,512,512,495,128,512,512,315,256,512,1024,396,256,512,1024,135,2048,2048,2048,7,1024,1024,1024,8,64,64,64,15,64,128,128,20,128,16384,16384,20,18.25,12.63,5.62,8,44,22,789,88,94,0,262144,262144,262144,262144,524288,8,131072,131072,262144,262144,262144,44,65536,131072,131072,131072,131072,22,65536,131072,131072,262144,262144,791,131072,131072,131072,131072,131072,88,65536,131072,131072,131072,131072,94,0,0,0,0,0,0,0,0,0,0,0,0,0,0,0,0,0,0,0,0,0,0,0,0,0,0,0,0,0,0,0,0,0,0,0,0,0,0,30038,35250,55098,0,41,20,254
42354188718300,3940,4096,4096,16384,28270,256,512,1024,3996,4096,8192,8192,3199,4096,16384,16384,801,8192,8192,16384,36,2048,2048,4096,824,512,1024,1024,3206,1024,2048,2048,544,4096,4096,4096,18,1024,131072,262144,41346,1048576,2097152,2097152,41,1048576,1048576,1048576,41,524288,524288,524288,41,1024,1024,2048,41,64,32768,32768,41,256,512,1024,4977,256,512,1024,5517,256,512,1024,254430,256,512,1024,28791,128,512,1024,4812,256,512,1024,6786,512,1024,2048,1398,256,512,1024,1569,256,512,1024,25605,256,512,1024,3141,128,512,1024,438,256,512,1024,432,256,512,1024,324,256,512,1024,162,0,0,0,0,0,0,0,0,0,0,0,0,64,128,128,21,128,128,128,21,20.04,14.04,6.00,0,36,16,824,96,76,60,0,0,0,0,0,0,65536,131072,131072,131072,131072,36,65536,131072,131072,131072,131072,16,65536,131072,131072,262144,524288,823,131072,131072,131072,131072,262144,95,65536,131072,262144,262144,8388608,76,262144,262144,262144,262144,524288,60,0,0,0,0,0,0,0,0,0,0,0,0,0,0,0,0,0,0,0,0,0,0,0,0,0,0,0,0,0,0,2,0,29767,34981,53132,0,41,21,254
42355207429400,3940,4096,4096,16384,27498,512,512,1024,3931,4096,8192,8192,3085,4096,8192,16384,788,8192,8192,8192,38,2048,2048,4096,770,512,1024,2048,3090,1024,2048,2048,562,4096,4096,8192,28,1024,131072,262144,40232,1048576,2097152,2097152,40,1048576,1048576,1048576,40,524288,524288,524288,40,1024,2048,2048,40,64,65536,65536,40,256,512,1024,5129,256,512,1024,5129,256,512,1024,247482,256,512,1024,27765,128,512,1024,4739,256,512,1024,6426,512,1024,2048,1332,256,512,1024,1395,128,512,1024,25767,128,512,1024,3276,128,512,1024,504,128,512,1024,306,256,512,1024,342,256,512,1024,252,0,0,0,0,0,0,0,0,0,0,0,0,64,128,128,20,128,128,128,20,15.08,11.63,3.45,0,38,30,770,81,101,0,0,0,0,0,0,0,65536,131072,131072,131072,131072,38,65536,131072,131072,131072,131072,30,65536,131072,131072,262144,262144,771,131072,131072,131072,131072,262144,82,65536,131072,131072,131072,131072,101,0,0,0,0,0,0,0,0,0,0,0,0,0,0,0,0,0,0,0,0,0,0,0,0,0,0,0,0,0,0,0,0,0,0,0,0,0,0,29535,34764,54464,0,40,20,254
42356229333700,3880,4096,4096,16384,28335,512,512,1024,3906,4096,8192,8192,3179,4096,16384,16384,808,8192,8192,16384,48,2048,2048,4096,796,512,1024,1024,3195,1024,2048,2048,542,4096,8192,8192,17,2048,131072,262144,41300,1048576,2097152,2097152,41,1048576,1048576,1048576,41,524288,524288,524288,41,1024,2048,2048,41,64,65536,65536,41,256,512,1024,4790,256,512,1024,5330,256,512,1024,255015,256,512,1024,28611,128,512,1024,5030,256,512,1024,6822,512,1024,2048,1368,256,512,1024,1593,256,512,1024,24948,128,512,1024,3105,128,512,512,468,256,512,1024,450,256,512,1024,432,256,1024,1024,153,1024,2048,2048,3,0,0,0,1,64,64,64,4,64,128,128,20,128,128,128,20,16.07,11.48,4.59,1,48,22,796,91,103,60,0,0,0,0,262144,1,65536,131072,131072,131072,131072,48,131072,131072,131072,131072,131072,22,65536,131072,131072,131072,262144,794,131072,131072,131072,131072,131072,91,65536,131072,131072,131072,131072,103,262144,262144,262144,262144,524288,60,0,0,0,0,0,0,0,0,0,0,0,0,0,0,0,0,0,0,0,0,0,0,0,0,0,0,0,0,0,0,2,0,29926,35151,53522,0,41,20,254
42357250225700,3891,4096,4096,16384,26257,512,512,1024,3868,4096,8192,8192,3047,4096,8192,16384,750,8192,8192,8192,39,2048,2048,4096,822,512,1024,2048,3090,1024,2048,2048,478,4096,4096,4096,21,1024,131072,262144,38788,1048576,1048576,2097152,41,1048576,1048576,1048576,41,524288,524288,524288,41,1024,2048,2048,41,64,65536,65536,41,256,512,1024,5134,256,512,1024,5035,256,512,1024,236313,256,512,1024,27423,128,512,512,4353,256,512,1024,6300,512,1024,2048,1485,256,512,1024,1359,128,512,1024,24291,128,512,1024,3024,128,512,512,563,128,512,512,297,256,512,1024,351,256,512,1024,189,2048,2048,2048,10,1024,1024,1024,10,64,64,64,20,64,128,128,21,128,16384,16384,21,17.97,12.87,5.10,10,39,22,822,86,100,0,262144,262144,262144,262144,262144,10,65536,131072,131072,131072,262144,39,65536,131072,131072,131072,262144,22,65536,131072,131072,262144,4194304,824,131072,131072,262144,262144,262144,86,65536,131072,131072,131072,131072,100,0,0,0,0,0,0,0,0,0,0,0,0,0,0,0,0,0,0,0,0,0,0,0,0,0,0,0,0,0,0,0,0,0,0,0,0,0,0,29804,33293,53534,0,41,21,254
42358271595400,3909,4096,4096,16384,27250,512,512,1024,3889,4096,8192,8192,3151,4096,8192,16384,803,8192,8192,16384,30,2048,2048,4096,766,512,1024,1024,3108,1024,2048,2048,546,4096,4096,4096,14,256,131072,262144,39962,1048576,2097152,2097152,41,1048576,1048576,1048576,41,524288,524288,524288,41,1024,1024,1024,41,64,32768,65536,41,256,512,1024,5292,256,512,1024,5130,256,512,1024,245250,128,512,1024,28359,128,512,1024,4526,128,512,1024,6813,512,1024,1024,1347,256,512,1024,1320,128,512,1024,23364,128,512,1024,3276,128,512,1024,548,256,512,1024,252,256,512,1024,270,256,512,1024,126,1024,2048,2048,20,1024,1024,1024,18,64,64,256,38,64,128,128,20,16384,32768,32768,20,15.05,11.10,3.95,18,30,22,766,90,70,0,262144,262144,262144,262144,262144,18,65536,131072,131072,131072,262144,30,65536,131072,131072,131072,131072,22,65536,131072,131072,262144,262144,764,131072,131072,131072,131072,524288,90,65536,131072,131072,131072,131072,70,0,0,0,0,0,0,0,0,0,0,0,0,0,0,0,0,0,0,0,0,0,0,0,0,0,0,0,0,0,0,0,0,0,0,0,0,2,0,28461,34093,54924,0,41,20,254
42359291619300,3933,4096,4096,16384,28614,512,512,1024,3902,4096,8192,16384,3164,4096,8192,16384,749,8192,8192,8192,24,2048,2048,4096,805,512,1024,1024,3180,1024,2048,2048,530,4096,4096,4096,20,1024,131072,262144,41396,1048576,2097152,2097152,41,1048576,1048576,1048576,41,524288,524288,524288,41,1024,1024,1024,41,64,32768,65536,41,256,512,1024,5101,256,512,1024,4885,256,512,1024,257526,256,512,1024,28476,128,512,1024,4168,128,512,1024,6615,512,1024,1024,1365,256,512,1024,1392,128,512,1024,24651,128,512,1024,2763,128,512,512,546,128,512,1024,243,256,512,1024,216,256,512,1024,180,1024,2048,2048,23,1024,1024,1024,24,64,64,64,47,64,64,128,21,16384,32768,32768,21,15.57,11.23,4.34,24,24,22,805,71,82,0,262144,262144,262144,262144,262144,24,65536,131072,131072,131072,131072,24,65536,131072,131072,131072,262144,22,65536,131072,131072,262144,262144,806,131072,131072,131072,131072,131072,71,65536,131072,131072,131072,131072,82,0,0,0,0,0,0,0,0,0,0,0,0,0,0,0,0,0,0,0,0,0,0,0,0,0,0,0,0,0,0,0,0,0,0,0,0,1,0,30566,35313,54381,0,41,21,254
42360311605000,3956,4096,4096,16384,27695,512,512,1024,3926,4096,8192,16384,3140,4096,8192,16384,815,8192,8192,8192,39,2048,2048,4096,823,512,1024,1024,3160,1024,2048,2048,540,4096,8192,8192,25,2048,131072,262144,40612,1048576,2097152,2097152,40,1048576,1048576,1048576,40,524288,524288,524288,40,1024,2048,2048,40,64,32768,32768,41,256,512,1024,5535,256,512,1024,5328,256,512,1024,249255,256,512,1024,28260,128,512,512,4566,256,512,1024,7182,512,1024,1024,1632,256,512,1024,1533,256,512,1024,25407,128,512,1024,2934,256,512,1024,518,128,512,512,333,256,512,1024,351,256,512,1024,225,1024,2048,2048,24,1024,1024,1024,25,64,64,64,49,64,128,128,20,16384,32768,32768,20,18.38,14.04,4.34,25,39,19,823,81,92,0,262144,262144,262144,262144,524288,24,65536,131072,131072,131072,131072,38,65536,131072,131072,131072,131072,19,65536,131072,131072,262144,4194304,816,131072,131072,262144,262144,262144,79,65536,131072,131072,131072,131072,90,0,0,0,0,0,0,0,0,0,0,0,0,0,0,0,0,0,0,0,0,0,0,0,0,0,0,0,0,0,0,0,0,0,0,0,0,13,0,29810,34639,53652,0,40,20,254
42361332983100,3976,4096,8192,16384,28040,512,512,1024,3937,4096,8192,8192,3154,4096,16384,16384,805,8192,8192,8192,36,2048,2048,4096,803,512,1024,1024,3190,1024,2048,2048,543,4096,8192,8192,16,1024,131072,262144,40942,1048576,2097152,2097152,41,1048576,1048576,1048576,41,524288,524288,524288,41,1024,2048,2048,41,128,65536,65536,40,256,512,1024,5483,256,512,1024,5303,256,512,1024,252360,256,512,1024,28386,128,512,1024,4623,256,512,1024,6687,512,1024,2048,1443,256,512,1024,1398,256,512,1024,25569,128,512,1024,3006,128,512,1024,498,128,512,1024,342,256,512,1024,324,256,1024,1024,144,1024,2048,2048,21,1024,1024,1024,20,64,64,64,41,64,128,128,20,16384,32768,32768,20,17.34,12.11,5.23,20,36,17,803,96,86,0,262144,262144,262144,262144,262144,21,65536,131072,131072,131072,131072,37,65536,131072,131072,131072,131072,17,65536,131072,131072,262144,262144,809,131072,131072,131072,131072,262144,98,65536,131072,131072,131072,262144,88,0,0,0,0,0,0,0,0,0,0,0,0,0,0,0,0,0,0,0,0,0,0,0,0,0,0,0,0,0,0,0,0,0,0,0,0,2,0,29370,34772,54777,0,41,20,254
42362354563600,3993,4096,8192,16384,28016,512,512,1024,3962,4096,8192,8192,3179,4096,16384,32768,821,8192,8192,8192,38,2048,2048,4096,820,512,1024,1024,3190,1024,2048,2048,524,4096,4096,4096,23,1024,131072,262144,40991,1048576,2097152,2097152,41,1048576,1048576,1048576,41,524288,524288,524288,41,1024,2048,2048,41,64,65536,131072,41,256,512,1024,5246,256,512,1024,5093,256,512,1024,252144,256,512,1024,28611,128,512,1024,4685,128,512,1024,6669,512,1024,1024,1541,256,512,1024,1550,256,512,1024,26694,256,512,1024,3213,128,512,1024,465,128,512,1024,351,256,512,1024,342,256,512,1024,207,1024,2048,2048,14,1024,1024,1024,15,64,64,64,29,64,128,128,21,16384,32768,32768,21,17.98,12.88,5.10,15,38,14,820,93,83,0,262144,262144,262144,262144,262144,15,65536,131072,131072,131072,131072,38,65536,131072,131072,131072,131072,14,65536,131072,131072,262144,262144,820,131072,131072,131072,131072,131072,93,65536,131072,131072,131072,131072,83,0,0,0,0,0,0,0,0,0,0,0,0,0,0,0,0,0,0,0,0,0,0,0,0,0,0,0,0,0,0,0,0,0,0,0,0,2,0,29456,34546,54370,0,41,21,254
42363373055400,4000,4096,4096,16384,28190,512,512,1024,3986,4096,8192,8192,3215,4096,8192,16384,828,8192,8192,8192,40,2048,2048,4096,779,512,1024,1024,3237,1024,2048,2048,566,4096,4096,4096,28,1024,131072,262144,41237,1048576,2097152,2097152,41,1048576,1048576,1048576,41,524288,524288,524288,41,1024,2048,2048,41,64,65536,65536,41,256,512,1024,5461,256,512,1024,5398,256,512,1024,253710,256,512,1024,28935,128,512,512,4596,256,512,1024,6966,512,1024,2048,1617,256,512,1024,1536,256,512,1024,24138,128,512,1024,3132,128,512,1024,564,128,512,512,333,256,512,1024,360,256,512,1024,252,1024,2048,2048,5,1024,1024,1024,7,64,64,64,12,64,128,128,20,128,32768,32768,20,17.77,13.17,4.60,7,40,14,779,93,66,0,262144,262144,262144,262144,262144,7,65536,131072,131072,131072,131072,40,65536,131072,131072,131072,131072,14,65536,131072,131072,262144,262144,779,131072,131072,131072,131072,131072,93,65536,131072,131072,131072,131072,66,0,0,0,0,0,0,0,0,0,0,0,0,0,0,0,0,0,0,0,0,0,0,0,0,0,0,0,0,0,0,0,0,0,0,0,0,2,0,29042,34887,53817,0,41,20,254
42364395707900,3940,4096,4096,16384,28647,512,512,1024,3979,4096,8192,8192,3151,4096,16384,32768,824,8192,8192,16384,36,2048,2048,4096,813,512,1024,1024,3142,1024,2048,2048,524,4096,4096,4096,22,1024,131072,262144,41563,1048576,2097152,2097152,41,1048576,1048576,1048576,41,524288,524288,524288,41,512,1024,2048,41,64,16384,65536,41,256,512,1024,5042,256,512,1024,5582,256,512,1024,257823,128,512,1024,28359,128,512,1024,4885,256,512,1024,6831,512,1024,1024,1530,256,512,1024,1485,128,512,1024,26460,128,512,512,3024,128,512,1024,423,256,512,1024,288,256,512,1024,324,256,512,1024,198,0,0,0,0,0,0,0,0,0,0,0,0,64,128,128,21,128,128,128,21,17.69,12.60,5.09,0,36,15,813,104,100,60,0,0,0,0,0,0,65536,131072,131072,131072,131072,36,65536,131072,131072,131072,131072,15,65536,131072,131072,131072,262144,813,65536,131072,131072,131072,262144,104,65536,131072,131072,131072,131072,100,131072,262144,262144,262144,262144,60,0,0,0,0,0,0,0,0,0,0,0,0,0,0,0,0,0,0,0,0,0,0,0,0,0,0,0,0,0,0,2,0,29995,35059,55239,0,41,21,254
42365415452000,3940,4096,8192,16384,27880,512,512,1024,3929,4096,8192,16384,3166,4096,8192,16384,812,8192,8192,8192,35,2048,2048,4096,803,512,1024,1024,3121,1024,2048,2048,555,4096,4096,4096,23,2048,131072,262144,40729,1048576,2097152,2097152,41,1048576,1048576,1048576,41,524288,524288,524288,41,1024,2048,2048,41,64,65536,65536,41,256,512,1024,5084,256,512,1024,5084,256,512,1024,250920,256,512,1024,28494,128,512,1024,4605,256,512,1024,6687,512,1024,2048,1470,256,512,1024,1542,128,512,1024,26253,128,512,1024,3429,128,512,1024,468,128,512,1024,378,256,512,1024,315,256,512,512,207,0,0,0,0,0,0,0,0,0,0,0,0,64,64,64,20,128,128,128,20,19.29,14.18,5.11,0,35,13,803,93,101,0,0,0,0,0,0,0,65536,131072,131072,131072,131072,35,65536,131072,131072,131072,131072,13,65536,131072,131072,262144,4194304,802,131072,131072,262144,262144,524288,93,65536,131072,131072,131072,262144,101,0,0,0,0,0,0,0,0,0,0,0,0,0,0,0,0,0,0,0,0,0,0,0,0,0,0,0,0,0,0,0,0,0,0,0,0,2,0,29966,34770,53264,0,41,20,254
42366435855700,3883,4096,4096,16384,27861,512,512,1024,3899,4096,8192,8192,3167,4096,8192,16384,783,8192,8192,8192,30,2048,2048,4096,815,512,1024,1024,3196,1024,2048,2048,538,4096,8192,8192,22,1024,131072,262144,40665,1048576,1048576,2097152,40,1048576,1048576,1048576,40,524288,524288,524288,40,1024,2048,2048,40,64,32768,65536,41,256,512,1024,4787,256,512,1024,5300,256,512,1024,250749,256,512,1024,28503,128,512,1024,4562,256,512,1024,6345,512,1024,1024,1482,256,512,1024,1311,128,512,1024,24822,128,512,1024,3096,128,512,512,552,256,512,512,270,256,512,1024,270,256,1024,2048,198,2048,2048,2048,6,1024,1024,1024,5,64,64,64,11,64,64,64,21,128,16384,32768,21,15.70,11.74,3.96,5,30,7,815,94,102,60,262144,262144,262144,262144,262144,5,65536,131072,131072,131072,131072,30,65536,131072,131072,131072,131072,7,65536,131072,131072,262144,262144,817,131072,131072,262144,262144,262144,93,65536,131072,262144,262144,262144,100,131072,262144,262144,262144,262144,60,0,0,0,0,0,0,0,0,0,0,0,0,0,0,0,0,0,0,0,0,0,0,0,0,0,0,0,0,0,0,4,0,29822,34572,53205,241,40,21,254
42367455104100,3894,4096,4096,16384,27539,512,512,1024,3847,4096,8192,8192,3046,4096,8192,16384,786,8192,8192,8192,30,2048,2048,4096,784,512,1024,1024,3082,1024,2048,2048,478,4096,8192,8192,18,1024,131072,262144,40047,1048576,2097152,2097152,41,1048576,1048576,1048576,41,524288,524288,524288,41,1024,2048,2048,41,64,16384,65536,40,256,512,1024,5239,256,512,1024,5140,256,512,1024,247851,256,512,1024,27414,128,512,512,4643,256,512,1024,6417,512,1024,1024,1416,256,512,1024,1497,128,512,1024,25074,128,512,512,3132,128,512,512,678,256,512,512,279,256,512,1024,270,256,1024,1024,162,1024,2048,2048,10,1024,1024,1024,9,64,64,64,19,64,128,128,20,128,32768,32768,20,17.10,11.49,5.62,9,30,12,784,90,89,0,262144,262144,262144,262144,262144,9,65536,131072,131072,131072,131072,30,65536,131072,131072,131072,262144,12,65536,131072,131072,262144,262144,784,131072,131072,131072,131072,262144,91,65536,131072,131072,131072,131072,91,0,0,0,0,0,0,0,0,0,0,0,0,0,0,0,0,0,0,0,0,0,0,0,0,0,0,0,0,0,0,0,0,0,0,0,0,1,0,29486,34140,54375,0,41,20,254
42368477030700,3917,4096,4096,16384,28543,512,512,1024,3926,4096,8192,16384,3234,4096,16384,16384,827,8192,8192,8192,35,2048,2048,4096,787,512,1024,1024,3207,1024,2048,2048,550,4096,4096,4096,18,2048,131072,262144,41562,1048576,2097152,2097152,41,1048576,1048576,1048576,41,524288,524288,524288,41,1024,2048,2048,41,64,65536,65536,41,256,512,1024,5267,256,512,1024,5060,256,512,1024,256887,256,512,1024,29106,128,512,1024,4653,256,512,1024,6849,512,1024,2048,1431,256,512,1024,1449,256,512,1024,25740,128,512,1024,3024,128,512,512,483,256,512,1024,306,256,512,1024,315,256,512,512,162,1024,2048,2048,26,512,1024,1024,25,64,64,128,51,64,128,128,20,16384,32768,32768,20,17.08,12.74,4.33,25,35,16,787,80,89,0,262144,262144,262144,262144,262144,23,65536,131072,131072,131072,262144,35,65536,131072,131072,131072,131072,16,65536,131072,262144,262144,262144,788,131072,131072,262144,262144,262144,80,65536,131072,131072,131072,131072,89,0,0,0,0,0,0,0,0,0,0,0,0,0,0,0,0,0,0,0,0,0,0,0,0,0,0,0,0,0,0,0,0,0,0,0,0,2,0,29920,35693,53496,0,41,20,254
42369497269000,3942,4096,8192,16384,26976,512,512,1024,3907,4096,8192,16384,3029,4096,8192,16384,730,8192,8192,8192,32,2048,2048,4096,779,512,1024,1024,3049,1024,2048,2048,547,4096,4096,4096,12,2048,131072,262144,39457,1048576,2097152,2097152,41,1048576,1048576,1048576,41,524288,524288,524288,41,1024,1024,2048,41,64,128,32768,41,256,512,1024,5724,256,512,1024,5499,256,512,1024,242784,256,512,1024,27261,128,512,1024,4266,256,512,1024,6165,512,1024,2048,1448,256,512,1024,1457,128,512,1024,26145,128,512,1024,3375,256,512,1024,489,256,512,1024,234,256,512,1024,288,256,512,1024,108,1024,2048,2048,23,1024,1024,1024,23,64,64,128,46,64,128,128,21,16384,32768,32768,21,17.48,12.51,4.98,23,32,18,779,76,84,0,262144,262144,262144,262144,524288,25,65536,131072,131072,131072,131072,32,65536,131072,131072,131072,131072,18,65536,131072,131072,262144,262144,779,131072,131072,131072,131072,131072,76,65536,131072,131072,131072,131072,84,0,0,0,0,0,0,0,0,0,0,0,0,0,0,0,0,0,0,0,0,0,0,0,0,0,0,0,0,0,0,0,0,0,0,0,0,0,0,28896,34121,54740,0,41,21,254
42370517699600,3963,4096,4096,16384,28541,256,512,1024,3950,4096,8192,16384,3240,4096,16384,16384,837,8192,8192,8192,36,2048,2048,4096,850,512,1024,1024,3239,1024,2048,2048,514,4096,4096,4096,11,64,131072,262144,41648,1048576,2097152,2097152,41,1048576,1048576,1048576,41,524288,524288,524288,41,1024,2048,2048,41,64,16384,16384,41,256,512,1024,5239,256,512,1024,5050,256,512,1024,256869,128,512,1024,29160,128,512,1024,5114,128,512,1024,6426,512,1024,2048,1404,256,512,1024,1476,128,512,1024,26199,128,512,1024,3123,256,512,1024,492,128,512,1024,378,256,512,1024,324,256,512,512,99,1024,2048,2048,20,1024,1024,1024,21,64,64,64,41,64,128,128,20,16384,32768,32768,20,17.74,12.12,5.62,21,36,18,850,82,85,0,262144,262144,262144,262144,524288,21,65536,131072,131072,131072,131072,36,65536,131072,131072,131072,131072,18,65536,131072,262144,524288,1048576,848,131072,131072,131072,131072,262144,82,65536,131072,131072,131072,262144,85,0,0,0,0,0,0,0,0,0,0,0,0,0,0,0,0,0,0,0,0,0,0,0,0,0,0,0,0,0,0,0,0,0,0,0,0,2,0,27299,33371,56096,112,41,20,254
42371538154700,3982,4096,8192,16384,28398,256,512,1024,3957,4096,8192,8192,3188,4096,16384,16384,787,8192,8192,8192,34,2048,2048,4096,807,512,1024,2048,3204,1024,2048,2048,563,4096,4096,4096,22,1024,131072,262144,41388,1048576,2097152,2097152,41,1048576,1048576,1048576,41,524288,524288,524288,41,1024,2048,2048,41,64,32768,131072,41,256,512,1024,5453,256,512,1024,5282,256,512,1024,255582,256,512,1024,28692,128,512,1024,4482,256,512,1024,6390,512,1024,2048,1356,256,512,1024,1419,256,512,1024,25884,128,512,1024,2862,256,512,1024,558,128,512,1024,333,256,512,1024,306,256,512,1024,198,1024,2048,2048,19,1024,1024,1024,20,64,64,64,39,64,128,128,21,16384,32768,32768,21,15.83,11.87,3.96,20,34,36,807,107,87,0,262144,262144,262144,262144,262144,19,65536,131072,262144,262144,262144,34,65536,131072,131072,131072,131072,36,65536,131072,131072,262144,262144,807,65536,131072,262144,262144,262144,104,65536,131072,131072,131072,262144,86,0,0,0,0,0,0,0,0,0,0,0,0,0,0,0,0,0,0,0,0,0,0,0,0,0,0,0,0,0,0,0,0,0,0,0,0,6,0,28750,34737,54846,0,41,21,254
42372557317500,3992,4096,8192,16384,27158,512,512,1024,3953,4096,8192,8192,3115,4096,16384,16384,810,8192,8192,8192,39,2048,2048,4096,783,512,1024,4096,3115,1024,2048,2048,539,4096,4096,4096,20,1024,131072,262144,39933,1048576,2097152,2097152,40,1048576,1048576,1048576,40,524288,524288,524288,40,1024,2048,2048,40,64,65536,65536,40,256,512,1024,5333,256,512,1024,5243,256,512,1024,244422,256,512,1024,28035,128,512,1024,4672,256,512,1024,6642,512,1024,2048,1455,256,512,1024,1410,256,512,1024,23724,256,512,1024,2916,128,512,1024,507,256,512,1024,333,256,512,1024,351,256,512,1024,180,1024,2048,2048,11,1024,1024,1024,10,64,64,64,21,64,128,128,20,256,16384,16384,20,16.85,12.64,4.21,10,39,36,783,97,105,0,262144,262144,262144,262144,262144,11,131072,131072,131072,131072,131072,39,65536,131072,131072,131072,131072,36,65536,131072,131072,262144,262144,785,65536,131072,131072,131072,131072,100,65536,131072,131072,131072,131072,106,0,0,0,0,0,0,0,0,0,0,0,0,0,0,0,0,0,0,0,0,0,0,0,0,0,0,0,0,0,0,0,0,0,0,0,0,0,0,29850,34401,53754,0,40,20,254
42373578270800,4000,4096,4096,16384,27713,256,512,1024,3975,4096,8192,8192,3185,4096,8192,16384,818,8192,8192,16384,39,2048,2048,4096,799,512,1024,2048,3222,1024,2048,2048,549,4096,4096,4096,23,1024,131072,262144,40774,1048576,2097152,2097152,41,1048576,1048576,1048576,41,524288,524288,524288,41,1024,2048,2048,41,64,32768,32768,41,256,512,1024,5403,256,512,1024,5331,256,512,1024,249417,256,512,1024,28665,128,512,512,4580,256,512,1024,7047,512,1024,1024,1462,256,512,1024,1390,256,512,1024,25434,256,512,1024,3186,128,512,1024,432,128,512,512,423,256,512,1024,351,256,512,1024,207,2048,2048,2048,5,512,1024,1024,7,64,64,64,12,64,128,128,20,128,16384,16384,20,17.86,13.01,4.85,7,39,36,799,97,92,0,262144,262144,262144,262144,262144,7,65536,131072,131072,131072,131072,39,65536,131072,131072,131072,131072,36,65536,131072,131072,262144,262144,799,131072,131072,131072,131072,131072,97,65536,131072,131072,131072,262144,92,0,0,0,0,0,0,0,0,0,0,0,0,0,0,0,0,0,0,0,0,0,0,0,0,0,0,0,0,0,0,0,0,0,0,0,0,0,0,28848,34559,54377,0,41,20,254
42374598305500,3900,4096,8192,16384,26683,512,512,1024,3913,4096,8192,16384,3037,4096,8192,16384,730,8192,8192,16384,40,2048,4096,4096,800,512,1024,4096,3066,1024,2048,2048,503,4096,8192,8192,17,1024,131072,262144,39262,1048576,2097152,2097152,41,1048576,1048576,1048576,41,524288,524288,1048576,41,1024,2048,2048,41,64,65536,65536,41,256,512,1024,5018,256,512,1024,5918,256,512,1024,240147,256,512,1024,27333,128,512,1024,4083,256,512,1024,6426,512,1024,2048,1421,256,512,1024,1385,256,512,1024,24552,128,512,1024,2979,128,512,512,419,128,512,512,234,256,512,1024,360,256,1024,1024,153,0,0,0,0,0,0,0,0,0,0,0,0,64,128,128,21,128,128,128,21,18.89,12.89,6.00,0,40,55,800,87,87,100,0,0,0,0,0,0,65536,131072,131072,131072,262144,40,65536,131072,131072,131072,131072,55,65536,131072,131072,262144,262144,799,131072,131072,262144,262144,262144,87,65536,131072,262144,262144,262144,87,131072,262144,262144,262144,262144,100,0,0,0,0,0,0,0,0,0,0,0,0,0,0,0,0,0,0,0,0,0,0,0,0,0,0,0,0,0,0,1,0,28437,32680,56382,0,41,21,254
42375619378600,3740,4096,8192,16384,14262,512,512,1024,1984,4096,8192,8192,1600,4096,16384,16384,413,8192,8192,8192,15,2048,4096,4096,387,512,1024,4096,1572,1024,2048,2048,254,4096,4096,4096,15,8192,131072,524288,20659,1048576,2097152,2097152,41,1048576,1048576,1048576,41,524288,524288,524288,41,512,1024,1024,41,64,2048,16384,41,256,512,1024,4197,256,512,1024,5637,256,512,1024,128358,256,512,1024,14400,128,512,1024,2182,256,512,1024,3393,512,1024,2048,1569,256,512,1024,1290,256,512,1024,29664,128,512,1024,2331,256,512,1024,462,256,512,512,153,256,1024,1024,135,256,512,1024,135,0,0,0,0,0,0,0,0,0,0,0,0,64,128,128,20,128,128,128,20,13.52,10.46,3.06,0,15,36,387,94,67,160,0,0,0,0,0,0,65536,131072,131072,131072,131072,15,131072,131072,131072,131072,131072,36,65536,131072,131072,262144,262144,388,131072,131072,262144,262144,262144,94,65536,131072,131072,131072,131072,67,131072,262144,262144,262144,262144,160,0,0,0,0,0,0,0,0,0,0,0,0,0,0,0,0,0,0,0,0,0,0,0,0,0,0,0,0,0,0,0,0,35300,19784,44555,0,41,20,254
42376638836600,3640,4096,8192,16384,13439,512,512,1024,1943,4096,8192,8192,1619,4096,16384,16384,409,8192,8192,8192,19,2048,4096,4096,411,512,1024,4096,1607,1024,2048,2048,265,4096,8192,8192,9,8192,131072,524288,19898,1048576,2097152,2097152,41,1048576,1048576,1048576,41,524288,524288,524288,41,512,1024,1024,41,64,128,32768,41,256,512,1024,4226,256,512,1024,5126,256,512,1024,120951,256,512,1024,14571,128,512,1024,2223,256,512,1024,3375,512,1024,2048,1347,256,512,1024,1230,256,512,1024,27909,128,512,1024,2178,128,512,1024,591,256,512,512,162,256,512,512,171,256,512,2048,81,0,0,0,0,0,0,0,0,0,0,0,0,64,128,128,21,128,128,128,21,14.44,10.86,3.58,0,19,35,411,91,88,100,0,0,0,0,0,0,65536,131072,131072,131072,131072,19,65536,131072,131072,131072,131072,35,65536,131072,131072,262144,2097152,409,131072,131072,131072,131072,131072,91,65536,131072,131072,131072,262144,88,131072,262144,262144,262144,262144,100,0,0,0,0,0,0,0,0,0,0,0,0,0,0,0,0,0,0,0,0,0,0,0,0,0,0,0,0,0,0,2,0,35562,19235,44207,0,41,21,254
42377660230000,3551,4096,8192,16384,13366,512,512,1024,1943,4096,8192,8192,1537,4096,8192,16384,392,8192,16384,16384,16,2048,4096,4096,394,512,1024,4096,1555,1024,2048,2048,275,4096,4096,4096,5,8192,131072,262144,19637,1048576,2097152,2097152,40,1048576,1048576,1048576,40,524288,524288,524288,40,256,1024,1024,40,64,65536,65536,40,256,512,1024,3752,256,512,1024,4553,256,512,1024,120294,256,512,1024,13833,128,512,1024,2182,256,512,1024,3213,512,1024,2048,1524,256,512,1024,1173,256,512,1024,25443,128,512,1024,2277,128,512,512,753,128,512,1024,153,256,1024,1024,144,256,512,512,45,1024,2048,2048,11,512,1024,1024,11,64,64,64,22,64,128,128,20,128,65536,65536,20,14.40,11.21,3.19,11,16,35,394,95,78,100,262144,262144,262144,262144,262144,11,65536,131072,131072,131072,131072,16,65536,131072,262144,262144,262144,35,65536,131072,131072,262144,262144,395,131072,131072,131072,131072,262144,95,65536,131072,131072,131072,131072,78,131072,262144,262144,262144,262144,100,0,0,0,0,0,0,0,0,0,0,0,0,0,0,0,0,0,0,0,0,0,0,0,0,0,0,0,0,0,0,0,0,35377,19089,44114,0,40,20,254
42378680055400,3400,4096,8192,16384,11784,512,512,1024,1942,4096,8192,8192,1342,4096,16384,32768,353,8192,8192,8192,16,2048,4096,4096,374,512,1024,4096,1421,1024,2048,2048,215,0,0,0,1,8192,131072,262144,17580,1048576,2097152,2097152,41,1048576,1048576,1048576,41,524288,524288,524288,41,512,1024,1024,41,64,128,8192,41,256,512,1024,4311,256,512,1024,5670,256,512,1024,106056,256,512,1024,12078,128,512,1024,2001,256,512,1024,2781,512,1024,1024,1509,256,512,1024,1212,256,512,1024,26847,128,512,1024,1737,128,512,1024,858,128,512,512,99,256,1024,1024,144,256,512,512,9,1024,2048,2048,49,1024,1024,1024,44,64,128,512,93,64,128,128,20,128,131072,131072,20,14.81,11.49,3.32,44,16,36,374,98,86,200,131072,262144,262144,262144,262144,44,65536,131072,131072,131072,131072,16,65536,131072,131072,131072,131072,36,65536,131072,131072,131072,131072,375,131072,131072,131072,131072,131072,98,65536,131072,131072,131072,131072,86,131072,262144,262144,262144,262144,200,0,0,0,0,0,0,0,0,0,0,0,0,0,0,0,0,0,0,0,0,0,0,0,0,0,0,0,0,0,0,0,0,33698,17222,43058,0,41,20,254
42379701228100,3200,0,0,0,0,0,0,0,0,0,0,0,0,0,0,0,0,0,0,0,0,0,0,0,0,0,0,0,0,0,0,0,0,0,0,0,0,0,0,0,0,1048576,1048576,1048576,41,524288,1048576,1048576,41,524288,524288,524288,41,512,512,512,41,64,128,128,41,256,1024,1024,2788,256,1024,1024,4588,0,0,0,0,0,0,0,0,0,0,0,0,0,0,0,0,512,1024,2048,1577,256,1024,1024,1109,256,512,1024,30555,128,512,1024,1449,128,512,1024,1005,0,0,0,0,0,0,0,0,0,0,0,0,0,0,0,0,0,0,0,0,0,0,0,0,64,128,128,21,128,128,256,21,11.48,9.44,2.04,0,0,0,0,93,75,200,0,0,0,0,0,0,0,0,0,0,0,0,0,0,0,0,0,0,0,0,0,0,0,0,131072,131072,131072,131072,262144,93,131072,131072,131072,131072,262144,75,131072,262144,262144,262144,262144,200,0,0,0,0,0,0,0,0,0,0,0,0,0,0,0,0,0,0,0,0,0,0,0,0,0,0,0,0,0,0,0,0,25133,200,27614,0,41,21,254
42380720872500,3000,0,0,0,0,0,0,0,0,0,0,0,0,0,0,0,0,0,0,0,0,0,0,0,0,0,0,0,0,0,0,0,0,0,0,0,0,0,0,0,0,1048576,1048576,1048576,41,524288,1048576,1048576,41,524288,524288,524288,41,512,1024,1024,41,64,128,128,41,256,1024,1024,2662,256,1024,1024,4462,0,0,0,0,0,0,0,0,0,0,0,0,0,0,0,0,512,1024,2048,1764,256,512,1024,1107,256,512,1024,29457,128,512,1024,1305,128,512,1024,1161,0,0,0,0,0,0,0,0,0,0,0,0,0,0,0,0,0,0,0,0,0,0,0,0,64,128,128,20,128,256,256,20,10.35,8.56,1.79,0,0,0,0,79,61,200,0,0,0,0,0,0,0,0,0,0,0,0,0,0,0,0,0,0,0,0,0,0,0,0,131072,131072,131072,131072,131072,79,65536,131072,131072,131072,262144,61,131072,262144,262144,262144,262144,200,0,0,0,0,0,0,0,0,0,0,0,0,0,0,0,0,0,0,0,0,0,0,0,0,0,0,0,0,0,0,0,0,23999,200,25871,0,41,20,254
42381741719500,2800,0,0,0,0,0,0,0,0,0,0,0,0,0,0,0,0,0,0,0,0,0,0,0,0,0,0,0,0,0,0,0,0,0,0,0,0,0,0,0,0,1048576,1048576,2097152,41,524288,1048576,1048576,41,524288,524288,524288,41,512,512,1024,41,64,128,128,41,256,1024,1024,2531,256,512,1024,4331,0,0,0,0,0,0,0,0,0,0,0,0,0,0,0,0,512,1024,2048,1605,256,512,1024,1101,256,512,1024,27261,128,512,1024,1071,64,512,512,1638,0,0,0,0,0,0,0,0,0,0,0,0,0,0,0,0,0,0,0,0,0,0,0,0,64,128,128,21,128,128,256,21,10.07,9.18,0.89,0,0,0,0,71,68,200,0,0,0,0,0,0,0,0,0,0,0,0,0,0,0,0,0,0,0,0,0,0,0,0,131072,131072,262144,262144,262144,71,65536,131072,131072,131072,262144,68,131072,262144,262144,262144,262144,200,0,0,0,0,0,0,0,0,0,0,0,0,0,0,0,0,0,0,0,0,0,0,0,0,0,0,0,0,0,0,0,0,22732,200,24722,0,41,21,254
42382760712200,2600,0,0,0,0,0,0,0,0,0,0,0,0,0,0,0,0,0,0,0,0,0,0,0,0,0,0,0,0,0,0,0,0,0,0,0,0,0,0,0,0,1048576,1048576,1048576,40,524288,524288,524288,40,524288,524288,524288,40,512,1024,1024,40,64,128,128,41,256,512,1024,2327,256,512,1024,4127,0,0,0,0,0,0,0,0,0,0,0,0,0,0,0,0,512,1024,2048,1568,256,1024,1024,1064,256,512,1024,25119,128,512,1024,891,64,512,1024,1920,0,0,0,0,0,0,0,0,0,0,0,0,0,0,0,0,0,0,0,0,0,0,0,0,64,128,128,20,128,128,128,20,9.97,8.57,1.41,0,0,0,0,68,74,200,0,0,0,0,0,0,0,0,0,0,0,0,0,0,0,0,0,0,0,0,0,0,0,0,131072,131072,131072,131072,262144,68,65536,131072,262144,262144,262144,73,131072,262144,262144,262144,262144,200,0,0,0,0,0,0,0,0,0,0,0,0,0,0,0,0,0,0,0,0,0,0,0,0,0,0,0,0,0,0,0,0,20969,200,22720,0,40,20,254
42383782460200,2400,0,0,0,0,0,0,0,0,0,0,0,0,0,0,0,0,0,0,0,0,0,0,0,0,0,0,0,0,0,0,0,0,0,0,0,0,0,0,0,0,1048576,1048576,1048576,41,524288,524288,524288,41,524288,524288,524288,41,512,1024,1024,41,128,128,128,40,256,512,1024,2118,128,1024,1024,3918,0,0,0,0,0,0,0,0,0,0,0,0,0,0,0,0,512,1024,2048,1695,256,512,1024,1083,256,512,1024,24480,128,512,512,1134,64,512,512,1913,0,0,0,0,0,0,0,0,0,0,0,0,0,0,0,0,0,0,0,0,0,0,0,0,64,128,128,20,128,256,256,20,10.19,8.53,1.66,0,0,0,0,60,68,200,0,0,0,0,0,0,0,0,0,0,0,0,0,0,0,0,0,0,0,0,0,0,0,0,131072,131072,262144,262144,262144,60,65536,131072,131072,131072,131072,69,131072,262144,262144,262144,262144,200,0,0,0,0,0,0,0,0,0,0,0,0,0,0,0,0,0,0,0,0,0,0,0,0,0,0,0,0,0,0,0,0,19693,200,21351,0,41,20,254
42384801905800,2200,0,0,0,0,0,0,0,0,0,0,0,0,0,0,0,0,0,0,0,0,0,0,0,0,0,0,0,0,0,0,0,0,0,0,0,0,0,0,0,0,1048576,1048576,1048576,41,524288,524288,524288,41,524288,524288,524288,41,512,1024,1024,41,128,128,128,41,256,512,1024,1946,128,512,1024,3746,0,0,0,0,0,0,0,0,0,0,0,0,0,0,0,0,512,1024,2048,1296,256,512,1024,954,128,512,1024,23751,128,512,1024,729,64,512,512,2285,0,0,0,0,0,0,0,0,0,0,0,0,0,0,0,0,0,0,0,0,0,0,0,0,64,128,128,21,128,128,256,21,10.60,9.20,1.41,0,0,0,0,57,63,200,0,0,0,0,0,0,0,0,0,0,0,0,0,0,0,0,0,0,0,0,0,0,0,0,131072,131072,262144,262144,262144,57,65536,131072,131072,131072,262144,63,131072,262144,262144,262144,262144,200,0,0,0,0,0,0,0,0,0,0,0,0,0,0,0,0,0,0,0,0,0,0,0,0,0,0,0,0,0,0,0,0,18223,200,20875,0,41,21,254
42385822454900,2000,0,0,0,0,0,0,0,0,0,0,0,0,0,0,0,0,0,0,0,0,0,0,0,0,0,0,0,0,0,0,0,0,0,0,0,0,0,0,0,0,1048576,1048576,1048576,41,524288,524288,524288,41,524288,524288,524288,41,512,1024,1024,41,64,128,256,41,256,512,1024,1899,128,512,1024,3699,0,0,0,0,0,0,0,0,0,0,0,0,0,0,0,0,512,1024,2048,1430,256,512,1024,1097,128,512,1024,22860,128,512,1024,855,64,512,512,2691,0,0,0,0,0,0,0,0,0,0,0,0,0,0,0,0,0,0,0,0,0,0,0,0,64,128,128,20,128,128,128,20,10.58,9.69,0.89,0,0,0,0,51,59,200,0,0,0,0,0,0,0,0,0,0,0,0,0,0,0,0,0,0,0,0,0,0,0,0,131072,131072,262144,262144,262144,51,65536,131072,131072,131072,131072,59,131072,262144,262144,262144,262144,200,0,0,0,0,0,0,0,0,0,0,0,0,0,0,0,0,0,0,0,0,0,0,0,0,0,0,0,0,0,0,0,0,17402,200,18599,0,41,20,254
42386841160900,1800,0,0,0,0,0,0,0,0,0,0,0,0,0,0,0,0,0,0,0,0,0,0,0,0,0,0,0,0,0,0,0,0,0,0,0,0,0,0,0,0,1048576,1048576,1048576,41,262144,524288,524288,41,524288,524288,524288,41,512,512,1024,41,128,128,128,41,128,512,1024,1598,128,512,1024,3398,0,0,0,0,0,0,0,0,0,0,0,0,0,0,0,0,256,1024,1024,1301,256,512,1024,1022,128,512,512,21159,64,512,512,738,64,512,512,2486,0,0,0,0,0,0,0,0,0,0,0,0,0,0,0,0,0,0,0,0,0,0,0,0,64,128,128,21,128,128,256,21,9.46,8.70,0.77,0,0,0,0,53,43,200,0,0,0,0,0,0,0,0,0,0,0,0,0,0,0,0,0,0,0,0,0,0,0,0,131072,131072,131072,131072,262144,53,65536,131072,262144,262144,262144,43,131072,262144,262144,262144,262144,200,0,0,0,0,0,0,0,0,0,0,0,0,0,0,0,0,0,0,0,0,0,0,0,0,0,0,0,0,0,0,0,0,16245,200,18410,0,41,21,254
42387862912300,1600,0,0,0,0,0,0,0,0,0,0,0,0,0,0,0,0,0,0,0,0,0,0,0,0,0,0,0,0,0,0,0,0,0,0,0,0,0,0,0,0,524288,1048576,1048576,41,262144,524288,524288,41,524288,524288,524288,41,512,512,512,41,128,128,128,41,128,512,1024,1409,128,512,1024,3209,0,0,0,0,0,0,0,0,0,0,0,0,0,0,0,0,256,1024,1024,1272,256,512,1024,1065,128,512,512,18414,64,512,512,747,64,256,512,2624,0,0,0,0,0,0,0,0,0,0,0,0,0,0,0,0,0,0,0,0,0,0,0,0,64,128,128,20,128,128,128,20,9.43,8.41,1.02,0,0,0,0,42,53,200,0,0,0,0,0,0,0,0,0,0,0,0,0,0,0,0,0,0,0,0,0,0,0,0,131072,131072,262144,262144,262144,42,131072,131072,131072,131072,131072,53,131072,262144,262144,262144,262144,200,0,0,0,0,0,0,0,0,0,0,0,0,0,0,0,0,0,0,0,0,0,0,0,0,0,0,0,0,0,0,0,0,14665,200,15836,0,41,20,254
42388883053100,1400,0,0,0,0,0,0,0,0,0,0,0,0,0,0,0,0,0,0,0,0,0,0,0,0,0,0,0,0,0,0,0,0,0,0,0,0,0,0,0,0,524288,1048576,1048576,40,262144,524288,524288,40,524288,524288,524288,40,512,1024,1024,40,128,256,256,40,64,512,1024,1332,64,512,1024,3132,0,0,0,0,0,0,0,0,0,0,0,0,0,0,0,0,256,1024,1024,1089,256,512,1024,972,64,512,512,16569,64,512,1024,693,64,512,512,3057,0,0,0,0,0,0,0,0,0,0,0,0,0,0,0,0,0,0,0,0,0,0,0,0,64,128,128,20,128,256,256,20,9.07,8.43,0.64,0,0,0,0,43,38,200,0,0,0,0,0,0,0,0,0,0,0,0,0,0,0,0,0,0,0,0,0,0,0,0,131072,131072,131072,131072,262144,43,65536,131072,131072,131072,262144,38,131072,262144,262144,262144,262144,200,0,0,0,0,0,0,0,0,0,0,0,0,0,0,0,0,0,0,0,0,0,0,0,0,0,0,0,0,0,0,0,0,12074,200,14082,0,40,20,254
42389903481600,1200,0,0,0,0,0,0,0,0,0,0,0,0,0,0,0,0,0,0,0,0,0,0,0,0,0,0,0,0,0,0,0,0,0,0,0,0,0,0,0,0,524288,524288,1048576,41,262144,262144,262144,41,262144,524288,524288,41,256,512,1024,41,64,128,128,41,64,512,512,1227,64,512,512,3027,0,0,0,0,0,0,0,0,0,0,0,0,0,0,0,0,256,1024,1024,924,256,512,512,924,64,512,512,15282,64,256,512,621,64,256,512,3077,0,0,0,0,0,0,0,0,0,0,0,0,0,0,0,0,0,0,0,0,0,0,0,0,64,128,128,21,128,128,128,21,9.69,8.54,1.15,0,0,0,0,25,40,200,0,0,0,0,0,0,0,0,0,0,0,0,0,0,0,0,0,0,0,0,0,0,0,0,131072,131072,131072,131072,131072,25,131072,131072,131072,131072,262144,40,131072,262144,262144,262144,262144,200,0,0,0,0,0,0,0,0,0,0,0,0,0,0,0,0,0,0,0,0,0,0,0,0,0,0,0,0,0,0,0,0,10743,200,12088,0,41,21,254
42390922889600,1000,0,0,0,0,0,0,0,0,0,0,0,0,0,0,0,0,0,0,0,0,0,0,0,0,0,0,0,0,0,0,0,0,0,0,0,0,0,0,0,0,524288,524288,524288,41,131072,262144,262144,41,262144,524288,524288,41,256,512,512,41,128,256,256,41,64,512,512,879,64,512,512,2679,0,0,0,0,0,0,0,0,0,0,0,0,0,0,0,0,256,1024,1024,909,128,512,512,909,64,512,512,14382,64,512,512,522,0,256,512,3038,0,0,0,0,0,0,0,0,0,0,0,0,0,0,0,0,0,0,0,0,0,0,0,0,128,128,128,20,128,128,128,20,8.82,8.31,0.51,0,0,0,0,24,22,200,0,0,0,0,0,0,0,0,0,0,0,0,0,0,0,0,0,0,0,0,0,0,0,0,131072,131072,131072,131072,262144,24,131072,131072,131072,131072,131072,22,131072,262144,262144,262144,262144,200,0,0,0,0,0,0,0,0,0,0,0,0,0,0,0,0,0,0,0,0,0,0,0,0,0,0,0,0,0,0,0,0,8640,200,10111,0,41,20,254
42391943913600,800,0,0,0,0,0,0,0,0,0,0,0,0,0,0,0,0,0,0,0,0,0,0,0,0,0,0,0,0,0,0,0,0,0,0,0,0,0,0,0,0,524288,524288,1048576,41,131072,262144,262144,41,262144,524288,524288,41,256,1024,1024,41,128,128,128,41,64,512,512,882,64,512,512,2682,0,0,0,0,0,0,0,0,0,0,0,0,0,0,0,0,256,1024,1024,945,128,512,512,945,64,512,512,12168,64,256,512,594,0,256,512,3231,0,0,0,0,0,0,0,0,0,0,0,0,0,0,0,0,0,0,0,0,0,0,0,0,64,128,128,21,128,256,256,21,8.80,8.67,0.13,0,0,0,0,23,21,200,0,0,0,0,0,0,0,0,0,0,0,0,0,0,0,0,0,0,0,0,0,0,0,0,131072,262144,262144,262144,262144,23,131072,131072,262144,262144,262144,21,131072,262144,262144,262144,262144,200,0,0,0,0,0,0,0,0,0,0,0,0,0,0,0,0,0,0,0,0,0,0,0,0,0,0,0,0,0,0,0,0,7247,200,8796,0,41,21,254
42392963387800,600,0,0,0,0,0,0,0,0,0,0,0,0,0,0,0,0,0,0,0,0,0,0,0,0,0,0,0,0,0,0,0,0,0,0,0,0,0,0,0,0,524288,524288,524288,41,131072,262144,262144,41,262144,262144,262144,41,256,512,1024,41,128,128,128,41,64,512,512,612,64,512,1024,2412,0,0,0,0,0,0,0,0,0,0,0,0,0,0,0,0,128,1024,1024,834,64,512,512,834,64,256,512,10485,64,256,512,486,0,256,512,3598,0,0,0,0,0,0,0,0,0,0,0,0,0,0,0,0,0,0,0,0,0,0,0,0,128,128,128,20,128,128,128,20,9.07,8.43,0.64,0,0,0,0,13,16,200,0,0,0,0,0,0,0,0,0,0,0,0,0,0,0,0,0,0,0,0,0,0,0,0,131072,262144,262144,262144,262144,13,131072,262144,262144,262144,262144,16,131072,262144,262144,262144,262144,200,0,0,0,0,0,0,0,0,0,0,0,0,0,0,0,0,0,0,0,0,0,0,0,0,0,0,0,0,0,0,0,0,5340,200,6895,0,41,20,254
42393984634100,400,0,0,0,0,0,0,0,0,0,0,0,0,0,0,0,0,0,0,0,0,0,0,0,0,0,0,0,0,0,0,0,0,0,0,0,0,0,0,0,0,262144,524288,524288,40,131072,131072,131072,40,262144,524288,524288,40,256,512,512,40,128,128,128,40,64,512,512,462,64,256,512,2262,0,0,0,0,0,0,0,0,0,0,0,0,0,0,0,0,128,512,1024,837,64,512,512,837,64,256,512,8712,64,256,512,477,0,256,512,3178,0,0,0,0,0,0,0,0,0,0,0,0,0,0,0,0,0,0,0,0,0,0,0,0,64,128,128,20,128,128,128,20,8.67,8.41,0.25,0,0,0,0,17,13,200,0,0,0,0,0,0,0,0,0,0,0,0,0,0,0,0,0,0,0,0,0,0,0,0,131072,262144,262144,262144,262144,17,131072,262144,262144,262144,262144,13,131072,262144,262144,262144,262144,200,0,0,0,0,0,0,0,0,0,0,0,0,0,0,0,0,0,0,0,0,0,0,0,0,0,0,0,0,0,0,0,0,3879,200,5257,0,40,20,254
42395005362800,300,0,0,0,0,0,0,0,0,0,0,0,0,0,0,0,0,0,0,0,0,0,0,0,0,0,0,0,0,0,0,0,0,0,0,0,0,0,0,0,0,262144,524288,524288,41,65536,131072,131072,41,262144,262144,262144,41,256,512,1024,41,128,128,256,41,64,512,1024,322,64,512,1024,1222,0,0,0,0,0,0,0,0,0,0,0,0,0,0,0,0,128,512,1024,771,64,256,512,771,64,256,512,6732,0,256,512,378,0,256,256,3357,0,0,0,0,0,0,0,0,0,0,0,0,0,0,0,0,0,0,0,0,0,0,0,0,64,128,128,21,128,256,256,21,8.54,8.29,0.26,0,0,0,0,9,13,100,0,0,0,0,0,0,0,0,0,0,0,0,0,0,0,0,0,0,0,0,0,0,0,0,131072,131072,131072,131072,262144,9,131072,131072,131072,131072,262144,13,131072,262144,262144,262144,262144,100,0,0,0,0,0,0,0,0,0,0,0,0,0,0,0,0,0,0,0,0,0,0,0,0,0,0,0,0,0,0,0,0,2639,100,3381,0,41,21,254
42396023083700,200,0,0,0,0,0,0,0,0,0,0,0,0,0,0,0,0,0,0,0,0,0,0,0,0,0,0,0,0,0,0,0,0,0,0,0,0,0,0,0,0,262144,262144,524288,41,32768,65536,131072,41,262144,262144,262144,41,256,512,1024,41,128,128,256,41,0,512,512,228,64,256,512,1128,0,0,0,0,0,0,0,0,0,0,0,0,0,0,0,0,128,512,1024,806,64,256,512,806,0,256,512,6399,0,256,512,207,0,128,256,3871,0,0,0,0,0,0,0,0,0,0,0,0,0,0,0,0,0,0,0,0,0,0,0,0,64,128,128,20,128,256,256,20,8.32,8.32,0.00,0,0,0,0,5,6,100,0,0,0,0,0,0,0,0,0,0,0,0,0,0,0,0,0,0,0,0,0,0,0,0,131072,262144,262144,262144,262144,5,131072,262144,262144,262144,262144,6,131072,262144,262144,262144,262144,100,0,0,0,0,0,0,0,0,0,0,0,0,0,0,0,0,0,0,0,0,0,0,0,0,0,0,0,0,0,0,0,0,1863,100,2617,0,41,20,254
42397044913000,100,0,0,0,0,0,0,0,0,0,0,0,0,0,0,0,0,0,0,0,0,0,0,0,0,0,0,0,0,0,0,0,0,0,0,0,0,0,0,0,0,262144,262144,524288,41,32768,65536,65536,41,262144,262144,262144,41,256,512,1024,41,128,128,128,41,0,512,512,162,0,256,512,1062,0,0,0,0,0,0,0,0,0,0,0,0,0,0,0,0,128,512,1024,684,64,256,512,684,0,256,512,5148,0,256,512,189,0,64,256,3236,0,0,0,0,0,0,0,0,0,0,0,0,0,0,0,0,0,0,0,0,0,0,0,0,128,128,256,21,128,128,256,21,8.53,8.41,0.13,0,0,0,0,3,4,100,0,0,0,0,0,0,0,0,0,0,0,0,0,0,0,0,0,0,0,0,0,0,0,0,131072,131072,131072,131072,262144,3,131072,131072,131072,131072,131072,4,131072,262144,262144,262144,262144,100,0,0,0,0,0,0,0,0,0,0,0,0,0,0,0,0,0,0,0,0,0,0,0,0,0,0,0,0,0,0,0,0,1055,100,1733,0,41,21,254
42398064540200,0,0,0,0,0,0,0,0,0,0,0,0,0,0,0,0,0,0,0,0,0,0,0,0,0,0,0,0,0,0,0,0,0,0,0,0,0,0,0,0,0,262144,262144,524288,41,16384,32768,32768,41,262144,262144,262144,41,256,1024,1024,41,128,128,256,41,0,512,512,54,0,256,512,954,0,0,0,0,0,0,0,0,0,0,0,0,0,0,0,0,128,512,1024,780,64,256,512,780,0,128,512,4338,0,256,512,135,0,64,256,3267,0,0,0,0,0,0,0,0,0,0,0,0,0,0,0,0,0,0,0,0,0,0,0,0,64,128,128,20,128,256,256,20,8.43,8.30,0.13,0,0,0,0,4,3,100,0,0,0,0,0,0,0,0,0,0,0,0,0,0,0,0,0,0,0,0,0,0,0,0,131072,262144,262144,262144,262144,4,131072,131072,131072,131072,131072,3,131072,262144,262144,262144,262144,100,0,0,0,0,0,0,0,0,0,0,0,0,0,0,0,0,0,0,0,0,0,0,0,0,0,0,0,0,0,0,0,0,379,100,1078,0,41,20,254
42399085040000,0,0,0,0,0,0,0,0,0,0,0,0,0,0,0,0,0,0,0,0,0,0,0,0,0,0,0,0,0,0,0,0,0,0,0,0,0,0,0,0,0,262144,262144,262144,40,256,256,256,40,262144,262144,262144,40,256,512,1024,40,128,128,256,41,0,0,0,0,0,0,0,0,0,0,0,0,0,0,0,0,0,0,0,0,0,0,0,0,128,256,256,789,64,128,256,789,0,64,64,3564,0,64,64,81,0,64,64,3515,0,0,0,0,0,0,0,0,0,0,0,0,0,0,0,0,0,0,0,0,0,0,0,0,128,128,128,21,128,256,256,21,8.30,8.30,0.00,0,0,0,0,0,0,0,0,0,0,0,0,0,0,0,0,0,0,0,0,0,0,0,0,0,0,0,0,0,0,0,0,0,0,0,0,0,0,0,0,0,0,0,0,0,0,0,0,0,0,0,0,0,0,0,0,0,0,0,0,0,0,0,0,0,0,0,0,0,0,0,0,0,0,0,0,0,0,0,0,0,0,0,0,0,40,21,254
42400104552000,0,0,0,0,0,0,0,0,0,0,0,0,0,0,0,0,0,0,0,0,0,0,0,0,0,0,0,0,0,0,0,0,0,0,0,0,0,0,0,0,0,262144,262144,262144,41,256,256,256,41,262144,262144,262144,41,256,1024,1024,41,128,128,256,40,0,0,0,0,0,0,0,0,0,0,0,0,0,0,0,0,0,0,0,0,0,0,0,0,128,256,256,825,64,128,256,825,0,64,64,3555,0,64,64,9,0,64,64,3002,0,0,0,0,0,0,0,0,0,0,0,0,0,0,0,0,0,0,0,0,0,0,0,0,128,256,256,20,128,256,256,20,8.30,8.30,0.00,0,0,0,0,0,0,0,0,0,0,0,0,0,0,0,0,0,0,0,0,0,0,0,0,0,0,0,0,0,0,0,0,0,0,0,0,0,0,0,0,0,0,0,0,0,0,0,0,0,0,0,0,0,0,0,0,0,0,0,0,0,0,0,0,0,0,0,0,0,0,0,0,0,0,0,0,0,0,0,0,0,0,0,1,0,41,20,254
42401124513000,0,0,0,0,0,0,0,0,0,0,0,0,0,0,0,0,0,0,0,0,0,0,0,0,0,0,0,0,0,0,0,0,0,0,0,0,0,0,0,0,0,262144,262144,262144,41,256,256,256,41,262144,262144,262144,41,256,1024,1024,41,128,128,256,41,0,0,0,0,0,0,0,0,0,0,0,0,0,0,0,0,0,0,0,0,0,0,0,0,128,256,512,759,64,128,512,759,0,64,64,3924,0,0,0,0,0,64,64,2925,0,0,0,0,0,0,0,0,0,0,0,0,0,0,0,0,0,0,0,0,0,0,0,0,64,128,128,20,128,256,256,20,8.55,8.42,0.13,0,0,0,0,0,0,0,0,0,0,0,0,0,0,0,0,0,0,0,0,0,0,0,0,0,0,0,0,0,0,0,0,0,0,0,0,0,0,0,0,0,0,0,0,0,0,0,0,0,0,0,0,0,0,0,0,0,0,0,0,0,0,0,0,0,0,0,0,0,0,0,0,0,0,0,0,0,0,0,0,0,0,0,0,0,41,20,254
42402145024500,0,0,0,0,0,0,0,0,0,0,0,0,0,0,0,0,0,0,0,0,0,0,0,0,0,0,0,0,0,0,0,0,0,0,0,0,0,0,0,0,0,262144,262144,262144,41,256,256,256,41,262144,262144,262144,41,256,512,1024,41,128,128,256,41,0,0,0,0,0,0,0,0,0,0,0,0,0,0,0,0,0,0,0,0,0,0,0,0,64,256,256,810,64,128,256,810,0,64,64,4311,0,0,0,0,0,64,64,2945,0,0,0,0,0,0,0,0,0,0,0,0,0,0,0,0,0,0,0,0,0,0,0,0,128,128,256,21,128,256,256,21,8.30,8.30,0.00,0,0,0,0,0,0,0,0,0,0,0,0,0,0,0,0,0,0,0,0,0,0,0,0,0,0,0,0,0,0,0,0,0,0,0,0,0,0,0,0,0,0,0,0,0,0,0,0,0,0,0,0,0,0,0,0,0,0,0,0,0,0,0,0,0,0,0,0,0,0,0,0,0,0,0,0,0,0,0,0,0,0,0,0,0,41,21,254
42403165041600,0,0,0,0,0,0,0,0,0,0,0,0,0,0,0,0,0,0,0,0,0,0,0,0,0,0,0,0,0,0,0,0,0,0,0,0,0,0,0,0,0,262144,262144,262144,41,256,256,256,41,262144,262144,262144,41,256,512,1024,41,128,128,256,41,0,0,0,0,0,0,0,0,0,0,0,0,0,0,0,0,0,0,0,0,0,0,0,0,128,256,512,798,64,128,256,798,0,64,64,3915,0,0,0,0,0,64,64,2588,0,0,0,0,0,0,0,0,0,0,0,0,0,0,0,0,0,0,0,0,0,0,0,0,128,128,128,20,64,256,256,20,8.30,8.30,0.00,0,0,0,0,0,0,0,0,0,0,0,0,0,0,0,0,0,0,0,0,0,0,0,0,0,0,0,0,0,0,0,0,0,0,0,0,0,0,0,0,0,0,0,0,0,0,0,0,0,0,0,0,0,0,0,0,0,0,0,0,0,0,0,0,0,0,0,0,0,0,0,0,0,0,0,0,0,0,0,0,0,0,0,0,0,41,20,254
42404185531900,0,0,0,0,0,0,0,0,0,0,0,0,0,0,0,0,0,0,0,0,0,0,0,0,0,0,0,0,0,0,0,0,0,0,0,0,0,0,0,0,0,262144,262144,262144,41,256,256,256,41,262144,262144,262144,41,256,512,1024,41,128,128,128,41,0,0,0,0,0,0,0,0,0,0,0,0,0,0,0,0,0,0,0,0,0,0,0,0,128,256,512,761,64,128,512,761,0,64,64,4086,0,0,0,0,0,64,64,2367,0,0,0,0,0,0,0,0,0,0,0,0,0,0,0,0,0,0,0,0,0,0,0,0,128,128,128,21,128,256,256,21,8.30,8.30,0.00,0,0,0,0,0,0,0,0,0,0,0,0,0,0,0,0,0,0,0,0,0,0,0,0,0,0,0,0,0,0,0,0,0,0,0,0,0,0,0,0,0,0,0,0,0,0,0,0,0,0,0,0,0,0,0,0,0,0,0,0,0,0,0,0,0,0,0,0,0,0,0,0,0,0,0,0,0,0,0,0,0,0,0,0,0,41,21,254
42405206760700,0,0,0,0,0,0,0,0,0,0,0,0,0,0,0,0,0,0,0,0,0,0,0,0,0,0,0,0,0,0,0,0,0,0,0,0,0,0,0,0,0,262144,262144,262144,40,256,256,256,40,262144,262144,262144,40,256,1024,1024,40,128,128,256,40,0,0,0,0,0,0,0,0,0,0,0,0,0,0,0,0,0,0,0,0,0,0,0,0,128,256,256,783,64,128,256,783,0,64,64,4356,0,0,0,0,0,64,64,2165,0,0,0,0,0,0,0,0,0,0,0,0,0,0,0,0,0,0,0,0,0,0,0,0,128,128,128,20,64,256,256,20,8.54,8.42,0.13,0,0,0,0,0,0,0,0,0,0,0,0,0,0,0,0,0,0,0,0,0,0,0,0,0,0,0,0,0,0,0,0,0,0,0,0,0,0,0,0,0,0,0,0,0,0,0,0,0,0,0,0,0,0,0,0,0,0,0,0,0,0,0,0,0,0,0,0,0,0,0,0,0,0,0,0,0,0,0,0,0,0,0,4,0,40,20,254
42406227608900,0,0,0,0,0,0,0,0,0,0,0,0,0,0,0,0,0,0,0,0,0,0,0,0,0,0,0,0,0,0,0,0,0,0,0,0,0,0,0,0,0,262144,262144,262144,41,256,256,512,41,262144,262144,262144,41,256,1024,1024,41,128,128,128,41,0,0,0,0,0,0,0,0,0,0,0,0,0,0,0,0,0,0,0,0,0,0,0,0,128,256,512,729,64,128,256,729,0,64,64,4023,0,0,0,0,0,64,64,2024,0,0,0,0,0,0,0,0,0,0,0,0,0,0,0,0,0,0,0,0,0,0,0,0,128,128,128,20,64,256,256,20,8.29,8.29,0.00,0,0,0,0,0,0,0,0,0,0,0,0,0,0,0,0,0,0,0,0,0,0,0,0,0,0,0,0,0,0,0,0,0,0,0,0,0,0,0,0,0,0,0,0,0,0,0,0,0,0,0,0,0,0,0,0,0,0,0,0,0,0,0,0,0,0,0,0,0,0,0,0,0,0,0,0,0,0,0,0,0,0,0,0,0,41,20,254
42407249239500,0,0,0,0,0,0,0,0,0,0,0,0,0,0,0,0,0,0,0,0,0,0,0,0,0,0,0,0,0,0,0,0,0,0,0,0,0,0,0,0,0,262144,262144,262144,41,256,256,256,41,262144,262144,262144,41,256,512,512,41,128,128,128,41,0,0,0,0,0,0,0,0,0,0,0,0,0,0,0,0,0,0,0,0,0,0,0,0,64,128,256,857,64,128,512,857,0,64,64,4077,0,0,0,0,0,64,64,1757,0,0,0,0,0,0,0,0,0,0,0,0,0,0,0,0,0,0,0,0,0,0,0,0,128,128,128,21,64,128,256,21,8.54,8.42,0.13,0,0,0,0,0,0,0,0,0,0,0,0,0,0,0,0,0,0,0,0,0,0,0,0,0,0,0,0,0,0,0,0,0,0,0,0,0,0,0,0,0,0,0,0,0,0,0,0,0,0,0,0,0,0,0,0,0,0,0,0,0,0,0,0,0,0,0,0,0,0,0,0,0,0,0,0,0,0,0,0,0,0,0,1,0,41,21,254
42408270055600,0,0,0,0,0,0,0,0,0,0,0,0,0,0,0,0,0,0,0,0,0,0,0,0,0,0,0,0,0,0,0,0,0,0,0,0,0,0,0,0,0,262144,262144,262144,41,256,256,256,41,262144,262144,262144,41,256,1024,1024,41,128,256,512,41,0,0,0,0,0,0,0,0,0,0,0,0,0,0,0,0,0,0,0,0,0,0,0,0,128,256,256,876,64,128,256,876,0,64,64,4140,0,0,0,0,0,64,64,1482,0,0,0,0,0,0,0,0,0,0,0,0,0,0,0,0,0,0,0,0,0,0,0,0,128,128,128,20,64,128,128,20,8.42,8.29,0.13,0,0,0,0,0,0,0,0,0,0,0,0,0,0,0,0,0,0,0,0,0,0,0,0,0,0,0,0,0,0,0,0,0,0,0,0,0,0,0,0,0,0,0,0,0,0,0,0,0,0,0,0,0,0,0,0,0,0,0,0,0,0,0,0,0,0,0,0,0,0,0,0,0,0,0,0,0,0,0,0,0,0,0,1,0,41,20,254
42409289551900,0,0,0,0,0,0,0,0,0,0,0,0,0,0,0,0,0,0,0,0,0,0,0,0,0,0,0,0,0,0,0,0,0,0,0,0,0,0,0,0,0,262144,262144,262144,41,256,256,256,41,262144,262144,262144,41,256,512,1024,41,128,256,256,41,0,0,0,0,0,0,0,0,0,0,0,0,0,0,0,0,0,0,0,0,0,0,0,0,64,256,256,795,64,128,512,795,0,64,64,4059,0,0,0,0,0,64,64,1559,0,0,0,0,0,0,0,0,0,0,0,0,0,0,0,0,0,0,0,0,0,0,0,0,128,128,128,21,128,256,256,21,8.30,8.30,0.00,0,0,0,0,0,0,0,0,0,0,0,0,0,0,0,0,0,0,0,0,0,0,0,0,0,0,0,0,0,0,0,0,0,0,0,0,0,0,0,0,0,0,0,0,0,0,0,0,0,0,0,0,0,0,0,0,0,0,0,0,0,0,0,0,0,0,0,0,0,0,0,0,0,0,0,0,0,0,0,0,0,0,0,0,0,41,21,254
42410309485700,0,0,0,0,0,0,0,0,0,0,0,0,0,0,0,0,0,0,0,0,0,0,0,0,0,0,0,0,0,0,0,0,0,0,0,0,0,0,0,0,0,262144,262144,262144,40,256,256,512,40,262144,262144,262144,40,256,512,512,40,128,256,256,40,0,0,0,0,0,0,0,0,0,0,0,0,0,0,0,0,0,0,0,0,0,0,0,0,128,256,256,801,64,128,256,801,0,64,64,3798,0,0,0,0,0,64,64,1268,0,0,0,0,0,0,0,0,0,0,0,0,0,0,0,0,0,0,0,0,0,0,0,0,64,128,128,20,64,256,256,20,8.30,8.30,0.00,0,0,0,0,0,0,0,0,0,0,0,0,0,0,0,0,0,0,0,0,0,0,0,0,0,0,0,0,0,0,0,0,0,0,0,0,0,0,0,0,0,0,0,0,0,0,0,0,0,0,0,0,0,0,0,0,0,0,0,0,0,0,0,0,0,0,0,0,0,0,0,0,0,0,0,0,0,0,0,0,0,0,0,0,0,40,20,254
42411330479400,0,0,0,0,0,0,0,0,0,0,0,0,0,0,0,0,0,0,0,0,0,0,0,0,0,0,0,0,0,0,0,0,0,0,0,0,0,0,0,0,0,262144,262144,262144,41,256,256,512,41,262144,262144,262144,41,256,512,1024,41,128,256,256,41,0,0,0,0,0,0,0,0,0,0,0,0,0,0,0,0,0,0,0,0,0,0,0,0,64,256,256,882,64,128,256,882,0,64,64,4302,0,0,0,0,0,64,64,1032,0,0,0,0,0,0,0,0,0,0,0,0,0,0,0,0,0,0,0,0,0,0,0,0,128,4096,4096,20,64,256,256,20,8.67,8.42,0.26,0,0,0,0,0,0,0,0,0,0,0,0,0,0,0,0,0,0,0,0,0,0,0,0,0,0,0,0,0,0,0,0,0,0,0,0,0,0,0,0,0,0,0,0,0,0,0,0,0,0,0,0,0,0,0,0,0,0,0,0,0,0,0,0,0,0,0,0,0,0,0,0,0,0,0,0,0,0,0,0,0,0,0,0,0,41,20,254
42412350431100,0,0,0,0,0,0,0,0,0,0,0,0,0,0,0,0,0,0,0,0,0,0,0,0,0,0,0,0,0,0,0,0,0,0,0,0,0,0,0,0,0,262144,262144,262144,41,256,256,256,41,262144,262144,262144,41,256,512,1024,41,128,128,256,41,0,0,0,0,0,0,0,0,0,0,0,0,0,0,0,0,0,0,0,0,0,0,0,0,128,256,512,842,64,128,256,842,0,64,64,4743,0,0,0,0,0,64,64,1052,0,0,0,0,0,0,0,0,0,0,0,0,0,0,0,0,0,0,0,0,0,0,0,0,128,128,128,21,128,256,256,21,8.30,8.30,0.00,0,0,0,0,0,0,0,0,0,0,0,0,0,0,0,0,0,0,0,0,0,0,0,0,0,0,0,0,0,0,0,0,0,0,0,0,0,0,0,0,0,0,0,0,0,0,0,0,0,0,0,0,0,0,0,0,0,0,0,0,0,0,0,0,0,0,0,0,0,0,0,0,0,0,0,0,0,0,0,0,0,0,0,6,0,41,21,254
42413371371300,0,0,0,0,0,0,0,0,0,0,0,0,0,0,0,0,0,0,0,0,0,0,0,0,0,0,0,0,0,0,0,0,0,0,0,0,0,0,0,0,0,262144,262144,262144,41,256,256,256,41,262144,262144,262144,41,256,1024,1024,41,128,128,256,41,0,0,0,0,0,0,0,0,0,0,0,0,0,0,0,0,0,0,0,0,0,0,0,0,128,256,256,870,64,128,512,870,0,64,64,4284,0,0,0,0,0,64,64,905,0,0,0,0,0,0,0,0,0,0,0,0,0,0,0,0,0,0,0,0,0,0,0,0,128,128,128,20,128,256,256,20,8.30,8.30,0.00,0,0,0,0,0,0,0,0,0,0,0,0,0,0,0,0,0,0,0,0,0,0,0,0,0,0,0,0,0,0,0,0,0,0,0,0,0,0,0,0,0,0,0,0,0,0,0,0,0,0,0,0,0,0,0,0,0,0,0,0,0,0,0,0,0,0,0,0,0,0,0,0,0,0,0,0,0,0,0,0,0,0,0,4,0,41,20,254
42414390374100,0,0,0,0,0,0,0,0,0,0,0,0,0,0,0,0,0,0,0,0,0,0,0,0,0,0,0,0,0,0,0,0,0,0,0,0,0,0,0,0,0,262144,262144,262144,41,256,256,256,41,262144,262144,262144,41,256,512,512,41,128,128,256,41,0,0,0,0,0,0,0,0,0,0,0,0,0,0,0,0,0,0,0,0,0,0,0,0,128,256,256,840,64,128,256,840,0,64,64,4329,0,0,0,0,0,64,64,660,0,0,0,0,0,0,0,0,0,0,0,0,0,0,0,0,0,0,0,0,0,0,0,0,128,128,128,21,64,256,256,21,8.56,8.43,0.13,0,0,0,0,0,0,0,0,0,0,0,0,0,0,0,0,0,0,0,0,0,0,0,0,0,0,0,0,0,0,0,0,0,0,0,0,0,0,0,0,0,0,0,0,0,0,0,0,0,0,0,0,0,0,0,0,0,0,0,0,0,0,0,0,0,0,0,0,0,0,0,0,0,0,0,0,0,0,0,0,0,0,0,0,0,41,21,254
42415413529400,0,0,0,0,0,0,0,0,0,0,0,0,0,0,0,0,0,0,0,0,0,0,0,0,0,0,0,0,0,0,0,0,0,0,0,0,0,0,0,0,0,262144,262144,262144,41,256,256,256,41,262144,262144,262144,41,256,512,512,41,128,128,256,41,0,0,0,0,0,0,0,0,0,0,0,0,0,0,0,0,0,0,0,0,0,0,0,0,64,256,512,858,64,128,256,858,0,64,64,4851,0,0,0,0,0,64,64,680,0,0,0,0,0,0,0,0,0,0,0,0,0,0,0,0,0,0,0,0,0,0,0,0,128,128,128,20,64,256,256,20,8.27,8.27,0.00,0,0,0,0,0,0,0,0,0,0,0,0,0,0,0,0,0,0,0,0,0,0,0,0,0,0,0,0,0,0,0,0,0,0,0,0,0,0,0,0,0,0,0,0,0,0,0,0,0,0,0,0,0,0,0,0,0,0,0,0,0,0,0,0,0,0,0,0,0,0,0,0,0,0,0,0,0,0,0,0,0,0,0,0,0,41,20,254
42416433795700,0,0,0,0,0,0,0,0,0,0,0,0,0,0,0,0,0,0,0,0,0,0,0,0,0,0,0,0,0,0,0,0,0,0,0,0,0,0,0,0,0,262144,262144,262144,40,256,256,256,40,262144,262144,262144,40,256,512,1024,40,128,128,256,40,0,0,0,0,0,0,0,0,0,0,0,0,0,0,0,0,0,0,0,0,0,0,0,0,64,256,256,839,64,128,512,839,0,64,64,4401,0,0,0,0,0,64,64,470,0,0,0,0,0,0,0,0,0,0,0,0,0,0,0,0,0,0,0,0,0,0,0,0,128,128,128,20,64,128,128,20,8.30,8.30,0.00,0,0,0,0,0,0,0,0,0,0,0,0,0,0,0,0,0,0,0,0,0,0,0,0,0,0,0,0,0,0,0,0,0,0,0,0,0,0,0,0,0,0,0,0,0,0,0,0,0,0,0,0,0,0,0,0,0,0,0,0,0,0,0,0,0,0,0,0,0,0,0,0,0,0,0,0,0,0,0,0,0,0,0,0,0,40,20,254
42417451631900,0,0,0,0,0,0,0,0,0,0,0,0,0,0,0,0,0,0,0,0,0,0,0,0,0,0,0,0,0,0,0,0,0,0,0,0,0,0,0,0,0,262144,262144,262144,41,256,256,256,41,262144,262144,262144,41,256,512,1024,41,128,128,128,41,0,0,0,0,0,0,0,0,0,0,0,0,0,0,0,0,0,0,0,0,0,0,0,0,64,128,256,861,64,128,256,861,0,64,64,4221,0,0,0,0,0,64,64,336,0,0,0,0,0,0,0,0,0,0,0,0,0,0,0,0,0,0,0,0,0,0,0,0,128,128,128,21,64,256,256,21,8.57,8.44,0.13,0,0,0,0,0,0,0,0,0,0,0,0,0,0,0,0,0,0,0,0,0,0,0,0,0,0,0,0,0,0,0,0,0,0,0,0,0,0,0,0,0,0,0,0,0,0,0,0,0,0,0,0,0,0,0,0,0,0,0,0,0,0,0,0,0,0,0,0,0,0,0,0,0,0,0,0,0,0,0,0,0,0,0,0,0,41,21,254
42418472762800,0,0,0,0,0,0,0,0,0,0,0,0,0,0,0,0,0,0,0,0,0,0,0,0,0,0,0,0,0,0,0,0,0,0,0,0,0,0,0,0,0,262144,262144,262144,41,256,256,256,41,262144,262144,262144,41,256,512,1024,41,128,128,256,41,0,0,0,0,0,0,0,0,0,0,0,0,0,0,0,0,0,0,0,0,0,0,0,0,64,256,256,972,64,128,256,972,0,64,64,4284,0,0,0,0,0,64,64,251,0,0,0,0,0,0,0,0,0,0,0,0,0,0,0,0,0,0,0,0,0,0,0,0,128,128,128,20,64,128,128,20,8.42,8.29,0.13,0,0,0,0,0,0,0,0,0,0,0,0,0,0,0,0,0,0,0,0,0,0,0,0,0,0,0,0,0,0,0,0,0,0,0,0,0,0,0,0,0,0,0,0,0,0,0,0,0,0,0,0,0,0,0,0,0,0,0,0,0,0,0,0,0,0,0,0,0,0,0,0,0,0,0,0,0,0,0,0,0,0,0,2,0,41,20,254
42419493666600,0,0,0,0,0,0,0,0,0,0,0,0,0,0,0,0,0,0,0,0,0,0,0,0,0,0,0,0,0,0,0,0,0,0,0,0,0,0,0,0,0,262144,262144,262144,41,256,256,256,41,262144,262144,262144,41,256,512,512,41,128,128,256,41,0,0,0,0,0,0,0,0,0,0,0,0,0,0,0,0,0,0,0,0,0,0,0,0,64,256,256,885,64,64,512,885,0,64,64,4410,0,0,0,0,0,64,64,174,0,0,0,0,0,0,0,0,0,0,0,0,0,0,0,0,0,0,0,0,0,0,0,0,128,128,128,21,64,128,128,21,8.30,8.30,0.00,0,0,0,0,0,0,0,0,0,0,0,0,0,0,0,0,0,0,0,0,0,0,0,0,0,0,0,0,0,0,0,0,0,0,0,0,0,0,0,0,0,0,0,0,0,0,0,0,0,0,0,0,0,0,0,0,0,0,0,0,0,0,0,0,0,0,0,0,0,0,0,0,0,0,0,0,0,0,0,0,0,0,0,0,0,41,21,254
42420513575700,0,0,0,0,0,0,0,0,0,0,0,0,0,0,0,0,0,0,0,0,0,0,0,0,0,0,0,0,0,0,0,0,0,0,0,0,0,0,0,0,0,262144,262144,262144,41,256,256,256,41,262144,262144,262144,41,256,512,1024,41,128,128,128,41,0,0,0,0,0,0,0,0,0,0,0,0,0,0,0,0,0,0,0,0,0,0,0,0,64,128,256,915,64,128,512,915,0,64,64,4176,0,0,0,0,0,64,64,111,0,0,0,0,0,0,0,0,0,0,0,0,0,0,0,0,0,0,0,0,0,0,0,0,128,128,128,20,64,128,128,20,8.55,8.42,0.13,0,0,0,0,0,0,0,0,0,0,0,0,0,0,0,0,0,0,0,0,0,0,0,0,0,0,0,0,0,0,0,0,0,0,0,0,0,0,0,0,0,0,0,0,0,0,0,0,0,0,0,0,0,0,0,0,0,0,0,0,0,0,0,0,0,0,0,0,0,0,0,0,0,0,0,0,0,0,0,0,0,0,0,0,0,41,20,254
42421534334400,0,0,0,0,0,0,0,0,0,0,0,0,0,0,0,0,0,0,0,0,0,0,0,0,0,0,0,0,0,0,0,0,0,0,0,0,0,0,0,0,0,262144,262144,262144,40,256,256,256,40,262144,262144,262144,40,256,1024,1024,40,128,256,256,40,0,0,0,0,0,0,0,0,0,0,0,0,0,0,0,0,0,0,0,0,0,0,0,0,64,256,512,828,64,128,512,828,0,64,64,4266,0,0,0,0,0,64,64,66,0,0,0,0,0,0,0,0,0,0,0,0,0,0,0,0,0,0,0,0,0,0,0,0,128,128,128,20,128,256,256,20,8.42,8.29,0.13,0,0,0,0,0,0,0,0,0,0,0,0,0,0,0,0,0,0,0,0,0,0,0,0,0,0,0,0,0,0,0,0,0,0,0,0,0,0,0,0,0,0,0,0,0,0,0,0,0,0,0,0,0,0,0,0,0,0,0,0,0,0,0,0,0,0,0,0,0,0,0,0,0,0,0,0,0,0,0,0,0,0,0,0,0,40,20,254
42422552721100,0,0,0,0,0,0,0,0,0,0,0,0,0,0,0,0,0,0,0,0,0,0,0,0,0,0,0,0,0,0,0,0,0,0,0,0,0,0,0,0,0,262144,262144,262144,41,256,256,256,41,262144,262144,262144,41,256,512,1024,41,128,128,128,41,0,0,0,0,0,0,0,0,0,0,0,0,0,0,0,0,0,0,0,0,0,0,0,0,128,256,256,846,64,128,256,846,0,64,64,4815,0,0,0,0,0,64,64,18,0,0,0,0,0,0,0,0,0,0,0,0,0,0,0,0,0,0,0,0,0,0,0,0,128,128,128,21,128,256,256,21,8.31,8.31,0.00,0,0,0,0,0,0,0,0,0,0,0,0,0,0,0,0,0,0,0,0,0,0,0,0,0,0,0,0,0,0,0,0,0,0,0,0,0,0,0,0,0,0,0,0,0,0,0,0,0,0,0,0,0,0,0,0,0,0,0,0,0,0,0,0,0,0,0,0,0,0,0,0,0,0,0,0,0,0,0,0,0,0,0,0,0,41,21,254
42423574629000,0,0,0,0,0,0,0,0,0,0,0,0,0,0,0,0,0,0,0,0,0,0,0,0,0,0,0,0,0,0,0,0,0,0,0,0,0,0,0,0,0,262144,262144,262144,41,256,256,256,41,262144,262144,262144,41,256,512,1024,41,128,128,128,41,0,0,0,0,0,0,0,0,0,0,0,0,0,0,0,0,0,0,0,0,0,0,0,0,128,256,512,872,64,128,512,872,0,64,64,4257,0,0,0,0,0,64,64,9,0,0,0,0,0,0,0,0,0,0,0,0,0,0,0,0,0,0,0,0,0,0,0,0,128,128,128,20,64,128,128,20,8.28,8.28,0.00,0,0,0,0,0,0,0,0,0,0,0,0,0,0,0,0,0,0,0,0,0,0,0,0,0,0,0,0,0,0,0,0,0,0,0,0,0,0,0,0,0,0,0,0,0,0,0,0,0,0,0,0,0,0,0,0,0,0,0,0,0,0,0,0,0,0,0,0,0,0,0,0,0,0,0,0,0,0,0,0,0,0,0,0,0,41,20,254
42424594312700,0,0,0,0,0,0,0,0,0,0,0,0,0,0,0,0,0,0,0,0,0,0,0,0,0,0,0,0,0,0,0,0,0,0,0,0,0,0,0,0,0,262144,262144,262144,41,256,512,512,41,262144,262144,262144,41,256,512,1024,41,128,256,256,41,0,0,0,0,0,0,0,0,0,0,0,0,0,0,0,0,0,0,0,0,0,0,0,0,128,128,256,861,64,128,512,861,0,64,64,4410,0,0,0,0,0,64,64,9,0,0,0,0,0,0,0,0,0,0,0,0,0,0,0,0,0,0,0,0,0,0,0,0,128,128,128,21,64,256,256,21,8.69,8.43,0.26,0,0,0,0,0,0,0,0,0,0,0,0,0,0,0,0,0,0,0,0,0,0,0,0,0,0,0,0,0,0,0,0,0,0,0,0,0,0,0,0,0,0,0,0,0,0,0,0,0,0,0,0,0,0,0,0,0,0,0,0,0,0,0,0,0,0,0,0,0,0,0,0,0,0,0,0,0,0,0,0,0,0,0,0,0,41,21,254
42425614559400,0,0,0,0,0,0,0,0,0,0,0,0,0,0,0,0,0,0,0,0,0,0,0,0,0,0,0,0,0,0,0,0,0,0,0,0,0,0,0,0,0,262144,262144,262144,41,256,256,512,41,262144,262144,262144,41,256,512,1024,41,128,128,256,41,0,0,0,0,0,0,0,0,0,0,0,0,0,0,0,0,0,0,0,0,0,0,0,0,128,256,256,965,64,128,512,965,0,64,64,4644,0,0,0,0,0,0,0,0,0,0,0,0,0,0,0,0,0,0,0,0,0,0,0,0,0,0,0,0,0,0,0,0,64,128,128,20,128,256,256,20,8.30,8.30,0.00,0,0,0,0,0,0,0,0,0,0,0,0,0,0,0,0,0,0,0,0,0,0,0,0,0,0,0,0,0,0,0,0,0,0,0,0,0,0,0,0,0,0,0,0,0,0,0,0,0,0,0,0,0,0,0,0,0,0,0,0,0,0,0,0,0,0,0,0,0,0,0,0,0,0,0,0,0,0,0,0,0,0,0,0,0,41,20,254
42426635757700,0,0,0,0,0,0,0,0,0,0,0,0,0,0,0,0,0,0,0,0,0,0,0,0,0,0,0,0,0,0,0,0,0,0,0,0,0,0,0,0,0,262144,262144,262144,41,256,256,256,41,262144,262144,262144,41,256,512,1024,41,128,128,256,41,0,0,0,0,0,0,0,0,0,0,0,0,0,0,0,0,0,0,0,0,0,0,0,0,64,256,256,873,64,128,256,873,0,64,64,4509,0,0,0,0,0,0,0,0,0,0,0,0,0,0,0,0,0,0,0,0,0,0,0,0,0,0,0,0,0,0,0,0,128,128,128,21,64,128,128,21,8.29,8.29,0.00,0,0,0,0,0,0,0,0,0,0,0,0,0,0,0,0,0,0,0,0,0,0,0,0,0,0,0,0,0,0,0,0,0,0,0,0,0,0,0,0,0,0,0,0,0,0,0,0,0,0,0,0,0,0,0,0,0,0,0,0,0,0,0,0,0,0,0,0,0,0,0,0,0,0,0,0,0,0,0,0,0,0,0,0,0,41,21,254
42427655444000,0,0,0,0,0,0,0,0,0,0,0,0,0,0,0,0,0,0,0,0,0,0,0,0,0,0,0,0,0,0,0,0,0,0,0,0,0,0,0,0,0,262144,262144,262144,40,256,256,256,40,262144,262144,262144,40,256,512,1024,40,128,256,256,40,0,0,0,0,0,0,0,0,0,0,0,0,0,0,0,0,0,0,0,0,0,0,0,0,64,256,256,855,64,128,256,855,0,64,64,4194,0,0,0,0,0,0,0,0,0,0,0,0,0,0,0,0,0,0,0,0,0,0,0,0,0,0,0,0,0,0,0,0,64,128,128,20,64,256,256,20,8.55,8.42,0.13,0,0,0,0,0,0,0,0,0,0,0,0,0,0,0,0,0,0,0,0,0,0,0,0,0,0,0,0,0,0,0,0,0,0,0,0,0,0,0,0,0,0,0,0,0,0,0,0,0,0,0,0,0,0,0,0,0,0,0,0,0,0,0,0,0,0,0,0,0,0,0,0,0,0,0,0,0,0,0,0,0,0,0,0,0,40,20,254
42428675279400,0,0,0,0,0,0,0,0,0,0,0,0,0,0,0,0,0,0,0,0,0,0,0,0,0,0,0,0,0,0,0,0,0,0,0,0,0,0,0,0,0,262144,262144,262144,41,256,256,256,41,262144,262144,262144,41,256,512,512,41,128,128,128,41,0,0,0,0,0,0,0,0,0,0,0,0,0,0,0,0,0,0,0,0,0,0,0,0,128,128,256,962,64,64,256,962,0,64,64,4275,0,0,0,0,0,0,0,0,0,0,0,0,0,0,0,0,0,0,0,0,0,0,0,0,0,0,0,0,0,0,0,0,128,128,128,20,128,256,256,20,8.43,8.30,0.13,0,0,0,0,0,0,0,0,0,0,0,0,0,0,0,0,0,0,0,0,0,0,0,0,0,0,0,0,0,0,0,0,0,0,0,0,0,0,0,0,0,0,0,0,0,0,0,0,0,0,0,0,0,0,0,0,0,0,0,0,0,0,0,0,0,0,0,0,0,0,0,0,0,0,0,0,0,0,0,0,0,0,0,0,0,41,20,254
42429697519300,0,0,0,0,0,0,0,0,0,0,0,0,0,0,0,0,0,0,0,0,0,0,0,0,0,0,0,0,0,0,0,0,0,0,0,0,0,0,0,0,0,262144,262144,262144,41,256,256,256,41,262144,262144,262144,41,256,512,512,41,128,128,128,41,0,0,0,0,0,0,0,0,0,0,0,0,0,0,0,0,0,0,0,0,0,0,0,0,64,128,256,932,64,128,256,932,0,64,64,4311,0,0,0,0,0,0,0,0,0,0,0,0,0,0,0,0,0,0,0,0,0,0,0,0,0,0,0,0,0,0,0,0,64,128,128,21,64,128,256,21,8.28,8.28,0.00,0,0,0,0,0,0,0,0,0,0,0,0,0,0,0,0,0,0,0,0,0,0,0,0,0,0,0,0,0,0,0,0,0,0,0,0,0,0,0,0,0,0,0,0,0,0,0,0,0,0,0,0,0,0,0,0,0,0,0,0,0,0,0,0,0,0,0,0,0,0,0,0,0,0,0,0,0,0,0,0,0,0,0,0,0,41,21,254
42430717228300,0,0,0,0,0,0,0,0,0,0,0,0,0,0,0,0,0,0,0,0,0,0,0,0,0,0,0,0,0,0,0,0,0,0,0,0,0,0,0,0,0,262144,262144,262144,41,256,256,256,41,262144,262144,262144,41,256,1024,1024,41,128,128,256,41,0,0,0,0,0,0,0,0,0,0,0,0,0,0,0,0,0,0,0,0,0,0,0,0,128,256,512,894,64,128,512,894,0,64,64,4140,0,0,0,0,0,0,0,0,0,0,0,0,0,0,0,0,0,0,0,0,0,0,0,0,0,0,0,0,0,0,0,0,64,128,128,20,64,256,256,20,8.55,8.42,0.13,0,0,0,0,0,0,0,0,0,0,0,0,0,0,0,0,0,0,0,0,0,0,0,0,0,0,0,0,0,0,0,0,0,0,0,0,0,0,0,0,0,0,0,0,0,0,0,0,0,0,0,0,0,0,0,0,0,0,0,0,0,0,0,0,0,0,0,0,0,0,0,0,0,0,0,0,0,0,0,0,0,0,0,0,0,41,20,254
42431737695500,0,0,0,0,0,0,0,0,0,0,0,0,0,0,0,0,0,0,0,0,0,0,0,0,0,0,0,0,0,0,0,0,0,0,0,0,0,0,0,0,0,262144,262144,262144,41,256,256,512,41,262144,262144,262144,41,256,512,1024,41,128,128,128,41,0,0,0,0,0,0,0,0,0,0,0,0,0,0,0,0,0,0,0,0,0,0,0,0,128,128,256,851,64,128,256,851,0,64,64,4275,0,0,0,0,0,0,0,0,0,0,0,0,0,0,0,0,0,0,0,0,0,0,0,0,0,0,0,0,0,0,0,0,128,128,128,21,64,128,256,21,8.42,8.30,0.13,0,0,0,0,0,0,0,0,0,0,0,0,0,0,0,0,0,0,0,0,0,0,0,0,0,0,0,0,0,0,0,0,0,0,0,0,0,0,0,0,0,0,0,0,0,0,0,0,0,0,0,0,0,0,0,0,0,0,0,0,0,0,0,0,0,0,0,0,0,0,0,0,0,0,0,0,0,0,0,0,0,0,0,1,0,41,21,254
42432758149500,0,0,0,0,0,0,0,0,0,0,0,0,0,0,0,0,0,0,0,0,0,0,0,0,0,0,0,0,0,0,0,0,0,0,0,0,0,0,0,0,0,262144,262144,262144,40,256,256,256,40,262144,262144,262144,40,256,1024,1024,40,128,128,256,40,0,0,0,0,0,0,0,0,0,0,0,0,0,0,0,0,0,0,0,0,0,0,0,0,128,256,256,848,64,128,512,848,0,64,64,4743,0,0,0,0,0,0,0,0,0,0,0,0,0,0,0,0,0,0,0,0,0,0,0,0,0,0,0,0,0,0,0,0,128,128,128,20,64,256,256,20,8.30,8.30,0.00,0,0,0,0,0,0,0,0,0,0,0,0,0,0,0,0,0,0,0,0,0,0,0,0,0,0,0,0,0,0,0,0,0,0,0,0,0,0,0,0,0,0,0,0,0,0,0,0,0,0,0,0,0,0,0,0,0,0,0,0,0,0,0,0,0,0,0,0,0,0,0,0,0,0,0,0,0,0,0,0,0,0,0,0,0,40,20,254
42433777905900,0,0,0,0,0,0,0,0,0,0,0,0,0,0,0,0,0,0,0,0,0,0,0,0,0,0,0,0,0,0,0,0,0,0,0,0,0,0,0,0,0,262144,262144,262144,41,256,256,256,41,262144,262144,262144,41,256,512,1024,41,128,128,128,41,0,0,0,0,0,0,0,0,0,0,0,0,0,0,0,0,0,0,0,0,0,0,0,0,128,128,256,930,64,128,256,930,0,64,64,4275,0,0,0,0,0,0,0,0,0,0,0,0,0,0,0,0,0,0,0,0,0,0,0,0,0,0,0,0,0,0,0,0,128,128,128,20,64,256,256,20,8.30,8.30,0.00,0,0,0,0,0,0,0,0,0,0,0,0,0,0,0,0,0,0,0,0,0,0,0,0,0,0,0,0,0,0,0,0,0,0,0,0,0,0,0,0,0,0,0,0,0,0,0,0,0,0,0,0,0,0,0,0,0,0,0,0,0,0,0,0,0,0,0,0,0,0,0,0,0,0,0,0,0,0,0,0,0,0,0,0,0,41,20,254
42434797887800,0,0,0,0,0,0,0,0,0,0,0,0,0,0,0,0,0,0,0,0,0,0,0,0,0,0,0,0,0,0,0,0,0,0,0,0,0,0,0,0,0,262144,262144,262144,41,256,256,256,41,262144,262144,262144,41,256,512,512,41,128,128,128,41,0,0,0,0,0,0,0,0,0,0,0,0,0,0,0,0,0,0,0,0,0,0,0,0,128,128,256,864,64,128,256,864,0,64,64,4428,0,0,0,0,0,0,0,0,0,0,0,0,0,0,0,0,0,0,0,0,0,0,0,0,0,0,0,0,0,0,0,0,64,128,128,21,64,128,128,21,8.55,8.42,0.13,0,0,0,0,0,0,0,0,0,0,0,0,0,0,0,0,0,0,0,0,0,0,0,0,0,0,0,0,0,0,0,0,0,0,0,0,0,0,0,0,0,0,0,0,0,0,0,0,0,0,0,0,0,0,0,0,0,0,0,0,0,0,0,0,0,0,0,0,0,0,0,0,0,0,0,0,0,0,0,0,0,0,0,0,0,41,21,254
42435819499300,0,0,0,0,0,0,0,0,0,0,0,0,0,0,0,0,0,0,0,0,0,0,0,0,0,0,0,0,0,0,0,0,0,0,0,0,0,0,0,0,0,262144,262144,262144,41,256,256,256,41,262144,262144,262144,41,256,512,1024,41,128,128,256,41,0,0,0,0,0,0,0,0,0,0,0,0,0,0,0,0,0,0,0,0,0,0,0,0,128,256,256,887,64,128,512,887,0,64,64,4626,0,0,0,0,0,0,0,0,0,0,0,0,0,0,0,0,0,0,0,0,0,0,0,0,0,0,0,0,0,0,0,0,128,128,128,20,64,128,128,20,8.29,8.29,0.00,0,0,0,0,0,0,0,0,0,0,0,0,0,0,0,0,0,0,0,0,0,0,0,0,0,0,0,0,0,0,0,0,0,0,0,0,0,0,0,0,0,0,0,0,0,0,0,0,0,0,0,0,0,0,0,0,0,0,0,0,0,0,0,0,0,0,0,0,0,0,0,0,0,0,0,0,0,0,0,0,0,0,0,0,0,41,20,254
42436838434800,0,0,0,0,0,0,0,0,0,0,0,0,0,0,0,0,0,0,0,0,0,0,0,0,0,0,0,0,0,0,0,0,0,0,0,0,0,0,0,0,0,262144,262144,262144,41,256,256,256,41,262144,262144,262144,41,256,512,1024,41,128,128,256,41,0,0,0,0,0,0,0,0,0,0,0,0,0,0,0,0,0,0,0,0,0,0,0,0,128,256,256,959,64,64,256,959,0,64,64,4563,0,0,0,0,0,0,0,0,0,0,0,0,0,0,0,0,0,0,0,0,0,0,0,0,0,0,0,0,0,0,0,0,128,256,256,21,64,128,128,21,8.30,8.30,0.00,0,0,0,0,0,0,0,0,0,0,0,0,0,0,0,0,0,0,0,0,0,0,0,0,0,0,0,0,0,0,0,0,0,0,0,0,0,0,0,0,0,0,0,0,0,0,0,0,0,0,0,0,0,0,0,0,0,0,0,0,0,0,0,0,0,0,0,0,0,0,0,0,0,0,0,0,0,0,0,0,0,0,0,0,0,41,21,254
42437860661100,0,0,0,0,0,0,0,0,0,0,0,0,0,0,0,0,0,0,0,0,0,0,0,0,0,0,0,0,0,0,0,0,0,0,0,0,0,0,0,0,0,262144,262144,262144,41,256,256,512,41,262144,262144,262144,41,256,512,1024,41,128,256,256,41,0,0,0,0,0,0,0,0,0,0,0,0,0,0,0,0,0,0,0,0,0,0,0,0,128,256,256,771,64,128,512,771,0,64,64,4365,0,0,0,0,0,0,0,0,0,0,0,0,0,64,64,9,0,0,0,0,0,0,0,0,0,0,0,0,0,0,0,0,128,128,128,20,64,256,256,20,8.54,8.42,0.13,0,0,0,0,0,0,0,0,0,0,0,0,0,0,0,0,0,0,0,0,0,0,0,0,0,0,0,0,0,0,0,0,0,0,0,0,0,0,0,0,0,0,0,0,0,0,0,0,0,0,0,0,0,0,0,0,0,0,0,0,0,0,0,0,0,0,0,0,0,0,0,0,0,0,0,0,0,0,0,0,0,0,0,0,0,41,20,254
42438880673900,0,0,0,0,0,0,0,0,0,0,0,0,0,0,0,0,0,0,0,0,0,0,0,0,0,0,0,0,0,0,0,0,0,0,0,0,0,0,0,0,0,262144,262144,262144,40,256,256,256,40,262144,262144,262144,40,128,2048,2048,40,128,256,512,40,0,0,0,0,0,0,0,0,0,0,0,0,0,0,0,0,0,0,0,0,0,0,0,0,128,256,512,929,64,128,512,929,0,64,64,4140,0,0,0,0,0,0,0,0,0,0,0,0,0,64,64,45,0,0,0,0,0,0,0,0,0,0,0,0,0,0,0,0,128,256,256,20,64,256,256,20,8.29,8.29,0.00,0,0,0,0,0,0,0,0,0,0,0,0,0,0,0,0,0,0,0,0,0,0,0,0,0,0,0,0,0,0,0,0,0,0,0,0,0,0,0,0,0,0,0,0,0,0,0,0,0,0,0,0,0,0,0,0,0,0,0,0,0,0,0,0,0,0,0,0,0,0,0,0,0,0,0,0,0,0,0,0,0,0,0,0,0,40,20,254
42439900555000,0,0,0,0,0,0,0,0,0,0,0,0,0,0,0,0,0,0,0,0,0,0,0,0,0,0,0,0,0,0,0,0,0,0,0,0,0,0,0,0,0,262144,262144,262144,41,256,256,256,41,262144,262144,262144,41,64,64,128,41,128,128,128,41,0,0,0,0,0,0,0,0,0,0,0,0,0,0,0,0,0,0,0,0,0,0,0,0,128,128,512,909,64,128,512,909,0,64,64,4257,0,0,0,0,0,0,0,0,0,0,0,0,0,0,0,0,0,0,0,0,0,0,0,0,0,0,0,0,0,0,0,0,128,128,128,21,128,256,256,21,8.30,8.30,0.00,0,0,0,0,0,0,0,0,0,0,0,0,0,0,0,0,0,0,0,0,0,0,0,0,0,0,0,0,0,0,0,0,0,0,0,0,0,0,0,0,0,0,0,0,0,0,0,0,0,0,0,0,0,0,0,0,0,0,0,0,0,0,0,0,0,0,0,0,0,0,0,0,0,0,0,0,0,0,0,0,0,0,0,12,0,41,21,254
42440921125000,0,0,0,0,0,0,0,0,0,0,0,0,0,0,0,0,0,0,0,0,0,0,0,0,0,0,0,0,0,0,0,0,0,0,0,0,0,0,0,0,0,262144,262144,262144,41,256,256,256,41,262144,262144,262144,41,64,64,64,41,128,128,256,41,0,0,0,0,0,0,0,0,0,0,0,0,0,0,0,0,0,0,0,0,0,0,0,0,128,256,512,933,64,128,512,933,0,64,64,4329,0,0,0,0,0,0,0,0,0,0,0,0,0,0,0,0,0,0,0,0,0,0,0,0,0,0,0,0,0,0,0,0,64,128,128,20,64,128,128,20,8.54,8.42,0.13,0,0,0,0,0,0,0,0,0,0,0,0,0,0,0,0,0,0,0,0,0,0,0,0,0,0,0,0,0,0,0,0,0,0,0,0,0,0,0,0,0,0,0,0,0,0,0,0,0,0,0,0,0,0,0,0,0,0,0,0,0,0,0,0,0,0,0,0,0,0,0,0,0,0,0,0,0,0,0,0,0,0,0,0,0,41,20,254
42441941127100,0,0,0,0,0,0,0,0,0,0,0,0,0,0,0,0,0,0,0,0,0,0,0,0,0,0,0,0,0,0,0,0,0,0,0,0,0,0,0,0,0,262144,262144,262144,41,256,256,256,41,262144,262144,262144,41,64,128,128,41,128,128,256,41,0,0,0,0,0,0,0,0,0,0,0,0,0,0,0,0,0,0,0,0,0,0,0,0,128,256,512,879,64,128,512,879,0,64,64,4149,0,0,0,0,0,0,0,0,0,0,0,0,0,0,0,0,0,0,0,0,0,0,0,0,0,0,0,0,0,0,0,0,128,256,512,21,64,256,256,21,8.43,8.30,0.13,0,0,0,0,0,0,0,0,0,0,0,0,0,0,0,0,0,0,0,0,0,0,0,0,0,0,0,0,0,0,0,0,0,0,0,0,0,0,0,0,0,0,0,0,0,0,0,0,0,0,0,0,0,0,0,0,0,0,0,0,0,0,0,0,0,0,0,0,0,0,0,0,0,0,0,0,0,0,0,0,0,0,0,7,0,41,21,254
42442962487000,0,0,0,0,0,0,0,0,0,0,0,0,0,0,0,0,0,0,0,0,0,0,0,0,0,0,0,0,0,0,0,0,0,0,0,0,0,0,0,0,0,262144,262144,262144,41,256,256,256,41,262144,262144,262144,41,64,64,64,41,128,128,128,41,0,0,0,0,0,0,0,0,0,0,0,0,0,0,0,0,0,0,0,0,0,0,0,0,128,128,256,840,64,128,512,840,0,64,64,4518,0,0,0,0,0,0,0,0,0,0,0,0,0,0,0,0,0,0,0,0,0,0,0,0,0,0,0,0,0,0,0,0,128,128,128,20,64,256,256,20,8.29,8.29,0.00,0,0,0,0,0,0,0,0,0,0,0,0,0,0,0,0,0,0,0,0,0,0,0,0,0,0,0,0,0,0,0,0,0,0,0,0,0,0,0,0,0,0,0,0,0,0,0,0,0,0,0,0,0,0,0,0,0,0,0,0,0,0,0,0,0,0,0,0,0,0,0,0,0,0,0,0,0,0,0,0,0,0,0,1,0,41,20,254
42443982304900,0,0,0,0,0,0,0,0,0,0,0,0,0,0,0,0,0,0,0,0,0,0,0,0,0,0,0,0,0,0,0,0,0,0,0,0,0,0,0,0,0,262144,262144,262144,40,256,256,256,40,262144,262144,262144,40,64,64,64,40,128,128,256,40,0,0,0,0,0,0,0,0,0,0,0,0,0,0,0,0,0,0,0,0,0,0,0,0,128,128,256,872,64,128,512,872,0,64,64,4473,0,0,0,0,0,0,0,0,0,0,0,0,0,0,0,0,0,0,0,0,0,0,0,0,0,0,0,0,0,0,0,0,128,256,256,20,128,256,256,20,8.30,8.30,0.00,0,0,0,0,0,0,0,0,0,0,0,0,0,0,0,0,0,0,0,0,0,0,0,0,0,0,0,0,0,0,0,0,0,0,0,0,0,0,0,0,0,0,0,0,0,0,0,0,0,0,0,0,0,0,0,0,0,0,0,0,0,0,0,0,0,0,0,0,0,0,0,0,0,0,0,0,0,0,0,0,0,0,0,0,0,40,20,254
42445002841600,0,0,0,0,0,0,0,0,0,0,0,0,0,0,0,0,0,0,0,0,0,0,0,0,0,0,0,0,0,0,0,0,0,0,0,0,0,0,0,0,0,262144,262144,262144,41,256,256,256,41,262144,262144,262144,41,64,64,256,41,128,256,256,41,0,0,0,0,0,0,0,0,0,0,0,0,0,0,0,0,0,0,0,0,0,0,0,0,64,128,256,969,64,128,512,969,0,64,64,4491,0,0,0,0,0,0,0,0,0,0,0,0,0,0,0,0,0,0,0,0,0,0,0,0,0,0,0,0,0,0,0,0,128,128,128,21,128,128,256,21,8.54,8.42,0.13,0,0,0,0,0,0,0,0,0,0,0,0,0,0,0,0,0,0,0,0,0,0,0,0,0,0,0,0,0,0,0,0,0,0,0,0,0,0,0,0,0,0,0,0,0,0,0,0,0,0,0,0,0,0,0,0,0,0,0,0,0,0,0,0,0,0,0,0,0,0,0,0,0,0,0,0,0,0,0,0,0,0,0,11,0,41,21,254
42446021734400,0,0,0,0,0,0,0,0,0,0,0,0,0,0,0,0,0,0,0,0,0,0,0,0,0,0,0,0,0,0,0,0,0,0,0,0,0,0,0,0,0,262144,262144,262144,41,256,256,256,41,262144,262144,262144,41,64,128,256,41,128,128,128,41,0,0,0,0,0,0,0,0,0,0,0,0,0,0,0,0,0,0,0,0,0,0,0,0,64,128,256,927,64,128,512,927,0,64,64,4437,0,0,0,0,0,0,0,0,0,0,0,0,0,0,0,0,0,0,0,0,0,0,0,0,0,0,0,0,0,0,0,0,128,128,128,20,128,256,256,20,8.30,8.30,0.00,0,0,0,0,0,0,0,0,0,0,0,0,0,0,0,0,0,0,0,0,0,0,0,0,0,0,0,0,0,0,0,0,0,0,0,0,0,0,0,0,0,0,0,0,0,0,0,0,0,0,0,0,0,0,0,0,0,0,0,0,0,0,0,0,0,0,0,0,0,0,0,0,0,0,0,0,0,0,0,0,0,0,0,0,0,41,20,254
42447041956200,0,0,0,0,0,0,0,0,0,0,0,0,0,0,0,0,0,0,0,0,0,0,0,0,0,0,0,0,0,0,0,0,0,0,0,0,0,0,0,0,0,262144,262144,262144,41,256,256,256,41,262144,262144,262144,41,64,64,128,41,128,128,256,41,0,0,0,0,0,0,0,0,0,0,0,0,0,0,0,0,0,0,0,0,0,0,0,0,64,128,256,924,64,64,256,924,0,64,64,4644,0,0,0,0,0,0,0,0,0,0,0,0,0,0,0,0,0,0,0,0,0,0,0,0,0,0,0,0,0,0,0,0,128,128,128,21,64,256,256,21,8.30,8.30,0.00,0,0,0,0,0,0,0,0,0,0,0,0,0,0,0,0,0,0,0,0,0,0,0,0,0,0,0,0,0,0,0,0,0,0,0,0,0,0,0,0,0,0,0,0,0,0,0,0,0,0,0,0,0,0,0,0,0,0,0,0,0,0,0,0,0,0,0,0,0,0,0,0,0,0,0,0,0,0,0,0,0,0,0,0,0,41,21,254
42448064242100,0,0,0,0,0,0,0,0,0,0,0,0,0,0,0,0,0,0,0,0,0,0,0,0,0,0,0,0,0,0,0,0,0,0,0,0,0,0,0,0,0,262144,262144,262144,41,256,256,512,41,262144,262144,262144,41,64,128,128,41,128,256,256,41,0,0,0,0,0,0,0,0,0,0,0,0,0,0,0,0,0,0,0,0,0,0,0,0,128,256,256,896,64,128,256,896,0,64,64,4455,0,0,0,0,0,0,0,0,0,0,0,0,0,0,0,0,0,0,0,0,0,0,0,0,0,0,0,0,0,0,0,0,128,256,256,20,128,256,256,20,8.53,8.40,0.13,0,0,0,0,0,0,0,0,0,0,0,0,0,0,0,0,0,0,0,0,0,0,0,0,0,0,0,0,0,0,0,0,0,0,0,0,0,0,0,0,0,0,0,0,0,0,0,0,0,0,0,0,0,0,0,0,0,0,0,0,0,0,0,0,0,0,0,0,0,0,0,0,0,0,0,0,0,0,0,0,0,0,0,0,0,41,20,254
42449084212500,0,0,0,0,0,0,0,0,0,0,0,0,0,0,0,0,0,0,0,0,0,0,0,0,0,0,0,0,0,0,0,0,0,0,0,0,0,0,0,0,0,262144,262144,262144,40,256,256,256,40,262144,262144,262144,40,64,64,64,40,128,128,128,40,0,0,0,0,0,0,0,0,0,0,0,0,0,0,0,0,0,0,0,0,0,0,0,0,64,128,256,882,64,128,512,882,0,64,64,4095,0,0,0,0,0,0,0,0,0,0,0,0,0,0,0,0,0,0,0,0,0,0,0,0,0,0,0,0,0,0,0,0,128,128,128,20,128,256,256,20,8.30,8.30,0.00,0,0,0,0,0,0,0,0,0,0,0,0,0,0,0,0,0,0,0,0,0,0,0,0,0,0,0,0,0,0,0,0,0,0,0,0,0,0,0,0,0,0,0,0,0,0,0,0,0,0,0,0,0,0,0,0,0,0,0,0,0,0,0,0,0,0,0,0,0,0,0,0,0,0,0,0,0,0,0,0,0,0,0,0,0,40,20,254
42450102658200,0,0,0,0,0,0,0,0,0,0,0,0,0,0,0,0,0,0,0,0,0,0,0,0,0,0,0,0,0,0,0,0,0,0,0,0,0,0,0,0,0,262144,262144,262144,41,256,256,512,41,262144,262144,262144,41,64,128,128,41,128,128,256,41,0,0,0,0,0,0,0,0,0,0,0,0,0,0,0,0,0,0,0,0,0,0,0,0,128,256,512,869,64,128,256,869,0,64,64,4437,0,0,0,0,0,0,0,0,0,0,0,0,0,0,0,0,0,0,0,0,0,0,0,0,0,0,0,0,0,0,0,0,128,128,128,21,128,256,256,21,8.30,8.30,0.00,0,0,0,0,0,0,0,0,0,0,0,0,0,0,0,0,0,0,0,0,0,0,0,0,0,0,0,0,0,0,0,0,0,0,0,0,0,0,0,0,0,0,0,0,0,0,0,0,0,0,0,0,0,0,0,0,0,0,0,0,0,0,0,0,0,0,0,0,0,0,0,0,0,0,0,0,0,0,0,0,0,0,0,0,0,41,21,254
42451125205400,0,0,0,0,0,0,0,0,0,0,0,0,0,0,0,0,0,0,0,0,0,0,0,0,0,0,0,0,0,0,0,0,0,0,0,0,0,0,0,0,0,262144,262144,262144,41,256,512,512,41,262144,262144,262144,41,64,128,128,41,128,128,256,41,0,0,0,0,0,0,0,0,0,0,0,0,0,0,0,0,0,0,0,0,0,0,0,0,64,256,256,825,64,128,256,825,0,64,64,4122,0,0,0,0,0,0,0,0,0,0,0,0,0,0,0,0,0,0,0,0,0,0,0,0,0,0,0,0,0,0,0,0,128,128,128,20,128,512,512,20,8.53,8.53,0.00,0,0,0,0,0,0,0,0,0,0,0,0,0,0,0,0,0,0,0,0,0,0,0,0,0,0,0,0,0,0,0,0,0,0,0,0,0,0,0,0,0,0,0,0,0,0,0,0,0,0,0,0,0,0,0,0,0,0,0,0,0,0,0,0,0,0,0,0,0,0,0,0,0,0,0,0,0,0,0,0,0,0,0,0,0,41,20,254
42452144665400,0,0,0,0,0,0,0,0,0,0,0,0,0,0,0,0,0,0,0,0,0,0,0,0,0,0,0,0,0,0,0,0,0,0,0,0,0,0,0,0,0,262144,262144,262144,41,256,256,512,41,262144,262144,262144,41,64,64,128,41,128,128,256,41,0,0,0,0,0,0,0,0,0,0,0,0,0,0,0,0,0,0,0,0,0,0,0,0,128,256,256,915,64,128,512,915,0,64,64,4185,0,0,0,0,0,0,0,0,0,0,0,0,0,0,0,0,0,0,0,0,0,0,0,0,0,0,0,0,0,0,0,0,64,128,128,21,64,256,256,21,8.44,8.31,0.13,0,0,0,0,0,0,0,0,0,0,0,0,0,0,0,0,0,0,0,0,0,0,0,0,0,0,0,0,0,0,0,0,0,0,0,0,0,0,0,0,0,0,0,0,0,0,0,0,0,0,0,0,0,0,0,0,0,0,0,0,0,0,0,0,0,0,0,0,0,0,0,0,0,0,0,0,0,0,0,0,0,0,0,1,0,41,21,254
42453165736200,0,0,0,0,0,0,0,0,0,0,0,0,0,0,0,0,0,0,0,0,0,0,0,0,0,0,0,0,0,0,0,0,0,0,0,0,0,0,0,0,0,262144,262144,262144,41,256,256,256,41,262144,262144,262144,41,64,64,64,41,128,128,128,41,0,0,0,0,0,0,0,0,0,0,0,0,0,0,0,0,0,0,0,0,0,0,0,0,128,256,256,848,64,128,256,848,0,64,64,4356,0,0,0,0,0,0,0,0,0,0,0,0,0,0,0,0,0,0,0,0,0,0,0,0,0,0,0,0,0,0,0,0,128,128,128,20,128,256,256,20,8.29,8.29,0.00,0,0,0,0,0,0,0,0,0,0,0,0,0,0,0,0,0,0,0,0,0,0,0,0,0,0,0,0,0,0,0,0,0,0,0,0,0,0,0,0,0,0,0,0,0,0,0,0,0,0,0,0,0,0,0,0,0,0,0,0,0,0,0,0,0,0,0,0,0,0,0,0,0,0,0,0,0,0,0,0,0,0,0,0,0,41,20,254
42454186282300,0,0,0,0,0,0,0,0,0,0,0,0,0,0,0,0,0,0,0,0,0,0,0,0,0,0,0,0,0,0,0,0,0,0,0,0,0,0,0,0,0,262144,262144,262144,41,256,256,256,41,262144,262144,262144,41,64,64,128,41,128,128,256,41,0,0,0,0,0,0,0,0,0,0,0,0,0,0,0,0,0,0,0,0,0,0,0,0,128,256,256,989,64,128,256,989,0,64,64,4752,0,0,0,0,0,0,0,0,0,0,0,0,0,0,0,0,0,0,0,0,0,0,0,0,0,0,0,0,0,0,0,0,128,128,128,21,64,256,256,21,8.54,8.42,0.13,0,0,0,0,0,0,0,0,0,0,0,0,0,0,0,0,0,0,0,0,0,0,0,0,0,0,0,0,0,0,0,0,0,0,0,0,0,0,0,0,0,0,0,0,0,0,0,0,0,0,0,0,0,0,0,0,0,0,0,0,0,0,0,0,0,0,0,0,0,0,0,0,0,0,0,0,0,0,0,0,0,0,0,0,0,41,21,254
42455205468200,0,0,0,0,0,0,0,0,0,0,0,0,0,0,0,0,0,0,0,0,0,0,0,0,0,0,0,0,0,0,0,0,0,0,0,0,0,0,0,0,0,262144,262144,262144,40,256,256,256,40,262144,262144,262144,40,64,64,64,40,128,128,128,40,0,0,0,0,0,0,0,0,0,0,0,0,0,0,0,0,0,0,0,0,0,0,0,0,128,128,512,840,64,128,512,840,0,64,64,4419,0,0,0,0,0,0,0,0,0,0,0,0,0,0,0,0,0,0,0,0,0,0,0,0,0,0,0,0,0,0,0,0,64,128,128,20,128,256,256,20,8.43,8.30,0.13,0,0,0,0,0,0,0,0,0,0,0,0,0,0,0,0,0,0,0,0,0,0,0,0,0,0,0,0,0,0,0,0,0,0,0,0,0,0,0,0,0,0,0,0,0,0,0,0,0,0,0,0,0,0,0,0,0,0,0,0,0,0,0,0,0,0,0,0,0,0,0,0,0,0,0,0,0,0,0,0,0,0,0,0,0,40,20,254
42456227210500,0,0,0,0,0,0,0,0,0,0,0,0,0,0,0,0,0,0,0,0,0,0,0,0,0,0,0,0,0,0,0,0,0,0,0,0,0,0,0,0,0,262144,262144,262144,41,256,256,256,41,262144,262144,262144,41,64,128,256,41,128,128,256,41,0,0,0,0,0,0,0,0,0,0,0,0,0,0,0,0,0,0,0,0,0,0,0,0,128,128,256,968,64,128,512,968,0,64,64,4257,0,0,0,0,0,0,0,0,0,0,0,0,0,0,0,0,0,0,0,0,0,0,0,0,0,0,0,0,0,0,0,0,128,128,128,20,128,256,256,20,8.29,8.29,0.00,0,0,0,0,0,0,0,0,0,0,0,0,0,0,0,0,0,0,0,0,0,0,0,0,0,0,0,0,0,0,0,0,0,0,0,0,0,0,0,0,0,0,0,0,0,0,0,0,0,0,0,0,0,0,0,0,0,0,0,0,0,0,0,0,0,0,0,0,0,0,0,0,0,0,0,0,0,0,0,0,0,0,0,0,0,41,20,254
42457247694100,0,0,0,0,0,0,0,0,0,0,0,0,0,0,0,0,0,0,0,0,0,0,0,0,0,0,0,0,0,0,0,0,0,0,0,0,0,0,0,0,0,262144,262144,262144,41,256,256,256,41,262144,262144,262144,41,64,128,256,41,128,128,256,41,0,0,0,0,0,0,0,0,0,0,0,0,0,0,0,0,0,0,0,0,0,0,0,0,128,128,256,912,64,128,256,912,0,64,64,4797,0,0,0,0,0,0,0,0,0,0,0,0,0,0,0,0,0,0,0,0,0,0,0,0,0,0,0,0,0,0,0,0,128,128,128,21,128,256,256,21,8.29,8.29,0.00,0,0,0,0,0,0,0,0,0,0,0,0,0,0,0,0,0,0,0,0,0,0,0,0,0,0,0,0,0,0,0,0,0,0,0,0,0,0,0,0,0,0,0,0,0,0,0,0,0,0,0,0,0,0,0,0,0,0,0,0,0,0,0,0,0,0,0,0,0,0,0,0,0,0,0,0,0,0,0,0,0,0,0,0,0,41,21,254
42458267553500,0,0,0,0,0,0,0,0,0,0,0,0,0,0,0,0,0,0,0,0,0,0,0,0,0,0,0,0,0,0,0,0,0,0,0,0,0,0,0,0,0,262144,262144,262144,41,256,256,256,41,262144,262144,262144,41,64,64,128,41,128,128,256,41,0,0,0,0,0,0,0,0,0,0,0,0,0,0,0,0,0,0,0,0,0,0,0,0,128,256,256,831,64,64,256,831,0,64,64,4509,0,0,0,0,0,0,0,0,0,0,0,0,0,0,0,0,0,0,0,0,0,0,0,0,0,0,0,0,0,0,0,0,128,256,256,20,64,256,256,20,8.55,8.42,0.13,0,0,0,0,0,0,0,0,0,0,0,0,0,0,0,0,0,0,0,0,0,0,0,0,0,0,0,0,0,0,0,0,0,0,0,0,0,0,0,0,0,0,0,0,0,0,0,0,0,0,0,0,0,0,0,0,0,0,0,0,0,0,0,0,0,0,0,0,0,0,0,0,0,0,0,0,0,0,0,0,0,0,0,0,0,41,20,254
42459288676000,0,0,0,0,0,0,0,0,0,0,0,0,0,0,0,0,0,0,0,0,0,0,0,0,0,0,0,0,0,0,0,0,0,0,0,0,0,0,0,0,0,262144,262144,262144,41,256,256,256,41,262144,262144,262144,41,64,64,64,41,128,128,256,41,0,0,0,0,0,0,0,0,0,0,0,0,0,0,0,0,0,0,0,0,0,0,0,0,64,256,512,855,64,128,512,855,0,64,64,4239,0,0,0,0,0,0,0,0,0,0,0,0,0,0,0,0,0,0,0,0,0,0,0,0,0,0,0,0,0,0,0,0,128,128,256,21,64,256,256,21,8.30,8.30,0.00,0,0,0,0,0,0,0,0,0,0,0,0,0,0,0,0,0,0,0,0,0,0,0,0,0,0,0,0,0,0,0,0,0,0,0,0,0,0,0,0,0,0,0,0,0,0,0,0,0,0,0,0,0,0,0,0,0,0,0,0,0,0,0,0,0,0,0,0,0,0,0,0,0,0,0,0,0,0,0,0,0,0,0,0,0,41,21,254
42460308374300,0,0,0,0,0,0,0,0,0,0,0,0,0,0,0,0,0,0,0,0,0,0,0,0,0,0,0,0,0,0,0,0,0,0,0,0,0,0,0,0,0,262144,262144,262144,40,256,256,256,40,262144,262144,262144,40,64,128,128,40,128,128,256,40,0,0,0,0,0,0,0,0,0,0,0,0,0,0,0,0,0,0,0,0,0,0,0,0,128,128,256,915,64,128,256,915,0,64,64,3987,0,0,0,0,0,0,0,0,0,0,0,0,0,0,0,0,0,0,0,0,0,0,0,0,0,0,0,0,0,0,0,0,128,128,128,20,64,128,128,20,8.30,8.30,0.00,0,0,0,0,0,0,0,0,0,0,0,0,0,0,0,0,0,0,0,0,0,0,0,0,0,0,0,0,0,0,0,0,0,0,0,0,0,0,0,0,0,0,0,0,0,0,0,0,0,0,0,0,0,0,0,0,0,0,0,0,0,0,0,0,0,0,0,0,0,0,0,0,0,0,0,0,0,0,0,0,0,0,0,0,0,40,20,254
42461327682100,0,0,0,0,0,0,0,0,0,0,0,0,0,0,0,0,0,0,0,0,0,0,0,0,0,0,0,0,0,0,0,0,0,0,0,0,0,0,0,0,0,262144,262144,262144,41,256,256,256,41,262144,262144,262144,41,64,128,256,41,128,128,256,41,0,0,0,0,0,0,0,0,0,0,0,0,0,0,0,0,0,0,0,0,0,0,0,0,64,256,256,897,64,128,512,897,0,64,64,4320,0,0,0,0,0,0,0,0,0,0,0,0,0,0,0,0,0,0,0,0,0,0,0,0,0,0,0,0,0,0,0,0,128,128,128,20,64,256,256,20,8.56,8.43,0.13,0,0,0,0,0,0,0,0,0,0,0,0,0,0,0,0,0,0,0,0,0,0,0,0,0,0,0,0,0,0,0,0,0,0,0,0,0,0,0,0,0,0,0,0,0,0,0,0,0,0,0,0,0,0,0,0,0,0,0,0,0,0,0,0,0,0,0,0,0,0,0,0,0,0,0,0,0,0,0,0,0,0,0,0,0,41,20,254
42462349381600,0,0,0,0,0,0,0,0,0,0,0,0,0,0,0,0,0,0,0,0,0,0,0,0,0,0,0,0,0,0,0,0,0,0,0,0,0,0,0,0,0,262144,262144,262144,41,256,256,256,41,262144,262144,262144,41,64,128,256,41,128,128,256,41,0,0,0,0,0,0,0,0,0,0,0,0,0,0,0,0,0,0,0,0,0,0,0,0,64,256,256,882,64,128,512,882,0,64,64,4176,0,0,0,0,0,0,0,0,0,0,0,0,0,0,0,0,0,0,0,0,0,0,0,0,0,0,0,0,0,0,0,0,128,256,256,21,64,256,256,21,8.28,8.28,0.00,0,0,0,0,0,0,0,0,0,0,0,0,0,0,0,0,0,0,0,0,0,0,0,0,0,0,0,0,0,0,0,0,0,0,0,0,0,0,0,0,0,0,0,0,0,0,0,0,0,0,0,0,0,0,0,0,0,0,0,0,0,0,0,0,0,0,0,0,0,0,0,0,0,0,0,0,0,0,0,0,0,0,0,0,0,41,21,254
42463368268200,0,0,0,0,0,0,0,0,0,0,0,0,0,0,0,0,0,0,0,0,0,0,0,0,0,0,0,0,0,0,0,0,0,0,0,0,0,0,0,0,0,262144,262144,262144,41,256,256,512,41,262144,262144,262144,41,64,64,128,41,128,128,256,41,0,0,0,0,0,0,0,0,0,0,0,0,0,0,0,0,0,0,0,0,0,0,0,0,64,256,512,816,64,128,512,816,0,64,64,4374,0,0,0,0,0,0,0,0,0,0,0,0,0,0,0,0,0,0,0,0,0,0,0,0,0,0,0,0,0,0,0,0,128,128,128,20,64,256,256,20,8.31,8.31,0.00,0,0,0,0,0,0,0,0,0,0,0,0,0,0,0,0,0,0,0,0,0,0,0,0,0,0,0,0,0,0,0,0,0,0,0,0,0,0,0,0,0,0,0,0,0,0,0,0,0,0,0,0,0,0,0,0,0,0,0,0,0,0,0,0,0,0,0,0,0,0,0,0,0,0,0,0,0,0,0,0,0,0,0,0,0,41,20,254
42464389895700,0,0,0,0,0,0,0,0,0,0,0,0,0,0,0,0,0,0,0,0,0,0,0,0,0,0,0,0,0,0,0,0,0,0,0,0,0,0,0,0,0,262144,262144,262144,41,256,256,512,41,262144,262144,262144,41,64,128,128,41,128,256,512,41,0,0,0,0,0,0,0,0,0,0,0,0,0,0,0,0,0,0,0,0,0,0,0,0,128,256,512,893,64,128,512,893,0,64,64,4770,0,0,0,0,0,0,0,0,0,0,0,0,0,0,0,0,0,0,0,0,0,0,0,0,0,0,0,0,0,0,0,0,128,128,256,21,64,256,256,21,8.54,8.42,0.13,0,0,0,0,0,0,0,0,0,0,0,0,0,0,0,0,0,0,0,0,0,0,0,0,0,0,0,0,0,0,0,0,0,0,0,0,0,0,0,0,0,0,0,0,0,0,0,0,0,0,0,0,0,0,0,0,0,0,0,0,0,0,0,0,0,0,0,0,0,0,0,0,0,0,0,0,0,0,0,0,0,0,0,2,0,41,21,254
42465410576900,0,0,0,0,0,0,0,0,0,0,0,0,0,0,0,0,0,0,0,0,0,0,0,0,0,0,0,0,0,0,0,0,0,0,0,0,0,0,0,0,0,262144,262144,262144,40,256,256,512,40,262144,262144,262144,40,64,128,128,40,128,128,256,41,0,0,0,0,0,0,0,0,0,0,0,0,0,0,0,0,0,0,0,0,0,0,0,0,64,256,512,867,64,128,512,867,0,64,64,4230,0,0,0,0,0,0,0,0,0,0,0,0,0,0,0,0,0,0,0,0,0,0,0,0,0,0,0,0,0,0,0,0,128,128,128,20,128,256,256,20,8.42,8.29,0.13,0,0,0,0,0,0,0,0,0,0,0,0,0,0,0,0,0,0,0,0,0,0,0,0,0,0,0,0,0,0,0,0,0,0,0,0,0,0,0,0,0,0,0,0,0,0,0,0,0,0,0,0,0,0,0,0,0,0,0,0,0,0,0,0,0,0,0,0,0,0,0,0,0,0,0,0,0,0,0,0,0,0,0,0,0,40,20,254
42466430042000,0,0,0,0,0,0,0,0,0,0,0,0,0,0,0,0,0,0,0,0,0,0,0,0,0,0,0,0,0,0,0,0,0,0,0,0,0,0,0,0,0,262144,262144,262144,41,256,256,256,41,262144,262144,262144,41,64,64,128,41,128,256,512,40,0,0,0,0,0,0,0,0,0,0,0,0,0,0,0,0,0,0,0,0,0,0,0,0,64,256,256,957,64,128,256,957,0,64,64,4365,0,0,0,0,0,0,0,0,0,0,0,0,0,0,0,0,0,0,0,0,0,0,0,0,0,0,0,0,0,0,0,0,128,128,128,20,64,128,128,20,8.30,8.30,0.00,0,0,0,0,0,0,0,0,0,0,0,0,0,0,0,0,0,0,0,0,0,0,0,0,0,0,0,0,0,0,0,0,0,0,0,0,0,0,0,0,0,0,0,0,0,0,0,0,0,0,0,0,0,0,0,0,0,0,0,0,0,0,0,0,0,0,0,0,0,0,0,0,0,0,0,0,0,0,0,0,0,0,0,0,0,41,20,254
42467449945500,0,0,0,0,0,0,0,0,0,0,0,0,0,0,0,0,0,0,0,0,0,0,0,0,0,0,0,0,0,0,0,0,0,0,0,0,0,0,0,0,0,262144,262144,262144,41,256,256,256,41,262144,262144,262144,41,64,64,128,41,128,256,256,41,0,0,0,0,0,0,0,0,0,0,0,0,0,0,0,0,0,0,0,0,0,0,0,0,64,128,256,959,64,64,256,959,0,64,64,4752,0,0,0,0,0,0,0,0,0,0,0,0,0,0,0,0,0,0,0,0,0,0,0,0,0,0,0,0,0,0,0,0,128,128,128,21,64,128,256,21,8.30,8.30,0.00,0,0,0,0,0,0,0,0,0,0,0,0,0,0,0,0,0,0,0,0,0,0,0,0,0,0,0,0,0,0,0,0,0,0,0,0,0,0,0,0,0,0,0,0,0,0,0,0,0,0,0,0,0,0,0,0,0,0,0,0,0,0,0,0,0,0,0,0,0,0,0,0,0,0,0,0,0,0,0,0,0,0,0,0,0,41,21,254
42468469810900,0,0,0,0,0,0,0,0,0,0,0,0,0,0,0,0,0,0,0,0,0,0,0,0,0,0,0,0,0,0,0,0,0,0,0,0,0,0,0,0,0,262144,262144,262144,41,256,256,256,41,262144,262144,262144,41,64,128,128,41,128,128,128,41,0,0,0,0,0,0,0,0,0,0,0,0,0,0,0,0,0,0,0,0,0,0,0,0,64,256,256,882,64,128,512,882,0,64,64,4473,0,0,0,0,0,0,0,0,0,0,0,0,0,0,0,0,0,0,0,0,0,0,0,0,0,0,0,0,0,0,0,0,128,128,128,20,128,256,256,20,8.55,8.43,0.13,0,0,0,0,0,0,0,0,0,0,0,0,0,0,0,0,0,0,0,0,0,0,0,0,0,0,0,0,0,0,0,0,0,0,0,0,0,0,0,0,0,0,0,0,0,0,0,0,0,0,0,0,0,0,0,0,0,0,0,0,0,0,0,0,0,0,0,0,0,0,0,0,0,0,0,0,0,0,0,0,0,0,0,0,0,41,20,254
42469491002400,0,0,0,0,0,0,0,0,0,0,0,0,0,0,0,0,0,0,0,0,0,0,0,0,0,0,0,0,0,0,0,0,0,0,0,0,0,0,0,0,0,262144,262144,262144,41,256,256,256,41,262144,262144,262144,41,64,64,256,41,128,128,256,41,0,0,0,0,0,0,0,0,0,0,0,0,0,0,0,0,0,0,0,0,0,0,0,0,128,256,256,804,64,128,256,804,0,64,64,4212,0,0,0,0,0,0,0,0,0,0,0,0,0,0,0,0,0,0,0,0,0,0,0,0,0,0,0,0,0,0,0,0,128,128,128,21,64,128,256,21,8.29,8.29,0.00,0,0,0,0,0,0,0,0,0,0,0,0,0,0,0,0,0,0,0,0,0,0,0,0,0,0,0,0,0,0,0,0,0,0,0,0,0,0,0,0,0,0,0,0,0,0,0,0,0,0,0,0,0,0,0,0,0,0,0,0,0,0,0,0,0,0,0,0,0,0,0,0,0,0,0,0,0,0,0,0,0,0,0,0,0,41,21,254
42470511014600,0,0,0,0,0,0,0,0,0,0,0,0,0,0,0,0,0,0,0,0,0,0,0,0,0,0,0,0,0,0,0,0,0,0,0,0,0,0,0,0,0,262144,262144,262144,41,256,256,256,41,262144,262144,262144,41,64,128,256,41,128,128,256,41,0,0,0,0,0,0,0,0,0,0,0,0,0,0,0,0,0,0,0,0,0,0,0,0,64,256,256,873,64,128,256,873,0,64,64,4248,0,0,0,0,0,0,0,0,0,0,0,0,0,0,0,0,0,0,0,0,0,0,0,0,0,0,0,0,0,0,0,0,128,256,256,20,128,256,256,20,8.30,8.30,0.00,0,0,0,0,0,0,0,0,0,0,0,0,0,0,0,0,0,0,0,0,0,0,0,0,0,0,0,0,0,0,0,0,0,0,0,0,0,0,0,0,0,0,0,0,0,0,0,0,0,0,0,0,0,0,0,0,0,0,0,0,0,0,0,0,0,0,0,0,0,0,0,0,0,0,0,0,0,0,0,0,0,0,0,0,0,41,20,254
42471532384400,0,0,0,0,0,0,0,0,0,0,0,0,0,0,0,0,0,0,0,0,0,0,0,0,0,0,0,0,0,0,0,0,0,0,0,0,0,0,0,0,0,262144,262144,262144,40,256,256,256,40,262144,262144,262144,40,64,256,256,40,128,256,256,40,0,0,0,0,0,0,0,0,0,0,0,0,0,0,0,0,0,0,0,0,0,0,0,0,128,256,512,894,64,128,1024,894,0,64,64,4248,0,0,0,0,0,0,0,0,0,0,0,0,0,0,0,0,0,0,0,0,0,0,0,0,0,0,0,0,0,0,0,0,128,256,256,20,128,256,256,20,8.42,8.29,0.13,0,0,0,0,0,0,0,0,0,0,0,0,0,0,0,0,0,0,0,0,0,0,0,0,0,0,0,0,0,0,0,0,0,0,0,0,0,0,0,0,0,0,0,0,0,0,0,0,0,0,0,0,0,0,0,0,0,0,0,0,0,0,0,0,0,0,0,0,0,0,0,0,0,0,0,0,0,0,0,0,0,0,0,0,0,40,20,254
42472552934200,0,0,0,0,0,0,0,0,0,0,0,0,0,0,0,0,0,0,0,0,0,0,0,0,0,0,0,0,0,0,0,0,0,0,0,0,0,0,0,0,0,262144,262144,262144,41,256,256,256,41,262144,262144,262144,41,64,128,128,41,128,256,256,41,0,0,0,0,0,0,0,0,0,0,0,0,0,0,0,0,0,0,0,0,0,0,0,0,128,128,256,1017,64,128,256,1017,0,64,64,4338,0,0,0,0,0,0,0,0,0,0,0,0,0,0,0,0,0,0,0,0,0,0,0,0,0,0,0,0,0,0,0,0,64,128,128,21,128,256,256,21,8.29,8.29,0.00,0,0,0,0,0,0,0,0,0,0,0,0,0,0,0,0,0,0,0,0,0,0,0,0,0,0,0,0,0,0,0,0,0,0,0,0,0,0,0,0,0,0,0,0,0,0,0,0,0,0,0,0,0,0,0,0,0,0,0,0,0,0,0,0,0,0,0,0,0,0,0,0,0,0,0,0,0,0,0,0,0,0,0,0,0,41,21,254
42473573053400,0,0,0,0,0,0,0,0,0,0,0,0,0,0,0,0,0,0,0,0,0,0,0,0,0,0,0,0,0,0,0,0,0,0,0,0,0,0,0,0,0,262144,262144,262144,41,256,256,512,41,262144,262144,262144,41,64,256,256,41,128,256,256,41,0,0,0,0,0,0,0,0,0,0,0,0,0,0,0,0,0,0,0,0,0,0,0,0,64,256,512,860,64,128,1024,860,0,64,64,4140,0,0,0,0,0,0,0,0,0,0,0,0,0,0,0,0,0,0,0,0,0,0,0,0,0,0,0,0,0,0,0,0,128,256,256,20,256,256,256,20,8.30,8.30,0.00,0,0,0,0,0,0,0,0,0,0,0,0,0,0,0,0,0,0,0,0,0,0,0,0,0,0,0,0,0,0,0,0,0,0,0,0,0,0,0,0,0,0,0,0,0,0,0,0,0,0,0,0,0,0,0,0,0,0,0,0,0,0,0,0,0,0,0,0,0,0,0,0,0,0,0,0,0,0,0,0,0,0,0,0,0,41,20,254
42474594191500,0,0,0,0,0,0,0,0,0,0,0,0,0,0,0,0,0,0,0,0,0,0,0,0,0,0,0,0,0,0,0,0,0,0,0,0,0,0,0,0,0,262144,262144,262144,41,256,256,256,41,262144,262144,262144,41,64,256,256,41,128,256,256,41,0,0,0,0,0,0,0,0,0,0,0,0,0,0,0,0,0,0,0,0,0,0,0,0,64,256,512,812,64,128,512,812,0,64,64,4833,0,0,0,0,0,0,0,0,0,0,0,0,0,0,0,0,0,0,0,0,0,0,0,0,0,0,0,0,0,0,0,0,128,256,256,21,256,256,256,21,8.54,8.42,0.13,0,0,0,0,0,0,0,0,0,0,0,0,0,0,0,0,0,0,0,0,0,0,0,0,0,0,0,0,0,0,0,0,0,0,0,0,0,0,0,0,0,0,0,0,0,0,0,0,0,0,0,0,0,0,0,0,0,0,0,0,0,0,0,0,0,0,0,0,0,0,0,0,0,0,0,0,0,0,0,0,0,0,0,0,0,41,21,254
42475613219800,0,0,0,0,0,0,0,0,0,0,0,0,0,0,0,0,0,0,0,0,0,0,0,0,0,0,0,0,0,0,0,0,0,0,0,0,0,0,0,0,0,262144,262144,262144,41,256,256,256,41,262144,262144,262144,41,64,256,256,41,128,256,256,41,0,0,0,0,0,0,0,0,0,0,0,0,0,0,0,0,0,0,0,0,0,0,0,0,64,256,512,836,64,128,512,836,0,64,64,4338,0,0,0,0,0,0,0,0,0,0,0,0,0,0,0,0,0,0,0,0,0,0,0,0,0,0,0,0,0,0,0,0,128,256,256,20,256,256,256,20,8.43,8.30,0.13,0,0,0,0,0,0,0,0,0,0,0,0,0,0,0,0,0,0,0,0,0,0,0,0,0,0,0,0,0,0,0,0,0,0,0,0,0,0,0,0,0,0,0,0,0,0,0,0,0,0,0,0,0,0,0,0,0,0,0,0,0,0,0,0,0,0,0,0,0,0,0,0,0,0,0,0,0,0,0,0,0,0,0,0,0,41,20,254
42476634673900,0,0,0,0,0,0,0,0,0,0,0,0,0,0,0,0,0,0,0,0,0,0,0,0,0,0,0,0,0,0,0,0,0,0,0,0,0,0,0,0,0,262144,262144,262144,40,256,256,512,40,262144,262144,262144,40,64,256,256,40,128,256,256,40,0,0,0,0,0,0,0,0,0,0,0,0,0,0,0,0,0,0,0,0,0,0,0,0,64,256,512,968,64,128,1024,968,0,64,64,4203,0,0,0,0,0,0,0,0,0,0,0,0,0,0,0,0,0,0,0,0,0,0,0,0,0,0,0,0,0,0,0,0,128,256,256,20,256,256,256,20,8.29,8.29,0.00,0,0,0,0,0,0,0,0,0,0,0,0,0,0,0,0,0,0,0,0,0,0,0,0,0,0,0,0,0,0,0,0,0,0,0,0,0,0,0,0,0,0,0,0,0,0,0,0,0,0,0,0,0,0,0,0,0,0,0,0,0,0,0,0,0,0,0,0,0,0,0,0,0,0,0,0,0,0,0,0,0,0,0,1,0,40,20,254
42477654510000,0,0,0,0,0,0,0,0,0,0,0,0,0,0,0,0,0,0,0,0,0,0,0,0,0,0,0,0,0,0,0,0,0,0,0,0,0,0,0,0,0,262144,262144,262144,41,256,256,256,41,262144,262144,262144,41,64,128,128,41,128,256,256,41,0,0,0,0,0,0,0,0,0,0,0,0,0,0,0,0,0,0,0,0,0,0,0,0,64,256,512,911,64,128,256,911,0,64,64,4608,0,0,0,0,0,0,0,0,0,0,0,0,0,0,0,0,0,0,0,0,0,0,0,0,0,0,0,0,0,0,0,0,128,128,256,21,128,256,256,21,8.55,8.42,0.13,0,0,0,0,0,0,0,0,0,0,0,0,0,0,0,0,0,0,0,0,0,0,0,0,0,0,0,0,0,0,0,0,0,0,0,0,0,0,0,0,0,0,0,0,0,0,0,0,0,0,0,0,0,0,0,0,0,0,0,0,0,0,0,0,0,0,0,0,0,0,0,0,0,0,0,0,0,0,0,0,0,0,0,0,0,41,21,254
42478677532600,0,0,0,0,0,0,0,0,0,0,0,0,0,0,0,0,0,0,0,0,0,0,0,0,0,0,0,0,0,0,0,0,0,0,0,0,0,0,0,0,0,262144,262144,262144,41,256,256,256,41,262144,262144,262144,41,64,128,256,41,128,128,256,41,0,0,0,0,0,0,0,0,0,0,0,0,0,0,0,0,0,0,0,0,0,0,0,0,128,256,512,870,64,128,256,870,0,64,64,4662,0,0,0,0,0,0,0,0,0,0,0,0,0,0,0,0,0,0,0,0,0,0,0,0,0,0,0,0,0,0,0,0,64,128,128,20,128,256,256,20,8.40,8.27,0.13,0,0,0,0,0,0,0,0,0,0,0,0,0,0,0,0,0,0,0,0,0,0,0,0,0,0,0,0,0,0,0,0,0,0,0,0,0,0,0,0,0,0,0,0,0,0,0,0,0,0,0,0,0,0,0,0,0,0,0,0,0,0,0,0,0,0,0,0,0,0,0,0,0,0,0,0,0,0,0,0,0,0,0,1,0,41,20,254
42479699096000,0,0,0,0,0,0,0,0,0,0,0,0,0,0,0,0,0,0,0,0,0,0,0,0,0,0,0,0,0,0,0,0,0,0,0,0,0,0,0,0,0,262144,262144,262144,41,256,256,256,41,262144,262144,262144,41,64,64,128,41,128,128,256,41,0,0,0,0,0,0,0,0,0,0,0,0,0,0,0,0,0,0,0,0,0,0,0,0,128,256,256,855,64,128,512,855,0,64,64,4266,0,0,0,0,0,0,0,0,0,0,0,0,0,0,0,0,0,0,0,0,0,0,0,0,0,0,0,0,0,0,0,0,128,128,128,21,128,256,256,21,8.28,8.28,0.00,0,0,0,0,0,0,0,0,0,0,0,0,0,0,0,0,0,0,0,0,0,0,0,0,0,0,0,0,0,0,0,0,0,0,0,0,0,0,0,0,0,0,0,0,0,0,0,0,0,0,0,0,0,0,0,0,0,0,0,0,0,0,0,0,0,0,0,0,0,0,0,0,0,0,0,0,0,0,0,0,0,0,0,0,0,41,21,254
