timestampNs,users,fRecv_Move_p50,fRecv_Move_p95,fRecv_Move_p99,fRecv_Move_cnt,fRecv_RTT_p50,fRecv_RTT_p95,fRecv_RTT_p99,fRecv_RTT_cnt,fRecv_Swing_p50,fRecv_Swing_p95,fRecv_Swing_p99,fRecv_Swing_cnt,fRecv_Skill_p50,fRecv_Skill_p95,fRecv_Skill_p99,fRecv_Skill_cnt,fRecv_Pickup_p50,fRecv_Pickup_p95,fRecv_Pickup_p99,fRecv_Pickup_cnt,fRecv_UseItem_p50,fRecv_UseItem_p95,fRecv_UseItem_p99,fRecv_UseItem_cnt,fRecv_DelItem_p50,fRecv_DelItem_p95,fRecv_DelItem_p99,fRecv_DelItem_cnt,fRecv_Swap_p50,fRecv_Swap_p95,fRecv_Swap_p99,fRecv_Swap_cnt,fRecv_Respawn_p50,fRecv_Respawn_p95,fRecv_Respawn_p99,fRecv_Respawn_cnt,fRecv_Lock_p50,fRecv_Lock_p95,fRecv_Lock_p99,fRecv_Lock_cnt,fUpd_Whole_p50,fUpd_Whole_p95,fUpd_Whole_p99,fUpd_Whole_cnt,fUpd_User_p50,fUpd_User_p95,fUpd_User_p99,fUpd_User_cnt,fUpd_Monster_p50,fUpd_Monster_p95,fUpd_Monster_p99,fUpd_Monster_cnt,fUpd_Drop_p50,fUpd_Drop_p95,fUpd_Drop_p99,fUpd_Drop_cnt,fUpd_Lock_p50,fUpd_Lock_p95,fUpd_Lock_p99,fUpd_Lock_cnt,bc_CreateChar_p50,bc_CreateChar_p95,bc_CreateChar_p99,bc_CreateChar_cnt,bc_DelChar_p50,bc_DelChar_p95,bc_DelChar_p99,bc_DelChar_cnt,bc_MoveInput_p50,bc_MoveInput_p95,bc_MoveInput_p99,bc_MoveInput_cnt,bc_Swing_p50,bc_Swing_p95,bc_Swing_p99,bc_Swing_cnt,bc_HitResult_p50,bc_HitResult_p95,bc_HitResult_p99,bc_HitResult_cnt,bc_Skill_p50,bc_Skill_p95,bc_Skill_p99,bc_Skill_cnt,bc_CreateMon_p50,bc_CreateMon_p95,bc_CreateMon_p99,bc_CreateMon_cnt,bc_DelMon_p50,bc_DelMon_p95,bc_DelMon_p99,bc_DelMon_cnt,bc_MoveMon_p50,bc_MoveMon_p95,bc_MoveMon_p99,bc_MoveMon_cnt,bc_StopMon_p50,bc_StopMon_p95,bc_StopMon_p99,bc_StopMon_cnt,bc_MonHitPlayer_p50,bc_MonHitPlayer_p95,bc_MonHitPlayer_p99,bc_MonHitPlayer_cnt,bc_CreateDrop_p50,bc_CreateDrop_p95,bc_CreateDrop_p99,bc_CreateDrop_cnt,bc_DelDrop_p50,bc_DelDrop_p95,bc_DelDrop_p99,bc_DelDrop_cnt,bc_Respawn_p50,bc_Respawn_p95,bc_Respawn_p99,bc_Respawn_cnt,aRecv_Login_p50,aRecv_Login_p95,aRecv_Login_p99,aRecv_Login_cnt,aRecv_CharSelect_p50,aRecv_CharSelect_p95,aRecv_CharSelect_p99,aRecv_CharSelect_cnt,aRecv_Lock_p50,aRecv_Lock_p95,aRecv_Lock_p99,aRecv_Lock_cnt,aUpd_Lock_p50,aUpd_Lock_p95,aUpd_Lock_p99,aUpd_Lock_cnt,aUpd_Whole_p50,aUpd_Whole_p95,aUpd_Whole_p99,aUpd_Whole_cnt,cpuTotal,cpuUser,cpuKernel,db_CharSelect,db_InsertItem,db_DelItem,db_ItemCount,db_ItemSlot,db_CharProgress,db_LogOut,dbQueue,sendIOTPS,recvIOTPS,tcpSeg,tcpRetx,fieldFrame,authFrame,syncCount
10329057945800,0,0,0,0,0,0,0,0,0,0,0,0,0,0,0,0,0,0,0,0,0,0,0,0,0,0,0,0,0,0,0,0,0,0,0,0,0,0,0,0,0,131072,262144,262144,40,256,512,512,40,131072,262144,262144,40,128,256,256,40,128,256,512,40,0,0,0,0,0,0,0,0,0,0,0,0,0,0,0,0,0,0,0,0,0,0,0,0,0,0,0,0,0,0,0,0,0,0,0,0,0,0,0,0,0,0,0,0,0,0,0,0,0,0,0,0,0,0,0,0,0,0,0,0,0,0,0,0,0,0,0,0,128,512,512,20,256,256,256,20,8.00,5.43,2.57,0,0,0,0,0,0,0,0,0,0,0,0,40,20,0
10330090403700,0,0,0,0,0,0,0,0,0,0,0,0,0,0,0,0,0,0,0,0,0,0,0,0,0,0,0,0,0,0,0,0,0,0,0,0,0,0,0,0,0,65536,131072,131072,41,256,512,512,41,65536,131072,131072,41,64,128,256,41,128,256,8192,41,0,0,0,0,0,0,0,0,0,0,0,0,0,0,0,0,0,0,0,0,0,0,0,0,0,0,0,0,0,0,0,0,0,64,64,162,0,0,0,0,0,0,0,0,0,0,0,0,0,0,0,0,0,0,0,0,0,0,0,0,0,0,0,0,0,0,0,0,64,128,128,20,128,256,256,20,8.48,7.47,1.01,0,0,0,0,0,0,0,0,0,0,0,0,41,20,0
10331125569100,0,0,0,0,0,0,0,0,0,0,0,0,0,0,0,0,0,0,0,0,0,0,0,0,0,0,0,0,0,0,0,0,0,0,0,0,0,0,0,0,0,131072,262144,262144,42,256,256,512,42,131072,262144,262144,42,64,128,128,42,128,128,256,42,0,0,0,0,0,0,0,0,0,0,0,0,0,0,0,0,0,0,0,0,0,0,0,0,128,256,512,189,64,128,512,189,0,64,64,6561,0,0,0,0,0,0,0,0,0,0,0,0,0,0,0,0,0,0,0,0,0,0,0,0,0,0,0,0,0,0,0,0,128,128,256,21,256,256,256,21,8.43,7.42,1.01,0,0,0,0,0,0,0,0,0,0,0,0,42,21,0
10332162727600,0,0,0,0,0,0,0,0,0,0,0,0,0,0,0,0,0,0,0,0,0,0,0,0,0,0,0,0,0,0,0,0,0,0,0,0,0,0,0,0,0,262144,262144,262144,41,256,256,512,41,262144,262144,262144,41,64,256,256,41,128,256,256,41,0,0,0,0,0,0,0,0,0,0,0,0,0,0,0,0,0,0,0,0,0,0,0,0,64,256,256,483,64,128,512,483,0,64,64,5724,0,0,0,0,0,0,0,0,0,0,0,0,0,0,0,0,0,0,0,0,0,0,0,0,0,0,0,0,0,0,0,0,128,128,128,21,256,256,256,21,8.29,7.29,1.01,0,0,0,0,0,0,0,0,0,0,0,0,41,21,0
10333197593200,0,0,0,0,0,0,0,0,0,0,0,0,0,0,0,0,0,0,0,0,0,0,0,0,0,0,0,0,0,0,0,0,0,0,0,0,0,0,0,0,0,262144,262144,262144,42,256,256,512,42,262144,262144,262144,42,64,64,128,42,128,256,1024,42,0,0,0,0,0,0,0,0,0,0,0,0,0,0,0,0,0,0,0,0,0,0,0,0,128,256,256,858,64,64,512,858,0,64,64,5607,0,0,0,0,0,0,0,0,0,0,0,0,0,0,0,0,0,0,0,0,0,0,0,0,0,0,0,0,0,0,0,0,128,128,128,21,128,256,256,21,8.32,7.31,1.01,0,0,0,0,0,0,0,0,0,0,0,0,42,21,0
10334232452400,0,0,0,0,0,0,0,0,0,0,0,0,0,0,0,0,0,0,0,0,0,0,0,0,0,0,0,0,0,0,0,0,0,0,0,0,0,0,0,0,0,262144,262144,262144,41,256,256,256,41,262144,262144,262144,41,64,128,128,41,128,128,256,41,0,0,0,0,0,0,0,0,0,0,0,0,0,0,0,0,0,0,0,0,0,0,0,0,128,256,256,1053,64,64,512,1053,0,64,64,4743,0,0,0,0,0,0,0,0,0,0,0,0,0,0,0,0,0,0,0,0,0,0,0,0,0,0,0,0,0,0,0,0,128,128,128,20,128,256,256,20,8.54,7.41,1.13,0,0,0,0,0,0,0,0,0,0,0,0,41,20,0
10335266079300,0,0,0,0,0,0,0,0,0,0,0,0,0,0,0,0,0,0,0,0,0,0,0,0,0,0,0,0,0,0,0,0,0,0,0,0,0,0,0,0,0,262144,262144,262144,42,256,256,256,42,262144,262144,262144,42,64,128,256,42,128,128,128,42,0,0,0,0,0,0,0,0,0,0,0,0,0,0,0,0,0,0,0,0,0,0,0,0,128,128,256,1068,64,64,512,1068,0,0,0,0,0,0,0,0,0,0,0,0,0,0,0,0,0,0,0,0,0,0,0,0,0,0,0,0,0,0,0,0,0,0,0,0,128,128,256,21,128,256,512,21,8.44,7.69,0.76,0,0,0,0,0,0,0,0,0,0,0,0,42,21,0
10336302819400,0,0,0,0,0,0,0,0,0,0,0,0,0,0,0,0,0,0,0,0,0,0,0,0,0,0,0,0,0,0,0,0,0,0,0,0,0,0,0,0,0,131072,262144,262144,41,256,256,256,41,131072,262144,262144,41,64,64,64,41,128,128,128,41,0,0,0,0,0,0,0,0,0,0,0,0,0,0,0,0,0,0,0,0,0,0,0,0,128,256,256,597,64,256,512,597,0,0,0,0,0,0,0,0,0,0,0,0,0,0,0,0,0,0,0,0,0,0,0,0,0,0,0,0,0,0,0,0,0,0,0,0,64,128,128,21,128,256,256,21,8.29,7.54,0.75,0,0,0,0,0,0,0,0,0,0,0,0,41,21,0
10337337280300,0,0,0,0,0,0,0,0,0,0,0,0,0,0,0,0,0,0,0,0,0,0,0,0,0,0,0,0,0,0,0,0,0,0,0,0,0,0,0,0,0,131072,131072,262144,41,256,256,256,41,131072,131072,262144,41,64,64,64,41,128,128,128,41,0,0,0,0,0,0,0,0,0,0,0,0,0,0,0,0,0,0,0,0,0,0,0,0,128,256,256,420,64,256,512,420,0,64,64,1899,0,0,0,0,0,0,0,0,0,0,0,0,0,0,0,0,0,0,0,0,0,0,0,0,0,0,0,0,0,0,0,0,128,128,128,20,128,256,256,20,8.30,7.30,1.01,0,0,0,0,0,0,0,0,0,0,0,0,41,20,0
10338372324200,0,0,0,0,0,0,0,0,0,0,0,0,0,0,0,0,0,0,0,0,0,0,0,0,0,0,0,0,0,0,0,0,0,0,0,0,0,0,0,0,0,131072,131072,262144,42,256,256,512,42,131072,131072,262144,42,64,64,64,42,128,256,256,42,0,0,0,0,0,0,0,0,0,0,0,0,0,0,0,0,0,0,0,0,0,0,0,0,128,256,256,345,64,128,256,345,0,64,64,6228,0,0,0,0,0,0,0,0,0,0,0,0,0,0,0,0,0,0,0,0,0,0,0,0,0,0,0,0,0,0,0,0,128,128,256,21,128,256,256,21,8.55,7.30,1.26,0,0,0,0,0,0,0,0,0,0,0,0,42,21,0
10339407396800,0,0,0,0,0,0,0,0,0,0,0,0,0,0,0,0,0,0,0,0,0,0,0,0,0,0,0,0,0,0,0,0,0,0,0,0,0,0,0,0,0,131072,262144,262144,41,256,256,256,41,131072,262144,262144,41,64,64,64,41,128,128,128,41,0,0,0,0,0,0,0,0,0,0,0,0,0,0,0,0,0,0,0,0,0,0,0,0,128,256,256,717,64,128,256,717,0,64,64,5778,0,0,0,0,0,0,0,0,0,0,0,0,0,0,0,0,0,0,0,0,0,0,0,0,0,0,0,0,0,0,0,0,128,128,128,21,128,256,256,21,8.30,7.55,0.75,0,0,0,0,0,0,0,0,0,0,0,0,41,21,0
10340443372200,0,0,0,0,0,0,0,0,0,0,0,0,0,0,0,0,0,0,0,0,0,0,0,0,0,0,0,0,0,0,0,0,0,0,0,0,0,0,0,0,0,262144,262144,262144,42,256,256,256,42,262144,262144,262144,42,64,64,64,42,128,128,256,42,0,0,0,0,0,0,0,0,0,0,0,0,0,0,0,0,0,0,0,0,0,0,0,0,128,256,256,1047,64,128,256,1047,0,64,64,5598,0,0,0,0,0,0,0,0,0,0,0,0,0,0,0,0,0,0,0,0,0,0,0,0,0,0,0,0,0,0,0,0,128,128,128,21,128,256,256,21,8.30,7.42,0.88,0,0,0,0,0,0,0,0,0,0,0,0,42,21,0
10341478850900,0,0,0,0,0,0,0,0,0,0,0,0,0,0,0,0,0,0,0,0,0,0,0,0,0,0,0,0,0,0,0,0,0,0,0,0,0,0,0,0,0,262144,262144,262144,41,256,256,256,41,262144,262144,262144,41,64,64,128,41,128,128,128,41,0,0,0,0,0,0,0,0,0,0,0,0,0,0,0,0,0,0,0,0,0,0,0,0,128,256,256,1211,64,128,256,1211,0,64,64,3294,0,0,0,0,0,0,0,0,0,0,0,0,0,0,0,0,0,0,0,0,0,0,0,0,0,0,0,0,0,0,0,0,128,128,128,20,64,256,256,20,8.31,7.43,0.88,0,0,0,0,0,0,0,0,0,0,12,0,41,20,0
10342513051600,0,0,0,0,0,0,0,0,0,0,0,0,0,0,0,0,0,0,0,0,0,0,0,0,0,0,0,0,0,0,0,0,0,0,0,0,0,0,0,0,0,131072,262144,262144,41,256,256,256,41,131072,262144,262144,41,64,64,64,41,128,128,256,41,0,0,0,0,0,0,0,0,0,0,0,0,0,0,0,0,0,0,0,0,0,0,0,0,128,256,256,804,64,128,512,804,0,64,64,90,0,0,0,0,0,0,0,0,0,0,0,0,0,0,0,0,0,0,0,0,0,0,0,0,0,0,0,0,0,0,0,0,64,128,128,21,64,256,256,21,8.54,7.41,1.13,0,0,0,0,0,0,0,0,0,0,1,0,41,21,0
10343548941800,0,0,0,0,0,0,0,0,0,0,0,0,0,0,0,0,0,0,0,0,0,0,0,0,0,0,0,0,0,0,0,0,0,0,0,0,0,0,0,0,0,131072,262144,262144,42,256,256,256,42,131072,262144,262144,42,64,64,64,42,128,128,128,42,0,0,0,0,0,0,0,0,0,0,0,0,0,0,0,0,0,0,0,0,0,0,0,0,128,256,256,663,64,128,512,663,0,64,64,3672,0,0,0,0,0,0,0,0,0,0,0,0,0,0,0,0,0,0,0,0,0,0,0,0,0,0,0,0,0,0,0,0,128,128,128,21,128,256,256,21,8.31,7.43,0.88,0,0,0,0,0,0,0,0,0,0,0,0,42,21,0
10344584310100,0,0,0,0,0,0,0,0,0,0,0,0,0,0,0,0,0,0,0,0,0,0,0,0,0,0,0,0,0,0,0,0,0,0,0,0,0,0,0,0,0,131072,131072,131072,41,256,256,256,41,131072,131072,131072,41,64,64,128,41,128,128,128,41,0,0,0,0,0,0,0,0,0,0,0,0,0,0,0,0,0,0,0,0,0,0,0,0,128,256,256,402,64,128,256,402,0,64,64,2817,0,0,0,0,0,0,0,0,0,0,0,0,0,0,0,0,0,0,0,0,0,0,0,0,0,0,0,0,0,0,0,0,128,128,128,20,128,256,256,20,8.29,7.41,0.88,0,0,0,0,0,0,0,0,0,0,0,0,41,20,0
10345619828900,0,0,0,0,0,0,0,0,0,0,0,0,0,0,0,0,0,0,0,0,0,0,0,0,0,0,0,0,0,0,0,0,0,0,0,0,0,0,0,0,0,131072,262144,262144,42,256,256,256,42,131072,262144,262144,42,64,128,256,42,128,128,256,42,0,0,0,0,0,0,0,0,0,0,0,0,0,0,0,0,0,0,0,0,0,0,0,0,128,256,256,411,64,128,512,411,0,64,64,2952,0,0,0,0,0,0,0,0,0,0,0,0,0,0,0,0,0,0,0,0,0,0,0,0,0,0,0,0,0,0,0,0,128,128,128,21,64,256,256,21,8.30,7.30,1.01,0,0,0,0,0,0,0,0,0,0,0,0,42,21,0
10346655503400,0,0,0,0,0,0,0,0,0,0,0,0,0,0,0,0,0,0,0,0,0,0,0,0,0,0,0,0,0,0,0,0,0,0,0,0,0,0,0,0,0,262144,262144,262144,41,256,256,512,41,262144,262144,262144,41,64,64,128,41,128,128,256,41,0,0,0,0,0,0,0,0,0,0,0,0,0,0,0,0,0,0,0,0,0,0,0,0,128,256,256,510,64,128,512,510,0,64,64,2853,0,0,0,0,0,0,0,0,0,0,0,0,0,0,0,0,0,0,0,0,0,0,0,0,0,0,0,0,0,0,0,0,128,128,128,21,128,256,256,21,8.55,7.55,1.01,0,0,0,0,0,0,0,0,0,0,1,0,41,21,0
10347691455900,0,0,0,0,0,0,0,0,0,0,0,0,0,0,0,0,0,0,0,0,0,0,0,0,0,0,0,0,0,0,0,0,0,0,0,0,0,0,0,0,0,262144,262144,262144,42,256,256,256,42,262144,262144,262144,42,64,64,64,42,128,128,128,42,0,0,0,0,0,0,0,0,0,0,0,0,0,0,0,0,0,0,0,0,0,0,0,0,64,256,256,565,64,128,256,565,0,64,64,2853,0,0,0,0,0,0,0,0,0,0,0,0,0,0,0,0,0,0,0,0,0,0,0,0,0,0,0,0,0,0,0,0,128,128,4096,21,128,256,256,21,8.30,7.30,1.01,0,0,0,0,0,0,0,0,0,0,0,0,42,21,0
10348726182300,0,0,0,0,0,0,0,0,0,0,0,0,0,0,0,0,0,0,0,0,0,0,0,0,0,0,0,0,0,0,0,0,0,0,0,0,0,0,0,0,0,262144,262144,262144,41,256,256,256,41,262144,262144,262144,41,64,64,64,41,128,128,128,41,0,0,0,0,0,0,0,0,0,0,0,0,0,0,0,0,0,0,0,0,0,0,0,0,64,256,256,594,64,128,512,594,0,64,64,2691,0,0,0,0,0,0,0,0,0,0,0,0,0,0,0,0,0,0,0,0,0,0,0,0,0,0,0,0,0,0,0,0,128,128,128,20,64,256,256,20,8.30,7.55,0.75,0,0,0,0,0,0,0,0,0,0,0,0,41,20,0
10349760619100,0,0,0,0,0,0,0,0,0,0,0,0,0,0,0,0,0,0,0,0,0,0,0,0,0,0,0,0,0,0,0,0,0,0,0,0,0,0,0,0,0,131072,262144,262144,41,256,256,256,41,131072,262144,262144,41,64,128,256,41,128,128,256,41,0,0,0,0,0,0,0,0,0,0,0,0,0,0,0,0,0,0,0,0,0,0,0,0,128,256,256,495,64,128,256,495,0,64,64,3870,0,0,0,0,0,0,0,0,0,0,0,0,0,0,0,0,0,0,0,0,0,0,0,0,0,0,0,0,0,0,0,0,128,128,128,21,64,256,256,21,8.55,7.42,1.13,0,0,0,0,0,0,0,0,0,0,0,0,41,21,0
10350795185900,0,0,0,0,0,0,0,0,0,0,0,0,0,0,0,0,0,0,0,0,0,0,0,0,0,0,0,0,0,0,0,0,0,0,0,0,0,0,0,0,0,262144,262144,262144,42,256,256,256,42,262144,262144,262144,42,64,64,64,42,128,128,128,42,0,0,0,0,0,0,0,0,0,0,0,0,0,0,0,0,0,0,0,0,0,0,0,0,128,256,256,720,64,128,256,720,0,64,64,5598,0,0,0,0,0,0,0,0,0,0,0,0,0,0,0,0,0,0,0,0,0,0,0,0,0,0,0,0,0,0,0,0,128,128,256,21,64,256,256,21,8.44,7.30,1.13,0,0,0,0,0,0,0,0,0,0,0,0,42,21,0
10351833986800,0,0,0,0,0,0,0,0,0,0,0,0,0,0,0,0,0,0,0,0,0,0,0,0,0,0,0,0,0,0,0,0,0,0,0,0,0,0,0,0,0,262144,262144,262144,41,256,256,256,41,262144,262144,262144,41,64,64,128,41,128,128,128,41,0,0,0,0,0,0,0,0,0,0,0,0,0,0,0,0,0,0,0,0,0,0,0,0,128,128,256,789,64,128,256,789,0,64,64,2700,0,0,0,0,0,0,0,0,0,0,0,0,0,0,0,0,0,0,0,0,0,0,0,0,0,0,0,0,0,0,0,0,128,128,128,20,64,256,256,20,8.29,7.41,0.88,0,0,0,0,0,0,0,0,0,0,0,0,41,20,0
10352866273300,0,0,0,0,0,0,0,0,0,0,0,0,0,0,0,0,0,0,0,0,0,0,0,0,0,0,0,0,0,0,0,0,0,0,0,0,0,0,0,0,0,262144,262144,262144,42,256,256,512,42,262144,262144,262144,42,64,128,256,42,128,256,256,42,0,0,0,0,0,0,0,0,0,0,0,0,0,0,0,0,0,0,0,0,0,0,0,0,128,256,256,870,64,128,512,870,0,64,64,2970,0,0,0,0,0,0,0,0,0,0,0,0,0,0,0,0,0,0,0,0,0,0,0,0,0,0,0,0,0,0,0,0,128,128,256,21,128,256,256,21,8.30,7.42,0.88,0,0,0,0,0,0,0,0,0,0,0,0,42,21,0
10353901536400,0,0,0,0,0,0,0,0,0,0,0,0,0,0,0,0,0,0,0,0,0,0,0,0,0,0,0,0,0,0,0,0,0,0,0,0,0,0,0,0,0,262144,262144,262144,41,256,256,512,41,262144,262144,262144,41,64,128,256,41,128,128,256,41,0,0,0,0,0,0,0,0,0,0,0,0,0,0,0,0,0,0,0,0,0,0,0,0,128,256,256,711,64,128,512,711,0,64,64,2853,0,0,0,0,0,0,0,0,0,0,0,0,0,0,0,0,0,0,0,0,0,0,0,0,0,0,0,0,0,0,0,0,128,128,256,21,64,256,256,21,8.68,7.55,1.13,0,0,0,0,0,0,0,0,0,0,1,0,41,21,0
10354935611000,0,0,0,0,0,0,0,0,0,0,0,0,0,0,0,0,0,0,0,0,0,0,0,0,0,0,0,0,0,0,0,0,0,0,0,0,0,0,0,0,0,131072,262144,262144,41,256,256,512,41,131072,262144,262144,41,64,128,128,41,128,128,128,41,0,0,0,0,0,0,0,0,0,0,0,0,0,0,0,0,0,0,0,0,0,0,0,0,128,256,256,573,64,128,512,573,0,64,64,2781,0,0,0,0,0,0,0,0,0,0,0,0,0,0,0,0,0,0,0,0,0,0,0,0,0,0,0,0,0,0,0,0,128,128,128,20,128,256,256,20,8.44,7.30,1.13,0,0,0,0,0,0,0,0,0,0,0,0,41,20,0
10355971648100,0,0,0,0,0,0,0,0,0,0,0,0,0,0,0,0,0,0,0,0,0,0,0,0,0,0,0,0,0,0,0,0,0,0,0,0,0,0,0,0,0,262144,262144,262144,42,256,256,512,42,262144,262144,262144,42,64,64,64,42,128,128,256,42,0,0,0,0,0,0,0,0,0,0,0,0,0,0,0,0,0,0,0,0,0,0,0,0,128,256,256,672,64,128,256,672,0,64,64,5130,0,0,0,0,0,0,0,0,0,0,0,0,0,0,0,0,0,0,0,0,0,0,0,0,0,0,0,0,0,0,0,0,128,128,128,21,64,256,256,21,8.29,7.41,0.88,0,0,0,0,0,0,0,0,0,0,0,0,42,21,0
10357006782000,0,0,0,0,0,0,0,0,0,0,0,0,0,0,0,0,0,0,0,0,0,0,0,0,0,0,0,0,0,0,0,0,0,0,0,0,0,0,0,0,0,262144,262144,262144,41,256,256,512,41,262144,262144,262144,41,64,64,128,41,128,128,128,41,0,0,0,0,0,0,0,0,0,0,0,0,0,0,0,0,0,0,0,0,0,0,0,0,64,128,256,687,64,128,128,687,0,64,64,5418,0,0,0,0,0,0,0,0,0,0,0,0,0,0,0,0,0,0,0,0,0,0,0,0,0,0,0,0,0,0,0,0,128,128,128,21,128,256,256,21,8.31,7.30,1.01,0,0,0,0,0,0,0,0,0,0,0,0,41,21,0
10358044001900,0,0,0,0,0,0,0,0,0,0,0,0,0,0,0,0,0,0,0,0,0,0,0,0,0,0,0,0,0,0,0,0,0,0,0,0,0,0,0,0,0,262144,262144,262144,42,256,256,256,42,262144,262144,262144,42,64,64,128,42,128,128,128,42,0,0,0,0,0,0,0,0,0,0,0,0,0,0,0,0,0,0,0,0,0,0,0,0,64,256,256,836,64,128,256,836,0,64,64,2943,0,0,0,0,0,0,0,0,0,0,0,0,0,0,0,0,0,0,0,0,0,0,0,0,0,0,0,0,0,0,0,0,128,128,128,21,64,256,256,21,8.54,7.41,1.13,0,0,0,0,0,0,0,0,0,0,0,0,42,21,0
10359079080700,0,0,0,0,0,0,0,0,0,0,0,0,0,0,0,0,0,0,0,0,0,0,0,0,0,0,0,0,0,0,0,0,0,0,0,0,0,0,0,0,0,262144,262144,262144,41,256,256,256,41,262144,262144,262144,41,64,64,128,41,128,128,256,41,0,0,0,0,0,0,0,0,0,0,0,0,0,0,0,0,0,0,0,0,0,0,0,0,128,256,256,807,64,128,512,807,0,64,64,1899,0,0,0,0,0,0,0,0,0,0,0,0,0,0,0,0,0,0,0,0,0,0,0,0,0,0,0,0,0,0,0,0,128,128,128,20,128,256,256,20,8.43,7.42,1.01,0,0,0,0,0,0,0,0,0,0,0,0,41,20,0
10360112984700,0,0,0,0,0,0,0,0,0,0,0,0,0,0,0,0,0,0,0,0,0,0,0,0,0,0,0,0,0,0,0,0,0,0,0,0,0,0,0,0,0,262144,262144,262144,41,256,256,256,41,262144,262144,262144,41,64,64,64,41,128,128,8192,41,0,0,0,0,0,0,0,0,0,0,0,0,0,0,0,0,0,0,0,0,0,0,0,0,128,256,256,588,64,128,512,588,0,64,64,1935,0,0,0,0,0,0,0,0,0,0,0,0,0,0,0,0,0,0,0,0,0,0,0,0,0,0,0,0,0,0,0,0,128,128,256,21,64,256,256,21,8.31,7.43,0.88,0,0,0,0,0,0,0,0,0,0,0,0,41,21,0
10361148378800,0,0,0,0,0,0,0,0,0,0,0,0,0,0,0,0,0,0,0,0,0,0,0,0,0,0,0,0,0,0,0,0,0,0,0,0,0,0,0,0,0,131072,262144,262144,42,256,256,512,42,131072,262144,262144,42,64,64,128,42,128,128,256,42,0,0,0,0,0,0,0,0,0,0,0,0,0,0,0,0,0,0,0,0,0,0,0,0,128,256,256,444,64,128,256,444,0,64,64,1926,0,0,0,0,0,0,0,0,0,0,0,0,0,0,0,0,0,0,0,0,0,0,0,0,0,0,0,0,0,0,0,0,64,128,128,21,128,256,256,21,8.30,7.55,0.75,0,0,0,0,0,0,0,0,0,0,0,0,42,21,0
10362184454100,0,0,0,0,0,0,0,0,0,0,0,0,0,0,0,0,0,0,0,0,0,0,0,0,0,0,0,0,0,0,0,0,0,0,0,0,0,0,0,0,0,131072,262144,262144,41,256,256,256,41,131072,262144,262144,41,64,64,128,41,128,128,128,41,0,0,0,0,0,0,0,0,0,0,0,0,0,0,0,0,0,0,0,0,0,0,0,0,128,256,256,423,64,256,512,423,0,64,64,2556,0,0,0,0,0,0,0,0,0,0,0,0,0,0,0,0,0,0,0,0,0,0,0,0,0,0,0,0,0,0,0,0,128,128,128,20,128,256,256,20,8.55,7.67,0.88,0,0,0,0,0,0,0,0,0,0,0,0,41,20,0
10363219452000,0,0,0,0,0,0,0,0,0,0,0,0,0,0,0,0,0,0,0,0,0,0,0,0,0,0,0,0,0,0,0,0,0,0,0,0,0,0,0,0,0,131072,262144,262144,42,256,256,512,42,131072,262144,262144,42,64,64,128,42,128,128,128,42,0,0,0,0,0,0,0,0,0,0,0,0,0,0,0,0,0,0,0,0,0,0,0,0,128,256,256,444,64,128,256,444,0,64,64,4230,0,0,0,0,0,0,0,0,0,0,0,0,0,0,0,0,0,0,0,0,0,0,0,0,0,0,0,0,0,0,0,0,64,128,128,21,64,256,256,21,8.43,7.42,1.01,0,0,0,0,0,0,0,0,0,0,0,0,42,21,0
10364253339400,0,0,0,0,0,0,0,0,0,0,0,0,0,0,0,0,0,0,0,0,0,0,0,0,0,0,0,0,0,0,0,0,0,0,0,0,0,0,0,0,0,262144,262144,262144,41,256,256,512,41,262144,262144,262144,41,64,64,64,41,128,256,8192,41,0,0,0,0,0,0,0,0,0,0,0,0,0,0,0,0,0,0,0,0,0,0,0,0,64,256,256,582,64,128,256,582,0,64,64,4050,0,0,0,0,0,0,0,0,0,0,0,0,0,0,0,0,0,0,0,0,0,0,0,0,0,0,0,0,0,0,0,0,128,128,256,21,128,256,256,21,8.32,7.31,1.01,0,0,0,0,0,0,0,0,0,0,0,0,41,21,0
10365288083600,0,0,0,0,0,0,0,0,0,0,0,0,0,0,0,0,0,0,0,0,0,0,0,0,0,0,0,0,0,0,0,0,0,0,0,0,0,0,0,0,0,262144,262144,262144,41,256,512,512,41,262144,262144,262144,41,64,128,128,41,128,256,256,41,0,0,0,0,0,0,0,0,0,0,0,0,0,0,0,0,0,0,0,0,0,0,0,0,128,128,256,774,64,128,512,774,0,64,64,3519,0,0,0,0,0,0,0,0,0,0,0,0,0,0,0,0,0,0,0,0,0,0,0,0,0,0,0,0,0,0,0,0,128,128,128,20,128,256,256,20,8.29,7.29,1.01,0,0,0,0,0,0,0,0,0,0,0,0,41,20,0
10366324054400,0,0,0,0,0,0,0,0,0,0,0,0,0,0,0,0,0,0,0,0,0,0,0,0,0,0,0,0,0,0,0,0,0,0,0,0,0,0,0,0,0,262144,262144,262144,42,256,256,256,42,262144,262144,262144,42,64,64,128,42,128,128,256,42,0,0,0,0,0,0,0,0,0,0,0,0,0,0,0,0,0,0,0,0,0,0,0,0,64,128,256,801,64,128,256,801,0,64,64,4212,0,0,0,0,0,0,0,0,0,0,0,0,0,0,0,0,0,0,0,0,0,0,0,0,0,0,0,0,0,0,0,0,64,128,128,21,64,256,256,21,8.54,7.66,0.88,0,0,0,0,0,0,0,0,0,0,0,0,42,21,0
10367363048400,100,2048,16384,32768,460,512,8192,8192,63,8192,65536,65536,69,0,0,0,0,0,0,0,0,4096,65536,65536,15,512,2048,8192,100,2048,2048,2048,12,0,0,0,0,64,65536,65536,744,262144,262144,524288,41,8192,32768,32768,41,262144,262144,524288,41,64,256,256,41,128,256,256,41,64,256,512,957,128,512,8192,57,128,512,8192,4140,64,256,8192,621,64,256,256,18,64,256,8192,225,64,256,512,786,64,128,512,786,0,128,256,3789,64,256,1024,126,0,0,0,0,0,0,0,0,0,0,0,0,0,0,0,0,2097152,16777216,16777216,100,1024,65536,131072,100,64,131072,8388608,200,128,8388608,16777216,21,64,262144,262144,21,12.31,9.05,3.27,100,0,0,15,0,69,0,0,1669,844,3876,0,41,21,0
10368396224600,100,2048,16384,32768,745,512,8192,8192,102,8192,16384,32768,77,0,0,0,0,0,0,0,0,4096,16384,16384,28,1024,8192,16384,100,2048,8192,8192,17,0,0,0,0,64,65536,131072,1099,262144,262144,262144,42,16384,32768,65536,42,262144,262144,262144,42,64,128,128,42,128,128,256,42,64,256,256,120,128,512,1024,120,64,512,8192,6705,64,512,8192,693,0,64,64,9,64,256,8192,270,128,256,1024,756,64,128,512,756,0,128,256,4761,64,256,8192,117,64,128,128,36,0,0,0,0,0,0,0,0,0,0,0,0,0,0,0,0,0,0,0,0,0,0,0,0,128,128,8192,21,64,64,128,21,9.43,7.92,1.51,0,0,0,28,0,77,0,0,2593,1092,2979,0,42,21,0
10369431602300,100,2048,16384,32768,728,512,8192,8192,104,4096,16384,16384,80,0,0,0,0,0,0,0,0,4096,16384,16384,19,1024,8192,16384,75,2048,16384,16384,9,0,0,0,0,64,65536,131072,1053,262144,262144,262144,41,16384,32768,65536,41,262144,262144,262144,41,64,128,256,41,128,128,128,41,64,512,512,159,64,512,1024,159,64,512,8192,6552,64,512,8192,720,0,0,0,0,64,512,8192,342,128,256,1024,666,64,256,512,666,0,256,512,5040,64,256,512,135,0,8192,8192,9,0,0,0,0,0,0,0,0,0,0,0,0,0,0,0,0,0,0,0,0,0,0,0,0,128,128,128,20,64,64,64,20,8.32,7.31,1.01,0,0,0,19,0,80,0,0,2368,1044,2792,0,41,20,0
10370465969700,100,4096,16384,32768,741,512,8192,16384,103,8192,16384,32768,81,8192,8192,8192,5,0,0,0,0,4096,16384,16384,28,1024,8192,16384,77,2048,8192,16384,32,0,0,0,0,128,65536,131072,1074,262144,262144,262144,42,16384,32768,65536,42,262144,262144,262144,42,64,128,256,42,128,128,1024,42,64,256,1024,141,64,512,1024,141,64,512,8192,6669,64,512,8192,729,64,256,256,27,64,256,512,108,128,256,1024,747,64,256,512,747,0,256,512,4698,64,512,8192,216,64,256,256,9,0,0,0,0,0,0,0,0,0,0,0,0,0,0,0,0,0,0,0,0,0,0,0,0,64,128,128,21,64,128,128,21,8.54,7.66,0.88,0,0,0,28,0,86,0,0,2385,1065,2943,0,42,21,0
10371501779900,100,2048,16384,16384,745,512,8192,8192,106,8192,16384,32768,79,8192,16384,16384,26,0,0,0,0,2048,8192,8192,11,1024,8192,8192,81,2048,8192,8192,15,0,0,0,0,128,65536,131072,1063,262144,262144,262144,41,16384,32768,32768,41,262144,262144,262144,41,64,128,128,41,128,128,128,41,64,256,8192,84,64,512,8192,84,64,512,8192,6705,64,256,4096,711,64,256,256,126,64,512,1024,234,128,256,1024,726,64,256,512,726,0,256,512,4212,64,256,4096,153,0,64,64,9,0,0,0,0,0,0,0,0,0,0,0,0,0,0,0,0,0,0,0,0,0,0,0,0,64,128,128,21,64,64,128,21,9.05,7.54,1.51,0,0,0,11,0,105,0,0,2495,1057,3025,0,41,21,0
10372536705200,100,2048,16384,16384,732,512,8192,8192,100,8192,16384,16384,84,8192,16384,16384,32,0,0,0,0,4096,8192,8192,20,512,8192,8192,75,2048,16384,16384,14,0,0,0,0,64,65536,131072,1057,262144,262144,262144,41,16384,32768,32768,41,262144,262144,262144,41,64,128,256,41,128,128,128,41,64,512,1024,169,64,512,1024,169,64,512,8192,6588,64,512,8192,756,64,256,512,129,64,256,4096,288,128,256,1024,752,64,256,512,752,0,256,512,4176,64,256,256,144,64,256,256,9,0,0,0,0,0,0,0,0,0,0,0,0,0,0,0,0,0,0,0,0,0,0,0,0,64,128,128,20,64,128,128,20,8.30,7.30,1.01,0,0,0,20,0,116,0,0,2298,1051,2915,0,41,20,0
10373570982800,100,2048,16384,16384,760,512,8192,8192,104,8192,16384,16384,87,8192,16384,16384,35,0,0,0,0,4096,8192,8192,30,1024,8192,8192,91,2048,2048,2048,4,0,0,0,0,128,65536,131072,1111,262144,262144,262144,42,16384,32768,65536,42,262144,262144,262144,42,64,128,128,42,128,128,256,42,64,512,512,114,64,1024,8192,114,64,512,8192,6840,64,512,4096,783,64,256,256,72,64,512,4096,315,128,512,1024,696,64,256,1024,696,0,256,512,4608,64,256,512,90,0,0,0,0,0,0,0,0,0,0,0,0,0,0,0,0,0,0,0,0,0,0,0,0,0,0,0,0,128,128,128,21,64,64,128,21,8.31,7.55,0.76,0,0,0,30,0,122,0,0,2493,1107,3161,0,42,21,0
10374607757900,100,2048,16384,16384,734,512,8192,8192,102,8192,16384,16384,74,8192,16384,16384,18,0,0,0,0,4096,8192,8192,18,1024,8192,8192,77,4096,8192,8192,8,0,0,0,0,128,65536,131072,1031,262144,262144,262144,41,16384,32768,32768,41,262144,262144,262144,41,64,128,128,41,128,128,128,41,0,256,256,129,64,512,8192,129,64,1024,8192,6606,64,512,4096,666,64,256,256,99,64,512,4096,162,128,256,1024,738,64,128,512,738,0,128,1024,3051,64,256,512,144,0,0,0,0,0,0,0,0,0,0,0,0,0,0,0,0,0,0,0,0,0,0,0,0,0,0,0,0,128,128,128,21,64,64,128,21,8.54,7.41,1.13,0,0,0,18,0,92,0,0,2414,1025,2959,0,41,21,0
10375642146000,100,2048,16384,16384,768,512,8192,8192,102,8192,16384,32768,83,8192,16384,16384,25,0,0,0,0,4096,16384,16384,21,512,8192,8192,89,2048,8192,8192,12,0,0,0,0,2048,65536,131072,1100,262144,262144,262144,42,16384,65536,65536,42,262144,262144,262144,42,64,128,128,42,128,128,128,42,64,256,1024,129,64,512,4096,129,64,512,8192,6912,64,256,4096,747,64,256,256,144,64,256,4096,225,128,256,1024,669,64,256,512,669,0,256,512,4239,64,256,512,126,0,0,0,0,0,0,0,0,0,0,0,0,0,0,0,0,0,0,0,0,0,0,0,0,0,0,0,0,128,128,128,21,64,64,64,21,8.56,7.55,1.01,0,0,0,21,0,108,0,0,2349,1089,2943,0,42,21,0
10376678061300,97,2048,16384,16384,729,512,8192,8192,100,8192,16384,16384,80,8192,16384,16384,40,0,0,0,0,4096,8192,8192,19,1024,8192,8192,76,2048,8192,8192,21,0,0,0,0,2048,65536,131072,1065,262144,262144,262144,41,8192,32768,32768,41,262144,262144,262144,41,64,128,128,41,128,128,16384,41,64,512,4096,69,64,512,1024,96,64,512,8192,6561,64,512,4096,720,64,256,256,180,64,256,4096,360,128,256,1024,675,64,256,512,675,0,256,512,4104,64,512,4096,108,64,128,256,30,0,0,0,0,0,0,0,0,0,0,0,0,0,0,0,0,0,0,0,0,0,0,0,0,128,256,256,20,64,128,128,20,8.55,7.42,1.13,0,0,0,19,0,120,3,0,2415,1063,3128,0,41,20,0
10377713361800,97,2048,16384,16384,717,512,8192,8192,106,8192,16384,16384,79,8192,16384,16384,26,0,0,0,0,4096,8192,8192,15,512,8192,8192,75,2048,8192,8192,13,0,0,0,0,256,65536,131072,1031,262144,262144,262144,41,16384,32768,65536,41,262144,262144,262144,41,64,128,128,41,64,128,128,41,64,512,8192,144,64,512,4096,144,64,512,4096,6453,64,512,4096,711,64,256,256,108,64,256,4096,225,128,256,1024,615,64,128,512,615,0,128,512,3843,64,256,4096,162,0,128,128,18,0,0,0,0,0,0,0,0,0,0,0,0,0,0,0,0,0,0,0,0,0,0,0,0,64,128,128,21,64,128,128,21,8.54,7.53,1.00,0,0,0,15,0,105,0,0,2371,1027,2924,0,41,21,0
10378748516800,100,2048,16384,16384,723,512,8192,16384,100,8192,16384,16384,84,4096,16384,16384,19,0,0,0,0,2048,8192,8192,29,1024,8192,8192,82,2048,4096,8192,21,0,0,0,0,128,65536,131072,1058,262144,262144,262144,42,16384,32768,65536,42,262144,262144,262144,42,64,64,64,42,128,128,128,42,64,512,8192,153,64,512,512,126,64,512,4096,6507,64,256,4096,756,64,128,256,114,64,256,4096,126,128,256,1024,666,64,256,512,666,0,128,512,3906,64,512,4096,135,64,256,256,18,0,0,0,0,0,0,0,0,0,0,0,0,8192,2097152,2097152,3,1024,2048,2048,3,64,128,128,6,64,128,128,21,64,64,128,21,8.56,7.30,1.26,3,0,0,29,0,103,0,0,2331,1063,2963,0,42,21,0
10379783653700,100,2048,16384,16384,756,512,8192,8192,100,4096,16384,16384,79,8192,16384,16384,31,0,0,0,0,4096,16384,16384,18,512,4096,8192,84,2048,8192,8192,12,0,0,0,0,1024,65536,131072,1080,262144,262144,262144,41,16384,32768,65536,41,262144,262144,262144,41,64,64,128,41,128,128,256,41,64,256,4096,237,64,512,4096,237,64,512,4096,6804,64,256,4096,711,64,256,256,194,64,256,512,153,128,256,1024,624,64,256,512,624,0,128,512,3780,64,256,4096,135,64,256,512,48,0,0,0,0,0,0,0,0,0,0,0,0,0,0,0,0,0,0,0,0,0,0,0,0,64,128,128,20,64,128,128,20,8.43,7.55,0.88,0,0,0,18,0,110,0,0,2433,1073,2991,0,41,20,0
10380818338300,100,2048,8192,16384,668,512,4096,8192,98,4096,16384,16384,75,4096,16384,16384,27,0,0,0,0,2048,8192,8192,17,512,4096,8192,73,2048,4096,4096,8,0,0,0,0,128,65536,131072,967,262144,262144,262144,42,16384,32768,65536,42,262144,262144,262144,42,64,128,128,42,128,128,128,42,64,512,4096,177,64,512,2048,177,64,256,512,6012,64,256,512,675,64,256,256,182,64,256,256,162,128,256,1024,624,64,256,1024,624,0,256,512,5472,64,256,512,144,0,128,128,9,0,0,0,0,0,0,0,0,0,0,0,0,0,0,0,0,0,0,0,0,0,0,0,0,128,128,128,21,64,128,256,21,9.06,7.42,1.64,0,0,0,17,0,102,0,0,1128,868,2007,0,42,21,0
10381854233500,100,2048,8192,16384,821,512,8192,8192,107,4096,8192,16384,88,4096,16384,16384,15,0,0,0,0,2048,4096,8192,22,512,8192,16384,91,1024,2048,2048,11,0,0,0,0,64,65536,131072,1171,262144,262144,262144,41,16384,32768,32768,41,262144,262144,262144,41,64,64,64,41,128,128,256,41,64,256,512,182,64,512,1024,182,64,256,1024,7389,64,256,512,792,64,256,256,132,64,256,512,99,128,256,1024,720,64,256,512,720,0,256,512,5256,64,256,4096,171,64,4096,4096,18,0,0,0,0,0,0,0,0,0,0,0,0,0,0,0,0,0,0,0,0,0,0,0,0,128,128,128,21,64,256,256,21,8.43,7.55,0.88,0,0,0,22,0,103,0,0,1351,980,2152,9,41,21,0
10382893934700,100,2048,8192,16384,752,512,8192,8192,100,8192,16384,16384,86,0,0,0,1,0,0,0,0,4096,8192,8192,17,512,8192,8192,78,2048,8192,8192,12,0,0,0,0,256,65536,131072,1063,262144,262144,262144,42,16384,32768,65536,42,262144,262144,262144,42,64,128,256,42,128,128,1024,42,64,512,4096,144,64,512,512,144,64,512,4096,6768,64,256,4096,774,64,256,256,27,0,256,256,45,128,256,512,792,64,256,512,792,0,128,256,5553,64,256,1024,135,64,128,256,30,0,0,0,0,0,0,0,0,0,0,0,0,0,0,0,0,0,0,0,0,0,0,0,0,64,128,128,21,64,128,128,21,10.68,8.04,2.64,0,0,0,17,0,87,0,0,2382,1057,2835,0,42,21,0
10383923462000,100,2048,16384,16384,730,512,8192,8192,100,8192,16384,16384,76,0,0,0,0,0,0,0,0,4096,8192,16384,25,512,8192,8192,83,2048,8192,8192,13,0,0,0,0,1024,65536,262144,1063,262144,262144,262144,41,16384,32768,65536,41,262144,262144,262144,41,64,128,128,41,64,128,128,41,64,512,512,120,64,512,4096,120,64,512,4096,6570,64,256,4096,684,0,128,128,18,64,256,512,135,128,256,512,831,64,128,512,831,0,128,512,3906,64,256,4096,99,64,256,256,18,0,0,0,0,0,0,0,0,0,0,0,0,0,0,0,0,0,0,0,0,0,0,0,0,64,128,128,20,64,128,128,20,8.32,7.56,0.76,0,0,0,25,0,76,0,0,2330,1057,2791,0,41,20,0
10384959521900,100,2048,8192,16384,749,512,8192,8192,100,4096,16384,16384,85,8192,16384,16384,9,0,0,0,0,4096,8192,8192,22,512,8192,8192,85,2048,8192,8192,20,0,0,0,0,512,65536,131072,1089,262144,262144,262144,41,16384,32768,32768,41,262144,262144,262144,41,64,64,64,41,128,128,256,41,64,512,512,141,64,512,8192,141,64,512,4096,6741,64,256,4096,765,64,128,256,36,64,256,4096,189,64,256,1024,777,64,256,512,777,0,128,256,3213,64,256,512,153,64,128,128,18,0,0,0,0,0,0,0,0,0,0,0,0,0,0,0,0,0,0,0,0,0,0,0,0,64,128,128,21,64,128,128,21,8.31,7.43,0.88,0,0,0,22,0,94,0,0,2413,1079,2937,0,41,21,0
10385996050300,100,2048,8192,16384,745,512,8192,8192,104,8192,16384,16384,87,8192,16384,16384,14,0,0,0,0,4096,8192,8192,21,1024,8192,8192,79,2048,8192,8192,19,0,0,0,0,2048,65536,131072,1080,262144,262144,262144,42,16384,32768,32768,42,262144,262144,262144,42,64,128,128,42,128,128,128,42,0,256,4096,120,64,512,512,120,64,512,4096,6705,64,256,4096,783,64,256,256,54,64,512,4096,216,128,256,1024,766,64,256,512,766,0,128,512,3555,64,256,4096,135,0,256,256,27,0,0,0,0,0,0,0,0,0,0,0,0,0,0,0,0,0,0,0,0,0,0,0,0,64,128,128,21,64,128,128,21,8.79,7.41,1.38,0,0,0,21,0,101,0,0,2441,1076,2972,0,42,21,0
10387029795900,97,2048,8192,16384,711,512,4096,8192,99,8192,16384,16384,84,8192,8192,16384,25,0,0,0,0,4096,8192,8192,13,512,4096,8192,76,2048,8192,8192,12,0,0,0,0,512,65536,65536,1020,262144,262144,262144,41,16384,32768,32768,41,262144,262144,262144,41,64,64,64,41,128,128,128,41,64,512,512,126,64,512,512,153,64,512,4096,6399,64,256,4096,756,64,128,256,108,64,256,4096,225,128,256,512,495,64,256,512,495,0,128,512,3951,64,256,512,207,0,0,0,0,0,0,0,0,0,0,0,0,0,0,0,0,0,0,0,0,0,0,0,0,0,0,0,0,64,128,128,20,64,128,128,20,9.06,7.42,1.64,0,0,0,13,0,109,3,0,2323,1017,2928,0,41,20,0
10388065957800,97,2048,8192,16384,733,512,8192,8192,98,8192,16384,16384,74,8192,8192,16384,34,0,0,0,0,4096,8192,8192,20,512,8192,8192,83,2048,2048,2048,11,0,0,0,0,512,65536,131072,1053,262144,262144,262144,42,16384,32768,65536,42,262144,262144,262144,42,64,64,64,42,128,128,256,42,64,512,8192,123,64,512,512,123,64,512,4096,6597,64,256,4096,666,64,256,256,63,64,256,512,297,128,512,1024,648,64,256,512,657,0,128,512,5229,64,256,512,144,64,256,256,45,0,0,0,0,0,0,0,0,0,0,0,0,0,0,0,0,0,0,0,0,0,0,0,0,64,128,128,21,64,64,128,21,8.29,7.41,0.88,0,0,0,20,0,108,0,0,2389,1046,2926,0,42,21,0
10389101596400,100,2048,8192,16384,753,512,8192,8192,98,8192,16384,16384,77,8192,16384,16384,21,0,0,0,0,4096,8192,8192,31,1024,8192,8192,86,2048,8192,8192,7,0,0,0,0,1024,65536,131072,1073,262144,262144,262144,41,16384,32768,32768,41,262144,262144,262144,41,64,64,128,41,128,128,128,41,64,512,4096,90,64,512,8192,63,64,512,4096,6777,64,256,4096,693,64,256,256,93,64,256,4096,189,128,512,1024,672,64,256,1024,672,0,256,512,5049,64,256,512,135,0,0,0,0,0,0,0,0,0,0,0,0,0,0,0,0,2097152,2097152,2097152,3,1024,1024,1024,3,64,64,64,6,64,128,128,21,64,64,256,21,8.43,7.42,1.01,3,0,0,31,0,98,0,0,2297,1072,2937,0,41,21,0
10390136141900,100,2048,8192,16384,738,512,4096,8192,100,8192,16384,16384,77,8192,16384,16384,24,0,0,0,0,4096,8192,8192,17,1024,8192,8192,78,2048,4096,4096,13,0,0,0,0,128,65536,131072,1047,262144,262144,262144,41,8192,32768,32768,41,262144,262144,262144,41,64,64,128,41,128,128,128,41,64,256,256,78,64,512,512,78,64,1024,4096,6642,64,256,4096,693,64,128,256,72,64,512,4096,207,128,512,1024,753,64,256,512,753,0,128,256,4923,64,256,4096,162,64,128,128,18,0,0,0,0,0,0,0,0,0,0,0,0,0,0,0,0,0,0,0,0,0,0,0,0,64,128,128,20,64,128,128,20,8.56,7.55,1.01,0,0,0,17,0,101,0,0,2394,1036,2918,0,41,20,0
10391171377000,100,2048,16384,16384,761,512,8192,8192,115,8192,16384,16384,91,8192,16384,16384,37,0,0,0,0,4096,8192,8192,18,512,4096,8192,83,2048,8192,8192,14,0,0,0,0,1024,65536,262144,1119,262144,262144,262144,42,16384,32768,32768,42,262144,262144,262144,42,64,128,128,42,128,128,128,42,64,256,512,141,64,512,1024,141,64,512,4096,6849,64,256,4096,819,64,256,256,144,64,256,512,279,64,256,1024,957,64,256,512,966,0,128,512,3366,64,256,512,90,64,256,256,27,0,0,0,0,0,0,0,0,0,0,0,0,0,0,0,0,0,0,0,0,0,0,0,0,128,4096,8192,21,64,128,128,21,8.44,7.30,1.13,0,0,0,18,0,128,0,0,2419,1112,3019,0,42,21,0
10392206212400,100,2048,8192,16384,743,512,4096,8192,100,4096,16384,16384,83,8192,8192,16384,25,0,0,0,0,4096,8192,8192,19,512,8192,8192,83,2048,8192,8192,13,0,0,0,0,1024,65536,131072,1066,262144,262144,262144,41,16384,32768,65536,41,262144,262144,262144,41,64,256,256,41,128,128,2048,41,0,512,4096,129,64,512,4096,129,64,512,4096,6687,64,256,4096,747,64,256,256,96,64,256,512,135,128,256,512,695,64,256,512,704,0,128,4096,3087,64,256,512,171,0,0,0,0,0,256,256,9,0,0,0,0,0,0,0,0,0,0,0,0,0,0,0,0,0,0,0,0,128,128,128,21,64,128,128,21,8.55,7.67,0.88,0,0,0,19,0,108,0,0,2390,1061,2955,0,41,21,0
10393240747600,100,2048,8192,16384,733,512,4096,8192,113,4096,16384,16384,81,8192,16384,32768,25,0,0,0,1,4096,8192,8192,25,512,8192,8192,85,2048,8192,8192,24,0,0,0,0,512,65536,131072,1087,262144,262144,262144,42,16384,65536,65536,42,262144,262144,262144,42,128,256,256,42,64,128,128,42,64,1024,4096,114,64,512,512,114,64,512,4096,6597,64,256,4096,729,64,256,4096,162,64,256,4096,81,128,256,1024,597,64,256,512,606,0,128,2048,4131,64,256,1024,117,64,128,128,18,0,256,256,9,64,256,256,9,0,0,0,0,0,0,0,0,0,0,0,0,0,0,0,0,128,128,128,21,64,64,64,21,8.30,7.30,1.01,0,1,0,25,0,106,0,0,2407,1078,2987,0,42,21,0
10394275776100,100,2048,8192,16384,766,512,4096,8192,100,8192,16384,16384,77,4096,16384,16384,32,0,0,0,1,4096,8192,8192,24,1024,4096,8192,86,2048,4096,4096,15,0,0,0,0,512,65536,131072,1102,262144,262144,262144,41,16384,32768,32768,41,262144,262144,262144,41,128,256,256,41,128,128,128,41,0,256,512,105,64,512,4096,105,64,512,4096,6894,64,256,4096,693,64,256,512,168,64,256,512,63,128,256,512,540,64,256,512,549,0,128,512,4500,64,256,4096,108,64,128,128,9,0,256,256,9,64,256,256,9,0,0,0,0,0,0,0,0,0,0,0,0,0,0,0,0,64,128,128,20,64,128,128,20,8.30,7.30,1.01,0,1,0,24,0,109,0,0,2412,1099,3028,0,41,20,0
10395311647100,100,2048,8192,16384,723,512,8192,8192,100,8192,16384,16384,79,8192,16384,16384,24,8192,8192,8192,2,4096,8192,8192,19,1024,8192,8192,80,2048,4096,4096,9,0,0,0,0,512,65536,131072,1039,262144,262144,262144,41,16384,65536,65536,41,262144,262144,262144,41,128,256,256,41,128,128,1024,41,64,256,512,129,64,512,1024,129,64,512,4096,6507,64,256,4096,711,64,256,512,134,64,512,1024,72,128,256,1024,633,64,256,512,651,0,128,512,4266,64,256,8192,108,0,0,0,0,64,256,256,18,64,256,256,18,0,0,0,0,0,0,0,0,0,0,0,0,0,0,0,0,64,128,128,21,64,128,128,21,10.18,7.66,2.51,0,2,0,19,0,103,0,0,2345,1032,2925,0,41,21,0
10396347181700,100,2048,8192,16384,727,512,8192,8192,100,8192,16384,16384,76,8192,8192,8192,15,0,0,0,1,4096,8192,8192,17,512,8192,8192,79,2048,8192,8192,11,0,0,0,1,1024,65536,65536,1038,262144,262144,262144,42,16384,32768,32768,42,262144,262144,262144,42,128,256,256,42,128,128,128,42,64,512,4096,120,64,512,4096,120,64,512,4096,6543,64,512,4096,684,64,256,512,89,64,256,512,108,128,256,1024,600,64,256,512,609,0,128,512,3771,64,2048,8192,90,0,256,256,27,0,128,128,9,0,256,256,9,128,256,256,9,0,0,0,0,0,0,0,0,0,0,0,0,64,128,128,21,64,128,256,21,8.43,7.42,1.01,0,1,0,17,0,91,0,0,2247,1029,2786,0,42,21,0
10397381852800,98,2048,8192,16384,739,512,8192,8192,109,4096,16384,16384,87,8192,8192,8192,12,0,0,0,0,4096,8192,8192,17,1024,8192,8192,77,2048,2048,2048,8,0,0,0,0,128,65536,131072,1065,262144,262144,262144,41,16384,32768,65536,41,262144,262144,262144,41,128,256,512,41,128,128,32768,41,64,4096,4096,138,64,512,4096,156,64,512,4096,6651,64,256,4096,783,64,256,512,120,64,512,4096,135,128,256,512,633,64,128,512,633,0,128,512,3933,64,512,512,99,0,0,0,9,0,0,0,0,0,0,0,0,0,0,0,0,0,0,0,0,0,0,0,0,0,0,0,0,64,128,128,20,64,128,128,20,8.31,7.30,1.01,0,0,0,17,7,99,2,0,2291,1061,2841,1,41,20,0
10398417145900,98,2048,16384,16384,729,512,4096,8192,97,8192,16384,16384,84,8192,8192,8192,2,8192,8192,8192,2,4096,8192,8192,23,512,8192,8192,82,2048,4096,4096,14,0,0,0,0,128,65536,131072,1064,262144,262144,262144,42,16384,32768,32768,42,262144,262144,262144,42,128,512,512,42,128,128,128,42,64,256,512,156,64,512,512,156,64,512,4096,6561,64,256,4096,756,64,128,256,27,64,512,4096,225,128,256,1024,722,64,256,512,740,0,128,512,4221,64,512,4096,99,0,256,256,27,64,256,256,27,0,256,256,18,0,0,0,0,0,0,0,0,0,0,0,0,0,0,0,0,128,128,128,21,64,128,128,21,8.68,7.42,1.26,0,2,0,23,4,86,0,0,2277,1057,2774,1,42,21,0
10399453558700,101,2048,8192,16384,740,512,8192,8192,104,8192,16384,16384,86,8192,16384,16384,8,0,0,0,0,2048,8192,8192,31,512,4096,8192,86,2048,8192,8192,18,0,0,0,0,1024,65536,131072,1089,262144,262144,262144,41,16384,32768,32768,41,262144,262144,262144,41,128,256,512,41,128,128,128,41,64,512,4096,162,64,512,4096,135,64,512,4096,6660,64,256,4096,774,64,256,256,72,64,512,1024,189,128,256,512,729,64,256,512,729,0,128,512,4158,64,256,256,126,0,128,128,9,0,0,0,0,0,0,0,0,0,0,0,0,1048576,2097152,2097152,3,1024,1024,1024,3,64,64,64,6,64,128,128,21,64,128,256,21,8.55,7.42,1.13,3,0,0,31,3,94,0,0,2301,1087,2922,1,41,21,0
10400487492600,101,2048,8192,16384,741,512,4096,8192,101,8192,16384,32768,78,4096,8192,8192,13,0,0,0,0,4096,8192,8192,13,512,4096,8192,85,2048,8192,8192,22,0,0,0,0,128,65536,262144,1065,262144,262144,262144,41,16384,32768,32768,41,262144,262144,262144,41,128,256,512,41,128,128,128,41,64,512,4096,126,64,512,512,126,64,512,4096,6669,64,256,4096,702,64,256,256,48,64,256,512,207,128,256,1024,726,64,128,512,717,0,128,4096,4302,64,512,1024,90,64,256,256,18,0,0,0,0,0,0,0,0,0,0,0,0,0,0,0,0,0,0,0,0,0,0,0,0,128,128,128,20,64,128,128,20,10.44,7.80,2.64,0,0,0,13,4,91,0,0,2334,1060,2838,0,41,20,0
10401524114100,101,2048,8192,16384,730,512,8192,8192,100,8192,16384,16384,75,8192,16384,16384,18,0,0,0,0,4096,8192,8192,18,1024,4096,8192,80,2048,8192,8192,15,0,0,0,0,1024,65536,131072,1045,262144,262144,262144,42,16384,32768,32768,42,262144,262144,262144,42,128,256,512,42,128,128,128,42,0,512,512,129,64,512,1024,129,64,512,4096,6570,64,512,4096,675,0,128,256,45,64,256,512,234,64,256,512,669,64,256,1024,678,0,128,1024,4095,64,256,512,126,0,64,64,9,64,256,256,9,0,0,0,0,0,0,0,0,0,0,0,0,0,0,0,0,0,0,0,0,64,128,128,21,64,128,128,21,8.29,7.66,0.63,0,0,0,18,9,93,0,0,2310,1040,2827,1,42,21,0
10402559305000,101,2048,8192,16384,745,512,8192,8192,109,8192,16384,16384,88,8192,16384,16384,29,0,0,0,1,4096,8192,8192,23,1024,8192,8192,78,2048,4096,4096,8,0,0,0,0,64,65536,131072,1084,262144,262144,262144,41,16384,32768,32768,41,262144,262144,262144,41,128,256,512,41,128,128,128,41,64,512,4096,114,64,512,4096,114,64,512,4096,6705,64,256,4096,792,64,256,512,84,64,256,4096,252,128,512,1024,816,64,128,1024,798,0,128,512,3879,64,256,512,90,64,128,256,33,0,0,0,0,64,512,512,9,0,0,0,0,0,0,0,0,0,0,0,0,0,0,0,0,64,128,128,21,64,128,128,21,8.80,7.55,1.26,0,1,0,23,7,117,0,0,2267,1076,3000,0,41,21,0
10403594684100,101,2048,8192,16384,771,512,8192,8192,100,8192,16384,16384,85,8192,16384,16384,26,0,0,0,1,4096,8192,8192,22,1024,8192,8192,82,2048,8192,8192,14,0,0,0,0,128,65536,131072,1102,262144,262144,262144,42,16384,32768,32768,42,262144,262144,262144,42,128,512,512,42,128,128,128,42,64,4096,8192,108,64,512,512,108,64,512,4096,6939,64,256,4096,765,64,128,256,72,64,512,4096,243,128,256,1024,774,64,256,512,783,0,128,512,3816,64,256,4096,90,0,128,128,9,0,128,128,9,64,128,128,9,0,0,0,0,0,0,0,0,0,0,0,0,0,0,0,0,64,128,128,21,64,128,128,21,8.55,7.55,1.01,0,1,0,22,9,111,0,0,2302,1094,2926,0,42,21,0
10404630051900,101,2048,8192,16384,737,512,8192,8192,102,8192,16384,16384,80,8192,16384,16384,26,0,0,0,1,4096,8192,8192,19,1024,4096,8192,87,2048,4096,4096,6,0,0,0,0,1024,65536,131072,1060,262144,262144,262144,41,16384,32768,65536,41,262144,262144,262144,41,128,256,512,41,128,128,128,41,64,4096,8192,123,64,1024,4096,123,64,1024,4096,6633,64,256,4096,720,64,128,256,63,64,256,4096,234,128,512,1024,672,64,256,512,672,0,128,512,3807,64,512,4096,72,64,256,256,18,64,256,256,9,128,4096,4096,9,0,0,0,0,0,0,0,0,0,0,0,0,0,0,0,0,64,128,128,20,64,128,128,20,8.30,7.30,1.01,0,1,0,19,0,106,0,0,2273,1053,2854,0,41,20,0
10405664893000,101,2048,8192,16384,737,512,8192,8192,100,8192,8192,16384,85,8192,8192,16384,28,0,0,0,0,4096,8192,8192,18,512,8192,8192,84,2048,8192,8192,17,0,0,0,0,128,65536,131072,1069,262144,262144,262144,41,16384,32768,32768,41,262144,262144,262144,41,128,256,256,41,128,128,128,42,64,512,4096,147,64,4096,4096,147,64,512,4096,6633,64,256,4096,765,64,256,512,159,64,256,4096,234,128,256,1024,708,64,128,512,690,0,128,512,4995,64,512,8192,72,0,256,256,9,0,0,0,0,0,0,0,0,0,0,0,0,0,0,0,0,0,0,0,0,0,0,0,0,64,128,128,21,64,128,128,21,8.82,7.81,1.01,0,0,0,18,0,113,0,0,2311,1061,2925,0,41,21,0
10406698808800,99,2048,8192,16384,738,512,4096,8192,99,8192,16384,16384,77,8192,16384,16384,33,8192,8192,8192,3,4096,8192,8192,22,512,8192,8192,83,2048,8192,8192,14,0,0,0,0,512,65536,65536,1074,262144,262144,262144,42,16384,32768,32768,42,262144,262144,262144,42,128,256,512,42,128,128,128,41,64,256,512,123,64,512,512,141,64,512,4096,6642,64,512,4096,693,64,256,2048,129,64,256,4096,261,128,256,1024,663,64,256,1024,690,0,128,512,4275,64,256,4096,117,64,4096,4096,21,64,256,256,27,128,512,512,27,0,0,0,0,0,0,0,0,0,0,0,0,0,0,0,0,64,128,128,21,64,128,128,21,8.68,7.55,1.13,0,3,0,22,1,110,2,0,2324,1067,2981,1,42,21,0
10407734611900,99,2048,16384,16384,740,512,8192,8192,97,8192,16384,16384,80,8192,16384,16384,22,0,0,0,1,4096,8192,8192,24,512,8192,8192,77,4096,8192,8192,18,0,0,0,0,1024,65536,131072,1059,262144,262144,262144,41,16384,32768,65536,41,262144,262144,262144,41,256,512,512,41,128,128,128,41,64,256,512,120,64,512,4096,120,64,512,4096,6660,64,1024,4096,720,64,256,4096,139,64,512,512,126,128,256,512,771,64,256,512,762,0,128,512,3465,64,256,256,63,64,128,128,9,0,256,256,9,0,512,512,9,0,0,0,0,0,0,0,0,0,0,0,0,0,0,0,0,64,128,128,20,64,128,128,20,8.43,7.29,1.13,0,1,0,24,1,102,0,0,2222,1054,2819,2,41,20,0
10408769412200,102,2048,8192,16384,731,512,8192,8192,100,8192,16384,16384,81,8192,16384,16384,26,0,0,0,0,4096,8192,8192,18,512,8192,8192,78,4096,8192,8192,15,0,0,0,0,128,65536,65536,1049,262144,262144,262144,42,16384,32768,65536,42,262144,262144,262144,42,128,256,512,42,128,128,128,42,64,512,4096,171,64,512,4096,144,64,512,4096,6579,64,256,4096,729,64,256,4096,197,64,512,4096,108,64,256,1024,732,64,256,512,723,0,128,512,3681,64,256,8192,72,64,256,256,18,0,0,0,0,0,0,0,0,0,0,0,0,2097152,2097152,2097152,3,1024,1024,1024,3,64,64,64,6,64,128,128,21,64,128,8192,21,8.80,7.80,1.01,3,0,0,18,4,107,0,0,2240,1044,2852,1,42,21,0
10409805090000,102,2048,16384,16384,747,512,8192,8192,110,8192,16384,16384,82,8192,16384,16384,30,8192,8192,8192,2,4096,8192,8192,24,1024,8192,8192,79,2048,8192,8192,17,0,0,0,0,8192,65536,262144,1095,262144,262144,262144,41,16384,32768,65536,41,262144,262144,262144,41,128,256,512,41,128,128,128,41,64,512,4096,144,64,512,8192,144,64,512,8192,6723,64,256,4096,738,64,256,512,226,64,256,512,63,64,256,1024,689,64,256,512,707,0,128,2048,3609,64,256,512,99,0,0,0,0,128,256,256,18,128,256,256,18,0,0,0,0,0,0,0,0,0,0,0,0,0,0,0,0,128,128,128,21,64,128,128,21,9.81,8.30,1.51,0,2,0,24,5,112,0,0,2342,1091,2993,0,41,21,0
10410841274100,102,2048,8192,16384,744,512,8192,8192,106,8192,16384,16384,78,8192,16384,16384,17,0,0,0,1,4096,16384,16384,19,512,8192,16384,86,2048,4096,4096,6,0,0,0,0,128,65536,131072,1070,262144,262144,262144,42,16384,32768,32768,42,262144,262144,262144,42,128,256,256,42,128,128,256,42,64,256,512,105,64,512,4096,105,64,512,4096,6696,64,256,4096,702,64,256,4096,90,64,4096,4096,36,64,512,1024,609,64,256,512,609,0,128,4096,3627,64,256,4096,117,64,128,128,9,0,0,0,0,64,256,256,9,0,0,0,0,0,0,0,0,0,0,0,0,0,0,0,0,128,128,128,21,64,128,128,21,8.54,7.41,1.13,0,1,1,19,2,95,0,0,2366,1065,2897,0,42,21,0
10411875497800,102,2048,8192,16384,765,512,8192,8192,100,8192,16384,16384,84,8192,16384,16384,12,0,0,0,1,4096,8192,8192,15,1024,8192,16384,79,2048,4096,4096,13,0,0,0,0,64,65536,262144,1081,262144,262144,262144,41,16384,32768,32768,41,262144,262144,262144,41,128,256,256,41,128,128,256,41,64,256,4096,108,64,512,4096,108,64,512,4096,6885,64,256,4096,756,64,256,512,92,64,256,512,63,128,256,1024,600,64,256,512,609,0,128,4096,3987,64,256,2048,126,64,256,256,57,256,512,512,9,128,8192,8192,9,0,0,0,0,0,0,0,0,0,0,0,0,0,0,0,0,128,128,128,20,64,128,128,20,8.44,7.18,1.26,0,1,6,15,5,96,0,0,2380,1075,2938,1,41,20,0
10412912267600,102,2048,16384,16384,742,512,8192,8192,100,8192,16384,16384,84,8192,16384,16384,11,0,0,0,1,4096,8192,8192,24,1024,8192,8192,91,2048,8192,8192,16,0,0,0,0,1024,65536,131072,1081,262144,262144,262144,41,16384,32768,65536,41,262144,262144,262144,41,128,256,512,41,64,128,256,41,64,512,8192,123,64,512,512,123,64,512,4096,6678,64,256,4096,756,64,256,4096,75,64,256,8192,81,64,256,1024,633,64,256,512,633,0,128,512,4671,64,256,4096,126,64,256,256,36,128,256,256,9,64,128,128,9,0,0,0,0,0,0,0,0,0,0,0,0,0,0,0,0,64,128,128,21,64,128,128,21,8.29,7.29,1.01,0,1,4,24,2,95,0,0,2370,1076,2871,0,41,21,0
10413947296400,102,2048,8192,16384,745,512,8192,8192,111,8192,8192,16384,82,4096,16384,16384,7,0,0,0,0,4096,8192,8192,26,1024,4096,8192,86,2048,8192,8192,15,0,0,0,0,1024,65536,131072,1099,262144,262144,262144,42,16384,32768,65536,42,262144,262144,262144,42,128,256,512,42,128,128,128,42,64,512,8192,150,64,512,4096,150,64,512,4096,6705,64,256,4096,738,64,128,256,30,64,256,4096,216,128,256,1024,672,64,256,512,663,0,128,2048,4734,64,256,4096,162,64,256,512,27,0,0,0,0,0,0,0,0,0,0,0,0,0,0,0,0,0,0,0,0,0,0,0,0,64,128,128,21,64,128,128,21,8.29,7.54,0.75,0,0,6,26,3,89,0,0,2370,1090,2982,0,42,21,0
10414982085900,102,2048,8192,16384,757,512,4096,8192,101,8192,16384,32768,80,8192,16384,16384,15,0,0,0,0,4096,8192,8192,21,512,8192,8192,84,2048,4096,4096,13,0,0,0,0,512,65536,131072,1085,262144,262144,262144,41,16384,32768,32768,41,262144,262144,262144,41,128,256,256,41,128,128,128,41,64,256,8192,105,64,512,512,105,64,512,4096,6813,64,512,4096,720,64,256,256,72,64,256,1024,207,128,256,1024,780,64,256,1024,771,0,128,512,5031,64,256,512,126,64,256,1024,36,0,0,0,0,0,0,0,0,0,0,0,0,0,0,0,0,0,0,0,0,0,0,0,0,64,128,128,20,64,256,256,20,9.69,7.55,2.14,0,0,0,21,2,95,0,0,2344,1077,2876,1,41,20,0
10416019809900,101,2048,8192,16384,735,512,4096,8192,102,8192,16384,16384,83,8192,16384,16384,13,0,0,0,0,4096,8192,8192,16,512,4096,8192,71,2048,8192,8192,15,0,0,0,0,2048,65536,131072,1047,262144,262144,262144,42,16384,65536,65536,42,262144,262144,262144,42,128,256,256,42,128,128,128,42,64,512,8192,162,64,512,4096,171,64,512,4096,6615,64,256,4096,747,64,128,256,36,64,256,4096,180,128,256,1024,792,64,128,512,792,0,128,512,4590,64,256,4096,207,64,256,256,18,0,0,0,0,0,0,0,0,0,0,0,0,0,0,0,0,0,0,0,0,0,0,0,0,64,128,128,21,64,256,256,21,9.31,7.42,1.89,0,0,0,16,7,96,1,0,2351,1045,2912,1,42,21,0
10417052853200,98,2048,8192,16384,728,512,8192,8192,99,8192,16384,16384,73,4096,8192,8192,17,0,0,0,1,4096,8192,8192,17,512,8192,8192,75,1024,8192,8192,13,0,0,0,0,128,65536,131072,1029,262144,262144,262144,41,16384,65536,65536,41,262144,262144,262144,41,128,256,512,41,128,128,128,41,64,512,8192,162,64,512,1024,189,64,512,4096,6552,64,256,4096,657,64,128,128,36,64,256,512,180,128,512,1024,777,64,256,512,759,0,256,4096,4113,64,256,8192,126,64,256,256,21,64,128,128,9,128,256,256,9,0,0,0,0,0,0,0,0,0,0,0,0,0,0,0,0,64,128,128,21,128,128,128,21,8.30,7.42,0.88,0,1,0,17,2,90,3,0,2367,1030,2934,0,41,21,0
10418088285800,98,2048,8192,16384,725,512,4096,8192,101,4096,16384,16384,86,8192,16384,16384,34,0,0,0,0,2048,8192,8192,25,512,4096,8192,81,2048,8192,8192,12,0,0,0,0,1024,65536,131072,1064,262144,262144,262144,41,16384,32768,32768,41,262144,262144,262144,41,128,256,256,41,128,128,128,41,64,256,4096,128,64,512,512,128,64,512,4096,6525,64,256,4096,774,64,128,256,123,64,256,4096,297,128,256,1024,702,64,256,512,693,0,256,4096,4419,64,256,512,225,0,256,256,9,0,0,0,0,0,0,0,0,0,0,0,0,0,0,0,0,0,0,0,0,0,0,0,0,64,128,128,20,64,128,128,20,8.30,7.42,0.88,0,0,0,25,0,120,0,0,2376,1058,2943,0,41,20,0
10419124356900,101,2048,8192,16384,742,512,8192,8192,99,4096,16384,16384,82,8192,16384,16384,32,0,0,0,0,4096,8192,8192,21,512,8192,8192,90,2048,8192,8192,13,0,0,0,0,128,65536,262144,1080,262144,262144,262144,42,16384,32768,65536,42,262144,262144,262144,42,128,256,512,42,128,128,128,42,64,512,512,126,128,512,4096,99,64,512,4096,6678,64,256,4096,738,64,256,256,111,64,512,4096,297,128,256,1024,696,64,256,512,714,0,256,4096,4923,64,512,4096,108,0,0,0,0,0,0,0,0,0,0,0,0,0,0,0,0,8192,2097152,2097152,3,512,1024,1024,3,64,64,64,6,64,128,256,21,64,128,128,21,8.93,7.42,1.51,3,0,0,21,1,114,0,0,2334,1075,2964,0,42,21,0
10420156722100,101,2048,16384,16384,729,512,8192,8192,100,4096,16384,16384,82,8192,16384,16384,18,0,0,0,1,4096,8192,8192,20,512,8192,8192,79,2048,8192,8192,14,0,0,0,0,128,65536,262144,1044,262144,262144,262144,41,16384,32768,65536,41,262144,262144,262144,41,128,256,256,41,128,128,8192,41,64,512,4096,138,64,512,512,138,64,512,4096,6561,64,256,4096,738,128,256,512,84,64,256,512,135,128,256,1024,648,64,256,512,639,0,256,512,4329,64,256,4096,162,0,0,0,0,128,256,256,9,128,256,256,9,0,0,0,0,0,0,0,0,0,0,0,0,0,0,0,0,128,128,128,21,64,128,128,21,8.81,7.43,1.38,0,1,1,20,1,100,0,0,2386,1035,2941,0,41,21,0
10421192698500,101,2048,16384,16384,755,512,8192,8192,100,8192,16384,16384,81,8192,16384,16384,25,0,0,0,0,4096,8192,8192,20,1024,8192,8192,80,2048,8192,8192,15,0,0,0,0,2048,65536,131072,1076,262144,262144,262144,42,16384,32768,32768,42,262144,262144,262144,42,128,256,256,42,128,128,8192,42,64,512,4096,107,64,512,512,107,64,512,4096,6795,64,256,4096,729,64,256,256,122,64,256,512,198,128,512,1024,687,64,256,512,687,0,128,512,4644,64,256,4096,81,0,128,256,21,0,0,0,0,0,0,0,0,0,0,0,0,0,0,0,0,0,0,0,0,0,0,0,0,128,128,128,21,64,128,128,21,8.29,7.54,0.75,0,0,1,20,1,106,0,0,2403,1067,2954,0,42,21,0
10422228263700,101,2048,8192,16384,737,512,8192,8192,105,8192,16384,16384,76,8192,16384,16384,31,0,0,0,1,4096,8192,8192,16,1024,8192,8192,80,2048,8192,8192,13,0,0,0,0,1024,65536,131072,1059,262144,262144,262144,41,16384,32768,32768,41,262144,262144,262144,41,128,256,256,41,128,256,8192,41,64,512,4096,105,64,512,1024,105,64,512,4096,6633,64,256,4096,684,64,256,512,129,64,256,512,180,128,256,1024,773,64,256,1024,764,0,128,512,4338,64,256,512,99,64,256,256,18,64,256,256,9,64,256,256,9,0,0,0,0,0,0,0,0,0,0,0,0,0,0,0,0,128,128,128,20,64,256,256,20,8.31,7.30,1.01,0,1,0,16,5,107,0,0,2338,1056,2940,0,41,20,0
10423262506300,101,2048,16384,16384,733,512,8192,8192,100,8192,16384,16384,83,8192,16384,16384,31,0,0,0,1,4096,8192,8192,22,512,4096,8192,89,2048,8192,8192,18,0,0,0,0,256,65536,262144,1080,262144,262144,262144,41,16384,32768,32768,41,262144,262144,262144,41,128,256,256,41,128,128,256,41,64,512,4096,165,64,512,4096,165,64,512,4096,6597,64,512,4096,747,64,256,512,172,64,256,512,153,128,256,512,714,64,256,512,741,0,128,512,3699,64,256,4096,171,64,256,256,27,64,256,256,18,128,256,256,9,0,0,0,0,0,0,0,0,0,0,0,0,0,0,0,0,64,128,128,21,64,128,128,21,8.55,7.55,1.01,0,1,0,22,2,114,0,0,2371,1069,2998,0,41,21,0
10424297932600,101,2048,8192,16384,758,512,8192,8192,100,8192,16384,16384,82,8192,16384,16384,14,0,0,0,1,4096,8192,8192,23,1024,4096,8192,76,4096,8192,8192,10,0,0,0,0,1024,65536,131072,1069,262144,262144,262144,42,16384,32768,32768,42,262144,262144,262144,42,128,256,512,42,128,128,128,42,64,512,4096,156,64,512,1024,156,64,512,4096,6822,64,256,4096,738,64,256,4096,128,64,256,512,99,128,256,1024,687,64,256,512,705,0,256,512,3420,64,256,4096,126,64,256,4096,57,64,256,256,9,64,4096,4096,9,0,0,0,0,0,0,0,0,0,0,0,0,0,0,0,0,64,128,128,21,128,128,256,21,8.55,7.42,1.13,0,1,0,23,5,96,0,0,2422,1067,2926,0,42,21,0
10425334309700,101,2048,8192,16384,763,512,8192,8192,115,8192,16384,16384,88,8192,16384,16384,27,0,0,0,1,4096,8192,8192,29,1024,8192,8192,82,2048,4096,4096,13,0,0,0,0,2048,65536,262144,1124,262144,262144,262144,41,16384,32768,32768,41,262144,262144,262144,41,128,256,512,41,128,128,256,41,64,512,8192,168,64,512,4096,168,64,512,4096,6867,64,512,4096,792,64,256,512,179,64,512,4096,54,128,256,512,564,64,256,1024,591,0,128,512,3924,64,256,512,126,64,256,256,9,64,256,256,18,64,256,256,9,0,0,0,0,0,0,0,0,0,0,0,0,0,0,0,0,64,128,128,20,64,128,128,20,8.42,7.29,1.13,0,1,0,29,2,115,0,0,2398,1119,3034,0,41,20,0
10426370367500,100,2048,8192,16384,748,512,4096,8192,101,8192,16384,16384,80,4096,16384,16384,19,8192,8192,8192,3,4096,8192,8192,15,512,4096,8192,83,2048,2048,2048,12,0,0,0,0,128,65536,65536,1077,262144,262144,262144,42,16384,32768,32768,42,262144,262144,262144,42,128,256,256,42,128,128,128,42,64,512,4096,144,64,512,8192,153,64,512,4096,6732,64,256,4096,720,64,256,512,123,64,512,4096,108,128,256,1024,669,64,256,512,696,0,256,512,4023,64,256,4096,135,64,256,256,30,64,256,256,18,128,256,256,27,0,0,0,0,0,0,0,0,0,0,0,0,0,0,0,0,128,128,128,21,64,128,128,21,8.80,7.54,1.26,0,3,0,15,3,99,1,0,2433,1073,2983,0,42,21,0
10427404474300,97,2048,8192,16384,731,512,4096,4096,109,8192,16384,16384,76,8192,8192,8192,11,0,0,0,1,4096,8192,8192,17,1024,4096,8192,82,2048,4096,4096,15,0,0,0,0,64,65536,65536,1055,262144,262144,262144,41,16384,32768,32768,41,262144,262144,262144,41,128,256,256,41,128,128,128,41,64,512,4096,123,64,512,4096,150,64,512,4096,6579,64,512,4096,684,64,256,512,81,64,256,512,99,128,512,1024,624,64,256,512,624,0,256,512,4185,64,512,1024,126,0,0,0,0,0,0,0,0,64,256,256,9,0,0,0,0,0,0,0,0,0,0,0,0,0,0,0,0,64,128,128,21,64,128,128,21,8.44,7.55,0.88,0,1,0,17,3,87,3,0,2381,1055,2913,0,41,21,0
10428440515300,97,2048,8192,16384,722,512,8192,8192,98,8192,16384,16384,84,8192,8192,8192,11,0,0,0,0,4096,8192,8192,23,1024,8192,8192,77,2048,4096,4096,17,0,0,0,0,64,65536,65536,1053,262144,262144,262144,42,16384,32768,65536,42,262144,262144,262144,42,128,256,256,42,128,128,128,42,64,512,4096,144,64,512,4096,144,64,512,4096,6498,64,512,4096,756,64,256,256,57,64,256,4096,189,128,256,1024,645,64,128,512,636,0,256,512,4149,64,256,512,144,64,256,4096,54,0,0,0,0,0,0,0,0,0,0,0,0,0,0,0,0,0,0,0,0,0,0,0,0,64,128,128,21,64,128,128,21,8.42,7.54,0.88,0,0,0,23,4,95,0,0,2352,1048,2917,0,42,21,0
10429476010100,100,2048,16384,16384,746,512,8192,8192,100,8192,16384,16384,82,8192,16384,16384,6,0,0,0,0,2048,4096,8192,23,512,8192,8192,88,2048,4096,4096,12,0,0,0,0,128,65536,131072,1071,262144,262144,262144,41,8192,32768,32768,41,262144,262144,262144,41,128,256,512,41,128,128,128,41,64,512,4096,129,64,512,512,102,64,512,4096,6714,64,512,4096,738,64,256,256,45,64,512,512,144,128,256,1024,692,64,256,1024,674,0,128,512,4068,64,256,4096,135,64,256,256,9,0,0,0,0,0,0,0,0,0,0,0,0,2097152,2097152,2097152,3,1024,1024,1024,3,64,64,64,6,64,256,256,20,64,256,256,20,8.93,7.55,1.38,3,0,0,23,1,88,0,0,2401,1073,2976,0,41,20,0
10430511665900,100,2048,8192,16384,734,512,4096,8192,100,8192,8192,32768,84,4096,8192,8192,20,0,0,0,0,4096,8192,8192,21,512,8192,16384,85,2048,8192,8192,12,0,0,0,0,128,65536,65536,1069,262144,262144,262144,41,16384,32768,32768,41,262144,262144,262144,41,128,256,256,41,64,128,256,41,0,256,512,69,64,512,512,69,64,512,4096,6606,64,512,4096,756,64,128,256,45,64,512,4096,279,128,256,1024,609,64,128,512,600,0,128,512,4455,64,256,512,126,0,128,256,27,0,0,0,0,0,0,0,0,0,0,0,0,0,0,0,0,0,0,0,0,0,0,0,0,64,128,128,21,64,128,256,21,9.18,7.55,1.64,0,0,0,21,3,104,0,0,2358,1067,2949,0,41,21,0
10431546148700,100,2048,8192,16384,750,512,4096,8192,100,8192,16384,16384,78,8192,8192,8192,16,0,0,0,0,4096,8192,8192,17,512,8192,8192,73,2048,8192,8192,18,0,0,0,0,128,65536,262144,1060,262144,262144,262144,42,16384,32768,65536,42,262144,262144,262144,42,128,256,256,42,64,128,256,42,64,4096,8192,108,64,512,4096,108,64,512,8192,6750,64,512,4096,702,64,256,512,81,64,512,4096,207,128,256,1024,761,64,256,512,761,0,128,512,4572,64,256,4096,144,64,256,256,9,0,0,0,0,0,0,0,0,0,0,0,0,0,0,0,0,0,0,0,0,0,0,0,0,64,128,128,21,64,128,256,21,8.43,7.55,0.88,0,0,0,17,2,94,0,0,2395,1051,2844,0,42,21,0
10432581560100,100,2048,8192,16384,741,512,8192,8192,111,8192,16384,16384,82,8192,16384,16384,24,0,0,0,0,4096,8192,8192,17,512,8192,8192,82,2048,8192,8192,10,0,0,0,0,128,65536,131072,1071,262144,262144,262144,41,16384,32768,32768,41,262144,262144,262144,41,128,256,256,41,128,128,128,41,64,512,512,120,64,512,512,120,64,512,4096,6669,64,512,4096,738,64,256,256,72,64,512,4096,234,64,256,1024,779,64,128,512,770,0,128,512,4347,64,512,4096,117,64,256,256,57,0,0,0,0,0,0,0,0,0,0,0,0,0,0,0,0,0,0,0,0,0,0,0,0,64,128,128,20,64,128,128,20,8.31,7.30,1.01,0,0,0,17,3,106,0,0,2399,1064,3016,0,41,20,0
10433618596000,100,2048,8192,16384,739,512,4096,8192,100,4096,16384,16384,84,8192,16384,16384,27,0,0,0,0,4096,8192,8192,31,512,8192,8192,84,2048,8192,8192,15,0,0,0,0,128,65536,131072,1082,262144,262144,262144,42,16384,32768,32768,42,262144,262144,262144,42,128,256,256,42,128,128,128,42,0,256,4096,78,64,512,512,78,64,512,4096,6651,64,512,4096,756,64,256,256,81,64,512,4096,252,128,256,1024,732,64,256,512,714,0,128,512,3798,64,512,512,99,0,0,0,0,0,0,0,0,0,0,0,0,0,0,0,0,0,0,0,0,0,0,0,0,0,0,0,0,64,128,128,21,64,128,128,21,9.69,7.55,2.14,0,0,0,31,2,111,0,0,2398,1075,3035,0,42,21,0
10434650623400,100,2048,8192,16384,755,512,8192,8192,105,4096,16384,16384,77,8192,8192,16384,27,0,0,0,0,2048,8192,8192,16,512,4096,8192,89,2048,8192,8192,13,0,0,0,0,128,65536,131072,1083,262144,262144,262144,41,16384,32768,32768,41,262144,262144,262144,41,128,256,256,41,128,128,8192,41,64,256,4096,165,64,512,512,165,64,512,4096,6795,64,256,4096,693,64,256,256,108,64,256,4096,243,128,512,1024,717,64,128,512,699,0,256,512,3897,64,256,8192,126,64,256,256,9,0,0,0,0,0,0,0,0,0,0,0,0,0,0,0,0,0,0,0,0,0,0,0,0,128,128,128,21,128,128,128,21,8.29,7.29,1.01,0,0,0,16,5,104,0,0,2407,1080,2953,0,41,21,0
10435685868900,100,2048,16384,16384,765,512,8192,8192,100,8192,16384,16384,91,8192,16384,16384,25,0,0,0,0,4096,8192,8192,23,512,4096,8192,83,2048,8192,8192,17,0,0,0,0,1024,65536,131072,1104,262144,262144,262144,41,16384,32768,65536,41,262144,262144,262144,41,64,256,512,41,128,128,256,41,64,512,4096,177,64,512,4096,177,64,512,4096,6885,64,512,4096,819,64,256,256,114,64,512,4096,189,128,512,1024,717,64,256,1024,690,0,128,256,4104,64,256,8192,81,0,128,256,27,0,0,0,0,0,0,0,0,0,0,0,0,0,0,0,0,0,0,0,0,0,0,0,0,64,128,128,20,64,128,128,20,8.56,7.43,1.13,0,0,0,23,3,116,0,0,2397,1096,3010,0,41,20,0
10436721111700,97,2048,8192,16384,717,512,8192,8192,100,8192,16384,16384,78,8192,16384,16384,25,0,0,0,1,4096,8192,8192,15,512,4096,8192,75,2048,8192,8192,12,0,0,0,0,2048,65536,131072,1025,262144,262144,262144,42,16384,32768,32768,42,262144,262144,262144,42,128,256,256,42,128,128,128,42,64,512,4096,126,64,512,4096,153,64,512,4096,6453,64,512,4096,702,64,512,4096,96,64,256,4096,189,128,512,2048,696,64,256,1024,687,0,128,512,3798,64,512,4096,135,64,4096,8192,36,64,256,256,9,128,256,256,9,0,0,0,0,0,0,0,0,0,0,0,0,0,0,0,0,128,128,128,21,64,128,128,21,8.67,7.66,1.01,0,1,0,15,2,103,3,0,2316,1023,2941,0,42,21,0
10437757656100,97,2048,8192,16384,730,512,4096,8192,97,8192,16384,16384,77,8192,16384,16384,28,0,0,0,1,4096,8192,8192,20,512,8192,8192,82,2048,4096,4096,18,0,0,0,0,1024,65536,262144,1055,262144,262144,262144,41,16384,32768,65536,41,262144,262144,262144,41,128,256,256,41,128,256,8192,41,64,512,8192,132,64,512,1024,132,64,512,4096,6570,64,512,4096,693,64,256,512,158,64,512,512,126,128,512,2048,710,64,256,1024,728,0,128,512,4248,128,256,512,63,128,512,4096,30,0,256,256,9,0,512,512,9,0,0,0,0,0,0,0,0,0,0,0,0,0,0,0,0,128,128,256,21,128,128,128,21,8.29,7.16,1.13,0,1,0,20,4,105,0,0,2321,1051,2885,0,41,21,0
10438792924600,100,2048,8192,16384,742,512,4096,8192,106,8192,16384,16384,81,8192,16384,16384,26,0,0,0,1,4096,8192,8192,26,512,8192,8192,83,2048,8192,8192,11,0,0,0,0,128,65536,131072,1079,262144,262144,262144,42,16384,32768,65536,42,262144,262144,262144,42,128,256,512,42,128,128,4096,42,64,512,4096,174,64,512,4096,147,64,512,4096,6678,64,256,4096,729,64,256,4096,181,64,256,512,81,128,256,1024,678,64,256,1024,696,0,128,512,4311,64,256,256,72,0,0,0,0,64,512,512,9,128,512,512,9,0,0,0,0,2097152,2097152,2097152,3,1024,1024,1024,3,64,64,64,6,128,128,128,21,64,128,128,21,8.56,7.68,0.88,3,1,0,26,3,107,0,0,2317,1076,2970,0,42,21,0
10439827228900,100,2048,16384,16384,747,512,4096,4096,102,8192,16384,16384,82,8192,16384,16384,20,0,0,0,0,4096,8192,8192,16,512,4096,8192,80,2048,8192,8192,15,0,0,0,0,128,65536,65536,1066,262144,262144,262144,41,8192,32768,65536,41,262144,262144,262144,41,128,256,512,41,64,128,128,41,64,512,4096,108,0,512,4096,108,64,512,4096,6723,64,256,4096,738,64,256,4096,138,64,256,1024,72,128,256,1024,761,64,256,512,761,0,128,512,3825,64,256,512,108,0,0,0,0,0,0,0,0,0,0,0,0,0,0,0,0,0,0,0,0,0,0,0,0,0,0,0,0,64,128,128,20,64,128,128,20,8.43,7.30,1.13,0,0,0,16,6,102,0,0,2384,1059,2913,0,41,20,0
10440862093000,100,2048,16384,16384,755,512,4096,8192,100,8192,16384,16384,77,8192,16384,16384,26,0,0,0,1,4096,8192,8192,21,1024,8192,8192,85,2048,4096,4096,15,0,0,0,0,128,65536,65536,1089,262144,262144,262144,41,16384,32768,32768,41,262144,262144,262144,41,128,256,256,41,64,128,128,41,64,512,512,162,64,512,1024,162,64,512,4096,6795,64,512,4096,693,64,256,256,144,64,512,4096,90,128,256,1024,705,64,512,1024,732,0,256,512,4068,64,256,512,117,0,64,64,9,64,256,256,9,64,128,128,9,0,0,0,0,0,0,0,0,0,0,0,0,0,0,0,0,64,128,128,21,128,128,128,21,8.31,7.18,1.13,0,1,0,21,2,103,0,0,2411,1080,3030,0,41,21,0
10441897655400,100,2048,8192,16384,751,512,8192,8192,100,4096,16384,32768,85,8192,16384,16384,8,0,0,0,1,4096,8192,8192,20,512,8192,8192,76,2048,2048,2048,10,0,0,0,0,128,65536,131072,1067,262144,262144,262144,42,16384,32768,65536,42,262144,262144,262144,42,128,256,512,42,128,128,256,42,64,512,4096,111,64,512,2048,111,64,512,4096,6759,64,256,4096,765,64,256,4096,81,128,512,4096,90,128,512,1024,621,64,512,1024,666,0,128,512,3546,64,512,8192,72,64,256,256,45,0,256,256,18,0,256,256,9,0,0,0,0,0,0,0,0,0,0,0,0,0,0,0,0,128,128,8192,21,64,256,256,21,8.29,7.29,1.01,0,1,0,20,0,93,0,0,2367,1060,2876,0,42,21,0
10442933479000,100,2048,8192,16384,763,512,8192,8192,100,8192,16384,16384,86,8192,16384,16384,10,0,0,0,1,4096,8192,8192,21,512,8192,8192,88,2048,8192,8192,13,0,0,0,0,512,65536,131072,1096,262144,262144,262144,41,16384,32768,65536,41,262144,262144,262144,41,128,256,256,41,128,128,8192,41,64,512,4096,171,64,512,8192,171,64,512,4096,6867,64,256,4096,774,64,256,4096,78,64,256,512,126,128,256,4096,648,64,256,512,648,0,128,512,4131,64,256,512,108,0,0,0,0,0,0,0,0,0,256,256,9,0,0,0,0,0,0,0,0,0,0,0,0,0,0,0,0,64,128,128,20,64,128,128,20,8.55,7.42,1.13,0,1,0,21,0,96,0,0,2433,1092,2914,0,41,20,0
10443969538200,100,2048,16384,16384,745,512,4096,8192,103,8192,16384,16384,76,8192,16384,16384,11,0,0,0,1,4096,8192,8192,24,1024,8192,8192,79,4096,8192,8192,20,0,0,0,0,2048,65536,131072,1074,262144,262144,262144,42,16384,32768,65536,42,262144,262144,262144,42,128,256,512,42,128,128,128,42,0,256,512,111,64,512,1024,111,64,512,4096,6705,64,256,4096,684,64,256,512,72,64,256,4096,135,128,256,512,630,64,256,512,639,0,128,512,3969,64,256,512,72,0,128,128,9,64,256,256,9,0,128,128,9,0,0,0,0,0,0,0,0,0,0,0,0,0,0,0,0,64,128,128,21,64,128,128,21,8.42,7.54,0.88,0,1,2,22,0,87,0,1,2367,1069,2897,0,42,21,0
10445004843300,100,2048,16384,16384,755,512,8192,8192,110,8192,16384,16384,83,8192,8192,8192,16,0,0,0,0,4096,8192,8192,27,1024,8192,8192,83,2048,4096,4096,10,0,0,0,0,256,65536,131072,1100,262144,262144,262144,41,16384,32768,32768,41,262144,262144,262144,41,128,256,256,41,128,128,8192,41,0,512,8192,147,64,512,4096,147,64,512,4096,6795,64,256,4096,747,64,256,256,63,64,512,4096,243,128,256,1024,671,64,128,1024,662,0,128,512,3753,64,256,4096,117,0,64,128,27,0,0,0,0,0,0,0,0,0,0,0,0,0,0,0,0,0,0,0,0,0,0,0,0,64,128,128,21,128,128,128,21,8.30,7.30,1.01,0,0,4,23,0,99,0,0,2354,1095,2920,0,41,21,0
10446039603000,100,2048,8192,16384,740,512,8192,8192,105,8192,16384,16384,83,4096,16384,16384,17,0,0,0,1,4096,8192,8192,13,512,4096,8192,77,2048,8192,8192,15,0,0,0,0,1024,65536,131072,1062,262144,262144,262144,41,16384,32768,32768,41,262144,262144,262144,41,128,256,256,41,128,128,8192,41,64,512,4096,162,64,512,4096,162,64,512,4096,6660,64,256,4096,747,64,256,256,81,64,256,512,216,128,512,1024,657,64,256,512,657,0,128,512,4113,64,256,512,63,64,256,256,18,64,256,256,9,0,256,256,9,0,0,0,0,0,0,0,0,0,0,0,0,0,0,0,0,64,128,128,20,64,128,128,20,9.44,7.93,1.51,0,1,7,6,0,100,0,0,2345,1054,2859,0,41,20,0
10447074724400,97,2048,8192,16384,738,512,4096,8192,101,4096,16384,16384,79,8192,8192,8192,18,0,0,0,0,4096,8192,8192,18,512,8192,8192,88,2048,4096,4096,10,0,0,0,0,1024,65536,131072,1058,262144,262144,262144,42,16384,32768,65536,42,262144,262144,262144,42,128,256,256,42,128,128,128,42,64,512,4096,135,64,512,4096,162,64,512,4096,6642,64,256,4096,711,64,256,256,36,64,256,4096,207,128,256,1024,693,64,128,512,684,0,128,512,4122,64,512,4096,81,64,128,256,24,0,0,0,0,0,0,0,0,0,0,0,0,0,0,0,0,0,0,0,0,0,0,0,0,128,128,128,21,64,128,128,21,8.55,7.42,1.13,0,0,10,8,2,97,3,0,2309,1052,2886,0,42,21,0
10448110828400,97,2048,8192,16384,716,512,8192,8192,106,8192,16384,16384,81,8192,8192,16384,23,0,0,0,0,4096,8192,8192,21,512,8192,8192,73,2048,8192,8192,13,0,0,0,0,1024,65536,131072,1036,262144,262144,262144,41,16384,32768,32768,41,262144,262144,262144,41,128,256,512,41,64,128,128,41,64,512,512,156,64,512,512,156,64,512,4096,6444,64,512,4096,729,64,128,256,63,64,256,4096,234,128,512,1024,711,64,256,512,675,0,256,2048,4329,64,512,8192,90,64,64,64,9,0,0,0,0,0,0,0,0,0,0,0,0,0,0,0,0,0,0,0,0,0,0,0,0,128,128,128,21,64,128,128,21,8.55,7.42,1.13,0,0,18,3,0,104,0,0,2271,1032,2825,0,41,21,0
10449145322900,100,2048,16384,16384,739,512,8192,8192,102,8192,16384,16384,83,8192,16384,16384,35,0,0,0,1,4096,8192,8192,16,1024,8192,8192,84,2048,8192,8192,13,0,0,0,0,128,65536,131072,1074,262144,262144,262144,42,16384,32768,32768,42,262144,262144,262144,42,256,512,512,42,128,128,8192,42,64,512,512,131,64,1024,4096,104,64,1024,4096,6651,64,512,4096,747,64,256,512,141,64,512,4096,306,64,256,1024,714,64,256,512,732,0,128,512,4131,64,256,512,117,64,256,256,18,0,256,256,18,64,512,512,9,0,0,0,0,16384,2097152,2097152,3,1024,1024,1024,3,64,64,64,6,64,128,128,21,128,128,256,21,8.30,7.42,0.88,3,1,13,3,0,118,0,0,2332,1070,2972,0,42,21,0
10450180409000,100,2048,16384,16384,749,512,8192,8192,101,8192,16384,16384,83,8192,16384,16384,18,0,0,0,1,4096,8192,16384,31,1024,8192,8192,85,2048,8192,8192,13,0,0,0,0,1024,65536,131072,1081,262144,262144,262144,41,16384,32768,65536,41,262144,262144,262144,41,128,256,256,41,128,128,256,41,64,256,1024,138,64,512,8192,138,64,512,4096,6741,64,512,4096,747,64,256,256,63,64,256,4096,144,128,512,1024,720,64,256,512,720,0,256,512,4068,64,256,4096,99,64,256,256,27,64,128,128,9,0,0,0,9,0,0,0,0,0,0,0,0,0,0,0,0,0,0,0,0,128,128,128,20,64,128,128,20,8.80,7.55,1.26,0,1,28,3,3,101,0,0,2362,1076,2980,0,41,20,0
10451215180800,100,2048,16384,16384,756,512,8192,8192,102,8192,16384,16384,73,8192,8192,8192,27,8192,8192,8192,2,4096,8192,8192,12,512,8192,8192,79,2048,8192,8192,14,0,0,0,0,128,65536,131072,1065,262144,262144,262144,41,16384,32768,32768,41,262144,262144,262144,41,128,256,256,41,128,128,128,41,64,512,4096,168,64,512,512,168,64,512,4096,6804,64,256,4096,657,64,256,256,72,64,256,512,207,128,512,1024,636,64,256,1024,618,0,128,512,3771,64,256,512,99,64,128,128,27,64,128,128,9,0,4096,4096,18,0,0,0,0,0,0,0,0,0,0,0,0,0,0,0,0,128,128,128,21,64,128,128,21,8.55,7.42,1.13,0,2,12,0,2,100,0,0,2340,1059,2899,0,41,21,0
10452250305900,100,2048,16384,16384,739,512,8192,8192,100,8192,16384,16384,84,8192,16384,16384,31,0,0,0,1,4096,8192,16384,22,1024,8192,8192,80,2048,8192,8192,22,0,0,0,0,1024,65536,131072,1080,262144,262144,262144,42,16384,32768,32768,42,262144,262144,262144,42,64,128,256,42,128,128,128,42,64,256,512,147,64,512,4096,147,64,512,4096,6651,64,512,4096,756,64,256,1024,174,64,512,4096,198,128,256,1024,738,64,256,512,720,0,256,512,4347,64,256,8192,63,64,128,128,18,0,256,256,9,64,256,256,18,0,0,0,0,0,0,0,0,0,0,0,0,0,0,0,0,64,128,128,21,64,128,128,21,8.55,7.55,1.01,0,1,21,1,4,115,0,0,2360,1075,2983,0,42,21,0
10453285192800,100,2048,16384,16384,737,512,8192,8192,104,8192,16384,16384,83,8192,16384,16384,28,8192,8192,8192,4,4096,8192,8192,21,1024,8192,8192,82,2048,2048,2048,9,0,0,0,0,1024,65536,131072,1073,262144,262144,262144,41,16384,32768,32768,41,262144,262144,262144,41,64,256,256,41,64,128,128,41,64,512,8192,162,64,512,4096,162,64,512,4096,6633,64,512,4096,747,64,256,512,213,64,512,4096,117,64,512,1024,725,64,512,1024,761,0,128,512,3870,64,256,4096,99,64,128,128,9,64,256,512,45,128,512,512,36,0,0,0,0,0,0,0,0,0,0,0,0,0,0,0,0,128,128,128,20,64,128,128,20,9.31,7.67,1.64,0,4,20,0,0,111,0,0,2368,1070,2962,0,41,20,0
10454320579700,100,2048,8192,16384,743,512,8192,8192,100,8192,16384,16384,80,8192,16384,16384,16,8192,8192,8192,2,4096,8192,8192,24,1024,8192,8192,78,2048,4096,4096,8,0,0,0,0,64,65536,131072,1056,262144,262144,262144,42,16384,32768,32768,42,262144,262144,262144,42,64,128,256,42,128,128,8192,42,0,512,4096,90,0,512,4096,90,64,512,4096,6687,64,256,4096,720,64,256,8192,84,64,256,256,108,64,256,1024,654,64,256,1024,672,0,128,512,4401,64,256,4096,126,64,256,256,18,0,128,128,9,64,512,512,18,0,0,0,0,0,0,0,0,0,0,0,0,0,0,0,0,128,1024,8192,21,128,128,128,21,8.30,7.30,1.01,0,2,22,1,1,96,0,0,2357,1051,2882,0,42,21,0
10455356140500,100,2048,8192,16384,767,512,8192,8192,100,8192,16384,16384,83,4096,8192,8192,23,0,0,0,1,4096,8192,8192,21,512,8192,8192,86,2048,8192,8192,19,0,0,0,0,2048,65536,131072,1111,262144,262144,262144,41,16384,32768,32768,41,262144,262144,262144,41,64,128,128,41,128,128,8192,41,64,512,512,156,64,512,4096,156,64,512,4096,6903,64,512,4096,747,64,256,512,141,64,512,512,72,64,256,1024,693,64,256,512,702,0,128,512,4437,64,512,4096,117,0,0,0,0,64,512,512,9,0,512,512,9,0,0,0,0,0,0,0,0,0,0,0,0,0,0,0,0,128,128,128,21,64,128,128,21,8.81,7.43,1.38,0,1,18,1,1,106,0,0,2364,1108,2974,0,41,21,0
10456391855600,100,4096,8192,16384,754,512,8192,8192,100,8192,16384,16384,85,8192,16384,16384,22,0,0,0,1,4096,8192,8192,19,1024,8192,8192,77,2048,8192,8192,12,0,0,0,0,1024,65536,131072,1082,262144,262144,262144,42,8192,32768,65536,42,262144,262144,262144,42,64,256,256,42,128,128,4096,42,64,512,8192,87,64,4096,4096,87,64,2048,4096,6786,64,512,4096,765,64,256,4096,168,64,256,4096,126,64,256,1024,684,64,256,1024,711,0,128,512,4059,64,256,256,45,64,256,512,27,64,256,256,18,64,128,128,9,0,0,0,0,0,0,0,0,0,0,0,0,0,0,0,0,64,128,8192,21,64,128,128,21,9.42,7.79,1.63,0,1,15,0,4,107,0,2,2373,1076,2909,0,42,21,0
10457426260800,97,2048,8192,16384,712,512,8192,8192,96,8192,16384,16384,80,8192,16384,16384,8,0,0,0,1,1024,8192,8192,16,1024,8192,8192,80,2048,2048,2048,13,0,0,0,0,512,65536,131072,1021,262144,262144,262144,41,16384,32768,32768,41,262144,262144,262144,41,64,128,256,41,128,128,128,41,64,256,8192,87,64,512,1024,114,64,512,4096,6408,64,512,4096,720,64,256,4096,65,64,256,4096,117,128,256,512,672,64,256,512,672,0,128,1024,3474,64,512,512,72,0,0,0,0,0,0,0,0,64,512,512,9,0,0,0,0,0,0,0,0,0,0,0,0,0,0,0,0,64,128,128,20,64,256,256,20,8.31,7.30,1.01,0,1,9,0,4,88,3,0,2200,1020,2775,0,41,20,0
10458468007500,97,4096,16384,16384,738,512,8192,8192,114,8192,16384,16384,78,8192,16384,16384,13,0,0,0,0,512,8192,8192,29,1024,8192,8192,89,4096,8192,8192,16,0,0,0,1,1024,65536,131072,1091,262144,262144,262144,42,32768,32768,32768,42,262144,262144,262144,42,64,64,64,42,128,128,8192,42,64,1024,4096,159,64,512,4096,159,64,4096,4096,6642,64,512,4096,702,64,256,256,105,64,256,4096,135,128,256,1024,687,64,256,1024,705,0,128,512,3276,64,256,1024,81,64,256,256,30,0,0,0,0,0,0,0,0,0,256,256,9,0,0,0,0,0,0,0,0,0,0,0,0,64,128,128,21,64,128,128,21,8.43,7.30,1.13,0,0,16,0,4,91,0,0,2301,1080,2748,0,42,21,0
10459497531900,100,2048,16384,16384,720,512,8192,8192,102,8192,16384,16384,78,4096,16384,16384,11,0,0,0,0,512,8192,8192,19,1024,8192,8192,81,2048,4096,4096,13,0,0,0,0,2048,65536,131072,1039,262144,262144,262144,41,16384,32768,32768,41,262144,262144,262144,41,64,128,128,41,128,128,256,41,64,512,1024,162,64,512,4096,135,64,512,4096,6480,64,2048,4096,702,64,256,512,54,64,256,4096,171,128,256,1024,744,64,256,512,717,0,256,1024,3987,64,256,512,72,0,0,0,0,0,0,0,0,0,0,0,0,0,0,0,0,8192,8192,8192,3,1024,1024,1024,3,64,64,64,6,128,128,128,21,64,128,128,21,8.79,7.78,1.00,3,0,5,1,2,89,0,0,2288,1038,2857,0,41,21,0
10460533926400,100,2048,8192,16384,763,512,8192,8192,100,8192,16384,32768,89,8192,16384,16384,17,0,0,0,1,1024,8192,8192,19,512,8192,8192,77,2048,8192,8192,11,0,0,0,0,2048,65536,262144,1093,262144,262144,262144,41,16384,32768,32768,41,262144,262144,262144,41,64,256,256,41,128,128,256,41,64,4096,8192,105,64,512,512,105,64,512,8192,6867,64,512,4096,801,64,256,256,63,64,512,4096,252,128,256,1024,579,64,256,1024,597,0,256,512,3609,64,256,512,90,0,256,256,18,64,1024,1024,18,0,256,256,9,0,0,0,0,0,0,0,0,0,0,0,0,0,0,0,0,64,128,128,20,64,8192,8192,20,8.55,7.42,1.13,0,1,4,0,2,106,0,0,2386,1082,2891,0,41,20,0
10461569393600,100,2048,8192,16384,735,512,8192,8192,99,8192,16384,16384,76,8192,16384,16384,16,0,0,0,1,1024,8192,8192,17,1024,8192,8192,77,2048,4096,4096,12,0,0,0,1,64,65536,131072,1041,262144,262144,262144,42,32768,32768,32768,42,262144,262144,262144,42,64,128,256,42,128,128,128,42,64,512,8192,149,64,512,512,149,64,1024,4096,6615,64,512,4096,684,64,256,256,33,64,256,4096,180,128,256,1024,618,64,256,512,609,0,128,512,4140,64,256,512,90,0,256,256,18,0,0,0,0,64,512,512,9,64,256,256,9,0,0,0,0,0,0,0,0,0,0,0,0,64,128,128,21,64,128,128,21,8.30,7.55,0.75,0,1,1,0,5,92,0,0,2271,1024,2736,0,42,21,0
10462603070100,100,2048,8192,16384,724,512,8192,8192,100,8192,16384,32768,82,4096,16384,16384,23,0,0,0,0,512,4096,4096,22,512,4096,8192,81,2048,8192,8192,14,2048,2048,2048,2,128,65536,131072,1054,262144,262144,262144,41,8192,32768,32768,41,262144,262144,262144,41,64,128,128,41,128,128,128,41,64,512,1024,101,64,512,4096,101,64,512,4096,6516,64,512,4096,738,64,256,256,63,64,256,4096,243,128,512,1024,768,64,256,512,732,0,128,512,4185,64,1024,8192,72,0,0,0,0,0,128,128,9,0,0,0,0,64,256,256,18,0,0,0,0,0,0,0,0,0,0,0,0,64,128,128,21,64,128,128,21,8.32,7.31,1.01,0,0,0,1,2,105,0,0,2339,1043,2799,0,41,21,0
10463637179000,100,2048,16384,16384,727,512,8192,8192,100,8192,16384,16384,77,8192,16384,16384,24,4096,4096,4096,2,1024,8192,8192,24,1024,8192,8192,85,2048,8192,8192,21,0,0,0,1,1024,65536,131072,1063,262144,262144,262144,41,16384,32768,32768,41,262144,262144,262144,41,64,128,128,41,128,128,128,41,64,256,512,105,64,512,512,105,64,512,4096,6543,64,512,8192,693,64,256,256,105,64,256,512,225,128,512,1024,762,64,256,512,735,0,128,512,4347,64,256,4096,126,0,256,512,27,64,128,128,9,64,256,256,18,64,4096,4096,9,0,0,0,0,0,0,0,0,0,0,0,0,64,128,128,20,128,128,128,20,8.55,7.30,1.26,0,2,0,0,2,101,0,0,2365,1051,2923,0,41,20,0
10464676318100,100,2048,16384,16384,771,512,8192,8192,100,4096,16384,16384,79,8192,16384,16384,29,0,0,0,0,512,4096,4096,17,512,8192,8192,87,2048,4096,4096,12,0,0,0,0,2048,65536,131072,1096,262144,262144,262144,42,16384,32768,32768,42,262144,262144,262144,42,64,64,128,42,128,128,8192,42,64,512,4096,194,64,512,512,194,64,512,4096,6939,64,256,4096,711,64,256,4096,90,64,512,4096,252,128,256,1024,774,64,256,512,774,0,128,512,4365,64,256,256,99,64,256,256,9,0,0,0,0,0,0,0,0,0,0,0,0,0,0,0,0,0,0,0,0,0,0,0,0,128,128,256,21,64,128,256,21,8.80,7.54,1.26,0,0,1,0,4,108,0,0,2400,1093,2857,0,42,21,0
10465710238800,100,2048,8192,16384,732,512,8192,8192,99,8192,16384,16384,84,8192,16384,16384,31,0,0,0,0,1024,4096,4096,21,1024,8192,8192,75,2048,8192,8192,16,0,0,0,0,128,65536,131072,1060,262144,262144,262144,41,8192,32768,32768,41,262144,262144,262144,41,64,64,128,41,128,128,128,41,64,256,4096,105,64,512,512,105,64,512,4096,6588,64,512,4096,756,64,256,512,141,64,256,4096,252,128,512,1024,711,64,256,512,702,0,256,512,4077,64,512,8192,90,64,128,128,21,0,64,64,9,0,0,0,0,0,0,0,0,0,0,0,0,0,0,0,0,0,0,0,0,64,128,128,21,64,64,64,21,8.30,7.55,0.75,0,0,0,0,7,115,0,0,2404,1056,2949,0,41,21,0
10466743031000,97,2048,8192,16384,736,512,4096,8192,111,8192,16384,16384,85,4096,8192,8192,23,0,0,0,1,1024,4096,4096,17,512,8192,8192,81,2048,8192,8192,7,0,0,0,1,1024,65536,131072,1062,262144,262144,262144,42,16384,32768,65536,42,262144,262144,262144,42,64,64,128,42,128,128,128,42,64,512,4096,123,64,512,1024,150,64,512,4096,6624,64,512,4096,765,64,256,512,131,64,256,512,135,128,256,1024,738,64,256,512,720,0,128,512,3762,64,256,4096,117,64,256,256,18,0,0,0,0,0,256,256,9,64,256,256,9,0,0,0,0,0,0,0,0,0,0,0,0,64,128,128,21,64,128,128,21,8.31,7.18,1.13,0,1,1,0,3,108,3,0,2345,1055,2871,0,42,21,0
10467779238800,97,2048,8192,16384,711,512,4096,8192,95,8192,16384,16384,80,8192,16384,16384,24,8192,8192,8192,2,512,4096,4096,20,512,4096,8192,81,4096,8192,8192,15,0,0,0,0,512,65536,131072,1032,262144,262144,262144,41,16384,32768,32768,41,262144,262144,262144,41,64,256,512,41,128,128,128,41,0,256,512,135,64,512,512,135,64,512,4096,6399,64,256,4096,720,64,256,512,159,64,256,4096,126,128,256,1024,704,64,256,1024,722,0,128,512,4356,64,256,512,108,0,64,64,9,64,256,256,18,0,256,256,18,0,0,0,0,0,0,0,0,0,0,0,0,0,0,0,0,64,128,128,20,64,128,128,20,9.42,7.92,1.51,0,2,0,0,0,104,0,0,2309,1024,2807,0,41,20,0
10468814534900,100,2048,8192,16384,729,512,8192,8192,106,8192,16384,16384,76,8192,16384,16384,27,8192,8192,8192,3,1024,8192,8192,27,512,4096,8192,78,2048,4096,4096,9,0,0,0,1,512,65536,131072,1060,262144,262144,262144,41,16384,32768,32768,41,262144,262144,262144,41,64,256,256,41,128,128,128,41,64,4096,8192,140,64,512,4096,113,64,512,4096,6561,64,256,4096,684,64,256,512,141,64,4096,4096,108,64,256,1024,693,64,256,512,711,0,128,4096,3870,64,256,512,108,64,256,256,60,64,256,256,27,128,256,256,27,64,256,256,9,32768,2097152,2097152,3,1024,1024,1024,3,64,64,64,6,64,2048,4096,21,64,128,128,21,8.55,7.42,1.13,3,3,0,0,5,103,0,0,2289,1054,2890,0,41,21,0
10469849321500,100,2048,16384,16384,746,512,8192,8192,98,8192,16384,16384,80,8192,16384,16384,19,0,0,0,1,1024,8192,8192,22,512,4096,8192,79,2048,8192,8192,19,0,0,0,1,1024,65536,131072,1069,262144,262144,262144,42,32768,32768,65536,42,262144,262144,262144,42,64,128,256,42,128,128,8192,42,64,256,8192,169,128,512,8192,169,64,512,4096,6714,64,256,4096,720,64,256,4096,147,64,512,4096,90,128,256,1024,687,64,256,512,705,0,128,512,4779,64,512,8192,72,128,256,256,18,64,256,256,9,128,256,256,9,0,256,256,9,0,0,0,0,0,0,0,0,0,0,0,0,64,128,128,21,64,128,256,21,10.06,8.18,1.89,0,1,0,1,3,99,0,0,2376,1058,2842,0,42,21,0
10470884244300,100,2048,8192,16384,741,512,8192,8192,113,8192,16384,16384,79,8192,16384,16384,18,8192,8192,8192,2,512,4096,4096,18,512,8192,8192,84,1024,4096,4096,14,4096,4096,4096,2,256,65536,131072,1083,262144,262144,262144,41,16384,32768,65536,41,262144,262144,262144,41,128,256,256,41,64,128,128,41,0,256,4096,142,64,512,4096,142,64,512,4096,6669,64,256,4096,711,64,256,512,114,64,256,4096,81,128,512,1024,672,64,256,512,672,0,256,512,4068,64,256,4096,126,0,0,0,0,0,256,256,18,0,512,512,18,128,256,256,18,0,0,0,0,0,0,0,0,0,0,0,0,64,128,128,20,64,128,128,20,8.31,7.30,1.01,0,2,0,0,1,97,0,0,2322,1072,2828,0,41,20,0
10471919049600,100,2048,8192,16384,746,512,8192,8192,103,8192,16384,16384,83,8192,16384,16384,18,0,0,0,0,1024,8192,8192,21,512,8192,8192,86,2048,8192,8192,16,0,0,0,0,256,65536,131072,1082,262144,262144,262144,42,16384,32768,32768,42,262144,262144,262144,42,64,64,128,42,128,128,8192,42,64,512,8192,147,64,512,4096,147,64,512,4096,6714,64,256,4096,747,64,256,256,104,64,256,256,72,128,512,1024,678,64,256,512,678,0,128,512,4122,64,256,256,126,64,256,512,27,0,0,0,0,0,0,0,0,0,0,0,0,0,0,0,0,0,0,0,0,0,0,0,0,128,128,256,21,64,128,128,21,9.19,7.68,1.51,0,0,1,0,2,101,0,0,2368,1077,2864,0,42,21,0
10472954470400,100,2048,8192,16384,755,512,4096,8192,102,8192,16384,16384,84,8192,8192,8192,12,0,0,0,0,1024,8192,8192,19,512,8192,8192,84,2048,8192,8192,15,0,0,0,0,1024,65536,131072,1088,262144,262144,262144,41,8192,32768,32768,41,262144,262144,262144,41,64,64,64,41,128,128,128,41,0,512,4096,123,64,512,8192,123,64,512,4096,6795,64,512,4096,756,64,256,2048,63,64,256,512,153,128,256,1024,777,64,128,512,759,0,256,512,4032,64,256,512,108,64,256,512,45,0,0,0,0,0,0,0,0,0,0,0,0,0,0,0,0,0,0,0,0,0,0,0,0,64,128,128,21,64,128,128,21,8.30,7.42,0.88,0,0,0,0,2,96,0,0,2396,1086,2842,0,41,21,0
10473990230100,100,2048,16384,16384,735,512,8192,8192,100,8192,16384,16384,81,8192,16384,16384,10,0,0,0,0,1024,8192,8192,19,1024,8192,8192,80,2048,8192,8192,13,0,0,0,0,512,65536,131072,1049,262144,262144,262144,41,16384,32768,65536,41,262144,262144,262144,41,64,64,64,41,128,128,8192,41,64,256,512,147,64,512,512,147,64,512,4096,6615,64,256,4096,729,64,256,256,51,64,256,4096,126,128,256,1024,647,64,256,512,647,0,256,512,3573,64,256,4096,135,64,256,256,18,0,0,0,0,0,0,0,0,0,0,0,0,0,0,0,0,0,0,0,0,0,0,0,0,64,128,128,20,64,128,128,20,8.29,7.29,1.01,0,0,0,0,4,91,0,0,2276,1041,2757,0,41,20,0
10475026584400,100,2048,8192,16384,743,512,8192,8192,100,8192,16384,16384,80,8192,8192,8192,16,0,0,0,0,512,4096,8192,25,512,8192,8192,80,2048,4096,4096,9,0,0,0,0,64,65536,65536,1070,262144,262144,262144,42,16384,32768,65536,42,262144,262144,262144,42,64,64,64,42,128,128,128,42,64,256,4096,177,64,512,4096,177,64,512,4096,6687,64,256,4096,720,64,256,256,87,64,256,4096,216,128,256,1024,642,64,256,512,633,0,128,512,4104,64,256,4096,126,64,256,256,27,0,0,0,0,0,0,0,0,0,0,0,0,0,0,0,0,0,0,0,0,0,0,0,0,128,128,128,21,64,128,256,21,8.67,7.66,1.01,0,0,0,0,1,96,0,0,2274,1062,2792,0,42,21,0
10476062012800,100,2048,8192,16384,770,512,8192,8192,100,8192,16384,16384,88,8192,8192,8192,11,0,0,0,0,1024,8192,8192,23,512,8192,8192,79,2048,4096,4096,13,0,0,0,0,128,65536,131072,1094,262144,262144,262144,41,16384,32768,65536,41,262144,262144,262144,41,64,64,64,41,128,128,128,41,64,512,4096,126,64,512,1024,126,64,512,4096,6930,64,256,4096,792,64,256,256,81,64,1024,4096,180,128,512,1024,702,64,256,512,684,0,256,4096,4005,64,256,4096,99,0,256,256,21,0,0,0,0,0,0,0,0,0,0,0,0,0,0,0,0,0,0,0,0,0,0,0,0,64,128,128,21,64,128,128,21,8.54,7.41,1.13,0,0,1,0,5,99,0,0,2331,1090,2802,0,41,21,0
10477096930400,97,2048,8192,16384,728,512,8192,8192,99,8192,16384,16384,80,8192,16384,16384,24,0,0,0,0,1024,8192,8192,17,1024,8192,8192,77,2048,8192,8192,13,0,0,0,0,128,65536,65536,1045,262144,262144,262144,42,16384,32768,32768,42,262144,262144,262144,42,64,64,128,42,64,128,128,42,64,256,512,129,64,512,512,156,64,512,4096,6552,64,256,4096,720,64,256,256,93,64,256,4096,234,64,256,1024,669,64,128,512,669,0,128,4096,4464,64,256,4096,99,0,128,128,9,0,0,0,0,0,0,0,0,0,0,0,0,0,0,0,0,0,0,0,0,0,0,0,0,64,128,128,21,64,128,256,21,8.32,7.56,0.76,0,0,0,0,6,104,3,0,2303,1044,2855,0,42,21,0
10478130908300,97,2048,8192,16384,729,512,8192,8192,97,8192,16384,16384,75,8192,16384,16384,23,0,0,0,0,1024,8192,8192,20,1024,8192,8192,82,2048,8192,8192,16,0,0,0,0,1024,65536,65536,1048,262144,262144,262144,41,8192,32768,32768,41,262144,262144,262144,41,64,128,256,41,64,128,128,41,64,512,4096,84,64,512,4096,84,64,512,4096,6561,64,512,4096,675,64,256,256,90,64,512,4096,234,64,512,1024,714,64,256,1024,696,0,128,512,4068,64,256,4096,90,64,256,256,39,0,64,64,9,0,0,0,0,0,0,0,0,0,0,0,0,0,0,0,0,0,0,0,0,128,128,128,20,64,128,128,20,8.94,7.43,1.51,0,0,0,0,4,98,0,0,2240,1042,2744,0,41,20,0
10479165943400,100,2048,8192,16384,729,512,4096,8192,99,8192,16384,16384,86,8192,16384,16384,28,0,0,0,1,512,4096,4096,16,512,8192,8192,86,2048,8192,8192,19,0,0,0,0,1024,65536,131072,1067,262144,262144,262144,42,8192,32768,65536,42,262144,262144,262144,42,64,128,128,42,128,128,128,42,0,256,512,108,64,512,4096,81,64,512,4096,6561,64,256,4096,774,64,256,256,81,64,512,4096,243,128,512,1024,765,64,256,512,747,0,128,512,4311,64,256,4096,81,0,256,256,18,0,0,0,0,64,256,256,9,0,0,0,0,8192,16384,16384,3,1024,1024,1024,3,64,64,64,6,64,128,128,21,128,256,4096,21,8.30,7.55,0.75,3,1,0,0,0,114,0,0,2254,1068,2857,0,42,21,0
10480201378800,100,2048,8192,16384,746,512,8192,8192,100,8192,16384,16384,84,8192,16384,16384,21,0,0,0,1,1024,8192,8192,28,1024,8192,8192,89,2048,4096,4096,16,0,0,0,0,128,65536,131072,1086,262144,262144,262144,41,16384,32768,32768,41,262144,262144,262144,41,64,64,128,41,128,128,128,41,64,256,512,63,64,512,4096,63,64,512,4096,6714,64,256,4096,756,64,256,256,48,64,256,4096,180,128,512,1024,747,64,256,1024,720,0,128,1024,4536,64,512,512,117,0,0,0,0,64,256,256,9,64,512,512,9,0,0,0,0,0,0,0,0,0,0,0,0,0,0,0,0,64,128,128,21,64,128,128,21,8.80,7.41,1.38,0,1,0,0,2,105,0,0,2357,1083,2873,0,41,21,0
10481236859700,100,2048,8192,16384,750,512,8192,8192,114,8192,16384,16384,80,8192,16384,16384,31,0,0,0,1,1024,8192,8192,18,1024,8192,8192,72,2048,8192,8192,9,0,0,0,0,256,65536,131072,1079,262144,262144,262144,41,8192,32768,32768,41,262144,262144,262144,41,128,256,256,41,128,128,128,41,64,256,512,105,64,512,512,105,64,512,4096,6750,64,256,4096,720,64,256,512,141,64,256,256,216,128,256,1024,672,64,256,512,699,0,128,512,4266,64,256,4096,144,64,256,256,18,0,256,256,9,0,256,256,9,0,0,0,0,0,0,0,0,0,0,0,0,0,0,0,0,64,128,128,20,64,128,128,20,8.42,7.29,1.13,0,1,0,0,3,111,0,0,2248,1070,2809,0,41,20,0
10482272465100,100,2048,8192,16384,733,512,8192,8192,112,8192,16384,16384,76,8192,16384,16384,27,0,0,0,1,1024,8192,8192,25,512,8192,8192,80,2048,4096,4096,13,0,0,0,0,256,65536,131072,1070,262144,262144,262144,42,16384,32768,32768,42,262144,262144,262144,42,64,128,128,42,128,128,512,42,64,512,4096,75,64,4096,8192,75,64,512,4096,6597,64,512,4096,684,64,256,4096,111,64,512,4096,135,128,256,1024,777,64,256,512,786,0,256,2048,4365,64,256,512,72,0,256,256,18,64,128,128,9,64,128,128,9,0,0,0,0,0,0,0,0,0,0,0,0,0,0,0,0,64,128,128,21,64,64,128,21,8.30,7.30,1.01,0,1,1,0,2,103,0,0,2257,1060,2747,0,42,21,0
10483306741100,100,2048,16384,16384,732,512,8192,8192,101,8192,16384,32768,88,8192,16384,16384,25,0,0,0,1,512,8192,8192,19,1024,8192,8192,81,2048,8192,8192,12,0,0,0,0,512,65536,131072,1060,262144,262144,262144,41,16384,32768,65536,41,262144,262144,262144,41,64,256,512,41,128,128,128,41,64,512,512,152,64,512,512,152,64,512,4096,6588,64,256,4096,792,64,256,512,123,64,512,8192,162,128,256,1024,762,64,256,512,780,0,256,512,3816,64,256,4096,108,64,256,4096,27,0,128,128,9,64,512,512,9,0,0,0,0,0,0,0,0,0,0,0,0,0,0,0,0,64,128,128,21,128,128,128,21,9.19,7.93,1.26,0,1,0,0,1,113,0,0,2308,1052,2878,0,41,21,0
10484341581900,100,2048,8192,16384,731,512,8192,8192,101,8192,16384,16384,74,8192,16384,16384,16,8192,8192,8192,3,1024,8192,8192,13,512,8192,8192,81,2048,4096,4096,10,2048,2048,2048,2,1024,65536,262144,1040,262144,262144,262144,42,16384,32768,32768,42,262144,262144,262144,42,64,256,512,42,64,128,128,42,64,512,8192,150,64,512,4096,150,64,512,4096,6579,64,512,4096,666,64,256,256,117,64,256,256,81,128,256,1024,663,64,256,1024,690,0,128,1024,3843,64,256,4096,108,0,128,128,18,64,256,256,27,64,512,4096,27,0,256,256,18,0,0,0,0,0,0,0,0,0,0,0,0,64,128,128,21,64,128,128,21,8.55,7.42,1.13,0,3,0,0,1,90,0,0,2338,1033,2750,0,42,21,0
10485376843200,100,2048,8192,16384,763,512,8192,8192,100,8192,16384,16384,88,8192,16384,16384,29,8192,8192,8192,4,1024,8192,8192,30,512,8192,8192,87,2048,8192,8192,19,0,0,0,1,1024,65536,131072,1132,262144,262144,262144,41,16384,32768,65536,41,262144,262144,262144,41,64,256,256,41,128,128,128,41,64,512,1024,168,64,512,4096,168,64,512,4096,6867,64,256,4096,792,64,256,512,156,64,512,4096,135,128,256,1024,735,64,256,1024,771,0,256,512,3861,64,256,512,135,0,0,0,0,64,256,4096,36,64,256,512,36,0,256,256,9,0,0,0,0,0,0,0,0,0,0,0,0,64,128,128,20,64,128,128,20,8.30,7.17,1.13,0,4,0,0,2,117,0,0,2343,1122,2907,0,41,20,0
10486413917600,100,2048,16384,16384,739,512,8192,8192,100,8192,16384,16384,78,8192,8192,8192,9,0,0,0,0,1024,8192,8192,24,1024,8192,8192,79,2048,4096,4096,16,0,0,0,0,2048,65536,131072,1056,262144,262144,262144,41,16384,65536,65536,41,262144,262144,262144,41,64,128,128,41,128,128,128,41,0,512,4096,198,0,512,512,198,64,1024,4096,6651,64,256,4096,702,64,256,256,54,64,512,512,108,128,256,1024,708,64,256,512,708,0,128,512,4248,64,256,4096,63,64,128,128,9,0,0,0,0,0,0,0,0,0,0,0,0,0,0,0,0,0,0,0,0,0,0,0,0,64,128,128,21,64,128,128,21,9.17,7.54,1.63,0,0,0,0,0,87,0,0,2290,1048,2729,0,41,21,0
10487449046000,97,2048,8192,16384,743,512,8192,8192,103,8192,16384,16384,83,8192,16384,16384,17,8192,8192,8192,2,1024,4096,8192,21,512,4096,8192,86,2048,4096,4096,14,0,0,0,0,64,65536,131072,1079,262144,262144,262144,42,16384,32768,32768,42,262144,262144,262144,42,64,128,128,42,128,128,128,42,0,512,4096,132,64,512,4096,159,64,512,4096,6687,64,512,4096,747,64,256,512,102,64,256,256,54,128,256,512,717,64,256,512,735,0,128,512,4248,64,512,512,108,0,128,128,9,64,256,256,18,64,256,256,18,0,0,0,0,0,0,0,0,0,0,0,0,0,0,0,0,64,128,128,21,64,128,256,21,8.54,7.54,1.01,0,2,0,0,5,100,3,0,2265,1080,2784,0,42,21,0
10488485076800,97,2048,16384,16384,712,512,8192,8192,98,8192,16384,16384,84,8192,16384,16384,12,0,0,0,1,1024,4096,4096,12,512,4096,8192,75,2048,4096,4096,12,2048,2048,2048,2,1024,65536,131072,1022,262144,262144,262144,41,8192,32768,65536,41,262144,262144,262144,41,64,64,128,41,128,128,128,41,64,256,512,153,64,512,512,153,64,1024,4096,6408,64,256,4096,756,64,256,512,69,64,256,4096,135,128,256,1024,675,64,256,512,684,0,128,256,4122,64,256,512,81,0,128,128,18,0,256,256,9,0,128,128,9,64,256,256,18,0,0,0,0,0,0,0,0,0,0,0,0,128,128,128,20,64,128,128,20,9.43,7.67,1.76,0,1,0,0,2,96,0,0,2226,1008,2694,0,41,20,0
10489519843500,100,2048,8192,16384,735,512,8192,8192,100,8192,16384,16384,79,8192,16384,16384,17,0,0,0,1,1024,8192,8192,14,512,8192,8192,79,2048,4096,4096,11,0,0,0,0,1024,65536,131072,1049,262144,262144,262144,42,16384,32768,65536,42,262144,262144,262144,42,64,128,256,42,128,128,128,42,64,512,8192,180,64,512,4096,153,64,512,4096,6615,64,512,4096,711,64,256,4096,90,64,512,4096,207,128,256,1024,747,64,256,512,765,0,128,2048,3798,64,512,4096,117,64,256,256,9,0,128,128,9,0,256,256,9,0,0,0,0,8192,8192,8192,3,1024,1024,1024,3,64,64,64,6,64,128,128,21,64,128,256,21,8.31,7.55,0.76,3,1,0,0,3,96,0,0,2369,1052,2857,0,42,21,0
10490555055900,100,2048,16384,16384,748,512,8192,8192,100,8192,16384,16384,75,8192,8192,8192,13,8192,8192,8192,2,1024,4096,8192,30,512,8192,8192,81,2048,8192,8192,12,0,0,0,0,128,65536,131072,1075,262144,262144,262144,41,16384,32768,65536,41,262144,262144,262144,41,64,128,256,41,128,128,128,41,0,512,4096,144,64,512,512,144,64,512,4096,6732,64,512,4096,675,64,256,256,75,64,512,4096,180,128,256,1024,711,64,256,512,711,0,128,512,3501,64,256,1024,144,64,256,512,36,64,256,256,18,128,256,256,18,0,0,0,0,0,0,0,0,0,0,0,0,0,0,0,0,64,128,128,21,64,128,128,21,8.30,7.30,1.01,0,2,0,0,0,88,0,0,2378,1071,2802,0,41,21,0
10491590416600,100,2048,16384,16384,742,512,8192,8192,100,8192,16384,16384,82,8192,16384,16384,16,0,0,0,0,1024,4096,4096,20,512,8192,8192,83,2048,4096,4096,18,0,0,0,0,2048,65536,131072,1072,262144,262144,262144,42,16384,32768,32768,42,262144,262144,262144,42,64,64,128,42,64,128,8192,42,64,512,4096,147,64,512,512,147,64,512,4096,6678,64,256,4096,738,64,256,256,54,64,512,8192,216,128,512,1024,693,64,256,512,666,0,128,512,3969,64,4096,4096,63,0,256,512,36,0,0,0,0,0,0,0,0,0,0,0,0,0,0,0,0,0,0,0,0,0,0,0,0,64,128,128,21,64,128,128,21,8.32,7.31,1.01,0,0,0,0,2,98,0,0,2397,1065,2849,0,42,21,0
10492624291600,100,2048,16384,16384,740,512,8192,8192,100,8192,16384,16384,84,8192,16384,16384,27,0,0,0,0,1024,8192,8192,27,1024,8192,8192,80,2048,8192,8192,13,0,0,0,0,1024,65536,131072,1076,262144,262144,262144,41,16384,65536,65536,41,262144,262144,262144,41,64,128,256,41,128,128,128,41,64,512,8192,180,64,512,4096,180,64,512,4096,6660,64,512,4096,756,64,256,256,54,64,512,4096,270,64,256,1024,675,64,256,512,657,0,128,512,4095,64,256,4096,90,0,256,256,9,0,0,0,0,0,0,0,0,0,0,0,0,0,0,0,0,0,0,0,0,0,0,0,0,64,128,128,20,128,128,128,20,8.54,7.29,1.26,0,0,0,0,4,111,0,0,2360,1071,2876,0,41,20,0
10493660077400,100,2048,8192,16384,756,512,8192,8192,115,8192,16384,16384,82,8192,16384,16384,21,0,0,0,0,512,4096,4096,9,512,8192,8192,88,4096,8192,8192,14,0,0,0,0,1024,65536,131072,1090,262144,262144,262144,41,8192,32768,32768,41,262144,262144,262144,41,64,64,64,41,128,128,256,41,64,512,1024,90,0,512,512,90,64,512,8192,6804,64,256,4096,738,64,256,256,81,64,4096,4096,216,128,256,512,633,64,256,512,633,0,128,512,4302,64,256,1024,99,64,256,256,36,0,0,0,0,0,0,0,0,0,0,0,0,0,0,0,0,0,0,0,0,0,0,0,0,64,128,128,21,128,128,128,21,8.30,7.30,1.01,0,0,0,0,3,103,0,0,2353,1084,2847,0,41,21,0
10494695395000,100,2048,16384,16384,738,512,4096,8192,102,8192,16384,16384,85,8192,16384,16384,25,0,0,0,0,1024,4096,4096,24,512,4096,8192,84,2048,8192,8192,20,0,0,0,0,64,65536,131072,1078,262144,262144,262144,42,16384,32768,32768,42,262144,262144,262144,42,64,64,64,42,64,128,128,42,64,512,4096,150,64,512,4096,150,64,512,4096,6642,64,512,4096,765,64,256,256,99,64,256,512,207,128,256,1024,725,64,128,512,698,0,128,256,4392,64,256,256,81,0,128,128,9,0,0,0,0,0,0,0,0,0,0,0,0,0,0,0,0,0,0,0,0,0,0,0,0,64,128,128,21,64,128,256,21,8.80,7.54,1.26,0,0,0,0,3,110,0,0,2369,1071,2896,0,42,21,0
10495730906000,100,2048,8192,16384,748,512,4096,4096,101,8192,16384,16384,84,8192,16384,16384,20,0,0,0,0,1024,4096,8192,24,512,8192,8192,79,2048,8192,8192,7,0,0,0,0,1024,65536,131072,1067,262144,262144,262144,41,16384,32768,32768,41,262144,262144,262144,41,64,64,64,41,128,128,128,41,64,256,512,105,64,512,1024,105,64,512,4096,6732,64,512,4096,756,64,256,256,72,64,256,512,180,128,512,1024,753,64,256,512,735,0,128,512,4374,64,256,4096,153,64,256,256,27,0,0,0,0,0,0,0,0,0,0,0,0,0,0,0,0,0,0,0,0,0,0,0,0,128,8192,8192,20,64,128,128,20,8.55,7.30,1.26,0,0,0,0,2,104,0,0,2364,1059,2864,0,41,20,0
10496766399400,97,2048,8192,16384,737,512,8192,8192,99,8192,16384,16384,77,8192,16384,16384,34,8192,8192,8192,4,1024,8192,8192,25,512,8192,8192,79,2048,4096,4096,12,0,0,0,0,1024,65536,131072,1070,262144,262144,262144,42,8192,32768,32768,42,262144,262144,262144,42,128,256,256,42,128,128,128,42,64,512,4096,78,64,512,4096,105,64,512,4096,6633,64,256,4096,693,64,256,512,141,64,256,4096,189,128,512,1024,690,64,256,1024,717,0,128,512,4131,64,256,8192,117,64,256,256,18,64,256,256,36,64,512,2048,36,0,0,0,0,0,0,0,0,0,0,0,0,0,0,0,0,128,128,8192,21,64,128,128,21,9.18,7.30,1.89,0,4,0,0,2,111,3,0,2375,1065,2938,0,42,21,0
10497801041000,97,2048,8192,16384,718,512,4096,8192,99,8192,16384,16384,75,8192,16384,16384,21,8192,8192,8192,2,1024,4096,4096,15,1024,8192,8192,79,2048,8192,8192,13,0,0,0,1,64,65536,65536,1023,262144,262144,262144,41,16384,32768,32768,41,262144,262144,262144,41,64,128,256,41,128,128,256,41,64,512,4096,125,64,512,4096,125,64,512,4096,6462,64,256,4096,675,64,256,4096,143,64,512,8192,90,128,512,1024,708,64,256,512,726,0,128,512,4464,64,256,512,135,0,128,256,27,64,256,256,27,128,512,512,18,256,512,512,9,0,0,0,0,0,0,0,0,0,0,0,0,128,128,128,21,64,128,256,21,8.30,7.42,0.88,0,2,0,0,2,96,0,0,2286,1016,2793,0,41,21,0
10498836699400,100,2048,8192,16384,717,512,8192,8192,96,8192,16384,16384,77,8192,16384,16384,24,8192,8192,8192,4,512,8192,8192,15,512,8192,8192,82,2048,8192,8192,16,0,0,0,1,256,65536,131072,1035,262144,262144,262144,41,16384,32768,32768,41,262144,262144,262144,41,64,256,256,41,128,128,256,41,64,512,512,138,64,512,8192,111,64,512,4096,6453,64,256,4096,693,64,256,256,147,64,4096,4096,90,128,512,1024,720,64,512,1024,729,0,256,1024,4194,64,256,4096,81,0,0,0,0,64,512,4096,36,64,256,512,36,64,256,256,9,8192,8192,8192,3,512,1024,1024,3,64,64,64,6,64,128,128,20,64,256,256,20,8.43,7.67,0.75,3,4,0,0,2,101,0,0,2312,1029,2893,0,41,20,0
10499872121100,100,2048,8192,16384,738,512,8192,8192,100,8192,16384,16384,84,8192,16384,16384,25,8192,8192,8192,2,1024,8192,8192,17,512,8192,8192,87,2048,4096,4096,12,0,0,0,1,1024,65536,131072,1070,262144,262144,262144,42,16384,32768,65536,42,262144,262144,262144,42,64,256,256,42,128,128,128,42,64,256,8192,144,64,512,1024,144,64,512,4096,6642,64,256,4096,756,64,256,256,135,64,512,4096,108,128,256,1024,669,64,256,512,669,0,128,512,4104,64,256,256,99,64,256,256,18,64,256,256,18,64,256,256,18,64,4096,4096,9,0,0,0,0,0,0,0,0,0,0,0,0,64,128,128,21,64,128,256,21,9.31,7.55,1.76,0,2,1,0,2,109,0,0,2360,1061,2916,0,42,21,0
10500912144400,100,2048,8192,16384,777,512,8192,8192,102,4096,16384,16384,84,8192,16384,16384,18,0,0,0,1,1024,4096,8192,31,512,8192,8192,75,2048,8192,8192,16,0,0,0,0,1024,65536,131072,1114,262144,262144,262144,41,8192,32768,65536,41,262144,262144,262144,41,64,128,256,41,128,128,256,41,64,512,512,96,64,512,8192,96,64,512,4096,6993,64,512,4096,756,64,256,512,108,64,256,4096,81,128,256,1024,729,64,256,512,729,0,256,512,3969,64,256,512,108,64,256,256,9,64,256,256,9,0,8192,8192,9,0,0,0,0,0,0,0,0,0,0,0,0,0,0,0,0,64,128,128,21,64,128,128,21,8.67,7.66,1.01,0,1,3,0,3,102,0,0,2397,1105,2857,0,41,21,0
10501942708600,100,2048,16384,16384,727,512,4096,8192,99,8192,16384,32768,77,8192,8192,8192,12,0,0,0,1,1024,4096,4096,24,512,8192,16384,79,2048,8192,8192,16,0,0,0,0,2048,65536,131072,1049,262144,262144,262144,42,16384,65536,65536,42,262144,262144,262144,42,64,64,128,42,128,128,2048,42,64,512,8192,180,64,512,512,180,64,512,4096,6543,64,512,4096,693,64,256,256,63,64,256,4096,117,128,256,1024,654,64,256,512,663,0,128,256,3978,64,256,4096,90,64,128,128,9,0,0,0,0,64,256,256,9,0,0,0,0,0,0,0,0,0,0,0,0,0,0,0,0,64,128,128,21,64,128,128,21,9.44,7.55,1.89,0,1,5,0,2,89,0,0,2340,1037,2814,0,42,21,0
10502977725500,100,2048,16384,16384,745,512,8192,8192,115,8192,16384,16384,86,8192,16384,16384,18,4096,4096,4096,2,1024,8192,8192,14,1024,8192,8192,78,2048,4096,4096,14,0,0,0,1,256,65536,131072,1093,262144,262144,262144,41,16384,32768,65536,41,262144,262144,262144,41,64,128,256,41,128,128,256,41,64,256,8192,165,64,512,4096,165,64,512,4096,6705,64,256,4096,774,64,256,4096,108,64,512,512,108,128,256,1024,618,64,256,512,645,0,128,256,3663,64,256,256,54,0,256,256,18,64,256,256,18,128,4096,4096,18,128,256,256,9,0,0,0,0,0,0,0,0,0,0,0,0,64,128,128,20,64,256,256,20,8.30,7.42,0.88,0,2,4,0,6,104,0,0,2302,1084,2888,0,41,20,0
10504016348200,100,2048,16384,16384,759,512,8192,8192,102,8192,16384,32768,83,8192,16384,16384,18,0,0,0,0,1024,4096,4096,20,1024,8192,8192,87,2048,4096,4096,8,0,0,0,0,1024,65536,131072,1088,262144,262144,262144,42,16384,32768,32768,42,262144,262144,262144,42,64,64,64,42,128,128,128,42,64,256,512,123,64,512,512,123,64,512,8192,6831,64,512,4096,747,64,256,512,45,64,256,512,126,128,512,1024,777,64,256,512,777,0,128,512,3915,64,512,4096,81,0,64,64,9,0,0,0,0,0,0,0,0,0,0,0,0,0,0,0,0,0,0,0,0,0,0,0,0,128,128,128,21,64,128,256,21,9.04,7.66,1.38,0,0,10,0,3,101,0,0,2331,1081,2795,0,42,21,0
10505048936600,100,2048,16384,16384,750,512,8192,8192,101,4096,8192,16384,83,8192,16384,16384,14,0,0,0,1,1024,8192,8192,18,1024,8192,8192,85,2048,8192,8192,16,0,0,0,0,2048,65536,131072,1079,262144,262144,262144,41,8192,32768,32768,41,262144,262144,262144,41,64,256,256,41,64,128,128,41,0,512,512,78,64,512,512,78,64,512,8192,6750,64,256,4096,747,64,256,512,51,64,512,4096,153,128,256,1024,678,64,256,512,687,0,128,512,4293,64,256,4096,90,0,128,256,21,128,256,256,9,128,256,256,9,0,0,0,0,0,0,0,0,0,0,0,0,0,0,0,0,64,128,128,21,64,128,128,21,8.45,7.44,1.01,0,1,12,0,0,97,0,0,2216,1070,2850,0,41,21,0
10506082418500,100,2048,8192,16384,739,512,8192,8192,110,8192,16384,16384,79,8192,16384,16384,15,0,0,0,0,512,8192,8192,26,1024,8192,8192,85,2048,4096,4096,16,0,0,0,0,1024,65536,65536,1085,262144,262144,262144,41,16384,32768,65536,41,262144,262144,262144,41,64,128,128,41,128,128,8192,41,64,512,8192,162,64,512,4096,162,64,512,4096,6651,64,512,4096,711,128,256,256,18,64,512,4096,180,128,512,1024,672,64,128,512,645,0,128,256,3897,64,256,512,72,0,4096,4096,18,0,0,0,0,0,0,0,0,0,0,0,0,0,0,0,0,0,0,0,0,0,0,0,0,64,8192,8192,20,64,128,128,20,8.80,7.67,1.13,0,0,9,0,3,94,0,0,2304,1083,2793,0,41,20,0
10507118368300,97,2048,8192,16384,766,512,8192,8192,103,8192,16384,16384,76,8192,8192,16384,21,0,0,0,0,1024,4096,4096,22,512,8192,8192,77,2048,8192,8192,15,0,0,0,0,512,65536,262144,1089,262144,262144,262144,42,8192,32768,32768,42,262144,262144,262144,42,64,64,128,42,128,128,65536,42,0,256,4096,87,64,512,4096,114,64,512,4096,6894,64,256,4096,684,64,256,4096,90,64,512,4096,180,128,512,1024,677,64,256,512,650,0,128,512,4140,64,256,4096,99,0,0,0,0,0,0,0,0,0,0,0,0,0,0,0,0,0,0,0,0,0,0,0,0,0,0,0,0,64,128,128,21,64,128,128,21,9.17,7.79,1.38,0,0,3,0,2,97,3,0,2292,1086,2785,0,42,21,0
10508153460300,97,2048,8192,16384,711,512,8192,8192,97,8192,16384,16384,83,8192,16384,16384,23,0,0,0,1,1024,4096,4096,18,512,8192,8192,82,2048,8192,8192,13,0,0,0,0,1024,65536,131072,1031,262144,262144,262144,41,16384,32768,65536,41,262144,262144,262144,41,64,128,128,41,128,128,128,41,64,512,8192,180,64,512,512,180,64,512,4096,6399,64,256,4096,747,64,256,256,63,64,256,4096,216,128,512,1024,753,64,256,512,726,0,128,512,3879,64,4096,4096,72,0,256,256,30,64,256,256,9,64,256,256,9,0,0,0,0,0,0,0,0,0,0,0,0,0,0,0,0,64,128,128,21,64,128,128,21,8.56,7.42,1.13,0,1,1,0,1,106,0,0,2230,1029,2709,0,41,21,0
10509188400900,100,2048,8192,16384,750,512,8192,8192,101,8192,16384,16384,77,8192,16384,16384,21,0,0,0,0,1024,8192,8192,19,1024,8192,8192,85,4096,8192,8192,10,0,0,0,0,2048,65536,131072,1067,262144,262144,262144,41,8192,32768,32768,41,262144,262144,262144,41,64,64,128,41,128,128,128,41,0,256,512,87,64,512,512,60,64,512,4096,6750,64,256,4096,693,64,256,512,63,64,512,4096,162,128,512,1024,714,64,256,1024,687,0,128,512,3915,64,256,256,90,0,256,256,18,0,0,0,0,0,0,0,0,0,0,0,0,8192,8192,8192,3,512,1024,1024,3,64,64,64,6,64,128,128,20,64,256,256,20,8.43,7.42,1.01,3,0,0,0,3,98,0,0,2273,1068,2834,0,41,20,0
10510224455600,100,2048,16384,16384,732,512,4096,8192,100,8192,16384,16384,86,8192,16384,16384,31,0,0,0,0,1024,4096,4096,25,512,8192,8192,81,2048,8192,8192,18,0,0,0,0,512,65536,262144,1074,262144,262144,262144,42,16384,32768,65536,42,262144,262144,262144,42,64,64,64,42,128,128,256,42,64,512,4096,174,64,512,1024,174,64,512,8192,6588,64,512,4096,774,64,256,1024,108,64,256,4096,198,128,256,1024,645,64,256,512,636,0,256,4096,3969,64,256,256,135,0,64,64,9,0,0,0,0,0,0,0,0,0,0,0,0,0,0,0,0,0,0,0,0,0,0,0,0,128,128,128,21,128,128,256,21,9.06,7.80,1.26,0,0,0,0,3,117,0,0,2363,1064,2911,0,42,21,0
10511258716200,100,2048,16384,16384,755,512,8192,8192,100,8192,16384,16384,82,8192,16384,16384,26,0,0,0,1,1024,4096,4096,23,512,8192,8192,82,2048,2048,2048,13,0,0,0,0,2048,65536,131072,1084,262144,262144,262144,41,16384,32768,32768,41,262144,262144,262144,41,64,128,128,41,128,128,8192,41,64,512,4096,192,64,512,4096,192,64,512,4096,6795,64,512,4096,738,64,256,256,102,64,512,4096,153,128,256,1024,714,64,256,512,705,0,128,512,4284,64,256,8192,162,64,512,512,18,64,256,256,9,64,256,256,9,0,0,0,0,0,0,0,0,0,0,0,0,0,0,0,0,64,128,256,21,64,128,128,21,8.68,7.42,1.26,0,1,0,0,3,108,0,0,2343,1080,2866,0,41,21,0
10512293926100,100,2048,16384,16384,746,512,8192,8192,100,8192,16384,16384,85,8192,16384,16384,22,0,0,0,1,512,4096,4096,15,1024,8192,8192,83,2048,4096,4096,8,0,0,0,0,128,65536,131072,1060,262144,262144,262144,42,8192,32768,65536,42,262144,262144,262144,42,64,256,256,42,128,128,128,42,64,256,512,123,64,512,8192,123,64,512,4096,6714,64,256,4096,765,64,512,4096,105,64,256,2048,36,128,512,1024,801,64,256,512,819,0,128,512,4518,64,256,256,63,64,512,512,45,64,256,256,18,128,256,256,9,0,0,0,0,0,0,0,0,0,0,0,0,0,0,0,0,128,128,128,21,64,128,128,21,9.06,7.55,1.51,0,1,0,0,4,107,0,0,2331,1053,2859,0,42,21,0
10513329562400,100,2048,16384,16384,749,512,8192,8192,100,8192,16384,16384,82,8192,16384,16384,26,0,0,0,1,1024,4096,4096,23,512,8192,8192,80,2048,8192,8192,19,0,0,0,0,1024,65536,131072,1085,262144,262144,262144,41,8192,32768,65536,41,262144,262144,262144,41,64,256,256,41,128,128,128,41,64,512,4096,111,64,512,1024,111,64,512,4096,6741,64,256,4096,738,64,256,4096,81,0,256,4096,108,128,256,1024,702,64,256,512,702,0,128,512,4185,64,256,8192,99,0,128,128,9,64,256,256,9,64,256,256,9,0,0,0,0,0,0,0,0,0,0,0,0,0,0,0,0,128,128,128,20,64,256,256,20,9.68,8.18,1.51,0,1,0,0,4,108,0,0,2357,1079,2864,0,41,20,0
10514366621800,100,2048,16384,16384,742,512,4096,8192,100,8192,16384,16384,74,8192,16384,16384,30,0,0,0,1,4096,8192,8192,16,1024,8192,8192,83,2048,8192,8192,16,0,0,0,0,2048,65536,131072,1068,262144,262144,262144,42,16384,32768,32768,42,262144,262144,262144,42,64,128,128,42,64,128,1024,42,64,512,8192,140,64,512,4096,140,64,512,4096,6678,64,256,4096,666,64,256,4096,159,0,4096,4096,126,128,256,512,753,64,256,512,744,0,128,4096,4356,64,256,8192,72,64,128,128,18,0,0,0,0,64,128,128,9,0,0,0,0,0,0,0,0,0,0,0,0,0,0,0,0,64,128,128,21,64,128,128,21,9.81,7.55,2.26,0,1,0,0,6,104,0,0,2335,1060,2858,0,42,21,0
10515400459300,100,2048,8192,16384,725,512,8192,8192,99,8192,16384,16384,85,8192,16384,16384,11,0,0,0,1,512,8192,8192,26,1024,4096,8192,82,2048,8192,8192,10,0,0,0,0,256,65536,65536,1052,262144,262144,262144,41,8192,32768,32768,41,262144,262144,262144,41,64,256,256,41,128,128,8192,41,0,512,8192,85,64,512,512,85,64,512,4096,6525,64,512,4096,765,64,256,512,87,128,256,512,54,128,256,1024,813,64,256,1024,831,0,128,4096,3780,64,256,8192,153,0,256,256,36,0,128,128,9,0,128,128,9,0,0,0,0,0,0,0,0,0,0,0,0,0,0,0,0,64,128,8192,21,64,128,256,21,8.30,7.30,1.01,0,1,0,0,0,96,0,0,2381,1049,2839,0,41,21,0
10516437698800,100,2048,16384,16384,739,512,8192,8192,97,8192,16384,32768,77,4096,16384,16384,16,0,0,0,0,1024,4096,8192,21,512,8192,8192,82,4096,8192,8192,17,2048,2048,2048,2,2048,65536,131072,1056,262144,262144,262144,41,16384,32768,65536,41,262144,262144,262144,41,64,128,256,41,64,128,256,41,64,256,4096,120,64,512,8192,120,64,512,4096,6651,64,512,4096,693,128,256,512,69,128,256,512,45,128,512,1024,678,64,256,1024,678,0,128,4096,3816,64,512,8192,72,64,256,256,9,0,0,0,0,0,0,0,0,64,256,256,18,0,0,0,0,0,0,0,0,0,0,0,0,128,8192,8192,20,64,128,128,20,8.54,7.66,0.88,0,0,0,0,2,93,0,0,2328,1052,2811,0,41,20,0
10517470496100,97,2048,8192,16384,721,512,4096,8192,128,8192,16384,16384,84,4096,8192,16384,24,0,0,0,0,512,4096,4096,25,512,8192,8192,76,2048,8192,8192,14,0,0,0,1,256,65536,262144,1090,262144,262144,262144,42,16384,32768,32768,42,262144,262144,262144,42,64,64,64,42,64,128,128,42,64,256,512,144,64,512,4096,171,64,512,4096,6489,64,256,4096,756,64,256,4096,96,64,256,4096,135,128,256,1024,690,64,256,512,690,0,128,256,4014,64,256,512,117,0,0,0,9,0,0,0,0,0,0,0,0,128,256,256,9,0,0,0,0,0,0,0,0,0,0,0,0,128,4096,8192,21,64,128,128,21,8.44,7.44,1.01,0,0,0,0,3,108,3,0,2338,1079,2891,0,42,21,0
10518506136600,97,2048,16384,16384,711,512,4096,8192,97,8192,16384,16384,74,8192,16384,16384,15,0,0,0,1,512,1024,1024,12,512,4096,8192,77,2048,4096,4096,14,0,0,0,0,128,65536,131072,1010,262144,262144,262144,41,8192,32768,32768,41,262144,262144,262144,41,64,256,256,41,64,128,128,41,64,256,4096,108,64,512,512,108,64,512,4096,6399,64,256,4096,666,64,256,4096,113,64,512,4096,126,128,512,1024,729,64,256,512,720,0,128,4096,4590,64,512,4096,81,64,256,256,27,0,64,64,9,0,64,64,9,0,0,0,0,0,0,0,0,0,0,0,0,0,0,0,0,64,128,128,21,64,128,128,21,9.17,7.54,1.63,0,1,0,0,2,89,0,0,2256,1006,2628,0,41,21,0
10519541457200,100,2048,16384,16384,731,512,8192,8192,100,8192,16384,16384,82,8192,8192,8192,10,0,0,0,0,1024,8192,8192,20,1024,4096,8192,83,2048,8192,8192,9,2048,2048,2048,2,128,65536,65536,1049,262144,262144,262144,42,16384,32768,32768,42,262144,262144,262144,42,64,64,128,42,128,128,128,42,64,256,512,150,64,512,4096,123,64,1024,8192,6579,64,256,4096,738,64,256,256,36,64,256,512,126,128,256,1024,744,64,256,512,744,0,128,512,4356,64,256,2048,117,0,4096,4096,39,0,0,0,0,0,0,0,0,0,256,256,18,8192,16384,16384,3,1024,1024,1024,3,64,64,64,6,64,128,128,21,64,128,128,21,8.32,7.44,0.88,3,0,0,0,2,92,0,0,2270,1045,2807,0,42,21,0
10520575386500,100,2048,16384,16384,744,512,8192,8192,99,4096,16384,16384,81,8192,16384,16384,14,0,0,0,0,1024,4096,8192,22,512,8192,8192,90,2048,8192,8192,15,0,0,0,0,128,65536,131072,1082,262144,262144,262144,41,8192,32768,32768,41,262144,262144,262144,41,64,64,128,41,128,128,128,41,64,512,4096,105,64,512,4096,105,64,512,4096,6696,64,256,4096,729,64,256,512,54,64,256,4096,162,64,256,512,750,64,256,512,750,0,128,512,4176,64,256,4096,72,64,128,128,9,0,0,0,0,0,0,0,0,0,0,0,0,0,0,0,0,0,0,0,0,0,0,0,0,128,8192,8192,20,64,128,128,20,9.18,7.55,1.64,0,0,0,0,1,95,0,0,2294,1074,2772,0,41,20,0
10521610791800,100,2048,8192,16384,723,512,4096,8192,100,8192,16384,16384,80,8192,16384,16384,23,0,0,0,0,512,4096,8192,25,512,4096,8192,85,2048,4096,4096,11,0,0,0,1,256,65536,131072,1060,262144,262144,262144,41,16384,32768,32768,41,262144,262144,262144,41,64,64,64,41,128,128,8192,41,64,256,4096,126,64,512,512,126,64,512,4096,6507,64,256,4096,720,64,256,256,84,64,256,4096,207,128,512,1024,756,64,256,512,729,0,128,512,4185,64,256,8192,108,0,256,256,27,0,0,0,0,0,0,0,0,128,256,256,9,0,0,0,0,0,0,0,0,0,0,0,0,64,128,128,21,64,128,128,21,8.42,7.29,1.13,0,0,0,0,0,103,0,0,2355,1050,2856,0,41,21,0
10522647646300,100,2048,8192,16384,755,512,8192,8192,106,8192,16384,16384,80,4096,16384,16384,16,0,0,0,0,1024,4096,4096,21,1024,8192,8192,77,2048,8192,8192,19,0,0,0,0,1024,65536,262144,1078,262144,262144,262144,42,16384,32768,32768,42,262144,262144,262144,42,64,128,128,42,128,128,8192,42,64,512,4096,126,64,512,4096,126,64,512,4096,6795,64,512,4096,720,64,256,256,36,128,256,1024,99,128,512,1024,723,64,256,1024,714,0,256,4096,3762,64,256,256,135,64,4096,8192,36,256,256,256,9,0,0,0,0,0,0,0,0,0,0,0,0,0,0,0,0,0,0,0,0,64,128,128,21,64,128,128,21,8.54,7.66,0.88,0,0,0,0,1,96,0,0,2365,1071,2843,0,42,21,0
10523681290600,100,2048,8192,16384,744,512,8192,8192,101,8192,16384,16384,82,8192,16384,16384,22,0,0,0,1,512,4096,4096,17,1024,8192,16384,75,2048,8192,8192,17,0,0,0,0,128,65536,65536,1063,262144,262144,262144,41,16384,32768,65536,41,262144,262144,262144,41,128,256,256,41,128,128,128,41,64,512,4096,153,64,512,4096,153,64,512,4096,6696,64,256,4096,738,64,256,512,63,64,256,4096,153,128,512,1024,645,64,256,1024,636,0,128,1024,4230,64,256,4096,117,0,128,128,9,64,128,128,9,128,512,512,9,0,0,0,0,0,0,0,0,0,0,0,0,0,0,0,0,64,128,128,20,64,128,128,20,8.32,7.31,1.01,0,1,1,0,1,104,0,0,2384,1057,2861,0,41,20,0
10524716156500,100,2048,8192,16384,759,512,8192,8192,100,4096,16384,16384,86,8192,16384,32768,28,0,0,0,1,512,4096,4096,19,512,8192,8192,92,2048,8192,8192,14,0,0,0,0,128,65536,131072,1101,262144,262144,262144,42,16384,32768,65536,42,262144,262144,262144,42,128,256,256,42,64,128,128,42,0,256,512,126,64,512,4096,126,64,512,4096,6831,64,256,4096,774,64,256,256,84,64,256,4096,162,128,512,1024,591,64,512,1024,600,0,256,512,4428,64,256,1024,126,0,128,256,48,64,64,64,9,64,128,128,9,0,0,0,0,0,0,0,0,0,0,0,0,0,0,0,0,64,128,128,21,64,64,128,21,8.68,7.67,1.01,0,1,0,0,1,114,0,0,2364,1096,2891,0,42,21,0
10525751690200,100,2048,8192,16384,741,512,8192,16384,100,8192,16384,32768,81,8192,16384,16384,24,8192,8192,8192,2,1024,8192,8192,23,512,4096,8192,82,2048,8192,8192,9,0,0,0,0,256,65536,131072,1066,262144,262144,262144,41,8192,32768,32768,41,262144,262144,262144,41,128,256,256,41,128,128,1024,41,64,256,4096,75,64,512,1024,75,64,512,4096,6669,64,256,4096,729,64,256,4096,84,64,256,4096,144,128,512,1024,699,64,256,512,699,0,256,512,4068,64,256,512,108,64,256,256,18,0,128,128,9,128,256,256,18,0,0,0,0,0,0,0,0,0,0,0,0,0,0,0,0,64,128,128,21,64,128,128,21,8.42,7.16,1.26,0,2,0,0,1,105,0,0,2207,1056,2757,0,41,21,0
10526786785700,97,2048,8192,16384,738,512,8192,8192,98,8192,16384,16384,80,8192,16384,16384,28,8192,8192,8192,2,1024,4096,4096,25,1024,8192,8192,79,2048,4096,4096,12,0,0,0,0,128,65536,131072,1063,262144,262144,262144,41,16384,32768,65536,41,262144,262144,262144,41,64,256,256,41,128,1024,8192,41,64,512,4096,99,64,512,512,126,64,512,4096,6642,64,512,4096,720,64,256,4096,135,64,256,4096,162,128,256,1024,711,64,256,512,738,0,128,4096,4383,64,256,512,108,64,256,256,9,64,256,256,18,64,512,512,18,0,0,0,0,0,0,0,0,0,0,0,0,0,0,0,0,64,128,128,20,64,64,64,20,8.30,7.55,0.75,0,2,0,0,3,108,3,0,2254,1060,2871,0,41,20,0
10527822871100,97,2048,8192,16384,714,512,8192,8192,98,8192,16384,16384,80,8192,16384,16384,23,8192,8192,8192,2,512,4096,4096,17,512,8192,8192,85,2048,8192,8192,8,4096,4096,4096,2,2048,65536,131072,1030,262144,262144,262144,42,16384,32768,32768,42,262144,262144,262144,42,64,128,256,42,128,128,128,42,64,256,4096,108,64,512,512,108,64,512,4096,6426,64,512,4096,720,64,512,4096,99,64,256,2048,63,128,256,1024,716,64,256,512,752,0,128,512,4149,64,256,4096,117,0,256,256,9,64,128,128,18,64,256,256,18,128,256,256,18,0,0,0,0,0,0,0,0,0,0,0,0,64,128,128,21,64,128,128,21,8.31,7.30,1.01,0,2,0,0,1,103,0,0,2247,1016,2735,0,42,21,0
10528856964900,100,2048,8192,16384,741,512,8192,8192,97,8192,16384,16384,84,8192,16384,16384,28,0,0,0,0,1024,8192,8192,21,1024,8192,8192,78,2048,8192,8192,23,0,0,0,0,128,65536,131072,1075,262144,262144,262144,41,16384,32768,32768,41,262144,262144,262144,41,64,128,128,41,128,128,128,41,0,512,4096,123,64,512,8192,96,64,512,4096,6669,64,256,4096,756,64,256,2048,147,64,512,512,108,128,256,1024,747,64,256,512,747,0,128,512,4158,64,256,256,108,0,0,0,0,0,0,0,0,0,0,0,0,0,0,0,0,8192,8192,8192,3,1024,1024,1024,3,64,64,64,6,64,128,128,21,64,128,128,21,8.55,7.30,1.26,3,0,0,0,3,112,0,0,2298,1068,2882,0,41,21,0
10529892489200,100,2048,16384,16384,734,512,8192,8192,111,8192,16384,16384,75,8192,16384,16384,19,0,0,0,0,1024,8192,8192,21,1024,8192,8192,75,2048,8192,8192,13,0,0,0,0,8192,65536,65536,1057,262144,262144,262144,42,16384,32768,65536,42,262144,262144,262144,42,64,128,256,42,128,128,128,42,64,512,8192,159,64,512,4096,159,64,512,4096,6606,64,256,4096,675,64,256,256,96,64,256,4096,117,128,256,1024,741,64,256,1024,759,0,128,512,4626,64,256,4096,126,64,256,256,18,64,256,256,9,0,0,0,0,0,0,0,0,0,0,0,0,0,0,0,0,0,0,0,0,64,128,128,21,64,128,128,21,9.18,7.67,1.51,0,0,0,0,0,94,0,0,2252,1048,2713,0,42,21,0
10530930955400,100,2048,16384,16384,731,512,8192,8192,101,8192,16384,16384,78,8192,16384,16384,21,8192,8192,8192,2,1024,8192,8192,14,1024,8192,8192,86,2048,8192,8192,17,2048,2048,2048,2,2048,65536,262144,1059,262144,262144,262144,41,16384,32768,32768,41,262144,262144,262144,41,64,256,256,41,128,128,128,41,64,512,4096,156,64,512,1024,156,64,512,4096,6579,64,256,4096,702,64,256,4096,120,64,256,512,72,64,256,1024,738,64,256,512,756,0,128,512,4068,64,256,512,63,0,512,512,18,64,128,128,9,0,4096,4096,18,64,256,256,18,0,0,0,0,0,0,0,0,0,0,0,0,128,128,128,20,64,128,128,20,8.29,7.79,0.50,0,2,0,0,2,99,0,0,2247,1048,2752,0,41,20,0
10531963258700,100,2048,8192,16384,711,512,8192,8192,96,8192,16384,16384,77,8192,8192,8192,17,0,0,0,0,1024,8192,8192,25,1024,8192,8192,79,2048,8192,8192,15,4096,4096,4096,2,512,65536,65536,1033,262144,262144,262144,41,16384,32768,32768,41,262144,262144,262144,41,64,128,128,41,128,128,128,41,64,512,8192,93,64,512,4096,93,64,512,4096,6399,64,256,4096,693,64,256,512,114,64,256,2048,117,128,512,1024,750,64,256,1024,759,0,128,512,3735,64,512,1024,72,64,256,256,18,0,0,0,0,0,0,0,0,0,512,512,18,0,0,0,0,0,0,0,0,0,0,0,0,128,128,128,21,64,128,128,21,9.06,7.42,1.64,0,0,0,0,4,94,0,0,2191,1020,2767,0,41,21,0
10532999083900,100,2048,8192,16384,766,512,8192,8192,106,8192,16384,16384,83,8192,16384,16384,17,0,0,0,0,1024,8192,8192,22,1024,8192,16384,81,2048,8192,8192,11,2048,2048,2048,2,1024,65536,262144,1098,262144,262144,262144,42,16384,32768,65536,42,262144,262144,262144,42,64,128,128,42,64,128,128,42,64,4096,8192,105,0,512,512,105,64,512,4096,6894,64,512,4096,747,64,2048,4096,78,64,256,4096,126,128,512,1024,765,64,256,512,756,0,256,512,4491,64,256,512,108,0,0,0,0,0,0,0,0,0,0,0,0,128,256,256,18,0,0,0,0,0,0,0,0,0,0,0,0,128,128,128,21,64,128,128,21,9.81,8.05,1.76,0,0,0,0,3,100,0,0,2283,1087,2761,0,42,21,0
10534035033100,100,2048,8192,16384,745,512,4096,8192,100,8192,16384,16384,85,4096,16384,16384,14,8192,8192,8192,2,512,8192,8192,23,1024,8192,8192,85,2048,4096,4096,7,0,0,0,0,1024,65536,131072,1077,262144,262144,262144,41,16384,32768,32768,41,262144,262144,262144,41,64,128,256,41,128,128,128,41,64,512,4096,114,64,512,512,114,64,512,4096,6705,64,256,4096,765,64,256,256,54,64,256,4096,171,128,256,1024,723,64,256,512,723,0,128,512,4104,64,256,256,135,64,4096,4096,12,0,256,256,18,0,256,256,18,0,0,0,0,0,0,0,0,0,0,0,0,0,0,0,0,64,128,128,20,64,128,128,20,8.44,7.43,1.01,0,2,0,0,2,99,0,0,2283,1068,2788,0,41,20,0
10535069463500,100,2048,16384,16384,730,512,8192,8192,99,8192,16384,16384,78,8192,16384,16384,11,0,0,0,0,4096,8192,8192,15,1024,8192,8192,82,2048,8192,8192,15,0,0,0,0,512,65536,131072,1048,262144,262144,262144,42,16384,32768,65536,42,262144,262144,262144,42,64,128,256,42,128,128,128,42,64,512,8192,198,64,512,4096,198,64,512,4096,6570,64,512,4096,702,64,256,256,54,64,256,4096,198,128,512,1024,723,64,256,512,714,0,256,4096,4383,64,256,4096,144,0,128,128,18,0,0,0,0,0,0,0,0,0,0,0,0,0,0,0,0,0,0,0,0,0,0,0,0,64,128,128,21,64,128,256,21,8.43,7.67,0.75,0,0,0,0,4,89,0,0,2285,1046,2736,0,42,21,0
10536104182200,100,2048,8192,16384,747,512,4096,8192,100,8192,16384,16384,82,8192,8192,8192,13,0,0,0,1,512,4096,4096,21,512,8192,8192,81,4096,8192,8192,15,0,0,0,1,128,65536,131072,1075,262144,262144,262144,41,8192,32768,32768,41,262144,262144,262144,41,64,256,256,41,128,128,128,41,64,512,4096,78,64,512,512,78,64,512,4096,6723,64,256,4096,738,64,256,256,81,64,256,512,153,128,512,1024,575,64,256,512,566,0,256,4096,4365,64,256,4096,144,64,128,128,18,64,256,256,9,64,256,256,9,128,256,256,9,0,0,0,0,0,0,0,0,0,0,0,0,128,128,256,21,64,64,128,21,9.94,7.80,2.14,0,1,0,0,2,95,0,0,2270,1062,2807,0,41,21,0
10537139454200,97,2048,8192,16384,744,512,8192,8192,100,8192,16384,16384,82,8192,16384,16384,21,0,0,0,1,1024,8192,8192,21,1024,8192,8192,77,2048,8192,8192,17,0,0,0,0,64,65536,65536,1074,262144,262144,262144,41,16384,32768,32768,41,262144,262144,262144,41,64,256,256,41,128,128,256,41,0,512,512,105,0,512,1024,132,64,512,4096,6696,64,512,4096,738,64,256,512,90,64,256,4096,216,128,512,1024,738,64,256,512,738,0,128,512,4554,64,256,4096,108,64,256,4096,39,64,256,256,18,0,256,256,9,0,0,0,0,0,0,0,0,0,0,0,0,0,0,0,0,64,128,128,20,64,128,128,20,8.55,7.30,1.26,0,1,0,0,7,103,3,0,2321,1072,2876,0,41,20,0
10538174488700,97,2048,8192,16384,689,512,8192,8192,95,8192,16384,16384,74,8192,16384,16384,20,8192,8192,8192,2,1024,8192,8192,22,512,8192,8192,78,2048,8192,8192,13,0,0,0,1,128,65536,131072,998,262144,262144,262144,42,16384,32768,32768,42,262144,262144,262144,42,64,256,256,42,128,128,8192,42,64,512,4096,108,64,512,1024,108,64,512,4096,6201,64,512,4096,666,64,256,256,90,64,512,4096,144,128,512,1024,741,64,256,512,732,0,128,2048,4230,64,256,512,135,64,128,256,27,0,256,256,18,0,256,256,18,64,256,256,9,0,0,0,0,0,0,0,0,0,0,0,0,64,128,128,21,64,128,128,21,8.93,7.55,1.38,0,2,0,0,6,94,0,0,2161,993,2722,0,42,21,0
10539210270100,100,2048,8192,16384,759,512,8192,8192,100,8192,16384,16384,82,8192,16384,16384,24,8192,8192,8192,2,1024,4096,4096,20,1024,8192,8192,85,2048,4096,4096,16,0,0,0,1,128,65536,65536,1091,262144,262144,262144,41,8192,32768,32768,41,262144,262144,262144,41,64,256,256,41,128,128,256,41,64,256,4096,123,64,512,4096,96,64,512,4096,6831,64,512,4096,738,64,256,256,81,64,512,4096,117,128,256,1024,621,64,256,512,639,0,128,1024,3600,64,256,512,63,64,256,256,36,64,256,256,9,128,256,256,18,64,512,512,9,8192,8192,8192,3,1024,1024,1024,3,64,64,64,6,64,128,128,21,64,256,16384,21,8.29,7.66,0.63,3,2,0,0,2,106,0,0,2219,1079,2806,0,41,21,0
10540235578700,100,2048,8192,16384,725,512,8192,8192,100,8192,16384,16384,81,8192,16384,16384,29,0,0,0,1,512,4096,4096,19,512,8192,8192,79,2048,8192,8192,13,0,0,0,0,128,65536,131072,1050,262144,262144,262144,41,16384,32768,32768,41,262144,262144,262144,41,64,128,256,41,128,128,128,41,64,512,4096,144,64,512,512,144,64,512,4096,6525,64,256,4096,729,64,256,512,93,64,256,512,171,64,512,4096,669,64,256,512,651,0,128,512,4158,64,256,256,108,64,4096,4096,9,0,64,64,9,64,128,128,9,0,0,0,0,0,0,0,0,0,0,0,0,0,0,0,0,64,128,128,20,64,128,128,20,8.55,7.55,1.01,0,1,0,0,1,110,0,0,2209,1039,2817,0,41,20,0
10541253377700,100,2048,16384,16384,747,512,8192,8192,113,8192,16384,16384,86,8192,16384,16384,25,8192,8192,8192,2,512,4096,8192,21,512,8192,8192,80,4096,8192,8192,6,0,0,0,0,1024,65536,131072,1081,262144,262144,262144,41,16384,32768,65536,41,262144,262144,262144,41,64,256,256,41,128,128,4096,41,64,256,512,141,64,512,4096,141,64,512,4096,6723,64,256,4096,774,64,256,256,102,64,2048,4096,135,128,512,1024,717,64,256,1024,726,0,256,512,3897,64,512,8192,117,64,256,512,27,64,256,256,27,128,256,256,18,0,0,0,0,0,0,0,0,0,0,0,0,0,0,0,0,128,128,128,21,128,128,128,21,8.42,7.27,1.15,0,2,0,0,4,111,0,0,2268,1074,2849,0,41,21,0
10542273789800,100,2048,8192,16384,724,512,4096,8192,101,8192,16384,16384,81,8192,16384,16384,28,0,0,0,1,1024,8192,8192,22,512,8192,8192,81,2048,8192,8192,16,0,0,0,0,128,65536,131072,1055,262144,262144,262144,41,16384,32768,65536,41,262144,262144,262144,41,64,128,256,41,128,128,128,41,64,256,4096,147,64,512,8192,147,64,512,4096,6516,64,512,4096,729,64,256,4096,141,64,512,4096,171,64,512,1024,672,64,256,512,672,0,128,512,4014,64,256,2048,108,0,0,0,0,0,0,0,0,0,512,512,9,0,0,0,0,0,0,0,0,0,0,0,0,0,0,0,0,64,128,128,20,64,128,128,20,8.42,7.27,1.15,0,1,0,0,3,109,0,0,2207,1048,2785,0,41,20,0
10543294284700,100,2048,8192,16384,756,512,8192,8192,106,8192,16384,16384,81,8192,16384,16384,25,0,0,0,1,1024,8192,8192,24,1024,8192,16384,81,2048,8192,8192,14,0,0,0,0,128,65536,131072,1093,262144,262144,262144,41,16384,32768,65536,41,262144,262144,262144,41,64,128,128,41,64,128,128,41,64,4096,8192,122,64,512,1024,122,64,512,4096,6804,64,256,4096,729,64,256,512,147,64,256,4096,63,128,512,1024,693,64,256,512,693,0,128,512,4293,64,256,512,117,64,128,128,18,64,128,128,9,0,256,256,9,0,0,0,0,0,0,0,0,0,0,0,0,0,0,0,0,64,128,128,21,64,128,128,21,8.67,7.52,1.15,0,1,0,0,0,106,0,0,2207,1083,2736,0,41,21,0
10544312958500,100,2048,16384,16384,698,512,4096,8192,105,8192,16384,16384,74,8192,16384,16384,17,0,0,0,0,512,4096,4096,17,1024,8192,8192,87,2048,4096,4096,20,0,0,0,1,1024,65536,131072,1026,262144,262144,262144,40,16384,65536,65536,40,262144,262144,262144,40,64,64,128,40,128,128,128,40,64,256,4096,162,64,512,4096,162,64,2048,8192,6282,64,256,4096,666,64,256,512,69,64,256,512,63,128,512,1024,624,64,256,512,624,0,256,512,4041,64,256,512,72,0,0,0,0,0,0,0,0,0,0,0,0,64,256,256,9,0,0,0,0,0,0,0,0,0,0,0,0,64,128,128,20,64,128,128,20,9.08,7.67,1.41,0,0,1,0,3,91,0,0,2229,1012,2754,0,40,20,0
10545333653200,100,2048,8192,16384,746,512,8192,8192,102,8192,16384,32768,86,8192,16384,16384,27,0,0,0,0,1024,4096,4096,26,512,4096,8192,75,2048,4096,4096,14,0,0,0,1,2048,65536,131072,1081,262144,262144,262144,41,8192,32768,32768,41,262144,262144,262144,41,64,64,128,41,128,128,256,41,64,512,4096,102,64,512,4096,102,64,512,4096,6714,64,256,4096,774,64,256,512,101,64,256,256,45,128,512,1024,642,64,256,1024,642,0,128,512,4275,64,256,4096,117,64,128,128,9,0,0,0,0,0,0,0,0,128,256,256,9,0,0,0,0,0,0,0,0,0,0,0,0,64,128,128,20,64,128,128,20,8.30,7.40,0.89,0,0,0,0,1,113,0,0,2326,1071,2890,0,41,20,0
10546354399800,100,2048,8192,16384,736,512,8192,8192,99,8192,16384,16384,84,8192,8192,8192,17,0,0,0,0,1024,4096,4096,15,512,4096,8192,85,2048,4096,4096,11,0,0,0,0,2048,65536,65536,1056,262144,262144,262144,41,16384,32768,32768,41,262144,262144,262144,41,64,64,128,41,64,128,128,41,0,512,2048,69,64,512,512,69,64,1024,4096,6624,64,256,4096,756,64,256,512,90,64,512,4096,63,128,256,1024,738,64,256,512,738,0,128,512,3978,64,4096,4096,99,0,128,4096,27,0,0,0,0,0,0,0,0,0,0,0,0,0,0,0,0,0,0,0,0,0,0,0,0,64,128,128,21,64,128,128,21,8.29,7.14,1.15,0,0,1,0,7,101,0,0,2286,1052,2837,0,41,21,0
10547373182800,97,2048,8192,16384,701,512,8192,8192,98,8192,16384,16384,72,8192,16384,16384,14,0,0,0,0,1024,8192,8192,19,1024,4096,8192,74,2048,8192,8192,12,0,0,0,1,2048,65536,262144,998,262144,262144,262144,41,16384,65536,65536,41,262144,262144,262144,41,64,128,256,41,128,128,128,41,64,256,4096,105,64,512,8192,132,64,512,4096,6309,64,256,4096,648,64,256,4096,96,64,512,4096,108,128,512,1024,783,64,256,512,774,0,128,512,4077,64,256,512,126,0,256,256,27,0,128,128,9,0,0,0,0,64,256,256,9,0,0,0,0,0,0,0,0,0,0,0,0,64,128,128,20,64,256,256,20,9.33,7.54,1.79,0,0,1,0,3,86,3,0,2142,996,2713,0,41,20,0
10548392729700,97,2048,8192,16384,715,512,8192,8192,96,8192,16384,16384,82,8192,16384,16384,19,8192,8192,8192,2,1024,4096,4096,25,1024,8192,8192,75,2048,8192,8192,11,0,0,0,1,1024,65536,131072,1038,262144,262144,262144,41,8192,32768,32768,41,262144,262144,262144,41,64,128,256,41,64,128,128,41,64,512,8192,99,64,512,8192,99,64,512,4096,6435,64,256,4096,738,0,256,4096,51,64,256,4096,135,128,512,1024,759,64,256,1024,750,0,128,512,3564,64,256,512,72,0,256,256,45,0,128,128,9,64,256,256,18,0,256,256,9,0,0,0,0,0,0,0,0,0,0,0,0,64,128,128,21,64,128,128,21,8.43,7.79,0.64,0,2,3,0,3,101,0,0,2176,1028,2760,0,41,21,0
10549414250600,100,2048,8192,16384,748,512,8192,8192,100,8192,16384,16384,80,8192,16384,16384,10,0,0,0,0,1024,8192,8192,19,512,8192,8192,83,4096,8192,8192,14,0,0,0,0,128,65536,65536,1073,262144,262144,262144,40,16384,32768,32768,40,262144,262144,262144,40,64,64,64,40,128,128,256,40,64,256,4096,162,64,512,4096,135,64,512,4096,6732,64,256,4096,720,64,512,4096,75,64,256,4096,144,128,512,1024,624,64,256,512,606,0,128,512,4086,64,256,512,126,64,256,256,36,0,0,0,0,0,0,0,0,0,0,0,0,8192,8192,8192,3,512,1024,1024,3,64,64,64,6,64,128,128,20,64,128,128,20,8.54,7.40,1.15,3,0,9,0,6,90,0,0,2232,1072,2853,0,40,20,0
10550435847000,100,2048,16384,16384,740,512,8192,8192,100,8192,16384,16384,82,8192,16384,16384,11,0,0,0,1,1024,8192,8192,23,1024,8192,8192,84,2048,8192,8192,13,0,0,0,0,1024,65536,131072,1069,262144,262144,262144,41,16384,32768,32768,41,262144,262144,262144,41,64,128,128,41,128,128,4096,41,64,2048,8192,111,64,512,512,111,64,512,4096,6660,64,256,4096,738,64,128,8192,63,64,512,4096,171,128,512,1024,657,64,256,512,657,0,128,512,4005,64,256,4096,81,64,4096,16384,63,0,128,128,9,0,256,256,9,0,0,0,0,0,0,0,0,0,0,0,0,0,0,0,0,128,128,128,20,64,128,128,20,8.53,7.39,1.15,0,1,6,0,4,93,0,0,2200,1064,2732,0,41,20,0
10551455371700,100,2048,8192,16384,731,512,8192,8192,106,8192,16384,16384,79,8192,16384,16384,18,0,0,0,0,1024,4096,4096,15,1024,8192,8192,85,1024,8192,8192,13,0,0,0,0,256,65536,65536,1057,262144,262144,262144,41,16384,32768,32768,41,262144,262144,262144,41,64,64,64,41,128,128,128,41,64,256,4096,123,64,512,512,123,64,512,4096,6579,64,512,4096,711,64,256,256,66,64,512,4096,207,128,256,1024,666,64,256,512,657,0,256,1024,4077,64,256,4096,117,64,128,128,9,0,0,0,0,0,0,0,0,0,0,0,0,0,0,0,0,0,0,0,0,0,0,0,0,64,128,128,21,64,128,128,21,10.22,7.54,2.68,0,0,5,0,4,97,0,0,2269,1053,2840,0,41,21,0
10552476235000,100,2048,8192,16384,753,512,8192,8192,100,8192,16384,16384,79,8192,16384,16384,21,0,0,0,1,1024,4096,4096,22,512,8192,8192,84,2048,8192,8192,16,0,0,0,0,512,65536,65536,1084,262144,262144,262144,41,16384,32768,65536,41,262144,262144,262144,41,64,128,256,41,128,128,128,41,64,512,8192,144,64,512,4096,144,64,512,4096,6777,64,256,4096,711,64,256,256,63,64,256,4096,198,128,256,1024,668,64,256,512,668,0,128,512,4239,64,256,512,162,64,256,8192,27,64,256,256,9,0,256,256,9,0,0,0,0,0,0,0,0,0,0,0,0,0,0,0,0,64,128,128,20,64,128,128,20,8.30,7.40,0.89,0,1,4,0,1,100,0,0,2297,1078,2867,0,41,20,0
10553496301100,100,2048,8192,16384,744,512,4096,8192,100,8192,16384,16384,84,8192,16384,16384,26,0,0,0,1,1024,4096,4096,22,1024,4096,8192,73,2048,8192,8192,14,0,0,0,0,1024,65536,131072,1068,262144,262144,262144,41,16384,32768,32768,41,262144,262144,262144,41,64,256,256,41,64,128,8192,41,64,512,4096,117,64,512,4096,117,64,512,4096,6696,64,512,4096,756,64,256,256,99,64,512,4096,234,128,512,1024,702,64,256,512,693,0,128,512,4041,64,256,4096,126,64,4096,4096,36,0,128,128,9,0,128,128,9,0,0,0,0,0,0,0,0,0,0,0,0,0,0,0,0,64,128,128,21,64,128,128,21,8.55,7.53,1.02,0,1,2,0,1,110,0,0,2293,1058,2855,0,41,21,0
10554515194800,100,2048,8192,16384,713,512,8192,8192,100,8192,16384,16384,79,8192,16384,16384,19,0,0,0,0,1024,8192,8192,21,512,8192,8192,76,2048,8192,8192,13,0,0,0,0,512,65536,262144,1023,262144,262144,262144,40,16384,32768,65536,40,262144,262144,262144,40,64,128,128,40,128,128,1024,41,64,512,4096,162,64,4096,8192,162,64,512,4096,6417,64,512,4096,711,64,256,256,138,64,256,512,144,128,256,1024,717,64,256,512,717,0,128,4096,4644,64,1024,4096,90,0,256,256,27,0,0,0,0,0,0,0,0,0,0,0,0,0,0,0,0,0,0,0,0,0,0,0,0,128,1024,1024,20,64,64,64,20,8.56,7.41,1.15,0,0,0,0,2,98,0,0,2273,1020,2797,0,40,20,0
10555536831300,100,2048,8192,16384,760,512,8192,8192,100,8192,16384,16384,86,8192,16384,16384,29,0,0,0,0,1024,1024,4096,22,512,4096,8192,87,2048,8192,8192,12,0,0,0,0,1024,65536,131072,1096,262144,262144,262144,41,16384,32768,65536,41,262144,262144,262144,41,64,64,128,41,64,128,128,40,64,512,4096,105,64,512,4096,105,64,512,4096,6840,64,256,4096,774,64,256,256,87,64,512,4096,162,128,512,1024,660,64,256,512,660,0,128,512,3699,64,256,512,108,64,128,128,18,0,0,0,0,0,0,0,0,0,0,0,0,0,0,0,0,0,0,0,0,0,0,0,0,64,128,128,20,64,128,128,20,8.29,7.27,1.02,0,0,0,0,1,115,0,0,2343,1090,2915,0,41,20,0
10556556796000,100,2048,8192,16384,731,512,8192,8192,100,8192,16384,16384,79,8192,16384,16384,21,8192,8192,8192,2,1024,8192,8192,13,1024,8192,8192,79,2048,8192,8192,12,0,0,0,0,128,65536,262144,1040,262144,262144,262144,41,8192,32768,32768,41,262144,262144,262144,41,64,256,256,41,64,128,128,41,64,512,4096,108,64,512,4096,108,64,512,4096,6579,64,256,4096,711,64,256,512,84,64,256,4096,126,128,256,1024,723,64,256,512,741,0,128,256,4149,64,256,256,72,0,0,0,0,64,128,128,18,64,256,256,18,0,0,0,0,0,0,0,0,0,0,0,0,0,0,0,0,64,128,128,21,64,128,128,21,8.81,7.53,1.28,0,2,0,0,1,100,0,0,2337,1033,2855,0,41,21,0
10557577215800,97,2048,8192,16384,719,512,8192,8192,98,8192,16384,16384,79,4096,8192,8192,26,0,0,0,0,1024,4096,4096,27,512,8192,8192,82,2048,4096,4096,16,0,0,0,1,128,65536,131072,1049,262144,262144,262144,41,16384,32768,32768,41,262144,262144,262144,41,64,128,128,41,64,128,128,41,64,512,4096,159,64,512,8192,186,64,512,4096,6471,64,256,4096,711,64,256,4096,81,64,256,256,99,128,256,512,645,64,128,512,636,0,128,256,3987,64,256,512,135,0,64,64,9,0,0,0,0,0,0,0,0,128,256,256,9,0,0,0,0,0,0,0,0,0,0,0,0,128,128,128,20,64,128,128,20,8.55,7.53,1.02,0,0,0,0,3,105,3,0,2287,1036,2853,0,41,20,0
10558596392900,97,2048,8192,16384,725,512,8192,8192,97,8192,16384,16384,78,8192,16384,16384,24,0,0,0,0,1024,8192,8192,19,1024,8192,8192,82,2048,4096,4096,11,0,0,0,0,2048,65536,131072,1040,262144,262144,262144,41,8192,32768,32768,41,262144,262144,262144,41,64,64,128,41,128,128,8192,41,64,256,512,60,64,512,4096,60,64,512,4096,6525,64,256,4096,702,64,512,4096,117,64,256,4096,117,64,512,1024,684,64,256,1024,693,0,128,512,3987,64,256,256,81,0,256,256,36,0,0,0,0,0,0,0,0,0,0,0,0,0,0,0,0,0,0,0,0,0,0,0,0,64,128,128,21,64,128,256,21,8.43,7.15,1.28,0,0,0,0,1,102,0,0,2231,1036,2788,0,41,21,0
10559617738800,100,2048,8192,16384,717,512,8192,8192,99,8192,16384,16384,80,8192,16384,16384,24,4096,8192,8192,3,512,4096,4096,19,512,8192,8192,76,2048,8192,8192,13,0,0,0,0,64,65536,131072,1042,262144,262144,262144,41,8192,32768,32768,41,262144,262144,262144,41,128,256,512,41,128,128,128,41,64,256,512,120,64,512,512,93,64,512,4096,6453,64,256,4096,720,64,256,256,129,64,256,512,144,128,512,1024,720,64,256,1024,756,0,128,512,4167,64,256,512,117,64,256,256,18,128,256,256,36,128,256,256,27,0,0,0,0,8192,16384,16384,3,1024,1024,1024,3,64,64,64,6,128,128,128,20,64,128,128,20,8.54,7.27,1.28,3,3,0,0,0,104,0,0,2289,1042,2868,0,41,20,0
10560636843200,100,2048,16384,16384,738,512,8192,8192,99,8192,16384,16384,84,8192,32768,32768,19,0,0,0,1,1024,8192,8192,23,1024,8192,8192,83,2048,8192,8192,16,0,0,0,0,2048,65536,131072,1068,262144,262144,262144,40,16384,65536,65536,40,262144,262144,262144,40,128,512,512,40,128,128,8192,40,0,512,4096,120,64,512,4096,120,64,512,8192,6642,64,256,4096,756,64,256,4096,81,64,256,4096,63,128,256,1024,678,64,256,512,705,0,128,512,3861,64,256,4096,81,0,128,128,18,64,256,4096,27,0,128,128,9,0,0,0,0,0,0,0,0,0,0,0,0,0,0,0,0,64,1024,1024,20,64,128,128,20,8.30,7.41,0.89,0,1,0,0,2,103,0,0,2297,1063,2839,0,40,20,0
10561658088200,100,2048,8192,16384,744,512,8192,8192,100,8192,16384,16384,80,8192,16384,16384,16,8192,8192,8192,4,1024,4096,4096,19,1024,8192,8192,82,2048,8192,8192,13,0,0,0,1,1024,65536,131072,1073,262144,262144,262144,41,16384,32768,32768,41,262144,262144,262144,41,128,256,512,41,128,128,128,41,0,512,4096,114,64,512,512,114,64,512,4096,6696,64,256,4096,720,64,256,256,111,64,256,4096,90,64,256,1024,591,64,256,512,600,0,128,512,4005,64,256,4096,90,0,0,0,0,64,256,256,18,64,512,512,36,0,128,128,9,0,0,0,0,0,0,0,0,0,0,0,0,128,128,128,21,64,128,128,21,9.31,8.16,1.15,0,4,0,0,1,96,0,0,2274,1060,2807,0,41,21,0
10562677055500,100,2048,16384,16384,730,512,8192,8192,118,8192,16384,16384,82,4096,16384,16384,17,4096,8192,8192,3,1024,4096,4096,18,1024,8192,8192,77,2048,2048,2048,12,0,0,0,0,2048,65536,131072,1068,262144,262144,262144,41,8192,32768,65536,41,262144,262144,262144,41,128,256,256,41,64,128,128,41,64,512,8192,126,64,512,512,126,64,512,8192,6570,64,256,4096,738,64,256,256,111,64,256,4096,135,128,512,1024,633,64,256,512,633,0,128,512,4131,64,256,512,108,64,256,256,9,64,256,256,18,64,512,4096,27,0,0,0,0,0,0,0,0,0,0,0,0,0,0,0,0,128,128,128,20,64,128,128,20,8.30,7.28,1.02,0,3,0,0,2,99,0,0,2281,1063,2767,0,41,20,0
10563696957400,100,2048,8192,16384,734,512,8192,8192,109,8192,16384,16384,78,8192,16384,16384,19,0,0,0,0,1024,4096,4096,25,512,4096,8192,79,4096,8192,8192,15,0,0,0,1,2048,65536,131072,1073,262144,262144,262144,41,16384,32768,32768,41,262144,262144,262144,41,64,128,128,41,128,128,128,41,64,512,4096,113,64,256,1024,113,64,512,4096,6606,64,256,4096,702,64,256,256,69,64,256,256,135,128,256,1024,768,64,256,512,777,0,128,256,4122,64,256,4096,81,0,0,0,0,0,0,0,0,0,0,0,0,64,256,256,9,0,0,0,0,0,0,0,0,0,0,0,0,64,128,128,21,64,128,128,21,8.30,7.27,1.02,0,0,0,0,3,97,0,0,2295,1061,2821,0,41,21,0
10564719135600,100,2048,8192,16384,721,512,8192,8192,101,8192,16384,16384,82,8192,16384,16384,11,0,0,0,0,512,1024,1024,14,1024,8192,8192,82,4096,8192,8192,13,0,0,0,0,2048,65536,131072,1037,262144,262144,262144,41,16384,32768,65536,41,262144,262144,262144,41,64,64,64,41,128,128,128,41,64,256,4096,132,64,512,8192,132,64,512,4096,6489,64,256,4096,738,64,1024,4096,72,64,256,4096,108,128,256,1024,699,64,256,512,699,0,128,512,3951,128,256,512,90,64,64,64,18,0,0,0,0,0,0,0,0,0,0,0,0,0,0,0,0,0,0,0,0,0,0,0,0,64,128,128,20,64,128,128,20,9.04,7.39,1.66,0,0,0,0,2,93,0,0,2289,1033,2803,0,41,20,0
10565738105100,100,2048,16384,16384,742,512,4096,8192,100,8192,16384,16384,79,8192,16384,16384,16,0,0,0,0,1024,8192,8192,23,1024,8192,8192,86,2048,8192,8192,14,0,0,0,0,2048,65536,131072,1070,262144,262144,262144,40,16384,32768,65536,40,262144,262144,262144,40,64,64,64,40,128,128,128,40,64,256,4096,153,64,512,1024,153,64,512,4096,6678,64,512,4096,711,64,256,4096,45,64,256,512,171,128,512,1024,702,64,256,1024,693,0,128,512,3645,64,256,256,45,64,256,512,21,0,0,0,0,0,0,0,0,0,0,0,0,0,0,0,0,0,0,0,0,0,0,0,0,128,128,128,20,64,128,128,20,8.95,7.80,1.15,0,0,0,0,2,95,0,0,2237,1065,2757,0,40,20,0
10566758599500,100,2048,8192,16384,752,512,8192,8192,100,8192,16384,16384,88,8192,8192,16384,21,0,0,0,0,1024,4096,8192,25,512,4096,8192,86,2048,2048,2048,17,0,0,0,0,1024,65536,131072,1099,262144,262144,262144,41,8192,32768,32768,41,262144,262144,262144,41,64,64,128,41,64,128,128,41,0,256,512,84,64,256,512,84,64,1024,4096,6768,64,512,4096,792,64,256,256,45,64,256,4096,216,128,512,2048,678,64,256,1024,660,0,128,256,4149,128,512,4096,63,0,0,0,0,0,0,0,0,0,0,0,0,0,0,0,0,0,0,0,0,0,0,0,0,0,0,0,0,64,128,128,21,64,128,128,21,8.29,7.40,0.89,0,0,0,0,4,109,0,0,2340,1093,2870,0,41,21,0
10567779474800,97,2048,8192,16384,706,512,8192,8192,97,8192,16384,16384,77,8192,16384,16384,20,0,0,0,0,1024,4096,4096,17,512,4096,8192,64,4096,8192,8192,14,0,0,0,0,2048,65536,131072,1005,262144,262144,262144,41,16384,32768,65536,41,262144,262144,262144,41,64,64,128,41,64,128,256,41,64,512,4096,132,64,512,4096,159,64,512,4096,6354,64,256,4096,693,64,256,512,78,64,512,4096,207,128,256,1024,714,64,256,512,714,0,128,512,4032,64,512,4096,108,64,256,256,18,0,0,0,0,0,0,0,0,0,0,0,0,0,0,0,0,0,0,0,0,0,0,0,0,64,8192,8192,20,64,256,256,20,8.81,7.53,1.28,0,0,0,0,2,97,3,0,2143,1004,2724,0,41,20,0
10568799573700,97,2048,8192,16384,705,512,8192,8192,97,8192,16384,16384,76,8192,16384,16384,15,0,0,0,0,1024,8192,8192,19,512,8192,8192,81,2048,8192,8192,12,0,0,0,0,1024,65536,65536,1010,262144,262144,262144,41,8192,32768,32768,41,262144,262144,262144,41,64,64,128,41,128,128,128,41,64,256,512,81,64,512,4096,81,64,512,4096,6345,64,256,4096,684,64,256,256,63,64,256,4096,135,128,512,1024,669,64,256,1024,651,0,128,512,3690,64,512,1024,54,0,4096,4096,18,0,0,0,0,0,0,0,0,0,0,0,0,0,0,0,0,0,0,0,0,0,0,0,0,128,128,128,21,64,128,128,21,9.06,7.40,1.66,0,0,0,0,0,91,0,0,2132,1007,2630,0,41,21,0
10569820428400,100,2048,16384,16384,731,512,4096,8192,97,8192,16384,16384,81,8192,16384,16384,29,0,0,0,0,1024,8192,8192,25,1024,8192,8192,83,2048,8192,8192,12,0,0,0,0,256,65536,131072,1058,262144,262144,262144,41,16384,32768,65536,41,262144,262144,262144,41,64,128,256,41,128,128,256,41,64,512,4096,150,64,512,4096,123,64,512,4096,6579,64,256,4096,729,64,512,4096,63,64,512,4096,180,128,512,1024,750,64,256,512,714,0,128,512,3942,64,256,256,54,64,256,256,27,64,128,128,9,0,0,0,0,0,0,0,0,2097152,2097152,2097152,3,512,2048,2048,3,64,64,64,6,64,128,128,20,64,128,128,20,8.68,7.65,1.02,3,0,0,0,2,110,0,0,2245,1060,2864,0,41,20,0
10570840888500,100,2048,16384,16384,712,512,8192,8192,100,8192,16384,16384,79,8192,16384,16384,28,8192,8192,8192,2,1024,8192,8192,14,1024,8192,8192,80,2048,8192,8192,7,4096,4096,4096,2,2048,65536,131072,1031,262144,262144,262144,41,16384,32768,32768,41,262144,262144,262144,41,128,256,256,41,128,128,128,41,64,512,4096,105,64,4096,8192,105,64,512,8192,6408,64,256,4096,711,64,256,4096,120,64,256,512,108,128,512,1024,786,64,256,1024,768,0,128,512,4194,64,256,4096,126,0,8192,8192,18,0,256,256,9,64,256,256,18,0,512,512,18,0,0,0,0,0,0,0,0,0,0,0,0,64,128,128,21,64,128,128,21,8.30,7.27,1.02,0,2,0,0,3,107,0,0,2212,1022,2788,0,41,21,0
10571860383200,100,2048,8192,16384,739,512,8192,8192,100,8192,16384,16384,85,8192,8192,16384,22,0,0,0,0,1024,4096,4096,22,512,8192,8192,85,2048,8192,8192,14,0,0,0,1,2048,65536,262144,1069,262144,262144,262144,40,16384,32768,32768,40,262144,262144,262144,40,64,128,128,40,128,128,128,40,64,512,4096,126,64,512,4096,126,64,512,4096,6651,64,256,4096,765,64,128,128,36,64,256,512,126,128,512,2048,657,64,256,512,630,0,256,512,3591,64,256,4096,117,64,128,128,27,0,0,0,0,0,0,0,0,64,256,256,9,0,0,0,0,0,0,0,0,0,0,0,0,64,128,128,20,64,128,128,20,8.94,7.79,1.15,0,0,0,0,2,107,0,0,2250,1058,2770,0,40,20,0
10572878756600,100,2048,8192,16384,726,512,8192,8192,100,8192,16384,16384,82,8192,16384,16384,21,0,0,0,0,1024,4096,4096,26,512,8192,8192,72,2048,4096,4096,18,0,0,0,0,128,65536,131072,1049,262144,262144,262144,41,16384,32768,32768,41,262144,262144,262144,41,64,128,128,41,128,128,8192,41,64,256,4096,114,64,512,4096,114,64,512,4096,6534,64,256,4096,738,64,256,512,111,64,512,4096,99,128,512,1024,657,64,256,1024,657,0,128,512,4032,64,256,4096,99,64,512,4096,45,0,0,0,0,0,0,0,0,0,0,0,0,0,0,0,0,0,0,0,0,0,0,0,0,64,128,128,20,64,128,128,20,8.31,7.42,0.90,0,0,0,0,1,103,0,0,2221,1045,2809,0,41,20,0
10573899787000,100,2048,8192,16384,743,512,8192,8192,98,8192,16384,16384,75,8192,16384,16384,28,0,0,0,1,1024,4096,4096,16,512,8192,8192,79,2048,4096,4096,16,0,0,0,0,128,65536,131072,1063,262144,262144,262144,41,16384,65536,65536,41,262144,262144,262144,41,64,256,256,41,64,128,128,41,64,256,8192,168,64,512,4096,168,64,512,4096,6687,64,256,4096,675,64,256,512,113,64,256,512,63,128,256,1024,627,64,256,1024,645,0,128,512,3852,64,256,4096,72,0,128,128,9,0,64,64,9,0,128,128,9,0,0,0,0,0,0,0,0,0,0,0,0,0,0,0,0,64,128,128,21,64,64,128,21,8.29,7.40,0.89,0,1,0,0,1,103,0,0,2230,1056,2769,0,41,21,0
10574920902900,100,2048,8192,16384,717,512,8192,8192,98,8192,16384,16384,74,8192,16384,16384,17,0,0,0,0,1024,4096,4096,22,1024,8192,8192,84,2048,8192,8192,14,0,0,0,1,128,65536,262144,1031,262144,262144,262144,41,16384,32768,32768,41,262144,262144,262144,41,64,128,128,41,128,128,128,41,64,512,4096,120,64,512,4096,120,64,512,4096,6453,64,256,4096,666,64,256,256,102,128,256,512,63,128,256,1024,720,64,256,1024,729,0,128,1024,3915,64,256,512,81,0,64,64,18,0,128,128,9,0,0,0,0,64,512,512,9,0,0,0,0,0,0,0,0,0,0,0,0,64,128,128,20,64,128,128,20,8.54,7.65,0.89,0,0,1,0,1,91,0,0,2222,1022,2725,0,41,20,0
10575943853600,100,4096,16384,16384,732,512,8192,8192,105,8192,16384,16384,84,4096,16384,16384,19,0,0,0,1,1024,4096,4096,17,1024,8192,8192,85,2048,8192,8192,14,2048,2048,2048,2,2048,131072,262144,1065,262144,262144,262144,41,16384,32768,32768,41,262144,262144,262144,41,128,512,512,41,128,128,128,41,0,512,1024,93,64,1024,8192,93,64,1024,8192,6588,64,512,4096,756,64,128,128,27,64,512,4096,90,128,512,1024,699,64,256,1024,699,0,256,512,4140,64,512,4096,72,0,256,256,9,0,0,0,0,0,4096,4096,9,64,256,256,18,0,0,0,0,0,0,0,0,0,0,0,0,64,128,128,21,64,256,256,21,9.16,7.76,1.40,0,1,1,0,4,103,0,0,2226,1050,2766,0,41,21,0
10576962866300,97,4096,16384,16384,740,1024,8192,8192,100,8192,16384,16384,82,8192,16384,16384,23,0,0,0,1,1024,8192,8192,19,1024,8192,8192,80,2048,8192,8192,14,0,0,0,0,1024,65536,131072,1070,262144,262144,262144,40,32768,65536,65536,40,262144,262144,262144,40,128,512,512,40,128,1024,2048,40,0,512,4096,176,64,512,512,203,64,1024,8192,6660,64,512,4096,738,64,512,1024,117,64,512,4096,135,128,512,1024,702,64,256,1024,738,0,256,2048,3717,64,256,512,63,0,512,512,18,64,256,256,18,64,1024,1024,9,0,0,0,0,0,0,0,0,0,0,0,0,0,0,0,0,64,128,128,20,128,256,256,20,8.31,7.54,0.77,0,1,0,0,2,105,3,0,2220,1066,2841,0,40,20,0
10577983274000,97,2048,16384,16384,726,512,8192,8192,97,8192,16384,32768,85,8192,16384,16384,19,8192,8192,8192,2,1024,8192,8192,22,512,8192,8192,75,2048,8192,8192,11,0,0,0,0,256,65536,131072,1049,262144,262144,262144,41,16384,32768,65536,41,262144,262144,262144,41,64,128,256,41,128,128,128,41,64,512,4096,132,64,512,4096,132,64,512,4096,6534,64,512,4096,765,64,256,4096,141,64,512,4096,153,128,256,1024,630,64,256,1024,648,0,128,512,3960,64,256,512,72,64,256,256,21,0,256,256,9,64,256,256,18,0,0,0,0,0,0,0,0,0,0,0,0,0,0,0,0,128,128,128,20,64,1024,1024,20,8.55,7.66,0.89,0,2,0,0,0,104,0,0,2099,1041,2693,0,41,20,0
10579003371400,100,4096,16384,16384,713,512,8192,8192,97,8192,16384,16384,75,8192,16384,16384,7,0,0,0,1,4096,16384,32768,21,1024,8192,8192,76,2048,4096,4096,9,0,0,0,0,2048,65536,131072,1009,262144,262144,262144,41,16384,32768,65536,41,262144,262144,262144,41,64,512,1024,41,128,128,128,41,64,512,1024,117,64,512,1024,90,64,1024,8192,6417,64,512,4096,675,64,512,512,18,64,512,4096,99,128,512,1024,645,64,256,1024,654,0,256,1024,3798,64,512,8192,99,0,0,0,0,256,512,512,9,64,256,256,9,0,0,0,0,16384,2097152,2097152,3,1024,1024,1024,3,64,64,64,6,128,128,128,21,64,256,2048,21,8.42,7.27,1.15,3,1,0,0,4,82,0,0,2100,1011,2665,0,41,21,0
10580021928200,100,2048,8192,16384,722,512,8192,8192,100,8192,16384,16384,78,8192,16384,16384,16,0,0,0,0,1024,8192,8192,23,1024,8192,8192,84,2048,8192,8192,16,0,0,0,1,256,65536,65536,1051,262144,262144,262144,41,16384,32768,32768,41,262144,262144,262144,41,64,128,128,41,64,128,1024,41,64,256,512,83,64,512,4096,83,64,512,8192,6498,64,256,4096,702,64,256,256,80,64,512,4096,162,128,512,1024,690,64,256,512,690,0,128,512,4302,64,4096,8192,54,64,256,4096,27,0,0,0,0,0,0,0,0,0,256,256,9,0,0,0,0,0,0,0,0,0,0,0,0,64,128,128,20,64,256,256,20,8.43,7.41,1.02,0,0,0,0,4,94,0,0,2286,1043,2798,0,41,20,0
10581043468500,100,2048,16384,16384,738,512,4096,8192,100,8192,16384,16384,84,8192,16384,16384,21,0,0,0,1,1024,8192,8192,19,1024,8192,8192,82,4096,8192,8192,20,0,0,0,0,1024,65536,131072,1077,262144,262144,262144,41,16384,65536,65536,41,262144,262144,262144,41,64,256,256,41,64,128,128,41,64,512,4096,216,64,512,4096,216,64,512,8192,6642,64,256,4096,756,64,256,512,84,64,512,4096,189,128,512,1024,708,64,256,1024,708,0,128,512,3960,64,256,512,108,64,128,128,9,64,128,128,9,128,512,512,9,0,0,0,0,0,0,0,0,0,0,0,0,0,0,0,0,128,128,128,21,64,128,128,21,9.69,7.78,1.91,0,1,0,0,5,105,0,0,2339,1071,2866,0,41,21,0
10582063257600,100,2048,16384,16384,745,512,8192,8192,100,8192,16384,16384,74,8192,16384,16384,18,0,0,0,0,1024,8192,8192,18,512,8192,8192,85,2048,8192,8192,10,0,0,0,0,1024,65536,131072,1060,262144,262144,262144,40,16384,32768,32768,40,262144,262144,262144,40,64,128,128,40,64,128,128,40,64,256,512,129,64,512,8192,129,64,512,4096,6705,64,256,4096,666,64,256,256,63,64,256,4096,171,128,512,1024,648,64,256,512,648,0,128,512,3861,0,512,4096,99,64,256,256,21,0,0,0,0,0,0,0,0,0,0,0,0,0,0,0,0,0,0,0,0,0,0,0,0,64,128,128,20,64,128,128,20,11.23,8.17,3.06,0,0,0,0,2,92,0,0,2279,1055,2802,0,40,20,0
10583082964500,100,2048,8192,16384,744,512,4096,8192,100,8192,16384,32768,85,8192,16384,16384,12,0,0,0,1,4096,8192,8192,22,1024,8192,8192,77,2048,8192,8192,12,0,0,0,0,1024,65536,131072,1060,262144,262144,262144,41,8192,32768,32768,41,262144,262144,262144,41,64,128,256,41,128,128,128,41,64,512,8192,93,64,512,1024,93,64,512,4096,6696,64,256,4096,765,64,256,256,57,64,256,4096,117,128,512,1024,663,64,256,512,672,0,128,512,4086,64,512,8192,126,0,0,0,0,64,256,256,18,64,512,512,9,0,0,0,0,0,0,0,0,0,0,0,0,0,0,0,0,128,128,128,20,64,128,128,20,8.43,7.41,1.02,0,1,0,0,2,97,0,0,2235,1053,2787,0,41,20,0
10584103221000,100,2048,8192,16384,712,512,8192,8192,100,8192,16384,16384,82,8192,16384,32768,28,0,0,0,1,512,1024,1024,17,512,8192,8192,79,2048,8192,8192,13,0,0,0,0,64,65536,65536,1036,262144,262144,262144,41,16384,32768,32768,41,262144,262144,262144,41,64,128,128,41,128,128,128,41,64,256,4096,123,64,512,512,123,64,512,4096,6408,64,256,4096,738,64,256,256,102,64,2048,8192,207,128,512,1024,747,64,256,1024,711,0,128,512,3960,64,256,512,63,0,256,256,9,0,0,0,0,0,256,256,9,0,0,0,0,0,0,0,0,0,0,0,0,0,0,0,0,64,128,128,21,64,128,128,21,8.55,7.27,1.28,0,1,0,0,2,110,0,0,2245,1027,2784,0,41,21,0
10585123671200,100,2048,8192,16384,733,512,4096,8192,100,8192,16384,16384,78,8192,16384,16384,29,0,0,0,1,1024,8192,8192,26,1024,8192,8192,84,2048,8192,8192,14,0,0,0,0,1024,65536,131072,1067,262144,262144,262144,41,8192,32768,32768,41,262144,262144,262144,41,64,64,128,41,64,128,8192,41,64,256,256,87,64,512,512,87,64,512,4096,6597,64,256,4096,702,64,256,2048,132,64,512,4096,180,64,512,1024,774,64,256,1024,810,0,128,512,3978,64,256,256,72,0,64,64,9,64,128,128,9,128,256,256,9,0,0,0,0,0,0,0,0,0,0,0,0,0,0,0,0,64,128,128,20,64,128,128,20,9.19,7.66,1.53,0,1,0,0,5,107,0,0,2248,1058,2839,0,41,20,0
10586143935900,100,2048,8192,16384,768,512,8192,8192,104,8192,16384,16384,76,8192,16384,16384,25,0,0,0,0,512,4096,4096,18,1024,4096,8192,85,2048,8192,8192,13,0,0,0,0,1024,65536,131072,1092,262144,262144,262144,41,16384,32768,65536,41,262144,262144,262144,41,64,64,64,41,128,128,1024,41,64,512,4096,141,64,512,8192,141,64,512,4096,6912,64,256,4096,684,64,256,512,90,64,512,4096,162,128,512,1024,621,64,256,1024,621,0,128,256,4032,0,256,4096,72,0,0,0,0,0,0,0,0,0,0,0,0,0,0,0,0,0,0,0,0,0,0,0,0,0,0,0,0,64,128,128,21,64,128,128,21,8.93,7.40,1.53,0,0,0,0,4,101,0,0,2281,1082,2843,0,41,21,0
10587164056500,97,2048,8192,16384,732,512,8192,8192,105,8192,16384,16384,84,8192,8192,8192,20,0,0,0,0,1024,8192,8192,21,512,8192,8192,76,2048,8192,8192,15,0,0,0,0,128,65536,65536,1055,262144,262144,262144,40,8192,32768,32768,40,262144,262144,262144,40,64,64,64,40,128,256,256,40,64,512,4096,96,64,512,4096,123,64,512,4096,6588,64,512,4096,756,64,256,256,144,64,256,512,117,128,256,1024,726,64,256,512,699,0,128,256,4050,0,256,4096,72,0,0,0,9,0,0,0,0,0,0,0,0,0,0,0,0,0,0,0,0,0,0,0,0,0,0,0,0,64,128,128,20,64,128,128,20,8.30,7.54,0.77,0,0,0,0,3,104,3,0,2241,1051,2828,0,40,20,0
10588184249700,97,2048,8192,16384,697,512,8192,8192,101,8192,8192,16384,82,8192,8192,16384,21,0,0,0,0,1024,8192,8192,16,512,8192,8192,69,2048,8192,8192,17,0,0,0,0,128,65536,65536,1009,262144,262144,262144,41,16384,32768,65536,41,262144,262144,262144,41,64,64,256,41,128,128,128,41,64,512,4096,123,64,512,4096,123,64,512,4096,6273,64,256,4096,738,64,256,4096,90,64,256,512,153,128,512,1024,681,64,128,512,663,0,128,512,3591,64,256,8192,81,0,256,256,36,0,0,0,0,0,0,0,0,0,0,0,0,0,0,0,0,0,0,0,0,0,0,0,0,64,128,128,20,64,128,128,20,8.81,7.66,1.15,0,0,0,0,1,103,0,0,2203,1005,2751,0,41,20,0
10589204569800,100,2048,8192,16384,719,512,8192,8192,98,8192,16384,16384,80,8192,16384,16384,23,8192,8192,8192,2,1024,8192,8192,25,1024,8192,8192,83,2048,8192,8192,12,0,0,0,1,128,65536,131072,1047,262144,262144,262144,41,16384,32768,32768,41,262144,262144,262144,41,64,256,256,41,64,128,128,41,64,512,1024,117,64,512,1024,90,64,512,4096,6471,64,512,4096,720,64,256,256,129,64,512,4096,126,128,512,1024,660,64,256,512,669,0,256,512,3573,64,512,8192,99,64,256,256,27,64,128,256,27,64,512,512,18,64,256,256,9,8192,8192,8192,3,512,512,512,3,64,64,64,6,128,256,256,21,64,128,256,21,8.55,7.40,1.15,3,2,0,0,4,103,0,0,2195,1042,2841,0,41,21,0
10590223273700,100,2048,16384,16384,735,512,8192,8192,99,8192,16384,16384,78,8192,8192,16384,24,8192,8192,8192,2,1024,4096,8192,27,1024,8192,8192,88,2048,8192,8192,8,0,0,0,0,2048,65536,131072,1071,262144,262144,262144,41,8192,32768,32768,41,262144,262144,262144,41,64,256,256,41,128,128,256,41,64,512,4096,78,64,512,1024,78,64,512,4096,6615,64,256,4096,702,64,256,256,93,64,256,512,117,128,256,1024,687,64,256,1024,705,0,256,512,4005,64,256,512,108,64,256,256,27,0,256,256,9,64,256,256,18,0,0,0,0,0,0,0,0,0,0,0,0,0,0,0,0,64,128,128,20,64,128,128,20,8.43,7.15,1.28,0,2,1,0,3,102,0,0,2256,1063,2831,0,41,20,0
10591245067200,100,2048,16384,16384,715,512,8192,8192,98,8192,16384,16384,74,8192,16384,16384,20,0,0,0,0,512,4096,4096,7,1024,8192,8192,75,2048,8192,8192,11,0,0,0,0,2048,65536,131072,1005,262144,262144,262144,41,16384,32768,32768,41,262144,262144,262144,41,64,128,128,41,128,128,256,41,64,512,4096,111,64,512,4096,111,64,512,4096,6435,64,512,4096,666,64,256,256,132,64,256,4096,63,128,512,1024,690,64,256,512,690,0,256,2048,3870,64,512,1024,117,64,256,256,18,0,4096,4096,9,0,0,0,0,0,0,0,0,0,0,0,0,0,0,0,0,0,0,0,0,64,128,128,21,64,128,1024,21,8.67,7.40,1.28,0,0,1,0,3,94,0,0,2241,1002,2779,0,41,21,0
10592265456000,100,2048,16384,16384,734,512,8192,8192,100,8192,16384,16384,85,8192,16384,16384,21,8192,8192,8192,2,1024,8192,8192,22,1024,8192,8192,86,2048,8192,8192,15,2048,4096,4096,3,1024,65536,131072,1077,262144,262144,262144,41,16384,32768,32768,41,262144,262144,262144,41,64,128,256,41,128,128,16384,41,64,512,8192,99,64,512,512,99,64,512,4096,6606,64,256,4096,765,64,256,512,99,64,256,8192,126,128,256,1024,642,64,256,512,651,0,128,512,4554,64,256,4096,63,0,512,512,9,0,256,256,9,0,256,256,18,64,256,4096,27,0,0,0,0,0,0,0,0,0,0,0,0,64,128,128,20,64,128,128,20,8.54,7.52,1.02,0,2,2,0,4,106,0,0,2285,1060,2841,0,41,20,0
10593285227600,100,2048,16384,16384,718,512,8192,8192,98,8192,16384,16384,79,8192,8192,8192,15,0,0,0,0,512,4096,8192,27,512,8192,16384,79,2048,8192,8192,18,0,0,0,0,512,65536,131072,1047,262144,262144,262144,40,16384,32768,32768,40,262144,262144,262144,40,64,64,128,40,128,128,8192,40,64,256,4096,138,64,512,4096,138,64,512,4096,6462,64,256,4096,711,64,256,512,117,64,512,512,126,128,512,1024,618,64,256,512,609,0,128,512,4050,64,512,4096,126,0,128,128,9,0,0,0,0,0,0,0,0,0,0,0,0,0,0,0,0,0,0,0,0,0,0,0,0,64,128,128,20,64,128,128,20,9.33,7.67,1.66,0,0,1,0,1,94,0,0,2235,1040,2747,0,40,20,0
10594304723300,100,2048,16384,16384,733,512,8192,8192,105,8192,16384,16384,87,4096,8192,8192,14,0,0,0,0,1024,8192,8192,17,1024,8192,8192,77,2048,4096,4096,14,2048,2048,2048,2,256,65536,65536,1060,262144,262144,262144,41,16384,32768,65536,41,262144,262144,262144,41,64,64,128,41,128,128,128,41,64,512,4096,156,64,512,4096,156,64,512,4096,6597,64,256,4096,783,64,128,256,45,64,256,512,153,128,256,1024,609,64,256,1024,609,0,128,512,4347,64,256,512,36,64,256,256,9,0,0,0,0,0,0,0,0,64,256,256,18,0,0,0,0,0,0,0,0,0,0,0,0,64,128,128,21,64,128,128,21,8.30,7.28,1.02,0,0,10,0,1,101,0,0,2236,1048,2814,0,41,21,0
10595326213500,100,2048,16384,16384,735,512,8192,8192,101,8192,16384,16384,81,8192,16384,16384,16,0,0,0,1,1024,8192,8192,24,1024,8192,8192,77,2048,8192,8192,10,0,0,0,1,2048,65536,131072,1056,262144,262144,262144,41,16384,32768,32768,41,262144,262144,262144,41,64,64,128,41,64,128,128,41,64,512,4096,156,64,512,1024,156,64,512,4096,6615,64,512,4096,729,64,256,512,84,64,256,512,108,128,512,1024,732,64,256,512,714,0,128,512,3978,64,256,4096,108,0,128,128,9,64,4096,4096,9,64,256,256,9,64,256,256,9,0,0,0,0,0,0,0,0,0,0,0,0,64,128,128,20,64,128,128,20,8.53,7.52,1.02,0,1,7,0,4,97,0,0,2231,1043,2828,0,41,20,0
10596345950800,100,2048,8192,16384,744,512,8192,8192,100,8192,16384,16384,76,4096,16384,16384,17,0,0,0,0,1024,8192,8192,16,1024,8192,8192,86,2048,8192,8192,17,0,0,0,0,2048,65536,131072,1069,262144,262144,262144,41,16384,32768,65536,41,262144,262144,262144,41,64,128,128,41,128,128,128,41,64,512,4096,123,64,256,1024,123,64,512,4096,6696,64,512,4096,684,0,256,256,18,64,256,4096,207,128,512,1024,756,64,256,512,747,0,128,512,3969,64,256,512,54,64,128,128,18,0,0,0,0,0,0,0,0,0,0,0,0,0,0,0,0,0,0,0,0,0,0,0,0,128,128,128,21,64,128,128,21,9.71,8.05,1.66,0,0,3,0,2,93,0,0,2281,1066,2772,0,41,21,0
10597365874500,97,2048,8192,16384,714,512,8192,8192,99,8192,16384,16384,77,8192,16384,16384,14,0,0,0,1,1024,8192,8192,17,1024,8192,8192,81,2048,8192,8192,14,0,0,0,0,1024,65536,131072,1033,262144,262144,262144,41,8192,32768,32768,41,262144,262144,262144,41,64,128,128,41,128,128,128,41,64,512,4096,54,0,512,4096,81,64,512,4096,6426,64,512,4096,693,64,256,512,27,64,512,4096,162,128,256,512,723,64,256,512,732,0,256,512,3843,64,256,256,108,0,64,64,9,128,512,512,9,128,512,512,9,0,0,0,0,0,0,0,0,0,0,0,0,0,0,0,0,64,128,128,20,128,128,128,20,8.30,7.27,1.02,0,1,5,0,3,91,3,0,2228,1025,2776,0,41,20,0
10598386033700,97,2048,8192,16384,722,512,8192,8192,97,8192,16384,16384,79,8192,16384,16384,23,0,0,0,0,1024,4096,8192,22,1024,8192,8192,78,2048,4096,4096,9,0,0,0,0,2048,65536,262144,1032,262144,262144,262144,40,16384,32768,32768,40,262144,262144,262144,40,64,64,128,40,128,128,8192,40,0,512,8192,105,64,256,512,105,64,512,4096,6498,64,512,4096,711,64,256,256,66,64,256,4096,171,128,256,1024,687,64,128,512,678,0,128,512,4014,64,256,4096,135,0,64,64,9,0,0,0,0,0,0,0,0,0,0,0,0,0,0,0,0,0,0,0,0,0,0,0,0,64,128,128,20,64,128,128,20,10.21,8.04,2.17,0,0,3,0,3,102,0,0,2170,1028,2761,0,40,20,0
10599407561600,100,2048,8192,16384,727,512,8192,8192,97,8192,16384,16384,83,4096,16384,16384,19,0,0,0,1,1024,4096,4096,23,1024,8192,8192,77,2048,4096,4096,12,0,0,0,1,128,65536,65536,1047,262144,262144,262144,41,8192,32768,32768,41,262144,262144,262144,41,64,128,256,41,128,128,128,41,64,256,1024,132,64,512,512,105,64,512,4096,6543,64,512,4096,747,64,256,256,72,64,256,4096,144,128,512,1024,701,64,256,512,683,0,128,4096,4140,64,256,512,126,0,256,256,18,0,64,64,9,0,256,256,9,0,4096,4096,9,8192,8192,8192,3,1024,1024,1024,3,64,64,64,6,64,128,128,21,128,256,16384,21,8.67,7.40,1.28,3,1,0,0,1,102,0,0,2302,1038,2868,0,41,21,0
10600426938300,100,2048,16384,16384,731,512,8192,8192,101,8192,16384,16384,86,8192,16384,16384,25,0,0,0,0,1024,4096,4096,22,512,8192,8192,87,2048,8192,8192,12,0,0,0,0,128,65536,131072,1064,262144,262144,262144,41,8192,32768,65536,41,262144,262144,262144,41,64,64,64,41,128,128,8192,41,0,512,4096,126,64,512,4096,126,64,512,4096,6579,64,512,4096,774,64,256,256,132,64,512,4096,162,128,512,1024,744,64,256,512,735,0,128,512,4329,64,256,4096,81,64,256,256,27,0,0,0,0,0,0,0,0,0,0,0,0,0,0,0,0,0,0,0,0,0,0,0,0,64,128,128,20,64,128,128,20,8.43,7.41,1.02,0,0,1,0,0,111,0,0,2361,1058,2913,0,41,20,0
10601445913300,100,2048,8192,16384,731,512,4096,8192,100,8192,16384,16384,74,8192,16384,16384,27,0,0,0,0,1024,4096,4096,20,512,8192,8192,83,2048,8192,8192,16,0,0,0,0,256,65536,131072,1056,262144,262144,262144,41,16384,32768,32768,41,262144,262144,262144,41,64,128,128,41,128,128,128,41,64,512,8192,111,64,512,4096,111,64,512,4096,6579,64,256,4096,666,64,256,512,81,64,256,4096,162,64,512,1024,717,64,256,1024,717,0,256,512,4086,64,256,256,108,0,0,0,0,0,0,0,0,0,0,0,0,0,0,0,0,0,0,0,0,0,0,0,0,0,0,0,0,64,128,128,21,64,128,256,21,8.30,7.28,1.02,0,0,0,0,3,101,0,0,2363,1047,2873,0,41,21,0
10602466147900,100,2048,16384,16384,751,512,8192,8192,102,4096,16384,16384,86,4096,16384,16384,20,0,0,0,0,1024,8192,8192,16,1024,4096,8192,75,2048,8192,8192,19,0,0,0,0,1024,65536,131072,1072,262144,262144,262144,41,16384,32768,32768,41,262144,262144,262144,41,64,64,64,41,128,128,128,41,64,512,8192,153,64,512,8192,153,64,512,4096,6759,64,256,4096,774,64,256,256,114,64,256,4096,117,128,256,1024,705,64,256,512,696,0,128,512,4131,64,256,512,117,64,256,256,18,0,0,0,0,0,0,0,0,0,0,0,0,0,0,0,0,0,0,0,0,0,0,0,0,64,128,128,20,64,128,128,20,8.30,7.27,1.02,0,0,0,0,2,106,0,0,2394,1070,2896,0,41,20,0
10603487640000,100,2048,8192,16384,729,512,8192,8192,103,8192,16384,16384,76,8192,16384,32768,21,0,0,0,0,512,4096,4096,22,512,8192,8192,78,2048,8192,8192,15,0,0,0,0,2048,65536,131072,1049,262144,262144,262144,40,8192,32768,32768,40,262144,262144,262144,40,64,64,128,40,128,128,128,40,64,256,512,90,64,512,4096,90,64,512,4096,6561,64,256,4096,684,64,256,4096,84,64,256,4096,162,128,256,512,696,64,256,512,696,0,256,512,4032,64,256,1024,153,64,256,256,9,0,0,0,0,0,0,0,0,0,0,0,0,0,0,0,0,0,0,0,0,0,0,0,0,64,128,128,20,64,256,256,20,9.95,7.91,2.04,0,0,0,0,1,97,0,0,2249,1039,2777,0,40,20,0
10604507650300,100,2048,16384,16384,722,512,8192,8192,99,8192,16384,32768,77,8192,8192,16384,28,0,0,0,1,1024,4096,8192,24,512,8192,8192,81,2048,2048,2048,8,0,0,0,1,1024,65536,131072,1047,262144,262144,262144,41,16384,32768,32768,41,262144,262144,262144,41,64,256,256,41,128,128,128,41,64,512,512,108,64,512,4096,108,64,512,4096,6498,64,512,4096,693,64,256,4096,135,64,256,512,63,128,512,1024,693,64,512,1024,702,0,256,512,3771,64,256,4096,81,64,256,256,27,64,4096,4096,18,64,256,256,9,128,256,256,9,0,0,0,0,0,0,0,0,0,0,0,0,64,128,128,21,64,128,128,21,8.30,7.53,0.77,0,1,0,0,3,105,0,0,2370,1037,2882,0,41,21,0
10605528945600,100,2048,8192,16384,736,512,4096,4096,99,8192,16384,16384,88,8192,16384,16384,23,8192,8192,8192,2,1024,8192,8192,22,1024,8192,8192,80,2048,4096,4096,12,0,0,0,0,256,65536,131072,1068,262144,262144,262144,41,16384,32768,65536,41,262144,262144,262144,41,64,128,128,41,64,128,128,41,64,512,4096,189,64,512,1024,189,64,512,4096,6624,64,512,4096,792,64,256,512,126,64,2048,4096,90,128,256,1024,675,64,256,512,666,0,128,256,4383,64,512,4096,117,0,0,0,0,64,256,256,9,128,256,256,18,0,0,0,0,0,0,0,0,0,0,0,0,0,0,0,0,64,128,128,20,64,128,128,20,8.29,7.65,0.64,0,2,0,0,2,111,0,0,2342,1058,2907,0,41,20,0
10606548668800,100,2048,8192,16384,715,512,4096,8192,99,8192,16384,16384,82,8192,16384,16384,20,0,0,0,1,1024,4096,4096,16,512,8192,8192,84,2048,16384,16384,13,4096,4096,4096,2,1024,65536,131072,1038,262144,262144,262144,41,16384,32768,32768,41,262144,262144,262144,41,64,128,256,41,128,128,128,41,0,512,4096,108,64,512,4096,108,64,512,4096,6435,64,256,4096,738,64,256,256,126,64,512,512,99,64,256,1024,692,64,256,512,728,0,128,512,4014,64,256,4096,144,64,256,256,18,64,4096,8192,27,64,256,256,9,64,4096,4096,18,0,0,0,0,0,0,0,0,0,0,0,0,64,128,128,21,64,128,128,21,8.68,7.53,1.15,0,1,0,0,6,102,0,0,2347,1028,2907,0,41,21,0
10607569217400,97,2048,8192,16384,703,512,8192,8192,97,8192,16384,16384,75,4096,16384,16384,15,8192,8192,8192,2,1024,8192,8192,25,1024,8192,8192,73,2048,4096,4096,13,0,0,0,1,64,65536,131072,1016,262144,262144,262144,41,16384,32768,32768,41,262144,262144,262144,41,128,256,512,41,128,128,128,41,64,512,4096,107,64,512,512,134,64,512,4096,6327,64,256,4096,675,64,256,4096,96,64,256,512,108,128,256,1024,699,64,256,512,708,0,128,2048,3987,64,512,4096,108,0,128,128,9,0,128,128,9,64,256,256,18,64,512,512,9,0,0,0,0,0,0,0,0,0,0,0,0,64,128,128,20,64,128,128,20,8.30,7.27,1.02,0,2,0,0,2,90,3,0,2226,1007,2734,0,41,20,0
10608587740200,97,2048,8192,16384,700,512,8192,8192,97,8192,16384,16384,70,8192,8192,8192,18,0,0,0,0,1024,4096,4096,17,512,8192,8192,73,2048,8192,8192,13,0,0,0,1,64,65536,131072,999,262144,262144,262144,40,8192,32768,32768,40,262144,262144,262144,40,128,256,256,40,128,128,128,40,64,512,8192,60,64,512,4096,60,64,512,4096,6300,64,512,4096,630,64,256,4096,81,64,256,4096,108,128,256,1024,702,64,256,512,702,0,128,4096,4122,0,256,4096,117,0,256,256,9,0,0,0,0,0,0,0,0,128,256,256,9,0,0,0,0,0,0,0,0,0,0,0,0,64,128,128,20,64,128,128,20,8.31,7.29,1.02,0,0,0,0,0,88,0,0,2172,990,2652,0,40,20,0
10609609184800,100,2048,8192,16384,721,512,8192,8192,98,8192,16384,16384,87,8192,16384,16384,15,0,0,0,1,1024,4096,8192,21,1024,8192,8192,83,2048,8192,8192,15,0,0,0,0,512,65536,65536,1051,262144,262144,262144,41,16384,32768,65536,41,262144,262144,262144,41,128,256,256,41,128,128,128,41,64,512,512,147,64,512,8192,120,64,512,4096,6489,64,512,4096,783,64,256,512,59,64,512,4096,135,128,256,4096,680,64,256,1024,680,0,256,4096,4068,64,256,4096,99,0,256,256,9,64,4096,4096,9,64,256,256,9,0,0,0,0,2097152,2097152,2097152,3,1024,1024,1024,3,64,64,64,6,64,128,128,21,64,128,128,21,8.54,7.65,0.89,3,1,0,0,3,102,0,0,2291,1049,2896,0,41,21,0
10610628570000,100,2048,8192,16384,727,512,8192,8192,111,8192,16384,16384,86,4096,16384,16384,13,0,0,0,1,1024,4096,4096,25,1024,8192,8192,83,2048,8192,8192,16,0,0,0,1,128,65536,131072,1076,262144,262144,262144,41,16384,32768,32768,41,262144,262144,262144,41,128,256,256,41,64,128,128,41,64,512,8192,99,64,512,4096,99,64,512,4096,6543,64,512,4096,774,64,256,256,36,64,256,512,162,128,256,1024,671,64,256,512,671,0,256,2048,3951,64,512,4096,126,0,64,64,9,64,64,64,9,64,256,256,9,64,256,256,9,0,0,0,0,0,0,0,0,0,0,0,0,64,128,128,20,128,256,256,20,8.68,7.66,1.02,0,1,0,0,3,99,0,0,2279,1065,2810,0,41,20,0
10611648898200,100,2048,16384,16384,756,512,8192,8192,100,8192,8192,16384,77,8192,8192,8192,18,0,0,0,0,1024,8192,8192,16,512,8192,8192,81,2048,4096,4096,11,0,0,0,0,1024,65536,131072,1073,262144,262144,262144,41,16384,65536,65536,41,262144,262144,262144,41,128,256,256,41,128,128,128,41,64,512,4096,150,64,1024,8192,150,64,512,4096,6804,64,512,4096,693,64,256,1024,63,64,512,4096,225,128,256,1024,723,64,256,512,723,0,128,1024,3870,64,512,4096,90,64,256,256,41,0,0,0,0,0,0,0,0,0,0,0,0,0,0,0,0,0,0,0,0,0,0,0,0,128,128,128,21,64,128,128,21,8.42,7.40,1.02,0,0,0,0,3,95,0,0,2309,1067,2819,0,41,21,0
10612667983700,100,2048,16384,16384,726,512,8192,8192,100,8192,16384,16384,80,8192,16384,16384,18,0,0,0,1,512,8192,8192,19,1024,8192,8192,78,2048,8192,8192,13,0,0,0,0,1024,65536,131072,1042,262144,262144,262144,41,16384,32768,65536,41,262144,262144,262144,41,128,256,256,41,128,128,128,41,64,512,4096,165,64,512,4096,165,64,512,4096,6534,64,512,4096,720,64,256,256,78,64,256,512,153,128,512,1024,588,64,256,512,606,0,128,2048,4284,64,512,8192,54,0,128,128,9,64,256,256,18,64,256,256,9,0,0,0,0,0,0,0,0,0,0,0,0,0,0,0,0,64,128,128,20,64,128,128,20,8.30,7.28,1.02,0,1,0,0,4,98,0,0,2262,1038,2772,0,41,20,0
10613689949500,100,2048,8192,16384,729,512,4096,8192,100,8192,16384,16384,83,8192,16384,16384,17,16384,16384,16384,2,1024,4096,8192,23,512,8192,8192,80,2048,8192,8192,12,0,0,0,0,512,65536,131072,1055,262144,262144,262144,41,8192,32768,32768,41,262144,262144,262144,41,128,256,512,41,128,128,128,41,0,256,512,69,64,512,1024,69,64,512,4096,6561,64,512,4096,747,64,128,256,57,64,256,4096,144,128,512,1024,774,64,128,512,765,0,128,1024,4401,64,512,4096,99,0,64,64,9,0,64,64,9,0,4096,4096,18,0,0,0,0,0,0,0,0,0,0,0,0,0,0,0,0,64,128,128,21,64,128,128,21,8.54,7.65,0.89,0,2,0,0,1,100,0,0,2161,1043,2673,0,41,21,0
10614710804800,100,2048,16384,16384,751,512,8192,8192,101,8192,16384,32768,76,8192,8192,16384,31,0,0,0,1,1024,8192,8192,27,512,8192,8192,80,2048,4096,4096,14,0,0,0,0,2048,65536,131072,1086,262144,262144,262144,40,16384,32768,65536,40,262144,262144,262144,40,128,256,256,40,128,128,128,40,64,512,512,153,64,512,1024,153,64,512,4096,6759,64,512,4096,684,64,256,512,159,64,512,512,216,128,256,1024,681,64,256,512,699,0,128,512,3852,64,256,4096,108,64,128,128,30,64,256,256,9,64,256,256,9,0,0,0,0,0,0,0,0,0,0,0,0,0,0,0,0,64,128,128,20,64,128,128,20,8.67,7.52,1.15,0,1,0,0,1,107,0,0,2160,1077,2724,0,40,20,0
10615730015300,100,2048,16384,16384,702,512,8192,8192,99,8192,16384,16384,86,8192,16384,16384,22,0,0,0,1,1024,4096,4096,14,512,8192,8192,82,2048,8192,8192,13,0,0,0,1,128,65536,131072,1020,262144,262144,262144,41,16384,32768,32768,41,262144,262144,262144,41,128,256,256,41,128,128,128,41,0,256,512,111,64,512,4096,111,64,512,4096,6318,64,512,4096,774,64,256,256,63,64,256,512,162,128,512,1024,639,64,256,512,639,0,128,4096,4005,64,1024,4096,126,64,128,128,9,64,64,64,9,64,256,256,9,64,256,256,9,0,0,0,0,0,0,0,0,0,0,0,0,64,8192,8192,20,64,128,128,20,8.69,7.28,1.41,0,1,0,0,2,108,0,0,2270,1006,2817,0,41,20,0
10616750496100,100,2048,16384,16384,767,512,8192,8192,102,8192,16384,16384,83,8192,16384,16384,22,8192,8192,8192,2,1024,4096,4096,19,512,8192,8192,86,2048,8192,8192,12,0,0,0,1,128,65536,65536,1100,262144,262144,262144,41,16384,32768,32768,41,262144,262144,262144,41,128,512,512,41,128,128,8192,41,64,512,4096,126,64,512,1024,126,64,512,4096,6903,64,512,4096,747,64,256,256,120,64,256,4096,153,128,512,1024,767,64,256,1024,749,0,128,512,3897,64,256,4096,81,64,4096,4096,27,64,512,512,18,64,256,256,18,64,512,512,9,0,0,0,0,0,0,0,0,0,0,0,0,64,128,128,21,128,128,256,21,8.55,7.40,1.15,0,2,0,0,4,105,0,0,2301,1092,2866,0,41,21,0
10617770528500,97,2048,8192,16384,720,512,8192,8192,98,8192,16384,16384,73,8192,16384,16384,18,0,0,0,1,1024,4096,8192,22,512,8192,8192,78,2048,8192,8192,20,0,0,0,0,2048,65536,131072,1038,262144,262144,262144,41,16384,32768,32768,41,262144,262144,262144,41,64,128,256,41,128,128,256,41,64,256,4096,129,64,512,4096,156,64,512,4096,6480,64,512,4096,657,64,512,4096,75,64,256,4096,162,128,256,1024,798,64,256,512,780,0,128,2048,4311,64,256,512,117,0,64,64,9,0,0,0,0,64,256,256,9,0,0,0,0,0,0,0,0,0,0,0,0,0,0,0,0,64,128,128,20,64,128,128,20,9.44,7.79,1.66,0,1,0,0,3,91,3,0,2250,1034,2771,0,41,20,0
10618790532400,97,2048,8192,16384,702,512,8192,8192,97,8192,16384,16384,78,8192,16384,16384,30,0,0,0,1,1024,8192,8192,22,1024,8192,8192,73,2048,4096,4096,14,0,0,0,0,256,65536,131072,1020,262144,262144,262144,41,16384,32768,32768,41,262144,262144,262144,41,128,256,512,41,128,128,1024,41,64,512,4096,123,64,512,1024,123,64,512,4096,6318,64,512,4096,702,64,256,256,162,64,256,4096,171,128,256,1024,630,64,256,512,657,0,128,512,4221,64,256,4096,99,64,256,256,9,64,256,256,27,64,256,256,9,0,0,0,0,0,0,0,0,0,0,0,0,0,0,0,0,64,128,128,21,64,128,128,21,8.30,7.53,0.77,0,1,0,0,5,108,0,0,2234,1013,2822,0,41,21,0
10619810607700,100,2048,8192,16384,717,512,8192,8192,113,8192,16384,16384,81,8192,8192,8192,19,8192,8192,8192,3,512,8192,8192,15,512,8192,8192,83,2048,8192,8192,9,0,0,0,0,256,65536,262144,1046,262144,262144,262144,40,8192,32768,65536,40,262144,262144,262144,40,64,256,256,40,128,128,128,40,64,512,8192,105,64,512,512,78,64,512,4096,6453,64,512,4096,729,64,256,256,93,64,256,256,108,128,256,1024,669,64,256,512,687,0,128,512,3843,64,512,4096,108,64,256,256,27,0,64,64,9,64,256,512,27,0,0,0,0,8192,8192,8192,3,512,512,512,3,64,64,64,6,64,128,128,20,64,128,128,20,8.81,7.53,1.28,3,3,0,0,0,100,0,0,2233,1045,2815,0,40,20,0
10620832080100,100,2048,16384,16384,726,512,4096,8192,99,8192,16384,32768,77,8192,16384,16384,22,0,0,0,0,1024,4096,4096,20,512,8192,8192,80,2048,8192,8192,10,4096,4096,4096,2,1024,65536,131072,1040,262144,262144,262144,41,8192,32768,32768,41,262144,262144,262144,41,64,64,128,41,64,128,128,41,64,512,4096,78,64,512,8192,78,64,1024,4096,6534,64,256,4096,693,64,256,256,90,64,512,4096,99,128,256,512,641,64,256,512,632,0,128,512,4149,64,256,512,81,64,256,256,36,0,0,0,0,0,0,0,0,128,1024,1024,18,0,0,0,0,0,0,0,0,0,0,0,0,64,128,128,20,64,128,128,20,8.67,7.40,1.28,0,0,0,0,6,99,0,0,2283,1030,2804,0,41,20,0
10621852553300,100,2048,8192,16384,723,512,8192,8192,100,8192,16384,16384,85,8192,16384,16384,21,0,0,0,1,1024,16384,16384,17,512,8192,8192,88,2048,8192,8192,16,8192,8192,8192,2,2048,65536,131072,1066,262144,262144,262144,41,16384,32768,32768,41,262144,262144,262144,41,64,128,128,41,128,1024,8192,41,64,4096,8192,78,64,512,8192,78,64,512,4096,6507,64,256,4096,765,64,256,512,111,64,256,4096,162,128,512,1024,702,64,256,1024,711,0,128,512,3708,64,256,512,108,64,256,256,9,128,256,256,9,64,256,256,9,64,4096,4096,18,0,0,0,0,0,0,0,0,0,0,0,0,64,128,128,21,64,128,128,21,8.93,7.53,1.40,0,1,0,0,3,106,0,0,2228,1054,2772,0,41,21,0
10622871300600,100,2048,8192,16384,722,512,8192,16384,100,8192,16384,32768,73,8192,8192,8192,16,0,0,0,0,1024,4096,8192,27,512,8192,8192,76,2048,4096,4096,13,0,0,0,0,1024,65536,131072,1035,262144,262144,262144,41,16384,32768,32768,41,262144,262144,262144,41,64,64,128,41,64,128,128,41,64,256,512,120,64,512,4096,120,64,512,4096,6498,64,512,4096,657,64,256,256,87,64,256,256,81,128,512,1024,651,64,256,1024,633,0,128,512,3492,64,256,256,72,0,64,64,9,0,0,0,0,0,0,0,0,0,0,0,0,0,0,0,0,0,0,0,0,0,0,0,0,128,128,128,20,64,128,128,20,8.30,7.54,0.77,0,0,0,0,3,89,0,0,2235,1028,2712,0,41,20,0
10623890531600,100,2048,8192,16384,725,512,8192,8192,98,8192,16384,16384,86,8192,16384,16384,17,0,0,0,0,1024,8192,8192,19,1024,8192,8192,72,2048,8192,8192,15,0,0,0,1,1024,65536,131072,1047,262144,262144,262144,41,16384,32768,65536,41,262144,262144,262144,41,64,64,128,41,128,128,128,41,0,512,4096,141,64,512,4096,141,64,512,4096,6525,64,256,4096,774,64,256,512,93,64,512,4096,144,128,256,1024,657,64,256,512,657,0,128,256,4131,64,256,4096,144,64,256,256,18,0,0,0,0,0,0,0,0,64,256,256,9,0,0,0,0,0,0,0,0,0,0,0,0,64,128,128,21,64,128,128,21,8.57,7.42,1.15,0,0,0,0,0,103,0,0,2167,1039,2715,0,41,21,0
10624912873400,100,2048,16384,16384,724,512,8192,8192,98,8192,16384,16384,81,8192,16384,16384,17,0,0,0,1,512,4096,4096,14,1024,8192,8192,84,2048,8192,8192,15,0,0,0,1,1024,65536,262144,1044,262144,262144,262144,40,16384,65536,65536,40,262144,262144,262144,40,64,128,256,40,128,128,1024,40,64,512,4096,117,64,512,4096,117,64,512,4096,6516,64,512,4096,729,0,256,256,90,64,512,4096,144,64,512,1024,711,64,256,512,711,0,128,512,3933,64,256,4096,63,64,256,256,27,0,256,256,9,0,256,256,9,0,256,256,9,0,0,0,0,0,0,0,0,0,0,0,0,64,8192,8192,20,128,128,128,20,8.27,7.25,1.02,0,1,0,0,3,98,0,0,2203,1042,2732,0,40,20,0
10625932762200,100,2048,8192,16384,724,512,4096,4096,98,8192,16384,16384,72,8192,16384,16384,14,0,0,0,1,1024,8192,8192,22,512,8192,8192,82,2048,8192,8192,19,0,0,0,1,512,65536,65536,1045,262144,262144,262144,41,16384,32768,32768,41,262144,262144,262144,41,64,256,256,41,128,2048,8192,41,64,512,512,111,64,512,512,111,64,512,4096,6516,64,512,4096,648,64,256,256,81,64,512,4096,198,128,512,1024,636,64,256,512,636,0,128,512,3897,64,512,4096,108,0,256,256,27,0,256,256,9,64,256,256,9,128,256,256,9,0,0,0,0,0,0,0,0,0,0,0,0,64,128,128,20,64,128,128,20,8.81,7.67,1.15,0,1,0,0,3,86,0,0,2167,1032,2667,0,41,20,0
10626952848000,97,2048,16384,16384,720,512,4096,8192,100,8192,16384,16384,88,8192,16384,16384,13,0,0,0,0,1024,8192,8192,26,512,8192,8192,79,1024,8192,8192,9,8192,8192,8192,2,64,65536,131072,1049,262144,262144,262144,41,16384,65536,65536,41,262144,262144,262144,41,64,64,128,41,128,128,8192,41,64,512,8192,165,64,4096,8192,192,64,512,4096,6480,64,512,4096,792,128,256,512,54,64,256,4096,144,128,512,1024,702,64,256,1024,693,0,128,512,3861,64,256,256,63,0,128,128,18,0,0,0,0,0,0,0,0,0,4096,4096,18,0,0,0,0,0,0,0,0,0,0,0,0,64,128,128,21,64,128,128,21,8.42,7.66,0.77,0,0,0,0,1,101,3,0,2159,1039,2797,0,41,21,0
10627970949200,97,2048,8192,16384,707,512,8192,8192,97,8192,16384,16384,77,8192,16384,16384,22,0,0,0,1,1024,8192,8192,23,1024,4096,8192,80,1024,8192,8192,13,0,0,0,0,128,65536,131072,1027,262144,262144,262144,41,16384,32768,32768,41,262144,262144,262144,41,64,64,128,41,64,128,128,41,64,256,512,141,64,512,1024,141,64,512,4096,6363,64,256,4096,693,64,256,512,81,64,256,512,180,64,256,2048,702,64,256,512,711,0,128,512,4203,64,256,4096,81,64,256,256,30,128,256,256,9,64,128,128,9,0,0,0,0,0,0,0,0,0,0,0,0,0,0,0,0,64,128,128,20,64,128,128,20,8.44,7.16,1.28,0,1,0,0,1,99,0,0,2207,1023,2723,0,41,20,0
10628994080000,97,2048,16384,16384,713,512,8192,8192,98,8192,16384,16384,81,8192,16384,16384,20,0,0,0,0,1024,8192,8192,17,1024,4096,8192,72,2048,2048,2048,9,0,0,0,0,2048,65536,131072,1016,262144,262144,262144,41,16384,32768,32768,41,262144,262144,262144,41,64,64,128,41,128,128,128,41,64,512,8192,150,64,512,1024,150,64,512,4096,6417,64,512,4096,729,64,256,256,54,64,512,1024,198,128,512,1024,801,64,256,512,765,0,128,512,3978,64,256,256,90,64,128,128,21,0,0,0,0,0,0,0,0,0,0,0,0,0,0,0,0,0,0,0,0,0,0,0,0,128,128,128,21,64,128,128,21,8.53,7.38,1.15,0,0,0,0,2,101,0,0,2235,1013,2734,0,41,21,0
10630012711300,100,2048,16384,16384,745,512,8192,8192,103,4096,16384,16384,81,8192,16384,16384,24,0,0,0,0,512,4096,4096,15,512,4096,8192,82,2048,8192,8192,18,0,0,0,0,1024,65536,131072,1070,262144,262144,262144,40,16384,32768,65536,40,262144,262144,262144,40,64,64,64,40,128,128,1024,40,64,256,4096,180,64,512,8192,153,64,512,4096,6705,64,256,4096,729,64,256,4096,68,64,256,512,171,128,512,1024,669,64,256,1024,669,0,128,256,3654,64,256,256,72,0,256,256,9,0,0,0,0,0,0,0,0,0,0,0,0,16384,32768,32768,3,1024,1024,1024,3,64,64,64,6,64,128,128,20,64,256,256,20,8.95,7.54,1.41,3,0,0,0,2,105,0,0,2250,1066,2879,0,40,20,0
10631032666700,100,2048,16384,16384,734,512,8192,8192,99,8192,16384,16384,79,4096,8192,16384,23,0,0,0,0,512,4096,4096,14,512,8192,8192,88,2048,8192,8192,15,0,0,0,0,512,65536,131072,1056,262144,262144,262144,41,16384,32768,32768,41,262144,262144,262144,41,64,64,64,41,128,128,128,41,64,256,512,123,64,512,512,123,64,512,4096,6606,64,256,4096,711,64,512,4096,63,64,256,256,144,128,256,1024,663,64,256,512,672,0,128,512,4383,64,4096,4096,117,64,256,256,21,0,0,0,0,0,0,0,0,0,0,0,0,0,0,0,0,0,0,0,0,0,0,0,0,64,128,128,20,64,128,128,20,9.06,7.66,1.40,0,0,0,0,1,102,0,0,2241,1048,2813,0,41,20,0
10632052727000,100,2048,8192,16384,756,512,8192,8192,101,8192,16384,16384,78,8192,16384,16384,22,0,0,0,1,1024,4096,8192,34,1024,8192,8192,80,2048,8192,8192,15,0,0,0,0,64,65536,65536,1092,262144,262144,262144,41,16384,32768,65536,41,262144,262144,262144,41,64,64,128,41,128,128,128,41,64,512,16384,161,64,512,4096,161,64,512,4096,6804,64,512,4096,702,64,256,256,108,64,256,512,135,128,512,1024,801,64,256,512,792,0,256,512,3681,64,256,4096,72,0,128,256,27,128,256,256,9,128,256,256,9,0,0,0,0,0,0,0,0,0,0,0,0,0,0,0,0,128,128,128,21,64,128,128,21,8.68,7.79,0.89,0,1,0,0,0,100,0,0,2240,1086,2783,0,41,21,0
10633074777100,100,2048,8192,16384,759,512,8192,8192,100,8192,16384,32768,84,8192,16384,16384,30,0,0,0,1,1024,8192,8192,17,512,8192,8192,85,2048,4096,4096,18,0,0,0,0,512,65536,131072,1099,262144,262144,262144,41,8192,65536,65536,41,262144,262144,262144,41,64,128,128,41,64,128,128,41,64,512,4096,117,64,512,512,117,64,512,4096,6831,64,256,4096,756,64,256,256,131,64,256,4096,153,128,256,1024,633,64,256,512,642,0,128,512,4203,64,256,512,90,64,256,256,36,64,256,256,9,0,256,256,9,0,0,0,0,0,0,0,0,0,0,0,0,0,0,0,0,64,8192,8192,20,64,128,128,20,8.41,7.26,1.15,0,1,0,0,1,114,0,0,2256,1091,2866,0,41,20,0
10634095370700,100,2048,16384,16384,730,512,8192,8192,100,8192,16384,32768,79,8192,16384,16384,21,0,0,0,1,512,8192,8192,21,1024,8192,8192,82,2048,4096,4096,12,0,0,0,0,1024,65536,65536,1052,262144,262144,262144,41,16384,32768,32768,41,262144,262144,262144,41,64,256,256,41,64,128,1024,41,64,512,4096,120,64,1024,8192,120,64,512,4096,6570,64,256,4096,711,64,256,4096,84,64,512,4096,126,128,512,2048,764,64,256,512,755,0,128,4096,4032,64,256,4096,90,64,256,256,30,64,256,256,18,0,256,256,9,0,0,0,0,0,0,0,0,0,0,0,0,0,0,0,0,64,8192,8192,21,64,128,128,21,8.55,7.27,1.28,0,1,0,0,1,100,0,0,2220,1044,2758,0,41,21,0
10635114701900,100,2048,8192,16384,759,512,8192,8192,100,8192,16384,16384,83,8192,8192,8192,21,0,0,0,1,512,4096,4096,14,512,8192,8192,74,1024,8192,8192,7,0,0,0,0,128,65536,65536,1064,262144,262144,262144,40,32768,32768,32768,40,262144,262144,262144,40,64,128,128,40,128,256,8192,40,64,256,1024,147,64,512,512,147,64,512,4096,6831,64,256,4096,747,64,256,512,120,64,256,512,90,128,512,1024,681,64,256,1024,681,0,128,512,4086,64,256,4096,126,0,0,0,0,0,0,0,0,0,256,256,9,0,0,0,0,0,0,0,0,0,0,0,0,0,0,0,0,64,8192,8192,20,64,128,128,20,8.43,7.28,1.15,0,1,0,0,2,104,0,0,2275,1057,2832,0,40,20,0
10636135020100,100,2048,8192,16384,751,512,8192,8192,102,8192,16384,16384,81,8192,8192,16384,24,0,0,0,0,1024,4096,4096,19,512,8192,8192,83,2048,4096,4096,14,0,0,0,0,1024,65536,131072,1080,262144,262144,262144,41,16384,32768,32768,41,262144,262144,262144,41,64,64,128,41,64,128,128,41,64,512,4096,117,64,512,8192,117,64,512,4096,6759,64,512,4096,729,64,256,256,144,64,256,1024,90,128,512,2048,723,64,256,512,741,0,128,512,4230,64,256,512,99,64,256,256,30,0,256,256,9,0,0,0,0,0,0,0,0,0,0,0,0,0,0,0,0,0,0,0,0,64,128,128,20,64,256,256,20,8.29,7.52,0.77,0,0,1,0,2,105,0,0,2208,1070,2762,0,41,20,0
10637154072800,97,2048,16384,16384,713,512,8192,8192,99,8192,16384,16384,80,8192,16384,16384,18,8192,8192,8192,2,1024,8192,8192,30,4096,8192,8192,83,4096,8192,8192,12,0,0,0,0,2048,65536,262144,1048,262144,262144,262144,41,16384,32768,32768,41,262144,262144,262144,41,64,128,256,41,64,128,128,41,64,512,512,117,64,512,1024,144,64,512,4096,6417,64,512,4096,720,64,256,512,105,64,256,4096,99,128,256,1024,663,64,256,512,663,0,128,4096,4041,64,256,512,126,0,256,256,9,64,256,256,9,64,256,256,18,0,0,0,0,0,0,0,0,0,0,0,0,0,0,0,0,64,128,128,21,64,128,128,21,8.70,7.67,1.02,0,2,2,0,2,98,3,0,2239,1045,2797,0,41,21,0
10638173814700,97,2048,8192,16384,700,512,8192,8192,96,8192,16384,16384,75,4096,16384,16384,17,0,0,0,0,1024,8192,8192,17,1024,8192,8192,83,2048,8192,8192,19,8192,8192,8192,2,64,65536,65536,1014,262144,262144,262144,41,16384,32768,32768,41,262144,262144,262144,41,64,128,128,41,128,128,128,41,64,512,4096,103,64,512,1024,103,64,512,4096,6300,64,256,4096,675,64,256,4096,93,64,256,512,72,128,512,1024,696,64,256,512,723,0,256,4096,4149,64,256,4096,99,64,256,256,12,64,256,256,9,0,0,0,0,64,4096,4096,18,0,0,0,0,0,0,0,0,0,0,0,0,64,128,128,20,64,128,128,20,9.06,7.53,1.53,0,0,4,0,2,92,0,0,2172,1007,2715,0,41,20,0
10639194769200,100,2048,8192,16384,711,512,8192,16384,97,8192,16384,16384,81,8192,16384,16384,13,0,0,0,1,1024,8192,8192,16,1024,8192,8192,79,2048,8192,8192,15,0,0,0,0,1024,65536,131072,1027,262144,262144,262144,41,16384,32768,32768,41,262144,262144,262144,41,64,64,128,41,128,128,8192,41,64,512,4096,177,64,512,4096,150,64,512,4096,6399,64,512,4096,729,64,256,4096,87,64,256,4096,153,128,256,1024,666,64,256,512,666,0,128,512,3600,64,256,4096,99,64,256,256,18,0,0,0,0,0,256,256,9,0,0,0,0,16384,16384,16384,3,1024,2048,2048,3,64,64,64,6,64,128,128,21,64,128,128,21,8.81,7.53,1.28,3,1,8,0,4,94,0,0,2216,1023,2814,0,41,21,0
10640215854400,100,2048,8192,16384,750,512,8192,8192,124,8192,16384,16384,80,8192,16384,16384,17,0,0,0,1,512,4096,4096,19,1024,4096,8192,83,2048,8192,8192,15,0,0,0,0,256,65536,131072,1107,262144,262144,262144,41,16384,32768,32768,41,262144,262144,262144,41,64,256,256,41,128,128,8192,41,64,512,4096,108,64,512,8192,108,64,1024,4096,6750,64,256,4096,720,64,256,512,45,64,256,4096,162,128,512,1024,672,64,256,1024,663,0,128,512,4005,64,512,4096,54,128,256,256,18,0,128,128,9,0,256,256,9,0,0,0,0,0,0,0,0,0,0,0,0,0,0,0,0,128,128,128,20,64,64,64,20,8.29,7.52,0.77,0,1,5,0,3,97,0,0,2321,1105,2858,0,41,20,0
10641234880600,100,2048,16384,16384,722,512,8192,8192,100,8192,16384,16384,83,8192,16384,16384,16,0,0,0,0,1024,8192,8192,25,1024,8192,8192,83,2048,8192,8192,14,0,0,0,0,128,65536,131072,1047,262144,262144,262144,40,16384,32768,32768,40,262144,262144,262144,40,64,128,128,40,128,128,128,40,64,512,4096,120,64,4096,8192,120,64,512,4096,6498,64,512,4096,747,64,256,256,27,64,256,8192,135,128,256,512,639,64,256,512,639,0,128,512,4239,64,256,4096,90,64,4096,4096,18,0,0,0,0,0,0,0,0,0,0,0,0,0,0,0,0,0,0,0,0,0,0,0,0,64,128,128,20,64,128,128,20,9.20,7.67,1.53,0,0,3,0,2,99,0,0,2283,1042,2815,0,40,20,0
10642256092000,100,2048,16384,16384,747,512,8192,8192,99,8192,16384,16384,84,8192,8192,8192,14,0,0,0,0,1024,4096,8192,24,1024,8192,16384,68,2048,8192,8192,13,0,0,0,0,2048,65536,262144,1061,262144,262144,262144,41,16384,32768,65536,41,262144,262144,262144,41,64,64,128,41,64,128,16384,41,64,512,8192,162,64,512,4096,162,64,512,4096,6723,64,256,4096,756,64,256,512,84,64,512,4096,144,128,256,1024,750,64,128,512,741,0,128,512,4239,64,256,2048,99,64,256,256,9,0,0,0,0,0,0,0,0,0,0,0,0,0,0,0,0,0,0,0,0,0,0,0,0,64,128,128,21,64,128,128,21,8.29,7.40,0.89,0,0,6,0,5,98,0,0,2292,1055,2826,0,41,21,0
10643275882600,100,2048,16384,16384,732,512,8192,8192,103,8192,16384,16384,83,4096,16384,16384,26,0,0,0,1,1024,8192,8192,20,1024,8192,8192,85,2048,4096,4096,8,0,0,0,0,2048,65536,131072,1066,262144,262144,262144,41,16384,32768,65536,41,262144,262144,262144,41,64,128,256,41,64,128,8192,41,64,512,4096,156,64,512,4096,156,64,512,4096,6588,64,512,4096,747,64,512,4096,95,64,256,4096,198,128,512,1024,696,64,256,1024,705,0,128,256,3618,64,256,512,117,64,512,512,18,0,128,128,9,0,256,256,9,0,0,0,0,0,0,0,0,0,0,0,0,0,0,0,0,64,128,128,20,64,128,128,20,8.30,7.27,1.02,0,1,3,0,5,109,0,0,2295,1057,2859,0,41,20,0
10644296462900,100,2048,16384,16384,734,512,8192,8192,99,8192,16384,16384,81,8192,16384,16384,28,0,0,0,1,1024,4096,4096,16,1024,8192,8192,80,2048,4096,4096,8,0,0,0,1,256,65536,131072,1053,262144,262144,262144,41,16384,32768,32768,41,262144,262144,262144,41,64,128,128,41,128,128,128,41,64,256,512,117,64,512,512,117,64,512,4096,6606,64,512,4096,729,64,256,512,78,64,512,4096,207,128,256,1024,651,64,256,512,633,0,128,512,4257,64,256,512,99,64,256,256,39,0,128,128,9,64,256,256,9,128,256,256,9,0,0,0,0,0,0,0,0,0,0,0,0,64,128,128,21,64,256,256,21,10.21,8.17,2.04,0,1,0,0,0,109,0,0,2299,1045,2849,0,41,21,0
10645317137700,100,2048,8192,16384,730,512,8192,8192,99,8192,16384,16384,77,4096,16384,16384,18,0,0,0,0,1024,4096,8192,22,512,8192,8192,83,4096,8192,8192,18,0,0,0,1,512,65536,65536,1052,262144,262144,262144,41,8192,32768,32768,41,262144,262144,262144,41,64,64,128,41,128,128,128,41,0,256,512,96,0,512,4096,96,64,512,4096,6570,64,256,4096,693,64,256,256,39,64,512,4096,153,128,512,1024,738,64,256,512,720,0,256,4096,4266,64,512,8192,90,64,256,256,18,0,0,0,0,0,0,0,0,64,4096,4096,9,0,0,0,0,0,0,0,0,0,0,0,0,64,128,128,20,64,128,128,20,8.42,7.40,1.02,0,0,2,0,0,95,0,0,2305,1044,2792,0,41,20,0
10646337257700,100,2048,16384,16384,725,512,8192,8192,101,8192,16384,16384,74,8192,16384,16384,21,0,0,0,1,512,4096,8192,25,512,8192,8192,81,2048,8192,8192,20,0,0,0,0,512,65536,262144,1053,262144,262144,262144,40,16384,32768,65536,40,262144,262144,262144,40,64,128,128,40,128,128,128,40,64,256,4096,147,64,512,4096,147,64,1024,4096,6525,64,256,4096,666,64,256,256,117,64,512,4096,189,128,512,1024,667,64,256,1024,649,0,128,512,3645,64,512,4096,126,64,256,256,27,0,128,128,9,64,256,256,9,0,0,0,0,0,0,0,0,0,0,0,0,0,0,0,0,64,128,128,20,64,64,64,20,8.30,7.27,1.02,0,1,0,0,2,95,0,0,2266,1041,2807,0,40,20,0
10647357164900,97,2048,16384,16384,739,512,8192,8192,98,8192,16384,16384,89,8192,16384,16384,27,8192,8192,8192,2,1024,4096,4096,13,512,8192,8192,80,2048,8192,8192,19,0,0,0,0,2048,65536,131072,1071,262144,262144,262144,41,16384,32768,32768,41,262144,262144,262144,41,128,256,512,41,128,128,128,41,0,256,256,105,64,512,8192,132,64,512,4096,6651,64,512,4096,801,64,256,512,147,64,512,4096,144,64,256,512,682,64,256,512,709,0,128,512,4230,64,256,4096,135,64,128,128,18,64,256,256,27,64,256,256,18,0,0,0,0,0,0,0,0,0,0,0,0,0,0,0,0,64,128,128,21,64,64,64,21,9.44,7.66,1.79,0,2,0,0,5,116,3,0,2311,1069,2943,0,41,21,0
10648376592300,97,2048,16384,16384,710,512,8192,8192,97,8192,16384,16384,74,8192,16384,16384,17,0,0,0,1,1024,8192,8192,27,512,4096,8192,79,2048,8192,8192,13,0,0,0,0,1024,65536,131072,1024,262144,262144,262144,41,16384,32768,32768,41,262144,262144,262144,41,128,256,512,41,128,128,128,41,64,512,8192,192,64,512,4096,192,64,1024,4096,6390,64,256,4096,666,64,256,256,87,64,256,4096,153,128,512,1024,738,64,256,1024,729,0,128,256,3861,64,256,4096,135,0,256,256,36,64,256,256,18,64,128,128,9,0,0,0,0,0,0,0,0,0,0,0,0,0,0,0,0,64,128,128,20,64,128,128,20,8.43,7.28,1.15,0,1,0,0,2,91,0,0,2274,1022,2743,0,41,20,0
10649397209900,100,2048,16384,16384,705,512,8192,8192,98,8192,16384,16384,79,8192,16384,16384,23,8192,8192,8192,4,1024,4096,4096,14,512,8192,8192,75,1024,4096,4096,11,0,0,0,0,128,65536,65536,1013,262144,262144,262144,41,16384,32768,65536,41,262144,262144,262144,41,128,256,512,41,128,128,128,41,64,512,4096,195,64,512,8192,168,64,512,4096,6345,64,256,4096,711,64,256,256,132,64,512,4096,126,128,512,1024,645,64,256,1024,681,0,128,256,4239,64,256,256,126,64,256,256,18,64,256,256,18,64,256,512,36,0,0,0,0,8192,16384,16384,3,512,1024,1024,3,64,64,64,6,64,128,128,21,64,128,128,21,8.93,7.66,1.28,3,4,0,0,2,102,0,0,2192,1011,2752,0,41,21,0
10650418303600,100,2048,16384,16384,734,512,8192,8192,101,8192,16384,16384,85,8192,8192,16384,22,0,0,0,0,1024,8192,8192,17,512,8192,8192,79,2048,2048,2048,7,0,0,0,0,1024,65536,131072,1053,262144,262144,262144,41,16384,32768,65536,41,262144,262144,262144,41,64,64,64,41,128,128,256,41,64,512,8192,158,64,512,8192,158,64,512,4096,6606,64,512,4096,765,64,256,256,93,64,256,512,117,64,256,1024,801,64,256,512,792,0,256,2048,4095,64,256,512,90,64,256,256,18,0,0,0,0,0,0,0,0,0,0,0,0,0,0,0,0,0,0,0,0,0,0,0,0,64,128,128,20,64,64,64,20,8.29,7.27,1.02,0,0,0,0,0,107,0,0,2291,1051,2860,0,41,20,0
10651438356600,100,2048,16384,16384,720,512,8192,8192,100,8192,16384,16384,81,8192,16384,16384,22,8192,8192,8192,2,512,8192,8192,20,512,8192,8192,85,4096,8192,8192,12,2048,2048,2048,2,256,65536,131072,1052,262144,262144,262144,40,16384,32768,32768,40,262144,262144,262144,40,64,256,256,40,128,128,2048,40,64,512,4096,129,64,512,4096,129,64,512,4096,6480,64,256,4096,729,64,256,256,120,64,256,4096,144,128,256,512,629,64,256,1024,665,0,128,2048,4482,64,256,4096,135,64,256,256,27,64,256,256,18,64,256,256,18,128,512,512,18,0,0,0,0,0,0,0,0,0,0,0,0,64,128,128,20,64,256,256,20,8.55,7.40,1.15,0,2,0,0,3,103,0,0,2317,1040,2878,0,40,20,0
10652459122300,100,2048,8192,16384,736,512,8192,8192,100,8192,16384,16384,76,8192,16384,16384,20,0,0,0,1,1024,8192,8192,21,1024,8192,8192,78,2048,16384,16384,16,0,0,0,0,1024,65536,131072,1055,262144,262144,262144,41,16384,32768,32768,41,262144,262144,262144,41,64,128,128,41,128,128,128,41,0,256,4096,83,64,4096,8192,83,64,512,4096,6624,64,256,4096,684,64,128,256,81,64,512,4096,108,64,256,1024,653,64,256,512,662,0,128,512,3942,64,256,512,108,64,128,128,18,64,256,256,9,0,256,256,9,0,0,0,0,0,0,0,0,0,0,0,0,0,0,0,0,64,128,128,21,128,128,128,21,8.67,7.52,1.15,0,1,0,0,7,96,0,0,2318,1053,2810,0,41,21,0
10653478702500,100,2048,16384,16384,711,512,8192,8192,99,8192,16384,16384,74,4096,8192,8192,18,0,0,0,0,1024,8192,8192,26,1024,8192,8192,81,2048,8192,8192,20,0,0,0,0,1024,65536,131072,1039,262144,262144,262144,41,16384,32768,65536,41,262144,262144,262144,41,64,64,128,41,128,128,128,41,64,256,8192,129,64,512,4096,129,64,1024,4096,6399,64,256,4096,666,64,256,256,48,64,512,4096,90,128,256,1024,735,64,128,256,708,0,128,512,3735,64,512,4096,99,128,256,256,18,0,0,0,0,0,0,0,0,0,0,0,0,0,0,0,0,0,0,0,0,0,0,0,0,64,128,128,20,64,128,128,20,8.30,7.41,0.89,0,0,0,0,4,92,0,0,2261,1033,2752,0,41,20,0
10654498923200,100,2048,16384,16384,749,512,8192,8192,104,8192,16384,16384,86,4096,16384,16384,13,0,0,0,0,1024,8192,8192,17,512,4096,8192,73,2048,4096,4096,14,0,0,0,1,1024,65536,131072,1074,262144,262144,262144,41,16384,32768,32768,41,262144,262144,262144,41,64,64,128,41,64,128,128,41,64,512,512,144,64,512,4096,144,64,512,4096,6741,64,256,4096,774,64,256,4096,51,64,512,4096,216,128,512,1024,663,64,256,512,663,0,256,512,4185,64,256,4096,90,64,512,512,18,0,0,0,0,0,0,0,0,0,256,256,9,0,0,0,0,0,0,0,0,0,0,0,0,64,128,128,21,64,64,128,21,9.57,7.79,1.79,0,0,0,0,1,99,0,0,1977,1025,2502,0,41,21,0
10655518365700,100,2048,8192,16384,735,512,8192,8192,100,8192,16384,16384,82,8192,32768,32768,18,8192,8192,8192,2,1024,8192,8192,15,512,8192,8192,86,2048,8192,8192,17,0,0,0,0,128,65536,131072,1063,262144,262144,262144,41,8192,32768,32768,41,262144,262144,262144,41,64,256,256,41,128,128,128,41,64,256,512,63,64,512,4096,63,64,512,4096,6615,64,256,4096,738,64,256,256,99,64,256,4096,144,128,256,1024,678,64,256,512,687,0,128,512,4095,64,256,512,135,128,256,256,9,64,256,256,18,64,256,256,18,0,0,0,0,0,0,0,0,0,0,0,0,0,0,0,0,64,128,128,20,64,128,128,20,8.56,7.54,1.02,0,2,0,0,1,100,0,0,2186,1058,2762,0,41,20,0
10656537743400,100,2048,16384,16384,737,512,8192,8192,100,8192,16384,16384,83,8192,16384,16384,14,0,0,0,1,1024,8192,8192,21,512,8192,8192,84,2048,8192,8192,10,0,0,0,0,64,65536,262144,1062,262144,262144,262144,40,16384,32768,32768,40,262144,262144,262144,40,128,256,512,40,128,128,128,40,64,1024,8192,123,64,512,4096,123,64,512,4096,6633,64,512,4096,747,64,256,512,75,64,512,4096,144,128,512,2048,648,64,256,512,648,0,128,1024,4014,0,256,4096,72,0,256,256,18,64,256,256,18,0,256,256,9,0,0,0,0,0,0,0,0,0,0,0,0,0,0,0,0,64,128,128,20,64,256,256,20,8.30,7.28,1.02,0,1,0,0,3,97,0,0,2271,1059,2769,0,40,20,0
10657560482000,97,2048,8192,16384,721,512,8192,8192,98,8192,16384,16384,79,8192,8192,8192,19,0,0,0,1,1024,8192,8192,25,1024,8192,8192,80,2048,4096,4096,8,0,0,0,1,1024,65536,131072,1044,262144,262144,262144,41,16384,32768,32768,41,262144,262144,262144,41,64,256,256,41,128,128,256,41,0,256,512,141,64,512,4096,168,64,512,4096,6489,64,512,4096,711,64,256,256,99,64,512,4096,180,128,512,1024,624,64,256,512,615,0,128,512,3708,64,256,8192,81,64,256,256,18,0,64,64,9,0,256,256,9,0,256,256,9,0,0,0,0,0,0,0,0,0,0,0,0,128,128,1024,21,64,64,128,21,9.29,7.64,1.65,0,1,0,0,5,98,3,0,2229,1040,2788,0,41,21,0
10658580661500,97,2048,8192,16384,679,512,8192,8192,97,8192,16384,32768,75,8192,8192,8192,22,0,0,0,1,1024,8192,8192,18,512,8192,8192,74,2048,4096,4096,8,0,0,0,1,1024,65536,262144,978,262144,262144,262144,41,16384,32768,32768,41,262144,262144,262144,41,64,256,256,41,128,128,128,41,64,256,1024,147,64,512,8192,147,64,512,4096,6111,64,256,4096,675,0,128,256,36,64,256,512,189,128,512,1024,707,64,256,512,698,0,128,512,4329,64,256,512,72,64,256,256,18,64,64,64,9,0,256,256,9,128,256,256,9,0,0,0,0,0,0,0,0,0,0,0,0,128,128,128,20,64,128,128,20,8.93,7.91,1.02,0,1,0,0,3,97,0,0,2179,971,2746,0,41,20,0
10659598910700,100,2048,8192,16384,757,512,8192,8192,100,8192,16384,16384,78,8192,16384,16384,24,8192,8192,8192,2,1024,4096,4096,20,512,8192,8192,80,2048,8192,8192,17,0,0,0,0,128,65536,131072,1085,262144,262144,262144,41,8192,32768,32768,41,262144,262144,262144,41,128,256,256,41,128,128,128,41,64,512,512,114,64,512,512,87,64,512,4096,6813,64,256,4096,702,64,256,256,143,64,256,2048,153,128,512,1024,750,64,256,1024,732,0,128,512,3771,64,256,4096,126,64,256,256,9,64,256,256,18,0,512,512,18,0,0,0,0,8192,16384,16384,3,1024,1024,1024,3,64,64,64,6,64,128,128,21,64,128,128,21,8.31,7.42,0.90,3,2,0,0,3,102,0,0,2267,1084,2880,0,41,21,0
10660620441100,100,2048,16384,16384,735,512,8192,8192,98,4096,16384,16384,82,8192,16384,16384,21,0,0,0,1,1024,8192,8192,16,1024,8192,8192,81,2048,8192,8192,15,0,0,0,0,2048,65536,131072,1056,262144,262144,262144,41,16384,32768,32768,41,262144,262144,262144,41,64,64,64,41,128,128,8192,41,64,256,4096,129,64,512,4096,129,64,512,4096,6615,64,256,4096,738,64,256,512,84,64,256,8192,171,128,256,1024,708,64,256,512,699,0,256,512,4446,64,256,512,135,64,256,512,39,0,0,0,0,0,256,256,9,0,0,0,0,0,0,0,0,0,0,0,0,0,0,0,0,128,128,128,20,64,128,128,20,9.44,7.78,1.66,0,1,0,0,4,103,0,0,2306,1050,2836,0,41,20,0
10661640897600,100,2048,8192,16384,714,512,8192,16384,100,8192,16384,16384,81,8192,16384,16384,27,0,0,0,1,1024,8192,8192,23,512,8192,16384,81,2048,8192,8192,18,4096,4096,4096,2,2048,65536,262144,1047,262144,262144,262144,41,8192,32768,32768,41,262144,262144,262144,41,128,256,256,41,64,128,128,41,0,512,4096,75,64,256,4096,75,64,512,4096,6426,64,256,4096,729,64,256,256,153,64,256,4096,171,128,512,1024,690,64,256,512,708,0,128,512,4482,64,256,1024,126,64,256,256,18,64,256,256,27,64,256,256,9,128,256,256,18,0,0,0,0,0,0,0,0,0,0,0,0,128,128,128,21,64,128,128,21,8.55,7.40,1.15,0,1,0,0,4,108,0,0,2288,1033,2836,0,41,21,0
10662661572000,100,2048,16384,16384,738,512,8192,8192,113,8192,16384,16384,82,8192,16384,16384,19,8192,16384,16384,3,1024,4096,8192,23,1024,8192,8192,76,2048,8192,8192,18,0,0,0,0,512,65536,262144,1080,262144,262144,262144,40,16384,32768,32768,40,262144,262144,262144,40,128,512,512,40,128,128,128,40,0,512,4096,90,64,512,512,90,64,512,4096,6642,64,512,4096,738,64,256,256,144,64,256,512,135,128,512,1024,642,64,512,1024,660,0,256,4096,3789,64,256,512,99,64,256,256,27,64,256,256,18,64,4096,4096,27,0,0,0,0,0,0,0,0,0,0,0,0,0,0,0,0,64,128,128,20,64,128,128,20,9.05,8.03,1.02,0,3,0,0,4,101,0,0,2352,1071,2887,0,40,20,0
10663681037300,100,2048,16384,16384,727,512,8192,8192,102,4096,16384,16384,75,8192,16384,16384,26,0,0,0,0,1024,8192,8192,25,1024,8192,8192,77,2048,8192,8192,10,0,0,0,0,256,65536,131072,1047,262144,262144,262144,41,16384,32768,32768,41,262144,262144,262144,41,64,256,256,41,64,128,128,41,64,512,4096,129,64,512,4096,129,64,512,4096,6543,64,256,4096,675,64,256,512,117,64,512,4096,171,128,256,1024,660,64,256,512,660,0,128,4096,4122,64,256,4096,90,64,256,256,36,0,0,0,0,0,0,0,0,0,0,0,0,0,0,0,0,0,0,0,0,0,0,0,0,64,128,128,20,64,128,128,20,9.96,7.92,2.04,0,0,0,0,2,101,0,0,2274,1041,2812,0,41,20,0
10664701531300,100,2048,16384,16384,740,512,8192,16384,100,8192,16384,16384,84,8192,16384,16384,24,0,0,0,1,1024,8192,8192,15,1024,8192,16384,84,2048,2048,2048,10,0,0,0,1,1024,65536,65536,1062,262144,262144,262144,41,8192,32768,32768,41,262144,262144,262144,41,128,256,256,41,128,128,8192,41,64,512,512,117,64,512,4096,117,64,512,4096,6660,64,512,4096,756,64,256,4096,180,64,256,256,90,128,256,1024,630,64,256,512,657,0,128,512,4023,64,256,512,144,0,128,128,9,64,256,256,9,64,256,256,9,0,256,256,9,0,0,0,0,0,0,0,0,0,0,0,0,64,128,128,21,64,128,128,21,8.68,7.53,1.15,0,1,0,0,1,108,0,0,2271,1057,2767,0,41,21,0
10665720286200,100,2048,16384,16384,709,512,8192,8192,97,8192,16384,16384,66,8192,8192,8192,18,0,0,0,1,1024,4096,4096,20,512,8192,8192,79,2048,4096,4096,13,0,0,0,0,1024,65536,131072,1008,262144,262144,262144,41,8192,32768,32768,41,262144,262144,262144,41,64,256,256,41,64,128,128,41,64,512,8192,81,0,512,8192,81,64,512,4096,6381,64,256,4096,594,64,256,256,108,64,256,512,81,128,256,1024,678,64,256,512,669,0,128,512,4077,64,512,4096,99,64,256,256,48,64,256,256,9,0,4096,4096,9,0,0,0,0,0,0,0,0,0,0,0,0,0,0,0,0,128,128,128,20,64,128,128,20,8.43,7.15,1.28,0,1,0,0,3,84,0,0,2179,1001,2720,0,41,20,0
10666741182300,100,2048,16384,16384,722,512,8192,8192,100,8192,16384,16384,88,8192,16384,16384,18,0,0,0,0,1024,4096,8192,23,512,8192,8192,81,2048,2048,2048,9,2048,4096,4096,3,256,65536,131072,1054,262144,262144,262144,41,16384,32768,65536,41,262144,262144,262144,41,64,256,256,41,64,128,128,41,64,512,8192,183,64,512,8192,183,64,512,4096,6498,64,512,4096,792,64,256,256,108,64,256,512,117,128,256,1024,639,64,256,512,639,0,128,512,3906,64,256,256,135,0,0,0,0,0,0,0,0,0,0,0,0,64,256,4096,27,0,0,0,0,0,0,0,0,0,0,0,0,64,128,128,21,64,128,256,21,8.29,7.52,0.77,0,0,0,0,3,106,0,0,2202,1032,2772,0,41,21,0
10667761293600,97,2048,16384,16384,710,512,8192,8192,96,8192,16384,16384,85,8192,16384,16384,21,8192,8192,8192,3,1024,4096,4096,19,512,8192,8192,80,2048,8192,8192,15,0,0,0,1,1024,65536,65536,1036,262144,262144,262144,40,16384,32768,32768,40,262144,262144,262144,40,256,512,512,40,128,128,128,40,64,512,512,122,64,512,4096,149,64,512,4096,6390,64,512,4096,765,64,256,512,120,64,512,1024,117,64,256,1024,678,64,256,1024,723,0,128,256,4230,64,512,4096,90,64,128,256,27,64,256,4096,54,64,256,256,27,64,256,256,9,0,0,0,0,0,0,0,0,0,0,0,0,64,128,128,20,64,256,256,20,9.20,7.54,1.66,0,3,0,0,2,106,3,0,2229,1029,2819,0,40,20,0
10668782104400,97,2048,16384,16384,729,512,4096,8192,99,8192,16384,16384,72,8192,16384,16384,14,8192,8192,8192,4,1024,8192,8192,21,512,4096,8192,79,2048,8192,8192,22,0,0,0,1,1024,65536,131072,1052,262144,262144,262144,41,16384,32768,32768,41,262144,262144,262144,41,128,512,512,41,128,128,128,41,64,512,4096,114,128,512,512,114,64,512,4096,6561,64,256,4096,648,64,256,512,90,64,256,512,117,128,256,1024,693,64,256,512,720,0,128,256,3951,64,256,512,72,0,256,256,9,64,128,128,9,0,256,1024,36,64,128,128,9,0,0,0,0,0,0,0,0,0,0,0,0,64,128,128,20,64,128,128,20,8.67,7.40,1.28,0,4,0,0,1,86,0,0,2257,1042,2763,0,41,20,0
10669802210200,100,2048,8192,16384,722,512,4096,8192,98,8192,16384,16384,79,4096,16384,16384,17,0,0,0,1,1024,4096,8192,22,512,8192,8192,76,2048,8192,8192,8,0,0,0,0,1024,65536,65536,1034,262144,262144,262144,41,16384,32768,65536,41,262144,262144,262144,41,64,256,256,41,128,128,128,41,64,256,4096,150,64,512,512,123,64,512,8192,6498,64,256,4096,711,64,256,256,81,64,256,4096,180,128,512,1024,774,64,256,1024,756,0,128,256,3834,64,256,512,81,0,0,0,0,0,0,0,0,128,256,256,9,0,0,0,0,16384,16384,16384,3,1024,2048,2048,3,64,64,64,6,64,128,128,21,64,64,128,21,9.32,7.53,1.79,3,1,0,0,3,96,0,0,2222,1034,2801,0,41,21,0
10670822760900,100,2048,16384,16384,711,512,8192,8192,99,8192,16384,16384,76,8192,16384,16384,17,0,0,0,1,512,4096,4096,13,1024,8192,8192,86,2048,8192,8192,19,4096,4096,4096,2,512,65536,131072,1033,262144,262144,262144,41,16384,32768,65536,41,262144,262144,262144,41,64,128,128,41,128,128,128,41,64,256,4096,162,64,512,8192,162,64,512,8192,6399,64,256,4096,684,64,256,256,81,64,256,4096,162,128,512,1024,648,64,256,512,639,0,256,4096,3672,128,256,512,36,64,256,256,27,128,256,256,9,64,128,128,9,64,256,256,18,0,0,0,0,0,0,0,0,0,0,0,0,64,128,128,20,64,128,128,20,8.30,7.27,1.02,0,1,0,0,3,93,0,0,2252,1016,2748,0,41,20,0
10671843474000,100,2048,16384,16384,739,512,8192,8192,100,8192,16384,16384,83,8192,16384,16384,16,0,0,0,1,1024,4096,8192,27,512,8192,8192,80,2048,8192,8192,12,0,0,0,1,128,65536,131072,1072,262144,262144,262144,41,16384,32768,32768,41,262144,262144,262144,41,64,128,128,41,128,128,128,41,64,512,8192,123,64,1024,4096,123,64,512,8192,6654,64,512,4096,747,64,256,512,78,64,256,4096,171,128,256,1024,702,64,256,1024,693,0,128,256,3852,64,256,512,63,64,256,256,18,128,256,256,9,128,256,256,9,64,256,256,9,0,0,0,0,0,0,0,0,0,0,0,0,64,128,128,21,64,128,128,21,9.06,7.91,1.15,0,1,0,0,2,99,0,0,2291,1060,2788,0,41,21,0
10672862128200,100,2048,8192,16384,738,512,8192,8192,99,8192,16384,16384,86,8192,16384,16384,18,0,0,0,0,1024,8192,8192,17,512,8192,8192,75,1024,4096,4096,9,0,0,0,0,1024,65536,131072,1048,262144,262144,262144,40,16384,32768,32768,40,262144,262144,262144,40,64,64,128,40,128,128,1024,40,64,512,4096,159,64,512,4096,159,64,512,4096,6639,64,256,4096,774,64,256,4096,81,64,256,2048,162,128,256,1024,705,64,128,512,678,0,128,256,4095,64,256,512,81,64,512,512,18,0,0,0,0,0,0,0,0,0,0,0,0,0,0,0,0,0,0,0,0,0,0,0,0,64,128,128,20,64,128,128,20,8.43,7.28,1.15,0,0,0,0,3,104,0,0,2296,1044,2867,0,40,20,0
10673883817600,100,2048,16384,16384,739,512,8192,8192,100,8192,16384,16384,76,8192,16384,16384,27,0,0,0,1,1024,8192,8192,26,1024,8192,8192,85,2048,2048,2048,7,0,0,0,1,128,65536,131072,1070,262144,262144,262144,41,16384,32768,32768,41,262144,262144,262144,41,64,128,256,41,128,128,128,41,0,256,512,126,64,512,512,126,64,512,4096,6651,64,256,4096,684,64,256,256,72,64,256,4096,225,64,256,1024,726,64,256,512,735,0,128,512,3690,64,256,2048,90,0,0,0,0,64,256,256,9,0,512,512,9,64,256,256,9,0,0,0,0,0,0,0,0,0,0,0,0,64,128,128,20,64,128,128,20,8.42,7.27,1.15,0,1,0,0,5,103,0,0,2150,1059,2734,0,41,20,0
10674903271100,100,2048,16384,16384,711,512,8192,8192,100,8192,16384,16384,78,8192,16384,16384,17,0,0,0,1,512,8192,8192,17,512,8192,8192,75,2048,8192,8192,22,0,0,0,0,1024,65536,131072,1025,262144,262144,262144,41,16384,32768,32768,41,262144,262144,262144,41,64,128,128,41,128,128,128,41,64,512,1024,126,64,512,512,126,64,512,8192,6399,64,256,4096,702,64,256,256,66,64,512,4096,135,64,512,1024,675,64,256,512,657,0,128,512,4176,64,128,256,54,64,256,256,45,64,128,128,9,128,256,256,9,0,0,0,0,0,0,0,0,0,0,0,0,0,0,0,0,64,128,128,21,64,128,128,21,8.30,7.27,1.02,0,1,0,0,2,95,0,0,2244,1015,2754,0,41,21,0
10675922163400,100,2048,16384,16384,759,512,8192,8192,100,8192,16384,16384,80,8192,8192,8192,22,0,0,0,0,1024,4096,8192,21,512,8192,8192,87,2048,8192,8192,13,0,0,0,0,2048,65536,131072,1085,262144,262144,262144,41,16384,32768,65536,41,262144,262144,262144,41,64,64,128,41,128,128,256,41,64,4096,8192,117,64,512,4096,117,64,512,4096,6831,64,256,4096,720,64,256,512,72,64,256,256,153,128,256,1024,744,64,256,1024,753,0,128,512,3465,64,256,4096,108,0,128,128,18,0,0,0,0,0,0,0,0,0,0,0,0,0,0,0,0,0,0,0,0,0,0,0,0,128,128,128,20,64,128,128,20,9.20,7.92,1.28,0,0,0,0,0,102,0,0,2157,1078,2728,0,41,20,0
10676942645800,100,2048,16384,16384,722,512,8192,8192,104,8192,16384,16384,84,8192,16384,16384,30,0,0,0,0,1024,4096,4096,18,1024,8192,8192,74,2048,8192,8192,17,0,0,0,0,2048,65536,131072,1052,262144,262144,262144,41,16384,32768,65536,41,262144,262144,262144,41,64,256,256,41,128,128,128,41,64,256,4096,170,64,512,8192,170,64,512,4096,6498,64,256,4096,756,64,256,4096,132,64,256,4096,171,128,256,1024,597,64,256,512,597,0,128,256,3969,64,256,4096,72,64,256,512,45,0,256,256,9,0,0,0,0,0,0,0,0,0,0,0,0,0,0,0,0,0,0,0,0,64,128,128,21,64,128,128,21,8.30,7.40,0.89,0,0,0,0,1,114,0,0,2224,1047,2804,0,41,21,0
10677962813700,97,2048,8192,16384,729,512,8192,8192,107,4096,16384,16384,81,8192,16384,16384,25,8192,8192,8192,2,1024,8192,8192,18,512,8192,8192,83,2048,4096,4096,10,0,0,0,0,2048,65536,131072,1063,262144,262144,262144,40,16384,32768,32768,40,262144,262144,262144,40,64,256,256,40,64,128,16384,40,64,256,4096,158,64,512,4096,185,64,512,4096,6561,64,256,4096,729,64,256,4096,81,64,256,4096,189,128,512,1024,756,64,256,512,720,0,128,512,3996,64,256,512,63,64,128,256,27,64,128,128,9,64,256,256,18,0,0,0,0,0,0,0,0,0,0,0,0,0,0,0,0,64,128,128,20,64,128,128,20,8.30,7.27,1.02,0,2,0,0,1,106,3,0,2192,1060,2821,0,40,20,0
10678985399200,97,2048,8192,16384,713,512,8192,8192,98,8192,16384,16384,78,8192,16384,16384,19,8192,8192,8192,2,1024,8192,8192,25,512,8192,8192,77,2048,8192,8192,15,0,0,0,0,1024,65536,131072,1029,262144,262144,262144,41,16384,32768,65536,41,262144,262144,262144,41,64,128,256,41,128,128,128,41,64,512,4096,129,64,512,4096,129,64,512,4096,6417,64,512,4096,702,64,256,256,102,64,256,512,99,128,512,1024,756,64,256,512,738,0,128,512,4410,64,256,512,99,64,256,512,27,64,512,512,18,128,256,256,18,0,0,0,0,0,0,0,0,0,0,0,0,0,0,0,0,64,128,128,20,64,64,64,20,9.17,7.52,1.66,0,2,0,0,0,97,0,0,2180,1021,2686,0,41,20,0
10680004439200,100,2048,16384,16384,734,512,4096,8192,102,8192,16384,16384,80,8192,16384,16384,19,8192,8192,8192,2,1024,8192,8192,18,512,4096,8192,81,2048,2048,2048,10,0,0,0,0,2048,65536,131072,1051,262144,262144,262144,41,16384,65536,65536,41,262144,262144,262144,41,64,128,256,41,64,128,128,41,64,512,8192,162,64,4096,8192,135,64,512,4096,6606,64,256,4096,720,64,256,256,108,64,256,4096,90,128,256,1024,716,64,256,1024,743,0,256,4096,4140,64,256,8192,108,0,64,64,12,128,256,256,18,128,256,256,18,0,0,0,0,8192,16384,16384,3,1024,1024,1024,3,64,64,64,6,64,128,128,21,64,128,128,21,8.69,7.67,1.02,3,2,0,0,3,99,0,0,2237,1048,2859,0,41,21,0
10681024290200,100,2048,8192,16384,741,512,8192,8192,100,8192,16384,32768,78,8192,16384,16384,22,0,0,0,1,1024,8192,8192,23,1024,8192,8192,75,4096,8192,8192,17,0,0,0,0,128,65536,131072,1068,262144,262144,262144,41,16384,32768,32768,41,262144,262144,262144,41,64,128,256,41,128,128,128,41,64,512,8192,87,64,1024,8192,87,64,512,8192,6669,64,256,4096,702,64,256,512,108,64,512,4096,126,128,512,1024,726,64,256,1024,726,0,128,512,4050,64,256,4096,108,0,0,0,0,64,64,64,9,0,128,128,9,0,0,0,0,0,0,0,0,0,0,0,0,0,0,0,0,64,128,128,20,64,128,128,20,8.56,7.41,1.15,0,1,1,0,2,100,0,0,2152,1064,2707,0,41,20,0
10682045385900,100,2048,8192,16384,737,512,8192,8192,100,8192,16384,16384,86,8192,16384,16384,26,0,0,0,1,1024,8192,8192,12,1024,8192,8192,85,2048,8192,8192,15,0,0,0,0,1024,65536,131072,1069,262144,262144,262144,41,16384,32768,65536,41,262144,262144,262144,41,64,128,128,41,128,128,128,41,64,512,4096,129,64,512,1024,129,64,512,4096,6633,64,256,4096,774,64,256,2048,162,64,512,4096,153,128,256,1024,711,64,256,1024,729,0,128,512,4167,64,256,4096,135,64,128,128,9,0,128,128,9,64,256,256,9,0,0,0,0,0,0,0,0,0,0,0,0,0,0,0,0,64,128,256,21,64,128,256,21,8.54,7.40,1.15,0,1,2,0,1,112,0,0,2368,1064,2914,0,41,21,0
10683065684500,100,2048,16384,16384,736,512,8192,8192,100,8192,16384,16384,78,8192,8192,8192,10,0,0,0,0,512,8192,8192,27,512,8192,8192,78,2048,8192,8192,13,0,0,0,0,1024,65536,65536,1046,262144,262144,262144,41,8192,32768,65536,41,262144,262144,262144,41,64,128,128,41,128,128,128,41,64,512,8192,114,64,512,4096,114,64,512,4096,6624,64,256,4096,702,64,256,512,54,64,512,512,54,128,256,1024,696,64,256,512,705,0,128,512,3861,64,256,4096,81,64,256,256,18,0,128,128,9,0,0,0,0,0,0,0,0,0,0,0,0,0,0,0,0,0,0,0,0,128,8192,8192,20,64,128,128,20,8.42,7.27,1.15,0,0,7,0,1,88,0,0,2360,1041,2827,0,41,20,0
10684085754300,100,2048,16384,16384,746,512,8192,8192,100,8192,16384,16384,82,8192,16384,16384,20,8192,8192,8192,2,1024,4096,8192,25,1024,8192,16384,80,2048,8192,8192,15,0,0,0,0,1024,65536,131072,1085,262144,262144,262144,40,16384,32768,32768,40,262144,262144,262144,40,128,256,512,40,128,128,4096,40,0,256,8192,147,64,512,4096,147,64,512,4096,6714,64,512,4096,738,64,256,256,114,64,512,8192,162,128,256,1024,650,64,256,1024,659,0,128,512,3987,64,256,512,108,0,4096,8192,27,0,256,256,9,64,256,256,18,0,0,0,0,0,0,0,0,0,0,0,0,0,0,0,0,64,128,128,20,64,128,128,20,8.30,7.27,1.02,0,2,6,0,0,102,0,0,2361,1077,2929,0,40,20,0
10685106169900,100,2048,16384,16384,727,512,4096,8192,100,8192,16384,16384,83,8192,16384,16384,17,0,0,0,0,512,1024,1024,17,1024,8192,8192,79,2048,8192,8192,11,0,0,0,0,128,65536,65536,1047,262144,262144,262144,41,16384,32768,65536,41,262144,262144,262144,41,64,64,64,41,128,128,128,41,64,512,4096,168,64,512,4096,168,64,512,4096,6543,64,256,4096,747,64,256,256,72,64,512,4096,189,128,512,1024,647,64,256,512,620,0,256,512,4014,64,256,4096,108,0,0,0,9,0,0,0,0,0,0,0,0,0,0,0,0,0,0,0,0,0,0,0,0,0,0,0,0,64,128,128,21,128,128,128,21,9.32,7.66,1.66,0,0,8,0,3,100,0,0,2357,1042,2886,0,41,21,0
10686126707000,100,2048,16384,16384,762,512,8192,8192,104,8192,16384,16384,88,8192,16384,16384,11,8192,8192,8192,2,512,8192,8192,22,1024,8192,8192,84,4096,8192,8192,14,0,0,0,0,256,65536,131072,1098,262144,262144,262144,41,8192,32768,32768,41,262144,262144,262144,41,64,256,256,41,128,128,128,41,0,256,256,102,0,512,1024,102,64,512,4096,6858,64,512,4096,792,64,256,512,75,64,256,512,90,128,512,1024,702,64,256,512,720,0,128,512,4257,64,256,4096,99,0,128,128,18,64,256,256,18,64,256,256,18,0,0,0,0,0,0,0,0,0,0,0,0,0,0,0,0,64,128,128,20,64,128,128,20,8.54,7.40,1.15,0,2,7,0,2,99,0,0,2342,1086,2869,0,41,20,0
10687146514900,97,2048,8192,16384,745,1024,8192,8192,100,8192,16384,16384,71,8192,16384,16384,20,0,0,0,0,1024,8192,8192,15,1024,8192,8192,87,2048,8192,8192,15,0,0,0,0,512,65536,65536,1058,262144,262144,262144,41,16384,32768,32768,41,262144,262144,262144,41,64,64,256,41,64,128,128,41,64,512,8192,111,64,512,512,138,64,512,4096,6705,64,512,4096,639,64,256,512,72,64,256,4096,162,128,512,1024,657,64,256,512,639,0,128,512,3897,64,256,4096,99,0,4096,4096,21,0,0,0,0,0,0,0,0,0,0,0,0,0,0,0,0,0,0,0,0,0,0,0,0,64,128,128,21,64,128,128,21,8.56,7.28,1.28,0,0,7,0,3,91,3,0,2220,1053,2803,0,41,21,0
10688166615900,97,2048,8192,16384,695,512,4096,8192,97,8192,16384,16384,76,8192,16384,16384,25,0,0,0,0,1024,4096,4096,22,512,4096,4096,73,2048,8192,8192,11,0,0,0,0,1024,65536,65536,1006,262144,262144,262144,41,8192,32768,32768,41,262144,262144,262144,41,64,64,128,41,128,128,128,41,64,256,512,75,64,512,1024,75,64,512,4096,6255,64,512,4096,684,64,256,256,102,64,512,4096,234,128,256,1024,705,64,128,256,687,0,128,512,4077,64,4096,4096,117,0,256,4096,27,0,0,0,0,0,0,0,0,0,0,0,0,0,0,0,0,0,0,0,0,0,0,0,0,128,128,128,20,64,128,128,20,8.30,7.27,1.02,0,0,2,0,2,101,0,0,2207,1000,2728,0,41,20,0
10689186827700,97,2048,8192,16384,717,512,4096,8192,96,8192,16384,16384,79,8192,16384,16384,19,0,0,0,0,512,4096,4096,24,1024,8192,8192,78,2048,8192,8192,12,0,0,0,0,2048,65536,131072,1028,262144,262144,262144,40,8192,32768,32768,40,262144,262144,262144,40,64,64,64,40,64,128,128,40,64,512,512,45,64,512,512,45,64,512,4096,6453,64,512,4096,711,64,256,256,57,64,512,4096,144,128,256,1024,660,64,256,512,642,0,128,1024,3744,64,256,1024,135,0,256,256,9,0,0,0,0,0,0,0,0,0,0,0,0,16384,2097152,2097152,3,0,0,0,0,64,64,64,3,64,128,128,20,128,256,256,20,8.68,7.79,0.89,0,0,4,0,3,98,0,0,2190,1025,2754,0,40,20,0
10690206736300,100,2048,16384,16384,748,512,4096,8192,110,8192,16384,16384,84,8192,16384,16384,19,0,0,0,1,1024,4096,4096,16,1024,8192,8192,81,2048,4096,4096,16,0,0,0,1,128,65536,131072,1083,262144,262144,262144,41,16384,32768,65536,41,262144,262144,262144,41,64,256,256,41,128,128,128,41,64,1024,4096,213,64,512,4096,186,64,512,4096,6732,64,512,4096,756,64,256,512,108,64,256,512,144,128,512,1024,639,64,512,1024,639,0,128,4096,3969,64,256,8192,81,64,4096,4096,18,0,256,256,18,0,256,256,9,0,512,512,9,0,0,0,0,1024,1024,1024,3,64,64,64,3,64,128,128,21,64,128,128,21,8.42,7.40,1.02,3,1,3,0,2,103,0,0,2356,1079,2969,0,41,21,0
10691225272000,100,2048,16384,16384,734,512,8192,8192,99,8192,16384,32768,83,8192,16384,16384,26,8192,8192,8192,3,512,8192,8192,19,512,8192,16384,86,2048,4096,4096,14,0,0,0,0,1024,65536,131072,1069,262144,262144,262144,41,16384,65536,65536,41,262144,262144,262144,41,64,256,256,41,128,128,8192,41,64,512,8192,198,64,512,8192,198,64,512,4096,6606,64,512,4096,747,64,256,512,111,64,512,512,171,128,512,1024,651,64,256,1024,642,0,128,512,4149,64,512,8192,108,0,128,128,9,128,256,256,18,64,256,512,27,0,0,0,0,0,0,0,0,0,0,0,0,0,0,0,0,128,128,128,20,64,128,128,20,8.44,7.29,1.15,0,3,2,0,1,109,0,0,2329,1066,2873,0,41,20,0
10692248285600,100,2048,16384,16384,729,512,8192,8192,104,8192,16384,16384,78,8192,16384,16384,25,0,0,0,0,1024,8192,8192,22,512,8192,8192,82,2048,8192,8192,12,0,0,0,0,512,65536,65536,1055,262144,262144,262144,41,8192,32768,32768,41,262144,262144,262144,41,64,128,128,41,128,128,8192,41,64,512,8192,90,64,512,4096,90,64,1024,4096,6561,64,512,4096,702,64,256,512,159,64,256,512,189,64,512,1024,681,64,256,512,663,0,128,512,4581,64,512,4096,99,64,256,256,18,0,0,0,0,0,0,0,0,0,0,0,0,0,0,0,0,0,0,0,0,0,0,0,0,64,128,128,21,64,64,128,21,8.53,7.38,1.15,0,0,1,0,2,103,0,0,2361,1048,2880,0,41,21,0
10693267960200,100,2048,16384,16384,725,512,8192,8192,98,8192,16384,16384,79,8192,16384,16384,24,0,0,0,1,1024,8192,8192,20,512,8192,8192,79,2048,8192,8192,16,0,0,0,0,512,65536,262144,1047,262144,262144,262144,41,16384,32768,65536,41,262144,262144,262144,41,64,128,256,41,128,128,128,41,64,512,1024,174,64,512,512,174,64,512,8192,6525,64,512,4096,711,64,256,512,87,64,256,4096,171,128,512,1024,725,64,256,512,725,0,128,512,3906,64,256,4096,126,64,256,256,27,0,64,64,9,0,128,128,9,0,0,0,0,0,0,0,0,0,0,0,0,0,0,0,0,64,128,128,20,64,128,128,20,8.43,7.54,0.89,0,1,0,0,3,103,0,0,2375,1034,2888,0,41,20,0
10694286828100,100,2048,16384,16384,721,512,8192,8192,99,8192,16384,16384,79,8192,16384,16384,18,0,0,0,0,1024,8192,8192,23,512,8192,8192,76,2048,4096,4096,14,2048,2048,2048,2,128,65536,131072,1041,262144,262144,262144,40,16384,32768,32768,40,262144,262144,262144,40,64,64,64,40,128,128,128,40,64,512,4096,111,64,512,512,111,64,512,4096,6489,64,512,4096,711,64,512,4096,108,64,256,4096,126,128,256,1024,741,64,256,512,732,0,128,512,4320,64,256,512,108,64,128,4096,27,0,0,0,0,0,0,0,0,64,256,256,18,0,0,0,0,0,0,0,0,0,0,0,0,64,128,128,20,64,128,128,20,8.81,7.41,1.41,0,0,0,0,2,97,0,0,2330,1030,2825,0,40,20,0
10695307283800,100,2048,16384,16384,710,512,8192,16384,101,4096,16384,16384,85,8192,16384,16384,24,4096,8192,8192,3,512,4096,4096,15,1024,8192,16384,80,2048,4096,4096,12,0,0,0,1,1024,65536,65536,1038,262144,262144,262144,41,16384,32768,32768,41,262144,262144,262144,41,64,128,256,41,64,128,8192,41,0,256,512,135,64,512,4096,135,64,512,4096,6390,64,512,4096,765,64,256,512,135,64,256,512,108,128,512,1024,614,64,256,1024,632,0,256,512,4158,64,256,4096,81,64,512,4096,27,128,256,256,27,128,1024,4096,27,128,256,256,9,0,0,0,0,0,0,0,0,0,0,0,0,64,128,128,21,64,128,8192,21,8.30,7.27,1.02,0,3,0,0,4,109,0,0,2329,1032,2901,0,41,21,0
10696327670500,100,2048,8192,16384,709,512,4096,8192,98,8192,16384,16384,78,8192,16384,16384,19,0,0,0,1,1024,8192,8192,21,512,8192,8192,84,2048,4096,4096,14,4096,4096,4096,2,512,65536,131072,1033,262144,262144,262144,41,16384,32768,32768,41,262144,262144,262144,41,64,128,256,41,128,128,8192,41,64,256,512,96,64,512,512,96,64,512,4096,6381,64,256,4096,702,64,512,512,125,64,256,4096,81,128,512,1024,672,64,256,1024,672,0,256,512,4023,64,256,4096,117,64,256,8192,30,128,256,256,9,128,256,256,9,128,512,512,18,0,0,0,0,0,0,0,0,0,0,0,0,64,8192,8192,20,64,128,128,20,8.68,7.53,1.15,0,1,0,0,2,97,0,0,2231,1022,2763,0,41,20,0
10697347575700,97,2048,8192,16384,725,512,8192,8192,101,8192,16384,16384,73,8192,8192,8192,21,0,0,0,1,1024,4096,4096,20,512,8192,8192,85,2048,8192,8192,12,0,0,0,1,512,65536,131072,1048,262144,262144,262144,41,8192,32768,32768,41,262144,262144,262144,41,64,64,256,41,128,128,128,41,64,512,512,78,64,512,512,105,64,512,4096,6525,64,256,4096,657,64,256,256,72,64,256,512,153,128,256,1024,650,64,256,512,659,0,128,512,4131,64,512,4096,90,64,128,128,21,0,64,64,9,64,256,256,9,64,256,256,9,0,0,0,0,0,0,0,0,0,0,0,0,64,128,128,21,64,128,128,21,8.55,7.15,1.40,0,1,0,0,3,94,3,0,2286,1041,2859,0,41,21,0
10698369328800,97,2048,8192,16384,724,512,4096,8192,98,8192,16384,16384,81,8192,16384,16384,17,0,0,0,1,1024,4096,4096,23,1024,8192,8192,79,2048,4096,4096,12,0,0,0,1,64,65536,131072,1047,262144,262144,262144,41,16384,32768,32768,41,262144,262144,262144,41,64,256,256,41,128,256,8192,41,64,512,4096,143,64,512,512,143,64,512,4096,6516,64,256,4096,729,64,256,4096,39,64,256,512,126,128,512,1024,656,64,256,1024,665,0,128,512,3726,64,512,4096,72,64,256,256,18,64,256,256,9,64,256,256,9,128,512,512,9,0,0,0,0,0,0,0,0,0,0,0,0,64,128,128,20,64,512,512,20,8.42,7.65,0.77,0,1,0,0,1,98,0,0,2281,1041,2772,0,41,20,0
10699389760600,100,2048,8192,16384,697,512,8192,8192,97,8192,16384,16384,78,8192,8192,8192,13,0,0,0,1,1024,4096,4096,22,1024,8192,8192,78,2048,8192,8192,16,0,0,0,0,128,65536,131072,1014,262144,262144,262144,40,16384,65536,65536,40,262144,262144,262144,40,64,128,256,40,128,128,128,40,64,512,4096,144,64,512,4096,117,64,512,4096,6273,64,256,4096,702,64,256,256,63,64,512,1024,117,128,256,1024,671,64,256,512,680,0,128,512,4293,64,256,4096,126,64,256,512,36,128,256,256,9,128,512,512,9,0,0,0,0,16384,2097152,2097152,3,1024,1024,1024,3,64,64,64,6,64,128,128,20,128,256,256,20,9.18,7.40,1.79,3,1,0,0,5,91,0,0,2254,1012,2802,0,40,20,0
10700409852300,100,2048,16384,16384,732,512,8192,8192,100,8192,16384,16384,80,8192,16384,16384,17,0,0,0,0,1024,8192,8192,16,512,8192,8192,77,4096,4096,4096,12,0,0,0,1,128,65536,131072,1049,262144,262144,262144,41,32768,65536,65536,41,262144,262144,262144,41,64,64,128,41,128,128,8192,41,64,512,4096,192,64,512,4096,192,64,512,4096,6588,64,512,4096,720,64,256,1024,81,64,512,4096,180,128,512,1024,771,64,256,1024,753,0,256,512,4122,64,256,256,63,0,0,0,0,0,0,0,0,0,0,0,0,128,512,512,9,0,0,0,0,0,0,0,0,0,0,0,0,64,128,128,21,128,128,128,21,8.81,7.41,1.41,0,0,0,0,3,97,0,0,2363,1043,2862,0,41,21,0
10701428438500,100,2048,16384,16384,734,512,8192,16384,99,8192,16384,16384,82,8192,8192,16384,21,0,0,0,1,512,8192,8192,15,1024,8192,8192,80,2048,8192,8192,15,0,0,0,0,2048,65536,262144,1054,262144,262144,262144,41,32768,32768,32768,41,262144,262144,262144,41,64,256,256,41,128,128,8192,41,64,4096,8192,138,64,512,512,138,64,512,4096,6606,64,512,4096,738,64,256,256,72,64,256,4096,171,128,512,1024,684,64,256,512,675,0,128,256,4059,64,512,4096,162,64,256,8192,27,0,128,128,9,0,4096,4096,9,0,0,0,0,0,0,0,0,0,0,0,0,0,0,0,0,128,128,128,20,64,128,128,20,8.30,7.28,1.02,0,1,0,0,0,103,0,0,2344,1051,2817,0,41,20,0
10702449334400,100,2048,8192,16384,754,512,8192,8192,101,8192,16384,16384,82,8192,16384,16384,18,0,0,0,1,512,8192,8192,26,512,4096,16384,85,2048,8192,8192,13,0,0,0,0,1024,65536,131072,1091,262144,262144,262144,41,16384,32768,32768,41,262144,262144,262144,41,64,256,256,41,128,128,128,41,64,512,4096,105,64,512,8192,105,64,512,4096,6786,64,256,4096,738,64,256,256,54,64,512,4096,198,128,512,1024,669,64,256,512,678,0,128,512,3699,64,256,4096,90,64,8192,8192,18,64,64,64,9,0,256,256,9,0,0,0,0,0,0,0,0,0,0,0,0,0,0,0,0,128,8192,8192,21,64,128,128,21,8.54,7.40,1.15,0,1,0,0,5,100,0,0,2324,1084,2831,0,41,21,0
10703469993700,100,2048,8192,16384,719,512,8192,8192,101,8192,16384,16384,80,8192,8192,8192,17,0,0,0,1,1024,8192,8192,21,512,8192,8192,86,2048,4096,4096,15,0,0,0,0,1024,65536,65536,1045,262144,262144,262144,41,8192,32768,32768,41,262144,262144,262144,41,64,128,128,41,128,128,128,41,64,256,512,54,64,512,4096,54,64,512,4096,6471,64,512,4096,720,64,256,512,99,64,512,4096,162,128,512,2048,720,64,256,512,720,0,128,512,4131,64,256,4096,90,64,4096,8192,27,0,256,256,9,0,128,128,9,0,0,0,0,0,0,0,0,0,0,0,0,0,0,0,0,128,128,128,20,64,128,128,20,9.44,7.91,1.53,0,1,0,0,2,97,0,0,2348,1035,2857,0,41,20,0
10704491071700,100,2048,8192,16384,737,512,4096,8192,100,8192,16384,16384,82,8192,8192,16384,21,0,0,0,0,1024,4096,8192,24,512,8192,8192,75,2048,8192,8192,10,0,0,0,0,1024,65536,131072,1055,262144,262144,262144,41,8192,32768,32768,41,262144,262144,262144,41,64,128,128,41,128,128,128,41,64,256,4096,141,64,512,512,141,64,512,4096,6633,64,512,4096,738,64,256,512,93,64,256,4096,162,128,512,2048,725,64,256,512,698,0,128,512,3960,128,512,4096,63,64,256,256,27,0,0,0,0,0,0,0,0,0,0,0,0,0,0,0,0,0,0,0,0,0,0,0,0,64,128,128,21,64,128,128,21,8.29,7.27,1.02,0,0,0,0,4,103,0,0,2312,1048,2860,0,41,21,0
10705511428800,100,4096,16384,32768,740,512,8192,8192,100,8192,16384,16384,80,8192,16384,16384,29,0,0,0,0,1024,4096,4096,14,1024,8192,8192,82,2048,4096,4096,15,0,0,0,0,2048,65536,131072,1064,262144,262144,262144,40,32768,65536,65536,40,262144,262144,262144,40,128,256,256,40,128,256,256,40,64,1024,4096,155,128,1024,4096,155,64,1024,8192,6660,64,512,4096,720,64,512,512,150,64,512,4096,180,64,512,1024,680,64,256,512,662,0,256,512,4365,128,512,8192,90,128,512,512,18,0,0,0,0,0,0,0,0,0,0,0,0,0,0,0,0,0,0,0,0,0,0,0,0,64,128,128,20,128,256,256,20,8.42,7.27,1.15,0,0,0,0,4,109,0,0,2311,1055,2929,0,40,20,0
10706531299000,100,4096,16384,16384,719,512,8192,8192,100,8192,16384,32768,80,8192,16384,16384,23,0,0,0,0,1024,8192,8192,18,1024,8192,8192,75,2048,8192,8192,13,0,0,0,0,1024,65536,131072,1029,262144,262144,262144,41,16384,32768,65536,41,262144,262144,262144,41,64,128,256,41,128,128,128,41,0,512,8192,78,64,4096,8192,78,64,512,8192,6471,64,512,4096,720,64,256,512,120,64,256,512,171,128,256,1024,723,64,256,1024,741,0,256,512,4320,64,256,4096,180,64,2048,2048,18,0,0,0,0,0,0,0,0,0,0,0,0,0,0,0,0,0,0,0,0,0,0,0,0,128,128,128,20,64,128,128,20,8.68,8.04,0.64,0,0,0,0,3,103,0,0,2352,1021,2869,0,41,20,0
10707551304700,97,2048,8192,16384,755,512,4096,8192,97,8192,16384,16384,80,8192,16384,16384,22,0,0,0,1,1024,4096,4096,27,1024,8192,8192,83,2048,4096,4096,13,0,0,0,0,1024,65536,131072,1084,262144,262144,262144,41,16384,32768,65536,41,262144,262144,262144,41,64,256,256,41,128,128,128,41,64,256,512,126,64,512,4096,153,64,512,4096,6795,64,256,2048,720,64,256,256,72,64,512,4096,171,128,512,1024,747,64,256,512,756,0,256,4096,4194,64,256,4096,90,64,256,256,30,64,128,128,18,0,256,256,9,0,0,0,0,0,0,0,0,0,0,0,0,0,0,0,0,64,128,128,21,64,128,128,21,8.43,7.54,0.89,0,1,0,0,5,102,3,0,2354,1077,2941,0,41,21,0
10708569688600,97,2048,8192,16384,704,512,8192,8192,97,8192,16384,16384,83,8192,16384,16384,17,8192,8192,8192,2,1024,8192,8192,19,512,4096,8192,86,2048,4096,4096,12,0,0,0,1,128,65536,131072,1035,262144,262144,262144,41,8192,32768,65536,41,262144,262144,262144,41,64,128,256,41,64,128,128,41,64,1024,4096,96,64,512,4096,96,64,512,4096,6336,64,512,4096,747,64,256,512,81,64,256,8192,117,128,512,1024,687,64,256,512,687,0,128,512,4482,64,256,4096,171,64,512,4096,27,64,128,128,9,128,256,256,18,0,256,256,9,0,0,0,0,0,0,0,0,0,0,0,0,64,128,128,20,64,128,128,20,9.07,7.67,1.41,0,2,0,0,3,100,0,0,2228,1025,2734,0,41,20,0
10709590605300,100,2048,16384,16384,713,512,8192,8192,98,8192,16384,32768,74,8192,16384,16384,24,8192,8192,8192,2,1024,4096,4096,19,1024,8192,8192,85,2048,8192,8192,18,0,0,0,0,128,65536,65536,1035,262144,262144,262144,40,16384,32768,65536,40,262144,262144,262144,40,64,128,256,40,128,128,128,41,64,512,4096,177,64,512,4096,150,64,512,4096,6417,64,256,4096,666,64,256,512,158,64,512,4096,63,128,256,512,807,64,256,512,825,0,256,512,4329,64,256,4096,99,0,64,64,9,128,256,256,18,128,256,256,18,0,0,0,0,16384,2097152,2097152,3,512,512,512,3,64,64,64,6,64,128,128,21,64,128,256,21,8.42,7.27,1.15,3,2,0,0,4,98,0,0,2297,1037,2884,0,40,21,0
10710611436400,100,2048,8192,16384,736,512,4096,8192,99,8192,16384,32768,79,8192,16384,16384,21,0,0,0,0,512,4096,4096,24,512,8192,8192,76,2048,4096,4096,13,4096,4096,4096,2,512,65536,131072,1059,262144,262144,262144,41,16384,32768,65536,41,262144,262144,262144,41,64,64,64,41,64,128,128,40,64,256,4096,143,64,512,4096,143,64,512,4096,6624,64,256,4096,711,64,256,256,105,64,256,4096,144,128,512,1024,621,64,256,512,621,0,128,512,4149,64,256,256,153,64,256,256,18,0,0,0,0,0,0,0,0,128,512,512,18,0,0,0,0,0,0,0,0,0,0,0,0,128,8192,8192,20,64,128,128,20,8.54,7.27,1.28,0,0,0,0,2,100,0,0,2334,1050,2827,0,41,20,0
10711630932500,100,2048,16384,16384,729,512,4096,8192,100,8192,16384,16384,82,4096,16384,16384,20,0,0,0,0,1024,8192,8192,18,1024,8192,8192,76,1024,4096,4096,12,0,0,0,1,512,65536,131072,1041,262144,262144,262144,41,16384,32768,32768,41,262144,262144,262144,41,64,64,128,41,128,128,256,41,64,512,4096,162,64,512,1024,162,64,512,4096,6561,64,512,4096,738,64,256,512,105,64,256,512,108,128,512,1024,620,64,256,1024,611,0,128,512,4554,64,256,4096,135,0,128,128,9,0,0,0,0,0,0,0,0,64,256,256,9,0,0,0,0,0,0,0,0,0,0,0,0,64,128,128,20,64,128,128,20,8.30,7.54,0.77,0,0,0,0,3,102,0,0,2376,1036,2847,0,41,20,0
10712651873600,100,2048,8192,16384,738,512,4096,8192,120,8192,16384,16384,88,8192,16384,16384,21,8192,8192,8192,2,512,4096,4096,16,512,4096,8192,80,2048,4096,4096,18,0,0,0,0,128,65536,65536,1090,262144,262144,262144,41,8192,32768,32768,41,262144,262144,262144,41,64,128,128,41,128,128,128,41,64,512,8192,96,64,512,4096,96,64,512,4096,6642,64,512,4096,792,64,256,256,117,128,256,4096,144,128,512,1024,678,64,256,512,696,0,128,512,4221,64,256,512,99,64,256,256,27,64,4096,4096,18,0,4096,4096,18,0,0,0,0,0,0,0,0,0,0,0,0,0,0,0,0,64,128,128,21,64,64,64,21,8.29,7.27,1.02,0,2,0,0,2,109,0,0,2417,1082,2912,0,41,21,0
10713672764800,100,2048,8192,16384,727,512,8192,8192,99,8192,16384,16384,78,8192,16384,16384,19,0,0,0,1,1024,8192,8192,28,512,8192,8192,83,2048,8192,8192,12,0,0,0,1,1024,65536,131072,1060,262144,262144,262144,41,16384,32768,65536,41,262144,262144,262144,41,64,128,256,41,128,128,128,41,64,512,512,177,64,512,4096,177,64,512,4096,6543,64,256,4096,702,64,256,256,72,64,512,4096,162,128,512,1024,720,64,256,1024,720,0,256,512,4086,64,256,4096,117,64,256,256,18,64,128,128,9,64,4096,4096,9,64,128,128,9,0,0,0,0,0,0,0,0,0,0,0,0,64,128,128,20,64,128,128,20,8.93,7.53,1.40,0,1,0,0,1,97,0,0,2369,1046,2925,0,41,20,0
10714692575800,100,2048,8192,16384,735,512,8192,8192,105,8192,16384,16384,77,4096,16384,16384,15,0,0,0,1,1024,4096,4096,17,1024,8192,8192,81,2048,4096,4096,10,0,0,0,0,64,65536,65536,1054,262144,262144,262144,41,16384,32768,32768,41,262144,262144,262144,41,64,128,256,41,64,128,128,41,64,256,512,114,64,512,4096,114,64,512,4096,6615,64,256,4096,693,64,256,256,39,64,512,4096,90,128,512,1024,717,64,256,512,726,0,256,512,4230,64,256,256,117,64,128,128,9,0,256,256,9,64,2048,2048,9,0,0,0,0,0,0,0,0,0,0,0,0,0,0,0,0,64,128,128,21,64,128,128,21,8.30,7.27,1.02,0,1,0,0,1,92,0,0,2424,1050,2896,0,41,21,0
10715711085200,100,2048,8192,16384,743,512,4096,8192,107,8192,16384,16384,82,8192,16384,16384,20,0,0,0,1,1024,4096,4096,23,512,8192,8192,75,2048,8192,8192,16,0,0,0,0,128,65536,131072,1080,262144,262144,262144,40,16384,32768,32768,40,262144,262144,262144,40,64,128,256,40,128,128,1024,40,64,512,4096,84,64,512,512,84,64,512,4096,6687,64,512,4096,738,64,256,4096,129,64,256,4096,198,128,256,1024,672,64,128,512,690,0,256,4096,4518,64,256,4096,117,64,256,256,18,0,256,256,18,64,256,256,9,0,0,0,0,0,0,0,0,0,0,0,0,0,0,0,0,128,128,128,20,64,128,128,20,8.95,7.93,1.02,0,1,0,0,1,102,0,0,2412,1070,2917,0,40,20,0
10716732091900,100,2048,8192,16384,746,512,4096,8192,100,8192,16384,16384,80,8192,16384,16384,11,0,0,0,1,1024,4096,4096,19,512,8192,8192,88,2048,8192,8192,16,0,0,0,0,2048,65536,131072,1073,262144,262144,262144,41,8192,32768,32768,41,262144,262144,262144,41,64,128,256,41,64,128,128,41,64,512,4096,84,64,512,512,84,64,512,4096,6714,64,256,4096,720,64,256,4096,87,64,256,4096,126,64,512,1024,696,64,256,512,669,0,256,512,3978,64,256,512,117,128,256,256,9,0,0,0,0,0,256,256,9,0,0,0,0,0,0,0,0,0,0,0,0,0,0,0,0,128,128,128,20,64,128,128,20,8.29,7.14,1.15,0,1,0,0,4,91,0,0,2423,1068,2901,0,41,20,0
10717753017200,97,2048,8192,16384,719,512,4096,8192,96,8192,16384,16384,81,8192,8192,16384,23,0,0,0,1,1024,8192,8192,17,512,8192,8192,73,2048,4096,4096,14,0,0,0,0,256,65536,65536,1033,262144,262144,262144,41,16384,32768,32768,41,262144,262144,262144,41,64,128,128,41,128,1024,16384,41,64,256,512,96,64,512,512,123,64,512,4096,6471,64,512,4096,729,64,256,512,72,64,256,4096,207,128,256,1024,744,64,256,512,735,0,256,512,4887,64,256,4096,144,0,0,0,0,128,256,256,9,128,256,256,9,0,0,0,0,0,0,0,0,0,0,0,0,0,0,0,0,64,1024,8192,21,64,128,128,21,8.67,7.39,1.27,0,1,0,0,5,104,3,0,2367,1031,2890,0,41,21,0
10718773871700,97,2048,8192,16384,711,512,8192,8192,98,4096,16384,16384,83,8192,16384,16384,18,0,0,0,0,512,4096,8192,21,512,4096,8192,83,2048,8192,8192,9,0,0,0,0,1024,65536,262144,1030,262144,262144,262144,41,16384,32768,32768,41,262144,262144,262144,41,64,64,128,41,128,128,128,41,64,512,8192,153,64,512,4096,153,64,512,4096,6399,64,256,4096,747,64,256,256,120,64,256,512,135,128,512,1024,632,64,256,1024,623,0,128,512,4032,64,512,4096,126,64,256,256,27,0,0,0,0,0,0,0,0,0,0,0,0,0,0,0,0,0,0,0,0,0,0,0,0,64,128,128,20,64,128,128,20,8.30,7.53,0.77,0,0,0,0,0,101,0,0,2334,1025,2869,0,41,20,0
10719792392800,100,2048,16384,16384,731,512,8192,8192,98,4096,16384,16384,79,8192,16384,16384,27,8192,8192,8192,2,1024,4096,4096,19,512,8192,8192,79,2048,8192,8192,14,0,0,0,0,64,65536,131072,1054,262144,262144,262144,41,16384,32768,65536,41,262144,262144,262144,41,64,256,256,41,128,128,131072,41,64,512,8192,192,64,512,4096,165,64,512,4096,6579,64,256,4096,711,64,256,512,129,64,256,512,198,128,512,1024,717,64,256,512,726,0,128,512,4149,64,256,4096,81,64,256,256,9,64,256,256,18,128,512,512,18,0,0,0,0,2097152,2097152,2097152,3,1024,1024,1024,3,64,64,64,6,64,128,128,21,64,64,128,21,8.70,7.54,1.15,3,2,0,0,2,106,0,0,2304,1057,2931,0,41,21,0
10720815012000,100,2048,16384,16384,731,512,8192,8192,100,8192,16384,16384,75,8192,16384,16384,20,0,0,0,0,512,4096,8192,23,1024,4096,8192,84,2048,8192,8192,13,0,0,0,0,128,65536,131072,1049,262144,262144,262144,40,16384,32768,32768,40,262144,262144,262144,40,64,64,128,40,128,128,256,40,64,256,512,111,64,512,512,111,64,512,4096,6579,64,256,4096,675,64,256,512,84,64,256,512,135,128,512,1024,645,64,256,1024,663,0,256,4096,3753,64,256,512,126,64,256,256,9,0,0,0,0,0,0,0,0,0,0,0,0,0,0,0,0,0,0,0,0,0,0,0,0,64,128,128,20,64,128,128,20,8.52,7.38,1.15,0,0,0,0,2,95,0,0,2414,1046,2868,0,40,20,0
10721835632500,100,2048,8192,16384,749,512,8192,8192,101,4096,16384,16384,83,8192,16384,16384,23,0,0,0,1,1024,8192,8192,18,512,8192,8192,80,2048,8192,8192,16,0,0,0,0,128,65536,131072,1076,262144,262144,262144,41,16384,32768,65536,41,262144,262144,262144,41,64,256,256,41,64,128,128,41,64,512,512,168,64,512,4096,168,64,512,4096,6741,64,256,4096,747,64,256,256,84,64,256,4096,198,128,512,1024,627,64,256,1024,645,0,256,512,4608,64,256,4096,81,64,256,256,18,128,256,256,9,128,256,256,9,0,0,0,0,0,0,0,0,0,0,0,0,0,0,0,0,128,128,128,20,64,128,128,20,8.30,7.27,1.02,0,1,0,0,1,106,0,0,2403,1071,2944,0,41,20,0
10722855113500,100,2048,8192,16384,718,512,8192,8192,100,8192,16384,16384,83,8192,16384,16384,23,0,0,0,1,1024,4096,4096,22,512,8192,8192,79,4096,8192,8192,16,0,0,0,0,1024,65536,131072,1049,262144,262144,262144,41,16384,32768,65536,41,262144,262144,262144,41,64,128,256,41,64,128,128,41,64,512,4096,120,64,512,512,120,64,512,4096,6462,64,256,4096,747,64,256,4096,81,64,256,512,135,64,256,1024,675,64,256,1024,675,0,128,512,4176,64,256,1024,126,64,256,256,9,64,256,256,9,0,512,512,9,0,0,0,0,0,0,0,0,0,0,0,0,0,0,0,0,64,128,128,21,64,128,128,21,8.30,7.41,0.89,0,1,0,0,1,106,0,0,2363,1039,2900,0,41,21,0
10723875288700,100,2048,8192,16384,747,512,8192,8192,100,8192,16384,16384,81,8192,16384,16384,21,0,0,0,1,1024,8192,8192,19,512,8192,8192,82,2048,2048,2048,11,0,0,0,0,1024,65536,131072,1070,262144,262144,262144,41,16384,32768,32768,41,262144,262144,262144,41,64,128,128,41,128,128,128,41,64,512,4096,120,64,512,1024,120,64,512,4096,6723,64,512,4096,729,64,256,512,117,64,256,512,162,128,256,1024,684,64,256,1024,693,0,128,512,3969,64,256,512,99,0,256,256,9,64,128,128,9,64,256,256,9,0,0,0,0,0,0,0,0,0,0,0,0,0,0,0,0,64,128,128,20,64,64,64,20,9.70,7.79,1.91,0,1,0,0,3,102,0,0,2370,1067,2865,0,41,20,0
10724895988400,100,2048,8192,16384,732,512,4096,8192,102,8192,16384,16384,81,8192,16384,16384,24,0,0,0,1,512,8192,8192,24,512,4096,8192,79,2048,8192,8192,18,0,0,0,0,128,65536,262144,1065,262144,262144,262144,41,8192,32768,32768,41,262144,262144,262144,41,64,256,256,41,128,8192,8192,41,64,256,256,120,64,512,512,120,64,512,4096,6588,64,512,4096,729,64,256,256,141,64,512,8192,126,128,512,1024,687,64,256,1024,687,0,128,512,3969,64,256,4096,99,128,512,512,9,0,128,128,9,0,128,128,9,0,0,0,0,0,0,0,0,0,0,0,0,0,0,0,0,64,128,128,21,64,128,128,21,8.42,7.40,1.02,0,1,0,0,4,105,0,0,2388,1058,2907,0,41,21,0
10725915167300,100,2048,16384,16384,707,512,8192,8192,98,8192,16384,16384,75,8192,16384,16384,14,8192,8192,8192,2,512,8192,8192,15,512,8192,8192,79,2048,8192,8192,12,0,0,0,1,1024,65536,131072,1009,262144,262144,262144,40,16384,32768,32768,40,262144,262144,262144,40,64,256,256,40,128,128,8192,40,0,256,4096,111,64,512,512,111,64,512,4096,6363,64,512,4096,675,64,256,512,45,64,256,256,108,128,512,1024,630,64,256,1024,648,0,128,512,3969,64,256,512,81,64,64,64,18,0,256,256,18,0,256,256,18,0,256,256,9,0,0,0,0,0,0,0,0,0,0,0,0,64,128,128,20,64,128,128,20,8.30,7.28,1.02,0,2,0,0,3,89,0,0,2311,1004,2823,0,40,20,0
10726936351900,100,2048,16384,16384,751,512,8192,8192,100,8192,16384,16384,87,8192,16384,16384,26,8192,8192,8192,3,1024,4096,8192,21,1024,8192,16384,85,4096,8192,8192,10,0,0,0,1,2048,65536,65536,1094,262144,262144,262144,41,16384,32768,32768,41,262144,262144,262144,41,64,128,256,41,128,128,128,41,64,512,4096,114,64,512,1024,114,64,512,8192,6759,64,512,4096,783,64,256,4096,132,64,256,4096,171,128,512,1024,615,64,256,1024,624,0,128,512,3762,64,256,256,135,0,0,0,0,64,256,256,27,64,512,512,27,128,256,256,9,0,0,0,0,0,0,0,0,0,0,0,0,64,128,128,20,64,256,256,20,8.54,7.52,1.02,0,3,1,0,2,113,0,0,2376,1082,2962,0,41,20,0
10727956745700,97,2048,8192,16384,695,512,8192,8192,95,8192,16384,16384,70,8192,16384,16384,17,0,0,0,0,1024,8192,8192,16,512,8192,8192,71,2048,4096,4096,10,0,0,0,1,128,65536,131072,981,262144,262144,262144,41,16384,32768,32768,41,262144,262144,262144,41,64,128,256,41,64,128,128,41,64,512,4096,105,64,512,512,132,64,512,4096,6255,64,256,4096,630,64,256,512,117,64,256,512,90,128,256,1024,612,64,128,512,621,0,128,512,4356,64,256,512,81,64,128,128,30,0,128,128,9,0,0,0,0,0,256,256,9,0,0,0,0,0,0,0,0,0,0,0,0,64,128,128,21,128,256,256,21,8.55,7.15,1.40,0,0,2,0,4,87,3,0,2264,979,2796,0,41,21,0
10728976400700,97,2048,8192,16384,721,512,8192,8192,102,8192,16384,16384,84,8192,8192,8192,18,0,0,0,1,1024,4096,8192,28,512,4096,8192,81,1024,4096,4096,9,0,0,0,1,128,65536,131072,1054,262144,262144,262144,41,16384,32768,32768,41,262144,262144,262144,41,64,128,128,41,128,128,128,41,64,512,4096,93,64,512,4096,93,64,512,4096,6489,64,256,4096,756,64,256,256,90,64,256,512,135,128,256,1024,717,64,256,512,744,0,128,512,4257,64,256,4096,117,64,256,256,18,0,256,256,9,64,256,256,9,128,256,256,9,0,0,0,0,0,0,0,0,0,0,0,0,128,128,128,20,128,256,256,20,8.30,7.15,1.15,0,1,5,0,1,102,0,0,2292,1037,2832,0,41,20,0
10729996717300,100,2048,16384,16384,746,512,8192,8192,114,8192,16384,16384,83,8192,16384,16384,15,8192,8192,8192,2,1024,4096,4096,15,512,8192,16384,87,2048,4096,4096,20,0,0,0,0,512,65536,131072,1094,262144,262144,262144,41,16384,32768,32768,41,262144,262144,262144,41,64,64,128,41,128,128,8192,41,64,256,4096,150,64,512,4096,123,64,512,4096,6714,64,512,8192,747,64,256,256,102,64,512,2048,117,128,512,1024,750,64,256,512,705,0,256,1024,4311,64,256,512,117,64,4096,4096,18,64,256,256,9,64,256,256,18,0,0,0,0,8192,2097152,2097152,3,512,2048,2048,3,64,64,64,6,128,128,128,21,64,128,1024,21,8.81,7.53,1.28,3,2,7,0,4,98,0,0,2399,1092,3013,0,41,21,0
10731016188100,100,2048,16384,16384,726,512,4096,8192,95,8192,16384,16384,78,8192,16384,16384,22,8192,8192,8192,2,1024,4096,4096,26,1024,8192,8192,78,2048,8192,8192,17,0,0,0,0,1024,65536,131072,1056,262144,262144,262144,41,16384,32768,32768,41,262144,262144,262144,41,64,128,256,41,128,128,128,41,64,256,256,120,64,512,4096,120,64,512,4096,6534,64,256,8192,702,64,256,4096,90,64,256,512,207,128,256,512,636,64,256,512,672,0,256,512,4077,64,256,4096,126,0,256,256,27,64,128,128,18,64,256,256,18,0,0,0,0,0,0,0,0,0,0,0,0,0,0,0,0,64,128,128,20,64,128,128,20,8.68,7.79,0.89,0,2,4,0,3,100,0,0,2364,1047,2870,0,41,20,0
10732036658800,100,2048,8192,16384,721,512,4096,8192,105,8192,16384,16384,81,4096,8192,8192,13,0,0,0,0,512,4096,4096,14,512,8192,8192,78,2048,8192,8192,18,0,0,0,1,128,65536,131072,1039,262144,262144,262144,40,8192,32768,32768,40,262144,262144,262144,40,64,64,64,40,64,128,128,40,64,256,4096,62,64,512,4096,62,64,512,4096,6489,64,256,4096,729,64,256,256,30,64,256,256,135,128,512,1024,705,64,256,512,678,0,128,512,3834,64,256,4096,90,64,64,64,9,0,0,0,0,0,0,0,0,64,256,256,9,0,0,0,0,0,0,0,0,0,0,0,0,64,128,128,20,64,128,128,20,8.30,7.40,0.89,0,0,1,0,3,94,0,0,2345,1031,2836,0,40,20,0
10733055750200,100,2048,16384,16384,718,512,4096,8192,99,8192,16384,16384,85,8192,16384,16384,21,0,0,0,0,1024,4096,4096,26,1024,4096,8192,81,2048,8192,8192,11,0,0,0,0,512,65536,262144,1046,262144,262144,262144,41,16384,32768,32768,41,262144,262144,262144,41,64,64,64,41,128,128,128,41,64,256,512,135,64,512,4096,135,64,512,4096,6462,64,256,4096,765,64,256,256,72,64,256,4096,171,128,256,1024,642,64,256,512,651,0,128,512,3996,64,256,512,90,0,256,256,18,0,0,0,0,0,0,0,0,0,0,0,0,0,0,0,0,0,0,0,0,0,0,0,0,64,128,128,21,64,128,128,21,8.56,7.28,1.28,0,0,7,0,3,106,0,0,2303,1034,2888,0,41,21,0
10734077942300,100,2048,8192,16384,747,512,8192,8192,100,8192,16384,16384,76,8192,16384,16384,24,0,0,0,1,1024,4096,4096,18,512,8192,8192,84,2048,4096,4096,13,0,0,0,0,2048,65536,131072,1070,262144,262144,262144,41,8192,32768,65536,41,262144,262144,262144,41,64,256,256,41,128,256,256,41,64,256,512,102,64,512,1024,102,64,512,4096,6723,64,512,4096,684,64,256,512,96,64,256,4096,189,128,512,1024,717,64,256,512,708,0,128,256,3789,64,256,512,117,64,256,512,27,64,128,128,18,0,256,256,9,0,0,0,0,0,0,0,0,0,0,0,0,0,0,0,0,64,128,128,20,64,128,128,20,8.53,7.39,1.15,0,1,4,0,0,100,0,0,2350,1067,2868,0,41,20,0
10735098260900,100,2048,16384,16384,726,512,8192,8192,102,8192,16384,16384,81,8192,16384,16384,24,0,0,0,1,1024,8192,8192,19,512,8192,8192,82,2048,8192,8192,10,0,0,0,0,1024,65536,131072,1051,262144,262144,262144,41,16384,32768,32768,41,262144,262144,262144,41,64,128,256,41,64,128,128,41,64,512,4096,108,64,512,4096,108,64,512,4096,6534,64,256,4096,729,64,256,256,45,64,512,4096,216,64,256,1024,624,64,128,512,615,0,256,512,4329,64,256,4096,90,64,128,128,9,0,0,0,0,0,128,128,9,0,0,0,0,0,0,0,0,0,0,0,0,0,0,0,0,64,128,128,21,64,128,128,21,8.42,7.15,1.28,0,1,1,0,3,105,0,0,2335,1045,2900,0,41,21,0
10736118660600,100,2048,16384,16384,729,512,8192,8192,100,8192,16384,16384,78,8192,16384,16384,16,0,0,0,1,1024,4096,8192,21,1024,8192,8192,79,2048,4096,4096,10,0,0,0,1,1024,65536,131072,1038,262144,262144,262144,41,8192,32768,32768,41,262144,262144,262144,41,64,256,256,41,128,128,128,41,64,256,512,105,64,4096,8192,105,64,512,4096,6561,64,256,4096,702,64,256,512,75,64,512,4096,126,128,256,1024,732,64,256,512,723,0,256,512,3861,64,256,4096,90,0,64,64,9,64,256,256,18,0,128,128,9,0,256,256,9,0,0,0,0,0,0,0,0,0,0,0,0,128,128,128,20,64,128,128,20,8.17,7.27,0.89,0,1,6,0,3,94,0,0,2296,1030,2833,0,41,20,0
10737138682400,97,2048,8192,16384,721,512,8192,8192,98,8192,16384,16384,81,8192,16384,16384,28,8192,8192,8192,2,512,4096,4096,22,1024,8192,8192,82,1024,4096,4096,9,0,0,0,0,128,65536,131072,1049,262144,262144,262144,40,16384,32768,32768,40,262144,262144,262144,40,64,128,256,40,128,128,128,40,64,512,512,140,64,512,4096,167,64,512,4096,6489,64,256,4096,729,64,256,512,135,64,256,4096,162,128,512,1024,675,64,512,1024,693,0,128,256,4203,64,256,8192,81,128,256,256,18,64,256,256,18,128,512,512,18,0,0,0,0,0,0,0,0,0,0,0,0,0,0,0,0,64,128,128,20,64,64,64,20,9.32,7.53,1.79,0,2,3,0,1,109,3,0,2396,1047,2992,0,40,20,0
10738158054800,97,2048,8192,16384,720,512,8192,8192,95,8192,16384,16384,76,8192,16384,16384,26,0,0,0,1,1024,4096,4096,18,512,8192,8192,80,2048,8192,8192,17,4096,4096,4096,2,2048,65536,131072,1042,262144,262144,262144,41,16384,32768,32768,41,262144,262144,262144,41,64,128,128,41,128,128,128,41,64,512,4096,96,64,512,4096,96,64,512,4096,6480,64,512,4096,684,64,256,512,90,64,256,4096,171,64,256,1024,708,64,128,512,681,0,128,512,3636,64,256,512,135,0,256,256,21,0,0,0,0,64,256,256,9,128,256,256,18,0,0,0,0,0,0,0,0,0,0,0,0,128,128,128,21,64,128,128,21,8.43,7.41,1.02,0,1,0,0,1,102,0,0,2269,1031,2807,0,41,21,0
10739178140800,97,2048,8192,16384,719,512,8192,8192,97,8192,16384,16384,83,8192,16384,16384,17,0,0,0,1,512,4096,4096,19,512,4096,8192,76,2048,8192,8192,15,0,0,0,1,128,65536,262144,1030,262144,262144,262144,41,16384,32768,32768,41,262144,262144,262144,41,64,64,64,41,64,128,128,41,0,512,512,117,64,512,512,117,64,512,4096,6471,64,256,4096,747,64,256,256,63,64,512,4096,117,128,512,1024,654,64,256,512,663,0,256,512,4023,64,256,4096,108,0,0,0,0,0,128,128,9,0,128,128,9,64,128,128,9,0,0,0,0,0,0,0,0,0,0,0,0,64,128,128,20,64,128,128,20,8.30,7.27,1.02,0,1,0,0,1,100,0,0,2308,1017,2822,0,41,20,0
10740197574700,100,2048,16384,16384,743,512,4096,8192,100,8192,16384,16384,80,8192,8192,8192,19,0,0,0,1,512,4096,4096,22,512,4096,8192,84,2048,8192,8192,16,0,0,0,0,128,65536,262144,1075,262144,262144,262144,41,16384,32768,65536,41,262144,262144,262144,41,64,64,128,41,64,128,128,41,64,256,4096,153,64,512,1024,126,64,512,4096,6687,64,256,4096,720,64,256,512,98,64,512,512,135,128,256,1024,681,64,256,512,681,0,256,512,4140,64,256,8192,144,0,0,0,0,0,128,128,9,0,512,512,9,0,0,0,0,8192,16384,16384,3,512,1024,1024,3,64,64,64,6,128,128,256,21,64,128,256,21,8.43,7.67,0.77,3,1,1,0,2,99,0,0,2403,1072,2933,0,41,21,0
10741219812200,100,2048,16384,16384,699,512,4096,8192,97,8192,16384,32768,78,8192,8192,16384,27,0,0,0,1,1024,4096,4096,13,512,8192,8192,83,2048,2048,2048,16,0,0,0,0,128,65536,131072,1020,262144,262144,262144,41,16384,32768,65536,41,262144,262144,262144,41,64,128,128,41,128,128,128,41,64,512,8192,93,64,1024,4096,93,64,512,4096,6291,64,512,4096,702,64,256,256,147,64,256,512,162,128,512,1024,780,64,256,512,753,0,256,512,4707,64,256,256,108,64,512,512,18,0,256,256,9,64,256,256,9,0,0,0,0,0,0,0,0,0,0,0,0,0,0,0,0,64,128,128,20,64,128,128,20,9.68,7.77,1.91,0,1,0,0,4,105,0,0,2298,1016,2893,0,41,20,0
10742239710700,100,2048,16384,16384,736,512,8192,8192,98,8192,16384,16384,77,8192,16384,16384,21,0,0,0,1,1024,8192,8192,27,512,8192,8192,78,2048,8192,8192,11,2048,2048,2048,2,64,65536,131072,1059,262144,262144,262144,40,16384,32768,65536,40,262144,262144,262144,40,64,256,256,40,64,128,128,40,64,512,8192,84,64,512,4096,84,64,512,4096,6624,64,256,4096,693,64,256,512,119,64,256,512,117,128,256,1024,609,64,256,512,636,0,128,512,3852,64,256,512,108,64,256,256,30,64,256,256,9,64,256,256,9,128,256,256,18,0,0,0,0,0,0,0,0,0,0,0,0,64,128,128,20,64,64,64,20,8.43,7.28,1.15,0,1,0,0,1,98,0,0,2341,1051,2866,0,40,20,0
10743260149400,100,2048,16384,16384,721,512,8192,16384,99,8192,16384,16384,79,8192,16384,16384,11,0,0,0,0,1024,4096,8192,23,1024,8192,8192,77,2048,4096,4096,10,0,0,0,1,128,65536,131072,1028,262144,262144,262144,41,8192,32768,32768,41,262144,262144,262144,41,64,64,64,41,128,128,128,41,64,512,512,87,64,512,512,87,64,512,4096,6489,64,512,4096,711,64,256,256,48,64,512,4096,81,128,512,1024,684,64,256,1024,675,0,128,512,4230,64,256,4096,36,0,0,0,0,64,256,256,9,0,0,0,0,128,4096,4096,9,0,0,0,0,0,0,0,0,0,0,0,0,64,128,128,21,64,64,64,21,8.54,7.27,1.28,0,0,0,0,4,90,0,0,2348,1014,2802,0,41,21,0
10744278805200,100,2048,16384,16384,732,512,8192,8192,98,8192,16384,16384,78,8192,16384,16384,18,0,0,0,1,512,8192,8192,16,1024,8192,8192,78,2048,8192,8192,10,8192,8192,8192,2,128,65536,131072,1040,262144,262144,262144,41,16384,32768,32768,41,262144,262144,262144,41,64,128,128,41,128,128,512,41,64,512,4096,111,64,512,1024,111,64,512,4096,6588,64,256,4096,702,64,256,256,98,128,256,512,162,128,512,1024,702,64,512,1024,711,0,128,512,4293,64,256,512,117,64,256,256,18,0,0,0,0,0,256,256,9,128,4096,4096,18,0,0,0,0,0,0,0,0,0,0,0,0,64,128,128,20,64,64,64,20,8.31,7.54,0.77,0,1,0,0,2,96,0,0,2269,1029,2760,0,41,20,0
10745300072700,100,2048,16384,16384,711,512,4096,8192,99,8192,16384,16384,89,4096,16384,16384,19,0,0,0,1,1024,8192,8192,16,512,8192,8192,82,2048,8192,8192,14,4096,4096,4096,2,1024,65536,131072,1046,262144,262144,262144,41,16384,32768,65536,41,262144,262144,262144,41,64,128,256,41,128,128,128,41,64,256,1024,138,64,512,512,138,64,512,4096,6399,64,256,4096,801,64,128,256,66,64,256,4096,198,128,512,1024,795,64,256,512,804,0,128,512,3681,64,256,4096,63,0,0,0,0,0,128,128,9,0,256,256,9,64,512,512,18,0,0,0,0,0,0,0,0,0,0,0,0,64,128,128,21,64,128,128,21,9.05,7.65,1.40,0,1,0,0,2,108,0,0,2327,1037,2833,0,41,21,0
10746320148700,100,2048,16384,16384,751,512,8192,8192,109,8192,16384,16384,71,8192,16384,16384,18,0,0,0,1,1024,4096,8192,24,512,8192,8192,82,2048,8192,8192,19,0,0,0,1,1024,65536,131072,1089,262144,262144,262144,41,16384,32768,32768,41,262144,262144,262144,41,64,128,256,41,128,128,8192,41,64,512,8192,195,64,512,4096,195,64,512,4096,6759,64,256,4096,639,64,256,256,81,64,256,4096,207,128,512,1024,675,64,256,512,648,0,128,512,4077,64,256,256,72,64,256,256,9,0,64,64,9,0,256,256,9,0,256,256,9,0,0,0,0,0,0,0,0,0,0,0,0,64,128,128,20,64,128,128,20,8.30,7.27,1.02,0,1,0,0,1,89,0,0,2435,1082,2879,0,41,20,0
10747340067100,97,2048,16384,16384,719,512,8192,8192,106,8192,16384,16384,80,8192,16384,16384,15,0,0,0,0,1024,8192,8192,28,1024,4096,8192,83,2048,16384,16384,13,0,0,0,1,64,65536,131072,1050,262144,262144,262144,40,8192,32768,32768,40,262144,262144,262144,40,64,128,128,40,128,128,128,40,128,4096,8192,75,64,512,1024,102,64,1024,4096,6471,64,256,4096,720,64,256,256,50,64,512,4096,153,128,512,1024,654,64,256,512,636,0,128,512,3663,64,512,4096,99,0,0,0,0,0,0,0,0,0,0,0,0,64,256,256,9,0,0,0,0,0,0,0,0,0,0,0,0,64,128,128,20,64,8192,8192,20,8.42,7.27,1.15,0,0,0,0,0,95,3,0,2381,1038,2947,0,40,20,0
10748361133800,97,2048,8192,16384,714,512,8192,8192,96,4096,8192,16384,78,8192,16384,16384,22,0,0,0,0,1024,8192,8192,16,512,4096,8192,79,2048,4096,4096,13,0,0,0,0,1024,65536,131072,1024,262144,262144,262144,41,16384,32768,32768,41,262144,262144,262144,41,64,64,64,41,64,1024,8192,41,64,256,512,159,64,512,4096,159,64,512,4096,6426,64,256,4096,702,64,256,256,87,64,512,4096,144,128,256,1024,663,64,256,1024,663,0,128,256,3915,64,256,4096,99,64,512,512,9,0,0,0,0,0,0,0,0,0,0,0,0,0,0,0,0,0,0,0,0,0,0,0,0,64,128,128,21,64,128,128,21,8.55,7.27,1.28,0,0,0,0,2,100,0,0,2357,1020,2836,0,41,21,0
10749381195500,100,2048,8192,16384,716,512,4096,8192,100,4096,16384,16384,85,8192,16384,16384,24,0,0,0,0,512,4096,4096,14,1024,4096,8192,79,2048,8192,8192,15,0,0,0,0,128,65536,65536,1040,262144,262144,262144,41,16384,32768,32768,41,262144,262144,262144,41,64,64,64,41,64,8192,8192,41,64,256,4096,174,64,512,4096,147,64,512,4096,6444,64,256,4096,765,64,256,256,59,64,256,4096,216,128,256,1024,669,64,128,256,642,0,128,256,4383,64,256,512,72,64,64,64,9,0,0,0,0,0,0,0,0,0,0,0,0,8192,8192,8192,3,512,512,512,3,64,64,64,6,64,128,128,20,64,128,128,20,9.06,8.04,1.02,3,0,0,0,2,109,0,0,2352,1040,2937,0,41,20,0
10750401634800,100,2048,16384,16384,745,512,8192,8192,100,8192,16384,16384,83,8192,16384,16384,18,0,0,0,1,512,8192,8192,21,512,8192,8192,75,2048,4096,4096,11,0,0,0,0,1024,65536,131072,1058,262144,262144,262144,41,16384,32768,32768,41,262144,262144,262144,41,64,256,256,41,128,128,8192,41,64,512,4096,158,64,512,512,158,64,512,4096,6705,64,256,4096,747,64,256,256,87,64,256,4096,135,128,512,1024,711,64,256,512,720,0,128,512,3816,64,256,4096,81,64,128,128,9,64,128,128,9,0,256,256,9,0,0,0,0,0,0,0,0,0,0,0,0,0,0,0,0,64,128,128,21,64,128,128,21,8.29,7.27,1.02,0,1,0,0,2,101,0,0,2392,1053,2898,0,41,21,0
10751421133200,100,2048,16384,16384,730,512,8192,8192,101,8192,16384,16384,70,8192,8192,16384,23,8192,8192,8192,2,512,4096,4096,25,1024,8192,8192,81,2048,8192,8192,10,0,0,0,0,2048,65536,65536,1046,262144,262144,262144,41,8192,32768,32768,41,262144,262144,262144,41,64,128,128,41,128,128,128,41,64,256,8192,83,64,512,4096,83,64,512,4096,6570,64,512,4096,630,64,512,512,102,128,256,512,153,128,256,1024,653,64,256,512,662,0,128,4096,4626,64,256,256,63,64,256,256,36,128,256,256,18,128,256,256,18,0,0,0,0,0,0,0,0,0,0,0,0,0,0,0,0,64,128,128,20,64,128,128,20,8.56,7.41,1.15,0,2,0,0,2,93,0,0,2445,1040,2887,0,41,20,0
10752441581200,100,2048,16384,16384,726,512,4096,8192,99,8192,16384,16384,88,8192,16384,16384,25,0,0,0,0,1024,4096,4096,25,512,4096,8192,85,2048,8192,8192,22,0,0,0,0,1024,65536,131072,1078,262144,262144,262144,41,16384,32768,32768,41,262144,262144,262144,41,64,64,64,41,128,128,256,41,64,512,8192,120,64,512,4096,120,64,512,4096,6534,64,512,4096,792,64,256,512,129,64,256,4096,189,128,512,1024,765,64,256,512,738,0,128,512,3330,64,256,4096,135,64,512,512,18,0,0,0,0,0,0,0,0,0,0,0,0,0,0,0,0,0,0,0,0,0,0,0,0,64,128,128,21,64,128,128,21,9.83,7.91,1.91,0,0,0,0,6,113,0,0,2431,1073,2981,0,41,21,0
10753462006600,100,2048,16384,16384,736,512,4096,8192,100,8192,16384,16384,82,8192,16384,16384,26,0,0,0,0,1024,4096,4096,19,512,4096,8192,76,2048,4096,4096,7,0,0,0,1,2048,65536,262144,1049,262144,262144,262144,40,16384,65536,65536,40,262144,262144,262144,40,64,128,128,40,64,128,128,40,64,512,4096,156,64,512,1024,156,64,512,8192,6624,64,512,4096,738,64,256,256,123,64,512,4096,189,128,512,1024,678,64,256,512,669,0,128,512,4185,64,256,4096,63,64,256,256,36,0,0,0,0,0,0,0,0,0,128,128,9,0,0,0,0,0,0,0,0,0,0,0,0,64,256,256,20,64,256,256,20,9.19,7.66,1.53,0,0,0,0,1,108,0,0,2386,1041,2931,0,40,20,0
10754482272200,100,2048,8192,16384,725,512,4096,8192,100,8192,16384,16384,85,8192,16384,16384,18,0,0,0,0,1024,1024,1024,15,512,4096,8192,77,2048,8192,8192,14,0,0,0,0,256,65536,65536,1041,262144,262144,262144,41,8192,32768,65536,41,262144,262144,262144,41,64,64,64,41,128,128,256,41,64,512,4096,81,64,512,4096,81,64,512,4096,6525,64,256,4096,765,64,256,256,117,64,512,4096,90,128,512,1024,669,64,256,512,642,0,128,256,3762,64,256,512,135,64,128,256,27,0,0,0,0,0,0,0,0,0,0,0,0,0,0,0,0,0,0,0,0,0,0,0,0,64,128,128,20,64,128,128,20,8.30,7.15,1.15,0,0,0,0,1,103,0,0,2388,1031,2885,0,41,20,0
10755502667600,100,2048,8192,16384,742,512,4096,8192,100,8192,16384,16384,73,4096,16384,16384,19,0,0,0,0,1024,8192,8192,17,512,8192,8192,85,2048,4096,4096,13,0,0,0,0,128,65536,131072,1052,262144,262144,262144,41,16384,32768,65536,41,262144,262144,262144,41,64,128,256,41,128,128,8192,41,64,256,512,159,64,512,8192,159,64,512,4096,6678,64,512,4096,657,64,256,512,93,64,256,512,117,128,256,512,665,64,256,1024,683,0,256,512,4392,64,256,4096,99,64,256,256,27,64,256,256,9,0,0,0,0,0,0,0,0,0,0,0,0,0,0,0,0,0,0,0,0,64,128,128,21,64,128,128,21,8.67,7.40,1.28,0,0,0,0,0,92,0,0,2437,1043,2853,0,41,21,0
10756523317800,100,2048,16384,16384,726,512,8192,8192,100,8192,16384,16384,82,8192,16384,16384,22,8192,8192,8192,2,512,8192,8192,28,512,4096,8192,87,2048,8192,8192,19,2048,2048,2048,3,128,65536,131072,1080,262144,262144,262144,41,16384,32768,32768,41,262144,262144,262144,41,64,128,128,41,128,128,128,41,0,256,512,117,64,512,512,117,64,512,4096,6534,64,512,4096,738,64,256,4096,186,64,256,4096,189,128,256,1024,612,64,256,512,612,0,256,512,4401,64,256,512,99,64,256,512,48,64,256,256,9,64,256,256,18,128,256,256,27,0,0,0,0,0,0,0,0,0,0,0,0,64,128,128,20,64,128,128,20,8.30,7.40,0.89,0,2,0,0,3,104,0,0,2466,1061,2953,0,41,20,0
10757543430200,97,2048,16384,16384,727,512,4096,8192,98,8192,16384,16384,79,8192,16384,16384,20,0,0,0,1,512,8192,8192,17,1024,8192,8192,77,2048,2048,2048,8,0,0,0,0,128,65536,131072,1035,262144,262144,262144,41,16384,32768,32768,41,262144,262144,262144,41,64,128,256,41,64,128,256,41,64,512,4096,162,64,512,4096,189,64,512,4096,6543,64,256,4096,711,64,256,256,114,64,256,4096,99,128,256,1024,726,64,256,512,753,0,128,512,4329,64,256,512,117,0,128,128,9,0,256,512,27,0,128,128,9,0,0,0,0,0,0,0,0,0,0,0,0,0,0,0,0,64,128,128,21,64,128,256,21,8.81,7.79,1.02,0,1,0,0,3,99,3,0,2328,1034,2918,0,41,21,0
10758561885500,97,2048,8192,16384,695,512,8192,8192,96,8192,16384,16384,82,8192,16384,16384,19,8192,8192,8192,2,1024,8192,8192,23,1024,4096,8192,68,2048,8192,8192,13,0,0,0,0,128,65536,65536,1004,262144,262144,262144,40,16384,32768,32768,40,262144,262144,262144,40,64,256,256,40,128,128,128,40,64,1024,4096,132,64,512,512,132,64,512,4096,6255,64,512,4096,738,64,256,4096,90,64,256,4096,99,128,256,1024,656,64,256,512,665,0,256,2048,3564,64,512,1024,126,0,0,0,0,0,0,0,0,0,512,512,18,0,0,0,0,0,0,0,0,0,0,0,0,0,0,0,0,64,128,128,20,64,128,128,20,8.57,7.42,1.15,0,2,0,0,3,101,0,0,2306,1001,2816,0,40,20,0
10759583890100,100,2048,8192,16384,723,512,8192,8192,98,8192,16384,16384,77,8192,16384,16384,16,0,0,0,1,512,1024,1024,16,512,8192,8192,80,2048,8192,8192,15,0,0,0,1,256,65536,131072,1035,262144,262144,262144,41,16384,32768,65536,41,262144,262144,262144,41,64,256,256,41,128,128,128,41,64,512,8192,143,64,512,4096,116,64,512,4096,6507,64,512,4096,693,64,256,256,96,64,256,512,135,128,256,1024,687,64,256,512,696,0,128,512,4041,64,256,4096,72,0,256,256,36,64,256,256,18,64,256,256,9,0,256,256,9,8192,8192,8192,3,1024,1024,1024,3,64,64,64,6,128,128,128,20,64,256,256,20,8.28,7.26,1.02,3,1,0,0,2,93,0,0,2315,1035,2832,0,41,20,0
10760603028300,100,2048,16384,16384,734,512,8192,8192,102,8192,16384,16384,76,8192,16384,16384,18,0,0,0,1,1024,4096,8192,21,512,4096,8192,83,2048,2048,2048,13,0,0,0,0,1024,65536,131072,1060,262144,262144,262144,41,16384,32768,32768,41,262144,262144,262144,41,64,128,256,41,128,128,256,41,64,512,4096,128,64,512,4096,128,64,512,4096,6606,64,256,4096,684,64,256,256,84,64,256,512,180,128,512,1024,636,64,256,512,636,0,128,512,4095,64,256,256,90,0,256,256,9,0,0,0,0,0,256,256,9,0,0,0,0,0,0,0,0,0,0,0,0,0,0,0,0,64,128,128,21,64,128,128,21,10.86,8.30,2.56,0,1,0,0,3,94,0,0,2363,1054,2854,0,41,21,0
10761623219600,100,2048,16384,16384,762,512,8192,8192,100,8192,16384,16384,80,8192,8192,8192,16,0,0,0,0,1024,4096,4096,20,512,8192,8192,88,2048,8192,8192,19,0,0,0,0,1024,65536,131072,1099,262144,262144,262144,41,16384,32768,32768,41,262144,262144,262144,41,64,64,128,41,64,128,8192,41,64,512,4096,132,64,512,4096,132,64,512,4096,6858,64,256,4096,720,64,128,128,27,64,256,4096,180,128,512,1024,711,64,256,1024,693,0,128,256,4491,64,256,256,108,64,256,256,27,0,0,0,0,0,0,0,0,0,0,0,0,0,0,0,0,0,0,0,0,0,0,0,0,64,128,128,20,64,128,128,20,8.30,7.28,1.02,0,0,0,0,4,96,0,0,2402,1095,2914,0,41,20,0
10762643593300,100,2048,16384,16384,722,512,4096,8192,99,8192,16384,16384,82,8192,16384,16384,19,0,0,0,0,512,4096,4096,25,1024,8192,8192,70,2048,8192,8192,11,0,0,0,0,1024,65536,131072,1034,262144,262144,262144,41,8192,32768,65536,41,262144,262144,262144,41,64,64,64,41,128,128,128,41,64,512,8192,102,64,512,512,102,64,512,4096,6498,64,256,4096,738,64,512,4096,75,64,256,4096,126,128,256,1024,782,64,256,512,791,0,128,4096,4050,64,512,4096,99,64,256,256,18,0,0,0,0,0,0,0,0,0,0,0,0,0,0,0,0,0,0,0,0,0,0,0,0,64,128,128,21,128,128,128,21,9.05,7.65,1.40,0,0,0,0,4,101,0,0,2352,1028,2868,0,41,21,0
10763664847300,100,2048,16384,16384,738,512,8192,8192,115,8192,16384,32768,83,8192,8192,8192,23,0,0,0,0,1024,4096,4096,15,512,8192,8192,82,2048,8192,8192,12,0,0,0,1,128,65536,131072,1076,262144,262144,262144,40,16384,32768,32768,40,262144,262144,262144,40,64,64,64,40,128,256,8192,40,64,256,4096,117,64,512,4096,117,64,512,4096,6642,64,512,8192,747,64,256,256,114,64,256,4096,180,128,512,1024,699,64,256,1024,690,0,128,512,4005,64,256,512,90,64,256,256,36,0,0,0,0,0,0,0,0,64,512,512,9,0,0,0,0,0,0,0,0,0,0,0,0,64,128,128,20,64,128,128,20,8.29,7.27,1.02,0,0,0,0,5,106,0,0,2365,1063,2899,0,40,20,0
10764684692300,100,2048,16384,16384,724,512,4096,8192,102,8192,16384,16384,81,8192,16384,16384,26,8192,8192,8192,2,512,4096,8192,23,512,8192,8192,83,4096,8192,8192,9,0,0,0,0,128,65536,131072,1056,262144,262144,262144,41,32768,32768,65536,41,262144,262144,262144,41,64,128,256,41,64,128,256,41,64,512,16384,168,64,512,8192,168,64,512,4096,6516,64,256,4096,729,64,256,512,84,64,256,4096,243,128,512,1024,666,64,256,512,702,0,128,512,3582,64,256,256,135,64,128,256,21,64,256,256,18,64,256,256,18,0,0,0,0,0,0,0,0,0,0,0,0,0,0,0,0,64,256,256,20,64,64,64,20,8.30,7.28,1.02,0,2,0,0,1,107,0,0,2386,1049,2897,0,41,20,0
10765703088900,100,2048,16384,16384,719,512,8192,8192,100,8192,16384,16384,80,8192,16384,16384,20,0,0,0,0,1024,8192,8192,18,512,8192,8192,82,2048,8192,8192,16,0,0,0,0,1024,65536,131072,1039,262144,262144,262144,41,16384,32768,65536,41,262144,262144,262144,41,64,128,128,41,64,128,128,41,64,256,1024,126,64,512,512,126,64,512,8192,6471,64,512,4096,720,64,512,4096,93,64,256,4096,153,128,512,1024,672,64,256,1024,672,0,256,512,4068,64,256,512,117,64,256,4096,36,0,0,0,0,0,0,0,0,0,0,0,0,0,0,0,0,0,0,0,0,0,0,0,0,64,128,128,21,64,64,128,21,9.21,7.67,1.53,0,0,0,0,5,100,0,0,2301,1033,2820,0,41,21,0
10766724981700,100,2048,16384,16384,739,512,8192,8192,99,8192,16384,16384,77,8192,8192,8192,15,0,0,0,0,1024,8192,8192,17,512,4096,8192,75,2048,4096,4096,16,0,0,0,0,1024,65536,262144,1043,262144,262144,262144,41,16384,32768,65536,41,262144,262144,262144,41,64,64,128,41,128,128,128,41,64,512,4096,123,64,512,4096,123,64,512,8192,6651,64,256,4096,693,64,256,256,27,64,256,512,126,128,256,1024,654,64,256,512,645,0,128,512,4572,64,256,4096,135,64,256,256,36,0,0,0,0,0,0,0,0,0,0,0,0,0,0,0,0,0,0,0,0,0,0,0,0,64,128,128,20,64,256,256,20,8.41,7.64,0.76,0,0,0,0,5,92,0,0,2288,1038,2791,0,41,20,0
10767744650800,97,2048,8192,16384,729,512,8192,8192,98,8192,16384,32768,81,8192,8192,16384,26,0,0,0,1,1024,8192,8192,25,512,8192,8192,86,2048,2048,2048,8,0,0,0,1,128,65536,131072,1063,262144,262144,262144,41,16384,32768,32768,41,262144,262144,262144,41,64,128,256,41,64,128,128,41,64,512,4096,114,64,512,1024,141,64,512,4096,6561,64,256,4096,729,64,256,512,120,64,256,4096,207,128,512,1024,678,64,256,1024,678,0,128,512,3906,64,256,4096,108,64,256,256,18,128,512,512,9,128,256,256,9,0,128,128,9,0,0,0,0,0,0,0,0,0,0,0,0,64,128,128,21,64,128,128,21,8.30,7.27,1.02,0,1,0,0,2,107,3,0,2330,1055,2886,0,41,21,0
10768764073600,97,2048,8192,16384,706,512,8192,8192,97,8192,16384,16384,84,8192,16384,16384,25,0,0,0,0,512,4096,8192,24,512,4096,8192,74,1024,4096,4096,14,0,0,0,0,1024,65536,131072,1026,262144,262144,262144,40,16384,32768,32768,40,262144,262144,262144,40,64,128,128,40,64,128,128,40,64,512,4096,111,64,512,512,111,64,512,4096,6354,64,256,4096,756,64,256,512,117,64,256,256,126,128,512,1024,696,64,256,512,705,0,128,512,4689,64,256,256,126,0,0,0,0,0,0,0,0,0,0,0,0,0,0,0,0,0,0,0,0,0,0,0,0,0,0,0,0,64,128,128,20,64,64,64,20,9.45,7.67,1.79,0,0,0,0,5,109,0,0,2236,1018,2810,0,40,20,0
10769784061600,100,2048,8192,16384,733,512,8192,8192,100,8192,16384,16384,82,8192,16384,16384,16,0,0,0,0,1024,8192,8192,19,512,8192,8192,81,2048,8192,8192,18,0,0,0,0,1024,65536,131072,1054,262144,262144,262144,41,8192,32768,32768,41,262144,262144,262144,41,64,64,128,41,128,128,128,41,64,512,4096,117,64,512,4096,90,64,512,4096,6597,64,256,4096,738,64,256,256,63,64,512,4096,90,128,256,1024,681,64,256,512,663,0,128,512,3852,64,512,4096,135,64,256,4096,60,0,0,0,0,0,0,0,0,0,0,0,0,16384,16384,16384,3,1024,2048,2048,3,64,64,64,6,64,128,128,20,64,128,128,20,9.19,7.27,1.91,3,0,0,0,2,98,0,0,2329,1058,2879,0,41,20,0
10770804953800,100,2048,16384,16384,716,512,8192,8192,100,8192,16384,16384,83,8192,16384,16384,18,0,0,0,0,1024,4096,4096,18,512,8192,8192,81,2048,8192,8192,16,0,0,0,0,64,65536,65536,1040,262144,262144,262144,41,8192,32768,65536,41,262144,262144,262144,41,64,64,128,41,128,128,128,41,64,512,8192,96,64,512,8192,96,64,512,4096,6444,64,256,4096,747,64,256,4096,99,64,256,4096,126,128,512,1024,695,64,256,512,713,0,256,4096,4014,64,256,256,108,64,256,256,12,64,256,256,9,0,0,0,0,0,0,0,0,0,0,0,0,0,0,0,0,0,0,0,0,64,128,128,21,64,64,64,21,8.30,7.53,0.77,0,0,0,0,3,101,0,0,2403,1034,2926,0,41,21,0
10771826583000,100,2048,8192,16384,748,512,8192,16384,99,4096,16384,16384,75,8192,16384,16384,23,8192,8192,8192,5,1024,8192,8192,19,512,8192,8192,82,2048,4096,4096,16,0,0,0,0,128,65536,131072,1078,262144,262144,262144,41,16384,32768,32768,41,262144,262144,262144,41,64,256,256,41,64,128,128,41,64,256,512,105,64,512,512,105,64,512,4096,6732,64,256,4096,675,64,256,512,128,64,512,4096,144,128,512,1024,687,64,512,1024,741,0,256,512,3906,64,256,512,135,64,256,256,21,128,256,256,36,128,256,512,45,0,0,0,0,0,0,0,0,0,0,0,0,0,0,0,0,64,128,128,20,64,64,64,20,8.53,7.52,1.02,0,5,0,0,4,98,0,0,2385,1068,2938,0,41,20,0
10772846056300,100,2048,16384,16384,719,512,8192,8192,99,8192,16384,16384,75,8192,16384,16384,20,0,0,0,0,1024,8192,8192,26,512,8192,8192,81,4096,8192,8192,8,0,0,0,1,128,65536,131072,1037,262144,262144,262144,41,16384,32768,65536,41,262144,262144,262144,41,64,64,128,41,64,128,128,41,64,256,1024,159,64,512,4096,159,64,512,4096,6471,64,256,4096,675,64,256,4096,63,64,512,8192,162,128,256,1024,627,64,256,512,636,0,128,512,4338,64,256,4096,153,64,128,256,30,0,0,0,0,0,0,0,0,128,256,256,9,0,0,0,0,0,0,0,0,0,0,0,0,64,128,128,21,64,64,64,21,9.33,7.54,1.79,0,0,2,0,1,95,0,0,2300,1025,2790,0,41,21,0
10773866383600,100,2048,16384,16384,741,512,8192,8192,103,8192,16384,16384,83,8192,16384,16384,17,8192,8192,8192,2,1024,8192,8192,18,1024,8192,8192,84,2048,4096,4096,12,0,0,0,1,256,65536,131072,1069,262144,262144,262144,41,16384,32768,65536,41,262144,262144,262144,41,64,128,256,41,64,128,128,41,64,256,512,144,64,512,8192,144,64,512,4096,6669,64,256,4096,747,64,256,4096,66,64,256,4096,126,128,256,512,702,64,256,512,729,0,128,4096,3951,64,256,512,63,0,256,256,42,64,256,256,18,64,256,256,18,64,256,256,9,0,0,0,0,0,0,0,0,0,0,0,0,128,128,128,20,64,128,128,20,8.30,7.27,1.02,0,2,5,0,4,100,0,0,2347,1059,2924,0,41,20,0
10774886807500,100,2048,16384,16384,741,512,8192,8192,100,8192,16384,32768,82,8192,8192,8192,20,0,0,0,1,1024,4096,4096,22,1024,8192,8192,80,2048,8192,8192,14,0,0,0,0,2048,65536,131072,1066,262144,262144,262144,40,16384,32768,32768,40,262144,262144,262144,40,64,128,128,40,128,128,128,40,64,256,512,156,64,512,512,156,64,512,4096,6669,64,256,4096,738,64,256,4096,96,64,256,512,153,128,1024,1024,687,64,256,512,651,0,256,512,4041,64,256,512,108,0,128,128,12,0,128,128,9,64,256,256,9,0,0,0,0,0,0,0,0,0,0,0,0,0,0,0,0,128,128,128,20,64,128,128,20,8.30,7.40,0.89,0,1,2,0,3,102,0,0,2381,1063,2871,0,40,20,0
10775906678300,100,2048,16384,16384,725,512,4096,8192,100,8192,16384,16384,86,4096,16384,16384,19,0,0,0,0,1024,8192,8192,14,1024,8192,8192,81,2048,8192,8192,11,0,0,0,0,1024,65536,131072,1050,262144,262144,262144,41,16384,32768,65536,41,262144,262144,262144,41,64,128,256,41,128,128,128,41,64,512,4096,168,64,512,8192,168,64,512,4096,6525,64,256,4096,774,64,256,256,84,64,256,512,171,128,256,1024,648,64,256,512,666,0,128,512,4626,64,256,4096,135,64,128,128,9,0,128,128,9,0,0,0,0,0,0,0,0,0,0,0,0,0,0,0,0,0,0,0,0,64,128,128,21,64,64,128,21,8.55,7.66,0.89,0,0,5,0,0,105,0,0,2377,1045,2943,0,41,21,0
10776925884000,100,2048,16384,16384,722,512,8192,8192,100,8192,16384,16384,76,8192,16384,16384,16,0,0,0,1,1024,8192,8192,23,1024,8192,8192,79,2048,4096,4096,13,0,0,0,0,128,65536,131072,1042,262144,262144,262144,41,16384,32768,65536,41,262144,262144,262144,41,64,128,256,41,64,128,128,41,64,512,4096,204,64,512,4096,204,64,512,4096,6498,64,512,4096,684,64,256,512,102,64,256,4096,189,128,256,1024,765,64,128,512,756,0,128,512,4284,64,512,4096,189,64,256,256,48,0,0,0,0,64,128,128,9,0,0,0,0,0,0,0,0,0,0,0,0,0,0,0,0,64,128,128,20,64,128,128,20,9.33,7.54,1.79,0,1,6,0,2,92,0,0,2327,1034,2816,0,41,20,0
10777946449000,97,2048,8192,16384,734,512,8192,8192,97,8192,16384,16384,78,4096,16384,16384,17,0,0,0,0,1024,8192,8192,18,1024,8192,8192,80,2048,8192,8192,14,0,0,0,0,64,32768,65536,1041,262144,262144,262144,41,16384,32768,32768,41,262144,262144,262144,41,64,64,64,41,128,128,128,41,64,256,512,123,64,512,4096,150,64,512,4096,6606,64,512,4096,702,64,256,512,132,64,512,4096,63,128,512,1024,750,64,256,512,723,0,256,4096,3915,64,256,1024,63,0,256,256,30,0,0,0,0,0,0,0,0,0,0,0,0,0,0,0,0,0,0,0,0,0,0,0,0,64,128,128,21,64,64,64,21,8.30,7.27,1.02,0,0,5,0,1,95,3,0,2338,1040,2892,0,41,21,0
10778968241600,97,2048,8192,16384,711,512,4096,8192,97,4096,16384,16384,79,8192,8192,16384,25,0,0,0,0,512,4096,4096,28,512,8192,8192,80,2048,4096,4096,21,0,0,0,0,1024,65536,131072,1046,262144,262144,262144,41,16384,32768,65536,41,262144,262144,262144,41,64,64,128,41,128,128,128,41,64,256,512,147,64,512,512,147,64,512,4096,6399,64,512,4096,711,64,256,512,135,64,512,4096,207,128,256,1024,687,64,256,512,678,0,128,512,3906,64,512,4096,135,64,256,256,45,0,0,0,0,0,0,0,0,0,0,0,0,0,0,0,0,0,0,0,0,0,0,0,0,64,128,128,20,64,128,128,20,8.53,7.39,1.15,0,0,5,0,1,104,0,0,2274,1033,2839,0,41,20,0
10779988516200,100,2048,16384,16384,717,512,8192,8192,98,8192,8192,16384,82,8192,16384,16384,27,8192,8192,8192,2,1024,8192,8192,16,1024,8192,8192,80,1024,8192,8192,11,0,0,0,0,1024,65536,131072,1039,262144,262144,262144,40,8192,32768,65536,40,262144,262144,262144,40,64,128,128,40,64,128,128,40,64,512,512,123,64,512,4096,96,64,1024,4096,6453,64,512,4096,738,64,256,256,108,64,512,4096,207,128,512,1024,698,64,256,1024,716,0,128,512,3915,64,512,4096,81,0,128,256,39,64,256,256,18,64,256,256,18,0,0,0,0,8192,8192,8192,3,512,1024,1024,3,64,64,64,6,64,128,128,20,128,256,256,20,8.68,7.53,1.15,3,2,3,0,4,109,0,0,2280,1041,2927,0,40,20,0
10781008187000,100,2048,8192,16384,732,512,8192,8192,100,8192,16384,16384,74,8192,16384,16384,20,0,0,0,0,1024,4096,4096,15,1024,8192,8192,76,2048,4096,4096,9,2048,2048,2048,2,1024,65536,131072,1032,262144,262144,262144,41,16384,32768,32768,41,262144,262144,262144,41,64,128,128,41,128,128,128,41,64,512,4096,93,64,512,4096,93,64,512,4096,6588,64,512,4096,666,64,256,256,75,64,512,4096,135,128,512,1024,705,64,256,1024,687,0,128,2048,3690,64,256,512,81,64,128,256,21,64,256,256,18,0,0,0,0,64,512,512,18,0,0,0,0,0,0,0,0,0,0,0,0,64,128,128,21,64,128,128,21,8.30,7.28,1.02,0,0,3,0,3,94,0,0,2354,1025,2871,0,41,21,0
10782028289200,100,2048,16384,16384,734,512,8192,8192,99,8192,16384,16384,81,8192,16384,16384,15,8192,8192,8192,3,1024,4096,8192,21,512,8192,8192,81,2048,4096,4096,11,0,0,0,1,128,65536,131072,1055,262144,262144,262144,41,16384,32768,65536,41,262144,262144,262144,41,64,256,256,41,128,128,128,41,64,256,512,126,64,512,4096,126,64,512,4096,6606,64,256,4096,729,64,256,256,110,64,512,4096,126,64,512,1024,708,64,512,1024,681,0,128,512,4491,64,256,512,63,0,64,64,12,128,128,128,18,128,256,256,27,128,256,256,9,0,0,0,0,0,0,0,0,0,0,0,0,64,128,128,20,64,256,256,20,9.32,7.40,1.91,0,3,1,0,0,96,0,0,2350,1047,2868,0,41,20,0
10783047724000,100,2048,16384,16384,751,512,8192,8192,124,8192,16384,16384,83,8192,16384,16384,26,0,0,0,0,1024,4096,4096,24,1024,8192,8192,84,2048,8192,8192,14,0,0,0,0,1024,65536,131072,1113,262144,262144,262144,41,16384,32768,32768,41,262144,262144,262144,41,64,256,512,41,128,128,2048,41,0,512,2048,117,64,512,512,117,64,512,4096,6759,64,256,4096,747,64,256,256,105,64,512,4096,234,64,256,512,674,64,256,512,701,0,128,256,4320,64,256,512,135,64,4096,8192,21,0,0,0,0,0,0,0,0,0,0,0,0,0,0,0,0,0,0,0,0,0,0,0,0,64,128,128,21,64,128,128,21,8.69,7.54,1.15,0,0,0,0,2,109,0,0,2370,1108,2963,0,41,21,0
10784069035600,100,2048,8192,16384,712,512,4096,8192,99,8192,16384,16384,83,8192,16384,16384,23,8192,8192,8192,2,1024,4096,4096,21,512,8192,8192,80,2048,8192,8192,13,0,0,0,0,128,65536,131072,1041,262144,262144,262144,41,16384,32768,32768,41,262144,262144,262144,41,64,256,256,41,128,128,128,41,64,512,4096,96,64,512,512,96,64,512,4096,6408,64,512,4096,747,64,256,4096,113,64,256,4096,162,128,512,1024,812,64,256,1024,803,0,128,512,3987,64,256,512,54,64,256,256,12,128,256,256,9,0,512,512,18,0,0,0,0,0,0,0,0,0,0,0,0,0,0,0,0,64,128,128,20,64,128,128,20,8.42,7.52,0.89,0,2,0,0,1,106,0,0,2354,1035,2870,0,41,20,0
10785089189000,100,2048,16384,16384,744,512,4096,8192,101,4096,16384,16384,77,8192,8192,8192,20,0,0,0,0,512,8192,8192,19,512,4096,8192,78,2048,8192,8192,17,0,0,0,1,128,65536,131072,1061,262144,262144,262144,40,16384,32768,65536,40,262144,262144,262144,40,64,64,64,40,128,128,256,40,64,512,512,171,64,512,4096,171,64,512,4096,6696,64,256,4096,693,64,256,512,63,64,512,4096,81,128,512,1024,627,64,256,512,609,0,256,512,3663,64,256,4096,90,64,128,128,9,0,0,0,0,0,0,0,0,256,512,512,9,0,0,0,0,0,0,0,0,0,0,0,0,64,128,128,20,64,128,128,20,9.32,7.53,1.79,0,0,0,0,1,97,0,0,2329,1053,2836,0,40,20,0
10786109298300,100,2048,16384,16384,727,512,8192,8192,102,8192,16384,16384,80,8192,16384,16384,19,0,0,0,0,512,4096,4096,18,512,8192,8192,79,2048,4096,4096,18,0,0,0,0,64,65536,262144,1048,262144,262144,262144,41,16384,32768,65536,41,262144,262144,262144,41,64,64,128,41,64,128,128,41,64,256,512,201,64,512,4096,201,64,512,4096,6543,64,256,4096,720,64,256,256,96,64,256,512,144,128,512,1024,705,64,256,512,687,0,128,512,4167,64,256,8192,81,0,128,128,9,0,0,0,0,0,0,0,0,0,0,0,0,0,0,0,0,0,0,0,0,0,0,0,0,64,128,128,21,64,128,128,21,8.55,7.27,1.28,0,0,0,0,1,99,0,0,2297,1040,2853,0,41,21,0
10787129731400,100,2048,16384,16384,730,512,4096,8192,100,8192,16384,16384,79,8192,8192,16384,29,0,0,0,1,512,4096,4096,17,1024,4096,8192,82,1024,4096,4096,9,0,0,0,1,1024,65536,65536,1059,262144,262144,262144,41,16384,32768,65536,41,262144,262144,262144,41,64,128,128,41,128,256,32768,41,0,512,4096,147,64,512,8192,147,64,512,4096,6570,64,512,4096,711,64,256,4096,123,64,256,512,153,128,512,1024,690,64,256,1024,699,0,256,512,4041,64,256,4096,108,64,4096,4096,18,64,128,128,9,128,128,128,9,128,256,256,9,0,0,0,0,0,0,0,0,0,0,0,0,64,256,256,20,64,128,128,20,8.55,7.27,1.28,0,1,0,0,4,108,0,0,2288,1049,2876,0,41,20,0
10788149632600,97,2048,8192,16384,722,512,8192,8192,96,8192,16384,32768,79,8192,8192,8192,15,0,0,0,1,1024,8192,8192,28,512,8192,8192,78,2048,8192,8192,14,0,0,0,0,128,65536,131072,1037,262144,262144,262144,41,16384,32768,65536,41,262144,262144,262144,41,64,64,256,41,64,128,256,41,64,512,1024,135,64,512,4096,162,64,512,4096,6498,64,512,4096,711,64,256,256,84,64,256,512,72,128,256,1024,666,64,256,512,684,0,256,512,4203,64,512,4096,117,64,128,128,9,128,256,256,9,64,256,256,9,0,0,0,0,0,0,0,0,0,0,0,0,0,0,0,0,64,128,128,21,64,128,256,21,8.30,7.27,1.02,0,1,0,0,1,94,3,0,2237,1033,2760,0,41,21,0
10789170162300,97,2048,8192,16384,712,512,8192,8192,97,8192,16384,16384,79,8192,16384,16384,18,0,0,0,0,1024,4096,4096,17,512,8192,8192,80,2048,8192,8192,13,0,0,0,1,128,65536,131072,1026,262144,262144,262144,41,16384,32768,32768,41,262144,262144,262144,41,64,64,128,41,128,128,128,41,64,256,512,109,64,512,4096,109,64,512,4096,6408,64,512,4096,711,64,256,4096,75,64,256,4096,144,128,256,1024,717,64,256,512,717,0,128,512,4302,64,256,512,90,64,4096,4096,18,0,0,0,0,0,0,0,0,0,256,256,9,0,0,0,0,0,0,0,0,0,0,0,0,128,128,128,20,64,128,128,20,9.32,7.66,1.66,0,0,0,0,3,97,0,0,2132,1019,2684,0,41,20,0
10790189628800,100,2048,8192,16384,740,512,8192,8192,100,8192,16384,32768,82,8192,16384,16384,20,8192,8192,8192,2,512,4096,4096,21,512,8192,8192,84,2048,2048,2048,10,0,0,0,0,64,65536,65536,1068,262144,262144,262144,40,16384,32768,32768,40,262144,262144,262144,40,64,256,256,40,128,128,256,40,64,256,4096,135,64,512,512,108,64,512,4096,6660,64,256,4096,738,64,256,256,111,64,512,512,171,128,512,1024,639,64,256,512,648,0,128,512,3591,64,256,4096,90,0,128,128,27,64,256,256,18,64,256,256,18,0,0,0,0,8192,16384,16384,3,1024,2048,2048,3,64,64,64,6,128,128,128,20,64,256,256,20,8.42,7.27,1.15,3,2,0,0,1,102,0,0,2306,1068,2898,0,40,20,0
10791209572400,100,2048,8192,16384,725,512,8192,8192,100,8192,16384,16384,82,4096,16384,16384,19,0,0,0,1,1024,4096,4096,17,512,8192,8192,80,2048,2048,2048,14,0,0,0,1,128,65536,131072,1054,262144,262144,262144,41,16384,32768,32768,41,262144,262144,262144,41,64,128,256,41,64,128,128,41,64,512,4096,108,64,512,512,108,64,512,4096,6525,64,256,4096,738,64,256,512,102,64,256,512,180,128,512,1024,750,64,256,512,732,0,128,512,4122,64,512,4096,126,0,256,256,18,0,512,512,9,0,256,256,9,0,256,256,9,0,0,0,0,0,0,0,0,0,0,0,0,64,128,128,21,64,128,128,21,8.30,7.28,1.02,0,1,0,0,3,101,0,0,2340,1039,2885,0,41,21,0
10792230859100,100,2048,8192,16384,755,512,8192,8192,101,8192,16384,16384,76,8192,16384,16384,15,0,0,0,1,1024,4096,4096,24,512,8192,16384,81,2048,8192,8192,15,0,0,0,0,1024,65536,131072,1077,262144,262144,262144,41,16384,32768,32768,41,262144,262144,262144,41,64,256,256,41,128,128,256,41,64,512,512,105,64,512,512,105,64,512,4096,6795,64,512,4096,684,64,256,1024,104,64,512,4096,144,128,256,1024,657,64,256,1024,657,0,256,512,4446,64,256,256,108,0,128,128,9,0,256,256,18,0,128,128,9,0,0,0,0,0,0,0,0,0,0,0,0,0,0,0,0,64,128,128,20,64,128,128,20,8.29,7.14,1.15,0,1,0,0,2,91,0,0,2349,1068,2783,0,41,20,0
10793251030300,100,2048,16384,16384,721,512,4096,8192,100,8192,16384,16384,75,8192,16384,16384,18,8192,8192,8192,2,512,4096,4096,22,512,8192,8192,71,2048,8192,8192,13,0,0,0,0,64,65536,65536,1029,262144,262144,262144,41,16384,32768,32768,41,262144,262144,262144,41,64,128,128,41,128,128,128,41,64,512,512,138,64,512,512,138,64,512,4096,6489,64,512,4096,675,64,256,256,129,64,512,4096,108,128,512,1024,780,64,256,512,762,0,256,512,3924,64,256,4096,99,64,256,256,27,0,128,128,9,0,256,256,18,0,0,0,0,0,0,0,0,0,0,0,0,0,0,0,0,64,128,128,21,64,64,64,21,9.06,7.53,1.53,0,2,0,0,3,93,0,0,2312,1025,2857,0,41,21,0
10794270619100,100,2048,16384,16384,748,512,8192,8192,100,8192,16384,16384,85,8192,16384,16384,26,0,0,0,0,1024,8192,8192,21,512,8192,8192,83,1024,4096,8192,21,0,0,0,0,1024,65536,65536,1089,262144,262144,262144,41,16384,32768,32768,41,262144,262144,262144,41,64,64,128,41,128,128,128,41,64,512,512,123,64,512,1024,123,64,512,8192,6732,64,512,4096,765,64,256,512,147,64,512,4096,162,128,256,512,675,64,256,1024,675,0,128,512,3834,64,512,4096,99,0,256,256,18,0,0,0,0,0,0,0,0,0,0,0,0,0,0,0,0,0,0,0,0,0,0,0,0,64,128,128,20,64,128,128,20,8.55,7.40,1.15,0,0,0,0,4,111,0,0,2329,1080,2868,0,41,20,0
10795290954800,100,2048,16384,16384,717,512,4096,8192,100,8192,16384,32768,82,8192,16384,16384,22,0,0,0,0,512,4096,4096,21,512,8192,8192,78,4096,8192,8192,9,0,0,0,0,1024,65536,131072,1034,262144,262144,262144,41,16384,32768,32768,41,262144,262144,262144,41,64,64,128,41,128,128,128,41,64,512,4096,147,64,512,1024,147,64,512,4096,6453,64,512,4096,738,0,256,256,36,64,256,4096,180,128,256,1024,746,64,256,512,746,0,128,512,4302,64,256,512,108,64,256,256,18,0,0,0,0,0,0,0,0,0,0,0,0,0,0,0,0,0,0,0,0,0,0,0,0,64,128,128,21,64,128,128,21,8.30,7.27,1.02,0,0,0,0,1,104,0,0,2325,1029,2868,0,41,21,0
10796310887100,100,2048,8192,16384,741,512,4096,8192,106,8192,16384,32768,83,8192,16384,16384,19,0,0,0,1,1024,16384,16384,15,1024,8192,8192,82,2048,8192,8192,13,0,0,0,0,1024,65536,131072,1066,262144,262144,262144,40,16384,32768,32768,40,262144,262144,262144,40,64,128,128,40,128,128,128,40,0,512,512,129,64,512,4096,129,64,512,4096,6669,64,256,4096,747,64,256,512,81,64,512,4096,153,128,256,512,690,64,256,512,699,0,256,512,3870,64,512,4096,117,64,256,256,27,0,256,256,9,64,256,256,9,0,0,0,0,0,0,0,0,0,0,0,0,0,0,0,0,64,128,128,20,64,128,128,20,9.96,7.67,2.30,0,1,0,0,5,102,0,0,2365,1063,2889,0,40,20,0
10797332396300,97,2048,8192,16384,740,512,8192,8192,100,8192,16384,16384,72,8192,16384,16384,19,0,0,0,0,512,4096,4096,17,1024,8192,8192,84,2048,2048,2048,9,0,0,0,0,128,65536,65536,1046,262144,262144,262144,41,16384,32768,65536,41,262144,262144,262144,41,64,64,128,41,128,128,1024,41,64,256,4096,135,64,512,1024,162,64,512,4096,6660,64,512,4096,648,64,256,4096,108,64,256,4096,135,128,512,1024,618,64,256,1024,636,0,128,512,4248,64,512,4096,117,128,256,256,21,64,256,256,9,0,0,0,0,0,0,0,0,0,0,0,0,0,0,0,0,0,0,0,0,64,128,128,20,64,128,128,20,8.66,7.77,0.89,0,0,0,0,2,91,3,0,2348,1041,2835,0,41,20,0
10798352271900,97,2048,8192,16384,726,512,4096,8192,97,8192,16384,16384,82,8192,8192,8192,20,8192,8192,8192,2,1024,4096,4096,27,512,4096,8192,75,2048,8192,8192,13,0,0,0,0,512,65536,65536,1051,262144,262144,262144,41,16384,32768,65536,41,262144,262144,262144,41,64,128,256,41,64,128,128,41,64,256,4096,162,64,1024,8192,162,64,512,4096,6534,64,256,4096,738,64,256,256,63,64,256,4096,180,128,512,1024,711,64,256,1024,702,0,128,512,4320,64,512,4096,153,0,128,256,36,64,128,128,9,128,512,512,18,0,0,0,0,0,0,0,0,0,0,0,0,0,0,0,0,64,128,128,21,64,128,128,21,9.20,7.79,1.41,0,2,0,0,3,102,0,0,2340,1043,2847,0,41,21,0
10799371831300,97,2048,8192,16384,703,512,8192,8192,95,8192,16384,16384,86,8192,16384,16384,26,0,0,0,0,1024,4096,8192,22,512,4096,8192,79,2048,8192,8192,15,0,0,0,0,64,65536,65536,1031,262144,262144,262144,41,16384,32768,32768,41,262144,262144,262144,41,64,128,256,41,64,128,128,41,64,512,4096,105,64,512,4096,105,64,512,4096,6327,64,256,4096,774,64,256,512,111,64,256,512,126,128,256,1024,621,64,256,512,630,0,128,512,4257,64,256,256,72,64,256,256,66,64,256,256,9,0,0,0,0,0,0,0,0,0,0,0,0,0,0,0,0,0,0,0,0,64,128,128,20,64,64,64,20,8.30,7.27,1.02,0,0,0,0,1,112,0,0,2255,1025,2830,0,41,20,0
10800391234100,100,2048,8192,16384,732,512,8192,8192,99,8192,16384,32768,76,8192,16384,16384,22,8192,8192,8192,2,1024,4096,4096,12,512,8192,8192,72,1024,2048,2048,16,4096,4096,4096,2,64,65536,131072,1038,262144,262144,262144,41,16384,32768,32768,41,262144,262144,262144,41,64,256,256,41,128,128,4096,41,0,256,4096,132,64,512,4096,105,64,512,4096,6588,64,256,4096,684,64,256,256,120,64,512,8192,153,128,512,1024,698,64,256,512,689,0,256,512,3789,64,256,512,108,64,256,256,27,0,256,256,18,64,256,256,18,128,512,512,18,8192,8192,8192,3,1024,1024,1024,3,64,64,64,6,64,64,64,21,64,128,16384,21,8.94,7.41,1.53,3,2,0,0,2,98,0,0,2293,1033,2891,0,41,21,0
10801412701200,100,2048,16384,16384,711,512,8192,8192,98,8192,16384,16384,77,8192,16384,16384,19,4096,8192,8192,3,1024,8192,8192,21,512,8192,16384,90,2048,8192,8192,15,0,0,0,1,1024,65536,131072,1040,262144,262144,262144,40,8192,32768,32768,40,262144,262144,262144,40,64,256,256,40,64,128,128,40,64,512,4096,87,64,512,4096,87,64,512,4096,6399,64,256,4096,693,64,256,4096,99,64,256,4096,144,128,256,512,636,64,256,512,645,0,128,512,4086,64,256,4096,135,64,256,256,9,128,256,256,18,64,256,256,27,128,256,256,9,0,0,0,0,0,0,0,0,0,0,0,0,64,128,128,20,64,128,128,20,9.69,8.03,1.66,0,3,0,0,1,96,0,0,2317,1032,2829,0,40,20,0
10802431522600,100,2048,16384,16384,724,512,8192,8192,103,8192,16384,16384,83,4096,16384,16384,21,0,0,0,1,1024,1024,4096,21,512,8192,8192,82,2048,16384,16384,17,2048,2048,2048,2,128,65536,131072,1063,262144,262144,262144,41,16384,32768,32768,41,262144,262144,262144,41,64,128,128,41,128,128,128,41,64,512,4096,90,64,512,4096,90,64,512,4096,6516,64,256,4096,747,64,256,256,93,64,512,8192,171,128,512,1024,663,64,256,1024,663,0,128,512,4473,64,256,512,72,128,256,256,18,0,256,256,9,64,256,256,9,128,4096,4096,18,0,0,0,0,0,0,0,0,0,0,0,0,64,128,128,20,64,64,64,20,8.30,7.41,0.89,0,1,0,0,0,104,0,0,2306,1052,2806,0,41,20,0
10803453532500,100,2048,8192,16384,733,512,8192,8192,100,8192,16384,16384,82,8192,16384,16384,16,8192,8192,8192,2,1024,8192,8192,26,1024,8192,16384,80,4096,8192,8192,12,0,0,0,1,128,65536,131072,1063,262144,262144,262144,41,16384,32768,32768,41,262144,262144,262144,41,64,128,128,41,128,128,128,41,64,256,4096,147,64,512,4096,147,64,512,4096,6597,64,256,4096,738,64,256,8192,132,64,256,256,126,128,512,1024,723,64,256,512,723,0,128,512,4446,64,256,256,207,0,0,0,0,64,256,256,18,64,256,256,18,128,256,256,9,0,0,0,0,0,0,0,0,0,0,0,0,128,128,1024,21,64,64,128,21,9.81,7.77,2.04,0,2,0,0,3,98,0,0,2334,1053,2855,0,41,21,0
10804473532700,100,2048,16384,16384,747,512,8192,8192,100,8192,16384,16384,78,8192,16384,16384,19,0,0,0,0,1024,4096,8192,25,512,8192,8192,79,2048,8192,8192,13,0,0,0,0,256,65536,131072,1069,262144,262144,262144,41,8192,32768,32768,41,262144,262144,262144,41,64,128,128,41,64,128,128,41,0,256,4096,108,64,512,512,108,64,512,4096,6723,64,256,4096,702,64,256,256,134,64,512,4096,126,128,512,1024,690,64,256,1024,708,0,128,512,4500,64,256,4096,126,0,0,0,0,0,0,0,0,0,0,0,0,0,0,0,0,0,0,0,0,0,0,0,0,0,0,0,0,64,128,128,20,64,128,128,20,8.81,7.15,1.66,0,0,0,0,2,97,0,0,2344,1064,2871,0,41,20,0
10805493576000,100,2048,8192,16384,741,512,4096,8192,100,8192,16384,16384,84,8192,16384,16384,17,0,0,0,1,1024,1024,1024,13,1024,8192,8192,82,2048,8192,8192,12,0,0,0,0,1024,65536,131072,1060,262144,262144,262144,41,16384,32768,32768,41,262144,262144,262144,41,64,128,256,41,64,128,128,41,64,512,4096,102,0,256,512,102,64,512,4096,6669,64,512,4096,756,64,256,256,111,64,256,4096,162,64,256,512,654,64,256,512,663,0,256,512,3942,64,256,256,117,64,128,128,9,0,256,256,9,0,128,128,9,0,0,0,0,0,0,0,0,0,0,0,0,0,0,0,0,64,128,128,21,64,64,64,21,8.30,7.27,1.02,0,1,0,0,4,101,0,0,2360,1050,2870,0,41,21,0
10806514041400,100,2048,8192,16384,734,512,8192,8192,100,8192,16384,16384,79,8192,16384,16384,21,0,0,0,0,1024,8192,8192,15,512,4096,8192,80,2048,4096,4096,11,0,0,0,0,1024,65536,131072,1048,262144,262144,262144,40,16384,65536,65536,40,262144,262144,262144,40,64,64,64,40,64,128,128,40,64,512,4096,129,64,512,4096,129,64,512,4096,6606,64,256,4096,711,64,256,256,84,64,512,4096,189,128,256,1024,591,64,256,512,591,0,256,1024,3816,64,256,4096,135,64,256,256,9,0,0,0,0,0,0,0,0,0,0,0,0,0,0,0,0,0,0,0,0,0,0,0,0,64,128,128,20,64,64,64,20,8.93,7.53,1.40,0,0,0,0,2,100,0,0,2348,1041,2862,0,40,20,0
10807532197700,97,2048,16384,16384,726,512,4096,8192,100,8192,16384,16384,84,8192,16384,16384,21,8192,8192,8192,2,1024,8192,8192,24,1024,8192,8192,84,2048,4096,4096,11,0,0,0,0,1024,65536,262144,1060,262144,262144,262144,41,16384,32768,65536,41,262144,262144,262144,41,64,128,256,41,128,128,128,41,64,512,4096,153,64,512,4096,180,64,512,4096,6534,64,256,4096,756,64,256,256,93,64,512,4096,189,128,512,1024,666,64,256,512,675,0,256,512,4068,64,256,512,162,128,256,256,18,64,128,128,18,128,256,256,18,0,0,0,0,0,0,0,0,0,0,0,0,0,0,0,0,64,128,128,20,64,256,256,20,8.44,7.29,1.15,0,2,0,0,4,105,3,0,2365,1051,2951,0,41,20,0
10808552921900,97,2048,8192,16384,725,512,4096,8192,107,8192,16384,16384,78,8192,16384,16384,15,0,0,0,1,512,4096,4096,22,512,8192,8192,80,2048,8192,8192,18,0,0,0,1,128,65536,131072,1053,262144,262144,262144,41,16384,32768,65536,41,262144,262144,262144,41,64,128,128,41,64,128,128,41,64,256,4096,114,64,512,512,114,64,512,4096,6525,64,512,4096,702,64,256,256,84,64,256,512,117,128,256,1024,596,64,256,512,596,0,256,512,4518,64,256,512,54,64,4096,4096,9,0,256,256,9,64,128,128,9,0,128,128,9,0,0,0,0,0,0,0,0,0,0,0,0,64,128,128,21,64,128,128,21,8.29,7.27,1.02,0,1,0,0,6,93,0,0,2294,1042,2771,0,41,21,0
10809574140700,100,2048,8192,16384,729,512,4096,8192,100,8192,16384,16384,76,8192,16384,16384,24,8192,8192,8192,2,512,4096,4096,22,1024,8192,8192,84,2048,8192,8192,15,0,0,0,0,128,65536,131072,1060,262144,262144,262144,41,8192,65536,65536,41,262144,262144,262144,41,64,128,128,41,128,128,128,41,64,512,512,120,64,512,4096,93,64,512,4096,6561,64,256,4096,684,64,256,4096,90,64,256,4096,198,128,256,1024,678,64,256,512,687,0,256,512,4428,64,256,8192,99,0,256,256,18,128,1024,1024,18,64,4096,4096,18,0,0,0,0,8192,8192,8192,3,512,1024,1024,3,64,64,64,6,64,128,128,20,64,128,128,20,8.29,7.40,0.89,3,2,0,0,3,100,0,0,2305,1058,2882,0,41,20,0
10810594152500,100,2048,16384,16384,725,512,4096,8192,100,8192,16384,16384,79,8192,16384,16384,24,0,0,0,0,1024,8192,16384,21,512,8192,8192,74,2048,8192,8192,14,0,0,0,0,128,65536,131072,1041,262144,262144,262144,41,16384,32768,32768,41,262144,262144,262144,41,64,64,128,41,64,128,128,41,64,512,8192,129,64,512,512,129,64,512,4096,6525,64,256,4096,711,64,256,512,123,64,256,4096,171,128,256,1024,792,64,256,1024,801,0,256,2048,4266,64,256,4096,162,64,128,128,18,0,0,0,0,0,0,0,0,0,0,0,0,0,0,0,0,0,0,0,0,0,0,0,0,64,128,128,21,64,128,128,21,8.81,7.40,1.40,0,0,0,0,3,103,0,0,2323,1036,2850,0,41,21,0
10811615085200,100,2048,16384,16384,748,512,8192,8192,100,8192,16384,16384,79,8192,8192,8192,21,0,0,0,0,512,4096,4096,13,512,8192,8192,81,2048,16384,16384,11,0,0,0,0,128,65536,262144,1059,262144,262144,262144,41,16384,65536,65536,41,262144,262144,262144,41,64,128,256,41,64,128,16384,41,64,512,8192,192,64,512,4096,192,64,512,4096,6732,64,512,4096,711,64,256,256,81,64,512,4096,180,128,512,1024,765,64,256,512,738,0,256,512,3987,64,256,512,63,0,256,512,39,0,0,0,0,0,0,0,0,0,0,0,0,0,0,0,0,0,0,0,0,0,0,0,0,64,128,128,20,64,128,128,20,8.30,7.27,1.02,0,0,0,0,3,100,0,0,2319,1056,2857,0,41,20,0
10812635495900,100,2048,16384,16384,726,512,8192,8192,100,8192,16384,32768,77,8192,16384,16384,16,0,0,0,0,1024,4096,4096,28,1024,8192,8192,78,2048,8192,8192,12,0,0,0,0,2048,65536,131072,1047,262144,262144,262144,40,8192,32768,32768,40,262144,262144,262144,40,64,64,64,40,128,128,128,40,64,512,4096,90,64,512,4096,90,64,512,4096,6534,64,512,4096,693,64,256,4096,63,64,256,1024,162,128,512,1024,630,64,256,512,621,0,256,512,3645,0,256,8192,81,0,512,512,18,0,0,0,0,0,0,0,0,0,0,0,0,0,0,0,0,0,0,0,0,0,0,0,0,64,16384,16384,20,64,128,128,20,8.54,7.65,0.89,0,0,0,0,2,93,0,0,2312,1036,2789,0,40,20,0
10813655725400,100,2048,16384,16384,726,512,8192,8192,100,8192,16384,16384,86,8192,16384,16384,22,8192,8192,8192,2,1024,4096,4096,15,512,8192,8192,84,2048,4096,4096,10,0,0,0,1,128,65536,131072,1053,262144,262144,262144,41,16384,32768,32768,41,262144,262144,262144,41,64,128,256,41,128,128,128,41,64,512,8192,165,64,512,4096,165,64,512,4096,6534,64,512,4096,774,64,256,512,93,64,512,2048,180,128,512,1024,660,64,512,1024,660,0,256,2048,3690,64,256,512,90,0,64,64,9,64,256,256,18,128,512,512,18,64,256,256,9,0,0,0,0,0,0,0,0,0,0,0,0,64,128,128,21,64,128,128,21,8.56,7.41,1.15,0,2,0,0,1,108,0,0,2356,1045,2905,0,41,21,0
10814677598700,100,4096,16384,32768,743,512,8192,8192,109,8192,16384,16384,83,8192,16384,16384,20,0,0,0,1,1024,8192,8192,29,1024,8192,8192,79,2048,8192,8192,19,0,0,0,0,2048,65536,262144,1090,262144,524288,524288,41,16384,65536,65536,41,262144,262144,262144,41,128,512,512,41,128,256,1024,41,64,512,1024,108,64,1024,4096,108,64,2048,8192,6687,64,512,4096,747,64,256,512,125,64,256,4096,90,64,256,1024,615,64,256,512,624,0,256,512,4500,64,512,4096,90,0,0,0,0,0,512,512,18,0,256,256,9,0,0,0,0,0,0,0,0,0,0,0,0,0,0,0,0,64,256,256,20,128,128,128,20,8.02,6.49,1.53,0,1,0,0,3,103,0,0,2357,1073,2882,0,41,20,0
10815699016200,100,4096,16384,16384,716,512,8192,8192,100,8192,16384,32768,76,8192,16384,16384,25,8192,8192,8192,2,1024,8192,8192,14,1024,8192,16384,80,2048,8192,8192,10,0,0,0,1,2048,65536,131072,1028,262144,262144,262144,41,32768,32768,65536,41,262144,262144,262144,41,128,256,256,41,128,128,256,41,64,512,2048,138,64,512,4096,138,64,1024,8192,6444,64,512,8192,684,64,512,4096,99,64,512,4096,108,64,512,1024,657,64,256,512,648,0,256,512,3924,64,512,4096,117,64,256,256,9,64,256,256,9,64,4096,4096,18,64,256,256,9,0,0,0,0,0,0,0,0,0,0,0,0,64,128,128,21,128,128,256,21,8.54,7.52,1.02,0,2,0,0,1,101,0,0,2355,1020,2842,0,41,21,0
10816724763200,100,4096,16384,16384,733,512,8192,8192,100,8192,16384,32768,81,8192,16384,16384,23,0,0,0,0,1024,4096,4096,16,1024,8192,8192,76,2048,8192,8192,17,0,0,0,0,8192,65536,131072,1052,262144,262144,262144,41,32768,65536,65536,41,262144,262144,262144,41,64,128,256,41,128,128,512,41,64,512,8192,146,64,512,4096,146,64,1024,8192,6597,64,512,4096,729,64,512,1024,93,64,512,4096,144,128,512,1024,789,64,512,1024,780,0,256,512,4104,64,512,8192,81,64,128,256,21,0,0,0,0,0,0,0,0,0,0,0,0,0,0,0,0,0,0,0,0,0,0,0,0,64,128,128,20,128,128,128,20,8.50,7.23,1.27,0,0,0,0,3,104,0,0,2340,1048,2892,0,41,20,0
10817737827800,97,4096,16384,16384,720,512,8192,8192,97,8192,16384,32768,72,8192,16384,16384,23,0,0,0,0,1024,4096,8192,22,1024,8192,8192,77,2048,8192,8192,15,4096,4096,4096,2,1024,65536,262144,1031,262144,524288,524288,40,16384,65536,65536,40,262144,262144,262144,40,64,128,256,40,128,256,256,40,128,4096,8192,90,64,512,1024,117,64,1024,8192,6480,64,512,8192,648,64,256,256,57,64,512,4096,117,128,512,1024,747,64,256,1024,747,0,256,512,4203,64,256,512,81,0,256,256,9,0,0,0,0,0,0,0,0,0,256,256,18,0,0,0,0,0,0,0,0,0,0,0,0,64,128,128,20,128,256,256,20,8.62,7.59,1.03,0,0,1,0,2,95,3,0,2291,1022,2806,0,40,20,0
10818750002200,97,2048,16384,16384,716,512,8192,8192,98,8192,16384,16384,88,8192,16384,16384,13,0,0,0,0,1024,4096,8192,26,1024,8192,8192,81,2048,8192,8192,11,0,0,0,1,128,65536,131072,1049,262144,262144,262144,41,32768,32768,65536,41,262144,262144,262144,41,64,128,256,41,128,128,128,41,128,512,8192,159,128,1024,8192,159,64,512,4096,6444,64,512,4096,792,64,256,256,63,64,512,4096,189,128,1024,1024,645,64,256,1024,618,0,256,4096,3789,64,256,512,90,0,0,0,0,0,0,0,0,0,0,0,0,64,256,256,9,0,0,0,0,0,0,0,0,0,0,0,0,64,128,128,21,128,256,256,21,9.26,8.10,1.16,0,0,3,0,1,101,0,0,2294,1041,2852,0,41,21,0
10819762808500,100,4096,16384,16384,735,512,8192,8192,97,8192,16384,16384,79,8192,16384,16384,14,0,0,0,1,1024,8192,8192,23,1024,8192,16384,88,2048,8192,8192,9,0,0,0,0,1024,65536,262144,1057,262144,262144,262144,40,16384,65536,65536,40,262144,262144,262144,40,128,256,512,40,128,256,256,40,64,512,1024,120,64,512,1024,93,64,1024,8192,6615,64,512,4096,711,64,256,512,129,64,512,8192,162,128,512,1024,627,64,256,1024,636,0,256,1024,3699,64,512,512,108,256,256,256,18,0,256,256,9,64,512,512,9,0,0,0,0,8192,8192,8192,3,512,512,512,3,64,64,64,6,64,256,256,20,128,256,256,20,8.36,7.59,0.77,3,1,8,0,1,93,0,0,2316,1055,2908,0,40,20,0
10820780990600,100,4096,16384,16384,708,512,8192,8192,99,8192,16384,16384,77,8192,16384,16384,15,0,0,0,1,1024,4096,4096,11,1024,8192,8192,80,2048,8192,8192,14,0,0,0,0,2048,65536,131072,1012,262144,262144,262144,41,16384,32768,32768,41,262144,262144,262144,41,128,256,512,41,128,128,256,41,64,512,4096,126,128,512,8192,126,64,512,8192,6372,64,512,8192,693,64,256,512,81,64,512,4096,117,128,512,1024,675,64,256,1024,657,0,256,4096,4176,64,256,512,135,64,256,256,18,0,128,128,9,64,256,256,9,0,0,0,0,0,0,0,0,0,0,0,0,0,0,0,0,64,2048,2048,20,64,128,128,20,10.23,7.67,2.56,0,1,5,0,2,92,0,0,2306,1008,2797,0,41,20,0
10821800346300,100,2048,16384,16384,737,512,8192,8192,100,8192,16384,16384,80,8192,16384,16384,21,8192,16384,16384,3,1024,8192,8192,20,1024,8192,16384,73,2048,8192,8192,14,0,0,0,1,128,65536,131072,1063,262144,262144,262144,41,16384,32768,65536,41,262144,262144,262144,41,64,256,256,41,128,128,16384,41,0,512,1024,150,64,512,4096,150,64,512,4096,6633,64,256,4096,720,64,256,256,111,64,512,4096,162,128,256,1024,786,64,256,512,813,0,128,512,4023,64,512,4096,117,128,256,256,18,64,256,4096,27,64,2048,2048,27,128,256,256,9,0,0,0,0,0,0,0,0,0,0,0,0,128,128,128,21,64,128,256,21,8.43,7.41,1.02,0,3,2,0,3,101,0,0,2457,1055,2916,0,41,21,0
10822821801300,100,4096,16384,16384,725,512,8192,8192,100,8192,16384,16384,83,8192,16384,16384,24,0,0,0,1,4096,8192,8192,20,1024,8192,8192,82,2048,8192,8192,16,0,0,0,0,1024,65536,65536,1055,262144,262144,262144,41,16384,32768,65536,41,262144,262144,262144,41,64,256,256,41,128,128,128,41,64,512,8192,141,64,512,8192,141,64,512,8192,6525,64,512,4096,747,64,256,512,108,64,256,8192,189,128,512,1024,672,64,256,512,672,0,256,512,4590,64,256,4096,117,64,128,128,9,0,256,256,9,0,512,512,9,0,0,0,0,0,0,0,0,0,0,0,0,0,0,0,0,128,128,128,20,64,256,256,20,8.29,7.27,1.02,0,1,3,0,3,107,0,0,2388,1052,2977,0,41,20,0
10823841613800,100,4096,16384,16384,732,512,8192,8192,99,8192,16384,16384,82,8192,8192,8192,21,0,0,0,0,1024,4096,4096,24,1024,8192,8192,79,2048,2048,2048,10,0,0,0,0,128,65536,65536,1052,262144,262144,262144,41,8192,32768,32768,41,262144,262144,262144,41,64,128,128,41,128,128,128,41,64,512,4096,60,64,512,4096,60,64,512,8192,6588,64,512,4096,738,64,256,256,90,64,256,256,144,128,512,1024,648,64,256,512,621,0,128,512,4284,64,256,512,72,64,256,256,18,0,0,0,0,0,0,0,0,0,0,0,0,0,0,0,0,0,0,0,0,0,0,0,0,64,128,128,21,64,128,128,21,8.93,7.53,1.40,0,0,2,0,3,103,0,0,2372,1048,2881,0,41,21,0
10824862066300,100,2048,16384,16384,738,512,4096,8192,104,8192,16384,16384,79,8192,16384,16384,16,0,0,0,0,512,4096,8192,27,512,8192,16384,88,2048,4096,4096,13,0,0,0,1,128,65536,131072,1071,262144,262144,262144,40,16384,32768,65536,40,262144,262144,262144,40,64,128,128,40,128,256,1024,40,64,512,8192,159,64,512,4096,159,64,512,4096,6642,64,256,4096,711,64,256,256,77,64,256,512,126,128,512,1024,681,64,256,512,663,0,256,4096,4365,64,256,4096,153,64,256,256,9,0,0,0,0,0,0,0,0,0,256,256,9,0,0,0,0,0,0,0,0,0,0,0,0,64,128,128,20,64,128,128,20,8.42,7.27,1.15,0,0,5,0,2,95,0,0,2383,1060,2905,0,40,20,0
10825882538100,100,2048,16384,16384,730,512,8192,8192,102,8192,16384,16384,81,8192,8192,8192,24,0,0,0,0,1024,4096,4096,11,512,8192,8192,75,2048,8192,8192,21,0,0,0,0,2048,65536,131072,1052,262144,262144,262144,41,16384,65536,65536,41,262144,262144,262144,41,64,128,128,41,128,128,128,41,64,512,8192,183,64,512,8192,183,64,512,4096,6570,64,512,4096,729,64,256,4096,93,64,256,512,180,128,512,2048,759,64,256,1024,759,0,128,512,3843,64,256,256,126,0,128,128,9,0,0,0,0,0,0,0,0,0,0,0,0,0,0,0,0,0,0,0,0,0,0,0,0,64,128,128,20,64,128,128,20,8.30,7.27,1.02,0,0,3,0,5,105,0,0,2339,1045,2893,0,41,20,0
10826900676900,100,2048,8192,16384,753,512,8192,8192,112,4096,16384,32768,83,8192,8192,8192,24,0,0,0,0,512,4096,4096,19,1024,4096,8192,82,2048,8192,8192,9,0,0,0,0,128,65536,262144,1087,262144,262144,262144,41,16384,32768,65536,41,262144,262144,262144,41,64,128,128,41,128,128,128,41,64,512,1024,138,64,512,4096,138,64,512,4096,6777,64,512,4096,747,64,256,512,68,64,256,512,171,128,512,1024,774,64,256,512,747,0,256,1024,4482,64,256,256,153,0,0,0,0,0,0,0,0,0,0,0,0,0,0,0,0,0,0,0,0,0,0,0,0,0,0,0,0,64,128,128,21,64,128,128,21,8.44,7.54,0.90,0,0,4,0,3,107,0,0,2278,1075,2870,0,41,21,0
10827922144900,97,2048,8192,16384,736,512,8192,8192,101,8192,16384,16384,82,8192,16384,16384,21,0,0,0,0,1024,4096,4096,26,512,8192,8192,79,2048,4096,4096,14,0,0,0,0,64,65536,65536,1063,262144,262144,262144,41,8192,32768,32768,41,262144,262144,262144,41,64,128,128,41,64,128,256,41,0,512,8192,87,0,512,4096,114,64,512,4096,6624,64,512,4096,738,64,256,512,84,64,256,512,153,128,512,1024,636,64,256,512,636,0,128,4096,4221,64,256,512,126,64,128,128,9,0,0,0,0,0,0,0,0,0,0,0,0,0,0,0,0,0,0,0,0,0,0,0,0,128,128,128,20,64,128,128,20,10.20,8.29,1.91,0,0,1,0,2,103,3,0,2347,1057,2886,0,41,20,0
10828941705600,97,2048,8192,16384,712,512,4096,8192,96,8192,16384,16384,65,8192,16384,16384,17,4096,8192,8192,3,1024,4096,8192,22,1024,8192,8192,83,1024,4096,4096,11,0,0,0,0,128,65536,131072,1020,262144,262144,262144,41,16384,32768,32768,41,262144,262144,262144,41,64,128,256,41,128,128,8192,41,64,512,8192,102,64,512,4096,102,64,512,4096,6408,64,256,4096,585,64,256,256,102,64,256,4096,189,128,256,1024,675,64,256,1024,711,0,128,512,4779,64,256,4096,135,64,128,256,21,64,256,256,27,64,256,512,27,0,0,0,0,0,0,0,0,0,0,0,0,0,0,0,0,64,128,8192,21,64,128,128,21,8.42,7.40,1.02,0,3,3,0,4,82,0,0,2277,1018,2753,0,41,21,0
10829962230800,100,2048,8192,16384,707,512,4096,8192,98,8192,16384,32768,77,8192,16384,16384,24,0,0,0,1,1024,4096,4096,16,512,4096,8192,78,2048,4096,4096,18,0,0,0,1,128,65536,131072,1026,262144,262144,262144,40,8192,32768,32768,40,262144,262144,262144,40,64,256,256,40,128,256,8192,40,0,512,512,96,64,512,512,69,64,512,4096,6363,64,256,4096,693,64,256,256,111,64,256,4096,144,128,512,2048,666,64,256,512,666,0,256,512,4194,64,256,4096,153,64,128,128,9,64,256,256,9,64,256,256,9,128,256,256,9,16384,16384,16384,3,512,1024,1024,3,64,64,64,6,64,128,128,20,64,256,256,20,8.30,7.27,1.02,3,1,0,0,2,101,0,0,2269,1022,2888,0,40,20,0
10830981929500,100,2048,8192,16384,736,512,8192,8192,100,8192,16384,16384,88,8192,16384,16384,26,8192,8192,8192,3,512,4096,4096,14,1024,8192,8192,82,1024,8192,8192,10,0,0,0,0,64,65536,65536,1066,262144,262144,262144,41,16384,32768,32768,41,262144,262144,262144,41,64,256,256,41,64,128,128,41,64,512,512,102,64,512,1024,102,64,512,4096,6624,64,512,4096,792,64,256,512,189,64,256,8192,153,128,256,1024,708,64,256,512,726,0,128,512,4194,64,256,4096,117,64,256,256,27,64,128,128,27,64,256,256,27,0,0,0,0,0,0,0,0,0,0,0,0,0,0,0,0,64,128,128,20,64,128,128,20,8.30,7.15,1.15,0,3,0,0,3,114,0,0,2347,1055,2940,0,41,20,0
10832003688100,100,2048,16384,16384,726,512,8192,8192,99,8192,16384,16384,82,8192,16384,16384,16,0,0,0,1,1024,4096,4096,25,512,8192,8192,78,2048,8192,8192,14,0,0,0,0,64,65536,131072,1047,262144,262144,262144,41,16384,32768,65536,41,262144,262144,262144,41,64,128,128,41,128,128,128,41,0,256,512,105,64,512,4096,105,64,1024,8192,6534,64,512,4096,738,64,256,512,75,64,512,4096,126,128,256,1024,693,64,256,1024,684,0,256,512,3807,64,512,4096,117,64,256,512,36,64,256,256,9,64,256,256,9,0,0,0,0,0,0,0,0,0,0,0,0,0,0,0,0,64,128,128,21,128,128,128,21,8.53,7.64,0.89,0,1,0,0,1,98,0,0,2238,1041,2756,0,41,21,0
10833023640700,100,2048,8192,16384,719,512,8192,8192,100,8192,16384,16384,78,8192,16384,16384,18,0,0,0,1,1024,8192,8192,18,512,8192,8192,82,2048,4096,4096,15,0,0,0,1,2048,65536,131072,1037,262144,262144,262144,41,16384,32768,32768,41,262144,262144,262144,41,64,128,128,41,64,128,128,41,64,512,4096,102,64,512,512,102,64,2048,8192,6471,64,256,4096,702,64,256,512,132,64,256,4096,108,128,256,1024,672,64,256,512,690,0,128,4096,4059,64,256,256,45,64,256,8192,72,0,128,128,9,0,256,256,9,128,256,256,9,0,0,0,0,0,0,0,0,0,0,0,0,64,128,128,20,128,128,128,20,8.30,7.27,1.02,0,1,0,0,3,96,0,0,2280,1023,2787,0,41,20,0
10834041991500,100,2048,16384,16384,729,512,8192,8192,100,8192,16384,16384,73,8192,16384,16384,20,0,0,0,1,1024,8192,8192,28,512,4096,8192,82,2048,8192,8192,17,0,0,0,1,1024,65536,131072,1067,262144,262144,262144,41,16384,32768,32768,41,262144,262144,262144,41,64,128,128,41,128,128,8192,41,64,512,4096,183,64,512,1024,183,64,512,4096,6561,64,512,4096,657,64,256,512,72,64,512,8192,180,128,256,1024,612,64,256,512,630,0,256,2048,4104,64,256,2048,144,0,64,64,9,64,256,256,9,64,256,256,9,256,512,512,9,0,0,0,0,0,0,0,0,0,0,0,0,64,8192,8192,21,128,128,128,21,8.95,7.93,1.02,0,1,0,0,2,93,0,0,2278,1056,2832,0,41,21,0
10835062626700,100,2048,16384,16384,743,512,8192,8192,100,8192,16384,16384,88,8192,16384,16384,18,0,0,0,0,1024,4096,4096,15,512,8192,16384,79,2048,8192,8192,9,0,0,0,0,2048,65536,131072,1064,262144,262144,262144,40,16384,32768,65536,40,262144,262144,262144,40,64,64,128,40,128,128,128,40,64,256,4096,222,64,512,4096,222,64,512,4096,6687,64,512,4096,792,64,256,512,81,64,256,4096,189,64,256,1024,738,64,256,1024,738,0,128,512,3933,64,512,4096,135,64,256,256,27,0,0,0,0,0,0,0,0,0,0,0,0,0,0,0,0,0,0,0,0,0,0,0,0,128,128,128,20,64,128,128,20,8.55,7.53,1.02,0,0,0,0,2,106,0,0,2342,1058,2891,0,40,20,0
10836084214200,100,2048,16384,16384,729,512,8192,8192,100,4096,16384,16384,85,8192,16384,16384,10,0,0,0,1,1024,8192,8192,22,1024,8192,16384,80,2048,8192,8192,18,0,0,0,0,128,65536,65536,1052,262144,262144,262144,41,16384,32768,65536,41,262144,262144,262144,41,64,128,128,41,128,128,128,41,64,512,8192,150,64,512,8192,150,64,512,4096,6561,64,256,4096,765,64,256,256,72,64,256,512,108,128,512,1024,657,64,256,512,666,0,256,4096,4095,64,256,4096,90,64,256,256,27,64,128,128,9,64,4096,4096,9,0,0,0,0,0,0,0,0,0,0,0,0,0,0,0,0,64,128,128,20,64,128,128,20,8.80,7.65,1.15,0,1,0,0,1,95,0,0,2360,1046,2833,0,41,20,0
10837104528500,100,2048,16384,16384,735,512,8192,8192,101,8192,16384,16384,76,8192,16384,16384,27,0,0,0,1,1024,8192,8192,19,1024,8192,8192,88,2048,8192,8192,11,0,0,0,0,1024,65536,131072,1064,262144,262144,262144,41,16384,32768,65536,41,262144,262144,262144,41,64,128,256,41,128,128,128,41,64,512,512,135,64,512,4096,135,64,512,4096,6615,64,512,4096,684,64,256,512,93,64,256,512,198,128,256,1024,681,64,256,512,690,0,256,4096,4302,64,256,512,153,64,128,128,9,64,256,256,9,0,128,128,9,0,0,0,0,0,0,0,0,0,0,0,0,0,0,0,0,64,128,128,21,64,128,128,21,8.42,7.14,1.28,0,1,0,0,4,103,0,0,2320,1059,2890,0,41,21,0
10838124765300,97,2048,8192,16384,719,512,8192,8192,97,8192,16384,32768,88,8192,16384,16384,24,0,0,0,1,1024,4096,4096,18,1024,8192,8192,73,2048,4096,4096,12,0,0,0,0,1024,65536,131072,1043,262144,262144,262144,41,16384,32768,32768,41,262144,262144,262144,41,64,256,256,41,128,128,128,41,64,256,4096,129,64,512,8192,156,64,512,4096,6471,64,256,4096,792,64,256,512,129,64,512,4096,216,128,512,1024,615,64,512,512,642,0,256,512,4104,64,512,4096,63,0,0,0,0,64,512,8192,27,64,256,256,9,0,0,0,0,0,0,0,0,0,0,0,0,0,0,0,0,64,128,128,20,128,256,256,20,8.56,7.41,1.15,0,1,0,0,2,112,3,0,2321,1042,2921,0,41,20,0
10839143260300,97,2048,8192,16384,714,512,8192,8192,97,8192,16384,16384,70,8192,16384,16384,15,8192,8192,8192,4,1024,4096,4096,22,512,8192,8192,75,2048,4096,4096,14,0,0,0,1,128,65536,131072,1015,262144,262144,262144,41,16384,32768,65536,41,262144,262144,262144,41,128,256,512,41,64,128,128,41,64,4096,8192,138,64,512,4096,138,64,512,4096,6426,64,512,4096,630,64,256,256,72,64,256,512,126,128,512,1024,668,64,256,1024,641,0,128,512,3699,64,512,4096,81,0,0,0,0,64,256,256,18,64,256,512,36,256,256,256,9,0,0,0,0,0,0,0,0,0,0,0,0,64,128,128,21,128,128,128,21,9.20,7.54,1.66,0,4,0,0,1,85,0,0,2220,1003,2683,0,41,21,0
10840165713100,100,2048,8192,16384,712,512,4096,16384,100,8192,16384,16384,75,8192,16384,16384,19,0,0,0,0,1024,4096,4096,24,512,4096,8192,88,2048,8192,8192,10,0,0,0,0,256,65536,131072,1035,262144,262144,262144,40,8192,32768,32768,40,262144,262144,262144,40,64,128,128,40,128,128,128,41,64,512,4096,141,64,1024,4096,114,64,512,4096,6408,64,512,4096,675,64,256,512,48,64,256,4096,171,128,512,1024,813,64,256,512,786,0,128,512,4347,64,256,4096,108,0,128,128,9,64,64,64,9,0,0,0,0,0,0,0,0,16384,2097152,2097152,3,1024,1024,1024,3,64,64,64,6,64,128,128,20,64,128,128,20,8.41,7.64,0.76,3,0,0,0,2,94,0,0,2297,1033,2874,0,40,20,0
10841183392600,100,2048,16384,16384,738,512,8192,8192,100,8192,16384,32768,89,8192,16384,16384,29,0,0,0,1,1024,8192,8192,23,512,8192,16384,71,4096,8192,8192,18,0,0,0,0,1024,65536,131072,1073,262144,262144,262144,41,16384,32768,32768,41,262144,262144,262144,41,128,256,256,41,128,128,128,40,64,1024,8192,111,64,512,4096,111,64,512,4096,6642,64,256,4096,801,64,1024,4096,132,64,256,4096,198,128,512,1024,663,64,256,512,663,0,128,512,3933,64,256,256,126,64,256,256,18,0,0,0,0,0,64,64,9,0,0,0,0,0,0,0,0,0,0,0,0,0,0,0,0,64,128,128,20,128,128,128,20,8.31,7.42,0.90,0,1,0,0,3,118,0,0,2300,1065,2906,0,41,20,0
10842204895900,100,2048,16384,16384,740,512,8192,8192,100,8192,16384,16384,88,8192,16384,16384,19,0,0,0,0,1024,8192,8192,12,1024,4096,8192,88,2048,8192,8192,15,0,0,0,0,1024,65536,131072,1070,262144,262144,262144,41,16384,32768,32768,41,262144,262144,262144,41,64,128,128,41,128,128,128,41,64,512,8192,143,64,512,512,143,64,512,8192,6660,64,256,4096,792,64,256,512,81,64,256,512,171,128,512,1024,713,64,256,1024,713,0,128,512,4248,64,256,512,72,0,256,256,9,0,128,128,9,0,0,0,0,0,0,0,0,0,0,0,0,0,0,0,0,0,0,0,0,64,128,128,21,64,128,128,21,8.54,7.40,1.15,0,0,0,0,6,107,0,0,2356,1069,2898,0,41,21,0
10843224860400,100,2048,16384,16384,733,512,8192,8192,99,8192,16384,16384,72,8192,16384,16384,21,8192,8192,8192,2,1024,8192,8192,24,512,8192,8192,77,2048,8192,8192,14,0,0,0,1,256,65536,131072,1051,262144,262144,262144,41,16384,32768,65536,41,262144,262144,262144,41,64,256,256,41,128,128,128,41,64,4096,4096,105,128,512,4096,105,64,512,4096,6597,64,256,4096,648,64,256,256,78,64,256,4096,108,128,512,1024,744,64,256,512,726,0,128,512,3645,64,256,512,99,128,256,256,9,0,128,128,9,64,256,256,18,0,256,256,9,0,0,0,0,0,0,0,0,0,0,0,0,128,128,128,20,64,128,128,20,8.30,7.15,1.15,0,2,0,0,3,93,0,0,2377,1040,2864,0,41,20,0
10844244449400,100,2048,16384,16384,742,512,8192,8192,101,8192,16384,16384,83,8192,16384,16384,18,0,0,0,0,1024,4096,4096,24,512,4096,8192,84,2048,2048,2048,9,0,0,0,0,512,65536,131072,1069,262144,262144,262144,41,16384,32768,65536,41,262144,262144,262144,41,64,64,128,41,64,128,128,41,64,512,4096,165,64,512,4096,165,64,512,4096,6678,64,256,4096,747,64,256,512,63,64,256,1024,153,128,256,512,624,64,256,512,633,0,128,512,4293,64,256,4096,81,64,256,256,18,0,0,0,0,0,0,0,0,0,0,0,0,0,0,0,0,0,0,0,0,0,0,0,0,128,128,128,21,64,128,128,21,8.30,7.28,1.02,0,0,0,0,2,101,0,0,2425,1064,2943,0,41,21,0
10845266153700,100,2048,16384,16384,734,512,4096,8192,100,8192,16384,16384,74,8192,16384,16384,26,8192,8192,8192,3,1024,4096,4096,16,512,4096,8192,85,2048,8192,8192,15,0,0,0,0,2048,65536,131072,1060,262144,262144,262144,41,16384,32768,32768,41,262144,262144,262144,41,64,256,256,41,128,128,128,41,64,512,4096,135,64,512,4096,135,64,512,4096,6606,64,256,4096,666,64,256,256,190,64,512,4096,162,128,512,1024,711,64,256,1024,738,0,128,512,3681,64,256,512,108,0,256,256,18,64,512,1024,27,64,1024,4096,27,0,0,0,0,0,0,0,0,0,0,0,0,0,0,0,0,128,128,128,20,64,128,128,20,8.67,7.65,1.02,0,3,0,0,3,100,0,0,2443,1053,2921,0,41,20,0
10846285463200,100,2048,16384,16384,726,512,4096,8192,100,8192,16384,16384,84,8192,16384,16384,20,0,0,0,0,1024,8192,8192,21,1024,8192,16384,77,2048,8192,8192,11,0,0,0,0,512,65536,131072,1044,262144,262144,262144,40,32768,65536,65536,40,262144,262144,262144,40,64,128,128,40,64,128,128,40,64,256,512,186,64,512,512,186,64,512,8192,6534,64,512,4096,756,64,256,4096,89,64,256,4096,126,128,512,2048,612,64,128,512,603,0,256,512,3834,64,256,4096,90,64,256,256,18,0,0,0,0,0,0,0,0,0,0,0,0,0,0,0,0,0,0,0,0,0,0,0,0,64,128,128,20,128,256,256,20,8.42,7.27,1.15,0,0,0,0,2,104,0,0,2406,1038,2987,0,40,20,0
10847306264800,100,2048,16384,16384,737,512,8192,8192,100,8192,16384,16384,82,8192,16384,16384,24,16384,16384,16384,2,1024,4096,4096,20,512,8192,8192,74,2048,8192,8192,19,0,0,0,0,2048,65536,131072,1063,262144,262144,262144,41,8192,32768,32768,41,262144,262144,262144,41,64,128,128,41,64,128,256,41,64,512,4096,114,64,512,512,114,64,512,4096,6633,64,256,4096,738,64,256,256,102,64,256,4096,171,128,512,1024,657,64,256,512,675,0,128,512,4203,64,256,512,135,0,256,256,18,64,128,128,18,128,4096,4096,18,0,0,0,0,0,0,0,0,0,0,0,0,0,0,0,0,64,128,128,21,64,128,128,21,9.32,7.40,1.91,0,2,0,0,2,106,0,0,2383,1057,2916,0,41,21,0
10848325723700,98,2048,8192,16384,698,512,8192,8192,96,8192,16384,16384,78,8192,16384,16384,16,0,0,0,1,1024,4096,4096,20,512,8192,8192,80,2048,8192,8192,10,0,0,0,0,256,65536,262144,1008,262144,262144,262144,41,16384,32768,32768,41,262144,262144,262144,41,64,128,512,41,64,128,128,41,64,512,4096,93,64,512,1024,111,64,512,4096,6282,64,512,4096,702,64,256,4096,86,64,512,4096,108,128,512,1024,735,64,256,512,717,0,128,512,4212,64,256,256,99,64,256,256,18,64,128,128,9,64,128,128,9,0,0,0,0,0,0,0,0,0,0,0,0,0,0,0,0,64,128,128,20,64,128,128,20,8.30,7.54,0.77,0,1,0,0,1,94,2,0,2346,1006,2849,2,41,20,0
10849346519100,98,2048,16384,16384,727,512,4096,8192,99,4096,16384,16384,76,16384,32768,32768,14,0,0,0,1,512,4096,4096,22,512,4096,8192,85,2048,8192,8192,13,0,0,0,1,128,65536,131072,1046,262144,262144,262144,41,16384,32768,65536,41,262144,262144,262144,41,128,256,512,41,64,128,8192,41,64,512,4096,153,64,512,4096,153,64,512,4096,6543,64,256,4096,684,64,4096,8192,93,64,256,256,108,128,256,1024,735,64,256,512,771,0,128,512,4068,64,256,4096,117,0,0,0,0,64,256,256,27,64,256,256,9,0,128,128,9,0,0,0,0,0,0,0,0,0,0,0,0,64,128,128,21,64,128,128,21,8.54,7.78,0.77,0,1,0,0,2,90,0,0,2368,1039,2812,0,41,21,0
10850366466400,101,2048,16384,16384,734,512,4096,8192,122,8192,16384,16384,83,8192,8192,16384,23,8192,8192,8192,2,1024,8192,8192,20,512,8192,8192,84,2048,8192,8192,16,0,0,0,0,2048,131072,262144,1094,262144,262144,262144,41,16384,32768,65536,41,262144,262144,262144,41,64,256,256,41,64,128,8192,41,64,256,4096,150,64,512,1024,123,64,512,4096,6606,64,256,4096,747,64,256,256,107,64,256,4096,180,128,256,1024,660,64,256,1024,660,0,256,512,4032,64,256,512,117,0,128,256,21,0,0,0,0,64,256,256,18,0,0,0,0,2097152,2097152,2097152,3,1024,1024,1024,3,64,64,64,6,64,128,128,20,64,128,128,20,8.81,7.53,1.28,3,2,0,0,2,106,0,0,2406,1091,3000,1,41,20,0
10851387162000,101,2048,16384,16384,753,512,4096,8192,100,8192,16384,16384,78,8192,16384,16384,19,0,0,0,1,1024,8192,16384,24,512,8192,16384,70,2048,4096,4096,12,0,0,0,0,1024,65536,131072,1065,262144,262144,262144,40,16384,32768,32768,40,262144,262144,262144,40,64,256,256,40,128,128,128,40,64,512,1024,132,64,512,8192,132,64,512,4096,6777,64,256,4096,702,64,256,4096,84,64,256,512,153,128,256,512,660,64,256,512,678,0,256,512,3681,64,256,4096,45,64,256,512,30,64,128,128,9,0,4096,4096,9,0,0,0,0,0,0,0,0,0,0,0,0,0,0,0,0,64,128,128,20,64,128,128,20,8.30,7.27,1.02,0,1,0,0,1,97,0,0,2371,1056,2875,0,40,20,0
10852406053300,101,2048,8192,16384,712,512,8192,8192,101,8192,16384,16384,83,8192,16384,16384,23,0,0,0,0,1024,8192,8192,12,512,8192,8192,77,2048,8192,8192,12,0,0,0,0,256,65536,65536,1028,262144,262144,262144,41,16384,32768,65536,41,262144,262144,262144,41,64,64,128,41,128,128,256,41,64,4096,8192,141,64,512,1024,141,64,512,4096,6408,64,256,4096,747,64,256,256,98,64,256,512,180,128,512,1024,611,64,256,512,602,0,128,256,3996,64,256,512,72,64,128,128,9,0,0,0,0,0,0,0,0,0,0,0,0,0,0,0,0,0,0,0,0,0,0,0,0,64,128,8192,21,64,128,128,21,9.20,7.67,1.53,0,0,0,0,2,106,0,0,2389,1020,2917,1,41,21,0
10853427995400,101,2048,16384,16384,742,512,4096,8192,100,4096,16384,16384,79,8192,16384,16384,16,0,0,0,1,512,4096,4096,24,512,8192,8192,81,2048,8192,8192,16,0,0,0,1,128,65536,131072,1068,262144,262144,262144,41,16384,32768,65536,41,262144,262144,262144,41,64,128,128,41,64,128,128,41,64,512,4096,177,64,512,4096,177,64,512,4096,6678,64,256,4096,711,64,256,256,63,64,256,4096,144,128,256,1024,654,64,256,1024,654,0,128,256,4365,64,256,256,90,0,256,256,30,128,256,256,9,128,256,256,9,64,256,256,9,0,0,0,0,0,0,0,0,0,0,0,0,64,128,128,20,64,128,128,20,8.29,7.40,0.89,0,1,0,0,4,95,0,0,2429,1059,2942,0,41,20,0
10854448780000,101,2048,16384,16384,738,512,4096,8192,101,8192,16384,16384,85,8192,16384,16384,22,0,0,0,1,1024,8192,8192,23,512,4096,8192,87,2048,8192,8192,12,0,0,0,0,64,65536,131072,1078,262144,262144,262144,41,8192,32768,32768,41,262144,262144,262144,41,64,128,128,41,128,128,8192,41,64,512,4096,108,64,512,512,108,64,512,8192,6642,64,256,4096,765,64,256,256,81,64,256,4096,180,128,512,1024,657,64,256,512,639,0,128,256,3996,64,256,4096,99,64,256,256,30,64,256,256,9,64,128,128,9,0,0,0,0,0,0,0,0,0,0,0,0,0,0,0,0,64,128,128,21,64,128,128,21,10.20,8.16,2.04,0,1,0,0,1,107,0,0,2414,1071,2932,0,41,21,0
10855466713300,101,2048,16384,16384,734,512,8192,16384,100,8192,16384,16384,74,8192,16384,16384,18,8192,8192,8192,2,1024,4096,8192,22,512,4096,8192,79,2048,8192,8192,18,0,0,0,0,128,65536,131072,1053,262144,262144,262144,41,16384,32768,65536,41,262144,262144,262144,41,64,128,256,41,128,128,256,41,64,256,512,123,64,512,512,123,64,512,4096,6606,64,256,4096,666,64,256,2048,125,64,256,4096,135,128,512,1024,699,64,256,512,708,0,128,512,3915,64,256,4096,72,64,128,128,18,64,256,256,27,64,256,256,18,0,0,0,0,0,0,0,0,0,0,0,0,0,0,0,0,128,128,128,20,64,128,128,20,8.57,7.29,1.28,0,2,0,0,1,92,0,0,2402,1046,2882,0,41,20,0
10856488399300,101,2048,16384,16384,743,512,4096,8192,99,8192,16384,16384,85,8192,16384,16384,20,0,0,0,0,512,4096,4096,18,512,4096,8192,79,2048,4096,4096,9,0,0,0,0,128,65536,262144,1059,262144,262144,262144,40,8192,32768,32768,40,262144,262144,262144,40,64,256,256,40,128,4096,8192,40,64,512,512,84,64,512,512,84,64,2048,8192,6687,64,256,4096,765,64,256,256,78,64,512,8192,180,128,256,1024,639,64,256,512,630,0,128,256,3636,64,256,512,108,64,256,8192,30,0,0,0,0,0,0,0,0,0,0,0,0,0,0,0,0,0,0,0,0,0,0,0,0,64,128,128,20,64,128,128,20,8.54,7.40,1.15,0,0,0,0,2,105,0,0,2421,1050,2931,0,40,20,0
10857508334200,98,2048,8192,16384,719,512,8192,16384,99,8192,16384,16384,79,8192,8192,16384,26,0,0,0,0,1024,4096,4096,17,1024,8192,8192,79,2048,4096,4096,8,0,0,0,1,256,65536,131072,1031,262144,262144,262144,41,8192,32768,32768,41,262144,262144,262144,41,128,256,256,41,128,128,256,41,64,4096,8192,45,64,512,4096,72,64,1024,8192,6471,64,512,4096,711,64,256,512,117,64,256,512,162,128,512,1024,777,64,256,1024,759,0,128,512,4077,64,256,512,54,64,8192,8192,39,0,0,0,0,0,0,0,0,128,512,512,9,0,0,0,0,0,0,0,0,0,0,0,0,64,128,256,21,128,128,256,21,8.30,7.27,1.02,0,0,0,0,3,105,3,0,2404,1028,2996,1,41,21,0
10858528154000,98,2048,8192,16384,714,512,8192,8192,98,4096,16384,16384,85,4096,8192,8192,19,0,0,0,0,1024,4096,8192,21,512,4096,8192,78,2048,8192,8192,18,0,0,0,0,64,65536,131072,1040,262144,262144,262144,41,16384,65536,65536,41,262144,262144,262144,41,128,256,256,41,128,128,128,41,64,512,4096,174,64,512,4096,174,64,512,4096,6426,64,256,4096,765,64,256,256,72,64,256,4096,180,128,512,1024,708,64,256,512,681,0,128,256,3879,64,256,256,99,0,256,256,30,0,0,0,0,0,0,0,0,0,0,0,0,0,0,0,0,0,0,0,0,0,0,0,0,128,128,128,20,64,128,128,20,8.30,7.54,0.77,0,0,0,0,2,104,0,0,2361,1029,2869,0,41,20,0
10859550431500,98,2048,16384,16384,695,512,8192,8192,97,8192,16384,16384,74,8192,16384,16384,18,0,0,0,0,1024,8192,8192,20,1024,8192,8192,75,2048,8192,8192,15,0,0,0,1,64,65536,65536,1002,262144,262144,262144,41,16384,32768,65536,41,262144,262144,262144,41,256,512,512,41,128,128,128,41,64,512,4096,102,64,1024,1024,102,64,1024,4096,6255,64,512,4096,666,64,256,512,125,64,512,4096,144,128,512,1024,699,64,256,512,690,0,256,512,4239,0,512,8192,153,64,256,256,39,0,0,0,0,0,0,0,0,64,256,256,9,8192,16384,16384,3,0,0,0,1,64,64,64,4,64,128,128,21,64,256,512,21,9.43,7.64,1.78,1,0,0,0,5,92,0,0,2268,996,2753,0,41,21,0
10860567787900,101,2048,16384,16384,753,512,8192,8192,100,8192,16384,16384,78,8192,16384,16384,30,0,0,0,1,1024,4096,8192,28,512,4096,4096,84,2048,8192,8192,14,0,0,0,0,2048,65536,262144,1092,262144,262144,262144,41,16384,65536,65536,41,262144,262144,262144,41,128,256,256,41,128,128,2048,41,0,512,4096,156,64,512,8192,129,64,512,4096,6777,64,512,4096,702,64,256,4096,147,64,512,8192,153,128,512,1024,740,64,256,512,740,0,128,512,4014,64,256,4096,99,64,256,256,51,64,256,256,18,0,256,256,9,0,0,0,0,0,0,0,0,512,512,512,2,0,0,0,2,64,128,128,20,64,8192,8192,20,9.21,7.80,1.41,2,1,0,0,3,108,0,0,2363,1084,2946,0,41,20,0
10861590790300,101,2048,16384,16384,749,512,4096,8192,102,8192,16384,32768,84,8192,16384,16384,15,8192,8192,8192,3,1024,4096,4096,17,1024,8192,8192,84,2048,8192,8192,16,0,0,0,0,128,65536,65536,1076,262144,262144,262144,41,16384,32768,32768,41,262144,262144,262144,41,64,64,128,41,128,128,128,41,64,512,8192,111,64,512,4096,111,64,512,4096,6741,64,256,4096,756,64,256,256,84,64,256,4096,99,128,512,1024,744,64,256,512,744,0,128,1024,4230,64,256,256,153,64,256,512,21,64,128,128,9,128,256,256,27,0,0,0,0,0,0,0,0,0,0,0,0,0,0,0,0,64,128,128,21,64,128,128,21,8.15,7.13,1.02,0,3,1,0,2,99,0,0,2390,1072,2885,0,41,21,0
10862609547400,101,2048,16384,16384,733,512,8192,8192,99,8192,16384,16384,82,8192,16384,16384,22,0,0,0,1,1024,4096,4096,15,512,8192,8192,76,2048,8192,8192,12,0,0,0,0,64,65536,65536,1048,262144,262144,262144,40,16384,32768,65536,40,262144,262144,262144,40,64,64,64,40,128,128,128,40,64,256,512,78,64,512,4096,78,64,512,4096,6597,64,256,4096,738,64,256,512,114,64,256,4096,171,128,512,1024,645,64,256,512,645,0,128,512,4104,64,256,256,135,0,128,128,9,64,128,128,9,128,256,256,9,0,0,0,0,0,0,0,0,0,0,0,0,0,0,0,0,64,128,128,20,128,128,128,20,10.35,7.79,2.56,0,1,0,0,1,104,0,0,2338,1044,2904,0,40,20,0
10863628641000,101,2048,16384,16384,730,512,8192,8192,100,8192,16384,32768,72,8192,16384,16384,16,0,0,0,1,1024,8192,8192,19,512,8192,8192,79,2048,8192,8192,12,0,0,0,1,4096,65536,131072,1044,262144,262144,262144,41,16384,32768,32768,41,262144,262144,262144,41,64,128,256,41,64,128,128,41,64,256,4096,102,64,512,512,102,64,512,4096,6570,64,256,4096,648,64,256,4096,99,64,256,4096,171,128,256,1024,699,64,256,512,708,0,128,512,4248,64,512,4096,135,64,256,4096,57,64,256,256,18,128,512,512,9,64,256,256,9,0,0,0,0,0,0,0,0,0,0,0,0,64,8192,8192,20,64,128,128,20,8.30,7.28,1.02,0,1,0,0,3,88,0,0,2372,1035,2829,0,41,20,0
10864650870500,101,2048,8192,16384,728,512,4096,8192,110,8192,16384,16384,84,8192,16384,16384,18,8192,8192,8192,3,1024,8192,8192,26,512,8192,8192,84,2048,4096,4096,8,0,0,0,0,1024,65536,131072,1072,262144,262144,262144,41,16384,32768,32768,41,262144,262144,262144,41,64,256,256,41,128,128,128,41,64,256,512,114,64,512,1024,114,64,512,8192,6552,64,512,4096,756,64,256,256,108,64,512,512,153,128,512,1024,723,64,256,512,723,0,128,512,4221,64,256,512,99,64,256,256,21,0,256,256,18,0,256,4096,27,0,0,0,0,0,0,0,0,0,0,0,0,0,0,0,0,64,128,128,21,64,128,128,21,9.04,7.52,1.53,0,3,4,0,1,102,0,0,2393,1061,2921,0,41,21,0
10865669020900,101,2048,8192,16384,720,512,8192,8192,98,8192,16384,16384,83,8192,16384,16384,20,0,0,0,0,1024,8192,8192,26,512,8192,8192,78,2048,8192,8192,15,0,0,0,1,512,65536,65536,1046,262144,262144,262144,41,16384,32768,32768,41,262144,262144,262144,41,64,64,128,41,64,128,128,41,64,512,4096,105,64,512,512,105,64,512,8192,6480,64,512,4096,747,64,256,256,117,64,256,512,126,128,256,1024,681,64,256,512,690,0,256,4096,4626,64,256,4096,126,0,0,0,0,0,0,0,0,0,0,0,0,64,256,256,9,0,0,0,0,0,0,0,0,0,0,0,0,64,128,128,20,64,128,128,20,8.31,7.29,1.02,0,0,1,0,2,103,0,0,2386,1036,2923,0,41,20,0
10866691682700,100,2048,8192,16384,734,512,8192,8192,100,4096,16384,32768,77,8192,16384,16384,22,0,0,0,1,1024,4096,4096,13,1024,8192,8192,87,2048,8192,8192,17,8192,8192,8192,2,1024,65536,131072,1061,262144,262144,262144,41,8192,32768,32768,41,262144,262144,262144,41,64,256,256,41,128,128,128,41,64,512,8192,114,64,512,512,123,64,512,4096,6606,64,256,4096,693,64,256,512,123,64,256,2048,180,128,512,1024,738,64,256,1024,747,0,128,4096,3852,64,512,4096,144,0,256,256,18,64,512,512,18,0,256,256,9,64,4096,4096,18,0,0,0,0,0,0,0,0,0,0,0,0,64,128,128,21,64,128,128,21,10.70,8.28,2.42,0,1,8,0,3,99,1,0,2364,1053,2931,0,41,21,0
10867711829200,97,2048,8192,16384,713,512,8192,8192,98,8192,16384,16384,72,8192,16384,16384,16,0,0,0,0,512,8192,8192,21,512,8192,8192,77,2048,8192,8192,21,0,0,0,0,256,65536,131072,1025,262144,262144,262144,40,16384,32768,32768,40,262144,262144,262144,40,128,256,256,40,128,128,128,40,64,512,512,117,64,512,4096,144,64,512,4096,6417,64,256,4096,648,64,256,4096,69,64,256,4096,135,128,512,1024,662,64,256,512,662,0,128,4096,3726,64,256,512,108,64,256,256,30,0,64,64,9,0,0,0,0,0,0,0,0,0,0,0,0,0,0,0,0,0,0,0,0,64,128,128,20,64,128,128,20,8.30,7.79,0.51,0,0,4,0,2,88,3,0,2325,1020,2835,0,40,20,0
10868732702800,97,2048,8192,16384,725,512,8192,8192,98,8192,16384,16384,80,8192,16384,16384,20,0,0,0,1,512,8192,8192,17,1024,8192,8192,80,4096,8192,8192,9,0,0,0,1,128,65536,131072,1038,262144,262144,262144,41,16384,32768,32768,41,262144,262144,262144,41,128,256,512,41,64,128,128,41,64,256,4096,114,64,512,512,114,64,512,4096,6525,64,256,4096,720,64,512,4096,93,64,256,4096,180,128,256,1024,642,64,256,512,660,0,128,512,4338,64,256,4096,90,64,4096,4096,37,0,256,256,9,0,256,256,9,0,256,256,9,0,0,0,0,0,0,0,0,0,0,0,0,64,128,128,20,64,128,128,20,10.33,7.78,2.55,0,1,7,0,1,100,0,0,2317,1032,2829,0,41,20,0
10869750082300,100,2048,8192,16384,730,512,4096,8192,101,8192,16384,32768,78,8192,8192,8192,19,0,0,0,1,1024,8192,8192,21,1024,8192,8192,75,2048,2048,2048,9,0,0,0,0,64,65536,131072,1046,262144,262144,262144,41,16384,32768,32768,41,262144,262144,262144,41,128,256,512,41,64,128,8192,41,64,256,4096,150,64,512,512,123,64,512,4096,6570,64,512,4096,702,64,256,256,111,64,256,512,171,64,256,1024,705,64,256,512,705,0,128,512,4509,64,256,512,135,0,256,256,62,0,0,0,0,0,256,256,9,0,0,0,0,16384,16384,16384,3,512,1024,1024,3,64,64,64,6,64,128,128,21,64,128,256,21,10.24,7.81,2.43,3,1,5,0,4,97,0,0,2336,1047,2911,0,41,21,0
10870771861100,100,2048,16384,16384,732,512,8192,8192,100,8192,16384,32768,84,4096,8192,16384,21,0,0,0,0,1024,4096,8192,25,512,8192,8192,81,2048,8192,8192,14,0,0,0,0,256,65536,65536,1063,262144,262144,262144,41,16384,32768,65536,41,262144,262144,262144,41,128,256,256,41,128,128,128,41,64,4096,8192,138,64,512,4096,138,64,512,4096,6588,64,512,4096,756,64,256,256,81,64,256,4096,144,128,512,1024,708,64,256,512,672,0,128,512,3573,64,256,256,63,64,256,256,36,0,0,0,0,0,0,0,0,0,0,0,0,0,0,0,0,0,0,0,0,0,0,0,0,64,128,128,20,64,128,128,20,8.29,7.27,1.02,0,0,7,0,3,105,0,0,2428,1061,2980,0,41,20,0
10871791732400,100,2048,16384,16384,738,512,8192,8192,100,8192,16384,32768,86,8192,8192,16384,24,0,0,0,1,1024,4096,4096,20,1024,8192,8192,88,2048,8192,8192,11,0,0,0,1,2048,65536,131072,1075,262144,262144,262144,41,8192,32768,32768,41,262144,262144,262144,41,128,256,256,41,64,128,128,41,64,512,512,108,64,512,512,108,64,512,4096,6642,64,256,4096,774,64,256,256,66,64,256,4096,171,128,512,1024,705,64,256,512,714,0,256,1024,4320,64,256,256,108,64,128,128,23,0,64,64,9,0,256,256,9,0,256,256,9,0,0,0,0,0,0,0,0,0,0,0,0,64,128,128,21,64,64,128,21,8.93,7.53,1.40,0,1,2,0,2,110,0,0,2422,1070,2968,0,41,21,0
10872810532900,100,2048,16384,16384,734,512,8192,8192,100,8192,16384,16384,76,8192,16384,32768,22,0,0,0,1,1024,4096,4096,20,512,4096,8192,84,2048,8192,8192,14,0,0,0,0,256,65536,131072,1054,262144,262144,262144,40,16384,32768,32768,40,262144,262144,262144,40,64,256,256,40,128,128,128,40,64,256,512,96,64,512,512,96,64,512,4096,6606,64,256,4096,684,64,4096,4096,111,64,256,4096,99,128,256,1024,671,64,256,512,671,0,128,512,4509,64,256,4096,72,64,128,256,23,0,0,0,0,0,256,256,9,0,0,0,0,0,0,0,0,0,0,0,0,0,0,0,0,64,128,128,20,64,128,128,20,8.56,7.41,1.15,0,1,6,0,1,98,0,0,2411,1049,2962,0,40,20,0
10873833118800,100,2048,16384,16384,733,512,4096,8192,100,8192,16384,16384,74,8192,16384,16384,18,8192,8192,8192,2,1024,4096,4096,19,1024,8192,8192,71,2048,8192,8192,14,0,0,0,0,256,65536,131072,1038,262144,262144,262144,41,16384,32768,32768,41,262144,262144,262144,41,64,256,256,41,64,128,128,41,64,256,4096,123,64,1024,8192,123,64,512,4096,6597,64,256,4096,666,64,256,256,99,64,512,4096,162,128,512,1024,674,64,256,512,674,0,128,512,4311,64,256,4096,135,64,128,128,9,64,256,256,18,64,256,256,18,0,0,0,0,0,0,0,0,0,0,0,0,0,0,0,0,128,128,128,20,64,128,128,20,8.41,7.26,1.15,0,2,0,0,1,92,0,0,2409,1035,2845,0,41,20,0
10874854043100,100,2048,16384,16384,716,512,4096,8192,99,8192,16384,16384,84,8192,16384,16384,26,4096,4096,4096,2,1024,4096,4096,18,512,8192,8192,79,2048,8192,8192,20,0,0,0,0,2048,65536,131072,1054,262144,262144,262144,41,8192,32768,32768,41,262144,262144,262144,41,128,256,256,41,128,128,128,41,64,512,4096,99,64,512,4096,99,64,512,4096,6444,64,256,4096,756,64,256,256,141,64,512,4096,171,128,512,1024,792,64,256,512,810,0,128,512,4095,64,512,4096,99,0,256,4096,23,64,256,256,45,64,256,256,18,0,0,0,0,0,0,0,0,0,0,0,0,0,0,0,0,64,128,128,21,64,128,128,21,8.42,7.27,1.15,0,2,1,0,4,110,0,0,2431,1047,2973,0,41,21,0
10875873390600,100,2048,8192,16384,745,512,8192,8192,112,8192,16384,16384,84,4096,16384,16384,23,8192,8192,8192,3,1024,8192,8192,25,512,8192,8192,87,2048,8192,8192,12,0,0,0,1,128,65536,131072,1096,262144,262144,262144,41,16384,32768,32768,41,262144,262144,262144,41,128,256,256,41,64,128,128,41,64,512,4096,82,64,512,1024,82,64,1024,4096,6705,64,512,4096,756,64,256,256,123,64,512,4096,117,128,512,1024,711,64,256,512,702,0,128,512,4095,64,512,512,108,64,256,256,23,128,256,256,9,64,256,256,27,0,256,256,9,0,0,0,0,0,0,0,0,0,0,0,0,64,128,128,20,64,128,128,20,8.81,7.79,1.02,0,3,0,0,8,107,0,0,2419,1087,2995,0,41,20,0
10876892911800,100,2048,8192,16384,708,512,4096,8192,89,8192,16384,16384,75,8192,8192,8192,16,0,0,0,0,1024,4096,4096,19,1024,8192,8192,74,2048,4096,4096,13,0,0,0,0,128,65536,65536,1004,262144,262144,262144,41,16384,32768,32768,41,262144,262144,262144,41,128,128,256,41,128,128,128,41,64,256,1024,141,64,512,1024,141,64,512,4096,6372,64,512,4096,675,64,256,512,93,64,512,512,117,128,512,1024,672,64,256,512,663,0,128,512,4230,64,256,256,63,0,0,0,0,0,0,0,0,0,0,0,0,0,0,0,0,0,0,0,0,0,0,0,0,0,0,0,0,128,128,128,21,64,128,128,21,8.43,7.54,0.89,0,0,0,0,1,91,0,0,2375,1000,2823,0,41,21,0
10877912104100,97,2048,16384,16384,726,512,4096,8192,105,8192,16384,16384,79,8192,16384,16384,22,0,0,0,0,512,4096,4096,19,512,8192,8192,84,2048,4096,4096,13,2048,2048,2048,2,128,65536,65536,1057,262144,262144,262144,40,16384,32768,32768,40,262144,262144,262144,40,128,256,256,40,128,128,8192,40,0,256,512,135,64,512,512,162,64,512,4096,6534,64,256,4096,711,64,256,512,111,64,256,4096,180,64,512,1024,699,64,256,512,708,0,128,512,4158,64,256,512,99,64,256,256,14,64,128,128,9,0,0,0,0,128,512,512,18,0,0,0,0,0,0,0,0,0,0,0,0,64,128,128,20,64,128,128,20,8.69,7.54,1.15,0,0,0,0,3,101,3,0,2333,1049,2934,0,40,20,0
10878933637900,97,2048,8192,16384,702,512,8192,8192,97,8192,16384,16384,76,4096,16384,16384,18,8192,8192,8192,2,1024,8192,8192,15,512,8192,8192,75,1024,2048,2048,11,2048,2048,2048,2,128,65536,131072,1008,262144,262144,262144,41,16384,32768,32768,41,262144,262144,262144,41,128,256,256,41,128,128,128,41,64,512,1024,132,64,512,512,132,64,512,4096,6318,64,512,4096,684,64,256,512,108,64,256,2048,144,128,512,1024,707,64,256,1024,707,0,128,512,4212,64,256,512,117,0,256,512,32,0,128,128,9,0,4096,4096,18,128,256,256,18,0,0,0,0,0,0,0,0,0,0,0,0,64,128,128,20,64,128,128,20,8.42,7.40,1.02,0,2,0,0,2,94,0,0,2308,995,2802,0,41,20,0
10879952913300,100,2048,8192,16384,754,512,4096,8192,98,8192,16384,16384,81,8192,16384,16384,16,8192,8192,8192,2,1024,4096,4096,19,512,8192,8192,74,2048,4096,4096,15,0,0,0,0,128,65536,131072,1069,262144,262144,262144,41,16384,32768,65536,41,262144,262144,262144,41,128,256,512,41,64,128,128,41,64,512,8192,183,64,512,512,156,64,512,4096,6786,64,512,4096,729,64,256,256,96,64,512,8192,144,128,512,1024,668,64,512,1024,677,0,128,512,4077,64,256,4096,72,64,256,256,18,64,512,512,18,64,256,256,18,0,0,0,0,2097152,2097152,2097152,3,1024,1024,1024,3,64,64,64,6,64,128,128,21,64,128,128,21,8.68,7.53,1.15,3,2,0,0,1,97,0,0,2405,1064,2953,0,41,21,0
10880973451100,100,2048,8192,16384,734,512,8192,8192,100,8192,16384,16384,84,8192,16384,16384,22,0,0,0,1,1024,8192,8192,28,1024,8192,8192,86,2048,8192,8192,14,0,0,0,0,512,65536,262144,1073,262144,262144,262144,41,16384,32768,32768,41,262144,262144,262144,41,128,256,512,41,128,128,128,41,64,512,4096,132,64,512,8192,132,64,512,8192,6606,64,256,4096,756,64,256,256,114,64,256,4096,153,128,256,512,747,64,256,512,765,0,128,512,3987,64,256,512,117,64,256,256,32,0,64,64,9,0,64,64,9,0,0,0,0,0,0,0,0,0,0,0,0,0,0,0,0,128,128,128,20,64,128,128,20,8.30,7.54,0.77,0,1,0,0,7,106,0,0,2395,1071,2905,0,41,20,0
10881994821000,100,2048,16384,16384,734,512,8192,8192,100,8192,16384,16384,77,8192,16384,16384,22,0,0,0,0,1024,4096,4096,26,512,8192,8192,78,2048,8192,8192,15,0,0,0,0,512,65536,131072,1059,262144,262144,262144,41,16384,32768,32768,41,262144,262144,262144,41,128,256,256,41,128,128,128,41,64,256,8192,93,64,512,512,93,64,512,4096,6606,64,256,4096,693,64,256,4096,150,64,256,512,144,128,256,1024,690,64,256,512,708,0,128,4096,3960,64,256,1024,63,64,256,256,59,0,128,128,9,0,0,0,0,0,0,0,0,0,0,0,0,0,0,0,0,0,0,0,0,128,128,128,21,64,128,128,21,8.41,7.39,1.02,0,0,0,0,4,99,0,0,2367,1056,2900,0,41,21,0
10883016194800,100,2048,8192,16384,736,512,8192,8192,102,8192,16384,16384,81,8192,8192,16384,22,0,0,0,1,1024,4096,4096,11,512,8192,8192,86,2048,8192,8192,16,0,0,0,1,128,65536,65536,1066,262144,262144,262144,41,16384,32768,65536,41,262144,262144,262144,41,128,256,256,41,64,128,128,41,64,512,2048,114,64,512,512,114,64,512,4096,6624,64,256,4096,729,0,128,128,54,64,512,4096,225,128,256,1024,665,64,256,512,674,0,128,512,4086,64,256,4096,108,64,512,512,14,0,0,0,0,0,4096,4096,9,64,512,512,9,0,0,0,0,0,0,0,0,0,0,0,0,64,128,128,20,64,128,128,20,8.54,7.40,1.15,0,1,0,0,2,103,0,0,2386,1056,2885,0,41,20,0
10884034602700,100,2048,16384,16384,729,512,8192,8192,100,8192,16384,16384,80,8192,8192,8192,13,0,0,0,0,1024,8192,8192,24,512,8192,8192,76,2048,8192,8192,10,0,0,0,0,1024,65536,131072,1038,262144,262144,262144,40,16384,32768,65536,40,262144,262144,262144,40,128,256,256,40,128,128,128,40,64,512,4096,135,64,512,8192,135,64,512,4096,6561,64,512,4096,720,64,256,512,36,64,256,512,108,128,512,2048,690,64,256,512,663,0,128,512,3906,64,256,512,54,64,512,512,9,0,0,0,0,0,0,0,0,0,0,0,0,0,0,0,0,0,0,0,0,0,0,0,0,128,128,128,20,64,128,128,20,8.44,7.29,1.15,0,0,0,0,3,93,0,0,2315,1034,2828,0,40,20,0
10885055269200,100,2048,16384,16384,737,512,4096,8192,100,8192,16384,16384,82,4096,8192,8192,19,0,0,0,0,1024,4096,4096,11,1024,8192,8192,78,2048,8192,8192,11,0,0,0,0,2048,65536,131072,1048,262144,262144,262144,41,16384,32768,32768,41,262144,262144,262144,41,128,256,256,41,64,128,128,41,0,256,4096,123,64,512,512,123,64,1024,4096,6633,64,4096,4096,738,64,256,512,84,64,512,4096,198,128,512,1024,660,64,256,512,633,0,128,512,3960,64,256,512,54,64,4096,4096,14,0,0,0,0,0,0,0,0,0,0,0,0,0,0,0,0,0,0,0,0,0,0,0,0,128,128,128,21,64,64,128,21,8.42,7.65,0.77,0,0,0,0,2,101,0,0,2318,1045,2850,0,41,21,0
10886075227000,100,2048,8192,16384,735,512,8192,8192,110,8192,16384,16384,81,8192,16384,16384,25,0,0,0,0,1024,4096,4096,30,1024,8192,8192,80,2048,8192,8192,18,0,0,0,0,128,65536,131072,1083,262144,262144,262144,41,16384,32768,32768,41,262144,262144,262144,41,128,256,256,41,128,128,128,41,64,256,512,149,64,512,8192,149,64,1024,4096,6615,64,512,4096,729,64,256,512,102,64,512,4096,153,128,512,1024,663,64,256,1024,663,0,128,256,3816,64,256,256,63,0,0,0,0,0,0,0,0,0,0,0,0,0,0,0,0,0,0,0,0,0,0,0,0,0,0,0,0,128,128,128,20,64,64,64,20,8.69,7.41,1.28,0,0,0,0,3,106,0,0,2273,1075,2858,0,41,20,0
10887095628200,100,2048,16384,16384,709,512,4096,8192,97,8192,16384,16384,75,8192,16384,16384,25,8192,8192,8192,2,1024,8192,8192,28,512,8192,8192,79,4096,8192,8192,10,4096,4096,4096,2,512,65536,65536,1033,262144,262144,262144,41,16384,32768,32768,41,262144,262144,262144,41,128,256,256,41,128,128,128,41,64,512,8192,99,64,512,8192,99,64,4096,4096,6381,64,512,4096,675,64,256,512,93,64,512,4096,225,128,256,1024,708,64,256,512,717,0,128,512,3501,64,256,512,45,64,128,128,9,64,256,256,18,64,128,128,18,128,256,256,18,0,0,0,0,0,0,0,0,0,0,0,0,64,128,128,21,64,128,128,21,8.55,7.27,1.28,0,2,0,0,2,100,0,0,2209,1018,2708,0,41,21,0
10888115307700,97,2048,8192,16384,735,512,8192,8192,100,8192,16384,16384,76,8192,16384,16384,20,0,0,0,0,1024,4096,4096,10,512,8192,8192,86,2048,8192,8192,14,0,0,0,1,256,65536,131072,1048,262144,262144,262144,40,16384,32768,65536,40,262144,262144,262144,40,128,256,512,40,128,128,4096,40,0,512,4096,141,64,512,4096,168,64,512,4096,6615,64,256,4096,684,64,256,512,72,64,512,4096,153,128,512,1024,777,64,256,512,777,0,128,512,3591,64,512,4096,81,0,0,0,0,0,256,256,9,0,0,0,0,0,256,256,9,0,0,0,0,0,0,0,0,0,0,0,0,64,128,128,20,64,128,128,20,8.30,7.27,1.02,0,0,0,0,1,96,3,0,2221,1042,2807,0,40,20,0
10889136434100,97,2048,8192,16384,713,512,4096,8192,98,8192,16384,16384,79,8192,8192,8192,16,8192,8192,8192,2,1024,4096,4096,19,512,8192,8192,78,2048,8192,8192,20,0,0,0,0,128,65536,131072,1028,262144,262144,262144,41,16384,32768,32768,41,262144,262144,262144,41,128,256,256,41,64,128,128,41,64,512,4096,99,64,512,8192,99,64,512,4096,6417,64,512,4096,711,64,128,256,48,64,256,512,72,128,512,1024,711,64,256,512,693,0,128,512,4419,64,256,4096,108,64,256,256,9,0,128,128,9,0,256,256,18,0,0,0,0,0,0,0,0,0,0,0,0,0,0,0,0,64,128,128,20,64,128,128,20,8.67,7.65,1.02,0,2,0,0,2,95,0,0,2189,1025,2707,0,41,20,0
10890156206100,100,2048,8192,16384,718,512,8192,8192,97,8192,16384,16384,83,8192,16384,16384,23,0,0,0,1,1024,8192,8192,20,1024,8192,8192,80,2048,8192,8192,13,0,0,0,0,1024,65536,131072,1043,262144,262144,262144,41,8192,32768,32768,41,262144,262144,262144,41,128,256,256,41,128,128,128,41,64,512,4096,102,64,512,4096,75,64,512,4096,6462,64,256,4096,747,64,256,256,93,64,256,4096,153,128,512,1024,666,64,256,1024,657,0,128,512,4275,64,256,4096,126,64,256,256,27,64,256,256,9,0,256,256,9,0,0,0,0,8192,16384,16384,3,512,1024,1024,3,64,64,64,6,64,128,128,21,64,64,128,21,8.56,7.41,1.15,3,1,0,0,2,106,0,0,2186,1040,2814,0,41,21,0
10891175763300,100,2048,8192,16384,737,512,8192,8192,101,8192,16384,32768,82,8192,16384,16384,25,0,0,0,1,1024,8192,8192,25,1024,8192,8192,76,2048,8192,8192,8,0,0,0,0,4096,65536,262144,1062,262144,262144,262144,41,16384,32768,65536,41,262144,262144,262144,41,128,256,256,41,128,128,128,41,64,512,4096,120,64,512,512,120,64,512,4096,6633,64,512,4096,738,64,256,512,159,64,512,4096,171,128,512,1024,705,64,256,512,696,0,128,512,4149,64,256,512,81,0,64,64,9,0,64,64,9,64,64,64,9,0,0,0,0,0,0,0,0,0,0,0,0,0,0,0,0,64,128,128,20,64,128,128,20,10.34,7.53,2.81,0,1,0,0,1,107,0,0,2277,1057,2832,0,41,20,0
10892195765500,100,2048,16384,16384,716,512,8192,8192,103,8192,16384,32768,81,8192,16384,16384,18,4096,8192,8192,3,1024,4096,4096,26,1024,8192,8192,78,2048,8192,8192,13,0,0,0,1,256,65536,131072,1050,262144,262144,262144,41,16384,32768,65536,41,262144,262144,262144,41,128,256,256,41,128,128,128,41,64,256,1024,144,64,512,1024,144,64,512,4096,6444,64,256,4096,729,64,256,256,84,64,256,4096,171,128,512,1024,732,64,256,512,732,0,128,512,4149,64,256,4096,144,0,0,0,0,64,256,256,36,64,256,256,27,64,256,256,9,0,0,0,0,0,0,0,0,0,0,0,0,128,128,128,21,64,128,128,21,8.30,7.41,0.89,0,3,0,0,4,99,0,0,2289,1032,2812,0,41,21,0
10893217492500,100,2048,16384,16384,744,512,4096,8192,101,8192,16384,16384,76,8192,8192,8192,18,0,0,0,1,1024,4096,4096,13,1024,4096,8192,83,2048,8192,8192,8,0,0,0,0,128,65536,131072,1052,262144,262144,262144,41,16384,32768,32768,41,262144,262144,262144,41,128,256,512,41,128,128,128,41,64,512,4096,114,64,512,1024,114,64,512,4096,6696,64,256,4096,684,64,256,256,30,64,256,512,126,128,256,1024,705,64,256,512,705,0,128,512,3708,64,256,512,45,64,128,128,9,0,0,0,0,128,256,256,9,0,0,0,0,0,0,0,0,0,0,0,0,0,0,0,0,64,128,128,20,64,128,128,20,8.79,7.39,1.40,0,1,0,0,2,94,0,0,2305,1048,2794,0,41,20,0
10894237746300,100,2048,8192,16384,724,512,8192,8192,101,8192,16384,16384,79,8192,8192,8192,16,0,0,0,1,1024,8192,8192,16,512,4096,8192,85,2048,8192,8192,19,0,0,0,1,128,65536,131072,1051,262144,262144,262144,40,8192,32768,32768,40,262144,262144,262144,40,128,256,256,40,128,128,128,40,64,256,1024,81,64,512,4096,81,64,512,4096,6516,64,256,4096,711,64,256,256,75,64,256,4096,108,128,256,1024,717,64,256,1024,726,0,128,512,3951,64,256,4096,108,0,0,0,0,64,256,256,9,128,256,256,9,128,256,256,9,0,0,0,0,0,0,0,0,0,0,0,0,64,128,128,20,64,128,128,20,8.55,7.53,1.02,0,1,0,0,2,95,0,0,2280,1041,2857,0,40,20,0
10895258225300,100,2048,8192,16384,746,512,8192,8192,99,8192,8192,16384,84,8192,16384,16384,21,0,0,0,0,1024,4096,4096,24,1024,8192,8192,76,2048,4096,4096,12,0,0,0,0,512,65536,131072,1069,262144,262144,262144,41,16384,32768,65536,41,262144,262144,262144,41,128,256,256,41,128,128,256,41,64,256,4096,168,64,512,8192,168,64,512,4096,6714,64,256,4096,756,64,256,512,63,64,512,4096,171,128,256,1024,647,64,256,512,647,0,128,256,3852,64,256,4096,99,0,128,128,18,0,0,0,0,0,0,0,0,0,0,0,0,0,0,0,0,0,0,0,0,0,0,0,0,128,128,128,21,128,128,128,21,8.68,7.79,0.89,0,0,0,0,0,105,0,0,2286,1064,2827,0,41,21,0
10896277910800,100,2048,16384,16384,742,512,8192,8192,100,8192,16384,16384,83,8192,16384,16384,22,0,0,0,0,1024,4096,4096,23,512,8192,8192,79,2048,4096,4096,16,0,0,0,1,128,65536,131072,1071,262144,262144,262144,41,16384,65536,65536,41,262144,262144,262144,41,128,256,256,41,128,128,128,41,64,512,4096,156,64,512,4096,156,64,512,4096,6678,64,512,4096,747,64,256,1024,108,0,256,4096,153,64,512,1024,675,64,256,1024,675,0,128,512,3753,64,256,4096,99,64,256,256,27,0,0,0,0,0,0,0,0,64,256,256,9,0,0,0,0,0,0,0,0,0,0,0,0,64,128,128,20,64,128,128,20,8.30,7.27,1.02,0,0,0,0,1,105,0,0,2281,1068,2798,0,41,20,0
10897298360900,100,2048,8192,16384,749,512,8192,8192,100,8192,16384,16384,80,8192,16384,16384,22,0,0,0,1,1024,8192,8192,26,512,8192,8192,85,2048,4096,4096,20,0,0,0,0,1024,65536,262144,1088,262144,262144,262144,41,16384,32768,32768,41,262144,262144,262144,41,128,256,512,41,64,128,128,41,64,256,4096,99,64,512,8192,99,64,512,4096,6741,64,256,4096,720,64,256,512,78,64,512,4096,180,128,512,1024,750,64,256,512,741,0,128,512,3708,64,256,256,54,64,256,256,18,0,256,256,9,0,256,256,9,0,0,0,0,0,0,0,0,0,0,0,0,0,0,0,0,64,128,128,21,64,128,128,21,8.93,7.79,1.15,0,1,0,0,1,102,0,0,2257,1081,2834,0,41,21,0
10898317637700,97,2048,8192,16384,702,512,8192,8192,98,8192,8192,16384,75,8192,16384,16384,16,0,0,0,0,1024,4096,4096,14,512,4096,8192,81,2048,8192,8192,12,0,0,0,0,64,65536,131072,1007,262144,262144,262144,41,16384,32768,32768,41,262144,262144,262144,41,128,256,512,41,64,128,128,41,64,512,8192,129,64,512,4096,156,64,512,4096,6318,64,256,4096,675,64,256,4096,102,64,256,4096,153,128,512,1024,675,64,256,512,684,0,128,256,4284,64,256,512,144,64,128,128,18,0,0,0,0,0,0,0,0,0,0,0,0,0,0,0,0,0,0,0,0,0,0,0,0,128,128,128,20,64,256,256,20,9.33,7.92,1.41,0,0,0,0,2,91,3,0,2240,1004,2755,0,41,20,0
10899336945100,97,2048,8192,16384,710,512,8192,8192,97,8192,16384,16384,77,8192,16384,16384,15,0,0,0,0,512,4096,4096,13,1024,8192,8192,79,2048,2048,2048,6,0,0,0,0,1024,65536,262144,1009,262144,262144,262144,40,16384,32768,32768,40,262144,262144,262144,40,128,256,256,40,128,128,128,40,64,512,4096,99,64,512,8192,99,64,512,4096,6390,64,256,4096,693,64,128,256,48,64,256,512,153,64,512,1024,675,64,128,512,666,0,128,256,4023,64,256,4096,90,64,256,256,36,0,0,0,0,0,0,0,0,0,0,0,0,0,0,0,0,0,0,0,0,0,0,0,0,64,128,128,20,128,128,128,20,8.30,7.28,1.02,0,0,0,0,3,92,0,0,2238,1005,2737,0,40,20,0
10900358822200,100,2048,16384,16384,731,512,8192,8192,109,8192,16384,16384,84,8192,16384,16384,24,0,0,0,0,1024,4096,4096,23,512,8192,8192,80,2048,8192,8192,12,0,0,0,1,128,65536,131072,1068,262144,262144,262144,41,16384,32768,32768,41,262144,262144,262144,41,128,256,256,41,128,128,1024,41,64,256,512,183,64,512,4096,156,64,512,4096,6579,64,256,4096,756,64,256,512,99,64,256,512,153,128,256,1024,632,64,256,1024,632,0,128,512,3753,64,256,4096,81,0,64,64,9,64,128,128,9,0,0,0,0,64,256,256,9,8192,16384,16384,3,1024,1024,1024,3,64,128,128,6,64,128,128,21,64,128,128,21,8.53,7.39,1.15,3,0,0,0,1,108,0,0,2320,1070,2905,0,41,21,0
10901379079100,100,2048,16384,16384,721,512,4096,16384,99,8192,16384,16384,78,8192,16384,16384,22,8192,8192,8192,2,1024,4096,8192,23,1024,8192,8192,79,2048,8192,8192,18,0,0,0,0,1024,65536,131072,1048,262144,262144,262144,41,16384,32768,32768,41,262144,262144,262144,41,64,256,256,41,128,128,8192,41,64,512,4096,144,64,512,1024,144,64,512,8192,6489,64,256,4096,702,64,128,128,30,64,256,512,207,128,256,1024,684,64,256,512,684,0,128,512,4095,64,256,4096,99,0,0,0,0,0,128,128,9,64,256,256,18,0,0,0,0,0,0,0,0,0,0,0,0,0,0,0,0,128,128,128,20,64,256,256,20,8.68,7.27,1.40,0,2,0,0,0,100,0,0,2280,1043,2792,0,41,20,0
10902399123900,100,2048,8192,16384,721,512,8192,8192,100,8192,16384,16384,82,8192,16384,16384,20,0,0,0,0,1024,4096,4096,27,512,8192,8192,79,2048,4096,4096,18,0,0,0,1,1024,65536,131072,1052,262144,262144,262144,41,8192,32768,32768,41,262144,262144,262144,41,64,128,256,41,128,128,128,41,64,256,512,84,64,512,4096,84,64,512,4096,6489,64,256,4096,738,64,256,512,90,64,256,4096,171,128,512,1024,671,64,256,512,644,0,128,512,4248,64,256,4096,90,64,256,256,18,0,0,0,0,0,0,0,0,0,256,256,9,0,0,0,0,0,0,0,0,0,0,0,0,64,128,128,21,64,64,64,21,8.30,7.54,0.77,0,0,0,0,0,102,0,0,2274,1044,2791,0,41,21,0
10903418158500,100,2048,16384,16384,733,512,8192,8192,98,8192,16384,32768,81,8192,16384,16384,19,0,0,0,1,1024,8192,8192,18,512,8192,8192,81,2048,4096,4096,10,0,0,0,1,2048,65536,262144,1049,262144,262144,262144,41,16384,32768,32768,41,262144,262144,262144,41,64,128,128,41,128,128,128,41,0,512,8192,123,64,512,1024,123,64,512,4096,6597,64,256,4096,729,64,256,2048,75,64,512,4096,180,128,256,1024,690,64,256,512,717,0,128,512,3888,64,512,4096,135,0,128,128,18,0,0,0,0,64,256,256,9,64,256,256,9,0,0,0,0,0,0,0,0,0,0,0,0,64,128,128,20,64,128,128,20,8.94,7.67,1.28,0,1,0,0,5,100,0,0,2277,1042,2809,0,41,20,0
10904440325900,100,2048,16384,16384,732,512,8192,8192,102,8192,16384,16384,81,8192,16384,16384,22,16384,16384,16384,2,512,8192,8192,13,512,8192,8192,77,2048,8192,8192,15,0,0,0,1,1024,65536,131072,1052,262144,262144,262144,40,16384,32768,32768,40,262144,262144,262144,40,64,256,256,40,128,128,128,41,64,512,4096,139,64,512,4096,139,64,512,4096,6588,64,256,4096,729,64,256,512,84,64,512,4096,108,128,512,1024,741,64,256,512,750,0,256,512,4392,64,256,512,99,128,128,128,12,64,256,256,27,64,4096,4096,18,0,128,128,9,0,0,0,0,0,0,0,0,0,0,0,0,128,128,128,21,64,128,128,21,8.92,7.64,1.27,0,2,0,0,4,103,0,0,2297,1041,2824,0,40,21,0
10905458575300,100,2048,8192,16384,742,512,8192,8192,100,8192,16384,16384,80,8192,8192,8192,19,0,0,0,1,1024,4096,4096,19,512,8192,8192,76,2048,4096,4096,11,0,0,0,0,1024,65536,262144,1054,262144,262144,262144,41,16384,32768,65536,41,262144,262144,262144,41,64,128,256,41,128,128,128,40,64,512,4096,126,64,512,1024,126,64,512,4096,6678,64,256,4096,720,64,256,256,93,64,256,512,153,128,512,2048,657,64,256,1024,666,0,256,512,4455,64,256,4096,126,0,256,256,18,0,0,0,0,64,128,128,9,0,0,0,0,0,0,0,0,0,0,0,0,0,0,0,0,64,128,128,20,128,128,128,20,8.31,7.54,0.77,0,1,0,0,2,99,0,0,2294,1047,2845,0,41,20,0
10906479607600,100,2048,8192,16384,746,512,8192,8192,101,8192,16384,16384,78,8192,16384,16384,26,8192,8192,8192,2,512,4096,8192,28,1024,8192,8192,82,2048,8192,8192,14,0,0,0,0,128,65536,65536,1084,262144,262144,262144,41,16384,65536,65536,41,262144,262144,262144,41,64,256,256,41,128,128,128,41,64,512,4096,135,64,512,8192,135,64,512,4096,6714,64,512,4096,702,64,256,2048,147,64,512,4096,189,128,256,1024,660,64,256,512,660,0,256,512,3771,64,512,4096,135,0,256,256,18,128,512,512,18,128,4096,4096,18,0,0,0,0,0,0,0,0,0,0,0,0,0,0,0,0,128,128,128,20,64,128,128,20,8.29,7.40,0.89,0,2,0,0,3,104,0,0,2308,1073,2879,0,41,20,0
10907499347000,100,2048,16384,16384,713,512,4096,8192,99,8192,16384,16384,84,8192,16384,16384,22,0,0,0,0,1024,4096,4096,26,512,8192,8192,80,2048,8192,8192,7,0,0,0,0,256,65536,131072,1039,262144,262144,262144,41,32768,65536,65536,41,262144,262144,262144,41,64,64,64,41,64,128,128,41,128,512,4096,174,64,512,8192,174,64,512,4096,6417,64,512,4096,756,64,256,512,84,64,512,4096,189,128,512,1024,768,64,256,512,750,0,128,512,3870,64,256,512,81,64,512,512,9,0,0,0,0,0,0,0,0,0,0,0,0,0,0,0,0,0,0,0,0,0,0,0,0,64,128,128,21,64,64,64,21,8.69,7.92,0.77,0,0,0,0,3,106,0,0,2277,1030,2844,0,41,21,0
10908519315800,97,2048,8192,16384,710,512,4096,8192,97,8192,16384,16384,81,8192,16384,16384,13,0,0,0,0,1024,4096,4096,13,1024,8192,8192,80,2048,8192,8192,11,0,0,0,1,64,65536,65536,1013,262144,262144,262144,41,16384,32768,65536,41,262144,262144,262144,41,64,64,64,41,128,128,128,41,64,512,4096,180,64,512,512,207,64,512,4096,6390,64,256,4096,729,64,256,4096,84,64,256,256,108,128,512,1024,663,64,256,512,645,0,128,256,4203,128,256,512,90,64,128,128,9,0,0,0,0,0,0,0,0,128,256,256,9,0,0,0,0,0,0,0,0,0,0,0,0,64,128,128,20,64,64,64,20,8.42,7.27,1.15,0,0,0,0,3,94,3,0,2259,1008,2812,0,41,20,0
10909539606000,97,2048,16384,16384,733,512,8192,8192,98,8192,16384,16384,79,8192,16384,16384,17,0,0,0,0,1024,4096,4096,11,512,8192,8192,82,2048,8192,8192,19,0,0,0,0,512,65536,262144,1046,262144,262144,262144,40,16384,32768,32768,40,262144,262144,262144,40,64,64,64,40,128,128,128,40,64,256,4096,135,128,512,1024,135,64,512,4096,6597,64,256,4096,711,64,256,4096,141,64,256,512,108,128,512,1024,728,64,256,512,737,0,128,512,4032,64,256,512,117,64,64,64,9,0,0,0,0,0,0,0,0,0,0,0,0,0,0,0,0,0,0,0,0,0,0,0,0,128,8192,8192,20,64,128,128,20,8.42,7.27,1.15,0,0,2,0,2,96,0,0,2324,1041,2798,0,40,20,0
10910560957100,100,2048,8192,16384,729,512,8192,8192,100,8192,16384,16384,78,8192,16384,16384,26,8192,8192,8192,3,1024,4096,4096,21,512,8192,8192,78,2048,8192,8192,17,0,0,0,0,1024,65536,131072,1067,262144,262144,262144,41,16384,32768,32768,41,262144,262144,262144,41,128,256,256,41,128,128,128,41,64,512,4096,144,64,512,4096,117,64,512,4096,6561,64,256,4096,702,64,256,4096,93,64,256,2048,198,128,512,1024,711,64,512,1024,738,0,128,512,4563,64,256,256,72,0,128,128,18,64,256,256,36,128,256,256,27,0,0,0,0,16384,16384,16384,3,512,1024,1024,3,64,64,64,6,64,128,128,21,64,128,128,21,8.66,7.52,1.15,3,3,1,0,3,104,0,0,2369,1063,2976,0,41,21,0
10911581461500,100,2048,16384,16384,743,512,4096,8192,100,8192,16384,16384,86,8192,16384,16384,18,0,0,0,0,1024,8192,8192,25,1024,8192,8192,78,2048,8192,8192,12,0,0,0,0,1024,65536,65536,1068,262144,262144,262144,41,16384,32768,32768,41,262144,262144,262144,41,128,256,256,41,64,128,128,41,64,512,4096,162,64,512,4096,162,64,512,4096,6687,64,256,4096,774,64,256,4096,93,64,256,4096,144,128,512,1024,747,64,256,512,738,0,128,256,4347,64,256,4096,117,64,4096,4096,21,0,0,0,0,0,0,0,0,0,0,0,0,0,0,0,0,0,0,0,0,0,0,0,0,64,128,128,20,64,256,256,20,8.42,7.66,0.77,0,0,1,0,4,104,0,0,2317,1065,2854,0,41,20,0
10912601190500,100,2048,8192,16384,719,512,8192,8192,99,8192,16384,16384,78,8192,16384,16384,20,0,0,0,0,1024,8192,8192,27,1024,8192,16384,81,2048,4096,4096,15,0,0,0,0,128,65536,262144,1044,262144,262144,262144,41,16384,32768,32768,41,262144,262144,262144,41,128,256,256,41,64,128,128,41,64,256,512,84,64,512,1024,84,64,512,4096,6471,64,256,4096,702,64,256,256,45,64,256,4096,162,128,512,1024,753,64,256,512,753,0,128,512,3969,64,512,8192,117,64,256,256,18,0,128,128,9,0,0,0,0,0,0,0,0,0,0,0,0,0,0,0,0,0,0,0,0,64,128,128,21,64,128,128,21,9.20,7.67,1.53,0,0,4,0,7,98,0,0,2255,1037,2830,0,41,21,0
10913621372400,100,2048,16384,16384,745,512,8192,8192,100,8192,16384,16384,83,8192,16384,16384,17,8192,8192,8192,3,1024,8192,8192,19,1024,8192,8192,78,2048,8192,8192,12,0,0,0,1,128,65536,131072,1068,262144,262144,262144,41,16384,32768,65536,41,262144,262144,262144,41,128,256,512,41,128,128,128,41,64,512,8192,171,64,512,4096,171,64,512,4096,6705,64,256,4096,747,64,256,256,63,64,256,256,135,128,512,1024,696,64,256,512,687,0,128,1024,4023,64,256,512,108,0,256,256,27,0,256,256,18,64,2048,4096,27,0,4096,4096,9,0,0,0,0,0,0,0,0,0,0,0,0,64,128,128,20,64,256,256,20,8.30,7.27,1.02,0,3,6,0,1,100,0,0,2325,1061,2878,0,41,20,0
10914641602900,100,2048,16384,16384,737,512,4096,8192,101,8192,16384,16384,76,8192,8192,16384,23,0,0,0,1,1024,8192,8192,15,1024,8192,8192,80,2048,8192,8192,12,0,0,0,0,128,65536,131072,1054,262144,262144,262144,41,16384,65536,65536,41,262144,262144,262144,41,128,256,256,41,128,128,8192,41,64,256,4096,111,64,512,8192,111,64,512,4096,6633,64,256,4096,684,64,128,256,90,64,256,4096,225,128,512,1024,729,64,256,512,711,0,128,512,3933,64,256,4096,99,0,128,128,9,64,256,256,9,0,256,256,9,0,0,0,0,0,0,0,0,0,0,0,0,0,0,0,0,64,128,128,21,64,128,128,21,8.68,7.66,1.02,0,1,5,0,2,99,0,0,2293,1042,2861,0,41,21,0
10915661179500,100,2048,16384,16384,737,512,4096,8192,99,8192,16384,16384,82,8192,16384,16384,16,8192,8192,8192,2,1024,8192,8192,20,1024,8192,8192,84,1024,8192,8192,9,0,0,0,0,1024,65536,131072,1054,262144,262144,262144,40,8192,32768,32768,40,262144,262144,262144,40,64,256,256,40,128,128,128,40,64,256,512,114,64,512,512,114,64,512,8192,6633,64,256,4096,738,64,256,256,48,64,256,4096,90,128,512,1024,663,64,256,1024,672,0,128,4096,3942,64,512,8192,117,64,128,128,12,64,128,128,9,128,256,256,18,0,0,0,0,0,0,0,0,0,0,0,0,0,0,0,0,64,128,128,20,64,128,128,20,8.81,7.79,1.02,0,2,5,0,3,98,0,0,2311,1049,2814,0,40,20,0
10916682564800,100,2048,16384,16384,730,512,8192,8192,100,8192,16384,16384,78,8192,16384,16384,26,8192,8192,8192,3,1024,8192,8192,25,1024,8192,8192,76,2048,2048,2048,13,0,0,0,1,1024,65536,131072,1059,262144,262144,262144,41,16384,32768,32768,41,262144,262144,262144,41,64,256,256,41,128,128,16384,41,0,512,4096,108,64,512,512,108,64,512,8192,6570,64,256,4096,702,64,256,512,144,64,256,4096,207,128,256,1024,723,64,256,512,759,0,256,4096,4536,64,256,256,90,0,0,0,0,0,128,128,27,0,256,256,27,64,128,128,9,0,0,0,0,0,0,0,0,0,0,0,0,128,128,128,20,128,128,128,20,8.30,7.40,0.89,0,3,6,0,4,104,0,0,2295,1052,2879,0,41,20,0
10917702952600,97,2048,16384,16384,720,512,8192,8192,99,8192,16384,16384,84,8192,16384,16384,23,0,0,0,0,1024,8192,8192,25,512,8192,8192,83,2048,8192,8192,20,0,0,0,0,256,65536,131072,1058,262144,262144,262144,41,16384,32768,32768,41,262144,262144,262144,41,64,128,128,41,128,128,8192,41,0,512,512,204,64,512,4096,231,64,512,4096,6480,64,256,4096,756,64,256,4096,111,64,256,512,144,128,256,512,714,64,256,512,741,0,128,512,4275,64,256,512,90,64,256,256,30,0,0,0,0,0,0,0,0,0,0,0,0,0,0,0,0,0,0,0,0,0,0,0,0,64,128,16384,21,128,128,128,21,9.56,7.78,1.79,0,0,5,0,5,107,3,0,2256,1054,2913,0,41,21,0
10918723383100,97,2048,8192,16384,725,512,8192,8192,120,8192,16384,16384,77,4096,16384,16384,20,0,0,0,0,512,8192,8192,13,512,4096,8192,83,2048,8192,8192,15,0,0,0,0,128,65536,131072,1062,262144,262144,262144,41,16384,32768,32768,41,262144,262144,262144,41,64,64,128,41,128,128,128,41,64,256,512,114,64,512,4096,114,64,512,4096,6525,64,256,4096,693,64,256,256,102,64,512,4096,198,128,512,1024,666,64,256,512,675,0,128,512,3654,0,256,4096,45,0,128,128,9,0,0,0,0,0,0,0,0,0,0,0,0,0,0,0,0,0,0,0,0,0,0,0,0,64,128,128,20,64,128,128,20,8.55,7.15,1.40,0,0,1,0,2,97,0,0,2281,1056,2813,0,41,20,0
10919742886100,100,2048,16384,16384,720,512,8192,8192,98,4096,16384,16384,75,8192,16384,16384,13,8192,8192,8192,2,512,8192,8192,18,1024,8192,8192,76,2048,8192,8192,14,0,0,0,1,256,65536,131072,1023,262144,262144,262144,41,16384,32768,32768,41,262144,262144,262144,41,64,256,256,41,64,128,128,41,64,512,4096,141,64,512,1024,114,64,512,4096,6480,64,256,4096,675,64,256,256,81,64,512,512,108,128,512,1024,687,64,256,512,705,0,128,512,3852,64,256,512,99,0,0,0,0,64,256,256,18,64,512,512,18,64,512,512,9,8192,16384,16384,3,1024,2048,2048,3,64,64,64,6,64,128,128,21,64,128,128,21,9.20,7.92,1.28,3,2,1,0,4,88,0,0,2221,1019,2773,0,41,21,0
10920762778100,100,2048,8192,16384,747,512,8192,8192,100,8192,16384,16384,87,8192,16384,16384,26,0,0,0,1,1024,8192,8192,20,512,8192,8192,77,2048,8192,8192,15,0,0,0,0,128,65536,131072,1078,262144,262144,262144,40,16384,32768,65536,40,262144,262144,262144,40,64,128,128,40,64,128,128,40,0,256,512,105,64,256,512,105,64,512,4096,6723,64,256,4096,783,64,256,512,108,64,512,4096,153,128,512,1024,681,64,256,512,654,0,128,512,4365,64,512,512,36,0,0,0,0,64,128,128,9,128,256,256,9,0,0,0,0,0,0,0,0,0,0,0,0,0,0,0,0,64,128,128,20,64,128,128,20,8.30,7.66,0.64,0,1,2,0,3,113,0,0,2365,1071,2953,0,40,20,0
10921782990600,100,2048,16384,16384,719,512,4096,8192,100,8192,16384,16384,80,8192,16384,16384,26,0,0,0,1,1024,4096,4096,23,1024,8192,8192,76,2048,8192,8192,11,0,0,0,0,256,65536,131072,1044,262144,262144,262144,41,8192,32768,32768,41,262144,262144,262144,41,64,128,256,41,128,128,128,41,64,512,8192,111,64,512,512,111,64,1024,4096,6471,64,256,4096,720,64,256,256,84,64,512,4096,189,128,512,1024,684,64,256,512,693,0,128,512,3699,64,256,4096,162,64,256,256,27,0,128,128,9,64,256,256,9,0,0,0,0,0,0,0,0,0,0,0,0,0,0,0,0,64,8192,8192,20,64,128,128,20,8.93,7.53,1.40,0,1,3,0,1,106,0,0,2285,1037,2836,0,41,20,0
10922802727300,100,2048,16384,16384,755,512,8192,8192,100,8192,16384,16384,78,8192,16384,16384,17,8192,8192,8192,2,1024,4096,8192,24,1024,8192,8192,86,2048,8192,8192,11,0,0,0,0,128,65536,131072,1080,262144,262144,262144,41,16384,32768,65536,41,262144,262144,262144,41,64,128,256,41,128,8192,8192,41,64,512,4096,117,64,4096,8192,117,64,512,4096,6795,64,256,4096,702,64,256,512,81,64,256,512,117,64,256,1024,732,64,256,512,768,0,128,512,3483,64,256,512,108,0,64,64,9,0,4096,4096,18,0,256,256,18,0,0,0,0,0,0,0,0,0,0,0,0,0,0,0,0,64,128,128,21,64,64,64,21,8.30,7.41,0.89,0,2,2,0,1,95,0,0,2420,1073,2855,0,41,21,0
10923824272400,100,2048,16384,16384,741,512,4096,8192,101,8192,16384,32768,84,8192,8192,8192,13,0,0,0,0,1024,4096,4096,15,512,8192,8192,84,2048,8192,8192,10,0,0,0,0,8192,65536,262144,1056,262144,262144,262144,41,16384,32768,65536,41,262144,262144,262144,41,64,64,128,41,128,128,128,41,64,512,8192,132,64,512,4096,132,64,512,4096,6669,64,512,4096,756,64,256,4096,54,64,512,4096,117,128,512,1024,753,64,256,512,726,0,128,512,4581,64,512,512,90,0,0,0,0,0,0,0,0,0,0,0,0,0,0,0,0,0,0,0,0,0,0,0,0,0,0,0,0,128,128,128,20,64,128,128,20,8.28,7.26,1.02,0,0,0,0,2,97,0,0,2394,1049,2907,0,41,20,0
10924844782200,100,2048,16384,16384,731,512,4096,8192,100,8192,16384,32768,75,8192,16384,16384,26,0,0,0,0,1024,4096,8192,24,512,8192,8192,76,2048,8192,8192,16,0,0,0,0,128,65536,131072,1056,262144,262144,262144,41,16384,32768,32768,41,262144,262144,262144,41,64,256,256,41,128,128,128,41,64,512,8192,78,64,1024,8192,78,64,512,8192,6579,64,512,4096,675,64,256,4096,156,64,512,512,144,64,256,512,695,64,256,512,704,0,128,512,4203,64,256,512,54,0,0,0,0,0,128,128,9,0,0,0,0,0,0,0,0,0,0,0,0,0,0,0,0,0,0,0,0,64,128,128,21,64,128,128,21,9.83,7.91,1.91,0,0,0,0,2,101,0,1,2364,1054,2840,0,41,21,0
10925865368900,100,2048,8192,16384,728,512,8192,8192,100,8192,16384,16384,87,8192,16384,16384,22,0,0,0,1,1024,8192,8192,18,1024,8192,8192,81,2048,8192,8192,17,0,0,0,0,128,65536,131072,1063,262144,262144,262144,41,16384,32768,32768,41,262144,262144,262144,41,64,256,512,41,128,128,2048,41,64,512,4096,108,64,512,8192,108,64,512,4096,6552,64,256,4096,783,64,256,256,81,64,256,4096,207,128,512,1024,692,64,256,1024,656,0,256,512,4104,64,256,4096,90,64,256,256,9,0,0,0,0,0,256,256,9,0,0,0,0,0,0,0,0,0,0,0,0,0,0,0,0,64,128,128,20,64,256,256,20,8.42,7.27,1.15,0,1,0,0,0,109,0,0,2365,1056,2926,0,41,20,0
10926883372700,100,2048,16384,16384,733,512,8192,8192,100,8192,16384,16384,80,8192,16384,16384,15,0,0,0,1,1024,8192,8192,24,512,8192,8192,77,2048,8192,8192,13,0,0,0,0,1024,65536,65536,1046,262144,262144,262144,40,16384,32768,32768,40,262144,262144,262144,40,64,128,128,40,128,128,128,40,64,512,8192,114,64,512,1024,114,64,512,4096,6597,64,256,4096,720,64,256,256,36,64,256,512,117,128,512,1024,639,64,256,1024,621,0,256,512,4149,64,256,256,81,0,128,128,9,64,128,128,9,64,512,512,9,0,0,0,0,0,0,0,0,0,0,0,0,0,0,0,0,128,256,256,20,64,256,256,20,8.95,7.54,1.41,0,1,0,0,3,95,0,0,2339,1043,2844,0,40,20,0
10927904039200,97,2048,16384,16384,734,512,8192,8192,99,4096,16384,16384,81,8192,16384,16384,20,0,0,0,0,1024,8192,8192,21,512,8192,8192,88,2048,8192,8192,15,0,0,0,0,64,65536,131072,1068,262144,262144,262144,41,16384,65536,65536,41,262144,262144,262144,41,64,128,128,41,128,128,512,41,64,512,1024,162,64,512,8192,189,64,512,4096,6606,64,256,4096,729,64,256,512,78,64,256,512,135,128,512,1024,750,64,256,512,732,0,128,512,4293,64,256,512,90,0,64,64,9,64,256,256,9,0,0,0,0,0,0,0,0,0,0,0,0,0,0,0,0,0,0,0,0,64,128,128,21,64,128,128,21,8.54,7.40,1.15,0,0,0,0,3,101,3,0,2337,1063,2908,0,41,21,0
10928925221800,97,2048,8192,16384,727,512,4096,8192,96,8192,16384,16384,79,8192,8192,16384,24,0,0,0,1,1024,8192,8192,16,1024,8192,8192,81,2048,8192,8192,12,0,0,0,0,64,65536,131072,1046,262144,262144,262144,41,16384,32768,65536,41,262144,262144,262144,41,64,128,256,41,128,128,256,41,64,512,8192,126,64,512,2048,126,64,512,4096,6543,64,256,4096,711,64,256,256,72,64,256,1024,216,128,512,1024,654,64,256,512,663,0,256,512,3951,64,256,512,90,128,128,128,9,0,0,0,0,128,4096,4096,9,0,0,0,0,0,0,0,0,0,0,0,0,0,0,0,0,64,128,128,20,128,128,128,20,8.81,7.66,1.15,0,1,0,0,1,103,0,0,2300,1040,2822,0,41,20,0
10929944976600,100,2048,16384,16384,713,512,8192,8192,97,8192,16384,16384,77,8192,8192,8192,14,0,0,0,0,512,4096,4096,17,1024,8192,8192,76,2048,8192,8192,12,0,0,0,1,128,65536,131072,1011,262144,262144,262144,41,16384,32768,65536,41,262144,262144,262144,41,64,128,128,41,128,128,256,41,64,512,4096,156,64,512,512,129,64,512,4096,6417,64,256,4096,693,64,256,512,72,64,512,4096,90,128,512,512,729,64,256,512,711,0,128,512,4320,64,256,4096,90,0,256,256,9,0,0,0,0,0,0,0,0,128,256,256,9,8192,8192,8192,3,1024,1024,1024,3,64,64,64,6,64,128,128,21,64,256,8192,21,9.06,7.79,1.28,3,0,0,0,0,91,0,0,2277,1012,2804,0,41,21,0
10930963409100,100,2048,16384,16384,732,512,4096,8192,99,8192,16384,16384,73,4096,16384,16384,18,0,0,0,1,1024,8192,8192,23,512,8192,8192,77,2048,2048,2048,10,0,0,0,0,2048,65536,131072,1041,262144,262144,262144,40,8192,65536,65536,40,262144,262144,262144,40,64,256,256,40,128,128,128,40,64,512,512,105,64,1024,4096,105,64,512,4096,6588,64,256,4096,657,64,256,4096,99,64,4096,4096,126,128,512,1024,630,64,256,512,630,0,128,512,4023,64,256,512,135,128,512,512,18,64,128,128,9,0,256,256,9,0,0,0,0,0,0,0,0,0,0,0,0,0,0,0,0,64,1024,1024,20,64,128,128,20,8.95,7.54,1.41,0,1,0,0,6,91,0,0,2379,1035,2847,0,40,20,0
10931985941300,100,2048,16384,16384,727,512,4096,8192,100,8192,16384,16384,83,8192,16384,16384,24,0,0,0,1,1024,8192,8192,22,512,8192,8192,72,2048,4096,4096,12,0,0,0,1,512,65536,131072,1048,262144,262144,262144,41,16384,32768,32768,41,262144,262144,262144,41,64,128,256,41,128,128,128,41,64,512,8192,153,64,512,4096,153,64,512,4096,6543,64,512,4096,747,64,256,256,138,64,512,4096,198,128,512,1024,719,64,256,512,719,0,128,512,4068,64,256,512,63,0,0,0,0,64,128,256,27,64,256,256,9,64,256,256,9,0,0,0,0,0,0,0,0,0,0,0,0,128,128,128,20,128,128,128,20,8.53,7.25,1.27,0,1,0,0,1,107,0,0,2358,1039,2893,0,41,20,0
10933006488100,100,2048,16384,16384,753,512,8192,8192,113,8192,16384,32768,86,8192,16384,16384,25,8192,8192,8192,2,1024,8192,8192,20,1024,4096,8192,84,2048,4096,4096,18,0,0,0,0,1024,65536,131072,1106,262144,262144,262144,41,8192,32768,32768,41,262144,262144,262144,41,128,256,512,41,128,128,128,41,64,512,4096,120,64,512,8192,120,64,1024,4096,6777,64,512,4096,774,64,256,4096,99,64,256,4096,144,128,512,1024,739,64,256,512,730,0,128,1024,4266,64,256,4096,171,128,128,128,9,0,512,512,9,64,512,512,18,0,0,0,0,0,0,0,0,0,0,0,0,0,0,0,0,64,128,128,21,64,128,128,21,8.42,7.27,1.15,0,2,0,0,1,111,0,0,2434,1103,2956,0,41,21,0
10934025102300,100,2048,16384,16384,716,512,4096,8192,101,8192,16384,16384,69,8192,16384,16384,19,8192,8192,8192,2,1024,4096,4096,17,1024,8192,8192,77,2048,8192,8192,18,0,0,0,0,128,65536,131072,1030,262144,262144,262144,41,16384,32768,32768,41,262144,262144,262144,41,64,128,128,41,64,128,128,41,64,256,512,107,64,512,4096,107,64,512,8192,6444,64,256,4096,621,64,256,256,63,64,512,4096,171,128,256,1024,762,64,256,512,771,0,128,512,4257,64,512,4096,144,0,256,4096,27,128,256,256,9,64,256,256,18,0,0,0,0,0,0,0,0,0,0,0,0,0,0,0,0,64,128,128,20,64,128,128,20,8.82,7.54,1.28,0,2,0,0,0,88,0,0,2339,1023,2838,0,41,20,0
10935046114300,100,2048,16384,16384,735,512,8192,8192,100,8192,16384,16384,88,8192,16384,16384,21,0,0,0,1,1024,4096,4096,23,1024,8192,8192,84,2048,4096,4096,13,0,0,0,0,2048,65536,131072,1072,262144,262144,262144,41,16384,32768,32768,41,262144,262144,262144,41,64,128,256,41,128,128,1024,41,64,512,8192,108,64,512,4096,108,64,1024,4096,6615,64,256,4096,792,64,256,512,135,64,512,4096,135,128,512,1024,732,64,256,1024,741,0,128,4096,4077,64,256,512,126,64,256,256,27,64,256,256,18,0,256,256,9,0,0,0,0,0,0,0,0,0,0,0,0,0,0,0,0,64,128,128,21,64,256,4096,21,8.54,7.40,1.15,0,1,0,0,1,109,0,0,2402,1063,2919,0,41,21,0
10936065816600,100,2048,16384,16384,750,512,8192,8192,103,4096,16384,16384,81,8192,16384,16384,21,8192,8192,8192,2,1024,8192,8192,20,512,8192,8192,84,2048,8192,8192,14,0,0,0,1,512,65536,131072,1087,262144,262144,262144,41,16384,32768,32768,41,262144,262144,262144,41,128,256,256,41,128,128,128,41,64,256,512,135,64,512,1024,135,64,1024,8192,6750,64,256,4096,729,64,256,256,105,64,256,4096,171,128,256,1024,633,64,256,512,651,0,128,512,4131,64,256,4096,99,64,4096,4096,27,64,256,256,18,128,4096,4096,18,128,4096,4096,9,0,0,0,0,0,0,0,0,0,0,0,0,64,128,128,20,64,128,128,20,8.93,7.27,1.66,0,2,0,0,1,102,0,0,2301,1081,2846,0,41,20,0
10937086863200,100,2048,8192,16384,720,512,8192,8192,100,8192,16384,16384,82,8192,16384,16384,21,0,0,0,1,1024,4096,8192,22,1024,8192,8192,70,2048,8192,8192,14,0,0,0,0,1024,65536,131072,1035,262144,262144,262144,40,16384,32768,32768,40,262144,262144,262144,40,128,256,256,40,128,128,128,40,64,512,4096,104,64,512,512,104,64,512,4096,6480,64,256,4096,738,64,256,256,84,64,256,4096,162,128,256,1024,732,64,256,512,741,0,256,512,4068,64,256,4096,108,128,256,256,9,64,256,256,9,128,256,256,9,0,0,0,0,0,0,0,0,0,0,0,0,0,0,0,0,128,128,128,20,128,128,128,20,8.30,7.27,1.02,0,1,0,0,2,103,0,0,2272,1026,2803,0,40,20,0
10938107582700,97,2048,16384,16384,715,512,4096,8192,99,8192,16384,16384,71,8192,16384,16384,19,8192,8192,8192,2,1024,4096,4096,20,1024,8192,8192,79,2048,8192,8192,8,0,0,0,1,128,65536,131072,1022,262144,262144,262144,41,16384,32768,65536,41,262144,262144,262144,41,64,256,256,41,128,128,128,41,64,512,4096,153,64,512,4096,180,64,512,4096,6435,64,512,4096,639,64,256,512,147,64,256,4096,180,128,256,1024,699,64,256,1024,717,0,128,512,3987,64,256,256,135,0,64,64,9,64,128,128,9,128,512,512,18,256,512,512,9,0,0,0,0,0,0,0,0,0,0,0,0,64,128,128,21,64,128,128,21,8.54,7.52,1.02,0,2,0,0,6,90,3,0,2276,1015,2781,0,41,21,0
10939127267100,97,2048,8192,16384,726,512,8192,8192,96,8192,16384,16384,80,8192,8192,8192,18,0,0,0,0,512,4096,4096,11,1024,4096,8192,83,2048,4096,4096,13,0,0,0,0,64,65536,131072,1037,262144,262144,262144,41,16384,32768,65536,41,262144,262144,262144,41,64,64,128,41,64,128,8192,41,64,512,8192,195,64,512,512,195,64,512,4096,6534,64,256,4096,720,64,256,512,69,64,256,2048,135,128,512,1024,774,64,256,512,765,0,128,512,3879,64,256,4096,99,64,128,256,45,0,0,0,0,0,0,0,0,0,0,0,0,0,0,0,0,0,0,0,0,0,0,0,0,64,128,128,20,64,128,128,20,8.56,7.28,1.28,0,0,0,0,2,98,0,0,2330,1034,2792,0,41,20,0
10940147755500,100,2048,8192,16384,721,512,4096,8192,99,8192,16384,16384,75,8192,16384,16384,21,8192,8192,8192,2,1024,4096,8192,21,512,8192,8192,80,2048,8192,8192,17,0,0,0,1,1024,65536,131072,1047,262144,262144,262144,41,16384,32768,32768,41,262144,262144,262144,41,64,128,128,41,128,128,128,41,64,512,4096,150,64,512,4096,123,64,512,4096,6489,64,256,4096,675,64,256,4096,111,64,512,4096,171,128,512,1024,696,64,256,1024,741,0,128,512,4095,64,256,4096,72,0,0,0,0,0,256,256,18,0,256,256,18,64,256,256,9,16384,16384,16384,3,512,1024,1024,3,64,64,64,6,64,128,128,21,64,128,8192,21,8.42,7.40,1.02,3,2,0,0,3,96,0,0,2300,1046,2846,0,41,21,0
10941166621900,100,2048,16384,16384,731,512,4096,8192,100,8192,16384,16384,91,8192,8192,16384,21,0,0,0,0,512,4096,8192,21,512,4096,8192,83,2048,8192,8192,9,0,0,0,1,2048,65536,131072,1063,262144,262144,262144,41,16384,32768,65536,41,262144,262144,262144,41,64,64,128,41,128,128,128,41,64,512,4096,132,64,512,4096,132,64,512,4096,6579,64,256,4096,819,64,256,256,68,64,256,4096,171,128,256,1024,690,64,256,512,681,0,128,256,4059,64,256,4096,99,0,512,512,9,0,0,0,0,0,0,0,0,128,256,256,9,0,0,0,0,0,0,0,0,0,0,0,0,64,128,128,20,64,128,128,20,8.81,7.67,1.15,0,0,0,0,1,112,0,0,2360,1053,2890,0,41,20,0
10942187955400,100,2048,16384,16384,736,512,8192,8192,100,8192,16384,16384,79,8192,16384,16384,17,0,0,0,1,1024,8192,8192,25,1024,4096,8192,75,2048,8192,8192,19,0,0,0,0,512,65536,131072,1059,262144,262144,262144,40,16384,32768,32768,40,262144,262144,262144,40,64,256,256,40,128,128,128,40,64,512,4096,81,64,512,512,81,64,512,4096,6624,64,256,4096,711,0,256,256,75,64,512,4096,99,128,512,1024,738,64,256,512,720,0,128,1024,3744,64,512,4096,108,64,128,128,9,0,64,64,9,0,4096,4096,9,0,0,0,0,0,0,0,0,0,0,0,0,0,0,0,0,64,128,128,20,64,256,256,20,8.67,7.52,1.15,0,1,0,0,5,96,0,0,2256,1049,2779,0,40,20,0
10943207946500,100,2048,8192,16384,742,512,8192,8192,101,8192,16384,16384,69,8192,8192,16384,23,0,0,0,1,1024,8192,8192,21,512,8192,8192,84,2048,8192,8192,12,0,0,0,0,128,65536,131072,1061,262144,262144,262144,41,16384,32768,65536,41,262144,262144,262144,41,64,128,128,41,64,128,128,41,64,512,8192,99,64,512,1024,99,64,512,4096,6678,64,256,4096,621,64,256,512,117,64,256,512,171,64,256,1024,711,64,256,512,711,0,128,512,4338,64,256,512,72,64,4096,4096,18,0,128,128,9,64,256,256,9,0,0,0,0,0,0,0,0,0,0,0,0,0,0,0,0,64,128,128,21,64,128,256,21,8.68,7.79,0.89,0,1,0,0,2,92,0,0,2357,1055,2845,0,41,21,0
10944227751700,100,2048,16384,16384,733,512,8192,8192,101,8192,16384,16384,81,8192,16384,16384,21,8192,8192,8192,2,1024,8192,8192,18,512,8192,8192,80,2048,4096,4096,20,0,0,0,1,128,65536,131072,1067,262144,262144,262144,41,8192,32768,32768,41,262144,262144,262144,41,64,128,128,41,128,128,128,41,64,256,512,81,64,512,512,81,64,512,8192,6597,64,256,1024,729,64,256,256,93,64,512,4096,171,128,256,1024,687,64,256,512,705,0,128,256,3969,64,256,512,126,64,256,4096,21,64,128,128,27,64,256,256,18,0,256,256,9,0,0,0,0,0,0,0,0,0,0,0,0,128,128,128,20,64,64,64,20,8.55,7.15,1.40,0,2,0,0,3,102,0,0,2317,1056,2913,0,41,20,0
10945247835900,100,2048,16384,16384,729,512,8192,8192,99,8192,16384,16384,80,8192,32768,32768,20,8192,8192,8192,2,1024,4096,8192,22,1024,8192,8192,83,2048,4096,4096,9,0,0,0,0,1024,65536,131072,1049,262144,262144,262144,41,8192,32768,32768,41,262144,262144,262144,41,64,256,256,41,128,128,8192,41,0,512,4096,84,64,512,8192,84,64,4096,8192,6561,64,256,4096,720,64,256,512,54,64,256,8192,153,128,512,1024,759,64,256,1024,732,0,128,512,4140,64,256,256,54,0,4096,4096,9,0,256,256,18,64,256,256,18,0,0,0,0,0,0,0,0,0,0,0,0,0,0,0,0,64,128,128,21,64,128,128,21,8.30,7.28,1.02,0,2,0,0,3,100,0,0,2331,1040,2847,0,41,21,0
10946268689200,100,2048,16384,16384,724,512,8192,8192,100,8192,16384,16384,92,8192,16384,16384,19,0,0,0,1,1024,4096,4096,16,512,4096,8192,82,2048,8192,8192,7,0,0,0,1,2048,65536,65536,1051,262144,262144,262144,41,16384,32768,32768,41,262144,262144,262144,41,64,64,128,41,64,128,128,41,64,512,512,140,64,512,512,140,64,512,4096,6516,64,512,4096,828,64,256,512,93,64,1024,4096,216,64,512,1024,699,64,256,512,690,0,128,512,3825,64,256,512,117,0,0,0,0,0,0,0,0,0,4096,4096,9,0,256,256,9,0,0,0,0,0,0,0,0,0,0,0,0,64,128,128,20,64,128,128,20,8.67,7.40,1.28,0,1,0,0,0,111,0,0,2313,1046,2854,0,41,20,0
10947290213300,100,2048,16384,16384,732,512,8192,8192,100,8192,16384,16384,76,8192,8192,8192,22,0,0,0,0,512,8192,8192,23,1024,8192,8192,78,2048,8192,8192,14,0,0,0,0,128,65536,131072,1047,262144,262144,262144,41,16384,32768,32768,41,262144,262144,262144,41,64,64,128,41,64,128,128,41,64,256,512,102,64,512,1024,102,64,1024,8192,6588,64,512,4096,684,64,256,256,36,64,256,4096,144,128,512,1024,726,64,256,256,717,0,128,512,3852,64,4096,4096,45,64,4096,4096,27,0,0,0,0,0,0,0,0,0,0,0,0,0,0,0,0,0,0,0,0,0,0,0,0,64,128,128,21,64,128,128,21,8.54,7.78,0.77,0,0,0,0,1,98,0,0,2291,1043,2805,0,41,21,0
10948307558800,97,2048,8192,16384,725,512,8192,8192,96,8192,16384,16384,75,8192,8192,8192,22,0,0,0,0,1024,8192,8192,21,1024,8192,8192,82,2048,8192,8192,19,0,0,0,0,1024,65536,262144,1044,262144,262144,262144,40,16384,32768,32768,40,262144,262144,262144,40,64,128,256,40,128,128,128,40,64,256,4096,81,64,512,1024,108,64,512,4096,6525,64,256,4096,675,0,256,512,63,64,256,4096,180,128,512,1024,666,64,256,512,639,0,128,512,3852,64,256,4096,81,64,2048,2048,18,0,0,0,0,0,0,0,0,0,0,0,0,0,0,0,0,0,0,0,0,0,0,0,0,64,512,512,20,64,128,128,20,8.82,7.29,1.53,0,0,0,0,3,97,3,0,2263,1044,2829,0,40,20,0
10949329318600,97,2048,16384,16384,702,512,8192,8192,97,8192,16384,16384,73,8192,16384,16384,16,0,0,0,0,1024,4096,4096,24,512,4096,8192,73,2048,8192,8192,10,0,0,0,1,64,65536,131072,1007,262144,262144,262144,41,16384,32768,32768,41,262144,262144,262144,41,64,64,128,41,128,128,8192,41,64,512,4096,144,64,512,4096,144,64,512,4096,6318,64,512,4096,657,64,512,512,69,64,256,4096,153,128,512,1024,687,64,256,512,669,0,128,256,3969,64,256,512,99,0,0,0,0,0,0,0,0,0,0,0,0,128,256,256,9,0,0,0,0,0,0,0,0,0,0,0,0,64,128,128,20,64,128,128,20,8.54,7.52,1.02,0,0,0,0,3,89,0,0,2160,997,2678,0,41,20,0
10950349318400,100,2048,8192,16384,737,512,8192,8192,112,8192,16384,32768,89,4096,8192,8192,23,0,0,0,0,1024,8192,8192,16,512,8192,8192,84,2048,4096,4096,14,0,0,0,1,512,65536,131072,1081,262144,262144,262144,41,16384,32768,65536,41,262144,262144,262144,41,64,128,128,41,128,128,256,41,64,512,8192,141,64,512,8192,114,64,512,4096,6633,64,256,4096,801,64,256,512,135,64,256,4096,135,128,512,1024,738,64,256,512,702,0,128,512,4095,64,256,4096,180,64,512,512,18,0,0,0,0,0,0,0,0,64,256,256,9,16384,16384,16384,3,256,1024,1024,3,64,64,64,6,64,128,128,21,64,128,128,21,8.68,7.40,1.28,3,0,0,0,7,112,0,0,2289,1080,2955,0,41,21,0
10951369845100,100,2048,16384,16384,726,512,8192,8192,99,8192,16384,32768,80,8192,16384,16384,17,8192,8192,8192,2,1024,4096,4096,18,512,8192,8192,83,2048,4096,4096,13,0,0,0,0,1024,65536,131072,1048,262144,262144,262144,41,16384,32768,65536,41,262144,262144,262144,41,64,128,256,41,64,128,128,41,64,256,8192,135,64,512,512,135,64,512,4096,6534,64,512,4096,720,64,256,512,96,64,256,4096,108,128,256,1024,690,64,256,512,708,0,256,4096,3798,64,256,512,63,64,256,256,27,64,128,128,18,64,256,256,18,0,0,0,0,0,0,0,0,0,0,0,0,0,0,0,0,64,128,128,20,64,128,128,20,8.30,7.40,0.89,0,2,1,0,4,97,0,0,2252,1041,2785,0,41,20,0
10952388712600,100,2048,16384,16384,732,512,8192,8192,102,8192,16384,16384,77,8192,16384,16384,19,0,0,0,0,1024,8192,8192,22,512,8192,16384,77,2048,8192,8192,16,0,0,0,1,1024,65536,131072,1051,262144,262144,262144,40,16384,32768,32768,40,262144,262144,262144,40,64,64,64,40,128,128,128,40,64,512,4096,129,64,512,4096,129,64,512,4096,6588,64,512,4096,693,64,256,4096,99,64,256,8192,135,128,512,1024,674,64,256,1024,665,0,256,512,4086,64,256,512,135,64,128,128,9,0,0,0,0,0,0,0,0,0,256,256,9,0,0,0,0,0,0,0,0,0,0,0,0,64,128,128,20,64,128,128,20,8.94,7.67,1.28,0,0,0,0,3,96,0,0,2207,1040,2731,0,40,20,0
10953410363000,100,2048,8192,16384,734,512,8192,8192,100,8192,16384,16384,75,8192,16384,16384,24,8192,8192,8192,3,1024,8192,8192,20,1024,8192,8192,81,2048,8192,8192,10,0,0,0,0,128,65536,131072,1057,262144,262144,262144,41,16384,32768,32768,41,262144,262144,262144,41,64,128,256,41,64,128,8192,41,64,4096,8192,84,64,512,1024,84,64,512,4096,6606,64,256,4096,675,64,256,512,81,64,256,1024,180,128,512,1024,657,64,256,1024,675,0,256,512,3879,64,256,256,63,0,256,256,18,64,256,512,27,128,256,512,27,0,0,0,0,0,0,0,0,0,0,0,0,0,0,0,0,64,128,128,21,64,128,256,21,9.44,7.91,1.53,0,3,0,0,3,99,0,0,2293,1052,2838,0,41,21,0
10954431145400,100,2048,8192,16384,752,512,8192,8192,100,8192,16384,16384,82,8192,16384,16384,16,8192,8192,8192,2,1024,4096,8192,23,512,8192,8192,77,2048,16384,16384,9,0,0,0,0,128,65536,131072,1069,262144,262144,262144,41,16384,32768,65536,41,262144,262144,262144,41,64,128,256,41,128,128,128,41,64,512,4096,123,64,512,4096,123,64,512,4096,6768,64,512,4096,738,64,256,512,81,64,256,4096,135,128,256,1024,705,64,256,1024,714,0,128,512,4329,64,256,4096,108,64,256,256,9,64,256,256,18,0,256,256,18,0,0,0,0,0,0,0,0,0,0,0,0,0,0,0,0,128,128,128,20,64,128,128,20,8.29,7.40,0.89,0,2,2,0,5,98,0,0,2308,1065,2842,0,41,20,0
10955449929300,100,2048,16384,16384,736,512,4096,8192,105,8192,16384,32768,85,8192,16384,16384,17,8192,8192,8192,2,512,4096,4096,15,512,8192,8192,86,2048,4096,4096,17,0,0,0,0,128,65536,131072,1073,262144,262144,262144,41,8192,32768,32768,41,262144,262144,262144,41,64,128,256,41,128,128,128,41,0,512,4096,87,64,512,4096,87,64,512,8192,6624,64,512,4096,765,64,256,512,87,64,512,4096,171,128,256,1024,684,64,256,1024,693,0,128,512,4338,64,256,1024,90,64,256,256,9,64,256,256,18,64,4096,4096,18,0,0,0,0,0,0,0,0,0,0,0,0,0,0,0,0,64,128,128,21,64,128,256,21,8.31,7.29,1.02,0,2,7,0,0,102,0,0,2339,1062,2836,0,41,21,0
10956469512100,100,2048,16384,16384,719,512,8192,8192,103,8192,16384,16384,83,8192,16384,16384,26,0,0,0,0,1024,8192,8192,15,512,8192,8192,81,2048,8192,8192,19,0,0,0,0,128,65536,131072,1052,262144,262144,262144,41,16384,32768,32768,41,262144,262144,262144,41,64,128,128,41,128,128,256,41,64,512,4096,138,64,512,1024,138,64,512,4096,6471,64,256,4096,747,64,256,256,117,64,256,4096,162,128,256,1024,603,64,256,512,603,0,128,512,4284,64,256,8192,117,64,256,256,9,0,0,0,0,0,0,0,0,0,0,0,0,0,0,0,0,0,0,0,0,0,0,0,0,128,128,128,20,64,128,128,20,8.55,7.53,1.02,0,0,2,0,2,109,0,0,2336,1048,2957,0,41,20,0
10957489943300,100,2048,16384,16384,725,512,4096,8192,98,8192,16384,16384,80,8192,16384,16384,23,0,0,0,1,1024,4096,8192,25,1024,8192,8192,77,2048,8192,8192,12,0,0,0,1,1024,65536,131072,1047,262144,262144,262144,40,16384,32768,32768,40,262144,262144,262144,40,64,128,128,40,128,8192,8192,40,64,256,2048,147,64,512,512,147,64,512,8192,6525,64,256,4096,720,64,256,256,99,64,256,8192,189,128,256,1024,666,64,128,512,666,0,256,512,4203,64,512,4096,99,0,256,256,54,64,128,128,9,64,256,256,9,0,256,256,9,0,0,0,0,0,0,0,0,0,0,0,0,64,128,128,20,64,128,128,20,8.30,7.27,1.02,0,1,3,0,3,103,0,0,2337,1033,2883,0,40,20,0
10958509634900,97,2048,8192,16384,713,512,8192,16384,97,8192,16384,16384,71,8192,16384,16384,18,0,0,0,0,1024,4096,4096,16,1024,8192,8192,80,2048,4096,4096,14,0,0,0,1,64,65536,131072,1016,262144,262144,262144,41,16384,32768,32768,41,262144,262144,262144,41,64,128,256,41,64,128,256,41,64,256,4096,105,64,512,4096,132,64,512,4096,6417,64,256,4096,639,64,512,8192,99,64,256,4096,144,128,512,1024,726,64,256,512,726,0,128,512,4113,64,256,512,126,0,0,0,0,0,0,0,0,0,0,0,0,64,256,256,9,0,0,0,0,0,0,0,0,0,0,0,0,64,128,128,21,64,128,128,21,9.20,7.67,1.53,0,0,3,0,1,89,3,0,2323,1006,2841,0,41,21,0
10959530271400,97,2048,16384,16384,722,512,4096,8192,97,8192,8192,16384,82,8192,16384,16384,17,0,0,0,0,1024,4096,4096,24,512,8192,8192,84,2048,4096,4096,14,0,0,0,1,1024,65536,131072,1048,262144,262144,262144,41,16384,32768,65536,41,262144,262144,262144,41,64,64,64,41,128,128,128,41,64,512,4096,138,64,1024,4096,138,64,512,4096,6498,64,256,512,738,64,256,256,48,64,512,4096,180,128,256,1024,735,64,256,512,735,0,256,512,4158,64,256,4096,108,0,128,128,9,0,0,0,0,0,0,0,0,0,256,256,9,0,0,0,0,0,0,0,0,0,0,0,0,64,128,128,20,64,128,128,20,8.54,7.40,1.15,0,0,3,0,1,99,0,0,2249,1041,2777,0,41,20,0
10960550645500,100,2048,8192,16384,712,512,4096,8192,98,8192,16384,32768,84,8192,16384,16384,21,0,0,0,0,1024,8192,8192,20,512,8192,8192,75,2048,8192,8192,8,0,0,0,0,128,65536,65536,1026,262144,262144,262144,41,16384,32768,32768,41,262144,262144,262144,41,64,64,128,41,128,128,128,41,64,512,4096,126,64,512,4096,99,64,512,4096,6408,64,256,4096,756,64,256,256,102,64,512,4096,162,128,512,1024,696,64,256,512,678,0,256,4096,3717,64,256,256,126,0,0,0,0,0,0,0,0,0,0,0,0,0,0,0,0,8192,16384,16384,3,512,1024,1024,3,64,64,64,6,64,128,128,21,128,128,128,21,8.30,7.40,0.89,3,0,6,0,3,105,0,0,2302,1025,2920,0,41,21,0
10961574612100,100,2048,16384,16384,745,512,4096,4096,102,8192,16384,16384,87,8192,16384,16384,20,0,0,0,1,1024,4096,4096,20,1024,8192,8192,80,2048,8192,8192,16,0,0,0,0,1024,65536,131072,1078,262144,262144,262144,41,16384,32768,32768,41,262144,262144,262144,41,64,256,256,41,64,128,2048,41,64,256,512,138,64,512,4096,138,64,512,4096,6705,64,512,4096,783,64,256,2048,99,64,256,4096,144,128,512,1024,684,64,256,512,675,0,128,512,4104,64,256,512,108,64,128,128,9,128,256,256,9,64,256,256,9,0,0,0,0,0,0,0,0,0,0,0,0,0,0,0,0,128,128,128,20,64,128,128,20,8.29,7.27,1.02,0,1,4,0,1,107,0,0,2406,1074,2946,0,41,20,0
10962591093400,100,2048,16384,16384,726,512,4096,8192,103,4096,16384,16384,78,8192,16384,16384,24,0,0,0,1,512,1024,1024,16,512,8192,8192,87,4096,8192,8192,18,0,0,0,0,512,131072,262144,1057,262144,262144,262144,41,16384,32768,32768,41,262144,262144,262144,41,64,128,256,41,128,128,8192,41,0,256,512,120,0,512,512,120,64,512,4096,6534,64,256,4096,702,64,256,2048,87,64,256,512,189,128,256,1024,716,64,256,512,725,0,128,512,4212,64,256,4096,90,64,128,128,9,0,64,64,9,0,128,128,9,0,0,0,0,0,0,0,0,0,0,0,0,0,0,0,0,64,128,128,21,64,128,128,21,8.81,7.41,1.41,0,1,4,0,2,102,0,0,2363,1051,2901,0,41,21,0
10963611198200,100,2048,8192,16384,732,512,8192,8192,100,8192,16384,16384,79,8192,16384,16384,20,0,0,0,1,1024,8192,8192,27,512,8192,16384,78,2048,2048,2048,8,0,0,0,0,256,65536,262144,1048,262144,262144,262144,40,16384,32768,32768,40,262144,262144,262144,40,64,128,128,40,64,128,128,40,0,256,4096,93,64,512,8192,93,64,512,4096,6588,64,512,4096,711,64,512,512,126,64,512,4096,90,128,512,1024,738,64,256,512,711,0,128,512,3960,64,256,512,81,64,256,256,18,0,512,512,9,0,128,128,9,0,0,0,0,0,0,0,0,0,0,0,0,0,0,0,0,64,128,128,20,64,128,128,20,8.81,7.53,1.28,0,1,2,0,2,99,0,0,2309,1042,2848,0,40,20,0
10964632432300,100,2048,16384,16384,744,512,4096,8192,100,8192,16384,16384,81,8192,16384,16384,25,0,0,0,1,1024,4096,4096,19,512,8192,8192,81,2048,8192,8192,19,0,0,0,0,128,65536,131072,1079,262144,262144,262144,41,16384,32768,32768,41,262144,262144,262144,41,64,128,256,41,128,128,128,41,64,512,4096,162,64,512,4096,162,64,512,4096,6696,64,512,4096,729,64,512,8192,99,64,256,4096,180,128,256,1024,726,64,256,512,708,0,128,512,4302,64,512,8192,99,0,64,64,9,0,512,512,9,64,128,128,9,0,0,0,0,0,0,0,0,0,0,0,0,0,0,0,0,64,128,128,20,64,256,256,20,8.29,7.52,0.77,0,1,3,0,3,106,0,0,2318,1073,2902,0,41,20,0
10965652313200,100,2048,16384,16384,733,512,8192,8192,104,8192,16384,16384,78,8192,16384,16384,18,0,0,0,1,1024,8192,8192,26,1024,8192,16384,82,2048,8192,8192,11,0,0,0,0,4096,65536,65536,1062,262144,262144,262144,41,16384,32768,32768,41,262144,262144,262144,41,64,128,256,41,64,128,128,41,64,512,8192,148,64,512,4096,148,64,512,4096,6597,64,256,4096,702,64,256,256,78,64,256,4096,153,64,512,1024,663,64,256,512,663,0,128,256,4347,64,256,512,117,0,256,256,27,0,128,128,9,0,128,128,9,0,0,0,0,0,0,0,0,0,0,0,0,0,0,0,0,64,128,128,21,64,128,128,21,8.30,7.27,1.02,0,1,4,0,4,96,0,0,2329,1054,2830,0,41,21,0
10966672839000,0,2048,16384,16384,521,512,8192,8192,63,8192,16384,16384,59,8192,16384,16384,16,0,0,0,0,1024,1024,1024,9,512,8192,8192,62,4096,8192,8192,11,0,0,0,1,2048,65536,262144,745,262144,262144,262144,41,8192,32768,32768,41,262144,262144,262144,41,64,128,128,41,64,128,256,41,64,512,512,108,0,512,1024,1008,64,512,8192,4689,64,512,4096,531,64,512,4096,81,64,512,1024,108,64,256,1024,714,64,256,512,723,0,128,512,3519,64,256,512,117,64,128,128,48,0,0,0,0,0,0,0,0,0,512,512,9,0,0,0,0,0,0,0,0,0,0,0,0,64,128,128,20,128,256,256,20,9.83,8.04,1.79,0,0,3,0,0,75,100,0,1773,841,3628,0,41,20,0
10967694230900,0,0,0,0,0,0,0,0,0,0,0,0,0,0,0,0,0,0,0,0,0,0,0,0,0,0,0,0,0,0,0,0,0,0,0,0,0,0,0,0,0,262144,262144,262144,41,256,256,256,41,262144,262144,262144,41,64,64,64,41,128,256,256,41,0,0,0,0,0,0,0,0,0,0,0,0,0,0,0,0,0,0,0,0,0,0,0,0,64,256,512,712,64,64,512,703,0,64,64,3249,0,64,64,144,0,64,64,150,0,0,0,0,0,0,0,0,0,0,0,0,0,0,0,0,0,0,0,0,0,0,0,0,64,128,128,21,128,256,256,21,8.29,7.52,0.77,0,0,0,0,0,0,0,0,0,0,0,0,41,21,0
10968714525700,0,0,0,0,0,0,0,0,0,0,0,0,0,0,0,0,0,0,0,0,0,0,0,0,0,0,0,0,0,0,0,0,0,0,0,0,0,0,0,0,0,262144,262144,262144,40,256,256,256,40,262144,262144,262144,40,64,64,64,40,128,256,256,40,0,0,0,0,0,0,0,0,0,0,0,0,0,0,0,0,0,0,0,0,0,0,0,0,64,256,512,669,64,128,512,669,0,64,64,2907,0,0,0,0,0,64,64,111,0,0,0,0,0,0,0,0,0,0,0,0,0,0,0,0,0,0,0,0,0,0,0,0,128,128,128,20,128,256,256,20,8.30,7.53,0.77,0,0,0,0,0,0,0,0,0,0,0,0,40,20,0
10969734004600,0,0,0,0,0,0,0,0,0,0,0,0,0,0,0,0,0,0,0,0,0,0,0,0,0,0,0,0,0,0,0,0,0,0,0,0,0,0,0,0,0,262144,262144,262144,41,256,256,256,41,262144,262144,262144,41,64,64,64,41,128,128,128,41,0,0,0,0,0,0,0,0,0,0,0,0,0,0,0,0,0,0,0,0,0,0,0,0,128,256,256,621,64,128,256,621,0,64,64,3141,0,0,0,0,0,64,64,207,0,0,0,0,0,0,0,0,0,0,0,0,0,0,0,0,0,0,0,0,0,0,0,0,128,128,128,20,64,512,512,20,8.56,7.54,1.02,0,0,0,0,0,0,0,0,0,0,0,0,41,20,0
10970754202200,0,0,0,0,0,0,0,0,0,0,0,0,0,0,0,0,0,0,0,0,0,0,0,0,0,0,0,0,0,0,0,0,0,0,0,0,0,0,0,0,0,262144,262144,262144,41,256,256,512,41,262144,262144,262144,41,64,64,128,41,128,128,512,41,0,0,0,0,0,0,0,0,0,0,0,0,0,0,0,0,0,0,0,0,0,0,0,0,128,256,512,659,64,128,256,659,0,64,64,3735,0,0,0,0,0,64,64,171,0,0,0,0,0,0,0,0,0,0,0,0,0,0,0,0,0,0,0,0,0,0,0,0,128,128,128,21,128,256,512,21,8.42,7.40,1.02,0,0,0,0,0,0,0,0,0,0,0,0,41,21,0
